timestamp,open,high,low,close,volume
2021-08-05T00:00:00Z,39725.3,39841.8,38713,38869.5,2249.02532277
2021-08-05T08:00:00Z,38869.5,39382.2,37304.2,38760.1,4693.07731171
2021-08-05T16:00:00Z,38758.3,41350,38739.7,40864.4,4000.38557537
2021-08-06T00:00:00Z,40864.5,41186.7,39856.1,40730.3,2716.54737606
2021-08-06T08:00:00Z,40730.3,42440,40302.4,42222.3,2566.85084586
2021-08-06T16:00:00Z,42203.2,43376.7,42203.2,42839.6,3321.6060822
2021-08-07T00:00:00Z,42839.5,43944.4,42579.6,43214.1,2282.5743214
2021-08-07T08:00:00Z,43214.1,44567.6,43074.1,43377.9,3044.44490559
2021-08-07T16:00:00Z,43377.9,44707.3,42411,44574.4,3062.69533677
2021-08-08T00:00:00Z,44574.9,45317.9,43797.8,44815.7,2842.15979595
2021-08-08T08:00:00Z,44810.2,45187.1,43735.8,43971.8,2929.8348612
2021-08-08T16:00:00Z,43982.8,44580.7,43265.5,43792.8,2573.60584914
2021-08-09T00:00:00Z,43792.5,43959.9,42780,43800.7,1816.5615635
2021-08-09T08:00:00Z,43800.4,46303.3,43607.4,45874.4,3145.84414377
2021-08-09T16:00:00Z,45874.3,46457,44868.9,46269,2882.70740792
2021-08-10T00:00:00Z,46263.7,46707.6,45284.6,45944.4,1739.95911814
2021-08-10T08:00:00Z,45944.4,46161,44864,45168.1,2646.71932643
2021-08-10T16:00:00Z,45168,45928.6,44632,45581.3,2216.49141571
2021-08-11T00:00:00Z,45581.5,46424.1,45337.8,46342.6,2314.87884905
2021-08-11T08:00:00Z,46342.6,46740,45799.9,46443.8,2557.4314275
2021-08-11T16:00:00Z,46443.8,46671.3,45520.8,45520.8,2739.04957291
2021-08-12T00:00:00Z,45520.4,46209,44818.1,45248,2935.84377991
2021-08-12T08:00:00Z,45248.1,45651.1,43906.2,44188.6,3460.23277884
2021-08-12T16:00:00Z,44188.6,44554.9,43750,44415.2,2625.88793033
2021-08-13T00:00:00Z,44411.3,46351.9,44222.3,46100.9,2737.26985329
2021-08-13T08:00:00Z,46100.9,46673,45972.3,46364.4,2632.06722468
2021-08-13T16:00:00Z,46363.6,47891,46226.4,47807.7,2808.68827176
2021-08-14T00:00:00Z,47807.7,47838.8,47381.3,47618.4,1589.70527642
2021-08-14T08:00:00Z,47617.9,48151.3,45969.2,46943.1,2941.59855142
2021-08-14T16:00:00Z,46943.1,47361.1,46332.9,47071.4,1970.62095874
2021-08-15T00:00:00Z,47071.4,47377.6,45600,45736.1,2533.62081438
2021-08-15T08:00:00Z,45735.2,46501,45486.7,46171.8,2468.57485786
2021-08-15T16:00:00Z,46171.8,47300,45650,46980.4,2536.77088442
2021-08-16T00:00:00Z,46980.5,48045,46735.5,47300.5,2779.51403744
2021-08-16T08:00:00Z,47300.5,47719,45944.6,46353.1,2808.19696401
2021-08-16T16:00:00Z,46353.1,46663.7,45627.7,45887,2564.62872047
2021-08-17T00:00:00Z,45887,46621.1,45206.2,45938.3,2712.23792368
2021-08-17T08:00:00Z,45938.4,47172.9,45652.1,45715.4,3474.20232885
2021-08-17T16:00:00Z,45717,46200,44390.7,44684.3,3967.18733131
2021-08-18T00:00:00Z,44684.4,45505.6,44206.8,44955.4,3332.07900234
2021-08-18T08:00:00Z,44955,45834.5,44626.1,45823.1,3211.3709328
2021-08-18T16:00:00Z,45823.1,46015.3,44408,44708.3,2841.58653386
2021-08-19T00:00:00Z,44708.3,45227,43925.6,44653,1987.65456962
2021-08-19T08:00:00Z,44651.3,45850,44132.5,45780.8,2195.92536209
2021-08-19T16:00:00Z,45780.9,47049.2,45392.4,46765.7,3070.23605066
2021-08-20T00:00:00Z,46765.6,47423.7,46632.5,46834.2,2210.71375721
2021-08-20T08:00:00Z,46834.1,48732,46722.5,48727.8,2870.1097731
2021-08-20T16:00:00Z,48727.8,49400.4,48280.7,49319.4,2835.01153379
2021-08-21T00:00:00Z,49319.9,49365.4,48553.6,48948.3,1964.86936354
2021-08-21T08:00:00Z,48948.4,49420.2,48195.9,49182.5,2387.10714818
2021-08-21T16:00:00Z,49182.5,49776.4,48768.4,48821.3,2284.00975178
2021-08-22T00:00:00Z,48821.3,49269.9,48600.3,49196.9,1442.41875623
2021-08-22T08:00:00Z,49197,49450,48034,48525.3,2065.45069175
2021-08-22T16:00:00Z,48525.3,49490,48180,49237.4,2197.33165665
2021-08-23T00:00:00Z,49232.9,50431.6,49067.1,50127.6,2640.56585037
2021-08-23T08:00:00Z,50129,50531.2,49322,49538.7,2387.54305706
2021-08-23T16:00:00Z,49538.8,49794.5,49002.8,49478.2,2050.56091934
2021-08-24T00:00:00Z,49481.7,49897.1,48732.6,49773,1799.10032694
2021-08-24T08:00:00Z,49773.5,49847,48205.1,48305.3,1895.04077002
2021-08-24T16:00:00Z,48305.3,48410.7,47567,47662.5,2074.92299402
2021-08-25T00:00:00Z,47662.5,48598,47643.6,48137.1,1262.52578206
2021-08-25T08:00:00Z,48137.1,48860,47130,48818.6,2173.13987985
2021-08-25T16:00:00Z,48818.7,49250,48513.3,48983.2,1519.88395673
2021-08-26T00:00:00Z,48983.3,49342.3,46550,46891.8,2290.07483985
2021-08-26T08:00:00Z,46891.9,47431.3,46275,46802.9,1910.6982308
2021-08-26T16:00:00Z,46802.9,47429.1,46491.1,46829.5,1221.31678796
2021-08-27T00:00:00Z,46829.4,47665.8,46344.1,47477.7,1484.91325379
2021-08-27T08:00:00Z,47477.7,48441.2,46987.5,48180.4,1798.78855517
2021-08-27T16:00:00Z,48182,49164,47965.8,49054.1,1224.97153868
2021-08-28T00:00:00Z,49053.7,49286,48614.4,48955.9,1161.18150813
2021-08-28T08:00:00Z,48955.9,49066.9,48350,48809.5,1017.03192582
2021-08-28T16:00:00Z,48809.6,49173.9,48482.7,48890,1076.12637014
2021-08-29T00:00:00Z,48892,49634.8,47750,48483.9,1664.8597134
2021-08-29T08:00:00Z,48484,48656.6,48102.1,48473.6,771.334411
2021-08-29T16:00:00Z,48474.8,49389.6,48332.2,48763.2,1227.39990185
2021-08-30T00:00:00Z,48763.2,48869.4,47558.3,47944.8,1640.12881758
2021-08-30T08:00:00Z,47944.8,48203.9,47374,48022,1559.52458349
2021-08-30T16:00:00Z,48021.9,48700,46833.1,46981,1964.4545175
2021-08-31T00:00:00Z,46981,47890,46688.9,47766.7,1509.77516505
2021-08-31T08:00:00Z,47768,48248.9,47138.8,47402.8,1652.72078031
2021-08-31T16:00:00Z,47402.9,47568.8,46746,47095.5,1294.30875226
2021-09-01T00:00:00Z,47095.5,47476.2,46503.8,47178.5,1288.8818444
2021-09-01T08:00:00Z,47174.9,47836,47109.5,47492,1215.82529472
2021-09-01T16:00:00Z,47492.1,49125,47395.6,48815.3,2188.342788
2021-09-02T00:00:00Z,48815.3,50348.4,48595,49847.9,1954.07171802
2021-09-02T08:00:00Z,49843.2,50380.8,49280,49539.8,1873.43382873
2021-09-02T16:00:00Z,49539.8,49854.3,49183,49248.9,1247.19622335
2021-09-03T00:00:00Z,49248.8,49737.2,48322.5,49300,1713.90140598
2021-09-03T08:00:00Z,49300,51027,49255.4,50553,2533.8137322
2021-09-03T16:00:00Z,50552.7,50726.8,49574,50011,1441.66963771
2021-09-04T00:00:00Z,50010.9,50457,49582.2,50183.4,1095.28727192
2021-09-04T08:00:00Z,50183.4,50548.5,49700,49876.2,1088.66141059
2021-09-04T16:00:00Z,49876.2,50269.8,49368,49902.6,1106.95148101
2021-09-05T00:00:00Z,49902.8,50293.2,49460.9,49859.2,910.75665999
2021-09-05T08:00:00Z,49859.3,50476,49810.7,50215,1043.22102817
2021-09-05T16:00:00Z,50214.4,51885.2,50112.2,51768,1955.53040273
2021-09-06T00:00:00Z,51768,51994,51460.2,51793.3,1029.79805838
2021-09-06T08:00:00Z,51793.3,52234,50969.3,51608.7,1858.55054963
2021-09-06T16:00:00Z,51608.7,52827.3,51477,52667.2,1707.12447346
2021-09-07T00:00:00Z,52667.2,52920,52011.8,52338.9,1753.3908485
2021-09-07T08:00:00Z,52339.3,52357.4,42478.9,46409.2,6475.30148578
2021-09-07T16:00:00Z,46396.4,47547.3,45914,46861.7,4313.47554999
2021-09-08T00:00:00Z,46864,47338.5,45001,45066.6,2740.45632523
2021-09-08T08:00:00Z,45071.2,46819.6,44408,46085,2705.45766073
2021-09-08T16:00:00Z,46085,46784.8,45802.9,46048.1,1831.61331022
2021-09-09T00:00:00Z,46047.6,46371,45488.6,46277.6,1653.65035994
2021-09-09T08:00:00Z,46277.5,47242.8,45605,46990.3,2402.49506322
2021-09-09T16:00:00Z,46992.8,47392,46066.3,46393.1,1717.19732447
2021-09-10T00:00:00Z,46393,47032,45865.4,46163.5,1475.63424773
2021-09-10T08:00:00Z,46163.5,46488,44751,45418.6,2594.09426957
2021-09-10T16:00:00Z,45418.5,45821.4,44119.1,44850.3,2168.41898365
2021-09-11T00:00:00Z,44850.4,45494,44728,45044.5,1441.51998721
2021-09-11T08:00:00Z,45048,45777,44843.1,45574,1328.09484948
2021-09-11T16:00:00Z,45574.6,45984,44978.8,45170.5,1307.39930252
2021-09-12T00:00:00Z,45170.5,45489,44738.1,45358.7,998.57561867
2021-09-12T08:00:00Z,45358.7,46253,45308.3,45899.4,1222.52283874
2021-09-12T16:00:00Z,45892.8,46443,44888,46025.5,1909.79473128
2021-09-13T00:00:00Z,46025.5,46289.3,44162.8,44468.1,2203.11516104
2021-09-13T08:00:00Z,44467.4,46852.2,43375,44357.8,3873.83262713
2021-09-13T16:00:00Z,44357.8,45514.9,44172.2,44938.3,1272.38289385
2021-09-14T00:00:00Z,44938.3,45876.7,44645,45712.7,1212.79496861
2021-09-14T08:00:00Z,45718.9,46937.6,45674,46747.2,1978.53008374
2021-09-14T16:00:00Z,46748.5,47245.4,46330.4,47108.8,1621.30351559
2021-09-15T00:00:00Z,47108.1,47456,46693,47176.8,1299.06112874
2021-09-15T08:00:00Z,47171.2,48284,47008.4,48283.9,1902.02593637
2021-09-15T16:00:00Z,48284,48444.2,47850.5,48124.3,1380.89389512
2021-09-16T00:00:00Z,48124.3,48520,47325.7,48346.2,1519.84371347
2021-09-16T08:00:00Z,48346.1,48357.9,47211.9,48026.2,1594.86302512
2021-09-16T16:00:00Z,48023.6,48165,47012.4,47738.6,1398.60587389
2021-09-17T00:00:00Z,47738.6,48139.1,47454.1,47718,1040.77288199
2021-09-17T08:00:00Z,47718,47986.4,47150,47528,1486.25150499
2021-09-17T16:00:00Z,47528,47730,46750.6,47300.3,1777.2089177
2021-09-18T00:00:00Z,47300.3,48788.2,47030,48623.4,1319.58276196
2021-09-18T08:00:00Z,48623.4,48800,48252.5,48419.9,1074.45335378
2021-09-18T16:00:00Z,48419.9,48520,47801,48294,1173.6549535
2021-09-19T00:00:00Z,48294,48366.5,47583.2,48154.6,991.36039569
2021-09-19T08:00:00Z,48154.6,48330,47066.7,47650,1347.35049
2021-09-19T16:00:00Z,47650,47787.1,46816.2,47242.5,1596.06926989
2021-09-20T00:00:00Z,47242.4,47353.6,44431.6,44826.2,3382.36224419
2021-09-20T08:00:00Z,44826.2,45293,42470.5,43838.7,4742.05705273
2021-09-20T16:00:00Z,43838.7,44250,42565,43018.6,2708.08277212
2021-09-21T00:00:00Z,43010.4,43344,40159.6,43300,3092.85096451
2021-09-21T08:00:00Z,43303.5,43648,42174,43080,2000.9897001
2021-09-21T16:00:00Z,43079,43268,39571,40730.4,4941.06855385
2021-09-22T00:00:00Z,40730.3,42736.3,40568,42540.2,2250.93477726
2021-09-22T08:00:00Z,42540.3,43289.5,41848.1,43221,1622.37919008
2021-09-22T16:00:00Z,43221.1,44000,42873.7,43556.4,2455.30163588
2021-09-23T00:00:00Z,43550.7,44414.9,43064.1,44231.4,1846.86246264
2021-09-23T08:00:00Z,44231.4,44298,43366.1,43755.4,1527.61639206
2021-09-23T16:00:00Z,43755.3,44978.2,43600,44865.7,1997.25537154
2021-09-24T00:00:00Z,44865.6,45144.1,43888,44822.1,1827.64194622
2021-09-24T08:00:00Z,44822.1,45072,40683,41944.7,6007.51157888
2021-09-24T16:00:00Z,41944.7,43221.2,41740.1,42803.9,1786.61730233
2021-09-25T00:00:00Z,42803.8,42944.8,42016.8,42370.1,1295.44580106
2021-09-25T08:00:00Z,42370,42969.9,41631.2,42675.6,1943.20614563
2021-09-25T16:00:00Z,42671.3,42800.5,42352,42676.6,1116.48647318
2021-09-26T00:00:00Z,42676.5,42732.3,40751,41229.1,1805.1197777
2021-09-26T08:00:00Z,41229,43735,41044.1,43337.4,2263.42332215
2021-09-26T16:00:00Z,43337.5,43930,42630.7,43170.6,1269.34773784
2021-09-27T00:00:00Z,43170.6,44357.1,42945.7,43678,1699.77407436
2021-09-27T08:00:00Z,43680.8,44117,43035.8,43286.6,1648.96364367
2021-09-27T16:00:00Z,43286.6,43403,42090.6,42137,1315.45200377
2021-09-28T00:00:00Z,42137.1,42762.2,41661.2,41765.2,1361.10200575
2021-09-28T08:00:00Z,41774.8,42587.4,41276.1,41450.9,1868.58048767
2021-09-28T16:00:00Z,41451.4,42020.6,40875,41018.9,1700.66828646
2021-09-29T00:00:00Z,41018.9,42495.5,40752.1,42453.8,1564.12087629
2021-09-29T08:00:00Z,42453.9,42593,41622,41699,1328.57047374
2021-09-29T16:00:00Z,41699,41831,40909.7,41536.9,1537.63061556
2021-09-30T00:00:00Z,41529.8,43832.2,41413,43284.7,1949.30608067
2021-09-30T08:00:00Z,43284.7,43770.8,42714.1,43147.1,1774.01019807
2021-09-30T16:00:00Z,43147.1,44123,42850,43817.2,1800.41213571
2021-10-01T00:00:00Z,43819.1,44807.9,43293.6,44787.4,1499.96615182
2021-10-01T08:00:00Z,44787.3,47878.3,44714.7,47357.9,3930.30660233
2021-10-01T16:00:00Z,47358,48466.6,47245.6,48144.5,2372.78295703
2021-10-02T00:00:00Z,48148.8,48235.2,47436.1,47725.3,1371.28660268
2021-10-02T08:00:00Z,47725.3,48333,47483.7,47831.1,1436.29005075
2021-10-02T16:00:00Z,47831.1,48292.1,47534.4,47631.6,1603.18595267
2021-10-03T00:00:00Z,47631.6,48099.6,47099.9,47900.3,1557.19227282
2021-10-03T08:00:00Z,47900.3,48154.3,47621,47879.5,1692.85875895
2021-10-03T16:00:00Z,47879.6,49219.4,47618.4,48204.2,3152.35146724
2021-10-04T00:00:00Z,48204.2,48277,47246.3,47843.1,2359.61907212
2021-10-04T08:00:00Z,47839.8,48500,46909,47758,3397.2821412
2021-10-04T16:00:00Z,47758,49500,47694.5,49223.7,4790.69082897
2021-10-05T00:00:00Z,49223.7,49825,49034.7,49481.9,2640.58636333
2021-10-05T08:00:00Z,49481.9,50382.3,49395.4,49788.2,2735.21357206
2021-10-05T16:00:00Z,49788.2,51887,49651.2,51462.3,3259.72582846
2021-10-06T00:00:00Z,51462.3,51841.2,50919,51457.8,2557.41605369
2021-10-06T08:00:00Z,51457.8,55532.8,50386.1,55007.6,5936.41052846
2021-10-06T16:00:00Z,54987.3,55770.5,54472,55314.7,2992.60233192
2021-10-07T00:00:00Z,55314.7,55329.4,54119,54768.7,3455.1318042
2021-10-07T08:00:00Z,54768.7,54783,53376.8,53912.4,4513.23161077
2021-10-07T16:00:00Z,53911.2,54649.7,53412,53778.6,2784.00963743
2021-10-08T00:00:00Z,53778.6,54980.3,53613,54826.2,2489.11834628
2021-10-08T08:00:00Z,54826.2,56138.6,54000.6,54326.1,3308.87110946
2021-10-08T16:00:00Z,54326.1,54768.8,53768.1,53949.7,1853.66136772
2021-10-09T00:00:00Z,53949.7,55117.7,53650,54914.7,1705.40876922
2021-10-09T08:00:00Z,54914.7,55500,54491.1,54974,2080.65389315
2021-10-09T16:00:00Z,54974,55171,54319.6,54947.7,1764.49361631
2021-10-10T00:00:00Z,54948.5,56072.2,54095,55666.1,2212.23071701
2021-10-10T08:00:00Z,55666,55912.8,54623.4,55368.5,1940.88311228
2021-10-10T16:00:00Z,55368.5,56505.5,54350.1,54663.6,3377.66235046
2021-10-11T00:00:00Z,54663.6,57046.1,54414.4,56793.4,3001.04080182
2021-10-11T08:00:00Z,56793.5,57650,55863,57485.2,2945.32378099
2021-10-11T16:00:00Z,57485.2,57840,56785.5,57471.9,2563.13220225
2021-10-12T00:00:00Z,57471.9,57670,56392,57335.1,2427.07325686
2021-10-12T08:00:00Z,57335.1,57606.1,55999.1,56300.6,3252.22092295
2021-10-12T16:00:00Z,56300.7,56544.2,53889,56004.5,3698.15451983
2021-10-13T00:00:00Z,56001.1,56607.6,54569.3,54621.6,2340.09261918
2021-10-13T08:00:00Z,54621.7,56433.7,54222.5,56157.6,2800.26145245
2021-10-13T16:00:00Z,56160.4,57764.4,56081.1,57367.2,3250.53243514
2021-10-14T00:00:00Z,57367.2,58529.9,57135.8,57366.4,2729.12134367
2021-10-14T08:00:00Z,57366.3,58150.3,56947,57333.1,3015.28450764
2021-10-14T16:00:00Z,57333.2,58086.1,56795,57344.9,2427.5934359
2021-10-15T00:00:00Z,57344.8,59999,56861.8,59228.8,4617.2824964
2021-10-15T08:00:00Z,59236.2,60379.6,58736.7,60042.5,3723.88134179
2021-10-15T16:00:00Z,60042.4,62947.4,59999.5,61673.9,5961.93725106
2021-10-16T00:00:00Z,61673.4,62358,61101.4,61738.5,1975.32131713
2021-10-16T08:00:00Z,61738.6,62052.1,60452.5,60938.8,2598.39276648
2021-10-16T16:00:00Z,60938.9,61299.9,60154.4,60878.4,2000.31915457
2021-10-17T00:00:00Z,60878.5,61413.1,60320,60337.5,1458.38781151
2021-10-17T08:00:00Z,60337.5,61473.9,60323.5,60760.4,1535.90610683
2021-10-17T16:00:00Z,60760.4,61701,58977,61526.2,3365.89201726
2021-10-18T00:00:00Z,61526.2,62694,61389.1,61890.8,2368.3876091
2021-10-18T08:00:00Z,61890.8,62460,59868.3,62003.9,4706.62874504
2021-10-18T16:00:00Z,62003.9,62375.9,61034.5,62027.8,3047.63893765
2021-10-19T00:00:00Z,62027.7,62998.6,61665.2,62291.4,2884.19533784
2021-10-19T08:00:00Z,62291.3,63289,61324.6,62389.6,4178.89801465
2021-10-19T16:00:00Z,62389.7,64472.4,62323,64285.4,4114.17981253
2021-10-20T00:00:00Z,64285.4,64367,63500,64002.5,1779.90171853
2021-10-20T08:00:00Z,64002.5,66985.9,63709.1,66864.4,5256.35092932
2021-10-20T16:00:00Z,66864.4,66934.9,65440.9,66007.2,2829.95770233
2021-10-21T00:00:00Z,66007.2,66030.9,64101,65088.8,3617.79495367
2021-10-21T08:00:00Z,65088.8,66663.4,62015.3,62992.8,5864.04293126
2021-10-21T16:00:00Z,62986.8,63644,62033,62210.1,3964.8044438
2021-10-22T00:00:00Z,62210,63404,62128.2,63372.2,2606.8543238
2021-10-22T08:00:00Z,63373.9,63734.9,60500,60696.1,2868.83088041
2021-10-22T16:00:00Z,60696,61396.9,60011,60699,2445.02298059
2021-10-23T00:00:00Z,60698.6,61557.3,60363,60885.6,1421.87620905
2021-10-23T08:00:00Z,60885.7,61748,59611,61453.2,2541.62966167
2021-10-23T16:00:00Z,61458,61623.1,60825.2,61296.2,1763.23448718
2021-10-24T00:00:00Z,61296.2,61487.6,60571.9,60691.3,1285.39285529
2021-10-24T08:00:00Z,60691.2,61277.6,59613.5,59858.5,2680.60365988
2021-10-24T16:00:00Z,59858.5,61350.7,59517.2,60854,2381.26552161
2021-10-25T00:00:00Z,60853.9,62916,60658.1,62650.7,2252.19061761
2021-10-25T08:00:00Z,62650.7,63629,62491.8,63587.9,2463.4879368
2021-10-25T16:00:00Z,63587.9,63710.7,62527.1,63082.8,2140.22414488
2021-10-26T00:00:00Z,63082.9,63287.1,62190.2,62430.5,1525.59037194
2021-10-26T08:00:00Z,62431.7,63088.3,61810.1,62527.1,2280.57766655
2021-10-26T16:00:00Z,62527,62732.6,59850,60329.6,3277.04882049
2021-10-27T00:00:00Z,60330.2,61488.2,59913.4,59942.2,2634.76178337
2021-10-27T08:00:00Z,59940.4,59945.3,57963,58819.3,5080.61469032
2021-10-27T16:00:00Z,58819.3,59583.8,58134.3,58408.2,3236.38568897
2021-10-28T00:00:00Z,58408.2,59204,58073.5,58995.8,2958.13146109
2021-10-28T08:00:00Z,58995.9,61800,58995.8,61138.3,3605.06759873
2021-10-28T16:00:00Z,61138.3,62509,57820,60590.7,4934.31256268
2021-10-29T00:00:00Z,60590.7,62111,60193,60544.8,2706.68036713
2021-10-29T08:00:00Z,60547.4,62549,60415.1,62299.7,2959.30720455
2021-10-29T16:00:00Z,62299.7,62961.9,61900.3,62253.3,2020.98183101
2021-10-30T00:00:00Z,62253.2,62368,61272,61584.2,1282.30615201
2021-10-30T08:00:00Z,61584.3,62252.7,60644,61373.7,1940.11809844
2021-10-30T16:00:00Z,61373.7,61954,61091.4,61855.9,1621.31576348
2021-10-31T00:00:00Z,61855.9,62397,61077.3,61353.7,1923.42866187
2021-10-31T08:00:00Z,61353.8,61363,59964,60468.9,2988.67570346
2021-10-31T16:00:00Z,60469,61603,60200,61293.6,1778.42809512
2021-11-01T00:00:00Z,61293.9,62317.8,59381.2,62166.6,3005.69602112
2021-11-01T08:00:00Z,62166.5,62440.6,61300,61547,2771.32719018
2021-11-01T16:00:00Z,61547,61556.3,60332.8,60897.5,2217.8532122
2021-11-02T00:00:00Z,60898,61821,60635,61514.6,1974.42272091
2021-11-02T08:00:00Z,61519.5,64281.4,61354.1,64013.3,3614.32350013
2021-11-02T16:00:00Z,64013.4,64253.9,62588.1,63221.9,2315.67540965
2021-11-03T00:00:00Z,63221.9,63506.8,62744.1,63399.8,1852.67263541
2021-11-03T08:00:00Z,63399.9,63400,61583.9,62188.7,2492.70567625
2021-11-03T16:00:00Z,62189.6,63318,60400,62894,2843.69461374
2021-11-04T00:00:00Z,62893.9,63086.9,61850,61859.2,1606.54036215
2021-11-04T08:00:00Z,61872.3,62374.7,60756.6,61045.9,2580.7120465
2021-11-04T16:00:00Z,61045.9,61522,60700,61401.9,2077.70053133
2021-11-05T00:00:00Z,61401.9,62604,60823,62137.8,1685.06488561
2021-11-05T08:00:00Z,62137.8,62220.8,60740.5,60772.3,2028.58510244
2021-11-05T16:00:00Z,60772.4,61400,60730,60947.9,1445.06455225
2021-11-06T00:00:00Z,60947.7,61555,60515,60789,1263.66332443
2021-11-06T08:00:00Z,60789,61342,60050,60658.3,1742.768359
2021-11-06T16:00:00Z,60658.3,61479,60417.5,61467.1,1273.27883394
2021-11-07T00:00:00Z,61467.1,62322.7,61326.7,61765.5,1504.00360638
2021-11-07T08:00:00Z,61765.6,62363.6,61481.1,61933.8,1393.61922812
2021-11-07T16:00:00Z,61933.9,63277.2,61933.7,63264.8,1950.78178887
2021-11-08T00:00:00Z,63267.9,66359,63267.9,65924.4,4052.52855148
2021-11-08T08:00:00Z,65924.2,66500,65181,66387,2314.3972147
2021-11-08T16:00:00Z,66387,67795.7,65581.5,67509.5,2521.43670154
2021-11-09T00:00:00Z,67509.4,68500.1,67045.7,67856.5,2550.82984215
2021-11-09T08:00:00Z,67856.5,68218,66619,66760.7,2020.16112416
2021-11-09T16:00:00Z,66760.8,67795,66171.6,66941.7,2013.73127375
2021-11-10T00:00:00Z,66943,67410.9,66256.1,66426,1633.38925967
2021-11-10T08:00:00Z,66426,69028,65905.5,68339.8,2483.62395229
2021-11-10T16:00:00Z,68339.8,68773.6,62540,64892.2,5025.50895752
2021-11-11T00:00:00Z,64892.2,65403.5,64109.1,65241.4,1889.64605355
2021-11-11T08:00:00Z,65241.5,65589.9,64415,64805.9,2092.48925587
2021-11-11T16:00:00Z,64805.8,65311.1,64574.1,64769.2,1495.8386118
2021-11-12T00:00:00Z,64770.9,65472.7,64018.4,64475.7,2011.58117317
2021-11-12T08:00:00Z,64479.3,64947.5,62828.7,63164.3,2951.68982998
2021-11-12T16:00:00Z,63164.3,64490.4,62263.9,64134.1,2518.77793029
2021-11-13T00:00:00Z,64134.1,64448.6,63510.5,64023.4,812.49606023
2021-11-13T08:00:00Z,64023.4,64828.3,63369.3,64681.3,1169.0441237
2021-11-13T16:00:00Z,64681.3,64963.5,63839.4,64370.6,1140.87458767
2021-11-14T00:00:00Z,64370.6,65313.5,64370.6,64623.5,1282.59354169
2021-11-14T08:00:00Z,64623.6,64789.3,63986.4,64074.3,1081.28624944
2021-11-14T16:00:00Z,64074.3,65511.1,63569.8,65505.2,1790.73062344
2021-11-15T00:00:00Z,65505.1,66190.9,65500,65570.6,1503.87545298
2021-11-15T08:00:00Z,65570.7,66361,64127,64289.6,2027.79428005
2021-11-15T16:00:00Z,64289.6,64448.5,63368,63611.8,2373.49490785
2021-11-16T00:00:00Z,63610.4,63613.5,60315,60805.5,5069.43686977
2021-11-16T08:00:00Z,60805.6,61389.5,58557.5,60674.7,4292.42760347
2021-11-16T16:00:00Z,60672.3,61135.5,59100,60060.8,3449.81081932
2021-11-17T00:00:00Z,60060.8,60444,58547,59697.4,3373.63546009
2021-11-17T08:00:00Z,59696.8,60822.7,58358.6,59670,3170.02206135
2021-11-17T16:00:00Z,59665.7,60676.9,59424,60345,2275.27897233
2021-11-18T00:00:00Z,60345,60951.2,59504.2,59737.2,2333.90155795
2021-11-18T08:00:00Z,59737.2,59953.2,57583.7,58081.1,3627.19325252
2021-11-18T16:00:00Z,58081.1,58495.8,56473.3,56877.7,4666.94938377
2021-11-19T00:00:00Z,56877.8,57518.9,55600,55999.1,2922.95344493
2021-11-19T08:00:00Z,55999.2,58179.8,55992.2,57906.1,2509.47568631
2021-11-19T16:00:00Z,57906.1,58331,57524.5,58048.5,1867.75113728
2021-11-20T00:00:00Z,58049.2,58969.8,57943,58384.4,1779.59926541
2021-11-20T08:00:00Z,58384.5,58820.5,57475,57594.8,1490.06502474
2021-11-20T16:00:00Z,57594.8,59850,57355,59707.4,2029.17696526
2021-11-21T00:00:00Z,59707.4,59764,58502.1,59000.1,1515.74294261
2021-11-21T08:00:00Z,59000,59390,58500.1,59203.6,1686.16423488
2021-11-21T16:00:00Z,59203.6,60039,58508.6,58595.3,2017.37153147
2021-11-22T00:00:00Z,58595.6,58738.2,56754.3,57267.6,2842.80598514
2021-11-22T08:00:00Z,57267.7,59497.9,56571,58200.1,3189.48230722
2021-11-22T16:00:00Z,58200.2,58247.7,55630,56245.1,4289.22101176
2021-11-23T00:00:00Z,56245,57244,55839,56018.8,2603.1903789
2021-11-23T08:00:00Z,56010.8,57849,55320,56900,3439.8175877
2021-11-23T16:00:00Z,56899.9,57858.9,56899.9,57540.2,2170.71137255
2021-11-24T00:00:00Z,57540.2,57722.3,56147.4,56503.6,2357.14007355
2021-11-24T08:00:00Z,56503.7,57395.1,55868,56746.6,3092.83769267
2021-11-24T16:00:00Z,56744.4,57465.3,56478.9,57136.9,2623.12404113
2021-11-25T00:00:00Z,57136.9,58287.8,57000,57653.9,2082.02961973
2021-11-25T08:00:00Z,57653.9,59132,57346.9,59044.1,2669.26017058
2021-11-25T16:00:00Z,59044.1,59400,58530.8,58952.4,2320.04931268
2021-11-26T00:00:00Z,58956.3,59154.9,56617.5,56962.5,2500.95257381
2021-11-26T08:00:00Z,56960,56960,53500,54332.1,6662.88309501
2021-11-26T16:00:00Z,54332.2,54662.4,53516.8,53723.3,2522.90134618
2021-11-27T00:00:00Z,53720.3,54626,53600,54394.9,1711.71961355
2021-11-27T08:00:00Z,54394.9,55288,54300,54899.2,1843.21587771
2021-11-27T16:00:00Z,54899.2,55208.9,54002,54714.7,1694.06612859
2021-11-28T00:00:00Z,54713.6,54818.6,53650,54516.3,1754.5984792
2021-11-28T08:00:00Z,54516.3,54939.4,54043.3,54296.1,1114.6965685
2021-11-28T16:00:00Z,54296,57443.9,53235.6,57275.5,3890.80371323
2021-11-29T00:00:00Z,57275.5,58232.9,57143.9,57525,2229.45990859
2021-11-29T08:00:00Z,57525,57625.6,56664.5,57125.1,1974.1996531
2021-11-29T16:00:00Z,57125.1,58882.3,57005.5,57777.4,2879.05035259
2021-11-30T00:00:00Z,57777.4,57960,55877.1,56512.3,2181.81578463
2021-11-30T08:00:00Z,56513.2,59200,56253.6,57221.6,3189.8361212
2021-11-30T16:00:00Z,57222.1,58353,56504.2,56928.1,2787.55486025
2021-12-01T00:00:00Z,56937.8,57663,56638.6,57158.6,1869.33242891
2021-12-01T08:00:00Z,57165.3,58811.5,56728.2,58620.3,2534.65940889
2021-12-01T16:00:00Z,58620.4,59038.7,56450,57187.5,2867.30197049
2021-12-02T00:00:00Z,57187.5,57371.9,55752.5,56808.6,1764.22055454
2021-12-02T08:00:00Z,56808.5,57372.8,56029,56508.4,2359.55088468
2021-12-02T16:00:00Z,56509,57210,56012.1,56484.6,1842.23807322
2021-12-03T00:00:00Z,56484.7,57021.5,56083.4,56741.7,1274.08697872
2021-12-03T08:00:00Z,56741.8,57600,55691.4,55965.6,1763.83579882
2021-12-03T16:00:00Z,55965.6,55965.6,51367,53630.4,4870.27279454
2021-12-04T00:00:00Z,53611.6,53855,40589,47257.5,7086.15545971
2021-12-04T08:00:00Z,47251.1,48538.9,46125.7,48206.7,5491.39903813
2021-12-04T16:00:00Z,48206.8,49480.6,47766.7,49166.5,4255.91182914
2021-12-05T00:00:00Z,49166.5,49691.2,48320.2,49286.5,3078.31225048
2021-12-05T08:00:00Z,49286.5,49675.9,47726,47958.8,3218.80902899
2021-12-05T16:00:00Z,47954.5,49550,47891.8,49398.1,3691.84990049
2021-12-06T00:00:00Z,49398.5,49440,47716,48420,3011.09061749
2021-12-06T08:00:00Z,48420,49410.1,47120.3,48954.1,5240.14569678
2021-12-06T16:00:00Z,48954.3,50900,48663.4,50442.4,4587.25440958
2021-12-07T00:00:00Z,50442.4,51435.8,50345.2,50909.8,2445.71002297
2021-12-07T08:00:00Z,50909.8,51930.7,50637.7,51735.6,3120.59075632
2021-12-07T16:00:00Z,51735.5,51858,50026.6,50582.3,3273.03721562
2021-12-08T00:00:00Z,50582.3,50800,50059.7,50492.5,2537.16353914
2021-12-08T08:00:00Z,50492.6,51203.6,48600,50646.1,4044.82758538
2021-12-08T16:00:00Z,50646.1,50915.1,50074.5,50467.3,2416.61118939
2021-12-09T00:00:00Z,50472.2,50800,49179.1,50016.2,2476.12823705
2021-12-09T08:00:00Z,50016.3,50016.3,48060,48456.8,3478.57268004
2021-12-09T16:00:00Z,48456.8,48832.1,47317,47548.6,4039.69969597
2021-12-10T00:00:00Z,47545.1,48825.1,47458,47684.8,3168.20964246
2021-12-10T08:00:00Z,47683.1,50100,47616,47978.3,3939.03986935
2021-12-10T16:00:00Z,47978.5,48520.3,46852.7,47135.7,3780.75207381
2021-12-11T00:00:00Z,47131.6,48878,46714.6,48038.2,2791.19144173
2021-12-11T08:00:00Z,48038.7,48920,47862.1,48752.5,1965.74933659
2021-12-11T16:00:00Z,48748.8,49485,48383.1,49391.6,2112.10241745
2021-12-12T00:00:00Z,49392,49698.6,48835.1,49294.9,1395.46489468
2021-12-12T08:00:00Z,49294.8,49927.2,48650,49620.6,1951.94077858
2021-12-12T16:00:00Z,49620.6,50774.9,49505,50055.1,2308.77871837
2021-12-13T00:00:00Z,50055.1,50210.1,48406.7,48732.7,2592.78259312
2021-12-13T08:00:00Z,48728.6,49167.5,47011,47257.2,2752.38430151
2021-12-13T16:00:00Z,47257.1,47948.7,45714.5,46695.8,4776.85290349
2021-12-14T00:00:00Z,46695.8,47222.3,46285,47005.7,2041.87971981
2021-12-14T08:00:00Z,47005.8,47964,46598.9,46848.7,2862.55242208
2021-12-14T16:00:00Z,46848.7,48665.4,46436.7,48355.2,3030.74800168
2021-12-15T00:00:00Z,48350.8,48756.8,47813.6,48207.7,1675.57075844
2021-12-15T08:00:00Z,48207.6,48779.9,46567,46624.5,2791.78721174
2021-12-15T16:00:00Z,46624.5,49540,46539.9,48873.4,5233.62628841
2021-12-16T00:00:00Z,48873.4,49256.9,48502.6,48721.2,1852.61935806
2021-12-16T08:00:00Z,48721.3,49435.1,48253.2,48574.4,2659.54060504
2021-12-16T16:00:00Z,48574.4,48710.5,47512,47624.6,3541.11223494
2021-12-17T00:00:00Z,47624.7,48001,46715.2,47011.7,2043.98065219
2021-12-17T08:00:00Z,47011.8,47357.1,45425.6,46529.9,3696.31467772
2021-12-17T16:00:00Z,46534.5,47443.2,45547,46146.3,3458.37006547
2021-12-18T00:00:00Z,46146.4,46855.8,45500.1,46363.7,2167.37153812
2021-12-18T08:00:00Z,46363.1,47350,46172.8,46868.6,1622.59914661
2021-12-18T16:00:00Z,46861.1,47102.5,46332,46825.3,1728.16162529
2021-12-19T00:00:00Z,46825.3,48067.2,46410,47512.3,2560.99010156
2021-12-19T08:00:00Z,47512.2,48280,46809,47232.3,2837.35920098
2021-12-19T16:00:00Z,47232.3,47544,46481.8,46678.5,2387.55584607
2021-12-20T00:00:00Z,46678.5,47186,46107.6,46429.4,3296.18861272
2021-12-20T08:00:00Z,46429.4,46545.7,45562.7,45985.4,3263.09269284
2021-12-20T16:00:00Z,45985.4,47525.7,45883.5,46898.1,3199.60209055
2021-12-21T00:00:00Z,46898.1,48809,46655.6,48591.1,3309.6927674
2021-12-21T08:00:00Z,48591.1,49322,48298.6,48410.8,2116.8576023
2021-12-21T16:00:00Z,48410.7,49295.1,48222.8,48891.4,1962.84772436
2021-12-22T00:00:00Z,48891.5,49564,48599,49250,2376.32950028
2021-12-22T08:00:00Z,49250,49560,48421.1,48883.1,3093.02337971
2021-12-22T16:00:00Z,48883.1,49239,48500.4,48582.3,2480.92761262
2021-12-23T00:00:00Z,48582.2,48741.9,48011.5,48125.8,2865.22323844
2021-12-23T08:00:00Z,48125.9,48867,48070,48816.1,2405.45271705
2021-12-23T16:00:00Z,48816.2,51369.3,48660.8,50836.6,4014.16608012
2021-12-24T00:00:00Z,50836.6,51500,50532.6,50996.8,2193.29581571
2021-12-24T08:00:00Z,50997,51500,50401.5,50950.6,2086.33425626
2021-12-24T16:00:00Z,50950.5,51821,50480,50806.2,2815.14780884
2021-12-25T00:00:00Z,50811,51129.6,50608.6,50930.3,1155.5171471
2021-12-25T08:00:00Z,50925.8,50999.6,50553.7,50661.4,1105.41571272
2021-12-25T16:00:00Z,50661.4,51139.9,50180,50405.9,2413.25107027
2021-12-26T00:00:00Z,50405.9,50665.1,49614,49926.4,2154.33792823
2021-12-26T08:00:00Z,49926.3,50288.6,49449.8,50050.3,1780.17249
2021-12-26T16:00:00Z,50052.4,51279.7,49919.5,50771.5,1979.83929201
2021-12-27T00:00:00Z,50771.5,51133,50446.5,50708.8,2007.04855687
2021-12-27T08:00:00Z,50708.8,51674.8,50506.3,51438,2021.21634272
2021-12-27T16:00:00Z,51438,52072.2,50625.2,50715.7,2597.4574769
2021-12-28T00:00:00Z,50715.6,50715.6,48636.3,49223,3823.27669908
2021-12-28T08:00:00Z,49223,49439.4,48216.1,48936.9,2444.58517779
2021-12-28T16:00:00Z,48937,48975.6,47289.6,47543.8,5005.87015736
2021-12-29T00:00:00Z,47543.8,48139.5,47450,47574.6,1691.93328371
2021-12-29T08:00:00Z,47574.6,48081.6,46574.7,47976.1,3163.37243681
2021-12-29T16:00:00Z,47976,48046,46039.5,46466.4,3291.75079605
2021-12-30T00:00:00Z,46466.4,47096,45932.2,46980.8,2584.79273413
2021-12-30T08:00:00Z,46979.9,47715.8,46684.3,47164.3,2182.41308821
2021-12-30T16:00:00Z,47159.4,47906.9,46709.9,47122.4,2777.99038982
2021-12-31T00:00:00Z,47122.5,47548,46822.4,47196,2044.74951381
2021-12-31T08:00:00Z,47196,48563.6,47071.1,47990.2,2880.00753299
2021-12-31T16:00:00Z,47990.1,48114.4,45668.7,46216.4,4005.32864579
2022-01-01T00:00:00Z,46216.4,47560,46210.4,47196.4,1902.00462835
2022-01-01T08:00:00Z,47196.5,47490,46711,47217,1534.86379911
2022-01-01T16:00:00Z,47217,47936.7,47183.2,47728.6,1747.77366122
2022-01-02T00:00:00Z,47728.6,47761.9,46750.1,47182.1,1355.62135016
2022-01-02T08:00:00Z,47182,47483,46982.9,47340.7,1201.25503612
2022-01-02T16:00:00Z,47340.8,47990,46656.1,47291.8,2313.97344589
2022-01-03T00:00:00Z,47291.7,47291.7,46731.6,47051.2,1401.8369386
2022-01-03T08:00:00Z,47051.2,47577,46601,46686,2432.45743349
2022-01-03T16:00:00Z,46686,46797.6,45700,46443.4,3161.32426014
2022-01-04T00:00:00Z,46443.4,46569.5,45940.9,46549.3,2135.05612633
2022-01-04T08:00:00Z,46549.3,47529,46258.2,46921.3,2967.73067578
2022-01-04T16:00:00Z,46921.3,46971.5,45555,45833,3319.29647561
2022-01-05T00:00:00Z,45833,46587.3,45730.4,46401.6,1607.82709455
2022-01-05T08:00:00Z,46401.7,47052.4,45900,46613.1,3510.55233458
2022-01-05T16:00:00Z,46613.2,46671,42500,43456.8,9084.88548915
2022-01-06T00:00:00Z,43456.2,43817.3,42595.1,43243.6,4039.58187802
2022-01-06T08:00:00Z,43243.6,43274.9,42420,42949.1,3427.78610513
2022-01-06T16:00:00Z,42949.2,43581.9,42747.6,43086.1,2331.43381835
2022-01-07T00:00:00Z,43086.1,43149.3,41000,41705.2,5375.0863214
2022-01-07T08:00:00Z,41709.1,42800,40600,41317.1,5095.55324946
2022-01-07T16:00:00Z,41317,42314.3,40928.1,41561.4,3001.85896552
2022-01-08T00:00:00Z,41561.5,42238,41554.9,41914.5,1831.64242806
2022-01-08T08:00:00Z,41914.5,42193.8,41460,41613.6,2415.6644071
2022-01-08T16:00:00Z,41613.6,42319.7,40501,41680.5,5527.36237304
2022-01-09T00:00:00Z,41680.7,42176.7,41390.7,41784.7,1999.81334986
2022-01-09T08:00:00Z,41784.7,41988.2,41214.9,41623.9,2195.57721178
2022-01-09T16:00:00Z,41624,42791.3,41565.2,41877.6,3440.35247046
2022-01-10T00:00:00Z,41877.6,42262.6,41600,42043.2,2161.51983737
2022-01-10T08:00:00Z,42043.2,42119.7,39651,40981.8,4914.82634159
2022-01-10T16:00:00Z,40981.8,42134.3,40579.9,41816.3,3477.39731234
2022-01-11T00:00:00Z,41816.4,42385,41549.4,42206.4,2068.06537135
2022-01-11T08:00:00Z,42208,42646,41257.1,41735.8,3605.62862168
2022-01-11T16:00:00Z,41735.9,43101.5,41613.9,42734.6,3910.84882062
2022-01-12T00:00:00Z,42734.5,42969.9,42456.1,42572.6,1797.32298372
2022-01-12T08:00:00Z,42572.6,44089.1,42514.1,43561.5,3965.30963601
2022-01-12T16:00:00Z,43561.4,44330.1,43334,43916.9,2986.65259617
2022-01-13T00:00:00Z,43917,44048.9,43419.7,43712.2,1901.16102285
2022-01-13T08:00:00Z,43712.3,44421,42877,43201.9,3788.98466359
2022-01-13T16:00:00Z,43202,43474,42311,42569.6,3103.61611043
2022-01-14T00:00:00Z,42569.6,42971.9,42366.7,42652.7,1843.95721893
2022-01-14T08:00:00Z,42653.5,43334.9,41713,43100.1,3395.71599558
2022-01-14T16:00:00Z,43099.4,43459.9,42777,43067.3,2137.84783021
2022-01-15T00:00:00Z,43067.3,43179.6,42716.3,43095.4,1172.8919442
2022-01-15T08:00:00Z,43095.4,43417.2,42564.1,43405.9,1790.05564409
2022-01-15T16:00:00Z,43405.8,43800.9,43058.4,43074,1632.86907213
2022-01-16T00:00:00Z,43074.1,43256,42839,43206,1292.99917622
2022-01-16T08:00:00Z,43206,43422.1,42600,43231.1,1911.67582435
2022-01-16T16:00:00Z,43231.2,43477,42753,43072.6,1410.56783984
2022-01-17T00:00:00Z,43072.6,43176.9,42323.6,42650,1724.38895241
2022-01-17T08:00:00Z,42650,42904.8,42390.7,42475.6,1604.1759813
2022-01-17T16:00:00Z,42475.7,42534.6,41500,42202.2,2646.92379558
2022-01-18T00:00:00Z,42202.1,42438.5,41895,42059.8,1868.28009296
2022-01-18T08:00:00Z,42059.9,42060.4,41279,41586.8,3378.21246279
2022-01-18T16:00:00Z,41586.8,42675.2,41386.6,42349.2,3292.06984865
2022-01-19T00:00:00Z,42349.3,42515,41160,41284.4,3160.08847655
2022-01-19T08:00:00Z,41285.7,42559.4,41140,41984.1,3621.44677997
2022-01-19T16:00:00Z,41984.1,42359,41561.4,41666,2981.07365908
2022-01-20T00:00:00Z,41665.9,42152.5,41623.2,42059.4,1626.40033587
2022-01-20T08:00:00Z,42059.4,43445,41799.9,43293.4,2877.56722727
2022-01-20T16:00:00Z,43294.8,43498.3,40563.2,40686,5765.48833656
2022-01-21T00:00:00Z,40680.9,41103.4,38000.8,39134.4,7023.88993423
2022-01-21T08:00:00Z,39134.3,39287,37698,38859.1,5532.21109395
2022-01-21T16:00:00Z,38859.2,39061,35420,36454.9,8384.41382827
2022-01-22T00:00:00Z,36454.8,36828,35098,35404.1,5982.37720303
2022-01-22T08:00:00Z,35400,36175.3,34011.4,34839.5,6815.43002266
2022-01-22T16:00:00Z,34839.5,35712.3,34196.3,35064.3,5550.46041506
2022-01-23T00:00:00Z,35064.9,35766.3,34810.5,35580,2709.40014852
2022-01-23T08:00:00Z,35577.8,36663,35050,35288.3,3824.81260054
2022-01-23T16:00:00Z,35288.4,36510,34600.8,36253.6,3686.03120782
2022-01-24T00:00:00Z,36253.7,36256.6,34806.7,34887.2,2444.65248451
2022-01-24T08:00:00Z,34887.2,35567,32918.7,34230.4,8232.94657944
2022-01-24T16:00:00Z,34247,37557.3,33782.7,36675.4,7232.87639756
2022-01-25T00:00:00Z,36669.3,36694.1,35703.8,36060.1,2266.65848775
2022-01-25T08:00:00Z,36060.1,37160,35975.8,36547.9,4111.87611657
2022-01-25T16:00:00Z,36541.5,37549,36410.4,36956.9,3981.09591883
2022-01-26T00:00:00Z,36958.1,37972,36555.3,37345.4,3021.70418436
2022-01-26T08:00:00Z,37345.4,38525.1,37339.3,37990.9,4151.90471538
2022-01-26T16:00:00Z,37990.9,38936,36217.9,36811.8,7121.9162452
2022-01-27T00:00:00Z,36816.3,37083,35515.8,36182.8,3593.76909688
2022-01-27T08:00:00Z,36182.8,37250,35828.3,36640.1,3449.29652468
2022-01-27T16:00:00Z,36640,37259,35531.9,37166.8,4557.46757861
2022-01-28T00:00:00Z,37166.8,37490,36608.4,36799,3935.08533117
2022-01-28T08:00:00Z,36798.9,37303,36162,37191.1,4586.89115383
2022-01-28T16:00:00Z,37200.7,38006,36764.9,37715.6,3281.69597859
2022-01-29T00:00:00Z,37715.6,37999,37455.4,37844.5,1822.96252946
2022-01-29T08:00:00Z,37844.6,38211.8,37305,37561.3,2445.52364268
2022-01-29T16:00:00Z,37572.5,38723.1,37331.7,38179.6,2883.49610657
2022-01-30T00:00:00Z,38179.7,38315.4,37744.3,38250.5,1719.10646514
2022-01-30T08:00:00Z,38250.5,38366,37727.5,37973,1856.0812375
2022-01-30T16:00:00Z,37982.3,38233,37350,37884.9,1836.31392579
2022-01-31T00:00:00Z,37882.5,37951,36626.7,37125.7,2370.98615932
2022-01-31T08:00:00Z,37125.7,37891.4,36811.1,37723,2877.15503457
2022-01-31T16:00:00Z,37723.1,38739,37677.3,38467.3,3608.41060863
2022-02-01T00:00:00Z,38467.4,38655.4,38179,38443,1866.60091142
2022-02-01T08:00:00Z,38443.1,39099,38021.2,38629.4,4388.4326947
2022-02-01T16:00:00Z,38624.9,39286,38338,38693.4,2610.99208135
2022-02-02T00:00:00Z,38693.3,38860,38200,38281.5,1634.25994428
2022-02-02T08:00:00Z,38290.2,38758.5,37357.5,37427.5,2814.862448
2022-02-02T16:00:00Z,37426.8,37670.9,36576,36883.9,3534.48599321
2022-02-03T00:00:00Z,36889.7,37094,36711.7,37022.6,1567.1177626
2022-02-03T08:00:00Z,37022.7,37112.2,36249.1,36919.9,3031.10862147
2022-02-03T16:00:00Z,36919.9,37381.9,36270,37320.9,2778.37555377
2022-02-04T00:00:00Z,37320.9,38208.5,37032,37864.4,2435.67057472
2022-02-04T08:00:00Z,37864.4,39840,37297.3,39479.1,4461.10864793
2022-02-04T16:00:00Z,39479.1,41756.4,39430.2,41579.7,4283.52426261
2022-02-05T00:00:00Z,41579.6,41920,41179,41379.8,2330.47440195
2022-02-05T08:00:00Z,41379.9,41898.4,41169.4,41766.6,1680.82736013
2022-02-05T16:00:00Z,41766.2,41857.2,40800,41386.8,2039.40027158
2022-02-06T00:00:00Z,41386.8,41730,41316,41616.2,1117.76885342
2022-02-06T08:00:00Z,41616.2,42185,41117.9,41516.5,2116.04801346
2022-02-06T16:00:00Z,41516.5,42655,41418.8,42394.8,2290.72138662
2022-02-07T00:00:00Z,42394.8,43028,41649.9,42725.5,3517.1552091
2022-02-07T08:00:00Z,42725.6,43884.5,42251.2,43829.7,3711.71642042
2022-02-07T16:00:00Z,43829.8,44500,43469.9,43845.7,4932.271508
2022-02-08T00:00:00Z,43843.4,45500,43550.5,44857.3,3806.84395765
2022-02-08T08:00:00Z,44857.2,44920.5,42900,43427.2,4575.30805664
2022-02-08T16:00:00Z,43427.3,44389.7,42668.3,44042.7,4433.04979549
2022-02-09T00:00:00Z,44045.7,44336.6,43122,43810.8,2494.17081529
2022-02-09T08:00:00Z,43812.6,44446,43190,43864.1,2834.27820262
2022-02-09T16:00:00Z,43864.1,44801.8,43612,44374.8,2982.51477997
2022-02-10T00:00:00Z,44374.8,44400,43526.4,44095.5,2018.25427889
2022-02-10T08:00:00Z,44095.6,45649,43165.3,44945,5438.68743254
2022-02-10T16:00:00Z,44945.1,45831.9,43331.7,43495.4,4416.83594596
2022-02-11T00:00:00Z,43495.4,43740.8,42600,43355.9,2827.24259921
2022-02-11T08:00:00Z,43360.5,43964.9,42881,43672.7,2726.49989599
2022-02-11T16:00:00Z,43672.6,43766.2,41952,42370.1,4796.87655959
2022-02-12T00:00:00Z,42370.1,42500,41760,42103.6,1373.20719201
2022-02-12T08:00:00Z,42103.7,42450,41799,42120.5,1565.94731312
2022-02-12T16:00:00Z,42120.4,43033,41725.3,42222.4,2735.7807296
2022-02-13T00:00:00Z,42222.4,42498,42057.9,42413.3,1104.52032376
2022-02-13T08:00:00Z,42413.4,42767.7,42180.6,42565.5,1322.03793244
2022-02-13T16:00:00Z,42565.6,42585.2,41869.1,42056.4,2023.18312291
2022-02-14T00:00:00Z,42056.3,42381.7,41525.7,42315.7,2379.26223874
2022-02-14T08:00:00Z,42315.7,42861.8,41922.6,42576.5,3229.08812459
2022-02-14T16:00:00Z,42576.6,42818.9,41804.9,42534.3,3450.87165654
2022-02-15T00:00:00Z,42535,43806.4,42425.3,43691.1,2575.94117689
2022-02-15T08:00:00Z,43691.1,44537.3,43606.7,44196.1,2884.49074753
2022-02-15T16:00:00Z,44196.1,44800.8,43850,44563.5,2213.1396674
2022-02-16T00:00:00Z,44563.6,44565.3,43683.1,44184.4,1802.90067594
2022-02-16T08:00:00Z,44184.4,44326,43320,43599.6,2410.92528144
2022-02-16T16:00:00Z,43600,44369,43356,43868.5,2242.73409096
2022-02-17T00:00:00Z,43866.6,44169.3,43345,43924.6,1704.34232473
2022-02-17T08:00:00Z,43924.6,44023,41706.3,41926.9,3876.27684475
2022-02-17T16:00:00Z,41927,42114.9,40058.8,40507.2,5217.55625798
2022-02-18T00:00:00Z,40507.2,40939,40298,40663.2,1639.45197415
2022-02-18T08:00:00Z,40663.2,40959.6,39618.6,39828.6,3686.92720405
2022-02-18T16:00:00Z,39828.6,40423.3,39450,39976.5,2894.62624406
2022-02-19T00:00:00Z,39976.6,40454,39921.3,40263.4,992.5874184
2022-02-19T08:00:00Z,40263.4,40292.2,39632,39973.6,1590.85628237
2022-02-19T16:00:00Z,39973.7,40369.2,39800,40086.7,1166.12674614
2022-02-20T00:00:00Z,40086.7,40125.2,38589.4,38792.8,2226.98331926
2022-02-20T08:00:00Z,38792.9,38844.3,37979.3,38341.9,2328.1060159
2022-02-20T16:00:00Z,38340.5,38988,38045.6,38380,1931.38605965
2022-02-21T00:00:00Z,38380,39500,38193,39293.9,2531.26533114
2022-02-21T08:00:00Z,39293.9,39362.8,37205.1,38822.6,3722.63901472
2022-02-21T16:00:00Z,38822.7,39137,36800,37025.7,3909.18052275
2022-02-22T00:00:00Z,37020.5,37460,36333.1,36773.5,2478.29393361
2022-02-22T08:00:00Z,36767.4,38325.9,36757.6,37758.2,3144.31096038
2022-02-22T16:00:00Z,37756.7,38448.4,37301.4,38229.6,3027.62264469
2022-02-23T00:00:00Z,38229.6,38352,37527,38151,1630.02111358
2022-02-23T08:00:00Z,38151,39285.2,38084.9,38518.6,3429.95936047
2022-02-23T16:00:00Z,38518.7,38777.4,37046.8,37248.1,3596.56824886
2022-02-24T00:00:00Z,37248.2,37419.4,34325,35314.4,7118.85707932
2022-02-24T08:00:00Z,35309.7,36149.4,34811,35923.1,5605.67622792
2022-02-24T16:00:00Z,35932.8,39823.3,35726.4,38320.9,6146.85730056
2022-02-25T00:00:00Z,38320.9,39025,38146.1,38470.2,2662.87421566
2022-02-25T08:00:00Z,38470.2,39695,38015,39416,3925.4493736
2022-02-25T16:00:00Z,39419.2,39600,38544,39219.6,3337.17892905
2022-02-26T00:00:00Z,39219.6,40300,38951.8,39199.3,2504.15363514
2022-02-26T08:00:00Z,39199.9,39550,38560.3,39217.8,3308.67918805
2022-02-26T16:00:00Z,39217.8,39688,38823,39119.1,2000.22835629
2022-02-27T00:00:00Z,39117.3,39277.9,38178,38792.8,2505.21615697
2022-02-27T08:00:00Z,38792.8,39864,38586.2,39354.3,3248.97184957
2022-02-27T16:00:00Z,39354.3,39445.2,36977.4,37706.7,4325.45029706
2022-02-28T00:00:00Z,37706.7,38467,37446.5,38343.8,2918.1811172
2022-02-28T08:00:00Z,38343.8,40908.9,37928.8,40824.1,4273.82986876
2022-02-28T16:00:00Z,40824.1,44210.4,40701.3,43179.8,6853.2796118
2022-03-01T00:00:00Z,43174.8,43743,42856.1,43493.7,3757.69271942
2022-03-01T08:00:00Z,43495.6,44966,42796.9,43651.8,4162.89259241
2022-03-01T16:00:00Z,43651.9,44514,43223,44428.2,2264.20947553
2022-03-02T00:00:00Z,44428.2,44770,43652.1,43977.7,1995.6945943
2022-03-02T08:00:00Z,43977.7,45367.5,43332.8,44128.1,3533.86981074
2022-03-02T16:00:00Z,44128.1,44490.3,43435.8,43896.9,2182.80706846
2022-03-03T00:00:00Z,43896.8,44051.3,42914,43477.1,1968.20149037
2022-03-03T08:00:00Z,43477.1,44088,42350,42549.7,2674.27534887
2022-03-03T16:00:00Z,42549.7,42744.7,41832,42456.3,2908.20924881
2022-03-04T00:00:00Z,42456.2,42533.3,41062,41433.6,2738.75685898
2022-03-04T08:00:00Z,41437.5,41898,40555,40694.7,3004.04125566
2022-03-04T16:00:00Z,40694.8,40953.9,38550.1,39143.6,3609.71564904
2022-03-05T00:00:00Z,39143.6,39190.4,38552.9,39019.6,1642.44213693
2022-03-05T08:00:00Z,39019.6,39371.3,38798.8,39155.1,1148.94027882
2022-03-05T16:00:00Z,39158.6,39612.4,39129.7,39397,1329.15789861
2022-03-06T00:00:00Z,39397,39690.4,38809,39386.8,1528.48469802
2022-03-06T08:00:00Z,39386.8,39386.8,38082.5,38860.3,2418.78364907
2022-03-06T16:00:00Z,38860.3,39355.1,38150,38419.2,2188.70222122
2022-03-07T00:00:00Z,38419.2,38550.1,37580.7,37895.7,2778.04201227
2022-03-07T08:00:00Z,37893.7,39282.5,37658,39073.4,3171.43626969
2022-03-07T16:00:00Z,39073.4,39537.8,37162,37994.5,4566.10609393
2022-03-08T00:00:00Z,37990.3,38963.9,37870,38546.7,2473.07753134
2022-03-08T08:00:00Z,38550.2,39235.9,38313,38652,2645.33249772
2022-03-08T16:00:00Z,38655,39361.2,38143.7,38736.6,2907.10181032
2022-03-09T00:00:00Z,38736.7,41872.8,38651.1,41793.4,4788.95947993
2022-03-09T08:00:00Z,41792.4,42581.2,41629.1,42523.3,3438.96460694
2022-03-09T16:00:00Z,42523.3,42575.3,41678.3,41948.2,2791.80301214
2022-03-10T00:00:00Z,41944.2,42036.7,38860,39239.2,3874.64898274
2022-03-10T08:00:00Z,39239.3,40307,38524.5,39182.7,3251.60422206
2022-03-10T16:00:00Z,39181.8,39680,38896.6,39421,1842.42228695
2022-03-11T00:00:00Z,39421.1,39437.5,38220.7,39129,2251.70236413
2022-03-11T08:00:00Z,39129.1,40257.2,38804.9,39082.9,3826.93967916
2022-03-11T16:00:00Z,39082.9,39171.7,38303,38725.9,1857.97727311
2022-03-12T00:00:00Z,38726.1,39296.9,38661.2,39102.6,913.04449046
2022-03-12T08:00:00Z,39102.6,39287.2,38670.2,39050.1,811.64798232
2022-03-12T16:00:00Z,39050.1,39464,38727.9,38803.9,987.54915778
2022-03-13T00:00:00Z,38803.9,39301,38697.3,39086.4,778.02692719
2022-03-13T08:00:00Z,39086.4,39135.8,38369.5,38935.8,1358.5621823
2022-03-13T16:00:00Z,38935.7,39065.6,37580,37775.6,1569.8169577
2022-03-14T00:00:00Z,37773.6,39186,37555.1,39078.3,2132.13613463
2022-03-14T08:00:00Z,39078.4,39286.3,38623.5,38965.9,1987.12435948
2022-03-14T16:00:00Z,38959.3,39912,38410.8,39677.8,2152.57929065
2022-03-15T00:00:00Z,39674.1,39800,38118,38445,1817.10013514
2022-03-15T08:00:00Z,38444.9,39260.2,38264.2,39015.6,1508.34730313
2022-03-15T16:00:00Z,39015.6,39878,38924.1,39281.3,2024.93877824
2022-03-16T00:00:00Z,39281.4,41725.7,38825,39573.6,3436.00543475
2022-03-16T08:00:00Z,39575.9,41169.2,39558,40606.7,3037.45240355
2022-03-16T16:00:00Z,40612.4,41500,39302.3,41123.7,3772.44874405
2022-03-17T00:00:00Z,41123.8,41480.9,40563.3,40733,1470.01983263
2022-03-17T08:00:00Z,40732.9,41239.9,40500.1,40795.2,1755.62317894
2022-03-17T16:00:00Z,40799.1,41060,40568.6,40924,1071.4812007
2022-03-18T00:00:00Z,40924,40938.8,40232,40581.4,1198.16242829
2022-03-18T08:00:00Z,40581.4,41063.1,40146,40925,1577.21848035
2022-03-18T16:00:00Z,40925,42333,40903.6,41757.6,2596.24737115
2022-03-19T00:00:00Z,41758.4,42004.7,41510.7,41611.3,857.24130005
2022-03-19T08:00:00Z,41611.3,42099.2,41579.5,41941.4,997.9190096
2022-03-19T16:00:00Z,41941.5,42386.2,41713.8,42206.7,1665.00708489
2022-03-20T00:00:00Z,42205,42287,41756,41862.5,971.35798786
2022-03-20T08:00:00Z,41863.4,41940.4,41267.9,41336.8,1362.31346546
2022-03-20T16:00:00Z,41336.8,41672.8,40910.9,41257.8,1842.41156364
2022-03-21T00:00:00Z,41261.3,41455,40488,41105.7,1391.9628347
2022-03-21T08:00:00Z,41101.7,41540.5,40728,41223.5,1768.41477534
2022-03-21T16:00:00Z,41223.6,41365.9,40750,41005.2,1539.50121901
2022-03-22T00:00:00Z,41005.3,43343,40877.6,42223.1,3961.39298056
2022-03-22T08:00:00Z,42223.1,43204.2,42091.6,42576.8,2511.61359707
2022-03-22T16:00:00Z,42576.7,42872.3,42254.2,42358.1,1851.25370236
2022-03-23T00:00:00Z,42358.1,42532.5,41757.4,42107.4,2073.47976289
2022-03-23T08:00:00Z,42107.3,42739.9,41882,42618.6,2701.91620818
2022-03-23T16:00:00Z,42618.6,43012,42046.1,42879.8,2511.42087064
2022-03-24T00:00:00Z,42879.8,43500,42650,43078,1997.13992742
2022-03-24T08:00:00Z,43077.9,44018,42600,43990.6,3103.6381019
2022-03-24T16:00:00Z,43990.7,44217.8,43768,43997.4,2228.17809703
2022-03-25T00:00:00Z,43997.5,44396,43853.3,43911.4,1784.3985909
2022-03-25T08:00:00Z,43911.5,45100,43572,44324.4,3898.0962854
2022-03-25T16:00:00Z,44324.4,44600,44003.7,44315.7,2185.63936572
2022-03-26T00:00:00Z,44315.7,44552.3,44070.9,44511.8,1052.597556
2022-03-26T08:00:00Z,44511.9,44575.6,44151.5,44204.9,1038.02259478
2022-03-26T16:00:00Z,44204.9,44807.3,44144,44517.1,1515.05593262
2022-03-27T00:00:00Z,44517.1,44938.9,44489.1,44734.4,1355.78099495
2022-03-27T08:00:00Z,44734.4,44929,44425.3,44857.1,1612.23087591
2022-03-27T16:00:00Z,44857.1,46953.2,44700,46836.9,3830.42830474
2022-03-28T00:00:00Z,46836.9,47646,46657,46992,2674.49801704
2022-03-28T08:00:00Z,46992,47888.9,46847.7,47418.2,3417.72289407
2022-03-28T16:00:00Z,47418.1,48195.2,46894,47124.2,4267.73850222
2022-03-29T00:00:00Z,47124.2,47750.8,47049.6,47355.2,2249.27141921
2022-03-29T08:00:00Z,47355.1,48107.3,47340,47445.3,3328.34359091
2022-03-29T16:00:00Z,47445.3,47880.5,46944,47432.7,3428.97599818
2022-03-30T00:00:00Z,47432.7,47589.8,46512.4,47378.5,2725.1468098
2022-03-30T08:00:00Z,47378.5,47496.2,46873,47173.3,2860.28833029
2022-03-30T16:00:00Z,47173.2,47695.7,46840.9,47067.1,3471.87085895
2022-03-31T00:00:00Z,47067.1,47424,46906.4,47164.5,3197.08737555
2022-03-31T08:00:00Z,47164.6,47600.1,46200,46449.9,7565.89822864
2022-03-31T16:00:00Z,46450,46490,45176,45516.6,8588.12078867
2022-04-01T00:00:00Z,45516.5,45647.6,44233.1,45025.7,8943.02367263
2022-04-01T08:00:00Z,45025.7,46703,44705.4,46526.7,12745.70524846
2022-04-01T16:00:00Z,46527.2,46590.2,45904,46283.9,7552.49956376
2022-04-02T00:00:00Z,46283.9,47198,46078,46592.8,8773.91369736
2022-04-02T08:00:00Z,46592.8,46940.8,46119.2,46296.3,12004.04437799
2022-04-02T16:00:00Z,46296.3,46474.9,45610.4,45806.6,9415.63631664
2022-04-03T00:00:00Z,45806.6,46572.3,45534,46364,6986.37963914
2022-04-03T08:00:00Z,46365,46721.5,46079.1,46410.9,7323.60224103
2022-04-03T16:00:00Z,46411,47476,46218.1,46414.5,10343.44057983
2022-04-04T00:00:00Z,46414.6,46456.9,45755,46177.7,7267.60133296
2022-04-04T08:00:00Z,46177.7,46352,45554.6,45636.9,15065.3373371
2022-04-04T16:00:00Z,45638.3,46884.6,45080.4,46584.1,14204.87782669
2022-04-05T00:00:00Z,46584.1,46879,46415.6,46708.6,3124.60346528
2022-04-05T08:00:00Z,46708.6,47193,45675.3,45762.1,5778.16142789
2022-04-05T16:00:00Z,45762.1,46205,45358,45501,5511.59792816
2022-04-06T00:00:00Z,45501,45506.4,44421,45277.9,6038.8043475
2022-04-06T08:00:00Z,45277.8,45445.6,43715.7,44155.8,7589.37556076
2022-04-06T16:00:00Z,44155.7,44284.8,43113.7,43166.8,5030.68515101
2022-04-07T00:00:00Z,43163.6,43554.3,42721.8,43447,2822.77222949
2022-04-07T08:00:00Z,43447,43900.4,43012.4,43337.8,4210.21307077
2022-04-07T16:00:00Z,43337.3,43823,43202.6,43442.1,2937.64301729
2022-04-08T00:00:00Z,43441.1,43775.7,43312.5,43756,2043.13488458
2022-04-08T08:00:00Z,43756.1,43976.1,42748.4,43646.4,6511.99687931
2022-04-08T16:00:00Z,43646.4,43714.9,42108,42262.7,5457.80346545
2022-04-09T00:00:00Z,42262.7,42629.7,42123,42481.7,1164.56544651
2022-04-09T08:00:00Z,42481.7,42544.3,42194,42231.7,939.77326453
2022-04-09T16:00:00Z,42234,42800.8,42191.3,42753.4,1347.2246543
2022-04-10T00:00:00Z,42753.5,42897.2,42579,42631.8,985.56526511
2022-04-10T08:00:00Z,42631.8,42844,42445.9,42742.9,1319.41970942
2022-04-10T16:00:00Z,42743,43415.6,41821,42152.2,2880.39679815
2022-04-11T00:00:00Z,42152.1,42410.6,41750,42299.8,1928.02916264
2022-04-11T08:00:00Z,42299.9,42350,40537.9,40582.7,4191.89558274
2022-04-11T16:00:00Z,40582.7,40898.9,39108.9,39522.5,5437.3083486
2022-04-12T00:00:00Z,39521.3,40188.9,39287.6,40180.3,2717.90763468
2022-04-12T08:00:00Z,40180.4,40684.9,39798.7,40183,4496.95570981
2022-04-12T16:00:00Z,40183.5,40693.1,39267.2,40071.4,4444.32380082
2022-04-13T00:00:00Z,40071.4,40275,39588.5,40128.2,2813.69684143
2022-04-13T08:00:00Z,40132.6,41400,39622,41162.8,4574.52930734
2022-04-13T16:00:00Z,41162.9,41604.7,40844.7,41143.5,3015.44346483
2022-04-14T00:00:00Z,41143.5,41485,41058,41273.2,1874.66273945
2022-04-14T08:00:00Z,41271.3,41326.8,39924.7,39973.3,5391.56873439
2022-04-14T16:00:00Z,39973.2,40060,39600,39939.1,2336.68379488
2022-04-15T00:00:00Z,39939.1,40445.9,39769.8,40243.2,2532.99441535
2022-04-15T08:00:00Z,40243.2,40851.4,39788.7,40418.9,2770.80767172
2022-04-15T16:00:00Z,40418.9,40644.7,40239.5,40546.8,1745.33671714
2022-04-16T00:00:00Z,40546.9,40699,40361,40397.1,1053.2189758
2022-04-16T08:00:00Z,40397,40578.9,39989.6,40053.9,1911.12147485
2022-04-16T16:00:00Z,40054,40695,40000.1,40376.6,1474.43479028
2022-04-17T00:00:00Z,40376.6,40427.5,40128.4,40289.4,863.14572139
2022-04-17T08:00:00Z,40289.5,40599.1,40200.2,40451.9,1371.06930448
2022-04-17T16:00:00Z,40451.9,40480.5,39546.1,39676.2,3183.54840974
2022-04-18T00:00:00Z,39676.3,39898,38534.1,38915.5,2827.51883347
2022-04-18T08:00:00Z,38915.5,39592.9,38803,39245.1,2345.12132625
2022-04-18T16:00:00Z,39245.1,41090.4,39037.2,40799.4,4212.80891546
2022-04-19T00:00:00Z,40799.5,41278.9,40572.1,40688.6,2166.58177695
2022-04-19T08:00:00Z,40688.7,41762.3,40580,41454,3680.77115804
2022-04-19T16:00:00Z,41452.8,41548,41162,41490.1,1987.92154501
2022-04-20T00:00:00Z,41490.1,41624.4,41232.4,41337.4,2124.8800528
2022-04-20T08:00:00Z,41337.4,42218.9,41048,41257.3,6445.21183533
2022-04-20T16:00:00Z,41257.2,41650.6,40873.2,41349.7,4170.07422369
2022-04-21T00:00:00Z,41349.8,41940.9,41313.7,41851.5,2595.7496209
2022-04-21T08:00:00Z,41853.3,43020,41745,42134.5,6668.4852092
2022-04-21T16:00:00Z,42134.5,42179.7,39500,40470.6,6579.16333248
2022-04-22T00:00:00Z,40470.6,40790,40236.2,40704.2,4610.97070841
2022-04-22T08:00:00Z,40704.3,40781.3,39295.7,39435.8,6205.29188826
2022-04-22T16:00:00Z,39435.8,39818.4,39184,39708.3,3161.2609389
2022-04-23T00:00:00Z,39708.3,39869.3,39280.7,39602.1,1912.0682746
2022-04-23T08:00:00Z,39602.2,39821.2,39501.1,39795,1516.78039339
2022-04-23T16:00:00Z,39794.9,39982,39325,39439,1636.45840153
2022-04-24T00:00:00Z,39439,39824.5,39414.8,39749.6,1111.27564892
2022-04-24T08:00:00Z,39749.6,39945,39349.6,39656.3,1428.11200245
2022-04-24T16:00:00Z,39656.3,39813.9,38956.1,39451.4,2613.21896725
2022-04-25T00:00:00Z,39451.4,39498.9,38149,38445.2,5433.74466197
2022-04-25T08:00:00Z,38445.2,39419.8,38206.5,38972.6,6926.16674325
2022-04-25T16:00:00Z,38972.6,40609,38912,40428.4,5669.05259032
2022-04-26T00:00:00Z,40428.4,40775,40373.2,40591,2189.83586243
2022-04-26T08:00:00Z,40590.9,40800,38550,38562,5382.56497892
2022-04-26T16:00:00Z,38562.1,38884.9,37702.2,38114.1,6959.57105295
2022-04-27T00:00:00Z,38114.1,39100,37875.5,39100,2665.12084761
2022-04-27T08:00:00Z,39100,39468,38432.1,39006,4768.64557339
2022-04-27T16:00:00Z,39006,39389.8,38664.5,39228,2684.67636633
2022-04-28T00:00:00Z,39228,39691.8,39144.5,39385.2,2360.97557711
2022-04-28T08:00:00Z,39385.2,40312,38878.1,39446.3,5786.97246841
2022-04-28T16:00:00Z,39446.2,40370,39308.3,39745,4525.20074623
2022-04-29T00:00:00Z,39745.1,39917.9,39300,39607,1689.84370769
2022-04-29T08:00:00Z,39607,39632.4,38604.8,39006.7,4624.4086364
2022-04-29T16:00:00Z,39006.7,39072.5,38164.3,38593.5,3414.88838218
2022-04-30T00:00:00Z,38593.5,38794.5,38498.8,38657.1,1622.84100503
2022-04-30T08:00:00Z,38657.2,38694.8,38150,38471.7,2415.59876456
2022-04-30T16:00:00Z,38471.8,38600.4,37562.2,37629.8,3450.35126591
2022-05-01T00:00:00Z,37629.9,38167.9,37390,37966.1,2973.81009287
2022-05-01T08:00:00Z,37966.1,38642.9,37840,38490,2346.21348077
2022-05-01T16:00:00Z,38490,38672.3,37670.8,38469.3,4133.82538006
2022-05-02T00:00:00Z,38468,39157.7,38367.1,38886.1,3373.66084948
2022-05-02T08:00:00Z,38887.5,39187.9,38244,38699.5,5071.62431838
2022-05-02T16:00:00Z,38699.6,38899.5,38055.8,38518.3,3140.17393352
2022-05-03T00:00:00Z,38518.3,38615.9,38317,38554.5,1903.40112768
2022-05-03T08:00:00Z,38554.5,38651.2,38161.7,38324.8,4135.28487964
2022-05-03T16:00:00Z,38324.8,38394.4,37522.2,37726.6,5112.43110566
2022-05-04T00:00:00Z,37726.6,38750,37665.6,38693.8,2718.29799846
2022-05-04T08:00:00Z,38693.8,39170,38654,38969.8,5263.34607622
2022-05-04T16:00:00Z,38969.8,40039,38578.2,39694.8,6360.59245556
2022-05-05T00:00:00Z,39694.9,39849.5,39522.2,39598.5,1805.85878441
2022-05-05T08:00:00Z,39598.6,39629.6,36527,36906.9,7085.94864159
2022-05-05T16:00:00Z,36907,37328.9,35555,36554.6,5340.70308583
2022-05-06T00:00:00Z,36554.7,36676.9,35815,36370.7,2811.65757146
2022-05-06T08:00:00Z,36367.5,36513.7,35150,36005,6848.22736119
2022-05-06T16:00:00Z,36005,36238.9,35824.1,36014.7,3736.0017326
2022-05-07T00:00:00Z,36014.7,36062.7,35722.6,35922.5,1697.54555473
2022-05-07T08:00:00Z,35922.6,36142.6,35868,35963.1,1759.29548374
2022-05-07T16:00:00Z,35963.1,36000,34750,35466.9,3561.17984143
2022-05-08T00:00:00Z,35466.9,35506.2,34200,34600.6,3887.460149
2022-05-08T08:00:00Z,34600.6,35000,34300,34362.3,3622.10842748
2022-05-08T16:00:00Z,34362.2,34744.2,33700,34039.2,3981.13788913
2022-05-09T00:00:00Z,34039.2,34252.4,33257.1,33525.9,2542.20968849
2022-05-09T08:00:00Z,33523.2,34125,32065,32343.5,5979.12227453
2022-05-09T16:00:00Z,32343.4,32592.4,30034.6,30089.1,9825.30454867
2022-05-10T00:00:00Z,30086.1,32660,29730,31610.3,7764.824844
2022-05-10T08:00:00Z,31610.3,32400,30838.9,31315.2,6405.43435988
2022-05-10T16:00:00Z,31315.2,31818,30152.3,31015.5,6591.72988045
2022-05-11T00:00:00Z,31015.5,31958,30200,30630.4,10521.89101724
2022-05-11T08:00:00Z,30629.2,32256,29045.9,30981,17074.46078825
2022-05-11T16:00:00Z,30981.1,31129,27767.1,29101.5,13020.14458366
2022-05-12T00:00:00Z,29101.5,30230.8,26736.1,28230.6,12244.04820904
2022-05-12T08:00:00Z,28233.5,29817,27500,29024.4,10483.94168757
2022-05-12T16:00:00Z,29024.4,29965.3,28010.1,29023.7,7221.0107196
2022-05-13T00:00:00Z,29023.8,31080,28754,30176.7,5589.70155954
2022-05-13T08:00:00Z,30176.7,31031.9,30172.6,30333.9,4271.34480957
2022-05-13T16:00:00Z,30333.9,30520,29205,29278.8,3642.15781357
2022-05-14T00:00:00Z,29278.8,29821,29219.4,29434.8,4645.59064406
2022-05-14T08:00:00Z,29434.7,29590,28650,28813.9,7351.70756535
2022-05-14T16:00:00Z,28813.9,30343.1,28633,30089,5816.94643661
2022-05-15T00:00:00Z,30089,30271.9,29468.4,29827,3135.72820294
2022-05-15T08:00:00Z,29827.1,30559,29447.9,30008.4,4677.00828224
2022-05-15T16:00:00Z,30008.4,31494.9,29940,31334.6,5915.39041911
2022-05-16T00:00:00Z,31334.5,31334.9,29315.9,29591.1,4765.71344836
2022-05-16T08:00:00Z,29591.1,30259.2,29325.2,29676.5,4420.45935627
2022-05-16T16:00:00Z,29676.5,30272,29075.8,29868.3,4205.53676593
2022-05-17T00:00:00Z,29868.3,30579,29772.3,30415.7,3757.47420769
2022-05-17T08:00:00Z,30415.7,30776,29942,30154.9,4855.34550256
2022-05-17T16:00:00Z,30151.3,30664,29437.4,30445.2,5154.44261038
2022-05-18T00:00:00Z,30445.2,30711.1,29679.9,29919.8,4511.46499046
2022-05-18T08:00:00Z,29919.8,30050,28875,28984.6,5698.11774377
2022-05-18T16:00:00Z,28984.6,29541.7,28651.3,28717.3,6362.96954955
2022-05-19T00:00:00Z,28717.3,29440.8,28688.2,29194.2,5298.75128213
2022-05-19T08:00:00Z,29194.3,30546.2,28853.2,30387.9,8309.36721058
2022-05-19T16:00:00Z,30388,30482,29944,30308.7,5428.53136649
2022-05-20T00:00:00Z,30308.6,30791.9,29850,30261.4,4816.53015536
2022-05-20T08:00:00Z,30259.3,30534.5,29073.2,29150.2,5087.67801985
2022-05-20T16:00:00Z,29150.1,29393.1,28720,29202,7660.332982
2022-05-21T00:00:00Z,29202,29566,28946.3,29423.2,2575.62332132
2022-05-21T08:00:00Z,29423.1,29651,29150,29551,2822.03181048
2022-05-21T16:00:00Z,29550.2,29656.7,29308.1,29446,2159.87202771
2022-05-22T00:00:00Z,29446,29547.5,29251,29445.6,1615.04454691
2022-05-22T08:00:00Z,29445.6,30330.3,29424.6,29848.9,4373.10322032
2022-05-22T16:00:00Z,29848.9,30491.6,29735.3,30290.9,3611.01374313
2022-05-23T00:00:00Z,30290.8,30668.9,30052.3,30450.8,4121.40708298
2022-05-23T08:00:00Z,30450.8,30633.6,29960.7,30371.4,7562.7097252
2022-05-23T16:00:00Z,30370.3,30532.9,28862.1,29110.3,7456.99118287
2022-05-24T00:00:00Z,29110.4,29441,29060.6,29403.8,3451.36881348
2022-05-24T08:00:00Z,29403.7,29653.7,28669.6,29386.2,8014.74203029
2022-05-24T16:00:00Z,29386.1,29853.1,29100.7,29660.3,5989.32154495
2022-05-25T00:00:00Z,29660,30220.6,29556,29711.6,4282.62981347
2022-05-25T08:00:00Z,29711.6,29943.8,29347.7,29627.4,6117.78951737
2022-05-25T16:00:00Z,29627.5,30040,29430.4,29543.7,5310.36395998
2022-05-26T00:00:00Z,29543.6,29890.8,29499.9,29729.9,3459.45964715
2022-05-26T08:00:00Z,29730,29742.2,28014.1,29388.3,10964.09418073
2022-05-26T16:00:00Z,29388.3,29804,29072,29199.3,6193.23669848
2022-05-27T00:00:00Z,29199.2,29388.5,28630.3,28991,6714.22446017
2022-05-27T08:00:00Z,28990.8,29377,28619.8,28850.1,6497.46553813
2022-05-27T16:00:00Z,28849.7,29048.4,28272.8,28630.9,5159.30741839
2022-05-28T00:00:00Z,28630.9,28983.3,28522.7,28882.3,1953.76864098
2022-05-28T08:00:00Z,28882.4,29252.4,28765.5,28984.3,2689.30630576
2022-05-28T16:00:00Z,28984.4,29153.8,28786.1,29032.8,1939.61135579
2022-05-29T00:00:00Z,29032.9,29060,28837.7,29009,1585.40791842
2022-05-29T08:00:00Z,29009,29621.7,28957.9,29212.8,3284.44778592
2022-05-29T16:00:00Z,29212.9,29587.7,29080,29464.3,2521.33332303
2022-05-30T00:00:00Z,29464.3,30911.8,29312.5,30635.1,7507.27139027
2022-05-30T08:00:00Z,30635,30943.5,30262.6,30636.6,5398.84439377
2022-05-30T16:00:00Z,30636.6,32250,30508,31741.7,6604.52891887
2022-05-31T00:00:00Z,31741.8,31860.6,31438,31577.7,3617.57988454
2022-05-31T08:00:00Z,31577.8,32200.7,31221.8,32074.6,8052.02017051
2022-05-31T16:00:00Z,32074.7,32406.7,31583,31794.7,4910.32845049
2022-06-01T00:00:00Z,31794.7,31988.5,31375.1,31479.6,3080.52371783
2022-06-01T08:00:00Z,31479.5,31901.4,30725,30752.1,6891.94072829
2022-06-01T16:00:00Z,30752,30752,29299.9,29804.6,11745.95380471
2022-06-02T00:00:00Z,29807.4,30122.8,29596.1,29973.6,3132.70419144
2022-06-02T08:00:00Z,29973.6,30391.3,29600.8,30205.4,4907.18408883
2022-06-02T16:00:00Z,30205.6,30702.4,29971.9,30453.9,3762.52573893
2022-06-03T00:00:00Z,30453.9,30702,30283,30444.2,2170.13732237
2022-06-03T08:00:00Z,30443.3,30533,29310,29506,7187.63844036
2022-06-03T16:00:00Z,29507.9,29889.9,29401.6,29702.3,3066.4676105
2022-06-04T00:00:00Z,29702.4,29761,29485,29699.9,1647.3956097
2022-06-04T08:00:00Z,29700,29980,29481.3,29854.4,2224.17717479
2022-06-04T16:00:00Z,29854.4,30060,29607.3,29867.2,1524.51900099
2022-06-05T00:00:00Z,29867.2,29898,29643.6,29643.6,921.24120673
2022-06-05T08:00:00Z,29643.6,29977,29532.6,29973.5,1753.88434892
2022-06-05T16:00:00Z,29973.6,30192.9,29764.3,29922.5,2717.93654472
2022-06-06T00:00:00Z,29922.5,31442.3,29892,31296.1,5519.59174381
2022-06-06T08:00:00Z,31296.2,31767,31155.9,31538.8,7256.23548697
2022-06-06T16:00:00Z,31538.9,31600,31056,31370.8,4286.66380972
2022-06-07T00:00:00Z,31370.9,31379.8,29220,29582,6701.55618133
2022-06-07T08:00:00Z,29582,30100,29350.1,29892.8,5314.82128151
2022-06-07T16:00:00Z,29892.9,31589.9,29749.1,31126.6,8077.69528244
2022-06-08T00:00:00Z,31126.8,31350.1,29840.8,30558.1,5173.23275329
2022-06-08T08:00:00Z,30558.1,30891.8,30053,30479.7,3376.87648524
2022-06-08T16:00:00Z,30479.6,30553.1,29916.8,30205,2481.08096328
2022-06-09T00:00:00Z,30205.1,30489.6,30070.8,30489.6,1590.59560988
2022-06-09T08:00:00Z,30490,30698,29942,30308.3,3161.7987118
2022-06-09T16:00:00Z,30307.8,30449,29900,30107.5,2323.41137988
2022-06-10T00:00:00Z,30107.5,30367.7,29577.7,30054.9,3382.93635374
2022-06-10T08:00:00Z,30054.9,30184,29224,29452.5,4524.89689203
2022-06-10T16:00:00Z,29452.5,29485.5,28752,29089.5,3552.98801819
2022-06-11T00:00:00Z,29089.5,29433,29048.1,29328.6,830.50527521
2022-06-11T08:00:00Z,29328.6,29342.9,28240,28400.6,5085.39146311
2022-06-11T16:00:00Z,28400.6,28797.1,28109.1,28422.8,2592.26127898
2022-06-12T00:00:00Z,28424.3,28543.7,27161.1,27648.2,3336.57939818
2022-06-12T08:00:00Z,27648.2,28358.8,26870.1,28094.1,3544.93669102
2022-06-12T16:00:00Z,28094.1,28250,26561.6,26577.2,3435.52338631
2022-06-13T00:00:00Z,26577.2,26906.9,24564.5,24804.4,9891.74746221
2022-06-13T08:00:00Z,24806.6,24950.6,22600,23285.4,13556.80121863
2022-06-13T16:00:00Z,23285.7,24213.5,21931,22483.9,11495.21923225
2022-06-14T00:00:00Z,22483.9,23354.9,20838.1,22879.8,12264.50041934
2022-06-14T08:00:00Z,22879.9,22993.3,21721.9,22692.5,7383.40929881
2022-06-14T16:00:00Z,22689.9,22790,21361.3,22140.3,6617.3717959
2022-06-15T00:00:00Z,22140.3,22305,20636,20724.3,9492.49358991
2022-06-15T08:00:00Z,20724.3,21793.1,20110,21420.8,12297.10830151
2022-06-15T16:00:00Z,21420.8,22800.3,20228,22585.1,14151.32263231
2022-06-16T00:00:00Z,22585.1,23000,21645,21759.8,5592.39045025
2022-06-16T08:00:00Z,21759.8,21891.8,20755.5,21075.7,8022.26492118
2022-06-16T16:00:00Z,21080.9,21460,20227.7,20398.6,7485.62571592
2022-06-17T00:00:00Z,20398.6,21279.9,20249.8,21098.1,7864.77767429
2022-06-17T08:00:00Z,21098.2,21368.4,20391.2,20669,5906.06702744
2022-06-17T16:00:00Z,20668.9,20794.4,20372,20469.8,3697.81125552
2022-06-18T00:00:00Z,20469.9,20780,19053.3,19249.3,6475.07017598
2022-06-18T08:00:00Z,19249.3,19544.9,18734.8,18955.7,7392.06115825
2022-06-18T16:00:00Z,18955.7,19500,17614.7,18979.5,14167.8630716
2022-06-19T00:00:00Z,18979.5,19201.3,17962.2,18307.8,6842.17888569
2022-06-19T08:00:00Z,18307.8,20065.4,18272.8,19824.7,7816.88074541
2022-06-19T16:00:00Z,19821.9,20821.2,19378.6,20570.1,6757.38696657
2022-06-20T00:00:00Z,20570.1,20656.9,19631.3,20089,7054.97283169
2022-06-20T08:00:00Z,20089,21080,20029.4,20826.8,7021.89675057
2022-06-20T16:00:00Z,20829,20834.6,19836.1,20573,5829.21232205
2022-06-21T00:00:00Z,20571.9,21340,20351.6,21116.8,5651.99258518
2022-06-21T08:00:00Z,21116.8,21729.9,20853,21392.1,7022.6413594
2022-06-21T16:00:00Z,21392.1,21550.8,20542,20722,5044.87357005
2022-06-22T00:00:00Z,20721.9,20737.7,19952.8,20096,5308.67673772
2022-06-22T08:00:00Z,20098.6,20899.1,20041.8,20087.9,6085.34892612
2022-06-22T16:00:00Z,20087.9,20380,19779.3,19988.6,6684.40305158
2022-06-23T00:00:00Z,19988.6,20656,19877.6,20455.8,4779.90292017
2022-06-23T08:00:00Z,20455.7,20825,20287.9,20355.4,4856.90115166
2022-06-23T16:00:00Z,20357.2,21257.4,20175.1,21111,7457.0155396
2022-06-24T00:00:00Z,21111,21400.9,20732.8,20910.8,5364.23900276
2022-06-24T08:00:00Z,20915.9,21500,20746.5,20883.7,7677.96051618
2022-06-24T16:00:00Z,20883.7,21566,20787.9,21236.1,5722.74737131
2022-06-25T00:00:00Z,21236.2,21607.8,21127.2,21508.4,3949.41196946
2022-06-25T08:00:00Z,21508.3,21553.5,20913.4,20963.1,3881.67359979
2022-06-25T16:00:00Z,20963.2,21588,20917.8,21492.3,3889.13369471
2022-06-26T00:00:00Z,21489.6,21542.9,21281,21394.5,2501.65054958
2022-06-26T08:00:00Z,21394.5,21888,21197,21326.3,4153.19595687
2022-06-26T16:00:00Z,21326.2,21442.9,20970,21037.9,4904.14341174
2022-06-27T00:00:00Z,21038,21398.8,20920,21361.3,4096.76249646
2022-06-27T08:00:00Z,21361.4,21540.2,20588.1,20757.5,6874.52120791
2022-06-27T16:00:00Z,20757.5,20982,20500,20743.6,5884.83457573
2022-06-28T00:00:00Z,20743.6,20940,20510,20879.6,4881.91684285
2022-06-28T08:00:00Z,20879.6,21206,20589.2,20605.1,6725.56915964
2022-06-28T16:00:00Z,20605.1,20765.7,20202,20280,6940.01202503
2022-06-29T00:00:00Z,20280.1,20395,19903.9,20091.7,6283.61645704
2022-06-29T08:00:00Z,20091.7,20232,19855.9,20085.9,7654.92096581
2022-06-29T16:00:00Z,20085.8,20428.5,19932,20126.4,5339.15689798
2022-06-30T00:00:00Z,20126.5,20174.5,19314.1,19435.1,5406.00587546
2022-06-30T08:00:00Z,19434.9,19440.2,18763.2,19141.8,9535.5649673
2022-06-30T16:00:00Z,19141.9,19973.6,18631.3,19937.8,8156.22499014
2022-07-01T00:00:00Z,19937.8,20914.3,19318.6,19579.4,9378.93021904
2022-07-01T08:00:00Z,19579.4,19807.4,18971,19295.8,7172.93389331
2022-07-01T16:00:00Z,19294,19695.6,19223.3,19281.8,4189.37727492
2022-07-02T00:00:00Z,19281.8,19389.9,19055.9,19125.7,3391.37977598
2022-07-02T08:00:00Z,19125.8,19454.7,18980,19230.6,3286.82116581
2022-07-02T16:00:00Z,19230.5,19403.5,19191.8,19254.4,2111.51471343
2022-07-03T00:00:00Z,19254.3,19395,18789.1,19136.9,3916.14083642
2022-07-03T08:00:00Z,19136.9,19155.6,18940,19049.2,2212.15832354
2022-07-03T16:00:00Z,19048.1,19645,19020,19316.4,3398.93251682
2022-07-04T00:00:00Z,19316.4,19341,19063.9,19122.4,2340.90857501
2022-07-04T08:00:00Z,19122.3,20117.9,19109.9,19802,5526.56307914
2022-07-04T16:00:00Z,19800.4,20354,19674.5,20235.9,4391.28059242
2022-07-05T00:00:00Z,20235,20489,20157,20216,4108.73823911
2022-07-05T08:00:00Z,20216.1,20216.1,19300,19521.9,6345.32174235
2022-07-05T16:00:00Z,19522,20757.9,19485.8,20172.9,7193.48777697
2022-07-06T00:00:00Z,20173,20379,19760.1,20162.5,6137.88648927
2022-07-06T08:00:00Z,20162.5,20359.6,19960.9,20146,4169.04058439
2022-07-06T16:00:00Z,20146,20666.5,20131.1,20562.8,4268.48265587
2022-07-07T00:00:00Z,20562.8,20592,20259.2,20439,2560.15931855
2022-07-07T08:00:00Z,20439.1,21028.8,20374.8,20886.7,4399.98894243
2022-07-07T16:00:00Z,20886.6,21836.2,20830.7,21621.4,5567.01284155
2022-07-08T00:00:00Z,21621.4,22500,21581.5,21795.8,5458.12560846
2022-07-08T08:00:00Z,21795.7,22126.9,21192.8,21965.6,9550.8369852
2022-07-08T16:00:00Z,21965.6,22035.6,21533.3,21590.1,6260.68822922
2022-07-09T00:00:00Z,21595.4,21724.6,21397.2,21648.9,3687.68974841
2022-07-09T08:00:00Z,21649,21769.3,21326,21565,2928.05995319
2022-07-09T16:00:00Z,21565,21979.9,21523.7,21590,2973.47010554
2022-07-10T00:00:00Z,21590,21605.2,21141.1,21339.8,3786.99472672
2022-07-10T08:00:00Z,21339.7,21424.7,20835.8,20901.4,3166.21111634
2022-07-10T16:00:00Z,20901.4,21177.9,20656.5,20861.9,2975.94488992
2022-07-11T00:00:00Z,20861.9,20864.1,20357.5,20438.6,3562.11844355
2022-07-11T08:00:00Z,20438.7,20751.4,20274.4,20437.3,3147.87119096
2022-07-11T16:00:00Z,20438.4,20700,19881,19961.8,3514.54551319
2022-07-12T00:00:00Z,19961.9,20056.8,19620,19729.9,3630.22557575
2022-07-12T08:00:00Z,19730,20003.7,19561.7,19882.5,3819.62024734
2022-07-12T16:00:00Z,19882.6,20003.5,19243.8,19327.9,3312.130687
2022-07-13T00:00:00Z,19327.8,19857.1,19267,19708.3,2479.70586341
2022-07-13T08:00:00Z,19708.3,20120,18902.5,19453.2,9071.70435328
2022-07-13T16:00:00Z,19453.3,20387.9,19236.3,20239.8,6399.39074198
2022-07-14T00:00:00Z,20236.3,20425,19896.7,19991.3,3559.54205356
2022-07-14T08:00:00Z,19991.4,20459.6,19621,20390.2,4966.27156152
2022-07-14T16:00:00Z,20390.2,20896.4,20155.7,20592.4,5292.80350858
2022-07-15T00:00:00Z,20590.6,20927.6,20378.7,20831.8,3652.61581244
2022-07-15T08:00:00Z,20831.8,21095,20720,20791.4,4222.31934437
2022-07-15T16:00:00Z,20791.5,21199,20632.9,20834,4264.7528717
2022-07-16T00:00:00Z,20830.9,20858,20477,20550,1718.05318645
2022-07-16T08:00:00Z,20549.9,20957.2,20542.1,20945.8,1480.71903221
2022-07-16T16:00:00Z,20945.9,21580,20913,21192.3,4135.71356821
2022-07-17T00:00:00Z,21192.3,21666,21090.2,21469.1,2725.5251456
2022-07-17T08:00:00Z,21469.1,21544.7,21089.3,21170.5,2276.99133065
2022-07-17T16:00:00Z,21170.5,21355,20750.6,20798.6,2995.5143493
2022-07-18T00:00:00Z,20798.7,22432.2,20766.3,22246.3,4822.21737942
2022-07-18T08:00:00Z,22246.4,22774.3,21902.1,22667.9,4710.7852526
2022-07-18T16:00:00Z,22677.5,22706.8,21400,22436.7,6137.49240696
2022-07-19T00:00:00Z,22436.8,22953.9,21582.9,21764.3,5573.56469288
2022-07-19T08:00:00Z,21761.8,23193,21700,23127.5,6423.29116719
2022-07-19T16:00:00Z,23127.4,23795,22956.1,23398.3,6223.21009552
2022-07-20T00:00:00Z,23398.3,23856.9,22931.1,23381,3151.1374582
2022-07-20T08:00:00Z,23380.9,24270,23312.4,24162.1,5014.90254989
2022-07-20T16:00:00Z,24166,24194.2,22907.7,23219.4,5530.7416999
2022-07-21T00:00:00Z,23219.4,23432.9,22641.2,22933.9,2713.87642038
2022-07-21T08:00:00Z,22934,23067,22346.6,22639.7,3191.31118345
2022-07-21T16:00:00Z,22638,23305,22633,23149.1,3032.92058157
2022-07-22T00:00:00Z,23149.1,23349.9,22806.6,23112.5,1599.38223222
2022-07-22T08:00:00Z,23117,23754,23069.6,23281.3,4252.3605082
2022-07-22T16:00:00Z,23281.7,23341.9,22500,22684.1,2696.52022934
2022-07-23T00:00:00Z,22684.1,22993.9,22548.9,22771.6,1299.48845994
2022-07-23T08:00:00Z,22771.7,22869.9,22055.8,22214.6,2716.09349776
2022-07-23T16:00:00Z,22214.7,22555,21944.7,22448.2,2186.68545183
2022-07-24T00:00:00Z,22448.2,22829.1,22262,22705.4,2079.3708518
2022-07-24T08:00:00Z,22705.4,22915.3,22447.1,22845.4,2129.61950928
2022-07-24T16:00:00Z,22845.5,23010.2,22520,22577.9,1801.61096972
2022-07-25T00:00:00Z,22578,22662,21743.2,21965.2,2470.04139928
2022-07-25T08:00:00Z,21965.3,22104.3,21688,21892,2372.72653
2022-07-25T16:00:00Z,21894,22247.6,21259.7,21309,4370.62738892
2022-07-26T00:00:00Z,21308.9,21342.7,20852.2,21064.2,3146.90926109
2022-07-26T08:00:00Z,21064.2,21187.7,20715.9,20740.5,2600.42421618
2022-07-26T16:00:00Z,20740.5,21300,20735.4,21253.8,2756.74763429
2022-07-27T00:00:00Z,21253.9,21444,21043.1,21349.9,1884.580637
2022-07-27T08:00:00Z,21350,21540.7,21132,21530,2134.38319725
2022-07-27T16:00:00Z,21527.5,23200,21460.2,22954.3,7920.83566594
2022-07-28T00:00:00Z,22954.3,23456,22706.7,22923,2434.41635268
2022-07-28T08:00:00Z,22923,23987,22578.6,23744.7,4946.05058993
2022-07-28T16:00:00Z,23741.9,24194.4,23665.4,23845.1,3591.34564214
2022-07-29T00:00:00Z,23845.2,24435,23702.5,23940.3,2579.94853273
2022-07-29T08:00:00Z,23940.3,24247.6,23420.1,24003.4,4549.35725426
2022-07-29T16:00:00Z,24003.5,24131,23607.6,23772.6,3345.09681507
2022-07-30T00:00:00Z,23772.7,23963,23630.1,23877.4,1552.15099644
2022-07-30T08:00:00Z,23877.4,24721,23733.7,24524.1,3406.62273484
2022-07-30T16:00:00Z,24524.1,24588.7,23510.1,23638.1,2801.07027031
2022-07-31T00:00:00Z,23638.1,23885.7,23522.1,23711.1,1305.05013693
2022-07-31T08:00:00Z,23711.2,23858,23559.3,23771.4,1430.20622091
2022-07-31T16:00:00Z,23771.5,24192.3,23230,23295.6,3423.00112641
2022-08-01T00:00:00Z,23295.6,23463.7,23110.4,23321.3,1580.52754149
2022-08-01T08:00:00Z,23321.3,23501,22945,23326.1,4381.935224
2022-08-01T16:00:00Z,23323.5,23407.8,22849.7,23264,2845.35703013
2022-08-02T00:00:00Z,23263.9,23438,22718.6,22888.9,2121.21274296
2022-08-02T08:00:00Z,22888.9,23142,22654.2,22975.2,3568.7596605
2022-08-02T16:00:00Z,22975.2,23450,22852.8,22980.5,2666.37616054
2022-08-03T00:00:00Z,22980.5,23067.9,22687.6,22981.8,2305.91274025
2022-08-03T08:00:00Z,22983.8,23638.7,22983.8,23360.7,4038.01510658
2022-08-03T16:00:00Z,23357.8,23567.6,22723.8,22821.8,2946.62734937
2022-08-04T00:00:00Z,22821.8,23218.8,22795.7,22942.1,2148.20505194
2022-08-04T08:00:00Z,22942,23139,22751.7,22930,2803.29508194
2022-08-04T16:00:00Z,22930,22975.6,22382.7,22619.6,2629.6944369
2022-08-05T00:00:00Z,22619.5,23425.9,22589.7,23181.8,2388.35317651
2022-08-05T08:00:00Z,23181.7,23467,22882,22988.6,4010.26573926
2022-08-05T16:00:00Z,22988.7,23321.9,22761,23307.5,2330.75790598
2022-08-06T00:00:00Z,23307.6,23346,23146,23202,1262.87964055
2022-08-06T08:00:00Z,23202,23258,23110,23203.8,1224.33922611
2022-08-06T16:00:00Z,23203.7,23252,22912.1,22953.8,1731.20850916
2022-08-07T00:00:00Z,22953.9,23046.9,22848,23014.7,1039.63730346
2022-08-07T08:00:00Z,23014.8,23180.8,22892,23021.3,1384.10247959
2022-08-07T16:00:00Z,23021.3,23400,23000.1,23172.1,1994.47520573
2022-08-08T00:00:00Z,23172.1,23847.7,23156.2,23803.4,2019.95090687
2022-08-08T08:00:00Z,23803.3,24244.4,23770.3,23989.1,4534.51436868
2022-08-08T16:00:00Z,23989.1,24102,23670,23810.6,2740.99041175
2022-08-09T00:00:00Z,23810.6,23923.4,23631.3,23871.7,1527.80915597
2022-08-09T08:00:00Z,23871.8,23884.6,22868.7,23073.9,4168.24078771
2022-08-09T16:00:00Z,23073.9,23292,22976,23148.3,2010.79203876
2022-08-10T00:00:00Z,23148.3,23148.3,22630,22960.8,2421.45060545
2022-08-10T08:00:00Z,22960.7,24176.1,22960.7,23991,5954.70216853
2022-08-10T16:00:00Z,23991,24277,23471.9,23952,3872.03767509
2022-08-11T00:00:00Z,23952,24736.5,23915.8,24430.1,3888.62870435
2022-08-11T08:00:00Z,24430.1,24904.8,24285,24342.5,3969.36023671
2022-08-11T16:00:00Z,24342.5,24423.7,23855.1,23935.1,2864.36619348
2022-08-12T00:00:00Z,23935.1,24094,23762.8,23960,1453.44597397
2022-08-12T08:00:00Z,23960,24148.7,23586.4,23978.6,2570.01769864
2022-08-12T16:00:00Z,23978.5,24447.7,23953.3,24397.5,2519.49681665
2022-08-13T00:00:00Z,24397.6,24881.2,24332.1,24570,2683.09100479
2022-08-13T08:00:00Z,24570,24648,24292.2,24513.9,1683.54890311
2022-08-13T16:00:00Z,24513.9,24593.6,24318,24443.4,1316.0434153
2022-08-14T00:00:00Z,24443.5,25041.5,24347,24875,1623.05345077
2022-08-14T08:00:00Z,24875,24879.8,24400,24524.5,1791.03448666
2022-08-14T16:00:00Z,24524.6,24552.8,24145.5,24307,1884.51547374
2022-08-15T00:00:00Z,24307,25206.7,23940,24026.4,4731.33645517
2022-08-15T08:00:00Z,24026.3,24307,23868,24224,2799.56201817
2022-08-15T16:00:00Z,24224.1,24278.7,23778.1,24096.8,2059.70624419
2022-08-16T00:00:00Z,24093.9,24244.5,23799.1,23994.9,1444.59943209
2022-08-16T08:00:00Z,23996.1,24147.7,23677.3,23897.8,2216.70963625
2022-08-16T16:00:00Z,23897.8,24056.9,23691.4,23852.5,1724.98483286
2022-08-17T00:00:00Z,23852.5,24440.3,23756,23786.2,2726.80056991
2022-08-17T08:00:00Z,23786.2,23918.9,23319.2,23392.6,3422.65942853
2022-08-17T16:00:00Z,23392.6,23642.8,23170,23334.6,3480.24101582
2022-08-18T00:00:00Z,23336,23510,23285.2,23410.1,1927.50256382
2022-08-18T08:00:00Z,23410.2,23598.5,23337.4,23451.3,2321.55246182
2022-08-18T16:00:00Z,23451.3,23468,23111,23190.6,1954.99224288
2022-08-19T00:00:00Z,23190.6,23200.9,21295.9,21906.9,4119.60183429
2022-08-19T08:00:00Z,21903.8,21916.1,21267.6,21445.7,3803.02557039
2022-08-19T16:00:00Z,21445.8,21659,20788,20835.9,3164.50908967
2022-08-20T00:00:00Z,20836.5,21367.6,20800,21310.3,1961.19096097
2022-08-20T08:00:00Z,21310.3,21345.5,21121.8,21299.2,1594.46649822
2022-08-20T16:00:00Z,21299.3,21356,20761,21141.4,3220.10397147
2022-08-21T00:00:00Z,21141.4,21328.7,21070.1,21251,1314.04284489
2022-08-21T08:00:00Z,21250.9,21583.6,21227.7,21419.4,2597.30277827
2022-08-21T16:00:00Z,21419.4,21781.6,21255.3,21517.3,3547.67699329
2022-08-22T00:00:00Z,21517.3,21530.8,21061,21100.1,2682.94860713
2022-08-22T08:00:00Z,21100.1,21446.1,20900,21404,5235.57705947
2022-08-22T16:00:00Z,21404,21543.3,20965.4,21400.2,3246.94246063
2022-08-23T00:00:00Z,21400.2,21465.4,20895.9,21305.9,2780.06065371
2022-08-23T08:00:00Z,21306,21676.9,21288.1,21470,3642.56155558
2022-08-23T16:00:00Z,21470,21647.9,21361.2,21522.9,2139.25383866
2022-08-24T00:00:00Z,21528.4,21554.6,21151.4,21317.9,2159.41434541
2022-08-24T08:00:00Z,21317.8,21650,21266.7,21618.2,2618.41804205
2022-08-24T16:00:00Z,21618.3,21894.6,21365.3,21366.7,2795.39607656
2022-08-25T00:00:00Z,21366.6,21758,21308.7,21743.5,1839.96649271
2022-08-25T08:00:00Z,21743.5,21815.1,21489,21568.3,2001.20974866
2022-08-25T16:00:00Z,21568.4,21684.8,21426.9,21557.5,1833.98391229
2022-08-26T00:00:00Z,21557.5,21609,21318.9,21451,1790.73858912
2022-08-26T08:00:00Z,21450.9,21874.9,20641.2,20780,7885.82319456
2022-08-26T16:00:00Z,20780.1,20833.3,20107.3,20239.8,3962.52093909
2022-08-27T00:00:00Z,20239.8,20380.2,19926,20270.5,2399.71767132
2022-08-27T08:00:00Z,20270.6,20277.5,19800,19976.5,2138.79141689
2022-08-27T16:00:00Z,19976.5,20099.9,19835.4,20033.7,1999.30811613
2022-08-28T00:00:00Z,20033.7,20172.3,19928,20055.5,1154.19400036
2022-08-28T08:00:00Z,20055.6,20104.6,19808,20019.2,1867.45017884
2022-08-28T16:00:00Z,20019.2,20150,19519.9,19557.1,2669.06332526
2022-08-29T00:00:00Z,19557.1,19966,19549.4,19893.2,2618.08269283
2022-08-29T08:00:00Z,19893.3,20382.5,19767,20259.9,4161.71285713
2022-08-29T16:00:00Z,20260.4,20427.9,20080,20291.4,2723.39424123
2022-08-30T00:00:00Z,20290.1,20577.4,20113.5,20431.7,2409.53981736
2022-08-30T08:00:00Z,20435.8,20514.1,19649,19759.7,4520.81143319
2022-08-30T16:00:00Z,19756.2,20097.3,19540,19809.6,4013.30058977
2022-08-31T00:00:00Z,19809.5,20489.1,19797.8,20256.9,3146.13142439
2022-08-31T08:00:00Z,20256.9,20425.2,19875.9,20142.4,3858.86297298
2022-08-31T16:00:00Z,20142.5,20331,19880,20055.9,2687.37033701
2022-09-01T00:00:00Z,20052,20205,19806.7,19893.8,2385.21218661
2022-09-01T08:00:00Z,19893.8,20123.9,19657,19784.2,3045.73845585
2022-09-01T16:00:00Z,19784.1,20176.4,19569,20131.1,2774.29704044
2022-09-02T00:00:00Z,20134.1,20294,19959,20111.5,1342.78408851
2022-09-02T08:00:00Z,20111.6,20436.3,19993.7,20355.1,2767.81009641
2022-09-02T16:00:00Z,20355.1,20376.4,19754.1,19951,2620.97695427
2022-09-03T00:00:00Z,19951.1,20050,19755,19817.1,817.35688374
2022-09-03T08:00:00Z,19817.2,19901.2,19725.9,19770,975.70372144
2022-09-03T16:00:00Z,19770,19847.9,19654.6,19833.5,1098.886474
2022-09-04T00:00:00Z,19833.5,19860,19621.2,19637,717.96519149
2022-09-04T08:00:00Z,19635.5,19933.7,19585.5,19792.6,1628.0379678
2022-09-04T16:00:00Z,19792.5,20037.6,19724.2,20003,1641.73190723
2022-09-05T00:00:00Z,20002.9,20053.9,19684,19752.3,1354.17907565
2022-09-05T08:00:00Z,19752.4,19947.4,19636.1,19852.7,1794.41599949
2022-09-05T16:00:00Z,19852.7,19911.2,19672,19794.1,1910.27622323
2022-09-06T00:00:00Z,19794.1,20176,19681.9,19908.9,3032.57004705
2022-09-06T08:00:00Z,19908.8,20025.9,19660.7,19819.7,2890.4532018
2022-09-06T16:00:00Z,19819.7,19856,18652,18791.9,6123.1415251
2022-09-07T00:00:00Z,18791.8,18870,18538.6,18803.5,2570.9108723
2022-09-07T08:00:00Z,18803.5,18961.8,18678.5,18869.4,2582.39168317
2022-09-07T16:00:00Z,18869.4,19489,18853.9,19293.7,4161.1701002
2022-09-08T00:00:00Z,19293.7,19382,19056,19174.6,2155.32870509
2022-09-08T08:00:00Z,19174.5,19390,19016.1,19250.5,4394.14491106
2022-09-08T16:00:00Z,19250.4,19460.8,19093.3,19320,2367.58931923
2022-09-09T00:00:00Z,19320,20806.5,19294.5,20628.2,5207.09406175
2022-09-09T08:00:00Z,20628.3,21350,20623.6,21264.8,5389.65877059
2022-09-09T16:00:00Z,21264.9,21628.2,21114,21360.8,3565.3298068
2022-09-10T00:00:00Z,21360.8,21675.8,21158.2,21280.8,2028.03047833
2022-09-10T08:00:00Z,21280.8,21387,21119.1,21215.7,1766.5022939
2022-09-10T16:00:00Z,21215.8,21810.2,21172.2,21647.8,2903.98658008
2022-09-11T00:00:00Z,21647.8,21681.4,21345,21610.4,1480.1144706
2022-09-11T08:00:00Z,21610.4,21747.9,21458.1,21641,1399.41901647
2022-09-11T16:00:00Z,21640.9,21865,21450.6,21824.4,2265.27432753
2022-09-12T00:00:00Z,21824.5,22364,21506,22189.5,4568.4017444
2022-09-12T08:00:00Z,22189.6,22480.9,21955.9,22114.3,3876.45134094
2022-09-12T16:00:00Z,22114.4,22478.8,22015.2,22398.1,3159.77195208
2022-09-13T00:00:00Z,22398.1,22633,22063.4,22268.2,2451.75730964
2022-09-13T08:00:00Z,22273.1,22800,20768.2,20834.3,7865.65155667
2022-09-13T16:00:00Z,20827.3,20923.4,19850,20174,5696.01442446
2022-09-14T00:00:00Z,20176.7,20533.7,20040.5,20248,2052.75533485
2022-09-14T08:00:00Z,20245.8,20418.8,20078,20176.9,2673.86887365
2022-09-14T16:00:00Z,20176.9,20391,19622.9,20228.4,4248.10204652
2022-09-15T00:00:00Z,20228.4,20329.7,19927.2,20204.4,3414.97766877
2022-09-15T08:00:00Z,20204.3,20219.9,19494.5,19738.6,3466.02166477
2022-09-15T16:00:00Z,19738.5,19944.5,19582,19700.6,2078.29801906
2022-09-16T00:00:00Z,19701.8,19857,19585,19739.9,1421.31191849
2022-09-16T08:00:00Z,19740,19888,19447.9,19662,2653.39781197
2022-09-16T16:00:00Z,19662.1,19812.7,19335.3,19803,2412.43489865
2022-09-17T00:00:00Z,19802.9,20077.4,19768.5,19844.8,1558.18036162
2022-09-17T08:00:00Z,19844.8,20023.6,19750,19962.5,1083.1216361
2022-09-17T16:00:00Z,19962.6,20181.9,19939.3,20112.5,1861.73286299
2022-09-18T00:00:00Z,20112.5,20114.1,19950.1,20053.4,930.37830627
2022-09-18T08:00:00Z,20053.5,20096.4,19728,19814.9,2048.1543397
2022-09-18T16:00:00Z,19814.9,19880,19329.6,19415.9,3439.46760068
2022-09-19T00:00:00Z,19416,19515,18255.5,18468.3,4352.45445305
2022-09-19T08:00:00Z,18468.3,19430.9,18371.4,19080.1,3558.93774021
2022-09-19T16:00:00Z,19080.1,19688,18876.8,19534.8,3114.10606525
2022-09-20T00:00:00Z,19534.8,19634.7,19175.3,19343.5,1384.28011248
2022-09-20T08:00:00Z,19359.6,19422,18771,19237.1,2177.70068735
2022-09-20T16:00:00Z,19237.2,19317,18725.1,18872.6,1967.40436332
2022-09-21T00:00:00Z,18872.6,19131.7,18789.4,18947.9,1220.66552717
2022-09-21T08:00:00Z,18948,19475.8,18822.6,19188.9,4352.30504699
2022-09-21T16:00:00Z,19190.9,19949,18135.8,18457.8,18787.10149272
2022-09-22T00:00:00Z,18456.3,18970.5,18349.7,18938.9,4155.77982459
2022-09-22T08:00:00Z,18938.9,19315.8,18791.9,18989,6106.48959768
2022-09-22T16:00:00Z,18984.5,19520,18785,19401.2,4731.0849914
2022-09-23T00:00:00Z,19401.2,19494.4,19201.6,19223.3,2481.3588832
2022-09-23T08:00:00Z,19223.3,19270.7,18538,18717.2,4318.48220474
2022-09-23T16:00:00Z,18715.2,19400.4,18575.1,19289.2,5136.49941483
2022-09-24T00:00:00Z,19289.2,19312.8,18928,18995.1,3751.64089705
2022-09-24T08:00:00Z,18995.2,19224.9,18940.6,19122,3958.90755434
2022-09-24T16:00:00Z,19122.1,19194.2,18806.4,18920.6,4295.41146095
2022-09-25T00:00:00Z,18920.6,19129.9,18914.2,19096.9,3043.22330821
2022-09-25T08:00:00Z,19096.9,19182,18844.9,18990.1,3346.07165318
2022-09-25T16:00:00Z,18990.1,19120,18631,18809.6,4958.65610806
2022-09-26T00:00:00Z,18809.6,18947.4,18684.1,18912,14778.82662905
2022-09-26T08:00:00Z,18912,19319.2,18804.5,19112.9,33574.35996286
2022-09-26T16:00:00Z,19113,19268,18968.7,19228.4,18732.17905189
2022-09-27T00:00:00Z,19228.5,20360,19189.3,20180.8,30281.02336854
2022-09-27T08:00:00Z,20180.9,20380,19871,19890.6,49248.98206611
2022-09-27T16:00:00Z,19887.9,19948.9,18817.2,19079.5,51351.26759353
2022-09-28T00:00:00Z,19078.8,19237.9,18467.9,18785.2,33050.55422684
2022-09-28T08:00:00Z,18784.9,19499.9,18564.3,19488.9,71888.63841462
2022-09-28T16:00:00Z,19488.9,19782,19262.9,19413.9,24262.91050392
2022-09-29T00:00:00Z,19414,19626,19273.1,19361.4,5811.19397947
2022-09-29T08:00:00Z,19361.4,19544.9,18850,19288.3,6716.042143
2022-09-29T16:00:00Z,19288.4,19643.5,19112.6,19588.6,4152.00710113
2022-09-30T00:00:00Z,19588.7,19695.8,19312.7,19569.4,2429.78996914
2022-09-30T08:00:00Z,19569.5,20177.9,19155,19750.3,8071.37378608
2022-09-30T16:00:00Z,19750.4,19884.7,19246,19422,4864.08086261
2022-10-01T00:00:00Z,19422,19483.6,19260.3,19310.7,960.50817999
2022-10-01T08:00:00Z,19310.7,19396.9,19155.8,19332,1244.15411246
2022-10-01T16:00:00Z,19332.6,19349.9,19202.2,19311.5,1207.92300739
2022-10-02T00:00:00Z,19311.6,19392.2,19234,19283.6,1101.92403115
2022-10-02T08:00:00Z,19283.7,19298.7,19040,19144,2000.67435406
2022-10-02T16:00:00Z,19144,19344,18925,19056.8,4099.37080754
2022-10-03T00:00:00Z,19056.9,19315.9,18960.3,19196.8,3047.52391684
2022-10-03T08:00:00Z,19196.9,19494.8,19126.5,19334.2,4122.0263265
2022-10-03T16:00:00Z,19334.3,19717.6,19312,19628.8,4352.51225269
2022-10-04T00:00:00Z,19627.1,19970.3,19489.5,19963.2,2984.82064664
2022-10-04T08:00:00Z,19963.2,20300,19812,20095.7,5043.70688383
2022-10-04T16:00:00Z,20095.7,20461.4,19872.5,20339.3,4959.48328087
2022-10-05T00:00:00Z,20339.3,20364,20076.4,20224.4,1655.25141883
2022-10-05T08:00:00Z,20225.2,20244.2,19739,20000,3907.22049763
2022-10-05T16:00:00Z,20000,20350,19955.6,20158.2,3545.31366047
2022-10-06T00:00:00Z,20158.2,20447.8,20145.6,20220,3964.96606885
2022-10-06T08:00:00Z,20217.7,20321,19879.6,20012.7,6158.04799834
2022-10-06T16:00:00Z,20012.7,20260,19858,19960.2,2966.28605744
2022-10-07T00:00:00Z,19960.3,20051.4,19814.4,19926.3,1430.38652423
2022-10-07T08:00:00Z,19926.3,20065,19476,19575.7,4940.65181773
2022-10-07T16:00:00Z,19575.7,19648,19330.2,19532.5,2759.78924641
2022-10-08T00:00:00Z,19532.5,19624.6,19422.2,19500,872.08618924
2022-10-08T08:00:00Z,19500,19545,19420.8,19487.5,805.95463376
2022-10-08T16:00:00Z,19487.6,19531.9,19248,19414.8,1467.78665735
2022-10-09T00:00:00Z,19414.8,19450.7,19324,19408.8,692.90045366
2022-10-09T08:00:00Z,19408.8,19550,19375.3,19536.9,1028.92580667
2022-10-09T16:00:00Z,19536.9,19551,19352,19442.8,1448.83217145
2022-10-10T00:00:00Z,19442.8,19523,19370.8,19411.4,1118.26616629
2022-10-10T08:00:00Z,19411.5,19439,19132.1,19271.2,2850.73181129
2022-10-10T16:00:00Z,19271.2,19356,19027,19132.4,2401.08556069
2022-10-11T00:00:00Z,19132.3,19132.3,18953.3,19085.9,2447.08489578
2022-10-11T08:00:00Z,19085.9,19265,18863,19146.8,3728.55985502
2022-10-11T16:00:00Z,19146.9,19182.1,18921,19061,1907.86203692
2022-10-12T00:00:00Z,19060.9,19198.6,19025.4,19110.9,2112.43823937
2022-10-12T08:00:00Z,19110.9,19198.9,18936,19139.2,27119.63322451
2022-10-12T16:00:00Z,19138.5,19244.2,19039,19155.5,13034.89733764
2022-10-13T00:00:00Z,19155.5,19175,18950,19005.6,11444.21107781
2022-10-13T08:00:00Z,19005.6,19050.4,18121.4,18956.6,19853.45709146
2022-10-13T16:00:00Z,18956.3,19510.2,18901.7,19375.3,11267.10903339
2022-10-14T00:00:00Z,19375.1,19952.2,19331.9,19639.8,9236.64109392
2022-10-14T08:00:00Z,19639.5,19850,19303.9,19358.8,11571.08246935
2022-10-14T16:00:00Z,19358.1,19403.1,19077,19176.8,9021.04644706
2022-10-15T00:00:00Z,19174.6,19229.3,19131.7,19170.1,3447.23749469
2022-10-15T08:00:00Z,19170.2,19197.4,19035.3,19128.6,3326.08666934
2022-10-15T16:00:00Z,19128.4,19163,18970,19068,2863.52065657
2022-10-16T00:00:00Z,19067.8,19172.6,19063.3,19134.8,1857.89929825
2022-10-16T08:00:00Z,19134.7,19197,19082.5,19157,2250.39572365
2022-10-16T16:00:00Z,19157.5,19427.8,19102,19262,7052.68105592
2022-10-17T00:00:00Z,19261.8,19320.4,19154.7,19295.9,5713.17882746
2022-10-17T08:00:00Z,19296.3,19676,19243.1,19532,7699.84241602
2022-10-17T16:00:00Z,19531.9,19631.7,19440,19546,6051.42375017
2022-10-18T00:00:00Z,19546.4,19714,19479.1,19665.4,5109.23380531
2022-10-18T08:00:00Z,19665.4,19678.3,19280,19375,6086.9480896
2022-10-18T16:00:00Z,19373.8,19441.8,19091.5,19327.9,5709.60106255
2022-10-19T00:00:00Z,19328,19360,19148.1,19218,4198.78674377
2022-10-19T08:00:00Z,19215.9,19305.3,19071.9,19267.7,4345.52540373
2022-10-19T16:00:00Z,19265.6,19279.6,19084,19124.4,4277.74946468
2022-10-20T00:00:00Z,19124.4,19214.6,18900,19145.2,6767.97717534
2022-10-20T08:00:00Z,19145.3,19350,19103.3,19251.4,7765.62275733
2022-10-20T16:00:00Z,19252.5,19252.7,18932.7,19042.8,6674.94109948
2022-10-21T00:00:00Z,19042.8,19134.3,18989.5,19028.1,3165.80829282
2022-10-21T08:00:00Z,19027.6,19175,18650.7,19165.7,6542.53009222
2022-10-21T16:00:00Z,19169.4,19250,19087.8,19161.9,3781.5474017
2022-10-22T00:00:00Z,19162.2,19185.8,19111.5,19163.6,1713.09308353
2022-10-22T08:00:00Z,19163.5,19254,19134.9,19233.4,1700.92935093
2022-10-22T16:00:00Z,19233.2,19247.8,19127.5,19203.1,1613.89184192
2022-10-23T00:00:00Z,19203.4,19222.7,19146,19162.1,1655.9228692
2022-10-23T08:00:00Z,19162,19211.9,19069.6,19191.3,1788.80491122
2022-10-23T16:00:00Z,19190.6,19695,19168.9,19568.9,6521.77959158
2022-10-24T00:00:00Z,19567.9,19605.9,19255.6,19322.1,4995.37898963
2022-10-24T08:00:00Z,19322.8,19452.2,19157,19303,4932.65029639
2022-10-24T16:00:00Z,19303.1,19424.4,19221,19328.6,3728.08054794
2022-10-25T00:00:00Z,19328.9,19377,19250,19306.2,2520.22866317
2022-10-25T08:00:00Z,19306.7,19818,19237.5,19748.3,4835.48243146
2022-10-25T16:00:00Z,19748.5,20414,19714.5,20078.7,11223.71383203
2022-10-26T00:00:00Z,20078.5,20380,20049.3,20344.3,4753.3137098
2022-10-26T08:00:00Z,20345.2,21016.2,20280,20846.3,10611.45970923
2022-10-26T16:00:00Z,20846.3,20994.6,20638.3,20770,6586.08661535
2022-10-27T00:00:00Z,20769.1,20873.3,20570.1,20712.2,4214.73548234
2022-10-27T08:00:00Z,20711.2,20777.1,20422.1,20563.5,8101.27112078
2022-10-27T16:00:00Z,20564.1,20679.5,20183.9,20294.3,7155.40407404
2022-10-28T00:00:00Z,20294.4,20336.8,20060.1,20082.3,4849.34575354
2022-10-28T08:00:00Z,20083.2,20600.1,19999.9,20485,7165.13827118
2022-10-28T16:00:00Z,20484.8,20750,20450.8,20590.3,4401.72413405
2022-10-29T00:00:00Z,20591.6,20820.4,20554.2,20772.7,3364.60767495
2022-10-29T08:00:00Z,20771.7,21093.6,20650,20923,6364.77368494
2022-10-29T16:00:00Z,20923.1,20988.8,20700,20810.5,4013.14926395
2022-10-30T00:00:00Z,20810.5,20932.1,20701,20850.3,2920.20013096
2022-10-30T08:00:00Z,20850.8,20886,20612.1,20677.8,3602.54469657
2022-10-30T16:00:00Z,20678,20741.1,20512.7,20626.9,2898.7558452
2022-10-31T00:00:00Z,20627.1,20674.2,20426.9,20548.1,2834.86130447
2022-10-31T08:00:00Z,20548.3,20841.1,20235,20403.3,7142.12908532
2022-10-31T16:00:00Z,20401.5,20531,20329.7,20492,4116.63023569
2022-11-01T00:00:00Z,20491.5,20661.4,20440.7,20599.1,3770.78524087
2022-11-01T08:00:00Z,20599,20695.5,20330.8,20445.9,5294.3321646
2022-11-01T16:00:00Z,20445.8,20520,20371.9,20481.3,3116.01595713
2022-11-02T00:00:00Z,20482.2,20563.4,20355.9,20423.5,3870.38952359
2022-11-02T08:00:00Z,20422.9,20540.8,20336,20409.4,4332.51720245
2022-11-02T16:00:00Z,20408.6,20801,20059.2,20151.8,12793.292054
2022-11-03T00:00:00Z,20151,20398,20118.7,20303.9,3877.18953259
2022-11-03T08:00:00Z,20303.3,20341.6,20029,20247.4,5732.075359
2022-11-03T16:00:00Z,20247.4,20318.3,20158,20208.7,3122.17901277
2022-11-04T00:00:00Z,20207.5,20685.9,20180,20611.4,4218.51416461
2022-11-04T08:00:00Z,20611.5,21301,20376,20838,12162.21235444
2022-11-04T16:00:00Z,20838.6,21208.7,20670.4,21144,7881.23051457
2022-11-05T00:00:00Z,21144,21480,21077.7,21385.6,4498.9133174
2022-11-05T08:00:00Z,21385.7,21425.1,21210.1,21298.6,4258.42102093
2022-11-05T16:00:00Z,21299.3,21380.4,21234.8,21297.8,2769.71680918
2022-11-06T00:00:00Z,21297.3,21363.9,21139.9,21192.8,2352.86985474
2022-11-06T08:00:00Z,21192.7,21312.3,21171.9,21240.4,2188.76375263
2022-11-06T16:00:00Z,21240,21282,20886.9,20905.7,3659.20865059
2022-11-07T00:00:00Z,20906,21069.9,20610.3,20632.6,5828.65573713
2022-11-07T08:00:00Z,20633.9,20811.8,20575.3,20765.7,5477.40891419
2022-11-07T16:00:00Z,20766.6,20891.8,20385.4,20589.1,5073.45887719
2022-11-08T00:00:00Z,20589.5,20672.8,19342.5,19798.1,10612.66275243
2022-11-08T08:00:00Z,19796,19802.6,19230.5,19522.1,8166.79663827
2022-11-08T16:00:00Z,19521.9,20681.3,17082,18548.4,30535.79592334
2022-11-09T00:00:00Z,18548.4,18596.7,18000,18237.2,10320.84024724
2022-11-09T08:00:00Z,18239.1,18256.6,16916.4,17126.8,22531.63172905
2022-11-09T16:00:00Z,17127,17343,15596,15922.3,18502.02129005
2022-11-10T00:00:00Z,15920.2,16918.9,15750,16757.1,9991.17995218
2022-11-10T08:00:00Z,16755.9,17960,16256.7,17551.6,12587.56428251
2022-11-10T16:00:00Z,17553.8,18174.6,17116.6,17604.1,7862.93849953
2022-11-11T00:00:00Z,17603,17692.6,16890,17405.7,5982.72270149
2022-11-11T08:00:00Z,17405.6,17555.8,16375,16874.5,7186.79046088
2022-11-11T16:00:00Z,16872.8,17144.4,16553,17068,6193.0704987
2022-11-12T00:00:00Z,17068,17115.9,16634.1,16822.7,3027.4323656
2022-11-12T08:00:00Z,16820.1,16995.5,16721.8,16933.3,2913.03570107
2022-11-12T16:00:00Z,16933.6,16967.2,16761.5,16813.9,1785.53460728
2022-11-13T00:00:00Z,16813.9,16956.9,16560.4,16779.4,2049.04292676
2022-11-13T08:00:00Z,16776.8,16799.9,16430,16578.1,3065.37107492
2022-11-13T16:00:00Z,16578,16623,16250,16336,4069.62221603
2022-11-14T00:00:00Z,16338.2,16896.4,15815.1,16823,6716.81905035
2022-11-14T08:00:00Z,16825.4,17186.1,16424,16599.6,5089.82142247
2022-11-14T16:00:00Z,16598.2,16750,16170.7,16618.2,4477.37120808
2022-11-15T00:00:00Z,16617.7,16942.6,16526.9,16845.4,2798.85374833
2022-11-15T08:00:00Z,16845.7,17125,16707,16986.1,4670.63193856
2022-11-15T16:00:00Z,16985.9,17068,16610.1,16897.8,4810.7297558
2022-11-16T00:00:00Z,16897.8,17020.5,16767.3,16824,4995.55941373
2022-11-16T08:00:00Z,16823.5,16852.6,16377.1,16430.5,17693.95446278
2022-11-16T16:00:00Z,16430.5,16768,16400.8,16659.2,54726.45864526
2022-11-17T00:00:00Z,16659.2,16754.8,16412.1,16606,2334.635442
2022-11-17T08:00:00Z,16606,16711,16432.5,16540.6,2697.86075865
2022-11-17T16:00:00Z,16538.6,16744.8,16521.4,16685.8,2494.21757536
2022-11-18T00:00:00Z,16685.8,16997.1,16678.5,16746.9,3104.416492
2022-11-18T08:00:00Z,16747,16849,16611.2,16691.9,2721.07410806
2022-11-18T16:00:00Z,16691.9,16731.2,16552.4,16700.3,2147.19275927
2022-11-19T00:00:00Z,16700.3,16705.5,16554.6,16602.2,1367.95930594
2022-11-19T08:00:00Z,16602.1,16681.8,16582.7,16653.8,1656.06936602
2022-11-19T16:00:00Z,16653.8,16818.9,16611.2,16700.6,2362.11551485
2022-11-20T00:00:00Z,16700.5,16749.1,16670.1,16722.1,1754.08343461
2022-11-20T08:00:00Z,16722.1,16733,16461.4,16580.1,2462.99385095
2022-11-20T16:00:00Z,16580.1,16612.1,16183.1,16283.6,2723.7131098
2022-11-21T00:00:00Z,16283.7,16308.5,15900.1,16037.8,3796.12642392
2022-11-21T08:00:00Z,16038.7,16278,15968,16132.3,3100.09571289
2022-11-21T16:00:00Z,16131.6,16136.9,15473.6,15779,4857.95380228
2022-11-22T00:00:00Z,15779,15962.4,15626.2,15763.4,3071.87836625
2022-11-22T08:00:00Z,15763.4,16297,15659.9,16240.9,4657.1763874
2022-11-22T16:00:00Z,16240.9,16285.9,16051.9,16222.8,3295.66476438
2022-11-23T00:00:00Z,16223.2,16636.9,16165.1,16581.3,3172.00783512
2022-11-23T08:00:00Z,16579.3,16664.7,16346.9,16426.4,2472.68916239
2022-11-23T16:00:00Z,16426.4,16713.3,16321,16605.8,2898.56418154
2022-11-24T00:00:00Z,16604.7,16803,16536,16620,2434.97383128
2022-11-24T08:00:00Z,16620,16638.3,16460,16558.9,1446.55826124
2022-11-24T16:00:00Z,16559,16676.8,16518.1,16601.8,2009.86639084
2022-11-25T00:00:00Z,16601.7,16618.9,16339.9,16460.2,2500.50398385
2022-11-25T08:00:00Z,16460.2,16587.4,16411.8,16511.8,2003.90482989
2022-11-25T16:00:00Z,16511.8,16618,16460.7,16519.9,1706.66755918
2022-11-26T00:00:00Z,16520,16698.1,16513.4,16585.3,2349.82135669
2022-11-26T08:00:00Z,16585.3,16685.3,16483.4,16511.2,1792.18046928
2022-11-26T16:00:00Z,16511.3,16545,16386.1,16456.4,1685.81301432
2022-11-27T00:00:00Z,16457.1,16597.1,16450.4,16563.3,831.57332469
2022-11-27T08:00:00Z,16563.4,16592.2,16515.8,16573,1267.44178406
2022-11-27T16:00:00Z,16573,16593.6,16403.2,16432.1,1943.70404666
2022-11-28T00:00:00Z,16432.1,16483.2,16065.1,16227.9,3412.89351453
2022-11-28T08:00:00Z,16226.7,16307.1,16126,16144.1,3135.35991684
2022-11-28T16:00:00Z,16144.1,16382.6,16000,16213.5,2589.96322681
2022-11-29T00:00:00Z,16213.6,16538.7,16102.4,16461.8,2336.3414239
2022-11-29T08:00:00Z,16461.8,16543,16333,16391.5,2220.66555863
2022-11-29T16:00:00Z,16391.5,16520,16344.4,16439.2,1805.38193328
2022-11-30T00:00:00Z,16439.2,17081,16429.5,16884.6,3659.06689079
2022-11-30T08:00:00Z,16884.6,16925,16764,16862.2,2181.57058783
2022-11-30T16:00:00Z,16862.2,17243.5,16711.2,17163.5,3131.7041696
2022-12-01T00:00:00Z,17163.6,17229.5,17060.6,17067.3,1439.35922643
2022-12-01T08:00:00Z,17068.4,17316.9,16895,16976.7,2923.9624669
2022-12-01T16:00:00Z,16976.7,16996.6,16865.6,16977.1,1763.77664784
2022-12-02T00:00:00Z,16977.1,17041.5,16860.3,16953.6,1479.4107616
2022-12-02T08:00:00Z,16953.7,17099,16789.1,16935.2,1927.82494545
2022-12-02T16:00:00Z,16935.2,17093.9,16905.3,17093.4,1142.13198157
2022-12-03T00:00:00Z,17093.4,17150,16927.5,16962.7,1073.1806352
2022-12-03T08:00:00Z,16964.2,16984.2,16891.1,16963.5,752.95017625
2022-12-03T16:00:00Z,16963.5,16981.8,16862.1,16885.1,938.50919719
2022-12-04T00:00:00Z,16885.1,17063.3,16881.4,16992.7,587.89950517
2022-12-04T08:00:00Z,16992.8,17060.9,16905.1,17027.9,805.35642028
2022-12-04T16:00:00Z,17027.9,17200,16972.4,17108.5,1920.38162039
2022-12-05T00:00:00Z,17108.5,17421.8,17078.3,17309.7,1842.619228
2022-12-05T08:00:00Z,17309.8,17383.2,17021.6,17083,2426.59670307
2022-12-05T16:00:00Z,17083,17127,16875.9,16966.1,1865.83462472
2022-12-06T00:00:00Z,16966.2,17098,16958.7,17002.9,1139.2139658
2022-12-06T08:00:00Z,17002.9,17038.4,16907.9,16981.8,1430.79750107
2022-12-06T16:00:00Z,16981.8,17106,16914.6,17087.1,1621.49512618
2022-12-07T00:00:00Z,17087.1,17142,16731.2,16763.9,1419.10782283
2022-12-07T08:00:00Z,16763.9,16893.4,16680,16835.8,1583.38835932
2022-12-07T16:00:00Z,16835.9,16872,16780,16834.5,1095.9670845
2022-12-08T00:00:00Z,16834.6,16885.6,16782.3,16820.9,1032.50283382
2022-12-08T08:00:00Z,16823.7,16953.7,16739.6,16916.4,1412.06584712
2022-12-08T16:00:00Z,16916.4,17295.6,16910.9,17225.8,1915.36005745
2022-12-09T00:00:00Z,17225.7,17289.5,17188.5,17210.4,584.90319425
2022-12-09T08:00:00Z,17210.4,17338.7,17060,17176.3,1562.76692045
2022-12-09T16:00:00Z,17176.4,17184.1,17064.5,17127.1,762.71850991
2022-12-10T00:00:00Z,17127.1,17171.7,17117,17154.8,605.9342639
2022-12-10T08:00:00Z,17154.9,17221,17115.2,17211.7,808.78823722
2022-12-10T16:00:00Z,17211.8,17225.9,17100.6,17128.3,968.10195211
2022-12-11T00:00:00Z,17128.3,17196.8,17123.7,17180,782.87307907
2022-12-11T08:00:00Z,17180.1,17190,17131.3,17154.2,708.07627311
2022-12-11T16:00:00Z,17154.1,17266.7,17074.1,17088.3,1169.50952562
2022-12-12T00:00:00Z,17085.4,17085.5,16874.1,16923.1,1040.33548628
2022-12-12T08:00:00Z,16923,17040,16903.4,17005.8,965.21198332
2022-12-12T16:00:00Z,17005.8,17235.5,16982.1,17203.7,1255.71512812
2022-12-13T00:00:00Z,17203.6,17233.2,17085,17162.3,1059.04462152
2022-12-13T08:00:00Z,17162.3,17969,17155.8,17750.5,3392.28534565
2022-12-13T16:00:00Z,17750.5,17834.3,17621.7,17781.2,1540.72025136
2022-12-14T00:00:00Z,17779.3,17841.6,17735.7,17806.4,1465.13955306
2022-12-14T08:00:00Z,17806.4,18120.8,17785.5,18059.9,3000.29946881
2022-12-14T16:00:00Z,18060,18377.4,17661.9,17803.7,3980.52862681
2022-12-15T00:00:00Z,17803.7,17848.9,17566.1,17691,1168.19875804
2022-12-15T08:00:00Z,17691,17721.6,17380,17428.4,1993.61438944
2022-12-15T16:00:00Z,17428.4,17480,17270.1,17359.4,2171.06925377
2022-12-16T00:00:00Z,17359.4,17532.3,17345.3,17505.3,761.19459337
2022-12-16T08:00:00Z,17505.3,17525.7,16892.9,16969.6,2448.90049259
2022-12-16T16:00:00Z,16969.7,16976,16533,16631,2055.13976361
2022-12-17T00:00:00Z,16631,16768.6,16582.9,16748.6,1296.82412445
2022-12-17T08:00:00Z,16748.6,16763.9,16650,16699.4,1449.79927186
2022-12-17T16:00:00Z,16699.4,16792.8,16650.2,16778.1,1177.86145748
2022-12-18T00:00:00Z,16778.1,16800,16706,16748.8,907.5046877
2022-12-18T08:00:00Z,16748.9,16766,16667.8,16684.4,1483.25483365
2022-12-18T16:00:00Z,16684.4,16836.8,16675.3,16739.2,2008.21092956
2022-12-19T00:00:00Z,16739.2,16813.5,16634,16725.4,1345.0769857
2022-12-19T08:00:00Z,16725.4,16782.6,16665.2,16667.1,1654.87933702
2022-12-19T16:00:00Z,16667.2,16699.8,16264.9,16440.4,3733.3915566
2022-12-20T00:00:00Z,16440.5,16875.9,16397.3,16803.9,1651.7638354
2022-12-20T08:00:00Z,16803.8,17040,16716,16913.2,2149.65758683
2022-12-20T16:00:00Z,16915.9,16928.4,16761.5,16892.9,1357.23889358
2022-12-21T00:00:00Z,16893,16918.5,16767.2,16811.5,849.39391723
2022-12-21T08:00:00Z,16811.5,16904,16729.8,16857.1,1878.5818795
2022-12-21T16:00:00Z,16857.1,16860,16728,16825.6,1476.91464788
2022-12-22T00:00:00Z,16825.6,16855.9,16784.6,16824.8,926.00589737
2022-12-22T08:00:00Z,16824.9,16859.4,16615.9,16636.8,2559.90755793
2022-12-22T16:00:00Z,16636.8,16855.8,16559.5,16820.7,1736.2089017
2022-12-23T00:00:00Z,16820.7,16898.6,16772.9,16845,707.00817195
2022-12-23T08:00:00Z,16845,16943.7,16756.2,16832.5,1468.42992545
2022-12-23T16:00:00Z,16832.6,16858.6,16768,16780.7,638.62178234
2022-12-24T00:00:00Z,16780.6,16849.6,16780.6,16849.4,906.1148505
2022-12-24T08:00:00Z,16849.4,16849.5,16815,16836.4,608.41098092
2022-12-24T16:00:00Z,16836.4,16858.7,16812.1,16836.1,957.51507109
2022-12-25T00:00:00Z,16836.1,16849.9,16800.9,16823,601.12433786
2022-12-25T08:00:00Z,16823.1,16852,16727.1,16796.3,1364.84403719
2022-12-25T16:00:00Z,16794.7,16844.4,16729.3,16832.8,1281.25488729
2022-12-26T00:00:00Z,16832.9,16917.5,16823,16845,1138.24000139
2022-12-26T08:00:00Z,16845,16869.2,16790.4,16807.7,987.21754832
2022-12-26T16:00:00Z,16807.6,16968.1,16800.1,16918.7,1282.93264575
2022-12-27T00:00:00Z,16918.7,16968.7,16843.1,16867.7,1360.85795763
2022-12-27T08:00:00Z,16867.7,16878.1,16734.8,16799.8,1974.81670405
2022-12-27T16:00:00Z,16799.8,16801.2,16600.2,16708.4,1995.78048579
2022-12-28T00:00:00Z,16708.4,16750.4,16566.9,16643.9,1813.20363979
2022-12-28T08:00:00Z,16643.9,16780,16574.1,16578,1569.53262759
2022-12-28T16:00:00Z,16577.9,16666,16465,16548.1,4033.53554337
2022-12-29T00:00:00Z,16548.2,16590.3,16491.4,16556.4,3050.89550193
2022-12-29T08:00:00Z,16556.4,16658.1,16518.4,16614.5,5792.67948237
2022-12-29T16:00:00Z,16614.5,16649.1,16555.1,16637.8,3900.24830551
2022-12-30T00:00:00Z,16635.7,16644.6,16430,16471.6,1421.73932823
2022-12-30T08:00:00Z,16471.6,16571.8,16341.4,16549.3,1527.9455554
2022-12-30T16:00:00Z,16549.3,16689,16514.8,16603.9,1061.33218905
2022-12-31T00:00:00Z,16603.9,16613.8,16534.9,16565.8,499.93264942
2022-12-31T08:00:00Z,16565.7,16642.4,16545,16591.6,1000.58940725
2022-12-31T16:00:00Z,16591.5,16609.5,16473,16540,893.87468777
2023-01-01T00:00:00Z,16540.1,16556.5,16502.3,16526.3,855.58362139
2023-01-01T08:00:00Z,16526.2,16571.8,16505.7,16557,647.6811364
2023-01-01T16:00:00Z,16557,16624.6,16556.9,16616.5,943.57060335
2023-01-02T00:00:00Z,16616.5,16763.5,16551,16717.6,1669.18736869
2023-01-02T08:00:00Z,16717.6,16766.3,16669.6,16733.5,1259.26809407
2023-01-02T16:00:00Z,16733.6,16792,16660,16672.5,1042.35527896
2023-01-03T00:00:00Z,16672.6,16773.6,16652.2,16730.8,814.03891079
2023-01-03T08:00:00Z,16730.7,16770,16621.6,16678,1297.12827196
2023-01-03T16:00:00Z,16677.9,16691.7,16606.9,16674.9,1034.8086538
2023-01-04T00:00:00Z,16675,16906.4,16654,16873.7,1476.56149229
2023-01-04T08:00:00Z,16873,16912.7,16767,16851.5,1317.45756128
2023-01-04T16:00:00Z,16851.5,16989,16781.6,16854.1,1643.99844178
2023-01-05T00:00:00Z,16853.9,16875.1,16792.9,16821.8,715.62841051
2023-01-05T08:00:00Z,16821.7,16877.3,16760,16845,1163.06430705
2023-01-05T16:00:00Z,16845,16872.5,16802.8,16830.6,822.94487999
2023-01-06T00:00:00Z,16830.7,16868.8,16780,16791.1,688.30464845
2023-01-06T08:00:00Z,16791.2,16845.4,16681.6,16842.4,2035.50877246
2023-01-06T16:00:00Z,16842.5,17027.1,16811.1,16952.3,1459.39543835
2023-01-07T00:00:00Z,16952.3,16978.6,16921.8,16946.1,423.07023664
2023-01-07T08:00:00Z,16946.2,16950.1,16908.7,16935.3,492.23270022
2023-01-07T16:00:00Z,16935.3,16947.5,16917,16943.1,422.70770938
2023-01-08T00:00:00Z,16943,16952.4,16912.5,16952.4,448.14947812
2023-01-08T08:00:00Z,16952.4,17014.2,16924.1,16999,599.85011742
2023-01-08T16:00:00Z,16998.9,17163.1,16920.2,17127.4,1672.675067
2023-01-09T00:00:00Z,17127.5,17256.8,17106.3,17198.7,1789.29053664
2023-01-09T08:00:00Z,17198.7,17330,17187.3,17271.6,1577.61458037
2023-01-09T16:00:00Z,17271.6,17394.6,17129,17181.4,2210.4680253
2023-01-10T00:00:00Z,17181.4,17233.3,17147.3,17199.4,951.20078886
2023-01-10T08:00:00Z,17199.4,17370.1,17186.9,17320,1293.96553595
2023-01-10T16:00:00Z,17320,17495.2,17284.3,17436.5,1687.90375324
2023-01-11T00:00:00Z,17436.5,17504.7,17367.3,17447.3,963.7379176
2023-01-11T08:00:00Z,17447.3,17469.3,17319.3,17333.4,1015.3558279
2023-01-11T16:00:00Z,17333.4,17999,17326.7,17943.2,2580.87149339
2023-01-12T00:00:00Z,17943.2,18363,17907.6,18137.1,2698.74752487
2023-01-12T08:00:00Z,18137.1,18350,17924.1,18085.3,3027.6445062
2023-01-12T16:00:00Z,18085.4,19102.1,18054.8,18845.6,5159.8031161
2023-01-13T00:00:00Z,18845.7,18883,18719.1,18822.2,1316.27947745
2023-01-13T08:00:00Z,18822.2,19309.5,18811.5,19260.5,3796.65648905
2023-01-13T16:00:00Z,19260.6,19994,19064,19924.9,4262.4739495
2023-01-14T00:00:00Z,19924.9,21325,19887.4,20901,5764.99477174
2023-01-14T08:00:00Z,20901,21200,20236.3,20784,4170.07329755
2023-01-14T16:00:00Z,20783.9,21067,20660.2,20948,1605.85949032
2023-01-15T00:00:00Z,20948,20998.1,20541.5,20733.5,1338.06791474
2023-01-15T08:00:00Z,20733.5,20991.7,20573.3,20910,1858.95448159
2023-01-15T16:00:00Z,20910,21046.8,20671.7,20874.3,1564.40834084
2023-01-16T00:00:00Z,20874.3,21427,20776,21108.7,2850.66440133
2023-01-16T08:00:00Z,21108.7,21112.9,20619,20995.5,2852.02031313
2023-01-16T16:00:00Z,20994.7,21444.8,20918.3,21184.3,3015.51216263
2023-01-17T00:00:00Z,21184.3,21295.2,20808,21134.8,1437.54856497
2023-01-17T08:00:00Z,21134.1,21584.7,21034.4,21175.8,3231.6156509
2023-01-17T16:00:00Z,21175.8,21412.2,21080.7,21131.7,2518.8696019
2023-01-18T00:00:00Z,21131.8,21371,21109,21305.9,1730.63160936
2023-01-18T08:00:00Z,21305.9,21639.2,20839,21040.1,3856.97380528
2023-01-18T16:00:00Z,21038.6,21129.9,20404,20676.7,4194.7427972
2023-01-19T00:00:00Z,20676.7,20869.9,20659.6,20817.7,1113.64329874
2023-01-19T08:00:00Z,20817.7,20958.2,20661.1,20872.7,2292.50342668
2023-01-19T16:00:00Z,20872.7,21199.2,20792.9,21073.5,2759.09277465
2023-01-20T00:00:00Z,21073.6,21221,20866,20959.6,1647.54416642
2023-01-20T08:00:00Z,20959.6,21238.3,20901.8,21143.2,2342.02052592
2023-01-20T16:00:00Z,21143.2,22748.2,21143.1,22668.7,5886.96306898
2023-01-21T00:00:00Z,22668.8,22789,22417,22637.1,2242.06080658
2023-01-21T08:00:00Z,22637.2,23330.6,22595.6,22994.7,5073.72953182
2023-01-21T16:00:00Z,22996.4,23369.9,22680,22780.9,2956.9410293
2023-01-22T00:00:00Z,22780.9,22970,22609.8,22897.9,2196.4182435
2023-01-22T08:00:00Z,22897.9,23071.8,22642,22794.8,3031.13706331
2023-01-22T16:00:00Z,22794.8,22954.7,22295,22707.9,3480.96540861
2023-01-23T00:00:00Z,22707.9,22823,22613.6,22698.8,1889.15129113
2023-01-23T08:00:00Z,22698.9,23126.4,22504.1,22853.3,3867.34798734
2023-01-23T16:00:00Z,22853.5,23175,22658.9,22913.5,2339.22835454
2023-01-24T00:00:00Z,22913.5,23152.9,22867.8,23050.3,1739.86094776
2023-01-24T08:00:00Z,23050.4,23083.6,22699.9,22929.8,2393.81208986
2023-01-24T16:00:00Z,22929.8,23077,22434.2,22629,2998.16142146
2023-01-25T00:00:00Z,22629,22770.6,22325,22710.9,2013.4804389
2023-01-25T08:00:00Z,22710.9,22740.3,22342.8,22578,2876.87627071
2023-01-25T16:00:00Z,22578,23819.8,22518.4,23058.3,4994.30555631
2023-01-26T00:00:00Z,23059.2,23283,22908.1,22964.2,2475.52166932
2023-01-26T08:00:00Z,22964.2,23246,22855,22956.1,2895.55107779
2023-01-26T16:00:00Z,22956.2,23157.6,22857.7,23006.3,2197.81769244
2023-01-27T00:00:00Z,23006.3,23100,22531.9,23076.1,2369.74755236
2023-01-27T08:00:00Z,23076,23142,22841.1,22939.6,1838.73084713
2023-01-27T16:00:00Z,22937.9,23500,22926.5,23071.9,3067.88160001
2023-01-28T00:00:00Z,23071.8,23182.6,22956.1,22990.8,1576.07252872
2023-01-28T08:00:00Z,22990.7,23039.4,22880,23011.7,1959.89004722
2023-01-28T16:00:00Z,23011.6,23049.9,22942.1,23026.5,1192.15866539
2023-01-29T00:00:00Z,23026.4,23490,22971.5,23206.3,2415.88866305
2023-01-29T08:00:00Z,23206.3,23650,23154.2,23521.3,3245.59963107
2023-01-29T16:00:00Z,23521.3,23954.9,23474.4,23741.8,3411.54787111
2023-01-30T00:00:00Z,23741.8,23796.4,23575,23645,1783.75580804
2023-01-30T08:00:00Z,23645,23670,22944.8,23176.5,2693.20157513
2023-01-30T16:00:00Z,23176.5,23243,22500,22827.4,2834.32048473
2023-01-31T00:00:00Z,22827.5,22987.6,22719.3,22976.2,1064.80190616
2023-01-31T08:00:00Z,22976.2,23206,22813,23121.1,1713.28324352
2023-01-31T16:00:00Z,23121.1,23326.9,22810.1,23130.1,2133.86641287
2023-02-01T00:00:00Z,23130.1,23179,22996.1,23076,1017.34880729
2023-02-01T08:00:00Z,23076,23140,22921.3,22982.2,1514.82109757
2023-02-01T16:00:00Z,22982.1,23818,22730,23725.4,4504.50892739
2023-02-02T00:00:00Z,23725.5,24264,23664.4,23778.8,2904.44660775
2023-02-02T08:00:00Z,23778.9,23938,23533,23840,1919.04289107
2023-02-02T16:00:00Z,23839.9,24149.8,23366.2,23491.2,2976.29764661
2023-02-03T00:00:00Z,23491.1,23588.9,23403.3,23452.4,1043.21589707
2023-02-03T08:00:00Z,23452.4,23704.4,23223.7,23602.1,2148.96654207
2023-02-03T16:00:00Z,23602.4,23714.2,23210.2,23434,1688.13733097
2023-02-04T00:00:00Z,23434,23460.9,23253.2,23327.9,887.52204078
2023-02-04T08:00:00Z,23328,23585.9,23294.8,23423.7,1113.49653595
2023-02-04T16:00:00Z,23423.7,23467.7,23246,23324.5,1078.05680934
2023-02-05T00:00:00Z,23324.5,23433.5,23222.4,23376.8,734.31755129
2023-02-05T08:00:00Z,23376.8,23417.9,23001,23098.7,1380.45321308
2023-02-05T16:00:00Z,23098.6,23155,22751,22928.3,1915.16689215
2023-02-06T00:00:00Z,22928.4,23088.7,22628.4,22876,1323.0461516
2023-02-06T08:00:00Z,22876.1,23048.6,22734.7,23041.2,1542.87205436
2023-02-06T16:00:00Z,23041.2,23158.4,22640.4,22759.9,2218.76503126
2023-02-07T00:00:00Z,22760,22980.4,22750,22912.5,1057.22320147
2023-02-07T08:00:00Z,22912.5,23059.3,22866.3,22908.4,1350.48606458
2023-02-07T16:00:00Z,22908.4,23345.7,22777,23244.8,3686.69803169
2023-02-08T00:00:00Z,23244.9,23454.7,23185.1,23231,1334.42667569
2023-02-08T08:00:00Z,23231,23234,22861.1,22871.6,1938.29759827
2023-02-08T16:00:00Z,22871.5,23035.4,22672,22959.8,2122.48179785
2023-02-09T00:00:00Z,22959.8,23009.4,22351.9,22677.7,2138.05292765
2023-02-09T08:00:00Z,22677.7,22827,22554.4,22611.6,1936.02490648
2023-02-09T16:00:00Z,22611.5,22619.8,21683,21797.1,4161.12337191
2023-02-10T00:00:00Z,21797.1,21934.9,21625,21909.9,1603.50272991
2023-02-10T08:00:00Z,21909.9,21930,21518,21649.7,2162.37216324
2023-02-10T16:00:00Z,21649.7,21797.6,21441.2,21625.1,1885.39475409
2023-02-11T00:00:00Z,21625.2,21720.7,21601.4,21690.5,838.69785888
2023-02-11T08:00:00Z,21690.5,21787.9,21657,21734,826.58325766
2023-02-11T16:00:00Z,21733.9,21899.4,21619,21861.8,1051.45094396
2023-02-12T00:00:00Z,21861.8,21883.2,21764.4,21798.4,463.72105517
2023-02-12T08:00:00Z,21798.5,21991.6,21760.7,21945.1,1215.32556347
2023-02-12T16:00:00Z,21945.1,22085,21626.1,21779.6,1838.16535192
2023-02-13T00:00:00Z,21779.7,21894,21617.2,21867.2,1240.90650326
2023-02-13T08:00:00Z,21867.7,21874.8,21424.9,21559.9,2738.37439129
2023-02-13T16:00:00Z,21559.9,21840,21352.3,21773.1,2740.57210758
2023-02-14T00:00:00Z,21773.1,21813.3,21682,21766.3,804.7108392
2023-02-14T08:00:00Z,21766.4,22315,21520.4,22035.7,3538.48373799
2023-02-14T16:00:00Z,22035.7,22275.8,21924.1,22199.1,2325.21904855
2023-02-15T00:00:00Z,22199.1,22199.1,22050.1,22109.9,803.99537476
2023-02-15T08:00:00Z,22109.9,22900,22090,22808.1,2675.05629034
2023-02-15T16:00:00Z,22807.2,24377.4,22746,24327.7,4941.09690662
2023-02-16T00:00:00Z,24327.6,24900,24282.4,24609.1,2660.93415759
2023-02-16T08:00:00Z,24609,25083.1,24291.9,25076.3,2677.68221563
2023-02-16T16:00:00Z,25073.5,25253,23506.4,23515.5,4258.84623092
2023-02-17T00:00:00Z,23516.6,23910.7,23343.6,23639.2,1609.31899948
2023-02-17T08:00:00Z,23639.3,24280,23538.6,24131.2,2966.83026143
2023-02-17T16:00:00Z,24130.3,25016.5,23920.1,24573,4444.27985492
2023-02-18T00:00:00Z,24571.1,24780.8,24436.7,24515,809.81672871
2023-02-18T08:00:00Z,24514.9,24724.9,24411,24665.8,1065.59625046
2023-02-18T16:00:00Z,24665.9,24875.3,24519.4,24633.4,841.14473612
2023-02-19T00:00:00Z,24633.4,24848.6,24560.7,24577.9,846.31328549
2023-02-19T08:00:00Z,24578,25032,24561.7,24921.1,1041.72283769
2023-02-19T16:00:00Z,24921.1,25182.7,24200,24270,2959.90235708
2023-02-20T00:00:00Z,24270,24549.9,23827.3,24503.3,1951.68580984
2023-02-20T08:00:00Z,24503.3,25111,24379.5,24941.1,2615.0141541
2023-02-20T16:00:00Z,24941.1,24954.9,24614.9,24839.9,1160.88152896
2023-02-21T00:00:00Z,24840,25094.6,24786,24998.5,1330.33482432
2023-02-21T08:00:00Z,24998.4,25248,24400,24562.6,2685.48092574
2023-02-21T16:00:00Z,24562.6,24745,24152.5,24448.8,1877.6339023
2023-02-22T00:00:00Z,24448.9,24474.9,23865,24063,1606.63431379
2023-02-22T08:00:00Z,24062.9,24238.3,23632.1,23714.3,1884.41614179
2023-02-22T16:00:00Z,23715,24216,23580,24182.8,2271.52862628
2023-02-23T00:00:00Z,24182.8,24594,24124.3,24374.7,1499.32425017
2023-02-23T08:00:00Z,24374.7,24487.9,23609.8,23953.1,2686.73344344
2023-02-23T16:00:00Z,23953.1,24065.5,23730.1,23936.3,1407.79837671
2023-02-24T00:00:00Z,23936.3,24133.2,23775.7,23833.2,869.54194577
2023-02-24T08:00:00Z,23833.2,24024.6,23327.6,23346.7,1810.83190826
2023-02-24T16:00:00Z,23346.6,23346.7,22844,23187,2798.39626352
2023-02-25T00:00:00Z,23187.1,23215,23021.3,23118.9,627.5966088
2023-02-25T08:00:00Z,23119,23151,22851,23007.7,848.90277301
2023-02-25T16:00:00Z,23007.8,23184.8,22751.1,23160.3,1249.55455107
2023-02-26T00:00:00Z,23160.3,23252.8,23062.6,23149.3,546.49601984
2023-02-26T08:00:00Z,23149.4,23326,23114.1,23246.3,796.32442612
2023-02-26T16:00:00Z,23246.3,23684.3,23138,23558.3,1522.12658943
2023-02-27T00:00:00Z,23556,23639,23349.5,23420.3,709.71199805
2023-02-27T08:00:00Z,23420.2,23897.8,23333.3,23554.9,1505.64189127
2023-02-27T16:00:00Z,23554.8,23612.7,23100.7,23491,1752.9612818
2023-02-28T00:00:00Z,23491.1,23543.6,23215.3,23231.3,705.30356141
2023-02-28T08:00:00Z,23231.3,23572.8,23205,23517.5,1192.53288311
2023-02-28T16:00:00Z,23517.5,23595,23020.9,23138.1,1346.14771798
2023-03-01T00:00:00Z,23141.9,23849.9,23024,23707.4,1644.62531944
2023-03-01T08:00:00Z,23707.4,24000,23571.1,23709.9,2163.75630089
2023-03-01T16:00:00Z,23709.9,23742.7,23304.1,23630.5,2933.91453768
2023-03-02T00:00:00Z,23629.9,23796.7,23341.1,23388.8,735.72132474
2023-03-02T08:00:00Z,23388.9,23467.7,23200,23362.4,1087.31619465
2023-03-02T16:00:00Z,23362.3,23560.3,23237,23460.7,1009.87426992
2023-03-03T00:00:00Z,23460.8,23471.7,21962.4,22365.8,2869.92862991
2023-03-03T08:00:00Z,22365.8,22496.3,22180,22332.6,1311.12523149
2023-03-03T16:00:00Z,22332.6,22444.4,22149.6,22352.4,1056.74700098
2023-03-04T00:00:00Z,22352.5,22406.4,22271.4,22360,527.76957736
2023-03-04T08:00:00Z,22360.1,22395.3,22310,22314.9,354.70863145
2023-03-04T16:00:00Z,22314.9,22360.8,22158.3,22346.5,796.04204186
2023-03-05T00:00:00Z,22346.5,22658,22184,22378.6,1070.76476899
2023-03-05T08:00:00Z,22375.8,22491,22317,22436.6,441.20829854
2023-03-05T16:00:00Z,22436.6,22549.9,22333.7,22427.5,544.02003258
2023-03-06T00:00:00Z,22427.5,22506.5,22261.1,22394.7,575.29508802
2023-03-06T08:00:00Z,22394.6,22599.9,22357.3,22555.1,668.00963651
2023-03-06T16:00:00Z,22555.2,22587.1,22321.1,22406,895.2924218
2023-03-07T00:00:00Z,22406,22561.4,22370.4,22416.2,505.41529411
2023-03-07T08:00:00Z,22417.6,22484.9,21931.8,22320,1902.21441761
2023-03-07T16:00:00Z,22320.1,22389.8,21946.2,22199.3,1707.33974082
2023-03-08T00:00:00Z,22199.3,22282,21850,21971.7,821.56755456
2023-03-08T08:00:00Z,21971.8,22223.8,21881,22139.8,1288.84141972
2023-03-08T16:00:00Z,22139.9,22212,21577,21702.4,1324.84332917
2023-03-09T00:00:00Z,21702.4,21804.9,21635.1,21685.9,515.17399766
2023-03-09T08:00:00Z,21686.8,21831.1,21533.7,21649.2,1224.98452937
2023-03-09T16:00:00Z,21649.2,21670.9,20025.9,20361.1,5480.32788664
2023-03-10T00:00:00Z,20361.2,20361.2,19768.3,19953.7,3245.05207622
2023-03-10T08:00:00Z,19957.1,20305.9,19558.1,20006.5,4854.30904976
2023-03-10T16:00:00Z,20006,20298.9,19827.7,20151.9,2717.41832277
2023-03-11T00:00:00Z,20151.9,20679.9,19828.3,19855.6,5667.36916552
2023-03-11T08:00:00Z,19855.7,20211.7,19769.2,20066,3567.59189253
2023-03-11T16:00:00Z,20066,20527.8,19998,20465.2,3031.44536171
2023-03-12T00:00:00Z,20465.2,20500.2,20275.1,20343.5,1282.23871812
2023-03-12T08:00:00Z,20343.6,20494,20285.1,20360.4,1299.90764899
2023-03-12T16:00:00Z,20360.5,22100,20342.5,22001.4,6041.47283931
2023-03-13T00:00:00Z,22001.6,22589,21851.8,22463,3452.59412864
2023-03-13T08:00:00Z,22463.1,24520,21813,23986,7251.53245272
2023-03-13T16:00:00Z,23982.7,24390,23745.7,24099.9,4070.75047074
2023-03-14T00:00:00Z,24100,24814.2,23980,24240.6,2842.57275869
2023-03-14T08:00:00Z,24242.1,26389.6,24112.3,25900.4,6821.12399872
2023-03-14T16:00:00Z,25900.3,25991,23958.8,24676.6,5390.38954277
2023-03-15T00:00:00Z,24676.5,25064,24307,24872,1563.82668314
2023-03-15T08:00:00Z,24867.9,25162,24251.4,24465.3,3174.75927105
2023-03-15T16:00:00Z,24469.4,24624.9,23881,24281.8,2616.61365751
2023-03-16T00:00:00Z,24281.7,24675.2,24121.8,24613.3,1704.78914639
2023-03-16T08:00:00Z,24613.3,25050,24372.3,24883.3,2927.7452947
2023-03-16T16:00:00Z,24883.3,25162,24620.1,25001,2651.09200231
2023-03-17T00:00:00Z,25000.9,26193.4,24889.6,26057.3,4365.49156055
2023-03-17T08:00:00Z,26057.4,26965,25925.8,26419.1,5595.61308531
2023-03-17T16:00:00Z,26419.1,27750.2,26253,27390.8,4345.25073319
2023-03-18T00:00:00Z,27391.4,27720.9,27052.1,27357.6,2387.15126139
2023-03-18T08:00:00Z,27357.6,27643,27036.1,27223.3,2105.34125377
2023-03-18T16:00:00Z,27223.4,27480.3,26560,26907.7,2773.01717625
2023-03-19T00:00:00Z,26907.9,27284.7,26824.3,26971.3,1085.5717113
2023-03-19T08:00:00Z,26970.5,27750,26874.2,27550.4,1853.53073774
2023-03-19T16:00:00Z,27546.5,28387.7,27470,27967.4,4691.52482955
2023-03-20T00:00:00Z,27969.7,28260.3,27133.8,28180.9,2522.40602992
2023-03-20T08:00:00Z,28180.8,28480.8,27621.3,27692.1,3111.20699988
2023-03-20T16:00:00Z,27692,28187.8,27446.8,27722.4,2425.87118463
2023-03-21T00:00:00Z,27722.4,27968.6,27300.1,27505.1,1722.2920176
2023-03-21T08:00:00Z,27505.1,28238,27395,28042.5,2491.43098178
2023-03-21T16:00:00Z,28042.5,28434.6,27920,28107.9,2184.84715482
2023-03-22T00:00:00Z,28106.2,28286.4,27949,28100.1,1423.86335955
2023-03-22T08:00:00Z,28100.1,28744,27995.6,28596.3,2601.31386322
2023-03-22T16:00:00Z,28596.2,28861.7,26610,27253.9,7033.36261235
2023-03-23T00:00:00Z,27253.8,27699.9,27118.1,27627.5,1528.29815291
2023-03-23T08:00:00Z,27630.1,28765.9,27277.3,28583.1,3101.60874763
2023-03-23T16:00:00Z,28586.5,28647.7,27771.2,28293.4,3404.74376176
2023-03-24T00:00:00Z,28293.4,28371.6,28096.8,28277.3,782.28833801
2023-03-24T08:00:00Z,28277.2,28499,27370,28012,3922.20292346
2023-03-24T16:00:00Z,28014.4,28055.2,26983.1,27452.2,2655.68187513
2023-03-25T00:00:00Z,27452.2,27659.9,27378,27479.9,828.89537071
2023-03-25T08:00:00Z,27481.1,27789.9,27317.1,27649.3,1173.30415078
2023-03-25T16:00:00Z,27649.3,27729.1,27158.4,27462.8,1291.93523071
2023-03-26T00:00:00Z,27462.8,27648.1,27416.7,27499.3,580.01673244
2023-03-26T08:00:00Z,27499.3,28199.9,27480.1,27803.7,1804.95053313
2023-03-26T16:00:00Z,27803.8,28150,27617.8,27970.1,1334.771037
2023-03-27T00:00:00Z,27970.1,28023.5,27664,27804.6,1215.53604567
2023-03-27T08:00:00Z,27804.7,27989.6,26510,26903.7,3471.32518842
2023-03-27T16:00:00Z,26903.4,27322.9,26857.1,27125.5,2287.74411217
2023-03-28T00:00:00Z,27125.5,27174,26813,26963.2,1870.65788053
2023-03-28T08:00:00Z,26963.2,27204.8,26631.2,26998.6,2220.54350118
2023-03-28T16:00:00Z,26998.5,27500,26734.9,27261.8,3061.24897377
2023-03-29T00:00:00Z,27261.9,28164.1,27239.5,28085.5,2778.03501449
2023-03-29T08:00:00Z,28085.5,28648,28039.5,28442.4,3995.768805
2023-03-29T16:00:00Z,28442.4,28500,28134.1,28348.2,3038.45578228
2023-03-30T00:00:00Z,28348.1,29185.1,28114,28721.1,3785.85506881
2023-03-30T08:00:00Z,28721.1,28745.6,28168.9,28298,2419.36972356
2023-03-30T16:00:00Z,28297.9,28298.5,27673.6,28027.5,2594.44773868
2023-03-31T00:00:00Z,28027.5,28390.5,27515.9,27732.9,1639.94162194
2023-03-31T08:00:00Z,27741.9,28657.4,27687.9,28494.5,2661.5423523
2023-03-31T16:00:00Z,28494.5,28629,28267.7,28467.2,1335.17592996
2023-04-01T00:00:00Z,28467.2,28824.7,28351.6,28424.7,1153.131414
2023-04-01T08:00:00Z,28424.7,28480,28216.1,28401.9,930.13638639
2023-04-01T16:00:00Z,28401.9,28572,28277.9,28453.9,928.72261322
2023-04-02T00:00:00Z,28453.9,28526,28356,28414.8,605.18737963
2023-04-02T08:00:00Z,28414.8,28443.5,28033.1,28125.7,1813.25512627
2023-04-02T16:00:00Z,28125.7,28230.9,27852,28173.5,1535.04949374
2023-04-03T00:00:00Z,28173.5,28183,27571,27957.1,1489.54351867
2023-04-03T08:00:00Z,27957.1,28498,27944,28043.3,2496.34115756
2023-04-03T16:00:00Z,28043.3,28240.9,27241.6,27800.9,2912.00623532
2023-04-04T00:00:00Z,27800.2,28150,27669.8,28022.3,1233.4210247
2023-04-04T08:00:00Z,28022.3,28445.5,27933.8,28030.2,2123.51580883
2023-04-04T16:00:00Z,28030.3,28306.2,27968.9,28163.7,1054.71402837
2023-04-05T00:00:00Z,28163.7,28772,28107.1,28523.2,2379.23851673
2023-04-05T08:00:00Z,28523.2,28748,27863.6,28030.7,2416.89307254
2023-04-05T16:00:00Z,28030.6,28308.7,27801.7,28171.5,1484.47324028
2023-04-06T00:00:00Z,28171.6,28178,27880,27911.7,988.02218787
2023-04-06T08:00:00Z,27911.6,28180,27704.4,28092.6,1935.62809037
2023-04-06T16:00:00Z,28096,28161,27899.2,28030.3,995.80212332
2023-04-07T00:00:00Z,28030.3,28101.8,27767.5,27839.4,766.00817847
2023-04-07T08:00:00Z,27839.4,27982.2,27790,27942.4,985.41522341
2023-04-07T16:00:00Z,27942.5,27982.3,27840.5,27906,486.08503806
2023-04-08T00:00:00Z,27906,28152.6,27860.1,28086.1,627.89602966
2023-04-08T08:00:00Z,28086.1,28114.7,27948.4,28012.1,479.24208776
2023-04-08T16:00:00Z,28012.1,28020.1,27871.4,27939.2,544.96852105
2023-04-09T00:00:00Z,27939.2,28079.9,27840,27901.8,478.67862905
2023-04-09T08:00:00Z,27901.8,27974,27784.9,27891,556.09954863
2023-04-09T16:00:00Z,27891,28531.4,27874.3,28320.8,1437.49388562
2023-04-10T00:00:00Z,28320.8,28418,28197.8,28283.9,687.13739048
2023-04-10T08:00:00Z,28283.9,28570,28166.1,28439.9,1243.5109789
2023-04-10T16:00:00Z,28440,29764,28374,29636.6,3524.67029282
2023-04-11T00:00:00Z,29636.6,30421.1,29591,30108.9,2873.08457654
2023-04-11T08:00:00Z,30108.9,30282,29971.1,30193.3,1752.36645097
2023-04-11T16:00:00Z,30193.4,30554.8,29941,30200.3,1868.61720016
2023-04-12T00:00:00Z,30200.3,30350.9,29824,29986.5,1178.71226466
2023-04-12T08:00:00Z,29986.6,30480,29651,29965.5,2086.89303039
2023-04-12T16:00:00Z,29965.5,30094.1,29765,29889.4,1107.19553648
2023-04-13T00:00:00Z,29889.5,30215,29856.1,30071.8,636.94355875
2023-04-13T08:00:00Z,30071.7,30580,30040.2,30439.6,1675.1485381
2023-04-13T16:00:00Z,30439.7,30536,30203.4,30372.7,973.83811076
2023-04-14T00:00:00Z,30372.6,31020,30310.5,30735,1654.93546907
2023-04-14T08:00:00Z,30735,30847,30100,30246.5,2186.0004386
2023-04-14T16:00:00Z,30246.4,30510,29975.2,30463.2,1425.44516446
2023-04-15T00:00:00Z,30463.2,30594.9,30279,30432.6,676.39920293
2023-04-15T08:00:00Z,30432.7,30466.7,30295,30322.9,727.01083687
2023-04-15T16:00:00Z,30323,30356.1,30205.1,30298.2,671.93486483
2023-04-16T00:00:00Z,30298.2,30387.1,30123.6,30343.4,466.96056549
2023-04-16T08:00:00Z,30343.5,30358.2,30164,30333.1,615.89814195
2023-04-16T16:00:00Z,30333.1,30548,30179.2,30304.1,895.79104221
2023-04-17T00:00:00Z,30304,30315.1,29734.1,29841,1502.89312857
2023-04-17T08:00:00Z,29841,29923.3,29239.6,29359.1,1886.94486025
2023-04-17T16:00:00Z,29359.1,29577,29331.3,29426.7,962.2717114
2023-04-18T00:00:00Z,29426.8,29799.2,29100,29773.6,1246.43569821
2023-04-18T08:00:00Z,29773.7,30482.7,29694.7,30182.2,2615.40691176
2023-04-18T16:00:00Z,30182.2,30450,29950.7,30380.1,1532.566996
2023-04-19T00:00:00Z,30380.2,30413.8,29983.8,30079.6,958.94355485
2023-04-19T08:00:00Z,30079.5,30079.6,28987.1,29261.3,5469.39344878
2023-04-19T16:00:00Z,29261.7,29365.8,28571,28803.8,2478.64520518
2023-04-20T00:00:00Z,28803.8,29091.4,28550.1,28861,1755.71225931
2023-04-20T08:00:00Z,28861,28958.7,28350,28506.5,2533.2598046
2023-04-20T16:00:00Z,28506.4,28660,28000,28237.1,2801.82385155
2023-04-21T00:00:00Z,28238.6,28372.9,27810,28154.9,1979.88704883
2023-04-21T08:00:00Z,28154.9,28305.7,27904.5,28039.8,1903.48538687
2023-04-21T16:00:00Z,28039.7,28087.9,27125,27260.6,2804.07079135
2023-04-22T00:00:00Z,27260.6,27395,27141.1,27275.5,766.67047018
2023-04-22T08:00:00Z,27275.5,27560,27185.1,27489.1,1063.49916359
2023-04-22T16:00:00Z,27489.2,27879.2,27483.9,27813.8,1541.6778614
2023-04-23T00:00:00Z,27813.9,27813.9,27412.1,27725.3,904.78040392
2023-04-23T08:00:00Z,27725.4,27770,27318,27475.3,1107.77571318
2023-04-23T16:00:00Z,27475.4,27684,27326.2,27587.4,1328.52458176
2023-04-24T00:00:00Z,27587.4,28000,27346.7,27453.1,1400.03759019
2023-04-24T08:00:00Z,27453.2,27712.5,27155.3,27260.4,1670.29783596
2023-04-24T16:00:00Z,27263.2,27575.5,26960,27506,1545.666077
2023-04-25T00:00:00Z,27506,27587.7,27246.1,27266.5,739.28107022
2023-04-25T08:00:00Z,27266.6,27472.6,27194,27343.3,1196.06332528
2023-04-25T16:00:00Z,27343.4,28390.4,27314.1,28297,2641.6659386
2023-04-26T00:00:00Z,28297,28573.2,28251.9,28378,1176.85710485
2023-04-26T08:00:00Z,28377.9,30020.9,28372.9,29818,3792.10394466
2023-04-26T16:00:00Z,29817.9,29893.9,27220.9,28415.1,4423.84772962
2023-04-27T00:00:00Z,28415.1,29472,28377.3,28896.2,2600.41182116
2023-04-27T08:00:00Z,28896.1,29547,28666.6,29147.9,2172.57001307
2023-04-27T16:00:00Z,29148,29892,29007.1,29473.9,2674.59320904
2023-04-28T00:00:00Z,29473.9,29594,29330.9,29488.9,1519.87495729
2023-04-28T08:00:00Z,29489,29493,28887.6,29146,2133.92178301
2023-04-28T16:00:00Z,29146,29436,29104.4,29309.9,1188.23791817
2023-04-29T00:00:00Z,29309.9,29443.3,29193.9,29346,935.09010505
2023-04-29T08:00:00Z,29346,29393,29223.8,29270.9,792.29318765
2023-04-29T16:00:00Z,29271,29306.9,29026.3,29226,621.89205807
2023-04-30T00:00:00Z,29225.9,29299.1,29084.9,29267,416.31525134
2023-04-30T08:00:00Z,29267,29967.7,29162.1,29657,1627.63083511
2023-04-30T16:00:00Z,29661.5,29863,29151.9,29232,1587.64250516
2023-05-01T00:00:00Z,29232,29337,28242.3,28628.4,1797.53111135
2023-05-01T08:00:00Z,28628.4,28665.2,28074.5,28171.8,1556.57516133
2023-05-01T16:00:00Z,28171.8,28409.2,27662.1,28066.3,1915.03925945
2023-05-02T00:00:00Z,28066.4,28168.5,27869.9,28054.2,700.83669426
2023-05-02T08:00:00Z,28054.2,28761.2,27913.1,28541.7,1832.47356446
2023-05-02T16:00:00Z,28539,28881.3,28432.6,28668,1326.90821089
2023-05-03T00:00:00Z,28668,28688.9,28321.3,28649.7,932.63984932
2023-05-03T08:00:00Z,28649.7,28766.5,28116.9,28311.8,1683.8536725
2023-05-03T16:00:00Z,28311.9,29260,28201.6,29026.6,3331.94646392
2023-05-04T00:00:00Z,29026.6,29235.8,28952.5,29061.7,878.13333756
2023-05-04T08:00:00Z,29061.7,29380,28668.5,28865.6,1938.87179282
2023-05-04T16:00:00Z,28865.6,28979,28676.3,28837.9,1001.07546533
2023-05-05T00:00:00Z,28837.9,29534.7,28821.4,29062.2,1225.06036785
2023-05-05T08:00:00Z,29064.5,29430.6,28789.4,29357.2,1548.49215389
2023-05-05T16:00:00Z,29357.2,29671.8,29315,29504.6,1657.63586372
2023-05-06T00:00:00Z,29504.5,29821.7,29266.2,29364.9,1086.093004
2023-05-06T08:00:00Z,29364.9,29364.9,28339.3,28578.1,2026.03210096
2023-05-06T16:00:00Z,28578.2,28962.3,28537.3,28845.9,920.09464956
2023-05-07T00:00:00Z,28845.9,29139.3,28744,28910.6,690.04013293
2023-05-07T08:00:00Z,28910.7,29103.2,28711.2,28947.7,754.86668553
2023-05-07T16:00:00Z,28947.7,29030.1,28400,28429.3,1036.82872232
2023-05-08T00:00:00Z,28429.2,28631.3,27830.4,27977.7,1853.06935525
2023-05-08T08:00:00Z,27977.6,28081.6,27569.2,27890,2020.51551776
2023-05-08T16:00:00Z,27890.1,27930,27266.7,27666.9,1999.09493025
2023-05-09T00:00:00Z,27666.9,27749.9,27441,27663.8,754.66456244
2023-05-09T08:00:00Z,27663.7,27816.5,27375,27398.7,1073.30127525
2023-05-09T16:00:00Z,27398.8,27775.2,27353,27629.5,962.35442129
2023-05-10T00:00:00Z,27629.5,27844,27530,27542,609.50646417
2023-05-10T08:00:00Z,27542,28310.1,27471.3,28151.7,2099.88426326
2023-05-10T16:00:00Z,28151.7,28297.8,26781,27593,3207.53033187
2023-05-11T00:00:00Z,27593,27615.7,27372.9,27448.4,641.27526644
2023-05-11T08:00:00Z,27448.5,27628.7,26954,27180,1679.51846013
2023-05-11T16:00:00Z,27180.1,27218.7,26709.1,26969.8,1417.17312331
2023-05-12T00:00:00Z,26969.8,27091.5,26117.3,26304,1650.4641288
2023-05-12T08:00:00Z,26304,26611.1,26232.1,26318.2,1172.56156955
2023-05-12T16:00:00Z,26318.3,26892,25802.4,26796,1879.6275117
2023-05-13T00:00:00Z,26796.8,26982,26692.5,26771.4,575.87985635
2023-05-13T08:00:00Z,26771.4,26903,26738,26817.9,485.29273254
2023-05-13T16:00:00Z,26818,27062.4,26751.1,26774.9,704.08954253
2023-05-14T00:00:00Z,26774.9,26896.2,26578,26854.8,444.11286413
2023-05-14T08:00:00Z,26854.8,27197,26743.7,27081,573.97375732
2023-05-14T16:00:00Z,27081,27127.1,26828,26918.7,544.56899966
2023-05-15T00:00:00Z,26918.7,27541,26726.8,27412.2,1040.4495833
2023-05-15T08:00:00Z,27412.2,27534.1,27222.2,27395.6,792.6857658
2023-05-15T16:00:00Z,27395.7,27659,27126.3,27167.2,1024.30409372
2023-05-16T00:00:00Z,27163.5,27296.2,26856.5,27250.4,818.70044315
2023-05-16T08:00:00Z,27250.5,27280.7,26900.1,27037.8,1120.24935813
2023-05-16T16:00:00Z,27037.9,27150,26880.3,27035.9,752.8380137
2023-05-17T00:00:00Z,27035.9,27236.8,26762,26842.9,688.4067401
2023-05-17T08:00:00Z,26841,26915.4,26551,26796.9,1154.85414722
2023-05-17T16:00:00Z,26797,27500,26740.6,27403.5,1561.53764215
2023-05-18T00:00:00Z,27403.5,27484,27150.1,27395,570.27897971
2023-05-18T08:00:00Z,27395,27469.7,27041.4,27086.4,1220.55003895
2023-05-18T16:00:00Z,27086.4,27112.8,26366.6,26819,2013.00265823
2023-05-19T00:00:00Z,26819,26961.9,26750,26854,509.77014584
2023-05-19T08:00:00Z,26853.9,27172.8,26634.7,26886.1,1247.96221692
2023-05-19T16:00:00Z,26886.2,26971.8,26782.6,26881.4,585.41199809
2023-05-20T00:00:00Z,26881.4,26907.8,26830.9,26852.4,188.21800998
2023-05-20T08:00:00Z,26852.4,26973.1,26852.3,26944,306.68946394
2023-05-20T16:00:00Z,26944.1,27146.8,26913.6,27104.8,500.8551551
2023-05-21T00:00:00Z,27104.8,27279.4,27047.7,27052.8,382.10275884
2023-05-21T08:00:00Z,27052.8,27083.1,26780,26897.4,586.13285787
2023-05-21T16:00:00Z,26897.5,26932.8,26655.2,26744.7,582.64941314
2023-05-22T00:00:00Z,26744.7,26908.5,26539.5,26843.9,638.46514996
2023-05-22T08:00:00Z,26844,27095.1,26703.5,26877.8,946.18945339
2023-05-22T16:00:00Z,26877.9,26956.8,26784.2,26846.1,532.78683597
2023-05-23T00:00:00Z,26846.1,27480,26800,27299.2,1598.93164707
2023-05-23T08:00:00Z,27299.4,27385.4,27180,27323,867.41346826
2023-05-23T16:00:00Z,27323.1,27328.1,27106.5,27219.4,829.47643165
2023-05-24T00:00:00Z,27219.4,27219.4,26615.6,26678.1,1016.38161822
2023-05-24T08:00:00Z,26678,26834.6,26086,26309.8,1259.11896288
2023-05-24T16:00:00Z,26309.8,26489.6,26159.2,26328.2,1053.51552208
2023-05-25T00:00:00Z,26328.3,26391.5,25871.2,26129.4,1086.39467299
2023-05-25T08:00:00Z,26129.5,26489.9,26128,26222.9,1127.66792015
2023-05-25T16:00:00Z,26225.1,26626.1,26208,26474.7,997.69564556
2023-05-26T00:00:00Z,26474.8,26539,26328.3,26501.7,596.15075398
2023-05-26T08:00:00Z,26501.8,26930.8,26357.2,26749.9,1332.76058871
2023-05-26T16:00:00Z,26749.9,26836,26612,26707.3,877.4244963
2023-05-27T00:00:00Z,26704.9,26786,26636.3,26720.2,354.9085058
2023-05-27T08:00:00Z,26720.2,26776.1,26554.9,26689.4,527.31072811
2023-05-27T16:00:00Z,26689.4,26885.7,26619.1,26855.4,442.3872663
2023-05-28T00:00:00Z,26855.4,27287.7,26766.6,27222.8,1020.30719724
2023-05-28T08:00:00Z,27222.8,27333.5,27105.2,27270.8,750.22463432
2023-05-28T16:00:00Z,27270.9,28250,27216.7,28067.3,1562.80975074
2023-05-29T00:00:00Z,28067.2,28449,27844.8,27906.4,1294.40119193
2023-05-29T08:00:00Z,27906.4,27969.4,27592.2,27631.5,1269.31843552
2023-05-29T16:00:00Z,27631.5,27816.2,27529,27736.3,1093.42509899
2023-05-30T00:00:00Z,27736.3,27944.9,27586.5,27737.1,736.63811543
2023-05-30T08:00:00Z,27737.1,28037.9,27618.5,27673.6,1549.62313182
2023-05-30T16:00:00Z,27673.6,27860.6,27558.4,27693.9,867.0143449
2023-05-31T00:00:00Z,27693.8,27834,27000,27167.6,1463.72384578
2023-05-31T08:00:00Z,27167.5,27224.9,26850,26912.5,1766.92344222
2023-05-31T16:00:00Z,26912.4,27289,26840.9,27211.6,969.15038097
2023-06-01T00:00:00Z,27211.7,27352.7,26615,26802,1399.84746404
2023-06-01T08:00:00Z,26802,26980.5,26788.6,26894.3,1060.07806049
2023-06-01T16:00:00Z,26894.3,27167.4,26661.6,26814.1,1310.58652964
2023-06-02T00:00:00Z,26814,27208.2,26505,27050.1,1367.4215302
2023-06-02T08:00:00Z,27050.2,27232.2,26861,27096.4,1158.43624043
2023-06-02T16:00:00Z,27096.4,27296.9,27008.6,27243.5,897.16561715
2023-06-03T00:00:00Z,27243.4,27243.5,27093.7,27174.9,458.13556366
2023-06-03T08:00:00Z,27175,27328.8,27115.2,27302.7,611.96688398
2023-06-03T16:00:00Z,27302.7,27316.7,26908.3,27069.9,738.00731397
2023-06-04T00:00:00Z,27069.9,27164.6,26953.3,27150.4,426.43139323
2023-06-04T08:00:00Z,27150.5,27299,27124.9,27180.6,532.36516906
2023-06-04T16:00:00Z,27180.5,27465,27042.7,27121.3,1055.7482402
2023-06-05T00:00:00Z,27119,27126.4,26746.3,26830,988.47270698
2023-06-05T08:00:00Z,26830,26843,26000,26000.1,2000.02975179
2023-06-05T16:00:00Z,26000,26072.8,25399,25725.7,4166.49997003
2023-06-06T00:00:00Z,25725.7,25815.6,25602.8,25722.8,1033.62347449
2023-06-06T08:00:00Z,25722.9,26139.1,25350,26069.7,2437.53362863
2023-06-06T16:00:00Z,26068,27356,26066.6,27229.8,3093.38020968
2023-06-07T00:00:00Z,27229.8,27387.8,26725.4,26795.6,1463.88490826
2023-06-07T08:00:00Z,26796.3,26966.3,26258.5,26347.7,2851.34375027
2023-06-07T16:00:00Z,26347.8,26551,26124.2,26342.3,1414.6794073
2023-06-08T00:00:00Z,26342.3,26519.9,26214.2,26446,832.79121151
2023-06-08T08:00:00Z,26446.1,26812.3,26309.8,26725.8,1599.25221391
2023-06-08T16:00:00Z,26725.9,26735,26416,26498.9,982.96234395
2023-06-09T00:00:00Z,26498.9,26593.4,26275.1,26494.4,766.6260377
2023-06-09T08:00:00Z,26494.4,26777.8,26458,26477.5,1141.53106627
2023-06-09T16:00:00Z,26477.5,26528.3,26382.7,26478.1,946.03925661
2023-06-10T00:00:00Z,26478.1,26532.3,25456.1,25650.6,3475.30508143
2023-06-10T08:00:00Z,25650.6,25752,25564.8,25628.7,995.20419965
2023-06-10T16:00:00Z,25628.7,26154.6,25365,25841,1872.27047042
2023-06-11T00:00:00Z,25841,25863,25635.1,25740.3,660.74386941
2023-06-11T08:00:00Z,25740.3,25843.7,25679.8,25752.6,603.89561131
2023-06-11T16:00:00Z,25752.6,26200,25742.2,25925.3,1543.12551876
2023-06-12T00:00:00Z,25925.4,26026.4,25604.8,25804.8,1035.20251992
2023-06-12T08:00:00Z,25804.9,26100,25740.4,25824.5,1129.29774099
2023-06-12T16:00:00Z,25824.5,25970.3,25654.5,25906.4,1180.43764799
2023-06-13T00:00:00Z,25906.4,26155.2,25819,26072.5,1080.9179718
2023-06-13T08:00:00Z,26072.5,26426.4,25724.4,25757.9,2425.45271906
2023-06-13T16:00:00Z,25757.8,25973.7,25736.2,25936,757.84941955
2023-06-14T00:00:00Z,25935.9,26056.5,25840,25898.6,658.86288057
2023-06-14T08:00:00Z,25898.6,26082,25887.5,25986.4,821.88362827
2023-06-14T16:00:00Z,25986.5,26096.2,24821,25128.7,3542.29453731
2023-06-15T00:00:00Z,25128.6,25208.6,24874,24983.3,1404.26933241
2023-06-15T08:00:00Z,24983.5,25109,24807.5,24959.9,1941.67938053
2023-06-15T16:00:00Z,24959.9,25760.3,24929.7,25597.4,2495.08727207
2023-06-16T00:00:00Z,25597.4,25627.5,25443,25539.3,789.78037513
2023-06-16T08:00:00Z,25539.4,25920,25169.4,25839.2,1913.21302894
2023-06-16T16:00:00Z,25839.1,26515.2,25777.9,26348,2725.94257691
2023-06-17T00:00:00Z,26348.1,26832.9,26181.1,26594,1459.78493318
2023-06-17T08:00:00Z,26594.1,26654.4,26285.9,26412.4,1130.396018
2023-06-17T16:00:00Z,26412.5,26592.6,26382.1,26518,735.81819233
2023-06-18T00:00:00Z,26518.1,26673.8,26387,26583,694.30529155
2023-06-18T08:00:00Z,26583,26593.7,26440.4,26559.9,662.84625253
2023-06-18T16:00:00Z,26559.9,26700,26258,26339.9,1326.28064112
2023-06-19T00:00:00Z,26340,26480.6,26257.3,26428.2,604.49690728
2023-06-19T08:00:00Z,26428.2,26577,26351,26444.7,1015.07450742
2023-06-19T16:00:00Z,26444.8,27070,26307,26843.1,2887.6063773
2023-06-20T00:00:00Z,26843.1,27182.1,26753.8,26831,1508.21671607
2023-06-20T08:00:00Z,26831.1,27135.9,26654,27073.6,1559.29885691
2023-06-20T16:00:00Z,27073.7,28400,27000.6,28305.3,5039.44519318
2023-06-21T00:00:00Z,28305.3,29039.9,28262,28874.2,3446.19929955
2023-06-21T08:00:00Z,28874.2,30000,28797,29848.3,4797.12342687
2023-06-21T16:00:00Z,29851.1,30800,29760.5,29991.1,6114.47358343
2023-06-22T00:00:00Z,29991.1,30500,29891.9,30098.9,1974.24676787
2023-06-22T08:00:00Z,30098.8,30349.7,29477,29854,3586.26281007
2023-06-22T16:00:00Z,29854,30258.5,29825.1,29886.9,1674.21815488
2023-06-23T00:00:00Z,29886.8,30081.3,29802.3,29936.7,726.55907782
2023-06-23T08:00:00Z,29936.7,31422,29906.6,31238.6,4389.0262324
2023-06-23T16:00:00Z,31238.6,31424.5,30450.6,30690.6,4243.80445376
2023-06-24T00:00:00Z,30690.1,30795,30409.1,30570.2,1167.07939014
2023-06-24T08:00:00Z,30570.2,30795.6,30310,30399,1535.91556959
2023-06-24T16:00:00Z,30399.1,30693.6,30251.1,30532,1329.82917252
2023-06-25T00:00:00Z,30531.9,31042.6,30466.2,30723.1,1658.2477623
2023-06-25T08:00:00Z,30723,30758.4,30458.6,30583.6,1395.58424922
2023-06-25T16:00:00Z,30583.5,30650.9,30280,30464.3,1361.99110098
2023-06-26T00:00:00Z,30464.4,30577.5,29960,30404.7,2196.20063125
2023-06-26T08:00:00Z,30404.6,30663.8,30131.7,30420.5,1679.54124979
2023-06-26T16:00:00Z,30420.5,30427.1,29920,30271.4,1640.65186595
2023-06-27T00:00:00Z,30271.4,30493,30225.2,30410,939.19165326
2023-06-27T08:00:00Z,30410.1,31000,30335.5,30498.8,2965.92800483
2023-06-27T16:00:00Z,30498.8,30762.8,30455.2,30692.4,1605.8224282
2023-06-28T00:00:00Z,30692.4,30707.8,30155.9,30185.2,1085.6939811
2023-06-28T08:00:00Z,30185.2,30489.5,30011.4,30415.3,1758.45911391
2023-06-28T16:00:00Z,30415.3,30464.9,29843.9,30079,2068.32250559
2023-06-29T00:00:00Z,30079,30423.3,30051.7,30342.9,668.20781973
2023-06-29T08:00:00Z,30341.6,30839.4,30338.6,30474.6,1943.00705741
2023-06-29T16:00:00Z,30474.7,30664.1,30248.4,30448.8,1187.2850245
2023-06-30T00:00:00Z,30448.9,31282.4,30348.6,30765.9,2388.39751169
2023-06-30T08:00:00Z,30765.8,31126,29500,30067.5,5422.36675226
2023-06-30T16:00:00Z,30067.5,30723.9,29921.4,30475.1,2312.36321475
2023-07-01T00:00:00Z,30475.1,30534,30325,30455.2,662.65864689
2023-07-01T08:00:00Z,30455.3,30663.9,30422.4,30570.5,597.29005698
2023-07-01T16:00:00Z,30570.6,30630,30546.6,30585.5,354.79046368
2023-07-02T00:00:00Z,30585.5,30653.3,30462.1,30512.9,495.31739292
2023-07-02T08:00:00Z,30513,30631,30168,30498.1,819.24237681
2023-07-02T16:00:00Z,30498.1,30788,30367.8,30615.1,999.43523356
2023-07-03T00:00:00Z,30615.2,30794.7,30590.1,30666.6,682.05800781
2023-07-03T08:00:00Z,30666.6,31169.6,30566.9,31060.1,1195.00706337
2023-07-03T16:00:00Z,31061.4,31378.3,30816,31156.5,1781.95170205
2023-07-04T00:00:00Z,31156.6,31327.6,30888.1,30908.3,933.33286543
2023-07-04T08:00:00Z,30908.2,31080,30864,30958.6,852.10740301
2023-07-04T16:00:00Z,30959.8,31133,30621.5,30765.9,1307.85968681
2023-07-05T00:00:00Z,30765.9,30880,30749.9,30771.5,509.05388925
2023-07-05T08:00:00Z,30771.5,30802.2,30199.8,30354.6,1852.15811707
2023-07-05T16:00:00Z,30354.7,30589,30336.4,30504.3,1052.95172452
2023-07-06T00:00:00Z,30503.9,30856.8,30332,30804,900.67510108
2023-07-06T08:00:00Z,30803.9,31519.9,29885.3,30406.6,4222.16953567
2023-07-06T16:00:00Z,30406.6,30464.7,29855.4,29895,1330.92207995
2023-07-07T00:00:00Z,29895,30304,29701,30005.8,1187.53815078
2023-07-07T08:00:00Z,30005.7,30442,29974.1,30393.3,1431.50509954
2023-07-07T16:00:00Z,30393.3,30448,30114.6,30343.4,665.08212186
2023-07-08T00:00:00Z,30343.4,30386.2,30146.7,30191.9,448.04984682
2023-07-08T08:00:00Z,30191.9,30313.9,30155.6,30204.8,422.02296699
2023-07-08T16:00:00Z,30204.8,30319.8,30050.1,30288.3,540.03831929
2023-07-09T00:00:00Z,30288.3,30400.6,30232.7,30265.3,428.95297964
2023-07-09T08:00:00Z,30265.4,30450,30182.1,30345.9,741.1856537
2023-07-09T16:00:00Z,30345.8,30347.6,30071.6,30163.3,647.35063147
2023-07-10T00:00:00Z,30163.3,30245.2,29949.6,30110.8,730.73717198
2023-07-10T08:00:00Z,30110.8,30367.5,30000,30313,998.37300575
2023-07-10T16:00:00Z,30313,31044.5,30189.3,30413.8,2720.34525561
2023-07-11T00:00:00Z,30413.9,30654,30366,30537.3,781.40729701
2023-07-11T08:00:00Z,30538.3,30813.3,30304.1,30597.5,989.00479133
2023-07-11T16:00:00Z,30597.6,30691.5,30409,30621.2,830.5858983
2023-07-12T00:00:00Z,30621.3,30850,30500.3,30740.2,848.26542188
2023-07-12T08:00:00Z,30740.1,30988.5,30473,30524.4,1777.6453399
2023-07-12T16:00:00Z,30524.3,30533,30214.4,30380.4,1313.34966413
2023-07-13T00:00:00Z,30380.4,30431.4,30253.1,30366.6,366.21529466
2023-07-13T08:00:00Z,30366.6,31156.9,30344.4,30916.2,2098.09171722
2023-07-13T16:00:00Z,30917.8,31819.9,30722.1,31451.9,3819.96837879
2023-07-14T00:00:00Z,31452,31629,31071.6,31099.5,1062.83358485
2023-07-14T08:00:00Z,31099.5,31356,31053.5,31243.2,778.05535576
2023-07-14T16:00:00Z,31243.2,31276.2,29906.6,30313.3,3100.78345226
2023-07-15T00:00:00Z,30313.3,30390.4,30235.5,30334.1,476.02736425
2023-07-15T08:00:00Z,30334,30371.4,30253.1,30298.8,399.71522218
2023-07-15T16:00:00Z,30298.7,30352.2,30255.9,30288.2,310.4619471
2023-07-16T00:00:00Z,30288.3,30333.9,30062.2,30265,583.86304458
2023-07-16T08:00:00Z,30265.1,30433.8,30265,30376.8,422.02803512
2023-07-16T16:00:00Z,30376.8,30403.6,30122.1,30231,502.40334434
2023-07-17T00:00:00Z,30231.1,30337.1,30177.4,30279.6,263.1635583
2023-07-17T08:00:00Z,30279.6,30323.2,29966.3,30175.2,930.1254028
2023-07-17T16:00:00Z,30175.1,30288.3,29656,30141.2,1462.22052248
2023-07-18T00:00:00Z,30141.2,30237.6,29921.5,29967,478.5138549
2023-07-18T08:00:00Z,29967.1,30107.5,29691.2,29912.1,1193.24371231
2023-07-18T16:00:00Z,29912.1,29964.3,29541,29859,959.59522518
2023-07-19T00:00:00Z,29859.1,30184,29841,30000.9,653.40196728
2023-07-19T08:00:00Z,30001,30127.7,29762,29953.1,837.77391282
2023-07-19T16:00:00Z,29953.1,30099.1,29830.3,29908.6,658.04739433
2023-07-20T00:00:00Z,29908.6,30229.5,29884.6,30202.3,552.23753307
2023-07-20T08:00:00Z,30202.4,30415.1,29621,29807.5,1697.31252368
2023-07-20T16:00:00Z,29807.6,29885.8,29571.2,29800.7,906.65000735
2023-07-21T00:00:00Z,29800.7,29957.1,29727.1,29769.6,583.06344412
2023-07-21T08:00:00Z,29769.6,29912.2,29731.4,29864.1,668.18487081
2023-07-21T16:00:00Z,29864,30059.6,29776,29898.9,737.96410799
2023-07-22T00:00:00Z,29898.9,29997.5,29845.4,29945.2,383.25135997
2023-07-22T08:00:00Z,29945.2,29977.2,29825.9,29898.3,374.33720815
2023-07-22T16:00:00Z,29898.2,29907.4,29630,29789.4,492.03522413
2023-07-23T00:00:00Z,29789.4,29979,29729.1,29911.6,511.31633317
2023-07-23T08:00:00Z,29911.6,29958.5,29854.6,29894.2,284.64595593
2023-07-23T16:00:00Z,29894.1,30349.8,29894.1,30083.1,1032.63172317
2023-07-24T00:00:00Z,30083.1,30096.6,29659.6,29829.1,710.21136111
2023-07-24T08:00:00Z,29829.2,29829.6,28872.4,29093.1,2106.82254132
2023-07-24T16:00:00Z,29093.1,29205.7,29002.2,29180.1,565.31063309
2023-07-25T00:00:00Z,29180.1,29182.6,29050.5,29140.5,363.024094
2023-07-25T08:00:00Z,29140.5,29339,29085,29182.2,778.93906993
2023-07-25T16:00:00Z,29182.1,29372.7,29181.6,29227.8,456.73486879
2023-07-26T00:00:00Z,29227.8,29405.1,29098.1,29214,587.17404143
2023-07-26T08:00:00Z,29214,29351.9,29162.5,29319.6,582.55651454
2023-07-26T16:00:00Z,29319.6,29678.2,29195.9,29352.3,1765.05953674
2023-07-27T00:00:00Z,29352.3,29499,29302.4,29408.1,482.53592052
2023-07-27T08:00:00Z,29408.2,29568.9,29240.1,29292.7,710.80216625
2023-07-27T16:00:00Z,29292.7,29335,29088,29221.3,708.74219378
2023-07-28T00:00:00Z,29221.3,29304.3,29139.1,29144.8,346.70004075
2023-07-28T08:00:00Z,29143.4,29539,29131,29385.8,862.67487744
2023-07-28T16:00:00Z,29385.9,29398.8,29198,29314.8,500.43879546
2023-07-29T00:00:00Z,29314.8,29390,29294.3,29294.3,142.18723167
2023-07-29T08:00:00Z,29294.4,29331.6,29254.2,29291.5,348.10842647
2023-07-29T16:00:00Z,29291.4,29376.6,29288.2,29354.7,224.45978516
2023-07-30T00:00:00Z,29354.6,29354.6,29269,29292.7,128.49113609
2023-07-30T08:00:00Z,29292.8,29449.4,29230.5,29347.6,489.82323528
2023-07-30T16:00:00Z,29347.5,29403.9,29026.7,29278.3,923.94921795
2023-07-31T00:00:00Z,29278.3,29531,29261.1,29379.4,532.5983283
2023-07-31T08:00:00Z,29379.4,29470,29222.6,29247.5,580.52139935
2023-07-31T16:00:00Z,29247.5,29291,29112.2,29234.2,586.87870448
2023-08-01T00:00:00Z,29234.3,29348,28730,28935.8,1481.47580439
2023-08-01T08:00:00Z,28935.9,28995.9,28584,28952.6,1036.783823
2023-08-01T16:00:00Z,28952.5,29736.6,28862.2,29708.9,1700.33830144
2023-08-02T00:00:00Z,29708.9,30042.6,29566.5,29578.8,1202.85885496
2023-08-02T08:00:00Z,29578.8,29603.4,29171.4,29325.8,1158.909293
2023-08-02T16:00:00Z,29325.8,29361.7,28928,29182.5,1189.07411959
2023-08-03T00:00:00Z,29182.5,29275.6,29021,29046.6,427.29881677
2023-08-03T08:00:00Z,29046.6,29426.2,28970,29257.8,825.53770846
2023-08-03T16:00:00Z,29257.6,29366.9,29129.2,29194.1,670.24540911
2023-08-04T00:00:00Z,29194.1,29250,29100.1,29209.6,435.27154209
2023-08-04T08:00:00Z,29209.7,29328.3,29129.8,29272.1,683.13325412
2023-08-04T16:00:00Z,29272.1,29284.5,28800.5,29113.9,769.43506927
2023-08-05T00:00:00Z,29113.9,29151,29036.9,29055.2,233.17685549
2023-08-05T08:00:00Z,29055.3,29093.4,28983.4,29038.3,407.73002833
2023-08-05T16:00:00Z,29038.2,29100,29010.3,29074,185.67386634
2023-08-06T00:00:00Z,29073.9,29105.3,29037.2,29092.6,143.39700816
2023-08-06T08:00:00Z,29092.5,29137.8,28992.4,29010.9,253.77813292
2023-08-06T16:00:00Z,29010.8,29204.8,29002,29091.3,397.26138925
2023-08-07T00:00:00Z,29091.3,29227.5,29021.8,29092.4,318.18849703
2023-08-07T08:00:00Z,29092.3,29150.6,28801.9,28862.5,693.89420657
2023-08-07T16:00:00Z,28862.3,29278.2,28701.5,29214.3,916.36782357
2023-08-08T00:00:00Z,29214.2,29329.9,29143.9,29190,295.77903656
2023-08-08T08:00:00Z,29190,29675.5,29174.1,29534.6,1225.02707867
2023-08-08T16:00:00Z,29534.5,30228.7,29532.4,29772.7,1544.73295187
2023-08-09T00:00:00Z,29772.7,29881.5,29651.6,29817.3,570.51605754
2023-08-09T08:00:00Z,29817.2,30135.8,29675.1,29759.9,911.74728535
2023-08-09T16:00:00Z,29759.9,29772.6,29380.5,29581.7,985.62997683
2023-08-10T00:00:00Z,29581.7,29659,29489.9,29509.7,302.17026277
2023-08-10T08:00:00Z,29509.7,29737.8,29399.7,29466.5,843.30972062
2023-08-10T16:00:00Z,29466.5,29488.9,29339.7,29453.4,435.44462456
2023-08-11T00:00:00Z,29453.4,29500.5,29350,29416.3,329.82748345
2023-08-11T08:00:00Z,29416.3,29565.4,29354.5,29394,572.81397862
2023-08-11T16:00:00Z,29393.9,29443.8,29252.3,29426.6,388.2535706
2023-08-12T00:00:00Z,29426.7,29460,29379.7,29421.9,196.06410133
2023-08-12T08:00:00Z,29421.9,29454.1,29392.5,29440,212.90613101
2023-08-12T16:00:00Z,29440.1,29480.4,29400,29430.8,180.80112686
2023-08-13T00:00:00Z,29430.8,29453.2,29364.8,29400.7,192.38301978
2023-08-13T08:00:00Z,29400.7,29411.9,29361.2,29373.4,169.3839535
2023-08-13T16:00:00Z,29373.3,29472.5,29272,29307.1,328.22529248
2023-08-14T00:00:00Z,29307,29470.9,29100.5,29424.4,652.04626779
2023-08-14T08:00:00Z,29424.4,29670,29333.4,29601.5,709.60890259
2023-08-14T16:00:00Z,29601.6,29692.6,29254.3,29433,664.07670545
2023-08-15T00:00:00Z,29433.1,29452.5,29351.8,29411.2,286.48547011
2023-08-15T08:00:00Z,29411.2,29500,29315,29330.1,614.95780694
2023-08-15T16:00:00Z,29330,29366.4,29079.7,29202.2,757.06939248
2023-08-16T00:00:00Z,29202.2,29257,29114.4,29198.8,251.96845491
2023-08-16T08:00:00Z,29198.8,29215.2,29043.8,29104.7,569.12675813
2023-08-16T16:00:00Z,29104.7,29234.1,28720,28727.3,1038.50275697
2023-08-17T00:00:00Z,28727.3,28786,28312.2,28622.7,912.46894978
2023-08-17T08:00:00Z,28622.8,28634.9,27880.3,27935.8,1707.66033237
2023-08-17T16:00:00Z,27935.9,28085.3,25000,26624.3,4921.41829428
2023-08-18T00:00:00Z,26624.2,26830.8,26154.9,26434.4,1350.94418082
2023-08-18T08:00:00Z,26434.5,26607.7,25933.2,26004,1387.43501253
2023-08-18T16:00:00Z,26004,26310.4,25620.9,26053.4,1561.87495796
2023-08-19T00:00:00Z,26053.5,26155,25802.1,25924.1,600.36121055
2023-08-19T08:00:00Z,25924.2,26223.8,25875.6,26215.6,499.63909697
2023-08-19T16:00:00Z,26215.6,26275.9,26029.5,26101,478.38312409
2023-08-20T00:00:00Z,26101,26205.9,26048.3,26086.9,219.70190659
2023-08-20T08:00:00Z,26086.8,26216.1,25978.9,26109.1,487.05482444
2023-08-20T16:00:00Z,26109.2,26298,26005.2,26188.8,643.33729404
2023-08-21T00:00:00Z,26188.7,26194.7,26003,26024.5,429.46399283
2023-08-21T08:00:00Z,26024.5,26197.9,25812.5,25938,919.23862504
2023-08-21T16:00:00Z,25938,26261.3,25938,26124.7,545.7849281
2023-08-22T00:00:00Z,26124.7,26138.4,26001,26106.4,309.58551448
2023-08-22T08:00:00Z,26106.4,26109.1,25916,25934.5,516.82086777
2023-08-22T16:00:00Z,25934.6,26065.5,25350,26054.4,1764.70292077
2023-08-23T00:00:00Z,26054.4,26185,25982,26055.9,595.21790423
2023-08-23T08:00:00Z,26056,26180,25816.3,26145.7,843.32393554
2023-08-23T16:00:00Z,26145.7,26813.9,26127.8,26431.6,2127.42467628
2023-08-24T00:00:00Z,26431.5,26543.5,26350,26474.8,470.90357682
2023-08-24T08:00:00Z,26474.7,26580.9,25991,25995.9,920.59729799
2023-08-24T16:00:00Z,25995.9,26207,25867,26180,662.21235853
2023-08-25T00:00:00Z,26179.9,26187.9,25977,25980.2,471.89497664
2023-08-25T08:00:00Z,25980.2,26307.7,25780.2,25930.9,1189.57203817
2023-08-25T16:00:00Z,25931,26083.4,25834,26058.2,450.30002136
2023-08-26T00:00:00Z,26060.1,26120.2,26033.6,26050,216.55684896
2023-08-26T08:00:00Z,26050,26077.3,25984.9,26053.6,240.94619595
2023-08-26T16:00:00Z,26053.5,26058.6,25987.4,26019.7,203.37845016
2023-08-27T00:00:00Z,26019.6,26049,25963.7,26043.8,572.89960364
2023-08-27T08:00:00Z,26043.9,26179.6,26032.2,26122,327.43777532
2023-08-27T16:00:00Z,26122,26179,26037.1,26101.4,240.56864258
2023-08-28T00:00:00Z,26101.4,26102.7,25875.1,25936.4,519.69598208
2023-08-28T08:00:00Z,25936.3,26250.5,25865.7,26102.2,734.69766505
2023-08-28T16:00:00Z,26102.3,26188.9,25921,26120.4,803.43654159
2023-08-29T00:00:00Z,26119.6,26204.1,25990.8,26005.5,497.65729322
2023-08-29T08:00:00Z,26005,27684.2,25923.7,27421.4,3989.16500038
2023-08-29T16:00:00Z,27420.5,28148.8,27353.3,27715.8,2764.1399715
2023-08-30T00:00:00Z,27715.7,27763.3,27284.1,27436.3,553.22119616
2023-08-30T08:00:00Z,27436.2,27498.8,27018,27199.8,1092.64456893
2023-08-30T16:00:00Z,27199.9,27334.9,27069.1,27301,644.78307866
2023-08-31T00:00:00Z,27301.1,27301.1,27178.5,27259.6,252.79913159
2023-08-31T08:00:00Z,27259.6,27578.8,26800,26921.2,1410.49936605
2023-08-31T16:00:00Z,26921.2,26922.2,25668.2,25940.4,2186.66248665
2023-09-01T00:00:00Z,25940.4,26103.2,25929.8,25989.5,419.27535626
2023-09-01T08:00:00Z,25989.5,26155.8,25600,25809.9,1091.41054164
2023-09-01T16:00:00Z,25810,25961.8,25334.8,25803.7,1890.16694539
2023-09-02T00:00:00Z,25803.7,25864.5,25752.9,25790,896.6820732
2023-09-02T08:00:00Z,25790,25985.7,25773.2,25893.2,566.05671638
2023-09-02T16:00:00Z,25893.2,25936.6,25766.1,25869.2,434.27983522
2023-09-03T00:00:00Z,25869.2,25951.6,25827,25949,239.86316386
2023-09-03T08:00:00Z,25949,26086.8,25816.4,25872.9,614.2073394
2023-09-03T16:00:00Z,25872.8,26130.6,25802.1,25972.5,770.91314535
2023-09-04T00:00:00Z,25972.5,26102,25880.1,25962.4,305.3914278
2023-09-04T08:00:00Z,25962.4,26012.6,25733.4,25815.8,874.18792024
2023-09-04T16:00:00Z,25815.8,25945.9,25628.2,25826.7,990.79780286
2023-09-05T00:00:00Z,25826.8,25842,25562.5,25734.8,385.37222375
2023-09-05T08:00:00Z,25734.9,25908.6,25627.1,25760.6,987.67159882
2023-09-05T16:00:00Z,25760.5,25845.6,25673.2,25792.4,459.51821162
2023-09-06T00:00:00Z,25792.4,25865.4,25726.2,25729.9,280.98981111
2023-09-06T08:00:00Z,25729.9,25777.3,25544.8,25590.2,604.06221301
2023-09-06T16:00:00Z,25590.1,26035.8,25400,25759.5,1304.03219736
2023-09-07T00:00:00Z,25759.6,25848.9,25725.4,25764,259.21688213
2023-09-07T08:00:00Z,25764.1,25833.1,25615.3,25777.1,519.1464156
2023-09-07T16:00:00Z,25777.2,26438,25769.7,26253.2,1309.81117018
2023-09-08T00:00:00Z,26253.3,26446.8,26190,26255.9,668.13435132
2023-09-08T08:00:00Z,26255.9,26263.8,25645.3,25843.9,878.37846478
2023-09-08T16:00:00Z,25843.9,25934.1,25731.5,25910.5,684.67619486
2023-09-09T00:00:00Z,25910.5,25910.5,25839.7,25885.5,270.10646275
2023-09-09T08:00:00Z,25885.4,25927.5,25802,25894.7,361.73295276
2023-09-09T16:00:00Z,25894.8,25942.9,25846.1,25901.1,311.88023814
2023-09-10T00:00:00Z,25901.1,25902.1,25749.1,25852.9,280.93078024
2023-09-10T08:00:00Z,25852.8,25865.3,25712.1,25777.1,296.05093738
2023-09-10T16:00:00Z,25777.1,26032.3,25566.8,25841.1,754.98143718
2023-09-11T00:00:00Z,25841.1,25902.8,25659,25815,535.88784673
2023-09-11T08:00:00Z,25815.1,25830.4,24965.8,25118,2158.9626532
2023-09-11T16:00:00Z,25115.7,25246,24901.7,25162.6,925.35422212
2023-09-12T00:00:00Z,25162.6,25983.5,25131.4,25821.3,1443.62918345
2023-09-12T08:00:00Z,25821.4,26389.8,25740.1,26205.8,1450.14766773
2023-09-12T16:00:00Z,26205.8,26532,25799.8,25838.3,1398.58460139
2023-09-13T00:00:00Z,25838.3,26103.8,25764.6,25875.9,860.73188388
2023-09-13T08:00:00Z,25876,26385.3,25866,26242.2,1333.19303109
2023-09-13T16:00:00Z,26242.2,26406.3,26056.3,26220.8,682.72660283
2023-09-14T00:00:00Z,26220.8,26546.4,26125.8,26339.9,749.04234906
2023-09-14T08:00:00Z,26340,26791.2,26266.2,26690,1345.98945478
2023-09-14T16:00:00Z,26690.1,26855.7,26471.3,26521.7,821.34000843
2023-09-15T00:00:00Z,26521.7,26655.1,26452.4,26568.7,324.45116082
2023-09-15T08:00:00Z,26568.7,26690,26219.4,26317.8,919.65749447
2023-09-15T16:00:00Z,26317.7,26885.9,26314,26601.2,917.92446699
2023-09-16T00:00:00Z,26601.2,26776.8,26466.2,26494.3,503.58026161
2023-09-16T08:00:00Z,26494.4,26583,26441.8,26509.7,570.77236389
2023-09-16T16:00:00Z,26509.8,26619.7,26502.6,26558.2,293.48605483
2023-09-17T00:00:00Z,26558.3,26567.9,26426,26497.2,305.61430195
2023-09-17T08:00:00Z,26497.2,26619.3,26491.4,26547.9,409.02484959
2023-09-17T16:00:00Z,26547.9,26548,26389.1,26525.8,528.96869553
2023-09-18T00:00:00Z,26525.9,26800,26372.1,26714.3,830.85739417
2023-09-18T08:00:00Z,26714.2,27408.1,26680.9,27268.6,1468.50360075
2023-09-18T16:00:00Z,27268.6,27310.1,26630.4,26764.1,999.88504314
2023-09-19T00:00:00Z,26764.2,26870,26666,26843.5,377.62614636
2023-09-19T08:00:00Z,26843.5,27484.9,26843.4,27423.9,1772.2715884
2023-09-19T16:00:00Z,27423.9,27482.1,26979.4,27204.2,933.93949841
2023-09-20T00:00:00Z,27208.3,27391,26940.1,27100.1,715.22204138
2023-09-20T08:00:00Z,27100.1,27232.9,26945.2,27182.2,803.30059103
2023-09-20T16:00:00Z,27182.2,27310.3,26787.8,27120.2,1022.14420057
2023-09-21T00:00:00Z,27120.3,27158.9,26938.1,26989.7,394.74349937
2023-09-21T08:00:00Z,26989.6,27017.5,26374.9,26582.6,1274.38947355
2023-09-21T16:00:00Z,26582.7,26697.8,26500,26567.1,437.05101526
2023-09-22T00:00:00Z,26567.2,26701.4,26470.3,26672.8,377.22678563
2023-09-22T08:00:00Z,26672.8,26745.8,26558.1,26631.8,458.66212327
2023-09-22T16:00:00Z,26631.9,26644.1,26482.6,26577.1,297.47212082
2023-09-23T00:00:00Z,26577.1,26615.8,26510.4,26582.8,182.08178337
2023-09-23T08:00:00Z,26582.8,26593.5,26548.3,26582,185.81873242
2023-09-23T16:00:00Z,26582,26633.7,26555.3,26574.9,178.90663595
2023-09-24T00:00:00Z,26575,26590.2,26548.1,26562.7,121.39374843
2023-09-24T08:00:00Z,26562.8,26621.7,26562.7,26577,195.81531285
2023-09-24T16:00:00Z,26577.1,26738.2,26123,26253.7,897.44469839
2023-09-25T00:00:00Z,26248.8,26335.6,26000,26191.1,445.72858689
2023-09-25T08:00:00Z,26191.1,26298.8,26000,26239.8,666.86948985
2023-09-25T16:00:00Z,26242.7,26448.3,26222,26300.9,525.72494054
2023-09-26T00:00:00Z,26301,26395,26236.5,26273.4,248.04601255
2023-09-26T08:00:00Z,26273.4,26334.7,26092.3,26122.4,679.7951533
2023-09-26T16:00:00Z,26122.4,26293.9,26100,26221.3,559.66575775
2023-09-27T00:00:00Z,26221.4,26290.6,26203.6,26245.9,264.53412563
2023-09-27T08:00:00Z,26245.9,26849,26170.6,26300.3,2016.49673132
2023-09-27T16:00:00Z,26304.9,26382,26114,26368.8,518.73274629
2023-09-28T00:00:00Z,26368.9,26556.2,26343,26459.6,545.24986027
2023-09-28T08:00:00Z,26459.6,27060,26389.9,27018.4,1319.826006
2023-09-28T16:00:00Z,27022.2,27305.9,26852,27019.2,1350.84419272
2023-09-29T00:00:00Z,27019.2,27243.1,26872.2,27176.1,745.67827564
2023-09-29T08:00:00Z,27176.1,27177.7,26672.5,26887.2,1132.5056141
2023-09-29T16:00:00Z,26887.3,26982.9,26749.5,26909.8,494.733923381479750783
2023-09-30T00:00:00Z,26909.9,26957.4,26889.1,26931.4,197.77987389
2023-09-30T08:00:00Z,26931.4,27092,26907.5,26994.5,454.69385594
2023-09-30T16:00:00Z,26994.5,27080.8,26952.1,26962.8,356.59243548
2023-10-01T00:00:00Z,26962.8,27155.6,26956.1,27109.2,265.87845234
2023-10-01T08:00:00Z,27109.3,27287,27087.4,27152.8,608.86215063
2023-10-01T16:00:00Z,27152.7,28100,27038.1,27992.5,1443.50301416
2023-10-02T00:00:00Z,27992.7,28432.9,27830.6,28309.9,1173.30792954
2023-10-02T08:00:00Z,28310,28574,27989.1,28036,1835.03233309
2023-10-02T16:00:00Z,28027.6,28123.5,27275.9,27490.8,1777.78816561
2023-10-03T00:00:00Z,27493.8,27671.7,27385,27541.8,727.49234042
2023-10-03T08:00:00Z,27541.9,27637.5,27252,27346.6,1068.44150298
2023-10-03T16:00:00Z,27346.7,27486,27164.7,27428,899.21840344
2023-10-04T00:00:00Z,27428.1,27503.6,27209.3,27448.2,551.66694267
2023-10-04T08:00:00Z,27448.4,27640.1,27333.1,27404.2,987.96194375
2023-10-04T16:00:00Z,27404.3,27836.9,27402,27782.6,847.79352225
2023-10-05T00:00:00Z,27781.5,27891.6,27550.5,27606.3,493.69547174
2023-10-05T08:00:00Z,27606.3,28116.8,27405.8,27553.9,1422.53921925
2023-10-05T16:00:00Z,27553.9,27614,27355,27408.2,743.85649955
2023-10-06T00:00:00Z,27408.2,27652.4,27394,27642,393.97385257
2023-10-06T08:00:00Z,27642.1,28039.8,27176.1,27943,1232.23194481
2023-10-06T16:00:00Z,27943.1,28286.1,27792.2,27928.6,960.36129124
2023-10-07T00:00:00Z,27928.6,27953,27846,27889.9,340.55598215
2023-10-07T08:00:00Z,27889.9,28029,27879.2,27936.1,420.82395922
2023-10-07T16:00:00Z,27936,27959.7,27855,27954,431.20762496
2023-10-08T00:00:00Z,27954.1,28088.7,27882.9,27906.5,370.35170881
2023-10-08T08:00:00Z,27906.5,27997.5,27690,27895.1,485.84449268
2023-10-08T16:00:00Z,27895.1,27980,27795.8,27917.8,303.72460028
2023-10-09T00:00:00Z,27917.9,27984,27799.5,27818,296.8667618
2023-10-09T08:00:00Z,27818.1,27841,27385,27440.3,1089.96308468
2023-10-09T16:00:00Z,27440.3,27747.4,27263.8,27589.6,827.03434549
2023-10-10T00:00:00Z,27589.3,27705.2,27504,27648.1,255.08461113
2023-10-10T08:00:00Z,27647.9,27732.3,27336.3,27404.4,745.0386553
2023-10-10T16:00:00Z,27404.4,27512.1,27293.9,27387,530.27175703
2023-10-11T00:00:00Z,27387,27473.7,26965.9,27022.7,652.93176618
2023-10-11T08:00:00Z,27022.5,27328.9,26739.5,26786.5,1225.93769612
2023-10-11T16:00:00Z,26781.6,26883.8,26538.4,26878.6,1123.88717145
2023-10-12T00:00:00Z,26878.7,26941.7,26736.8,26809.4,433.93552502
2023-10-12T08:00:00Z,26809.4,26864,26617.3,26675.6,792.75474888
2023-10-12T16:00:00Z,26676.8,26799.7,26556.3,26760.6,690.68071895
2023-10-13T00:00:00Z,26760.6,26936.7,26749.6,26872.6,252.44062459
2023-10-13T08:00:00Z,26871.1,26971,26686,26706.7,589.17044156
2023-10-13T16:00:00Z,26706,27126.9,26685.9,26862.5,1085.47835326
2023-10-14T00:00:00Z,26862.5,26988.9,26844.6,26866.9,238.69897096
2023-10-14T08:00:00Z,26866.9,26942.4,26851.3,26940.2,240.01158019
2023-10-14T16:00:00Z,26940.2,26950.7,26801,26856.2,276.93082923
2023-10-15T00:00:00Z,26856.2,26906.7,26817.1,26882.1,141.34633392
2023-10-15T08:00:00Z,26882.1,26962,26807.6,26900.5,265.6387427
2023-10-15T16:00:00Z,26900.5,27291.9,26896.2,27153.9,677.71921613
2023-10-16T00:00:00Z,27153.9,27977.6,27114.9,27848.4,1134.30458177
2023-10-16T08:00:00Z,27848.4,30100,27643.4,28062.3,3296.00841856
2023-10-16T16:00:00Z,28062.3,28804,28062.2,28501,1024.36145402
2023-10-17T00:00:00Z,28501.1,28545,28072.2,28419.7,626.84893713
2023-10-17T08:00:00Z,28422.9,28614.4,28131.5,28462.9,986.82166332
2023-10-17T16:00:00Z,28462.9,28601.9,28310.6,28396.2,623.06636401
2023-10-18T00:00:00Z,28396.3,28975.4,28329,28493.6,941.12644066
2023-10-18T08:00:00Z,28493.6,28594.9,28147.5,28244.3,837.03301514
2023-10-18T16:00:00Z,28244.3,28431,28193.7,28321,635.66678774
2023-10-19T00:00:00Z,28321.1,28415.9,28109.8,28332.1,612.51014986
2023-10-19T08:00:00Z,28332.2,28812.9,28280.3,28678.7,1262.50322719
2023-10-19T16:00:00Z,28678.7,28949,28458,28715.1,1178.14311573
2023-10-20T00:00:00Z,28715.1,29411.7,28579.2,29240.8,1305.94680829
2023-10-20T08:00:00Z,29240.8,30243.4,29233.9,29548.1,2606.33721605
2023-10-20T16:00:00Z,29548.2,29775.9,29320,29667.9,784.66405955
2023-10-21T00:00:00Z,29668,29730.8,29464.2,29695.6,471.13754374
2023-10-21T08:00:00Z,29695.6,29975,29628.3,29937.8,854.22976963
2023-10-21T16:00:00Z,29936.6,30372.3,29841.6,29907.5,1445.47401318
2023-10-22T00:00:00Z,29907.6,30269.6,29645,29815.2,632.75513959
2023-10-22T08:00:00Z,29815.3,29994,29780.4,29826.9,449.39794327
2023-10-22T16:00:00Z,29826.9,30052.5,29715,29989.5,467.36012957
2023-10-23T00:00:00Z,29989.5,30988,29885,30510.1,1371.87468431
2023-10-23T08:00:00Z,30516.6,30968.5,30356.7,30878,1138.70936197
2023-10-23T16:00:00Z,30878,34900,30721.9,33071.9,4051.08352839
2023-10-24T00:00:00Z,33071.8,35263.5,32821.2,34008,3520.17522745
2023-10-24T08:00:00Z,34011.2,34874.1,33243.4,33669.2,2232.19320053
2023-10-24T16:00:00Z,33669.2,34377.9,33380,33927,1620.74322336
2023-10-25T00:00:00Z,33924,34379.7,33680.5,33858.8,679.38279447
2023-10-25T08:00:00Z,33858.7,34988,33782.1,34839.6,1689.90331184
2023-10-25T16:00:00Z,34839.6,35111,34270,34494,1232.90853912
2023-10-26T00:00:00Z,34494.9,34821,34413.3,34654.2,512.54217828
2023-10-26T08:00:00Z,34650.1,34746.7,33850.9,34049.5,1471.67427941
2023-10-26T16:00:00Z,34048.4,34274,33752,34148.9,930.42362376
2023-10-27T00:00:00Z,34149,34242,33775.8,33945.8,455.56553909
2023-10-27T08:00:00Z,33945.9,34195,33828.1,33990.1,867.66402141
2023-10-27T16:00:00Z,33999.9,34033.7,33401,33891.3,1058.50872313
2023-10-28T00:00:00Z,33891.3,34181.4,33860.5,34041.9,427.18443575
2023-10-28T08:00:00Z,34042,34497.9,33931.2,34193.7,765.07680361
2023-10-28T16:00:00Z,34193.8,34221.2,34066,34083.5,297.50120535
2023-10-29T00:00:00Z,34083.6,34135.1,33930.7,34076.2,377.42540192
2023-10-29T08:00:00Z,34076.2,34551.8,34070.5,34444.3,515.10591775
2023-10-29T16:00:00Z,34446.9,34748.8,34356,34523.5,713.47242371
2023-10-30T00:00:00Z,34523.5,34571,34112.1,34196.7,915.47193964
2023-10-30T08:00:00Z,34193.9,34856,34158.2,34656.7,811.96090826
2023-10-30T16:00:00Z,34656.7,34656.7,34064,34473.5,689.32365047
2023-10-31T00:00:00Z,34473.5,34600,34077.9,34145.5,630.82081853
2023-10-31T08:00:00Z,34148.2,34539.9,34031,34276.3,858.13356457
2023-10-31T16:00:00Z,34276.4,34722.9,34228.4,34639.5,624.96965575
2023-11-01T00:00:00Z,34639,34665.3,34319.1,34447.2,530.33018248
2023-11-01T08:00:00Z,34447.3,35147.2,34100,34296.3,2090.61158646
2023-11-01T16:00:00Z,34296.3,35578.7,34285.4,35421.7,1787.17744435
2023-11-02T00:00:00Z,35421.8,35976,35058.4,35279.9,1191.50318622
2023-11-02T08:00:00Z,35277.9,35477,34540.3,34639.4,1223.26174337
2023-11-02T16:00:00Z,34639.4,35098.8,34301.1,34935.9,1010.29966025
2023-11-03T00:00:00Z,34936,34939,34304,34468.8,814.72847101
2023-11-03T08:00:00Z,34468.8,34845.9,34120,34756.7,1362.74334185
2023-11-03T16:00:00Z,34759.3,34821.6,34321.2,34716.1,705.17955478
2023-11-04T00:00:00Z,34716.1,35000,34585.3,34763.9,454.20543553
2023-11-04T08:00:00Z,34763.9,34879.9,34645.1,34707.2,285.07094567
2023-11-04T16:00:00Z,34707.2,35253.4,34691.1,35062.2,424.29829083
2023-11-05T00:00:00Z,35062.3,35313.6,34934.4,35165.4,448.20139961
2023-11-05T08:00:00Z,35165.4,35193,34765.6,34885,563.10838696
2023-11-05T16:00:00Z,34885.1,35385.3,34451.4,35013,822.13497948
2023-11-06T00:00:00Z,35013,35114.4,34731,34899.1,435.73880377
2023-11-06T08:00:00Z,34899,35275,34825.3,35080.8,764.38298802
2023-11-06T16:00:00Z,35080.9,35150.5,34810.5,35040,687.14597599
2023-11-07T00:00:00Z,35041.4,35050,34796.1,34935,512.89461502
2023-11-07T08:00:00Z,34934.9,34977.7,34521.1,34718.4,1394.90649645
2023-11-07T16:00:00Z,34718.4,35892.6,34562,35396.3,2257.56054889
2023-11-08T00:00:00Z,35396.3,35414.8,35169.5,35227.1,768.8704429
2023-11-08T08:00:00Z,35227,35466.8,35095.8,35225.2,1089.95127246
2023-11-08T16:00:00Z,35222.6,36118,35180.2,35626.3,1539.3458524
2023-11-09T00:00:00Z,35620.7,36867.3,35537.7,36533.4,1963.84125138
2023-11-09T08:00:00Z,36533.4,37977.4,36533.4,37085.4,3112.27205436
2023-11-09T16:00:00Z,37085.4,37212.3,35672.5,36700.3,2372.10608694
2023-11-10T00:00:00Z,36701.3,36916,36431.7,36441.6,653.41203536
2023-11-10T08:00:00Z,36441.7,37250,36324.4,37080.1,1119.79882561
2023-11-10T16:00:00Z,37080.2,37535,37071.1,37302.9,1029.18437026
2023-11-11T00:00:00Z,37303,37398,36898.1,37008.1,647.17534462
2023-11-11T08:00:00Z,37008.1,37267,36903,37047.3,783.95731684
2023-11-11T16:00:00Z,37047.3,37180.2,36649.2,37133.7,659.60419854
2023-11-12T00:00:00Z,37136.4,37183.3,36728.1,37128.2,601.49879136
2023-11-12T08:00:00Z,37128.1,37217,36937.4,37156,579.18873463
2023-11-12T16:00:00Z,37155.9,37200,36940.8,37063.5,624.14983305
2023-11-13T00:00:00Z,37063.5,37400,36750.8,36957.2,628.7520707
2023-11-13T08:00:00Z,36957.2,37040.8,36530.1,36840.2,876.1118801
2023-11-13T16:00:00Z,36836.7,37033,36333,36462.7,1116.77432213
2023-11-14T00:00:00Z,36462.7,36714.9,36200,36686.7,510.88204785
2023-11-14T08:00:00Z,36686.2,36746.5,35888,36140.5,997.52733977
2023-11-14T16:00:00Z,36140.6,36415.5,34740,35551.4,1624.16761724
2023-11-15T00:00:00Z,35551.4,35661,35359.4,35572.5,516.98436542
2023-11-15T08:00:00Z,35572.4,36410,35572.4,36403.5,781.96800706
2023-11-15T16:00:00Z,36403.5,37954.9,36249,37854.6,2581.26216383
2023-11-16T00:00:00Z,37854.6,37925.4,37325,37438.6,707.59349995
2023-11-16T08:00:00Z,37438.7,37539,36256.7,36405.3,1495.04538007
2023-11-16T16:00:00Z,36407.6,36637.9,35499.5,36164.1,1206.95501813
2023-11-17T00:00:00Z,36164.2,36665.2,36103.4,36236.6,520.8053039
2023-11-17T08:00:00Z,36236.5,36640.2,35859.4,36048.1,978.32674672
2023-11-17T16:00:00Z,36046,36789.7,35915.1,36609.2,1003.09284547
2023-11-18T00:00:00Z,36609.2,36611.8,36188.6,36415.3,298.72294863
2023-11-18T08:00:00Z,36415.3,36677.7,36353,36662.5,353.37954953
2023-11-18T16:00:00Z,36662.5,36851.7,36442.8,36568.1,454.91865202
2023-11-19T00:00:00Z,36568.2,36668,36388.6,36608.5,261.21048385
2023-11-19T08:00:00Z,36608.5,36705.7,36384,36566,289.32882737
2023-11-19T16:00:00Z,36566.1,37500,36513,37351.5,706.72246779
2023-11-20T00:00:00Z,37356.9,37378.5,37045.1,37240.8,433.72087924
2023-11-20T08:00:00Z,37240.9,37496.2,36700,37457.6,1101.64715053
2023-11-20T16:00:00Z,37457.6,37750,36832.9,37447.1,1278.44013738
2023-11-21T00:00:00Z,37447.1,37643.9,37232.3,37274.2,517.71442503
2023-11-21T08:00:00Z,37274.2,37417.1,36251.5,36980.2,1483.46046223
2023-11-21T16:00:00Z,36976.5,37514.1,35733.5,35744,1439.7430087
2023-11-22T00:00:00Z,35736.8,36556.9,35620,36442.2,723.79924572
2023-11-22T08:00:00Z,36442.2,36774.6,36240.5,36482.6,617.57284376
2023-11-22T16:00:00Z,36480.1,37860,36376,37406.7,1573.46035994
2023-11-23T00:00:00Z,37407.1,37532.2,37260,37367.8,422.58780486
2023-11-23T08:00:00Z,37367.9,37638.9,36868,36952.3,720.15807453
2023-11-23T16:00:00Z,36952.2,37384.6,36919.9,37290.5,408.58884162
2023-11-24T00:00:00Z,37290.5,37567.9,37255.5,37523.4,335.18728433
2023-11-24T08:00:00Z,37523.5,38400,37423.8,38217.4,1735.4795924
2023-11-24T16:00:00Z,38217.2,38350,37568.6,37710.4,1045.70695979
2023-11-25T00:00:00Z,37710.4,37837.9,37676.1,37800.8,255.46766044
2023-11-25T08:00:00Z,37800.9,37824.4,37583.8,37701.6,326.39723894
2023-11-25T16:00:00Z,37701.6,37888,37701,37775.6,266.88781246
2023-11-26T00:00:00Z,37775.6,37795.8,37666.5,37789.3,147.21106132
2023-11-26T08:00:00Z,37786.6,37809.5,37278.8,37439.3,567.87919599
2023-11-26T16:00:00Z,37437.5,37750.9,37120.4,37448.7,635.79850232
2023-11-27T00:00:00Z,37447.4,37561,37058,37285.1,324.14542423
2023-11-27T08:00:00Z,37285.1,37462.9,36734.5,36756.1,822.46249872
2023-11-27T16:00:00Z,36756.1,37284,36713,37242.6,617.15315892
2023-11-28T00:00:00Z,37243.2,37342.2,36874.1,37103.9,365.1376105
2023-11-28T08:00:00Z,37104,37564.9,36930,37509.6,576.40796016
2023-11-28T16:00:00Z,37510.5,38366,37510.5,37818.9,1525.25873175
2023-11-29T00:00:00Z,37819,38231.5,37677.4,38095,443.43368309
2023-11-29T08:00:00Z,38096.6,38447.7,37570,37829.6,1169.98154266
2023-11-29T16:00:00Z,37832.2,37925.7,37597,37852.9,549.09006409
2023-11-30T00:00:00Z,37852.9,38137.8,37694,37793.9,284.13976876
2023-11-30T08:00:00Z,37793.9,37971,37495.2,37616.6,768.36731559
2023-11-30T16:00:00Z,37620.5,37807,37535.5,37719.7,311.86884925
2023-12-01T00:00:00Z,37723.2,38350.1,37616.4,38244.5,605.42542662
2023-12-01T08:00:00Z,38243,38823.1,38211.5,38410.1,1446.63469096
2023-12-01T16:00:00Z,38410.2,38990,38396.1,38680.8,819.94040153
2023-12-02T00:00:00Z,38680.8,38821.4,38641,38701.9,274.23454268
2023-12-02T08:00:00Z,38701.1,38861.4,38653.2,38806.7,265.22573189
2023-12-02T16:00:00Z,38804.8,39750,38706,39453,2061.67154393
2023-12-03T00:00:00Z,39449.4,39552.4,39270.8,39478.8,229.78143162
2023-12-03T08:00:00Z,39478.8,39800,39379.1,39758.2,596.57098856
2023-12-03T16:00:00Z,39760.8,40205,39431,39972.5,934.04686426
2023-12-04T00:00:00Z,39972.5,41745.5,39972.4,41442.3,1922.88955459
2023-12-04T08:00:00Z,41442.2,42152.4,41133,41274.4,1880.50812962
2023-12-04T16:00:00Z,41274.4,42413,41184.1,41985.1,1035.36399436
2023-12-05T00:00:00Z,41985.1,41985.1,41400,41529.3,530.03010365
2023-12-05T08:00:00Z,41529.2,42491.8,41427.3,42266.8,876.45440903
2023-12-05T16:00:00Z,42266.8,44484,42128.5,44071.2,3397.52400253
2023-12-06T00:00:00Z,44075,44142,43451,43689.6,710.33490568
2023-12-06T08:00:00Z,43684.8,44284.7,43362.2,43780.1,1455.4105284
2023-12-06T16:00:00Z,43780.1,44143.9,43608.6,43763.4,840.0593044
2023-12-07T00:00:00Z,43763.5,44043.9,43709.7,43884.9,346.70864998
2023-12-07T08:00:00Z,43885,43917.2,42829.2,43659.8,1635.98885129
2023-12-07T16:00:00Z,43659.8,43755.5,43076.2,43277.7,950.44471274
2023-12-08T00:00:00Z,43273.3,43555.4,43119.5,43163.3,555.10468436
2023-12-08T08:00:00Z,43163.2,44025,43075.8,43759.6,1281.61336518
2023-12-08T16:00:00Z,43759.6,44699.2,43639.1,44167.9,1051.68203579
2023-12-09T00:00:00Z,44171.4,44358.2,44044.1,44179.5,423.23005756
2023-12-09T08:00:00Z,44179.5,44189,43729,44052.9,778.61752484
2023-12-09T16:00:00Z,44052.9,44091,43567.9,43712.7,794.37124379
2023-12-10T00:00:00Z,43712.8,44008,43667.5,43967.7,325.40956799
2023-12-10T08:00:00Z,43963.3,44037.9,43601.4,43911.3,546.21702598
2023-12-10T16:00:00Z,43911.3,44058.3,43560.6,43784,533.08542634
2023-12-11T00:00:00Z,43784,43802.6,40448.4,42126.6,3772.13681523
2023-12-11T08:00:00Z,42130.7,42480,41600,41804.9,1334.3971178
2023-12-11T16:00:00Z,41804.8,41850.2,40222.4,41250.3,2662.59063815
2023-12-12T00:00:00Z,41249,42061,41179.8,41921.8,1145.95187624
2023-12-12T08:00:00Z,41918.2,42097.8,41152,41351.6,1122.58082287
2023-12-12T16:00:00Z,41351.7,41549,40683.3,41490,1230.48599321
2023-12-13T00:00:00Z,41490.7,41499.9,40567,41118.8,1333.29923753
2023-12-13T08:00:00Z,41118.8,41953.8,40965,41935.3,901.81827586
2023-12-13T16:00:00Z,41935.4,43486,41730.1,42868.7,1906.45778451
2023-12-14T00:00:00Z,42868.8,43107.9,42669,42900.8,525.02429839
2023-12-14T08:00:00Z,42900.9,43358.6,41459.2,42453.7,2375.24334387
2023-12-14T16:00:00Z,42449.8,43412,42449.8,43022.8,1211.34419954
2023-12-15T00:00:00Z,43027.2,43081.9,42478.1,42700.2,605.18933762
2023-12-15T08:00:00Z,42700.2,43032,41660.6,41900.5,832.69919249
2023-12-15T16:00:00Z,41900.4,42261.9,41703,41938.3,821.18026029
2023-12-16T00:00:00Z,41938.4,42406.6,41625,42222,412.39927291
2023-12-16T08:00:00Z,42221.9,42608,42099.7,42604.1,492.17886053
2023-12-16T16:00:00Z,42607.9,42714.9,42130,42274.7,515.70513857
2023-12-17T00:00:00Z,42273.5,42297.9,41768.8,41885.6,500.68045761
2023-12-17T08:00:00Z,41885.6,42018,41524.1,41808.4,561.8818086
2023-12-17T16:00:00Z,41808.4,42428.5,41250,41373.8,1162.24577987
2023-12-18T00:00:00Z,41374.3,41463.1,40800,41129.6,964.12922334
2023-12-18T08:00:00Z,41129.7,41747,40551.3,41260,1842.27238218
2023-12-18T16:00:00Z,41264,42757,41151.2,42655.8,1392.36558872
2023-12-19T00:00:00Z,42655.9,43486.9,42577,43037.8,1176.80423614
2023-12-19T08:00:00Z,43036.3,43268,42231.9,42483.2,1164.69848337
2023-12-19T16:00:00Z,42483.2,42644,41811,42268.6,1266.94833054
2023-12-20T00:00:00Z,42268.8,43023.8,42210.1,42928.6,870.41211817
2023-12-20T08:00:00Z,42928.5,44291,42683.5,44030.9,2287.90137751
2023-12-20T16:00:00Z,44034.3,44249.5,43233.1,43666,2094.37077979
2023-12-21T00:00:00Z,43666.9,43872.8,43300.1,43758.5,1093.05393247
2023-12-21T08:00:00Z,43758.5,44238.7,43400,43819.9,1455.23429973
2023-12-21T16:00:00Z,43820,44092.9,43374,43858.2,1169.11563403
2023-12-22T00:00:00Z,43858.2,44396.5,43544,43587.2,1370.46932597
2023-12-22T08:00:00Z,43587.2,43830.9,43411,43666.2,1220.76678129
2023-12-22T16:00:00Z,43666.2,44040.8,43481.2,43970,815.15446509
2023-12-23T00:00:00Z,43970,43986.3,43289,43563.9,706.97956528
2023-12-23T08:00:00Z,43563.8,43850.8,43493.9,43749.8,511.09840788
2023-12-23T16:00:00Z,43749.8,43849.9,43638.5,43702.1,305.18861217
2023-12-24T00:00:00Z,43702.1,43945,43427.6,43647.1,528.3831976
2023-12-24T08:00:00Z,43647,43868.6,43402.4,43680.8,388.88000219
2023-12-24T16:00:00Z,43680.9,43715.6,42500,42999.1,1358.99291852
2023-12-25T00:00:00Z,42994.8,43333.3,42736.4,43206.9,551.38891325
2023-12-25T08:00:00Z,43206.9,43794,43055.9,43613.8,921.71296686
2023-12-25T16:00:00Z,43617.6,43719,43330.6,43572.6,636.39111376
2023-12-26T00:00:00Z,43572.6,43590.3,42544.4,42774.8,1180.52633323
2023-12-26T08:00:00Z,42774.9,42814.6,42200,42381.9,1291.48131144
2023-12-26T16:00:00Z,42384.1,42597.7,41618.7,42517.7,1738.14688738
2023-12-27T00:00:00Z,42511.9,42545,42115,42454.7,433.0633091
2023-12-27T08:00:00Z,42454.7,43217.9,42406,42974.3,913.31777737
2023-12-27T16:00:00Z,42978.5,43669.8,42873.4,43433.6,875.79857795
2023-12-28T00:00:00Z,43433.6,43780.9,42814,43044,803.26804849
2023-12-28T08:00:00Z,43045,43189.7,42409,42446.3,818.82006238
2023-12-28T16:00:00Z,42446.3,42744,42275.3,42564,583.37596812
2023-12-29T00:00:00Z,42564.1,42786,42110,42274.6,900.24049852
2023-12-29T08:00:00Z,42274.6,43100.8,42125.3,42274.2,1307.95294938
2023-12-29T16:00:00Z,42274.1,42348,41304.1,42068.8,1715.12756902
2023-12-30T00:00:00Z,42068.7,42204.4,41821,41949.1,484.62121007
2023-12-30T08:00:00Z,41949.1,42430.3,41520,42373.2,1035.81000748
2023-12-30T16:00:00Z,42373.2,42613.7,42084.1,42145.4,785.74987517
2023-12-31T00:00:00Z,42145.4,42675.3,41965.7,42531.6,630.27918832
2023-12-31T08:00:00Z,42531.6,42888.8,42352.3,42455.6,798.79378612
2023-12-31T16:00:00Z,42455.6,42714.9,42067,42277.2,656.6556458
2024-01-01T00:00:00Z,42278.8,42772.8,42177.3,42488.5,441.09066294
2024-01-01T08:00:00Z,42493.9,42841.4,42454.1,42779.1,419.15400358
2024-01-01T16:00:00Z,42779.2,44187.1,42666.3,44175.2,1032.54725186
2024-01-02T00:00:00Z,44175.3,45639,44148.1,45454.1,2122.08349202
2024-01-02T08:00:00Z,45454.2,45879.9,44834.6,45180.8,1420.75000653
2024-01-02T16:00:00Z,45180.9,45396.7,44608.3,44940.6,1241.97561957
2024-01-03T00:00:00Z,44945.2,45418.2,44866.3,45009.4,579.183604
2024-01-03T08:00:00Z,45008.3,45505,40620,42991.9,5936.98891902
2024-01-03T16:00:00Z,42995.7,43551.7,42100,42840.9,2007.61543726
2024-01-04T00:00:00Z,42840.9,43273,42624.1,42767.2,876.20580282
2024-01-04T08:00:00Z,42767.2,44330,42663,44051.9,1259.17051778
2024-01-04T16:00:00Z,44051.9,44741.5,43783,44149.2,1636.41161406
2024-01-05T00:00:00Z,44153.6,44276,42372,43777.4,1975.88884609
2024-01-05T08:00:00Z,43777.5,44310,43152,43500.9,1604.13069548
2024-01-05T16:00:00Z,43500.9,44300,43089.9,44147.9,1717.85686365
2024-01-06T00:00:00Z,44148,44216.7,43399,43652,679.6264293
2024-01-06T08:00:00Z,43651.9,43914,43533.2,43865.7,494.45651877
2024-01-06T16:00:00Z,43865.7,44144,43665,43970.8,572.79270686
2024-01-07T00:00:00Z,43966.6,44252,43833.9,44077.8,566.22714669
2024-01-07T08:00:00Z,44077.8,44480,43885.4,44048.9,782.15925505
2024-01-07T16:00:00Z,44048.9,44262.9,43600,43926.6,820.2126539
2024-01-08T00:00:00Z,43926.7,44328.6,43183.5,43973.7,1706.04719855
2024-01-08T08:00:00Z,43973.7,45334.9,43646.4,44958,2445.95434595
2024-01-08T16:00:00Z,44969.6,47245.4,44799.1,46949.2,3728.67829124
2024-01-09T00:00:00Z,46949.2,47143.7,46215,46830.6,1304.23030604
2024-01-09T08:00:00Z,46830.6,47071.6,45495.5,46864.8,2557.41639426
2024-01-09T16:00:00Z,46864.7,47968,44620.8,46116.8,3068.64424125
2024-01-10T00:00:00Z,46112.6,46241.7,45624.1,45760.7,1197.45291958
2024-01-10T08:00:00Z,45760.6,45860,44316.7,45557.8,4001.82253624
2024-01-10T16:00:00Z,45557.8,47686.3,44892,46644.8,7365.40794593
2024-01-11T00:00:00Z,46649.3,46746.1,45615.6,46099.9,1497.95842181
2024-01-11T08:00:00Z,46099.9,48989,46051.2,46781.9,4430.8726059
2024-01-11T16:00:00Z,46781.9,47018.5,45578.3,46340.1,2225.263919
2024-01-12T00:00:00Z,46340.1,46518.9,45729.1,46007.3,978.94861149
2024-01-12T08:00:00Z,46007.4,46265.4,44340.9,44470.6,1832.55001818
2024-01-12T16:00:00Z,44454.1,44678.9,41440,42780.2,4302.83265055
2024-01-13T00:00:00Z,42785.2,43253.5,42433.1,43103.2,913.8075682
2024-01-13T08:00:00Z,43103.3,43252.5,42511.4,43153.6,1336.47726893
2024-01-13T16:00:00Z,43155.5,43189.3,42708,42842.7,683.38299475
2024-01-14T00:00:00Z,42842.7,43064.2,42563.8,43012,467.02987301
2024-01-14T08:00:00Z,43012.1,43084.5,42717.2,42904.7,453.80501189
2024-01-14T16:00:00Z,42904.7,43009.1,41723,41727.2,1268.49366723
2024-01-15T00:00:00Z,41727.2,42814.7,41715.7,42709.8,677.5409042
2024-01-15T08:00:00Z,42715.1,42960.3,42160.8,42275.6,833.2638215
2024-01-15T16:00:00Z,42275.6,43373,42252.3,42523.6,998.61395825
2024-01-16T00:00:00Z,42513.5,42942.9,42471.5,42786.6,457.73236786
2024-01-16T08:00:00Z,42787,43313.5,42034.6,43249.5,1347.86631515
2024-01-16T16:00:00Z,43249.4,43573,42830.6,43136.8,942.636853
2024-01-17T00:00:00Z,43132.4,43195.9,42625.5,42663.6,477.66659053
2024-01-17T08:00:00Z,42654.3,42919.9,42374,42481.2,1224.858635140564891
2024-01-17T16:00:00Z,42481.1,42864.6,42211,42773.1,816.04648757329488
2024-01-18T00:00:00Z,42773.1,42919.6,42511,42914.4,406.44055138
2024-01-18T08:00:00Z,42914.5,42925,42356.4,42614.3,727.1611407
2024-01-18T16:00:00Z,42620,42620,40680,41321.5,2893.1918031202947136
2024-01-19T00:00:00Z,41324.1,41569.2,40760.7,41280.5,679.14836965
2024-01-19T08:00:00Z,41280.5,41510,40724,40892,903.9001391311321072328
2024-01-19T16:00:00Z,40891.9,42185.3,40276.2,41655.5,2294.71582247
2024-01-20T00:00:00Z,41658.8,41774.9,41463.7,41650,363.88345841
2024-01-20T08:00:00Z,41650,41695.9,41457.6,41565,444.37927188
2024-01-20T16:00:00Z,41569.1,41867,41528,41693.4,334.49535649
2024-01-21T00:00:00Z,41693.4,41732.6,41558.7,41647,194.43112798
2024-01-21T08:00:00Z,41647,41876,41606.6,41656.5,374.1081597
2024-01-21T16:00:00Z,41656.5,41805.8,41502.4,41579.8,307.62146966
2024-01-22T00:00:00Z,41579.9,41684,40686.5,41041,936.42258881
2024-01-22T08:00:00Z,41044,41239,40353.4,40772.2,1476.00999334
2024-01-22T16:00:00Z,40776.2,40868.4,39417.8,39573,2458.67379896
2024-01-23T00:00:00Z,39573,40172,39508.9,39781.6,612.85617812
2024-01-23T08:00:00Z,39781.6,39859.9,38559,39200.3,2718.91287828
2024-01-23T16:00:00Z,39200.4,39904.4,38931.1,39896.4,1265.42136139
2024-01-24T00:00:00Z,39900.6,40244.9,39561.1,39982.8,725.83807085
2024-01-24T08:00:00Z,39989.7,40553.3,39769,40052.6,1435.07470908
2024-01-24T16:00:00Z,40052.3,40202.3,39493.5,40082.1,1011.47141249
2024-01-25T00:00:00Z,40082.1,40174,39791,40126.6,450.85902581
2024-01-25T08:00:00Z,40126.7,40300,39633.1,39799,937.20992728
2024-01-25T16:00:00Z,39799.1,40042.7,39554.1,39966,736.9008304
2024-01-26T00:00:00Z,39959.8,40227,39822,39970.9,518.6915059
2024-01-26T08:00:00Z,39971,41588,39965.2,41419.7,1911.21567114
2024-01-26T16:00:00Z,41419.8,42243.3,41399,41815.8,1256.47141938
2024-01-27T00:00:00Z,41820.5,41929.6,41600.5,41710.8,274.11547347
2024-01-27T08:00:00Z,41710.9,41892.8,41390.3,41814.7,370.92945825
2024-01-27T16:00:00Z,41814.6,42195.8,41745.1,42119,352.24638171
2024-01-28T00:00:00Z,42119.1,42839,41931.7,42389.6,840.03483811
2024-01-28T08:00:00Z,42389.5,42691,42157,42257.7,513.71793397
2024-01-28T16:00:00Z,42257.7,42348,41623.1,42037.9,487.89712885
2024-01-29T00:00:00Z,42037.9,42500.8,41880.1,42050.3,400.79795866
2024-01-29T08:00:00Z,42053.9,42646.4,41802.9,42637.2,615.40450513
2024-01-29T16:00:00Z,42637.3,43317.9,42519.7,43299.8,1017.57207814
2024-01-30T00:00:00Z,43299.8,43790.9,43136,43362.2,700.36656761
2024-01-30T08:00:00Z,43362.2,43861.9,43115,43383.6,1271.43696614
2024-01-30T16:00:00Z,43383.7,43756,42700,42943.3,1208.73157657
2024-01-31T00:00:00Z,42943.3,43106.3,42661.2,43047.4,692.92085269
2024-01-31T08:00:00Z,43047.4,43464.6,42351.1,43358.5,1758.55409896
2024-01-31T16:00:00Z,43354.7,43742.3,42280.7,42585.1,1841.28652736
2024-02-01T00:00:00Z,42580.3,42682,41886.8,42193.9,797.3321573
2024-02-01T08:00:00Z,42193.9,42943.5,41947.7,42513.8,1046.31665372
2024-02-01T16:00:00Z,42513.8,43295,42364,43082.2,1119.26499919
2024-02-02T00:00:00Z,43082.3,43430,42938.8,43094.4,521.56194217
2024-02-02T08:00:00Z,43094.1,43245.1,42555,43239.9,1449.5282445
2024-02-02T16:00:00Z,43240,43481.9,42781.9,43199.1,895.6120477
2024-02-03T00:00:00Z,43199.2,43379.4,43045,43053.8,373.29610021
2024-02-03T08:00:00Z,43053.8,43194.7,42880.1,43119.9,492.01825197
2024-02-03T16:00:00Z,43119.9,43266.8,42951.9,43006.1,403.64484178
2024-02-04T00:00:00Z,43011.1,43069.8,42732.8,42844,355.27677185
2024-02-04T08:00:00Z,42844.1,43119.4,42740,42943.9,616.72286259
2024-02-04T16:00:00Z,42944,42981,42215,42582.9,851.17991854
2024-02-05T00:00:00Z,42583,43170.3,42260.2,43073.9,546.64394449
2024-02-05T08:00:00Z,43072,43578.9,42601.6,42646.2,861.86322423
2024-02-05T16:00:00Z,42645.9,42863,42330,42706.1,622.53761788
2024-02-06T00:00:00Z,42706.2,42956,42573.2,42888.2,375.79582657
2024-02-06T08:00:00Z,42888.3,43269,42663.2,43246.1,1117.01809445
2024-02-06T16:00:00Z,43246.1,43386,43020,43096,747.42404921
2024-02-07T00:00:00Z,43098,43225,42786.7,42915.9,673.85321995
2024-02-07T08:00:00Z,42918.5,43322.4,42843.2,43065.9,1697.49950968
2024-02-07T16:00:00Z,43069.9,44393,43016.3,44344,3024.27121896
2024-02-08T00:00:00Z,44341.4,44785.9,44330,44515.9,1422.88097371
2024-02-08T08:00:00Z,44515.9,45463.9,44510.6,45430.1,2043.10707239
2024-02-08T16:00:00Z,45428.4,45603,44894.1,45288.6,1247.42237275
2024-02-09T00:00:00Z,45288.6,46418,45247.1,46206.1,2526.95786536
2024-02-09T08:00:00Z,46206.1,47712.7,46205,47160.8,4862.02954399
2024-02-09T16:00:00Z,47160.8,48192,47022.9,47135.7,2670.92840848
2024-02-10T00:00:00Z,47135.7,47499,47052,47151.1,699.9881888
2024-02-10T08:00:00Z,47151.1,47375.8,46845.1,47355.5,916.43381534
2024-02-10T16:00:00Z,47355.6,48167,47159.9,47750,1320.74810415
2024-02-11T00:00:00Z,47750.1,48591.9,47571.9,48174.7,2169.33343794
2024-02-11T08:00:00Z,48177.9,48464.4,47925.3,48150.3,1922.56627552
2024-02-11T16:00:00Z,48150.3,48400,47950.1,48297.7,1875.97876124
2024-02-12T00:00:00Z,48297.7,48815,47763.6,48203.9,2349.38124684
2024-02-12T08:00:00Z,48203.8,49950,47716.8,49910,3566.16212973
2024-02-12T16:00:00Z,49910,50336.8,49402,49923.9,4138.42765149
2024-02-13T00:00:00Z,49924,50364,49745,49987.8,1808.87497177
2024-02-13T08:00:00Z,49987.8,50249,48402,48728.1,4186.73888464
2024-02-13T16:00:00Z,48728.1,49766.8,48300,49694.4,2013.25360634
2024-02-14T00:00:00Z,49694.4,49875,49228.5,49832.1,844.78151623
2024-02-14T08:00:00Z,49832.2,52040,49736.9,51586.2,3420.01092172
2024-02-14T16:00:00Z,51595.6,51890,51206.9,51792,1298.99392092
2024-02-15T00:00:00Z,51796,52499.7,51634.6,51782.2,1970.18733387
2024-02-15T08:00:00Z,51782.3,52809.6,51646.4,51949.7,2138.98278222
2024-02-15T16:00:00Z,51949.7,52380.7,51315.4,51880.4,1257.48625164
2024-02-16T00:00:00Z,51880.4,52337.5,51724.6,51746.5,936.3962397
2024-02-16T08:00:00Z,51746.5,52591.8,51578.6,51885.2,2180.94965711
2024-02-16T16:00:00Z,51882.8,52245,51650.1,52121.1,1396.96785118
2024-02-17T00:00:00Z,52121.1,52166.8,51800,51910.7,556.57642965
2024-02-17T08:00:00Z,51910.8,51910.8,50625.7,50986.9,2048.14340959
2024-02-17T16:00:00Z,50986.9,52038,50741.9,51644.1,1195.90671354
2024-02-18T00:00:00Z,51644.2,51799.8,51153.7,51665.6,902.19981969
2024-02-18T08:00:00Z,51665.6,52068.4,51534.7,51773.9,1049.23344222
2024-02-18T16:00:00Z,51773.9,52384.3,51589.1,52133,1184.95875615
2024-02-19T00:00:00Z,52133,52487.3,51906.1,52399,1010.96622911
2024-02-19T08:00:00Z,52399.1,52454.6,52022.5,52120.8,1363.30808368
2024-02-19T16:00:00Z,52120.8,52226.1,51681.1,51777.1,1238.9044359
2024-02-20T00:00:00Z,51781.8,52050.8,51313.1,51837.7,1125.9470219
2024-02-20T08:00:00Z,51837.7,52994.1,51358,51669.4,3708.05004011
2024-02-20T16:00:00Z,51680.8,52519.8,50750.5,52263.8,2082.97496818
2024-02-21T00:00:00Z,52263.9,52370,51470,51567.7,2279.63664153
2024-02-21T08:00:00Z,51567.8,51782,50622,51154,4142.88120595
2024-02-21T16:00:00Z,51154.1,51945.6,50630.4,51854.3,1518.66897085
2024-02-22T00:00:00Z,51854.3,51908.8,51155.1,51823.9,1179.32451231
2024-02-22T08:00:00Z,51830.6,52029,50943.1,51598,3698.55577712
2024-02-22T16:00:00Z,51598,52063.9,51153.7,51289.6,2149.97943227
2024-02-23T00:00:00Z,51289.7,51543.1,50888,50917.9,955.51614577
2024-02-23T08:00:00Z,50918,51317.9,50800,50910.3,2474.35218437
2024-02-23T16:00:00Z,50910.4,51190.2,50518.3,50746.2,1315.58166819
2024-02-24T00:00:00Z,50753.6,51100,50589,51068,870.31822067
2024-02-24T08:00:00Z,51068.1,51179.4,50947,51098.5,934.7408495
2024-02-24T16:00:00Z,51098.5,51699.8,51096,51562.1,709.18334939
2024-02-25T00:00:00Z,51562.2,51889,51440.5,51719.8,956.64686596
2024-02-25T08:00:00Z,51719.8,51780,51435.1,51525.9,1063.20051287
2024-02-25T16:00:00Z,51526,51963.3,51278,51725.9,980.72935699
2024-02-26T00:00:00Z,51727.9,51800,51290,51290.1,615.16803392
2024-02-26T08:00:00Z,51290,52838.8,50901.9,52834,3668.90671084
2024-02-26T16:00:00Z,52834,54908.2,52753.7,54472.1,2873.59117121
2024-02-27T00:00:00Z,54472.2,57116.8,54447,56052.4,2769.43969403
2024-02-27T08:00:00Z,56052.4,57406.4,56014.9,56745.8,1791.68480204
2024-02-27T16:00:00Z,56749.9,57587,56229.6,57031.8,1653.86253186
2024-02-28T00:00:00Z,57040.2,58378.3,56694,58244.2,2259.14406855
2024-02-28T08:00:00Z,58244.3,61355.4,58177.1,60968.8,5415.32627322
2024-02-28T16:00:00Z,60968.8,64021,58516.5,62429.7,7295.12773133
2024-02-29T00:00:00Z,62429.8,63663,61024.7,62700,3374.21751515
2024-02-29T08:00:00Z,62700,63543.8,62070,62768,3916.56092051
2024-02-29T16:00:00Z,62770.4,62880.9,60371.7,61143.2,4314.118777
2024-03-01T00:00:00Z,61143.3,61777.5,60781.4,61429.9,1639.2783987
2024-03-01T08:00:00Z,61437.9,62677.2,61143.7,61266,2005.00649396
2024-03-01T16:00:00Z,61266.1,63066.1,61238,62381.7,1699.89493953
2024-03-02T00:00:00Z,62381.8,62437.9,61759.1,62018.2,1047.36142603
2024-03-02T08:00:00Z,62018.1,62167.9,61558.3,61772,949.5515306
2024-03-02T16:00:00Z,61772.1,62196.4,61639.5,61982,943.86733393
2024-03-03T00:00:00Z,61981.9,62100,61320.6,61597.1,1001.78928769
2024-03-03T08:00:00Z,61597,62500,61394,62164.1,1678.88813896
2024-03-03T16:00:00Z,62164.1,63233.4,62088.6,63106.1,1417.96912558
2024-03-04T00:00:00Z,63112.9,64304.5,62301.6,64064.1,2836.36682303
2024-03-04T08:00:00Z,64064,66582.5,64016.2,66453.5,4180.83737143
2024-03-04T16:00:00Z,66453.5,68510.6,66058,68248.5,5014.03133568
2024-03-05T00:00:00Z,68248.5,68684.4,65129,66138.6,4242.92859708
2024-03-05T08:00:00Z,66138.6,69000,65536.8,66776,4733.80595297
2024-03-05T16:00:00Z,66776.1,66985.9,59000,63714.1,11520.66449621
2024-03-06T00:00:00Z,63714.1,66755.8,62786,66681.7,4088.04662612
2024-03-06T08:00:00Z,66681.6,67645.3,64622,66476.8,5758.58671218
2024-03-06T16:00:00Z,66487.6,67443.7,65717.9,66074.1,2470.04880466
2024-03-07T00:00:00Z,66074.1,66461.8,65562,66386.1,1959.17465996
2024-03-07T08:00:00Z,66386,67889.9,66342.1,67262.1,3331.55810613
2024-03-07T16:00:00Z,67262.1,67978.8,66813.1,66820.2,2456.31913198
2024-03-08T00:00:00Z,66820.3,67629,66762,67236.1,1192.81585898
2024-03-08T08:00:00Z,67236,69941,67039.5,67620.2,4712.76882063
2024-03-08T16:00:00Z,67620.2,69361.4,66112,68124.1,4990.32031375
2024-03-09T00:00:00Z,68124,68551.5,67866.5,68286,604.68249038
2024-03-09T08:00:00Z,68286,68503.9,67942.8,68290,766.32034872
2024-03-09T16:00:00Z,68290,68431,68001,68313,462.83530906
2024-03-10T00:00:00Z,68313,69644,68210,69351.3,1650.23839775
2024-03-10T08:00:00Z,69351.4,69870,68669.6,69197.7,2650.00319972
2024-03-10T16:00:00Z,69197.7,69757.8,68100,68953.9,1816.91335081
2024-03-11T00:00:00Z,68953.9,71243.9,67092.3,70990,4016.22440645
2024-03-11T08:00:00Z,71000.1,72659,71000,72010.7,2927.5373323
2024-03-11T16:00:00Z,72010.7,72800,71766.4,72085.5,1985.37639988
2024-03-12T00:00:00Z,72090.5,72465.6,71316,72124.3,1358.86127466
2024-03-12T08:00:00Z,72124.2,73065.2,70989.6,71709.6,2983.4023908
2024-03-12T16:00:00Z,71709.7,71831.9,68653.1,71450,3946.57442876
2024-03-13T00:00:00Z,71450,73180,71333,72861.2,1233.26406224
2024-03-13T08:00:00Z,72861.2,73634.9,71636,72632.2,2425.8419548
2024-03-13T16:00:00Z,72632.1,73500,72347.2,73078.1,1386.70302499
2024-03-14T00:00:00Z,73078.2,73773.6,72500,73223.8,1815.59418948
2024-03-14T08:00:00Z,73223.7,73525.4,70600.3,70845.4,4065.05734637
2024-03-14T16:00:00Z,70845.4,71707,68586,71387.9,5621.66899159
2024-03-15T00:00:00Z,71388,72419.2,66708,68445.2,5192.09692981
2024-03-15T08:00:00Z,68445.2,68741.9,65619.4,68155.9,4416.91587365
2024-03-15T16:00:00Z,68155.9,70651.9,67411.1,69492.1,3074.74264645
2024-03-16T00:00:00Z,69504,70047.3,68600.2,69428.2,1380.41470356
2024-03-16T08:00:00Z,69433.5,69439.9,67529.6,68380,2768.60749997
2024-03-16T16:00:00Z,68382.4,68406.4,64777,65308.2,5349.59173301
2024-03-17T00:00:00Z,65308.3,66576.8,64547.2,65640.4,3765.7732098
2024-03-17T08:00:00Z,65640.3,68118.7,65294,67971.3,4061.6620934
2024-03-17T16:00:00Z,67964.1,68921.9,67763.9,68395.8,2392.72697833
2024-03-18T00:00:00Z,68395.9,68966,66808.1,68208.3,2507.72549455
2024-03-18T08:00:00Z,68208.4,68616,66634.1,67473.2,3099.55711931
2024-03-18T16:00:00Z,67468.1,68073.9,66560.9,67615.9,2324.11171424
2024-03-19T00:00:00Z,67615.9,68134.6,63580.4,64693.8,4948.8215282
2024-03-19T08:00:00Z,64693.8,64695.5,62410.3,64047,5765.60866623
2024-03-19T16:00:00Z,64055.3,65754.8,61523,61931.8,3932.7510615
2024-03-20T00:00:00Z,61931.8,63448,60749.6,62952.6,4659.76598285
2024-03-20T08:00:00Z,62952.6,64415.9,62640.5,63600.3,3416.46072405
2024-03-20T16:00:00Z,63611,68100,62026.2,67841.1,4316.87676162
2024-03-21T00:00:00Z,67832.6,68236.8,66076,66984.2,2110.8191745
2024-03-21T08:00:00Z,66984.3,67704.2,66066.3,66561.3,2583.28684453
2024-03-21T16:00:00Z,66561.3,67003,64515.6,65504.1,2605.72351399
2024-03-22T00:00:00Z,65504.2,66640.7,65132,66188.1,1566.47250114
2024-03-22T08:00:00Z,66188.2,66378.8,62603.9,63875.8,3909.00130804
2024-03-22T16:00:00Z,63883.4,64125.7,62254.3,63790,2850.45997877
2024-03-23T00:00:00Z,63793.9,64843.5,63000.1,64575.9,1632.4357741
2024-03-23T08:00:00Z,64576,65405.4,64192.8,65099.4,1773.92982823
2024-03-23T16:00:00Z,65099.5,65998,63892,63990.7,1637.58850741
2024-03-24T00:00:00Z,63990.8,64712.9,63783,64585.9,1069.9710982
2024-03-24T08:00:00Z,64586,65921.1,64478.9,65668,1788.41563747
2024-03-24T16:00:00Z,65669.9,67620,64629,67215.7,2583.24374341
2024-03-25T00:00:00Z,67206.7,67725.7,66383.3,66809.6,1561.53159457
2024-03-25T08:00:00Z,66809.7,70028.8,66754.1,69780.8,3528.63100149
2024-03-25T16:00:00Z,69795.4,71145.3,69450.8,69868.9,3363.61534708
2024-03-26T00:00:00Z,69869,71574,69728.4,70484.7,1650.46457439
2024-03-26T08:00:00Z,70494.4,71288,69250,70250,2622.47348352
2024-03-26T16:00:00Z,70239,70495.9,69224.1,69989.7,2435.75798994
2024-03-27T00:00:00Z,69989.7,70737.6,69650.6,69742.6,1241.88925621
2024-03-27T08:00:00Z,69746.8,71739.5,68556.4,68864,2596.66344325
2024-03-27T16:00:00Z,68864.1,69646.1,68410.8,69468,1638.44238582
2024-03-28T00:00:00Z,69468.1,70452,68843.8,70389.1,1383.22655472
2024-03-28T08:00:00Z,70397.7,71544,70286.5,71285.5,1853.54020088
2024-03-28T16:00:00Z,71298.2,71325.1,70400,70794.3,964.51159036
2024-03-29T00:00:00Z,70794.3,70913.8,69746,69799.7,541.05775493
2024-03-29T08:00:00Z,69799.7,70595,68957,69189.2,798.02279527
2024-03-29T16:00:00Z,69189.3,69915.3,69093.1,69846.1,453.63772158
2024-03-30T00:00:00Z,69846.2,70331,69706.5,69844.4,360.6494638
2024-03-30T08:00:00Z,69843.6,70268.3,69816,69999.5,300.72075149
2024-03-30T16:00:00Z,69999.5,70282.9,69528.1,69570.9,351.49023266
2024-03-31T00:00:00Z,69578.4,70466,69553.4,70292.9,296.06602756
2024-03-31T08:00:00Z,70309.4,70746.7,70146.5,70375.1,366.21997879
2024-03-31T16:00:00Z,70375.1,71349,70320.1,71264.5,509.20021998
2024-04-01T00:00:00Z,71257.7,71274.8,68850,69593.1,1022.70259606
2024-04-01T08:00:00Z,69593.2,70076.5,68168.1,68234.2,1285.24713898
2024-04-01T16:00:00Z,68234.2,69899.8,68039.1,69653,1054.2299101
2024-04-02T00:00:00Z,69653,69677.5,65696.8,66444.9,2090.10094995
2024-04-02T08:00:00Z,66444.9,66690.4,64597.5,64891.2,2262.73782569
2024-04-02T16:00:00Z,64900.9,66183.6,64608,65482.9,1264.83542673
2024-04-03T00:00:00Z,65473.1,66484,64455.7,66139.3,1260.5962568
2024-04-03T08:00:00Z,66139.3,66890.9,65540.1,65846.2,1533.20944436
2024-04-03T16:00:00Z,65840.3,66573.1,65454.6,65959.2,1077.18048368
2024-04-04T00:00:00Z,65960,66358.9,65048.8,66081.6,816.37232427
2024-04-04T08:00:00Z,66084.8,67933,66022.6,67640,1268.92902497
2024-04-04T16:00:00Z,67648.2,69317.1,67314.3,68485.2,1683.20197
2024-04-05T00:00:00Z,68485.2,68740.6,66368,66924,1111.86230549
2024-04-05T08:00:00Z,66925.7,68578.9,65957.7,68212,1977.51998296
2024-04-05T16:00:00Z,68210.3,68374.8,67310.5,67822.4,886.75610472
2024-04-06T00:00:00Z,67822.5,68237,67453,67993.8,518.52106653
2024-04-06T08:00:00Z,67993.8,68299.5,67524,68098.3,509.06478973
2024-04-06T16:00:00Z,68106.4,69659,67940,68886,746.90836575
2024-04-07T00:00:00Z,68886,69768.1,68824.1,69354.5,832.95695036
2024-04-07T08:00:00Z,69354.5,69869.9,69195.5,69543.1,773.73292256
2024-04-07T16:00:00Z,69547.9,70345,68868.8,69350,1037.45725735
2024-04-08T00:00:00Z,69350,70824.4,69049.1,70696,629.4703517
2024-04-08T08:00:00Z,70698,72780.5,70627.3,71768.8,1915.63187257
2024-04-08T16:00:00Z,71768.9,72098.6,71302.5,71626.4,547.66769404
2024-04-09T00:00:00Z,71626.4,71751.5,70153.1,70385.5,650.75501431
2024-04-09T08:00:00Z,70385.5,70971.1,68543.9,69259.7,1358.70859522
2024-04-09T16:00:00Z,69259.6,69421.9,68208.2,69150.1,602.49226262
2024-04-10T00:00:00Z,69150,69585,68473.5,69336.9,532.14514222
2024-04-10T08:00:00Z,69336.9,69345.8,67521.2,68658,1185.05134662
2024-04-10T16:00:00Z,68652.6,71167.9,68533.9,70631.8,1318.53015691
2024-04-11T00:00:00Z,70631.8,71299.8,70258.5,70737.2,700.66768131
2024-04-11T08:00:00Z,70737.2,71281.9,69562.2,70002.3,1295.30179844
2024-04-11T16:00:00Z,70006.3,70742.7,69584.1,70005.6,621.14429226
2024-04-12T00:00:00Z,70005.6,71220,69999.5,70761.3,578.04062724
2024-04-12T08:00:00Z,70755.9,70967.8,69241.4,69343.3,999.30218864
2024-04-12T16:00:00Z,69343.3,69586,64939.8,67115.6,2921.15352346
2024-04-13T00:00:00Z,67113.7,67935.6,65736,67433.2,984.4626445
2024-04-13T08:00:00Z,67433.2,67932.6,67092,67668.1,614.7809582
2024-04-13T16:00:00Z,67664.6,67752.3,59900,63916.5,5678.1384631
2024-04-14T00:00:00Z,63917.9,64872,62142.9,64456.1,1774.43486756
2024-04-14T08:00:00Z,64462.7,64879,63440.5,64182,1491.17387747
2024-04-14T16:00:00Z,64188.4,65822,62526.4,65661.1,2183.01490079
2024-04-15T00:00:00Z,65660.2,66572.9,64688.4,66265.8,1172.14106322
2024-04-15T08:00:00Z,66259.1,66844.2,63803,64569.4,1379.46739612
2024-04-15T16:00:00Z,64569.3,64856.8,62269.3,63416.7,1862.20721362
2024-04-16T00:00:00Z,63424.4,63898.6,61657.7,63505.6,1332.03431273
2024-04-16T08:00:00Z,63505.5,63658,61592.1,61759.1,1779.85474293
2024-04-16T16:00:00Z,61757.8,64385,61699.5,63793.2,1374.78345686
2024-04-17T00:00:00Z,63793.3,64497.5,63240.9,63292.8,739.27553053
2024-04-17T08:00:00Z,63299.3,63585.6,60000,60301.8,2393.83037778
2024-04-17T16:00:00Z,60306.3,61968.3,59669.9,61273.8,1873.87325234
2024-04-18T00:00:00Z,61273.8,62220.4,60803.1,61177.3,997.06015338
2024-04-18T08:00:00Z,61177.3,64114,60847.7,63497,1718.21545557
2024-04-18T16:00:00Z,63498.6,63869,62293.7,63468.3,1143.08090339
2024-04-19T00:00:00Z,63473.3,65194.3,59600,64556.9,2840.59681592
2024-04-19T08:00:00Z,64541.9,65432.3,63828,64440.5,1747.83129296
2024-04-19T16:00:00Z,64440.6,64813,62956.1,63813.8,1331.96304729
2024-04-20T00:00:00Z,63816.4,64270,63085.1,63961.7,759.73572628
2024-04-20T08:00:00Z,63961.7,64956.6,63279.8,64801.8,793.13846172
2024-04-20T16:00:00Z,64805.2,65415.5,64465.1,64939.3,912.05113332
2024-04-21T00:00:00Z,64934.2,65700,64605.9,65141.8,514.93004376
2024-04-21T08:00:00Z,65141.8,65448,64759.4,65043,548.03558292
2024-04-21T16:00:00Z,65043.1,65152.6,64241,64941.3,901.34776879
2024-04-22T00:00:00Z,64941.3,66486,64504.2,65974.2,1160.46214668
2024-04-22T08:00:00Z,65974.1,66475.7,65635,65996.3,818.97880165
2024-04-22T16:00:00Z,65996.4,67245.8,65915.7,66810.1,815.56930814
2024-04-23T00:00:00Z,66810.2,67184,66037,66108.6,532.25208525
2024-04-23T08:00:00Z,66108.7,67128.2,65807.2,66427.3,648.63637905
2024-04-23T16:00:00Z,66434.8,66906.9,65966.2,66415.6,503.50043388
2024-04-24T00:00:00Z,66415.6,67070,66395.8,66626.7,519.15611049
2024-04-24T08:00:00Z,66626.7,66742.9,64520.9,64619.6,1082.01433251
2024-04-24T16:00:00Z,64622.1,65132,63600.9,64290.6,1064.73103749
2024-04-25T00:00:00Z,64281.5,64736.9,63823.1,64011.6,387.60602344
2024-04-25T08:00:00Z,64025.5,64323.5,62800,64132.7,1117.01264851
2024-04-25T16:00:00Z,64129.6,65276.7,63964.3,64501.2,817.16553772
2024-04-26T00:00:00Z,64501.2,64670.8,63878,64275.6,512.71353992
2024-04-26T08:00:00Z,64274.5,64807,63353,63500,986.43892065
2024-04-26T16:00:00Z,63501.8,64164.9,63318.3,63768.2,541.74309268
2024-04-27T00:00:00Z,63768.3,63920.9,62391.6,62969.6,748.09130814
2024-04-27T08:00:00Z,62969.7,63417,62674,62951,427.83456953
2024-04-27T16:00:00Z,62951.1,63651,62745.5,63452.6,631.91381192
2024-04-28T00:00:00Z,63452.6,64369.9,63452.5,63913.4,531.09365484
2024-04-28T08:00:00Z,63913.3,63983.9,63352,63536.8,425.34944214
2024-04-28T16:00:00Z,63536.8,63971,62780,63122.9,481.70074858
2024-04-29T00:00:00Z,63123,63360.2,61922.6,62393,670.44340529
2024-04-29T08:00:00Z,62393.1,63105.5,61781.4,63035.6,852.89938242
2024-04-29T16:00:00Z,63041.5,64213.5,62538.2,63859.8,693.60615274
2024-04-30T00:00:00Z,63860.2,64734,63073.2,63147.4,772.71685222
2024-04-30T08:00:00Z,63147.5,63243.1,60533.8,60792.9,1812.8589891
2024-04-30T16:00:00Z,60792.9,61061.5,59174.1,60670.4,1647.46897014
2024-05-01T00:00:00Z,60666.8,60847.1,57084.1,57492.6,1592.62701531
2024-05-01T08:00:00Z,57498,58277,56560,56882.6,2031.62571431
2024-05-01T16:00:00Z,56881.1,59459,56631.2,58346.5,2112.46919051
2024-05-02T00:00:00Z,58346.6,58586.9,56938,57673.9,829.64276341
2024-05-02T08:00:00Z,57671.1,59458.7,57578.9,59264.8,1757.50828248
2024-05-02T16:00:00Z,59264.9,59624.8,58633.1,59057,848.61185835
2024-05-03T00:00:00Z,59057.1,60000,58814.8,59181.7,540.92721027
2024-05-03T08:00:00Z,59184.2,62114,58855.1,61679.3,1961.14714306
2024-05-03T16:00:00Z,61692.8,63325,61517.5,62878.1,1210.79317484
2024-05-04T00:00:00Z,62878.1,63595.9,62542.7,62957.3,920.30818644
2024-05-04T08:00:00Z,62957.1,64551.8,62918.7,63608.6,998.97268366
2024-05-04T16:00:00Z,63608.7,64204.8,63312.9,63890.6,463.3643236
2024-05-05T00:00:00Z,63890.7,64178.9,62870.4,63734.4,703.19222663
2024-05-05T08:00:00Z,63734.5,64629,63546.1,64427.5,640.6622283
2024-05-05T16:00:00Z,64433.1,64552.8,63579.5,64014.5,498.76656246
2024-05-06T00:00:00Z,64015.5,64584.9,63701.7,64540.4,458.47517614
2024-05-06T08:00:00Z,64545.1,65518.7,62925,63636.3,1759.79658645
2024-05-06T16:00:00Z,63627.4,63745.9,62704.1,63165.3,672.8223582
2024-05-07T00:00:00Z,63165.3,63977.9,62841.1,63671.4,580.1525634
2024-05-07T08:00:00Z,63671.4,64415.6,63077.6,63741.2,949.90971451
2024-05-07T16:00:00Z,63741.2,63897,62250,62314.5,685.10862394
2024-05-08T00:00:00Z,62312.5,63018.2,62090,62209.9,637.52443118
2024-05-08T08:00:00Z,62209.9,62828.5,61781.4,62280.9,786.95286204
2024-05-08T16:00:00Z,62280.9,62760.6,60881,61187.2,820.86216176
2024-05-09T00:00:00Z,61190.7,61812,61138.1,61256.4,427.72071076
2024-05-09T08:00:00Z,61256.4,62292,60636.1,62153.9,1188.13530463
2024-05-09T16:00:00Z,62154,63422.4,61749.5,63076.6,916.59959583
2024-05-10T00:00:00Z,63076.7,63375.7,62660.9,63076.9,510.5698994
2024-05-10T08:00:00Z,63076.9,63466.3,60665.8,60921.9,1233.12963983
2024-05-10T16:00:00Z,60918.9,61291.5,60179.6,60799.5,1072.5686758
2024-05-11T00:00:00Z,60799.6,61108,60656.1,61010.7,322.10236627
2024-05-11T08:00:00Z,61010.7,61522.5,60483.4,61174.5,430.67856789
2024-05-11T16:00:00Z,61174.6,61400,60761.1,60827.1,364.33609109
2024-05-12T00:00:00Z,60827.2,61119.5,60605,60823.2,204.95680868
2024-05-12T08:00:00Z,60823.1,61555,60781.3,61410.1,366.16801453
2024-05-12T16:00:00Z,61418.5,61863.9,60898.9,61484.1,413.43765389
2024-05-13T00:00:00Z,61484.1,62444.5,60764.1,62336.3,718.79823936
2024-05-13T08:00:00Z,62336.2,63286.3,62336.2,63003.2,1182.85333923
2024-05-13T16:00:00Z,63003.3,63449,62556.1,62938.2,665.49976044
2024-05-14T00:00:00Z,62938.1,63108,61394.6,62029.9,969.70810367
2024-05-14T08:00:00Z,62029.9,62315,61137.1,61778.8,1130.80245242
2024-05-14T16:00:00Z,61784.8,61813.6,61153.3,61577.2,525.71866022
2024-05-15T00:00:00Z,61577.3,62276.9,61339.4,62194.5,375.50453712
2024-05-15T08:00:00Z,62194.5,65076.9,61929.5,64725.5,1796.90011059
2024-05-15T16:00:00Z,64717.8,66460.5,64708.1,66210.8,1400.09368055
2024-05-16T00:00:00Z,66210.8,66666,65664.4,66134.9,642.6927653
2024-05-16T08:00:00Z,66135,66799,65354.7,65828.9,1169.62959441
2024-05-16T16:00:00Z,65828.9,65828.9,64602.9,65237.7,839.9316162
2024-05-17T00:00:00Z,65237.8,66507.8,65097.6,66385.3,609.84261972
2024-05-17T08:00:00Z,66382.1,67528,65809.5,67193.7,1102.83075943
2024-05-17T16:00:00Z,67194.9,67303.7,66224.1,67019.1,546.72270912
2024-05-18T00:00:00Z,67019.1,67231.9,66734.7,66886.1,323.10286467
2024-05-18T08:00:00Z,66878.8,67375.4,66587,66808,577.89065174
2024-05-18T16:00:00Z,66808,67041.9,66717.6,66914,209.54963672
2024-05-19T00:00:00Z,66914,67333,66843.2,67331.8,241.27328482
2024-05-19T08:00:00Z,67331.8,67708,66676.7,66883.1,752.45639329
2024-05-19T16:00:00Z,66883.2,66996.6,65880,66269.4,549.47556853
2024-05-20T00:00:00Z,66269.5,67300,66066.8,66820.1,554.09661846
2024-05-20T08:00:00Z,66820,67508.2,66752,67418.8,663.31182889
2024-05-20T16:00:00Z,67415.7,71589.1,67373.6,71401.2,2100.13926858
2024-05-21T00:00:00Z,71428.3,71975.9,70681,70876.1,949.8456434
2024-05-21T08:00:00Z,70876.2,71437.7,69669.3,69820.1,930.85268398
2024-05-21T16:00:00Z,69821.8,70363.5,69165,70144.9,720.29312677
2024-05-22T00:00:00Z,70151.5,70363,69211.1,69702.6,535.66421112
2024-05-22T08:00:00Z,69702.7,70599.8,69434.3,70451.2,658.91908404
2024-05-22T16:00:00Z,70451.2,70659.7,68910.4,69168,652.36804686
2024-05-23T00:00:00Z,69168,69850.2,69168,69738.2,289.68431969
2024-05-23T08:00:00Z,69738.3,70068.9,67601.1,68077.5,1409.00004014
2024-05-23T16:00:00Z,68077.4,68374.8,66301.4,67971.1,1537.12636366
2024-05-24T00:00:00Z,67964.4,68012.8,66835.6,67161.3,461.82079771
2024-05-24T08:00:00Z,67161.3,68420.2,66621.1,68316.6,635.56495863
2024-05-24T16:00:00Z,68316.7,69247.6,67859.9,68566,553.84184645
2024-05-25T00:00:00Z,68565.9,68904.9,68507.7,68745.4,168.7822015
2024-05-25T08:00:00Z,68745.5,69609.2,68745.4,68933.4,322.30623925
2024-05-25T16:00:00Z,68933.5,69364.8,68837.3,69294.6,165.6574536
2024-05-26T00:00:00Z,69294.7,69440.9,68813.6,69347.6,184.27668595
2024-05-26T08:00:00Z,69344.5,69552.7,68653,68843.3,338.34438123
2024-05-26T16:00:00Z,68843.4,68965.2,68178.1,68503.5,238.05535547
2024-05-27T00:00:00Z,68503.5,69326.1,68328,68650.6,255.27897116
2024-05-27T08:00:00Z,68650.7,70521,68260,70386.7,596.2890717
2024-05-27T16:00:00Z,70380.4,70678.6,69070.1,69429.5,500.72582243
2024-05-28T00:00:00Z,69429.5,69594.5,67470.3,67691.9,656.51430624
2024-05-28T08:00:00Z,67691.9,68889.9,67543.1,68371.3,734.43196323
2024-05-28T16:00:00Z,68380.6,68653,67277,68405.1,528.70174706
2024-05-29T00:00:00Z,68407.5,68931.4,67941.4,67946.2,387.6682814
2024-05-29T08:00:00Z,67950.2,68268.8,67247.9,67376.6,773.15868523
2024-05-29T16:00:00Z,67382.4,67821.6,67144.1,67654,518.77876441
2024-05-30T00:00:00Z,67654.1,68425,67476.5,67587.2,483.90952324
2024-05-30T08:00:00Z,67587.1,68837.8,67132,68531.5,731.24221263
2024-05-30T16:00:00Z,68530.8,69511.9,68041.7,68353,610.48749033
2024-05-31T00:00:00Z,68353.1,68737.1,68080.5,68175.6,206.17178646
2024-05-31T08:00:00Z,68183.9,69039,67206.7,67206.7,890.99668337
2024-05-31T16:00:00Z,67206.8,67994,66666.7,67536.4,653.69400548
2024-06-01T00:00:00Z,67539.5,67798.1,67441.9,67631.9,190.06681209
2024-06-01T08:00:00Z,67632,67873.8,67607.3,67680.9,183.35803264
2024-06-01T16:00:00Z,67681,67879.3,67505.7,67761.7,191.91157777
2024-06-02T00:00:00Z,67761.8,67908,67637.1,67717,112.64107256
2024-06-02T08:00:00Z,67717.1,68472.9,67379.1,68146.3,482.03922765
2024-06-02T16:00:00Z,68146.3,68204.6,67273.4,67768.4,382.26374383
2024-06-03T00:00:00Z,67768.4,69206.5,67619.1,68904.4,695.30690352
2024-06-03T08:00:00Z,68904.5,70277,68505.5,69594.4,1057.04756393
2024-06-03T16:00:00Z,69602,69703,68722.1,68808.7,508.88395176
2024-06-04T00:00:00Z,68808.8,69360,68653,69010.9,327.57833434
2024-06-04T08:00:00Z,69010.8,70493,68567.2,70444.7,932.1498162
2024-06-04T16:00:00Z,70444.8,71063,70091.8,70537.5,786.02832166
2024-06-05T00:00:00Z,70537.5,71374.9,70429.6,71200.6,602.26583179
2024-06-05T08:00:00Z,71200.6,71695,70385.4,71559.5,690.72738628
2024-06-05T16:00:00Z,71559.5,71751.9,70712.4,71105.2,590.58183667
2024-06-06T00:00:00Z,71102.4,71239,70810.2,71020.7,244.0079656
2024-06-06T08:00:00Z,71020.8,71650,70858.2,71297.5,634.03702559
2024-06-06T16:00:00Z,71297.6,71380.5,70115.2,70798.4,607.75330069
2024-06-07T00:00:00Z,70798.4,71441.7,70665.5,71109.4,279.97260508
2024-06-07T08:00:00Z,71109.4,71993.5,70617.1,71107.4,972.78323142
2024-06-07T16:00:00Z,71107.5,71203,68361.3,69342,1217.89052412
2024-06-08T00:00:00Z,69342.1,69569.7,69231.5,69569.7,186.05768888
2024-06-08T08:00:00Z,69569.8,69576.2,69175,69423.9,207.27568992
2024-06-08T16:00:00Z,69423.9,69488.5,69285.4,69308.5,186.96576088
2024-06-09T00:00:00Z,69308.6,69427.9,69129,69298.6,165.15212746
2024-06-09T08:00:00Z,69298.6,69774.9,69263.2,69507.7,235.36908008
2024-06-09T16:00:00Z,69507.7,69847.1,69487,69640.3,210.23340724
2024-06-10T00:00:00Z,69640.3,69802,69250,69293.8,208.97232495
2024-06-10T08:00:00Z,69299.2,70180,69186.2,70055.4,425.02522672
2024-06-10T16:00:00Z,70063.9,70120.6,69333,69537.2,408.35326297
2024-06-11T00:00:00Z,69530.5,69579.4,67349.2,67566.3,1311.30370428
2024-06-11T08:00:00Z,67571.4,67656.5,66035,66244.2,1190.03580458
2024-06-11T16:00:00Z,66233.4,67582.8,66165.5,67308.4,660.44742142
2024-06-12T00:00:00Z,67308.4,67604,66903.2,67447.9,335.9483262
2024-06-12T08:00:00Z,67447.8,70000,67348.3,69735.2,1126.76236891
2024-06-12T16:00:00Z,69735.3,69867.3,67229.4,68268.1,1311.66001606
2024-06-13T00:00:00Z,68268.1,68392.8,66957.8,67728,532.17916527
2024-06-13T08:00:00Z,67728,68406,66353.2,66466.7,961.74955847
2024-06-13T16:00:00Z,66466.7,67072.6,66271,66769.6,481.60098172
2024-06-14T00:00:00Z,66775.4,67218.3,66480.1,66908,338.53910694
2024-06-14T08:00:00Z,66907.9,67370.5,66343,66384.1,569.48671398
2024-06-14T16:00:00Z,66384.1,66641,65073.4,66042.5,1511.98024043
2024-06-15T00:00:00Z,66042.6,66414.8,65980.9,66075.4,234.60668424
2024-06-15T08:00:00Z,66081.4,66475.4,66077.6,66317.2,245.01910572
2024-06-15T16:00:00Z,66317.2,66363.7,65816,66226.7,230.78006697
2024-06-16T00:00:00Z,66226.8,66358.6,66042.4,66259.8,94.73539005
2024-06-16T08:00:00Z,66259.8,66797.9,66179.6,66704.3,280.06479754
2024-06-16T16:00:00Z,66704.3,67009.8,66465,66679,233.99550396
2024-06-17T00:00:00Z,66679,66910,65915.4,66183.2,665.78991651
2024-06-17T08:00:00Z,66183.3,66311.9,65132,65361.3,713.22011953
2024-06-17T16:00:00Z,65368.2,67306.4,65154,66494.5,962.92981346
2024-06-18T00:00:00Z,66494.6,66587.6,64553.1,65675.7,1223.64442132
2024-06-18T08:00:00Z,65675.8,65755.6,64277.3,64695.8,1002.9540944
2024-06-18T16:00:00Z,64695.8,65303.1,64061.8,65179.1,826.1604522
2024-06-19T00:00:00Z,65179.1,65726.1,64808.4,65324.7,567.1164859
2024-06-19T08:00:00Z,65324.6,65536.6,64768.8,64924.3,453.96359745
2024-06-19T16:00:00Z,64917.9,65272,64677.6,64970.3,257.851147
2024-06-20T00:00:00Z,64970.3,65976,64830.8,65855.8,369.73350654
2024-06-20T08:00:00Z,65855.8,66479.4,64659.7,64829.5,822.64956621
2024-06-20T16:00:00Z,64829.5,65210.1,64568,64878.8,433.32579373
2024-06-21T00:00:00Z,64878.8,65066.5,64196.6,64212.2,378.90386749
2024-06-21T08:00:00Z,64212.2,64378.5,63400,63730.3,1006.02538581
2024-06-21T16:00:00Z,63736.5,64458.9,63464.9,64150.9,556.97549359
2024-06-22T00:00:00Z,64151,64531.2,63951.6,64503.6,321.13786188
2024-06-22T08:00:00Z,64503.7,64530.1,64216.8,64304.4,166.11423817
2024-06-22T16:00:00Z,64304.3,64357.8,64226.2,64265.7,97.1861826
2024-06-23T00:00:00Z,64265.8,64518,64265.7,64414.7,123.37213336
2024-06-23T08:00:00Z,64414.6,64433.7,64066.4,64101,184.19955206
2024-06-23T16:00:00Z,64101.1,64199.1,63176.3,63208,396.07813941
2024-06-24T00:00:00Z,63208.1,63380.4,62164.6,62448.8,860.16652383
2024-06-24T08:00:00Z,62449.7,62966.9,60578.2,60845.9,1627.63302659
2024-06-24T16:00:00Z,60845.8,61049.6,58416.2,60292.5,1922.98673553
2024-06-25T00:00:00Z,60295.5,61600.7,60253.8,60677.5,609.79093731
2024-06-25T08:00:00Z,60684.9,62161,60671,61810.3,1053.14059093
2024-06-25T16:00:00Z,61814.2,62405.6,61134.2,61803.2,664.56115013
2024-06-26T00:00:00Z,61803.2,62478.9,61529.1,61726.8,345.46014343
2024-06-26T08:00:00Z,61726.8,61974,61167,61463.1,571.17610089
2024-06-26T16:00:00Z,61469.5,61539.8,60713.9,60856.8,596.79845462
2024-06-27T00:00:00Z,60861.3,61296.4,60612,60796.7,325.42160324
2024-06-27T08:00:00Z,60796.7,62388.7,60734.1,61570.2,934.54247161
2024-06-27T16:00:00Z,61577.9,62016.7,61364,61702,428.82564317
2024-06-28T00:00:00Z,61702,62215.6,61243.3,61355,431.26387191
2024-06-28T08:00:00Z,61339.2,61877.4,60751.9,61058.7,890.05616858
2024-06-28T16:00:00Z,61058.7,61119,60054.5,60439.2,776.57363644
2024-06-29T00:00:00Z,60439.2,61133.2,60403.3,61046.2,509.18073712
2024-06-29T08:00:00Z,61046.3,61220.1,60894.1,61106.3,293.66681228
2024-06-29T16:00:00Z,61107,61122.4,60852,60984.1,200.75276142
2024-06-30T00:00:00Z,60984.1,61783,60714.2,61534.5,386.6674781
2024-06-30T08:00:00Z,61534.6,61846.7,61333,61717.4,455.15665749
2024-06-30T16:00:00Z,61719.7,63137,61578.4,62769.4,813.07844077
2024-07-01T00:00:00Z,62769.5,63804.7,62579,63281,742.48857634
2024-07-01T08:00:00Z,63282.7,63318.2,62520.6,63126.9,691.46903091
2024-07-01T16:00:00Z,63126.9,63850,62812.1,62899.8,605.56392356
2024-07-02T00:00:00Z,62899.7,63290.1,62581,62628,307.42620056
2024-07-02T08:00:00Z,62628.1,63151.9,61847.1,61954.5,785.29368528
2024-07-02T16:00:00Z,61953,62365.9,61815.1,62136.8,417.65193512
2024-07-03T00:00:00Z,62136.8,62285.5,60612.2,60875.1,675.72176179
2024-07-03T08:00:00Z,60867.8,60985.3,59598,60183.5,1391.05720325
2024-07-03T16:00:00Z,60183.4,60650,59408.7,60213.3,576.09815304
2024-07-04T00:00:00Z,60213.7,60499.9,57822,58225.4,1292.7714972
2024-07-04T08:00:00Z,58225.4,58487.9,56759.6,58143.1,1579.69001941
2024-07-04T16:00:00Z,58147,58800,56919.8,57055.6,840.60615982
2024-07-05T00:00:00Z,57055.6,57538.2,53339.7,54410.8,2795.47094589
2024-07-05T08:00:00Z,54404.3,56682,53886.5,56668.9,1554.069179
2024-07-05T16:00:00Z,56669,57049,55812.4,56629.6,782.0545052
2024-07-06T00:00:00Z,56629.7,57009.1,56025.2,56602.2,524.40824561
2024-07-06T08:00:00Z,56602.2,57440.1,56441.6,57324.5,476.43203087
2024-07-06T16:00:00Z,57316.3,58475.4,57187.3,58237.3,617.8856643
2024-07-07T00:00:00Z,58237.4,58442,57084,57373.4,609.74719798
2024-07-07T08:00:00Z,57373.4,57927.3,56581,56830.8,594.04728098
2024-07-07T16:00:00Z,56825.2,57385.9,55721,55853.2,539.5256226
2024-07-08T00:00:00Z,55856.9,56026.6,54281,55843.9,1031.66184521
2024-07-08T08:00:00Z,55843.9,58219.9,54945.1,55768.6,1633.34147225
2024-07-08T16:00:00Z,55765.9,56968.3,55423.4,56710.6,720.88212655
2024-07-09T00:00:00Z,56710.7,57758,56291.3,57119.9,681.49929348
2024-07-09T08:00:00Z,57120,58130.3,56902.3,57472.9,971.72965978
2024-07-09T16:00:00Z,57473,58313.9,57370,58036,647.79660579
2024-07-10T00:00:00Z,58040.8,58985.3,57333.9,58974.6,218.57357158
2024-07-10T08:00:00Z,58974.5,59032.2,57470.4,57703.4,809.60377119
2024-07-10T16:00:00Z,57703.4,58007.9,57169.9,57723,501.58125426
2024-07-11T00:00:00Z,57723,58390.5,57048.2,58191.6,593.54717688123387753
2024-07-11T08:00:00Z,58191.6,59598.9,57263,57406.2,1276.80846783
2024-07-11T16:00:00Z,57406.2,57982.9,57152,57331.2,583.6011275
2024-07-12T00:00:00Z,57340.1,57576.6,56536.5,57103,646.34499949
2024-07-12T08:00:00Z,57103,58275.3,56778.1,58213.9,800.33057128
2024-07-12T16:00:00Z,58208.5,58528,57150,57889.5,785.37883845
2024-07-13T00:00:00Z,57893,58220.3,57757.2,58168.7,301.6242224
2024-07-13T08:00:00Z,58168.7,58896.5,57912.8,58839.2,596.94632846
2024-07-13T16:00:00Z,58839.3,59838.4,58288.9,59206.2,833.49226359
2024-07-14T00:00:00Z,59201.8,60318.3,59190.7,60052.1,797.22215547
2024-07-14T08:00:00Z,60052.1,60417.1,59465.8,60087.6,620.6814529
2024-07-14T16:00:00Z,60088.2,61441.7,59874.1,60789.2,820.02113849
2024-07-15T00:00:00Z,60789.2,63093,60651.9,62845,914.83777313
2024-07-15T08:00:00Z,62839.1,63316.6,62294,63022.1,689.16772000910838096
2024-07-15T16:00:00Z,63022.2,64899.9,62854,64718.6,1102.26027603
2024-07-16T00:00:00Z,64719.7,65000,62728.3,62913.4,957.17139758
2024-07-16T08:00:00Z,62913.5,64960,62381.3,64853.2,1252.42522939
2024-07-16T16:00:00Z,64853.2,65373.4,64104.2,65048.6,1142.54355547
2024-07-17T00:00:00Z,65042.9,66120,64929.1,65252,687.34743217
2024-07-17T08:00:00Z,65259.7,65505,64540.5,64729.7,899.8168566
2024-07-17T16:00:00Z,64736.1,64764.1,63853,64082.9,704.10786484
2024-07-18T00:00:00Z,64082.9,65101,63900,64672.8,444.52975162
2024-07-18T08:00:00Z,64672.8,65120,63415.1,63546.1,665.66969819
2024-07-18T16:00:00Z,63535.8,64124.9,63234.7,63988.1,511.37916141
2024-07-19T00:00:00Z,63988.1,64485.9,63300.5,63695.7,496.36597371
2024-07-19T08:00:00Z,63695.7,65900,63407.8,65835.1,867.27137844
2024-07-19T16:00:00Z,65835,67412,65825.4,66653.4,1371.35268047
2024-07-20T00:00:00Z,66656.1,66822.9,66218.4,66557.2,287.59883762
2024-07-20T08:00:00Z,66557.2,66835.8,66286.2,66835.2,234.71880825
2024-07-20T16:00:00Z,66835.2,67595.2,66670.1,67122.4,765.64407216
2024-07-21T00:00:00Z,67122.4,67417.3,66585.1,66704.7,347.77089849
2024-07-21T08:00:00Z,66704.8,67499.8,66604.8,67165.7,336.96209105
2024-07-21T16:00:00Z,67165.8,68366,65763.1,68171,1638.26472267
2024-07-22T00:00:00Z,68171.1,68476,67133.1,67233.6,618.43683292
2024-07-22T08:00:00Z,67233.5,67957.9,66579,67063.3,679.61155145
2024-07-22T16:00:00Z,67068.4,68249.8,66818,67536.9,798.96167828
2024-07-23T00:00:00Z,67528.5,67753.5,66257.3,66586.2,544.51949136
2024-07-23T08:00:00Z,66586.3,67338.8,65963.1,66600.8,900.35917236
2024-07-23T16:00:00Z,66581.1,66773,65438.1,65935.8,689.43242718
2024-07-24T00:00:00Z,65931.1,66138,65477,66069.9,295.43583264
2024-07-24T08:00:00Z,66070,67100.9,66000.3,66181.2,620.86103411
2024-07-24T16:00:00Z,66181.2,66699,65105,65386.1,688.1137618
2024-07-25T00:00:00Z,65376.8,65616.4,63790,64116.3,775.21831898683072
2024-07-25T08:00:00Z,64122.4,65006.1,63466.3,64783.7,891.56326893
2024-07-25T16:00:00Z,64786.9,66154,64384.9,65796,885.92484225
2024-07-26T00:00:00Z,65796.1,67476.9,65722.3,66899.7,724.52771922
2024-07-26T08:00:00Z,66899.7,67998,66881.1,67557.1,834.33352047
2024-07-26T16:00:00Z,67561.9,68213.5,67302.9,67912.3,631.92559105
2024-07-27T00:00:00Z,67912.3,68299.8,67637.2,68055.1,240.48754821
2024-07-27T08:00:00Z,68055,69492.2,67893.2,68854.8,799.74159633
2024-07-27T16:00:00Z,68854.9,69156,66641,67915.7,2024.30791807
2024-07-28T00:00:00Z,67898.2,68280.4,67063.1,67545.7,364.48339344
2024-07-28T08:00:00Z,67545.8,68119.2,67217.1,67652.4,276.73579862
2024-07-28T16:00:00Z,67652.5,68314.8,67614.7,68246.9,256.17367636
2024-07-29T00:00:00Z,68247,69874.8,68162,69525.6,844.01449216
2024-07-29T08:00:00Z,69539.6,70066,67666.5,68106.5,1157.77057037
2024-07-29T16:00:00Z,68097.7,68123.2,66411,66782.6,1101.12578827
2024-07-30T00:00:00Z,66782.6,66998.2,65871.2,66956.6,585.40452507
2024-07-30T08:00:00Z,66950.6,66992.2,65555,66223.9,677.59264974
2024-07-30T16:00:00Z,66221.2,66545,65296.2,66189.8,725.70388566
2024-07-31T00:00:00Z,66189.8,66563.9,65476.6,66220.4,505.03752093
2024-07-31T08:00:00Z,66220.3,66850,65950.1,66381.8,733.95678923
2024-07-31T16:00:00Z,66386.5,66828.9,64523.8,64633.5,1202.61833426
2024-08-01T00:00:00Z,64627.4,64835,63586.5,64326.6,865.87538494
2024-08-01T08:00:00Z,64323.5,64953.6,62680.6,62906.4,1011.33362647
2024-08-01T16:00:00Z,62924.5,65652,62279.4,65350.3,1511.87489877
2024-08-02T00:00:00Z,65350.3,65602.4,63665.6,64168.7,741.83819515
2024-08-02T08:00:00Z,64162.2,65532.1,62451.9,63409.7,1556.14143765
2024-08-02T16:00:00Z,63409.7,63606.4,61227.1,61493.8,1380.46510915
2024-08-03T00:00:00Z,61493.8,61968.9,60505.7,61660.6,907.69348695
2024-08-03T08:00:00Z,61660.7,62194.3,60831,60888.5,634.92177854
2024-08-03T16:00:00Z,60876,61280,59857.6,60716.3,1698.67391089
2024-08-04T00:00:00Z,60709.2,61108,60260.1,60364.4,526.48922127
2024-08-04T08:00:00Z,60363.2,61100,58960,59080.8,894.58878085
2024-08-04T16:00:00Z,59086.4,59575,57200,58157.9,1603.91836123
2024-08-05T00:00:00Z,58164.3,58305,48705.8,52671.8,5259.863957696788742525
2024-08-05T08:00:00Z,52674.3,54974.7,49539.1,54314.2,4069.48641129
2024-08-05T16:00:00Z,54309.8,55575,52553.2,54009.6,2453.90703401
2024-08-06T00:00:00Z,54031.9,56282.2,53944.3,56014.2,1370.51767643
2024-08-06T08:00:00Z,56004.6,56602.6,54379.4,56403.5,1757.79135502
2024-08-06T16:00:00Z,56403.5,57126.2,55800.5,56039.6,1340.39553605
2024-08-07T00:00:00Z,56016.1,57274,55575,56919.7,1213.95503975
2024-08-07T08:00:00Z,56920.4,57722.9,55682.5,56093.8,1479.96837771
2024-08-07T16:00:00Z,56093.7,56298.9,54562,55127.6,1339.14732776
2024-08-08T00:00:00Z,55132.6,57634.1,54737.4,57177.4,1234.324544
2024-08-08T08:00:00Z,57191.2,59500,56684.4,59417.5,1514.400257
2024-08-08T16:00:00Z,59427.1,62714.9,59252.2,61691.7,1552.69800738
2024-08-09T00:00:00Z,61685.6,61742.5,60589.1,60861.4,968.02848434
2024-08-09T08:00:00Z,60866.4,61200,59531.6,59808.9,1134.92312673
2024-08-09T16:00:00Z,59809,60988.9,59733.4,60831.4,1074.21268156
2024-08-10T00:00:00Z,60844.6,61466.9,60248.2,60845.6,521.08940492
2024-08-10T08:00:00Z,60845.6,61108,60409,60515.8,408.05108017
2024-08-10T16:00:00Z,60511.3,61193.4,60402.7,60922.9,405.76183215
2024-08-11T00:00:00Z,60923,61398.9,60869.1,61256.2,400.32608476
2024-08-11T08:00:00Z,61260.8,61874.9,59936.8,60128.6,744.89394543
2024-08-11T16:00:00Z,60134.6,60352.1,58301.8,58710.9,1415.82925902
2024-08-12T00:00:00Z,58717.1,59079.7,57649.2,58676,1081.26890469
2024-08-12T08:00:00Z,58675.3,60786.1,57800,60199.1,2275.10655122
2024-08-12T16:00:00Z,60199,60424.3,58444.8,59347.4,1246.40862318
2024-08-13T00:00:00Z,59351.7,59922.8,58836,59234.8,848.53984655
2024-08-13T08:00:00Z,59234.9,59768.4,58421,59467.5,824.49400158
2024-08-13T16:00:00Z,59475.3,61594.6,59447.8,60586.7,1281.47081866
2024-08-14T00:00:00Z,60586.7,61293,60426.6,60909.8,463.94754625
2024-08-14T08:00:00Z,60911.1,61820.1,58852.5,59428,1615.87199537
2024-08-14T16:00:00Z,59427.9,59474.6,58444.5,58679,802.20006675
2024-08-15T00:00:00Z,58678.9,59049.1,57722.7,58063.2,766.94732568
2024-08-15T08:00:00Z,58063.2,59764.3,57972.6,59677.8,1069.5131214
2024-08-15T16:00:00Z,59676,59843,56111.2,57540.1,1962.75151715
2024-08-16T00:00:00Z,57540.1,58628.3,57101.2,58450.8,692.32593036
2024-08-16T08:00:00Z,58450.9,58887.1,57522.1,58072.8,782.66269443
2024-08-16T16:00:00Z,58070.9,59808.9,58000,58874.9,883.07122472
2024-08-17T00:00:00Z,58874.9,59379.4,58800.7,59251.9,183.9045462
2024-08-17T08:00:00Z,59246.1,59650,59059.5,59386.5,244.54475133
2024-08-17T16:00:00Z,59386.5,59706.5,59139.2,59495.9,229.55487319
2024-08-18T00:00:00Z,59496,60269,59266,59575.3,409.98625739
2024-08-18T08:00:00Z,59572.9,60270,59432.1,59858.7,420.7975263
2024-08-18T16:00:00Z,59862.2,59949.4,58420,58428.1,541.63891605
2024-08-19T00:00:00Z,58428.1,58766.7,58224,58512.1,461.00559384
2024-08-19T08:00:00Z,58509.7,58983.8,57814.6,58540,768.61267067
2024-08-19T16:00:00Z,58537.1,59599,58380.9,59432.3,661.88362798
2024-08-20T00:00:00Z,59432.3,61480,59357.9,60924,1312.42031842
2024-08-20T08:00:00Z,60927.5,61126.4,58705,58823,1253.74575166
2024-08-20T16:00:00Z,58816.1,59709.7,58556.2,59012.1,602.89373506
2024-08-21T00:00:00Z,59012,59732.3,58786.8,59705.9,397.2100053
2024-08-21T08:00:00Z,59705.8,60200,58829.4,59515.8,819.5839334
2024-08-21T16:00:00Z,59515.8,61815.9,59379.9,61148,1409.79577945
2024-08-22T00:00:00Z,61148.1,61214.7,59729.1,60986.7,628.85646673
2024-08-22T08:00:00Z,60986.3,61399.8,60102,60406.2,1119.52656924
2024-08-22T16:00:00Z,60406.2,60728,60135.9,60381.1,586.37553449
2024-08-23T00:00:00Z,60381.6,61358.4,60340.6,61069.5,692.60828913
2024-08-23T08:00:00Z,61070.4,62328.9,60687.7,61534,1195.94411835
2024-08-23T16:00:00Z,61524.9,64957.6,61340,64040.9,2599.98836343
2024-08-24T00:00:00Z,64041,64332.9,63628.8,64313.3,514.63685771
2024-08-24T08:00:00Z,64313.2,64500,63865.3,63976.3,462.77529171
2024-08-24T16:00:00Z,63976.4,64435,63539.2,64151.3,587.54126946
2024-08-25T00:00:00Z,64150.9,64580,63776,63864.2,496.61634227
2024-08-25T08:00:00Z,63864.2,64278.4,63780.2,64132.1,232.99075356
2024-08-25T16:00:00Z,64132.2,65000,63993.7,64220.6,483.78367443
2024-08-26T00:00:00Z,64220.6,64479.4,63578.6,63627.8,421.610899
2024-08-26T08:00:00Z,63626.8,63999.1,63066.9,63534.4,899.97689704
2024-08-26T16:00:00Z,63526.6,63874.9,62816.3,62830.1,823.14027652
2024-08-27T00:00:00Z,62836.4,63218.9,62665,62903.4,490.20686454
2024-08-27T08:00:00Z,62903.4,63005,61475.7,61711.8,970.39555324
2024-08-27T16:00:00Z,61704,62200,58000,59413.9,1581.58086678
2024-08-28T00:00:00Z,59410.9,59660.8,58522,58597.9,683.34358569
2024-08-28T08:00:00Z,58598,60230.5,58435.4,58990.4,1057.60202617
2024-08-28T16:00:00Z,58990.5,59817.8,57862,59030.3,1010.91808863
2024-08-29T00:00:00Z,59033.1,59758.3,58876.1,59583.3,314.62971583
2024-08-29T08:00:00Z,59578,61160.3,59371.4,60770.5,796.49816398
2024-08-29T16:00:00Z,60776,60959.2,58708.5,59352,1024.12705434
2024-08-30T00:00:00Z,59350.7,59593.5,58694.6,59273.8,636.09836211
2024-08-30T08:00:00Z,59273.7,59950.5,57948.5,58092,1117.63731606
2024-08-30T16:00:00Z,58092,59377.4,57679.6,59115,894.0299787
2024-08-31T00:00:00Z,59123.5,59454,59060.1,59092.9,294.67004095
2024-08-31T08:00:00Z,59092.9,59239.3,58834.8,59011.5,289.83695389
2024-08-31T16:00:00Z,59011.5,59134.5,58745.5,58972.6,306.57351198
2024-09-01T00:00:00Z,58972.6,59074.6,57761.6,58474.5,688.16204056
2024-09-01T08:00:00Z,58474.6,58499.8,57227,58213,1030.88706907
2024-09-01T16:00:00Z,58213,58791.3,57200.3,57305.7,813.40073678
2024-09-02T00:00:00Z,57305.7,57985.8,57133.8,57551.2,701.41967997
2024-09-02T08:00:00Z,57551.9,58804,57526.4,58537.2,639.50274293
2024-09-02T16:00:00Z,58537.1,59424.6,58300.9,59134.6,493.27786392
2024-09-03T00:00:00Z,59139.3,59811,58868.5,59104,535.21460787
2024-09-03T08:00:00Z,59104,59361.8,57577.4,57730.5,673.07292358
2024-09-03T16:00:00Z,57730.5,58252.4,57415,57486,546.12082283
2024-09-04T00:00:00Z,57484.7,57933.9,55602.5,56746.4,1056.14766167
2024-09-04T08:00:00Z,56746.3,58164.8,56190.9,58131.1,867.58770274
2024-09-04T16:00:00Z,58131.1,58520,57648,57974.6,638.07176806
2024-09-05T00:00:00Z,57974.7,58328.6,56551.6,57159,498.53844348
2024-09-05T08:00:00Z,57157.6,57300,55813.6,55978.6,948.66698056
2024-09-05T16:00:00Z,55978.5,56706.2,55636.3,56179.5,512.52819559
2024-09-06T00:00:00Z,56179.5,56852.8,55289.6,55792.9,477.04785416
2024-09-06T08:00:00Z,55793,57007.2,53822.9,54054.1,1471.47255968
2024-09-06T16:00:00Z,54053.9,54433.6,52550,53960.3,1588.78645331
2024-09-07T00:00:00Z,53960.4,54402.9,53756,54290.9,440.64964533
2024-09-07T08:00:00Z,54290.9,54823.4,54175.8,54783,338.72176316
2024-09-07T16:00:00Z,54783.1,54842.4,53812.9,54156,499.19798769
2024-09-08T00:00:00Z,54156.1,54568.6,53967.1,54438,203.70226535
2024-09-08T08:00:00Z,54437.9,54719.4,53643.5,53685,533.44042446
2024-09-08T16:00:00Z,53685,55307.5,53630,54873.1,735.45708309
2024-09-09T00:00:00Z,54873.1,55360.8,54596.2,54976.5,397.38111016
2024-09-09T08:00:00Z,54976.1,55795,54809.8,55378.5,674.62244671
2024-09-09T16:00:00Z,55379.9,58091.3,55348.5,57042,1078.28821638
2024-09-10T00:00:00Z,57040.7,57300,56387.1,57214.4,322.28533994
2024-09-10T08:00:00Z,57214.5,57464.7,56532,56597.6,602.72471343
2024-09-10T16:00:00Z,56598,58044.7,56564.2,57632.5,538.43926897
2024-09-11T00:00:00Z,57638.8,57743.9,56102,56710.6,712.57961787
2024-09-11T08:00:00Z,56709.1,57161.6,55564.9,56707.5,998.45718238
2024-09-11T16:00:00Z,56705.9,57980,56646.7,57335.9,711.11553526
2024-09-12T00:00:00Z,57335.9,58483.4,57316.4,58139.9,618.83274261
2024-09-12T08:00:00Z,58139.9,58566.6,57334.7,57511.5,731.93541905
2024-09-12T16:00:00Z,57510.1,58449.9,57498,58127.9,525.65396912
2024-09-13T00:00:00Z,58127.9,58249.1,57746.5,58109.3,260.22949089
2024-09-13T08:00:00Z,58109.3,59722,57638.4,59666.6,824.49492876
2024-09-13T16:00:00Z,59664,60624.3,59307,60493.9,1060.06378298
2024-09-14T00:00:00Z,60494,60609.5,59903,60146.4,534.29587278
2024-09-14T08:00:00Z,60146.5,60194.1,59600,59875.5,403.26228519
2024-09-14T16:00:00Z,59874.1,60132.6,59397.7,59988,433.7667231
2024-09-15T00:00:00Z,59988.1,60269.3,59983.3,60190.4,168.07076614
2024-09-15T08:00:00Z,60190.5,60385,59869.9,60333,349.60158564
2024-09-15T16:00:00Z,60333.1,60349.4,58680.2,59132,922.27786749
2024-09-16T00:00:00Z,59132,59203.4,58118.4,58908.1,686.94696874
2024-09-16T08:00:00Z,58908.1,59178.1,57566.7,57882,710.84530543
2024-09-16T16:00:00Z,57883.5,58419,57489.7,58215,777.55526132
2024-09-17T00:00:00Z,58215,58785,57622,58697.8,446.6084206
2024-09-17T08:00:00Z,58697.7,61328.2,58635,61127.9,1639.69971318
2024-09-17T16:00:00Z,61128,61263.3,59627,60307.7,1053.2386568
2024-09-18T00:00:00Z,60307.8,60774.1,59867.7,60434.4,454.03909188
2024-09-18T08:00:00Z,60434.4,60434.5,59308.1,59431.6,766.30977645
2024-09-18T16:00:00Z,59431.5,61777,59187.4,61753.5,2158.56401108
2024-09-19T00:00:00Z,61754.9,62570,61566.5,62086.9,1193.76722486
2024-09-19T08:00:00Z,62086.9,63499.5,61879.6,63159.2,1178.11666338
2024-09-19T16:00:00Z,63157.6,63850.5,62660.7,62950.4,988.82054054
2024-09-20T00:00:00Z,62950.5,64130.6,62611.3,63526.5,866.96674143
2024-09-20T08:00:00Z,63522.1,63701.4,62576.3,63148.5,842.7244867174056679
2024-09-20T16:00:00Z,63150,63300.1,62348.4,63205.5,563.88922921
2024-09-21T00:00:00Z,63205.6,63300,62757.7,63088.4,263.61529436
2024-09-21T08:00:00Z,63088.5,63307,62962.7,63171.5,177.68426404
2024-09-21T16:00:00Z,63171.4,63550,63050.1,63343.5,221.40324531
2024-09-22T00:00:00Z,63343.6,63452.2,62828,62939.9,242.15120746
2024-09-22T08:00:00Z,62939.9,63033,62468,62652.7,298.15061178
2024-09-22T16:00:00Z,62652.8,64000,62362.1,63575.9,760.20419717
2024-09-23T00:00:00Z,63576,64753.9,62566.7,63549.9,974.21765745
2024-09-23T08:00:00Z,63550,63798.4,63068.7,63609.6,746.8729302
2024-09-23T16:00:00Z,63610.2,63820.8,63088.7,63331.4,519.8570694
2024-09-24T00:00:00Z,63333,63564.7,62711.5,63559,505.59266843
2024-09-24T08:00:00Z,63559.1,63940,62720.1,63152.8,791.52008393
2024-09-24T16:00:00Z,63152.8,64691.5,63088.5,64269.7,921.53549583
2024-09-25T00:00:00Z,64269.7,64817.4,63650.8,63841.2,578.51206669
2024-09-25T08:00:00Z,63841.3,63992.9,63326,63498,664.56309867
2024-09-25T16:00:00Z,63499.5,63665.5,62948.9,63154.4,659.61118968
2024-09-26T00:00:00Z,63154.5,63864,62666.5,63850.9,600.58092311
2024-09-26T08:00:00Z,63850.9,65549,63600,65227.6,1352.16544087
2024-09-26T16:00:00Z,65229,65819.9,64631.7,65165.5,689.18749977
2024-09-27T00:00:00Z,65165.5,65556.9,64814.9,65469,406.67451211
2024-09-27T08:00:00Z,65468.8,66575.6,65318.3,66004.7,1055.98746642
2024-09-27T16:00:00Z,66004.6,66356.4,65519.8,65770.8,416.33283133
2024-09-28T00:00:00Z,65771.9,66257.6,65724.5,65820.1,219.57931409
2024-09-28T08:00:00Z,65820.2,65820.2,65422.1,65619.3,278.69504799
2024-09-28T16:00:00Z,65619.4,65978.6,65429.2,65841,217.39562884
2024-09-29T00:00:00Z,65842.5,65975.4,65435,65472.6,196.35212821
2024-09-29T08:00:00Z,65472.7,65850.8,65431.9,65749.3,183.24944355
2024-09-29T16:00:00Z,65749.3,66074.7,65527.8,65598,273.17959777
2024-09-30T00:00:00Z,65599.5,65608.5,64197.1,64563.9,586.51701538
2024-09-30T08:00:00Z,64563.9,64579.9,63254.5,63557.7,795.13961889
2024-09-30T16:00:00Z,63557.7,63862.2,62850,63330,596.00012651
2024-10-01T00:00:00Z,63328.6,64118.7,63001.1,64036.3,434.53793378
2024-10-01T08:00:00Z,64036.2,64103.5,61825.9,62638.6,1207.70160747
2024-10-01T16:00:00Z,62638.5,62785.8,60158.9,60816,1532.6663552
2024-10-02T00:00:00Z,60814.6,61945.3,60728.5,61725.1,513.51137239
2024-10-02T08:00:00Z,61725.2,61925.1,60550,61881.4,857.99683484
2024-10-02T16:00:00Z,61873.8,62388.5,59989,60651.4,1087.61669404
2024-10-03T00:00:00Z,60651,61475.5,60538.5,60927,560.76854875
2024-10-03T08:00:00Z,60925.6,61062.8,59869,60639.3,1295.3269687390025380144
2024-10-03T16:00:00Z,60639.2,61103.2,59920.4,60750,711.08064341
2024-10-04T00:00:00Z,60750,61500,60468.1,61434,456.43516926
2024-10-04T08:00:00Z,61434.1,62002.2,60779.8,61869.4,949.19572051
2024-10-04T16:00:00Z,61870,62477,61641.3,62086.5,534.70589768
2024-10-05T00:00:00Z,62086.6,62268,61689,62076.1,190.54445697
2024-10-05T08:00:00Z,62076.2,62367.9,62076.1,62166.5,155.96641731
2024-10-05T16:00:00Z,62166.5,62178.1,61710,62064.1,203.44112466
2024-10-06T00:00:00Z,62064.1,62152.5,61818,61948,116.74863691
2024-10-06T08:00:00Z,61947.9,62772.2,61927.7,62713.7,334.9331367
2024-10-06T16:00:00Z,62713.7,62978.7,62300,62819.4,307.98384399
2024-10-07T00:00:00Z,62819.4,63966.9,62655.7,63536.4,491.64899815
2024-10-07T08:00:00Z,63536.5,64460.3,62660,63653.9,823.8296061
2024-10-07T16:00:00Z,63652.6,63914,62136.1,62223.2,800.38966203
2024-10-08T00:00:00Z,62223.1,62817.3,62003,62313.7,527.20824406
2024-10-08T08:00:00Z,62313.8,63197.5,61870.2,62283,752.20588222
2024-10-08T16:00:00Z,62284.4,62601,61878,62163.4,549.44125606
2024-10-09T00:00:00Z,62163.4,62545.3,62000.4,62273.8,304.08163951
2024-10-09T08:00:00Z,62273.9,62406.2,61644.3,62310.2,603.0914496122929042
2024-10-09T16:00:00Z,62311.5,62349,60306.1,60638.5,828.32104375
2024-10-10T00:00:00Z,60637.6,61163.1,60368.6,60894,333.97493208
2024-10-10T08:00:00Z,60893.9,61318.1,60452,60789,698.92205837
2024-10-10T16:00:00Z,60789.4,61030.2,58932.1,60319.5,1221.74297303
2024-10-11T00:00:00Z,60319.5,60938,60086.3,60672.7,448.79395913
2024-10-11T08:00:00Z,60672.5,62450,60649,62261.4,773.85901298
2024-10-11T16:00:00Z,62261.5,63418.3,62120.3,62533.9,812.03861407
2024-10-12T00:00:00Z,62533.9,63067,62487.4,62764.4,291.7119642
2024-10-12T08:00:00Z,62764.4,63485.8,62673.1,63162.5,675.22367343
2024-10-12T16:00:00Z,63162.4,63405.6,62904.1,63204.1,335.08552966
2024-10-13T00:00:00Z,63204.1,63287.9,62656,62850.2,302.18865532
2024-10-13T08:00:00Z,62850.3,62971,62054.8,62227.5,273.31127762
2024-10-13T16:00:00Z,62227,63128.5,62171.2,62872.3,362.15542857
2024-10-14T00:00:00Z,62872.4,64686.9,62465.5,64624.9,1122.80050906
2024-10-14T08:00:00Z,64624.5,66291.5,64341.5,65878.5,1124.4139569
2024-10-14T16:00:00Z,65878.4,66525.5,65534.7,66087,1054.49740785
2024-10-15T00:00:00Z,66087,66334.1,65221.8,65659.5,423.78685854
2024-10-15T08:00:00Z,65659.7,67950.9,64800,66024,1658.53698347
2024-10-15T16:00:00Z,66022.6,67389.6,65986.5,67071.6,1041.89013325
2024-10-16T00:00:00Z,67071.7,67563,66751.5,66973.5,386.02171527
2024-10-16T08:00:00Z,66973.6,68418.8,66914.7,67748.9,1449.18593658
2024-10-16T16:00:00Z,67748.8,68107.7,67485.7,67618.2,622.76661877
2024-10-17T00:00:00Z,67618.2,67940,67082.1,67301.4,347.55602607
2024-10-17T08:00:00Z,67301.5,67682.5,66683.3,67579.5,776.83743135
2024-10-17T16:00:00Z,67581,67599.2,66722.3,67424.5,439.29662175
2024-10-18T00:00:00Z,67424.4,68377,67191.5,67971.5,490.42242783
2024-10-18T08:00:00Z,67971.5,68873.8,67645.1,68724.5,764.10444937
2024-10-18T16:00:00Z,68728,69000,68203.7,68426.7,436.03904036
2024-10-19T00:00:00Z,68427,68697,68299.6,68345.9,197.82739304
2024-10-19T08:00:00Z,68345.9,68488.7,68077,68224.6,250.3871542
2024-10-19T16:00:00Z,68224.7,68415,68010,68378,228.97917081
2024-10-20T00:00:00Z,68378.8,68445,68096.4,68370.1,142.22065049
2024-10-20T08:00:00Z,68370.2,68760,68201.6,68627.5,291.65054174
2024-10-20T16:00:00Z,68627.6,69388,68417,69034.5,503.41792648
2024-10-21T00:00:00Z,69034.6,69537.1,68500,68519.5,433.85840291
2024-10-21T08:00:00Z,68519.6,68665.5,66849.6,67327.8,942.9511535
2024-10-21T16:00:00Z,67328,67937,66894,67375.5,662.345367
2024-10-22T00:00:00Z,67375.5,67789.6,66564,67394.7,419.49101993
2024-10-22T08:00:00Z,67394.7,67672.4,66643.6,67280.7,865.63684047
2024-10-22T16:00:00Z,67279.1,67832.9,66876.6,67419.8,646.43172027
2024-10-23T00:00:00Z,67423.3,67464.5,66800,66852.5,298.04840987
2024-10-23T08:00:00Z,66852.6,67050.4,65917.2,66220.9,825.33077492
2024-10-23T16:00:00Z,66221,66805.2,65257.1,66665,969.59389374
2024-10-24T00:00:00Z,66665,67611.8,66508.2,67122.6,463.25920811
2024-10-24T08:00:00Z,67122.6,67980.3,66719.2,67696.9,756.65211017
2024-10-24T16:00:00Z,67696.9,68850.7,67350,68200,647.48321792
2024-10-25T00:00:00Z,68200,68277.8,67243.8,67522.9,430.50602726
2024-10-25T08:00:00Z,67523,68765.5,67298.9,67688.6,709.85283156
2024-10-25T16:00:00Z,67688.6,67866.7,65596.4,66696.8,1668.16094883
2024-10-26T00:00:00Z,66696.2,67234.9,66441.4,67008.4,544.50241654
2024-10-26T08:00:00Z,67008.3,67267.6,66745,66881.8,351.16073445
2024-10-26T16:00:00Z,66882.2,67456.6,66789,67094.7,248.50407722
2024-10-27T00:00:00Z,67094.7,67322.2,66934.3,67198.9,136.83929656
2024-10-27T08:00:00Z,67198.9,67850.5,67035.7,67787.7,247.43248426
2024-10-27T16:00:00Z,67787.7,68333,67540.7,68021.8,367.28059797
2024-10-28T00:00:00Z,68021.8,68680,67620.8,68421.5,325.46808842
2024-10-28T08:00:00Z,68421.6,69284.7,68241.8,68489.5,767.76119085
2024-10-28T16:00:00Z,68489.5,70282.9,68452.2,69961.4,1076.59184093
2024-10-29T00:00:00Z,69961.5,71600.3,69762.3,71012.6,873.78989417
2024-10-29T08:00:00Z,71012.9,72416.2,70930.2,72400,1589.18551407
2024-10-29T16:00:00Z,72399.9,73640.5,71869.5,72735.5,1777.72645717
2024-10-30T00:00:00Z,72735.6,72783.5,72014.8,72231.4,656.7706913
2024-10-30T08:00:00Z,72231.5,72597.1,71430.4,72059.3,767.69504792
2024-10-30T16:00:00Z,72058.7,72953.7,71633.7,72345.6,980.12772803
2024-10-31T00:00:00Z,72345.7,72594.1,72029.3,72411.9,350.94943508
2024-10-31T08:00:00Z,72411.9,72683.5,70451.2,70633.7,999.83921106
2024-10-31T16:00:00Z,70633.6,70909.7,69674.9,70298.2,769.395283
2024-11-01T00:00:00Z,70298.2,70466.4,68850,69274.2,813.53606485
2024-11-01T08:00:00Z,69274.3,71626.9,69039,69389,1196.24983329
2024-11-01T16:00:00Z,69389.8,70518.9,68823.5,69495.2,846.27142605
2024-11-02T00:00:00Z,69495.1,69909,69448.1,69812.6,206.43443632
2024-11-02T08:00:00Z,69812.6,69838.9,69020,69392.9,300.84511872
2024-11-02T16:00:00Z,69392.9,69609,69163.7,69376.8,204.97403386
2024-11-03T00:00:00Z,69376.8,69391.7,67855.2,68398.1,643.14695661
2024-11-03T08:00:00Z,68398.2,68600,67474.7,68084.8,639.58638453
2024-11-03T16:00:00Z,68082.6,69349.5,67691.2,68771.5,846.92028342
2024-11-04T00:00:00Z,68776.1,69494.9,68241,68612,377.10570357
2024-11-04T08:00:00Z,68612,69255.8,68209.6,68642.2,565.74606295
2024-11-04T16:00:00Z,68642.2,68808,66835.1,67857.2,1111.81607558
2024-11-05T00:00:00Z,67857.1,68968.5,67478.6,68892.3,428.10566532
2024-11-05T08:00:00Z,68894.6,70316.8,68615.5,69629.2,931.66480496
2024-11-05T16:00:00Z,69634.8,70540.1,68698.9,69374.9,1212.88752257
2024-11-06T00:00:00Z,69374.9,75407,69295,73366.4,3603.08874078
2024-11-06T08:00:00Z,73376.7,74745.7,72700.2,74301.6,1935.19585707
2024-11-06T16:00:00Z,74301.7,76407.1,74134.4,75581.7,1780.50795286
2024-11-07T00:00:00Z,75581.8,76014.5,74427.1,74769.3,914.6907284
2024-11-07T08:00:00Z,74769.3,76060,74524,76059.8,822.58027662
2024-11-07T16:00:00Z,76059.9,76830,75485.2,75865.4,1752.88304741
2024-11-08T00:00:00Z,75865.4,76354,75591.5,76161.8,582.58581216
2024-11-08T08:00:00Z,76161.8,76592.5,75612.1,76412.3,746.05537145
2024-11-08T16:00:00Z,76412.4,77175.2,75812.4,76506.9,1152.37872291
2024-11-09T00:00:00Z,76506.9,76800,76139.4,76532.6,390.0546158
2024-11-09T08:00:00Z,76532.7,76733.5,76261.8,76316.8,318.14057957
2024-11-09T16:00:00Z,76316.9,76913,75715.7,76684.1,748.09515724
2024-11-10T00:00:00Z,76684.1,79741.1,76362.3,78840.3,1969.03503536
2024-11-10T08:00:00Z,78840.2,80075.9,78840.2,79685.8,1307.62488802
2024-11-10T16:00:00Z,79685.9,81498.1,78489,80359.5,1901.92358082
2024-11-11T00:00:00Z,80359.5,81836,80208.3,81118.1,1295.39294363
2024-11-11T08:00:00Z,81107.3,84246,81012.2,84048.2,2435.72311582
2024-11-11T16:00:00Z,84048.2,89526.3,83831,88637.1,4367.937078736750092267
2024-11-12T00:00:00Z,88637.2,89922.2,86571.8,88985.7,2563.71021505
2024-11-12T08:00:00Z,89001.8,89382.6,85068,86614.1,2714.27497434
2024-11-12T16:00:00Z,86620.6,89862.7,85738.7,87936.9,1707.10250966
2024-11-13T00:00:00Z,87936.9,88557.3,86129.9,87348.8,1227.26660727
2024-11-13T08:00:00Z,87355.3,92683.2,87077.9,92544.4,2215.29520008
2024-11-13T16:00:00Z,92519.8,93242.1,87977.4,90375.4,2548.49314331
2024-11-14T00:00:00Z,90375.4,90859.6,89118.2,90771.5,856.88350431
2024-11-14T08:00:00Z,90771.5,91779.2,87847.1,87949.3,1605.81830786
2024-11-14T16:00:00Z,87949.4,89674.9,86677.3,87322.4,1453.20699982
2024-11-15T00:00:00Z,87326.9,88483,87077.8,87618.5,832.31105766
2024-11-15T08:00:00Z,87623.2,90715.6,87373.7,88431.1,1324.35872592
2024-11-15T16:00:00Z,88440.8,91848.8,88381.3,91042.3,1521.83989238
2024-11-16T00:00:00Z,91028.1,91918.7,90848.1,91119.5,672.24355787
2024-11-16T08:00:00Z,91119.4,91600,90074.8,90521.3,552.96652012
2024-11-16T16:00:00Z,90521.2,91452.4,90200.1,90573.2,645.06653824
2024-11-17T00:00:00Z,90583.2,90889.7,89358.8,90540.4,584.0296271
2024-11-17T08:00:00Z,90540.5,91455.2,89925.7,90258.9,666.87570941
2024-11-17T16:00:00Z,90254.4,90633.9,88650,89854.2,839.33591658
2024-11-18T00:00:00Z,89854.3,92236.8,89619.5,91704.1,731.81818818
2024-11-18T08:00:00Z,91704.1,92600,89369.4,92289.2,1481.13221016
2024-11-18T16:00:00Z,92289,92540.6,89671.5,90465.7,1838.73285239
2024-11-19T00:00:00Z,90465.7,92028.5,90351.8,91612,590.30683441
2024-11-19T08:00:00Z,91618.7,92840.3,90955.9,92377.6,1631.67335942
2024-11-19T16:00:00Z,92388.7,93912,91300,92292.1,1620.00966373
2024-11-20T00:00:00Z,92292.2,92842.8,91474.8,92840.3,475.82448958
2024-11-20T08:00:00Z,92840.4,94805.8,92721.5,94725.8,1433.73427654
2024-11-20T16:00:00Z,94725.7,94819.5,93125,94285,1156.51153236
2024-11-21T00:00:00Z,94289,97864.9,94038.1,96924.3,1512.89454083
2024-11-21T08:00:00Z,96924.3,98390,95600,96661.4,1632.72245098
2024-11-21T16:00:00Z,96661.5,98924.7,96293.2,98317,1635.84983059
2024-11-22T00:00:00Z,98317,99444.6,97840,99183.5,738.62022955
2024-11-22T08:00:00Z,99183.4,99279.5,97017.5,98642.2,1107.88098582
2024-11-22T16:00:00Z,98642.1,99595,98199.9,98891.4,1349.71489471
2024-11-23T00:00:00Z,98891.5,98909.8,98288.7,98558.1,469.6798215
2024-11-23T08:00:00Z,98558.1,98860.2,98309.4,98381.9,510.76499552
2024-11-23T16:00:00Z,98381.8,98455.1,97130,97684.1,1027.06386439
2024-11-24T00:00:00Z,97684.1,98570.5,97624.1,98410.6,420.87352467
2024-11-24T08:00:00Z,98410.6,98454.4,95911.7,95913.9,814.71049395
2024-11-24T16:00:00Z,95911.3,98351.9,95747,97891.9,790.48054677
2024-11-25T00:00:00Z,97903.7,98350,96825.5,98048,496.99313887
2024-11-25T08:00:00Z,98048.1,98896.2,94588.3,95998,1606.123009313934782733
2024-11-25T16:00:00Z,95997.9,96515.7,92573.9,92999,1459.83506541
2024-11-26T00:00:00Z,92999.1,94981.4,92749.9,93786.3,546.01558592
2024-11-26T08:00:00Z,93786.3,93786.4,91436.8,92800,1566.02945074
2024-11-26T16:00:00Z,92800.1,94782.1,90801.9,91958.3,1516.34312994
2024-11-27T00:00:00Z,91958.3,93640.1,91797.5,93587,840.38582553
2024-11-27T08:00:00Z,93587,95854.9,92843.8,95551.4,893.36231143
2024-11-27T16:00:00Z,95551.3,97192.1,95189.4,95854.3,1073.73129874
2024-11-28T00:00:00Z,95854.3,96564.7,94813.6,95305.1,613.16134081
2024-11-28T08:00:00Z,95305.1,96213,94535.8,94995.2,564.29564605
2024-11-28T16:00:00Z,95000,96024,94700,95642.3,392.05867072
2024-11-29T00:00:00Z,95642.3,96842.9,95352.9,95618.6,369.46292578
2024-11-29T08:00:00Z,95616.2,98609,95607.4,97987,761.72002841
2024-11-29T16:00:00Z,97990.3,98428,96849.9,97458,505.10355328
2024-11-30T00:00:00Z,97458.1,97466.2,96331.6,96780.1,517.46100005
2024-11-30T08:00:00Z,96780.2,96964.8,96088,96638.7,309.82481004
2024-11-30T16:00:00Z,96638.7,97050,96317,96395.3,277.66296079
2024-12-01T00:00:00Z,96395.2,96669.5,95700,96466.9,561.22209473
2024-12-01T08:00:00Z,96466.9,97394.7,96414,97032.2,541.47689946
2024-12-01T16:00:00Z,97032.2,97897.9,96792.8,97185.7,445.69719903
2024-12-02T00:00:00Z,97185.7,98157,95759.1,95999.5,668.72960774
2024-12-02T08:00:00Z,95999.5,97200,94768.7,97043,1041.40463987
2024-12-02T16:00:00Z,97043,97358.2,94379.2,95826.8,698.38400976
2024-12-03T00:00:00Z,95826.8,96300,95278.7,95547.3,390.18427177
2024-12-03T08:00:00Z,95547.3,96240.9,93575,95681.6,939.55009859
2024-12-03T16:00:00Z,95681.6,96160,94865.5,95845.3,565.12582115
2024-12-04T00:00:00Z,95845.2,96700,95216.8,96583.8,412.73685175
2024-12-04T08:00:00Z,96583.7,96944,95351.4,95732.4,721.09734403
2024-12-04T16:00:00Z,95745.6,99008.9,94580.7,98618.3,1660.66598133
2024-12-05T00:00:00Z,98602.4,104087.7,97885.7,102229,2282.86237016
2024-12-05T08:00:00Z,102229.1,103550,100914.7,101292.1,1324.18840922445440101
2024-12-05T16:00:00Z,101288.9,102000,90606.3,96927.3,2610.81486293
2024-12-06T00:00:00Z,96927.4,98800,96228.6,98137.8,918.11459686
2024-12-06T08:00:00Z,98137.7,99485,97500.1,99314.3,972.9343615
2024-12-06T16:00:00Z,99314.4,101900,98750,99729.4,1226.75379208
2024-12-07T00:00:00Z,99729.4,100582.4,98823.6,99401.4,447.35410852
2024-12-07T08:00:00Z,99398,99830,99042.9,99754.5,382.07037254
2024-12-07T16:00:00Z,99754.5,100438.6,99450.2,99832.6,394.08804518
2024-12-08T00:00:00Z,99832.6,100331.7,99333.3,99673.7,281.04745577
2024-12-08T08:00:00Z,99673.7,100518.9,98669.6,99914.5,474.44938379
2024-12-08T16:00:00Z,99914.6,101359.3,99471.1,101106.5,453.20792663
2024-12-09T00:00:00Z,101106.6,101211.1,98333.2,99574.9,634.97320024
2024-12-09T08:00:00Z,99575,100455.3,97515,97800.7,1007.49889143
2024-12-09T16:00:00Z,97805.1,98393.4,93867.2,97272.9,1898.2613628
2024-12-10T00:00:00Z,97273,98142.8,95564.7,97202,859.51315761
2024-12-10T08:00:00Z,97202,98266.3,95600.1,95654.3,908.06626711
2024-12-10T16:00:00Z,95654.4,97198.4,94250.1,96582.1,1586.24471839
2024-12-11T00:00:00Z,96582.2,97777,95634.2,97327.1,590.37093487
2024-12-11T08:00:00Z,97327.2,100776.1,97307.3,100346.2,890.66716808
2024-12-11T16:00:00Z,100346.3,101876.3,99600,101110.4,1038.16985289
2024-12-12T00:00:00Z,101116.9,101810.3,100331.9,100511.6,676.60861136
2024-12-12T08:00:00Z,100511.7,101854.4,100169.8,101794.5,698.69882726
2024-12-12T16:00:00Z,101794.6,102525,99307.1,100002.9,886.85586525
2024-12-13T00:00:00Z,100002.9,100347,99202.7,100129.6,366.88169674
2024-12-13T08:00:00Z,100129.7,101368.9,99700,99876.9,512.69943074
2024-12-13T16:00:00Z,99877,101900,99810.8,101413.2,575.27830873
2024-12-14T00:00:00Z,101413.2,102648.2,101141.9,101819.7,496.56674847
2024-12-14T08:00:00Z,101819.7,102314.8,100816.6,101628.1,489.92959395
2024-12-14T16:00:00Z,101628.2,101741.2,100606.2,101418.8,317.20396237
2024-12-15T00:00:00Z,101418.8,102858.5,101232.6,101731.1,389.71684992
2024-12-15T08:00:00Z,101731.2,103347.8,101580.2,102702.4,572.4435849
2024-12-15T16:00:00Z,102702.5,105216.6,102587.5,104469.1,912.45068498
2024-12-16T00:00:00Z,104469.1,106632.8,104262.4,104984,777.46545111
2024-12-16T08:00:00Z,104984.1,106553.6,103332.5,106326.2,899.7947971
2024-12-16T16:00:00Z,106335.9,107803.7,105473.1,106060.3,1123.32859705
2024-12-17T00:00:00Z,106060.3,107150.2,105652.8,106813.9,437.46781165
2024-12-17T08:00:00Z,106813.9,108384.6,105714.4,106478.6,1088.45393499
2024-12-17T16:00:00Z,106478.5,107670.7,105210.9,106149.9,795.76349553
2024-12-18T00:00:00Z,106130.4,106499.9,103110,104244.9,748.77728912
2024-12-18T08:00:00Z,104244.9,105350.1,103653.2,104416.8,648.29456385
2024-12-18T16:00:00Z,104416.8,104982.8,99970.2,100202.9,2778.25858046
2024-12-19T00:00:00Z,100202.9,101709.3,98785.3,101654.6,1087.27703874
2024-12-19T08:00:00Z,101654.5,102832,99476.5,100639,1195.61580135
2024-12-19T16:00:00Z,100635.9,101174.8,95680.1,97456.6,2388.63172819
2024-12-20T00:00:00Z,97456.7,98252.2,96000,97843.6,1015.7520103
2024-12-20T08:00:00Z,97843.6,97882.3,92277.9,96991.1,2268.37452617
2024-12-20T16:00:00Z,96991.1,97800,95430.9,97799.9,1056.29217926
2024-12-21T00:00:00Z,97800,99623.4,97187,99037.8,618.0752797
2024-12-21T08:00:00Z,99037.8,99191.6,96403.4,97521.9,773.6690895
2024-12-21T16:00:00Z,97521.9,98057.6,96531.2,97280.2,531.0587532
2024-12-22T00:00:00Z,97280.7,97451.5,95905.6,96205.8,554.78336057
2024-12-22T08:00:00Z,96206.4,97351.6,95113.5,95364,631.83094856
2024-12-22T16:00:00Z,95364,96449.9,94238.4,95186.2,851.29085736
2024-12-23T00:00:00Z,95186.2,96507.7,93712.6,95400.2,845.03566099
2024-12-23T08:00:00Z,95400.3,96530.3,93113.6,93250.7,807.56838518
2024-12-23T16:00:00Z,93250.7,95496.5,92519.5,94885.9,1025.27846899
2024-12-24T00:00:00Z,94885.9,94885.9,93576.5,94232.1,436.69404822
2024-12-24T08:00:00Z,94232.2,98300,93834.9,98288.5,677.52215433
2024-12-24T16:00:00Z,98299.6,99476.5,97256.3,98661.7,768.38567634
2024-12-25T00:00:00Z,98661.6,98870,97726.2,98092.3,348.5302404
2024-12-25T08:00:00Z,98092.4,99347.7,97622.7,98518.3,560.3650876
2024-12-25T16:00:00Z,98518.3,99587.8,98130.1,99434.8,508.74032776
2024-12-26T00:00:00Z,99434.9,99970.8,97713.6,97713.6,487.53556559
2024-12-26T08:00:00Z,97720.1,97755.2,95156,96047.7,798.862683935931684
2024-12-26T16:00:00Z,96043.3,96638.8,95311.4,95785.8,546.79565637
2024-12-27T00:00:00Z,95785.9,96609.5,94656.3,95106.4,504.74181077
2024-12-27T08:00:00Z,95106.5,97515.9,94009.4,94575.5,833.76257921
2024-12-27T16:00:00Z,94575.5,94994.7,93490,94286.1,643.8882703
2024-12-28T00:00:00Z,94286.1,94796.9,94134.4,94373.9,294.52253929
2024-12-28T08:00:00Z,94374,95338.2,94300.1,94447.7,318.173613
2024-12-28T16:00:00Z,94447.7,95745,94400,95306.7,323.26844123
2024-12-29T00:00:00Z,95305,95343.1,94818.1,95271.8,184.72860302
2024-12-29T08:00:00Z,95271.8,95310.6,94017.3,94503.9,369.53774997
2024-12-29T16:00:00Z,94504,94577.3,93036.7,93739.7,681.12751707
2024-12-30T00:00:00Z,93739.8,94277.9,93226.5,93733.2,532.43489207
2024-12-30T08:00:00Z,93733.2,94260.2,91552,92126,706.34604592
2024-12-30T16:00:00Z,92126,95025.6,91807.4,92796.2,989.03832994
2024-12-31T00:00:00Z,92792,93029.1,92046.6,92860.8,418.75899353
2024-12-31T08:00:00Z,92860.8,96287.7,92838.4,95413.2,1024.90091551
2024-12-31T16:00:00Z,95410.2,95588.1,93200.6,93574.3,761.65920308
2025-01-01T00:00:00Z,93574.4,94484.5,93484.3,93693,228.06926972
2025-01-01T08:00:00Z,93693.1,94500,92900.8,94446.9,313.64451691
2025-01-01T16:00:00Z,94443.5,95150,93755.6,94584.1,331.07327638
2025-01-02T00:00:00Z,94584.2,96000,94380.5,95817.3,694.75762946
2025-01-02T08:00:00Z,95817.3,97400,95622,96466.7,767.00638926
2025-01-02T16:00:00Z,96459.2,97839.1,96042.2,96983.8,591.00812211
2025-01-03T00:00:00Z,96983.9,97347.8,96281.9,96311.1,280.56553836
2025-01-03T08:00:00Z,96311.1,97650,96105.4,97510.1,450.34709715
2025-01-03T16:00:00Z,97514.4,98976.9,97406.4,98173.9,534.45271253
2025-01-04T00:00:00Z,98173.9,98339,97800.1,98278.6,215.69608513
2025-01-04T08:00:00Z,98278.5,98306.5,97537.4,97667,273.52501312
2025-01-04T16:00:00Z,97666.7,98782.5,97572.2,98215.4,299.30000918
2025-01-05T00:00:00Z,98215.4,98500,98040.5,98264.2,159.76455473
2025-01-05T08:00:00Z,98264.1,98267.2,97275.9,98023.6,364.28759447
2025-01-05T16:00:00Z,98024.8,98800,97579.5,98360.8,446.07025906
2025-01-06T00:00:00Z,98360.9,99886.7,97915.6,99310.7,640.53079581
2025-01-06T08:00:00Z,99310.7,102467.2,98701.2,102137.2,846.12345487
2025-01-06T16:00:00Z,102148.4,102486.3,101238.9,102224.3,720.27644028
2025-01-07T00:00:00Z,102224.4,102709.9,101510.8,101679.1,269.48516163
2025-01-07T08:00:00Z,101679.1,101989.7,97157.6,97951.4,941.50635368
2025-01-07T16:00:00Z,97951.3,98343.6,96142.6,96959.2,1061.79699924
2025-01-08T00:00:00Z,96959.2,97269.9,95245.8,95657.2,674.60761006
2025-01-08T08:00:00Z,95657.2,96134,94569.3,95457.1,1295.49802887
2025-01-08T16:00:00Z,95457.1,95457.1,92540.8,95056.8,1490.94265208
2025-01-09T00:00:00Z,95048.8,95380.8,93213.3,93229.3,1077.48632048
2025-01-09T08:00:00Z,93229.4,94573.2,91800,94239.8,1010.15722789
2025-01-09T16:00:00Z,94239.8,94686.2,91188.3,92548.5,1951.58366543
2025-01-10T00:00:00Z,92548.4,94994.3,92452.8,94498.9,535.07238663
2025-01-10T08:00:00Z,94494.6,95269.8,92219,93733.9,1357.17400538
2025-01-10T16:00:00Z,93734,95861.2,93200,94721.4,904.35177114
2025-01-11T00:00:00Z,94717.6,94741,93854.4,94249.1,352.31257285
2025-01-11T08:00:00Z,94250.2,94788.9,94045.3,94414.6,238.0474046
2025-01-11T16:00:00Z,94414.7,95031.9,93978.3,94606.5,267.70360556
2025-01-12T00:00:00Z,94606.5,94694.1,94272.4,94323.7,145.57287404
2025-01-12T08:00:00Z,94323.7,95446.7,93711.7,95071.5,369.69500614005361362479
2025-01-12T16:00:00Z,95071.6,95308.8,93800,94539.8,322.33505453
2025-01-13T00:00:00Z,94539.7,95937.9,93277.3,93598.3,650.67679773
2025-01-13T08:00:00Z,93598.3,93663,89221,92127.6,2096.32606542
2025-01-13T16:00:00Z,92127.6,94721.5,91260.4,94525.7,1286.26119819
2025-01-14T00:00:00Z,94525.8,95477.7,94341.3,94852.6,694.5204175
2025-01-14T08:00:00Z,94852.5,97378.5,94852.5,96465.5,1037.86975887
2025-01-14T16:00:00Z,96462.1,97082.9,95361.1,96565.3,735.21356318
2025-01-15T00:00:00Z,96565.4,97709.3,96495.2,97298.8,432.72051825
2025-01-15T08:00:00Z,97298.8,99777,96527.5,98973.7,1070.73352124
2025-01-15T16:00:00Z,98977.5,100688.5,98607.3,100495.6,882.11936235
2025-01-16T00:00:00Z,100495.6,100864.5,99170.5,99800,516.64330561
2025-01-16T08:00:00Z,99800,99821.9,97347,99303.8,866.4987946
2025-01-16T16:00:00Z,99303.8,100635.1,99070.1,99986.3,739.3903423
2025-01-17T00:00:00Z,99986.3,102140.2,99944.8,101434.3,635.16588285
2025-01-17T08:00:00Z,101434.3,104235.1,101433.8,103979.5,1053.59862336
2025-01-17T16:00:00Z,103988.6,105835.4,103832.4,104076.3,1003.03276891
2025-01-18T00:00:00Z,104076.4,104664.8,102605.1,102818.5,584.86480602
2025-01-18T08:00:00Z,102817.6,104990,102275,104567.1,748.2813444
2025-01-18T16:00:00Z,104567.2,104725,103146.6,104550.6,594.35587854
2025-01-19T00:00:00Z,104550.6,105629.7,104001.3,105168.9,497.99631496
2025-01-19T08:00:00Z,105168.9,105717.2,103451.9,104944.4,1032.30179219
2025-01-19T16:00:00Z,104936.9,106443.4,99599.9,101317.1,1964.7039451
2025-01-20T00:00:00Z,101327.2,109699.6,99541,107102.7,2049.55385543
2025-01-20T08:00:00Z,107118.9,109177.1,104500,104939.8,1508.56530546
2025-01-20T16:00:00Z,104939.9,107035.2,100500,102265,2834.21996125
2025-01-21T00:00:00Z,102259.4,103254.3,100100,101979.3,1203.0494026
2025-01-21T08:00:00Z,101979.2,105330.3,101735.6,103934.1,1017.9861374
2025-01-21T16:00:00Z,103943.3,107275.7,103800,106140.2,1207.4334876
2025-01-22T00:00:00Z,106140.2,106382.9,105051.6,105079,375.65610716
2025-01-22T08:00:00Z,105079.1,105586.7,103656.1,104184.2,754.16723081
2025-01-22T16:00:00Z,104183.9,104839.1,103337.1,103704,727.7747677
2025-01-23T00:00:00Z,103710.2,103815.9,101606.9,102707.2,923.91045319
2025-01-23T08:00:00Z,102707.9,106050,101261.4,105260.2,1909.55606855
2025-01-23T16:00:00Z,105260.2,106845.6,102226.3,103907,2734.03806621
2025-01-24T00:00:00Z,103907.1,105361.5,102751.3,105039.9,606.97493025
2025-01-24T08:00:00Z,105048.5,106309,104666,105860.6,733.56247128
2025-01-24T16:00:00Z,105860.7,107113.6,104449.6,104857.2,888.98580422
2025-01-25T00:00:00Z,104857.2,105283,104230.9,104390.2,276.12041726
2025-01-25T08:00:00Z,104390.2,105106.3,104116.8,104888.5,400.00110521
2025-01-25T16:00:00Z,104888.5,105287.2,104450,104740.1,391.36500674
2025-01-26T00:00:00Z,104741.7,105511.9,104502.4,105002.9,214.3023476
2025-01-26T08:00:00Z,105002.9,105232.5,104432.8,104963,227.54506139
2025-01-26T16:00:00Z,104963,105250.3,102511.8,102617.4,434.854549
2025-01-27T00:00:00Z,102606.7,103272.8,97778.8,99054.1,1552.81246468
2025-01-27T08:00:00Z,99054.1,102341.8,98283.2,101112.7,1546.55254186
2025-01-27T16:00:00Z,101103.3,102407.1,98847,102083.3,1667.48340173
2025-01-28T00:00:00Z,102071.6,103361.8,101323,102801.8,555.11814981
2025-01-28T08:00:00Z,102801.8,103789.3,101820.9,102775.2,690.65078247
2025-01-28T16:00:00Z,102775.3,103098.7,100277.7,101336.8,888.17431687
2025-01-29T00:00:00Z,101335.3,102842.7,101322.6,102752.6,321.92843787
2025-01-29T08:00:00Z,102752.6,103023,101587.4,101988.5,593.08630604
2025-01-29T16:00:00Z,101984.4,104791.7,101428.4,103736.1,1383.72216844
2025-01-30T00:00:00Z,103742,105598.9,103266.6,105121.3,580.6170055
2025-01-30T08:00:00Z,105128.8,106447.3,104665.3,105560.3,676.8295798609134158
2025-01-30T16:00:00Z,105560.3,106000,104679.1,104719.2,457.4778786246834072
2025-01-31T00:00:00Z,104719.3,105007.8,103931.8,104198.8,330.3822759544988
2025-01-31T08:00:00Z,104198.8,106031.2,103922.2,105453.3,523.28587211
2025-01-31T16:00:00Z,105445.9,105577,101566.5,102436.3,977.29551283
2025-02-01T00:00:00Z,102438.4,102787.1,102128.4,102167.1,224.00710131
2025-02-01T08:00:00Z,102167,102327.6,101428.4,102072.1,292.05231568
2025-02-01T16:00:00Z,102072.1,102284,100277.1,100632.5,906.4346101069264
2025-02-02T00:00:00Z,100632.6,101458.5,99024.5,99636.3,688.7614901
2025-02-02T08:00:00Z,99636.3,100120.8,98168.8,99349.4,903.65775508
2025-02-02T16:00:00Z,99349.4,99370.6,96136.3,97693.9,1927.68249583
2025-02-03T00:00:00Z,97686,97778.5,90200,95311.4,3661.5821974
2025-02-03T08:00:00Z,95311.4,99491.5,94150,98845.6,2003.70621458
2025-02-03T16:00:00Z,98845.6,102473.1,98026.9,101351,1453.2230882
2025-02-04T00:00:00Z,101351,101719.8,98249.2,98444.5,797.64958719
2025-02-04T08:00:00Z,98444.4,100420.1,97855.5,99356.4,1139.78343598
2025-02-04T16:00:00Z,99348.6,100789,96142.6,97774.5,1508.7933748
2025-02-05T00:00:00Z,97768.5,98920.3,97141.1,97851.2,514.2399668
2025-02-05T08:00:00Z,97851.1,99208.4,97267.3,98104.2,524.56638325
2025-02-05T16:00:00Z,98092.6,98292.5,96152.8,96616.6,790.60130652
2025-02-06T00:00:00Z,96606.9,98420.8,96437,98191.3,451.7143973
2025-02-06T08:00:00Z,98193.7,99119.7,96940.1,97329.6,744.86669037
2025-02-06T16:00:00Z,97333.5,97544.9,95700,96555.7,812.08835223
2025-02-07T00:00:00Z,96555.8,97875.7,96410.7,96748.3,473.91157364
2025-02-07T08:00:00Z,96748.3,100132.5,96608.3,98288.8,1177.12880174
2025-02-07T16:00:00Z,98304,98569.8,95609.8,96511.4,731.07954802285628654
2025-02-08T00:00:00Z,96511.4,96877.8,95777.2,96199.7,272.3182465
2025-02-08T08:00:00Z,96199.6,96494.8,95670.7,95838.1,292.34294684
2025-02-08T16:00:00Z,95839.9,96749,95727.8,96447.2,219.24840436
2025-02-09T00:00:00Z,96447.2,97317,96357.1,97061.4,286.11436303
2025-02-09T08:00:00Z,97061.5,97290,95713.6,96484.8,358.16555601
2025-02-09T16:00:00Z,96484.7,96760,94720.3,96467.7,590.55333081
2025-02-10T00:00:00Z,96467.7,97651.1,95269.5,97432.9,633.47649358
2025-02-10T08:00:00Z,97433,98334.3,96871.2,97230.4,610.57712175
2025-02-10T16:00:00Z,97230.5,97643.1,96878,97433.3,346.79848351
2025-02-11T00:00:00Z,97433.4,98475,97417.8,98270.7,492.45805918
2025-02-11T08:00:00Z,98270.8,98333.6,96587.1,97012,507.70034955
2025-02-11T16:00:00Z,97015.9,97040.8,94867.8,95780,847.98377247
2025-02-12T00:00:00Z,95780.1,96261,95103.4,96073.4,282.43070451
2025-02-12T08:00:00Z,96073.3,96625.7,94073.7,95814.1,994.394027
2025-02-12T16:00:00Z,95814.1,98101,95119.2,97861.7,831.39240307
2025-02-13T00:00:00Z,97861.7,98082.1,95801.9,96070.5,340.76072156
2025-02-13T08:00:00Z,96070.5,96460.8,95339,95998,630.75849155
2025-02-13T16:00:00Z,95998.1,96775.5,95208.4,96611.4,481.44584755
2025-02-14T00:00:00Z,96611.4,97240.6,96369.9,96934,253.39901853
2025-02-14T08:00:00Z,96933.9,97567.1,96274.5,96924.9,538.98104159
2025-02-14T16:00:00Z,96928.5,98829,96500,97491.2,898.99354423
2025-02-15T00:00:00Z,97491.1,97977.2,97220.1,97350.9,328.52390548
2025-02-15T08:00:00Z,97350.9,97941.3,97307.4,97631.1,233.23836339
2025-02-15T16:00:00Z,97631.2,97746.8,97310.7,97576,246.9765016
2025-02-16T00:00:00Z,97576,97710.8,97213.4,97257,210.60989622
2025-02-16T08:00:00Z,97257,97395.2,96685.7,96907.7,239.00792364
2025-02-16T16:00:00Z,96907.7,97299.8,96048.7,96123.4,319.35125447
2025-02-17T00:00:00Z,96123.3,96636.3,95804.8,96076.1,319.66148788
2025-02-17T08:00:00Z,96076.2,97026.9,95561,95662.3,555.40507161
2025-02-17T16:00:00Z,95662.4,96429,95203.2,95770.2,499.86702467
2025-02-18T00:00:00Z,95770.2,96323.1,95244.2,95456.3,378.53662703
2025-02-18T08:00:00Z,95456.3,96748.5,95076.9,95555.3,558.55822354
2025-02-18T16:00:00Z,95547.8,95666.3,93383.2,95656.7,986.29397791
2025-02-19T00:00:00Z,95650,95955.4,95043.2,95686.9,348.19175867
2025-02-19T08:00:00Z,95687,96690.6,95521,95925.3,524.22969531
2025-02-19T16:00:00Z,95925.4,96893.1,95416.7,96643.8,511.95400105
2025-02-20T00:00:00Z,96643.7,97367.2,96412.7,96855.2,366.03808956
2025-02-20T08:00:00Z,96855.2,98042.8,96793.4,96906.4,525.78622091
2025-02-20T16:00:00Z,96913.9,98725.8,96872.5,98300.1,679.44964622
2025-02-21T00:00:00Z,98300,98582.5,98076.5,98169.5,245.91332061
2025-02-21T08:00:00Z,98169.6,99477.7,97181.3,98098.4,1015.5599359
2025-02-21T16:00:00Z,98098.5,98754.7,94881.4,96179.1,1351.66808489
2025-02-22T00:00:00Z,96179.1,96579.4,95775.6,96286.7,216.7159377
2025-02-22T08:00:00Z,96286.7,96998.9,96142.5,96591.1,281.6269634
2025-02-22T16:00:00Z,96591.1,96826.4,96362.5,96551.1,296.3635821
2025-02-23T00:00:00Z,96551.2,96650,96140.3,96500.5,167.15144093
2025-02-23T08:00:00Z,96500.4,96500.5,95416.3,95453,275.56240709
2025-02-23T16:00:00Z,95447,96320.4,95250,96257.7,308.74767384
2025-02-24T00:00:00Z,96257.8,96500.1,95069.6,95870,407.85090831
2025-02-24T08:00:00Z,95870,96170.5,93842.9,94326.7,730.78392033
2025-02-24T16:00:00Z,94330.5,95196.5,91347.5,91565,1212.76272228
2025-02-25T00:00:00Z,91548.9,92548.3,88200,89328.5,1579.16768626
2025-02-25T08:00:00Z,89310.6,89994.8,86053.9,87230.7,2765.42830499
2025-02-25T16:00:00Z,87230.7,89465.5,86177.3,88679.8,2009.39055493
2025-02-26T00:00:00Z,88679.9,89404.5,88144,88721,589.86944734
2025-02-26T08:00:00Z,88721,89313.5,85438.4,87558.3,1329.74059269
2025-02-26T16:00:00Z,87558.3,87802.3,82204.1,84242.6,2766.31087904
2025-02-27T00:00:00Z,84242.7,86719.5,84053.1,86268.7,1127.2341007
2025-02-27T08:00:00Z,86268.7,87079.7,84676.1,85503.2,1254.64922614
2025-02-27T16:00:00Z,85496.5,85680.7,82714.5,84713.6,1541.33759016
2025-02-28T00:00:00Z,84713.7,84899,78850.2,79201.3,2887.20713528
2025-02-28T08:00:00Z,79201.3,84423.5,78252.1,84023.3,2339.64040332
2025-02-28T16:00:00Z,84009.8,85113.6,83188.9,84337.8,1498.61715751
2025-03-01T00:00:00Z,84347.5,86549.9,83823.6,84738.7,850.31831336
2025-03-01T08:00:00Z,84738.6,85499,84341,84795.7,349.69205693
2025-03-01T16:00:00Z,84791.7,86258.6,84691.7,86061.6,343.2750004
2025-03-02T00:00:00Z,86061.6,86574.6,85541,86244.2,315.24781917
2025-03-02T08:00:00Z,86244.3,88686.4,85059.4,87439.8,848.46595642
2025-03-02T16:00:00Z,87439.8,95000,87324.7,94265.1,2439.49166889
2025-03-03T00:00:00Z,94265.1,94414.6,91194.6,92374.1,799.90253621
2025-03-03T08:00:00Z,92369.4,93711.7,89132.4,90043.2,1455.3134073
2025-03-03T16:00:00Z,90043.3,90989.2,85118.3,86215.2,1637.1027915
2025-03-04T00:00:00Z,86220.7,86793.5,82486.9,83190.5,1231.41148994
2025-03-04T08:00:00Z,83190.5,84960.8,81505,82979,1484.93496701
2025-03-04T16:00:00Z,82985.5,88950,81997.6,87279.5,1662.99126389
2025-03-05T00:00:00Z,87278.7,87895.6,86368.9,87620.6,511.4667166
2025-03-05T08:00:00Z,87620.5,90921.5,87592,88344.6,1222.60058982
2025-03-05T16:00:00Z,88330.4,91047.3,87599.7,90610.9,1004.50954994
2025-03-06T00:00:00Z,90610.9,92811,89988,91339.4,732.97560086
2025-03-06T08:00:00Z,91339.4,91671.7,89123.3,90812.6,1041.77142668
2025-03-06T16:00:00Z,90819.6,91062.4,87838.3,89913.1,1180.23849648
2025-03-07T00:00:00Z,89913,91285.1,84666.8,88364,1607.75730528
2025-03-07T08:00:00Z,88364,91090,88000,88460.4,1344.06289451
2025-03-07T16:00:00Z,88460.3,89022,85585.4,86793.9,1443.33274802
2025-03-08T00:00:00Z,86793.9,86897.1,85200.1,86205.8,356.72063871
2025-03-08T08:00:00Z,86199.1,86627.1,85763,86402.9,330.94519042
2025-03-08T16:00:00Z,86403,86500,85670.1,86222.8,258.02423119
2025-03-09T00:00:00Z,86222.9,86500,85807.5,86009.2,238.8741875
2025-03-09T08:00:00Z,86009.2,86105.3,82770.1,83072.7,655.72724835
2025-03-09T16:00:00Z,83055.1,83752.6,79980.3,80730.5,1228.50295052
2025-03-10T00:00:00Z,80730.7,82794.6,80052.1,82318.2,635.85987156
2025-03-10T08:00:00Z,82318.2,84069.6,79181.4,80033.1,1780.75381574
2025-03-10T16:00:00Z,80043.1,80245.5,77460,78596.3,1424.69751861
2025-03-11T00:00:00Z,78601.2,80605.9,76604,80426.3,931.71827019
2025-03-11T08:00:00Z,80426.2,82241.3,79058.1,81221.4,1359.55091363
2025-03-11T16:00:00Z,81221.4,83622.7,80652.4,82933.7,806.6815411
2025-03-12T00:00:00Z,82933.7,83765.2,81289,82439.2,600.48300528
2025-03-12T08:00:00Z,82439.2,84515.2,80616.6,81733,1574.96069673
2025-03-12T16:00:00Z,81733,83879.7,81618,83674.8,663.55852409
2025-03-13T00:00:00Z,83667,84332.7,82857.8,83148.6,356.53201583
2025-03-13T08:00:00Z,83148.6,83959.3,80963.8,81037.8,823.32456078
2025-03-13T16:00:00Z,81037.9,81478,79940.1,81112.5,697.04425372
2025-03-14T00:00:00Z,81123.7,82446.9,80824.1,82174.7,321.39102453
2025-03-14T08:00:00Z,82174.8,85313.3,82161,84716.9,746.43156684
2025-03-14T16:00:00Z,84716.9,84951.6,83717.9,83977.7,455.05442818
2025-03-15T00:00:00Z,83977.7,84666.4,83806.9,83831.3,194.11841013
2025-03-15T08:00:00Z,83831.3,84469.6,83625,84343.2,245.5993747
2025-03-15T16:00:00Z,84343.2,84491.2,84098.3,84337.3,180.25551317
2025-03-16T00:00:00Z,84337.4,84412,83739.9,84271,163.0845718
2025-03-16T08:00:00Z,84271,84333.8,82370.2,83325.3,501.67641224
2025-03-16T16:00:00Z,83325.4,85165.9,81957,82579.1,810.79647632
2025-03-17T00:00:00Z,82582.8,83866.6,82524.2,83556,399.30501633
2025-03-17T08:00:00Z,83559.4,84033.9,82443.2,83523.9,965.15295693
2025-03-17T16:00:00Z,83524,84758.7,83112.4,84009.8,528.56632618
2025-03-18T00:00:00Z,84009.8,84012.5,82259,83162.6,490.04991107
2025-03-18T08:00:00Z,83162.6,83453,81142.4,81616.7,780.25619439
2025-03-18T16:00:00Z,81606.7,82804.4,80933.4,82711.9,780.58293238
2025-03-19T00:00:00Z,82711.9,83366,82551.6,83184.1,371.19994241
2025-03-19T08:00:00Z,83184.1,84888,83177,84719.2,822.03248926
2025-03-19T16:00:00Z,84719.2,87006.4,83557.8,86842.4,1482.51765605
2025-03-20T00:00:00Z,86844.5,87450.4,85428.6,85803.8,617.02522314
2025-03-20T08:00:00Z,85803.8,86519.3,84572.8,84693.1,968.83843407
2025-03-20T16:00:00Z,84676.1,84914.4,83648.7,84208.5,741.91171439
2025-03-21T00:00:00Z,84208.5,84840.1,83716,83936.3,303.13133318
2025-03-21T08:00:00Z,83936.4,84356.4,83168.2,83558.7,645.43177105
2025-03-21T16:00:00Z,83558.7,84582.8,83379.5,84077.8,360.1176511
2025-03-22T00:00:00Z,84089.4,84427.2,83980.1,84273.6,152.42226493
2025-03-22T08:00:00Z,84273.6,84533.8,83975.2,84108.4,153.28878952
2025-03-22T16:00:00Z,84108.5,84328.1,83650.1,83845.8,164.88232682
2025-03-23T00:00:00Z,83845.9,84318.7,83805,84274.3,80.33086499
2025-03-23T08:00:00Z,84274.2,85257.4,84249,85179,268.62986471
2025-03-23T16:00:00Z,85179.1,86133.3,84801.1,86087.7,334.54405781
2025-03-24T00:00:00Z,86087.6,87285.3,85521,86868.1,577.37886852
2025-03-24T08:00:00Z,86868.1,88765.7,86841.9,88336.9,729.92357648
2025-03-24T16:00:00Z,88337,88534.8,87055.1,87497.9,633.2224348
2025-03-25T00:00:00Z,87500.1,87688.4,86301.5,86436.7,453.7241665
2025-03-25T08:00:00Z,86436.7,88260.2,86400,87776.6,865.5835804
2025-03-25T16:00:00Z,87771.4,88548.9,87144.8,87408.1,801.94808192
2025-03-26T00:00:00Z,87408,88282.8,87031.5,88144.5,331.38879678
2025-03-26T08:00:00Z,88144.5,88277.9,86435.4,86752.9,647.08995699
2025-03-26T16:00:00Z,86734.5,87399.9,85851.3,86901,633.18846659
2025-03-27T00:00:00Z,86910.2,87751.5,86795,87399.9,270.30576892
2025-03-27T08:00:00Z,87400,87603.8,85799.6,86972.4,757.65292695
2025-03-27T16:00:00Z,86963.8,87731.5,86796.4,87228.3,517.93362035
2025-03-28T00:00:00Z,87228.3,87508.8,85168,85215.8,607.69967893
2025-03-28T08:00:00Z,85208,85616.4,83966.5,84046.4,1082.28824562
2025-03-28T16:00:00Z,84046,84530.5,83585.4,84418.3,547.34437152
2025-03-29T00:00:00Z,84418.4,84617,83660.1,83727.2,314.37694471
2025-03-29T08:00:00Z,83727.3,83946.6,82008.6,82415.7,668.93945032
2025-03-29T16:00:00Z,82417.7,82783.1,81651.5,82647.7,614.31361912
2025-03-30T00:00:00Z,82647.6,83491.6,82495,83075.3,339.33430931
2025-03-30T08:00:00Z,83075.4,83532,82561.9,82728.3,434.71344847
2025-03-30T16:00:00Z,82728.4,82907.3,81553.5,82379.7,632.91004396
2025-03-31T00:00:00Z,82392.8,82447.1,81285.8,81932.3,780.12911924
2025-03-31T08:00:00Z,81932.3,83920,81293.1,83418.1,1005.71778385
2025-03-31T16:00:00Z,83418.2,83693.5,82264.5,82544.8,415.80822601
2025-04-01T00:00:00Z,82544.9,83600,82427.8,83457.7,293.8686024888648716
2025-04-01T08:00:00Z,83457.7,85500,82542.1,85279.2,960.3137934
2025-04-01T16:00:00Z,85279.3,85558.3,84701.6,85152.1,606.20313171
2025-04-02T00:00:00Z,85152.2,85253.8,83902.4,84422.6,384.67366593
2025-04-02T08:00:00Z,84422.6,87328,84261.1,86742.6,1177.18659226
2025-04-02T16:00:00Z,86753.3,88500,82329.8,82513.4,2417.18948623
2025-04-03T00:00:00Z,82513.5,83927.4,82171.4,83459.1,715.76216625
2025-04-03T08:00:00Z,83459.2,83777.4,81203.2,82030.5,1283.39033264
2025-04-03T16:00:00Z,82030.6,83316.6,81533.5,83194,553.47590323
2025-04-04T00:00:00Z,83204.4,84007.9,82599,83999.3,370.24547696
2025-04-04T08:00:00Z,83999.9,84720.6,81655.3,82853.1,1882.5667556
2025-04-04T16:00:00Z,82870.5,84616.3,82735.9,83887.5,733.73120886
2025-04-05T00:00:00Z,83887.6,84262,83335.9,83525.6,259.63505408
2025-04-05T08:00:00Z,83525.6,83895.4,82388.1,82627.8,319.99639942
2025-04-05T16:00:00Z,82621.2,83673.5,82600.7,83522.6,274.30383758
2025-04-06T00:00:00Z,83529.6,83793.3,83021.9,83021.9,230.15384058
2025-04-06T08:00:00Z,83021.9,83166,82215,82569.5,296.05365809
2025-04-06T16:00:00Z,82545.8,82556.5,77152,78419.6,2237.19378049
2025-04-07T00:00:00Z,78447.9,79344.4,74505.1,75127.1,1839.01843308
2025-04-07T08:00:00Z,75120.3,81218.1,75082.3,78482.9,3808.39950566
2025-04-07T16:00:00Z,78482.9,80214.2,77323,79169.3,1761.10296914
2025-04-08T00:00:00Z,79163.1,80870.6,78787,79497,660.07462671
2025-04-08T08:00:00Z,79489,80363.9,78179.5,78490.3,1204.60116615
2025-04-08T16:00:00Z,78490.3,78526,76235.9,76315.1,1539.5956461
2025-04-09T00:00:00Z,76324.2,77965.8,74625.2,77695,2226.43681706
2025-04-09T08:00:00Z,77695.1,78307.4,75777.2,77253.6,2097.20631829
2025-04-09T16:00:00Z,77247.7,83581.7,77141.9,82603.3,2611.05230032
2025-04-10T00:00:00Z,82603.4,82735.5,81296.7,81588.8,775.80212627
2025-04-10T08:00:00Z,81589.9,82461.8,78618.5,78758.7,1262.38863846
2025-04-10T16:00:00Z,78775.4,80035.8,78471.7,79602.9,1261.11906916
2025-04-11T00:00:00Z,79602.8,81436.4,78954.4,81264.8,1007.35771897
2025-04-11T08:00:00Z,81264.9,83327.6,80785.2,82510.9,2061.12380382
2025-04-11T16:00:00Z,82511,84304.9,82018.6,83415.8,1278.92363981
2025-04-12T00:00:00Z,83415.8,83810,82800,83723.2,552.36028216
2025-04-12T08:00:00Z,83723.3,85398.2,83305.9,85005.7,929.56271003
2025-04-12T16:00:00Z,85005.7,85906.4,84430,85269.8,623.22610908
2025-04-13T00:00:00Z,85269.8,86113.7,84403.2,84416.9,802.95833006
2025-04-13T08:00:00Z,84414.3,84953.5,83482.2,83849.4,787.52185399
2025-04-13T16:00:00Z,83849.5,85000,83041.1,83756.8,1296.27697172
2025-04-14T00:00:00Z,83762.1,85539,83670.2,84588.1,1066.96868667
2025-04-14T08:00:00Z,84588.1,85795.6,83722.2,84112,1062.85142424
2025-04-14T16:00:00Z,84096.9,85200,83866.4,84590.8,817.32124269
2025-04-15T00:00:00Z,84590.9,85875,84350.3,85678.9,706.74249646
2025-04-15T08:00:00Z,85678.9,86459.9,84625,84923.2,948.64823074
2025-04-15T16:00:00Z,84923.3,85149.1,83602.3,83642.8,1016.81059445
2025-04-16T00:00:00Z,83642.8,83949.9,83111.2,83367,596.5605953
2025-04-16T08:00:00Z,83360.8,85261.3,83139.2,84841,816.60925668
2025-04-16T16:00:00Z,84841,85547,83275.2,84029,1084.97126783
2025-04-17T00:00:00Z,84029,85044.5,83823.2,84665.1,442.73515307
2025-04-17T08:00:00Z,84665.2,84866,83729.4,84534.6,572.8604108
2025-04-17T16:00:00Z,84534.7,85470.1,84405.9,84952.6,543.21326552
2025-04-18T00:00:00Z,84952.6,85139.6,84410.4,84647.9,179.96374647
2025-04-18T08:00:00Z,84648,84765.5,84340.2,84378.7,215.54967004
2025-04-18T16:00:00Z,84378.8,84685.7,84311,84465.5,176.12661533
2025-04-19T00:00:00Z,84465.2,85266.6,84359.7,85204.1,222.61528895
2025-04-19T08:00:00Z,85204.1,85670.6,85071.3,85189.5,255.60033125
2025-04-19T16:00:00Z,85189.6,85369,84700,85079.3,282.08099697
2025-04-20T00:00:00Z,85079.3,85320,84681.7,84785.3,153.05364298
2025-04-20T08:00:00Z,84785.4,84789,83950.5,84350.7,293.60714823
2025-04-20T16:00:00Z,84350.6,85299.9,84276.8,85188.9,249.68135722
2025-04-21T00:00:00Z,85189,87726.2,85140.6,87434.3,787.66733999
2025-04-21T08:00:00Z,87434.3,88469,86645.4,88046,842.56503832
2025-04-21T16:00:00Z,88046,88257.7,86395.1,87518.5,674.40347895
2025-04-22T00:00:00Z,87518.6,88869.3,87071.6,88477.3,661.81219552
2025-04-22T08:00:00Z,88477.3,91425.3,88236.2,90933,1049.52725001
2025-04-22T16:00:00Z,90933,93982.2,90619,93443.6,1094.63508627
2025-04-23T00:00:00Z,93443.5,94265.8,92594,94136.9,629.72412386
2025-04-23T08:00:00Z,94137,94713.4,91946.9,93195.9,1349.92730917
2025-04-23T16:00:00Z,93195.9,94213.2,92912,93690.3,676.63808911
2025-04-24T00:00:00Z,93690.3,93785.3,92100.5,92206.3,423.80888032
2025-04-24T08:00:00Z,92206.3,93460.8,91675.8,93200.7,638.97440314
2025-04-24T16:00:00Z,93200.8,93999,92667.2,93976.8,475.28524475
2025-04-25T00:00:00Z,93976.9,94441.8,92851.2,93777.7,467.68142798
2025-04-25T08:00:00Z,93777.6,95790,93544,95057.5,962.30370988
2025-04-25T16:00:00Z,95066.9,95554.9,94371.8,94638.2,441.92516019
2025-04-26T00:00:00Z,94638.2,95190.6,94380.8,94567.6,220.7766799
2025-04-26T08:00:00Z,94565.1,94735,93877.3,94371.4,320.44955429
2025-04-26T16:00:00Z,94369.1,94887.9,94041,94623.8,224.25786367
2025-04-27T00:00:00Z,94624.1,95316.5,93655.2,94072.6,435.8765215
2025-04-27T08:00:00Z,94072.6,94324,93608.7,93904,273.77422839
2025-04-27T16:00:00Z,93904.1,94553.2,93647.6,93744,304.68264583
2025-04-28T00:00:00Z,93743.9,94777,92800.1,94672.3,945.89118606
2025-04-28T08:00:00Z,94672.2,95592.4,93575.8,93824.8,1237.5380483
2025-04-28T16:00:00Z,93830.9,95176.9,93449.1,95013.2,606.0368505
2025-04-29T00:00:00Z,95013.3,95456.7,94215.3,94914.7,523.88848371
2025-04-29T08:00:00Z,94914.8,95289.9,94526.9,94842.9,581.56720477
2025-04-29T16:00:00Z,94843,95451.2,93736.7,94256.3,666.03436384
2025-04-30T00:00:00Z,94256.2,95179.9,94137.1,94623.2,321.58205124
2025-04-30T08:00:00Z,94623.2,95220,92911.9,94001.9,790.06126504
2025-04-30T16:00:00Z,93993.7,94781.3,93537,94181.8,416.24049404
2025-05-01T00:00:00Z,94177.4,95181.8,94136.9,95022.4,340.56421179
2025-05-01T08:00:00Z,95017.5,97434.3,94906.9,96854.5,869.46236529
2025-05-01T16:00:00Z,96854.4,97362,96187.9,96485.4,477.82250549
2025-05-02T00:00:00Z,96485.5,97288.3,96348.2,96351,323.93191461
2025-05-02T08:00:00Z,96350.9,97889,96350.8,97322.5,500.65261056
2025-05-02T16:00:00Z,97322.4,97786.2,96566.8,96888.1,352.40249255
2025-05-03T00:00:00Z,96888.2,96926.9,96140,96335.5,185.77977141
2025-05-03T08:00:00Z,96335.6,96500,95853.3,96415.7,229.0130593
2025-05-03T16:00:00Z,96415.7,96440,95752,95854.5,225.53974501
2025-05-04T00:00:00Z,95854.4,96306.4,95586.8,95883.5,227.95973648
2025-05-04T08:00:00Z,95883.6,95923.2,95228.9,95462.2,246.39991767
2025-05-04T16:00:00Z,95462.2,95755,94159.4,94280.5,333.3826698
2025-05-05T00:00:00Z,94280.6,94821.1,93513.1,94747.5,461.79033792
2025-05-05T08:00:00Z,94747.4,94777,93613.4,93770.3,457.87676395
2025-05-05T16:00:00Z,93770.3,95200,93762.3,94733.8,448.33333637
2025-05-06T00:00:00Z,94733.7,94926.4,94032.9,94397.3,307.11650671
2025-05-06T08:00:00Z,94397.3,94729.3,93377.8,94555.6,577.42916376
2025-05-06T16:00:00Z,94559.8,96923.4,94222,96830.3,635.89393378
2025-05-07T00:00:00Z,96838.1,97726.2,96213.1,96993.8,481.72811921
2025-05-07T08:00:00Z,96993.8,97482,96714,96916.6,422.72635735
2025-05-07T16:00:00Z,96916.7,97393.4,95771.5,97022.2,695.88441828
2025-05-08T00:00:00Z,97022.3,99410.3,96882.9,99257.8,682.77659388
2025-05-08T08:00:00Z,99257.8,101524.3,99088.9,100760.3,1029.81211663
2025-05-08T16:00:00Z,100760.4,104154,100592.1,103259.2,1235.85316426
2025-05-09T00:00:00Z,103259.2,104352,102362.5,103636.1,827.91741126
2025-05-09T08:00:00Z,103636,103933.5,102410.7,102891.8,1322.50543999
2025-05-09T16:00:00Z,102895,103415.6,102326,102974,592.27852968
2025-05-10T00:00:00Z,102973.9,104100,102814.7,103762.1,417.88346224
2025-05-10T08:00:00Z,103762,104083.8,103091.6,103141,594.79496827
2025-05-10T16:00:00Z,103141,104999.1,103003.1,104810.8,733.51206252
2025-05-11T00:00:00Z,104810.7,104968.8,103339.2,103380.7,738.64413298
2025-05-11T08:00:00Z,103380.7,104887.6,103380.6,104140.4,646.400658
2025-05-11T16:00:00Z,104140.5,104839.9,103573.9,104100.4,617.00423963
2025-05-12T00:00:00Z,104107.1,105800,103714.6,104467.9,881.31522248
2025-05-12T08:00:00Z,104472.7,104729.7,102395.2,102540.6,1465.0654295
2025-05-12T16:00:00Z,102536.1,103127.5,100739.3,102787.8,1194.14061607
2025-05-13T00:00:00Z,102787.7,102940.3,101440.1,102665.2,771.02645656
2025-05-13T08:00:00Z,102665.2,103998,102548.7,103677.9,934.07328884
2025-05-13T16:00:00Z,103677.8,104972.6,103534.3,104124.7,657.06172243
2025-05-14T00:00:00Z,104112.3,104122.2,103396.9,103708,401.47869187
2025-05-14T08:00:00Z,103708,104346,102849.6,103507.2,734.27644206
2025-05-14T16:00:00Z,103507.2,103720,102605.2,103505.6,441.3939577
2025-05-15T00:00:00Z,103505.7,103864.7,101724.3,101788.9,506.97484621
2025-05-15T08:00:00Z,101789,103283.5,101384.9,103251.9,882.04512374
2025-05-15T16:00:00Z,103251.9,104196.4,102553.7,103764.4,707.92302097
2025-05-16T00:00:00Z,103764.5,104465,103474.1,103704.5,361.15542208
2025-05-16T08:00:00Z,103704.5,104273.5,103109.7,104185.6,491.47814741
2025-05-16T16:00:00Z,104188.1,104551.8,103410.5,103462,389.42491074
2025-05-17T00:00:00Z,103462.1,103699.9,102602.1,103444.2,390.08220643
2025-05-17T08:00:00Z,103444.2,103558.7,102637.1,102950.1,353.70313904
2025-05-17T16:00:00Z,102950.1,103472.3,102757.5,103126,384.91098573
2025-05-18T00:00:00Z,103126,103982.6,103097.5,103919.7,192.02725868
2025-05-18T08:00:00Z,103922.1,105675.9,103697.3,105512.1,435.88080464
2025-05-18T16:00:00Z,105512.2,106648.1,103111,106440.7,1062.47154123
2025-05-19T00:00:00Z,106442.9,107105.7,102072.3,103230,1114.18693153
2025-05-19T08:00:00Z,103230.1,104950.4,102148.1,104784.6,816.93172828
2025-05-19T16:00:00Z,104784.5,105822,104485.5,105578.9,689.3912312754746469938
2025-05-20T00:00:00Z,105578.9,106854.7,104907.7,105028.6,697.03201446
2025-05-20T08:00:00Z,105020.7,105411.2,104177.7,105338.7,555.13097601
2025-05-20T16:00:00Z,105338.7,107300,105091.6,106848.1,906.25775749
2025-05-21T00:00:00Z,106848.2,107981.4,106196.8,106511.2,768.17882529
2025-05-21T08:00:00Z,106511.2,109450.6,106084,108962.1,1121.0497963
2025-05-21T16:00:00Z,108962.2,110752.6,106145,109649.5,1906.69476824
2025-05-22T00:00:00Z,109641,111876.5,109193.7,110968.1,2150.41379185
2025-05-22T08:00:00Z,110968.1,111615.5,110239.2,111279.9,1541.41625067
2025-05-22T16:00:00Z,111286.3,111972.4,110762.3,111697,796.01189563
2025-05-23T00:00:00Z,111697.1,111792,110392,110713.1,572.84559226
2025-05-23T08:00:00Z,110713.1,111374.7,107318.4,108927.2,1818.03867812
2025-05-23T16:00:00Z,108935.4,109804.8,106799.8,107327.3,1070.51861395
2025-05-24T00:00:00Z,107327.2,108567.6,106877.3,107589.1,492.39710217
2025-05-24T08:00:00Z,107589.1,109485.3,107589.1,108931.8,585.98152986
2025-05-24T16:00:00Z,108931.9,109201.4,107499.8,107754.6,473.6475834
2025-05-25T00:00:00Z,107754.6,108284.9,107203.6,107664.4,525.59790977
2025-05-25T08:00:00Z,107664.3,107741.1,106599.1,106963.7,772.75853737
2025-05-25T16:00:00Z,106963.7,109304,106636.9,109011.1,681.61565773
2025-05-26T00:00:00Z,108999.1,110214.2,108666.7,110099.4,505.59292321
2025-05-26T08:00:00Z,110099.4,110400.3,109479.2,109986.7,521.25525427
2025-05-26T16:00:00Z,109998.6,110420.8,108849.6,109454.9,614.06177013
2025-05-27T00:00:00Z,109435.3,109665.4,107500,109532.5,785.59525251
2025-05-27T08:00:00Z,109532.6,110716.1,108666.6,110121.6,907.30493451
2025-05-27T16:00:00Z,110121.6,110497.7,108586.7,108934.8,574.9659823
2025-05-28T00:00:00Z,108934.8,109275.5,108405.2,108815.8,325.3297559
2025-05-28T08:00:00Z,108815.8,109129,107048.3,107103.4,741.47356599
2025-05-28T16:00:00Z,107113.2,108048.7,106800,107775.6,501.65994125
2025-05-29T00:00:00Z,107775.7,108483.5,106950.1,107871.3,497.63015129
2025-05-29T08:00:00Z,107876,108884.4,106444.5,107017.5,1045.17792968
2025-05-29T16:00:00Z,107017.5,107169.1,105320.3,105579.3,953.75755474
2025-05-30T00:00:00Z,105588.8,106306.6,104534.1,105024,869.78207961
2025-05-30T08:00:00Z,105038,105988.6,104607.8,105534.3,846.07712036
2025-05-30T16:00:00Z,105538,105554.8,103620.1,103994.5,996.51487939
2025-05-31T00:00:00Z,103994.3,104283.5,103080,103757.8,594.97027269
2025-05-31T08:00:00Z,103757.7,104841,103282.9,104554.8,377.30531661
2025-05-31T16:00:00Z,104554.8,104899.9,104266.2,104593.4,296.35996547
2025-06-01T00:00:00Z,104593.4,104740,103927.2,104276.5,244.58574999
2025-06-01T08:00:00Z,104276.5,104810.4,103762.4,104715.5,320.03303434
2025-06-01T16:00:00Z,104715.5,105860,104350,105644.2,459.75835108
2025-06-02T00:00:00Z,105644.3,105741.3,104568,105391.3,278.40623214
2025-06-02T08:00:00Z,105391.2,105938.2,103670.3,104434.3,881.88996398
2025-06-02T16:00:00Z,104447.4,105932,104031.1,105841.8,574.92486891
2025-06-03T00:00:00Z,105861.7,106511.2,105113.3,105167.4,410.68281311
2025-06-03T08:00:00Z,105167.4,106790,104873.7,106603.4,524.82255808
2025-06-03T16:00:00Z,106612,106666.5,105265,105365.6,594.56558924
2025-06-04T00:00:00Z,105376,105838.9,105121.3,105316.8,329.86782084
2025-06-04T08:00:00Z,105311.5,105992.9,104179.7,105290.3,675.3859459
2025-06-04T16:00:00Z,105290.4,105482.9,104400.1,104689.1,425.59932267
2025-06-05T00:00:00Z,104689.2,105244.1,104376.3,104512.7,315.52512114
2025-06-05T08:00:00Z,104512.7,105911.7,103889.4,104526.7,748.70672604
2025-06-05T16:00:00Z,104528.7,104588.7,100386.6,101509.1,1689.56700596
2025-06-06T00:00:00Z,101509.2,103470.7,101082.2,103145.9,477.80451497
2025-06-06T08:00:00Z,103145.9,105330.7,103145.9,105100,830.36815306
2025-06-06T16:00:00Z,105100,105292,104049.7,104301.6,408.78299903
2025-06-07T00:00:00Z,104301.7,105332.1,103876,104871.1,245.03969077
2025-06-07T08:00:00Z,104871,105800,104704.8,105561.5,377.09938122
2025-06-07T16:00:00Z,105561.6,105912.2,105280.8,105553.1,247.16518617
2025-06-08T00:00:00Z,105553.1,105789.2,105408.3,105420.3,127.92987066
2025-06-08T08:00:00Z,105420.4,106130.9,104980.1,105987,328.14536054
2025-06-08T16:00:00Z,105987.1,106491.7,105568.6,105735.7,298.71490239
2025-06-09T00:00:00Z,105735.7,105973.1,105335.6,105577.5,314.14276948
2025-06-09T08:00:00Z,105577.6,108100,105486.9,107631.9,962.27768441
2025-06-09T16:00:00Z,107632,110577.4,107631.9,110270,1083.76924315
2025-06-10T00:00:00Z,110270,110310.9,109090.3,109213.9,457.29838651
2025-06-10T08:00:00Z,109213.9,109882.4,108335.9,109009.6,823.42678434
2025-06-10T16:00:00Z,109012.6,110388,108509,110276,746.5797544
2025-06-11T00:00:00Z,110276.1,110279.8,109377,109442.8,305.39250366
2025-06-11T08:00:00Z,109442.8,110356.1,109004.2,109718.5,905.77324065
2025-06-11T16:00:00Z,109729.3,109808.4,108039.8,108656.4,891.27038374
2025-06-12T00:00:00Z,108644.6,108819.7,107308.6,107619.4,540.59413803
2025-06-12T08:00:00Z,107619.4,107835.7,106586.3,107017.4,799.52429738
2025-06-12T16:00:00Z,107017.3,108428.8,105669,105676.3,1376.05518958
2025-06-13T00:00:00Z,105669,105690.5,102656.1,104889.2,2370.87536327
2025-06-13T08:00:00Z,104889.2,105756.4,104118.9,105430.8,1280.19938858
2025-06-13T16:00:00Z,105435.3,106181.9,104658.4,106076.2,876.06585654
2025-06-14T00:00:00Z,106070.1,106214.3,104792.5,105072.8,377.2866124
2025-06-14T08:00:00Z,105072.8,105130.8,104627.1,104839.8,394.20330544
2025-06-14T16:00:00Z,104839.8,105483.7,104300.6,105412.3,562.12917556
2025-06-15T00:00:00Z,105412.4,106123,105206.4,105423.1,250.92437256
2025-06-15T08:00:00Z,105423.2,105831.5,104861.7,105555.7,393.11332145
2025-06-15T16:00:00Z,105555.8,105781.2,104458.6,105581.6,514.29641911
2025-06-16T00:00:00Z,105581.7,107277.8,104970.6,107061.1,560.92847989
2025-06-16T08:00:00Z,107061.3,107782.7,106499.6,107417.8,640.61106959
2025-06-16T16:00:00Z,107425.5,108945.7,106700.1,106788.8,938.18970746
2025-06-17T00:00:00Z,106788.7,107749.4,106115,106757.6,822.42447212
2025-06-17T08:00:00Z,106757.6,106821.1,104128.8,104239.4,848.52825034
2025-06-17T16:00:00Z,104239.2,105340.1,103369.1,104552.5,946.96265659
2025-06-18T00:00:00Z,104552.6,105550.6,104368.3,104970.3,317.25017806
2025-06-18T08:00:00Z,104970.3,105335.5,103807.5,104802,737.96156794
2025-06-18T16:00:00Z,104802.1,105147.2,103496.2,104893.8,815.78405805
2025-06-19T00:00:00Z,104893.8,105235.2,104461.3,104647.6,263.55360539
2025-06-19T08:00:00Z,104647.7,105074.2,104074,104090.4,491.6980873
2025-06-19T16:00:00Z,104090.4,104891.2,103921.4,104658,553.07922724
2025-06-20T00:00:00Z,104655.5,105806,104230.4,105806,327.52539881
2025-06-20T08:00:00Z,105806,106521.6,103889.2,104217.9,877.15858904
2025-06-20T16:00:00Z,104229,104274,102302,103288,1040.45396139
2025-06-21T00:00:00Z,103290,103690.1,103117.4,103453.8,222.13810461
2025-06-21T08:00:00Z,103453.8,103987.2,103284.7,103562.1,398.77386194
2025-06-21T16:00:00Z,103562.2,103644.2,100883.8,102128,1630.29186448
2025-06-22T00:00:00Z,102128.2,103392.7,101840,102434.1,1512.6263339
2025-06-22T08:00:00Z,102434.2,102823.6,98893.4,98910.5,1895.13879316
2025-06-22T16:00:00Z,98910.5,101035.4,98178.5,100980.2,1673.30495815
2025-06-23T00:00:00Z,100967.8,102127.5,100495.1,101932,868.56014732
2025-06-23T08:00:00Z,101932,102614,100805.4,101424.4,1078.28514471
2025-06-23T16:00:00Z,101424.5,106072.2,99627.1,105345.3,2124.36957322
2025-06-24T00:00:00Z,105332.4,105825.7,104712,104953.1,720.92709083
2025-06-24T08:00:00Z,104944.1,105730.1,104629.6,105247.2,1009.72750486
2025-06-24T16:00:00Z,105247.2,106278.9,105184.1,106091.3,794.2178761
2025-06-25T00:00:00Z,106091.3,106793.6,105811.4,106602.1,562.3367686
2025-06-25T08:00:00Z,106602.1,108131.5,106334.4,107027.6,1072.97155915
2025-06-25T16:00:00Z,107027.5,108011,106920.6,107338,559.24266926
2025-06-26T00:00:00Z,107338,108283.2,107106,107817.3,589.76708077
2025-06-26T08:00:00Z,107817.4,108169.1,106550.1,107309.5,823.76699579
2025-06-26T16:00:00Z,107309.6,108000,106826.7,106953.2,642.90210505
2025-06-27T00:00:00Z,106963.6,107733.8,106440.3,106879.8,536.34202321
2025-06-27T08:00:00Z,106879.9,107415,106382.6,107309.2,835.08812058
2025-06-27T16:00:00Z,107309.2,107716.3,106426.7,107046.4,726.64536078
2025-06-28T00:00:00Z,107046.4,107513.5,106819.6,107485.8,216.59659526
2025-06-28T08:00:00Z,107485.9,107542.6,107087,107447.1,240.58181145
2025-06-28T16:00:00Z,107447.7,107531.6,107151.9,107293.3,222.77130837
2025-06-29T00:00:00Z,107293.4,107500,107166.4,107386.8,134.30479127
2025-06-29T08:00:00Z,107386.7,108503.6,107386.7,107741.5,529.30243324
2025-06-29T16:00:00Z,107745.3,108436.2,107248.9,108357.5,502.57845246
2025-06-30T00:00:00Z,108357.6,108778.3,107477.9,107618.3,497.40412979
2025-06-30T08:00:00Z,107618.4,107967.9,106692.5,107575,738.29843058
2025-06-30T16:00:00Z,107575.1,107823.1,106916.6,107145.6,549.13993904
2025-07-01T00:00:00Z,107135.9,107535.1,106621.1,107179.6,372.13212009
2025-07-01T08:00:00Z,107183.5,107187.2,105635.5,105946,952.10401786
2025-07-01T16:00:00Z,105954.5,106292,105256.4,105686.5,662.17751378
2025-07-02T00:00:00Z,105686.5,107185.5,105100,107079.9,612.79073125
2025-07-02T08:00:00Z,107079.9,108752.5,107079.9,108733.2,1128.96440644
2025-07-02T16:00:00Z,108733.2,109727.7,108646.7,108833.8,1308.11101675
2025-07-03T00:00:00Z,108833.8,109543,108531.4,109285.8,694.50360773
2025-07-03T08:00:00Z,109285.9,110510,108753.6,109125.4,1397.27840664
2025-07-03T16:00:00Z,109125.4,109998.7,109021.4,109593.2,799.97676069
2025-07-04T00:00:00Z,109593.3,109766.7,108706.1,108706.1,547.28220255
2025-07-04T08:00:00Z,108706.2,109108.4,107504,107598.3,860.03272463
2025-07-04T16:00:00Z,107598.3,108259.8,107258.5,107984.7,632.19356245
2025-07-05T00:00:00Z,107984.7,108410,107752.3,108054.4,310.7500234
2025-07-05T08:00:00Z,108054.4,108231.5,107882.2,108061.9,241.62079936
2025-07-05T16:00:00Z,108062,108226,107851.9,108200.4,245.53383175
2025-07-06T00:00:00Z,108200.5,108264.1,107969.1,108047,186.4093452
2025-07-06T08:00:00Z,108046.9,109128.1,107814,108899.7,533.81149074
2025-07-06T16:00:00Z,108900.7,109695.4,108293.1,109203.7,772.88222269
2025-07-07T00:00:00Z,109203.8,109703.8,108653.3,109060.4,529.85367684
2025-07-07T08:00:00Z,109060.3,109088,107971.5,108300.7,980.69270638
2025-07-07T16:00:00Z,108300.7,108508.9,107516.7,108269.9,852.36809754
2025-07-08T00:00:00Z,108269.8,108522.8,107443.3,108480.2,847.85192786
2025-07-08T08:00:00Z,108483.9,109214.5,108212.7,108258.4,802.9017486
2025-07-08T16:00:00Z,108258.5,109146.9,108095.5,108922.7,563.3020721
2025-07-09T00:00:00Z,108922.7,109130.9,108334.7,108701,486.37204853
2025-07-09T08:00:00Z,108701.1,109758.6,108501.7,109069.1,1047.96493754
2025-07-09T16:00:00Z,109069.2,112000,109033,111233.8,1651.94161237
2025-07-10T00:00:00Z,111233.9,111564.3,110885.1,111225.6,665.94356329
2025-07-10T08:00:00Z,111225.6,111402.8,110506.8,111401.3,972.40568823
2025-07-10T16:00:00Z,111402.8,117396.2,111329.9,115998.3,2458.74310036
2025-07-11T00:00:00Z,115998.3,118398.5,115198.4,117523.5,1695.94778605
2025-07-11T08:00:00Z,117523.6,118844.1,116722.5,116899.9,1923.15668344
2025-07-11T16:00:00Z,116900,118137,116603.8,117524.6,1412.96392086
2025-07-12T00:00:00Z,117524.6,118058.7,117126.9,117723.8,791.66327633
2025-07-12T08:00:00Z,117723.7,118186.6,116913.4,117094.4,1243.51213358
2025-07-12T16:00:00Z,117094.4,117629.2,117000,117414.1,593.96840053
2025-07-13T00:00:00Z,117414.1,118055.8,117212,117981.8,571.49164725
2025-07-13T08:00:00Z,117981.8,119400,117685.1,118670.7,1143.91579958
2025-07-13T16:00:00Z,118670.7,119468.9,118221.3,119073.7,1017.91155285
2025-07-14T00:00:00Z,119073.8,123288,118895.5,122695.6,1948.41898748
2025-07-14T08:00:00Z,122709.6,122740.4,119597.6,119872,1709.29034927
2025-07-14T16:00:00Z,119872.1,120502.3,119206,119830.9,1090.70643853
2025-07-15T00:00:00Z,119830.9,119926.5,116274.1,116774.1,1970.65781412
2025-07-15T08:00:00Z,116774,118479.8,115603.9,116397.1,2078.23944172338275
2025-07-15T16:00:00Z,116397.1,117975.7,116015,117766.8,1623.17646718
2025-07-16T00:00:00Z,117766.8,118311.3,117017.6,118183.1,769.65610738
2025-07-16T08:00:00Z,118183,119800,118118.9,119091.2,1547.72612294
2025-07-16T16:00:00Z,119094.7,120065.5,118413.1,118641.9,1326.87708703
2025-07-17T00:00:00Z,118642,119156.4,117679.9,118307.5,1079.57261229
2025-07-17T08:00:00Z,118307.5,119193.1,117459.1,118872.8,1456.51680935
2025-07-17T16:00:00Z,118872.9,120963.1,118334.8,119176.7,1874.78906486
2025-07-18T00:00:00Z,119176.7,120830.7,119005.2,119356.9,1184.52635237
2025-07-18T08:00:00Z,119356.9,119504.8,117300,117858.5,1596.7043012
2025-07-18T16:00:00Z,117858.8,118052.2,116813.3,117919.8,1075.60214224
2025-07-19T00:00:00Z,117919.8,118372.7,117611.4,118166.1,469.23701371
2025-07-19T08:00:00Z,118166.1,118493.2,117640.5,118059.4,512.57575473
2025-07-19T16:00:00Z,118059.3,118155.7,117278.1,117848.3,615.12613259
2025-07-20T00:00:00Z,117848.3,118223.5,117665.7,118017,525.19412201
2025-07-20T08:00:00Z,118017,118794.8,117720.9,118670.1,722.02324826
2025-07-20T16:00:00Z,118670.4,118850,116467.7,117263.9,1082.00231404
2025-07-21T00:00:00Z,117263.9,119647.5,116529.5,119350.1,1185.62298987
2025-07-21T08:00:00Z,119350.1,119495,117770.8,118327.7,1048.74704691
2025-07-21T16:00:00Z,118327.8,118398.4,116653.9,117381,980.81746891
2025-07-22T00:00:00Z,117381.1,118578.4,116109,117979.3,1120.56955283
2025-07-22T08:00:00Z,117979.8,119567.4,117489.8,118894.7,1189.69336813
2025-07-22T16:00:00Z,118895,120235.8,118390,119953.4,1013.98768198
2025-07-23T00:00:00Z,119953.4,120099.6,118300.3,118351.6,577.20591562
2025-07-23T08:00:00Z,118351.5,118751,117314.2,118569.9,1135.10954298
2025-07-23T16:00:00Z,118569.9,118747.3,117332.4,118747.2,1078.26133597
2025-07-24T00:00:00Z,118747.3,119261.4,117110.2,118415,941.94933109
2025-07-24T08:00:00Z,118415,119464.3,117824.9,119087.7,1122.62470989
2025-07-24T16:00:00Z,119092,119397.5,118150,118325,792.37967027
2025-07-25T00:00:00Z,118330,118445,114735,115315,1869.15345704
2025-07-25T08:00:00Z,115315.1,116770.2,114911.3,115720.8,2362.42459971
2025-07-25T16:00:00Z,115720.8,117630,115452.1,117619.2,1098.92572459
2025-07-26T00:00:00Z,117612.1,117745.2,117137.5,117316.3,503.22176358
2025-07-26T08:00:00Z,117316.3,118221.2,117316.3,118128.9,501.8392873
2025-07-26T16:00:00Z,118129,118299.3,117880.4,117915,450.74648413
2025-07-27T00:00:00Z,117917.2,118444.1,117829.8,118092.5,506.58031967
2025-07-27T08:00:00Z,118092.4,118583.1,117855.1,118577.2,518.96014731
2025-07-27T16:00:00Z,118577.1,119752.2,118577.1,119411.2,1180.44971782
2025-07-28T00:00:00Z,119414.6,119795,118761.1,118897.1,625.95666015
2025-07-28T08:00:00Z,118897.1,119105,117914.1,118175.7,847.54431488
2025-07-28T16:00:00Z,118175.7,118369.6,117412.8,118055.1,730.16081384
2025-07-29T00:00:00Z,118055.1,119264,117445,118881.8,734.36572539
2025-07-29T08:00:00Z,118881.7,119065.5,117268,117390,848.53793333
2025-07-29T16:00:00Z,117390,118048,116960.9,117935,817.21138886
2025-07-30T00:00:00Z,117935,118411.4,117424.2,118123.6,471.23999627
2025-07-30T08:00:00Z,118123.6,118770.5,117358.7,117986,1055.25282662
2025-07-30T16:00:00Z,117987,118036.9,115781.7,117839.2,1067.89685452
2025-07-31T00:00:00Z,117839.1,118908.3,117788,118653.9,426.80658006
2025-07-31T08:00:00Z,118653.9,118750,117821.8,118299.9,767.27108644
2025-07-31T16:00:00Z,118300,118871.4,115486.9,115770.2,1052.24754844
2025-08-01T00:00:00Z,115770.1,116057,114312.5,115084.6,1193.66379039
2025-08-01T08:00:00Z,115082,116007.6,113961.8,115357,1647.23214546
2025-08-01T16:00:00Z,115356,115686,112730.9,113298.7,1467.00485646
2025-08-02T00:00:00Z,113298.7,114050.4,113198.5,113981.4,440.19021294
2025-08-02T08:00:00Z,113981.4,114039,112820,112831.2,520.66868982
2025-08-02T16:00:00Z,112831.3,113411.9,111988.6,112547.1,937.16845434
2025-08-03T00:00:00Z,112555.6,113723.9,111918.6,113697.9,569.54729561
2025-08-03T08:00:00Z,113697.9,114248.9,113555,113945.9,485.08567902
2025-08-03T16:00:00Z,113946,114776.5,113774.9,114204.1,539.01445049
2025-08-04T00:00:00Z,114204.1,114999.9,114109.2,114673.3,747.32037493
2025-08-04T08:00:00Z,114673.3,115465.7,114121.1,114825.4,736.56727312
2025-08-04T16:00:00Z,114826,115717.7,114624.3,115055.8,1052.55233233135
2025-08-05T00:00:00Z,115055.8,115109.1,113724,113974.7,908.77447735
2025-08-05T08:00:00Z,113964.2,115087.1,112653.8,112934,1114.10497339
2025-08-05T16:00:00Z,112933.9,114217.7,112815.7,114129.6,1044.30883783
2025-08-06T00:00:00Z,114129.7,114407.9,113355,114227.2,620.84641805
2025-08-06T08:00:00Z,114227.1,115521.6,113580.1,115409.7,815.00928373
2025-08-06T16:00:00Z,115411.7,115698.3,114787.7,114979.7,406.01074571
2025-08-07T00:00:00Z,114979.7,115181.2,114262.3,114786,525.48723715
2025-08-07T08:00:00Z,114786,116800,114785.9,116689.4,887.43052225
2025-08-07T16:00:00Z,116689.3,117620.4,115625.9,117458.7,738.22992546
2025-08-08T00:00:00Z,117458.7,117631.2,116401.5,116828.5,997.64284538
2025-08-08T08:00:00Z,116828,117257.9,115890.9,116210.8,1436.1572051
2025-08-08T16:00:00Z,116210,116979.9,115999.8,116667.3,820.1837159
2025-08-09T00:00:00Z,116667.3,116976.2,116344.3,116755.9,782.74530263
2025-08-09T08:00:00Z,116755.9,117919.5,116709.1,116882.5,895.36054152
2025-08-09T16:00:00Z,116885.9,117019.9,116392.2,116464.2,746.52350015
2025-08-10T00:00:00Z,116464.2,118726.9,116462.1,117804.2,846.77891879
2025-08-10T08:00:00Z,117804.2,119100,117608.4,118811,1259.56099857
2025-08-10T16:00:00Z,118810.9,119310.1,118077.3,119291,926.07451162
2025-08-11T00:00:00Z,119291,122298.7,118985.1,121518.4,1026.09853326
2025-08-11T08:00:00Z,121518.5,121796.5,119367.1,120315.9,1561.70065499
2025-08-11T16:00:00Z,120316,120786.9,118083,118688.6,1230.17431181
2025-08-12T00:00:00Z,118688.6,119282.4,118441.7,118982.6,891.57893013
2025-08-12T08:00:00Z,118982.6,119949,118222.6,119923.4,1987.30368777
2025-08-12T16:00:00Z,119923.4,120308.5,119178.1,120119.1,1372.2010333
2025-08-13T00:00:00Z,120119.1,120181.7,118937.8,119580.4,1195.95574271
2025-08-13T08:00:00Z,119580.4,122192.7,119451.9,120920.5,1949.96950237
2025-08-13T16:00:00Z,120920.5,123651.4,120920.5,123293.4,1679.92485959
2025-08-14T00:00:00Z,123293.4,124447.7,121303,121735,1652.25948795
2025-08-14T08:00:00Z,121734.9,122023.7,117500,118255,3070.67208139
2025-08-14T16:00:00Z,118255.1,118525.4,117110.6,118293.4,1742.96721656
2025-08-15T00:00:00Z,118293.5,119210.5,118041.2,118956,1353.30148913
2025-08-15T08:00:00Z,118956,119145.9,116763.4,117281.2,2080.9908653
2025-08-15T16:00:00Z,117273,117883.1,116802,117336,1248.91773618
2025-08-16T00:00:00Z,117336,117894.4,117224.4,117604,791.87215316
2025-08-16T08:00:00Z,117604.1,117821.9,117136,117681.6,963.87548874
2025-08-16T16:00:00Z,117681.6,117814.5,117217.7,117383,462.55291152
2025-08-17T00:00:00Z,117382.3,118226.8,117178.6,118000.6,573.3828877
2025-08-17T08:00:00Z,118000.6,118574.3,117929.3,118246.9,618.28967492
2025-08-17T16:00:00Z,118247,118310.5,117311,117404.3,770.72842726
2025-08-18T00:00:00Z,117404.3,117535.9,114881.9,115211.1,2027.37888611
2025-08-18T08:00:00Z,115211.1,116169.6,114658.9,116144.4,1422.80164712
2025-08-18T16:00:00Z,116144.5,116970.7,115844.3,116228.4,1088.17579649
2025-08-19T00:00:00Z,116228.5,116717.3,114365.3,114977.2,1365.04211335
2025-08-19T08:00:00Z,114977.3,115875.7,113577.1,113769.1,1540.79831304
2025-08-19T16:00:00Z,113769.7,113879.9,112744.3,112880,1744.76535004
2025-08-20T00:00:00Z,112879.9,113836.4,112580,113479.7,1395.15368557
2025-08-20T08:00:00Z,113479.8,114420.4,112380.5,113351.2,1837.8795101
2025-08-20T16:00:00Z,113351.3,114607.1,113270.6,114256.9,1538.3353244
2025-08-21T00:00:00Z,114256.9,114803,113583,113899.1,1295.74892523
2025-08-21T08:00:00Z,113899,113985,112606.7,112791.1,1333.09981981
2025-08-21T16:00:00Z,112791.1,112961.6,112013,112496.5,1348.60380104
2025-08-22T00:00:00Z,112496.5,113504,112343.2,113095,1140.72432985
2025-08-22T08:00:00Z,113095,117287.5,111687,116361.9,2380.99413716
2025-08-22T16:00:00Z,116362,117399.6,116116,116921.6,1535.35933021
2025-08-23T00:00:00Z,116921.6,117014.4,115463,115792,1150.14338713
2025-08-23T08:00:00Z,115794,115861.3,114569.6,114820,741.12625656
2025-08-23T16:00:00Z,114820,115413.6,114691.3,115413.6,585.87952548
2025-08-24T00:00:00Z,115413.5,115662.4,114848.4,114887.8,888.55716826
2025-08-24T08:00:00Z,114887.8,115044.6,114359.7,114414,901.53183048
2025-08-24T16:00:00Z,114414,114895,110547.1,113463.6,2423.48080229
2025-08-25T00:00:00Z,113463.6,113662,111292.2,111516.2,2808.82443989
2025-08-25T08:00:00Z,111516.3,112569.9,110578.9,112191.7,2747.66646162
2025-08-25T16:00:00Z,112191.7,112936.4,109274,110112.8,3564.63449261
2025-08-26T00:00:00Z,110112.9,110534.9,108680,110299.7,1738.88216756
2025-08-26T08:00:00Z,110299.8,110820.3,109393.6,109667.9,2087.56131687
2025-08-26T16:00:00Z,109668,112376.9,109449.9,111764.6,1978.93278692
2025-08-27T00:00:00Z,111764.6,111824.5,110653.5,110722.5,1514.73895936
2025-08-27T08:00:00Z,110722.5,112618.8,110363.9,112013.5,1699.69523071
2025-08-27T16:00:00Z,112013.5,112590.2,110937.9,111259.3,2031.91243105
2025-08-28T00:00:00Z,111259.2,113358,110877.9,113133,1168.43588506
2025-08-28T08:00:00Z,113126.7,113466.8,112391.7,112623.6,1466.27121194
2025-08-28T16:00:00Z,112623.7,113162,111872.9,112572.6,1393.23956906
2025-08-29T00:00:00Z,112572.7,112635.1,109912.4,110026,1403.65891277
2025-08-29T08:00:00Z,110026,111511.2,108105.3,108399.3,1972.10069789
2025-08-29T16:00:00Z,108389.3,108827.7,107465.7,108366,999.98992731
2025-08-30T00:00:00Z,108366.1,108665.8,107342.4,108509,669.05964634
2025-08-30T08:00:00Z,108508.9,108918.8,108211.7,108876.7,390.69968304
2025-08-30T16:00:00Z,108869.9,108900,108476.9,108806.2,252.71518189
2025-08-31T00:00:00Z,108806.2,109478.8,108527.9,108703.1,408.77639218
2025-08-31T08:00:00Z,108703.1,109096.7,108189.2,108806.6,603.76328562
2025-08-31T16:00:00Z,108806.6,109233.4,108073.4,108244.9,582.71589988
2025-09-01T00:00:00Z,108244.9,109421.6,107260,109421.6,1186.11303009
2025-09-01T08:00:00Z,109421.7,109900,108186.3,108779,883.03891999
2025-09-01T16:00:00Z,108779,109434.9,107442.5,109237.4,886.31019072804196
2025-09-02T00:00:00Z,109237.4,110607.6,108887.9,110211,1092.21896671
2025-09-02T08:00:00Z,110212,111766.5,108394,110828.9,1393.14668812
2025-09-02T16:00:00Z,110828.9,111528,110193.2,111228.1,979.97335377
2025-09-03T00:00:00Z,111228.1,111760.6,110539.5,111099.7,677.35701578
2025-09-03T08:00:00Z,111099.7,112526.3,110889.9,112224.2,1091.94317621
2025-09-03T16:00:00Z,112224.1,112575.3,111619.2,111700,540.64461339
2025-09-04T00:00:00Z,111700.1,112180.1,110291.8,110468.8,922.16268282
2025-09-04T08:00:00Z,110468.8,111137.4,109329.8,109512.6,754.051962
2025-09-04T16:00:00Z,109512.6,111755,109363.9,110723.4,499.48991255
2025-09-05T00:00:00Z,110725.2,112984.9,110431.4,112954.5,570.01152384
2025-09-05T08:00:00Z,112954.6,113382.4,110279,110713,1649.05687101
2025-09-05T16:00:00Z,110713,111693.7,110219.5,110654.1,628.03115321
2025-09-06T00:00:00Z,110660.1,111302.4,110561.2,110824.3,204.95364171
2025-09-06T08:00:00Z,110824.3,110996.3,110360,110382.7,220.60260138
2025-09-06T16:00:00Z,110382.7,110396.1,109970.8,110181.2,286.00872689
2025-09-07T00:00:00Z,110181.2,110910,110181.2,110744.9,197.54079229
2025-09-07T08:00:00Z,110745,111412.1,110720.2,111327.8,354.58803367
2025-09-07T16:00:00Z,111327.8,111591.7,110863.1,111137.9,355.60704558
2025-09-08T00:00:00Z,111137.7,111603.3,110626,111274.8,615.51945656
2025-09-08T08:00:00Z,111274.8,112909.4,111250.5,112620,703.85721729
2025-09-08T16:00:00Z,112620.1,112667.2,111895.9,112069.4,402.57439669
2025-09-09T00:00:00Z,112069.4,113274.4,111122,112989.9,712.16159065
2025-09-09T08:00:00Z,112989.9,113162.7,110767.3,110879.6,1075.76167379
2025-09-09T16:00:00Z,110876.6,111726,110784.6,111531.4,574.55269467
2025-09-10T00:00:00Z,111539,112590.1,110925.9,112532.5,445.9545727
2025-09-10T08:00:00Z,112532.6,114274.3,112105.2,113827.3,1012.0167134
2025-09-10T16:00:00Z,113827.2,114072.2,113143.5,113954.9,665.83420335
2025-09-11T00:00:00Z,113955,114456.9,113675.7,114089.5,319.54693835
2025-09-11T08:00:00Z,114089.6,114702.4,113430.1,114182.1,789.75868788
2025-09-11T16:00:00Z,114182,115469.1,114089.8,115469,465.12201476
2025-09-12T00:00:00Z,115469,116311.2,115050,115082,559.93526054
2025-09-12T08:00:00Z,115082.1,115486.3,114691.3,115110,572.16692812
2025-09-12T16:00:00Z,115110,116659.2,115030.9,116026,651.61552221
2025-09-13T00:00:00Z,116026,116288.3,115599.8,115786,251.66012005
2025-09-13T08:00:00Z,115786,116165.1,115601.7,115765.9,287.83221448
2025-09-13T16:00:00Z,115766,115983.9,115104.6,115909.9,315.97990742
2025-09-14T00:00:00Z,115909.9,116100,115468.5,115806.7,283.26767206
2025-09-14T08:00:00Z,115806.7,116165.3,115164.5,115225.7,300.97641234
2025-09-14T16:00:00Z,115224.1,116086.3,115140.6,115279.6,233.11002662
2025-09-15T00:00:00Z,115279.3,116750.9,114827.4,115803.4,535.88480973
2025-09-15T08:00:00Z,115803.5,115806.7,114392,114868,548.5971537
2025-09-15T16:00:00Z,114845.2,115595.8,114600.7,115356.3,350.84142456
2025-09-16T00:00:00Z,115356.4,115996.3,114945.1,115827.4,283.41969473
2025-09-16T08:00:00Z,115829,115979.9,114717.5,115899.6,403.35797567
2025-09-16T16:00:00Z,115899.7,116943,115608.2,116789,458.37126864
2025-09-17T00:00:00Z,116789.1,117279.1,116166.3,117161.7,396.82810501
2025-09-17T08:00:00Z,117161.7,117185.7,115449.5,115878.6,445.17602381
2025-09-17T16:00:00Z,115878.6,116978.2,114735,116444.3,909.46457192
2025-09-18T00:00:00Z,116444.3,117886.1,116092.9,117087.9,486.6661173
2025-09-18T08:00:00Z,117088,117837.1,116977.4,117587,492.72438187
2025-09-18T16:00:00Z,117587.1,117900.8,116635.3,117075.1,362.14130605
2025-09-19T00:00:00Z,117075.1,117458.6,116635.3,116914.1,320.15118192
2025-09-19T08:00:00Z,116914.1,117089.6,115467.7,115886.4,432.25323304
2025-09-19T16:00:00Z,115886.5,116137.4,115100,115632.3,237.64082721
2025-09-20T00:00:00Z,115632.3,115980.9,115411,115973.9,107.09965318
2025-09-20T08:00:00Z,115974,116118.4,115676,115984.3,146.80414707
2025-09-20T16:00:00Z,115984.3,116078,115624,115678.2,123.27149866
2025-09-21T00:00:00Z,115678.3,115820.5,115453,115820.5,116.697618573713298
2025-09-21T08:00:00Z,115820.5,115820.6,115338,115536.3,145.3317993
2025-09-21T16:00:00Z,115536.4,115667.6,115200,115235,184.80698066
2025-09-22T00:00:00Z,115245.3,115379.3,111655.9,112519.9,1197.13501035
2025-09-22T08:00:00Z,112519.9,113421.1,112180,112824.6,1014.82502785
2025-09-22T16:00:00Z,112824.7,112976.9,111947,112659,723.96517868
2025-09-23T00:00:00Z,112659.1,113112,111479.8,113095.3,1277.51517712
2025-09-23T08:00:00Z,113095.2,113290.3,112494,112878.5,1081.60255874
2025-09-23T16:00:00Z,112878.5,112957.9,111463.5,111998.8,1088.79011815
2025-09-24T00:00:00Z,111998.9,112772.4,111034.6,112582.9,1042.47605903
2025-09-24T08:00:00Z,112583,113888.1,112411.7,113341,791.16192788
2025-09-24T16:00:00Z,113341,113939.5,113164,113302.7,652.54314092
2025-09-25T00:00:00Z,113304,113509.4,111455.8,111763.1,1594.71022053
2025-09-25T08:00:00Z,111763,112239.9,110619.2,111580,1355.2079864
2025-09-25T16:00:00Z,111580,111671.7,108621.9,109006.8,1274.384478733831286
2025-09-26T00:00:00Z,108994.4,109792.1,108811.8,109316.1,1392.21812213
2025-09-26T08:00:00Z,109319.2,109773.3,108626.4,109022.4,2019.08156105
2025-09-26T16:00:00Z,109022.4,110294.9,109022.3,109649.5,906.3938466
2025-09-27T00:00:00Z,109649.6,109734.3,109327.9,109406.8,322.26061208
2025-09-27T08:00:00Z,109406.9,109482.8,109072.1,109393.2,280.58303468
2025-09-27T16:00:00Z,109393.3,109699.5,109244.9,109632,247.61051957
2025-09-28T00:00:00Z,109632.1,109784.7,109266.1,109513.3,255.70839006
2025-09-28T08:00:00Z,109513.4,110024.4,109201,110019.3,488.61669923
2025-09-28T16:00:00Z,110019.3,112363.4,110008.4,112164.7,823.41637719
2025-09-29T00:00:00Z,112164.7,112308.7,111567.9,111862.6,1314.89399393
2025-09-29T08:00:00Z,111862.5,114220.5,111862.5,113806.9,1199.0342594
2025-09-29T16:00:00Z,113807,114400,113448,114312.8,874.83539156
2025-09-30T00:00:00Z,114312.8,114781.5,113586.3,113701,962.43185402
2025-09-30T08:00:00Z,113701,113736,112668.8,113097.9,1431.82805096
2025-09-30T16:00:00Z,113098,114752.2,112800.3,114052.4,1179.99181691
2025-10-01T00:00:00Z,114052.4,114734,113967,114550.3,1295.24267277
2025-10-01T08:00:00Z,114550.3,117648.2,114490.6,117413.2,1616.35249711
2025-10-01T16:00:00Z,117413.2,118628.2,116726.3,118579.9,1324.68804553
2025-10-02T00:00:00Z,118579.9,119426.3,118274,118492.2,1479.76409646
2025-10-02T08:00:00Z,118492.2,119900,118352.1,119899.9,1250.71401925
2025-10-02T16:00:00Z,119900,121004.7,119363,120528.6,1839.17192257
2025-10-03T00:00:00Z,120528.6,120550.1,119607.7,119647.7,1323.27957222
2025-10-03T08:00:00Z,119647.8,122355.6,119244.5,122257.9,1798.21877447
2025-10-03T16:00:00Z,122258,123870.3,121485.1,122222.1,2595.4000696
2025-10-04T00:00:00Z,122236.3,122793.2,121686.4,122325.4,1115.04141952
2025-10-04T08:00:00Z,122325.5,122529.5,121717.8,121791.5,907.35830888
2025-10-04T16:00:00Z,121791.5,122405.9,121515.4,122381.3,678.14881402
2025-10-05T00:00:00Z,122381.3,125734,122150.4,124701.4,2198.95166151
2025-10-05T08:00:00Z,124701.5,124822,122523.5,122816.9,2108.25421767
2025-10-05T16:00:00Z,122817,123542,122314.4,123482.4,953.62539394216582
2025-10-06T00:00:00Z,123484.5,124359.7,123103,123396.5,2223.25817266
2025-10-06T08:00:00Z,123396.6,125410.5,123396.5,124910,2073.90387347
2025-10-06T16:00:00Z,124910,126185.4,124514.7,124649.8,1241.84341256
2025-10-07T00:00:00Z,124658.7,125081,123562.6,123669.3,1308.65670912
2025-10-07T08:00:00Z,123669.3,125125,121181.2,121857.8,2552.95741566
2025-10-07T16:00:00Z,121850,122292.7,120591.8,121343.4,1477.40853567
2025-10-08T00:00:00Z,121343.4,122228.7,121072.3,121583.5,2661.15805487
2025-10-08T08:00:00Z,121583.9,123338.2,121525.2,122185.3,2675.69346462
2025-10-08T16:00:00Z,122185.3,124206.2,122126.8,123304.8,1469.14888709
2025-10-09T00:00:00Z,123304.8,123339.6,121476.7,121896.3,1717.24562919
2025-10-09T08:00:00Z,121896.4,123749.9,120691.8,121158.4,3097.12538832
2025-10-09T16:00:00Z,121158.4,121758.7,119661.4,121651.2,1157.84327008
2025-10-10T00:00:00Z,121651.2,121873.6,120883,120928.3,1960.4181333
2025-10-10T08:00:00Z,120928.8,122515.7,118501,119019.9,2876.52381961
2025-10-10T16:00:00Z,119020.8,119471,102500,112778.9,7942.10735758
2025-10-11T00:00:00Z,112759.4,113315.7,110055,110393.9,3793.39252666
2025-10-11T08:00:00Z,110394,112520.1,110166,111812.5,2724.24852369
2025-10-11T16:00:00Z,111809.2,112194.2,109569.3,110649.7,2271.43057934
2025-10-12T00:00:00Z,110649.7,112123.8,109578.3,111520,2772.56366361
2025-10-12T08:00:00Z,111520,113754.8,111145.4,113214.4,2359.06403924
2025-10-12T16:00:00Z,113204.8,115751.6,113204.7,114956.2,2732.55857496
2025-10-13T00:00:00Z,114956.3,115968.8,114420,115399.8,2390.53899618
2025-10-13T08:00:00Z,115399.8,115533.1,113616.8,114317,2717.06161837
2025-10-13T16:00:00Z,114317,115878.1,114217.8,115166.4,1781.57452339
2025-10-14T00:00:00Z,115166.4,115409.9,111371.7,111737.8,2687.39432743
2025-10-14T08:00:00Z,111737.7,112900.1,109868,112898.4,3814.95002168
2025-10-14T16:00:00Z,112900,113560.1,111705.7,113030,2722.76442648
2025-10-15T00:00:00Z,113033.3,113601.2,111753.2,112579.9,2094.8699896
2025-10-15T08:00:00Z,112579.9,113519,110387.8,110798.1,2829.58858965
2025-10-15T16:00:00Z,110798.1,111557,110170.9,110750.1,2157.73622895
2025-10-16T00:00:00Z,110754.7,111843.9,110362.4,110589.6,2225.76253493
2025-10-16T08:00:00Z,110587,111993.2,108356.3,108555.2,3482.6319157
2025-10-16T16:00:00Z,108555.1,109265.9,107430.7,108200.9,3124.79106583598672
2025-10-17T00:00:00Z,108196.3,109233,105532.8,105618.8,2026.24002564
2025-10-17T08:00:00Z,105618.8,106839.5,103500,106803.4,4656.55227425
2025-10-17T16:00:00Z,106800.1,107551.8,106049.2,106445.1,2110.55254753
2025-10-18T00:00:00Z,106445.2,107491.4,106326.1,106700,1395.08278454
2025-10-18T08:00:00Z,106693.4,107297.7,106630,106939.2,852.36113052
2025-10-18T16:00:00Z,106939.2,107334.6,106476.5,107185.7,594.39750068
2025-10-19T00:00:00Z,107185.6,107359.1,106563.3,106777.6,651.31545348
2025-10-19T08:00:00Z,106777.7,108611.9,106119.5,108486.8,2129.71922512
2025-10-19T16:00:00Z,108486.8,109445.9,108244,108648,820.48473978824562466
2025-10-20T00:00:00Z,108648,111400,107432,111186.4,2153.38036007
2025-10-20T08:00:00Z,111172.1,111695.3,110600,111133.2,1367.56943572
2025-10-20T16:00:00Z,111137.7,111306.2,109867.1,110535.9,1279.3783122
2025-10-21T00:00:00Z,110535.9,110535.9,107465.9,108086.4,1462.50650401
2025-10-21T08:00:00Z,108086.4,113552.9,107500,113427.6,2146.37050014
2025-10-21T16:00:00Z,113423.2,113975,108071.8,108323.6,2434.92733655
2025-10-22T00:00:00Z,108312.5,108673.5,107619.3,108319.5,1157.85391463
2025-10-22T08:00:00Z,108319.6,109158.5,106709.8,108411.8,2487.08342015
2025-10-22T16:00:00Z,108411.8,108800,106667.3,107586.5,2241.73611733
2025-10-23T00:00:00Z,107579.2,110310.6,107503.6,109264.3,1001.81988395
2025-10-23T08:00:00Z,109264.2,110121.7,108696.6,109909.1,1483.0058039
2025-10-23T16:00:00Z,109913.8,111304,109349.9,110068.6,1021.25663361
2025-10-24T00:00:00Z,110068.7,111529.7,109998.3,111061,879.38606415
2025-10-24T08:00:00Z,111061,112132.3,109703.5,110046.9,1694.859093270046852
2025-10-24T16:00:00Z,110047,111137.9,109802.2,111000.4,627.87817963
2025-10-25T00:00:00Z,111000.4,111810,110673.5,111494.8,355.14436629
2025-10-25T08:00:00Z,111494.8,111929.7,111324.7,111387,470.47242758
2025-10-25T16:00:00Z,111387,111731.1,111165.1,111652.7,322.208673150228144
2025-10-26T00:00:00Z,111652.8,111899.2,111269.1,111725.8,293.68971859
2025-10-26T08:00:00Z,111725.8,114028.2,111717,113692.2,927.9851822
2025-10-26T16:00:00Z,113692.2,115523.3,112900.8,114551.4,736.39306294
2025-10-27T00:00:00Z,114551.5,116395.7,114363.1,115551,792.03711838
2025-10-27T08:00:00Z,115551,115600,114503.9,114960.4,890.56742135
2025-10-27T16:00:00Z,114962.2,115789,113850.9,114107.7,709.28838886
2025-10-28T00:00:00Z,114107.7,114523.5,113492,114193.3,707.19527945
2025-10-28T08:00:00Z,114193.4,116104.5,114116.7,114642.4,1028.8374749
2025-10-28T16:00:00Z,114642.4,115589.7,112209.8,112900.6,1408.5236315
2025-10-29T00:00:00Z,112900.6,113571.2,112111,113567.5,779.37650123
2025-10-29T08:00:00Z,113567.9,113625.5,111407.2,111511.5,885.6720051744224214402
2025-10-29T16:00:00Z,111511.5,112007.4,109228.4,110031,2083.05619304
2025-10-30T00:00:00Z,110031.1,111613.2,107889.8,111369.7,1615.26637505
2025-10-30T08:00:00Z,111369.7,111439.7,107333.3,107704.9,1577.17003387
2025-10-30T16:00:00Z,107705,108337.5,106314.3,108314.4,1480.7024703
2025-10-31T00:00:00Z,108314.5,110200,108284,109439.4,1202.66943821
2025-10-31T08:00:00Z,109439.4,111159.1,109213,110213,1436.62161957
2025-10-31T16:00:00Z,110204.4,110299.9,108631,109599.9,1161.79738251
2025-11-01T00:00:00Z,109599.9,110558.8,109386.6,110067.1,373.82586624
2025-11-01T08:00:00Z,110067.1,110350,109705.5,110315.8,345.17400176
2025-11-01T16:00:00Z,110315.8,110517.9,109862.2,110096.9,268.0454392
2025-11-02T00:00:00Z,110097,111022,109889.2,110885,384.5775919296704204
2025-11-02T08:00:00Z,110885,111235,110098.3,110119,678.6275312
2025-11-02T16:00:00Z,110119,110743.6,109484,110548.2,563.8173434
2025-11-03T00:00:00Z,110548.2,110749.1,107012.2,107469.7,1656.22790024
2025-11-03T08:00:00Z,107469.8,108383.6,105500,105745.5,1819.18714533
2025-11-03T16:00:00Z,105745.5,107919.7,105306.1,106580.8,2097.3244537
2025-11-04T00:00:00Z,106580.8,107288.5,104200.7,104499.5,2253.32565324
2025-11-04T08:00:00Z,104497,104838.5,102934.4,103197,2358.97698592
2025-11-04T16:00:00Z,103197,103500.7,98935,101488.5,4961.03964423
2025-11-05T00:00:00Z,101493.7,102358.3,98965.5,101995,2874.37547921
2025-11-05T08:00:00Z,101995.1,103800,101180.3,103724.4,2511.18759336
2025-11-05T16:00:00Z,103729.3,104557,103057.7,103895.8,1470.11805545
2025-11-06T00:00:00Z,103889.7,104203,102730.7,103189.1,1542.83946955
2025-11-06T08:00:00Z,103187.8,103624.7,101633,102015.5,2272.58415369
2025-11-06T16:00:00Z,102015.6,102386.3,100300,101348.6,2626.99084111
2025-11-07T00:00:00Z,101348.6,102520.6,100750.1,102014.9,1995.12772854
2025-11-07T08:00:00Z,102015,102050,99264.6,100797.2,2860.13097121
2025-11-07T16:00:00Z,100797.3,104082.1,100518.4,103342.3,1928.236072006316
2025-11-08T00:00:00Z,103342.3,103412.1,101912.2,102357.4,1193.35968584
2025-11-08T08:00:00Z,102357.5,102688.8,101464.8,101719.2,770.75838323
2025-11-08T16:00:00Z,101719.3,102496.6,101512.1,102319.5,647.82036626
2025-11-09T00:00:00Z,102319.4,102345.2,101400,101943.6,500.19329476
2025-11-09T08:00:00Z,101943.6,104198.4,101506.1,103763.2,817.47480595
2025-11-09T16:00:00Z,103763.3,105487.1,103327.1,104730.7,793.42091738
2025-11-10T00:00:00Z,104719,106665.5,104264.9,106462.3,975.79507606
2025-11-10T08:00:00Z,106462.3,106592.9,104678.9,105069.5,3369.93657746
2025-11-10T16:00:00Z,105072.5,106296.5,104783,106004.5,844.43352591
2025-11-11T00:00:00Z,106004.5,107499.5,104758.3,104785.1,4363.07839928
2025-11-11T08:00:00Z,104785.1,105497.5,103193.3,103459.6,4261.04368342
2025-11-11T16:00:00Z,103459.7,103738.8,102483.2,103068.9,3606.70295708
2025-11-12T00:00:00Z,103058.8,103648.9,102697.8,103124.1,3766.58790109
2025-11-12T08:00:00Z,103124.1,105325.9,101970.5,102179.4,6217.68440739
2025-11-12T16:00:00Z,102174.4,102288.5,100811.1,101651,2348.70281486
2025-11-13T00:00:00Z,101659.7,104054.3,100933.8,103475.1,4697.24157477
2025-11-13T08:00:00Z,103475.1,103791,101197.9,101389.6,5781.71797142
2025-11-13T16:00:00Z,101389.6,101532.9,98000.9,99696.1,4629.55354228
2025-11-14T00:00:00Z,99696.2,99869.6,95939.4,97152.5,4197.88230078
2025-11-14T08:00:00Z,97152.5,97534.6,94500,96795.5,4638.51379102
2025-11-14T16:00:00Z,96795.5,97405,94018.6,94594.6,3513.75911356
2025-11-15T00:00:00Z,94594.6,96812,94581.5,96326.3,3305.89244107
2025-11-15T08:00:00Z,96326.4,96477,95578,96262.4,2528.2162289
2025-11-15T16:00:00Z,96262.5,96383.4,95126.6,95593.2,1595.71248652
2025-11-16T00:00:00Z,95593.2,96178.9,94854.8,96089.5,1682.7506964
2025-11-16T08:00:00Z,96089.6,96627.8,94300,94572.8,1942.6718782
2025-11-16T16:00:00Z,94572.9,95572.8,92971.6,94256.6,3587.70937947
2025-11-17T00:00:00Z,94256.6,95875,93773.6,95648.6,2821.32811722
2025-11-17T08:00:00Z,95648.7,96033.1,93569.8,93962.6,3328.99648359
2025-11-17T16:00:00Z,93962.7,94410.6,91277.4,92207.6,3456.4901138
2025-11-18T00:00:00Z,92220,92352.1,89290.7,90509.6,3810.56661617
2025-11-18T08:00:00Z,90509.7,93034.1,90509.5,92911.4,4024.35199782
2025-11-18T16:00:00Z,92911.5,93846.2,92459.7,92962.9,2238.17811489
2025-11-19T00:00:00Z,92962.9,92995.6,90037.2,91866.7,2853.77763022
2025-11-19T08:00:00Z,91866.7,92381.6,89887.3,89945.5,3327.85431865
2025-11-19T16:00:00Z,89951.1,91589,88611.4,91557.3,3636.97521849
2025-11-20T00:00:00Z,91557.4,93147.4,91199.9,92316.4,2779.68727816
2025-11-20T08:00:00Z,92316.4,92541.1,89839.2,89872.2,3224.8679052
2025-11-20T16:00:00Z,89870.4,89911.6,86106.2,86634,4529.85503036
2025-11-21T00:00:00Z,86629,87492.8,81500,84055.4,4930.62815652
2025-11-21T08:00:00Z,84055.4,85480,80646.7,82925.1,7176.32126341
2025-11-21T16:00:00Z,82925,85571.4,82336.2,85132.2,4300.26180595
2025-11-22T00:00:00Z,85133.2,85607,83842.3,84584.8,2984.17464773
2025-11-22T08:00:00Z,84584.8,84740.4,83503.6,84286.3,3500.47225943
2025-11-22T16:00:00Z,84286.3,85257.5,84229,84744,2555.91468061
2025-11-23T00:00:00Z,84744.1,86860.4,84682.1,85783.3,2800.73251935
2025-11-23T08:00:00Z,85780.5,87242.2,85776.2,87092.6,2612.03802527
2025-11-23T16:00:00Z,87092.7,88131.7,86519,86838.4,3134.47224473
2025-11-24T00:00:00Z,86838.4,88053.2,85954.5,87040.1,3645.54348871
2025-11-24T08:00:00Z,87040.3,87040.3,85276.4,86624,4073.032728871941918
2025-11-24T16:00:00Z,86624,89218.9,86624,88302.4,3454.71352706
2025-11-25T00:00:00Z,88302.5,88512.2,87335.2,87386.7,2636.75511186
2025-11-25T08:00:00Z,87386.7,87764.7,86126,86984,3260.60463958
2025-11-25T16:00:00Z,86984,88137,86183.9,87370.8,3332.58900552
2025-11-26T00:00:00Z,87370.8,88215,86912.1,87929.4,2696.6201464
2025-11-26T08:00:00Z,87929.4,87933.7,86310.1,86973.3,2272.95555264
2025-11-26T16:00:00Z,86974,90639.9,86966.9,90498,2600.25615125
2025-11-27T00:00:00Z,90497,91897,90103.6,91410.8,2152.52370151
2025-11-27T08:00:00Z,91410.8,91935.3,90454.2,90954,1660.97239608
2025-11-27T16:00:00Z,90954.5,91840,90859.1,91337.5,1564.11828404
2025-11-28T00:00:00Z,91337.4,91710,90667,90916,1562.5592277
2025-11-28T08:00:00Z,90916,93105.6,90916,92368,2355.11339471
2025-11-28T16:00:00Z,92368.1,92375.4,90203,90895.6,1898.29213265
2025-11-29T00:00:00Z,90895.7,91116.9,90312.5,90563,966.82028034
2025-11-29T08:00:00Z,90563.1,91109.5,90387,91066.4,931.65712155
2025-11-29T16:00:00Z,91066.5,91167,90170.9,90805.1,1171.12858771
2025-11-30T00:00:00Z,90805.1,91054.6,90478,90965.1,945.36969783
2025-11-30T08:00:00Z,90965.1,91967.4,90932.1,91438,1178.34456007
2025-11-30T16:00:00Z,91438,91851.4,90353,90365,1106.4209348
2025-12-01T00:00:00Z,90360.6,90424.1,85615,86553.6,4165.86022015
2025-12-01T08:00:00Z,86551.2,86932,83827,84677.8,3482.14490283
2025-12-01T16:00:00Z,84677.8,86860,84048,86289.9,3564.8691317224767
2025-12-02T00:00:00Z,86289.5,87336.1,86192.9,87013.3,3004.15650369
2025-12-02T08:00:00Z,87013.3,91182.5,86350.4,90857,3776.78227568
2025-12-02T16:00:00Z,90857.1,92296.7,90213.5,91277.8,2949.09492798
2025-12-03T00:00:00Z,91277.9,93955.2,91002.3,92996.3,3614.76861313
2025-12-03T08:00:00Z,92996.4,93682,91704.1,92373.3,3742.67232982
2025-12-03T16:00:00Z,92374,94152.7,91793.2,93435.9,3363.59923052
2025-12-04T00:00:00Z,93435.9,94072.2,92677.9,93399.2,2959.07537072
2025-12-04T08:00:00Z,93399.3,93615.5,91809.4,92979,3229.26616515
2025-12-04T16:00:00Z,92978,93167.9,90887,92077.9,3324.73563845
2025-12-05T00:00:00Z,92077.9,92688.2,91818.7,92258.1,1801.58721851
2025-12-05T08:00:00Z,92258,92258.1,89895.8,90462.7,3210.72572155
2025-12-05T16:00:00Z,90462.6,90498.1,88088.9,89334.5,3147.48436495
2025-12-06T00:00:00Z,89334.4,89793.3,89045.7,89592.6,1849.83577744
2025-12-06T08:00:00Z,89592.6,90280.4,89223.7,89756.2,1513.64042638
2025-12-06T16:00:00Z,89757.2,89980.8,88921.6,89227.5,1640.56284363
2025-12-07T00:00:00Z,89232.9,89783,89187.7,89379.1,1326.64220433
2025-12-07T08:00:00Z,89379.1,89701.9,87719,89548.3,2116.94324377
2025-12-07T16:00:00Z,89548.2,91753.3,88973.7,90395.3,3003.30604116
2025-12-08T00:00:00Z,90395.3,91872.5,89869.6,91564.9,2305.21161138
2025-12-08T08:00:00Z,91564.9,92286.5,89619.7,89961.6,2829.22252977
2025-12-08T16:00:00Z,89961.6,91373.7,89684.6,90634.4,2434.76018283
2025-12-09T00:00:00Z,90634.4,90844.2,89529.3,90491.5,2032.48467511
2025-12-09T08:00:00Z,90491.7,92874.4,89916.3,92700.9,2400.43666134
2025-12-09T16:00:00Z,92703.9,94586.1,92259,92691.1,2567.11876786
2025-12-10T00:00:00Z,92684.1,92782.4,91985,92782.4,1114.32514227
2025-12-10T08:00:00Z,92782.3,93258.1,91568.5,92062.2,1512.37764454
2025-12-10T16:00:00Z,92062.3,94476.5,91677.4,92019.6,3311.48537285
2025-12-11T00:00:00Z,92014.6,92083,89369.8,90273.7,1836.89684215
2025-12-11T08:00:00Z,90273.6,90642.9,89260.9,89877.1,1817.4094797299149461
2025-12-11T16:00:00Z,89873,93558.1,89338.5,92512.8,2886.42061346
2025-12-12T00:00:00Z,92513.1,92747.3,91465.6,92427.9,1696.97084848
2025-12-12T08:00:00Z,92428,92654.1,89789.8,89933.6,1871.6537088
2025-12-12T16:00:00Z,89933.5,90665.5,89485.6,90266,2550.8131332
2025-12-13T00:00:00Z,90266.1,90463,90123.4,90330.1,564.96650109
2025-12-13T08:00:00Z,90330.1,90641.1,89938.5,90092.7,1023.19479085
2025-12-13T16:00:00Z,90092.7,90273.6,89749.8,90238.8,708.44600056
2025-12-14T00:00:00Z,90238.7,90463.8,90052.8,90243.4,687.04392418
2025-12-14T08:00:00Z,90243.4,90279.5,88672.4,89023.2,1656.2686086
2025-12-14T16:00:00Z,89023.2,89392,87539.4,88163,2058.152754
2025-12-15T00:00:00Z,88171,90025.4,88086.9,89754,2235.513476
2025-12-15T08:00:00Z,89754.1,89985.7,86635.1,87038.4,2409.2555767
2025-12-15T16:00:00Z,87038.4,87219.4,85147.5,86430,2505.36239149
2025-12-16T00:00:00Z,86430,86608.4,85273.9,86012.1,1776.73400364
2025-12-16T08:00:00Z,86012.1,88175,85935.6,87982.2,2903.45521027
2025-12-16T16:00:00Z,87978.1,88044.9,87065.9,87861,1799.65214031
2025-12-17T00:00:00Z,87861,87944.8,86215.9,87050.1,1257.45405044
2025-12-17T08:00:00Z,87050.1,90358.5,86236.8,87228.4,2387.24386827
2025-12-17T16:00:00Z,87233.5,87766.2,85314.1,86243.3,2602.78385345
2025-12-18T00:00:00Z,86243.3,86896.4,85872.2,86830.2,1443.70749528
2025-12-18T08:00:00Z,86830.3,89477,86696.4,88515.9,2924.35858953
2025-12-18T16:00:00Z,88513,88522.4,84461,85514.6,3328.95416033
2025-12-19T00:00:00Z,85514.6,88393,85118.6,87950.5,2555.9537686
2025-12-19T08:00:00Z,87950.5,89393.5,87520.1,87951.9,2170.52686862005611660356
2025-12-19T16:00:00Z,87951.8,88880,86846.7,88143.3,2002.62967519
2025-12-20T00:00:00Z,88143.3,88568.6,87966.3,88271.4,662.85760141
2025-12-20T08:00:00Z,88271.5,88427.5,87803.3,88176.6,519.2047169
2025-12-20T16:00:00Z,88176.7,88441,88102.4,88363.3,390.35135483
2025-12-21T00:00:00Z,88363.3,88423,87877.2,88172.6,413.89497424
2025-12-21T08:00:00Z,88172.7,89076.4,87608,88068.8,1850.07036033
2025-12-21T16:00:00Z,88068.9,88822.9,87952.1,88650,894.90186051
2025-12-22T00:00:00Z,88650,89621.8,87895.6,89174.2,1800.40435033
2025-12-22T08:00:00Z,89174.2,90585.7,89100.6,89730.4,2057.90109816
2025-12-22T16:00:00Z,89732.3,90118.6,87929,88609.9,1598.93479817
2025-12-23T00:00:00Z,88609.9,88936.7,87040.9,87575.9,1514.7257518
2025-12-23T08:00:00Z,87576,87952,86602.5,87446.9,918.20439489
2025-12-23T16:00:00Z,87447,88356.2,87171.1,87490.4,711.96381671
2025-12-24T00:00:00Z,87490.5,87835.1,86800,86922.3,529.95339149
2025-12-24T08:00:00Z,86922.4,87478.5,86420.1,87043.6,1652.45347396
2025-12-24T16:00:00Z,87043.6,88051.3,86922.8,87670.1,1364.46765704
2025-12-25T00:00:00Z,87670.1,87963.3,87518.5,87834.8,979.59996401
2025-12-25T08:00:00Z,87834.8,88592.6,87259.9,88354.9,934.53738458
2025-12-25T16:00:00Z,88370,88470,86962.5,87235.1,996.40787468
2025-12-26T00:00:00Z,87234.9,89557.9,86895,88463.8,1547.60225095
2025-12-26T08:00:00Z,88463.8,89052.3,86662,87129.1,1048.86156085
2025-12-26T16:00:00Z,87135.2,87792.1,86825.5,87368.7,605.8644066
2025-12-27T00:00:00Z,87368.8,87697.2,87253,87543.6,130.36580111
2025-12-27T08:00:00Z,87543.6,87667.8,87319.7,87545.9,171.38096897
2025-12-27T16:00:00Z,87550.3,87982.1,87445.7,87883.5,211.53944923
2025-12-28T00:00:00Z,87877.6,87948.3,87619.8,87729.7,165.69409675
2025-12-28T08:00:00Z,87729.7,88082.3,87725.3,87836.9,252.26391967
2025-12-28T16:00:00Z,87836.9,88044.6,87444.4,87949.2,350.98214225
2025-12-29T00:00:00Z,87949.2,90397.9,87817.2,89606.1,995.22794702
2025-12-29T08:00:00Z,89606.1,89822.2,86800.1,87684.4,1319.43947647
2025-12-29T16:00:00Z,87681.3,87992.8,87080.4,87240,307.77915519
2025-12-30T00:00:00Z,87237.2,87611.4,86829.2,87496.6,664.90202278
2025-12-30T08:00:00Z,87496.7,89151,87496.7,89008.7,1691.31938866
2025-12-30T16:00:00Z,89008.8,89400,87889.8,88497.2,1085.26214727
2025-12-31T00:00:00Z,88497.1,88808.4,88183.4,88613.5,903.71831231
2025-12-31T08:00:00Z,88613.5,89199.5,87795.2,87943.6,1027.91587019
2025-12-31T16:00:00Z,87947,88049.1,87253.9,87638.5,973.08555042
2026-01-01T00:00:00Z,87638.6,88082.6,87556.2,87627.7,390.1476863
2026-01-01T08:00:00Z,87627.8,88120.6,87627.7,88038.2,289.85980168
2026-01-01T16:00:00Z,88038.2,88918.4,87888.5,88832.6,593.44081669
2026-01-02T00:00:00Z,88832.6,89118.4,88387.6,88860.4,779.07909485
2026-01-02T08:00:00Z,88860.5,90138.6,88466.2,89412.8,1753.32415381
2026-01-02T16:00:00Z,89412.8,90957.6,89209,89995,3082.0387018
2026-01-03T00:00:00Z,89995.1,90477.7,89327,89582.6,1530.799337390172282
2026-01-03T08:00:00Z,89579,90238.8,89425.6,89972.3,977.52890675
2026-01-03T16:00:00Z,89972.3,90736.6,89922.7,90633.9,545.19452741
2026-01-04T00:00:00Z,90633.8,91807.2,90633.8,91527.8,980.74375848
2026-01-04T08:00:00Z,91527.9,91617.8,91031,91332.7,559.96060505
2026-01-04T16:00:00Z,91332.8,91582.2,90866,91540.1,595.4666515
2026-01-05T00:00:00Z,91539.2,93384,91522.9,92528.4,1377.15634954
2026-01-05T08:00:00Z,92528.5,94025.5,92329,93957.8,2371.83864912
2026-01-05T16:00:00Z,93957.8,94798,93263.7,93880.8,2874.19490032
2026-01-06T00:00:00Z,93880.8,94161.1,93146.1,93252.1,1726.00205848
2026-01-06T08:00:00Z,93252.1,94445,93161.7,93641.1,2484.467521382690413197
2026-01-06T16:00:00Z,93641.2,93842.3,91275.8,93748,3433.7897111
2026-01-07T00:00:00Z,93748,93748.2,92243,92878,1998.82211301
2026-01-07T08:00:00Z,92878,92956.6,91025.2,91346,2304.0455755651651456
2026-01-07T16:00:00Z,91346.1,91788.3,90677.4,91368.3,1781.4992587518288636
2026-01-08T00:00:00Z,91368.4,91791.5,89643.5,90551,2071.1954040285927325
2026-01-08T08:00:00Z,90551,90827.3,89316.7,90789.2,2710.53649309
2026-01-08T16:00:00Z,90789.2,91489.3,90316.9,91105.2,2002.06728638
2026-01-09T00:00:00Z,91105.3,91637.2,90751.1,90751.2,1307.23730957
2026-01-09T08:00:00Z,90751.1,92023.5,89700.4,91176,2157.28983589
2026-01-09T16:00:00Z,91176,91779.5,90128.5,90639.4,1114.39715439
2026-01-10T00:00:00Z,90639.4,90785.4,90409.4,90668.5,415.49910655
2026-01-10T08:00:00Z,90668.5,90831.4,90543.3,90656.8,377.14147199
2026-01-10T16:00:00Z,90656.9,90737.4,90406.2,90501.2,339.34143451
2026-01-11T00:00:00Z,90501.2,90843.3,90461.6,90711,257.46997506
2026-01-11T08:00:00Z,90711,91180.3,90619.9,90870.9,290.63643647
2026-01-11T16:00:00Z,90871,91281.1,90236.3,91010.1,441.98049789
2026-01-12T00:00:00Z,91010.6,92519.4,90703.9,91425.5,2009.29340627
2026-01-12T08:00:00Z,91425.5,91664.5,90128.8,91664.5,2286.93686674
2026-01-12T16:00:00Z,91664.5,92321.1,90940,91296.5,1515.01262377
2026-01-13T00:00:00Z,91296.5,92271.4,91058.8,91949.7,592.08072381
2026-01-13T08:00:00Z,91949.6,93454.3,91782.9,93454.3,1828.50707173
2026-01-13T16:00:00Z,93454.4,96666,93082,95413.3,2371.10031574
2026-01-14T00:00:00Z,95414,95797.2,94577.2,95214.6,1565.06477271
2026-01-14T08:00:00Z,95214.7,97100.1,94685,96764.6,1622.66104734
2026-01-14T16:00:00Z,96764.5,97958.2,96260.6,96945.7,2075.839910659550518
2026-01-15T00:00:00Z,96945.8,96993.5,95777.5,96627.9,1940.64948663
2026-01-15T08:00:00Z,96627.9,97191,95453.5,96745.2,2030.06886244
2026-01-15T16:00:00Z,96745.2,97086.8,95136.7,95604.7,1783.16198436
2026-01-16T00:00:00Z,95604.8,95843.6,95151.4,95652.3,932.76842234
2026-01-16T08:00:00Z,95652.3,95860.9,94287.9,94586,891.00964530377779
2026-01-16T16:00:00Z,94586,95595.9,94508.6,95560,914.03316327
2026-01-17T00:00:00Z,95551.4,95577.9,95056.1,95101.8,332.31687418
2026-01-17T08:00:00Z,95101.9,95645.8,95038.1,95573.6,433.42349317
2026-01-17T16:00:00Z,95573.6,95573.6,95052.1,95148,332.87934742
2026-01-18T00:00:00Z,95148.1,95250.9,94883.1,95019,449.9345665
2026-01-18T08:00:00Z,95019,95352.4,94909,95112.3,571.74846437
2026-01-18T16:00:00Z,95112.2,95519.5,93617.4,93674,679.692777797986645331
2026-01-19T00:00:00Z,93673.9,93673.9,91926,92841.7,1502.26086426
2026-01-19T08:00:00Z,92841.6,93368.4,92706,93069.3,1128.27728509
2026-01-19T16:00:00Z,93069.3,93405.3,92135.8,92626.9,784.80775471
2026-01-20T00:00:00Z,92626.8,92867.3,90780.3,91178.8,1629.19327476
2026-01-20T08:00:00Z,91178.8,91442.6,89866.1,90679.1,2095.81015716
2026-01-20T16:00:00Z,90679.1,90973,87900,88427.8,2340.19036223
2026-01-21T00:00:00Z,88427.8,90119.4,88256.4,89225.1,1058.63479449
2026-01-21T08:00:00Z,89223.1,90590,88170.6,90290.8,2494.9571893
2026-01-21T16:00:00Z,90290.8,90449.8,87267.2,89457.3,3691.6427934
2026-01-22T00:00:00Z,89457.4,90357,89452,89820.1,1367.76724472
2026-01-22T08:00:00Z,89820.2,90332.1,88516.3,89008.3,1495.90129102
2026-01-22T16:00:00Z,89000,89944.7,88680.1,89563.1,1777.61700057
2026-01-23T00:00:00Z,89554.1,90082.1,89401,89549.4,771.94732929
2026-01-23T08:00:00Z,89549.4,89860.9,88578.5,89753.9,1833.06438759
2026-01-23T16:00:00Z,89755.8,91226.8,89221.1,89604.7,2662.57298360670710172824
2026-01-24T00:00:00Z,89604.8,89936.7,89429.2,89620.4,512.35729542
2026-01-24T08:00:00Z,89620.5,89682.1,89181.8,89272.8,227.15379257
2026-01-24T16:00:00Z,89273,89490.6,89171,89234.1,387.39634828
2026-01-25T00:00:00Z,89234.1,89321.7,88646.5,88660,364.11175586
2026-01-25T08:00:00Z,88660.1,88975.5,88135.2,88453.8,739.21763012
2026-01-25T16:00:00Z,88453.9,88453.9,86081.8,86670.4,2673.26504178
2026-01-26T00:00:00Z,86670.4,88074.7,86514.2,87999.9,1770.33799814
2026-01-26T08:00:00Z,87999.9,88865.6,87334.4,87644,1597.725189703775382
2026-01-26T16:00:00Z,87644,88660.2,87045.5,88347.1,1745.817657738231350383
2026-01-27T00:00:00Z,88347.2,88999.9,88204.1,88327.2,1150.5248409306765785192
2026-01-27T08:00:00Z,88327.2,88460.9,87580.8,88040.6,1816.07737054
2026-01-27T16:00:00Z,88040.5,89522.6,87300,89250.1,2813.97567185
2026-01-28T00:00:00Z,89250.1,89495.5,88842.4,89142.9,946.27847332
2026-01-28T08:00:00Z,89142.9,90484.1,88860.4,89482.5,2355.07862546880402353
2026-01-28T16:00:00Z,89482.6,90600.9,88877.5,89288.4,2776.02077455
2026-01-29T00:00:00Z,89300,89345,87707.1,88345,1784.97034106
2026-01-29T08:00:00Z,88345,88497.5,84378.7,84952.7,2634.831433220893703158
2026-01-29T16:00:00Z,84952.7,85649.6,83383.2,84658.9,3164.9113095002757374
2026-01-30T00:00:00Z,84658.8,85442,81133.4,82826.6,2762.932538837355064
2026-01-30T08:00:00Z,82817,83800.2,82164.7,82886.1,2278.88120775
2026-01-30T16:00:00Z,82881.1,84621.3,81880.3,84260.5,5506.8757833
2026-01-31T00:00:00Z,84260.5,84269.9,83402.1,83538.3,723.38983027632646
2026-01-31T08:00:00Z,83538.3,83626.3,80823.7,81299.5,3291.28816026
2026-01-31T16:00:00Z,81299.6,82228.4,75702.8,78737.7,7751.86453563
2026-02-01T00:00:00Z,78737.7,79417.7,77978.1,78355,4177.8766611100000185924
2026-02-01T08:00:00Z,78355.1,79219.6,76789.3,77593.4,4190.42525454
2026-02-01T16:00:00Z,77594.2,78445.5,75718.4,76971.6,7045.14614573
2026-02-02T00:00:00Z,76971.6,78178.5,74610.5,76651.6,7675.65589907
2026-02-02T08:00:00Z,76653.9,79361.7,76630.9,78854.2,5564.98654833
2026-02-02T16:00:00Z,78854.1,79291.7,77899.1,78735.9,3769.39018526
2026-02-03T00:00:00Z,78735.9,79189.7,77655.5,78785.1,3076.89599632
2026-02-03T08:00:00Z,78788.7,79075.3,77054.9,78135.5,3999.23484632
2026-02-03T16:00:00Z,78134,78134.5,72944.8,75777,7018.10805102
2026-02-04T00:00:00Z,75776.9,76971.5,75459,76514.2,2615.41127983
2026-02-04T08:00:00Z,76514.2,76598.8,73795.4,74135.8,4654.0607529
2026-02-04T16:00:00Z,74136.8,74238,71871,73165.8,6715.93857364
2026-02-05T00:00:00Z,73162.4,73333.4,70138,70744.6,6465.04412827
2026-02-05T08:00:00Z,70756.9,71970,66703.5,67488.4,7039.34939554
2026-02-05T16:00:00Z,67488.4,68690.8,62290.7,62909.9,12176.52156908
2026-02-06T00:00:00Z,62909.9,66821.8,60000,64856.7,8117.60095609
2026-02-06T08:00:00Z,64859.8,69195.3,64488.7,68627.1,5287.91243283
2026-02-06T16:00:00Z,68627,71750,68428.6,70580.3,4886.13253967
2026-02-07T00:00:00Z,70579.5,71690.9,67345,68097.7,4164.71486985
2026-02-07T08:00:00Z,68097.8,70040.4,67610.3,69154.5,4344.93601921
2026-02-07T16:00:00Z,69154.5,69905.3,68554.8,69289.4,2409.75293188
2026-02-08T00:00:00Z,69289.4,69709.2,68889.6,69706.8,836.55634563
2026-02-08T08:00:00Z,69706.7,71554.4,69520.1,71189,1627.77346257
2026-02-08T16:00:00Z,71188.9,72272.8,69988.9,70330.4,1622.12677618
2026-02-09T00:00:00Z,70329.7,71440,70068.1,70424.5,3418.28647226
2026-02-09T08:00:00Z,70424.4,70608.7,68302.6,69563.4,4687.1004377
2026-02-09T16:00:00Z,69563.5,71126.8,69100.3,70136,3460.79292527
2026-02-10T00:00:00Z,70136.1,70521.6,68684.1,68921.3,2546.94319441
2026-02-10T08:00:00Z,68921.3,69591.7,67917.1,69294.9,3411.958057779277037
2026-02-10T16:00:00Z,69294.3,69992,68362.1,68841.9,4393.30346909
2026-02-11T00:00:00Z,68841.8,69291.3,66559.4,67032.7,3202.03386298
2026-02-11T08:00:00Z,67035.5,68830.4,65757.5,66519.1,3785.68052082
2026-02-11T16:00:00Z,66519.2,68347.4,65850,67076.3,3409.7624675
2026-02-12T00:00:00Z,67087,68045,66674.4,67231,1657.18351071
2026-02-12T08:00:00Z,67217,68409.7,66893.3,67138.1,2353.54806891
2026-02-12T16:00:00Z,67134.8,67231.2,65117.5,66268.6,3713.15287256
2026-02-13T00:00:00Z,66271.5,66809.3,65874.2,66207.4,1365.8819035
2026-02-13T08:00:00Z,66209.2,69305.4,66192.1,68698.6,2909.31041441
2026-02-13T16:00:00Z,68698.6,69476.9,68541.6,68854,2480.90813173
2026-02-14T00:00:00Z,68854,69342,68731.7,69213.8,492.5959654938201592
2026-02-14T08:00:00Z,69213.7,70572.6,69211.2,69782,1619.19863393
2026-02-14T16:00:00Z,69782,70250.5,69290,69823,1042.97916559
2026-02-15T00:00:00Z,69823,70926.3,69255.7,70825.9,1488.032048195907363323
2026-02-15T08:00:00Z,70826,70973.6,68771,69099.7,1738.70208196
2026-02-15T16:00:00Z,69099.6,69099.7,68062.5,68820.1,1825.485571536332040908
2026-02-16T00:00:00Z,68831.9,69061.7,68150,68589.1,1145.15573129919392987461
2026-02-16T08:00:00Z,68589.1,70117.9,67297.3,67535.2,2472.068166685082
2026-02-16T16:00:00Z,67540.6,68979,67517.6,68891.9,1580.6053750218140704
2026-02-17T00:00:00Z,68891.9,69240.3,67900.2,68382.9,1445.40532314
2026-02-17T08:00:00Z,68388,68479.5,66620,67388.6,2173.91096357
2026-02-17T16:00:00Z,67392.1,68235.4,66889,67502.7,2681.77053308
2026-02-18T00:00:00Z,67509.8,68223.1,66899,68114,1090.70377613
2026-02-18T08:00:00Z,68114.1,68469.7,66718.1,67688.5,2019.36281841
2026-02-18T16:00:00Z,67694,67703.3,65857.9,66461,2335.46269883
2026-02-19T00:00:00Z,66461.1,67315.7,66345,67210.2,1131.96690388
2026-02-19T08:00:00Z,67210.1,67210.1,65636.5,66403.7,2253.51146372
2026-02-19T16:00:00Z,66403.6,67195.5,65900.1,66998.1,2101.03619422
2026-02-20T00:00:00Z,67001.5,68009.9,66944.6,67822.9,1110.42565922
2026-02-20T08:00:00Z,67822.9,68313.3,66453.1,67582.9,2413.43619692
2026-02-20T16:00:00Z,67582.9,68234.6,66950,68020,2226.74688586
2026-02-21T00:00:00Z,68019.5,68090.6,67538.3,67853.7,496.50887131
2026-02-21T08:00:00Z,67854.1,68697.2,67816,68611.9,515.09586933
2026-02-21T16:00:00Z,68611.9,68658.2,67900,67994,522.37350786
2026-02-22T00:00:00Z,67980.2,68220.9,67814.8,68005.2,410.02500119
2026-02-22T08:00:00Z,68005.2,68245,67302.9,67684.2,493.85681818
2026-02-22T16:00:00Z,67684.2,67749.9,67190,67640,520.16431496
2026-02-23T00:00:00Z,67640,67682.4,64303.8,65959.7,1781.152467
2026-02-23T08:00:00Z,65959.7,66595.8,65530.5,65661.2,1402.68190403
2026-02-23T16:00:00Z,65661,65716.9,63877.1,64656.1,2041.10602218
2026-02-24T00:00:00Z,64656.1,65010.1,62703.1,63197.5,2370.86859409
2026-02-24T08:00:00Z,63196.6,64027.5,62505.6,63976.3,2128.37884752
2026-02-24T16:00:00Z,63974,64739,63699.5,64055.6,1736.5448269994991328
2026-02-25T00:00:00Z,64055.7,66306.8,63913.3,65027.7,2060.24926931
2026-02-25T08:00:00Z,65027.7,67569.9,64957.5,67407.3,1837.63649145
2026-02-25T16:00:00Z,67396,70000,67395.9,67986.9,2641.538097004675572339
2026-02-26T00:00:00Z,67985.5,68855.9,67733.9,67827.2,1352.50117294
2026-02-26T08:00:00Z,67827.2,68712.5,66766.8,67380,1889.87654906
2026-02-26T16:00:00Z,67381.5,67900,66503,67478.3,1821.06252375
2026-02-27T00:00:00Z,67485.1,68219.5,66885.1,67693.1,1143.69147574
2026-02-27T08:00:00Z,67693.1,68145,65664.7,66098.5,2161.382208
2026-02-27T16:00:00Z,66098.5,66123,64926.2,65876.4,1406.59106861
2026-02-28T00:00:00Z,65872.3,66017.7,63031.1,63829.2,1668.13225679
2026-02-28T08:00:00Z,63827.7,65359.2,63372,64838.4,2359.51334224
2026-02-28T16:00:00Z,64838.5,67746.5,64674.6,66972.5,2208.914327893610842104
2026-03-01T00:00:00Z,66972.5,68190.9,66050.4,67138,2238.48434335
2026-03-01T08:00:00Z,67138,67354,66128.5,66837.9,1678.82863722
2026-03-01T16:00:00Z,66842.4,67110.1,65035.5,65768.5,2731.40118389
2026-03-02T00:00:00Z,65773.9,67070,65550.8,66007.7,2087.746385398752668
2026-03-02T08:00:00Z,66008.4,69611.2,65273.3,69121.2,2906.43875899
2026-03-02T16:00:00Z,69125.2,70100.1,68574.1,68822,2364.7208777155122301813
2026-03-03T00:00:00Z,68827.3,69254.9,67803.9,68174.6,1395.82149531
2026-03-03T08:00:00Z,68174.5,68312.2,66155.4,67724.3,3538.56728912664453915
2026-03-03T16:00:00Z,67721.7,68997,67481.4,68338.7,3289.16603782681299403
2026-03-04T00:00:00Z,68335.1,69633.6,67402.5,69495.4,2580.9046814632255
2026-03-04T08:00:00Z,69492,73467.3,69134.3,73384.6,3793.291311251728
2026-03-04T16:00:00Z,73388.2,74053.9,72326.2,72669.2,2170.2715179034507
2026-03-05T00:00:00Z,72669.2,73293.4,71780.1,72053.6,1265.4976526824523
2026-03-05T08:00:00Z,72056.7,73558.3,71172,71646.9,2301.490109057915312
2026-03-05T16:00:00Z,71652.2,71652.2,70652.3,70880.9,1679.68686421
2026-03-06T00:00:00Z,70881.2,71409.8,70150,71059.4,1369.7623176108544
2026-03-06T08:00:00Z,71059.5,71067.3,68170,68508.1,2572.074735964158
2026-03-06T16:00:00Z,68508.1,68791.5,67749.1,68119.4,1658.023041493908627
2026-03-07T00:00:00Z,68119.4,68543.8,67449.9,67846.5,699.55957764
2026-03-07T08:00:00Z,67846.6,68230.3,67617.4,67882,607.83005131
2026-03-07T16:00:00Z,67882.1,67942,66930,67262.8,824.0987513708244322
2026-03-08T00:00:00Z,67262.9,67484.3,66535.7,67317.2,1034.6481926674167
2026-03-08T08:00:00Z,67314.4,68191.5,66819.7,67214.7,1359.00203719940020684164
2026-03-08T16:00:00Z,67214.7,67517,65625.3,65979.2,1892.26443796
2026-03-09T00:00:00Z,65979.3,68064.2,65827.1,67543.8,2370.3923802
2026-03-09T08:00:00Z,67543.8,69479.7,67347.7,68868.9,2408.7618019
2026-03-09T16:00:00Z,68868.9,69527.3,68240,68438.6,1672.76960448
2026-03-10T00:00:00Z,68438.1,70576.5,68394.1,70396.9,1620.76193578
2026-03-10T08:00:00Z,70396.9,71765.9,69202.7,71337.2,2500.93990655659528360736
2026-03-10T16:00:00Z,71343.4,71694,69454.5,69958.4,1896.56179255
2026-03-11T00:00:00Z,69951.5,70262.5,69419.8,69652.8,1022.43904408
2026-03-11T08:00:00Z,69652.8,71085.8,68982,70224.6,2179.461877
2026-03-11T16:00:00Z,70231.2,71316.3,70133,70191.9,1444.16345261
2026-03-12T00:00:00Z,70201,70354.2,69214,69828,935.0921357107525644208
2026-03-12T08:00:00Z,69827.8,70792.6,69358.1,70337.4,1995.73938752
2026-03-12T16:00:00Z,70337.4,70730,69780.7,70522.8,1268.00911824
2026-03-13T00:00:00Z,70522.8,72001.5,70389.1,71616.2,1362.23932278
2026-03-13T08:00:00Z,71616.3,73900.1,71390.9,71832.8,2535.82262198
2026-03-13T16:00:00Z,71840.6,72239.8,70562.5,70936.2,1789.40588821
2026-03-14T00:00:00Z,70932,71295.1,70318.3,70594.8,812.32168719
2026-03-14T08:00:00Z,70594.9,70935.9,70391.4,70591,538.45845363
2026-03-14T16:00:00Z,70589.9,71245.1,70498.4,71208.3,361.94923562
2026-03-15T00:00:00Z,71208.4,71794.1,70861,71443.8,699.65523323
2026-03-15T08:00:00Z,71443.8,71932.3,71263.9,71483.6,696.66467434
2026-03-15T16:00:00Z,71483.6,73194.5,71317.1,72815.3,1271.64818047
2026-03-16T00:00:00Z,72815.2,74446.6,72285.3,73453.1,1791.56238263
2026-03-16T08:00:00Z,73455.1,74499.9,72890,73279.9,1999.64402378
2026-03-16T16:00:00Z,73277.9,74914.3,73165.6,74883.8,1685.33860483
2026-03-17T00:00:00Z,74883.8,75999,73772.6,74253.4,1888.420923084164515
2026-03-17T08:00:00Z,74253.4,74887.9,73398.9,73925.1,1611.21119669
2026-03-17T16:00:00Z,73925.2,74802.5,73873.5,73899.8,894.90267429
2026-03-18T00:00:00Z,73909.4,74669,73537.6,73885.4,679.94714725
2026-03-18T08:00:00Z,73885.5,74278.7,70861.3,71472.2,1963.60831107
2026-03-18T16:00:00Z,71463.9,72003.4,70500,71254.4,1409.9100515
2026-03-19T00:00:00Z,71254.5,71606,69479.1,70199.9,1157.4169261
2026-03-19T08:00:00Z,70199.9,70554.6,68782.1,69410.4,1612.51897692
2026-03-19T16:00:00Z,69403.8,70690.5,69122,69919.6,1462.47567962
2026-03-20T00:00:00Z,69926.3,70963.6,69842.7,70846.1,842.22890968
2026-03-20T08:00:00Z,70846.2,71361.6,69480,69860.2,1657.83144721
2026-03-20T16:00:00Z,69860.2,70919.8,69396.1,70510.8,1285.68967684
2026-03-21T00:00:00Z,70510.8,70877.7,70444.6,70716.3,368.75262611
2026-03-21T08:00:00Z,70717.7,71099.9,70466.6,70633.7,341.7436325722154774
2026-03-21T16:00:00Z,70633.8,70648,68573,68919.5,596.11547157
2026-03-22T00:00:00Z,68924.8,69585.6,68232.9,68918.7,1002.41250804
2026-03-22T08:00:00Z,68918.7,69001.8,68117.5,68849.2,744.71518181
2026-03-22T16:00:00Z,68849.2,68883,67356.4,67865.2,1044.58441401
2026-03-23T00:00:00Z,67865.2,68900.2,67445.8,68333.2,1351.34220224
2026-03-23T08:00:00Z,68333.2,71811.4,67920.1,70131.5,3402.51544724
2026-03-23T16:00:00Z,70135.8,71243.6,70135.7,70903,1230.79692035
2026-03-24T00:00:00Z,70903,71400.6,70125.6,71295.3,989.71207252
2026-03-24T08:00:00Z,71295.4,71369,69514.5,69874,792.918151883711488
2026-03-24T16:00:00Z,69867.5,70824.3,68901,70556.4,681.12455385
2026-03-25T00:00:00Z,70556.5,71341.9,70413.8,70923.6,391.64675874638055180309
2026-03-25T08:00:00Z,70927.1,72016.4,70559.7,70834,902.38946019
2026-03-25T16:00:00Z,70826.9,71746.6,70648.6,71333.1,687.4674797
2026-03-26T00:00:00Z,71329.1,71438.7,69800.4,70086,408.96445801
2026-03-26T08:00:00Z,70086,70145.2,68640.8,69082.4,933.23320171
2026-03-26T16:00:00Z,69082.5,69472,68157.2,68816.7,880.53045779
2026-03-27T00:00:00Z,68820.6,69174.2,68302,68528.7,446.98327323
2026-03-27T08:00:00Z,68537.7,68638.9,65730,66107.1,1389.02542863
2026-03-27T16:00:00Z,66107.1,66419.6,65554.1,66409.4,765.4923634890554015552
2026-03-28T00:00:00Z,66409.4,66568.6,65928.2,66563.6,350.96618476
2026-03-28T08:00:00Z,66563.5,67291.4,66133.1,67016.5,556.94046255
2026-03-28T16:00:00Z,67016.5,67098.9,66291.1,66391.1,373.92671062
2026-03-29T00:00:00Z,66384.4,67130.6,66290.7,66670.5,375.36886147
2026-03-29T08:00:00Z,66670.6,66990,66333.3,66528.6,459.25485572703132944297
2026-03-29T16:00:00Z,66528.6,66798.8,64997.2,66015.1,815.79610284
2026-03-30T00:00:00Z,66017.1,67800.4,65801.5,67628,1062.09024916
2026-03-30T08:00:00Z,67628,68180,67090.6,67627.6,1007.33067546
2026-03-30T16:00:00Z,67627.7,67645.6,66237.7,66798.4,775.52804081
2026-03-31T00:00:00Z,66798.8,68403.9,66549.8,67366.4,932.81209468
2026-03-31T08:00:00Z,67366.4,67770.1,65987,66732.2,1479.27772135
2026-03-31T16:00:00Z,66736.9,68584,66736.8,68282.4,1291.59475503
2026-04-01T00:00:00Z,68280.1,69323.5,67593.7,68695.2,831.97210992497190008637
2026-04-01T08:00:00Z,68695.2,68955.3,67930.9,68923.6,877.32412783
2026-04-01T16:00:00Z,68920.6,69183,67948.4,68118,640.38313409
2026-04-02T00:00:00Z,68118,68659.2,66225.9,66927.8,978.06279104
2026-04-02T08:00:00Z,66927.7,67103,65722.2,66857,938.9986854
2026-04-02T16:00:00Z,66857,67431.2,66601,66906.7,664.57580361
2026-04-03T00:00:00Z,66906.8,67270.1,66279.1,67047.8,403.53334383
2026-04-03T08:00:00Z,67047.8,67380.5,66512.2,66849,346.04416849
2026-04-03T16:00:00Z,66842.8,67070.9,66758.8,66963.9,165.52742745
2026-04-04T00:00:00Z,66964.6,67052.8,66780.5,67012.7,119.69466039
2026-04-04T08:00:00Z,67012.8,67551.6,66914.2,67378.6,210.31034578
2026-04-04T16:00:00Z,67378.6,67549.9,67184.8,67302.4,194.99042757322123111148
2026-04-05T00:00:00Z,67302.5,67309.2,66613.4,66818.5,186.14504823483492532607
2026-04-05T08:00:00Z,66818.6,67841,66688,67305,311.2175376
2026-04-05T16:00:00Z,67305,69128.6,67174.4,69018.3,476.93196999
2026-04-06T00:00:00Z,69023.6,69582.1,68772.7,69107.5,532.72653088
2026-04-06T08:00:00Z,69108.7,70268.3,69080.4,69965.9,772.55430414
2026-04-06T16:00:00Z,69965.9,70343.5,68317.6,68851,639.4397024
2026-04-07T00:00:00Z,68850.9,69126.3,68283.6,68622.5,405.59267411
2026-04-07T08:00:00Z,68622.5,69240.8,67731.2,68162.4,803.06268004
2026-04-07T16:00:00Z,68162.5,72753.8,68084.5,71924.5,1420.43227181
2026-04-08T00:00:00Z,71919.8,72109,71238.7,71633.5,539.36057168074930728114
2026-04-08T08:00:00Z,71633.6,72858.1,70709,71310.1,746.97161685
2026-04-08T16:00:00Z,71310.2,71959.1,70908,71075.4,448.49681118
2026-04-09T00:00:00Z,71075.4,71195.8,70472.3,70974.8,288.76908273
2026-04-09T08:00:00Z,70974.8,72352.5,70524.1,72144.8,732.88744079
2026-04-09T16:00:00Z,72144.8,73142.9,71589,71809.3,907.47494456
2026-04-10T00:00:00Z,71791.9,72393.2,71432,71487.8,475.35492123
2026-04-10T08:00:00Z,71487.9,73294.1,71430.5,72453.9,749.85513101
2026-04-10T16:00:00Z,72462.4,73445.8,72400.1,72956.9,464.76299376
2026-04-11T00:00:00Z,72957,73106,72623.5,72742.7,239.57064882
2026-04-11T08:00:00Z,72742.8,72985,72519.1,72867,254.56709564
2026-04-11T16:00:00Z,72867.1,73801.1,72822.3,73040.4,643.03879535
2026-04-12T00:00:00Z,73040.4,73131.9,71321.1,71668.6,720.314928517498842
2026-04-12T08:00:00Z,71668.7,71780.7,70609.5,70888,544.14221203
2026-04-12T16:00:00Z,70888.1,71451.8,70505.3,70742.3,503.80261524
2026-04-13T00:00:00Z,70742.4,71271,70617,70825.5,408.36404076
2026-04-13T08:00:00Z,70825.5,72468,70571.2,71876.8,902.3803677
2026-04-13T16:00:00Z,71874,74883.2,71693.3,74410.8,1330.98475204
2026-04-14T00:00:00Z,74410.8,74927.5,73983.2,74548.3,465.02565417
2026-04-14T08:00:00Z,74550.9,76040.9,74271,75332.4,1068.14318511514723816
2026-04-14T16:00:00Z,75332.4,75700,73810.9,74141.5,765.86394569
2026-04-15T00:00:00Z,74141.5,74786.2,73520.4,73734.2,506.12812896
2026-04-15T08:00:00Z,73736.3,74505,73591.1,73844.9,684.39987539
2026-04-15T16:00:00Z,73839.1,75426.7,73761.6,74810.8,732.473898379366921
2026-04-16T00:00:00Z,74817.2,75267,74454.6,74717.2,472.67123182
2026-04-16T08:00:00Z,74717.2,75023.9,73311.3,74692.1,888.22268802
2026-04-16T16:00:00Z,74692.1,75516,73902.4,75146.4,713.27967431
2026-04-17T00:00:00Z,75146.5,75149.5,74541.7,75081.1,299.81643311
2026-04-17T08:00:00Z,75075.3,78061.1,74993.5,77774,1799.10001014
2026-04-17T16:00:00Z,77781.7,78353.3,76920,77073,677.059180135961144
2026-04-18T00:00:00Z,77073,77414.9,76896.1,77000.4,254.41418283
2026-04-18T08:00:00Z,77000.5,77045.3,75773.7,76168.7,582.20586193
2026-04-18T16:00:00Z,76168.8,76213.9,75444.4,75697.7,385.70437972
2026-04-19T00:00:00Z,75697.7,75843,74887.7,75260.3,307.60757519
2026-04-19T08:00:00Z,75249.7,76245.8,74923.1,75843.7,481.81050385
2026-04-19T16:00:00Z,75851.7,75861,73774.1,73801.3,773.90972944
2026-04-20T00:00:00Z,73801.3,75571.5,73721.8,74831.5,519.66390973
2026-04-20T08:00:00Z,74839.1,75776.7,74617.8,75717.5,855.67484108
2026-04-20T16:00:00Z,75717.6,76563.8,75300,75844.3,626.23765513
2026-04-21T00:00:00Z,75843.3,76305.2,75490.1,76100.4,374.74882645
2026-04-21T08:00:00Z,76100.5,76916,75422,75828.1,984.835789322610376
2026-04-21T16:00:00Z,75828.2,76427.6,74824,76325.6,890.2761651446590048
2026-04-22T00:00:00Z,76336.3,78436.9,76128.8,78006.7,837.31949716143434035207
2026-04-22T08:00:00Z,78006.7,79400,77942.5,79278.1,994.28717663
2026-04-22T16:00:00Z,79278.1,79467.4,78159.9,78181,659.07456673154516956145
2026-04-23T00:00:00Z,78180.9,78577.2,77475.6,78053.6,548.106421508017891712
2026-04-23T08:00:00Z,78053.7,78664.9,77139.6,78381.4,800.49523292
2026-04-23T16:00:00Z,78381.4,78513.6,76969.4,78250.7,714.93031546
2026-04-24T00:00:00Z,78250.6,78568.5,77457.6,77649.9,465.71067277
2026-04-24T08:00:00Z,77650,78466.9,77410.4,78043.2,731.0188284126326512
2026-04-24T16:00:00Z,78049.9,78070.1,77272.1,77439.6,493.17153216
2026-04-25T00:00:00Z,77439.5,77711.5,77314.3,77508.2,137.79964966
2026-04-25T08:00:00Z,77501.3,77883.9,77319.1,77332.5,255.40947018
2026-04-25T16:00:00Z,77331,77637,77147.1,77616.3,220.55071183
2026-04-26T00:00:00Z,77616.4,78188,77313.7,78097.4,235.34367185
2026-04-26T08:00:00Z,78097.5,78198.5,77768.5,78033.1,264.56495374
2026-04-26T16:00:00Z,78033.1,78938.4,77847,78639.1,652.45390309
2026-04-27T00:00:00Z,78639.1,79468.9,77472,77611,681.919221046541496
2026-04-27T08:00:00Z,77610.9,78266.3,76576.4,76806.1,552.65906853
2026-04-27T16:00:00Z,76798.8,77455.5,76453.4,77369.3,459.18362453
2026-04-28T00:00:00Z,77369.4,77474.9,76432.4,76871.6,358.29422218
2026-04-28T08:00:00Z,76871.6,76994.5,75666.4,76063.6,557.65700547
2026-04-28T16:00:00Z,76063.7,76473.7,75885.7,76334.7,304.42300413
2026-04-29T00:00:00Z,76334.8,77446.2,76189.7,77055.7,287.01843201
2026-04-29T08:00:00Z,77057.7,77894.6,75712.5,75916,680.24184274
2026-04-29T16:00:00Z,75920,76263,74957.5,75783.4,745.5356189
2026-04-30T00:00:00Z,75783.4,76469.2,75330.6,76171.1,351.39887321
2026-04-30T08:00:00Z,76171.1,76663.8,75869.3,76471.1,432.91268273460787519735
2026-04-30T16:00:00Z,76465.9,76567,76109.5,76336.1,271.38869303
2026-05-01T00:00:00Z,76336.1,77448.2,76314.6,77131.1,321.17754495
2026-05-01T08:00:00Z,77131.2,78916.2,77046.4,78445.5,629.6974897628263715
2026-05-01T16:00:00Z,78445.4,78689,77759,78229.8,372.6080406830073899
2026-05-02T00:00:00Z,78229.9,78520,78038,78223.9,214.265790410989385
2026-05-02T08:00:00Z,78224,78488,78104.7,78487,184.03177678
2026-05-02T16:00:00Z,78487,79149.8,78306.8,78686.5,270.052005705
2026-05-03T00:00:00Z,78686.5,78762.6,78082.4,78356.6,222.00306842
2026-05-03T08:00:00Z,78356.6,78879.9,78352.7,78658.7,364.688537238636448
2026-05-03T16:00:00Z,78658.7,79435.6,78494.9,78565.4,388.2278127
2026-05-04T00:00:00Z,78569.6,80614.4,78293.2,79697.1,810.57783745376054416069
2026-05-04T08:00:00Z,79697.7,80544.4,78219.5,80037.6,1227.708124459809856915
2026-05-04T16:00:00Z,80021.8,80764.6,79625.1,79861.3,607.6257469911315615
2026-05-05T00:00:00Z,79861.3,81326.9,79803.9,80872.7,615.05377392376453475
2026-05-05T08:00:00Z,80861.6,81719.1,80528.5,81527,753.04959454
2026-05-05T16:00:00Z,81527.7,81801.1,80800,80918.6,570.791610388848044
2026-05-06T00:00:00Z,80913,81754.6,80741.9,81374.3,450.1671588
2026-05-06T08:00:00Z,81374.2,82839.8,81143.4,81707.2,857.62783001
2026-05-06T16:00:00Z,81707.2,81895.5,80997.7,81448,444.73290273
2026-05-07T00:00:00Z,81448,81699,80746.3,81525.4,359.02075492
2026-05-07T08:00:00Z,81525.4,81596.1,79707.3,79890.9,618.35793093
2026-05-07T16:00:00Z,79901.6,80384.5,79498.2,80003.8,519.54321063
2026-05-08T00:00:00Z,80006.2,80138,79197.7,79682.7,310.99427431
2026-05-08T08:00:00Z,79682.8,80505,79554.4,80152.9,523.22123964
2026-05-08T16:00:00Z,80152.9,80411.3,79741,80196.7,323.92491141
2026-05-09T00:00:00Z,80196.6,80664.5,80135.2,80229.6,180.74194698
2026-05-09T08:00:00Z,80229.7,80596.6,80171.5,80518.9,188.09505297
2026-05-09T16:00:00Z,80519,81080.4,80480.3,80689.8,251.36920658
2026-05-10T00:00:00Z,80679.4,80877.2,80567.7,80732.7,151.40781328
2026-05-10T08:00:00Z,80732.8,81428.5,80688.7,81405,240.297489193451047219
2026-05-10T16:00:00Z,81405.1,82464.4,80285.5,82219.7,642.69054006367960316766
2026-05-11T00:00:00Z,82210.3,82378,80533.6,80742,352.47267239
2026-05-11T08:00:00Z,80742.1,81452.7,80461.2,81445.4,433.04251101
2026-05-11T16:00:00Z,81445.5,82135.5,81346.3,81743.1,463.21071964
2026-05-12T00:00:00Z,81743.1,81791.6,80724.9,80858.5,352.4940870130862224
2026-05-12T08:00:00Z,80858.6,81007.8,80191.9,80338.9,442.85987813
2026-05-12T16:00:00Z,80346.9,80877.1,79855.8,80500.8,319.37923495
2026-05-13T00:00:00Z,80500.8,81288,80418.3,81024.6,170.84693562034145569811
2026-05-13T08:00:00Z,81024.6,81313.9,78817.5,78834.2,534.702664888162126
2026-05-13T16:00:00Z,78834.1,79799.9,78771.9,79319.9,404.93409316
2026-05-14T00:00:00Z,79323.3,79995.8,78927.7,79754.3,318.00161821
2026-05-14T08:00:00Z,79754.3,81328.5,79232.2,81301.6,548.06992324012051762575
2026-05-14T16:00:00Z,81301.6,82045.3,81065.4,81099.6,600.37250024857562205657
2026-05-15T00:00:00Z,81100.2,81663.5,80320.9,80824.8,406.748052512238037488
2026-05-15T08:00:00Z,80824.9,80829.8,78651.6,79154.8,832.69486138
2026-05-15T16:00:00Z,79154.8,79563.9,78910,79105.8,306.23494006
2026-05-16T00:00:00Z,79109.3,79228,78070.4,78385.9,268.45711647179767995581
2026-05-16T08:00:00Z,78371.1,78536.4,77652.1,78241.2,344.70490749
2026-05-16T16:00:00Z,78241.1,78376.4,78121.6,78140.8,219.9891234
2026-05-17T00:00:00Z,78140.8,78322,77725.5,78174.7,194.41061722
2026-05-17T08:00:00Z,78174.8,78599.1,77837.5,78059.6,225.30268714
2026-05-17T16:00:00Z,78059.6,78492.8,76719.5,77467.4,483.4687442
2026-05-18T00:00:00Z,77457.3,77477.7,76591.3,77073.1,498.16998315
2026-05-18T08:00:00Z,77073.2,77792.9,76055.5,76404.8,939.85790148675848628136
2026-05-18T16:00:00Z,76410,77228.8,76136.7,77008.9,545.51688071
2026-05-19T00:00:00Z,77009,77411,76478.1,77230.6,415.26093352
2026-05-19T08:00:00Z,77230.6,77313.2,76146.3,76511,475.5097928657087794
2026-05-19T16:00:00Z,76511,77070.2,76408.6,76835.2,326.05277353
2026-05-20T00:00:00Z,76835.3,77473.9,76524,77284,270.50570494819363205202
2026-05-20T08:00:00Z,77284.1,77850,76885.8,77455.5,472.876359963996476
2026-05-20T16:00:00Z,77455.5,77768,77014.4,77552.2,377.32369943491909129573
2026-05-21T00:00:00Z,77552.2,78176.6,77528.5,77887.4,270.8431953
2026-05-21T08:00:00Z,77887.4,78201.9,76726.9,77266.6,517.56097616
2026-05-21T16:00:00Z,77270.4,78089.3,77011.7,77625.7,564.831292298237797368
2026-05-22T00:00:00Z,77625.7,77899,77285.2,77401.6,222.07755031
2026-05-22T08:00:00Z,77401.6,77580.2,76577.3,76796,410.83999652
2026-05-22T16:00:00Z,76796,77095,75371.2,75542.3,475.77222092729662161379
2026-05-23T00:00:00Z,75542.6,75671.2,74268.6,74611.3,410.98159065806915923592
2026-05-23T08:00:00Z,74611.3,75692.8,74354.3,75519.5,329.85418924552752959865
2026-05-23T16:00:00Z,75519.5,77399.6,75376.1,76746.8,529.02092497
2026-05-24T00:00:00Z,76746.7,77066,76633.2,76805.2,162.51366672
2026-05-24T08:00:00Z,76805.2,77530.3,76197.4,76382.1,307.0757968744032010321
2026-05-24T16:00:00Z,76382.1,77232.3,76112,77059,378.14412573
2026-05-25T00:00:00Z,77059.9,77645.5,76920.8,77413.5,295.74364981
2026-05-25T08:00:00Z,77413.5,77903.8,77284.1,77632,285.14135069826819842003
2026-05-25T16:00:00Z,77632,77815.1,77049.4,77325.9,265.4082557
2026-05-26T00:00:00Z,77326,77348.5,76482,76726.8,229.79268697
2026-05-26T08:00:00Z,76726.9,78075.9,76269.4,76516.1,677.08524554
2026-05-26T16:00:00Z,76516.2,76720.1,75671.2,75932.5,446.528615883543921
2026-05-27T00:00:00Z,75932.5,76107.6,75310.3,75965.4,330.32558608
2026-05-27T08:00:00Z,75965.4,76172.1,74773.7,75327.9,646.11115357
2026-05-27T16:00:00Z,75327.9,75422.4,74246,74451.7,501.04816746
2026-05-28T00:00:00Z,74451.6,74586.3,72739.2,73495.4,715.81118509
2026-05-28T08:00:00Z,73495.5,73617.6,72594.9,72932.9,715.50911539
2026-05-28T16:00:00Z,72932.8,73940.6,72740.7,73621.9,509.79490061
2026-05-29T00:00:00Z,73621,73930.8,73185.4,73525.3,254.24251288
2026-05-29T08:00:00Z,73525.3,74195.2,72514.1,73807,738.35902592
2026-05-29T16:00:00Z,73807.1,74328.2,73184.8,73469,650.81881206
2026-05-30T00:00:00Z,73469,73805.8,73216.6,73549.3,296.1196242
2026-05-30T08:00:00Z,73549.3,74105.4,73508.4,73922,273.15179914
2026-05-30T16:00:00Z,73924,74148.6,73790.5,73884.5,314.34805377
2026-05-31T00:00:00Z,73884.5,74272.2,73836.7,73877.9,213.20683045
2026-05-31T08:00:00Z,73877.9,74038.6,73506.2,73655,258.695135407069395
2026-05-31T16:00:00Z,73655.1,74200,73402.4,73678,271.12403721
2026-06-01T00:00:00Z,73678,74087.6,72707.6,72815.7,344.34617501
2026-06-01T08:00:00Z,72815.8,73104.9,71067.4,71125.1,1137.503049419482808088
2026-06-01T16:00:00Z,71125.1,71790.7,70684.6,71404.5,860.17077714
2026-06-02T00:00:00Z,71404.5,71411.2,69751.4,70118.7,681.72670921
2026-06-02T08:00:00Z,70118.7,70180,67060,67296.7,1400.48811258658109250406
2026-06-02T16:00:00Z,67296.7,68129.9,66202.8,66760.9,1284.39184119718578789134
2026-06-03T00:00:00Z,66761,67514.4,65455,67224.7,1207.92759951
2026-06-03T08:00:00Z,67224.6,67471.5,66079.5,66079.6,938.66431550796421508643
2026-06-03T16:00:00Z,66079.6,66367.8,64092.2,64150,1297.85318999630922852935
2026-06-04T00:00:00Z,64150,64766.5,61378.6,63605.2,1808.96065597889093919026
2026-06-04T08:00:00Z,63605.3,64495.5,62205.4,63896.6,1681.84341313464461674102
2026-06-04T16:00:00Z,63896.6,64163.1,62950.2,63887,911.15378744
2026-06-05T00:00:00Z,63886.9,63975.4,61145.1,63109.8,1738.46962777
2026-06-05T08:00:00Z,63109.9,63268.6,60058.3,60450.8,1594.08912235
2026-06-05T16:00:00Z,60430.4,62004.9,59136.7,61056.5,2359.7605494591694371396
2026-06-06T00:00:00Z,61067,61525.8,59499.7,60998.5,889.34105563
2026-06-06T08:00:00Z,61011.8,61497.8,60203.4,60785,498.99585049
2026-06-06T16:00:00Z,60785,61000,60406.2,60899.3,357.362295702488304
2026-06-07T00:00:00Z,60884.1,62417.7,60750,62402.7,412.07130216990418189661
2026-06-07T08:00:00Z,62404.2,62955.9,61583.2,62087.9,517.19880151
2026-06-07T16:00:00Z,62091.7,64271.9,61185.4,63329.8,710.35855735
2026-06-08T00:00:00Z,63335.8,63862.6,62414,63290.9,420.30186571
2026-06-08T08:00:00Z,63284.6,64207.8,62712.5,63775.9,705.74330849
2026-06-08T16:00:00Z,63775.9,64045.5,62988.5,63080.4,394.36801087
2026-06-09T00:00:00Z,63087.2,63525.7,62425.9,63197.4,431.3413518272310576
2026-06-09T08:00:00Z,63197.5,63205.3,61040,61131.4,683.09749563
2026-06-09T16:00:00Z,61129.1,62275,60775.1,61727.2,587.09145326
2026-06-10T00:00:00Z,61727.2,61972,61084.3,61679.3,318.85333569
2026-06-10T08:00:00Z,61686.3,62853.5,60727.3,62642.9,1010.834081609188654
2026-06-10T16:00:00Z,62642.2,62647.8,61108.1,61519.2,811.80414551
2026-06-11T00:00:00Z,61519,63004.3,61519,62724.3,608.8077550584132725
2026-06-11T08:00:00Z,62724.3,63259.4,62505.7,62750.6,748.2295671036120631
2026-06-11T16:00:00Z,62750.6,63929.2,62352.2,63632.1,798.93857671765582976065
2026-06-12T00:00:00Z,63632.1,63865.6,62845.8,63100.1,448.66373925
2026-06-12T08:00:00Z,63101.6,64392.7,63059.7,63602.1,826.93544038
2026-06-12T16:00:00Z,63593,64114.7,63401.8,63582.5,602.37645659
2026-06-13T00:00:00Z,63578.9,63890.9,63420.3,63846.8,294.40980567
2026-06-13T08:00:00Z,63850,64346,63731.5,64304.3,397.77504083
2026-06-13T16:00:00Z,64304.3,64773,63919.3,64453.7,316.00774103
2026-06-14T00:00:00Z,64453.6,64715.2,64230.2,64430.7,252.39129788
2026-06-14T08:00:00Z,64430.6,64667.4,63869,64027.7,351.2625779402080875963
2026-06-14T16:00:00Z,64017.9,65804.9,63682.6,65750.3,836.61515418633614941521
2026-06-15T00:00:00Z,65750.1,66019,65361.1,65678.7,402.99395804
2026-06-15T08:00:00Z,65678.8,67296.1,65513.6,67296.1,755.35029540730072757956
2026-06-15T16:00:00Z,67296.2,67298.4,66097.3,66323.2,467.16437427094867795962
2026-06-16T00:00:00Z,66323.2,66569,65654.1,66377.3,354.24015067
2026-06-16T08:00:00Z,66377.3,66991,65356.2,65873.3,649.37000582
2026-06-16T16:00:00Z,65869.9,66250,65557.1,65679.8,517.07234319
2026-06-17T00:00:00Z,65679.9,66133.4,65256,65543.6,310.263486996021591477
2026-06-17T08:00:00Z,65541.9,65853.6,64565.1,65753.8,668.53134280644462740315
2026-06-17T16:00:00Z,65753.8,66436.2,63922.8,64513.1,1128.02375688847776538366
2026-06-18T00:00:00Z,64508.8,64813,63700.8,64507.1,593.6239143
2026-06-18T08:00:00Z,64507.1,64650.4,62301.3,62370.2,839.69875388
2026-06-18T16:00:00Z,62370.2,63274.5,62271.3,62956.3,708.03443702
2026-06-19T00:00:00Z,62956.4,63114.7,62384.7,62625.9,391.24302268
2026-06-19T08:00:00Z,62625.9,63412.2,62310.4,63216.6,704.18657674
2026-06-19T16:00:00Z,63216.6,63669.2,62872.9,63543.9,484.20247042
2026-06-20T00:00:00Z,63543.9,63917.9,63320.2,63652.2,302.91331086
2026-06-20T08:00:00Z,63654.2,64377.2,63191,64147.8,545.05982628
2026-06-20T16:00:00Z,64156.5,64358.8,63730.7,64300.6,278.9422506558205824
2026-06-21T00:00:00Z,64296.1,64583.1,64168.9,64194.9,236.02416154569126646513
2026-06-21T08:00:00Z,64192.5,64481.7,63897.3,64220,364.59407232
2026-06-21T16:00:00Z,64220.1,64291.5,63273.2,63311.1,445.99766052
2026-06-22T00:00:00Z,63315.3,64813.6,63315.3,64217.2,478.815368684501699
2026-06-22T08:00:00Z,64217.2,65624.1,64042.5,64838.8,807.57426228
2026-06-22T16:00:00Z,64840.7,64861.8,63806.7,64027.7,583.167195
2026-06-23T00:00:00Z,64024.1,64278.4,62579.1,62877.4,613.68889206
2026-06-23T08:00:00Z,62879.9,62946.7,61933.3,62489.6,930.36574432
2026-06-23T16:00:00Z,62489.6,62830.4,62101.2,62726.7,491.20121662
2026-06-24T00:00:00Z,62726.7,63110.8,62467.5,62656.7,515.60571594
2026-06-24T08:00:00Z,62662.2,63237.7,60263.2,60273.5,1329.33469321
2026-06-24T16:00:00Z,60273.5,61269,59116.1,61079.1,1412.9618829678596749
2026-06-25T00:00:00Z,61081.6,61956.3,60686.1,61908.3,454.65720573
2026-06-25T08:00:00Z,61914.2,61922.6,58121,59554.2,1900.68367504
2026-06-25T16:00:00Z,59571,60254,59138.1,59792.8,716.706003555170813
2026-06-26T00:00:00Z,59796.7,60762.6,58337,60530.1,804.79188912
2026-06-26T08:00:00Z,60528,60571.8,58500,60333.7,1108.05801582
2026-06-26T16:00:00Z,60324.2,60587.1,59562.9,60099.6,492.48047173
2026-06-27T00:00:00Z,60099.7,60579,59875.6,60549,321.8719667
2026-06-27T08:00:00Z,60549,60940.1,60192.4,60843.4,320.32225887
2026-06-27T16:00:00Z,60843.5,60854.5,59858.2,60028.5,274.43780636037774222056
2026-06-28T00:00:00Z,60028.6,60335,59753.2,60222.3,232.84223742
2026-06-28T08:00:00Z,60222.3,60549.5,59818.8,59885.7,344.44961912
2026-06-28T16:00:00Z,59885.8,59937.8,58902.1,59578.6,488.9977916
2026-06-29T00:00:00Z,59579.5,60338,58903.6,60030.6,395.32446456
2026-06-29T08:00:00Z,60025.6,60775.2,59005.8,59821.6,1087.50353376
2026-06-29T16:00:00Z,59827.2,60674.1,59578.6,60258.4,572.6020835
2026-06-30T00:00:00Z,60258.4,60275.8,59365.2,59526.1,436.31663399
2026-06-30T08:00:00Z,59524.4,59553.5,58196.6,58379.3,972.91434637
2026-06-30T16:00:00Z,58390.7,58872.9,58258.1,58631.5,370.85474424
2026-07-01T00:00:00Z,58631.5,59461.6,57808.4,58770.2,737.81877757
2026-07-01T08:00:00Z,58770.2,60530.1,58328.8,60141.4,936.5163868781680606246
2026-07-01T16:00:00Z,60148.9,61323.2,59779.6,60020.1,636.50521353773901342064
2026-07-02T00:00:00Z,60026.1,61119.6,59593.8,60151.6,462.2065172
2026-07-02T08:00:00Z,60151.7,62201.4,60136,61612.2,937.54704261002951455982
2026-07-02T16:00:00Z,61618.1,61959,61141.6,61558.6,400.15375423539912831891
2026-07-03T00:00:00Z,61556.5,61861.7,61230,61757.8,255.87872147074041669787
2026-07-03T08:00:00Z,61757.8,62410,61510,61926.8,550.80924639
2026-07-03T16:00:00Z,61926.8,62960,61914.4,62584.5,402.8244043
2026-07-04T00:00:00Z,62584.4,62950,62327.5,62570.8,283.1468194
2026-07-04T08:00:00Z,62568.9,63082.9,62412.6,62934.5,335.68557041
2026-07-04T16:00:00Z,62934.5,63462.7,62782.1,63142.2,314.0492547
2026-07-05T00:00:00Z,63142.3,63142.3,62598.1,63016.2,251.51142068
2026-07-05T08:00:00Z,63016.3,63105.2,62437.1,62736.9,283.85111084
2026-07-05T16:00:00Z,62737,63993.2,62596.8,63649.9,360.70761064
2026-07-06T00:00:00Z,63641,63916.7,62892,63095,258.829690414695116
2026-07-06T08:00:00Z,63095,63552.3,61314.1,63545,944.22340625
2026-07-06T16:00:00Z,63544.9,64701,63378.1,64039.1,461.93022538
2026-07-07T00:00:00Z,64041.4,64313.8,62799.8,63087.1,357.05110672
2026-07-07T08:00:00Z,63087.2,64108.6,62676.7,63938.2,656.9781825084056766
2026-07-07T16:00:00Z,63935.5,64242.1,63212.3,63361.9,329.43245511
2026-07-08T00:00:00Z,63361,63758,62483.5,62885.9,281.01313387
2026-07-08T08:00:00Z,62885.8,62939.4,61548.9,61707.2,724.10912509
2026-07-08T16:00:00Z,61701.8,62392.7,61693.6,62290.4,314.76427143
2026-07-09T00:00:00Z,62290.4,63270.6,61701.9,62995,477.53142576
2026-07-09T08:00:00Z,62995.1,63252.8,62461.2,62864.9,716.43636964
2026-07-09T16:00:00Z,62865,63492.7,62559.2,63229.6,413.92396037
2026-07-10T00:00:00Z,63229.6,64197.5,62915,63974.2,369.56909136
2026-07-10T08:00:00Z,63974.2,64695.9,63790.8,64030.3,514.69633209
2026-07-10T16:00:00Z,64035.3,64221.2,63656.1,64160,320.96988505
2026-07-11T00:00:00Z,64161.3,64312.5,63985.2,64161.5,181.75330665
2026-07-11T08:00:00Z,64161.6,64511.9,63914.9,64176.5,259.56011005
2026-07-11T16:00:00Z,64176.6,64463.9,63819.9,63822,183.31462355
2026-07-12T00:00:00Z,63821,64244.4,63641.2,63883.6,215.04486706881324902448
2026-07-12T08:00:00Z,63883.6,64293,63757,64174.1,241.14462562
2026-07-12T16:00:00Z,64175.5,64271.9,63663.2,63781.7,207.47536192
2026-07-13T00:00:00Z,63781.6,64426,62508.2,62987.3,495.37494113
2026-07-13T08:00:00Z,62987.3,63283.9,62101.8,62614.3,519.91940975
2026-07-13T16:00:00Z,62614.3,62625.9,61830,62336.8,400.25325154
2026-07-14T00:00:00Z,62336.8,62870.8,62272.3,62551.2,272.84099284
2026-07-14T08:00:00Z,62551.1,64953,62500,64745.3,716.81943678
2026-07-14T16:00:00Z,64745.4,65100,64275.7,65030.3,445.39233924
2026-07-15T00:00:00Z,65038,65279.9,64475.6,64547.3,312.98675993625607984695
2026-07-15T08:00:00Z,64547.2,65597.3,64547.2,65420.9,589.44888307
2026-07-15T16:00:00Z,65424.1,65468.9,64689,64749.2,422.08939956
2026-07-16T00:00:00Z,64749.1,64998.5,64083.1,64233,296.54378972
2026-07-16T08:00:00Z,64233,64900,63859.2,64703,456.12270207
2026-07-16T16:00:00Z,64708.2,64711,63750,63833.5,347.36004092
2026-07-17T00:00:00Z,63833.5,64067,62712.5,62830.8,403.66399094
2026-07-17T08:00:00Z,62830.8,63513,62538.3,63457.4,533.31415183
2026-07-17T16:00:00Z,63457.5,64390.1,63310,63929.5,336.49496688
2026-07-18T00:00:00Z,63930.5,64031.7,63885.3,64007.1,141.36041708
2026-07-18T08:00:00Z,64006.5,64258.5,63924.6,64119.5,176.73574147067150870888
2026-07-18T16:00:00Z,64119.5,64872.6,64086.2,64833.9,335.96792436
2026-07-19T00:00:00Z,64837,64966.6,64615,64707.2,179.47380833
2026-07-19T08:00:00Z,64709.1,64744.9,64279.3,64574.8,227.22080548
2026-07-19T16:00:00Z,64574.8,64892.5,64282.1,64722.3,317.86635628
2026-07-20T00:00:00Z,64730.6,65099.9,63766.4,64275.8,477.7483991
2026-07-20T08:00:00Z,64275.8,65667.7,63843.7,65596.6,792.2740574398729498335
2026-07-20T16:00:00Z,65610.3,65795.1,65040.2,65258.2,377.8562310148922706
2026-07-21T00:00:00Z,65258.1,66249.9,65151.7,66195.4,429.27268995
2026-07-21T08:00:00Z,66190.5,66956.2,66134.7,66689.9,498.98844775
2026-07-21T16:00:00Z,66678.8,66761.4,66076.2,66555.8,393.34318551
2026-07-22T00:00:00Z,66555.9,66734,65701.8,65843.5,336.24603909
2026-07-22T08:00:00Z,65843.5,66210,65551,66049.9,458.52333467
2026-07-22T16:00:00Z,66050,66393,65700.6,66121.1,353.621293218276224
2026-07-23T00:00:00Z,66122.3,66313,65360,65440.7,220.57510315
2026-07-23T08:00:00Z,65440.8,65785.7,64716.7,64949.3,537.01961756
2026-07-23T16:00:00Z,64952.2,65214.8,64649.8,65095.7,352.39021987742383282461
2026-07-24T00:00:00Z,65095.7,65799.9,64759.6,65497.7,290.05594744
2026-07-24T08:00:00Z,65497.7,65507.2,63738,64094.7,638.96157093
2026-07-24T16:00:00Z,64094.8,64282.9,63884.3,64138.2,305.00688451
2026-07-25T00:00:00Z,64138.3,64198.1,63955.3,63998.7,145.0709161
2026-07-25T08:00:00Z,63998.8,64275.4,63801,64181.6,148.29126418
2026-07-25T16:00:00Z,64181.6,64443.4,64122.5,64368.2,159.4696294
2026-07-26T00:00:00Z,64368.3,64590.8,64285.7,64365,109.67521997
2026-07-26T08:00:00Z,64365.1,64824.5,64347.2,64766.4,181.057709121116043936
2026-07-26T16:00:00Z,64766.4,65565.7,64633.8,65392.6,266.633516046396057538
2026-07-27T00:00:00Z,65402.7,65737.6,64908.3,65220.5,216.06438639747500032217
2026-07-27T08:00:00Z,65220.6,65712.1,64413.5,64553.3,366.54437203
2026-07-27T16:00:00Z,64553.4,65085.9,63613.8,63763.8,408.94723259
2026-07-28T00:00:00Z,63763.9,63827.7,63064.4,63501.9,308.96914776
2026-07-28T08:00:00Z,63501.9,64023.8,62742.6,63925.5,443.28288352
2026-07-28T16:00:00Z,63925.5,64090.8,63500.1,63933.1,284.68666915
2026-07-29T00:00:00Z,63922.7,64566.1,63599.8,64555.1,297.93974989
2026-07-29T08:00:00Z,64555.2,64725.9,63887.6,63974.5,430.62946007
2026-07-29T16:00:00Z,63967,64641.4,63267.9,63979.7,527.42218918
2026-07-30T00:00:00Z,63979.8,64408.4,63602.5,64010.6,249.9210271
2026-07-30T08:00:00Z,64010.6,65166.7,63975,64727,441.53321158
2026-07-30T16:00:00Z,64727,65080.8,64662,64775.6,299.09100099
2026-07-31T00:00:00Z,64777.4,65404.3,63870,63949.3,300.73984436
2026-07-31T08:00:00Z,63949.3,64021.1,62465.5,62714.6,542.34265326
2026-07-31T16:00:00Z,62716.8,63295.6,62704.9,62880.4,241.04181786
2026-08-01T00:00:00Z,62880.5,63139.1,62880.5,63054.4,137.00012956
2026-08-01T08:00:00Z,63054.5,63154.2,62988.7,63001.2,125.30463416
2026-08-01T16:00:00Z,63001.2,63035.4,62273.7,62815.5,260.22461095
2026-08-02T00:00:00Z,62815.6,63627.9,62805,63479.6,227.34649989
2026-08-02T08:00:00Z,63489,63522.9,62994,63104.9,154.5675525397856841507
2026-08-02T16:00:00Z,63104.9,63787.9,63065.3,63566,173.4079895281436370936
2026-08-03T00:00:00Z,63566,63590.2,62550.1,62623.8,215.71110767
2026-08-03T08:00:00Z,62623.8,63976.7,62294.1,63684.2,406.77761442
2026-08-03T16:00:00Z,63684.2,64077.1,63388.6,63522.4,323.15120932
2026-08-04T00:00:00Z,63525.2,64238.6,63328,63681.8,306.67541645
2026-08-04T08:00:00Z,63681.9,64237.7,63457.6,64125.2,773.6391135
2026-08-04T16:00:00Z,64127.3,64538.4,63892.7,64104.6,319.64922678684564452022
2026-08-05T00:00:00Z,64101.2,64534.4,63948.3,64175.3,654.5567842384904533
2026-08-05T08:00:00Z,64175.4,64741.3,63879,64390.4,483.46954724
2026-08-05T16:00:00Z,64393.1,65026.5,64393,64659.1,280.84087275
2026-08-06T00:00:00Z,64664.8,64995.8,64416.1,64814.6,213.24530703
2026-08-06T08:00:00Z,64814.7,65011.7,64127.4,64634.7,815.56583348
2026-08-06T16:00:00Z,64640.6,64840.8,64201,64326.2,186.7708829
2026-08-07T00:00:00Z,64326.2,64545.1,64180.6,64326.9,350.18506088
2026-08-07T08:00:00Z,64326.9,65384.9,64308.1,64907.3,636.643363923864109935
2026-08-07T16:00:00Z,64914.3,65097.7,64528.3,64919.1,248.69090629141074389111
2026-08-08T00:00:00Z,64919.2,65065.4,64825.6,64959.1,110.01999818
2026-08-08T08:00:00Z,64959.2,65187,64918.5,65077.1,105.00642119
2026-08-08T16:00:00Z,65077.1,65150.9,64938.5,64956.3,151.3688952
2026-08-09T00:00:00Z,64956.4,64999.9,64728.6,64829.3,93.32055659
2026-08-09T08:00:00Z,64829.4,65296.2,64792,65230.8,182.71536011
2026-08-09T16:00:00Z,65230.8,65465,64837.4,64900.9,182.6747584576438791
2026-08-10T00:00:00Z,64900.9,65388,64824,65204.7,186.6955564
2026-08-10T08:00:00Z,65204.6,65322.9,64201.1,64301,374.19705605
2026-08-10T16:00:00Z,64298.6,64360.4,63813.7,63976,250.59297552
2026-08-11T00:00:00Z,63976.1,64179.8,63857.2,64064.8,127.48922119
2026-08-11T08:00:00Z,64067.5,64494.3,63454.2,63614.2,313.57648663967535450868
2026-08-11T16:00:00Z,63614.1,63769,63237.4,63599.7,285.25422927
2026-08-12T00:00:00Z,63594.6,63900,63536,63835.9,225.91768871
2026-08-12T08:00:00Z,63835.9,64473.3,63322.5,63443.3,517.9197847792664925
2026-08-12T16:00:00Z,63443.3,63658,63310.1,63486.9,281.29457421
2026-08-13T00:00:00Z,63488.1,64004.3,63375.7,63862.2,347.87578707
2026-08-13T08:00:00Z,63862.3,63999.5,63352,63421.7,448.74006225
2026-08-13T16:00:00Z,63421.7,63643.4,62851,63482.7,360.31721561274276544978
2026-08-14T00:00:00Z,63487,63621.9,62925.6,62925.7,176.27665809
2026-08-14T08:00:00Z,62925.7,63089.7,62538.5,62993.3,341.46321423
2026-08-14T16:00:00Z,62990,63237.3,62801.6,63044.1,192.52530273
2026-08-15T00:00:00Z,63044.1,63180,62991.9,63068.7,111.2426087997979944
2026-08-15T08:00:00Z,63068.8,63120.5,62911.9,63100.3,114.79285324
2026-08-15T16:00:00Z,63100.3,63163.5,63038.4,63085,118.03625022
2026-08-16T00:00:00Z,63085,63150.4,63005.7,63055,66.25698072
2026-08-16T08:00:00Z,63055.1,63136.8,62957.9,63136.7,101.59515673291110072328
2026-08-16T16:00:00Z,63136.8,63380.4,62715.9,62904.6,168.27517343
2026-08-17T00:00:00Z,62906,63706.3,62753.4,63518.6,358.69405018
2026-08-17T08:00:00Z,63518.5,64221.5,63281.8,64192,418.75408163
2026-08-17T16:00:00Z,64197,64612.5,63976.3,64531.9,371.03098064
2026-08-18T00:00:00Z,64532,64567.7,64025.8,64197.8,234.10233987
2026-08-18T08:00:00Z,64197.9,65050,64042.4,64844.6,310.04324993
2026-08-18T16:00:00Z,64851.2,64887,64564.3,64725.3,161.62493286
2026-08-19T00:00:00Z,64725.4,64736.9,64167.6,64300,193.13390295925146705
2026-08-19T08:00:00Z,64300.1,69600,64251.8,68545.6,1117.321450875281669352
2026-08-19T16:00:00Z,68536.6,70059.9,67824,69339.1,830.14657954
2026-08-20T00:00:00Z,69333.5,70013,68906.1,69821.8,359.56187604112658670637
2026-08-20T08:00:00Z,69821.7,72834.7,69784.8,72469,1229.12925838524350738692
2026-08-20T16:00:00Z,72466,73400,72211.1,73022.7,540.14697810609798676281
2026-08-21T00:00:00Z,73023.1,76899.9,73023.1,76330,913.98040159091056321679
2026-08-21T08:00:00Z,76326,79493.8,76249.1,77220.8,1270.30576030148277324586
2026-08-21T16:00:00Z,77217,78756,76616.3,78334.2,621.915746631202858924
2026-08-22T00:00:00Z,78334.3,78816.1,76486.5,77278.2,872.45177218738077942848
2026-08-22T08:00:00Z,77279.1,77427.7,76527.1,76974.8,618.37959339
2026-08-22T16:00:00Z,76974.8,77546.7,76769.9,77067.6,492.54467816221052
2026-08-23T00:00:00Z,77067.6,77391.5,75558,75993.7,437.15409131
2026-08-23T08:00:00Z,75993.9,77752.6,75939.2,77161.8,477.2309852203153791
2026-08-23T16:00:00Z,77161.9,78054.6,77112,77729.5,342.50135175
2026-08-24T00:00:00Z,77730.5,77788.4,76674.1,77302.5,446.37563089
2026-08-24T08:00:00Z,77302.6,80000,76840.5,79089.7,926.96861653250012188409
2026-08-24T16:00:00Z,79085.1,79862.7,78462.2,78982.9,514.07346025882589
2026-08-25T00:00:00Z,78981.9,81269.4,78725.6,79706.9,675.4330289505722221
2026-08-25T08:00:00Z,79706.9,80242.2,78124.7,79509.3,680.77317991548571891015
2026-08-25T16:00:00Z,79509.3,79562.6,77859.3,78521.7,628.9117969598942156
2026-08-26T00:00:00Z,78542,79229.6,78314,78929.2,456.20335006
2026-08-26T08:00:00Z,78929.3,79108.7,77641,77996.7,773.1970129
2026-08-26T16:00:00Z,77996.9,79163.1,77859.6,79012.1,584.07415431888530457144
2026-08-27T00:00:00Z,79012.1,79084.8,78567.8,79082.9,341.99215982
2026-08-27T08:00:00Z,79082.8,80791,78926.6,80311.8,1002.9625476012400769
2026-08-27T16:00:00Z,80311.8,80840.6,79761.9,80248.5,831.0093640500756501
2026-08-28T00:00:00Z,80248.5,81469,79571.6,79662,753.67219003
2026-08-28T08:00:00Z,79662.1,79828.9,78324.5,78328.9,1422.89792571177529795557
2026-08-28T16:00:00Z,78328.8,78388,76880.9,77836.5,908.051700866594420056
2026-08-29T00:00:00Z,77836.5,77944.5,77390,77626.1,705.91379053
2026-08-29T08:00:00Z,77626,78148.3,77483.6,77852.5,439.06366517947599350413
2026-08-29T16:00:00Z,77852.5,78331.1,77852.5,78244,349.76220144498825394027
2026-08-30T00:00:00Z,78244,78315.2,77993.1,78122.4,341.749819159159899
2026-08-30T08:00:00Z,78122.4,78965.7,77963.1,78815.1,464.2532255937043816
2026-08-30T16:00:00Z,78815.7,79393.5,77019.1,77687.5,759.38213728
2026-08-31T00:00:00Z,77686.7,78296.6,77397.7,78199.1,1000.80314261
2026-08-31T08:00:00Z,78199.2,78796.1,77703.4,78573.4,1089.60948983
2026-08-31T16:00:00Z,78573.5,79246.9,78406.7,78577.8,666.406833005745869
2026-09-01T00:00:00Z,78578.5,79206.2,78200.3,78631,589.19372590694828450117
2026-09-01T08:00:00Z,78631,78651.6,77520,77924.3,1172.3128874029786933
2026-09-01T16:00:00Z,77924.2,77966,76423.2,77431,596.14274939
2026-09-02T00:00:00Z,77431.1,77757.6,76722.1,77467.7,954.29706059
2026-09-02T08:00:00Z,77467.7,77525.6,76271.4,77272.6,899.729114160607608
2026-09-02T16:00:00Z,77274.9,77554.2,76956.2,77323.2,630.4871295959603684
2026-09-03T00:00:00Z,77323.3,78172.2,76972,77655.2,822.1956802236537363
2026-09-03T08:00:00Z,77655.3,81360.9,77494.3,81343.2,911.69329135517092194148
2026-09-03T16:00:00Z,81343.3,82271.5,80634,81273.6,1232.85730098640848178137
2026-09-04T00:00:00Z,81272.7,81419.1,80594.7,80651.2,1095.37411359
2026-09-04T08:00:00Z,80651.2,81397.6,78659.3,79415.4,1648.01322063
2026-09-04T16:00:00Z,79415.3,79862.9,79347.7,79652.7,535.20327671
2026-09-05T00:00:00Z,79653.1,79747,79458.5,79699.9,387.96931601
2026-09-05T08:00:00Z,79700,79804,79563,79803.9,419.87618305
2026-09-05T16:00:00Z,79804,80208.5,79702.1,79824.9,663.3916114144758193
2026-09-06T00:00:00Z,79824.9,80103.8,79591,79823.4,706.83655647243772739874
2026-09-06T08:00:00Z,79823.4,80012.1,79225,79717.6,593.2736722
2026-09-06T16:00:00Z,79717.6,80550.9,79592.8,80343.5,601.01567293742616594806
2026-09-07T00:00:00Z,80343.5,80433,79003.4,79390.9,1088.1966735940155162
2026-09-07T08:00:00Z,79391,79632.5,78692,78820.2,934.7724284263705054
2026-09-07T16:00:00Z,78820.2,79405.8,78803.3,79117.8,904.56167428
2026-09-08T00:00:00Z,79117.8,79476.9,78192,78467.4,1127.51198139
2026-09-08T08:00:00Z,78467.3,78976.3,77645.9,78894.1,1444.45427328
2026-09-08T16:00:00Z,78894.2,78967.9,78287.9,78457.5,865.42323448
2026-09-09T00:00:00Z,78457.5,79385.8,78457.5,79267.6,691.48754855
2026-09-09T08:00:00Z,79267.8,79747.2,78068.9,78600.2,1357.17344365315544
2026-09-09T16:00:00Z,78600.3,78914.6,77775.7,78302.6,942.3330179266700056
2026-09-10T00:00:00Z,78302.7,78553.1,77919.3,78118.2,943.95624926
2026-09-10T08:00:00Z,78118.3,78215.4,76707.6,77240.6,1084.21608931088962794586
2026-09-10T16:00:00Z,77241.1,77529,76467.5,76562.8,394.48333099
2026-09-11T00:00:00Z,76563.8,77421.5,76563.8,77235.9,501.15513555047886153532
2026-09-11T08:00:00Z,77235.9,79884.7,76043.9,77741.2,1614.4424785819803797
2026-09-11T16:00:00Z,77741.2,78059.2,76891,77210.7,687.8685203741757185
2026-09-12T00:00:00Z,77210.7,77368,77182.9,77269.7,462.02784381
2026-09-12T08:00:00Z,77269.7,77494,77267.7,77381.9,298.3581206
2026-09-12T16:00:00Z,77382,77413.6,77076.3,77280.9,388.2103904914824316
2026-09-13T00:00:00Z,77281,77332.9,77071.6,77128.1,602.80662794
2026-09-13T08:00:00Z,77128.2,77240.4,76500,77127.7,622.37434102
2026-09-13T16:00:00Z,77127.7,77436.4,76643.3,76849,615.084540592393236954
2026-09-14T00:00:00Z,76848.9,77887.5,76372.8,77887.5,868.20102272
2026-09-14T08:00:00Z,77887.5,78698,77489,78580,1390.40945796
2026-09-14T16:00:00Z,78580.1,79592.3,78149.7,78205.7,910.18701896021879828011
2026-09-15T00:00:00Z,78196.6,78251.2,76889.9,76929.5,1114.2297528009630152
2026-09-15T08:00:00Z,76927.9,77207.3,75607.5,76518.7,2213.92309029
2026-09-15T16:00:00Z,76518.8,77332.7,74973.8,75643.9,2261.03678476062724445873
2026-09-16T00:00:00Z,75644,76096.8,75469.5,75774.2,1965.5818554520240467
2026-09-16T08:00:00Z,75774.2,76280.8,75366,75795.7,1461.6763389208703045
2026-09-16T16:00:00Z,75795.8,76529.8,75064.3,76199.7,1642.94806152
2026-09-17T00:00:00Z,76199.7,76761,76074.3,76450,727.0384902397104798
2026-09-17T08:00:00Z,76450.1,77131.5,76034,76765.1,1169.81782734
2026-09-17T16:00:00Z,76765.2,76957.4,76265.4,76429.8,575.04884453
2026-09-18T00:00:00Z,76429.8,77832.4,76306.3,77789.6,643.14260245
2026-09-18T08:00:00Z,77789.5,81157.5,77655.7,80720.4,1862.36235180908583739005
2026-09-18T16:00:00Z,80720.4,81400.1,80581.3,80887.5,1236.78120279622973862502
2026-09-19T00:00:00Z,80887.5,81743.3,80850.9,81104.9,1292.39927222356031975231
2026-09-19T08:00:00Z,81104.9,81936.5,81080.8,81627.5,795.216715474146973
2026-09-19T16:00:00Z,81627.5,81902.2,80845.2,81260.7,1100.62840833
2026-09-20T00:00:00Z,81260.8,81317.8,80138.5,80327.7,1443.24460906
2026-09-20T08:00:00Z,80327.8,80957.1,80192.3,80902.5,1047.19028777
2026-09-20T16:00:00Z,80902.6,81478.7,80615.5,81170.2,1210.335288802408376
2026-09-21T00:00:00Z,81170.3,82089.6,80868.1,81714.2,1029.67687543019880798551
2026-09-21T08:00:00Z,81714.2,86341.5,81714.2,85932.1,2348.63530078325908784953
2026-09-21T16:00:00Z,85932.1,87396,85625,86612.2,1448.80672653221900543647
2026-09-22T00:00:00Z,86612.3,86612.3,85125.7,85338.7,1276.02782901
2026-09-22T08:00:00Z,85338.8,86707.6,85330.4,86403.9,1373.4972162639934725
2026-09-22T16:00:00Z,86403.9,86652.7,86013.3,86194.5,739.41236215366105033475
2026-09-23T00:00:00Z,86194.4,87276.8,86001.5,86134.2,774.032671770002898
2026-09-23T08:00:00Z,86134.5,86259,83869.8,83998.4,1588.39925857
2026-09-23T16:00:00Z,83998.5,84659.8,83517.1,84398.6,411.896534703574831
2026-09-24T00:00:00Z,84398.6,84599,83739.3,84519.1,286.3558709
2026-09-24T08:00:00Z,84527.7,84923,82868,84413.3,715.0650807485834035
2026-09-24T16:00:00Z,84417.8,84913.8,83898.6,84405,400.8036815017096156
2026-09-25T00:00:00Z,84405.1,84881.9,83752.4,84045,434.11043432
2026-09-25T08:00:00Z,84045,85246,83185,83792.5,742.2691541866849012
2026-09-25T16:00:00Z,83792.4,84199.9,83635.3,84089.6,359.74898214
2026-09-26T00:00:00Z,84089.6,84130.7,83803.7,84119,170.0989677
2026-09-26T08:00:00Z,84118.9,84329.7,83859.2,84144.7,207.54756061
2026-09-26T16:00:00Z,84144.7,84462.1,83850,84440.6,230.7705829086110915
2026-09-27T00:00:00Z,84440.3,84781.9,84265.7,84781.9,176.97062836
2026-09-27T08:00:00Z,84781.9,85150.4,84365.5,84451.3,485.73003965
2026-09-27T16:00:00Z,84464,84835.3,84147.1,84466,345.75991555
2026-09-28T00:00:00Z,84466,84999.6,82708,82967.8,806.41718822
2026-09-28T08:00:00Z,82967.8,83813.8,82577.3,83368.3,1007.19086882
2026-09-28T16:00:00Z,83368.3,84360.4,83111.1,83502.8,477.30719689
2026-09-29T00:00:00Z,83502.7,84188.1,82788.3,83979.1,720.47099352986856739126
2026-09-29T08:00:00Z,83979.1,84544,82913.7,83072.6,962.66592273
2026-09-29T16:00:00Z,83072.5,83839.6,82914.4,83659.6,657.0485367874876699
2026-09-30T00:00:00Z,83659.7,83717.6,82965,83296.3,597.69820565
2026-09-30T08:00:00Z,83296.3,85607.9,83031.2,84138.2,1418.1933968566023366
2026-09-30T16:00:00Z,84138.3,84474,83509.7,83609.9,552.147190200317281706
