timestamp,open,high,low,close,volume
2021-08-05T00:00:00Z,2724.15,2742.2,2662.4,2681.65,22166.35522922
2021-08-05T08:00:00Z,2681.65,2821.79,2530,2754.84,66241.87968142
2021-08-05T16:00:00Z,2754.15,2843.99,2745.24,2827.02,39375.12861028
2021-08-06T00:00:00Z,2827.03,2845,2749.27,2768.05,28914.71509672
2021-08-06T08:00:00Z,2768.05,2847.5,2721.01,2837.2,28840.64374383
2021-08-06T16:00:00Z,2838.1,2946.71,2837.21,2891.69,48172.26659678
2021-08-07T00:00:00Z,2891.69,2983,2865.18,2955.52,26554.173761
2021-08-07T08:00:00Z,2955.57,3172.97,2943.34,3083.07,51074.23716686
2021-08-07T16:00:00Z,3083.07,3170,2994.05,3158.92,36762.45489339
2021-08-08T00:00:00Z,3159.71,3190.6,3073.17,3137,32940.08146277
2021-08-08T08:00:00Z,3136.77,3156.05,3014.43,3031.47,29630.29160668
2021-08-08T16:00:00Z,3030.05,3070.39,2948.04,3011.35,38694.36750466
2021-08-09T00:00:00Z,3010.7,3033.5,2891.11,2945.29,26092.22105743
2021-08-09T08:00:00Z,2944.4,3172.2,2932.07,3166.5,46142.09558739
2021-08-09T16:00:00Z,3167.03,3186.6,3036,3162.03,36224.29350508
2021-08-10T00:00:00Z,3161.25,3199.87,3090,3142.6,23552.71940369
2021-08-10T08:00:00Z,3142.6,3232.08,3092,3122.08,34035.40967873
2021-08-10T16:00:00Z,3122.09,3190.16,3052.42,3140.72,25714.28465877
2021-08-11T00:00:00Z,3140.7,3248.2,3119,3231.05,27840.3356264
2021-08-11T08:00:00Z,3230.88,3274.14,3204.17,3244.13,25719.9383519
2021-08-11T16:00:00Z,3244.14,3264.44,3148.16,3162,31116.97257968
2021-08-12T00:00:00Z,3161.42,3238.58,3095,3141.68,28764.91385664
2021-08-12T08:00:00Z,3141.79,3172,3019.08,3029.91,31418.08012084
2021-08-12T16:00:00Z,3030.09,3074.03,2978.6,3046.45,41562.7335905
2021-08-13T00:00:00Z,3046.46,3231.35,3034.18,3221.72,33312.79268047
2021-08-13T08:00:00Z,3222.89,3261.87,3179.03,3215.21,26555.61612119
2021-08-13T16:00:00Z,3214.87,3328,3196.39,3322.78,30991.93936616
2021-08-14T00:00:00Z,3322.86,3326.2,3278.41,3307.56,17706.49616205
2021-08-14T08:00:00Z,3307.56,3331.76,3203.86,3270.73,24124.68512004
2021-08-14T16:00:00Z,3271.06,3289.66,3213.75,3263.13,23783.77471546
2021-08-15T00:00:00Z,3263.3,3286.21,3154.52,3160.42,25486.65294595
2021-08-15T08:00:00Z,3160.42,3197.44,3133.37,3157.86,25699.73635508
2021-08-15T16:00:00Z,3157.86,3319.4,3112,3306.82,35001.00648112
2021-08-16T00:00:00Z,3307,3336.51,3257,3274.81,25815.41278415
2021-08-16T08:00:00Z,3274.81,3309.89,3182.07,3224.61,32228.07426157
2021-08-16T16:00:00Z,3224.94,3245.54,3133.94,3146.87,30461.16097063
2021-08-17T00:00:00Z,3147.01,3216.6,3114.4,3170.97,29004.7979076
2021-08-17T08:00:00Z,3170.98,3291.34,3160.18,3166.6,44812.89338373
2021-08-17T16:00:00Z,3166.91,3191.65,2991.9,3012.19,60993.38646312
2021-08-18T00:00:00Z,3012.99,3084.47,2944.82,3030.03,33799.00143475
2021-08-18T08:00:00Z,3030.02,3115.03,2989.5,3111.83,26736.01805521
2021-08-18T16:00:00Z,3111.84,3125.99,2997.91,3014.56,29898.63698247
2021-08-19T00:00:00Z,3014.88,3050.7,2959.29,2995.33,28132.27881051
2021-08-19T08:00:00Z,2995.4,3077.5,2964.31,3067.95,17505.44931162
2021-08-19T16:00:00Z,3067.94,3189.12,3024.96,3183.51,30322.61801592
2021-08-20T00:00:00Z,3184.15,3243,3173.73,3217.13,25419.32250091
2021-08-20T08:00:00Z,3217.13,3302.4,3188.19,3284.41,24538.55227032
2021-08-20T16:00:00Z,3284.42,3298.29,3217.84,3283.98,26304.51457313
2021-08-21T00:00:00Z,3284.12,3305,3234.67,3293.72,20062.19186075
2021-08-21T08:00:00Z,3293.73,3309.9,3238.68,3271.99,18811.04833855
2021-08-21T16:00:00Z,3272,3291,3203.84,3224.2,23046.0339807
2021-08-22T00:00:00Z,3223.78,3270.55,3216,3262.35,14537.67968475
2021-08-22T08:00:00Z,3262,3272.71,3155.2,3180.44,19674.62249368
2021-08-22T16:00:00Z,3181.19,3253.78,3124.46,3237.67,21141.91428811
2021-08-23T00:00:00Z,3237.67,3354.18,3230.1,3323.58,28320.44457532
2021-08-23T08:00:00Z,3323.63,3377.05,3300.74,3326.56,23281.64383791
2021-08-23T16:00:00Z,3326.11,3356.66,3275,3321.67,23349.27889976
2021-08-24T00:00:00Z,3321.34,3358.87,3282,3347.57,19486.79321991
2021-08-24T08:00:00Z,3347.47,3353.37,3201.6,3211.69,28186.16033776
2021-08-24T16:00:00Z,3211.11,3230,3146.44,3170.38,32411.50575182
2021-08-25T00:00:00Z,3170.92,3222.65,3159.2,3183.28,18312.55632003
2021-08-25T08:00:00Z,3183.28,3223.37,3079.83,3216.77,25931.7087233
2021-08-25T16:00:00Z,3216.77,3247.93,3198.39,3227.1,18490.6350632
2021-08-26T00:00:00Z,3226.89,3250,3060.65,3104.53,24425.00298344
2021-08-26T08:00:00Z,3104.81,3147.65,3053.52,3104.38,18851.85853966
2021-08-26T16:00:00Z,3104.38,3146.89,3076.06,3091.89,16655.61738613
2021-08-27T00:00:00Z,3091.98,3144.49,3060.24,3126.89,17602.93133497
2021-08-27T08:00:00Z,3126.15,3248.6,3102.51,3239.59,28740.05434881
2021-08-27T16:00:00Z,3239.44,3280.58,3220,3272.26,20807.18016594
2021-08-28T00:00:00Z,3272.76,3284.7,3225.84,3230.53,13997.81321097
2021-08-28T08:00:00Z,3230.53,3257.23,3210.24,3247.13,11536.62370823
2021-08-28T16:00:00Z,3247.12,3265.38,3219.18,3244.26,11878.22718451
2021-08-29T00:00:00Z,3244.25,3285.68,3151.47,3207,20885.71231361
2021-08-29T08:00:00Z,3206.6,3219.14,3166.15,3187.11,11149.27598739
2021-08-29T16:00:00Z,3187.42,3257.24,3181.14,3223.62,14713.83907696
2021-08-30T00:00:00Z,3223.62,3229,3142.59,3180.32,19187.44728741
2021-08-30T08:00:00Z,3180.64,3225.15,3149.72,3217.98,14812.2958066
2021-08-30T16:00:00Z,3217.9,3347.19,3211.6,3228.83,46307.47981592
2021-08-31T00:00:00Z,3228.95,3370,3186.26,3359,32509.48039272
2021-08-31T08:00:00Z,3359,3472.76,3310,3388.26,43255.76283646
2021-08-31T16:00:00Z,3388.67,3444.8,3338.31,3430.01,26717.37837948
2021-09-01T00:00:00Z,3430,3545,3381.39,3516.61,30163.24506189
2021-09-01T08:00:00Z,3516.6,3585.24,3512.92,3580.84,22589.34894686
2021-09-01T16:00:00Z,3579.98,3842.43,3576.97,3828.02,47355.50908676
2021-09-02T00:00:00Z,3828.02,3837.85,3722.01,3734.21,19852.87657333
2021-09-02T08:00:00Z,3734,3833.34,3724.64,3756.78,20723.93660544
2021-09-02T16:00:00Z,3756.76,3832.23,3754.78,3785.73,22340.42891928
2021-09-03T00:00:00Z,3786.19,3825.35,3709.92,3797.84,19322.68138978
2021-09-03T08:00:00Z,3797.73,4027.59,3790.45,3968.5,32100.27242165
2021-09-03T16:00:00Z,3969.39,3985,3865.9,3940.1,15837.85281209
2021-09-04T00:00:00Z,3940.63,3972.11,3895,3916.44,11612.8245664
2021-09-04T08:00:00Z,3918.06,3954.76,3879.77,3917,12991.56307542
2021-09-04T16:00:00Z,3917,3923.9,3833,3886.9,17977.5679823
2021-09-05T00:00:00Z,3887.03,3914.51,3833,3871.32,11346.86614515
2021-09-05T08:00:00Z,3871.32,3956.82,3861.56,3907.52,12634.49001928
2021-09-05T16:00:00Z,3907.53,3981.99,3899.71,3949.88,18042.54234863
2021-09-06T00:00:00Z,3949.88,3962,3897.43,3944.13,12791.6062687
2021-09-06T08:00:00Z,3944.13,3970,3863.01,3925.13,15060.92092047
2021-09-06T16:00:00Z,3925.13,3970,3912.71,3926.36,13265.22445457
2021-09-07T00:00:00Z,3926.35,3947.16,3879.21,3883.76,12475.34685383
2021-09-07T08:00:00Z,3883.78,3883.78,2923.76,3436.83,59618.54808288
2021-09-07T16:00:00Z,3430.57,3576.59,3320.11,3433.6,47601.53943781
2021-09-08T00:00:00Z,3433.8,3540.33,3251.28,3258.5,33671.65036875
2021-09-08T08:00:00Z,3258.5,3455.9,3215.7,3419.12,28434.96875284
2021-09-08T16:00:00Z,3419.12,3560,3400.4,3498.42,26685.27924275
2021-09-09T00:00:00Z,3498.4,3523.24,3421.88,3500.01,19509.68357605
2021-09-09T08:00:00Z,3500.01,3566.4,3386.53,3523.08,26669.14550224
2021-09-09T16:00:00Z,3523.09,3556.49,3416,3425.22,21262.28326689
2021-09-10T00:00:00Z,3425.23,3515.39,3392.95,3403.08,16485.76447199
2021-09-10T08:00:00Z,3402.98,3430.09,3208,3298.75,28462.18974427
2021-09-10T16:00:00Z,3298.74,3342.34,3143.32,3208.86,30671.82400892
2021-09-11T00:00:00Z,3208.85,3297,3198.85,3246.95,21436.5517925
2021-09-11T08:00:00Z,3248.01,3348.29,3219.17,3310.87,16422.42974892
2021-09-11T16:00:00Z,3310.86,3342.4,3243.05,3266.99,14208.23887477
2021-09-12T00:00:00Z,3266.99,3339.64,3231.36,3321.53,14975.82851045
2021-09-12T08:00:00Z,3321.53,3472.03,3315.67,3417.07,16453.95875939
2021-09-12T16:00:00Z,3416.55,3449,3305,3404.41,17093.94082627
2021-09-13T00:00:00Z,3404.42,3431.95,3175.46,3203.37,25207.69899546
2021-09-13T08:00:00Z,3202.4,3386,3105.2,3202.79,32123.28177176
2021-09-13T16:00:00Z,3202.79,3306.16,3184.64,3283.63,14823.74529903
2021-09-14T00:00:00Z,3284.36,3338.34,3268.16,3311.4,15285.72178382
2021-09-14T08:00:00Z,3311.71,3407,3291.7,3387.84,20898.29856209
2021-09-14T16:00:00Z,3387.86,3436.59,3331.32,3434.68,22359.29931415
2021-09-15T00:00:00Z,3434.68,3450,3358,3404.07,17898.67032343
2021-09-15T08:00:00Z,3403.42,3507.99,3379.5,3497.72,23090.86825324
2021-09-15T16:00:00Z,3497.64,3619.44,3494.47,3615.04,24451.28639204
2021-09-16T00:00:00Z,3615.07,3675.6,3519.38,3634.56,26084.28882378
2021-09-16T08:00:00Z,3634.57,3643.43,3534.43,3618.33,25703.5937047
2021-09-16T16:00:00Z,3618.04,3636.41,3480.88,3567.89,20690.54670253
2021-09-17T00:00:00Z,3567.89,3593.4,3514.3,3521.69,12982.38797293
2021-09-17T08:00:00Z,3521.64,3542.19,3404.01,3451.37,25561.33128823
2021-09-17T16:00:00Z,3451.38,3470.81,3346.96,3399,30349.88644941
2021-09-18T00:00:00Z,3399.26,3526.85,3369.23,3503.6,18160.78016825
2021-09-18T08:00:00Z,3503.59,3543.59,3464.2,3474.59,19932.87727918
2021-09-18T16:00:00Z,3475.19,3489.9,3376.65,3435.29,20175.0645013
2021-09-19T00:00:00Z,3435.3,3457.3,3370.66,3440.59,14664.26390759
2021-09-19T08:00:00Z,3440.58,3452.19,3303.03,3362.95,21797.54028615
2021-09-19T16:00:00Z,3362.95,3380.1,3278.71,3327.98,21533.72951675
2021-09-20T00:00:00Z,3327.97,3348.27,3100,3127.24,37514.11892747
2021-09-20T08:00:00Z,3126.66,3177.99,2912.41,3087.81,53647.84499131
2021-09-20T16:00:00Z,3087.78,3123.29,2945.72,2976.77,36511.39196105
2021-09-21T00:00:00Z,2976.8,3074,2806.3,3073.55,43953.27003059
2021-09-21T08:00:00Z,3072.83,3107.53,2964.97,3035.86,36429.24557662
2021-09-21T16:00:00Z,3035.83,3048.6,2649.75,2765.51,77743.01282894
2021-09-22T00:00:00Z,2765.5,2960.69,2738.01,2943.5,36629.49294982
2021-09-22T08:00:00Z,2942.54,3012.27,2882.01,3007.76,27778.13923752
2021-09-22T16:00:00Z,3007.32,3088.98,2992.55,3077.69,45854.02342251
2021-09-23T00:00:00Z,3077.4,3147,3033.69,3145.83,33738.78333169
2021-09-23T08:00:00Z,3145.87,3148.69,3042.72,3092.49,25059.31616077
2021-09-23T16:00:00Z,3092.2,3173.5,3084.6,3152.45,31244.35401837
2021-09-24T00:00:00Z,3152.23,3159.19,3038.2,3087.5,30213.55235987
2021-09-24T08:00:00Z,3087.5,3113,2735,2876.77,75576.63869419
2021-09-24T16:00:00Z,2876.11,2980.37,2862.04,2927.35,34505.10633901
2021-09-25T00:00:00Z,2927.33,2956.47,2872.78,2887.54,24265.45212162
2021-09-25T08:00:00Z,2887.19,2967.18,2801.12,2921.43,35567.80929387
2021-09-25T16:00:00Z,2921.54,2946.1,2851.9,2922.12,22620.80409485
2021-09-26T00:00:00Z,2922.13,2930.9,2738.32,2773.91,28645.02229859
2021-09-26T08:00:00Z,2773.64,3056,2738.51,3052.13,35095.98716159
2021-09-26T16:00:00Z,3052.9,3115.2,3011.01,3059.17,26433.46948829
2021-09-27T00:00:00Z,3059.16,3164.38,3027.75,3090.54,25031.22144517
2021-09-27T08:00:00Z,3091.06,3137.75,3032.34,3058.35,27847.1253607
2021-09-27T16:00:00Z,3059.09,3061.9,2921.58,2924.95,39234.20910267
2021-09-28T00:00:00Z,2924.75,2969.97,2882.33,2894.32,28079.16208043
2021-09-28T08:00:00Z,2894.61,2960.98,2841,2844.57,38574.34980408
2021-09-28T16:00:00Z,2844.58,2887.99,2783.8,2804.19,37202.12665326
2021-09-29T00:00:00Z,2804.48,2931.84,2790.95,2924.32,24018.19159341
2021-09-29T08:00:00Z,2924.32,2950,2852.13,2859.92,22517.8273383
2021-09-29T16:00:00Z,2860.81,2872.33,2782.89,2850.54,27711.08650635
2021-09-30T00:00:00Z,2849.83,3048.54,2838.04,3001.83,33684.88605906
2021-09-30T08:00:00Z,3001.35,3031.38,2936.4,2985.68,29075.21634089
2021-09-30T16:00:00Z,2985.69,3048.49,2955.98,2999.96,25072.58986791
2021-10-01T00:00:00Z,3000.81,3096.7,2969.32,3091.4,22371.93509711
2021-10-01T08:00:00Z,3091.4,3277.7,3091.39,3235.89,49210.04871636
2021-10-01T16:00:00Z,3236.34,3330,3223.93,3309.59,39395.33898115
2021-10-02T00:00:00Z,3310.7,3343.85,3257.91,3279.77,20384.88101899
2021-10-02T08:00:00Z,3279.77,3398.69,3265.4,3387.1,22360.26570308
2021-10-02T16:00:00Z,3387.05,3468.14,3367,3386.73,32112.08915032
2021-10-03T00:00:00Z,3387.7,3426.6,3341.73,3392.76,26359.17663942
2021-10-03T08:00:00Z,3392.76,3446.74,3370.77,3405.07,22612.88804226
2021-10-03T16:00:00Z,3405.07,3488.3,3385,3417.8,40342.31221866
2021-10-04T00:00:00Z,3417.8,3426.12,3322.11,3377.41,34007.24996215
2021-10-04T08:00:00Z,3377.7,3425,3270.75,3323.15,38925.14159464
2021-10-04T16:00:00Z,3323.15,3437.23,3311.01,3386.05,42453.14100693
2021-10-05T00:00:00Z,3386.05,3417.99,3363.68,3388.61,24783.91664322
2021-10-05T08:00:00Z,3388.61,3474.14,3381.35,3418.47,39534.46641161
2021-10-05T16:00:00Z,3418.48,3546,3405.28,3515.17,44821.30748759
2021-10-06T00:00:00Z,3515.16,3537.47,3439.27,3455.61,31842.19356702
2021-10-06T08:00:00Z,3455.65,3631.3,3340,3612.71,73221.01965096
2021-10-06T16:00:00Z,3612.71,3621.74,3547.61,3573.64,40207.76809277
2021-10-07T00:00:00Z,3574.03,3613.29,3470.63,3612.4,37383.89718352
2021-10-07T08:00:00Z,3611.83,3642.23,3520.21,3584.99,41281.02057735
2021-10-07T16:00:00Z,3584.99,3654.99,3555.98,3587.72,41470.24739358
2021-10-08T00:00:00Z,3587.71,3617.5,3546.73,3603.53,23974.11270912
2021-10-08T08:00:00Z,3603.52,3683.66,3580,3621.02,34408.44219836
2021-10-08T16:00:00Z,3621.03,3646.69,3532,3562.84,25483.47471472
2021-10-09T00:00:00Z,3563.26,3624.23,3538.01,3606.13,17204.41253531
2021-10-09T08:00:00Z,3606.13,3635,3569.77,3600.56,16408.11465566
2021-10-09T16:00:00Z,3600.57,3609.28,3556.91,3575.74,14271.71627153
2021-10-10T00:00:00Z,3575.74,3604.28,3483.01,3582.14,28118.9953309
2021-10-10T08:00:00Z,3582.12,3597.79,3523.82,3557.4,15053.38283071
2021-10-10T16:00:00Z,3557.4,3570,3405,3414.5,35040.26374594
2021-10-11T00:00:00Z,3414.45,3584.34,3371.41,3576.76,33289.73319834
2021-10-11T08:00:00Z,3577.85,3622,3532.08,3593.74,23203.39970763
2021-10-11T16:00:00Z,3593.87,3600.49,3465.26,3541.38,30503.81935251
2021-10-12T00:00:00Z,3541.94,3543.09,3446.21,3481.46,25894.04359056
2021-10-12T08:00:00Z,3481.46,3548.66,3402.52,3505.33,32515.58255712
2021-10-12T16:00:00Z,3505.16,3526,3415.63,3491.45,26316.14647215
2021-10-13T00:00:00Z,3490.7,3532.76,3426.3,3428,20538.61945259
2021-10-13T08:00:00Z,3427.85,3514.39,3412.01,3485.2,28849.99742322
2021-10-13T16:00:00Z,3485.55,3613.93,3480.61,3607.7,32892.34944601
2021-10-14T00:00:00Z,3607.67,3663.64,3587.43,3630.13,24265.36246602
2021-10-14T08:00:00Z,3630.13,3819.86,3620.72,3808.52,36323.87319498
2021-10-14T16:00:00Z,3808.5,3823.82,3751.32,3791.25,25881.55198746
2021-10-15T00:00:00Z,3791.25,3859.54,3734.5,3804.75,34251.37533383
2021-10-15T08:00:00Z,3805.23,3833.53,3744.11,3791.34,26218.07878554
2021-10-15T16:00:00Z,3791.34,3906.9,3788.85,3869.96,39281.16868778
2021-10-16T00:00:00Z,3869.9,3873.39,3823,3853.11,13106.24152841
2021-10-16T08:00:00Z,3853.11,3970.5,3849.42,3908.28,33436.54695523
2021-10-16T16:00:00Z,3908.28,3914.63,3801.2,3831.24,23273.24594246
2021-10-17T00:00:00Z,3829.96,3919.69,3805.61,3877.61,16062.06622629
2021-10-17T08:00:00Z,3877.61,3910.08,3754,3788.9,20483.47646528
2021-10-17T16:00:00Z,3788.91,3862.71,3644,3847.1,42823.65856152
2021-10-18T00:00:00Z,3847.11,3894.28,3832.27,3837.93,17473.42675931
2021-10-18T08:00:00Z,3837.91,3861.37,3663.7,3760.43,38849.80817549
2021-10-18T16:00:00Z,3760.44,3779.58,3694.72,3745.91,28770.93741504
2021-10-19T00:00:00Z,3745.84,3845,3732.36,3809.24,25316.13765799
2021-10-19T08:00:00Z,3809.24,3860,3744,3774.78,30628.27559359
2021-10-19T16:00:00Z,3775,3887.41,3774.44,3877.38,29657.08864934
2021-10-20T00:00:00Z,3877.38,3902.35,3825,3858.55,19768.60982967
2021-10-20T08:00:00Z,3858.69,4081.33,3844.04,4080.69,40962.53462212
2021-10-20T16:00:00Z,4080.7,4168.93,4053.04,4161.76,40552.35508039
2021-10-21T00:00:00Z,4161.67,4241.28,4117.68,4163.21,40021.64830286
2021-10-21T08:00:00Z,4162.41,4374.57,4010.03,4090.28,69564.27101734
2021-10-21T16:00:00Z,4089.66,4137.61,4040.21,4054.13,41178.1762432
2021-10-22T00:00:00Z,4053.7,4167.54,4053.22,4143.36,24772.22129247
2021-10-22T08:00:00Z,4143.37,4156.6,3959.24,3966.43,27529.08929296
2021-10-22T16:00:00Z,3966.43,3998.89,3890,3972.43,29336.70644383
2021-10-23T00:00:00Z,3972.44,4053.37,3944.92,4013.54,19771.30454279
2021-10-23T08:00:00Z,4013.01,4097.07,3937.15,4086.5,26622.69689118
2021-10-23T16:00:00Z,4086.5,4172.45,4065.55,4167.49,23307.25004077
2021-10-24T00:00:00Z,4167.99,4187,4076.6,4094.99,18882.6141802
2021-10-24T08:00:00Z,4094.7,4121.81,3982.04,4000.24,25799.80732246
2021-10-24T16:00:00Z,4000.25,4099.09,3962.5,4081.56,25337.75076055
2021-10-25T00:00:00Z,4081.56,4177.99,4068.4,4148.68,20356.46705594
2021-10-25T08:00:00Z,4148.7,4216.01,4105.54,4210.93,23699.06500591
2021-10-25T16:00:00Z,4210.93,4235.28,4171.5,4220.71,26455.4094936
2021-10-26T00:00:00Z,4220.72,4258,4176.4,4198.59,16758.40064796
2021-10-26T08:00:00Z,4198.59,4233.2,4132.92,4187.29,21280.41407628
2021-10-26T16:00:00Z,4188.03,4296.8,4090,4130.34,41459.17217436
2021-10-27T00:00:00Z,4131.56,4308.53,4118.31,4135.44,42535.96413172
2021-10-27T08:00:00Z,4135.85,4136.32,3926.2,3993.71,55059.10637849
2021-10-27T16:00:00Z,3993.71,4024.69,3907.97,3921.55,42408.8793107
2021-10-28T00:00:00Z,3921.54,4040.55,3888,4008.92,40032.55723988
2021-10-28T08:00:00Z,4008.92,4206.42,4008.91,4151.4,36318.1062186
2021-10-28T16:00:00Z,4150.91,4296.6,4120,4285.78,58986.72072422
2021-10-29T00:00:00Z,4285.87,4404.92,4266.6,4306.99,40514.73236349
2021-10-29T08:00:00Z,4307,4448.63,4280,4439.58,31691.62051871
2021-10-29T16:00:00Z,4439.56,4460.58,4344.4,4419.83,24120.83826284
2021-10-30T00:00:00Z,4419.84,4434.26,4328.04,4347.68,17164.43328639
2021-10-30T08:00:00Z,4348.25,4357.79,4233.83,4282.69,23630.06681136
2021-10-30T16:00:00Z,4282.08,4344.3,4246.1,4322.69,18441.34749432
2021-10-31T00:00:00Z,4322.7,4393.8,4299.62,4317.96,23943.57928524
2021-10-31T08:00:00Z,4317.96,4319.31,4165,4214.22,34070.01747138
2021-10-31T16:00:00Z,4214.22,4328.2,4192,4286.91,18868.12353685
2021-11-01T00:00:00Z,4286.92,4324.62,4143.18,4302.95,29967.56821889
2021-11-01T08:00:00Z,4302.95,4382.35,4297.16,4349.05,24616.31156554
2021-11-01T16:00:00Z,4349.07,4366.52,4264.61,4319.75,22080.83827847
2021-11-02T00:00:00Z,4319.76,4390.65,4285.4,4339.81,20382.27030564
2021-11-02T08:00:00Z,4340.12,4530.32,4330.15,4512.79,36340.46564775
2021-11-02T16:00:00Z,4512.79,4600,4473.9,4588.99,27985.11737251
2021-11-03T00:00:00Z,4588.99,4639.99,4534.68,4611.39,26570.25941395
2021-11-03T08:00:00Z,4611.4,4615.48,4455,4545.79,26616.04399087
2021-11-03T16:00:00Z,4545.95,4665.19,4499.99,4602.48,29420.87528068
2021-11-04T00:00:00Z,4602.94,4606.77,4515.1,4516.85,20893.29614345
2021-11-04T08:00:00Z,4517.34,4582.48,4460.44,4478.5,26620.13066597
2021-11-04T16:00:00Z,4479.22,4536.28,4412,4533.03,25572.3337225
2021-11-05T00:00:00Z,4533.03,4571,4466.89,4529.25,18542.41567568
2021-11-05T08:00:00Z,4529.25,4544.7,4450.2,4460.85,17601.82612268
2021-11-05T16:00:00Z,4461.44,4510.49,4440.52,4474.76,15867.91729249
2021-11-06T00:00:00Z,4473.92,4514.55,4456.5,4470.83,12211.61890828
2021-11-06T08:00:00Z,4471.36,4495.79,4326.35,4399.61,20265.05237369
2021-11-06T16:00:00Z,4399.62,4530,4384,4517.38,17813.44840638
2021-11-07T00:00:00Z,4517.86,4570,4498.8,4541.94,14058.99044715
2021-11-07T08:00:00Z,4541.94,4625.76,4518.95,4603.85,15058.81250468
2021-11-07T16:00:00Z,4603.85,4638.17,4587.12,4613.4,17082.95130322
2021-11-08T00:00:00Z,4613.4,4765.41,4613.27,4723.46,27079.4564776
2021-11-08T08:00:00Z,4722.17,4777.09,4680,4764.38,18642.83259636
2021-11-08T16:00:00Z,4764.39,4824,4731.75,4807.57,19600.37141101
2021-11-09T00:00:00Z,4807.54,4839,4777.82,4783.95,18240.30721276
2021-11-09T08:00:00Z,4783.97,4831.98,4754,4789.77,17337.99585804
2021-11-09T16:00:00Z,4789.77,4804,4711,4732.74,17227.20642501
2021-11-10T00:00:00Z,4732.74,4756.58,4680,4714.98,16438.20636511
2021-11-10T08:00:00Z,4714.98,4868.48,4696.01,4848.24,15435.949682
2021-11-10T16:00:00Z,4848.24,4866.21,4450,4630.67,43451.09474308
2021-11-11T00:00:00Z,4630.68,4697.99,4577.89,4692.01,16043.75511553
2021-11-11T08:00:00Z,4692.02,4759,4655.24,4719.1,16107.53082931
2021-11-11T16:00:00Z,4719.1,4779.12,4713.91,4719.98,13493.52550271
2021-11-12T00:00:00Z,4719.11,4808.43,4690.01,4709.79,16733.41777524
2021-11-12T08:00:00Z,4709.79,4737.97,4530.46,4572.48,23147.36812829
2021-11-12T16:00:00Z,4572.41,4692.98,4507.08,4665.23,20174.65327638
2021-11-13T00:00:00Z,4665.23,4705.58,4610,4644.26,9973.12758941
2021-11-13T08:00:00Z,4644.69,4697.1,4575.54,4679.81,12787.68088554
2021-11-13T16:00:00Z,4679.81,4701.27,4620.02,4644.16,11983.56701786
2021-11-14T00:00:00Z,4644.16,4695.4,4596.02,4598.76,11281.68060985
2021-11-14T08:00:00Z,4598.76,4634.11,4568.86,4583.24,11631.68497206
2021-11-14T16:00:00Z,4583.39,4632.6,4503.4,4626.34,18213.73806424
2021-11-15T00:00:00Z,4626.35,4722,4626.35,4679.82,16261.72598049
2021-11-15T08:00:00Z,4679.82,4769.3,4629.18,4649.2,16643.57675284
2021-11-15T16:00:00Z,4648.43,4658.9,4541.68,4563.02,18386.00589809
2021-11-16T00:00:00Z,4563.02,4563.11,4237.8,4311.31,49468.86124927
2021-11-16T08:00:00Z,4311.31,4346.08,4065,4285.12,33134.593596
2021-11-16T16:00:00Z,4285.12,4330.84,4159.17,4207.55,25734.84044288
2021-11-17T00:00:00Z,4207.93,4239.97,4062.59,4183.79,23925.88723119
2021-11-17T08:00:00Z,4183.79,4261.3,4103.19,4174.16,19343.87345423
2021-11-17T16:00:00Z,4174.16,4298.91,4147.39,4288.15,21993.21118008
2021-11-18T00:00:00Z,4288.15,4344.08,4226.33,4248.03,22001.2220768
2021-11-18T08:00:00Z,4248.03,4260.5,4049.6,4070.13,27699.82916989
2021-11-18T16:00:00Z,4070.13,4092.79,3936.8,3996.76,45370.32970273
2021-11-19T00:00:00Z,3996.76,4104.31,3974.45,4061.62,24180.38254988
2021-11-19T08:00:00Z,4061.72,4239.15,4061.15,4216.79,21902.47960666
2021-11-19T16:00:00Z,4216.79,4309,4210.11,4295.07,16859.09369515
2021-11-20T00:00:00Z,4295.07,4332.38,4263.12,4280.28,14208.95019039
2021-11-20T08:00:00Z,4280.28,4333.31,4212,4215.2,14172.67329185
2021-11-20T16:00:00Z,4215.21,4436.58,4200,4412.11,25947.20255613
2021-11-21T00:00:00Z,4412.06,4415.73,4327.7,4350.01,17600.09678672
2021-11-21T08:00:00Z,4350.02,4385.58,4303.1,4368,12492.19687491
2021-11-21T16:00:00Z,4367.42,4443,4243.48,4257.97,20053.17278777
2021-11-22T00:00:00Z,4258.68,4267.12,4124.9,4188.3,30003.17763755
2021-11-22T08:00:00Z,4188.3,4330.78,4126.3,4236.58,34271.22432893
2021-11-22T16:00:00Z,4236.58,4248.85,4020,4086.3,40900.96459337
2021-11-23T00:00:00Z,4086.34,4191.27,4062.52,4108.39,21053.41533447
2021-11-23T08:00:00Z,4108.03,4330.05,4056.8,4271.17,31718.55310922
2021-11-23T16:00:00Z,4271.18,4384.79,4271.18,4339.29,30636.55283189
2021-11-24T00:00:00Z,4339.61,4373.45,4209.34,4270.51,28992.75538414
2021-11-24T08:00:00Z,4270.04,4340.93,4168.81,4253.03,29739.0862299
2021-11-24T16:00:00Z,4253.03,4280.9,4199.21,4270.03,23671.56424743
2021-11-25T00:00:00Z,4270.02,4335,4246.93,4294.62,16731.59353537
2021-11-25T08:00:00Z,4294.63,4501.85,4270.91,4474.85,27572.85966531
2021-11-25T16:00:00Z,4474.85,4552.12,4451.94,4524.2,25466.28982301
2021-11-26T00:00:00Z,4524.55,4550,4315.9,4343.77,23480.3267817
2021-11-26T08:00:00Z,4343.69,4343.78,3915,4064.71,64793.50165272
2021-11-26T16:00:00Z,4064.71,4126.98,4020.01,4041.88,23386.04919198
2021-11-27T00:00:00Z,4041.69,4148.4,4028.28,4124.58,17851.24650064
2021-11-27T08:00:00Z,4124.57,4185.25,4105.11,4132.36,14994.98707125
2021-11-27T16:00:00Z,4132.35,4158,4031.56,4094.68,20981.64434105
2021-11-28T00:00:00Z,4094.67,4096.83,3972.8,4069.63,27303.0516981
2021-11-28T08:00:00Z,4069.96,4130,4034.47,4077.97,15159.60243375
2021-11-28T16:00:00Z,4077.97,4300.8,3954.4,4294.94,36452.09147637
2021-11-29T00:00:00Z,4294.41,4373.9,4282.38,4351.52,23930.79977764
2021-11-29T08:00:00Z,4351.52,4373.79,4277.1,4334.65,17652.04486315
2021-11-29T16:00:00Z,4335.4,4459.09,4329.1,4444.68,24677.92673103
2021-11-30T00:00:00Z,4444.68,4502.3,4347.53,4412.38,24505.02203237
2021-11-30T08:00:00Z,4412.38,4753.57,4390.83,4614.15,40901.21335693
2021-11-30T16:00:00Z,4612.52,4696.84,4519.2,4629.74,44237.69727519
2021-12-01T00:00:00Z,4629.86,4781.92,4600.12,4767.2,24102.05215923
2021-12-01T08:00:00Z,4767.2,4770.11,4653,4726,22015.08148854
2021-12-01T16:00:00Z,4726.01,4757.73,4522.72,4583.44,29522.55134032
2021-12-02T00:00:00Z,4583.45,4617.67,4450,4559.96,26990.43586598
2021-12-02T08:00:00Z,4560.07,4633.8,4481.01,4543.64,29483.02143328
2021-12-02T16:00:00Z,4543.43,4557.06,4432.72,4511.75,24413.14862691
2021-12-03T00:00:00Z,4511.76,4591.67,4464.1,4568.12,16070.12187358
2021-12-03T08:00:00Z,4568.36,4655,4455.5,4467.9,22835.64594456
2021-12-03T16:00:00Z,4467.91,4469.58,4012.67,4216.25,60259.25381151
2021-12-04T00:00:00Z,4215.86,4238.6,3173,3893.1,66327.48054207
2021-12-04T08:00:00Z,3892.8,4066.4,3823.73,4036.9,30532.7513718
2021-12-04T16:00:00Z,4035.96,4137.14,3977,4117.87,32014.12402936
2021-12-05T00:00:00Z,4117.3,4231.01,4062.4,4199.52,28715.62283166
2021-12-05T08:00:00Z,4198.95,4248.68,4030.34,4069.61,32625.20605138
2021-12-05T16:00:00Z,4068.71,4204.8,4062.92,4197.19,26439.04987146
2021-12-06T00:00:00Z,4197.74,4205.45,4012.57,4072.08,28101.41115505
2021-12-06T08:00:00Z,4072.08,4149.62,3920,4127.12,45554.61349952
2021-12-06T16:00:00Z,4126.68,4378,4097.98,4347.77,42143.52385798
2021-12-07T00:00:00Z,4347.77,4392.36,4306.64,4353.2,21373.09439287
2021-12-07T08:00:00Z,4353.13,4425,4330.94,4387.03,29086.01396156
2021-12-07T16:00:00Z,4387.03,4405.03,4256.28,4306.53,29678.45246726
2021-12-08T00:00:00Z,4306.53,4378.3,4281.29,4366.89,17928.92800221
2021-12-08T08:00:00Z,4366.9,4452.03,4210.8,4403.48,37562.4527175
2021-12-08T16:00:00Z,4403.49,4441.92,4360,4435.92,26020.16720441
2021-12-09T00:00:00Z,4436.05,4488.2,4340,4380.42,23058.5677343
2021-12-09T08:00:00Z,4380.43,4380.43,4136.35,4201.57,28333.88284826
2021-12-09T16:00:00Z,4201.57,4235.7,4074.53,4104.04,31475.47582118
2021-12-10T00:00:00Z,4104.01,4199.42,4020,4029.42,26338.35307522
2021-12-10T08:00:00Z,4029.48,4231.9,3982.82,4021.66,32153.88364989
2021-12-10T16:00:00Z,4021.67,4057.37,3878,3897.72,35923.99002579
2021-12-11T00:00:00Z,3898.21,4070.55,3831.66,3978.95,27846.84005118
2021-12-11T08:00:00Z,3978.67,4088.5,3965.63,4057.91,19815.33968576
2021-12-11T16:00:00Z,4057.83,4096.32,3979.38,4089.28,19540.04221298
2021-12-12T00:00:00Z,4089.31,4096.93,4005.61,4056.01,12851.00107846
2021-12-12T08:00:00Z,4056.01,4059.7,3987.2,4024.35,14836.53484462
2021-12-12T16:00:00Z,4024.35,4173.6,4017.53,4130.31,20649.51039788
2021-12-13T00:00:00Z,4130.31,4143.22,3953.62,3987.34,22997.41864257
2021-12-13T08:00:00Z,3987.6,4031.97,3763.68,3810.53,27629.65892948
2021-12-13T16:00:00Z,3810.53,3875.31,3669.98,3781.75,46464.40821929
2021-12-14T00:00:00Z,3782.28,3832.5,3684.96,3784.3,24959.92669146
2021-12-14T08:00:00Z,3784.31,3866,3762.01,3784.78,26632.06163436
2021-12-14T16:00:00Z,3784.79,3881.28,3723.21,3860,28920.36993724
2021-12-15T00:00:00Z,3860.01,3896.52,3801.77,3864.59,25855.58381036
2021-12-15T08:00:00Z,3864.6,3900,3652.4,3658.85,34464.7560547
2021-12-15T16:00:00Z,3658.85,4093.28,3642.78,4018.48,62500.89850674
2021-12-16T00:00:00Z,4019.43,4057.59,3979.33,4020.79,20263.02052243
2021-12-16T08:00:00Z,4021.39,4114.43,4008.5,4082.78,31273.11786804
2021-12-16T16:00:00Z,4082.97,4111.41,3953.18,3957.43,33909.34613782
2021-12-17T00:00:00Z,3957.82,3995.01,3852.52,3881.65,22379.70121047
2021-12-17T08:00:00Z,3881.65,3895.4,3695.67,3834.45,32437.53637181
2021-12-17T16:00:00Z,3835.08,3957.6,3823.93,3875,31989.85511662
2021-12-18T00:00:00Z,3874.97,3937.6,3767.4,3891.16,22230.46167855
2021-12-18T08:00:00Z,3890.4,3993,3874.99,3945.6,19033.95977383
2021-12-18T16:00:00Z,3945.52,3998,3909.08,3960.01,17937.83485973
2021-12-19T00:00:00Z,3960.01,4031.4,3889.13,3978.12,23073.20995699
2021-12-19T08:00:00Z,3978.13,3997.41,3897.42,3926.74,21542.05176336
2021-12-19T16:00:00Z,3926.94,3992.38,3884.15,3924.03,19302.85892894
2021-12-20T00:00:00Z,3924.03,3983.4,3804.59,3824.02,27201.22217551
2021-12-20T08:00:00Z,3824.16,3848.12,3752.69,3800.35,23903.11597283
2021-12-20T16:00:00Z,3800.36,3967.83,3792.41,3944.25,27240.80452781
2021-12-21T00:00:00Z,3944.3,4055,3913.63,4004.37,29043.50301671
2021-12-21T08:00:00Z,4004.45,4061.63,3962.5,3978.17,16147.11420129
2021-12-21T16:00:00Z,3978.19,4042.55,3971.72,4015.22,15749.22453823
2021-12-22T00:00:00Z,4015.22,4075,3992.61,4047.57,17854.31649034
2021-12-22T08:00:00Z,4047.57,4062.41,3930.69,4006.67,25701.07130435
2021-12-22T16:00:00Z,4006.67,4032.79,3951.2,3979.27,23709.13610459
2021-12-23T00:00:00Z,3979.27,4004.7,3901,3910.89,24571.82572004
2021-12-23T08:00:00Z,3911.22,3965.98,3895,3950.13,17520.12910057
2021-12-23T16:00:00Z,3950.14,4152.6,3945.44,4111.74,38615.71576843
2021-12-24T00:00:00Z,4111.73,4130.01,4062.89,4088.42,19492.34254696
2021-12-24T08:00:00Z,4088.42,4120,4050,4094.39,20590.05558311
2021-12-24T16:00:00Z,4094.39,4135.59,4017.75,4045.61,27417.92462548
2021-12-25T00:00:00Z,4045.72,4076.11,4020,4053.27,15223.97395235
2021-12-25T08:00:00Z,4053.27,4104.1,4022.11,4079.19,15619.65333858
2021-12-25T16:00:00Z,4079.2,4137.93,4037.81,4094.57,20785.47495554
2021-12-26T00:00:00Z,4094.83,4102.8,4004,4036.03,19329.07350707
2021-12-26T08:00:00Z,4036.03,4067.8,4012.06,4053.52,14842.87855051
2021-12-26T16:00:00Z,4053.52,4105,4043.96,4063,17837.81068258
2021-12-27T00:00:00Z,4063.94,4088.68,4043.24,4051.07,16999.95990187
2021-12-27T08:00:00Z,4051.08,4113.9,4033.5,4091.58,18541.99459057
2021-12-27T16:00:00Z,4091.58,4127.5,4031,4038.51,32393.71838352
2021-12-28T00:00:00Z,4038.51,4038.52,3877,3917.08,33455.68464355
2021-12-28T08:00:00Z,3917.08,3933.7,3847.12,3897.86,21533.56231496
2021-12-28T16:00:00Z,3897.63,3901.73,3760.36,3793.37,32135.32511881
2021-12-29T00:00:00Z,3793.37,3827.52,3785.56,3796.61,14151.2009059
2021-12-29T08:00:00Z,3796.61,3825.38,3697.4,3796.15,21730.61505735
2021-12-29T16:00:00Z,3796.15,3799.97,3604.62,3629.8,25432.11832783
2021-12-30T00:00:00Z,3629.8,3718.89,3582.16,3709,22561.23785296
2021-12-30T08:00:00Z,3709.01,3749.99,3678.44,3708.98,18558.86780955
2021-12-30T16:00:00Z,3709.79,3768.72,3681.65,3709.38,19506.50658187
2021-12-31T00:00:00Z,3709.24,3762.76,3685.28,3721.16,15672.22148455
2021-12-31T08:00:00Z,3721.16,3814.64,3715.12,3783.72,21654.75770047
2021-12-31T16:00:00Z,3783.8,3788.36,3622.69,3676.92,27561.39707337
2022-01-01T00:00:00Z,3676.93,3764.52,3676.93,3716.08,14865.95402848
2022-01-01T08:00:00Z,3715.3,3745,3671.74,3725.25,12924.7081555
2022-01-01T16:00:00Z,3725.24,3777.2,3717.93,3765.82,18443.40484861
2022-01-02T00:00:00Z,3765.82,3770.99,3714.88,3748.09,14163.24181251
2022-01-02T08:00:00Z,3748.1,3788.56,3731,3778.99,12454.75771501
2022-01-02T16:00:00Z,3778.98,3857.69,3771.43,3828.88,19547.09425114
2022-01-03T00:00:00Z,3828.63,3828.63,3775.67,3809.28,15094.64945451
2022-01-03T08:00:00Z,3809.28,3851.58,3776.98,3783.69,18861.36340326
2022-01-03T16:00:00Z,3783.68,3794.48,3682.51,3765.14,24415.86363477
2022-01-04T00:00:00Z,3765.13,3773.65,3713.89,3763.67,17249.40060587
2022-01-04T08:00:00Z,3763.68,3894.35,3758.02,3849,29380.78503448
2022-01-04T16:00:00Z,3849,3863.5,3758.25,3785.14,29363.94030195
2022-01-05T00:00:00Z,3785.14,3827.01,3767.34,3816.21,16212.92500715
2022-01-05T08:00:00Z,3816.2,3847.22,3761.25,3821.08,26159.86370381
2022-01-05T16:00:00Z,3821.09,3823.86,3401.36,3539.99,73144.25519418
2022-01-06T00:00:00Z,3539.99,3550.82,3406.53,3453.52,38191.80960633
2022-01-06T08:00:00Z,3453.53,3455.84,3296.13,3396.7,38143.52364087
2022-01-06T16:00:00Z,3396.7,3461.39,3382.87,3406.6,26707.15549321
2022-01-07T00:00:00Z,3406.6,3416.2,3114.6,3201.56,53581.99920469
2022-01-07T08:00:00Z,3202.14,3291.33,3060.85,3132.34,42077.85290402
2022-01-07T16:00:00Z,3131.09,3225.88,3091.26,3197.87,34075.40292773
2022-01-08T00:00:00Z,3197.87,3255.5,3180,3215.98,18965.2366788
2022-01-08T08:00:00Z,3215.97,3247.5,3145.61,3160.59,21698.09411853
2022-01-08T16:00:00Z,3160.59,3180.35,2998.49,3081.05,61453.71786441
2022-01-09T00:00:00Z,3081.05,3155.2,3057.83,3127.25,23900.85196707
2022-01-09T08:00:00Z,3126.98,3139.3,3071.49,3098.59,22260.73201711
2022-01-09T16:00:00Z,3097.92,3210.8,3092.72,3151.57,34366.76130374
2022-01-10T00:00:00Z,3152.15,3181.45,3111.8,3162.87,26095.4260221
2022-01-10T08:00:00Z,3163.23,3169.69,2928.76,3005.3,46556.75007053
2022-01-10T16:00:00Z,3005.3,3097.52,2968.61,3082.72,33048.31991713
2022-01-11T00:00:00Z,3083.02,3135.12,3052.31,3128.49,20426.6599633
2022-01-11T08:00:00Z,3128.5,3157.12,3073.66,3133.78,33256.56439668
2022-01-11T16:00:00Z,3133.79,3264.65,3130.18,3240.17,42795.43634559
2022-01-12T00:00:00Z,3240.18,3261,3205.69,3217.86,27403.29331413
2022-01-12T08:00:00Z,3217.55,3387.79,3215.53,3361.05,45772.59303872
2022-01-12T16:00:00Z,3361.05,3411.68,3335.6,3372.14,31467.51651593
2022-01-13T00:00:00Z,3372.14,3384.79,3315,3340.38,23385.8186173
2022-01-13T08:00:00Z,3340.38,3410.94,3265.92,3300.84,30974.14317492
2022-01-13T16:00:00Z,3301.23,3318.44,3232.86,3241.02,30566.96109524
2022-01-14T00:00:00Z,3240.9,3312.82,3223.11,3268.78,22003.76875111
2022-01-14T08:00:00Z,3268.79,3300.47,3186.19,3278.85,34531.3010939
2022-01-14T16:00:00Z,3278.72,3342.83,3259.3,3308.17,21247.35517891
2022-01-15T00:00:00Z,3308.17,3326.67,3294.22,3315.19,12273.49662335
2022-01-15T08:00:00Z,3315.2,3370,3261.6,3362.89,19866.64499685
2022-01-15T16:00:00Z,3362.89,3372.91,3324.49,3325.64,17617.68259273
2022-01-16T00:00:00Z,3325.64,3339.57,3295.53,3332.7,13183.21098891
2022-01-16T08:00:00Z,3332.38,3362.56,3273.91,3352.96,17497.98652995
2022-01-16T16:00:00Z,3353.48,3393.19,3310.83,3347.28,12355.23840777
2022-01-17T00:00:00Z,3347.28,3357.83,3236.91,3270.9,20809.87500351
2022-01-17T08:00:00Z,3270.9,3281.49,3217.8,3236.48,18997.05842663
2022-01-17T16:00:00Z,3236.78,3246.77,3141.65,3210.25,28911.08585109
2022-01-18T00:00:00Z,3210.25,3243.6,3163.38,3187.65,20315.3095749
2022-01-18T08:00:00Z,3187.65,3192.45,3100,3116.04,27868.94708775
2022-01-18T16:00:00Z,3116.51,3192.76,3082.98,3160.2,29832.4721449
2022-01-19T00:00:00Z,3160.2,3174.89,3048,3061.96,20210.70109676
2022-01-19T08:00:00Z,3062.35,3161.23,3046.63,3123.27,25932.36265647
2022-01-19T16:00:00Z,3123.27,3158.57,3082.01,3084.76,25800.60686688
2022-01-20T00:00:00Z,3084.47,3152.82,3083.68,3137.92,13330.35644778
2022-01-20T08:00:00Z,3137.93,3268.9,3116.9,3260.34,23274.25762028
2022-01-20T16:00:00Z,3261.19,3275.01,2986.97,3000.95,44334.29513205
2022-01-21T00:00:00Z,3000.41,3037.11,2809.5,2882.48,52596.6505731
2022-01-21T08:00:00Z,2882.48,2899.3,2731.44,2831.26,43586.99515802
2022-01-21T16:00:00Z,2831.28,2861.93,2461,2567.52,84240.28770844
2022-01-22T00:00:00Z,2567.98,2624.97,2424.63,2463.24,51867.38844581
2022-01-22T08:00:00Z,2463.23,2518.07,2300,2386.79,66130.26602102
2022-01-22T16:00:00Z,2386.4,2474,2318.91,2411.56,58380.29194065
2022-01-23T00:00:00Z,2412.05,2502.15,2386.37,2488.14,31880.33901896
2022-01-23T08:00:00Z,2488.22,2551.7,2405.5,2432.9,46590.19212452
2022-01-23T16:00:00Z,2432.9,2550,2370.94,2539.68,34176.94754668
2022-01-24T00:00:00Z,2539.68,2540.73,2380.34,2385.76,33438.92254928
2022-01-24T08:00:00Z,2385.76,2443.1,2158.04,2275.16,85307.74659933
2022-01-24T16:00:00Z,2275.16,2480,2213.26,2440.38,62710.6601645
2022-01-25T00:00:00Z,2440.01,2442.44,2351.59,2384.22,23950.89835983
2022-01-25T08:00:00Z,2383.02,2468.96,2364.98,2418.93,38642.72835087
2022-01-25T16:00:00Z,2419.42,2506.95,2404.01,2459,42761.71306543
2022-01-26T00:00:00Z,2459,2505.6,2414.35,2462.67,27339.56598999
2022-01-26T08:00:00Z,2462.45,2666.4,2461.6,2605.26,53337.9203123
2022-01-26T16:00:00Z,2605.26,2722.53,2402.47,2462.3,82184.91431245
2022-01-27T00:00:00Z,2463,2494.88,2345.72,2403.22,52922.41424326
2022-01-27T08:00:00Z,2403.55,2521.38,2385.73,2479.26,39249.74373127
2022-01-27T16:00:00Z,2480.1,2496,2315.59,2424.72,59423.35978699
2022-01-28T00:00:00Z,2424.73,2474.37,2362.57,2390.81,39808.64931075
2022-01-28T08:00:00Z,2390.81,2448.4,2358.22,2443.17,45691.9538237
2022-01-28T16:00:00Z,2443.17,2558.4,2426.2,2546.15,39088.77486958
2022-01-29T00:00:00Z,2546.13,2587.1,2518,2568.13,23255.27785992
2022-01-29T08:00:00Z,2568.13,2608.31,2525.2,2544.21,23543.96882466
2022-01-29T16:00:00Z,2543.29,2636.75,2526.29,2601.99,22489.00679052
2022-01-30T00:00:00Z,2601.78,2633,2550.4,2619.1,19227.74422581
2022-01-30T08:00:00Z,2619.1,2639.7,2584.4,2617.46,18241.98937643
2022-01-30T16:00:00Z,2617.48,2630.29,2542.06,2601.24,26021.84676448
2022-01-31T00:00:00Z,2601.24,2607.82,2476.44,2528.98,24784.33780334
2022-01-31T08:00:00Z,2529,2635.19,2518.12,2620.74,30388.13246411
2022-01-31T16:00:00Z,2621,2706.27,2614.36,2686.71,38657.01142809
2022-02-01T00:00:00Z,2686.94,2766.95,2674.47,2736.68,28472.14962902
2022-02-01T08:00:00Z,2737.09,2810.6,2719.8,2768.69,32701.57785673
2022-02-01T16:00:00Z,2768.89,2813.82,2746.62,2787.52,29392.96417858
2022-02-02T00:00:00Z,2787.41,2803,2741.4,2750.03,22654.5213646
2022-02-02T08:00:00Z,2750.37,2810.57,2653.39,2663.63,36269.34207682
2022-02-02T16:00:00Z,2663.47,2734.52,2613.43,2679.78,51273.69141998
2022-02-03T00:00:00Z,2680.39,2724.16,2637.95,2670.5,25835.36508984
2022-02-03T08:00:00Z,2670.46,2684.8,2575.61,2641.04,33951.80976277
2022-02-03T16:00:00Z,2641.03,2699.63,2576,2696.71,37417.81183304
2022-02-04T00:00:00Z,2696.34,2810,2670.8,2803.83,30914.41625203
2022-02-04T08:00:00Z,2803.84,2926.85,2762.5,2872.33,56816.30983554
2022-02-04T16:00:00Z,2872.04,2998.8,2868.16,2995.87,44327.63163032
2022-02-05T00:00:00Z,2995.87,3036.97,2957.77,3001.48,28239.8218142
2022-02-05T08:00:00Z,3001.49,3065.22,2988,3051.71,23359.65289559
2022-02-05T16:00:00Z,3051.41,3055.75,2959.99,3013.39,23999.66879015
2022-02-06T00:00:00Z,3012.74,3034.19,2989.71,3010.6,10959.30953752
2022-02-06T08:00:00Z,3009.96,3046.65,2946.4,2991.35,24249.49394636
2022-02-06T16:00:00Z,2991.84,3077.7,2975.45,3055.97,22674.88119194
2022-02-07T00:00:00Z,3055.98,3111,2993.17,3079.44,38452.2481049
2022-02-07T08:00:00Z,3079.44,3128.83,3050,3123.73,34184.65415985
2022-02-07T16:00:00Z,3122.87,3187.2,3106.51,3139.76,40237.49154385
2022-02-08T00:00:00Z,3139.76,3233.51,3112.05,3173.48,35958.54380089
2022-02-08T08:00:00Z,3173.49,3178.24,3020,3076.34,50557.94156819
2022-02-08T16:00:00Z,3076.35,3137.9,3025.71,3116.6,43200.34577736
2022-02-09T00:00:00Z,3116.8,3136.39,3055.16,3105.68,25002.44695368
2022-02-09T08:00:00Z,3105.91,3216.28,3068.69,3179.22,29493.67539524
2022-02-09T16:00:00Z,3178.68,3270.63,3163.51,3243.58,32385.67907782
2022-02-10T00:00:00Z,3243.59,3248.2,3156.93,3189.83,21025.54428153
2022-02-10T08:00:00Z,3189.84,3284,3083.56,3209.74,63273.20666877
2022-02-10T16:00:00Z,3209.74,3247,3056.72,3072.44,41123.19573753
2022-02-11T00:00:00Z,3072.56,3105.69,3000.84,3098.51,27415.02386044
2022-02-11T08:00:00Z,3098.51,3139.37,3062.32,3103.43,27776.90482186
2022-02-11T16:00:00Z,3103.3,3113.14,2875,2926.93,55795.78057769
2022-02-12T00:00:00Z,2926.92,2961.77,2881.53,2918.71,24205.33026995
2022-02-12T08:00:00Z,2918.72,2943.59,2857,2880.15,25995.16679428
2022-02-12T16:00:00Z,2880.14,2985.6,2864.55,2918.91,30061.78691388
2022-02-13T00:00:00Z,2918.91,2946.7,2897.6,2922.62,12560.654205
2022-02-13T08:00:00Z,2922.62,2954.52,2903.87,2919.01,16135.49177469
2022-02-13T16:00:00Z,2919.32,2921.81,2835.28,2871.82,30464.72632407
2022-02-14T00:00:00Z,2871.82,2893.19,2830,2882.48,21594.35387792
2022-02-14T08:00:00Z,2882.18,2966.24,2846.3,2937.55,33515.08482419
2022-02-14T16:00:00Z,2937.55,2964.76,2857.21,2929.97,34090.16828839
2022-02-15T00:00:00Z,2929.97,3061.73,2912.81,3049.75,31470.65810641000000003
2022-02-15T08:00:00Z,3049.76,3147.77,3041.11,3122.82,33852.00864291
2022-02-15T16:00:00Z,3122.82,3197.57,3087.3,3183.96,25191.27645353
2022-02-16T00:00:00Z,3184.19,3184.64,3105.36,3149.05,22223.37355552
2022-02-16T08:00:00Z,3149.05,3163.02,3052,3066.17,26778.6160286
2022-02-16T16:00:00Z,3066.18,3188.65,3037.8,3122.17,26452.75263383
2022-02-17T00:00:00Z,3122.44,3160.01,3051,3109.04,24340.49291136
2022-02-17T08:00:00Z,3109.04,3135.8,2961.7,2989.08,36290.83002598
2022-02-17T16:00:00Z,2989.35,3005.18,2852,2891.64,46923.06769243
2022-02-18T00:00:00Z,2891.74,2920.2,2861,2904.74,22046.06006867
2022-02-18T08:00:00Z,2904.82,2944.09,2783.51,2799.68,39514.32918174
2022-02-18T16:00:00Z,2799.67,2826.19,2749.6,2779.52,39546.36269571
2022-02-19T00:00:00Z,2779.53,2830.59,2766.6,2811.9,16209.69581847
2022-02-19T08:00:00Z,2812.16,2819.38,2695.3,2745.7,25120.24159522
2022-02-19T16:00:00Z,2745.7,2795.43,2727.53,2763.88,21655.90847044
2022-02-20T00:00:00Z,2763.88,2764.99,2621,2653.54,25906.96493388
2022-02-20T08:00:00Z,2653.54,2664,2600,2652.61,24758.86232834
2022-02-20T16:00:00Z,2652.6,2675.6,2575.76,2621.86,27473.55434572
2022-02-21T00:00:00Z,2621.85,2756.24,2605.29,2747.74,26610.88826553
2022-02-21T08:00:00Z,2747.73,2759.89,2581.71,2722.93,49884.05728363
2022-02-21T16:00:00Z,2723.42,2744.97,2558.5,2568.9,47985.66925274
2022-02-22T00:00:00Z,2568.9,2621.92,2500,2515.61,33705.18713633
2022-02-22T08:00:00Z,2515.84,2666,2514.56,2624.45,44622.1881097
2022-02-22T16:00:00Z,2623.84,2661.36,2580.2,2636.66,37404.84534124
2022-02-23T00:00:00Z,2636.45,2698.38,2595.77,2695.06,26848.03621757
2022-02-23T08:00:00Z,2695.06,2752.89,2682.26,2688.29,30497.0025587
2022-02-23T16:00:00Z,2688.29,2730,2575.6,2579.14,37541.71472122
2022-02-24T00:00:00Z,2579.14,2592.99,2300,2370.94,84217.76570313
2022-02-24T08:00:00Z,2370.76,2477.5,2332.1,2455.36,75616.13466111
2022-02-24T16:00:00Z,2455.36,2755.4,2429.3,2595.5,90543.03651953
2022-02-25T00:00:00Z,2595.99,2649.91,2582.68,2613.23,38835.57281632
2022-02-25T08:00:00Z,2613.14,2744.07,2571.9,2732.79,46486.11060747
2022-02-25T16:00:00Z,2733.85,2833.3,2665.42,2767.99,44696.97240493
2022-02-26T00:00:00Z,2767.99,2878.9,2756.6,2792.74,27913.02790809
2022-02-26T08:00:00Z,2792.69,2816.39,2727.8,2784.89,28454.30627352
2022-02-26T16:00:00Z,2784.89,2855,2764.5,2778.96,27650.81351343
2022-02-27T00:00:00Z,2778.96,2791,2678,2735.63,24022.70173374
2022-02-27T08:00:00Z,2735.47,2836.31,2709.23,2808.47,46712.18712879
2022-02-27T16:00:00Z,2808.49,2809.29,2558.17,2617,63295.04593446
2022-02-28T00:00:00Z,2617.09,2679,2569.08,2635.13,47382.06555297
2022-02-28T08:00:00Z,2635.13,2826.67,2606.96,2815.41,40810.25694405
2022-02-28T16:00:00Z,2815.41,2955.54,2787.9,2921.96,54217.94309927
2022-03-01T00:00:00Z,2921.66,2974.42,2882.16,2921.3,27077.22762014
2022-03-01T08:00:00Z,2921.55,3037.59,2853.75,2949.96,34514.19499665
2022-03-01T16:00:00Z,2949.37,2979.68,2896.37,2976.1,19708.05292525
2022-03-02T00:00:00Z,2976.24,3044.17,2914,2969.13,23061.30024902
2022-03-02T08:00:00Z,2969.08,3035,2925.31,2951.98,37583.58169095
2022-03-02T16:00:00Z,2952.63,2987.85,2914.34,2947.4,23029.91990897
2022-03-03T00:00:00Z,2947.4,2971.38,2871,2908.41,21600.08300929
2022-03-03T08:00:00Z,2908.71,2935.44,2816.05,2827.97,22827.66687447
2022-03-03T16:00:00Z,2827.98,2849.55,2784.74,2833.29,28188.23535746
2022-03-04T00:00:00Z,2833.29,2838.01,2678.36,2732.69,28437.43600341
2022-03-04T08:00:00Z,2732.82,2759.24,2665.34,2671.84,24602.58319854
2022-03-04T16:00:00Z,2671.54,2697.76,2572.54,2622.3,29433.69812127
2022-03-05T00:00:00Z,2622.01,2643.8,2589.04,2638.22,14050.02079854
2022-03-05T08:00:00Z,2638.39,2672.39,2627.4,2642.59,12421.06022602
2022-03-05T16:00:00Z,2642.88,2686,2639.52,2665.79,12166.06139294
2022-03-06T00:00:00Z,2665.26,2676.28,2615.4,2645.08,12674.75808633
2022-03-06T08:00:00Z,2645.08,2648.99,2582.71,2627.12,19322.76432612
2022-03-06T16:00:00Z,2627.11,2655.4,2534.84,2550.28,19508.18156271
2022-03-07T00:00:00Z,2550.64,2561.16,2508.23,2521.2,24054.86501036
2022-03-07T08:00:00Z,2521.06,2648.99,2493.99,2617.15,29336.71776268
2022-03-07T16:00:00Z,2617.1,2640.58,2445.34,2492.17,48250.25446038
2022-03-08T00:00:00Z,2491.3,2573.16,2480.19,2535.94,20620.10937289
2022-03-08T08:00:00Z,2535.94,2609.8,2527.51,2559.44,25131.06116444
2022-03-08T16:00:00Z,2559.69,2624.5,2525.26,2575.97,25758.41765336
2022-03-09T00:00:00Z,2575.97,2747.66,2568.11,2745.95,32501.172758
2022-03-09T08:00:00Z,2745.37,2773.91,2712.1,2757.01,28636.85141088
2022-03-09T16:00:00Z,2757.73,2759.38,2679.09,2727.3,16173.22757513
2022-03-10T00:00:00Z,2727.54,2733.74,2572.22,2593.16,20040.33255109
2022-03-10T08:00:00Z,2593.17,2647.64,2551.82,2598.01,17267.0063713
2022-03-10T16:00:00Z,2597.31,2621.03,2583.86,2606.81,9569.05024928
2022-03-11T00:00:00Z,2606.76,2617.16,2521.81,2608.33,13282.22900791
2022-03-11T08:00:00Z,2608.83,2676.9,2567.55,2580.83,16717.40665499
2022-03-11T16:00:00Z,2580.58,2587,2526.84,2556.7,10608.00108659
2022-03-12T00:00:00Z,2556.71,2600.68,2553.3,2588.91,6196.73897479
2022-03-12T08:00:00Z,2589.38,2596.67,2562.59,2585,6111.46454479
2022-03-12T16:00:00Z,2585.01,2614.4,2562.66,2568.56,8730.28091313
2022-03-13T00:00:00Z,2568.58,2603.52,2557.76,2581.09,5743.48160413
2022-03-13T08:00:00Z,2581.1,2595.81,2533.78,2579.73,9477.04379953
2022-03-13T16:00:00Z,2579.51,2586.5,2492.92,2515.65,10769.37990631
2022-03-14T00:00:00Z,2515.65,2605.14,2499.08,2586.93,12817.62758742
2022-03-14T08:00:00Z,2587.17,2608.9,2555,2573.34,10638.25231338
2022-03-14T16:00:00Z,2573.24,2596.3,2514.26,2590.08,13384.35434156
2022-03-15T00:00:00Z,2590.08,2602.72,2506,2532.6,11983.0316864
2022-03-15T08:00:00Z,2532.6,2592,2510.57,2572.18,9528.88351713
2022-03-15T16:00:00Z,2572.01,2668.39,2567.71,2618.01,16338.63373522
2022-03-16T00:00:00Z,2618.01,2733.1,2603.59,2646.06,18237.42083971
2022-03-16T08:00:00Z,2646.5,2723.4,2644.54,2704.28,13984.44524765
2022-03-16T16:00:00Z,2704.29,2789.3,2631.78,2773.66,23468.24797983
2022-03-17T00:00:00Z,2773.65,2787.5,2746.75,2755.86,8730.8875259
2022-03-17T08:00:00Z,2755.81,2836.65,2751.53,2801.72,14718.01529348
2022-03-17T16:00:00Z,2801.68,2834.9,2774.45,2812.68,11568.6650594
2022-03-18T00:00:00Z,2812.7,2814.18,2767.2,2794.28,8534.09487196
2022-03-18T08:00:00Z,2794.29,2901.92,2780.62,2896.73,15321.96950733
2022-03-18T16:00:00Z,2896.73,2984.3,2882.59,2939.07,18494.94568938
2022-03-19T00:00:00Z,2939.1,2979.84,2921.31,2924.03,8759.91049746
2022-03-19T08:00:00Z,2924.04,2977.87,2922.36,2967.71,7396.04127772
2022-03-19T16:00:00Z,2967.71,2987.64,2893.24,2950.89,10710.92174652
2022-03-20T00:00:00Z,2950.89,2964.2,2907.13,2925.21,6970.76332923
2022-03-20T08:00:00Z,2925.21,2930.7,2847.29,2854.05,10951.27760708
2022-03-20T16:00:00Z,2854.05,2912.36,2818.11,2861.72,14980.10270363
2022-03-21T00:00:00Z,2861.73,2895.33,2830.8,2890.39,12180.83160871
2022-03-21T08:00:00Z,2889.96,2956.96,2873.62,2955,14246.61427957
2022-03-21T16:00:00Z,2955.31,2960.76,2882.93,2890.29,11614.53935347
2022-03-22T00:00:00Z,2890.28,3054.4,2886.55,2992.9,23210.55114567
2022-03-22T08:00:00Z,2992.91,3029.3,2985.21,3002.42,13936.65076958
2022-03-22T16:00:00Z,3002.43,3016.8,2960.61,2969.16,13323.65103007
2022-03-23T00:00:00Z,2969.42,2992.8,2920.05,2949.54,13327.69409678
2022-03-23T08:00:00Z,2949.55,3039.2,2933.78,3031.61,15487.27770389
2022-03-23T16:00:00Z,3031.61,3044.47,2951.81,3035.96,15413.07235428
2022-03-24T00:00:00Z,3035.96,3081.14,3005.01,3037.16,17348.89223032
2022-03-24T08:00:00Z,3037.32,3129.22,3002.35,3115.09,22020.11658162
2022-03-24T16:00:00Z,3115.08,3122.98,3085.78,3110.72,12542.15769934
2022-03-25T00:00:00Z,3110.72,3146.41,3094.02,3128.29,11484.85639389
2022-03-25T08:00:00Z,3128.3,3193.78,3096,3120.25,21800.98298241
2022-03-25T16:00:00Z,3120.38,3138.62,3076.5,3101.96,13778.20645019
2022-03-26T00:00:00Z,3101.96,3138.9,3085,3134.36,7012.4336112
2022-03-26T08:00:00Z,3134.37,3139.1,3108,3116.49,6431.96393158
2022-03-26T16:00:00Z,3116.5,3152.39,3109.18,3144.66,8098.38464475
2022-03-27T00:00:00Z,3144.67,3169.64,3133.91,3155.1,8639.36343833
2022-03-27T08:00:00Z,3155.1,3176.71,3126.5,3170.43,9879.39564398
2022-03-27T16:00:00Z,3170.43,3299.62,3164.42,3295.48,23093.30694653
2022-03-28T00:00:00Z,3295.48,3339.13,3275.23,3319.38,24555.13094961
2022-03-28T08:00:00Z,3319.38,3400.44,3305.4,3357.4,27174.23890075
2022-03-28T16:00:00Z,3357.4,3430,3311,3333.69,35990.37639207
2022-03-29T00:00:00Z,3333.69,3423.3,3330.67,3387.54,20021.07409991
2022-03-29T08:00:00Z,3387.53,3481.93,3385.75,3403.42,31000.96628563
2022-03-29T16:00:00Z,3403.43,3442.6,3342.25,3400.52,25690.80154322
2022-03-30T00:00:00Z,3400.52,3417.74,3331.9,3408.35,19969.70963685
2022-03-30T08:00:00Z,3408.35,3419.15,3348.23,3382.69,19216.50318581
2022-03-30T16:00:00Z,3382.69,3447.29,3371.33,3386.05,24625.72957489
2022-03-31T00:00:00Z,3386.04,3425,3377.68,3403.4,17719.79598655
2022-03-31T08:00:00Z,3403.39,3444.45,3336.44,3350,30511.37723948
2022-03-31T16:00:00Z,3350,3355.4,3262.5,3281.09,47672.58308554
2022-04-01T00:00:00Z,3281.88,3308.97,3210.93,3280.34,36010.24751019
2022-04-01T08:00:00Z,3280.34,3452.18,3261.91,3432.36,47680.62610937
2022-04-01T16:00:00Z,3432.35,3481.2,3405.3,3455.55,41620.76950644
2022-04-02T00:00:00Z,3455.54,3523.59,3439.01,3483.7,37054.23774453
2022-04-02T08:00:00Z,3484.03,3531.27,3445,3461.86,41166.70737605
2022-04-02T16:00:00Z,3461.55,3487.64,3430.78,3444.31,29076.93151476
2022-04-03T00:00:00Z,3444.31,3508.09,3412.27,3490.39,26131.71574696
2022-04-03T08:00:00Z,3490.46,3519.67,3470.77,3500.09,31872.49076199
2022-04-03T16:00:00Z,3500.09,3580.28,3476.3,3521.62,43903.63562396
2022-04-04T00:00:00Z,3521.63,3523.41,3469.3,3502.41,31010.64953145
2022-04-04T08:00:00Z,3502.41,3505.7,3421.3,3424.65,56945.37453463
2022-04-04T16:00:00Z,3425,3547.8,3408.16,3518.9,48926.41252595
2022-04-05T00:00:00Z,3518.9,3535.81,3500.15,3526.75,23362.99722018
2022-04-05T08:00:00Z,3526.75,3554.74,3440.2,3452.49,38692.41316363
2022-04-05T16:00:00Z,3452.49,3477.4,3396.49,3406.31,36159.46446459
2022-04-06T00:00:00Z,3406.8,3407.42,3262.4,3345.96,45712.60405656
2022-04-06T08:00:00Z,3345.97,3360.81,3215.59,3257.1,42683.83982038
2022-04-06T16:00:00Z,3256.67,3263.91,3161.7,3167.78,31450.34776507
2022-04-07T00:00:00Z,3167.69,3234.58,3141.51,3225.09,15994.56858696
2022-04-07T08:00:00Z,3225.1,3269.1,3159.32,3199.27,21857.46454764
2022-04-07T16:00:00Z,3198.74,3259.15,3195.25,3226.96,15900.58461324
2022-04-08T00:00:00Z,3226.87,3288,3216.42,3286.59,19202.93964285
2022-04-08T08:00:00Z,3286.59,3314.2,3211.84,3280.89,31306.56034481
2022-04-08T16:00:00Z,3280.95,3291.49,3174.06,3192.65,23088.66529596
2022-04-09T00:00:00Z,3192.14,3228.31,3180.09,3209.57,9992.32961234
2022-04-09T08:00:00Z,3209.57,3234.2,3194.12,3208.85,8749.47582035
2022-04-09T16:00:00Z,3208.95,3268.95,3202.34,3258.58,11792.5549717
2022-04-10T00:00:00Z,3258.58,3267.6,3234.44,3242.64,7020.93831578
2022-04-10T08:00:00Z,3242.65,3260.9,3232.6,3256.07,7625.04658635
2022-04-10T16:00:00Z,3256.08,3307.44,3191,3202.31,23644.93783042
2022-04-11T00:00:00Z,3202.32,3213.82,3153,3178.88,15698.19115156
2022-04-11T08:00:00Z,3178.69,3180.5,3002.32,3003.02,29309.74060324
2022-04-11T16:00:00Z,3002.76,3040.23,2947.79,2979.84,26060.68665452
2022-04-12T00:00:00Z,2979.84,3027.94,2949,3025.09,19240.0730437
2022-04-12T08:00:00Z,3025.08,3085.13,3012,3044.58,32718.67578654
2022-04-12T16:00:00Z,3045.39,3063.49,2967.15,3027.2,28110.54669399
2022-04-13T00:00:00Z,3027.2,3069.81,3005.62,3051.04,23275.97545806
2022-04-13T08:00:00Z,3051.28,3116.17,2998.66,3093.47,36121.50737106
2022-04-13T16:00:00Z,3093.48,3131.07,3070.22,3118.22,23862.07904305
2022-04-14T00:00:00Z,3118.22,3146.08,3099.46,3113.67,13825.64393803
2022-04-14T08:00:00Z,3113.66,3122.15,3011.56,3016.21,28842.64812959
2022-04-14T16:00:00Z,3016.21,3026.2,2975.94,3022.05,19051.83406568
2022-04-15T00:00:00Z,3022.06,3046.83,3011.15,3033.95,9988.05996386
2022-04-15T08:00:00Z,3034.96,3060,2993.63,3028.51,13872.88852783
2022-04-15T16:00:00Z,3028.52,3044.67,3009.21,3040.2,9155.55742286
2022-04-16T00:00:00Z,3040.2,3049.79,3032.73,3034.2,5803.39727551
2022-04-16T08:00:00Z,3034.2,3058.6,3010.45,3017.22,11552.27063444
2022-04-16T16:00:00Z,3017.22,3085.87,3013.79,3059.53,11349.08251533
2022-04-17T00:00:00Z,3059.53,3064.44,3022.05,3038.03,8888.74583789
2022-04-17T08:00:00Z,3037.87,3082.29,3037.33,3072.97,13937.15516903
2022-04-17T16:00:00Z,3072.97,3077.99,2981.85,2988.36,24208.96099895
2022-04-18T00:00:00Z,2987.69,3002.35,2880,2892.22,20762.67963783
2022-04-18T08:00:00Z,2892.22,2952.39,2889,2914.9,17073.81866467
2022-04-18T16:00:00Z,2914.73,3069.97,2895.19,3055.87,28490.47778832
2022-04-19T00:00:00Z,3055.87,3094.83,3030.06,3039.29,22905.74368263
2022-04-19T08:00:00Z,3039.28,3130.14,3032.68,3110.94,31035.45050274
2022-04-19T16:00:00Z,3110.65,3125.29,3080.61,3102.43,17426.69465154
2022-04-20T00:00:00Z,3102.01,3115,3066.38,3089.63,16899.50387241
2022-04-20T08:00:00Z,3089.62,3167,3051.8,3068.57,44673.39900702
2022-04-20T16:00:00Z,3068.27,3096.47,3035.81,3076.5,23658.0788195
2022-04-21T00:00:00Z,3076.03,3105.91,3066.27,3101.3,21213.52649239
2022-04-21T08:00:00Z,3101.31,3178.8,3084.55,3104.76,45891.19549125
2022-04-21T16:00:00Z,3104.76,3108.18,2941,2983.18,39582.92179388
2022-04-22T00:00:00Z,2983.19,3034.71,2968.33,3020.18,24910.75353066
2022-04-22T08:00:00Z,3020.18,3029.35,2943.61,2949.38,34754.32701501
2022-04-22T16:00:00Z,2949.87,2983.3,2934.37,2962.23,25282.10849668
2022-04-23T00:00:00Z,2962.23,2975.74,2915.77,2959.68,12450.74273024
2022-04-23T08:00:00Z,2959.91,2971.42,2946.33,2966.31,9034.46723953
2022-04-23T16:00:00Z,2966.32,2978.49,2921.5,2932.46,9473.46291448
2022-04-24T00:00:00Z,2932.46,2959.95,2922.35,2949.27,7771.46601369
2022-04-24T08:00:00Z,2949.27,2957.51,2912.22,2944.1,12966.27818048
2022-04-24T16:00:00Z,2944.11,2967.2,2916.51,2921,18374.23261432
2022-04-25T00:00:00Z,2921.01,2925.42,2794.6,2811.5,27975.85710506
2022-04-25T08:00:00Z,2811.49,2896.19,2797.55,2869.41,27960.17576368
2022-04-25T16:00:00Z,2869.41,3027,2865.35,3006.39,26231.69995984
2022-04-26T00:00:00Z,3006.71,3038.2,2979.49,3003.57,14403.11295066
2022-04-26T08:00:00Z,3003.57,3020.96,2854.1,2859.62,25900.2245519
2022-04-26T16:00:00Z,2859.62,2885.4,2766.16,2809.44,33114.23677415
2022-04-27T00:00:00Z,2809.99,2889,2794.07,2888.27,14450.25000348
2022-04-27T08:00:00Z,2889,2919.88,2821.31,2864.82,26788.19562936
2022-04-27T16:00:00Z,2864.94,2899.25,2838.59,2889.39,14722.97635963
2022-04-28T00:00:00Z,2889.39,2934.82,2868.84,2901,15805.14965394
2022-04-28T08:00:00Z,2900.91,2947,2854.28,2890.62,33776.68270435
2022-04-28T16:00:00Z,2889.68,2980,2875.67,2936.96,27603.99213788
2022-04-29T00:00:00Z,2936.96,2947,2904.29,2925.87,16818.23272108
2022-04-29T08:00:00Z,2925.87,2927.65,2832.15,2856.68,37659.42920113
2022-04-29T16:00:00Z,2856.68,2858.13,2776.8,2816.99,26411.13161257
2022-04-30T00:00:00Z,2816.77,2841.48,2809.24,2829.44,11811.11205207
2022-04-30T08:00:00Z,2829.44,2840.3,2771.53,2815.88,15667.33092614
2022-04-30T16:00:00Z,2815.89,2821.4,2714.41,2726.95,25965.92422644
2022-05-01T00:00:00Z,2726.95,2795.4,2716.7,2766.46,24100.3363169
2022-05-01T08:00:00Z,2766.46,2818.79,2753.3,2806.02,17179.03311386
2022-05-01T16:00:00Z,2806.25,2850,2756,2824.74,28719.50565768
2022-05-02T00:00:00Z,2824.73,2874.9,2823.38,2845.81,27767.09620195
2022-05-02T08:00:00Z,2845.82,2855.43,2779.38,2827.8,33150.75470884
2022-05-02T16:00:00Z,2828,2882,2779.06,2855.84,32963.24778283
2022-05-03T00:00:00Z,2856.24,2861.5,2827.81,2845.01,16239.19142119
2022-05-03T08:00:00Z,2845.01,2853.96,2815.8,2822.96,23501.02560695
2022-05-03T16:00:00Z,2822.97,2828.69,2754.41,2781.72,27149.12879744
2022-05-04T00:00:00Z,2781.72,2832.98,2771.63,2830,14248.09664556
2022-05-04T08:00:00Z,2830,2886.87,2826,2844.02,19312.47697537
2022-05-04T16:00:00Z,2844.02,2969.26,2825.9,2940.64,26421.61095805
2022-05-05T00:00:00Z,2940.65,2954.5,2925.25,2934.33,14468.240993
2022-05-05T08:00:00Z,2934.33,2938.38,2728.13,2742.74,37200.20776465
2022-05-05T16:00:00Z,2742.6,2771.12,2686.6,2749.24,43552.50444069
2022-05-06T00:00:00Z,2749.26,2758.19,2694.79,2730.34,21012.03781289
2022-05-06T08:00:00Z,2730.24,2744.7,2632,2687.83,50215.11757171
2022-05-06T16:00:00Z,2687.83,2713.29,2669.75,2692,28070.15882418
2022-05-07T00:00:00Z,2692,2698,2653.1,2672.71,17484.84918932
2022-05-07T08:00:00Z,2672.72,2704.32,2667.64,2692.48,17295.67533945
2022-05-07T16:00:00Z,2692.48,2701.51,2581.91,2635.78,39639.38383269
2022-05-08T00:00:00Z,2635.79,2641.06,2518.2,2556.43,40586.15337351
2022-05-08T08:00:00Z,2556.43,2578.21,2512.81,2516.62,26010.57741333
2022-05-08T16:00:00Z,2516.69,2571.93,2481.27,2519.95,24508.45155845
2022-05-09T00:00:00Z,2519.95,2530.7,2423.39,2447.87,27985.86642416
2022-05-09T08:00:00Z,2447.88,2469.6,2347.06,2381.01,61432.61203584
2022-05-09T16:00:00Z,2381.01,2405,2225.12,2229.29,96931.53859342
2022-05-10T00:00:00Z,2228.37,2439.29,2200,2372.84,66211.51659258
2022-05-10T08:00:00Z,2374.19,2457.69,2321.9,2361.89,72206.27559863
2022-05-10T16:00:00Z,2361.9,2410.5,2259.62,2342,56388.78700075
2022-05-11T00:00:00Z,2342,2405,2268,2316.17,84672.90807826
2022-05-11T08:00:00Z,2316.17,2451.8,2100,2266.01,140786.61583288
2022-05-11T16:00:00Z,2266,2284,2003.91,2085.6,94025.21482976
2022-05-12T00:00:00Z,2085.49,2194.36,1792.41,1919.57,139823.70468508
2022-05-12T08:00:00Z,1920,2053.08,1871,1968.01,106044.58184186
2022-05-12T16:00:00Z,1968.41,2039,1869.57,1960.15,69474.9396485
2022-05-13T00:00:00Z,1960.15,2145.1,1940.55,2047.83,57780.53648305
2022-05-13T08:00:00Z,2047.83,2148,2047.36,2093.71,50738.80113296
2022-05-13T16:00:00Z,2093.98,2112.59,2000.74,2009.22,42213.88002949
2022-05-14T00:00:00Z,2009.22,2069.85,2001.2,2031.82,25884.88239048
2022-05-14T08:00:00Z,2032.12,2054.49,1950.57,1963.72,29744.21732543
2022-05-14T16:00:00Z,1963.7,2066.9,1955.1,2056.43,39639.64179422
2022-05-15T00:00:00Z,2056.97,2079.59,2001,2037.62,15553.9895081
2022-05-15T08:00:00Z,2037.61,2099.98,2018.65,2062.23,24299.09337332
2022-05-15T16:00:00Z,2062.54,2167,2057.01,2145.5,31135.14155262
2022-05-16T00:00:00Z,2145.5,2145.5,1991.91,2011.52,27988.53843362
2022-05-16T08:00:00Z,2011.86,2060.45,1979.13,2014.87,29523.47415566
2022-05-16T16:00:00Z,2014.88,2056.37,1980,2023.44,25718.72351832
2022-05-17T00:00:00Z,2023.78,2093.92,2018.83,2070.86,15401.92905043
2022-05-17T08:00:00Z,2070.86,2123.34,2043.33,2061.14,26142.52811848
2022-05-17T16:00:00Z,2061.14,2102,2007.12,2090.96,40260.34665007
2022-05-18T00:00:00Z,2090.82,2110.81,2017.78,2038.98,36639.2666068
2022-05-18T08:00:00Z,2038.99,2049.3,1943.84,1955.95,34421.78855925
2022-05-18T16:00:00Z,1955.96,1993.7,1908,1914.89,31246.21168199
2022-05-19T00:00:00Z,1914.89,1973.1,1903,1952.5,31671.85529782
2022-05-19T08:00:00Z,1952.33,2039.9,1913.64,2023.34,46107.52229782
2022-05-19T16:00:00Z,2023.76,2029.36,1990.71,2020,29749.7804285
2022-05-20T00:00:00Z,2020,2053.89,2001.7,2026.18,20687.55498453
2022-05-20T08:00:00Z,2025.94,2064,1952.2,1961.05,30362.92479907
2022-05-20T16:00:00Z,1961.08,1978.85,1923,1959.01,30477.85384274
2022-05-21T00:00:00Z,1959.01,1986.45,1937.23,1978.77,17021.60289122
2022-05-21T08:00:00Z,1978.77,1988.82,1956.11,1980.64,23391.79035961
2022-05-21T16:00:00Z,1980.65,1991.19,1965.5,1974.97,16992.95646969
2022-05-22T00:00:00Z,1974.97,1984.1,1966.74,1975.9,11534.21146809
2022-05-22T08:00:00Z,1975.9,2038.49,1973.54,2004.32,28540.460474
2022-05-22T16:00:00Z,2004.32,2056.92,1992.4,2043.13,20624.49215946
2022-05-23T00:00:00Z,2043.13,2081.01,2019.29,2066.9,21525.8524066
2022-05-23T08:00:00Z,2066.9,2089.29,2035.47,2065.44,37522.59675977
2022-05-23T16:00:00Z,2065.45,2079.19,1956.87,1973.38,36129.2857764
2022-05-24T00:00:00Z,1973.4,1993.74,1968.99,1985.3,17935.75728576
2022-05-24T08:00:00Z,1985.12,1985.52,1912.62,1962.91,32758.6699676
2022-05-24T16:00:00Z,1962.72,1991.97,1935.29,1979.34,28286.51057895
2022-05-25T00:00:00Z,1979.33,2022.38,1970.11,1977.02,21725.90397723
2022-05-25T08:00:00Z,1977.02,1985.33,1934.4,1964.61,26068.42073864
2022-05-25T16:00:00Z,1964.61,1983.39,1941.04,1943,23192.79311443
2022-05-26T00:00:00Z,1943,1965.98,1909.83,1926.79,23662.23800976
2022-05-26T08:00:00Z,1926.8,1927.58,1733.38,1862.23,76011.36064337
2022-05-26T16:00:00Z,1862.23,1908.43,1789.09,1792.23,47822.49828811
2022-05-27T00:00:00Z,1791.65,1808.79,1712.62,1764.96,56979.12041329
2022-05-27T08:00:00Z,1764.47,1822.34,1750.44,1764.2,69593.45678744
2022-05-27T16:00:00Z,1764.42,1774.5,1707,1727.66,43577.37759226
2022-05-28T00:00:00Z,1727.66,1783.6,1722.19,1765.76,20411.07663852
2022-05-28T08:00:00Z,1765.76,1808.89,1749.13,1795.22,18351.66771606
2022-05-28T16:00:00Z,1795.23,1805.77,1759.5,1792.21,16023.08735695
2022-05-29T00:00:00Z,1792.22,1796.1,1762.2,1783.81,11813.69298348
2022-05-29T08:00:00Z,1783.82,1828.22,1774.64,1796.97,20927.18726282
2022-05-29T16:00:00Z,1797.19,1826.55,1785,1813.56,19936.90197076
2022-05-30T00:00:00Z,1813.57,1917.89,1803.52,1908.06,38190.16877559
2022-05-30T08:00:00Z,1908.06,1924.24,1872.55,1912.56,36325.54645773
2022-05-30T16:00:00Z,1912.56,2015,1906.27,1999.29,35102.83295345
2022-05-31T00:00:00Z,1999.3,2016.3,1960.11,1970.41,30802.93863581
2022-05-31T08:00:00Z,1970.41,1996,1930,1988.68,42873.05723093
2022-05-31T16:00:00Z,1988.69,1999.91,1924.8,1942.23,38460.06037281
2022-06-01T00:00:00Z,1942.23,1958.81,1913.61,1930.93,31132.01812237
2022-06-01T08:00:00Z,1930.93,1972.85,1879.34,1880.89,54623.76676419
2022-06-01T16:00:00Z,1880.71,1881.05,1762.3,1818.13,78812.01645047
2022-06-02T00:00:00Z,1818.12,1837.7,1802.32,1826.41,32628.85480604
2022-06-02T08:00:00Z,1826.41,1844.11,1782.59,1815.93,42424.3457738
2022-06-02T16:00:00Z,1816.27,1853.37,1800.64,1834.28,25629.96021726
2022-06-03T00:00:00Z,1834.27,1843.79,1806.54,1814.12,20967.12811318
2022-06-03T08:00:00Z,1813.91,1821.39,1737.09,1763.59,42707.21457895
2022-06-03T16:00:00Z,1763.59,1795.09,1742.51,1775.35,18889.35815717
2022-06-04T00:00:00Z,1775.35,1779.81,1748.6,1769.02,12041.46031198
2022-06-04T08:00:00Z,1769.01,1789.39,1756.91,1778.88,13252.44992577
2022-06-04T16:00:00Z,1778.88,1816.06,1766.97,1804.72,17996.23466622
2022-06-05T00:00:00Z,1804.84,1811.32,1784.35,1786.2,9669.17099459
2022-06-05T08:00:00Z,1786.21,1812.74,1772.86,1811.29,14812.48881795
2022-06-05T16:00:00Z,1811.29,1830,1795.4,1806.17,20226.19468645
2022-06-06T00:00:00Z,1806.17,1896,1804.32,1893.63,36873.21449947
2022-06-06T08:00:00Z,1893.63,1919.68,1865.64,1886.87,40152.19731075
2022-06-06T16:00:00Z,1886.88,1888.96,1843.36,1859.73,36132.63498998
2022-06-07T00:00:00Z,1859.74,1861.46,1725.98,1763.07,58036.85849983
2022-06-07T08:00:00Z,1763.08,1794.76,1736.57,1781.61,42579.79947621
2022-06-07T16:00:00Z,1781.61,1875,1753.13,1813.59,52571.42789212
2022-06-08T00:00:00Z,1813.21,1836.98,1765,1806.28,41891.24098916
2022-06-08T08:00:00Z,1806.29,1839.22,1784.32,1815.32,26651.40640332
2022-06-08T16:00:00Z,1815.33,1822.35,1771.6,1792,18892.4220537
2022-06-09T00:00:00Z,1792,1811.55,1777.44,1811.55,15149.75078401
2022-06-09T08:00:00Z,1811.55,1833.05,1780,1799.34,25867.33579249
2022-06-09T16:00:00Z,1799.25,1817.59,1781,1788.7,20430.95273235
2022-06-10T00:00:00Z,1788.7,1804.2,1745,1788.76,20437.42639692
2022-06-10T08:00:00Z,1788.6,1794.87,1708,1726.96,35822.62767004
2022-06-10T16:00:00Z,1726.73,1730.8,1654.56,1662.68,37443.50292299
2022-06-11T00:00:00Z,1662.68,1681.89,1658.4,1667.65,9295.85871803
2022-06-11T08:00:00Z,1667.56,1670.25,1500.37,1517.55,64671.67342221
2022-06-11T16:00:00Z,1518.11,1577.92,1507.12,1532.86,32623.88109787
2022-06-12T00:00:00Z,1533.19,1542.43,1425,1471.59,44092.80619809
2022-06-12T08:00:00Z,1471.59,1547,1428.86,1525.93,43910.87931722
2022-06-12T16:00:00Z,1525.93,1532.6,1433.6,1435.51,34313.21878832
2022-06-13T00:00:00Z,1435.05,1455,1262.9,1282.86,120970.11722501
2022-06-13T08:00:00Z,1282.86,1288.89,1164.36,1229.61,193861.76078712
2022-06-13T16:00:00Z,1229.9,1285,1168.51,1209.71,102333.03213389
2022-06-14T00:00:00Z,1209.71,1255.8,1076,1240.81,154753.74146939
2022-06-14T08:00:00Z,1241.07,1261.74,1154.55,1250.64,87686.12136248
2022-06-14T16:00:00Z,1250.64,1268.74,1159,1208.94,58505.40392481
2022-06-15T00:00:00Z,1208.95,1231.6,1082.67,1093.78,100004.62630664
2022-06-15T08:00:00Z,1094.03,1160,1014.17,1120.3,156761.11968187
2022-06-15T16:00:00Z,1120.3,1248.8,1043.68,1237.59,164810.4306036
2022-06-16T00:00:00Z,1237.58,1257.7,1156.18,1165.47,68051.11730203
2022-06-16T08:00:00Z,1165.55,1180.79,1082.07,1114.11,91224.03922214
2022-06-16T16:00:00Z,1114.29,1134.08,1052.12,1068.55,68571.73894306
2022-06-17T00:00:00Z,1068.55,1118.47,1051.17,1099.28,71709.2569671
2022-06-17T08:00:00Z,1099.29,1113.16,1064.16,1084.94,65783.5903475
2022-06-17T16:00:00Z,1084.94,1100.15,1071.81,1087,39479.93190432
2022-06-18T00:00:00Z,1087.01,1097.71,988,1003.58,59374.35418498
2022-06-18T08:00:00Z,1003.63,1018.1,975.21,989.47,66086.77613588
2022-06-18T16:00:00Z,989.47,1013.18,880.43,995.15,119512.68779899
2022-06-19T00:00:00Z,995.15,1009.69,936.12,955.74,62609.7860461
2022-06-19T08:00:00Z,955.75,1078,953.11,1071.93,99104.07213526
2022-06-19T16:00:00Z,1071.93,1159.09,1043.32,1128.63,77410.51376491
2022-06-20T00:00:00Z,1128.63,1133.08,1052.91,1079.76,74322.98436535
2022-06-20T08:00:00Z,1079.82,1169.99,1077.11,1134.94,100732.2529657
2022-06-20T16:00:00Z,1134.95,1138.66,1083.4,1128.14,61240.8602407
2022-06-21T00:00:00Z,1128.14,1164.89,1109.42,1148.22,68003.42908743
2022-06-21T08:00:00Z,1148.22,1193.91,1135.69,1167.92,80331.99449018
2022-06-21T16:00:00Z,1167.92,1174.76,1113.33,1125.64,55816.3454387
2022-06-22T00:00:00Z,1126.01,1127.38,1066.08,1075.24,47519.96081876
2022-06-22T08:00:00Z,1075.32,1124.83,1069.32,1074.91,56605.541048
2022-06-22T16:00:00Z,1074.9,1088.9,1043.67,1049.99,62664.58695735
2022-06-23T00:00:00Z,1049.82,1110,1045,1091.62,50751.9806823
2022-06-23T08:00:00Z,1091.61,1130.38,1087.41,1093.93,57724.61888642
2022-06-23T16:00:00Z,1094.12,1155,1082.69,1144.64,60655.04660294
2022-06-24T00:00:00Z,1144.54,1168.67,1132,1148.62,68732.06854596
2022-06-24T08:00:00Z,1148.5,1227,1143.26,1197.95,87135.05092522
2022-06-24T16:00:00Z,1197.95,1245.5,1183.75,1225.2,78229.75124626
2022-06-25T00:00:00Z,1225.2,1239.39,1204.13,1234.55,36106.33111977
2022-06-25T08:00:00Z,1234.54,1242,1181.53,1183.82,38779.7860481
2022-06-25T16:00:00Z,1183.83,1256.76,1180.02,1241.75,34177.98660277
2022-06-26T00:00:00Z,1242.3,1251.99,1227.57,1238.11,24220.95009491
2022-06-26T08:00:00Z,1238.12,1281.36,1211.21,1223.49,50549.16804267
2022-06-26T16:00:00Z,1223.5,1250,1194.54,1197.72,45214.31797162
2022-06-27T00:00:00Z,1197.72,1237.27,1195.72,1227.79,42837.78636288
2022-06-27T08:00:00Z,1227.8,1239,1175,1187.47,60753.21221756
2022-06-27T16:00:00Z,1187.47,1218.89,1173.59,1192.7,65338.40052573
2022-06-28T00:00:00Z,1192.43,1215.19,1162.02,1207.57,49824.47762851
2022-06-28T08:00:00Z,1207.57,1237.5,1181.93,1183.91,71656.7490738
2022-06-28T16:00:00Z,1183.91,1195.2,1136.66,1144.25,78696.31195181
2022-06-29T00:00:00Z,1144.24,1156.52,1114.18,1130.65,55214.00444526
2022-06-29T08:00:00Z,1130.66,1142.59,1090.24,1114.5,66234.75089365
2022-06-29T16:00:00Z,1114.1,1122.59,1087.5,1100.05,56615.62156439
2022-06-30T00:00:00Z,1100.28,1107.14,1052.7,1057.59,67162.68510446
2022-06-30T08:00:00Z,1057.58,1057.88,998.07,1032.38,114553.73106048
2022-06-30T16:00:00Z,1032.37,1083.77,1004.42,1071.43,75089.94902772
2022-07-01T00:00:00Z,1071.41,1116,1045.6,1066.89,81568.11853778
2022-07-01T08:00:00Z,1066.9,1086.4,1033.45,1056.77,65244.29204508
2022-07-01T16:00:00Z,1057.08,1092.99,1054,1059.71,39222.40408754
2022-07-02T00:00:00Z,1059.9,1070.26,1033.51,1042.02,38794.87938073
2022-07-02T08:00:00Z,1042.02,1065.2,1028,1052.59,34295.55336941
2022-07-02T16:00:00Z,1052.58,1079,1049.31,1067.1,28994.95328495
2022-07-03T00:00:00Z,1067.11,1088.2,1040.89,1063.91,32855.74563615
2022-07-03T08:00:00Z,1063.91,1065.71,1040.91,1050.68,23049.87470793
2022-07-03T16:00:00Z,1050.47,1087.34,1049.54,1074.26,29843.88979623
2022-07-04T00:00:00Z,1074.27,1076.65,1045.45,1050.94,29518.78819262
2022-07-04T08:00:00Z,1050.94,1131.67,1050.09,1112.11,69555.52521252
2022-07-04T16:00:00Z,1112.12,1160.69,1101.82,1150.9,59372.86575375
2022-07-05T00:00:00Z,1150.9,1173.59,1142.03,1158.06,47470.38097026
2022-07-05T08:00:00Z,1158.07,1158.51,1074.15,1092.97,78041.89849868
2022-07-05T16:00:00Z,1092.97,1170,1088.3,1132.3,66567.54582651
2022-07-06T00:00:00Z,1132.31,1154.61,1110.97,1139.3,59504.08851272
2022-07-06T08:00:00Z,1139.3,1155.88,1123.01,1133.41,55496.81426753
2022-07-06T16:00:00Z,1133.41,1204.89,1132.26,1186.47,57012.51448042
2022-07-07T00:00:00Z,1186.47,1189.66,1163.26,1176.74,28976.4537581
2022-07-07T08:00:00Z,1176.74,1229.6,1173.01,1220.5,47342.46499778
2022-07-07T16:00:00Z,1220.5,1255,1214.8,1237.18,61402.71474246
2022-07-08T00:00:00Z,1237.78,1276.69,1231.13,1241.34,55289.82956857
2022-07-08T08:00:00Z,1241.34,1244.69,1193.2,1235.91,82050.49726234
2022-07-08T16:00:00Z,1235.9,1255.1,1211.2,1214.12,48730.10769715
2022-07-09T00:00:00Z,1213.79,1227.24,1204.53,1224.86,24300.81244512
2022-07-09T08:00:00Z,1224.87,1227.85,1205.16,1215.29,25088.26817633
2022-07-09T16:00:00Z,1215.32,1235,1209.41,1216.78,26886.92644056
2022-07-10T00:00:00Z,1216.79,1219.77,1180.46,1189.47,34382.02682013
2022-07-10T08:00:00Z,1189.53,1194.2,1156.11,1163.04,42377.52984772
2022-07-10T16:00:00Z,1163.49,1185,1152.16,1168.4,37646.51771943
2022-07-11T00:00:00Z,1168.4,1171.64,1137.53,1143.26,47550.57157426
2022-07-11T08:00:00Z,1143.4,1161.3,1128.6,1143.64,51014.14171275
2022-07-11T16:00:00Z,1143.67,1156.69,1091.7,1096.12,56466.79371911
2022-07-12T00:00:00Z,1096.1,1098.35,1062.86,1068.89,49943.95936335
2022-07-12T08:00:00Z,1068.89,1083.56,1053.84,1075.97,64087.45677534
2022-07-12T16:00:00Z,1076.03,1088.92,1033.33,1038.46,61754.85868417
2022-07-13T00:00:00Z,1038.45,1072.35,1035.37,1069.34,42274.61843144
2022-07-13T08:00:00Z,1069.35,1103.82,1006.4,1060.43,111702.81601892
2022-07-13T16:00:00Z,1060.09,1120,1048.91,1115.67,69801.32377256
2022-07-14T00:00:00Z,1115.18,1127.22,1093.22,1097.42,37519.77432519
2022-07-14T08:00:00Z,1097.54,1147.84,1071.86,1140.56,73653.20592003
2022-07-14T16:00:00Z,1140.84,1214.87,1132.97,1193.59,89499.3694923
2022-07-15T00:00:00Z,1193.58,1223,1180.74,1211.5,53132.78483084
2022-07-15T08:00:00Z,1211.51,1237.5,1203.23,1222.06,70429.197373
2022-07-15T16:00:00Z,1221.66,1287.4,1203.12,1231.34,64350.19712233
2022-07-16T00:00:00Z,1231.01,1234.99,1191.83,1197.42,25573.80239957
2022-07-16T08:00:00Z,1197.42,1277,1193.37,1274.32,30377.62426043
2022-07-16T16:00:00Z,1274.27,1422.64,1272.4,1356.25,99017.64115584
2022-07-17T00:00:00Z,1355.91,1392.51,1328.43,1361.35,36058.92460701
2022-07-17T08:00:00Z,1361.3,1375.71,1330.9,1351.77,32375.75762388
2022-07-17T16:00:00Z,1351.77,1381.99,1318.29,1338.67,54593.56677228
2022-07-18T00:00:00Z,1338.66,1475.4,1335.85,1466.87,78118.2092823
2022-07-18T08:00:00Z,1466.86,1530,1455,1520.85,86587.98221915
2022-07-18T16:00:00Z,1520.85,1597.8,1450.47,1580.56,88436.94841799
2022-07-19T00:00:00Z,1580.91,1631.78,1492.62,1510.55,102735.56005074
2022-07-19T08:00:00Z,1511.02,1577.29,1505.79,1540.09,72411.91471125
2022-07-19T16:00:00Z,1540.1,1590,1525.71,1542.54,61366.81225488
2022-07-20T00:00:00Z,1542.54,1579,1510.05,1531.19,53369.4486998
2022-07-20T08:00:00Z,1531.19,1620.67,1526.51,1596.42,69357.21201433
2022-07-20T16:00:00Z,1596.42,1597.56,1484.16,1521.27,57608.09815085
2022-07-21T00:00:00Z,1521.27,1553.99,1463.5,1487.76,38725.36706567
2022-07-21T08:00:00Z,1487.77,1519.3,1475.94,1511.35,38953.50529684
2022-07-21T16:00:00Z,1510.72,1607,1509.14,1574.94,56048.42622367
2022-07-22T00:00:00Z,1574.93,1613.89,1552.4,1601.11,28636.66092627
2022-07-22T08:00:00Z,1601.6,1645.59,1569.41,1574.9,59531.30137431
2022-07-22T16:00:00Z,1574.63,1591.99,1515.1,1535.59,39988.08193494
2022-07-23T00:00:00Z,1535.6,1596.89,1523.8,1578.44,30056.90498623
2022-07-23T08:00:00Z,1578.46,1588.47,1502.69,1523.55,37250.27196631
2022-07-23T16:00:00Z,1523.55,1554.99,1487.18,1548.51,34246.38098685
2022-07-24T00:00:00Z,1548.51,1619.63,1546.2,1604.72,36257.34401194
2022-07-24T08:00:00Z,1604.47,1628.35,1573.15,1612.51,36545.94608714
2022-07-24T16:00:00Z,1612.52,1665,1583.71,1597.97,41068.53580564
2022-07-25T00:00:00Z,1597.6,1609.3,1499.61,1522.34,51703.11859582
2022-07-25T08:00:00Z,1522.32,1553.74,1502.56,1526.03,32283.54880072
2022-07-25T16:00:00Z,1526.08,1539.96,1435.44,1440.88,75407.333954
2022-07-26T00:00:00Z,1441.02,1449.89,1400,1409.19,53754.42966204
2022-07-26T08:00:00Z,1409.19,1423.83,1363.89,1368.59,49773.42407624
2022-07-26T16:00:00Z,1368.6,1454.6,1354.56,1449,58195.68351226
2022-07-27T00:00:00Z,1448.99,1472.6,1420.98,1464.64,34898.26413001
2022-07-27T08:00:00Z,1464.37,1497,1445.24,1489.29,41521.79025145
2022-07-27T16:00:00Z,1489.14,1644.3,1478.1,1635.95,113610.19746752
2022-07-28T00:00:00Z,1635.78,1676.65,1605.17,1618.59,44587.84425906
2022-07-28T08:00:00Z,1618.25,1754.39,1595.3,1728.36,80977.59390491
2022-07-28T16:00:00Z,1727.75,1784.17,1712.54,1724.21,67860.51859059
2022-07-29T00:00:00Z,1724.66,1752.5,1695.54,1715.6,36952.41221517
2022-07-29T08:00:00Z,1715.6,1743.97,1656.41,1721.37,60829.48335344
2022-07-29T16:00:00Z,1721.49,1765,1668.3,1721.45,49095.56191031
2022-07-30T00:00:00Z,1721.44,1734.6,1686,1715.34,32083.81062553
2022-07-30T08:00:00Z,1715.35,1744.19,1677.87,1736.68,36772.05655509
2022-07-30T16:00:00Z,1736.95,1737.41,1672.84,1696.81,33184.98496432
2022-07-31T00:00:00Z,1697.25,1713.88,1686.43,1697.71,17433.22915903
2022-07-31T08:00:00Z,1697.72,1723.07,1683.61,1711.7,20953.75741449
2022-07-31T16:00:00Z,1711.7,1753.89,1666.62,1678.1,41906.14749144
2022-08-01T00:00:00Z,1678.11,1704.89,1666.63,1692.86,26396.17083871
2022-08-01T08:00:00Z,1692.9,1695.19,1633.44,1672.57,39504.32699199
2022-08-01T16:00:00Z,1672.62,1673.68,1606.06,1629.62,40010.55448398
2022-08-02T00:00:00Z,1629.62,1656.69,1564.38,1593.4,42327.82508689
2022-08-02T08:00:00Z,1592.83,1637.5,1558.98,1629.68,56706.86615192
2022-08-02T16:00:00Z,1629.68,1678.2,1622.7,1630.35,49803.64767641
2022-08-03T00:00:00Z,1630.8,1642.81,1590,1628.71,33154.11345552
2022-08-03T08:00:00Z,1628.94,1686.12,1628.67,1656.15,42610.25992541
2022-08-03T16:00:00Z,1655.72,1671.54,1607.48,1618.42,39201.21919858
2022-08-04T00:00:00Z,1618.43,1663.08,1615.76,1625.44,33225.93365439
2022-08-04T08:00:00Z,1625.85,1643.58,1597,1615.55,37478.88915779
2022-08-04T16:00:00Z,1615.55,1624,1580.53,1607.46,31266.87416973
2022-08-05T00:00:00Z,1607.71,1678.66,1605.36,1663.3,33822.56591293
2022-08-05T08:00:00Z,1662.97,1725.46,1652.12,1670.01,67517.12622328
2022-08-05T16:00:00Z,1670.01,1742.47,1656.62,1736.67,43336.35001766
2022-08-06T00:00:00Z,1736.68,1752.73,1713.88,1720.58,28208.7128901
2022-08-06T08:00:00Z,1720.92,1724.54,1703.2,1715.76,21460.56259892
2022-08-06T16:00:00Z,1715.77,1723.82,1685.88,1690.86,31196.07049754
2022-08-07T00:00:00Z,1690.86,1697.95,1668.56,1686.18,25908.10569503
2022-08-07T08:00:00Z,1686.18,1715.38,1673.25,1699.13,22372.34189043
2022-08-07T16:00:00Z,1699.13,1729.83,1690.25,1699.99,24385.5351133
2022-08-08T00:00:00Z,1700,1740,1693.76,1732.72,27140.01235205
2022-08-08T08:00:00Z,1732.72,1818.13,1728.04,1774.78,66615.16291543
2022-08-08T16:00:00Z,1774.77,1799,1756.02,1777.33,38145.45137495
2022-08-09T00:00:00Z,1777.17,1790.78,1761.1,1781.93,22785.37660944
2022-08-09T08:00:00Z,1781.94,1783.01,1668.58,1684.65,64646.11533124
2022-08-09T16:00:00Z,1684.66,1715.72,1674.53,1702.87,31090.95234047
2022-08-10T00:00:00Z,1702.87,1702.87,1656.28,1686.3,36978.69594617
2022-08-10T08:00:00Z,1686.31,1854.35,1684.5,1837.27,101506.05712012
2022-08-10T16:00:00Z,1837.24,1885.54,1802.64,1853.18,55893.45645138
2022-08-11T00:00:00Z,1853.18,1918.55,1850.06,1878.69,79048.55598399
2022-08-11T08:00:00Z,1878.69,1941.58,1873.4,1890.01,70522.18559464
2022-08-11T16:00:00Z,1890.44,1908,1867.3,1880.52,44781.73466972
2022-08-12T00:00:00Z,1880.51,1913.6,1857.41,1888.54,34466.70529222
2022-08-12T08:00:00Z,1888.54,1903.89,1853.36,1897.41,44065.85176638
2022-08-12T16:00:00Z,1897.4,1964.15,1890.66,1958.3,41800.94378822
2022-08-13T00:00:00Z,1958.08,2019.5,1946.12,1996,51396.54944101
2022-08-13T08:00:00Z,1996.01,2008.18,1963.71,1988.33,25988.37647262
2022-08-13T16:00:00Z,1988.33,2004.14,1967.6,1983.76,26351.51634065
2022-08-14T00:00:00Z,1983.77,2031.3,1971.21,2016.82,25694.22211828
2022-08-14T08:00:00Z,2016.82,2017.88,1970.61,1984.06,27398.69863156
2022-08-14T16:00:00Z,1984.06,1984.69,1906.11,1935.32,41764.35776413
2022-08-15T00:00:00Z,1935.32,2012,1885.33,1900.08,70956.86811865
2022-08-15T08:00:00Z,1900.08,1921.88,1872.98,1917.86,45935.66187037
2022-08-15T16:00:00Z,1917.8,1933.23,1876,1899.2,33514.76205944
2022-08-16T00:00:00Z,1899.19,1914.7,1856.81,1877.03,24240.4758655
2022-08-16T08:00:00Z,1877.04,1915,1864.62,1887.42,25211.5190831
2022-08-16T16:00:00Z,1887.43,1897.7,1851.85,1876.78,20694.38142346
2022-08-17T00:00:00Z,1876.35,1957.53,1874.6,1890.35,32368.87122518
2022-08-17T08:00:00Z,1890.34,1902.4,1814.99,1831.18,48324.50425856
2022-08-17T16:00:00Z,1831.46,1870.58,1824.01,1834.39,35221.34540898
2022-08-18T00:00:00Z,1834.39,1865.32,1821.32,1844.69,23015.12523336
2022-08-18T08:00:00Z,1844.7,1881.91,1834.41,1873.14,28941.76947092
2022-08-18T16:00:00Z,1873.15,1879.69,1842.64,1846.66,22942.3409186
2022-08-19T00:00:00Z,1846.39,1848.03,1720,1744.25,45875.93449137
2022-08-19T08:00:00Z,1744.25,1744.75,1675.9,1698.15,53004.66643931
2022-08-19T16:00:00Z,1698.15,1726.59,1603.51,1608.9,53951.33829056
2022-08-20T00:00:00Z,1608.91,1657.29,1607.34,1648.27,36510.45932116
2022-08-20T08:00:00Z,1647.91,1649.85,1617,1634.86,22230.9037139
2022-08-20T16:00:00Z,1634.86,1639.78,1523.27,1575.9,54101.14539852
2022-08-21T00:00:00Z,1575.9,1604.4,1562.52,1585.42,28307.51181425
2022-08-21T08:00:00Z,1585.42,1640.79,1584.73,1621.34,32881.99086025
2022-08-21T16:00:00Z,1621.34,1646.43,1580.41,1617.66,36140.90146078
2022-08-22T00:00:00Z,1618,1621.98,1551.49,1556.76,35859.24147979
2022-08-22T08:00:00Z,1556.98,1595,1529.35,1590.22,48691.41553113
2022-08-22T16:00:00Z,1589.81,1629.05,1549.18,1624.92,30020.94757437
2022-08-23T00:00:00Z,1624.93,1638.8,1563.9,1602.79,29162.34366366
2022-08-23T08:00:00Z,1602.7,1654,1588.27,1640.55,34613.99939008
2022-08-23T16:00:00Z,1640.58,1675.95,1625.22,1665.41,26130.57475083
2022-08-24T00:00:00Z,1665.68,1666.51,1605.91,1626.87,32801.5708329
2022-08-24T08:00:00Z,1626.88,1687.84,1626.06,1683.73,25476.37951767
2022-08-24T16:00:00Z,1683.73,1694.4,1651.62,1656.44,24211.37519893
2022-08-25T00:00:00Z,1656.44,1712.89,1654.01,1708.88,23670.81708965
2022-08-25T08:00:00Z,1708.88,1722,1688.9,1701.2,31420.62519242
2022-08-25T16:00:00Z,1701.2,1713.12,1683.57,1695.09,30515.39027953
2022-08-26T00:00:00Z,1695.44,1695.44,1641.6,1660.42,21789.00234481
2022-08-26T08:00:00Z,1660.41,1705.6,1585.02,1593.53,71330.0117815
2022-08-26T16:00:00Z,1593.72,1599.4,1486.7,1508.13,44744.64355221
2022-08-27T00:00:00Z,1508.13,1518.39,1469.65,1507.92,28448.54697754
2022-08-27T08:00:00Z,1508.13,1511.63,1455.14,1469.85,27651.63372374
2022-08-27T16:00:00Z,1469.85,1498.92,1446.51,1491.16,35898.63176762
2022-08-28T00:00:00Z,1491.16,1511.09,1477.1,1496.99,15210.20755505
2022-08-28T08:00:00Z,1496.99,1503.99,1459.81,1486.85,20310.13493588
2022-08-28T16:00:00Z,1486.86,1496.9,1424.2,1427.07,29040.6902707
2022-08-29T00:00:00Z,1426.37,1462.64,1422.3,1454.79,30102.88266582
2022-08-29T08:00:00Z,1454.8,1530.4,1442.24,1521.58,51838.78262714
2022-08-29T16:00:00Z,1521.95,1560,1520.01,1551.9,34762.19860438
2022-08-30T00:00:00Z,1551.63,1602.18,1523.97,1587.52,32085.91096895
2022-08-30T08:00:00Z,1587.06,1605.98,1509.26,1525.02,47038.83572164
2022-08-30T16:00:00Z,1525.02,1568.97,1473.71,1524.26,57982.24332774
2022-08-31T00:00:00Z,1524.26,1619.64,1524.2,1584.86,34220.43032874
2022-08-31T08:00:00Z,1584.85,1609.82,1536.16,1560.55,39718.27573086
2022-08-31T16:00:00Z,1560.81,1589,1528.01,1553.92,26791.03243945
2022-09-01T00:00:00Z,1553.92,1574.12,1531.13,1544.23,19506.42192889
2022-09-01T08:00:00Z,1544.6,1586,1512.45,1535.86,38438.70191156
2022-09-01T16:00:00Z,1536.17,1599.3,1523.79,1585.97,22914.77030756
2022-09-02T00:00:00Z,1586.1,1611.09,1567.84,1594.28,14804.20120466
2022-09-02T08:00:00Z,1594.25,1648.8,1582.5,1636.28,34871.73460632
2022-09-02T16:00:00Z,1636.29,1639.27,1546.51,1575.17,40069.14494744
2022-09-03T00:00:00Z,1575.25,1582.49,1534.06,1544.02,13360.69946611
2022-09-03T08:00:00Z,1544.21,1565.88,1540.01,1548.3,16217.76027788
2022-09-03T16:00:00Z,1548.3,1563.3,1535.73,1557.49,11514.87491257
2022-09-04T00:00:00Z,1557.5,1561.48,1543.37,1545.45,7212.53152993
2022-09-04T08:00:00Z,1545.45,1583.31,1540.38,1560.56,17126.22373303
2022-09-04T16:00:00Z,1560.55,1582.19,1555.66,1578.81,13337.11589901
2022-09-05T00:00:00Z,1578.8,1592.98,1556.36,1562.45,13446.96897108
2022-09-05T08:00:00Z,1562.61,1605.99,1557.39,1600.6,15607.50816653
2022-09-05T16:00:00Z,1600.6,1631.19,1576.41,1617.38,23358.7715989
2022-09-06T00:00:00Z,1617.4,1678.06,1615.09,1658.4,37251.92957883
2022-09-06T08:00:00Z,1658.78,1687.4,1635.63,1669.82,34813.5774094
2022-09-06T16:00:00Z,1670.06,1674.7,1554.49,1559.28,54669.91808288
2022-09-07T00:00:00Z,1559.27,1568.13,1490.9,1518.62,35795.36234463
2022-09-07T08:00:00Z,1518.2,1550.94,1500,1544.02,27642.21992248
2022-09-07T16:00:00Z,1544.03,1657.63,1536.25,1630.02,58150.45045198
2022-09-08T00:00:00Z,1630.12,1647.59,1595.42,1613.53,26213.02523731
2022-09-08T08:00:00Z,1613.42,1654.91,1598.21,1629.28,41080.14370823
2022-09-08T16:00:00Z,1629.29,1663.02,1608.37,1635.4,25998.96627113
2022-09-09T00:00:00Z,1635.4,1719.6,1630.75,1704.92,35828.33276808
2022-09-09T08:00:00Z,1704.92,1748.55,1684.73,1719.5,45419.77088794
2022-09-09T16:00:00Z,1719.69,1733.82,1696.22,1718.13,25554.01300471
2022-09-10T00:00:00Z,1718.5,1745.59,1706.32,1711,18792.55848407
2022-09-10T08:00:00Z,1711.36,1734.07,1709.51,1715.89,10870.57538009
2022-09-10T16:00:00Z,1715.89,1789,1709.4,1774.11,27093.27449596
2022-09-11T00:00:00Z,1774.11,1779.05,1743.81,1761.83,14617.69234823
2022-09-11T08:00:00Z,1761.83,1780.5,1753.9,1768.63,14159.88080053
2022-09-11T16:00:00Z,1768.88,1790,1721.4,1766.2,23886.76143047
2022-09-12T00:00:00Z,1766.07,1783.33,1712,1758.7,27634.28500518
2022-09-12T08:00:00Z,1758.7,1766,1696,1706.47,25269.57079462
2022-09-12T16:00:00Z,1706.47,1733.06,1693.29,1716.4,24812.74780612
2022-09-13T00:00:00Z,1716.41,1731.37,1674.93,1715.77,26979.57902696
2022-09-13T08:00:00Z,1716.02,1760,1575.48,1593.95,75795.43777501
2022-09-13T16:00:00Z,1593.86,1631.66,1561.28,1574.21,42392.56987839
2022-09-14T00:00:00Z,1574.21,1623.61,1552.2,1611.88,26975.40943477
2022-09-14T08:00:00Z,1611.87,1613.39,1583.22,1595.26,25418.37056255
2022-09-14T16:00:00Z,1595.48,1646.87,1559,1638.1,29298.42208304
2022-09-15T00:00:00Z,1637.75,1654.67,1570.7,1639.38,53565.0206943
2022-09-15T08:00:00Z,1639.19,1639.19,1457.68,1492.92,47231.08293351
2022-09-15T16:00:00Z,1492.92,1518.79,1458.8,1472.73,34172.74417534
2022-09-16T00:00:00Z,1473.13,1483.2,1445.38,1471.46,26376.65859221
2022-09-16T08:00:00Z,1471.46,1482.29,1423.02,1452.36,48140.99970832
2022-09-16T16:00:00Z,1452.35,1452.35,1404.97,1434.13,40868.58491414
2022-09-17T00:00:00Z,1433.9,1456.58,1425,1432.36,17113.62130594
2022-09-17T08:00:00Z,1432.37,1450.49,1409.54,1444.07,21381.99750986
2022-09-17T16:00:00Z,1444.07,1476.12,1442.17,1468.59,22223.26235133
2022-09-18T00:00:00Z,1468.59,1469.71,1445.07,1453.63,10412.11330191
2022-09-18T08:00:00Z,1453.72,1459.2,1410,1417.47,24749.94761159
2022-09-18T16:00:00Z,1417.46,1424.59,1325.39,1334.6,57614.86887878
2022-09-19T00:00:00Z,1334.6,1354.38,1280.11,1302.18,44178.22241294
2022-09-19T08:00:00Z,1302.21,1372,1289.37,1341.51,44324.08661786
2022-09-19T16:00:00Z,1341.55,1392.89,1321.8,1376.05,40973.62019109
2022-09-20T00:00:00Z,1376.04,1385.19,1342.2,1355.96,22831.62700943
2022-09-20T08:00:00Z,1358.58,1381.39,1329.55,1377.18,28830.21062303
2022-09-20T16:00:00Z,1377.19,1384.95,1312.82,1323.27,31753.01708472
2022-09-21T00:00:00Z,1323.01,1345.32,1316,1332.21,16355.23769235
2022-09-21T08:00:00Z,1331.9,1360.79,1323.11,1343,20900.93969736
2022-09-21T16:00:00Z,1343,1409.77,1218.59,1245.86,123599.75163242
2022-09-22T00:00:00Z,1245.84,1281.98,1237.21,1279.09,35062.46127974
2022-09-22T08:00:00Z,1278.81,1313.65,1256.3,1271.26,45445.45417626
2022-09-22T16:00:00Z,1271.39,1348.61,1252.26,1326.37,43841.94450493
2022-09-23T00:00:00Z,1326.38,1359.5,1314.41,1331.83,21907.33018221
2022-09-23T08:00:00Z,1331.84,1335.49,1262,1294.2,52460.32832707
2022-09-23T16:00:00Z,1294,1341.13,1274.77,1326.91,41673.04867563
2022-09-24T00:00:00Z,1327.11,1337.9,1311.4,1322.41,51222.14542754
2022-09-24T08:00:00Z,1322.42,1349.29,1317.09,1340.04,49428.0738202
2022-09-24T16:00:00Z,1340.03,1348.3,1306.45,1317.01,43905.29562431
2022-09-25T00:00:00Z,1317.02,1336.89,1314.38,1332.92,39094.07819086
2022-09-25T08:00:00Z,1332.77,1334.41,1298.56,1310.71,54709.02054435
2022-09-25T16:00:00Z,1310.72,1321.01,1270,1294.82,54563.22145595
2022-09-26T00:00:00Z,1294.59,1314.64,1278.21,1295.45,203389.5010429
2022-09-26T08:00:00Z,1295.46,1338.39,1289.39,1325.1,322771.78918869
2022-09-26T16:00:00Z,1324.92,1340.26,1311.13,1336.05,230462.81887316
2022-09-27T00:00:00Z,1336.05,1394.3,1332.11,1382.17,242212.01261841
2022-09-27T08:00:00Z,1382.17,1400.27,1364.48,1364.91,415272.1956986
2022-09-27T16:00:00Z,1365.25,1367.63,1303.79,1328.02,527572.54113507
2022-09-28T00:00:00Z,1328.07,1340.69,1266.41,1285.46,421260.92307069
2022-09-28T08:00:00Z,1285.44,1333.07,1252.4,1332.19,631181.74907202
2022-09-28T16:00:00Z,1332.2,1355.74,1311.01,1337.08,141738.9051017
2022-09-29T00:00:00Z,1337,1352.13,1313.71,1321.96,36778.4698956
2022-09-29T08:00:00Z,1321.97,1345.57,1288.38,1327.16,52241.40893311
2022-09-29T16:00:00Z,1327.01,1348.31,1314.4,1335.56,37007.0572298
2022-09-30T00:00:00Z,1335.57,1352.53,1319.85,1339.89,28245.0456767
2022-09-30T08:00:00Z,1340.11,1373.22,1314.32,1351.18,60583.68489241
2022-09-30T16:00:00Z,1351.19,1361.66,1316.6,1328.56,35629.83353123
2022-10-01T00:00:00Z,1328.57,1333.62,1323.56,1329.1,11977.0644464
2022-10-01T08:00:00Z,1329.1,1333.06,1317.35,1322.62,12530.6023706
2022-10-01T16:00:00Z,1322.62,1324.08,1302.54,1311.69,24133.34325558
2022-10-02T00:00:00Z,1311.84,1317.71,1305.36,1311.06,14987.1717897
2022-10-02T08:00:00Z,1311.07,1312.85,1285.61,1293.62,26700.74471498
2022-10-02T16:00:00Z,1293.62,1314.47,1269.24,1276.65,40368.41317912
2022-10-03T00:00:00Z,1276.65,1301.94,1262.8,1292.04,40832.4727524
2022-10-03T08:00:00Z,1292.05,1327.99,1286.24,1318.75,58900.113602
2022-10-03T16:00:00Z,1318.75,1329.75,1309.16,1323.17,34390.84566243
2022-10-04T00:00:00Z,1323.17,1350.39,1318.78,1350.22,29022.562897
2022-10-04T08:00:00Z,1350.22,1365.24,1342.3,1354.06,41319.13195128
2022-10-04T16:00:00Z,1354.06,1369.99,1337.91,1361.48,32886.03978056
2022-10-05T00:00:00Z,1361.48,1363.53,1348.74,1353.13,19663.4865471
2022-10-05T08:00:00Z,1353.14,1353.71,1316.41,1330.31,40661.8239361
2022-10-05T16:00:00Z,1330.36,1364.83,1327.56,1352.45,36480.19048904
2022-10-06T00:00:00Z,1352.45,1383.69,1351.6,1368.46,38365.57244751
2022-10-06T08:00:00Z,1368.22,1380.29,1348.9,1361.25,49716.3138798
2022-10-06T16:00:00Z,1361.38,1373,1345,1352.21,33804.4474928
2022-10-07T00:00:00Z,1352.08,1361.79,1345.81,1356.01,15649.0706657
2022-10-07T08:00:00Z,1356,1360.74,1324.01,1334.02,41080.59744566
2022-10-07T16:00:00Z,1334.17,1337.16,1316.83,1331.1,23563.31234003
2022-10-08T00:00:00Z,1331.1,1337.18,1326.13,1330.37,12723.7463752
2022-10-08T08:00:00Z,1330.37,1330.63,1318.6,1324.47,10606.7988649
2022-10-08T16:00:00Z,1324.29,1330.15,1303.68,1315.39,17379.88361376
2022-10-09T00:00:00Z,1315.39,1317.8,1306.72,1315.01,9614.6408896
2022-10-09T08:00:00Z,1315.01,1328.99,1313.65,1326.54,13243.6262406
2022-10-09T16:00:00Z,1326.43,1327.49,1309.51,1323.17,16644.88701268
2022-10-10T00:00:00Z,1323.17,1338.09,1312.33,1316.71,18712.45223369
2022-10-10T08:00:00Z,1316.7,1319.59,1296.46,1308.3,36137.66169934
2022-10-10T16:00:00Z,1308.37,1315.1,1288,1290.22,31446.07576675
2022-10-11T00:00:00Z,1290.22,1290.22,1267.01,1284.22,27486.63862626
2022-10-11T08:00:00Z,1284.11,1297.41,1269,1293.67,34644.07605235
2022-10-11T16:00:00Z,1293.68,1297.8,1274,1280.32,24075.46411167
2022-10-12T00:00:00Z,1280.31,1301.49,1275.18,1293.86,17174.7089257
2022-10-12T08:00:00Z,1293.86,1306.48,1284,1299.12,183179.7780475
2022-10-12T16:00:00Z,1299.13,1303.19,1287.72,1294.23,184704.1345074
2022-10-13T00:00:00Z,1294.16,1299.29,1271.63,1277.26,227952.16314173
2022-10-13T08:00:00Z,1277.25,1280.85,1189.4,1257.07,381926.49548409
2022-10-13T16:00:00Z,1256.86,1301.46,1251.04,1286.97,263677.87449982
2022-10-14T00:00:00Z,1286.81,1342.01,1283.27,1321.48,199631.93557045
2022-10-14T08:00:00Z,1321.45,1343.24,1305.58,1310.08,216017.43210633
2022-10-14T16:00:00Z,1310.05,1313.3,1288.5,1296.31,143208.78020059
2022-10-15T00:00:00Z,1296.19,1301.89,1290.34,1295.19,74869.1203967
2022-10-15T08:00:00Z,1295.17,1295.44,1276.74,1286.22,93311.8821657
2022-10-15T16:00:00Z,1286.01,1290.15,1263.61,1274.76,79734.8548542
2022-10-16T00:00:00Z,1274.74,1289.2,1274.37,1283.21,64538.6256434
2022-10-16T08:00:00Z,1283.35,1290.68,1279,1286.42,62811.48724348
2022-10-16T16:00:00Z,1286.42,1315.71,1281.41,1305.61,110390.04765704
2022-10-17T00:00:00Z,1305.77,1314.8,1295.35,1312.24,109490.9014063
2022-10-17T08:00:00Z,1312.23,1337.9,1307.31,1328.79,128822.36058019
2022-10-17T16:00:00Z,1329.03,1338.79,1314.71,1331.24,93142.93988049
2022-10-18T00:00:00Z,1331.24,1342.04,1327.25,1336.86,85940.61280471
2022-10-18T08:00:00Z,1336.76,1337.7,1298.48,1307.85,112776.63275294
2022-10-18T16:00:00Z,1307.57,1320.4,1286.56,1310.8,107973.028911
2022-10-19T00:00:00Z,1310.67,1313.65,1292.25,1299.89,62067.0921791
2022-10-19T08:00:00Z,1299.7,1308.6,1289.52,1304.72,79629.53621371
2022-10-19T16:00:00Z,1304.73,1305.8,1280,1285.26,64399.97230035
2022-10-20T00:00:00Z,1285.14,1296.25,1270.3,1292.4,107428.73864836
2022-10-20T08:00:00Z,1292.41,1311,1289.21,1299.64,104877.68133381
2022-10-20T16:00:00Z,1299.71,1299.93,1271.23,1282.72,97214.17947373
2022-10-21T00:00:00Z,1282.73,1292.5,1278.7,1284.7,50766.4062832
2022-10-21T08:00:00Z,1284.8,1297.81,1253,1297.48,103674.59895083
2022-10-21T16:00:00Z,1297.54,1307.35,1294.63,1299.64,52562.59052048
2022-10-22T00:00:00Z,1299.77,1304.76,1294.12,1299.55,22571.56117944
2022-10-22T08:00:00Z,1299.55,1318.98,1299.3,1316.17,34603.50700896
2022-10-22T16:00:00Z,1316.16,1320,1306.24,1313.61,28040.77772172
2022-10-23T00:00:00Z,1313.7,1314.91,1306.61,1309.57,24684.1158976
2022-10-23T08:00:00Z,1309.57,1316.59,1299.22,1313.63,36034.5754091
2022-10-23T16:00:00Z,1313.73,1371,1310.55,1364.04,84914.5672084
2022-10-24T00:00:00Z,1363.75,1370.78,1332.66,1336.71,64819.18670568
2022-10-24T08:00:00Z,1336.93,1354.6,1324,1341.71,68639.1468732
2022-10-24T16:00:00Z,1341.7,1359.3,1330.61,1343.53,46838.93159073
2022-10-25T00:00:00Z,1343.7,1352.09,1334.76,1347.07,39520.1911841
2022-10-25T08:00:00Z,1347.11,1418.5,1339.14,1408.51,79252.17694108
2022-10-25T16:00:00Z,1408.13,1524.38,1404.5,1459.57,170800.88584241
2022-10-26T00:00:00Z,1459.57,1522.82,1457.04,1515.49,89783.96883959
2022-10-26T08:00:00Z,1515.43,1596.47,1508.55,1567.53,160229.68815851
2022-10-26T16:00:00Z,1567.52,1586,1540.83,1566.18,113350.22202593
2022-10-27T00:00:00Z,1565.89,1577.87,1533,1556.6,78455.25405468
2022-10-27T08:00:00Z,1556.64,1578.69,1533.51,1544.2,148799.17685982
2022-10-27T16:00:00Z,1544.4,1566.24,1501.76,1514.15,101014.49988227
2022-10-28T00:00:00Z,1514.37,1525.49,1488,1493.74,69588.61820874
2022-10-28T08:00:00Z,1493.94,1550,1480.07,1538.14,117611.67546638
2022-10-28T16:00:00Z,1538.21,1575,1533.27,1554.5,68253.88215401
2022-10-29T00:00:00Z,1554.54,1604.1,1547.32,1594.69,50678.76678413
2022-10-29T08:00:00Z,1594.59,1653.71,1590.31,1632.44,92565.68753141
2022-10-29T16:00:00Z,1632.6,1663.71,1603.52,1619.66,68096.692178
2022-10-30T00:00:00Z,1619.91,1640.16,1605.6,1628.73,35898.8376787
2022-10-30T08:00:00Z,1628.72,1630.23,1579.2,1587,57971.06224429
2022-10-30T16:00:00Z,1587.17,1598.78,1576,1590.6,43586.87726486
2022-10-31T00:00:00Z,1590.6,1597,1561.83,1591.1,46068.07772835
2022-10-31T08:00:00Z,1591.34,1636,1546.25,1569.59,100266.61361499
2022-10-31T16:00:00Z,1569.29,1584.13,1550.14,1572.76,67840.09846127
2022-11-01T00:00:00Z,1572.82,1605,1568.59,1590.97,65744.38679801
2022-11-01T08:00:00Z,1590.96,1613.43,1563.22,1574.42,73390.09560581
2022-11-01T16:00:00Z,1574.42,1586.89,1568.2,1578.54,53917.3942421
2022-11-02T00:00:00Z,1578.58,1600.7,1554.17,1564.69,72785.85199558
2022-11-02T08:00:00Z,1564.69,1578.94,1536.68,1558.6,67815.80471086
2022-11-02T16:00:00Z,1558.6,1621.08,1502.05,1518.54,138709.73611156
2022-11-03T00:00:00Z,1518.54,1559,1515.22,1544.2,19788.13187459
2022-11-03T08:00:00Z,1544.21,1557,1522.24,1542.58,24164.0489491
2022-11-03T16:00:00Z,1542.59,1549.09,1524.62,1530.99,17065.81457888
2022-11-04T00:00:00Z,1530.99,1587.91,1528.35,1587.45,19552.6135101
2022-11-04T08:00:00Z,1587.46,1678.3,1555,1625.01,56872.51321607
2022-11-04T16:00:00Z,1625.01,1653.89,1607.93,1644.92,29704.03935812
2022-11-05T00:00:00Z,1644.71,1666.9,1635.4,1651.5,14206.80063175
2022-11-05T08:00:00Z,1651.49,1651.84,1623.55,1635.9,13471.92650116
2022-11-05T16:00:00Z,1635.9,1643,1620.76,1627.14,10004.5399355
2022-11-06T00:00:00Z,1627.14,1633.7,1612.49,1622.63,10471.6874884
2022-11-06T08:00:00Z,1622.63,1639.13,1608.33,1623.95,11180.6064679
2022-11-06T16:00:00Z,1623.59,1626.11,1562.88,1568.19,25357.34088928
2022-11-07T00:00:00Z,1568.19,1595.39,1546.4,1550.09,23566.43486987
2022-11-07T08:00:00Z,1550.1,1593.29,1546.35,1592.24,23640.6411157
2022-11-07T16:00:00Z,1592.24,1608.48,1548,1568.01,27229.68831664
2022-11-08T00:00:00Z,1568.03,1576.76,1431,1492.29,46399.51675535
2022-11-08T08:00:00Z,1492.29,1494.59,1423.11,1462.1,33433.4390201
2022-11-08T16:00:00Z,1462.04,1579,1225,1334.41,149610.31172201
2022-11-09T00:00:00Z,1334.5,1337.19,1266.11,1274.11,36963.49202981
2022-11-09T08:00:00Z,1274.37,1276.55,1137.1,1163.24,95256.77674771
2022-11-09T16:00:00Z,1163.23,1205.27,1073.42,1102.95,69971.59853807
2022-11-10T00:00:00Z,1102.95,1205.29,1086.61,1190.47,39766.41841272
2022-11-10T08:00:00Z,1190.45,1347.76,1175.86,1321.88,46675.36757828
2022-11-10T16:00:00Z,1321.93,1350,1248.8,1299.66,31934.22122742
2022-11-11T00:00:00Z,1299.67,1309,1221.75,1278.43,22700.80862952
2022-11-11T08:00:00Z,1278.44,1309.01,1201,1260.36,28249.7990334
2022-11-11T16:00:00Z,1260.21,1295,1233.97,1288.74,18207.66829164
2022-11-12T00:00:00Z,1288.96,1291.89,1239.03,1266.47,10677.73509474
2022-11-12T08:00:00Z,1266.34,1284,1249.69,1274.96,9832.1788889
2022-11-12T16:00:00Z,1274.98,1278.92,1247.75,1257.12,6988.8755561
2022-11-13T00:00:00Z,1257.03,1274.23,1232.1,1251.08,7865.7226405
2022-11-13T08:00:00Z,1251.08,1253.14,1215.11,1231.64,11417.64602296
2022-11-13T16:00:00Z,1231.53,1238.8,1201.35,1221.86,14376.41715698
2022-11-14T00:00:00Z,1221.83,1261.58,1171.53,1259.83,20288.30210894
2022-11-14T08:00:00Z,1259.73,1290.86,1235.79,1245.59,15498.4037817
2022-11-14T16:00:00Z,1245.71,1250,1210.1,1242.9,17391.12662269
2022-11-15T00:00:00Z,1242.91,1273.04,1236.45,1266.51,11472.55611191
2022-11-15T08:00:00Z,1266.51,1290,1255.01,1264.4,18035.1259611
2022-11-15T16:00:00Z,1264.39,1274.33,1232.99,1253.22,29835.04918326
2022-11-16T00:00:00Z,1253.3,1268.69,1243.31,1245.69,17697.8804445
2022-11-16T08:00:00Z,1245.45,1254.39,1187.53,1192.66,33869.79314888
2022-11-16T16:00:00Z,1192.64,1222.79,1187.25,1216.23,20995.2467287
2022-11-17T00:00:00Z,1216.41,1228.13,1193.24,1204.45,16913.3020257
2022-11-17T08:00:00Z,1204.52,1217.16,1182.7,1192.61,21845.8617916
2022-11-17T16:00:00Z,1192.61,1217.14,1189,1200.37,24833.4750383
2022-11-18T00:00:00Z,1200.47,1234.27,1199.24,1214.46,11843.7991
2022-11-18T08:00:00Z,1214.43,1226.75,1205,1211.05,12079.24864905
2022-11-18T16:00:00Z,1211.06,1215,1200.87,1212.71,12366.0380037
2022-11-19T00:00:00Z,1212.72,1213.46,1197.33,1206.78,9944.5393673
2022-11-19T08:00:00Z,1206.73,1212.25,1204.03,1209.58,7199.1640573
2022-11-19T16:00:00Z,1209.58,1232.73,1207.2,1217.66,14041.08652593
2022-11-20T00:00:00Z,1217.59,1226.58,1215.52,1220.14,7024.660744
2022-11-20T08:00:00Z,1220.14,1220.55,1153.74,1177.32,27769.95154854
2022-11-20T16:00:00Z,1177.33,1189.91,1133.23,1142.48,22138.30991733
2022-11-21T00:00:00Z,1142.48,1144.18,1111,1123.33,29354.7574377
2022-11-21T08:00:00Z,1123.35,1146.51,1106.11,1130.56,30296.15197276
2022-11-21T16:00:00Z,1130.57,1133,1080,1107.35,47954.84823213
2022-11-22T00:00:00Z,1107.47,1117.27,1080.43,1093.46,25936.00771317
2022-11-22T08:00:00Z,1093.5,1142.1,1075,1135.27,47002.1796329
2022-11-22T16:00:00Z,1135.27,1142.73,1113.66,1139.19,36444.17950655
2022-11-23T00:00:00Z,1139.5,1171.29,1127.8,1166.64,28738.8536892
2022-11-23T08:00:00Z,1166.62,1181,1154,1161,22415.3651834
2022-11-23T16:00:00Z,1161.05,1190.82,1149.99,1184.78,33135.86986292
2022-11-24T00:00:00Z,1184.53,1217.44,1180.29,1206.77,29530.9574313
2022-11-24T08:00:00Z,1206.6,1208.15,1186.2,1195.08,22936.11481002
2022-11-24T16:00:00Z,1195.08,1208.34,1192.71,1203.98,17079.4232799
2022-11-25T00:00:00Z,1203.81,1204.72,1171.45,1185.33,22524.7380398
2022-11-25T08:00:00Z,1185.08,1199.99,1175.94,1189.87,21224.39036397
2022-11-25T16:00:00Z,1189.86,1207,1183.02,1198.99,15051.43229959
2022-11-26T00:00:00Z,1199,1228.49,1196.68,1219.22,19596.66055606
2022-11-26T08:00:00Z,1219.13,1234.96,1206.1,1211.09,18227.7942777
2022-11-26T16:00:00Z,1211.09,1215.28,1196.02,1205.18,11846.91464799
2022-11-27T00:00:00Z,1205.55,1223.07,1204.46,1217.1,9593.6856346
2022-11-27T08:00:00Z,1217.11,1221.11,1207.91,1218.11,12975.6398426
2022-11-27T16:00:00Z,1218.17,1220.7,1188.16,1193.7,13665.35492472
2022-11-28T00:00:00Z,1193.77,1199.05,1158.51,1174.18,28470.17344918
2022-11-28T08:00:00Z,1174.14,1181.88,1155,1163.47,23455.2677557
2022-11-28T16:00:00Z,1163.47,1184.11,1150.91,1167.67,18070.18721123
2022-11-29T00:00:00Z,1167.68,1214.69,1158.55,1206.93,25438.85817419
2022-11-29T08:00:00Z,1206.96,1222.97,1202.12,1208.59,25625.8673103
2022-11-29T16:00:00Z,1208.59,1228,1203.01,1216.42,14858.51012098
2022-11-30T00:00:00Z,1216.43,1282.38,1212.9,1272.64,29791.77645473
2022-11-30T08:00:00Z,1272.64,1276.7,1256.31,1267.38,15648.1444911
2022-11-30T16:00:00Z,1267.39,1309.99,1257.71,1294.6,34990.43320149
2022-12-01T00:00:00Z,1294.38,1296.01,1275.7,1278.76,15366.7434065
2022-12-01T08:00:00Z,1278.61,1300,1262.96,1271.4,18915.01832516
2022-12-01T16:00:00Z,1271.41,1282.44,1265.8,1276.3,10045.918544
2022-12-02T00:00:00Z,1276.3,1284.4,1265.37,1275.73,10682.5967762
2022-12-02T08:00:00Z,1275.74,1297.28,1268.35,1278.81,21342.18167971
2022-12-02T16:00:00Z,1278.8,1296.59,1274.12,1295.72,10706.6653314
2022-12-03T00:00:00Z,1295.51,1306,1273.22,1276.04,12636.67807458
2022-12-03T08:00:00Z,1276.04,1276.99,1261.2,1271.07,10503.66171809
2022-12-03T16:00:00Z,1271.08,1271.66,1237,1240.68,13645.33129423
2022-12-04T00:00:00Z,1240.69,1267.19,1240.3,1256.81,5856.76821955
2022-12-04T08:00:00Z,1256.81,1263.53,1250,1259.72,6884.711224
2022-12-04T16:00:00Z,1259.73,1286.03,1256.68,1279.35,15925.55721778
2022-12-05T00:00:00Z,1279.34,1304.65,1276.63,1297.24,18892.4713336
2022-12-05T08:00:00Z,1297.25,1305.48,1257.05,1266.27,22505.4811497
2022-12-05T16:00:00Z,1266.27,1270.19,1246.91,1259.46,17120.7122075
2022-12-06T00:00:00Z,1259.46,1270,1254.47,1260.39,11241.6331534
2022-12-06T08:00:00Z,1260.39,1265.04,1243,1254.45,15313.9704324
2022-12-06T16:00:00Z,1254.65,1274.56,1242.44,1271.16,14174.9664796
2022-12-07T00:00:00Z,1271.17,1277.36,1220.05,1224.36,17508.2529805
2022-12-07T08:00:00Z,1224.67,1241.76,1219.26,1233.92,9062.94395609
2022-12-07T16:00:00Z,1233.93,1237.77,1223,1231.16,6134.1198992
2022-12-08T00:00:00Z,1231.32,1239.29,1222.2,1232.49,6282.91532679
2022-12-08T08:00:00Z,1232.5,1253.38,1228.11,1249.85,12456.807353
2022-12-08T16:00:00Z,1249.86,1292.12,1248.75,1279.97,16234.33967433
2022-12-09T00:00:00Z,1279.97,1290,1273,1282.41,5735.09038198
2022-12-09T08:00:00Z,1282.41,1296.64,1261.92,1277.45,13456.7719388
2022-12-09T16:00:00Z,1277.45,1278.19,1255.7,1263,9245.43337002
2022-12-10T00:00:00Z,1262.96,1268.67,1261.73,1264.73,3507.5201625
2022-12-10T08:00:00Z,1264.74,1279.09,1259.8,1278.33,5942.5143996
2022-12-10T16:00:00Z,1278.34,1283.48,1261.92,1266.46,5728.8270537
2022-12-11T00:00:00Z,1266.47,1277.96,1265.34,1276.35,3567.31019644
2022-12-11T08:00:00Z,1276.35,1277,1268.98,1273.46,2903.0253545
2022-12-11T16:00:00Z,1273.46,1285,1256.04,1263.14,7399.8874129
2022-12-12T00:00:00Z,1263.14,1263.14,1240.83,1246.41,10273.20926503
2022-12-12T08:00:00Z,1246.49,1257.19,1242.03,1249,9206.6631539
2022-12-12T16:00:00Z,1249.19,1278.69,1248.82,1275.37,10616.59819763
2022-12-13T00:00:00Z,1275.38,1278.05,1255.6,1266.49,9160.7593891
2022-12-13T08:00:00Z,1266.49,1346.46,1263.93,1323.67,31048.45983789
2022-12-13T16:00:00Z,1323.89,1328.72,1304.79,1320.95,12166.45832422
2022-12-14T00:00:00Z,1320.9,1326.81,1316.01,1322.71,7228.5717721
2022-12-14T08:00:00Z,1322.71,1344.37,1319.32,1337.94,13450.4413644
2022-12-14T16:00:00Z,1338.14,1353,1301.12,1307.35,28714.61095257
2022-12-15T00:00:00Z,1307.53,1311.07,1281.56,1287.09,9922.90112195
2022-12-15T08:00:00Z,1287.1,1291.23,1263.54,1270.2,11174.99122659
2022-12-15T16:00:00Z,1270.2,1275.9,1258.6,1266.51,9333.5126267
2022-12-16T00:00:00Z,1266.61,1279.87,1265.73,1277.93,7695.3407345
2022-12-16T08:00:00Z,1277.9,1279.7,1194.05,1203.8,24167.54876494
2022-12-16T16:00:00Z,1203.8,1212.16,1155.62,1166.77,21282.29473645
2022-12-17T00:00:00Z,1167,1185.34,1162.13,1183.74,8340.7771186
2022-12-17T08:00:00Z,1183.74,1188.45,1174.16,1180.17,7873.6652326
2022-12-17T16:00:00Z,1180.17,1190.21,1171,1187.14,7081.9697642
2022-12-18T00:00:00Z,1187.14,1197,1180.18,1186.75,6294.253807
2022-12-18T08:00:00Z,1186.74,1188.35,1172.3,1174.46,7673.03794348
2022-12-18T16:00:00Z,1174.24,1194,1174.07,1182.94,8548.01294425
2022-12-19T00:00:00Z,1182.94,1195.17,1174.02,1180.24,7620.9627157
2022-12-19T08:00:00Z,1179.85,1188.99,1177.44,1179.68,7880.1737608
2022-12-19T16:00:00Z,1179.69,1182.45,1150.01,1167.69,14153.61390253
2022-12-20T00:00:00Z,1167.89,1215,1163.1,1208.37,13671.6883573
2022-12-20T08:00:00Z,1208.36,1230,1204.38,1217.22,11874.2489105
2022-12-20T16:00:00Z,1217.21,1220.85,1205.2,1217.36,6522.732829
2022-12-21T00:00:00Z,1217.18,1218.97,1202.87,1211.02,3660.19793612
2022-12-21T08:00:00Z,1211.02,1222.22,1206.27,1215.4,5711.138802
2022-12-21T16:00:00Z,1215.4,1215.72,1206.87,1213.59,3909.21733836
2022-12-22T00:00:00Z,1213.59,1217.8,1209.72,1213.57,2954.1343964
2022-12-22T08:00:00Z,1213.57,1220.87,1184.99,1187.02,11809.70918831
2022-12-22T16:00:00Z,1187.02,1237,1183.34,1217.7,15530.72671443
2022-12-23T00:00:00Z,1217.69,1228.81,1214.69,1221.81,3269.981538
2022-12-23T08:00:00Z,1222,1230.72,1212,1218.78,9636.0233256
2022-12-23T16:00:00Z,1218.78,1222.15,1215.83,1219.8,3382.6918623
2022-12-24T00:00:00Z,1219.81,1221.33,1214.45,1220.2,1982.5599737
2022-12-24T08:00:00Z,1220.2,1220.72,1216.58,1219.06,1334.9882008
2022-12-24T16:00:00Z,1219.01,1227.47,1217.7,1220.46,3440.7659549
2022-12-25T00:00:00Z,1220.46,1223.68,1216,1219.95,5493.3841705
2022-12-25T08:00:00Z,1219.95,1222,1195,1211.05,7549.11520019
2022-12-25T16:00:00Z,1211.05,1223.44,1196.1,1218.58,7966.0817288
2022-12-26T00:00:00Z,1218.58,1223.79,1216.7,1220.77,3231.4625836
2022-12-26T08:00:00Z,1220.78,1223.22,1212,1215.38,4032.5027394
2022-12-26T16:00:00Z,1215.38,1230.94,1212.38,1228.05,5642.9769263
2022-12-27T00:00:00Z,1228.32,1234.3,1220.53,1222.26,5107.72762158
2022-12-27T08:00:00Z,1222.27,1223.2,1206.38,1211.33,14091.37499716
2022-12-27T16:00:00Z,1211.33,1214.37,1200,1211.53,6851.228172
2022-12-28T00:00:00Z,1211.53,1215.43,1186.72,1194.69,8989.71070104
2022-12-28T08:00:00Z,1194.68,1208.35,1186.96,1189.38,8703.7274762
2022-12-28T16:00:00Z,1189.25,1201.43,1178.7,1190.02,12807.7511969
2022-12-29T00:00:00Z,1190.08,1198,1186.85,1194.9,4939.6508473
2022-12-29T08:00:00Z,1194.91,1206.02,1190.31,1201.09,9989.7029403
2022-12-29T16:00:00Z,1201.09,1204.29,1191.49,1200.75,6489.9205653
2022-12-30T00:00:00Z,1200.69,1202.22,1184.65,1188.38,6303.4265683
2022-12-30T08:00:00Z,1188.39,1198.33,1181.58,1195,6998.99518362
2022-12-30T16:00:00Z,1195,1201.25,1192.7,1199.92,5966.2532585
2022-12-31T00:00:00Z,1199.92,1200.28,1192.1,1197.13,3580.4399118
2022-12-31T08:00:00Z,1197.14,1208.33,1195.52,1203.15,4310.3374096
2022-12-31T16:00:00Z,1203.04,1205.55,1193.2,1196.21,4213.0606459
2023-01-01T00:00:00Z,1196.21,1196.76,1191.2,1195.31,3678.23419068
2023-01-01T08:00:00Z,1195.05,1198.2,1193.37,1196.67,2068.6287345
2023-01-01T16:00:00Z,1196.67,1204.8,1195.67,1200.54,4684.8287023
2023-01-02T00:00:00Z,1200.36,1218.5,1193,1212.98,6567.6337555
2023-01-02T08:00:00Z,1213.16,1223.3,1211.98,1218.98,6324.8968256
2023-01-02T16:00:00Z,1218.98,1222.57,1210.99,1213.98,4073.45317171
2023-01-03T00:00:00Z,1213.98,1219.79,1211.46,1216.69,4249.4135335
2023-01-03T08:00:00Z,1216.69,1219.23,1206.51,1211.81,5957.987533
2023-01-03T16:00:00Z,1212.08,1216.1,1205.12,1214.68,4595.6921927
2023-01-04T00:00:00Z,1214.69,1254.66,1212.98,1252.39,16881.26726086
2023-01-04T08:00:00Z,1252.3,1260.97,1243.6,1256.01,10805.90868494
2023-01-04T16:00:00Z,1256,1270.8,1245.93,1256.87,13957.30777754
2023-01-05T00:00:00Z,1256.86,1259.91,1247.77,1251,5429.5874391
2023-01-05T08:00:00Z,1251.01,1255.86,1243.11,1249.26,6666.97938805
2023-01-05T16:00:00Z,1249.23,1254.98,1246.52,1251.07,4858.0685004
2023-01-06T00:00:00Z,1251.45,1258.32,1246.3,1247.9,4422.4848771
2023-01-06T08:00:00Z,1247.9,1264.74,1236.24,1263.3,13929.5891103
2023-01-06T16:00:00Z,1263.24,1276.32,1260.2,1269.19,9783.11323959
2023-01-07T00:00:00Z,1269.2,1270.95,1262.15,1266.67,3255.06285862
2023-01-07T08:00:00Z,1266.68,1266.86,1261.47,1265.16,2850.559797
2023-01-07T16:00:00Z,1265.16,1266.64,1261.56,1264.07,4084.76475766
2023-01-08T00:00:00Z,1264.1,1264.79,1258.07,1263.5,3221.6408368
2023-01-08T08:00:00Z,1263.51,1276,1260.58,1275.01,4839.2031889
2023-01-08T16:00:00Z,1275,1295.1,1261.88,1290.27,10759.11355096
2023-01-09T00:00:00Z,1290.13,1314.4,1285.26,1311.8,13909.44475314
2023-01-09T08:00:00Z,1311.73,1341.99,1308.14,1335.91,15636.9975725
2023-01-09T16:00:00Z,1335.91,1344.79,1315.05,1320.44,14052.9031277
2023-01-10T00:00:00Z,1320.43,1329.3,1317.1,1323.32,7516.3509126
2023-01-10T08:00:00Z,1323.33,1340.44,1321.6,1333.94,14049.48847694
2023-01-10T16:00:00Z,1333.93,1347.08,1327.93,1335.83,10118.6554413
2023-01-11T00:00:00Z,1335.94,1341.73,1327.39,1335.67,7278.01370051
2023-01-11T08:00:00Z,1335.67,1337.79,1321.03,1323.12,6388.6887237
2023-01-11T16:00:00Z,1322.98,1397.56,1321.88,1389.41,19845.68005495
2023-01-12T00:00:00Z,1389.59,1419.56,1385.82,1398.61,18888.86909267
2023-01-12T08:00:00Z,1398.61,1409.27,1356.4,1385.78,28753.11822702
2023-01-12T16:00:00Z,1385.78,1437.73,1382.94,1415.85,22004.5534478
2023-01-13T00:00:00Z,1415.86,1418.08,1400.92,1408.22,7486.47652268
2023-01-13T08:00:00Z,1408.29,1424.33,1401.65,1421.88,14056.16612518
2023-01-13T16:00:00Z,1421.87,1464.51,1406.94,1451.02,21707.0015491
2023-01-14T00:00:00Z,1451.03,1594.2,1449.11,1553.54,37939.60255164
2023-01-14T08:00:00Z,1553.54,1565.03,1504.84,1525.69,22760.0640884
2023-01-14T16:00:00Z,1525.38,1559,1523.51,1549.83,10537.60030385
2023-01-15T00:00:00Z,1549.74,1552.09,1515.75,1528.93,7772.1300948
2023-01-15T08:00:00Z,1528.93,1559.74,1518.78,1556.18,8892.7696794
2023-01-15T16:00:00Z,1556.18,1566.3,1533.24,1552.39,11718.1226158
2023-01-16T00:00:00Z,1552.4,1584.32,1540,1566,16975.1137577
2023-01-16T08:00:00Z,1565.99,1566.58,1521.22,1549.85,12886.36188599
2023-01-16T16:00:00Z,1549.55,1603.74,1545.57,1576.88,19868.42549258
2023-01-17T00:00:00Z,1577,1581.97,1541.97,1563.23,10847.1413466
2023-01-17T08:00:00Z,1563.23,1607.77,1558.33,1571.48,15320.7264231
2023-01-17T16:00:00Z,1571.47,1599.14,1563.6,1565.21,12382.8732159
2023-01-18T00:00:00Z,1565.62,1592.06,1562.9,1583.35,8034.79945203
2023-01-18T08:00:00Z,1583.34,1610,1533.01,1550,21870.31054786
2023-01-18T16:00:00Z,1549.65,1566.6,1501.31,1511.01,27375.75247351
2023-01-19T00:00:00Z,1511.42,1532.55,1509.45,1528.27,6691.041666
2023-01-19T08:00:00Z,1528.31,1547.5,1513.46,1532.86,8933.1153614
2023-01-19T16:00:00Z,1532.87,1564.5,1522.81,1551.18,12285.9127621
2023-01-20T00:00:00Z,1551.17,1563.83,1542.01,1550.23,6332.6305037
2023-01-20T08:00:00Z,1550.22,1569.39,1545.32,1563.54,7253.08450966
2023-01-20T16:00:00Z,1563.53,1670,1561.47,1658.43,31961.07233752
2023-01-21T00:00:00Z,1658.44,1677,1642.42,1651.38,9137.99473083
2023-01-21T08:00:00Z,1651.39,1679.53,1620,1647.19,21300.74848025
2023-01-21T16:00:00Z,1647.2,1668.52,1622.38,1626.64,13211.4391807
2023-01-22T00:00:00Z,1626.64,1636.49,1604.6,1627.04,9592.536412
2023-01-22T08:00:00Z,1627.04,1650.26,1617.78,1635.61,9248.0553842
2023-01-22T16:00:00Z,1635.61,1663.01,1607.01,1627.43,14797.34087138
2023-01-23T00:00:00Z,1627.43,1642.53,1625.68,1633.3,6127.1831708
2023-01-23T08:00:00Z,1633.3,1647.38,1585,1620.94,19570.61408995
2023-01-23T16:00:00Z,1620.99,1640.78,1609.92,1626.39,13610.1740249
2023-01-24T00:00:00Z,1626.44,1641.06,1622.72,1635.67,7348.9992366
2023-01-24T08:00:00Z,1635.66,1637.3,1604,1620.28,13778.0806676
2023-01-24T16:00:00Z,1620.66,1624.4,1532.4,1556.22,21172.46126666
2023-01-25T00:00:00Z,1556.22,1558.84,1516.64,1553.8,12877.6640457
2023-01-25T08:00:00Z,1553.65,1566.98,1525.02,1544.07,13602.91192258
2023-01-25T16:00:00Z,1544.07,1642,1541.35,1611.55,26746.11878712
2023-01-26T00:00:00Z,1611.56,1632.9,1598.07,1604.77,12042.42108976
2023-01-26T08:00:00Z,1604.72,1620.92,1585.3,1590.29,16021.2180429
2023-01-26T16:00:00Z,1590.29,1610.98,1577.6,1601.07,11095.277582
2023-01-27T00:00:00Z,1601.07,1606.41,1553.01,1585.43,11689.51860422
2023-01-27T08:00:00Z,1585.43,1594,1560,1574.73,11029.18094116
2023-01-27T16:00:00Z,1574.72,1621.06,1574.23,1597.72,16653.2425976
2023-01-28T00:00:00Z,1597.71,1606.65,1585.89,1592.64,6010.1377761
2023-01-28T08:00:00Z,1592.65,1594.1,1562.76,1578.44,12362.67689091
2023-01-28T16:00:00Z,1578.44,1580.83,1556.02,1572.16,7006.3281164
2023-01-29T00:00:00Z,1572.06,1618.63,1566.28,1592.58,14552.0724103
2023-01-29T08:00:00Z,1592.59,1625,1589.17,1611.53,12974.26304128
2023-01-29T16:00:00Z,1611.53,1661.08,1605.49,1645.01,22044.90595213
2023-01-30T00:00:00Z,1645.01,1647.51,1621.76,1627.61,7847.2277503
2023-01-30T08:00:00Z,1627.5,1630,1567.5,1584.79,23021.20568436
2023-01-30T16:00:00Z,1584.78,1590.42,1533.01,1565.96,17468.52749679
2023-01-31T00:00:00Z,1565.96,1581.04,1561.45,1580.14,7221.5391982
2023-01-31T08:00:00Z,1579.91,1596.06,1565.78,1588.77,8484.3785241
2023-01-31T16:00:00Z,1588.93,1605.56,1564,1585.38,12295.73574916
2023-02-01T00:00:00Z,1585.38,1592.88,1569.95,1575.49,5389.05833696
2023-02-01T08:00:00Z,1575.42,1589.68,1566.5,1575.67,8109.3038894
2023-02-01T16:00:00Z,1575.42,1648.15,1555.3,1641.65,31111.10436381
2023-02-02T00:00:00Z,1641.65,1697.1,1639.34,1664.27,15327.30305781
2023-02-02T08:00:00Z,1664.27,1689.6,1650.1,1678.23,11911.43596604
2023-02-02T16:00:00Z,1678.4,1714.07,1627.5,1643.19,21335.30395586
2023-02-03T00:00:00Z,1643.36,1650.4,1630.69,1637.85,7203.6336436
2023-02-03T08:00:00Z,1637.85,1673.98,1625.36,1663.77,17019.02265103
2023-02-03T16:00:00Z,1663.76,1675.6,1642,1663.37,10580.9826548
2023-02-04T00:00:00Z,1663.37,1665.9,1645.35,1658.3,5158.36349937
2023-02-04T08:00:00Z,1658.25,1695.46,1651.55,1679.56,8884.0126629
2023-02-04T16:00:00Z,1679.55,1689.03,1658.8,1666.39,8623.9165966
2023-02-05T00:00:00Z,1666.55,1671.29,1657,1667.99,5265.0988152
2023-02-05T08:00:00Z,1668,1673.8,1636.55,1644.39,10692.9021142
2023-02-05T16:00:00Z,1644.21,1647.5,1609,1629.06,13594.74881527
2023-02-06T00:00:00Z,1629.06,1642.58,1608.61,1635.48,7419.5733683
2023-02-06T08:00:00Z,1635.59,1649.09,1619.89,1648.38,10388.8170443
2023-02-06T16:00:00Z,1648.37,1658.41,1605.33,1614.18,15530.73547533
2023-02-07T00:00:00Z,1614.17,1637.7,1612.9,1632.16,6372.3231665
2023-02-07T08:00:00Z,1632.16,1647.78,1626.46,1630.85,7658.0534841
2023-02-07T16:00:00Z,1630.71,1678.02,1624.38,1670.98,20804.43443396
2023-02-08T00:00:00Z,1670.98,1697.54,1668.01,1677.55,9391.8988222
2023-02-08T08:00:00Z,1677.35,1682.29,1650.85,1653.45,12824.0595244
2023-02-08T16:00:00Z,1653.44,1659.79,1630.8,1650.34,15300.5199463
2023-02-09T00:00:00Z,1650.34,1655.8,1609.84,1630.15,14694.6601826
2023-02-09T08:00:00Z,1630.15,1648.93,1625.74,1632.09,9263.7875286
2023-02-09T16:00:00Z,1632.09,1633.64,1524.28,1545.47,28545.69901091
2023-02-10T00:00:00Z,1545.47,1554.46,1529.49,1551.9,9017.2391023
2023-02-10T08:00:00Z,1551.89,1554.8,1505.53,1522.42,12093.76441293
2023-02-10T16:00:00Z,1522.43,1539.15,1490.46,1513.3,13118.26227524
2023-02-11T00:00:00Z,1512.94,1523.69,1507.57,1520.77,4781.635574
2023-02-11T08:00:00Z,1520.77,1526.7,1514.92,1522.65,4652.8151421
2023-02-11T16:00:00Z,1522.65,1544.24,1506,1538.45,7809.1772814
2023-02-12T00:00:00Z,1538.45,1539.45,1528.88,1530.89,3841.23289664
2023-02-12T08:00:00Z,1530.89,1541.27,1521.17,1536.1,6099.9350453
2023-02-12T16:00:00Z,1536.2,1547.75,1493.19,1515.18,13408.69841653
2023-02-13T00:00:00Z,1515.18,1526.16,1496.78,1522.75,9576.612331
2023-02-13T08:00:00Z,1522.75,1523.02,1466.11,1475.76,17041.28697123
2023-02-13T16:00:00Z,1475.76,1510.33,1461.77,1505.45,14957.8098555
2023-02-14T00:00:00Z,1505.56,1508.67,1494.21,1505.97,5329.0357479
2023-02-14T08:00:00Z,1505.97,1568.89,1485,1544.69,31337.4534192
2023-02-14T16:00:00Z,1544.7,1564.01,1533.8,1555.66,16009.02928495
2023-02-15T00:00:00Z,1555.66,1557.21,1542.7,1547.51,5843.2548665
2023-02-15T08:00:00Z,1547.62,1593.3,1544.5,1579.71,16152.38067233
2023-02-15T16:00:00Z,1579.7,1681.3,1573.61,1674.84,30994.02718092
2023-02-16T00:00:00Z,1674.83,1713,1672.61,1681.9,17061.72838181
2023-02-16T08:00:00Z,1681.9,1727.98,1665.29,1724.41,18206.67139857
2023-02-16T16:00:00Z,1724.36,1742.43,1633.9,1638.41,28982.67159888
2023-02-17T00:00:00Z,1638.12,1669.77,1631,1653.52,9585.8590017
2023-02-17T08:00:00Z,1653.52,1683.65,1646.52,1673.42,14119.55112879
2023-02-17T16:00:00Z,1673.24,1721.8,1662.41,1693.72,25205.14521512
2023-02-18T00:00:00Z,1693.71,1703.97,1685,1690.46,5960.11507343
2023-02-18T08:00:00Z,1690.45,1699.35,1686.04,1695.81,5749.8418502
2023-02-18T16:00:00Z,1695.5,1712.8,1679.62,1691.73,6245.2260668
2023-02-19T00:00:00Z,1691.73,1710,1689.46,1693.21,5254.6265169
2023-02-19T08:00:00Z,1693.22,1724,1690.63,1711.7,6322.2910024
2023-02-19T16:00:00Z,1711.7,1726.2,1666.41,1679.78,13561.1197424
2023-02-20T00:00:00Z,1679.69,1698,1651,1696.01,8912.1372679
2023-02-20T08:00:00Z,1696.01,1719.78,1688.26,1706.86,11195.0449127
2023-02-20T16:00:00Z,1706.86,1711.96,1684.89,1703.5,7520.44908954
2023-02-21T00:00:00Z,1703.5,1716.5,1695.13,1704.12,7197.5551271
2023-02-21T08:00:00Z,1704.15,1715,1659.2,1672.22,15051.38317162
2023-02-21T16:00:00Z,1672.22,1686.3,1636.1,1659.7,11278.99345001
2023-02-22T00:00:00Z,1659.62,1667.22,1622,1644.33,10240.4569343
2023-02-22T08:00:00Z,1644.34,1650.4,1605.2,1613.66,10525.02674435
2023-02-22T16:00:00Z,1613.57,1645.09,1596,1643.17,11830.61672536
2023-02-23T00:00:00Z,1643.17,1678.9,1637.6,1666.56,10591.41493025
2023-02-23T08:00:00Z,1666.56,1672.97,1628.55,1655.8,14195.92347689
2023-02-23T16:00:00Z,1655.79,1661.58,1636.1,1650.5,7861.4551112
2023-02-24T00:00:00Z,1650.51,1664.95,1641.3,1651.83,6055.3151266
2023-02-24T08:00:00Z,1651.82,1657.63,1600,1602.88,10850.81263758
2023-02-24T16:00:00Z,1602.88,1623.1,1575.61,1607.91,16851.63701717
2023-02-25T00:00:00Z,1607.92,1609.08,1594.47,1603.9,3866.39927798
2023-02-25T08:00:00Z,1603.9,1607.4,1592.01,1596.9,4556.81067926
2023-02-25T16:00:00Z,1596.9,1600.74,1557.39,1594.57,8662.53386588
2023-02-26T00:00:00Z,1594.56,1606.1,1587.78,1600.05,3862.8470083
2023-02-26T08:00:00Z,1600.05,1615.61,1594.81,1605.11,5301.7559497
2023-02-26T16:00:00Z,1605.11,1652.01,1596.92,1641.42,9571.6324389
2023-02-27T00:00:00Z,1641.42,1650,1631.21,1636.15,4330.3071079
2023-02-27T08:00:00Z,1636.16,1665,1632.12,1644.08,10660.7355839
2023-02-27T16:00:00Z,1644.13,1646.58,1608.08,1633.66,11001.87139129
2023-02-28T00:00:00Z,1633.67,1635.85,1618.02,1619.14,4360.0044334
2023-02-28T08:00:00Z,1619.38,1647.49,1616.74,1641.03,6749.1129238
2023-02-28T16:00:00Z,1641.04,1646.2,1597.05,1605.26,11871.64478693
2023-03-01T00:00:00Z,1605.46,1661.49,1594.63,1650.36,11108.06405457
2023-03-01T08:00:00Z,1650.4,1669.72,1646.54,1657.54,14424.1327044
2023-03-01T16:00:00Z,1657.44,1666,1631.23,1664.93,20894.90294212
2023-03-02T00:00:00Z,1664.92,1677.87,1639.11,1644.25,6211.20117177
2023-03-02T08:00:00Z,1644.25,1648.65,1619.42,1628.25,9929.6952673
2023-03-02T16:00:00Z,1628.25,1658,1621.51,1647.84,9864.3271748
2023-03-03T00:00:00Z,1647.84,1649.23,1543,1568.27,27289.61599967
2023-03-03T08:00:00Z,1568.14,1580.63,1560.74,1566.35,8990.72358688
2023-03-03T16:00:00Z,1566.36,1574.6,1547.41,1569.48,8946.24519866
2023-03-04T00:00:00Z,1569.49,1577.22,1562.8,1568.76,4386.1332811
2023-03-04T08:00:00Z,1568.75,1572.05,1562,1562.08,3396.6275182
2023-03-04T16:00:00Z,1562.09,1568.68,1549.21,1566.8,5799.6258754
2023-03-05T00:00:00Z,1566.8,1588.79,1553.21,1568.57,8199.5217458
2023-03-05T08:00:00Z,1568.57,1574.3,1564.1,1569.12,4208.75451995
2023-03-05T16:00:00Z,1569.13,1578.72,1556.93,1564.64,6486.72155929
2023-03-06T00:00:00Z,1564.63,1572.8,1554.68,1561.36,5795.3745283
2023-03-06T08:00:00Z,1561.36,1583.31,1558,1577.99,5288.09877784
2023-03-06T16:00:00Z,1578,1580.97,1559.32,1565.8,7542.92965715
2023-03-07T00:00:00Z,1565.8,1583.79,1561.54,1571.29,6278.4083788
2023-03-07T08:00:00Z,1571.28,1573,1536,1560.87,12918.75270707
2023-03-07T16:00:00Z,1560.87,1565.38,1543.4,1562.1,10327.86459011
2023-03-08T00:00:00Z,1562.1,1570.9,1548.13,1551.3,6310.0960969
2023-03-08T08:00:00Z,1551.3,1565.75,1540.98,1560.22,9060.3886376
2023-03-08T16:00:00Z,1560.23,1564.92,1522.67,1532.61,9595.48602582
2023-03-09T00:00:00Z,1532.6,1544.9,1531.41,1536.83,4594.4747532
2023-03-09T08:00:00Z,1537.03,1546.26,1523.8,1533.85,6737.4069702
2023-03-09T16:00:00Z,1533.85,1537.64,1409.36,1437.51,35879.32546433
2023-03-10T00:00:00Z,1437.5,1437.51,1391.53,1412.08,17791.31839884
2023-03-10T08:00:00Z,1412.08,1434.43,1366.96,1417.09,30606.7424625
2023-03-10T16:00:00Z,1417.09,1438.29,1400.61,1426.47,19904.1736363
2023-03-11T00:00:00Z,1426.47,1475,1414.73,1417.09,35132.89602173
2023-03-11T08:00:00Z,1417.08,1450.48,1408.41,1428.21,17470.9127496
2023-03-11T16:00:00Z,1428.21,1477.57,1422.18,1472.07,14842.49311627
2023-03-12T00:00:00Z,1472.07,1473.78,1453.5,1459.5,8924.7725984
2023-03-12T08:00:00Z,1459.5,1467.36,1449.12,1456.12,7762.31355548
2023-03-12T16:00:00Z,1456.12,1594.83,1453.88,1579.95,39451.48293743
2023-03-13T00:00:00Z,1579.81,1621.7,1572.98,1606.67,21055.17828136
2023-03-13T08:00:00Z,1606.67,1694.3,1564,1664.32,39825.98372541
2023-03-13T16:00:00Z,1664.42,1685.32,1647.32,1673.64,15211.27548955
2023-03-14T00:00:00Z,1673.74,1694.07,1660,1666.45,10109.05126481
2023-03-14T08:00:00Z,1666.77,1777,1655.57,1769.46,33436.35473444
2023-03-14T16:00:00Z,1769.45,1774.66,1660,1699.61,25315.01321781
2023-03-15T00:00:00Z,1699.37,1716.56,1681.69,1705.02,9455.0669136
2023-03-15T08:00:00Z,1704.65,1705.51,1626.1,1634.08,18160.25245065
2023-03-15T16:00:00Z,1634.34,1664.27,1611.4,1650.23,14867.69325849
2023-03-16T00:00:00Z,1650.23,1659.63,1631.88,1655.54,6120.45784415
2023-03-16T08:00:00Z,1655.7,1669.97,1636.32,1662.72,10947.5776895
2023-03-16T16:00:00Z,1662.91,1691.42,1652.6,1673.49,9449.0021735
2023-03-17T00:00:00Z,1673.49,1731,1662.82,1715.77,12454.06872398
2023-03-17T08:00:00Z,1715.77,1763.59,1703.15,1717.5,19705.85785068
2023-03-17T16:00:00Z,1717.4,1799.4,1709.7,1789.21,17740.8047095
2023-03-18T00:00:00Z,1789.21,1831.99,1767.62,1814.12,12889.61477567
2023-03-18T08:00:00Z,1814.12,1841.49,1775.24,1785.64,11464.13074618
2023-03-18T16:00:00Z,1785.64,1803.28,1746.2,1758.67,11733.29649297
2023-03-19T00:00:00Z,1758.68,1786.4,1757.96,1774.7,4074.42818093
2023-03-19T08:00:00Z,1774.71,1812.3,1765.81,1793.95,7599.409124
2023-03-19T16:00:00Z,1793.88,1841.2,1773.43,1780.7,14147.64311079
2023-03-20T00:00:00Z,1780.74,1793.34,1737.3,1791.36,12826.7608203
2023-03-20T08:00:00Z,1791.55,1803,1751.3,1762.68,12317.2982923
2023-03-20T16:00:00Z,1762.68,1768.69,1723.32,1732.79,11068.3673517
2023-03-21T00:00:00Z,1732.62,1757.55,1717.4,1730.22,6991.25510252
2023-03-21T08:00:00Z,1730.22,1834.99,1725,1812.61,15324.0198161
2023-03-21T16:00:00Z,1812.61,1825.64,1772.64,1800.97,11994.5713818
2023-03-22T00:00:00Z,1801.08,1807.5,1778.27,1792.53,4587.7784788
2023-03-22T08:00:00Z,1792.54,1819.52,1781.3,1806.04,8326.5590304
2023-03-22T16:00:00Z,1806.32,1810.39,1710.36,1734.36,27681.91571975
2023-03-23T00:00:00Z,1734.35,1753.3,1729.4,1750.7,5366.5671466
2023-03-23T08:00:00Z,1750.7,1856,1741.04,1837.08,23809.77387102
2023-03-23T16:00:00Z,1837.09,1841.31,1792.8,1813.74,16855.5251498
2023-03-24T00:00:00Z,1813.73,1818.42,1803.5,1815.36,3645.4919437
2023-03-24T08:00:00Z,1815.49,1816.56,1730,1766.82,17735.2397912
2023-03-24T16:00:00Z,1766.82,1769.55,1726.42,1749.5,13513.8141966
2023-03-25T00:00:00Z,1749.62,1762.36,1741.98,1747.14,3586.2831165
2023-03-25T08:00:00Z,1747.28,1763.7,1736.14,1754.67,5139.4129264
2023-03-25T16:00:00Z,1754.75,1757.88,1713.68,1741.9,6487.80260323
2023-03-26T00:00:00Z,1741.9,1756.64,1739.37,1752.28,3879.759567
2023-03-26T08:00:00Z,1752.28,1799.67,1749.27,1763.16,11934.3782727
2023-03-26T16:00:00Z,1763.01,1782.75,1754.5,1773.79,4597.0909772
2023-03-27T00:00:00Z,1773.79,1780.4,1746.91,1752.38,4864.3460572
2023-03-27T08:00:00Z,1752.38,1770.31,1687.61,1711.75,14322.89837521
2023-03-27T16:00:00Z,1711.76,1731.99,1696.6,1715.32,9769.7112542
2023-03-28T00:00:00Z,1715.33,1735.4,1701.61,1724.39,5537.7049158
2023-03-28T08:00:00Z,1724.56,1754.47,1710.1,1744.31,9311.30742846
2023-03-28T16:00:00Z,1744.14,1795.39,1727.3,1772.78,11510.2184187
2023-03-29T00:00:00Z,1772.96,1818,1772.35,1804.91,7340.24066087
2023-03-29T08:00:00Z,1804.91,1827.74,1792.46,1807.86,9489.67484692
2023-03-29T16:00:00Z,1807.83,1811.88,1782.9,1792.99,6188.6204436
2023-03-30T00:00:00Z,1792.99,1829.7,1766.52,1806.39,11982.2807954
2023-03-30T08:00:00Z,1806.38,1808.29,1784.21,1789.2,6576.24372509
2023-03-30T16:00:00Z,1789.19,1798.4,1763,1793.59,8510.5323614
2023-03-31T00:00:00Z,1793.59,1817.83,1778.85,1795.02,4669.8948787
2023-03-31T08:00:00Z,1795.32,1847.18,1786.29,1830.48,11746.8103276
2023-03-31T16:00:00Z,1830.47,1834.48,1814.62,1821.95,5654.959214
2023-04-01T00:00:00Z,1821.95,1842.72,1812.72,1823.79,4340.1571099
2023-04-01T08:00:00Z,1823.79,1828.52,1814.47,1820.33,3178.06096531
2023-04-01T16:00:00Z,1820.34,1825.83,1808.63,1820.83,4212.882705
2023-04-02T00:00:00Z,1820.84,1825.12,1810.2,1820.74,3377.0460154
2023-04-02T08:00:00Z,1820.74,1823.44,1789.12,1797.75,6869.94993165
2023-04-02T16:00:00Z,1797.75,1803.82,1772,1794.34,8708.0712291
2023-04-03T00:00:00Z,1794.34,1794.7,1762.66,1794.7,5817.8496836
2023-04-03T08:00:00Z,1794.7,1821.9,1788.72,1796.85,12077.1905441
2023-04-03T16:00:00Z,1796.85,1840,1768.83,1810.5,18556.9316818
2023-04-04T00:00:00Z,1810.25,1822.75,1802,1812.2,5188.5043513
2023-04-04T08:00:00Z,1812.21,1891.77,1811.14,1862.86,23279.5010281
2023-04-04T16:00:00Z,1862.86,1886.9,1857.11,1870.6,7056.1904454
2023-04-05T00:00:00Z,1870.4,1925,1864.41,1910.23,12895.06813783
2023-04-05T08:00:00Z,1910.24,1942.21,1883,1896.85,13654.5619178
2023-04-05T16:00:00Z,1897.12,1917.9,1883.88,1908.77,7394.014038
2023-04-06T00:00:00Z,1908.69,1909.93,1876.18,1879.09,6545.98918309
2023-04-06T08:00:00Z,1879.09,1885.54,1854,1874.77,11616.3776035
2023-04-06T16:00:00Z,1875.01,1883.36,1860.32,1872.49,5264.7731096
2023-04-07T00:00:00Z,1872.49,1882.39,1841.18,1850.64,5679.31177363
2023-04-07T08:00:00Z,1850.65,1863.29,1842.93,1860.35,5853.3668801
2023-04-07T16:00:00Z,1860.36,1872.06,1851.28,1863.74,3708.8402952
2023-04-08T00:00:00Z,1863.74,1879.55,1854.88,1872.3,3895.4905793
2023-04-08T08:00:00Z,1872.08,1874.5,1862,1866.85,2593.5533134
2023-04-08T16:00:00Z,1866.86,1869.29,1847.18,1848.79,4661.3192378
2023-04-09T00:00:00Z,1848.79,1859.63,1821.9,1835.44,5771.50851788
2023-04-09T08:00:00Z,1835.44,1845.5,1826.36,1837.25,4095.712577
2023-04-09T16:00:00Z,1837.25,1873.94,1836.24,1858.58,5842.7687377
2023-04-10T00:00:00Z,1858.75,1865.4,1846.44,1859.88,4046.362867
2023-04-10T08:00:00Z,1859.89,1868.4,1847.57,1861.06,5686.4501751
2023-04-10T16:00:00Z,1861.05,1919,1857.71,1910.02,13690.99562248
2023-04-11T00:00:00Z,1910.02,1937.1,1907.69,1921.86,9690.32380773
2023-04-11T08:00:00Z,1921.86,1922.95,1904.05,1913.63,5823.330538
2023-04-11T16:00:00Z,1913.64,1917,1882.01,1889.74,8742.48824232
2023-04-12T00:00:00Z,1889.73,1897,1853.5,1870.37,9926.1061841
2023-04-12T08:00:00Z,1870.37,1932.27,1863.71,1912.02,21150.2517708
2023-04-12T16:00:00Z,1911.96,1930.4,1893.94,1917.07,11778.5261936
2023-04-13T00:00:00Z,1917.27,1925.7,1899.41,1922.23,7698.4961151
2023-04-13T08:00:00Z,1921.97,2008.27,1919.64,1996.95,28785.55116733
2023-04-13T16:00:00Z,1996.95,2022,1991.4,2011.69,11483.1627204
2023-04-14T00:00:00Z,2011.69,2128.45,2009.02,2106.21,29642.97816086
2023-04-14T08:00:00Z,2106.21,2124.29,2050.02,2059.29,18392.42389792
2023-04-14T16:00:00Z,2058.9,2120.8,2042.52,2099.75,18373.7952564
2023-04-15T00:00:00Z,2099.75,2106,2071.7,2097.58,8651.6590809
2023-04-15T08:00:00Z,2097.58,2111,2092.68,2098.05,7279.7153211
2023-04-15T16:00:00Z,2098.05,2108.36,2081.59,2090.56,8699.56917975
2023-04-16T00:00:00Z,2090.56,2102.51,2071.44,2098.07,5932.3838498
2023-04-16T08:00:00Z,2098.07,2099.7,2076.31,2093.83,6307.9872616
2023-04-16T16:00:00Z,2093.82,2140.84,2088.54,2118.36,15884.91207464
2023-04-17T00:00:00Z,2118.35,2120.37,2073,2090.21,11594.1612449
2023-04-17T08:00:00Z,2090.21,2098.92,2056.91,2071.41,14204.63795836
2023-04-17T16:00:00Z,2071.41,2094.1,2067.66,2074.56,8698.1039306
2023-04-18T00:00:00Z,2074.56,2110.45,2046.4,2100.08,10577.01658402
2023-04-18T08:00:00Z,2100.08,2124.07,2088.63,2095.54,11022.8992422
2023-04-18T16:00:00Z,2095.54,2107.92,2069.8,2104.04,11340.0493312
2023-04-19T00:00:00Z,2104.04,2104.57,2065.04,2073.94,8280.20887505
2023-04-19T08:00:00Z,2073.94,2073.94,1961.24,1982.78,37675.69709008
2023-04-19T16:00:00Z,1983.03,1991.27,1921.98,1934.97,17725.33102166
2023-04-20T00:00:00Z,1934.06,1964.4,1924.6,1948.92,9848.8234224
2023-04-20T08:00:00Z,1948.92,1982.18,1936.24,1945.82,11910.33108177
2023-04-20T16:00:00Z,1945.52,1955.3,1916.06,1942.76,14813.217169
2023-04-21T00:00:00Z,1942.77,1956.91,1898,1928.02,10540.45094265
2023-04-21T08:00:00Z,1928.02,1933.89,1890.71,1903.79,9997.19906992
2023-04-21T16:00:00Z,1903.79,1908.58,1825.4,1849.01,21881.62284973
2023-04-22T00:00:00Z,1849,1864.98,1845.3,1850.52,5566.4071653
2023-04-22T08:00:00Z,1850.52,1871.89,1842.48,1866.77,5068.2694559
2023-04-22T16:00:00Z,1866.78,1887.2,1864.13,1874.32,6856.6210237
2023-04-23T00:00:00Z,1874.32,1878.07,1847.51,1874.24,5481.347831
2023-04-23T08:00:00Z,1874.24,1882.8,1853.15,1858.98,7115.4477824
2023-04-23T16:00:00Z,1858.99,1872.43,1835.01,1861.85,9121.02586049
2023-04-24T00:00:00Z,1861.85,1889.76,1827.4,1845.7,9401.4681388
2023-04-24T08:00:00Z,1845.71,1876.16,1831.5,1834.01,11434.6974115
2023-04-24T16:00:00Z,1834.02,1848,1805.77,1841.88,12309.91088955
2023-04-25T00:00:00Z,1841.89,1850.35,1812.55,1815.5,7498.8596267
2023-04-25T08:00:00Z,1815.51,1832.83,1802.11,1814.91,12298.2366464
2023-04-25T16:00:00Z,1814.94,1877.6,1812.35,1866.3,15718.9553871
2023-04-26T00:00:00Z,1866.3,1884,1858.76,1861.96,6107.2659601
2023-04-26T08:00:00Z,1861.96,1964.69,1861.42,1953.9,19364.93402748
2023-04-26T16:00:00Z,1953.91,1958.3,1784.03,1865.8,31018.65728143
2023-04-27T00:00:00Z,1865.81,1939,1861.05,1885.1,17972.37313963
2023-04-27T08:00:00Z,1884.98,1916.58,1862.16,1900.06,10102.7825472
2023-04-27T16:00:00Z,1900.08,1937.54,1891.1,1908.63,13145.39542811
2023-04-28T00:00:00Z,1908.52,1923.97,1902.25,1918.98,6710.5929252
2023-04-28T08:00:00Z,1918.99,1919.39,1875,1887,10441.5237041
2023-04-28T16:00:00Z,1887,1904.99,1883.31,1891,6237.0599315
2023-04-29T00:00:00Z,1891.01,1904.29,1886.24,1902,3747.417919
2023-04-29T08:00:00Z,1902.01,1917.64,1893.53,1905.63,4335.0268517
2023-04-29T16:00:00Z,1905.62,1908.98,1883.4,1907.49,6410.3454167
2023-04-30T00:00:00Z,1907.49,1907.49,1892.9,1903.13,3963.0496607
2023-04-30T08:00:00Z,1903.13,1939,1897.62,1920.02,9611.0603649
2023-04-30T16:00:00Z,1920.02,1934,1866.71,1870.16,12024.7862457
2023-05-01T00:00:00Z,1870.16,1886.57,1823.32,1849.63,9832.82571168
2023-05-01T08:00:00Z,1849.64,1853.79,1827.1,1833.97,9604.9609892
2023-05-01T16:00:00Z,1833.99,1842.56,1806.37,1831.04,12135.19519526
2023-05-02T00:00:00Z,1830.91,1841.15,1823.04,1835.86,4877.7305023
2023-05-02T08:00:00Z,1835.86,1868.8,1824.59,1858.9,10676.3329772
2023-05-02T16:00:00Z,1858.89,1881.48,1853.11,1870.01,7852.9321717
2023-05-03T00:00:00Z,1870.02,1870.75,1854.16,1865.1,5265.34660519
2023-05-03T08:00:00Z,1865.1,1872.17,1842.83,1853.19,7596.45799154
2023-05-03T16:00:00Z,1853.19,1917,1850.89,1905,20091.92434527
2023-05-04T00:00:00Z,1905,1908.26,1896.01,1898.36,5430.63093228
2023-05-04T08:00:00Z,1898.37,1918.62,1878,1885.74,10816.4411475
2023-05-04T16:00:00Z,1885.74,1891.44,1867.05,1877.08,6723.07465063
2023-05-05T00:00:00Z,1877.08,1908.8,1875.76,1895.36,7204.7571517
2023-05-05T08:00:00Z,1895.37,1955.77,1889.1,1953.26,14622.5809559
2023-05-05T16:00:00Z,1953.27,1999,1953.26,1993.11,14399.71116421
2023-05-06T00:00:00Z,1993.14,2019,1955.66,1958.77,11108.5783935
2023-05-06T08:00:00Z,1958.78,1958.78,1860.51,1877.74,20725.51145242
2023-05-06T16:00:00Z,1877.3,1905.89,1876.27,1896.63,7043.6039449
2023-05-07T00:00:00Z,1896.63,1918.69,1887.87,1905.35,5543.3566375
2023-05-07T08:00:00Z,1905.36,1933.29,1896.31,1917.15,8128.1084681
2023-05-07T16:00:00Z,1917.31,1923.41,1868.25,1870.48,8922.97913621
2023-05-08T00:00:00Z,1870.47,1883.99,1837.95,1851.16,13871.9781019
2023-05-08T08:00:00Z,1851.17,1876.79,1834.92,1865,12560.5012227
2023-05-08T16:00:00Z,1865,1867,1810.88,1847.53,12660.5004174
2023-05-09T00:00:00Z,1847.77,1856.6,1831.2,1848.83,5024.8347804
2023-05-09T08:00:00Z,1848.81,1853.99,1834.33,1839.31,6967.3626255
2023-05-09T16:00:00Z,1839.31,1861.9,1835.82,1846.57,5872.762727
2023-05-10T00:00:00Z,1846.57,1859.19,1834.18,1838.41,3910.7978122
2023-05-10T08:00:00Z,1838.41,1887.76,1834.8,1872.7,13279.48770555
2023-05-10T16:00:00Z,1872.7,1879.8,1790,1841.04,26426.34482576
2023-05-11T00:00:00Z,1841.05,1841.93,1821.24,1829.26,5975.9739025
2023-05-11T08:00:00Z,1829.27,1838.8,1785.24,1807.81,15037.9679411
2023-05-11T16:00:00Z,1807.82,1810.2,1773,1794.54,12277.230568
2023-05-12T00:00:00Z,1794.54,1801.25,1739.28,1759.35,12532.81519136
2023-05-12T08:00:00Z,1759.35,1782.94,1755.34,1765.37,8679.8713506
2023-05-12T16:00:00Z,1765.55,1816.69,1742.48,1807.32,16351.5016769
2023-05-13T00:00:00Z,1807.32,1816.97,1797,1803.27,4453.9115455
2023-05-13T08:00:00Z,1803.25,1811.29,1786.2,1795.81,5246.97326829
2023-05-13T16:00:00Z,1795.81,1806.78,1785.77,1795,4133.7203558
2023-05-14T00:00:00Z,1795.01,1809.59,1790,1805.19,5085.12970996
2023-05-14T08:00:00Z,1805.19,1823.55,1797.12,1818.83,4830.2026995
2023-05-14T16:00:00Z,1818.82,1821.75,1791.8,1799.47,6284.3908738
2023-05-15T00:00:00Z,1799.31,1835.04,1785,1828.93,10616.45871063
2023-05-15T08:00:00Z,1828.93,1836.65,1812.78,1828.03,5508.1568993
2023-05-15T16:00:00Z,1828.03,1846.75,1813.33,1816.28,7541.0355682
2023-05-16T00:00:00Z,1816.2,1823.61,1796.32,1822.41,7487.403514
2023-05-16T08:00:00Z,1822.41,1827.46,1810,1820.11,5596.5885555
2023-05-16T16:00:00Z,1820.11,1832.76,1814.55,1824.36,6703.0067926
2023-05-17T00:00:00Z,1824.37,1837,1803.5,1807.87,4038.20084609
2023-05-17T08:00:00Z,1807.74,1808.6,1783.69,1797.13,6468.4931616
2023-05-17T16:00:00Z,1797.13,1835.37,1794.69,1822.48,10397.9528381
2023-05-18T00:00:00Z,1822.48,1831.78,1814.7,1827.2,3438.3424736
2023-05-18T08:00:00Z,1827.19,1829.73,1805.58,1807.89,6274.8261063
2023-05-18T16:00:00Z,1807.67,1821,1771.7,1800.47,14633.85837296
2023-05-19T00:00:00Z,1800.47,1810.7,1796.89,1805.59,3586.0211454
2023-05-19T08:00:00Z,1805.59,1829,1800.09,1815.23,10222.34712353
2023-05-19T16:00:00Z,1815.23,1822.95,1806.78,1812.17,3421.2220277
2023-05-20T00:00:00Z,1812.17,1814.07,1806.82,1811.2,1894.6660894
2023-05-20T08:00:00Z,1811.2,1820.84,1811.19,1817.41,2569.67856275
2023-05-20T16:00:00Z,1817.37,1829,1812.16,1819.35,3318.2641176
2023-05-21T00:00:00Z,1819.35,1829,1813.4,1816.95,2698.3497448
2023-05-21T08:00:00Z,1816.95,1818,1802.86,1807.12,4212.0045757
2023-05-21T16:00:00Z,1807.12,1811.6,1797.1,1804.9,4170.5942085
2023-05-22T00:00:00Z,1804.89,1815.1,1791.9,1811,4361.78247111
2023-05-22T08:00:00Z,1811,1828,1808.07,1816.65,5769.11406021
2023-05-22T16:00:00Z,1816.65,1825,1813.2,1817.2,3299.2672844
2023-05-23T00:00:00Z,1817.2,1873,1814.8,1853.81,12302.27870818
2023-05-23T08:00:00Z,1854.22,1860.35,1842.23,1856.99,5535.5905334
2023-05-23T16:00:00Z,1857,1857.45,1841.96,1854.19,4889.3421781
2023-05-24T00:00:00Z,1854.19,1854.19,1814,1814.3,8254.73851094
2023-05-24T08:00:00Z,1814.3,1820.97,1777.26,1793.46,10060.1068428
2023-05-24T16:00:00Z,1793.45,1809.25,1785,1799.85,6897.9808866
2023-05-25T00:00:00Z,1799.85,1807.2,1762.26,1778.54,8927.18665738
2023-05-25T08:00:00Z,1778.61,1811.13,1778.61,1791.46,7390.6062037
2023-05-25T16:00:00Z,1791.46,1818.96,1791.36,1805.56,5828.6450189
2023-05-26T00:00:00Z,1805.57,1817,1796.9,1816.71,3648.8531818
2023-05-26T08:00:00Z,1816.71,1837.89,1809.31,1830.73,7860.4560472
2023-05-26T16:00:00Z,1830.73,1837.8,1822.52,1827.8,5019.14766612
2023-05-27T00:00:00Z,1827.65,1836.02,1825.03,1829.89,3326.2903732
2023-05-27T08:00:00Z,1829.9,1831.99,1812.4,1823.4,3729.3248053
2023-05-27T16:00:00Z,1823.44,1832.28,1817.27,1830.02,3889.90359516
2023-05-28T00:00:00Z,1830.02,1860,1823.66,1847.92,6794.0615046
2023-05-28T08:00:00Z,1848.24,1851.57,1836.58,1843.71,3427.0439231
2023-05-28T16:00:00Z,1843.71,1924.17,1839.47,1908.44,13428.26949539
2023-05-29T00:00:00Z,1908.44,1927.93,1893.11,1899.81,7964.2075041
2023-05-29T08:00:00Z,1899.81,1905.23,1885.19,1889.4,6064.6470571
2023-05-29T16:00:00Z,1889.4,1902.29,1873.8,1892.57,7187.08738461
2023-05-30T00:00:00Z,1892.58,1912.25,1880.66,1898.26,5353.94720122
2023-05-30T08:00:00Z,1898.26,1916.88,1894.38,1900.44,7021.3161794
2023-05-30T16:00:00Z,1900.44,1914.49,1891.33,1900.51,6685.7342739
2023-05-31T00:00:00Z,1900.52,1907.1,1857.77,1869.65,10739.6960292
2023-05-31T08:00:00Z,1869.64,1875.19,1847.03,1858.34,9896.9169001
2023-05-31T16:00:00Z,1858.11,1878,1854.41,1873.5,4743.8268394
2023-06-01T00:00:00Z,1873.51,1888.72,1840.01,1854.31,12327.78296917
2023-06-01T08:00:00Z,1854.31,1866.62,1852,1863.3,5673.34374206
2023-06-01T16:00:00Z,1863.4,1882.69,1852.52,1861.61,7712.02324219
2023-06-02T00:00:00Z,1861.62,1896.84,1848.03,1885.7,9073.4735431
2023-06-02T08:00:00Z,1885.71,1901,1876.86,1892.18,7944.1200134
2023-06-02T16:00:00Z,1892.18,1910.7,1887.14,1906.58,6023.1201989
2023-06-03T00:00:00Z,1906.59,1907.91,1897.18,1902.67,3329.9692366
2023-06-03T08:00:00Z,1902.67,1906.64,1891,1903.46,4508.0293673
2023-06-03T16:00:00Z,1903.47,1903.8,1882.1,1891.93,4955.7027867
2023-06-04T00:00:00Z,1891.92,1901.14,1884.3,1900.03,2678.1388707
2023-06-04T08:00:00Z,1900.04,1914.34,1898.7,1901.57,3617.40388794
2023-06-04T16:00:00Z,1901.73,1912.62,1884.97,1890.23,6278.19163614
2023-06-05T00:00:00Z,1890.01,1890.75,1861.7,1873.45,9201.97854323
2023-06-05T08:00:00Z,1873.45,1873.86,1820.95,1821.23,12671.66184784
2023-06-05T16:00:00Z,1821.03,1824.01,1776.73,1810.3,20554.3211227
2023-06-06T00:00:00Z,1810.47,1818.98,1803.2,1813.25,3493.4059928
2023-06-06T08:00:00Z,1813.25,1846.16,1797.2,1842.08,13917.7799245
2023-06-06T16:00:00Z,1842.09,1898,1842.09,1884.36,15146.6889853
2023-06-07T00:00:00Z,1884.37,1897.17,1871.54,1875.01,5003.4290852
2023-06-07T08:00:00Z,1875.2,1878.01,1835,1838.99,15072.76811331
2023-06-07T16:00:00Z,1838.99,1852.52,1821,1832.28,8792.925535
2023-06-08T00:00:00Z,1832.28,1846.29,1828.38,1842.09,3860.5803268
2023-06-08T08:00:00Z,1842.09,1861.4,1838.04,1855.9,6855.3769191
2023-06-08T16:00:00Z,1855.91,1856.34,1841.42,1845.61,4607.10165571
2023-06-09T00:00:00Z,1845.61,1849.04,1826.02,1836.47,6183.0441123
2023-06-09T08:00:00Z,1836.47,1855.2,1834.63,1841.66,6003.43228078
2023-06-09T16:00:00Z,1841.66,1843.46,1828.4,1840.3,4956.2413687
2023-06-10T00:00:00Z,1840.3,1845.12,1725.24,1731.93,30299.29636137
2023-06-10T08:00:00Z,1731.92,1749.48,1716.28,1737.39,10837.7937682
2023-06-10T16:00:00Z,1737.4,1772.8,1719,1751.4,15527.010179
2023-06-11T00:00:00Z,1751.41,1759.45,1743.73,1752.75,3558.4924013
2023-06-11T08:00:00Z,1752.74,1755.53,1738.34,1741.1,3830.46999118
2023-06-11T16:00:00Z,1741.1,1777.92,1740.22,1752.71,7983.3389569
2023-06-12T00:00:00Z,1752.6,1755.3,1720.23,1736.52,6864.65894705
2023-06-12T08:00:00Z,1736.52,1759,1729.01,1731.74,8171.83556858
2023-06-12T16:00:00Z,1731.75,1747.15,1720.31,1742.56,7178.21774019
2023-06-13T00:00:00Z,1742.57,1756.16,1728.41,1748.21,5532.8879846
2023-06-13T08:00:00Z,1748.22,1766.77,1724.5,1729.78,16040.5921021
2023-06-13T16:00:00Z,1729.78,1750.83,1729.09,1740.06,5088.1961716
2023-06-14T00:00:00Z,1739.89,1748.2,1737.01,1741.3,3576.50812041
2023-06-14T08:00:00Z,1741.29,1750.37,1737.44,1740.91,4849.7399504
2023-06-14T16:00:00Z,1740.92,1747.62,1630.7,1651.03,37037.3940407
2023-06-15T00:00:00Z,1651.03,1655.79,1632,1640,10378.2543009
2023-06-15T08:00:00Z,1640,1652.09,1627.29,1642.27,10459.7955778
2023-06-15T16:00:00Z,1642.28,1680.86,1634.36,1666.96,14457.2056872
2023-06-16T00:00:00Z,1666.96,1674.85,1660,1670.96,3905.9397722
2023-06-16T08:00:00Z,1670.96,1686.74,1649.76,1682.1,12561.68499145
2023-06-16T16:00:00Z,1682.1,1729.66,1677.8,1717.91,17493.5630347
2023-06-17T00:00:00Z,1717.92,1773.71,1714.4,1744.59,11368.29761759
2023-06-17T08:00:00Z,1744.6,1747.38,1719.98,1727.84,6131.3597603
2023-06-17T16:00:00Z,1727.84,1732.4,1721.7,1727.68,3491.1307907
2023-06-18T00:00:00Z,1727.68,1737.7,1720.69,1730.07,3789.64780925
2023-06-18T08:00:00Z,1730.06,1741.99,1726.47,1738.02,3191.1222035
2023-06-18T16:00:00Z,1738.03,1747.6,1712.52,1720.97,7318.8276678
2023-06-19T00:00:00Z,1720.97,1728.1,1714.47,1724.53,3036.8862793
2023-06-19T08:00:00Z,1724.54,1733.69,1715.58,1721.51,6185.1790738
2023-06-19T16:00:00Z,1721.51,1751.82,1700,1737.1,17230.36476018
2023-06-20T00:00:00Z,1737.11,1749.39,1723.68,1729.87,5624.99151622
2023-06-20T08:00:00Z,1729.88,1738.4,1714.92,1732.4,5371.91314934
2023-06-20T16:00:00Z,1732.41,1796.16,1728.22,1792.08,22091.42986909
2023-06-21T00:00:00Z,1792.09,1828,1787.5,1812.88,12965.5980947
2023-06-21T08:00:00Z,1812.89,1858.32,1807,1850.14,16648.5364557
2023-06-21T16:00:00Z,1850.13,1901.2,1846.91,1889.31,20832.97606752
2023-06-22T00:00:00Z,1889.31,1933.47,1884,1910.81,9785.28595341
2023-06-22T08:00:00Z,1910.82,1912.4,1866.24,1877.24,12626.63845335
2023-06-22T16:00:00Z,1877.25,1892.48,1867.14,1872.07,5628.6607422
2023-06-23T00:00:00Z,1872.07,1886.45,1862.35,1880.53,3867.0511687
2023-06-23T08:00:00Z,1880.54,1922.3,1861.41,1917.85,13365.94089015
2023-06-23T16:00:00Z,1917.64,1936.34,1876.07,1893,14540.1978738
2023-06-24T00:00:00Z,1893.01,1897.93,1878,1883.07,3567.3849989
2023-06-24T08:00:00Z,1883.07,1906.43,1868.86,1874.08,6724.78130444
2023-06-24T16:00:00Z,1874.09,1889.25,1864.9,1875.03,5658.30185369
2023-06-25T00:00:00Z,1875.03,1930.1,1869.1,1911.85,9171.51855141
2023-06-25T08:00:00Z,1911.85,1924.88,1881.54,1886.39,7785.52941866
2023-06-25T16:00:00Z,1886.4,1906.43,1881.41,1899.03,5270.0013413
2023-06-26T00:00:00Z,1899.04,1905.54,1865.6,1892.24,9697.8720744
2023-06-26T08:00:00Z,1892.25,1909.25,1871.38,1889.4,8860.6680381
2023-06-26T16:00:00Z,1889.26,1890.88,1836.96,1859.08,11241.06877759
2023-06-27T00:00:00Z,1859.08,1879.19,1855.16,1875.33,3875.4253953
2023-06-27T08:00:00Z,1875.58,1896.55,1865,1871.31,9441.42730129
2023-06-27T16:00:00Z,1871.32,1913.07,1869.61,1889.44,8695.85347203
2023-06-28T00:00:00Z,1889.45,1890.14,1848.62,1851.01,11104.6116088
2023-06-28T08:00:00Z,1851.02,1868.31,1845.5,1859.62,5778.270137
2023-06-28T16:00:00Z,1859.63,1864.85,1815.96,1827.93,10437.64022779
2023-06-29T00:00:00Z,1827.94,1850.6,1827.84,1847.46,3479.10748552
2023-06-29T08:00:00Z,1847.46,1880.59,1846.83,1851.81,10069.4283333
2023-06-29T16:00:00Z,1851.95,1860,1841.5,1852.06,5637.1869426
2023-06-30T00:00:00Z,1852.06,1907.66,1841.58,1887.93,11133.63646242
2023-06-30T08:00:00Z,1887.93,1913.59,1825.82,1852.13,18069.92597222
2023-06-30T16:00:00Z,1852.16,1947.6,1848.86,1933.88,23404.35368453
2023-07-01T00:00:00Z,1933.88,1944.92,1909.3,1920.11,4788.5620623
2023-07-01T08:00:00Z,1920.11,1929.79,1911.42,1922.77,3776.66007424
2023-07-01T16:00:00Z,1922.77,1927.09,1916.72,1924.4,2246.7947814
2023-07-02T00:00:00Z,1924.4,1926.73,1910.09,1914.94,4130.2619879
2023-07-02T08:00:00Z,1914.94,1927.59,1886.24,1918.55,6636.3342688
2023-07-02T16:00:00Z,1918.56,1960,1901.87,1937.48,8563.467772
2023-07-03T00:00:00Z,1937.49,1973.59,1933.67,1967.45,6607.2508895
2023-07-03T08:00:00Z,1967.46,1976,1954.62,1968.12,7621.6850343
2023-07-03T16:00:00Z,1968.18,1974.88,1947.61,1955.51,7590.0538764
2023-07-04T00:00:00Z,1955.52,1966.69,1946.64,1949.1,3941.008352
2023-07-04T08:00:00Z,1948.96,1961.8,1945.99,1954.15,3658.99719738
2023-07-04T16:00:00Z,1954.15,1965.5,1931.6,1936.03,6380.81685431
2023-07-05T00:00:00Z,1936.03,1942.3,1932.75,1936.6,1949.2724391
2023-07-05T08:00:00Z,1936.6,1937.22,1894.63,1902.75,11777.79887973
2023-07-05T16:00:00Z,1902.75,1917.8,1901.32,1910.16,4307.5556078
2023-07-06T00:00:00Z,1910.16,1929.94,1898.43,1925.2,4134.4292937
2023-07-06T08:00:00Z,1925.2,1960,1864.8,1888.69,24640.4150533
2023-07-06T16:00:00Z,1888.46,1893.9,1846.18,1846.18,6707.9485319
2023-07-07T00:00:00Z,1846.15,1863.39,1826.02,1856.79,7126.3797319
2023-07-07T08:00:00Z,1856.22,1878,1851.5,1871.86,8349.1905775
2023-07-07T16:00:00Z,1871.86,1875.33,1856.51,1870.63,3566.0877723
2023-07-08T00:00:00Z,1870.64,1873.27,1855.08,1861.79,2806.8237148
2023-07-08T08:00:00Z,1861.79,1867.59,1856,1859.5,1986.2104762
2023-07-08T16:00:00Z,1859.51,1866.35,1842.8,1865.29,3841.43692381
2023-07-09T00:00:00Z,1865.3,1874.37,1862.7,1867.62,2425.1136104
2023-07-09T08:00:00Z,1867.55,1879.36,1856.61,1866.17,3165.9163547
2023-07-09T16:00:00Z,1866.18,1871.62,1856.2,1862.96,3076.5979616
2023-07-10T00:00:00Z,1862.97,1867.8,1846.36,1856.16,4112.1176694
2023-07-10T08:00:00Z,1856.33,1873.5,1849.18,1870.96,4661.8326641
2023-07-10T16:00:00Z,1870.96,1905.35,1865.68,1880.3,7188.49786829
2023-07-11T00:00:00Z,1880.31,1891.55,1875.55,1882.99,3676.8426849
2023-07-11T08:00:00Z,1882.99,1884,1862.18,1871.81,5163.0670839
2023-07-11T16:00:00Z,1871.82,1879.85,1866.2,1878.54,2828.6248627
2023-07-12T00:00:00Z,1878.47,1895.4,1876.62,1890.61,4040.6492785
2023-07-12T08:00:00Z,1890.61,1901.6,1878.13,1883.82,6897.6173517
2023-07-12T16:00:00Z,1883.83,1891.3,1864.37,1871.74,4619.1254096
2023-07-13T00:00:00Z,1871.75,1876.36,1863.06,1870.53,2173.2414238
2023-07-13T08:00:00Z,1870.53,1943.46,1869.81,1931.93,8427.82900866
2023-07-13T16:00:00Z,1933.06,2012.22,1930.9,2004.45,27645.0571132
2023-07-14T00:00:00Z,2004.45,2028.59,1987.4,1991.01,7789.20873853
2023-07-14T08:00:00Z,1991,2007.02,1984.38,1998.62,5265.1396391
2023-07-14T16:00:00Z,1998.61,2001.32,1898.12,1937.85,17284.0218021
2023-07-15T00:00:00Z,1937.85,1943.43,1926.19,1941.72,2683.7507548
2023-07-15T08:00:00Z,1941.72,1946.37,1928.92,1934.62,2471.5029795
2023-07-15T16:00:00Z,1934.61,1939.39,1926.63,1931.35,2076.620487
2023-07-16T00:00:00Z,1931.17,1937.51,1914.18,1925.49,2452.2968
2023-07-16T08:00:00Z,1925.5,1943.43,1925.5,1936.89,2501.5421031
2023-07-16T16:00:00Z,1936.88,1939.55,1916.6,1922.3,4018.5062157
2023-07-17T00:00:00Z,1922.3,1935.9,1917.37,1928.82,2543.9047317
2023-07-17T08:00:00Z,1928.82,1931.5,1892,1908.62,6790.1190093
2023-07-17T16:00:00Z,1908.62,1920.35,1873.15,1911.24,7070.0996313
2023-07-18T00:00:00Z,1911.22,1917.2,1893.43,1898.88,2815.3765084
2023-07-18T08:00:00Z,1898.88,1909.6,1885.24,1897.24,5484.1046352
2023-07-18T16:00:00Z,1896.98,1903.5,1876.1,1897.25,4083.4506288
2023-07-19T00:00:00Z,1897.25,1917.98,1895.12,1908.64,3218.9258392
2023-07-19T08:00:00Z,1908.64,1922.24,1894.59,1906.71,4342.1363641
2023-07-19T16:00:00Z,1906.44,1917.79,1882.22,1888.67,5096.2631342
2023-07-20T00:00:00Z,1888.67,1914.88,1882.45,1912.54,4265.0455484
2023-07-20T08:00:00Z,1912.55,1929.05,1883.97,1888.35,10398.8008682
2023-07-20T16:00:00Z,1888.35,1898.74,1876.5,1891.69,4427.9490526
2023-07-21T00:00:00Z,1891.69,1901.66,1886.81,1889.35,2395.2322627
2023-07-21T08:00:00Z,1889.45,1896.36,1884.88,1891.14,3015.8250414
2023-07-21T16:00:00Z,1891.14,1905.83,1884.5,1891.63,3079.2745114
2023-07-22T00:00:00Z,1891.64,1897.55,1890.55,1891.9,2573.9283795
2023-07-22T08:00:00Z,1891.9,1894.58,1884.29,1888.9,2901.1874618
2023-07-22T16:00:00Z,1888.9,1890.5,1852.2,1866.2,4342.27441178
2023-07-23T00:00:00Z,1866.24,1879.28,1858.11,1874.99,2634.1096191
2023-07-23T08:00:00Z,1875.03,1878.51,1872.15,1874.04,1784.607483
2023-07-23T16:00:00Z,1874.04,1905.47,1874.04,1888.49,7745.0155619
2023-07-24T00:00:00Z,1888.49,1890.72,1862.46,1874.66,3736.8937591
2023-07-24T08:00:00Z,1875.06,1875.16,1833.31,1843.25,8524.61361578
2023-07-24T16:00:00Z,1843.25,1851.85,1838.92,1849.93,3186.6305087
2023-07-25T00:00:00Z,1849.93,1856.4,1845.54,1850.66,1888.7565288
2023-07-25T08:00:00Z,1850.65,1868.56,1849.31,1857.87,3587.2929485
2023-07-25T16:00:00Z,1857.87,1866.04,1852.75,1857.54,2759.47043559
2023-07-26T00:00:00Z,1857.55,1866.66,1851.71,1853.21,2615.1329464
2023-07-26T08:00:00Z,1853.21,1862.79,1848.45,1860.74,2847.2453596
2023-07-26T16:00:00Z,1860.73,1887.9,1855.05,1871.74,6816.531232
2023-07-27T00:00:00Z,1871.74,1881.76,1867.01,1871.94,2991.6008284
2023-07-27T08:00:00Z,1871.94,1885.98,1864.2,1868.8,3630.7877478
2023-07-27T16:00:00Z,1868.61,1869.25,1855.21,1861.23,4028.3752747
2023-07-28T00:00:00Z,1861.23,1864.94,1856.51,1859.52,1940.3059949
2023-07-28T08:00:00Z,1859.28,1883,1858.98,1875.31,4924.0490155
2023-07-28T16:00:00Z,1875.31,1879.56,1866.4,1874.11,2428.8994598
2023-07-29T00:00:00Z,1874.12,1877.04,1871.22,1872.03,1368.030732
2023-07-29T08:00:00Z,1872.03,1875.59,1869.47,1872.63,1651.1685606
2023-07-29T16:00:00Z,1872.6,1886.45,1871.4,1880.54,2537.6754049
2023-07-30T00:00:00Z,1880.55,1881.61,1873.4,1874.91,1233.1571355
2023-07-30T08:00:00Z,1874.92,1885,1871.5,1876.01,2383.452124
2023-07-30T16:00:00Z,1876,1879.07,1849,1861.89,5604.5804075
2023-07-31T00:00:00Z,1861.89,1877.42,1861.13,1865.16,3091.3617664
2023-07-31T08:00:00Z,1865.16,1873.55,1856.62,1857.2,3507.3108123
2023-07-31T16:00:00Z,1857.25,1863.08,1851.32,1856.31,2569.6607207
2023-08-01T00:00:00Z,1856.31,1864.69,1815,1834.24,7703.7879541
2023-08-01T08:00:00Z,1834.25,1837.17,1814.25,1834.72,4874.00062951
2023-08-01T16:00:00Z,1834.72,1875.66,1829.9,1874.27,6862.02900421
2023-08-02T00:00:00Z,1873.78,1879.49,1856.33,1857.01,3402.72775569
2023-08-02T08:00:00Z,1857,1860.96,1834.31,1842.51,5032.3757397
2023-08-02T16:00:00Z,1842.5,1847.4,1821.51,1839.95,5889.0808754
2023-08-03T00:00:00Z,1839.71,1846,1831.86,1832.17,3015.9023314
2023-08-03T08:00:00Z,1832.16,1849.99,1825.88,1840.53,4934.3186346
2023-08-03T16:00:00Z,1840.29,1859.38,1831.26,1835.53,4268.7637369
2023-08-04T00:00:00Z,1835.53,1839.12,1827.9,1837.65,2789.354747
2023-08-04T08:00:00Z,1837.64,1851,1831.7,1847.3,4952.6470392
2023-08-04T16:00:00Z,1847.29,1848.54,1815.7,1830.36,4557.3949677
2023-08-05T00:00:00Z,1830.36,1833.79,1827.54,1831.02,1722.3199289
2023-08-05T08:00:00Z,1831.03,1837.08,1830.29,1833.82,2164.4435825
2023-08-05T16:00:00Z,1833.81,1839.02,1831,1836.55,1810.2398348
2023-08-06T00:00:00Z,1836.56,1838.41,1832.41,1835.21,1400.7931238
2023-08-06T08:00:00Z,1835.21,1837.74,1826.01,1829.11,2381.7294034
2023-08-06T16:00:00Z,1829.1,1837.79,1828,1830.28,2121.2477088
2023-08-07T00:00:00Z,1830.28,1846.99,1826.42,1836.94,2889.8685018
2023-08-07T08:00:00Z,1836.94,1837.49,1814.11,1818.42,4298.5132168
2023-08-07T16:00:00Z,1818.09,1831.36,1802.51,1829.02,7208.74330535
2023-08-08T00:00:00Z,1829.02,1839.1,1826.31,1830.44,2511.7687793
2023-08-08T08:00:00Z,1830.6,1849.19,1830,1843.37,5434.55107516
2023-08-08T16:00:00Z,1843.35,1876.1,1843.16,1856.1,7675.34703287
2023-08-09T00:00:00Z,1856.11,1863.05,1852.16,1861.61,2904.7823171
2023-08-09T08:00:00Z,1861.6,1871.56,1851.21,1853.29,4619.14621139
2023-08-09T16:00:00Z,1853.3,1858.61,1846.44,1855.22,4577.078719
2023-08-10T00:00:00Z,1855.22,1858.05,1850.01,1851.25,1605.18570256
2023-08-10T08:00:00Z,1851.26,1865.99,1848.3,1853.83,4700.1984682
2023-08-10T16:00:00Z,1853.82,1854.3,1846.3,1852.48,2115.57400542
2023-08-11T00:00:00Z,1852.48,1854.8,1843.17,1849.03,2178.2545636
2023-08-11T08:00:00Z,1849.03,1857.48,1843.9,1846,3557.3899524
2023-08-11T16:00:00Z,1846,1851.19,1839,1848.94,2291.6571096
2023-08-12T00:00:00Z,1848.95,1853.72,1847.09,1850.72,1146.3675087
2023-08-12T08:00:00Z,1850.72,1853.53,1848.69,1850.89,1079.3127111
2023-08-12T16:00:00Z,1850.89,1852.64,1846.31,1849.81,1217.3691444
2023-08-13T00:00:00Z,1849.81,1851.5,1846.78,1849.9,939.8134252
2023-08-13T08:00:00Z,1849.9,1851.91,1847.39,1848.12,1292.5994898
2023-08-13T16:00:00Z,1848.12,1862.27,1834.6,1840.77,4363.1996498
2023-08-14T00:00:00Z,1840.77,1852.12,1835.01,1849.81,2684.27214925
2023-08-14T08:00:00Z,1849.81,1856.4,1844.4,1853.47,2905.8969333
2023-08-14T16:00:00Z,1853.47,1855.89,1839.69,1845.65,2889.9226201
2023-08-15T00:00:00Z,1845.65,1847.36,1840.68,1843.62,1328.9819187
2023-08-15T08:00:00Z,1843.63,1845.98,1838.26,1840.36,2185.2188291
2023-08-15T16:00:00Z,1840.36,1842.32,1813.49,1829.05,4999.7370006
2023-08-16T00:00:00Z,1829.05,1831.54,1820.12,1827.39,2043.5784956
2023-08-16T08:00:00Z,1827.4,1828.37,1820.01,1820.82,4254.8983693
2023-08-16T16:00:00Z,1820.74,1829.19,1799,1807.65,6474.825746
2023-08-17T00:00:00Z,1807.65,1810.06,1780,1800,5510.5617985
2023-08-17T08:00:00Z,1800.01,1800.29,1726.6,1739.8,12642.1089516
2023-08-17T16:00:00Z,1739.74,1748.98,1483.12,1681.61,35069.16188451
2023-08-18T00:00:00Z,1681.61,1699.19,1662.16,1690.35,8904.1318839
2023-08-18T08:00:00Z,1690.54,1696.88,1654.57,1660.73,6837.26608433
2023-08-18T16:00:00Z,1660.74,1678,1641.11,1661.42,7020.55438827
2023-08-19T00:00:00Z,1661.42,1671.59,1654.52,1661.09,2256.4437727
2023-08-19T08:00:00Z,1661.08,1683.69,1658.14,1683.27,3225.11802407
2023-08-19T16:00:00Z,1683.16,1696.79,1664.2,1669.77,5070.7723449
2023-08-20T00:00:00Z,1669.75,1675,1662.12,1665.7,1755.7837564
2023-08-20T08:00:00Z,1666.01,1679.4,1663.41,1671.12,3028.4472893
2023-08-20T16:00:00Z,1671.11,1694.64,1665.82,1685.21,2840.2609016
2023-08-21T00:00:00Z,1685.21,1688.2,1669.74,1672,3002.8256489
2023-08-21T08:00:00Z,1671.99,1683.9,1649.31,1657.74,5757.80733796
2023-08-21T16:00:00Z,1657.65,1677.02,1656.96,1667.59,3644.16919373
2023-08-22T00:00:00Z,1667.59,1669.43,1661.07,1666.49,1737.7580709
2023-08-22T08:00:00Z,1666.49,1667.77,1645.86,1650.12,4155.1228611
2023-08-22T16:00:00Z,1650.13,1651.24,1581.3,1635.07,10944.9216694
2023-08-23T00:00:00Z,1635.07,1657.92,1629.7,1645.04,3790.6799398
2023-08-23T08:00:00Z,1645.44,1659.7,1634.7,1657.65,3808.4169601
2023-08-23T16:00:00Z,1657.64,1702.54,1655.91,1679.77,9943.0460745
2023-08-24T00:00:00Z,1679.56,1683.23,1672.75,1674.51,2165.301706
2023-08-24T08:00:00Z,1674.5,1677.76,1642.17,1643.42,4956.0230764
2023-08-24T16:00:00Z,1643.34,1664.99,1635.65,1661.26,4057.55597927
2023-08-25T00:00:00Z,1661.26,1664.2,1646.02,1651.23,1950.2485454
2023-08-25T08:00:00Z,1651.62,1680.86,1636.1,1646.67,5667.2314174
2023-08-25T16:00:00Z,1646.21,1655.53,1635.5,1653.91,3253.6409527
2023-08-26T00:00:00Z,1653.91,1655.64,1650.69,1652.96,925.6389384
2023-08-26T08:00:00Z,1652.96,1653.77,1645.07,1651.55,1986.6768767
2023-08-26T16:00:00Z,1651.56,1651.98,1644.11,1647.1,1183.6971394
2023-08-27T00:00:00Z,1647.1,1655.37,1646.3,1648.67,1509.1587236
2023-08-27T08:00:00Z,1648.67,1659.75,1647.64,1655.53,1391.7669067
2023-08-27T16:00:00Z,1655.53,1660.06,1650.29,1658.24,1461.236658
2023-08-28T00:00:00Z,1658.24,1658.33,1636.1,1641.67,2440.22428717
2023-08-28T08:00:00Z,1641.68,1664,1623.51,1648.38,5994.719578
2023-08-28T16:00:00Z,1648.68,1657.05,1638.07,1653.21,2873.2205907
2023-08-29T00:00:00Z,1653.21,1662.57,1645.41,1647.99,2400.4433424
2023-08-29T08:00:00Z,1647.51,1736.51,1640.3,1715.81,15973.06009119
2023-08-29T16:00:00Z,1715.37,1746.42,1709,1729.57,9138.21173881
2023-08-30T00:00:00Z,1729.37,1730.98,1713.16,1717.73,3128.2794526
2023-08-30T08:00:00Z,1717.73,1722.47,1694.71,1703.67,5637.0296518
2023-08-30T16:00:00Z,1703.67,1708.17,1696.07,1705.35,2670.7426678
2023-08-31T00:00:00Z,1705.12,1707.42,1697.41,1706.2,1808.0685366
2023-08-31T08:00:00Z,1706.37,1728,1677.87,1688.97,7086.5656181
2023-08-31T16:00:00Z,1688.97,1689.01,1629.95,1645.95,10373.1058096
2023-09-01T00:00:00Z,1645.9,1654.37,1643.31,1646.4,1915.3678981
2023-09-01T08:00:00Z,1646.4,1652.17,1622.42,1634.7,5336.5737126
2023-09-01T16:00:00Z,1634.7,1638,1602.56,1628.99,5818.3529032
2023-09-02T00:00:00Z,1629.16,1636.3,1628.21,1631.68,1837.7393171
2023-09-02T08:00:00Z,1631.69,1644.9,1630.21,1638.78,2416.8440683
2023-09-02T16:00:00Z,1638.78,1640.86,1628.71,1637.01,1803.4545251
2023-09-03T00:00:00Z,1637.01,1639.17,1631.67,1635.65,1156.50143133
2023-09-03T08:00:00Z,1635.8,1640.84,1628.27,1633.09,2631.81633001
2023-09-03T16:00:00Z,1633.09,1647.67,1625.06,1635.99,2952.5361845
2023-09-04T00:00:00Z,1635.99,1644.84,1632.2,1639.11,1914.2070059
2023-09-04T08:00:00Z,1639.11,1640.68,1618.76,1626.16,3523.7880251
2023-09-04T16:00:00Z,1626.35,1635.66,1616.68,1630.64,3818.90466579
2023-09-05T00:00:00Z,1630.64,1631.18,1609.93,1625.06,2489.0995389
2023-09-05T08:00:00Z,1625.05,1647.91,1621,1636.65,3442.98301296
2023-09-05T16:00:00Z,1636.69,1643.29,1627,1634.54,2316.3982736
2023-09-06T00:00:00Z,1634.54,1640.49,1628.06,1629.33,2531.4158006
2023-09-06T08:00:00Z,1629.19,1636.21,1619.57,1623.5,2434.0295729
2023-09-06T16:00:00Z,1623.5,1670.6,1608.68,1633.02,6472.0669679
2023-09-07T00:00:00Z,1633.02,1642.49,1631.87,1635.81,1939.8526838
2023-09-07T08:00:00Z,1635.81,1635.99,1623.61,1630.62,2507.502888
2023-09-07T16:00:00Z,1630.62,1660.16,1629.91,1648.26,4722.2908
2023-09-08T00:00:00Z,1648.02,1658.79,1643.41,1646.81,2008.8091594
2023-09-08T08:00:00Z,1646.82,1647.55,1616.31,1628.55,4742.1470575
2023-09-08T16:00:00Z,1628.56,1638.89,1624.92,1636.44,3009.9037211
2023-09-09T00:00:00Z,1636.44,1637.65,1632.19,1634.43,899.5091418
2023-09-09T08:00:00Z,1634.42,1637.19,1630,1635.21,1685.0752583
2023-09-09T16:00:00Z,1635.21,1637.39,1632.31,1635.58,713.6165226
2023-09-10T00:00:00Z,1635.59,1635.8,1618.61,1624.78,1659.5294644
2023-09-10T08:00:00Z,1624.77,1628.56,1611.97,1619.88,1851.652827
2023-09-10T16:00:00Z,1619.88,1628.49,1593.77,1617.49,4741.22059206
2023-09-11T00:00:00Z,1617.38,1619.09,1603.56,1612.23,2200.1635722
2023-09-11T08:00:00Z,1612.23,1612.57,1549.52,1562.67,11018.3807962
2023-09-11T16:00:00Z,1562.67,1568.22,1530.96,1551.78,5176.18639825
2023-09-12T00:00:00Z,1551.79,1594.79,1549.66,1580.05,5111.65972197
2023-09-12T08:00:00Z,1580.05,1625.5,1576.48,1603.84,5879.1456111
2023-09-12T16:00:00Z,1603.85,1622.01,1584.94,1592.73,4531.15261212
2023-09-13T00:00:00Z,1592.95,1603,1581.79,1584.57,3651.4880528
2023-09-13T08:00:00Z,1584.56,1618.88,1583.13,1608.2,4525.0055033
2023-09-13T16:00:00Z,1608.2,1615.67,1595.79,1607.63,2405.5873409
2023-09-14T00:00:00Z,1607.63,1638,1607.08,1621.18,4293.2451592
2023-09-14T08:00:00Z,1621.36,1644.11,1616.99,1634.19,4262.63732937
2023-09-14T16:00:00Z,1634.67,1644,1623.94,1626.32,2603.42390135
2023-09-15T00:00:00Z,1626.32,1635.8,1622.47,1627.72,1719.3758391
2023-09-15T08:00:00Z,1627.72,1631.82,1611.42,1619.42,3219.0920816
2023-09-15T16:00:00Z,1619.43,1654.6,1617.6,1641.3,3773.35959493
2023-09-16T00:00:00Z,1641.2,1653.14,1634.81,1636.88,1907.7901561
2023-09-16T08:00:00Z,1636.87,1639.4,1631.13,1634.5,2361.89058328
2023-09-16T16:00:00Z,1634.51,1639.39,1631.8,1634.42,1557.15500107
2023-09-17T00:00:00Z,1634.43,1634.43,1619.61,1627.8,1854.0309006
2023-09-17T08:00:00Z,1627.79,1634.86,1627.29,1629.49,1141.6357643
2023-09-17T16:00:00Z,1629.34,1629.56,1611.85,1622.7,1816.0243083
2023-09-18T00:00:00Z,1622.61,1638.4,1604.85,1633.99,3035.2983693
2023-09-18T08:00:00Z,1633.98,1669.1,1630.85,1655.34,4739.8876695
2023-09-18T16:00:00Z,1655.34,1658.1,1633.01,1637.09,3137.3193756
2023-09-19T00:00:00Z,1636.58,1639.79,1626.4,1636.01,1589.289926
2023-09-19T08:00:00Z,1636.16,1660.69,1634.55,1656.62,4645.43445152
2023-09-19T16:00:00Z,1656.85,1659.4,1637.24,1643.21,1985.4038549
2023-09-20T00:00:00Z,1643.29,1649.4,1630.36,1634.43,1641.58076945
2023-09-20T08:00:00Z,1634.77,1638.31,1618.75,1629.15,2901.57234937
2023-09-20T16:00:00Z,1629.14,1640.69,1604.11,1622.21,3789.0103677
2023-09-21T00:00:00Z,1622.22,1625.49,1613.74,1618.21,1811.3369831
2023-09-21T08:00:00Z,1618.15,1622.65,1567.86,1583.88,5682.49339444
2023-09-21T16:00:00Z,1583.89,1593.01,1581.92,1583.9,1995.873533
2023-09-22T00:00:00Z,1583.9,1597.25,1576.78,1595.45,1680.82895314
2023-09-22T08:00:00Z,1595.71,1602.54,1593.08,1593.49,1689.24720763
2023-09-22T16:00:00Z,1593.5,1599.03,1586.9,1593,1394.08871716
2023-09-23T00:00:00Z,1593.13,1598.19,1590,1594.43,849.1668638
2023-09-23T08:00:00Z,1594.61,1595,1587.51,1590.77,949.8742721
2023-09-23T16:00:00Z,1590.56,1595.57,1588.89,1593.71,1203.69240149
2023-09-24T00:00:00Z,1593.71,1594.85,1590.58,1591.9,625.1172821
2023-09-24T08:00:00Z,1591.91,1596.48,1588.34,1590.79,1097.01529907
2023-09-24T16:00:00Z,1590.79,1601.1,1570,1580.83,3219.69949104
2023-09-25T00:00:00Z,1580.71,1587.89,1562.57,1581.32,2773.5278689
2023-09-25T08:00:00Z,1581.33,1589.91,1564.39,1584.48,2775.9958861
2023-09-25T16:00:00Z,1584.82,1597.41,1584.51,1588.45,2577.3730689
2023-09-26T00:00:00Z,1588.45,1595,1586.1,1588.83,1036.1678207
2023-09-26T08:00:00Z,1588.95,1599.57,1580.07,1583.28,3253.59020464
2023-09-26T16:00:00Z,1582.84,1595.65,1581.9,1594.06,1646.33495396
2023-09-27T00:00:00Z,1594.07,1598,1589.8,1592.4,1424.7344776
2023-09-27T08:00:00Z,1592.41,1634,1590.11,1601.46,6137.05691685
2023-09-27T16:00:00Z,1601.74,1603.1,1583.2,1598.5,2458.6644529
2023-09-28T00:00:00Z,1598.66,1622,1597.95,1619.03,2729.2617333
2023-09-28T08:00:00Z,1619.02,1654.1,1614.65,1652.66,5371.59219047
2023-09-28T16:00:00Z,1652.75,1668.32,1643.57,1652.82,5550.820272
2023-09-29T00:00:00Z,1653.07,1687.95,1648.6,1686.16,3758.2821164
2023-09-29T08:00:00Z,1686.17,1686.44,1656.52,1672.21,4881.03399739
2023-09-29T16:00:00Z,1672.21,1673.19,1657.12,1667.45,1850.5680439
2023-09-30T00:00:00Z,1667.46,1675.53,1666.22,1672.21,837.1796648
2023-09-30T08:00:00Z,1672.22,1694.21,1671.58,1683.3,2211.7495255
2023-09-30T16:00:00Z,1683.3,1686.18,1667.08,1671,1693.00384585
2023-10-01T00:00:00Z,1671,1680.46,1670.44,1678.59,1220.645539
2023-10-01T08:00:00Z,1678.59,1692.2,1676.77,1684.12,2297.6098579
2023-10-01T16:00:00Z,1684.12,1764.24,1667.9,1733.59,10497.2006805
2023-10-02T00:00:00Z,1733.87,1735.43,1713.76,1730.43,3851.89091823
2023-10-02T08:00:00Z,1730.43,1743.49,1687.8,1691.69,6641.14513217
2023-10-02T16:00:00Z,1691.44,1693.68,1636.94,1662.34,9422.02596762
2023-10-03T00:00:00Z,1662.35,1670.4,1660.01,1662.4,1837.4849368
2023-10-03T08:00:00Z,1662.4,1667.76,1643.55,1648.63,3535.0599925
2023-10-03T16:00:00Z,1648.24,1659.8,1646.11,1656.95,2886.7421861
2023-10-04T00:00:00Z,1656.95,1657.81,1624,1644.88,3303.5567583
2023-10-04T08:00:00Z,1644.87,1652.55,1627.38,1632.69,3401.6818161
2023-10-04T16:00:00Z,1632.69,1654.82,1631.78,1646.65,3421.38539191
2023-10-05T00:00:00Z,1646.66,1655.42,1632.09,1636.08,1784.8138381
2023-10-05T08:00:00Z,1636.3,1649.39,1607.48,1618.15,5534.6601825
2023-10-05T16:00:00Z,1618.15,1621.57,1608.3,1611.35,4404.670575
2023-10-06T00:00:00Z,1611.99,1632.56,1611.99,1631.16,1448.015917
2023-10-06T08:00:00Z,1631.16,1649.53,1611.79,1642.67,4590.3762447
2023-10-06T16:00:00Z,1642.67,1665,1634.61,1644.95,3767.47905776
2023-10-07T00:00:00Z,1644.92,1647.75,1636.37,1636.8,1051.1453093
2023-10-07T08:00:00Z,1636.63,1643.28,1635.01,1638.63,999.3456055
2023-10-07T16:00:00Z,1638.63,1639.56,1630.11,1633.73,1142.3807073
2023-10-08T00:00:00Z,1633.73,1641.49,1624.97,1628.71,1078.4311072
2023-10-08T08:00:00Z,1628.7,1637.68,1616.37,1631.15,2237.3264521
2023-10-08T16:00:00Z,1631.43,1639.06,1627.5,1632.86,1339.6660024
2023-10-09T00:00:00Z,1632.86,1635.88,1617.31,1620.78,1176.5157836
2023-10-09T08:00:00Z,1620.78,1621.71,1583.8,1586.47,7061.3761119
2023-10-09T16:00:00Z,1586.12,1586.86,1547.1,1579.56,8009.73724828
2023-10-10T00:00:00Z,1579.97,1594.21,1576.02,1590.08,1764.516428
2023-10-10T08:00:00Z,1590.09,1594.63,1563.85,1567.7,3741.4315893
2023-10-10T16:00:00Z,1567.7,1572.69,1550.32,1567.59,2776.62527029
2023-10-11T00:00:00Z,1567.59,1575.59,1545,1557.1,3339.854897
2023-10-11T08:00:00Z,1556.87,1578.29,1552.06,1559.86,3675.8492122
2023-10-11T16:00:00Z,1559.32,1569.38,1548.9,1566.97,2355.1163874
2023-10-12T00:00:00Z,1566.88,1568.55,1556.61,1559.49,1069.34086874
2023-10-12T08:00:00Z,1559.31,1561.03,1535.17,1541.12,4064.99716886
2023-10-12T16:00:00Z,1541.55,1545.04,1520.02,1539.82,4410.3976005
2023-10-13T00:00:00Z,1539.83,1554.84,1538.2,1549.8,1714.66320753
2023-10-13T08:00:00Z,1549.52,1553.85,1538.01,1539.64,2076.1696674
2023-10-13T16:00:00Z,1539.48,1575.2,1539.22,1552.45,5737.6332527
2023-10-14T00:00:00Z,1552.43,1556.46,1545.41,1547.97,1256.64934141
2023-10-14T08:00:00Z,1548.02,1558.25,1545.04,1556.82,1096.90563284
2023-10-14T16:00:00Z,1556.25,1562.03,1552.67,1554.77,1154.63404392
2023-10-15T00:00:00Z,1554.77,1557.81,1549.79,1554.88,809.12424719
2023-10-15T08:00:00Z,1554.87,1560.5,1548.41,1553.99,2307.1163006
2023-10-15T16:00:00Z,1553.98,1567.35,1550.23,1557.7,3044.35725339
2023-10-16T00:00:00Z,1557.7,1588.93,1554.94,1578.79,4683.0543825
2023-10-16T08:00:00Z,1578.78,1640,1566.7,1577.9,12723.25141281
2023-10-16T16:00:00Z,1577.9,1604.67,1573.5,1599.51,3395.1116472
2023-10-17T00:00:00Z,1599.51,1600.72,1582.9,1590.45,1638.41679802
2023-10-17T08:00:00Z,1590.53,1594,1565.35,1575.43,3372.2866407
2023-10-17T16:00:00Z,1575.47,1580,1551.36,1564.58,3833.1034575
2023-10-18T00:00:00Z,1564.58,1581.97,1562.17,1572.43,2528.48615045
2023-10-18T08:00:00Z,1572.44,1585.63,1568.61,1570.29,3682.63450129
2023-10-18T16:00:00Z,1570.3,1574.97,1555.8,1563.38,2195.2996609
2023-10-19T00:00:00Z,1563.42,1567.22,1542.1,1551.9,3205.71120874
2023-10-19T08:00:00Z,1551.9,1565.53,1541.85,1561.14,4045.5604407
2023-10-19T16:00:00Z,1561.13,1574.44,1559.81,1566.83,2860.87856003
2023-10-20T00:00:00Z,1566.83,1595,1561.42,1583.5,3536.016526
2023-10-20T08:00:00Z,1583.35,1630.3,1582.93,1605.64,7905.72015497
2023-10-20T16:00:00Z,1605.65,1610.19,1597.37,1603.92,2018.99833829
2023-10-21T00:00:00Z,1603.92,1607.11,1592.24,1606.67,1687.14430105
2023-10-21T08:00:00Z,1606.67,1629.56,1602.39,1628.76,3030.7433074
2023-10-21T16:00:00Z,1628.55,1644.3,1620.31,1628.99,3469.8087131
2023-10-22T00:00:00Z,1628.98,1647.24,1623.6,1630.35,3372.4896671
2023-10-22T08:00:00Z,1630.29,1637.29,1621.46,1625.69,2928.158598
2023-10-22T16:00:00Z,1625.86,1668.46,1624.17,1663.8,3439.5881533
2023-10-23T00:00:00Z,1663.53,1705.76,1657.3,1676,8981.35109682
2023-10-23T08:00:00Z,1676,1684.24,1662.28,1676.64,6793.781078
2023-10-23T16:00:00Z,1676.63,1799.65,1670.83,1765.63,22666.67452778
2023-10-24T00:00:00Z,1765.56,1849.39,1757.71,1809.18,13853.3470356
2023-10-24T08:00:00Z,1809.18,1854.38,1762.72,1778.69,12045.55203641
2023-10-24T16:00:00Z,1778.2,1799.49,1756.53,1784.84,11069.08080291
2023-10-25T00:00:00Z,1784.93,1806.6,1761.39,1769.43,7853.9954545
2023-10-25T08:00:00Z,1769.44,1817.42,1760.01,1806.57,12695.4897276
2023-10-25T16:00:00Z,1806.58,1814.55,1776.18,1786.85,10914.4003376
2023-10-26T00:00:00Z,1786.86,1857.83,1779.93,1849.8,9574.4967438
2023-10-26T08:00:00Z,1849.43,1865.88,1765.2,1778.22,15426.2916017
2023-10-26T16:00:00Z,1778.21,1811.02,1762.25,1803.32,8280.39432571
2023-10-27T00:00:00Z,1803.32,1803.91,1772.9,1776.81,7557.2903723
2023-10-27T08:00:00Z,1776.61,1796.42,1770.78,1782.85,9196.2071095
2023-10-27T16:00:00Z,1782.85,1784.84,1741.72,1779.8,9095.30540189
2023-10-28T00:00:00Z,1779.81,1795,1779.13,1787.64,3564.70283011
2023-10-28T08:00:00Z,1787.63,1802.63,1775.74,1790.69,4302.08880961
2023-10-28T16:00:00Z,1790.69,1790.87,1770.2,1776.22,2934.1765797
2023-10-29T00:00:00Z,1776.24,1784.04,1763.03,1783.22,3507.7073204
2023-10-29T08:00:00Z,1783.22,1800.29,1783.2,1792.16,6506.2765528
2023-10-29T16:00:00Z,1792.16,1811.48,1786.44,1794.88,7736.00123658
2023-10-30T00:00:00Z,1794.88,1798,1778.01,1787.36,7279.6423994
2023-10-30T08:00:00Z,1787.36,1829.62,1784.49,1819.23,13379.8337335
2023-10-30T16:00:00Z,1819.24,1819.28,1778.93,1809.09,9117.94781525
2023-10-31T00:00:00Z,1809.1,1819.24,1787.25,1790.5,6854.63685938
2023-10-31T08:00:00Z,1790.51,1813.84,1781.26,1791.81,12630.24118489
2023-10-31T16:00:00Z,1791.81,1817.88,1787.87,1814.9,7940.0174228
2023-11-01T00:00:00Z,1814.89,1829,1797.68,1804.04,7232.7189844
2023-11-01T08:00:00Z,1804.37,1826.46,1783,1792.23,14603.05243252
2023-11-01T16:00:00Z,1792.23,1857,1792.11,1846.69,25848.27999776
2023-11-02T00:00:00Z,1846.7,1874.18,1828.15,1834.97,15123.1869659
2023-11-02T08:00:00Z,1834.97,1842.36,1800.66,1803.42,15221.93102412
2023-11-02T16:00:00Z,1803.35,1813.09,1784.77,1800.56,10761.45343432
2023-11-03T00:00:00Z,1800.55,1802.77,1777.08,1798.27,10014.4589417
2023-11-03T08:00:00Z,1798.27,1813.47,1780.7,1812.35,18158.81417248
2023-11-03T16:00:00Z,1812.4,1834.19,1799.74,1832.38,16954.19651137
2023-11-04T00:00:00Z,1832.39,1839.64,1824.01,1833.59,8632.6064824
2023-11-04T08:00:00Z,1833.63,1847.56,1828.35,1831.56,7472.5389716
2023-11-04T16:00:00Z,1831.56,1870,1831.28,1855.87,7080.334902
2023-11-05T00:00:00Z,1855.87,1893.69,1846.38,1884.71,8441.073508
2023-11-05T08:00:00Z,1884.71,1899.9,1865.04,1874.4,12965.14549068
2023-11-05T16:00:00Z,1874.4,1913.18,1856,1891.88,17047.47824035
2023-11-06T00:00:00Z,1891.88,1900.18,1869.02,1878.41,8340.912481
2023-11-06T08:00:00Z,1878.41,1913.93,1873.02,1901.02,14175.59535263
2023-11-06T16:00:00Z,1901.1,1907,1881.9,1900.83,11332.0581354
2023-11-07T00:00:00Z,1900.84,1903.86,1878.2,1892.07,8588.6297384
2023-11-07T08:00:00Z,1892.07,1894.68,1857.57,1862.88,15523.7161411
2023-11-07T16:00:00Z,1862.88,1907.05,1850.15,1885.33,20979.28836502
2023-11-08T00:00:00Z,1885.33,1892.43,1872.92,1875.01,6176.68959964
2023-11-08T08:00:00Z,1875.01,1892.41,1873.59,1889.18,8591.9423587
2023-11-08T16:00:00Z,1889.18,1904.58,1882.79,1888.15,15693.15374949
2023-11-09T00:00:00Z,1888.16,1929.43,1882.35,1911.15,19391.27796622
2023-11-09T08:00:00Z,1911.23,2049.79,1904.59,2035.26,35219.08148633
2023-11-09T16:00:00Z,2035.05,2131.83,1974.3,2121.26,35717.48114283
2023-11-10T00:00:00Z,2120.97,2136.13,2094.73,2102.06,15337.41658364
2023-11-10T08:00:00Z,2101.87,2108.6,2065.01,2089.63,24344.41903384
2023-11-10T16:00:00Z,2089.63,2103.51,2070.17,2077.57,15551.53096095
2023-11-11T00:00:00Z,2077.57,2084.79,2030.38,2055,11205.5392019
2023-11-11T08:00:00Z,2055,2088.13,2046.21,2068.1,11570.20061778
2023-11-11T16:00:00Z,2068.11,2089.1,2032.55,2053.27,18144.81978748
2023-11-12T00:00:00Z,2053.27,2060.21,2012.82,2057.8,10694.00522436
2023-11-12T08:00:00Z,2057.79,2066.45,2035.87,2057.31,7339.56240309
2023-11-12T16:00:00Z,2057.3,2065.76,2030,2044.74,9318.05473528
2023-11-13T00:00:00Z,2044.74,2073.3,2028.67,2048.32,14337.82812513
2023-11-13T08:00:00Z,2048.29,2107,2038.8,2105.44,21252.32534299
2023-11-13T16:00:00Z,2105.24,2118.27,2044,2053.72,20622.76840873
2023-11-14T00:00:00Z,2053.72,2064.61,2031.07,2060.48,10731.2345715
2023-11-14T08:00:00Z,2060.49,2064.59,2020.7,2038.22,19976.63479026
2023-11-14T16:00:00Z,2038.23,2053.86,1933.41,1979.16,23545.19616677
2023-11-15T00:00:00Z,1979.16,1991.52,1967.4,1983.17,8435.2118609
2023-11-15T08:00:00Z,1983.17,2023.68,1981.32,2021.36,16713.19428098
2023-11-15T16:00:00Z,2021.36,2062.18,1996.73,2058.38,18727.91772119
2023-11-16T00:00:00Z,2058.39,2080.87,2048.34,2052.86,10308.7405054
2023-11-16T08:00:00Z,2052.86,2090.68,1980.83,1995.47,23299.72914075
2023-11-16T16:00:00Z,1995.47,2014.52,1938.91,1961.99,12402.16762786
2023-11-17T00:00:00Z,1961.9,1991.2,1959.41,1970.09,7449.11680298
2023-11-17T08:00:00Z,1970.1,1981.96,1912.8,1918.17,18110.39993902
2023-11-17T16:00:00Z,1918.3,1966.48,1906.1,1960.64,19018.4630205
2023-11-18T00:00:00Z,1960.64,1961.14,1916.58,1935.44,7675.47814803
2023-11-18T08:00:00Z,1935.44,1954.7,1930.74,1952.56,7062.610006
2023-11-18T16:00:00Z,1952.57,1971,1950.3,1962.31,8655.79369989
2023-11-19T00:00:00Z,1962.54,1966.61,1943.65,1961.61,5259.0116194
2023-11-19T08:00:00Z,1961.69,1968.96,1945.12,1966.91,6569.34055185
2023-11-19T16:00:00Z,1966.92,2015.4,1966.02,2011.4,11985.208319
2023-11-20T00:00:00Z,2011.41,2025.86,1993.63,2019.14,7378.0817216
2023-11-20T08:00:00Z,2019.07,2049.16,1992.61,2042,19016.0665807
2023-11-20T16:00:00Z,2041.95,2066.32,2011.61,2021.44,23165.79550345
2023-11-21T00:00:00Z,2021.45,2034.6,2003.28,2003.84,8896.68663311
2023-11-21T08:00:00Z,2003.86,2017.38,1950.86,1988.48,18601.85986212
2023-11-21T16:00:00Z,1988.1,2019.99,1930,1933.54,29076.76953992
2023-11-22T00:00:00Z,1933.16,2001.79,1929.1,1993.82,9316.96225642
2023-11-22T08:00:00Z,1993.9,2040,1992.45,2033.4,10766.51717349
2023-11-22T16:00:00Z,2034.07,2092.02,2027.57,2063.28,19883.8473254
2023-11-23T00:00:00Z,2063.29,2070.95,2053.08,2065.82,6570.4915171
2023-11-23T08:00:00Z,2065.83,2088.06,2040.02,2041.98,13004.32040577
2023-11-23T16:00:00Z,2042.33,2077.33,2040.21,2061.96,5923.01163311
2023-11-24T00:00:00Z,2061.97,2082.1,2059.42,2080.27,5437.7464269
2023-11-24T08:00:00Z,2080.27,2133.55,2075.2,2116.81,20876.12449532
2023-11-24T16:00:00Z,2116.82,2125.2,2062.88,2080.6,16899.684791
2023-11-25T00:00:00Z,2080.6,2089.6,2073.1,2088.32,4610.6006114
2023-11-25T08:00:00Z,2088.32,2090.08,2065.78,2078.11,5605.3663795
2023-11-25T16:00:00Z,2078.11,2086.74,2074.23,2083.13,5526.3947035
2023-11-26T00:00:00Z,2083.14,2092.1,2067.4,2089.27,5816.54892883
2023-11-26T08:00:00Z,2089.18,2094.48,2061.51,2064.95,10670.96139349
2023-11-26T16:00:00Z,2064.88,2081.89,2036.15,2062.05,11614.7574532
2023-11-27T00:00:00Z,2062.26,2070.89,2030.6,2045.53,8702.80906062
2023-11-27T08:00:00Z,2045.54,2052.79,2000.38,2002.71,14882.3175815
2023-11-27T16:00:00Z,2002.71,2029.55,1985.58,2027.43,13494.95304239
2023-11-28T00:00:00Z,2027.43,2040.38,1995.4,2014.53,8512.4953624
2023-11-28T08:00:00Z,2014.54,2041.69,2005.62,2036.18,10493.45765059
2023-11-28T16:00:00Z,2036.18,2074.72,2035.21,2048.4,14627.76671758
2023-11-29T00:00:00Z,2048.08,2063.29,2039.19,2057.2,6067.5981134
2023-11-29T08:00:00Z,2057.36,2074.99,2020.26,2031.65,13029.98435359
2023-11-29T16:00:00Z,2031.67,2041.94,2019.44,2028.96,8067.43137321
2023-11-30T00:00:00Z,2028.97,2044,2022.66,2035.62,5698.9967853
2023-11-30T08:00:00Z,2035.63,2052.43,2021.15,2032.84,9077.7065797
2023-11-30T16:00:00Z,2033,2054.56,2028.95,2051.61,5148.6923358
2023-12-01T00:00:00Z,2051.77,2106.52,2045.22,2092.78,12684.5880006
2023-12-01T08:00:00Z,2092.79,2110.66,2071,2080.02,10635.76890198
2023-12-01T16:00:00Z,2080.02,2109.93,2078.52,2087.09,10584.1206959
2023-12-02T00:00:00Z,2087.16,2106.61,2086.4,2095.8,3582.31101963
2023-12-02T08:00:00Z,2095.8,2108.99,2093.43,2104.37,6242.2413606
2023-12-02T16:00:00Z,2104.37,2187.34,2097,2164.86,23735.07150439
2023-12-03T00:00:00Z,2164.63,2177.02,2153.22,2164.52,4835.6290412
2023-12-03T08:00:00Z,2164.52,2167.99,2149.41,2160.3,7434.5087222
2023-12-03T16:00:00Z,2160.3,2217.22,2150.47,2192.93,11994.87327651
2023-12-04T00:00:00Z,2192.93,2263.95,2191.49,2246.11,15365.54111336
2023-12-04T08:00:00Z,2246.48,2274.8,2201.15,2211.56,20977.13423714
2023-12-04T16:00:00Z,2211.57,2253.96,2209.71,2243.3,11465.65797286
2023-12-05T00:00:00Z,2243.3,2252.9,2188.38,2200.19,11664.30067573
2023-12-05T08:00:00Z,2200.44,2234.29,2190.6,2228.58,11832.68152363
2023-12-05T16:00:00Z,2228.58,2309.49,2220,2292.94,23792.14304118
2023-12-06T00:00:00Z,2292.95,2312.6,2258.31,2265.97,10307.06850965
2023-12-06T08:00:00Z,2265.9,2287.89,2233.25,2252.53,15637.79979416
2023-12-06T16:00:00Z,2252.54,2284.6,2218.76,2233.07,12441.53425416
2023-12-07T00:00:00Z,2233.08,2269.17,2230.74,2261.72,5488.3810172
2023-12-07T08:00:00Z,2261.72,2330.36,2222,2321.04,17579.75458155
2023-12-07T16:00:00Z,2321.35,2382.64,2316.92,2355.58,21210.76229943
2023-12-08T00:00:00Z,2355.58,2391.59,2352.35,2353.26,10336.35935296
2023-12-08T08:00:00Z,2353.22,2376.19,2337.45,2345.87,20875.16935139
2023-12-08T16:00:00Z,2346.21,2376.03,2340.5,2358.54,12866.380773
2023-12-09T00:00:00Z,2358.54,2386.18,2349.53,2383.01,7825.69718834
2023-12-09T08:00:00Z,2383.01,2402.83,2336.61,2362.67,18771.24369354
2023-12-09T16:00:00Z,2362.67,2365.46,2328.31,2340.73,11268.13412819
2023-12-10T00:00:00Z,2340.74,2358.32,2339.79,2353.81,4929.0435174
2023-12-10T08:00:00Z,2353.65,2355.87,2322.32,2352.16,7118.6246771
2023-12-10T16:00:00Z,2352.16,2377.33,2340.8,2351.99,10196.67705209
2023-12-11T00:00:00Z,2352,2354.84,2138.33,2237.41,29433.3221856
2023-12-11T08:00:00Z,2237.47,2253.66,2203.72,2219.12,18428.31635429
2023-12-11T16:00:00Z,2219.34,2226.52,2156.4,2224.93,25772.76828244
2023-12-12T00:00:00Z,2224.82,2247.48,2212.3,2233.4,16146.68866763
2023-12-12T08:00:00Z,2233.21,2238.26,2186,2193.22,18747.291441
2023-12-12T16:00:00Z,2193.22,2206,2165.52,2203.39,13510.1620803
2023-12-13T00:00:00Z,2203.39,2206.65,2145.07,2172.62,19287.479983
2023-12-13T08:00:00Z,2172.62,2225.5,2168.6,2217.77,16763.50945789
2023-12-13T16:00:00Z,2217.77,2284.49,2201.53,2260.15,17521.08085954
2023-12-14T00:00:00Z,2260.16,2283.29,2245.76,2282.61,9768.1876724
2023-12-14T08:00:00Z,2281.95,2317.28,2232,2275.31,28451.94168117
2023-12-14T16:00:00Z,2275.16,2331.71,2274.81,2315.52,17161.19746042
2023-12-15T00:00:00Z,2315.51,2317.55,2257,2271.46,12887.71870373
2023-12-15T08:00:00Z,2271.46,2286.6,2224.39,2231.86,13647.434645
2023-12-15T16:00:00Z,2231.86,2252,2198.6,2220.56,12789.22182554
2023-12-16T00:00:00Z,2220.77,2258.96,2210.54,2241.27,9032.1971623
2023-12-16T08:00:00Z,2241.27,2259.1,2239.74,2256.48,8408.90331053
2023-12-16T16:00:00Z,2256.55,2263.43,2220.1,2228.84,10372.55244056
2023-12-17T00:00:00Z,2228.83,2233.34,2200.6,2208.63,9043.5162198
2023-12-17T08:00:00Z,2208.64,2226,2199.73,2221.79,11463.0897561
2023-12-17T16:00:00Z,2221.81,2248.46,2192.1,2196.52,14512.54953854
2023-12-18T00:00:00Z,2196.52,2204.85,2161.75,2169.21,11932.1763617
2023-12-18T08:00:00Z,2169.21,2179.89,2117.14,2154.9,24646.20065191
2023-12-18T16:00:00Z,2155.21,2224.01,2149.74,2219.13,12404.8078576
2023-12-19T00:00:00Z,2219.41,2253.09,2211.62,2248.11,11052.93169091
2023-12-19T08:00:00Z,2247.98,2254.87,2178.96,2191.42,17089.8501388
2023-12-19T16:00:00Z,2191.42,2205.2,2135.8,2177.72,11912.22580023
2023-12-20T00:00:00Z,2178.1,2222.9,2170.4,2216.48,11833.86906143
2023-12-20T08:00:00Z,2216.48,2265.9,2203.31,2246.72,25053.85164787
2023-12-20T16:00:00Z,2246.89,2249.59,2157.22,2202.41,19854.1104918
2023-12-21T00:00:00Z,2202.42,2219.36,2183.5,2214.95,9485.14460856
2023-12-21T08:00:00Z,2214.96,2278.89,2202.66,2232.14,29681.52173466
2023-12-21T16:00:00Z,2232.31,2262,2217.75,2239.36,17791.85241783
2023-12-22T00:00:00Z,2239.37,2297.29,2230.66,2272.17,19276.15578292
2023-12-22T08:00:00Z,2273.19,2342.46,2268.5,2319.68,26549.80710755
2023-12-22T16:00:00Z,2319.67,2341.24,2303.16,2324.7,16490.40875466
2023-12-23T00:00:00Z,2324.71,2330.62,2265.04,2283.91,10813.05721256
2023-12-23T08:00:00Z,2283.97,2297.9,2281.21,2285.34,5651.5448665
2023-12-23T16:00:00Z,2285.64,2315.68,2283.44,2308.55,10058.1218586
2023-12-24T00:00:00Z,2308.39,2326.1,2275.3,2294.68,14253.96650716
2023-12-24T08:00:00Z,2294.68,2307.03,2273.71,2292.96,9923.1950262
2023-12-24T16:00:00Z,2293.42,2297.48,2240.01,2264.59,15417.86191078
2023-12-25T00:00:00Z,2264.06,2289.67,2253.2,2280.61,6674.8972564
2023-12-25T08:00:00Z,2280.6,2304.35,2265.07,2286.26,12663.6918508
2023-12-25T16:00:00Z,2286.27,2288.33,2256.41,2271.45,10126.2294847
2023-12-26T00:00:00Z,2271.3,2275.18,2219.7,2241.2,13932.75362038
2023-12-26T08:00:00Z,2241.39,2250.64,2218.44,2228.69,14473.67789698
2023-12-26T16:00:00Z,2228.85,2232.6,2178.86,2230.48,14774.49114213
2023-12-27T00:00:00Z,2230.48,2233.69,2212.3,2228.22,7290.04981207
2023-12-27T08:00:00Z,2228.22,2355,2226.95,2341.98,24596.50019723
2023-12-27T16:00:00Z,2342.14,2391.81,2334.58,2378.37,25148.53870374
2023-12-28T00:00:00Z,2378.34,2445.44,2365.49,2380.06,20700.80613558
2023-12-28T08:00:00Z,2380.52,2412.11,2346.1,2358.9,25700.8180613
2023-12-28T16:00:00Z,2358.91,2382.19,2335.43,2343.98,14231.8471015
2023-12-29T00:00:00Z,2344.73,2363.3,2310.19,2332.35,17089.4031756
2023-12-29T08:00:00Z,2333.04,2384.8,2316.87,2327.27,17793.70242095
2023-12-29T16:00:00Z,2326.99,2332.89,2255.2,2299.25,20046.67015263
2023-12-30T00:00:00Z,2299.25,2309.78,2287.51,2295.49,6647.13949248
2023-12-30T08:00:00Z,2295.49,2316.4,2268.03,2312.92,14675.87050137
2023-12-30T16:00:00Z,2312.91,2322.82,2278.05,2291.45,12614.68103229
2023-12-31T00:00:00Z,2291.45,2304.54,2277.74,2295.26,7761.7050262
2023-12-31T08:00:00Z,2295.26,2321.01,2290.22,2298.81,12467.31560913
2023-12-31T16:00:00Z,2298.81,2309.2,2259.12,2282.26,11768.66404831
2024-01-01T00:00:00Z,2282.26,2306.45,2265.35,2284.36,8605.3200733
2024-01-01T08:00:00Z,2284.36,2318.34,2280.47,2314.56,7771.4990942
2024-01-01T16:00:00Z,2314.56,2351.6,2306.33,2351.6,13783.86706372
2024-01-02T00:00:00Z,2351.6,2397.38,2347.25,2385.79,13649.29249177
2024-01-02T08:00:00Z,2385.8,2431.27,2352.14,2357.46,21441.33631907
2024-01-02T16:00:00Z,2357.46,2379.89,2340.87,2355.42,15059.27115
2024-01-03T00:00:00Z,2355.52,2384.6,2347.13,2361.31,9783.4992004
2024-01-03T08:00:00Z,2361.31,2385,2072.35,2240.06,65282.5393678
2024-01-03T16:00:00Z,2240.45,2245.09,2189.62,2209.49,25007.61953279
2024-01-04T00:00:00Z,2209.49,2244.87,2202.08,2221.83,12902.92299992
2024-01-04T08:00:00Z,2221.83,2285.7,2205.28,2276.87,17333.76720155
2024-01-04T16:00:00Z,2276.87,2294.16,2259.31,2266.99,19842.88477017
2024-01-05T00:00:00Z,2266.99,2274.56,2212.8,2252.9,18827.8910596
2024-01-05T08:00:00Z,2252.91,2268.79,2218.91,2224.88,20481.5615475
2024-01-05T16:00:00Z,2224.9,2277.14,2206.33,2268.23,17833.411108
2024-01-06T00:00:00Z,2268.23,2269.67,2216.52,2232.84,9291.5093529
2024-01-06T08:00:00Z,2232.85,2248,2228.37,2246.16,6469.84543369
2024-01-06T16:00:00Z,2246.16,2254.33,2230.69,2240.49,7381.7276366
2024-01-07T00:00:00Z,2240.5,2253.92,2235.7,2248.92,6189.6795916
2024-01-07T08:00:00Z,2248.92,2257.22,2222.4,2230.74,11335.7198203
2024-01-07T16:00:00Z,2230.74,2251.18,2205.62,2221.25,13346.01243443
2024-01-08T00:00:00Z,2221.26,2230,2166.28,2224.48,22059.5249013
2024-01-08T08:00:00Z,2224.44,2282.67,2204.94,2269.29,21856.94734471
2024-01-08T16:00:00Z,2269.97,2358.34,2260,2330.71,21584.65291383
2024-01-09T00:00:00Z,2330.71,2336.49,2289.8,2306.2,11526.0019405
2024-01-09T08:00:00Z,2306.19,2311.12,2229.25,2257,31199.8003115
2024-01-09T16:00:00Z,2257.04,2373.1,2243.83,2344.3,54307.03227698
2024-01-10T00:00:00Z,2344.3,2401.32,2340.09,2368.87,18824.23273431
2024-01-10T08:00:00Z,2368.94,2455,2344.4,2449.14,54707.55588525
2024-01-10T16:00:00Z,2449.13,2643.06,2401.28,2584.58,69430.56872408
2024-01-11T00:00:00Z,2584.58,2629.6,2565.79,2589.29,26260.80431566
2024-01-11T08:00:00Z,2589.29,2689.66,2586.85,2613.01,36030.4702577
2024-01-11T16:00:00Z,2613.01,2631.95,2570.3,2617.56,31004.27317003
2024-01-12T00:00:00Z,2617.57,2625.72,2580.85,2595.84,16753.0880698
2024-01-12T08:00:00Z,2595.84,2717.89,2584.31,2647.52,41121.02603194
2024-01-12T16:00:00Z,2647.48,2689.11,2457.74,2522.33,42792.53044804
2024-01-13T00:00:00Z,2522.55,2561.07,2497.73,2550.86,17913.609054
2024-01-13T08:00:00Z,2550.86,2565.87,2521.08,2563.9,18193.9171228
2024-01-13T16:00:00Z,2563.9,2590.22,2550,2578.24,15652.02150391
2024-01-14T00:00:00Z,2578.25,2578.53,2542.61,2550.66,10341.6663786
2024-01-14T08:00:00Z,2550.67,2553.57,2524.5,2537.88,11271.36734409
2024-01-14T16:00:00Z,2537.89,2544.11,2470.15,2473.61,14244.03473936
2024-01-15T00:00:00Z,2473.1,2520.99,2471.32,2513.35,10567.9376604
2024-01-15T08:00:00Z,2513.36,2548.62,2505.71,2514.72,14199.58229408
2024-01-15T16:00:00Z,2514.72,2553.76,2500.25,2511.87,12843.7679891
2024-01-16T00:00:00Z,2511.88,2541.89,2505.22,2528.02,10566.240989
2024-01-16T08:00:00Z,2528.02,2570.88,2500.16,2558.96,20080.2450999
2024-01-16T16:00:00Z,2559.21,2613.43,2548.77,2587.68,14622.58399227
2024-01-17T00:00:00Z,2587.41,2592.8,2552.26,2552.83,8120.63955398
2024-01-17T08:00:00Z,2552.52,2573.89,2533.35,2539.6,19362.44213329083657375
2024-01-17T16:00:00Z,2539.53,2544.81,2506.56,2530.26,8475.6351509
2024-01-18T00:00:00Z,2530.26,2539.5,2510.01,2538.57,7693.80124078
2024-01-18T08:00:00Z,2538.57,2549.08,2503.85,2525.75,14104.41263444
2024-01-18T16:00:00Z,2525.75,2526.32,2428.4,2471.08,21505.347513506559182
2024-01-19T00:00:00Z,2471.09,2474.4,2443.3,2465.56,7489.7599338
2024-01-19T08:00:00Z,2465.52,2499.79,2460.77,2463.35,13646.152829862839007
2024-01-19T16:00:00Z,2463.06,2504.23,2415.32,2492.14,21653.71195254
2024-01-20T00:00:00Z,2492.15,2492.15,2475.68,2478.32,5756.1185721
2024-01-20T08:00:00Z,2478.33,2479.98,2458.64,2463.89,7520.60964531
2024-01-20T16:00:00Z,2463.9,2474.3,2454.22,2472.12,6224.57205837
2024-01-21T00:00:00Z,2472.12,2481.15,2465,2475.73,4273.9186038
2024-01-21T08:00:00Z,2475.74,2482.1,2464.1,2468.05,5095.22211969
2024-01-21T16:00:00Z,2468.05,2478.16,2452.53,2456.61,5669.5580358
2024-01-22T00:00:00Z,2456.89,2465.89,2402.01,2420.62,16183.8382924
2024-01-22T08:00:00Z,2420.62,2420.62,2353.53,2379.64,19042.14385864
2024-01-22T16:00:00Z,2379.85,2385.4,2303,2314.24,15039.12725175
2024-01-23T00:00:00Z,2314.24,2351.37,2312.22,2323.79,6600.22917823
2024-01-23T08:00:00Z,2323.78,2327,2168.3,2219.62,27440.56766282
2024-01-23T16:00:00Z,2219.19,2247.29,2181.17,2242.75,12583.2365488
2024-01-24T00:00:00Z,2242.48,2255.4,2212.3,2234.18,7224.0427628
2024-01-24T08:00:00Z,2234.71,2265.24,2217.97,2234.81,10623.60996817
2024-01-24T16:00:00Z,2234.47,2244.67,2195.94,2235.01,9002.35122183
2024-01-25T00:00:00Z,2235.31,2239.92,2203.7,2227.47,4976.1905388
2024-01-25T08:00:00Z,2227.48,2242.6,2181.61,2187.89,8410.78781777
2024-01-25T16:00:00Z,2187.89,2230.59,2171.46,2218.83,7774.10427137
2024-01-26T00:00:00Z,2218.63,2238.18,2196,2197.36,4450.6576679
2024-01-26T08:00:00Z,2197.36,2265.2,2195.99,2257.6,10646.9808162
2024-01-26T16:00:00Z,2257.74,2281.7,2251.19,2267.47,10415.98429428
2024-01-27T00:00:00Z,2267.77,2282.88,2253.34,2258.59,3662.1022402
2024-01-27T08:00:00Z,2258.58,2275.08,2251.05,2270,3398.10490943
2024-01-27T16:00:00Z,2270.48,2277.47,2261.36,2267.92,3084.24696261
2024-01-28T00:00:00Z,2267.91,2308.05,2262.86,2282.94,5202.1767929
2024-01-28T08:00:00Z,2282.95,2301.51,2262.37,2270.16,4751.80620959
2024-01-28T16:00:00Z,2270.48,2276,2240,2256.84,4602.38854089
2024-01-29T00:00:00Z,2256.66,2278,2250.53,2259.32,3054.83251809
2024-01-29T08:00:00Z,2259.46,2277.23,2233.95,2275.67,6286.10103448
2024-01-29T16:00:00Z,2275.67,2322.29,2265.44,2317.68,10027.38076574
2024-01-30T00:00:00Z,2317.41,2327.8,2300,2309.13,7475.00287811
2024-01-30T08:00:00Z,2309.5,2347.89,2297.11,2340.99,11565.53124385
2024-01-30T16:00:00Z,2341.12,2392.04,2336.02,2342.91,18892.99316507
2024-01-31T00:00:00Z,2342.91,2351.78,2327.2,2341.11,5894.7355088
2024-01-31T08:00:00Z,2340.67,2343.13,2280.9,2329.97,18084.7275317
2024-01-31T16:00:00Z,2329.37,2350.22,2263.59,2283.19,8712.39795643
2024-02-01T00:00:00Z,2283.2,2289.77,2240.31,2272.19,7082.6389688
2024-02-01T08:00:00Z,2272.19,2308.49,2263.31,2288.71,7943.58750031
2024-02-01T16:00:00Z,2289.06,2311.7,2269.2,2304.01,6070.5097626
2024-02-02T00:00:00Z,2304.18,2320.69,2296.86,2313.58,3622.4852438
2024-02-02T08:00:00Z,2313.57,2325,2281.79,2313.78,6468.4636057
2024-02-02T16:00:00Z,2313.78,2324.42,2286.5,2309.15,4582.8882732
2024-02-03T00:00:00Z,2309.16,2330,2306.96,2314.5,3457.28223536
2024-02-03T08:00:00Z,2314.5,2316.5,2292.72,2303.95,3903.967724
2024-02-03T16:00:00Z,2304.04,2313.32,2293.62,2296.51,2688.0422327
2024-02-04T00:00:00Z,2296.52,2306.59,2287.11,2290.81,2732.6238964
2024-02-04T08:00:00Z,2290.8,2310,2286.65,2301.79,4083.50242427
2024-02-04T16:00:00Z,2301.79,2311.39,2265.8,2289.69,6903.59590941
2024-02-05T00:00:00Z,2289.7,2312.53,2269.24,2310.35,4726.2004929
2024-02-05T08:00:00Z,2310.36,2338.18,2294.35,2298.72,8165.79606083
2024-02-05T16:00:00Z,2298.42,2312.1,2283.71,2301.8,5271.62594802
2024-02-06T00:00:00Z,2301.81,2329.99,2298.87,2327.18,4056.76248677
2024-02-06T08:00:00Z,2327.17,2349,2311.4,2343.78,10167.0867856
2024-02-06T16:00:00Z,2343.79,2392.4,2340.51,2372.74,10359.5475364
2024-02-07T00:00:00Z,2372.74,2390.3,2357.37,2362.79,7370.8924148
2024-02-07T08:00:00Z,2362.88,2385.39,2354.09,2369.55,15467.1691515
2024-02-07T16:00:00Z,2369.8,2445.41,2368.64,2425.1,20773.10922026
2024-02-08T00:00:00Z,2425.09,2444.04,2411.7,2421.21,8072.6883366
2024-02-08T08:00:00Z,2421.34,2463.29,2416.17,2454,17568.2895797
2024-02-08T16:00:00Z,2453.62,2455.44,2413.49,2419.69,13709.1549606
2024-02-09T00:00:00Z,2419.7,2465.8,2419.23,2453.61,15071.02120489
2024-02-09T08:00:00Z,2453.62,2524.2,2453.32,2495.41,33986.10695202
2024-02-09T16:00:00Z,2495.42,2523.34,2478.5,2486.48,19768.8545373
2024-02-10T00:00:00Z,2486.48,2515.89,2483.2,2495.23,3967.9295518
2024-02-10T08:00:00Z,2495.13,2498.94,2471.75,2490.58,7639.84445812
2024-02-10T16:00:00Z,2490.59,2516.6,2483.46,2500.47,8422.66594113
2024-02-11T00:00:00Z,2500.47,2537.48,2493.61,2527.46,14125.87289009
2024-02-11T08:00:00Z,2527.45,2539.79,2505.2,2509.11,13895.51044661
2024-02-11T16:00:00Z,2509.12,2520,2493.62,2506.95,13561.8618246
2024-02-12T00:00:00Z,2506.99,2524.63,2481.28,2501.68,13058.9064599
2024-02-12T08:00:00Z,2501.68,2562.99,2472,2558.04,21339.43557305
2024-02-12T16:00:00Z,2557.92,2665,2536.68,2659.64,26360.74027554
2024-02-13T00:00:00Z,2660.02,2685.79,2636.17,2648.97,10732.11771198
2024-02-13T08:00:00Z,2648.99,2686.2,2590,2630.87,29000.76055679
2024-02-13T16:00:00Z,2631.18,2649.34,2592.2,2639.79,15882.041212
2024-02-14T00:00:00Z,2639.79,2654.19,2618.44,2652.95,8590.2582039
2024-02-14T08:00:00Z,2652.96,2771.49,2647.56,2749.36,28089.09485595
2024-02-14T16:00:00Z,2749.5,2786.4,2726.42,2774.98,13493.5498965
2024-02-15T00:00:00Z,2774.99,2825.63,2760,2772.09,18723.91922539
2024-02-15T08:00:00Z,2771.94,2867.8,2768.39,2826.6,33710.49082945
2024-02-15T16:00:00Z,2826.6,2845.78,2786.11,2822.8,21579.3873218
2024-02-16T00:00:00Z,2822.8,2856.8,2812.2,2815.36,10473.20155951
2024-02-16T08:00:00Z,2815,2847,2743.24,2776.73,31911.33098991
2024-02-16T16:00:00Z,2776.02,2810,2756.84,2801.78,16748.69905339
2024-02-17T00:00:00Z,2801.78,2804.43,2777.71,2795.38,8531.1410098
2024-02-17T08:00:00Z,2795.38,2795.39,2718.16,2754.28,20160.6750748
2024-02-17T16:00:00Z,2754.41,2801.29,2742.71,2785.81,8950.72709484
2024-02-18T00:00:00Z,2785.81,2806.69,2764.93,2801.61,13032.9177793
2024-02-18T08:00:00Z,2801.11,2822.73,2785.8,2807.01,14954.09538578
2024-02-18T16:00:00Z,2807.01,2895.19,2794.63,2880.89,18674.79412255
2024-02-19T00:00:00Z,2880.9,2931.88,2856.83,2926.41,12968.00014999
2024-02-19T08:00:00Z,2926.32,2927.99,2886.71,2908.99,10524.3544711
2024-02-19T16:00:00Z,2908.99,2984.79,2887.51,2944.77,15534.03332283
2024-02-20T00:00:00Z,2944.78,2955.5,2901,2921.77,9239.22433196
2024-02-20T08:00:00Z,2921.78,3004.3,2873.17,2924.37,55929.4258423
2024-02-20T16:00:00Z,2925.31,3032.99,2886.36,3014.72,21656.10761045
2024-02-21T00:00:00Z,3015.19,3017.4,2922.5,2940.43,14680.56866394
2024-02-21T08:00:00Z,2940.43,2956.58,2867.6,2914.99,33953.61898337
2024-02-21T16:00:00Z,2915,2979.85,2886.01,2967.87,12558.5592902
2024-02-22T00:00:00Z,2967.88,2997.7,2905.96,2994.01,22319.67406641
2024-02-22T08:00:00Z,2994.19,3032.79,2931.2,2986.85,21560.06068553
2024-02-22T16:00:00Z,2986.81,3036.5,2961.07,2971.36,14545.8630369
2024-02-23T00:00:00Z,2971.37,2993.8,2922.99,2933.61,45458.7305692
2024-02-23T08:00:00Z,2933.62,2963.12,2910.44,2915.58,16430.7839968
2024-02-23T16:00:00Z,2915.59,2954,2906.3,2922.39,9699.41509246
2024-02-24T00:00:00Z,2922.39,2965.29,2906.65,2964.27,7363.0733809
2024-02-24T08:00:00Z,2964.28,2969.08,2948.41,2955.21,10483.3198455
2024-02-24T16:00:00Z,2955.23,3006.29,2955.04,2992.56,6830.32439168
2024-02-25T00:00:00Z,2992.57,3049.87,2983.67,3030.23,9723.65021121
2024-02-25T08:00:00Z,3030.23,3073.96,3010.79,3044,11184.58469723
2024-02-25T16:00:00Z,3043.63,3122.67,3027.36,3112.83,14435.37760908
2024-02-26T00:00:00Z,3113.14,3136.16,3085.9,3087.56,9051.6234253
2024-02-26T08:00:00Z,3087.56,3145.87,3036.34,3145.79,26059.59503344
2024-02-26T16:00:00Z,3145.78,3196,3127.8,3175.83,17137.17718241
2024-02-27T00:00:00Z,3175.99,3275.25,3165.86,3217.5,22072.32749676
2024-02-27T08:00:00Z,3217.49,3287.8,3216.42,3229.25,14388.66629194
2024-02-27T16:00:00Z,3229.28,3268.25,3203.49,3242.66,11737.29897028
2024-02-28T00:00:00Z,3242.66,3305.99,3231,3302.96,16654.45323367
2024-02-28T08:00:00Z,3303.14,3376.15,3277.93,3348.41,30332.98134424
2024-02-28T16:00:00Z,3348.4,3488.79,3176.06,3383.19,51291.06888101
2024-02-29T00:00:00Z,3383.2,3494.51,3374.67,3468.38,23313.91320994
2024-02-29T08:00:00Z,3468.39,3522.29,3442.9,3467.81,48849.69599114
2024-02-29T16:00:00Z,3467.78,3470.46,3299.21,3340.67,56224.97111642
2024-03-01T00:00:00Z,3340.3,3398.38,3339.01,3365.02,34279.12322888
2024-03-01T08:00:00Z,3365.43,3449.4,3353.47,3390.86,42331.83096493
2024-03-01T16:00:00Z,3390.86,3449.18,3380.4,3432.99,15958.83622872
2024-03-02T00:00:00Z,3432.99,3459.8,3394.89,3430.42,12998.12580434
2024-03-02T08:00:00Z,3430.42,3435.8,3394.38,3418.01,16158.2348816
2024-03-02T16:00:00Z,3418.01,3431.2,3399.99,3421.25,18218.6503348
2024-03-03T00:00:00Z,3421.25,3445.78,3359.11,3393.21,25637.9769935
2024-03-03T08:00:00Z,3392.62,3446.5,3375.4,3421.98,27525.006692
2024-03-03T16:00:00Z,3421.98,3492.76,3418.36,3487.61,27443.98438075
2024-03-04T00:00:00Z,3487.64,3528.8,3422.76,3478.6,38049.02777353
2024-03-04T08:00:00Z,3478.61,3567.4,3457.81,3560,49876.40305656
2024-03-04T16:00:00Z,3559.81,3640.44,3528.61,3627.59,52213.77993882
2024-03-05T00:00:00Z,3627.6,3739.37,3607.3,3673.23,50920.2953402
2024-03-05T08:00:00Z,3673.23,3821.2,3652,3784.07,44460.77222724
2024-03-05T16:00:00Z,3783.37,3795.79,3187.5,3553.21,108516.8598002
2024-03-06T00:00:00Z,3553.21,3789.85,3498.52,3786.79,51354.68261988
2024-03-06T08:00:00Z,3787.38,3900.76,3724.73,3790.22,49708.74370993
2024-03-06T16:00:00Z,3790.91,3892.33,3765.34,3819.37,25540.48680736
2024-03-07T00:00:00Z,3819.38,3852.85,3733.8,3789.4,51084.31532901
2024-03-07T08:00:00Z,3789.6,3853.44,3765.21,3837.82,48927.78035816
2024-03-07T16:00:00Z,3837.22,3933.63,3813.4,3868.58,42966.54582908
2024-03-08T00:00:00Z,3868.24,3947.49,3863.4,3908.48,31882.72427215
2024-03-08T08:00:00Z,3908.49,3992.7,3886.12,3900.61,44876.44040296
2024-03-08T16:00:00Z,3900.81,3977.19,3822.79,3883.01,55113.93750717
2024-03-09T00:00:00Z,3883.01,3942.11,3876.97,3925.37,15987.11975621
2024-03-09T08:00:00Z,3925.38,3936.37,3888.01,3917.12,19955.92629036
2024-03-09T16:00:00Z,3917.13,3920.59,3870.58,3905.14,21522.1075263
2024-03-10T00:00:00Z,3905.14,3950,3899.21,3944.81,21866.21373824
2024-03-10T08:00:00Z,3944.81,3963.99,3861.43,3883.88,31637.57765339
2024-03-10T16:00:00Z,3883.89,3926.64,3791,3878.96,31103.51696853
2024-03-11T00:00:00Z,3878.81,4011.21,3721,4001,52512.33617339
2024-03-11T08:00:00Z,4001.59,4065.43,3986.5,4017.84,33015.82065142
2024-03-11T16:00:00Z,4017.84,4087,4000.03,4065.2,28032.92221645
2024-03-12T00:00:00Z,4065.21,4092.4,4000.04,4027.14,22533.0700263
2024-03-12T08:00:00Z,4027.14,4065.44,3950,3988,39167.14509232
2024-03-12T16:00:00Z,3988.4,3991.79,3829.5,3979.87,48319.81209139
2024-03-13T00:00:00Z,3979.87,4077.92,3973.61,4038.99,18247.33351288
2024-03-13T08:00:00Z,4039,4082.42,3932.29,3962.6,35824.93537276
2024-03-13T16:00:00Z,3962.61,4020.92,3951.99,4004.8,20299.41862383
2024-03-14T00:00:00Z,4004.79,4010.8,3940.61,3963.36,30294.44178997
2024-03-14T08:00:00Z,3963.35,3997.87,3821.14,3846.03,64826.11070571
2024-03-14T16:00:00Z,3845.83,3895.99,3722.84,3881.69,29655.70166597
2024-03-15T00:00:00Z,3881.94,3933.3,3619.3,3754.01,36775.52973148
2024-03-15T08:00:00Z,3754.31,3761.71,3567.55,3689.07,94151.122055
2024-03-15T16:00:00Z,3689.07,3806.65,3607.66,3742.2,18536.56021518
2024-03-16T00:00:00Z,3742.93,3780.97,3690.3,3740.53,43040.12741334
2024-03-16T08:00:00Z,3740.53,3741.38,3637.46,3679.38,74195.16070312
2024-03-16T16:00:00Z,3679.39,3679.79,3467.57,3523.1,69334.69121861
2024-03-17T00:00:00Z,3523.43,3582.77,3412.88,3473.19,17807.55042007
2024-03-17T08:00:00Z,3472.67,3646.92,3460.74,3629.37,20658.89944474
2024-03-17T16:00:00Z,3628.39,3679.39,3603.42,3644.5,8528.01587021
2024-03-18T00:00:00Z,3644.43,3644.95,3557.93,3627.61,12577.86223582
2024-03-18T08:00:00Z,3626.52,3627.55,3486.65,3525.84,23797.33049225
2024-03-18T16:00:00Z,3525.01,3564.07,3453.99,3520.52,21297.8670286
2024-03-19T00:00:00Z,3520.52,3548.84,3305.25,3359.81,45412.56915388
2024-03-19T08:00:00Z,3360.04,3360.04,3203.6,3302.79,79984.53346599
2024-03-19T16:00:00Z,3303.15,3360,3150.8,3159.64,37253.41349481
2024-03-20T00:00:00Z,3158.62,3264.2,3056.99,3218.8,47641.16091243
2024-03-20T08:00:00Z,3217.87,3398.83,3205.58,3292.76,37590.58650229
2024-03-20T16:00:00Z,3292.84,3535.33,3140.73,3516.23,57109.02547335
2024-03-21T00:00:00Z,3516.23,3559.59,3447.11,3516.4,25618.15058378
2024-03-21T08:00:00Z,3516.41,3586.66,3478.35,3497.03,38464.03680826
2024-03-21T16:00:00Z,3497.59,3545.19,3411.58,3492.71,29300.80859989
2024-03-22T00:00:00Z,3492.52,3542.35,3453.8,3511.34,30242.80495672
2024-03-22T08:00:00Z,3511.34,3523.93,3281.41,3349.04,44640.27797408
2024-03-22T16:00:00Z,3349.05,3360,3247.3,3336.57,33715.12548114
2024-03-23T00:00:00Z,3336.6,3383.97,3268.98,3365.23,18031.48458624
2024-03-23T08:00:00Z,3365.23,3422.85,3327.67,3405.32,23821.30968066
2024-03-23T16:00:00Z,3405.33,3434.64,3325.21,3329.54,24705.61276487
2024-03-24T00:00:00Z,3329.29,3368.29,3299,3341.59,14015.52444875
2024-03-24T08:00:00Z,3342.16,3414.26,3335.09,3397.29,24237.681592
2024-03-24T16:00:00Z,3397.3,3471.18,3333.4,3454.59,29082.70277182
2024-03-25T00:00:00Z,3455,3506.9,3420.1,3444.79,14819.8120449
2024-03-25T08:00:00Z,3444.79,3587.98,3430.1,3581.18,28627.52047756
2024-03-25T16:00:00Z,3581.77,3660.53,3566.34,3590.03,29731.14303955
2024-03-26T00:00:00Z,3590.04,3678.6,3580.56,3634.83,15551.94298359
2024-03-26T08:00:00Z,3635.47,3670.82,3545.76,3592.96,22027.74325232
2024-03-26T16:00:00Z,3592.96,3614.43,3540.76,3587.38,27940.71186814
2024-03-27T00:00:00Z,3587.38,3628.34,3560,3565.2,11396.6037472
2024-03-27T08:00:00Z,3565.65,3666.5,3497.36,3513.35,23986.788574
2024-03-27T16:00:00Z,3514.16,3532.16,3460.2,3501.75,15534.4324026
2024-03-28T00:00:00Z,3502.03,3580,3465.02,3573.81,14606.1672117
2024-03-28T08:00:00Z,3574.18,3611.79,3552.5,3577.46,16364.84311434
2024-03-28T16:00:00Z,3579.35,3581.1,3540,3561.25,11315.9927369
2024-03-29T00:00:00Z,3561.38,3584.75,3513,3519,7406.6479859
2024-03-29T08:00:00Z,3519,3563.77,3480.11,3488.22,8206.5461757
2024-03-29T16:00:00Z,3488.58,3524.58,3470.23,3510.1,6581.51380423
2024-03-30T00:00:00Z,3510.1,3531.58,3485.36,3492.55,5125.2568128
2024-03-30T08:00:00Z,3492.67,3566.15,3491.53,3536.48,5240.84137066
2024-03-30T16:00:00Z,3536.49,3549,3485.21,3505.91,5198.0733472
2024-03-31T00:00:00Z,3505.97,3632.15,3504.84,3625.24,6005.698941
2024-03-31T08:00:00Z,3625.61,3639.62,3600.04,3617.62,5073.73386385
2024-03-31T16:00:00Z,3617.69,3654.84,3613.17,3644.92,6000.3855824
2024-04-01T00:00:00Z,3644.75,3645.34,3500.35,3546.71,11195.9513312
2024-04-01T08:00:00Z,3546.72,3571.04,3437.89,3443.97,15863.40345172
2024-04-01T16:00:00Z,3444.49,3516.11,3414.49,3504.01,16224.15495576
2024-04-02T00:00:00Z,3504.01,3506.03,3315.05,3362.63,19927.2174495
2024-04-02T08:00:00Z,3362.82,3371.25,3232.4,3239.1,28787.22225992
2024-04-02T16:00:00Z,3240.12,3305,3211.7,3278.88,19082.0543773
2024-04-03T00:00:00Z,3278.91,3324.09,3201.68,3305.57,21641.23562436
2024-04-03T08:00:00Z,3305.58,3364.64,3290.38,3329.07,25566.53445431
2024-04-03T16:00:00Z,3328.99,3367.6,3280.23,3311.31,24362.8142679
2024-04-04T00:00:00Z,3311.32,3333.64,3250,3322.66,18041.78965897
2024-04-04T08:00:00Z,3322.67,3394.96,3319.54,3364.07,18680.51952183
2024-04-04T16:00:00Z,3364.7,3442.9,3277.85,3327.79,33089.4035362
2024-04-05T00:00:00Z,3327.8,3334.6,3241.06,3287.19,30241.29846018
2024-04-05T08:00:00Z,3287.2,3329.62,3207.26,3326.7,29761.61404532
2024-04-05T16:00:00Z,3326.69,3347,3305.79,3317.56,23612.75512434
2024-04-06T00:00:00Z,3317.57,3352.23,3305.45,3330.38,18194.85848728
2024-04-06T08:00:00Z,3330.37,3361.45,3312.08,3335.24,16062.647595
2024-04-06T16:00:00Z,3335.24,3398.69,3331.52,3351.7,14536.1578607
2024-04-07T00:00:00Z,3351.72,3414.1,3343.66,3385.74,12560.48831095
2024-04-07T08:00:00Z,3385.37,3420.7,3376.27,3389.66,11039.71907667
2024-04-07T16:00:00Z,3390.1,3459.49,3367.98,3454.09,15474.57859486
2024-04-08T00:00:00Z,3454.1,3477.89,3406.81,3473.77,8125.9144112
2024-04-08T08:00:00Z,3473.62,3671.06,3470.01,3628.03,17329.61885981
2024-04-08T16:00:00Z,3629.03,3729.2,3627.03,3694.42,13698.07643714
2024-04-09T00:00:00Z,3694.7,3726.52,3631.37,3641.63,9136.56996289
2024-04-09T08:00:00Z,3641.36,3647.29,3478.81,3530.27,14043.28914728
2024-04-09T16:00:00Z,3530.08,3532.73,3452.72,3506.02,8563.8647189
2024-04-10T00:00:00Z,3505.31,3555.29,3465.21,3536.32,9638.97712864
2024-04-10T08:00:00Z,3536.32,3540,3413.12,3479.54,21313.40757156
2024-04-10T16:00:00Z,3479.07,3563.23,3469.54,3545.77,17086.08540905
2024-04-11T00:00:00Z,3545.78,3606.62,3525.1,3582.77,11357.98564375
2024-04-11T08:00:00Z,3582.81,3617.96,3486.8,3508.48,20128.98272983
2024-04-11T16:00:00Z,3508.8,3532.09,3473.66,3502.29,9583.28382027
2024-04-12T00:00:00Z,3502.3,3552.69,3501.32,3515.99,8668.20199186
2024-04-12T08:00:00Z,3515.98,3541.83,3439.52,3440.93,16567.16194048
2024-04-12T16:00:00Z,3440.71,3453.79,3068.71,3237.05,43197.46104101
2024-04-13T00:00:00Z,3237.2,3272.52,3143,3257.89,20819.81462598
2024-04-13T08:00:00Z,3257.41,3302.52,3247.61,3272.04,12068.28539237
2024-04-13T16:00:00Z,3272.05,3279.76,2791.2,3006.11,52288.97503593
2024-04-14T00:00:00Z,3006.51,3102.8,2907.6,3084.37,25315.32477631
2024-04-14T08:00:00Z,3084.37,3099.29,3006.39,3055.02,18072.28027817
2024-04-14T16:00:00Z,3055.53,3173.98,2978.63,3154.97,20835.51828642
2024-04-15T00:00:00Z,3154.96,3255.6,3100.76,3241.74,15897.13827946
2024-04-15T08:00:00Z,3242.14,3278.36,3102.95,3163.9,16944.51893603
2024-04-15T16:00:00Z,3163.68,3180,3023.53,3101.77,19073.88913933
2024-04-16T00:00:00Z,3102.06,3126.1,2989.48,3106.48,19113.4614753
2024-04-16T08:00:00Z,3107.06,3111,3002.2,3009.3,16800.26497677
2024-04-16T16:00:00Z,3009.26,3118,2996.2,3084.11,10922.63294887
2024-04-17T00:00:00Z,3084.26,3123.38,3065.29,3076.52,8130.84595188
2024-04-17T08:00:00Z,3076.67,3087.76,2926.25,2946.42,19861.59434907
2024-04-17T16:00:00Z,2946.52,3043.55,2913.92,2985.57,23605.43205536
2024-04-18T00:00:00Z,2984.82,3035.64,2950,2974.98,17448.45970167
2024-04-18T08:00:00Z,2974.98,3094.64,2954.3,3068.76,24089.66219404
2024-04-18T16:00:00Z,3068.76,3083.79,3017.69,3064.21,18710.85727628
2024-04-19T00:00:00Z,3064.51,3129.57,2865.11,3084.62,27646.59340708
2024-04-19T08:00:00Z,3084.25,3124.3,3054.24,3080.75,25343.20212874
2024-04-19T16:00:00Z,3080.75,3108.03,3020,3056.33,17034.89188081
2024-04-20T00:00:00Z,3056.24,3071.04,3020,3060.7,11383.89251711
2024-04-20T08:00:00Z,3061.08,3114.98,3030.05,3109.36,12294.96690112
2024-04-20T16:00:00Z,3109.83,3171.76,3088,3155.5,16880.4206958
2024-04-21T00:00:00Z,3155.65,3197.7,3126.81,3179.72,11898.6673041
2024-04-21T08:00:00Z,3179.72,3186.88,3137.63,3159.27,10682.82237484
2024-04-21T16:00:00Z,3159.27,3169.6,3115.71,3147.61,11410.50079291
2024-04-22T00:00:00Z,3147.59,3236.21,3129.11,3203.78,15982.68949751
2024-04-22T08:00:00Z,3203.78,3224.7,3167.21,3183.09,11725.04473799
2024-04-22T16:00:00Z,3183.1,3223.99,3169.19,3200.02,10959.1446302
2024-04-23T00:00:00Z,3200.14,3222.99,3151.8,3160.85,9139.4865646
2024-04-23T08:00:00Z,3160.86,3263.42,3152.61,3224.91,13448.91875348
2024-04-23T16:00:00Z,3226.21,3246.3,3186.26,3219.53,9622.80549555
2024-04-24T00:00:00Z,3219.54,3274.79,3210.21,3250.62,10071.50149393
2024-04-24T08:00:00Z,3250,3293.9,3168.61,3175.74,15813.78030834
2024-04-24T16:00:00Z,3175.73,3193.59,3104.09,3140.82,10371.55048166
2024-04-25T00:00:00Z,3140.48,3171.19,3126.57,3135.99,5622.09354328
2024-04-25T08:00:00Z,3136.68,3167.79,3072.67,3160.02,14877.33176136
2024-04-25T16:00:00Z,3159.49,3191.52,3146.3,3155.97,8864.04516051
2024-04-26T00:00:00Z,3155.76,3164.06,3124.14,3135.34,10516.0533133
2024-04-26T08:00:00Z,3135.34,3167.69,3102.3,3117.43,19367.48066918
2024-04-26T16:00:00Z,3117.42,3155.31,3105.76,3131.17,9806.56874151
2024-04-27T00:00:00Z,3131.17,3138.47,3068.26,3120.36,15114.01772487
2024-04-27T08:00:00Z,3120.37,3166.59,3107.81,3144.94,9252.95233791
2024-04-27T16:00:00Z,3144.95,3284.63,3142.43,3255.28,10166.48517209
2024-04-28T00:00:00Z,3255.29,3338.64,3250.3,3317.41,7426.40374936
2024-04-28T08:00:00Z,3317.42,3327.99,3275.22,3321.09,9775.0732816
2024-04-28T16:00:00Z,3321.09,3358.2,3252.67,3263.32,12226.88671618
2024-04-29T00:00:00Z,3263.98,3287.49,3154.5,3187.69,16118.4147954
2024-04-29T08:00:00Z,3188.01,3195.59,3115.93,3182.16,18142.36614184
2024-04-29T16:00:00Z,3182.41,3235.69,3155.27,3217.07,8935.64839827
2024-04-30T00:00:00Z,3217.07,3250.73,3149.21,3157.34,10521.44088949
2024-04-30T08:00:00Z,3157.35,3161.56,2966.63,2994.1,26883.24370068
2024-04-30T16:00:00Z,2994.1,3029.82,2921.4,3014.05,19286.67473102
2024-05-01T00:00:00Z,3014.06,3023.23,2860,2869.72,19351.7502078
2024-05-01T08:00:00Z,2869.72,2933.46,2816.7,2885.86,29925.99550422
2024-05-01T16:00:00Z,2885.59,3016.01,2868.58,2972.29,25201.04514626
2024-05-02T00:00:00Z,2972.29,2982,2893.53,2921.27,17281.61417789
2024-05-02T08:00:00Z,2921.27,3012.96,2916.91,2990.23,16514.65964166
2024-05-02T16:00:00Z,2989.98,3016.39,2969.31,2985.34,12172.51995821
2024-05-03T00:00:00Z,2986.12,3036.19,2958.1,2968.68,9762.96520401
2024-05-03T08:00:00Z,2968.98,3085.68,2958.34,3075.8,16340.38830451
2024-05-03T16:00:00Z,3075.9,3127.79,3062.28,3102.61,9982.43431289
2024-05-04T00:00:00Z,3102.61,3130.51,3092.55,3095.83,6393.92147599
2024-05-04T08:00:00Z,3095.83,3168.39,3095.41,3126.68,14449.86052255
2024-05-04T16:00:00Z,3126.68,3146.89,3105.07,3117.06,10955.22381198
2024-05-05T00:00:00Z,3117.07,3126.53,3072.8,3105.77,9453.84274406
2024-05-05T08:00:00Z,3105.77,3171.89,3103.74,3160.47,15855.94199567
2024-05-05T16:00:00Z,3160.47,3166.35,3123.3,3136.36,8478.22187501
2024-05-06T00:00:00Z,3136.36,3191.88,3124.59,3180.69,10900.67609479
2024-05-06T08:00:00Z,3180.69,3222.62,3056.88,3089.74,27935.40078567
2024-05-06T16:00:00Z,3089.44,3095.79,3046.29,3061.95,10391.71007357
2024-05-07T00:00:00Z,3062.2,3096.74,3022.07,3077.22,10979.07436559
2024-05-07T08:00:00Z,3077.22,3129.59,3046.11,3071.32,20896.84401027
2024-05-07T16:00:00Z,3071.3,3079.53,3000.12,3005.96,12903.26645416
2024-05-08T00:00:00Z,3005.26,3038.38,2990.2,2995.48,9712.2863604
2024-05-08T08:00:00Z,2995.5,3032.3,2978.26,3007.13,16802.74169575
2024-05-08T16:00:00Z,3007.25,3024.39,2936.76,2974.18,15224.55791038
2024-05-09T00:00:00Z,2974.19,3014.48,2971.93,2982.76,7924.44184156
2024-05-09T08:00:00Z,2983.98,3019.33,2950.92,3006.19,14776.87993147
2024-05-09T16:00:00Z,3006.22,3059.39,2989.68,3036.07,11070.36899981
2024-05-10T00:00:00Z,3036.08,3053.89,3018.6,3042,6621.81149225
2024-05-10T08:00:00Z,3041.99,3045.27,2907.44,2918.45,17281.7377606
2024-05-10T16:00:00Z,2918.47,2935.04,2878.91,2910.01,14605.71661543
2024-05-11T00:00:00Z,2910.23,2936.8,2904.56,2921.95,5321.02789934
2024-05-11T08:00:00Z,2922.27,2945.19,2886.02,2925.46,8362.3996638
2024-05-11T16:00:00Z,2925.64,2940.43,2906.83,2912.48,5457.98448141
2024-05-12T00:00:00Z,2912.49,2932.5,2901.07,2907.62,4244.98091489
2024-05-12T08:00:00Z,2907.95,2943.75,2902.73,2938.05,6525.1560151
2024-05-12T16:00:00Z,2938.06,2954.94,2913.19,2929.24,5529.56538622
2024-05-13T00:00:00Z,2929.24,2957.6,2865.48,2954.18,17680.52677154
2024-05-13T08:00:00Z,2954.33,2996.09,2948.32,2960.88,18504.79081371
2024-05-13T16:00:00Z,2961,2977.93,2928.52,2951.01,10294.80202888
2024-05-14T00:00:00Z,2951.02,2960.37,2881.87,2919.75,9784.05274028
2024-05-14T08:00:00Z,2919.99,2924.34,2870.1,2898.87,13634.91599189
2024-05-14T16:00:00Z,2898.79,2902.78,2861.89,2881.93,7851.99995861
2024-05-15T00:00:00Z,2881.94,2921,2863.47,2915.88,6470.89864611
2024-05-15T08:00:00Z,2915.88,2992.44,2886.81,2977.56,21817.64154361
2024-05-15T16:00:00Z,2976.22,3045.83,2970.11,3032.61,12269.97088077
2024-05-16T00:00:00Z,3032.62,3041,2997.57,3016.34,8583.90459381
2024-05-16T08:00:00Z,3016.41,3027.49,2930.73,2956.71,14219.94165917
2024-05-16T16:00:00Z,2956.71,2960.8,2922.55,2944.5,7970.13499795
2024-05-17T00:00:00Z,2944.51,3032.36,2933.35,3025.05,8080.91254084
2024-05-17T08:00:00Z,3025.06,3118.06,3017.84,3111.56,18888.73829098
2024-05-17T16:00:00Z,3111.78,3119.99,3067.97,3091.8,9811.74375835
2024-05-18T00:00:00Z,3091.63,3126.42,3084,3101.7,7203.41980682
2024-05-18T08:00:00Z,3101.9,3146.47,3095.71,3110.76,8273.87420415
2024-05-18T16:00:00Z,3110.76,3126.88,3105.66,3123.03,3358.93420739
2024-05-19T00:00:00Z,3123.04,3136.6,3103.31,3116.31,4649.8184787
2024-05-19T08:00:00Z,3116.32,3124.4,3063.94,3077.82,12109.00301259
2024-05-19T16:00:00Z,3077.51,3083.95,3052.12,3071.24,11546.14011414
2024-05-20T00:00:00Z,3071.25,3139.26,3047.86,3091.82,8745.25999124
2024-05-20T08:00:00Z,3091.81,3121.19,3076.87,3118.54,10036.67727462
2024-05-20T16:00:00Z,3118.38,3692.84,3111.05,3661.17,45670.65652877
2024-05-21T00:00:00Z,3661.68,3721.53,3625.33,3660.15,20848.15670225
2024-05-21T08:00:00Z,3660.05,3835.54,3648.35,3776.69,26388.23771414
2024-05-21T16:00:00Z,3776.3,3840.74,3679.6,3790.15,20107.51857595
2024-05-22T00:00:00Z,3790.16,3813.6,3721.25,3746.32,12358.57295539
2024-05-22T08:00:00Z,3746.13,3778.69,3653,3761.61,17323.99203354
2024-05-22T16:00:00Z,3761.61,3797.09,3700.2,3737.96,11674.27254355
2024-05-23T00:00:00Z,3737.72,3835.06,3736.8,3813,8097.63379816
2024-05-23T08:00:00Z,3813.93,3949.12,3730.1,3812.94,35701.67321691
2024-05-23T16:00:00Z,3812.65,3907.2,3529.75,3783.64,41127.84470908
2024-05-24T00:00:00Z,3783.15,3830,3650.41,3679.57,12096.74091118
2024-05-24T08:00:00Z,3679.16,3732.93,3628.32,3693.63,11547.29484017
2024-05-24T16:00:00Z,3693.58,3760.55,3655.06,3728.12,7464.07363429
2024-05-25T00:00:00Z,3728.12,3779.27,3708.63,3746.01,4000.44413503
2024-05-25T08:00:00Z,3746.44,3775,3718.42,3744.15,4299.47159415
2024-05-25T16:00:00Z,3744.22,3766.24,3730.41,3749.59,2553.72865236
2024-05-26T00:00:00Z,3749.59,3795,3731.51,3786,3210.09900829
2024-05-26T08:00:00Z,3785.54,3875.63,3777.21,3833.07,7124.376109
2024-05-26T16:00:00Z,3833.07,3884,3818.72,3826.43,5210.67255666
2024-05-27T00:00:00Z,3825.88,3939.63,3823,3914.37,6912.22665032
2024-05-27T08:00:00Z,3913.83,3977.02,3885.12,3963.33,11966.00990942
2024-05-27T16:00:00Z,3963.5,3974.22,3853.89,3894.16,10494.06715898
2024-05-28T00:00:00Z,3894.17,3911.66,3822,3847.87,11689.64887936
2024-05-28T08:00:00Z,3848.14,3930.69,3830.36,3860.78,14270.55537174
2024-05-28T16:00:00Z,3861.4,3871.33,3773.43,3843.74,10389.97140092
2024-05-29T00:00:00Z,3844.59,3887.55,3821.45,3821.45,8438.54079448
2024-05-29T08:00:00Z,3821.43,3838.88,3731.96,3759.91,15111.11827495
2024-05-29T16:00:00Z,3759.9,3792.86,3744.52,3767.51,9060.7373861
2024-05-30T00:00:00Z,3766.95,3801.8,3714.71,3719.79,7882.7141947
2024-05-30T08:00:00Z,3719.8,3798.29,3703.26,3775.8,10824.22268922
2024-05-30T16:00:00Z,3776.09,3825.46,3717.52,3747.97,9223.01673988
2024-05-31T00:00:00Z,3747.97,3769.4,3724.6,3729.65,3368.22025223
2024-05-31T08:00:00Z,3729.04,3850,3726.97,3744.54,13314.28863292
2024-05-31T16:00:00Z,3744.54,3799.8,3723.75,3761.32,10754.58921355
2024-06-01T00:00:00Z,3762.49,3794,3752.3,3772.59,5672.54344956
2024-06-01T08:00:00Z,3772.6,3813.72,3772.09,3798.76,5991.01197033
2024-06-01T16:00:00Z,3798.76,3833.12,3790.62,3815.59,4005.38879969
2024-06-02T00:00:00Z,3815.6,3838.19,3792.16,3792.59,4136.26832124
2024-06-02T08:00:00Z,3793.45,3810,3771.64,3799.18,5624.1024435
2024-06-02T16:00:00Z,3799.18,3803.99,3752.68,3780.8,5791.31562522
2024-06-03T00:00:00Z,3780.81,3842.09,3761.6,3817.69,6508.0553031
2024-06-03T08:00:00Z,3817.51,3850.36,3758.11,3795.92,10596.45407671
2024-06-03T16:00:00Z,3795.98,3797.79,3758.69,3767.14,6653.77430006
2024-06-04T00:00:00Z,3767.15,3785.08,3730.49,3775.16,6031.16996605
2024-06-04T08:00:00Z,3775.17,3817.79,3741.73,3810.39,10406.63703007
2024-06-04T16:00:00Z,3810.4,3831.57,3776.54,3809.81,6783.64670583
2024-06-05T00:00:00Z,3810.17,3839.57,3777.55,3809.52,6588.98517318
2024-06-05T08:00:00Z,3809.51,3824.4,3782.07,3813.78,6385.00496923
2024-06-05T16:00:00Z,3813.78,3888.78,3796.74,3865.88,8248.88332812
2024-06-06T00:00:00Z,3865.89,3878.98,3840.17,3852.26,4525.69178275
2024-06-06T08:00:00Z,3852.25,3868.79,3823.54,3844.79,6968.80228937
2024-06-06T16:00:00Z,3844.79,3854.97,3759.58,3813.84,8660.01273243
2024-06-07T00:00:00Z,3813.42,3825.78,3791.98,3816.35,3445.3187463
2024-06-07T08:00:00Z,3816.82,3841.89,3772.43,3800.5,8690.2931878622480214
2024-06-07T16:00:00Z,3800.5,3808.26,3572.5,3678.29,20821.33431859
2024-06-08T00:00:00Z,3678.3,3709.28,3674.4,3709.17,2954.91022895
2024-06-08T08:00:00Z,3709.01,3709.01,3661.55,3687.88,5077.06933144
2024-06-08T16:00:00Z,3687.87,3694.76,3670.2,3681.32,3440.0706079
2024-06-09T00:00:00Z,3681.33,3691.29,3667.11,3686.31,2582.83648135
2024-06-09T08:00:00Z,3686.3,3712.4,3680.9,3690.39,3591.437571
2024-06-09T16:00:00Z,3690.4,3721.82,3689.13,3706.38,3358.68924942
2024-06-10T00:00:00Z,3706.39,3707.3,3641.76,3649.13,4512.4137891
2024-06-10T08:00:00Z,3648.85,3713.1,3647.46,3702.27,6312.931358
2024-06-10T16:00:00Z,3702.33,3705.4,3651,3668.17,6038.91024949
2024-06-11T00:00:00Z,3668.17,3673.58,3502.7,3533.79,17832.284801
2024-06-11T08:00:00Z,3534.12,3548.96,3432.01,3447.33,18905.62677691
2024-06-11T16:00:00Z,3447.35,3509.47,3432.14,3497.42,8885.16807311
2024-06-12T00:00:00Z,3497.42,3532.05,3461.92,3526.92,7146.3339072
2024-06-12T08:00:00Z,3526.91,3656.67,3517.17,3618.32,20319.02302912
2024-06-12T16:00:00Z,3618.33,3625.29,3513.49,3560.36,17026.15893331
2024-06-13T00:00:00Z,3560.36,3562.11,3476.84,3507.42,11883.54272107
2024-06-13T08:00:00Z,3507.42,3534.69,3433.91,3442.92,15439.42389148
2024-06-13T16:00:00Z,3442.55,3491.3,3428.65,3469.07,7260.40288893
2024-06-14T00:00:00Z,3469.64,3531.97,3458.17,3516.5,8376.63545778
2024-06-14T08:00:00Z,3516.41,3530.12,3461.5,3462.26,13466.44653188
2024-06-14T16:00:00Z,3462.26,3529.04,3362.07,3481.26,28065.95814328
2024-06-15T00:00:00Z,3481.26,3557.57,3473.41,3529.62,11903.26485239
2024-06-15T08:00:00Z,3529.62,3593.38,3518.5,3565.35,12266.8921942
2024-06-15T16:00:00Z,3565.53,3575.47,3536.74,3568.79,9991.0345158
2024-06-16T00:00:00Z,3568.8,3574.69,3541.69,3561.65,6391.44856927
2024-06-16T08:00:00Z,3561.8,3611.66,3547.72,3592.07,9721.9166074
2024-06-16T16:00:00Z,3592.07,3653.8,3587.09,3624.21,7817.1154355
2024-06-17T00:00:00Z,3624.33,3637.85,3535.76,3552.51,14579.5610314
2024-06-17T08:00:00Z,3552.58,3560.59,3486.42,3496.88,17683.1187371
2024-06-17T16:00:00Z,3497.4,3578.09,3465.52,3510.8,18047.80918345
2024-06-18T00:00:00Z,3510.8,3517.27,3350.22,3443.96,21033.7696389
2024-06-18T08:00:00Z,3444.06,3451.95,3371.19,3423.99,17186.2669845
2024-06-18T16:00:00Z,3424.37,3489.3,3387.08,3483.68,14103.98628539
2024-06-19T00:00:00Z,3483.69,3584.61,3466.02,3544.45,14863.90023377
2024-06-19T08:00:00Z,3544.45,3563.99,3512.71,3528.87,18854.2107556
2024-06-19T16:00:00Z,3529.07,3587.84,3523.72,3560.47,12988.8930203
2024-06-20T00:00:00Z,3560.44,3615.89,3534.21,3607.95,14534.5842183
2024-06-20T08:00:00Z,3607.95,3625,3492.1,3506.9,21974.46922139
2024-06-20T16:00:00Z,3506.91,3541.76,3486.21,3513.34,11662.0627746
2024-06-21T00:00:00Z,3513.07,3535.95,3466.62,3475.79,11574.9326932
2024-06-21T08:00:00Z,3475.37,3531.61,3446.76,3492.12,27223.71497879
2024-06-21T16:00:00Z,3492.16,3547.33,3471,3518.88,13897.6069974
2024-06-22T00:00:00Z,3518.51,3520.99,3489.31,3494.04,7571.9102924
2024-06-22T08:00:00Z,3494.04,3510.67,3476.3,3505.18,7083.1873718
2024-06-22T16:00:00Z,3505.19,3508.24,3486.24,3496.2,5743.0034563
2024-06-23T00:00:00Z,3496.2,3520.93,3495.12,3512.06,4793.55855935
2024-06-23T08:00:00Z,3512.07,3512.62,3471.65,3475.1,9368.49359427
2024-06-23T16:00:00Z,3475.11,3482.45,3406.69,3421.44,9589.04940021
2024-06-24T00:00:00Z,3421.45,3435.8,3352.8,3369.65,16123.5016549
2024-06-24T08:00:00Z,3369.65,3394.01,3221,3280.32,24955.64937885
2024-06-24T16:00:00Z,3280.32,3363.28,3242.2,3351.96,19897.45265113
2024-06-25T00:00:00Z,3352.79,3394.65,3336.71,3360.97,9619.42487614
2024-06-25T08:00:00Z,3361.13,3424.9,3346.36,3419.91,11287.9456208
2024-06-25T16:00:00Z,3419.16,3429.99,3381.52,3394.83,8236.36124701
2024-06-26T00:00:00Z,3394.61,3425.9,3376.68,3401.53,6971.76567411
2024-06-26T08:00:00Z,3401.39,3402.96,3346.25,3361.74,9340.84657818
2024-06-26T16:00:00Z,3361.74,3417.53,3326.52,3371.22,11291.2872152
2024-06-27T00:00:00Z,3371.68,3392.47,3362.18,3375.09,6809.937368
2024-06-27T08:00:00Z,3375.17,3477.68,3369.1,3452.47,12027.52373548
2024-06-27T16:00:00Z,3452.49,3467.52,3439.26,3450.92,7348.85982507
2024-06-28T00:00:00Z,3450.91,3488,3427.26,3431.59,11264.2226871
2024-06-28T08:00:00Z,3431.59,3475.6,3403.44,3413.57,12625.89737109
2024-06-28T16:00:00Z,3413.66,3416.86,3366.73,3380.68,9813.8889291
2024-06-29T00:00:00Z,3380.68,3408.04,3379.85,3399.34,5330.4006371
2024-06-29T08:00:00Z,3399.34,3405.99,3382.86,3394.59,4333.5920864
2024-06-29T16:00:00Z,3394.79,3396.57,3372.45,3378.83,4663.7135454
2024-06-30T00:00:00Z,3378.84,3399.88,3352.95,3393.68,7460.7442023
2024-06-30T08:00:00Z,3393.68,3403.79,3379.92,3400.01,7548.92551932
2024-06-30T16:00:00Z,3400.02,3459.87,3392.08,3437.83,8165.30578734
2024-07-01T00:00:00Z,3438.06,3523.96,3432.5,3490.15,9079.9018576
2024-07-01T08:00:00Z,3490.16,3495.36,3453.04,3474.34,7880.49054498
2024-07-01T16:00:00Z,3474.62,3498.69,3424.37,3442.59,6984.9705247
2024-07-02T00:00:00Z,3442.05,3464.1,3434.1,3439.31,5037.83163162
2024-07-02T08:00:00Z,3439.18,3463.12,3401.85,3415.83,9089.858012
2024-07-02T16:00:00Z,3416.15,3434.01,3409.5,3421.16,4581.1985416
2024-07-03T00:00:00Z,3421.17,3431.82,3332.05,3352.8,11002.7041829
2024-07-03T08:00:00Z,3352.7,3357.01,3274.39,3304.49,15223.3844248
2024-07-03T16:00:00Z,3304.32,3322.2,3251.72,3295.37,9706.2370552
2024-07-04T00:00:00Z,3295.67,3313.79,3154.73,3182.82,14579.07555325
2024-07-04T08:00:00Z,3182.39,3195.69,3088.94,3138.5,25088.39361737
2024-07-04T16:00:00Z,3138.49,3169.45,3050.53,3059.72,16999.577288
2024-07-05T00:00:00Z,3059.72,3108.57,2810,2882.32,36423.63703506
2024-07-05T08:00:00Z,2882.21,3005.23,2823.21,2991.48,25471.5621828
2024-07-05T16:00:00Z,2991.45,3002.72,2958.77,2982.05,11020.37263079
2024-07-06T00:00:00Z,2981.55,3027.2,2955.22,3004.52,11046.977834
2024-07-06T08:00:00Z,3004.52,3030.45,2985.15,3020.07,9708.6115603
2024-07-06T16:00:00Z,3019.94,3082.26,3016.12,3067.14,9055.43956114
2024-07-07T00:00:00Z,3067.25,3072.89,2993.43,3004.76,8485.66151534
2024-07-07T08:00:00Z,3004.64,3032.4,2955.35,2970.44,11704.9628485
2024-07-07T16:00:00Z,2970.84,3009.5,2922.83,2931.11,10525.18332733
2024-07-08T00:00:00Z,2930.98,2951.49,2822.96,2926.86,16987.41049718
2024-07-08T08:00:00Z,2927.4,3097.21,2892.1,2968.59,20457.76719602
2024-07-08T16:00:00Z,2969.25,3044.99,2945.01,3018.83,12741.06540445
2024-07-09T00:00:00Z,3018.64,3089.7,3003.65,3062.02,14499.11617941
2024-07-09T08:00:00Z,3062.02,3114.27,3035.58,3067.37,14532.98075342
2024-07-09T16:00:00Z,3066.99,3088.86,3046.57,3066.71,10238.56106817
2024-07-10T00:00:00Z,3066.72,3129.78,3024.65,3097.31,12256.6291797
2024-07-10T08:00:00Z,3097.32,3130.34,3077.73,3123.11,15769.1317903
2024-07-10T16:00:00Z,3122.11,3151.24,3080.5,3100.69,9385.67085936
2024-07-11T00:00:00Z,3100.95,3129.54,3053.88,3118.22,10867.36994042
2024-07-11T08:00:00Z,3118.49,3216.67,3104.5,3118.25,20499.37430569
2024-07-11T16:00:00Z,3118.43,3148.06,3085.8,3099.71,12166.7405872
2024-07-12T00:00:00Z,3099.59,3117.72,3055.3,3072,11168.2796727
2024-07-12T08:00:00Z,3072,3139.59,3045.55,3131.45,15149.58938112
2024-07-12T16:00:00Z,3131.44,3157.53,3090.08,3134.08,10974.0986336
2024-07-13T00:00:00Z,3134.35,3142.6,3113.61,3140.3,5342.5418871
2024-07-13T08:00:00Z,3140.32,3170.84,3128.81,3155.2,8740.9869374
2024-07-13T16:00:00Z,3155.19,3202.26,3143.63,3176.35,8346.2640094
2024-07-14T00:00:00Z,3175.48,3206.95,3162.85,3195.59,10264.32463669
2024-07-14T08:00:00Z,3195.59,3225.13,3173.83,3190.35,10140.17522229
2024-07-14T16:00:00Z,3190.39,3268.67,3183.11,3245.03,9134.86639837
2024-07-15T00:00:00Z,3245.36,3368.77,3233.38,3355.44,15401.25365131
2024-07-15T08:00:00Z,3355.77,3393.81,3327.81,3367.64,12805.35854885
2024-07-15T16:00:00Z,3367.64,3494.1,3357.76,3483.15,18109.22932134
2024-07-16T00:00:00Z,3483.34,3498.49,3372.71,3377.21,14494.10399551
2024-07-16T08:00:00Z,3376.98,3485,3346.7,3476.19,20638.6132468
2024-07-16T16:00:00Z,3476.18,3494.29,3414.21,3444.22,19281.2211146
2024-07-17T00:00:00Z,3444.66,3516.45,3441.9,3486.68,19834.1081208
2024-07-17T08:00:00Z,3486.69,3501.24,3433.09,3437.27,22825.06252587
2024-07-17T16:00:00Z,3437.44,3438.77,3376.11,3386.81,11954.76451121
2024-07-18T00:00:00Z,3387.15,3453.89,3383.36,3432.77,14927.36539037
2024-07-18T08:00:00Z,3432.77,3489.17,3384.58,3389.61,18151.75577089
2024-07-18T16:00:00Z,3389.01,3436.84,3367.08,3426.21,15791.05305274
2024-07-19T00:00:00Z,3426.22,3450.24,3383.95,3391.44,16521.2375915
2024-07-19T08:00:00Z,3391.44,3474.8,3377.14,3465.35,21972.47306725
2024-07-19T16:00:00Z,3465.18,3541.09,3465.17,3503.43,18136.62153407
2024-07-20T00:00:00Z,3503.52,3508.63,3480.01,3488.09,7763.86336107
2024-07-20T08:00:00Z,3488.04,3507.89,3480.8,3503.69,9244.91254085
2024-07-20T16:00:00Z,3503.7,3539.43,3491.27,3516.89,9885.3084347
2024-07-21T00:00:00Z,3517.37,3528.75,3476.31,3485.08,6992.9518497
2024-07-21T08:00:00Z,3485.09,3517.13,3482.74,3499.67,10496.79614559
2024-07-21T16:00:00Z,3499.67,3546.85,3410.33,3535.47,29547.82017975
2024-07-22T00:00:00Z,3535.47,3562.73,3459.05,3479.03,17088.563403
2024-07-22T08:00:00Z,3479.03,3507.37,3435.84,3457.06,18241.19611787
2024-07-22T16:00:00Z,3457.13,3499.25,3422.06,3439.48,17990.6882041
2024-07-23T00:00:00Z,3439.47,3489.81,3424.1,3454.16,20644.27896706
2024-07-23T08:00:00Z,3454.79,3541.14,3429.19,3455.45,42699.06853523
2024-07-23T16:00:00Z,3454.52,3499.47,3387.22,3482.35,27705.98885212
2024-07-24T00:00:00Z,3482.36,3488.12,3427.45,3446.65,12559.7666794
2024-07-24T08:00:00Z,3446.65,3472.03,3409.95,3414.76,16860.79869176
2024-07-24T16:00:00Z,3414.82,3432.54,3293.91,3335.96,16423.0427772
2024-07-25T00:00:00Z,3335.69,3342.43,3132.62,3172.12,26994.28792
2024-07-25T08:00:00Z,3172.01,3187.42,3104.94,3142.09,18126.6519884
2024-07-25T16:00:00Z,3142.39,3199.6,3087.33,3175.02,18070.27577749
2024-07-26T00:00:00Z,3175.03,3276.03,3170.38,3250.95,13575.42207427
2024-07-26T08:00:00Z,3250.95,3270.7,3222,3255.04,14525.7112364
2024-07-26T16:00:00Z,3254.78,3286.09,3243.01,3274.74,9182.7564859
2024-07-27T00:00:00Z,3274.47,3277.59,3243.14,3272.37,6347.72025081
2024-07-27T08:00:00Z,3272.37,3327.6,3263.01,3281.16,10843.57835819
2024-07-27T16:00:00Z,3281.16,3294.57,3191.11,3250,20267.5083065
2024-07-28T00:00:00Z,3249.28,3256.7,3197.61,3228.04,7683.8534942
2024-07-28T08:00:00Z,3228.05,3279.64,3216.04,3268.4,7313.1734916
2024-07-28T16:00:00Z,3268.4,3284,3250.68,3269.89,5650.8189234
2024-07-29T00:00:00Z,3269.89,3389.31,3266.96,3367.02,13865.98927306
2024-07-29T08:00:00Z,3367.01,3396.66,3290.33,3308.34,19370.80972794
2024-07-29T16:00:00Z,3308.35,3354.44,3257.42,3318.05,19259.73834964
2024-07-30T00:00:00Z,3318.06,3353.53,3282.01,3341.09,17117.4911733
2024-07-30T08:00:00Z,3341.09,3366.37,3291.66,3321.25,22993.26901113
2024-07-30T16:00:00Z,3321.26,3327.3,3232.74,3279.56,15269.7113663
2024-07-31T00:00:00Z,3279.27,3332.41,3262.02,3317.19,11537.0553331
2024-07-31T08:00:00Z,3317.19,3349.49,3298.01,3302.4,12856.82144216
2024-07-31T16:00:00Z,3302.7,3326.99,3214.23,3232.21,21233.15546703
2024-08-01T00:00:00Z,3232.74,3242.63,3135.61,3167.25,16233.14043364
2024-08-01T08:00:00Z,3166.62,3207.43,3102.26,3116.67,16497.0739972
2024-08-01T16:00:00Z,3116.95,3218.85,3080.36,3203.51,21784.77387489
2024-08-02T00:00:00Z,3203.51,3218.6,3126.75,3147.39,17678.230094
2024-08-02T08:00:00Z,3147.08,3182.44,2985.97,3039.07,23820.1283411
2024-08-02T16:00:00Z,3038.94,3048.42,2966.21,2989.42,22138.15517396
2024-08-03T00:00:00Z,2989.43,3003.33,2913.21,2983.63,13764.48565495
2024-08-03T08:00:00Z,2983.5,3017.98,2939.01,2942.92,10745.6380276
2024-08-03T16:00:00Z,2942.45,2955.2,2859.32,2903.4,22524.76116478
2024-08-04T00:00:00Z,2903.54,2934.13,2877.01,2893.13,10316.2001
2024-08-04T08:00:00Z,2893.4,2925.54,2820,2826.97,15967.7826128
2024-08-04T16:00:00Z,2827.2,2839.01,2626.31,2688.96,33927.56753785
2024-08-05T00:00:00Z,2689.09,2697.1,2062.74,2358.41,76666.27148513
2024-08-05T08:00:00Z,2358.72,2461.27,2184,2450.69,55412.9149051
2024-08-05T16:00:00Z,2450.47,2517.6,2364.03,2419.62,35835.63456021
2024-08-06T00:00:00Z,2420,2547.18,2415.96,2524.31,26347.50688155
2024-08-06T08:00:00Z,2523.61,2555.51,2415.26,2527.47,34265.03225015
2024-08-06T16:00:00Z,2527.48,2548.99,2446.5,2461.28,27060.37760589
2024-08-07T00:00:00Z,2461.23,2535.08,2425.42,2510.59,22505.3989806
2024-08-07T08:00:00Z,2510.73,2551.71,2364.9,2412.42,24929.76172528
2024-08-07T16:00:00Z,2412.75,2416.08,2308.6,2342.79,24194.8804498
2024-08-08T00:00:00Z,2342.75,2465.1,2321.16,2413.56,22239.9095037
2024-08-08T08:00:00Z,2414.31,2526.2,2408.55,2506.12,23110.02545311
2024-08-08T16:00:00Z,2507.32,2724.2,2503.97,2683.42,23285.1156047
2024-08-09T00:00:00Z,2682.39,2708.08,2646.61,2670.46,18308.77696674
2024-08-09T08:00:00Z,2670.46,2681.04,2557.04,2558.32,21180.82936206
2024-08-09T16:00:00Z,2557.89,2612.77,2552.85,2598.78,14569.38793014
2024-08-10T00:00:00Z,2598.78,2644.54,2576.59,2634.39,13770.36920271
2024-08-10T08:00:00Z,2634.48,2642.77,2597.41,2599.16,12070.17348701
2024-08-10T16:00:00Z,2599.56,2623.05,2589.36,2610.15,11172.9459842
2024-08-11T00:00:00Z,2610.16,2682.57,2606.05,2676.72,11622.4224819
2024-08-11T08:00:00Z,2677.61,2719.43,2594.6,2613.91,16204.06995477
2024-08-11T16:00:00Z,2613.91,2645.65,2539.98,2555.46,22430.64469295
2024-08-12T00:00:00Z,2555.53,2582.5,2510,2567.08,23215.39939154
2024-08-12T08:00:00Z,2567.09,2722.93,2558.8,2689.38,33915.80773577
2024-08-12T16:00:00Z,2688.8,2750.19,2627.89,2722.08,26180.72502921
2024-08-13T00:00:00Z,2722.46,2738.19,2635.44,2648.68,23949.8708329
2024-08-13T08:00:00Z,2648.81,2674.82,2611.32,2652.28,22649.78619469
2024-08-13T16:00:00Z,2652.1,2734.53,2649.83,2702.4,19706.28782868
2024-08-14T00:00:00Z,2702.31,2750,2685.95,2727.36,14073.34487278
2024-08-14T08:00:00Z,2727.35,2783.67,2632.06,2674.19,29095.40597798
2024-08-14T16:00:00Z,2674.01,2679.83,2641.43,2661.11,18030.21171005
2024-08-15T00:00:00Z,2661.11,2673.46,2589.33,2614.92,19572.65808023
2024-08-15T08:00:00Z,2614.92,2675.36,2605.26,2668.56,21168.31241663
2024-08-15T16:00:00Z,2668.3,2675.08,2515.75,2569.98,28594.65210254
2024-08-16T00:00:00Z,2569.82,2628.7,2552.35,2617.38,15447.21290515
2024-08-16T08:00:00Z,2617.37,2626.77,2550.71,2569.49,11891.11369988
2024-08-16T16:00:00Z,2568.83,2630.54,2564.01,2591.69,8255.23093395
2024-08-17T00:00:00Z,2592.71,2608.19,2587.14,2599.93,2805.96658158
2024-08-17T08:00:00Z,2599.93,2618.47,2592.94,2606.84,3676.3601845
2024-08-17T16:00:00Z,2606.84,2627.39,2599.97,2614.65,3571.21923083
2024-08-18T00:00:00Z,2614.65,2639.25,2594.91,2608.03,6148.7636863
2024-08-18T08:00:00Z,2608.04,2686.5,2605.62,2672.06,11859.4135483
2024-08-18T16:00:00Z,2672.07,2678.32,2610.04,2612.27,8698.82120829
2024-08-19T00:00:00Z,2612.31,2648.18,2603.51,2614.15,9622.51893006
2024-08-19T08:00:00Z,2614.15,2622.22,2562.97,2584.94,12717.9541117
2024-08-19T16:00:00Z,2584.57,2640.97,2574.31,2636.73,10344.08453383
2024-08-20T00:00:00Z,2636.57,2695.79,2620.73,2674.66,11634.54795162
2024-08-20T08:00:00Z,2674.95,2675.99,2554.44,2575.02,15441.35345956
2024-08-20T16:00:00Z,2575.02,2609.49,2565.06,2572.89,10939.10491683
2024-08-21T00:00:00Z,2572.65,2606.6,2557.91,2600.45,6792.40855035
2024-08-21T08:00:00Z,2600.71,2617.95,2535.45,2601.99,15696.70118024
2024-08-21T16:00:00Z,2601.77,2663.6,2592.41,2630.67,12898.67277227
2024-08-22T00:00:00Z,2630.68,2642.3,2583.96,2636.15,8308.59317251
2024-08-22T08:00:00Z,2636.16,2644.58,2590,2599.65,10947.19675606
2024-08-22T16:00:00Z,2599.36,2628.37,2597.17,2623.19,8156.04706394
2024-08-23T00:00:00Z,2623.2,2690,2621.37,2669.04,8332.57263982
2024-08-23T08:00:00Z,2669.4,2699.19,2632.6,2670.57,12945.45635338
2024-08-23T16:00:00Z,2671.05,2799.7,2663.11,2761.81,17419.26598482
2024-08-24T00:00:00Z,2762.68,2769.34,2739.11,2758.38,8470.07679433
2024-08-24T08:00:00Z,2758.37,2784.47,2751.99,2760.75,8072.38308978
2024-08-24T16:00:00Z,2760.75,2819.92,2732.55,2768.22,14457.60165312
2024-08-25T00:00:00Z,2767.9,2782.31,2733.16,2743.53,7331.3841945
2024-08-25T08:00:00Z,2743.2,2772.89,2737.18,2763.65,6027.53265627
2024-08-25T16:00:00Z,2763.65,2792.2,2738.56,2746.16,8648.5944827
2024-08-26T00:00:00Z,2745.76,2761.89,2721,2733.68,8514.50521574
2024-08-26T08:00:00Z,2733.54,2748.55,2703.17,2722.01,11472.94932675
2024-08-26T16:00:00Z,2722.01,2731.99,2666.25,2680.46,12439.1879008
2024-08-27T00:00:00Z,2680.47,2700.33,2666.93,2688.06,7219.2326331
2024-08-27T08:00:00Z,2688.06,2692,2557.94,2579.3,20337.80793945
2024-08-27T16:00:00Z,2579.27,2591.88,2392.91,2456.75,24434.69269014
2024-08-28T00:00:00Z,2457.11,2485.69,2418.43,2437.1,17452.4252548
2024-08-28T08:00:00Z,2437.11,2550.5,2428.97,2496.12,18518.6559763
2024-08-28T16:00:00Z,2495.84,2555.01,2456.41,2528.11,19389.303852
2024-08-29T00:00:00Z,2528.35,2558.84,2512.19,2548.04,9543.79830625
2024-08-29T08:00:00Z,2547.74,2595.32,2537.28,2575.62,12399.83408576
2024-08-29T16:00:00Z,2576.04,2585.68,2506.2,2527.85,14081.0615318
2024-08-30T00:00:00Z,2527.8,2535.3,2504.27,2517.4,13512.9845182
2024-08-30T08:00:00Z,2517.36,2552.45,2435.5,2448.79,22848.36508035
2024-08-30T16:00:00Z,2448.78,2541.25,2431.7,2525.75,20351.3869184
2024-08-31T00:00:00Z,2525.8,2533.7,2518.21,2521.21,6399.81128694
2024-08-31T08:00:00Z,2521.21,2529.5,2511.49,2519.17,7415.76432489
2024-08-31T16:00:00Z,2519.17,2527.87,2492.46,2513.15,9302.4013891
2024-09-01T00:00:00Z,2513.11,2516.09,2459.13,2486.75,12988.6667831
2024-09-01T08:00:00Z,2486.77,2492.78,2438.04,2481.17,17300.4477387
2024-09-01T16:00:00Z,2481.05,2515.9,2398.74,2426.05,23336.91615191
2024-09-02T00:00:00Z,2426,2466.47,2423.59,2441.05,15709.8277105
2024-09-02T08:00:00Z,2441.08,2537.72,2438.45,2513.16,12929.98176215
2024-09-02T16:00:00Z,2513.16,2564.39,2505.76,2538.07,7576.73038783
2024-09-03T00:00:00Z,2538,2553.55,2512.88,2520.35,5812.29881547
2024-09-03T08:00:00Z,2520.26,2520.75,2436.23,2444.35,12743.33104753
2024-09-03T16:00:00Z,2444.3,2470.09,2411.64,2425.3,11182.7977515
2024-09-04T00:00:00Z,2425.26,2448.98,2305.8,2401.1,16861.13539561
2024-09-04T08:00:00Z,2401.15,2458.47,2387.36,2455.34,10910.64628559
2024-09-04T16:00:00Z,2455.34,2489.85,2439.36,2450.55,7456.81821106
2024-09-05T00:00:00Z,2450.56,2466.21,2376.76,2412.45,7776.84433049
2024-09-05T08:00:00Z,2412.45,2416.15,2355.81,2371.72,12282.75817739
2024-09-05T16:00:00Z,2371.73,2395.51,2348.54,2368.75,8116.62077879
2024-09-06T00:00:00Z,2368.71,2408.3,2321.37,2344.45,7647.62020006
2024-09-06T08:00:00Z,2344.44,2408.63,2266.01,2290.3,18864.17447323
2024-09-06T16:00:00Z,2290.35,2292.91,2150.79,2225.11,32619.24704794
2024-09-07T00:00:00Z,2225.12,2293.58,2221.87,2288.31,8786.86191423
2024-09-07T08:00:00Z,2288.31,2311.1,2275.41,2300.89,10594.79152662
2024-09-07T16:00:00Z,2300.89,2304.3,2257.8,2273.71,9761.0750809
2024-09-08T00:00:00Z,2273.71,2304.63,2263.6,2294.95,4875.57739356
2024-09-08T08:00:00Z,2294.96,2310,2240.83,2245.45,8171.6325076
2024-09-08T16:00:00Z,2245.5,2333.79,2243.43,2297.15,10343.1551249
2024-09-09T00:00:00Z,2297.2,2320.5,2283.1,2314.5,7872.949594
2024-09-09T08:00:00Z,2314.45,2338.8,2273.23,2292.64,10822.08451797
2024-09-09T16:00:00Z,2292.65,2381.27,2291.43,2359.62,14779.93754447
2024-09-10T00:00:00Z,2359.62,2366.58,2328.89,2363.2,6297.1884164
2024-09-10T08:00:00Z,2363.24,2371.9,2321.21,2325.3,8616.7348606
2024-09-10T16:00:00Z,2325.27,2399.38,2324.72,2388.35,10650.67006117
2024-09-11T00:00:00Z,2388.36,2389.15,2319.01,2341.71,11204.02713286
2024-09-11T08:00:00Z,2341.71,2354.84,2277.81,2326.04,17342.70261916
2024-09-11T16:00:00Z,2326.03,2368.94,2324.75,2340.16,9777.1080527
2024-09-12T00:00:00Z,2340.6,2392,2339.5,2359.47,9024.1009891
2024-09-12T08:00:00Z,2359.54,2367.16,2315.28,2323.25,9044.3191539
2024-09-12T16:00:00Z,2323.2,2373.57,2322.51,2361.76,11392.75884588
2024-09-13T00:00:00Z,2361.76,2364.71,2337.28,2348.9,6460.4212545
2024-09-13T08:00:00Z,2348.9,2412.3,2341.62,2407.65,10681.7526488
2024-09-13T16:00:00Z,2407.66,2465.29,2396.21,2439.15,12892.24172094
2024-09-14T00:00:00Z,2439.2,2440.42,2413.88,2420.37,9944.7186078
2024-09-14T08:00:00Z,2420.37,2423.69,2408.88,2418.63,8641.18127238
2024-09-14T16:00:00Z,2418.61,2422.1,2377.16,2417.79,10928.7327548
2024-09-15T00:00:00Z,2417.8,2430.3,2414.4,2422.9,4904.1672605
2024-09-15T08:00:00Z,2422.95,2423.2,2396,2408.64,8539.9419321
2024-09-15T16:00:00Z,2408.64,2408.97,2282.54,2316.21,16118.75851382
2024-09-16T00:00:00Z,2316.21,2322.03,2252.4,2310.79,15125.87800896
2024-09-16T08:00:00Z,2310.78,2335.49,2269.46,2287.51,13003.74491188
2024-09-16T16:00:00Z,2287.89,2311.17,2268.15,2295.72,12647.0230605
2024-09-17T00:00:00Z,2295.72,2310.46,2263.34,2309.45,9442.4912238
2024-09-17T08:00:00Z,2309.44,2393.56,2302.58,2383.67,18254.40097987
2024-09-17T16:00:00Z,2383.66,2389.73,2328.05,2341.59,14020.54570714
2024-09-18T00:00:00Z,2341.6,2342.1,2309.63,2330.21,9907.02421205
2024-09-18T08:00:00Z,2330.2,2330.2,2277.14,2296.15,13395.03994085
2024-09-18T16:00:00Z,2296.14,2375.65,2288.44,2374.33,26256.83135309
2024-09-19T00:00:00Z,2374.4,2442.91,2372.98,2437.58,18832.98560476
2024-09-19T08:00:00Z,2437.6,2452.71,2421,2439.95,15001.5576911
2024-09-19T16:00:00Z,2439.94,2495.3,2433.91,2465.08,16360.79759142
2024-09-20T00:00:00Z,2465.1,2572.32,2437.34,2561.01,16269.61790384
2024-09-20T08:00:00Z,2561.02,2569.87,2516.46,2560,14456.0617282
2024-09-20T16:00:00Z,2560.05,2568.78,2525.59,2561.29,11599.75405448
2024-09-21T00:00:00Z,2561.3,2587.53,2529.19,2555.82,11113.1768002
2024-09-21T08:00:00Z,2555.83,2576.74,2545.05,2559.61,6750.26919153
2024-09-21T16:00:00Z,2559.61,2623.25,2556.5,2612.61,8335.35273318
2024-09-22T00:00:00Z,2612.62,2633.4,2576.26,2587.7,11208.2461623
2024-09-22T08:00:00Z,2587.71,2595.79,2555.32,2570.56,8880.04846042
2024-09-22T16:00:00Z,2570.55,2593.8,2524.54,2581.14,12121.2576215
2024-09-23T00:00:00Z,2581.14,2687.29,2539.3,2646.18,20245.42971497
2024-09-23T08:00:00Z,2646.19,2685.97,2631.8,2675.41,17133.28242789
2024-09-23T16:00:00Z,2675.39,2702.53,2639.83,2647.24,13339.2113661
2024-09-24T00:00:00Z,2647.25,2651.81,2609.97,2646.92,11698.75800494
2024-09-24T08:00:00Z,2646.93,2667.73,2591.96,2612.45,15414.43054943
2024-09-24T16:00:00Z,2612.5,2671.21,2611.23,2652.94,14136.9885344
2024-09-25T00:00:00Z,2652.98,2673.68,2610.35,2621.67,13373.38696329
2024-09-25T08:00:00Z,2621.68,2630.5,2595.61,2600.7,10148.147896
2024-09-25T16:00:00Z,2600.75,2609.44,2554.92,2580.2,12702.54977785
2024-09-26T00:00:00Z,2580.21,2634.71,2559.47,2629.62,13047.55560761
2024-09-26T08:00:00Z,2629.63,2664,2608.27,2652.15,16693.1575503
2024-09-26T16:00:00Z,2652.25,2666.09,2617.24,2631.95,11081.2541547
2024-09-27T00:00:00Z,2631.95,2668.25,2615.27,2657.4,9221.58718879
2024-09-27T08:00:00Z,2657.37,2699.67,2641.25,2683.4,14250.3928264
2024-09-27T16:00:00Z,2683.4,2728.2,2678.31,2694.39,10738.3342868
2024-09-28T00:00:00Z,2694.39,2704.02,2675,2678.01,6361.8436492
2024-09-28T08:00:00Z,2678.02,2678.44,2650,2669.85,7307.09631201
2024-09-28T16:00:00Z,2669.84,2684.69,2655.69,2675.3,5923.3171903
2024-09-29T00:00:00Z,2675.31,2683.66,2635.43,2640.31,9846.28137604
2024-09-29T08:00:00Z,2640.39,2668.85,2634.33,2666.23,10019.6383501
2024-09-29T16:00:00Z,2666.23,2673.36,2647,2657.61,15343.38087389
2024-09-30T00:00:00Z,2657.61,2663,2601.07,2637.81,12749.0487238
2024-09-30T08:00:00Z,2637.82,2643.18,2592.35,2595.78,13684.68565447
2024-09-30T16:00:00Z,2595.79,2617.19,2574.96,2602.38,13912.73780154
2024-10-01T00:00:00Z,2602.39,2659,2591.63,2645.44,12455.65621434
2024-10-01T08:00:00Z,2645.45,2646.98,2481.31,2524.85,22309.1208477
2024-10-01T16:00:00Z,2524.8,2531.15,2413.89,2448.4,29002.45307398
2024-10-02T00:00:00Z,2448.35,2499.03,2442.27,2482.17,12609.44565121
2024-10-02T08:00:00Z,2482.17,2486.81,2418.63,2460.69,19451.49040464
2024-10-02T16:00:00Z,2460.65,2478.54,2352.43,2364.29,24689.77984232
2024-10-03T00:00:00Z,2364.28,2403.37,2353.13,2364.95,13420.77939638
2024-10-03T08:00:00Z,2364.81,2369.86,2309.16,2340.58,24387.901989635092264
2024-10-03T16:00:00Z,2340.58,2357.55,2311.94,2349.69,12296.6634955
2024-10-04T00:00:00Z,2349.7,2387.23,2339.56,2381.39,9733.36040608
2024-10-04T08:00:00Z,2381.39,2417.79,2352,2417.24,15602.38075352
2024-10-04T16:00:00Z,2417.1,2441.64,2410,2414.43,10870.73167178
2024-10-05T00:00:00Z,2414.43,2428.52,2390.03,2415.26,7344.9548315
2024-10-05T08:00:00Z,2415.26,2427.86,2405.02,2415.25,5349.38326985
2024-10-05T16:00:00Z,2415.24,2419.8,2390.19,2414.95,8887.89488933
2024-10-06T00:00:00Z,2414.95,2422.7,2407.03,2417.46,5679.39814945
2024-10-06T08:00:00Z,2417.46,2457.63,2415.58,2446.6,6711.89096439
2024-10-06T16:00:00Z,2446.59,2453.04,2415.7,2440.16,7692.72669167
2024-10-07T00:00:00Z,2440.15,2513,2435.8,2480.49,11019.04697438
2024-10-07T08:00:00Z,2480.49,2521.25,2437.84,2474.35,17093.7739756
2024-10-07T16:00:00Z,2474.34,2480.98,2403.47,2422.95,14288.9738229
2024-10-08T00:00:00Z,2422.95,2448.02,2410.77,2428.35,10215.9246601
2024-10-08T08:00:00Z,2428.4,2452.94,2400.98,2419.3,12407.146631
2024-10-08T16:00:00Z,2419.31,2466.94,2411.53,2440.87,11755.83990456
2024-10-09T00:00:00Z,2440.88,2473.92,2427.53,2436.2,9216.6143557
2024-10-09T08:00:00Z,2436.2,2472.26,2423.41,2461.22,10778.2514744
2024-10-09T16:00:00Z,2461.22,2462.44,2351.35,2370.37,15919.1352463
2024-10-10T00:00:00Z,2370.39,2411.2,2367.11,2395.96,8960.80768692
2024-10-10T08:00:00Z,2395.96,2408.64,2368.41,2404.53,13205.2155939
2024-10-10T16:00:00Z,2404.53,2421.39,2331.2,2386.25,17238.88993094
2024-10-11T00:00:00Z,2386.25,2418.46,2382.35,2407.63,7853.65372409
2024-10-11T08:00:00Z,2407.62,2453.52,2402.78,2444.13,12590.2058374
2024-10-11T16:00:00Z,2444.12,2471.6,2433.55,2439.45,12043.95956345
2024-10-12T00:00:00Z,2439.46,2451.47,2434.51,2446.64,5630.2378275
2024-10-12T08:00:00Z,2446.64,2483.79,2442.58,2472.95,8407.51482228
2024-10-12T16:00:00Z,2472.95,2490.27,2466.65,2476.37,7521.1034733
2024-10-13T00:00:00Z,2476.37,2484.6,2452.53,2465.05,6054.0143491
2024-10-13T08:00:00Z,2465.06,2471.67,2436.4,2440.49,7027.267007
2024-10-13T16:00:00Z,2440.47,2484.4,2438.1,2468.91,8516.80986183
2024-10-14T00:00:00Z,2468.91,2548.1,2443.61,2535.71,18024.13887597
2024-10-14T08:00:00Z,2535.73,2643.16,2519.97,2635.41,19802.63385417
2024-10-14T16:00:00Z,2635.41,2654.15,2615.45,2630.05,12052.9175506
2024-10-15T00:00:00Z,2630.01,2637.33,2590.61,2615.85,10944.8785067
2024-10-15T08:00:00Z,2615.86,2688.69,2537.52,2573.57,24164.3702598
2024-10-15T16:00:00Z,2573.57,2619.4,2563.67,2607.8,15753.12894859
2024-10-16T00:00:00Z,2607.76,2630.29,2589.19,2607.06,11657.61502583
2024-10-16T08:00:00Z,2607.07,2648,2595.56,2607.76,18308.87327457
2024-10-16T16:00:00Z,2607.77,2628.27,2591.36,2611.34,9620.18529239
2024-10-17T00:00:00Z,2611.35,2648.2,2609.8,2628.65,11240.8778976
2024-10-17T08:00:00Z,2628.65,2632.73,2583.78,2630.66,13529.64098036
2024-10-17T16:00:00Z,2630.76,2631.34,2575.8,2605.68,11276.3045427
2024-10-18T00:00:00Z,2605.77,2651.4,2596.74,2644.55,10134.65962755
2024-10-18T08:00:00Z,2644.54,2663.53,2612.39,2652.91,12432.1911429
2024-10-18T16:00:00Z,2652.95,2675.65,2629.65,2641.85,8431.95068787
2024-10-19T00:00:00Z,2641.85,2663.31,2635.26,2640.94,4900.905684
2024-10-19T08:00:00Z,2640.94,2654.34,2630.7,2645.66,5379.3267717
2024-10-19T16:00:00Z,2645.66,2655.23,2637.17,2648.14,4356.829503
2024-10-20T00:00:00Z,2648.16,2653.5,2635.69,2645.94,3120.79241476
2024-10-20T08:00:00Z,2645.94,2721.52,2641.83,2706.53,8182.93478684
2024-10-20T16:00:00Z,2706.52,2759.11,2686.67,2747.19,11765.4384398
2024-10-21T00:00:00Z,2747.16,2768.88,2721.91,2722.31,7705.93990299
2024-10-21T08:00:00Z,2722.31,2729.03,2659.6,2679.73,20241.16906067
2024-10-21T16:00:00Z,2679.5,2684.74,2655.01,2666.75,13775.77462162
2024-10-22T00:00:00Z,2666.76,2671.61,2613.88,2646.38,14881.897372
2024-10-22T08:00:00Z,2646.39,2649.22,2606.39,2624.38,21023.72659443
2024-10-22T16:00:00Z,2624.29,2643.99,2607,2622.59,11395.86615118
2024-10-23T00:00:00Z,2622.6,2628.2,2601.57,2603.01,11910.40944846
2024-10-23T08:00:00Z,2603,2608.49,2529.99,2540.02,19888.3495837
2024-10-23T16:00:00Z,2540.02,2542.32,2448.44,2524.79,25004.65481512
2024-10-24T00:00:00Z,2524.79,2562.18,2508.83,2544.38,16617.1026003
2024-10-24T08:00:00Z,2544.38,2551.44,2508.71,2525.75,19124.0891828
2024-10-24T16:00:00Z,2525.75,2561.26,2507.06,2536.22,17771.6084129
2024-10-25T00:00:00Z,2536.22,2538.81,2461.84,2483.82,17233.27756815
2024-10-25T08:00:00Z,2484.06,2566.33,2478.06,2525.1,22735.5879972
2024-10-25T16:00:00Z,2525.09,2536.58,2382.48,2440.52,38152.42595318
2024-10-26T00:00:00Z,2440.53,2479.32,2430.4,2465.4,16528.09895269
2024-10-26T08:00:00Z,2465.41,2478.75,2442.47,2457.39,16165.51072636
2024-10-26T16:00:00Z,2457.39,2508.13,2455.7,2482.65,14145.14623317
2024-10-27T00:00:00Z,2482.65,2486.85,2469.71,2481.22,9616.53891359
2024-10-27T08:00:00Z,2481.21,2505.67,2464.2,2501.73,11445.85215264
2024-10-27T16:00:00Z,2501.74,2527.98,2486.17,2507.99,12253.22188613
2024-10-28T00:00:00Z,2508,2526.77,2471.85,2511.88,14356.49804935
2024-10-28T08:00:00Z,2511.83,2545.05,2498.54,2500.62,19619.87699869
2024-10-28T16:00:00Z,2500.93,2589.69,2488.65,2567.32,22125.98600744
2024-10-29T00:00:00Z,2567.32,2631.19,2561.45,2612.92,17421.33929565
2024-10-29T08:00:00Z,2613.22,2650.66,2611.63,2648.69,16711.748093
2024-10-29T16:00:00Z,2648.69,2681.97,2606.76,2638.81,20611.12378884
2024-10-30T00:00:00Z,2638.81,2684.41,2600.47,2668.49,14313.2072094
2024-10-30T08:00:00Z,2668.49,2722.23,2653.4,2683.26,20824.92701771
2024-10-30T16:00:00Z,2683.26,2695.69,2636.36,2658.72,17915.039116
2024-10-31T00:00:00Z,2658.82,2668.85,2631.97,2646.47,11518.3654163
2024-10-31T08:00:00Z,2646.48,2648.14,2541.33,2562.91,21984.43964788
2024-10-31T16:00:00Z,2562.89,2563.69,2503.33,2518.51,19326.62137345
2024-11-01T00:00:00Z,2518.51,2532.49,2467.82,2504.02,18944.1943573
2024-11-01T08:00:00Z,2504.03,2586.69,2481.78,2500.25,21377.54422157
2024-11-01T16:00:00Z,2500.07,2538.04,2485.39,2511.93,17281.2227716
2024-11-02T00:00:00Z,2511.86,2523.21,2499.51,2507.7,8658.8651167
2024-11-02T08:00:00Z,2507.69,2510.31,2470.14,2488.58,13483.90145348
2024-11-02T16:00:00Z,2488.58,2497.73,2479.37,2494.11,8213.3164375
2024-11-03T00:00:00Z,2494.17,2496.34,2421.14,2450.16,15386.2773446
2024-11-03T08:00:00Z,2450.16,2462.5,2413.45,2442.75,17490.24636273
2024-11-03T16:00:00Z,2442.74,2475.35,2410.73,2457.54,16313.4678075
2024-11-04T00:00:00Z,2457.55,2491.28,2435.21,2459.63,13650.6144454
2024-11-04T08:00:00Z,2459.61,2485.94,2432.03,2442.61,16059.56388536
2024-11-04T16:00:00Z,2442.61,2446.16,2357.31,2398.4,21243.53991151
2024-11-05T00:00:00Z,2398.18,2445.2,2381.14,2443.21,11999.66779942
2024-11-05T08:00:00Z,2443.22,2479.94,2427.6,2441,19672.7098069
2024-11-05T16:00:00Z,2441.04,2475,2401.38,2422.24,21634.3720461
2024-11-06T00:00:00Z,2422.24,2642.5,2420.46,2594.3,43671.2438398
2024-11-06T08:00:00Z,2594.08,2666.91,2571.23,2633.9,28799.90315172
2024-11-06T16:00:00Z,2634.06,2744.51,2633.58,2722.14,25337.45471287
2024-11-07T00:00:00Z,2721.76,2880,2700,2820.15,34416.56604811
2024-11-07T08:00:00Z,2820.15,2848.71,2775.98,2847.95,29800.941918
2024-11-07T16:00:00Z,2847.64,2916.2,2824.38,2895.18,37399.68634161
2024-11-08T00:00:00Z,2895.32,2955,2886.43,2912.42,26677.83458984
2024-11-08T08:00:00Z,2912.42,2956.74,2894.08,2936.31,31190.97786302
2024-11-08T16:00:00Z,2936.81,2981.79,2890.26,2961.87,38307.52174128
2024-11-09T00:00:00Z,2961.88,3058.88,2952.67,3030.34,26378.19336249
2024-11-09T08:00:00Z,3030.08,3075.1,3021.75,3041.01,19773.2726341
2024-11-09T16:00:00Z,3040.99,3157.12,2990.14,3126.47,32140.38097116
2024-11-10T00:00:00Z,3126.48,3218.02,3104.64,3185.87,33167.04534735
2024-11-10T08:00:00Z,3185.86,3236.52,3168.04,3209.46,30998.87576618
2024-11-10T16:00:00Z,3209.31,3248.45,3069.3,3183.44,49477.91638134
2024-11-11T00:00:00Z,3183.18,3221.48,3105.07,3139.94,54256.53245455
2024-11-11T08:00:00Z,3139.91,3257.88,3131.89,3236.86,69306.04485939
2024-11-11T16:00:00Z,3236.61,3386.98,3233.36,3371.03,63010.02651522
2024-11-12T00:00:00Z,3371.03,3393.7,3249.49,3368.29,45261.0790193
2024-11-12T08:00:00Z,3368.29,3442.14,3208.89,3261.36,46168.51468016
2024-11-12T16:00:00Z,3261.36,3304.58,3209.74,3245.15,27013.76619308
2024-11-13T00:00:00Z,3244.81,3285.31,3117,3160.31,24637.42414151
2024-11-13T08:00:00Z,3160.47,3327.75,3141.28,3309.73,30241.32189463
2024-11-13T16:00:00Z,3309.73,3330.51,3112.45,3187.11,36831.55890803
2024-11-14T00:00:00Z,3187.12,3239.73,3163.43,3217.39,17882.52274213
2024-11-14T08:00:00Z,3217.39,3230.24,3058.1,3077.54,24876.71468637
2024-11-14T16:00:00Z,3077.54,3180.73,3026.25,3058.94,26800.77976927
2024-11-15T00:00:00Z,3059.1,3092.4,3010.56,3038.98,18278.67033546
2024-11-15T08:00:00Z,3039.27,3130.96,3014.9,3023.2,22953.95352018
2024-11-15T16:00:00Z,3023.51,3121.42,3015.86,3090.01,23917.59558689
2024-11-16T00:00:00Z,3089.56,3164.96,3072.04,3106.85,16712.5553348
2024-11-16T08:00:00Z,3106.83,3219.92,3103.76,3141.02,21940.4264028
2024-11-16T16:00:00Z,3140.59,3184.57,3121.9,3132.72,13938.78306485
2024-11-17T00:00:00Z,3133.03,3153.8,3035,3136.77,19165.87218126
2024-11-17T08:00:00Z,3136.77,3161.63,3067.86,3086.4,18171.34415875
2024-11-17T16:00:00Z,3086.24,3114.98,3043.2,3075.87,19495.3554723
2024-11-18T00:00:00Z,3075.86,3149.59,3069.29,3130.41,13573.57640985
2024-11-18T08:00:00Z,3130.49,3157.04,3050.1,3143.29,19487.2462309
2024-11-18T16:00:00Z,3143.2,3224.19,3090,3208.18,28901.4958716
2024-11-19T00:00:00Z,3208.17,3221.64,3108.92,3118.22,15720.43273034
2024-11-19T08:00:00Z,3118.22,3149.5,3075.99,3104.42,19089.05021941
2024-11-19T16:00:00Z,3104.42,3144.29,3065.55,3106.93,19558.73983359
2024-11-20T00:00:00Z,3107.37,3125.68,3071.58,3109.49,12482.1959992
2024-11-20T08:00:00Z,3109.48,3159.4,3081.81,3129.89,19498.59571904
2024-11-20T16:00:00Z,3129.89,3134.63,3029.48,3069.73,22374.33581293
2024-11-21T00:00:00Z,3069.73,3143.53,3032.72,3136.89,21588.73137923
2024-11-21T08:00:00Z,3136.9,3371.7,3118.3,3277.08,29647.70881807
2024-11-21T16:00:00Z,3276.81,3386.49,3276.81,3356.07,18961.8904649488539097572
2024-11-22T00:00:00Z,3356.08,3425.59,3304.57,3362.99,17061.36328862
2024-11-22T08:00:00Z,3362.95,3383.64,3259.07,3313.89,19496.0628276
2024-11-22T16:00:00Z,3313.9,3329.96,3265.26,3327.7,16389.69775271
2024-11-23T00:00:00Z,3327.7,3365.36,3312.94,3341.22,14386.44980327
2024-11-23T08:00:00Z,3341.22,3495.79,3336.38,3460.28,22986.5611813
2024-11-23T16:00:00Z,3460.43,3470.31,3377.83,3393.96,20679.80802669
2024-11-24T00:00:00Z,3393.97,3449.39,3389.07,3422.52,11308.55464663
2024-11-24T08:00:00Z,3422.52,3428.56,3281.79,3294.38,20328.18372259
2024-11-24T16:00:00Z,3294.37,3372,3287.62,3360.88,12396.6669985
2024-11-25T00:00:00Z,3360.88,3419.78,3300.89,3399.03,12876.1687363
2024-11-25T08:00:00Z,3399.34,3538.29,3348.29,3518.09,31885.64705206
2024-11-25T16:00:00Z,3518.09,3546.4,3364,3414.77,32550.11459189
2024-11-26T00:00:00Z,3414.76,3462.15,3382.66,3395.02,15622.51456031
2024-11-26T08:00:00Z,3395.02,3397.41,3280.61,3296.72,21590.26382494
2024-11-26T16:00:00Z,3296.82,3344.28,3252.64,3324.78,16087.04278759
2024-11-27T00:00:00Z,3324.79,3445.99,3302.23,3424.23,16610.00000251
2024-11-27T08:00:00Z,3424.23,3572.52,3402.86,3553.05,22851.75409414
2024-11-27T16:00:00Z,3552.75,3684.77,3533.93,3653.55,24784.67012313
2024-11-28T00:00:00Z,3653.47,3661.5,3565.48,3591.96,13998.69442692
2024-11-28T08:00:00Z,3591.96,3642.01,3536.84,3541.59,14292.07791992
2024-11-28T16:00:00Z,3541.57,3599.25,3530.21,3579.05,8194.43594488
2024-11-29T00:00:00Z,3579.06,3601.82,3535.25,3545.19,8429.89792731
2024-11-29T08:00:00Z,3545.18,3645,3545.18,3613.88,10209.39490759
2024-11-29T16:00:00Z,3613.89,3619.81,3559.72,3592.39,9512.2271648
2024-11-30T00:00:00Z,3592.4,3726.53,3567.61,3702.23,14496.42558483
2024-11-30T08:00:00Z,3702.31,3717.38,3630.44,3674.74,7257.06831695
2024-11-30T16:00:00Z,3674.74,3739.39,3657.72,3703.26,7470.88081434
2024-12-01T00:00:00Z,3703.26,3731.15,3659.37,3701.86,13680.9472903
2024-12-01T08:00:00Z,3701.87,3746.57,3675.58,3728.26,7994.7278548
2024-12-01T16:00:00Z,3728.27,3743.5,3679.5,3708.44,8627.4848137
2024-12-02T00:00:00Z,3708.45,3758.91,3650,3666.46,12400.75040565
2024-12-02T08:00:00Z,3666.47,3679.73,3570.03,3671.64,22715.40358158
2024-12-02T16:00:00Z,3671.66,3681.11,3556.18,3643.18,19073.5194596
2024-12-03T00:00:00Z,3643.18,3669.7,3600,3616.79,10915.34351885
2024-12-03T08:00:00Z,3616.8,3634.36,3502.08,3572.27,19894.5082029
2024-12-03T16:00:00Z,3572.27,3633.94,3538.75,3614.49,11448.40875819
2024-12-04T00:00:00Z,3614.5,3721.42,3614.41,3714.7,14056.28580931
2024-12-04T08:00:00Z,3714.71,3854.22,3690.29,3821.56,20960.8957823
2024-12-04T16:00:00Z,3821.73,3887.09,3734.31,3838.31,19589.0657191
2024-12-05T00:00:00Z,3837.91,3907.39,3766.67,3850.56,24277.53207108
2024-12-05T08:00:00Z,3850.64,3955.36,3850.64,3887.91,22307.32864329
2024-12-05T16:00:00Z,3887.88,3925.12,3666.43,3785.11,32543.41401933
2024-12-06T00:00:00Z,3785.1,3928.82,3777.83,3893.21,19583.37232795
2024-12-06T08:00:00Z,3893.22,4040.29,3832.6,3993.07,24307.33995894
2024-12-06T16:00:00Z,3993.07,4088.05,3980.2,3999.55,17331.84426002
2024-12-07T00:00:00Z,3999.55,4023.78,3967.85,3985.87,8482.88538640359124862
2024-12-07T08:00:00Z,3985.8,4008.95,3973.84,4004,7536.26965426
2024-12-07T16:00:00Z,4004,4024.45,3986.18,3996.17,9193.2377106
2024-12-08T00:00:00Z,3996.67,4008.45,3958.99,3980.65,5796.7592473
2024-12-08T08:00:00Z,3980.57,4003.52,3923.61,3990.88,11550.10539783
2024-12-08T16:00:00Z,3990.91,4015.91,3964,4004.05,9950.6494305
2024-12-09T00:00:00Z,4004.48,4005.91,3881.18,3917.96,15779.1415129
2024-12-09T08:00:00Z,3917.97,3944.81,3804.81,3823.81,22466.91692891
2024-12-09T16:00:00Z,3823.96,3866.1,3463.4,3712.42,45169.57371665
2024-12-10T00:00:00Z,3711.77,3780.52,3615.6,3733.88,21056.15216959
2024-12-10T08:00:00Z,3733.88,3772.87,3555.84,3567.57,22471.73324366
2024-12-10T16:00:00Z,3568.46,3672.37,3514.55,3628.45,28607.15057453
2024-12-11T00:00:00Z,3628.45,3681.23,3563.1,3651.96,14223.42140899
2024-12-11T08:00:00Z,3651.97,3820.7,3651.4,3786.13,19704.51427998
2024-12-11T16:00:00Z,3786.29,3848.41,3753.15,3831.76,14818.64960794
2024-12-12T00:00:00Z,3831.75,3947.45,3797.28,3905.81,13648.31737868
2024-12-12T08:00:00Z,3905.82,3987.46,3891.55,3958.43,17862.39053965
2024-12-12T16:00:00Z,3957.81,3985.3,3836.34,3881.79,18167.65450677
2024-12-13T00:00:00Z,3881.79,3940.87,3853.35,3884.92,10845.5735001
2024-12-13T08:00:00Z,3885.19,3967.81,3872.46,3885.94,14224.9752387
2024-12-13T16:00:00Z,3885.94,3946.37,3880.05,3907.3,12199.8607109
2024-12-14T00:00:00Z,3907.3,3944.93,3896.19,3920.77,7758.0995688
2024-12-14T08:00:00Z,3920.8,3931.08,3846.52,3889.11,9035.56808167
2024-12-14T16:00:00Z,3889.1,3899.29,3822.68,3870.4,13574.18848623
2024-12-15T00:00:00Z,3870.4,3911.04,3832.01,3845.06,7110.0348455
2024-12-15T08:00:00Z,3845.06,3909.93,3837.4,3895.01,12306.20718945
2024-12-15T16:00:00Z,3895.01,3974.45,3844.31,3958.93,15730.82823632
2024-12-16T00:00:00Z,3959.4,4025,3930,3974.06,15267.42145216
2024-12-16T08:00:00Z,3974.01,3976.2,3883.97,3941.63,21320.41219822
2024-12-16T16:00:00Z,3941.28,4107.55,3939.09,3986.05,23922.79814322
2024-12-17T00:00:00Z,3986.05,4040.76,3943.97,3994.16,15039.52157612
2024-12-17T08:00:00Z,3994.16,4031.16,3917.04,3939.29,21772.05490597
2024-12-17T16:00:00Z,3939.28,3985.14,3847.52,3893.27,18630.19383876
2024-12-18T00:00:00Z,3893.14,3902.66,3804.89,3847.39,20950.20791383
2024-12-18T08:00:00Z,3847.4,3890.79,3825.1,3868.3,17594.19228271
2024-12-18T16:00:00Z,3868.23,3907.44,3618,3626.72,50718.45084944
2024-12-19T00:00:00Z,3626.72,3697.35,3542.29,3693.8,26544.79641671
2024-12-19T08:00:00Z,3693.8,3738.14,3573.06,3614.16,23115.32987503
2024-12-19T16:00:00Z,3613.74,3636.3,3324.79,3416.52,57740.97102199
2024-12-20T00:00:00Z,3417.24,3465.01,3328.94,3390.94,24004.27077455
2024-12-20T08:00:00Z,3391.01,3396.09,3100.52,3374.46,64419.54219863
2024-12-20T16:00:00Z,3374.66,3497.96,3367.28,3471.42,26069.55850999
2024-12-21T00:00:00Z,3472.28,3554.71,3445.62,3523.17,13640.61249408
2024-12-21T08:00:00Z,3523.17,3527.21,3346.77,3390.36,25653.78514498
2024-12-21T16:00:00Z,3390.36,3401.49,3293.21,3338.18,22076.1438232
2024-12-22T00:00:00Z,3338.89,3374.29,3295.63,3332.01,15026.0448739
2024-12-22T08:00:00Z,3332.01,3402.64,3275,3302.02,18800.74388579
2024-12-22T16:00:00Z,3302.1,3338.2,3221.34,3281.47,24457.99396564
2024-12-23T00:00:00Z,3281.89,3362.99,3217.08,3305.11,25874.6243849
2024-12-23T08:00:00Z,3305.12,3361.29,3269.59,3277.39,25164.49320679
2024-12-23T16:00:00Z,3277.03,3466.42,3271.3,3422.55,35568.55755714
2024-12-24T00:00:00Z,3422.55,3435.03,3358.41,3401.28,13756.77741373
2024-12-24T08:00:00Z,3401.28,3509.8,3386.07,3493.55,19915.35025868
2024-12-24T16:00:00Z,3493.54,3539.89,3432.5,3493.37,19825.90953883
2024-12-25T00:00:00Z,3493.38,3509.57,3458.69,3489.67,10801.0795832
2024-12-25T08:00:00Z,3489.67,3547.66,3458.44,3473.01,14885.33456382
2024-12-25T16:00:00Z,3473.01,3499.96,3441.1,3497.08,10177.11063775
2024-12-26T00:00:00Z,3497.07,3514.85,3417.35,3421.71,12904.6384878
2024-12-26T08:00:00Z,3421.73,3425.39,3328.6,3344.24,19269.05450535
2024-12-26T16:00:00Z,3344.2,3364.41,3304.67,3334.95,16037.4634338468236
2024-12-27T00:00:00Z,3334.96,3398.39,3317.33,3326.13,14087.13203
2024-12-27T08:00:00Z,3326.13,3443.28,3308.23,3325.95,23505.0053468
2024-12-27T16:00:00Z,3326.03,3366.45,3308.61,3333.27,14913.1854557
2024-12-28T00:00:00Z,3333.27,3361.5,3322.42,3335.81,8576.2052394
2024-12-28T08:00:00Z,3335.82,3395.6,3333.06,3368.34,9621.72263254
2024-12-28T16:00:00Z,3368.34,3428.28,3365.8,3404.19,9617.7189102
2024-12-29T00:00:00Z,3404.18,3407.46,3376.18,3407.35,6083.5702442
2024-12-29T08:00:00Z,3407.23,3413.68,3354.65,3373.66,10114.7227037
2024-12-29T16:00:00Z,3373.66,3376.26,3326.8,3356.19,12442.99017134
2024-12-30T00:00:00Z,3356.23,3437,3347.28,3427.1,15469.2492157
2024-12-30T08:00:00Z,3427.1,3434.03,3305.39,3324.17,16711.1409418
2024-12-30T16:00:00Z,3324.13,3419.22,3309.45,3361.73,19476.42809559
2024-12-31T00:00:00Z,3361.86,3364.93,3316,3353.57,11101.6273821
2024-12-31T08:00:00Z,3353.58,3451.23,3353.09,3412.88,15006.67227948
2024-12-31T16:00:00Z,3412.89,3416.4,3328.64,3337.71,13886.3001612
2025-01-01T00:00:00Z,3337.71,3367.76,3336.41,3346.45,6398.6570889
2025-01-01T08:00:00Z,3346.44,3359.08,3313.77,3352.84,8716.90897741
2025-01-01T16:00:00Z,3352.84,3374.41,3323.03,3360.04,11137.1463096171802383
2025-01-02T00:00:00Z,3360.04,3427.7,3354.43,3420.15,11508.68863718
2025-01-02T08:00:00Z,3420.15,3510.05,3414.4,3463.51,17596.08951475
2025-01-02T16:00:00Z,3463.51,3489.12,3421.79,3455.36,12688.9923565
2025-01-03T00:00:00Z,3455.38,3476.55,3432.58,3433.46,6740.82521357
2025-01-03T08:00:00Z,3433.47,3575.56,3423,3565.1,17009.62610267
2025-01-03T16:00:00Z,3565.1,3630.3,3565.1,3609.02,14687.19349896
2025-01-04T00:00:00Z,3609.36,3620.72,3581.53,3594.07,6239.02075352
2025-01-04T08:00:00Z,3594.07,3662.99,3572.29,3607.96,13177.51553128
2025-01-04T16:00:00Z,3607.79,3671.5,3601.94,3656.77,10522.4474016
2025-01-05T00:00:00Z,3656.78,3675.34,3629.37,3631.64,6282.2612396
2025-01-05T08:00:00Z,3631.64,3638.33,3593.81,3629.5,9191.306847
2025-01-05T16:00:00Z,3629.5,3656.8,3613.19,3635.72,8701.30826406
2025-01-06T00:00:00Z,3635.73,3698.29,3610.76,3650.57,14614.57874651
2025-01-06T08:00:00Z,3650.64,3713.75,3622.65,3713.75,20590.67620414
2025-01-06T16:00:00Z,3713.75,3745.37,3655.99,3686.99,17206.7728794
2025-01-07T00:00:00Z,3687,3700,3659.12,3667.65,7945.127974
2025-01-07T08:00:00Z,3667.64,3678.98,3411.97,3462.78,27872.90183422
2025-01-07T16:00:00Z,3462.66,3491.81,3356.96,3381.11,29985.85655882
2025-01-08T00:00:00Z,3381.11,3414.84,3307.56,3354.56,22649.78707497
2025-01-08T08:00:00Z,3354.56,3385.77,3323.31,3346.75,24148.47746331
2025-01-08T16:00:00Z,3346.76,3347.69,3208.6,3327.16,36180.9018586
2025-01-09T00:00:00Z,3327.16,3356.88,3282.36,3288.64,15455.8752555
2025-01-09T08:00:00Z,3288.65,3336.92,3210.94,3320.1,26542.45222594
2025-01-09T16:00:00Z,3320.11,3327.75,3157.5,3219.36,26864.61480646
2025-01-10T00:00:00Z,3219.3,3313.67,3213.77,3296.29,16276.1038316
2025-01-10T08:00:00Z,3296.18,3321.14,3195,3244.84,27116.7940369
2025-01-10T16:00:00Z,3245.09,3321.85,3232.25,3267.24,18514.09001699
2025-01-11T00:00:00Z,3267.24,3269.69,3225.38,3235.6,10130.11286515
2025-01-11T08:00:00Z,3235.68,3283.19,3219.2,3271.1,8606.1184953
2025-01-11T16:00:00Z,3271.1,3320,3259.24,3283.24,9038.52254484
2025-01-12T00:00:00Z,3283.25,3290.89,3263.7,3267,5558.66288798
2025-01-12T08:00:00Z,3267,3295,3224.69,3285.47,10263.20188885
2025-01-12T16:00:00Z,3285.47,3299.89,3234.27,3266.97,9037.44441916
2025-01-13T00:00:00Z,3267.41,3338.57,3181.25,3201.55,19770.92047592
2025-01-13T08:00:00Z,3201.56,3205.66,2910.41,3049.09,50225.19918882
2025-01-13T16:00:00Z,3049.09,3143.04,2986.49,3137.25,26674.41554689
2025-01-14T00:00:00Z,3137.25,3189.85,3125.94,3171.23,13367.29579629
2025-01-14T08:00:00Z,3171.24,3256.49,3169.57,3199.67,23372.17237369
2025-01-14T16:00:00Z,3199.47,3240.03,3172.66,3225.08,13574.6448293
2025-01-15T00:00:00Z,3225.48,3252.18,3205.6,3233.15,14607.33817973
2025-01-15T08:00:00Z,3233.14,3353.66,3185.59,3334.43,24053.54010437
2025-01-15T16:00:00Z,3334.47,3473.33,3322.59,3450.69,20290.43379995
2025-01-16T00:00:00Z,3451.01,3459.76,3347.11,3384.24,14192.3817296
2025-01-16T08:00:00Z,3384.24,3385.66,3265.61,3332.85,24671.25337225
2025-01-16T16:00:00Z,3332.86,3365.2,3268.19,3307.96,18399.61981667
2025-01-17T00:00:00Z,3307.96,3397.02,3307.79,3373,14490.6673353
2025-01-17T08:00:00Z,3373.01,3450.98,3372.51,3421.48,21596.05885157
2025-01-17T16:00:00Z,3421.62,3525.57,3407.23,3473.49,21318.7359802
2025-01-18T00:00:00Z,3473.5,3494.17,3280.49,3287.45,23540.38263508
2025-01-18T08:00:00Z,3287.88,3347.98,3227.18,3306.96,28660.7059151
2025-01-18T16:00:00Z,3307.12,3321.13,3249.41,3308.28,19356.34051039
2025-01-19T00:00:00Z,3308.21,3378.15,3259.82,3275.96,20101.60698975
2025-01-19T08:00:00Z,3275.97,3424.59,3131.1,3383.78,56517.72599062
2025-01-19T16:00:00Z,3383.76,3448.99,3158.72,3214.3,57202.15156157
2025-01-20T00:00:00Z,3215.2,3454,3144.49,3382.43,49176.29129378
2025-01-20T08:00:00Z,3382.42,3412.19,3257.08,3335.67,31912.35844328
2025-01-20T16:00:00Z,3335.83,3389.89,3203.76,3283.91,50681.91736476
2025-01-21T00:00:00Z,3284.06,3289.69,3204.77,3254.92,24611.49793149
2025-01-21T08:00:00Z,3254.93,3334.77,3234.61,3295.54,23843.52299045
2025-01-21T16:00:00Z,3295.38,3367.99,3290.08,3327.6,19205.28947041
2025-01-22T00:00:00Z,3327.61,3365.65,3286.08,3288.19,10977.49199319
2025-01-22T08:00:00Z,3288.19,3332.34,3267.34,3278.85,13583.94388815
2025-01-22T16:00:00Z,3278.86,3291.79,3222.8,3242.83,18448.6034366
2025-01-23T00:00:00Z,3242.84,3261,3185.07,3233.07,12106.3249555
2025-01-23T08:00:00Z,3233.06,3286.67,3188.49,3258.87,20123.5071438
2025-01-23T16:00:00Z,3258.91,3347.94,3194.9,3338.44,33260.30697448
2025-01-24T00:00:00Z,3338.45,3420,3275.45,3380.48,19762.6726604
2025-01-24T08:00:00Z,3380.53,3429.56,3356.1,3383.48,17571.99095338
2025-01-24T16:00:00Z,3383.58,3409.6,3304.28,3309.93,15115.12401264
2025-01-25T00:00:00Z,3309.93,3324.65,3269.08,3291.52,10377.29290249
2025-01-25T08:00:00Z,3291.52,3344.78,3271.95,3333.74,9109.8671953
2025-01-25T16:00:00Z,3334.48,3350.05,3314.42,3318.69,9325.63679642
2025-01-26T00:00:00Z,3318.69,3362.1,3313.97,3339,6793.51237392
2025-01-26T08:00:00Z,3339,3343.33,3293.2,3315.47,7818.94813237
2025-01-26T16:00:00Z,3315.47,3343.89,3229.85,3233.03,13736.09146548
2025-01-27T00:00:00Z,3232.71,3253.7,3021.15,3071.2,29746.48303955
2025-01-27T08:00:00Z,3071.16,3151.86,3034.55,3132.78,27402.33378917
2025-01-27T16:00:00Z,3132.9,3239.27,3046,3182.34,30691.87953543
2025-01-28T00:00:00Z,3182.51,3222.76,3151.68,3196.51,13299.47422102
2025-01-28T08:00:00Z,3196.52,3214.49,3157.04,3181.59,13157.26047293
2025-01-28T16:00:00Z,3181.6,3183.33,3039.78,3077.63,21512.9895982
2025-01-29T00:00:00Z,3077.67,3159.59,3076.72,3156.52,10414.52444573
2025-01-29T08:00:00Z,3156.64,3163.65,3080.48,3101.22,12354.41566825
2025-01-29T16:00:00Z,3100.96,3183.25,3055,3114.04,27544.28863487
2025-01-30T00:00:00Z,3114.05,3215.61,3091.62,3190.55,13463.27355629
2025-01-30T08:00:00Z,3190.55,3280.83,3181.41,3255.22,15019.14984449
2025-01-30T16:00:00Z,3255.22,3283.3,3227.77,3247.25,10256.02879851
2025-01-31T00:00:00Z,3247.25,3279.49,3214.14,3241.78,9395.5435701
2025-01-31T08:00:00Z,3241.79,3428.36,3234.1,3427.03,17079.05086403
2025-01-31T16:00:00Z,3427.17,3436.71,3278.16,3300.81,24248.41840816
2025-02-01T00:00:00Z,3300.82,3331.48,3273.2,3280.27,8272.36805448
2025-02-01T08:00:00Z,3280.27,3286.35,3224.29,3250.66,11698.48621916
2025-02-01T16:00:00Z,3250.65,3267.1,3101.61,3117.18,19642.80939143
2025-02-02T00:00:00Z,3116.98,3163.02,3068.87,3101.28,13230.3165789
2025-02-02T08:00:00Z,3101.28,3124,3050.12,3081.42,13979.52915674
2025-02-02T16:00:00Z,3081.11,3081.68,2744.77,2869.22,49145.29036672
2025-02-03T00:00:00Z,2870.31,2873.24,2050,2623.13,84707.22500555
2025-02-03T08:00:00Z,2623.13,2727.39,2526.86,2700.69,51321.52127303
2025-02-03T16:00:00Z,2700.23,2920.37,2667.85,2880.28,43763.88219171
2025-02-04T00:00:00Z,2879.92,2889.4,2662.52,2703.89,28912.23939548
2025-02-04T08:00:00Z,2703.81,2845.74,2677.25,2777.51,36666.00330639
2025-02-04T16:00:00Z,2777.06,2868.99,2633.3,2730.77,41705.13663484
2025-02-05T00:00:00Z,2730.77,2787.58,2698.64,2759.52,24862.14667623
2025-02-05T08:00:00Z,2759.51,2827.93,2747.02,2773.16,23230.03901829
2025-02-05T16:00:00Z,2773.16,2802.82,2714.94,2788.26,27887.18827151
2025-02-06T00:00:00Z,2788.18,2856.03,2755.78,2831.3,20790.47592005
2025-02-06T08:00:00Z,2831.3,2858.17,2683.9,2705.3,22852.76392362
2025-02-06T16:00:00Z,2705.34,2729.16,2655.79,2687.31,25133.01109319
2025-02-07T00:00:00Z,2687,2739.55,2668,2712.96,15526.2450847
2025-02-07T08:00:00Z,2712.97,2797.81,2705.49,2721.99,24140.96451424
2025-02-07T16:00:00Z,2722.05,2727.78,2562.33,2622.06,28282.11246138
2025-02-08T00:00:00Z,2622.06,2667.33,2592.9,2629.4,18856.36768197
2025-02-08T08:00:00Z,2629.41,2636.2,2588.22,2605.27,15965.23211447
2025-02-08T16:00:00Z,2605.26,2649.51,2589.75,2631.96,14280.90234311
2025-02-09T00:00:00Z,2632.44,2697.8,2627.12,2662.34,10650.57950831
2025-02-09T08:00:00Z,2662.36,2673.2,2612,2653.08,11503.76957065
2025-02-09T16:00:00Z,2653.08,2666.09,2520.7,2627.22,21699.127881
2025-02-10T00:00:00Z,2627.15,2660,2560.23,2636.97,18611.88669558
2025-02-10T08:00:00Z,2636.96,2685.41,2631.76,2658.43,13921.09634713
2025-02-10T16:00:00Z,2658.44,2693.73,2650.18,2661.1,10410.5724065
2025-02-11T00:00:00Z,2661.11,2724.94,2660.95,2712.3,15330.19696769
2025-02-11T08:00:00Z,2712.27,2721.17,2625.97,2662.54,9314.49092845
2025-02-11T16:00:00Z,2662.55,2670.59,2559.78,2602.41,15402.4376138
2025-02-12T00:00:00Z,2602.41,2624.4,2569.2,2618.75,7247.0391433
2025-02-12T08:00:00Z,2618.75,2665.13,2547.23,2607,22011.75229293
2025-02-12T16:00:00Z,2607.01,2795.14,2583.6,2738.06,26977.87720142
2025-02-13T00:00:00Z,2738.32,2757.42,2671.47,2681.28,9684.81668078
2025-02-13T08:00:00Z,2681.29,2687.85,2615.32,2647.98,15925.89972456
2025-02-13T16:00:00Z,2647.83,2679.98,2613.02,2675.59,13067.93134854
2025-02-14T00:00:00Z,2675.61,2721.47,2664.75,2699.53,6771.49684675
2025-02-14T08:00:00Z,2699.53,2747,2677.55,2734.13,14313.9430069
2025-02-14T16:00:00Z,2734.6,2791.23,2706.11,2725.52,20118.33010134
2025-02-15T00:00:00Z,2725.84,2739.39,2694.15,2697.59,12161.23648025
2025-02-15T08:00:00Z,2697.59,2714.97,2661.88,2690.86,12687.3115068
2025-02-15T16:00:00Z,2690.87,2708.15,2678.88,2693.29,8913.56492072
2025-02-16T00:00:00Z,2693.29,2726.43,2687.92,2695.77,7726.30093153
2025-02-16T08:00:00Z,2695.77,2713,2676.89,2694.01,9539.95291804
2025-02-16T16:00:00Z,2694,2703.62,2651.64,2661.68,12999.4543655
2025-02-17T00:00:00Z,2661.6,2695,2637.94,2681.82,12420.4236355
2025-02-17T08:00:00Z,2681.81,2849.03,2676.74,2755.75,26055.28482223
2025-02-17T16:00:00Z,2755.5,2777.85,2686.79,2743.73,22864.25614513
2025-02-18T00:00:00Z,2743.73,2756.59,2651.94,2672.54,17446.17266253
2025-02-18T08:00:00Z,2672.55,2732.53,2653.7,2673.61,19384.99495001
2025-02-18T16:00:00Z,2673.85,2684.71,2605.6,2671.38,25946.34303123
2025-02-19T00:00:00Z,2671.46,2717.51,2656.37,2708.71,14164.72266987
2025-02-19T08:00:00Z,2708.66,2736.96,2677.67,2696.58,16432.88951841
2025-02-19T16:00:00Z,2696.59,2734,2694.85,2716.04,14061.24632797
2025-02-20T00:00:00Z,2715.88,2758.03,2710.11,2730.4,10673.23507926
2025-02-20T08:00:00Z,2729.96,2770.82,2707.3,2712.09,14486.42674336
2025-02-20T16:00:00Z,2712.32,2767.95,2707.33,2738.01,14317.77920028
2025-02-21T00:00:00Z,2738.02,2769.5,2725.8,2755.59,9045.48154907
2025-02-21T08:00:00Z,2755.71,2845.56,2673.96,2723.64,28270.71524217
2025-02-21T16:00:00Z,2723.64,2769.12,2616.93,2662.88,40476.49808233
2025-02-22T00:00:00Z,2662.96,2697.04,2653.05,2684.31,10912.0030816
2025-02-22T08:00:00Z,2684.3,2785.48,2676.87,2775.46,15638.91033891
2025-02-22T16:00:00Z,2775.46,2798.1,2756.91,2763.36,14779.6185073
2025-02-23T00:00:00Z,2763.37,2829.33,2745.33,2825.24,14599.9432711
2025-02-23T08:00:00Z,2825.25,2831.53,2773.92,2783.13,14825.01919282
2025-02-23T16:00:00Z,2783.22,2855.91,2782.58,2819.44,16635.1167361
2025-02-24T00:00:00Z,2819.76,2839.88,2693.01,2722.24,21815.41264121
2025-02-24T08:00:00Z,2722.23,2722.35,2636.11,2658.95,24365.73708868
2025-02-24T16:00:00Z,2659.11,2682.42,2470.85,2513.67,38042.55670498
2025-02-25T00:00:00Z,2513.31,2530.66,2315.96,2368.6,43501.23737839
2025-02-25T08:00:00Z,2368.97,2449.15,2357.45,2409.76,56332.99534767
2025-02-25T16:00:00Z,2409.76,2534.13,2383.5,2495.46,40218.25769375
2025-02-26T00:00:00Z,2495.47,2507.5,2472.06,2484,16481.43063011
2025-02-26T08:00:00Z,2484.01,2495.92,2369.34,2428.85,30112.56860052
2025-02-26T16:00:00Z,2428.78,2434.3,2254.32,2335.96,52495.2321959
2025-02-27T00:00:00Z,2336.07,2373.26,2302.36,2356.31,25390.59098851
2025-02-27T08:00:00Z,2356.3,2381.86,2291.33,2323.38,24794.0000976
2025-02-27T16:00:00Z,2323.37,2337.62,2230.66,2307.51,30640.31843426
2025-02-28T00:00:00Z,2307.52,2314.1,2075.37,2106.19,62195.85865769
2025-02-28T08:00:00Z,2106.1,2228.39,2076.62,2223.13,51726.65508388
2025-02-28T16:00:00Z,2223.13,2255,2193.51,2237.24,33272.49166048
2025-03-01T00:00:00Z,2237.53,2280.95,2213.4,2228.87,22735.46119282
2025-03-01T08:00:00Z,2228.88,2239.69,2142.97,2173.65,23111.38021174
2025-03-01T16:00:00Z,2173.61,2235.9,2169.59,2217.5,22102.86853252
2025-03-02T00:00:00Z,2217.5,2235.33,2201.52,2221.81,17075.22981898
2025-03-02T08:00:00Z,2221.81,2291.37,2172.4,2229.54,32308.8444477
2025-03-02T16:00:00Z,2230.37,2552,2212.47,2518.17,76637.2699462
2025-03-03T00:00:00Z,2518.18,2523.9,2353.3,2387,30337.40133196
2025-03-03T08:00:00Z,2387,2389.21,2267.65,2287.33,37338.06301943
2025-03-03T16:00:00Z,2287.84,2296.87,2097.86,2148.88,55140.34086179
2025-03-04T00:00:00Z,2148.88,2167,2002.61,2080.55,51485.70978129
2025-03-04T08:00:00Z,2080.56,2158.01,2025.55,2074.65,38696.7780033
2025-03-04T16:00:00Z,2074.65,2221.64,1992.15,2171.56,47565.23712363
2025-03-05T00:00:00Z,2171.67,2212.97,2155.43,2207.08,11724.4454571
2025-03-05T08:00:00Z,2207.08,2272.99,2166.43,2186.81,20374.37571335
2025-03-05T16:00:00Z,2186.8,2252.9,2161.58,2241.59,13145.65542826
2025-03-06T00:00:00Z,2241.59,2319.7,2233.88,2285.99,12061.3276076
2025-03-06T08:00:00Z,2285.92,2305.82,2208.78,2257.76,25849.22866221
2025-03-06T16:00:00Z,2257.76,2265.65,2176.85,2202.04,27788.21350993
2025-03-07T00:00:00Z,2202.03,2226.95,2102.11,2192.87,33108.581096
2025-03-07T08:00:00Z,2192.45,2261.2,2165.72,2208.98,37199.29306925
2025-03-07T16:00:00Z,2209.63,2215.4,2115.15,2141.47,38113.65853113
2025-03-08T00:00:00Z,2141.48,2155.92,2105.16,2138,15126.29157913
2025-03-08T08:00:00Z,2138,2199,2126.7,2181.4,17725.97858009
2025-03-08T16:00:00Z,2181.4,2234.75,2161.21,2203.4,18272.62231291
2025-03-09T00:00:00Z,2203.6,2211.79,2171.92,2185.14,9022.2553645
2025-03-09T08:00:00Z,2185.13,2187.81,2083.97,2097.22,22245.04458664
2025-03-09T16:00:00Z,2097.16,2109.06,1989.49,2020.15,46474.57188492
2025-03-10T00:00:00Z,2020.22,2079.34,1995.18,2075.4,24773.33509831
2025-03-10T08:00:00Z,2075.4,2152.06,1996.82,2017.36,50128.1888822
2025-03-10T16:00:00Z,2017.58,2025.25,1810.07,1865.22,63059.43327762
2025-03-11T00:00:00Z,1865.25,1914.22,1754.7,1904.35,36275.783542
2025-03-11T08:00:00Z,1904.12,1962.76,1840,1914.43,42890.85015006
2025-03-11T16:00:00Z,1914.42,1963.23,1885.6,1923.24,17278.70019236
2025-03-12T00:00:00Z,1923.24,1932.36,1852.63,1911.44,25421.48511784
2025-03-12T08:00:00Z,1911.37,1956.34,1829.78,1869.58,56664.50875543
2025-03-12T16:00:00Z,1869.59,1915.3,1862.87,1908.14,51327.52163451
2025-03-13T00:00:00Z,1908.14,1917.26,1858.1,1872.05,7629.19095325
2025-03-13T08:00:00Z,1872.25,1922.74,1854.01,1875.3,18189.40521961
2025-03-13T16:00:00Z,1875.31,1883.35,1822.01,1864.54,9561.76974957
2025-03-14T00:00:00Z,1864.82,1905.34,1861.45,1893.08,4020.23666047
2025-03-14T08:00:00Z,1893.08,1942.13,1878.02,1921.68,11179.01427246
2025-03-14T16:00:00Z,1921.96,1945.9,1908.35,1911.7,5681.85605921
2025-03-15T00:00:00Z,1911.64,1935.8,1903.64,1917.81,3704.75311536
2025-03-15T08:00:00Z,1917.64,1939.29,1912.71,1937.54,3445.76177741
2025-03-15T16:00:00Z,1937.54,1957.36,1928.88,1936.97,5972.04479006
2025-03-16T00:00:00Z,1936.98,1940.7,1916.46,1926.12,8682.7640628
2025-03-16T08:00:00Z,1926.14,1927.06,1866.9,1894.91,21104.84701747
2025-03-16T16:00:00Z,1894.91,1924.37,1860.7,1886.6,25639.71939021
2025-03-17T00:00:00Z,1886.89,1915.26,1879.96,1900.99,15381.4000743
2025-03-17T08:00:00Z,1901.01,1941.35,1888.18,1919.19,29373.45162196
2025-03-17T16:00:00Z,1919.29,1952.23,1907.58,1926.36,17372.5115032
2025-03-18T00:00:00Z,1926.36,1929.96,1893.97,1905.03,19216.36972196
2025-03-18T08:00:00Z,1905.04,1913.04,1872.31,1881.02,34146.2338444
2025-03-18T16:00:00Z,1881.02,1936.11,1873.57,1931.69,21988.3984506
2025-03-19T00:00:00Z,1931.64,1949.1,1928,1932.05,18170.782564
2025-03-19T08:00:00Z,1932.05,2056.66,1931.83,2049,39257.20698951
2025-03-19T16:00:00Z,2048.99,2071.23,1995.96,2056.26,30305.16307428
2025-03-20T00:00:00Z,2056.23,2067.86,2005.53,2007.64,19565.891795
2025-03-20T08:00:00Z,2007.53,2021.27,1965.95,1972.17,28579.73672424
2025-03-20T16:00:00Z,1972.12,1985.01,1952.25,1983.62,27613.44950383
2025-03-21T00:00:00Z,1983.62,1996.46,1966,1976.51,28264.7199392
2025-03-21T08:00:00Z,1976.51,1982.08,1937.14,1950.56,34902.6306414
2025-03-21T16:00:00Z,1950.56,1983.66,1945.79,1965.85,23279.63099246
2025-03-22T00:00:00Z,1965.84,1992.92,1964.44,1984.02,15173.511563
2025-03-22T08:00:00Z,1984.02,2006.43,1981.3,1986.4,15874.36438729
2025-03-22T16:00:00Z,1986.41,2004.05,1975,1980.78,14884.69063351
2025-03-23T00:00:00Z,1980.77,2019.5,1976.45,2007.92,16199.67014724
2025-03-23T08:00:00Z,2007.93,2020.77,2002.39,2007.26,18381.12115168
2025-03-23T16:00:00Z,2007.13,2008.06,1980.94,2005.86,20570.15122922
2025-03-24T00:00:00Z,2005.88,2079.61,1977.75,2069.27,26816.57930663
2025-03-24T08:00:00Z,2069.06,2103.86,2068.97,2089.67,24002.49611312
2025-03-24T16:00:00Z,2089.68,2101,2067.85,2081.48,19989.95537772
2025-03-25T00:00:00Z,2081.44,2097.63,2036.4,2055.49,17561.80498255
2025-03-25T08:00:00Z,2055.53,2080.57,2051.88,2067.32,20129.96323934
2025-03-25T16:00:00Z,2067.32,2083.64,2053.98,2066.13,19356.43396444
2025-03-26T00:00:00Z,2066.14,2078.35,2042.66,2069.6,15151.5244859
2025-03-26T08:00:00Z,2069.59,2075.7,2006.91,2012.63,21785.98773003
2025-03-26T16:00:00Z,2012.62,2022.14,1981.47,2009.41,25311.38762394
2025-03-27T00:00:00Z,2009.42,2037.2,2006.94,2026.33,13994.5671323
2025-03-27T08:00:00Z,2026.31,2035.69,1987.1,2005.43,23163.8239499
2025-03-27T16:00:00Z,2005.41,2020.03,1993.71,2003.74,18308.05183
2025-03-28T00:00:00Z,2003.75,2015.91,1903.48,1910.23,27081.4169265
2025-03-28T08:00:00Z,1910.23,1924.57,1860,1872.05,34947.32409404
2025-03-28T16:00:00Z,1872.07,1901.91,1862.07,1896.95,23407.45953755
2025-03-29T00:00:00Z,1896.96,1913.39,1875.53,1880.31,18393.7293113
2025-03-29T08:00:00Z,1880.31,1887.17,1832.91,1840.39,51262.83111278
2025-03-29T16:00:00Z,1840.32,1848.07,1797.75,1828.22,38607.39943414
2025-03-30T00:00:00Z,1828.22,1846.66,1812.86,1837.34,13688.23812144
2025-03-30T08:00:00Z,1837.49,1848.86,1788.5,1813.53,19943.4831231
2025-03-30T16:00:00Z,1813.54,1833.91,1767.74,1807.72,34543.30576034
2025-03-31T00:00:00Z,1807.79,1824.13,1776.71,1798.69,58560.09154569
2025-03-31T08:00:00Z,1798.68,1854.22,1777.5,1842.25,64933.42252045
2025-03-31T16:00:00Z,1842.15,1847.17,1816.57,1822.18,17725.13861125
2025-04-01T00:00:00Z,1822.46,1867.15,1818.02,1854.31,18954.28721785
2025-04-01T08:00:00Z,1854.09,1928.19,1842.28,1918.47,36784.33932028
2025-04-01T16:00:00Z,1918.48,1924.26,1897.08,1905.15,20548.69393344
2025-04-02T00:00:00Z,1905.22,1908.39,1851.65,1865.14,17332.40599685
2025-04-02T08:00:00Z,1865.13,1918.51,1854.34,1900.44,24061.4283513
2025-04-02T16:00:00Z,1900.81,1956.4,1781.78,1794.92,64087.7692306
2025-04-03T00:00:00Z,1794.91,1845.27,1788.68,1815.15,25960.64655866
2025-04-03T08:00:00Z,1815.14,1824.31,1748.76,1782.23,59252.93411154
2025-04-03T16:00:00Z,1782.23,1821.74,1767.3,1817.17,17270.94534757
2025-04-04T00:00:00Z,1817.25,1823.01,1771.43,1817.83,15238.79250184
2025-04-04T08:00:00Z,1817.83,1835.5,1758.14,1795.14,33073.80506926
2025-04-04T16:00:00Z,1795.3,1829.19,1783.29,1816.94,19649.4498902
2025-04-05T00:00:00Z,1816.86,1827.35,1803.96,1812.91,6556.82078846
2025-04-05T08:00:00Z,1812.91,1821.94,1777.9,1782.04,11493.42345921
2025-04-05T16:00:00Z,1782.04,1809.87,1764.51,1805.73,11426.9487978
2025-04-06T00:00:00Z,1805.91,1816.7,1791.43,1797.9,8695.92337691
2025-04-06T08:00:00Z,1797.89,1798.23,1737.02,1759.48,18805.18650612
2025-04-06T16:00:00Z,1759.28,1759.7,1537.3,1580.95,113724.90492496
2025-04-07T00:00:00Z,1580.96,1614.3,1411.85,1460.23,65913.26577913
2025-04-07T08:00:00Z,1460.23,1639.03,1455.63,1556.66,92614.26269922
2025-04-07T16:00:00Z,1556.4,1585.53,1526.22,1552.96,37698.72919546
2025-04-08T00:00:00Z,1552.96,1618.53,1541.31,1570.86,21500.49622465
2025-04-08T08:00:00Z,1570.85,1593.66,1517.97,1531.71,28722.10693545
2025-04-08T16:00:00Z,1531.71,1532.87,1445.62,1473.27,43068.38265615
2025-04-09T00:00:00Z,1473.28,1492.11,1385.05,1483.39,50633.95860503
2025-04-09T08:00:00Z,1483.44,1501.4,1440.33,1485.3,43337.82687389
2025-04-09T16:00:00Z,1485.18,1688.6,1482.06,1669.12,57828.46999826
2025-04-10T00:00:00Z,1669.44,1669.72,1583.36,1595.55,32161.17358647
2025-04-10T08:00:00Z,1595.56,1627.03,1483.94,1496,47528.72588476
2025-04-10T16:00:00Z,1496,1533.73,1472.74,1522.48,74287.02638801
2025-04-11T00:00:00Z,1522.47,1562.33,1504.23,1552.98,49084.9218244
2025-04-11T08:00:00Z,1552.98,1585.13,1537.68,1565.38,49644.90274626
2025-04-11T16:00:00Z,1565.39,1592,1555.9,1566.63,36778.97806843
2025-04-12T00:00:00Z,1566.64,1585,1545.75,1581.68,29546.59812236
2025-04-12T08:00:00Z,1581.67,1669.47,1580.79,1655.88,35015.4034309
2025-04-12T16:00:00Z,1655.73,1662.31,1628.49,1644.09,31278.93023265
2025-04-13T00:00:00Z,1644.26,1649.66,1597.07,1613.66,29351.5028497
2025-04-13T08:00:00Z,1613.67,1628.1,1566.21,1586.87,34222.89210209
2025-04-13T16:00:00Z,1586.86,1648.59,1562.24,1597.9,51921.65687102
2025-04-14T00:00:00Z,1597.87,1659.85,1595.63,1635.97,32907.84450549
2025-04-14T08:00:00Z,1635.77,1691.58,1619.29,1627.86,41263.4747945
2025-04-14T16:00:00Z,1627.72,1651.38,1604.93,1623.85,32889.53616482
2025-04-15T00:00:00Z,1623.75,1648.37,1614.68,1644.94,25848.50735798
2025-04-15T08:00:00Z,1644.95,1669.73,1601.31,1620.98,26579.48082226
2025-04-15T16:00:00Z,1620.99,1627.76,1583.19,1588.66,30224.85878005
2025-04-16T00:00:00Z,1588.57,1604.39,1552,1564.29,25224.26395825
2025-04-16T08:00:00Z,1564.29,1613.65,1556.42,1590.49,26089.1899958
2025-04-16T16:00:00Z,1590.5,1612.59,1537.79,1576.85,26645.80077877
2025-04-17T00:00:00Z,1577.29,1610.52,1574.75,1601.6,16163.45291732
2025-04-17T08:00:00Z,1601.72,1604.35,1563.27,1582.99,20186.84188536
2025-04-17T16:00:00Z,1582.99,1616.69,1576.62,1583.74,21329.4325326
2025-04-18T00:00:00Z,1583.74,1589.32,1573.66,1584.06,11419.70351323
2025-04-18T08:00:00Z,1584.27,1597.24,1579.25,1583.26,13325.1249971
2025-04-18T16:00:00Z,1583.26,1600.59,1582,1588.8,11317.55637786
2025-04-19T00:00:00Z,1588.8,1613.37,1585.17,1600.99,12252.74376791
2025-04-19T08:00:00Z,1600.99,1612.16,1594.2,1607.17,12252.6495603
2025-04-19T16:00:00Z,1607.17,1631.64,1598.47,1613.16,15070.25625863
2025-04-20T00:00:00Z,1613.15,1619.4,1585.92,1597.19,11915.88845549
2025-04-20T08:00:00Z,1597.2,1597.46,1565.8,1573.46,18987.42816602
2025-04-20T16:00:00Z,1573.47,1600.78,1571.35,1587.4,13138.3266917
2025-04-21T00:00:00Z,1587.4,1659.28,1586.03,1645.65,34979.05974774
2025-04-21T08:00:00Z,1645.65,1654.86,1608.19,1623.17,23234.07809702
2025-04-21T16:00:00Z,1623.17,1625.95,1563.57,1579.52,25417.21216251
2025-04-22T00:00:00Z,1579.52,1624.44,1538.01,1619.2,29388.33589852
2025-04-22T08:00:00Z,1619.21,1725.67,1613.4,1703.01,40164.22749305
2025-04-22T16:00:00Z,1703.04,1778.32,1683.5,1756.41,39564.30437295
2025-04-23T00:00:00Z,1756.42,1818.09,1745.38,1791.77,33062.2292021
2025-04-23T08:00:00Z,1791.83,1835.51,1761.61,1794.59,40116.31803975
2025-04-23T16:00:00Z,1794.81,1809.95,1774.39,1795.22,24418.7563413
2025-04-24T00:00:00Z,1795.22,1802.79,1751.31,1756.3,19988.99411445
2025-04-24T08:00:00Z,1756.31,1777.68,1723.01,1764.65,29350.97576071
2025-04-24T16:00:00Z,1764.65,1777.59,1745.78,1769.49,21876.95324123
2025-04-25T00:00:00Z,1769.56,1790.17,1738.89,1777.45,17784.22463582
2025-04-25T08:00:00Z,1777.26,1827,1757.15,1806.28,31265.61184848
2025-04-25T16:00:00Z,1806.29,1810.61,1782.6,1784.56,21901.7022531
2025-04-26T00:00:00Z,1784.66,1815.79,1784.66,1800.52,16270.77275976
2025-04-26T08:00:00Z,1800.52,1841.16,1778.93,1800,25076.68524285
2025-04-26T16:00:00Z,1800.01,1831.3,1795.72,1820.82,15037.65376676
2025-04-27T00:00:00Z,1820.83,1857.37,1790.29,1803.66,29183.5372301
2025-04-27T08:00:00Z,1803.66,1815.47,1782.1,1793.92,31414.90807111
2025-04-27T16:00:00Z,1793.93,1808.8,1784.52,1791.32,26898.16955468
2025-04-28T00:00:00Z,1791.32,1812.12,1752.3,1804.7,51100.68704852
2025-04-28T08:00:00Z,1804.7,1827.75,1753.06,1763.17,52228.17914678
2025-04-28T16:00:00Z,1763.17,1806.62,1744.46,1799.77,44671.129365
2025-04-29T00:00:00Z,1799.78,1824.75,1788,1821.49,38431.72254993
2025-04-29T08:00:00Z,1821.49,1842.88,1802.32,1814.98,48236.42114857
2025-04-29T16:00:00Z,1814.99,1832.29,1780.62,1798.09,41448.53182924
2025-04-30T00:00:00Z,1797.7,1812.95,1789.01,1796.42,30614.17063
2025-04-30T08:00:00Z,1796.42,1816.54,1732.02,1764.8,44021.35504546
2025-04-30T16:00:00Z,1764.79,1809.52,1756.09,1793.66,40066.71681036
2025-05-01T00:00:00Z,1793.66,1819,1792.53,1810.72,31681.45445015
2025-05-01T08:00:00Z,1810.62,1873,1808.74,1852.9,46933.20543979
2025-05-01T16:00:00Z,1852.79,1870.06,1833.71,1838.22,32200.70419833
2025-05-02T00:00:00Z,1838.22,1851.31,1816.17,1816.17,28117.4577242
2025-05-02T08:00:00Z,1816.13,1854.16,1812.53,1841.11,36171.95910738
2025-05-02T16:00:00Z,1841.1,1870.74,1831.71,1842.25,35500.29852469
2025-05-03T00:00:00Z,1842.26,1843.11,1824.57,1826.34,17116.61228175
2025-05-03T08:00:00Z,1826.35,1840,1817.77,1834.3,16677.44243478
2025-05-03T16:00:00Z,1834.3,1848.43,1809.99,1833.49,18505.4166393
2025-05-04T00:00:00Z,1833.49,1849.76,1826.62,1840.91,19808.66991867
2025-05-04T08:00:00Z,1840.89,1841.23,1818.58,1830.75,18997.62920085
2025-05-04T16:00:00Z,1830.74,1842.23,1803,1808.74,14586.30310936
2025-05-05T00:00:00Z,1808.74,1829.69,1781.78,1826.47,21738.15388217
2025-05-05T08:00:00Z,1826.47,1831.54,1794.54,1800.88,23952.48170367
2025-05-05T16:00:00Z,1800.87,1833.1,1799.27,1820.02,22255.07094319
2025-05-06T00:00:00Z,1820.02,1820.75,1793,1806.18,15237.3120894
2025-05-06T08:00:00Z,1805.91,1806.1,1751.81,1770.13,25000.9607705
2025-05-06T16:00:00Z,1770.12,1819.1,1762.26,1816.69,28595.76747693
2025-05-07T00:00:00Z,1816.92,1850.47,1814.6,1838.17,23448.16558585
2025-05-07T08:00:00Z,1838.16,1846.84,1814.86,1817.42,21801.9433731
2025-05-07T16:00:00Z,1817.42,1825.38,1787.01,1811.19,31208.54255028
2025-05-08T00:00:00Z,1811.2,1944.41,1808.71,1928.4,41711.513557
2025-05-08T08:00:00Z,1928.39,2075.9,1926.13,2051.27,62655.55375019
2025-05-08T16:00:00Z,2051.27,2225.6,2036.86,2207.46,63297.14673899
2025-05-09T00:00:00Z,2207.17,2393.26,2184.66,2364.21,63663.2505076
2025-05-09T08:00:00Z,2364.21,2490.49,2271.36,2301.66,93255.78795454
2025-05-09T16:00:00Z,2301.25,2355.2,2274.95,2344.74,20849.76740594
2025-05-10T00:00:00Z,2344.75,2416.6,2317.57,2399.56,19508.5808769
2025-05-10T08:00:00Z,2399.57,2449.24,2360.07,2433.8,36295.79083926
2025-05-10T16:00:00Z,2433.62,2601.56,2428.94,2583.97,46262.93127863
2025-05-11T00:00:00Z,2582.83,2608.64,2454.05,2473.3,71123.33683561
2025-05-11T08:00:00Z,2473.3,2535.53,2434.28,2462.07,64056.89958677
2025-05-11T16:00:00Z,2462.11,2528.54,2440.14,2514.69,25651.11518605
2025-05-12T00:00:00Z,2514.69,2624.57,2486.85,2554.13,35280.6316257
2025-05-12T08:00:00Z,2554.65,2585,2476.5,2487.09,77589.96199169
2025-05-12T16:00:00Z,2487.09,2512.42,2407.69,2495.37,73099.75723273
2025-05-13T00:00:00Z,2495.38,2495.61,2415.25,2461.01,59918.60698142
2025-05-13T08:00:00Z,2461.02,2573.24,2451.53,2565.4,72934.59967245
2025-05-13T16:00:00Z,2565.44,2738.48,2559.8,2679.77,72349.99396803
2025-05-14T00:00:00Z,2679.76,2726.39,2622.3,2640.68,50877.14672189
2025-05-14T08:00:00Z,2640.67,2645.72,2559.06,2597.3,41793.35755906
2025-05-14T16:00:00Z,2597.49,2617.19,2547.44,2609.5,21570.63320231
2025-05-15T00:00:00Z,2609.51,2646.36,2516.01,2530.97,27589.14755496
2025-05-15T08:00:00Z,2530.72,2579.33,2477.4,2564.01,42921.19501473
2025-05-15T16:00:00Z,2563.84,2603.64,2511.53,2548.41,35351.39246143
2025-05-16T00:00:00Z,2548.63,2619.29,2534.26,2601.37,22416.8149948
2025-05-16T08:00:00Z,2601.36,2648.26,2558,2595.04,28687.13642229
2025-05-16T16:00:00Z,2595.05,2601.85,2529.22,2537.01,21455.86275166
2025-05-17T00:00:00Z,2537,2538.09,2452.71,2492.65,26873.7034622
2025-05-17T08:00:00Z,2492.82,2496.19,2445.95,2474.3,19981.542464
2025-05-17T16:00:00Z,2474.31,2495.8,2448.64,2475.06,21461.3171799
2025-05-18T00:00:00Z,2475.06,2515.12,2468.24,2509.42,12182.92240797
2025-05-18T08:00:00Z,2509.71,2587.22,2487.05,2578.89,26471.46972361
2025-05-18T16:00:00Z,2579.2,2583.91,2320.9,2497.77,61824.97407769
2025-05-19T00:00:00Z,2497.85,2513.79,2348,2403.67,38552.60052744
2025-05-19T08:00:00Z,2403.67,2473.38,2384.84,2466.27,33908.71648257
2025-05-19T16:00:00Z,2466.68,2547,2450.9,2527.58,44292.5121559
2025-05-20T00:00:00Z,2528.41,2587.55,2510.57,2532.75,32603.55295987
2025-05-20T08:00:00Z,2532.25,2539.65,2464.89,2482.48,29735.41863444
2025-05-20T16:00:00Z,2482.76,2540.81,2442.14,2523.74,33532.14568924
2025-05-21T00:00:00Z,2524.24,2616.66,2508.76,2551.77,31561.60453605
2025-05-21T08:00:00Z,2551.74,2581.94,2515.47,2567.07,31391.43766441
2025-05-21T16:00:00Z,2567.07,2614.99,2452.37,2550.56,66303.66419887
2025-05-22T00:00:00Z,2551.25,2647.83,2544.61,2633.96,48891.61372898
2025-05-22T08:00:00Z,2634.43,2692.38,2622.72,2663.77,36107.4674607
2025-05-22T16:00:00Z,2663.92,2676.21,2625.14,2664.64,23377.56232109
2025-05-23T00:00:00Z,2665.14,2734.2,2645.22,2655.11,34773.65983447
2025-05-23T08:00:00Z,2655.11,2688.54,2498.66,2568.53,47856.29787138
2025-05-23T16:00:00Z,2568.54,2587.01,2503.65,2526.67,35691.7682312
2025-05-24T00:00:00Z,2526.36,2563.19,2515.52,2547.08,18994.4383542
2025-05-24T08:00:00Z,2547.08,2575.62,2543.67,2555.62,15908.16232565
2025-05-24T16:00:00Z,2555.62,2567.19,2517.65,2530.25,14188.91518042
2025-05-25T00:00:00Z,2530.4,2539.35,2475.56,2493.99,20988.363994
2025-05-25T08:00:00Z,2494.12,2524.68,2462.76,2511.44,25680.17696453
2025-05-25T16:00:00Z,2511.74,2554.02,2496.46,2551.23,18859.65572602
2025-05-26T00:00:00Z,2551.23,2599,2536.79,2580.82,19330.54201357
2025-05-26T08:00:00Z,2580.83,2583,2538.42,2565.55,18302.7392989
2025-05-26T16:00:00Z,2566.26,2584.56,2525.98,2563.91,17324.048232
2025-05-27T00:00:00Z,2563.71,2618.81,2509.34,2607.19,24236.94539951
2025-05-27T08:00:00Z,2607.55,2683.99,2607.54,2668.09,37496.48113799
2025-05-27T16:00:00Z,2668.36,2712,2652.29,2661.09,26195.29652245
2025-05-28T00:00:00Z,2661.01,2661.34,2618.53,2636.03,16569.39360216
2025-05-28T08:00:00Z,2636.53,2688.77,2608.81,2626.88,27648.94111229
2025-05-28T16:00:00Z,2627.32,2685.99,2611.9,2681.6,22082.99640194
2025-05-29T00:00:00Z,2681.57,2788.49,2670.55,2731.14,39479.72370199
2025-05-29T08:00:00Z,2731.56,2744,2621.65,2643.4,32992.87949669
2025-05-29T16:00:00Z,2643.66,2673.24,2618.23,2631.7,24407.16113714
2025-05-30T00:00:00Z,2631.41,2648.98,2552,2618.6,33183.73540203
2025-05-30T08:00:00Z,2618.62,2628.2,2572.75,2598.54,26523.689512
2025-05-30T16:00:00Z,2598.62,2604.13,2507.46,2531.08,29774.81736156
2025-05-31T00:00:00Z,2531.09,2539.39,2475.72,2521.03,23287.53994978
2025-05-31T08:00:00Z,2521.04,2550,2508.12,2536.32,15332.86109483
2025-05-31T16:00:00Z,2536.3,2550.38,2523.48,2528.32,10648.36168752
2025-06-01T00:00:00Z,2528.17,2530.18,2491.72,2509.1,11722.7286993
2025-06-01T08:00:00Z,2509.03,2525.1,2468.61,2523.02,17230.17411675
2025-06-01T16:00:00Z,2523.09,2548,2494.15,2539.28,21921.25423379
2025-06-02T00:00:00Z,2539.13,2541.65,2483.52,2506.75,14843.9112259
2025-06-02T08:00:00Z,2506.75,2556.7,2474.84,2544.03,24571.2658003
2025-06-02T16:00:00Z,2544.52,2615.07,2524.75,2607.03,22904.71930644
2025-06-03T00:00:00Z,2607.7,2649.99,2586,2610.03,31670.10266854
2025-06-03T08:00:00Z,2610.2,2656.88,2594.74,2623.51,21797.61393599
2025-06-03T16:00:00Z,2623.52,2628.4,2572.98,2592.92,19982.5150798
2025-06-04T00:00:00Z,2593.17,2644.5,2583.6,2627.4,13721.1622567
2025-06-04T08:00:00Z,2627.55,2679.57,2594.74,2667.65,26810.17227123
2025-06-04T16:00:00Z,2667.84,2669.18,2599.32,2607.36,20747.89583624
2025-06-05T00:00:00Z,2607.82,2634.71,2601.17,2603.86,13637.05317305
2025-06-05T08:00:00Z,2604.14,2640.7,2562.98,2589.24,25558.73653365
2025-06-05T16:00:00Z,2589.24,2591.62,2391.54,2414.17,54717.59185613
2025-06-06T00:00:00Z,2414.18,2468.6,2382.49,2455.29,21675.57530281
2025-06-06T08:00:00Z,2455.29,2530.61,2453.6,2509.65,26744.7660018
2025-06-06T16:00:00Z,2509.59,2518.3,2472.65,2476.24,15886.65954924
2025-06-07T00:00:00Z,2476.24,2501.43,2456.91,2491.17,13659.38267738
2025-06-07T08:00:00Z,2491.44,2523.46,2482.25,2519.31,12194.8488669
2025-06-07T16:00:00Z,2519.55,2543.88,2506.77,2524.78,13296.23601844
2025-06-08T00:00:00Z,2524.51,2525.93,2508.39,2514.06,7113.9746098
2025-06-08T08:00:00Z,2514.05,2527.22,2490.17,2514.37,13672.47381308
2025-06-08T16:00:00Z,2514.37,2548,2500.02,2509.87,17845.96497986
2025-06-09T00:00:00Z,2509.88,2511.82,2477.93,2492,11500.41335908
2025-06-09T08:00:00Z,2492.01,2548.6,2484.6,2534.3,27500.93414945
2025-06-09T16:00:00Z,2534.29,2693.67,2534.28,2680.36,38114.86323332
2025-06-10T00:00:00Z,2680.1,2726.87,2655.7,2676.97,27086.95568896
2025-06-10T08:00:00Z,2677.26,2798.97,2669.85,2732.93,48019.76862226
2025-06-10T16:00:00Z,2732.94,2826.93,2728.62,2816.45,38616.81561067
2025-06-11T00:00:00Z,2816.28,2834.3,2772.17,2791.49,18206.72162562
2025-06-11T08:00:00Z,2791.49,2879.52,2754.2,2864.97,38816.45312494
2025-06-11T16:00:00Z,2864.87,2875.72,2732,2771.71,38091.29019274
2025-06-12T00:00:00Z,2771.71,2784.87,2733.56,2740.95,18938.38553231
2025-06-12T08:00:00Z,2740.49,2773.14,2711.98,2719.77,22938.80198726
2025-06-12T16:00:00Z,2719.9,2770.95,2615.89,2642.81,34048.62943912
2025-06-13T00:00:00Z,2642.61,2645.75,2436.78,2526.54,52460.69933017
2025-06-13T08:00:00Z,2526.59,2563.13,2503.87,2551.35,32252.50197588
2025-06-13T16:00:00Z,2551.36,2585.16,2509.69,2578.85,25687.90081243
2025-06-14T00:00:00Z,2579.27,2579.27,2526.17,2537.4,12895.09903923
2025-06-14T08:00:00Z,2537.41,2546.49,2505.12,2519.46,11378.3743808
2025-06-14T16:00:00Z,2519.45,2539.8,2488.9,2530.59,14709.59995016
2025-06-15T00:00:00Z,2530.69,2553.29,2522.74,2528.66,9386.3116873
2025-06-15T08:00:00Z,2528.66,2554.78,2508.39,2541.95,12801.1734313
2025-06-15T16:00:00Z,2541.6,2559.15,2492,2547.18,18109.75052777
2025-06-16T00:00:00Z,2547.47,2639.26,2514.69,2628.97,21008.64660405
2025-06-16T08:00:00Z,2628.96,2657.41,2592.8,2631.99,21781.75263307
2025-06-16T16:00:00Z,2632.2,2680,2535.27,2544.11,35148.84757886
2025-06-17T00:00:00Z,2544.14,2618.66,2524.49,2582.59,24369.00405616
2025-06-17T08:00:00Z,2582.02,2585.36,2481.74,2498.98,31270.45840195
2025-06-17T16:00:00Z,2498.99,2543.34,2453.76,2509.87,35485.3468532
2025-06-18T00:00:00Z,2510.01,2548.64,2506.29,2533.49,10681.19897915
2025-06-18T08:00:00Z,2533.49,2548,2465.74,2509.66,28745.39419884
2025-06-18T16:00:00Z,2508.96,2537.68,2466.72,2525.15,29337.6335583
2025-06-19T00:00:00Z,2524.89,2547,2506.9,2519.01,9133.44475641
2025-06-19T08:00:00Z,2519.01,2544.43,2490,2492.72,11847.60820238
2025-06-19T16:00:00Z,2492.73,2532.18,2485.08,2520.98,12515.34032003
2025-06-20T00:00:00Z,2520.99,2551.11,2503.83,2548.81,8079.04419591
2025-06-20T08:00:00Z,2549.62,2568.93,2487.87,2493.82,19850.3779903
2025-06-20T16:00:00Z,2494.2,2496.28,2362,2406.44,33100.92686466
2025-06-21T00:00:00Z,2406.45,2432.33,2396.01,2426.77,6420.62694553
2025-06-21T08:00:00Z,2426.77,2448.2,2412.29,2423.71,11692.9417849
2025-06-21T16:00:00Z,2423.4,2427.77,2215.96,2296.37,32588.90662705
2025-06-22T00:00:00Z,2296.11,2314.25,2247.02,2270.42,27481.99590616
2025-06-22T08:00:00Z,2270.93,2287.37,2156,2174.96,44734.10086769
2025-06-22T16:00:00Z,2174.82,2237.07,2111.6,2227.64,37309.03042285
2025-06-23T00:00:00Z,2227.55,2275.75,2222.17,2258.96,18697.38800437
2025-06-23T08:00:00Z,2258.96,2316.62,2232.71,2248.55,27690.32758043
2025-06-23T16:00:00Z,2248.46,2438.94,2187.5,2412.06,52252.45154403
2025-06-24T00:00:00Z,2412.06,2434.92,2388.75,2393.21,17520.49300572
2025-06-24T08:00:00Z,2393.2,2454.69,2376.41,2438.33,25157.98241293
2025-06-24T16:00:00Z,2438.34,2482.12,2416.66,2448.49,21128.42833514
2025-06-25T00:00:00Z,2448.49,2468.7,2423.86,2444.34,11314.53928106
2025-06-25T08:00:00Z,2444.35,2448.18,2389.49,2405.73,23610.76660226
2025-06-25T16:00:00Z,2405.68,2454.8,2401.51,2418.54,13647.507538
2025-06-26T00:00:00Z,2418.55,2521,2417.13,2490.06,34283.8701025
2025-06-26T08:00:00Z,2489.85,2500.4,2409.2,2433.33,58100.97811585
2025-06-26T16:00:00Z,2433.04,2457.31,2394.69,2416.1,28178.7709085
2025-06-27T00:00:00Z,2415.94,2459.37,2382.37,2442.29,25061.91232152
2025-06-27T08:00:00Z,2442.29,2463.84,2414.07,2438.22,33511.3913548
2025-06-27T16:00:00Z,2438.46,2449.44,2388.21,2423.09,36686.65920358
2025-06-28T00:00:00Z,2423.4,2434,2405.71,2431.69,8751.43881945
2025-06-28T08:00:00Z,2431.93,2443,2419.86,2436.23,10847.5279904
2025-06-28T16:00:00Z,2436.24,2447.44,2427.31,2435.77,19141.6547283
2025-06-29T00:00:00Z,2435.77,2442.48,2424.69,2440.14,8672.41660751
2025-06-29T08:00:00Z,2440.19,2463.5,2433.2,2437.03,20737.7482682
2025-06-29T16:00:00Z,2436.7,2524.69,2412.41,2500.8,31286.60291434
2025-06-30T00:00:00Z,2500.3,2523.88,2456.33,2480.59,27270.15398565
2025-06-30T08:00:00Z,2480.59,2488.02,2434.07,2474.57,37062.40603348
2025-06-30T16:00:00Z,2474.58,2521.83,2461.95,2485.43,31676.26011191
2025-07-01T00:00:00Z,2485.15,2500.59,2445.31,2465.02,22931.13086452
2025-07-01T08:00:00Z,2465.18,2465.19,2406.92,2423.39,24418.52403816
2025-07-01T16:00:00Z,2423.39,2434,2386.41,2405,21539.8349302
2025-07-02T00:00:00Z,2405.01,2454.5,2373.74,2446.97,18021.45701892
2025-07-02T08:00:00Z,2446.97,2502.14,2431.73,2498.95,21668.7669339
2025-07-02T16:00:00Z,2498.69,2618.9,2494.86,2570.49,46523.2707015
2025-07-03T00:00:00Z,2570.24,2605.25,2556.21,2599.95,18380.05677161
2025-07-03T08:00:00Z,2599.96,2635.01,2565.53,2570.54,42867.09607682
2025-07-03T16:00:00Z,2570.53,2603.65,2565.47,2590.87,11557.15243506
2025-07-04T00:00:00Z,2591.09,2602.96,2530.02,2534.89,14832.49410283
2025-07-04T08:00:00Z,2534.9,2558.57,2497.79,2500.74,28061.82105682
2025-07-04T16:00:00Z,2500.63,2520.82,2474.74,2507.9,21075.8699211
2025-07-05T00:00:00Z,2507.91,2529.5,2498,2521.37,11715.8564828
2025-07-05T08:00:00Z,2521.37,2525.45,2505.43,2507.82,12544.6280134
2025-07-05T16:00:00Z,2507.97,2522.39,2487.95,2516.5,13588.12032658
2025-07-06T00:00:00Z,2516.51,2526.68,2508.61,2517.99,4129.7901066
2025-07-06T08:00:00Z,2518,2569.83,2503.78,2558.3,18078.14636551
2025-07-06T16:00:00Z,2558.59,2605.05,2524.45,2570.52,22361.92552559
2025-07-07T00:00:00Z,2570.53,2590.54,2550.4,2578.43,12469.79063275
2025-07-07T08:00:00Z,2578.36,2588.19,2527.77,2534.02,27876.6108833
2025-07-07T16:00:00Z,2534.02,2556.95,2512.09,2542.14,32647.0182096
2025-07-08T00:00:00Z,2542.28,2563.64,2523.52,2553.39,21621.21348142
2025-07-08T08:00:00Z,2553.48,2600.96,2543.51,2564.74,29454.57652429
2025-07-08T16:00:00Z,2564.86,2628.52,2559.76,2615.23,35414.0921539
2025-07-09T00:00:00Z,2615.32,2646.81,2590.11,2624.78,21310.67861456
2025-07-09T08:00:00Z,2624.78,2674.51,2604.7,2656.89,26447.37980244
2025-07-09T16:00:00Z,2656.89,2795.11,2652.56,2768.36,46417.59707017
2025-07-10T00:00:00Z,2768.71,2822.88,2755.25,2790.75,25429.770621
2025-07-10T08:00:00Z,2790.74,2796.59,2758.13,2769.36,25272.95286372
2025-07-10T16:00:00Z,2769.49,3001.61,2768.92,2950.86,56098.13240967
2025-07-11T00:00:00Z,2950.87,3029.35,2914.02,2968.82,39751.23966457
2025-07-11T08:00:00Z,2968.78,3039.47,2939.04,2951.12,37442.01180861
2025-07-11T16:00:00Z,2951.13,3009.95,2922.95,2958.27,32360.86052731
2025-07-12T00:00:00Z,2957.71,2978.3,2932.55,2962.76,14798.78569412
2025-07-12T08:00:00Z,2962.77,2981,2903.79,2915.93,20634.60708696
2025-07-12T16:00:00Z,2915.93,2947.51,2910.49,2943.14,10017.00803521
2025-07-13T00:00:00Z,2943.14,2967.5,2936.37,2963.06,10005.75539917
2025-07-13T08:00:00Z,2963.07,3020.3,2944.32,2992.69,20500.16138714
2025-07-13T16:00:00Z,2992.39,3010.5,2940.7,2972.04,21471.98850832
2025-07-14T00:00:00Z,2972.05,3065.4,2963.24,3044.24,31909.52693362
2025-07-14T08:00:00Z,3044.69,3082.55,2993.6,3012.43,37273.33951483
2025-07-14T16:00:00Z,3012.1,3029.89,2981.69,3013.88,17602.09825931
2025-07-15T00:00:00Z,3013.89,3022.94,2932.57,2976.98,31129.20952713
2025-07-15T08:00:00Z,2977.45,3066.83,2958.68,3039.64,37130.30174864
2025-07-15T16:00:00Z,3039.99,3144.1,3029.29,3137.91,36530.04710839
2025-07-16T00:00:00Z,3138.02,3174.91,3100.82,3162.05,24633.37709127
2025-07-16T08:00:00Z,3162.05,3266.07,3144.17,3244.58,35512.94205537
2025-07-16T16:00:00Z,3244.49,3423.94,3235.03,3371.39,45527.73774955
2025-07-17T00:00:00Z,3370.76,3469.41,3310.62,3448.2,37778.1366915
2025-07-17T08:00:00Z,3448.22,3481.9,3362.92,3420.41,39374.83714715
2025-07-17T16:00:00Z,3420.4,3523.77,3365.73,3476.98,50820.17323641
2025-07-18T00:00:00Z,3476.98,3673.95,3458.49,3604.87,56172.24501254
2025-07-18T08:00:00Z,3604.88,3671.27,3520.04,3563.71,47658.1534862
2025-07-18T16:00:00Z,3563.86,3624.62,3477.99,3546.95,40890.44224107
2025-07-19T00:00:00Z,3546.94,3607.89,3506.91,3571.66,21927.3967968
2025-07-19T08:00:00Z,3571.67,3578.49,3525.87,3551.86,20891.0789132
2025-07-19T16:00:00Z,3551.86,3600,3532.57,3592.18,22668.60100006
2025-07-20T00:00:00Z,3592.19,3693.77,3579.21,3668.06,26745.00490676
2025-07-20T08:00:00Z,3668.55,3789.8,3668.55,3785.89,36429.04493281
2025-07-20T16:00:00Z,3785.9,3824.04,3681.75,3756.99,41251.49473556
2025-07-21T00:00:00Z,3756.88,3812,3701.36,3787.68,30737.79410707
2025-07-21T08:00:00Z,3787.69,3857.43,3755.87,3810.28,35870.86518769
2025-07-21T16:00:00Z,3810.28,3817.41,3719.41,3762.08,28862.17193336
2025-07-22T00:00:00Z,3762.23,3798.5,3651.37,3677.23,29732.79752651
2025-07-22T08:00:00Z,3676.8,3728.7,3616.7,3717.83,34840.92841964
2025-07-22T16:00:00Z,3717.83,3750.87,3655.38,3746.31,24238.58566729
2025-07-23T00:00:00Z,3746.32,3763.92,3663.84,3673.75,19646.809372
2025-07-23T08:00:00Z,3673.74,3698.66,3567.04,3644.4,31387.72357911
2025-07-23T16:00:00Z,3644.4,3644.4,3526.58,3628.15,29550.93302286
2025-07-24T00:00:00Z,3628.16,3665.28,3505.1,3591.79,23474.55197887
2025-07-24T08:00:00Z,3591.78,3771.09,3580.77,3730.58,39937.05446841
2025-07-24T16:00:00Z,3730.77,3753.9,3666.81,3706.85,32553.77826796
2025-07-25T00:00:00Z,3707.15,3708.56,3574.28,3631.72,41433.03532434
2025-07-25T08:00:00Z,3631.73,3746.39,3602.05,3634.52,32375.3714234
2025-07-25T16:00:00Z,3634.52,3730,3617.07,3724.81,18265.80209717
2025-07-26T00:00:00Z,3724.95,3766.54,3698.15,3741.99,12697.57313466
2025-07-26T08:00:00Z,3741.98,3782.75,3715.97,3735.6,17463.85045537
2025-07-26T16:00:00Z,3735.61,3793.75,3708.68,3741.19,14449.39365488
2025-07-27T00:00:00Z,3741.63,3810.54,3730.81,3767.94,14542.16765643
2025-07-27T08:00:00Z,3767.94,3840.68,3750.9,3818.72,19983.76939093
2025-07-27T16:00:00Z,3818.72,3879.24,3809.28,3872.45,21243.1187559
2025-07-28T00:00:00Z,3872.45,3940.76,3843.21,3893.24,23847.4828776
2025-07-28T08:00:00Z,3893.18,3902.4,3773.26,3807.95,42640.46185827
2025-07-28T16:00:00Z,3807.94,3822.64,3753.73,3797.94,21730.99748173
2025-07-29T00:00:00Z,3797.94,3880,3730.19,3877.23,21049.4399293
2025-07-29T08:00:00Z,3877.24,3885.68,3747.31,3761.43,24764.31952182
2025-07-29T16:00:00Z,3760.99,3801.68,3716.45,3793.97,23186.78284273
2025-07-30T00:00:00Z,3793.97,3833.7,3755.99,3811.05,13025.00438195
2025-07-30T08:00:00Z,3811.04,3831.38,3744.2,3796.98,21044.02592502
2025-07-30T16:00:00Z,3797.14,3821.97,3677.45,3810.43,26912.4284942
2025-07-31T00:00:00Z,3810.43,3878.11,3801.53,3863.31,12298.0517792
2025-07-31T08:00:00Z,3863.32,3873.04,3762.9,3788.42,17256.1945209
2025-07-31T16:00:00Z,3788.42,3818.79,3685,3699.16,25393.17234637
2025-08-01T00:00:00Z,3698.8,3724.31,3616.55,3650.82,26227.6159252
2025-08-01T08:00:00Z,3650.73,3676,3564.71,3616.2,35723.04899206
2025-08-01T16:00:00Z,3616.11,3633.8,3431,3487.91,38577.68376682
2025-08-02T00:00:00Z,3487.91,3537.67,3455.53,3519.01,16900.26053991
2025-08-02T08:00:00Z,3519.4,3524.14,3451.07,3459.15,19542.60998471
2025-08-02T16:00:00Z,3459.05,3480.6,3368.36,3393.64,31726.04759192
2025-08-03T00:00:00Z,3394.09,3459.43,3353.3,3456.37,13780.49107575
2025-08-03T08:00:00Z,3456.38,3516.25,3453.69,3476.55,16845.14297596
2025-08-03T16:00:00Z,3476.54,3521.71,3467.81,3496.68,16845.57530012
2025-08-04T00:00:00Z,3496.67,3575.98,3491.05,3552.04,15224.09087557
2025-08-04T08:00:00Z,3552.2,3665.41,3542.69,3649.14,22303.05907718
2025-08-04T16:00:00Z,3649.14,3736.46,3648.78,3720.93,24736.60604313
2025-08-05T00:00:00Z,3720.93,3721.73,3600,3613.49,13638.02112905
2025-08-05T08:00:00Z,3613.5,3693.64,3557.01,3570.73,29012.99710445
2025-08-05T16:00:00Z,3570.49,3625.18,3546.11,3611.71,13143.36995162
2025-08-06T00:00:00Z,3612.19,3661.63,3564.2,3639.74,12462.41373277
2025-08-06T08:00:00Z,3639.82,3669.4,3574.18,3664.84,14967.63300243
2025-08-06T16:00:00Z,3664.81,3698.45,3638.88,3682.27,11481.32079675
2025-08-07T00:00:00Z,3682.28,3716,3648,3702.28,9673.6607361
2025-08-07T08:00:00Z,3702.29,3864.43,3702.28,3836.47,23579.41667723
2025-08-07T16:00:00Z,3836.47,3927.17,3780.07,3910.16,16816.67241882
2025-08-08T00:00:00Z,3910.15,3968.19,3879.22,3915.68,16271.94488065
2025-08-08T08:00:00Z,3915.68,4010,3884.63,3954.22,18699.94532699
2025-08-08T16:00:00Z,3954.23,4071.39,3950.4,4008.95,22014.21841993
2025-08-09T00:00:00Z,4009.28,4209,4006.71,4170.3,21798.25049639
2025-08-09T08:00:00Z,4170.3,4247.84,4153.75,4209.13,26906.45930654
2025-08-09T16:00:00Z,4209.2,4326.39,4193.84,4261.15,24784.41470561
2025-08-10T00:00:00Z,4261.14,4332.19,4174.87,4184.99,24644.87313865
2025-08-10T08:00:00Z,4184.99,4238.99,4161.03,4218.8,17273.11372978
2025-08-10T16:00:00Z,4218.8,4259.82,4186.28,4250.54,14183.2499666
2025-08-11T00:00:00Z,4250.53,4349.61,4238.83,4274.25,21242.16662536
2025-08-11T08:00:00Z,4274.25,4331.65,4166.48,4329.53,31036.96315399
2025-08-11T16:00:00Z,4329.54,4366.65,4188.33,4223.89,24702.81830657
2025-08-12T00:00:00Z,4223.83,4321.49,4219.67,4315.52,16246.11003888
2025-08-12T08:00:00Z,4315.52,4480.49,4258.17,4472.07,31396.20797188
2025-08-12T16:00:00Z,4472.17,4637.98,4440.27,4589.76,31080.7772871
2025-08-13T00:00:00Z,4589.76,4683.97,4564.31,4625.52,23405.71426759
2025-08-13T08:00:00Z,4625.52,4736.73,4608.78,4664,26156.65092634
2025-08-13T16:00:00Z,4664.09,4783.12,4661.31,4748.19,24339.10730856
2025-08-14T00:00:00Z,4748.49,4789.91,4705.1,4748.23,19370.97605537
2025-08-14T08:00:00Z,4748.25,4765.73,4451.89,4619.25,56249.35897201
2025-08-14T16:00:00Z,4619.09,4623.37,4454.21,4547.05,26280.08425426
2025-08-15T00:00:00Z,4547.05,4662.7,4537.66,4640.94,15695.49460249
2025-08-15T08:00:00Z,4640.95,4669.17,4395.01,4429.7,30343.89624475
2025-08-15T16:00:00Z,4429.71,4490.99,4368,4440.09,24817.87659997
2025-08-16T00:00:00Z,4439.84,4490.79,4408.87,4451.36,13632.47346984
2025-08-16T08:00:00Z,4451.5,4459.07,4373.75,4401.22,15023.72527681
2025-08-16T16:00:00Z,4400.91,4441.91,4391.3,4422.35,7809.44482345
2025-08-17T00:00:00Z,4422.36,4491.07,4395.33,4467.45,11067.18893877
2025-08-17T08:00:00Z,4467.44,4576.09,4460,4561.67,16039.41293496
2025-08-17T16:00:00Z,4561.67,4565.6,4427.68,4472.62,20385.86103711
2025-08-18T00:00:00Z,4472.62,4482.11,4230,4257.12,33815.40850572
2025-08-18T08:00:00Z,4257.12,4369.49,4225.87,4345.55,27270.04387551
2025-08-18T16:00:00Z,4345.56,4387.37,4299.63,4312.62,19322.78928729
2025-08-19T00:00:00Z,4312.63,4354.72,4193.64,4234.52,22164.28024063
2025-08-19T08:00:00Z,4234.59,4339.36,4168.75,4191.25,24326.10906461
2025-08-19T16:00:00Z,4191.28,4205.91,4067.55,4075.62,24621.27566062
2025-08-20T00:00:00Z,4075.62,4211.45,4062.96,4185.05,22426.33696408
2025-08-20T08:00:00Z,4185.05,4308.05,4106.26,4255.53,36738.38616498
2025-08-20T16:00:00Z,4255.53,4377.4,4254.9,4336.16,30456.98839619
2025-08-21T00:00:00Z,4336.16,4339.8,4271.66,4310.39,18063.96308924
2025-08-21T08:00:00Z,4310.4,4327.92,4227.23,4242.51,38975.36146759
2025-08-21T16:00:00Z,4242.55,4274.86,4204.77,4225.28,23731.0025403
2025-08-22T00:00:00Z,4225.28,4345.3,4222.71,4328.45,24413.92072459
2025-08-22T08:00:00Z,4328.4,4667.75,4207.87,4614.99,65555.56531693
2025-08-22T16:00:00Z,4615,4885.09,4615,4829.64,51920.04163959
2025-08-23T00:00:00Z,4829.64,4829.99,4646.6,4713.26,29726.52312345
2025-08-23T08:00:00Z,4713.53,4768.71,4690.61,4751.03,22373.50981466
2025-08-23T16:00:00Z,4751,4799.29,4728.2,4778.64,11883.5462038
2025-08-24T00:00:00Z,4778.63,4816.9,4753.57,4758.67,16823.95493499
2025-08-24T08:00:00Z,4758.66,4829.55,4720.2,4798.22,19865.15807759
2025-08-24T16:00:00Z,4798.23,4958.75,4708.61,4780.14,74255.78837918
2025-08-25T00:00:00Z,4780.15,4797.81,4582.61,4591.67,39592.40410217
2025-08-25T08:00:00Z,4591.66,4685,4520,4612.74,39825.23393147
2025-08-25T16:00:00Z,4612.74,4646.06,4334.73,4376.93,53677.34905556
2025-08-26T00:00:00Z,4376.93,4453.92,4311.29,4429.9,36176.51098353
2025-08-26T08:00:00Z,4429.89,4578.66,4405.76,4519.46,45537.66653693
2025-08-26T16:00:00Z,4519.13,4633.69,4499.51,4601.03,30395.70708696
2025-08-27T00:00:00Z,4601.03,4645.24,4540.03,4580.41,23224.58077711
2025-08-27T08:00:00Z,4580.41,4664,4554.35,4657.33,30265.59140023
2025-08-27T16:00:00Z,4657.33,4657.67,4481.43,4507.17,35988.24922633
2025-08-28T00:00:00Z,4506.95,4600,4467.87,4596.48,18179.78076434
2025-08-28T08:00:00Z,4596.49,4633.77,4485.45,4504.44,28645.9254652
2025-08-28T16:00:00Z,4504.43,4530.45,4428.32,4511.94,23900.45818741
2025-08-29T00:00:00Z,4511.93,4516.65,4367.81,4381.26,26632.1390178
2025-08-29T08:00:00Z,4381.2,4453.75,4264.89,4316.31,46222.19886784
2025-08-29T16:00:00Z,4316.31,4379.47,4296.4,4359.97,22932.45927751
2025-08-30T00:00:00Z,4360.17,4415.45,4256.9,4402.44,23032.71927962
2025-08-30T08:00:00Z,4402.44,4407.38,4332.26,4376.67,15378.20952024
2025-08-30T16:00:00Z,4376.66,4378.54,4334.68,4374.43,11271.1915918
2025-08-31T00:00:00Z,4374.43,4492.67,4373.43,4451.26,17001.91408748
2025-08-31T08:00:00Z,4450.95,4497.67,4440.47,4484.65,15594.1021213
2025-08-31T16:00:00Z,4484.65,4491,4378.98,4392.35,16932.42122301
2025-09-01T00:00:00Z,4392.18,4463.82,4359.14,4463.64,30125.57623722
2025-09-01T08:00:00Z,4463.29,4491.23,4346.3,4362.09,27514.48997025
2025-09-01T16:00:00Z,4362,4371.12,4211.5,4314.33,34381.73343141
2025-09-02T00:00:00Z,4314.36,4415.77,4291.37,4377.22,28775.4945468
2025-09-02T08:00:00Z,4377.12,4407.46,4271.63,4295.68,35768.08577071
2025-09-02T16:00:00Z,4295.33,4336.93,4258.13,4325.78,34099.46046618
2025-09-03T00:00:00Z,4325.79,4355.32,4284,4310.27,21511.2097086
2025-09-03T08:00:00Z,4310.26,4486.21,4303.17,4479.6,28268.74843465
2025-09-03T16:00:00Z,4479.6,4490.31,4434.76,4450.52,17765.72867786
2025-09-04T00:00:00Z,4450.52,4482.47,4355.96,4371.13,22979.6500244
2025-09-04T08:00:00Z,4371.13,4433.28,4294.38,4305.55,27750.79156226
2025-09-04T16:00:00Z,4305.54,4353.22,4265.63,4298.03,24503.13072691
2025-09-05T00:00:00Z,4297.92,4428.63,4289.48,4417,27462.32800756
2025-09-05T08:00:00Z,4417,4492.07,4255.06,4282.96,49842.90656549
2025-09-05T16:00:00Z,4283.12,4342.81,4273,4307.2,18572.56164533
2025-09-06T00:00:00Z,4307.21,4328.44,4291.01,4312.58,8831.61398737
2025-09-06T08:00:00Z,4312.59,4315.24,4263.49,4270.1,11339.79691492
2025-09-06T16:00:00Z,4270.11,4304.48,4236.39,4273.1,14915.51203457
2025-09-07T00:00:00Z,4273.15,4307.08,4271.21,4294.54,7800.60705426
2025-09-07T08:00:00Z,4294.55,4315.62,4289.75,4299.11,9008.069015
2025-09-07T16:00:00Z,4299.11,4334.69,4271.01,4305.57,12283.54287969
2025-09-08T00:00:00Z,4305.58,4330.6,4278.84,4292.11,13459.98066593
2025-09-08T08:00:00Z,4292.11,4383.51,4288.34,4370.95,25197.71869664
2025-09-08T16:00:00Z,4370.98,4372.61,4282.2,4306.35,19845.9857482
2025-09-09T00:00:00Z,4306.35,4381.01,4277,4360.88,19183.5910154
2025-09-09T08:00:00Z,4360.88,4367.25,4277.69,4285.12,27622.7354891
2025-09-09T16:00:00Z,4285.12,4320.75,4278.13,4309.54,14116.85224288
2025-09-10T00:00:00Z,4309.54,4334.02,4284.99,4329.18,17349.5794273
2025-09-10T08:00:00Z,4329.18,4451.37,4308.08,4404.21,29905.64027173
2025-09-10T16:00:00Z,4404.37,4408.28,4300.02,4349.1,23631.37830172
2025-09-11T00:00:00Z,4349.27,4450,4339.12,4440.4,17136.58167778
2025-09-11T08:00:00Z,4440.4,4480,4353.15,4412.4,37622.78258681
2025-09-11T16:00:00Z,4412.4,4468.83,4407.71,4458.88,17756.6945902
2025-09-12T00:00:00Z,4458.88,4562.48,4450.72,4525.28,17909.41647617
2025-09-12T08:00:00Z,4525.29,4570.02,4503.32,4541.41,15848.07217786
2025-09-12T16:00:00Z,4541.41,4749.88,4533.53,4712.22,31768.73945427
2025-09-13T00:00:00Z,4712.22,4766.01,4692.32,4711.72,16334.07720409
2025-09-13T08:00:00Z,4711.71,4738.75,4643.22,4653.85,13336.62393991
2025-09-13T16:00:00Z,4653.86,4672.83,4606,4666.84,19077.4926583
2025-09-14T00:00:00Z,4666.84,4691.74,4634.3,4650.65,15312.70426664
2025-09-14T08:00:00Z,4650.66,4673.62,4575,4582.35,26211.3499567
2025-09-14T16:00:00Z,4582.34,4636.39,4579.64,4604.49,18686.06737989
2025-09-15T00:00:00Z,4604.49,4669.61,4580.38,4597.69,22807.54299885
2025-09-15T08:00:00Z,4597.7,4597.7,4466.04,4500.35,41878.5778269
2025-09-15T16:00:00Z,4500.24,4529.86,4475.21,4523.71,20620.06722063
2025-09-16T00:00:00Z,4523.72,4538.6,4488.29,4512.53,20564.91314425
2025-09-16T08:00:00Z,4512.55,4531.54,4424.2,4467.36,27991.8361669
2025-09-16T16:00:00Z,4467.37,4525.25,4446.38,4501.3,23259.94611799
2025-09-17T00:00:00Z,4501.3,4555.23,4463.95,4543.7,19895.33154871
2025-09-17T08:00:00Z,4543.7,4545.37,4467.4,4489.88,20981.21767974
2025-09-17T16:00:00Z,4489.87,4616.28,4416.61,4589.64,54878.97063596
2025-09-18T00:00:00Z,4590.04,4643.91,4553.77,4574.56,25345.5962136
2025-09-18T08:00:00Z,4574.56,4624.68,4559.23,4599.98,29686.90416618
2025-09-18T16:00:00Z,4599.98,4636.64,4570.79,4587.79,19268.05329538
2025-09-19T00:00:00Z,4587.79,4621,4518.39,4539.28,18658.81631513
2025-09-19T08:00:00Z,4539.24,4548.92,4444.97,4474.54,20479.44697334
2025-09-19T16:00:00Z,4474.57,4489.03,4436.09,4468.77,20522.39827446
2025-09-20T00:00:00Z,4468.78,4485,4454.86,4483.22,11402.65797436
2025-09-20T08:00:00Z,4483.23,4506.72,4457.11,4497.9,12151.85540707
2025-09-20T16:00:00Z,4497.91,4508.37,4470.72,4480.67,7114.76448476
2025-09-21T00:00:00Z,4480.68,4492.29,4457.66,4477.92,7022.38516348
2025-09-21T08:00:00Z,4477.92,4486.24,4444.36,4482.94,9681.97920041
2025-09-21T16:00:00Z,4482.95,4498.2,4443.51,4445.62,9479.63387173
2025-09-22T00:00:00Z,4445.58,4455.8,4051.81,4193.38,59620.30162787
2025-09-22T08:00:00Z,4193.38,4218.88,4136.37,4168.38,68450.00823607
2025-09-22T16:00:00Z,4168.38,4208.11,4122,4199.42,74601.36115952
2025-09-23T00:00:00Z,4199.42,4215.59,4114.8,4205.31,72206.9354767
2025-09-23T08:00:00Z,4205.32,4229.47,4162.57,4181.07,73978.3185218
2025-09-23T16:00:00Z,4181.06,4207.74,4137.76,4164.62,77400.46181794
2025-09-24T00:00:00Z,4164.62,4194.32,4072.76,4174.48,66902.50236779
2025-09-24T08:00:00Z,4174.49,4207.02,4146.99,4166,40782.08888392
2025-09-24T16:00:00Z,4166.19,4194.11,4131.22,4153.19,26980.75599733
2025-09-25T00:00:00Z,4152.81,4161,3964.81,4009.11,83923.59729213
2025-09-25T08:00:00Z,4009.09,4052.96,3925.6,4002.89,86701.2965399
2025-09-25T16:00:00Z,4002.89,4006.33,3823.87,3874.14,115899.30697218
2025-09-26T00:00:00Z,3874.31,3976.71,3867.67,3938.62,102027.03480197
2025-09-26T08:00:00Z,3938.61,3985.41,3873.12,3946.21,124405.11684057
2025-09-26T16:00:00Z,3946.17,4068.36,3942.72,4032.23,77780.80278884
2025-09-27T00:00:00Z,4032.24,4032.42,4005.5,4007.78,45851.6518776
2025-09-27T08:00:00Z,4007.79,4038.5,3973.04,4018.91,57646.82865961
2025-09-27T16:00:00Z,4018.91,4034,3981.4,4018.37,37610.12918837
2025-09-28T00:00:00Z,4018.38,4031.71,3994.42,4014.57,47032.4137007
2025-09-28T08:00:00Z,4014.48,4029.09,3966.35,4021.66,58317.2998288
2025-09-28T16:00:00Z,4021.66,4144.71,4021.66,4142.34,62714.42719855
2025-09-29T00:00:00Z,4142.27,4146.37,4088.36,4108.13,55147.69863552
2025-09-29T08:00:00Z,4108.13,4205.5,4082.69,4164.82,69332.9618874
2025-09-29T16:00:00Z,4164.83,4235.79,4128.56,4215.19,55185.92110238
2025-09-30T00:00:00Z,4215.19,4245,4169.9,4182.22,50159.75491736
2025-09-30T08:00:00Z,4182.28,4183.08,4094.7,4119.49,72486.1116717
2025-09-30T16:00:00Z,4119.87,4201.26,4092.8,4145.17,68692.01331118
2025-10-01T00:00:00Z,4145.2,4174.78,4123.35,4146.16,44710.11991789
2025-10-01T08:00:00Z,4146.09,4344.39,4143.29,4327.03,94355.29144752
2025-10-01T16:00:00Z,4327.04,4355.78,4288.58,4347.62,52390.55752037
2025-10-02T00:00:00Z,4347.63,4423.22,4333.17,4375.7,55504.1567368
2025-10-02T08:00:00Z,4375.69,4442.71,4335.75,4437.6,55240.33842717
2025-10-02T16:00:00Z,4437.41,4516.66,4426.44,4484.26,63341.3696756
2025-10-03T00:00:00Z,4484.36,4559.45,4454.12,4461.94,53966.5967396
2025-10-03T08:00:00Z,4461.94,4541.65,4427.95,4534.81,78577.45471681
2025-10-03T16:00:00Z,4535.44,4591.36,4450.8,4512.6,67483.40698097
2025-10-04T00:00:00Z,4512.85,4517.99,4464.09,4499.18,42581.9348348
2025-10-04T08:00:00Z,4499.18,4511.05,4441.71,4454.69,47855.2231076
2025-10-04T16:00:00Z,4454.82,4494.27,4440.51,4487.51,35544.2723798
2025-10-05T00:00:00Z,4487.37,4613.99,4467.3,4605.26,79647.57179104
2025-10-05T08:00:00Z,4605.26,4618,4523.67,4532.23,67793.41481202
2025-10-05T16:00:00Z,4532.11,4540.66,4474.43,4514.04,58543.34865507
2025-10-06T00:00:00Z,4514.04,4577.19,4488.35,4532.99,75684.17297692
2025-10-06T08:00:00Z,4533,4693.64,4533,4673.23,77935.43736393
2025-10-06T16:00:00Z,4673.22,4735.82,4659.18,4684,64552.36589951
2025-10-07T00:00:00Z,4684.01,4731.08,4663.19,4677.96,57880.5590569
2025-10-07T08:00:00Z,4677.95,4755.04,4478.14,4512.23,90985.98235893
2025-10-07T16:00:00Z,4512.33,4523.72,4431.26,4447.72,93447.76367853
2025-10-08T00:00:00Z,4447.72,4498.21,4411.75,4463.63,91501.0396332
2025-10-08T08:00:00Z,4463.63,4522.29,4436.82,4447.18,96996.21564407
2025-10-08T16:00:00Z,4447.19,4558.9,4439.32,4525.94,73790.28991638
2025-10-09T00:00:00Z,4525.94,4531.04,4403.2,4425.96,65172.0037682
2025-10-09T08:00:00Z,4425.97,4426.34,4291.78,4315,116892.01466546
2025-10-09T16:00:00Z,4314.87,4382.97,4265.48,4368.13,79935.96799837
2025-10-10T00:00:00Z,4368.14,4393.54,4315.63,4323.29,78167.15529098
2025-10-10T08:00:00Z,4323.37,4390.62,4073.08,4103.42,119175.6192892
2025-10-10T16:00:00Z,4103.42,4138.69,3380.76,3829.61,213514.67586928
2025-10-11T00:00:00Z,3830.17,3878.04,3728.11,3760.53,108955.29452458
2025-10-11T08:00:00Z,3760.53,3858.85,3750.93,3825.21,66189.69751621
2025-10-11T16:00:00Z,3825.21,3847.48,3643.42,3746.4,100043.48410291
2025-10-12T00:00:00Z,3746.81,3844.56,3694.9,3828,85489.31992991
2025-10-12T08:00:00Z,3828,4079.76,3794.7,4034.59,83377.60250065
2025-10-12T16:00:00Z,4034.59,4197.79,4034.58,4151.86,102411.2206403
2025-10-13T00:00:00Z,4151.95,4220,4116.16,4178.46,74553.400056
2025-10-13T08:00:00Z,4178.46,4195,4042.82,4135.12,93468.17924081
2025-10-13T16:00:00Z,4135.12,4291.99,4128.7,4241.27,75184.09009003
2025-10-14T00:00:00Z,4241.27,4263.06,3965.58,3981.43,115137.95832936
2025-10-14T08:00:00Z,3981.42,4089.08,3888.16,4085.81,136378.96197507
2025-10-14T16:00:00Z,4085.82,4164.28,4048.5,4125.01,97861.58076797
2025-10-15T00:00:00Z,4124.69,4145.35,4060.73,4122.31,86934.36763608
2025-10-15T08:00:00Z,4122.3,4216.48,3959.31,3981.2,104556.51359567
2025-10-15T16:00:00Z,3981.01,4013.12,3926.81,3985.7,92450.7873273
2025-10-16T00:00:00Z,3985.71,4050.12,3976.18,4004.35,63929.03240161
2025-10-16T08:00:00Z,4004.36,4085.21,3892.71,3907.84,100207.08280163
2025-10-16T16:00:00Z,3907.18,3967.71,3825.48,3894.68,100276.08087228
2025-10-17T00:00:00Z,3894.63,3950.79,3752.9,3756.48,96499.31514537
2025-10-17T08:00:00Z,3756.49,3817.47,3674.69,3797.75,130608.72883049
2025-10-17T16:00:00Z,3797.86,3883.61,3779.05,3831.42,72085.1131333
2025-10-18T00:00:00Z,3831.42,3927.44,3819.12,3892.75,60162.73679503
2025-10-18T08:00:00Z,3892.75,3905.66,3849.54,3878.14,49954.25766814
2025-10-18T16:00:00Z,3878.14,3907.99,3854.05,3888.88,41775.22901488
2025-10-19T00:00:00Z,3888.88,3920.2,3855.43,3888.47,38379.57775492
2025-10-19T08:00:00Z,3888.51,4002.79,3830.19,3979.25,70696.00913734
2025-10-19T16:00:00Z,3979.25,4030.88,3959.47,3982.54,45252.80092652
2025-10-20T00:00:00Z,3982.47,4084,3908.55,4054.51,76618.14488263
2025-10-20T08:00:00Z,4054.52,4072.14,4002.61,4004.33,70236.6738633
2025-10-20T16:00:00Z,4004.3,4004.3,3922.39,3979.84,57370.97727572
2025-10-21T00:00:00Z,3979.84,3985.75,3840.7,3892.54,81359.8782797
2025-10-21T08:00:00Z,3892.55,4085.18,3851.97,4081.4,111804.54053451
2025-10-21T16:00:00Z,4081.38,4109.96,3858.01,3873.33,103587.39569943
2025-10-22T00:00:00Z,3873.32,3889.4,3821.01,3868.75,56302.6412224
2025-10-22T08:00:00Z,3868.75,3876.96,3770.78,3841.42,83946.71081883
2025-10-22T16:00:00Z,3841.41,3861.89,3708.79,3805.53,89593.28332933
2025-10-23T00:00:00Z,3805.55,3897.21,3796.29,3880.83,42596.39333622
2025-10-23T08:00:00Z,3880.84,3905.07,3808.83,3876.42,66208.01849356
2025-10-23T16:00:00Z,3876.77,3935.2,3818.74,3857.03,57861.50125074
2025-10-24T00:00:00Z,3857.04,3988.22,3845.88,3948.7,49223.71174924
2025-10-24T08:00:00Z,3948.69,4029.61,3872.34,3888.82,83980.55077948
2025-10-24T16:00:00Z,3888.83,3946.1,3866.34,3934.83,47866.57383476
2025-10-25T00:00:00Z,3934.83,3959.63,3912.42,3928.87,32897.04253483
2025-10-25T08:00:00Z,3928.87,3956.63,3924.13,3932.78,32515.85479248
2025-10-25T16:00:00Z,3932.79,3968.68,3927.84,3953.87,23149.9268966
2025-10-26T00:00:00Z,3953.87,3961.52,3919.22,3951.55,25437.9260738
2025-10-26T08:00:00Z,3951.55,4099.29,3951.08,4075.05,68997.41438614
2025-10-26T16:00:00Z,4075.06,4178.77,4046.35,4158.53,49264.67473863
2025-10-27T00:00:00Z,4158.47,4252.97,4148.75,4201.11,63439.4628293
2025-10-27T08:00:00Z,4201.11,4201.12,4124.22,4172.82,76289.34337893
2025-10-27T16:00:00Z,4172.84,4233.35,4094.2,4120.6,69724.56879811
2025-10-28T00:00:00Z,4120.39,4142.18,4066.36,4117.24,60569.00690803
2025-10-28T08:00:00Z,4117.24,4175.34,4072,4096.68,69318.40584364
2025-10-28T16:00:00Z,4096.87,4151.32,3931.88,3979.72,90367.0181035
2025-10-29T00:00:00Z,3979.72,4037.28,3964.77,4024.58,53394.8223333
2025-10-29T08:00:00Z,4024.58,4029.54,3941.88,3951.69,67919.68397514
2025-10-29T16:00:00Z,3951.7,4018.56,3842,3903.31,100966.20145517
2025-10-30T00:00:00Z,3903.31,3948.64,3838.79,3940.2,84840.9491136
2025-10-30T08:00:00Z,3940.2,3940.23,3757.52,3773.59,91888.82167801
2025-10-30T16:00:00Z,3773.3,3806.85,3679.29,3804.37,87522.04932632
2025-10-31T00:00:00Z,3804.69,3873.25,3796.4,3831.76,61832.85989028
2025-10-31T08:00:00Z,3831.68,3887.38,3818.77,3861.3,73607.26418994
2025-10-31T16:00:00Z,3861.28,3905.28,3804.94,3848,67473.23628398
2025-11-01T00:00:00Z,3848,3869.15,3830.98,3860.81,33203.802227
2025-11-01T08:00:00Z,3860.84,3902.12,3858.24,3894.7,34712.40897131
2025-11-01T16:00:00Z,3894.7,3908.98,3863.46,3873.71,30775.0522008
2025-11-02T00:00:00Z,3873.71,3918,3862.08,3906.73,33302.1343519
2025-11-02T08:00:00Z,3906.73,3910.61,3839.38,3852.94,54881.52261618
2025-11-02T16:00:00Z,3853.23,3916.24,3840.5,3906.57,37590.1982926
2025-11-03T00:00:00Z,3906.43,3914.26,3684.66,3714.78,97515.18842266
2025-11-03T08:00:00Z,3714.71,3748.64,3582.49,3589.09,92101.12180762
2025-11-03T16:00:00Z,3589.1,3681.97,3557.62,3603.79,103810.3990167
2025-11-04T00:00:00Z,3603.79,3654.29,3473.24,3493.76,107145.21891091
2025-11-04T08:00:00Z,3493.76,3587.38,3460.43,3507.24,111926.33737907
2025-11-04T16:00:00Z,3507.4,3520.19,3056.74,3286.81,192729.50349077
2025-11-05T00:00:00Z,3286.83,3354.36,3166.58,3331.18,122732.87098883
2025-11-05T08:00:00Z,3331.17,3399.2,3274.67,3398.21,118658.38207192
2025-11-05T16:00:00Z,3398.21,3480.9,3359.19,3424.7,88405.16158913
2025-11-06T00:00:00Z,3424.68,3456.32,3363.41,3380.65,92233.77319061
2025-11-06T08:00:00Z,3380.63,3414.81,3278.33,3300.88,102432.2433491
2025-11-06T16:00:00Z,3300.88,3352.4,3245.81,3315.08,110935.9883677
2025-11-07T00:00:00Z,3315.09,3370.03,3276.03,3358.22,102525.5002448
2025-11-07T08:00:00Z,3358.21,3360.32,3193.57,3297.5,123603.76496869
2025-11-07T16:00:00Z,3297.5,3473.06,3274,3435.7,104380.88613143
2025-11-08T00:00:00Z,3435.7,3486.96,3406.14,3447.68,95996.1583369
2025-11-08T08:00:00Z,3447.67,3470.44,3370.41,3376.91,101982.21169672
2025-11-08T16:00:00Z,3376.91,3415.69,3356,3401.66,73612.596015
2025-11-09T00:00:00Z,3401.66,3427.37,3359.11,3422.75,55619.0930326
2025-11-09T08:00:00Z,3422.75,3563.22,3382.51,3515.64,21718.94987402
2025-11-09T16:00:00Z,3515.64,3624.04,3501.33,3583.8,21215.04346296
2025-11-10T00:00:00Z,3583.8,3658.8,3554.5,3609.4,19246.23951135
2025-11-10T08:00:00Z,3609.4,3631.08,3508.22,3519.46,16669.53038111
2025-11-10T16:00:00Z,3519.34,3583.96,3507,3568.01,30062.8611491
2025-11-11T00:00:00Z,3567.86,3648.1,3531.48,3544.36,71993.95908389
2025-11-11T08:00:00Z,3544.37,3594.09,3467.34,3481.5,123203.15094876
2025-11-11T16:00:00Z,3481.5,3500.9,3405.09,3417.44,108249.52869245
2025-11-12T00:00:00Z,3417.6,3457.72,3409.62,3428.43,72606.1614175
2025-11-12T08:00:00Z,3428.44,3588,3418.62,3427.81,74898.33313334
2025-11-12T16:00:00Z,3427.81,3454.39,3371.62,3414.82,74052.32246791
2025-11-13T00:00:00Z,3414.82,3565.17,3377.75,3538.18,69822.6787706
2025-11-13T08:00:00Z,3538.19,3549.76,3367.21,3387.25,75261.22512782
2025-11-13T16:00:00Z,3387.26,3398.49,3154.56,3232.08,115104.68984109
2025-11-14T00:00:00Z,3232.06,3251.62,3108,3215.34,75873.76754244
2025-11-14T08:00:00Z,3215.33,3234.35,3070.15,3196.75,69501.04108428
2025-11-14T16:00:00Z,3196.75,3256.64,3090.11,3112.75,54249.61428412
2025-11-15T00:00:00Z,3112.64,3193.83,3111.19,3176.52,31703.82760151
2025-11-15T08:00:00Z,3176.51,3197.29,3134.64,3185.67,29278.5035108
2025-11-15T16:00:00Z,3185.68,3230.91,3152.74,3167.73,30213.15440609
2025-11-16T00:00:00Z,3167.73,3220.82,3132,3219.66,31728.77245551
2025-11-16T08:00:00Z,3219.67,3249,3098.72,3105.76,48444.94316467
2025-11-16T16:00:00Z,3105.77,3128.11,3003.78,3095.19,55403.86740841
2025-11-17T00:00:00Z,3094.87,3208.44,3069.14,3198.48,37319.97073466
2025-11-17T08:00:00Z,3198.47,3223.23,3095.51,3120.78,43929.6170344
2025-11-17T16:00:00Z,3120.8,3142.87,2959.49,3031.35,62916.29143405
2025-11-18T00:00:00Z,3031.35,3049.91,2946.32,3024.42,62425.65966186
2025-11-18T08:00:00Z,3024.57,3123.66,3022.18,3106.81,59317.64538394
2025-11-18T16:00:00Z,3106.8,3170.02,3096.78,3123.74,38881.82921553
2025-11-19T00:00:00Z,3123.74,3125.48,2992.44,3085.18,47014.82955951
2025-11-19T08:00:00Z,3085.18,3112.71,2967.22,2973.32,63898.74304202
2025-11-19T16:00:00Z,2973.23,3027.63,2873.33,3025.44,68472.58415364
2025-11-20T00:00:00Z,3025.62,3063.3,3005.01,3039.27,35076.5293979
2025-11-20T08:00:00Z,3039.27,3049.85,2953,2955.79,40808.75408269
2025-11-20T16:00:00Z,2955.69,2961.21,2790.21,2834.4,67539.48226313
2025-11-21T00:00:00Z,2834.38,2886.29,2650,2720.62,56769.48311129
2025-11-21T08:00:00Z,2720.32,2781.59,2623.47,2705.42,74661.866179
2025-11-21T16:00:00Z,2705.41,2806.76,2675.25,2765.9,55918.13963537
2025-11-22T00:00:00Z,2765.91,2784.01,2727.01,2756.2,36010.68756204
2025-11-22T08:00:00Z,2756.21,2756.56,2704.3,2738.92,36586.19614162
2025-11-22T16:00:00Z,2738.93,2799.01,2733.83,2770.29,29983.3090004
2025-11-23T00:00:00Z,2770.28,2852.08,2768.26,2793.77,34199.43528002
2025-11-23T08:00:00Z,2793.77,2857.95,2793.76,2836.62,32131.23021752
2025-11-23T16:00:00Z,2836.55,2846.92,2786.73,2802.3,37562.6337399
2025-11-24T00:00:00Z,2802.27,2885.27,2763.26,2829.67,54181.28796841
2025-11-24T08:00:00Z,2829.75,2860.19,2785.2,2846.69,41785.00155306
2025-11-24T16:00:00Z,2846.61,2986.13,2842.91,2953.5,41002.53483233
2025-11-25T00:00:00Z,2953.5,2953.5,2902.06,2902.61,27754.39110544
2025-11-25T08:00:00Z,2902.63,2933.98,2857.39,2895.52,37108.59806334
2025-11-25T16:00:00Z,2895.52,2980.23,2872,2959.77,34190.52652691
2025-11-26T00:00:00Z,2959.77,2983.88,2921.04,2944.38,24191.04740118
2025-11-26T08:00:00Z,2944.38,2948.87,2888.71,2927.52,32044.72306605
2025-11-26T16:00:00Z,2927.62,3044.9,2926.38,3027.05,37394.20715738
2025-11-27T00:00:00Z,3027.03,3071.12,3004.8,3033.89,25200.4865443
2025-11-27T08:00:00Z,3033.89,3044.59,2985.78,3011.3,22943.91818114
2025-11-27T16:00:00Z,3011.29,3044.23,3004.38,3015.37,21333.13123666
2025-11-28T00:00:00Z,3015.37,3028.89,2994.36,3001.8,26475.14698799
2025-11-28T08:00:00Z,3001.79,3099.13,3001.59,3073.67,44382.34131964
2025-11-28T16:00:00Z,3073.78,3074.4,3011.7,3031.19,35964.35243673
2025-11-29T00:00:00Z,3031.19,3052.53,2993.22,3004.83,19181.68765516
2025-11-29T08:00:00Z,3004.83,3014.15,2986,3007.21,20323.2177366
2025-11-29T16:00:00Z,3007.21,3011.44,2962.04,2989.17,27689.90291792
2025-11-30T00:00:00Z,2989.17,3012.7,2975.84,3005.07,21315.6330257
2025-11-30T08:00:00Z,3005.07,3052.99,2999.4,3028.77,36973.37133863
2025-11-30T16:00:00Z,3028.93,3049.45,2989.69,2991.33,28767.54596826
2025-12-01T00:00:00Z,2991.58,2999.59,2806.69,2840.2,45978.3857938
2025-12-01T08:00:00Z,2840.2,2854.4,2719.52,2745.7,40057.19042497
2025-12-01T16:00:00Z,2745.7,2819.28,2719.9,2798.96,39086.02168494
2025-12-02T00:00:00Z,2798.72,2825.39,2783.21,2805.73,19292.91431207
2025-12-02T08:00:00Z,2805.71,3024.52,2782.3,3006.36,32519.89865296
2025-12-02T16:00:00Z,3006.78,3033.6,2972.91,2996.09,26499.19653852
2025-12-03T00:00:00Z,2996.09,3085.53,2985.71,3057.4,25896.3351177
2025-12-03T08:00:00Z,3057.41,3145.2,3030.71,3085.88,33337.77297089
2025-12-03T16:00:00Z,3086.28,3214.99,3064.43,3188.25,27917.05439006
2025-12-04T00:00:00Z,3188.94,3240.31,3170.71,3190.28,19521.98766714
2025-12-04T08:00:00Z,3190.27,3224.61,3139.6,3208.05,26845.74873635
2025-12-04T16:00:00Z,3207.52,3224.8,3066.7,3133.33,29492.82894049
2025-12-05T00:00:00Z,3133.33,3193.16,3132.76,3173.65,12892.77552813
2025-12-05T08:00:00Z,3173.95,3173.95,3082.25,3106.25,29284.70715507
2025-12-05T16:00:00Z,3106.25,3108.71,2983.57,3021.8,32129.10995909
2025-12-06T00:00:00Z,3021.8,3046.25,3012.67,3026.01,8767.11932987
2025-12-06T08:00:00Z,3026.25,3068.95,3013.4,3041.36,11461.35655508
2025-12-06T16:00:00Z,3041.61,3066.69,3025.3,3038.08,12050.597103
2025-12-07T00:00:00Z,3038.08,3058,3031.46,3037.34,7029.70879675
2025-12-07T08:00:00Z,3037.61,3053.68,2910.95,3027,23992.27144004
2025-12-07T16:00:00Z,3027.02,3150.94,2999.9,3059.67,28479.73709723
2025-12-08T00:00:00Z,3060.08,3140.51,3040.8,3133.94,16439.29104406
2025-12-08T08:00:00Z,3134.25,3180.21,3088.86,3101.64,23672.31276796
2025-12-08T16:00:00Z,3101.56,3152.92,3075.62,3124.44,20524.9056414
2025-12-09T00:00:00Z,3124.44,3143.51,3090.91,3122.7,13485.05783845
2025-12-09T08:00:00Z,3123,3256.05,3092.98,3245.48,18797.27308296
2025-12-09T16:00:00Z,3245.86,3397.25,3245.38,3318.18,29610.7845305
2025-12-10T00:00:00Z,3318.07,3334.56,3288.4,3327.18,10980.620396
2025-12-10T08:00:00Z,3327.18,3376,3296.64,3328.26,19077.11972274
2025-12-10T16:00:00Z,3328.26,3447.72,3318.33,3324.22,36275.90322498
2025-12-11T00:00:00Z,3324.22,3327.62,3167.47,3201.51,20934.7190409
2025-12-11T08:00:00Z,3201.5,3212.99,3145.06,3179.73,16743.8968133
2025-12-11T16:00:00Z,3179.28,3273.09,3155.43,3237.08,24114.62725768
2025-12-12T00:00:00Z,3237.24,3265.43,3185.16,3246.38,14815.6134836
2025-12-12T08:00:00Z,3246.39,3256.17,3057.36,3071.26,24803.9595121
2025-12-12T16:00:00Z,3070.93,3099.77,3044.97,3084.66,22605.38906366
2025-12-13T00:00:00Z,3084.92,3095.86,3078.67,3094.58,3856.5859306
2025-12-13T08:00:00Z,3094.69,3135.81,3092.69,3110.05,7861.62623079
2025-12-13T16:00:00Z,3109.89,3119.55,3079.11,3114.57,5652.88492442
2025-12-14T00:00:00Z,3114.34,3129.55,3103.62,3115.36,4290.4532566
2025-12-14T08:00:00Z,3115.33,3119.68,3049.74,3084.55,13462.2791232
2025-12-14T16:00:00Z,3084.55,3107.79,3026.14,3063.58,18141.4138559
2025-12-15T00:00:00Z,3063.57,3152.37,3056.89,3129.12,20960.61503406
2025-12-15T08:00:00Z,3129.11,3178.52,2986.11,3010.86,41114.60917774919918
2025-12-15T16:00:00Z,3011.38,3017.72,2894.02,2964.95,40242.63137447
2025-12-16T00:00:00Z,2964.95,2978.17,2877.84,2924.28,24696.63151975
2025-12-16T08:00:00Z,2924.28,2982.79,2886.61,2963.56,33471.67697945
2025-12-16T16:00:00Z,2963.25,2967.85,2911.54,2962.26,23835.45172954
2025-12-17T00:00:00Z,2962.26,2974.07,2914.44,2948.15,16099.50819824
2025-12-17T08:00:00Z,2948.15,3030.71,2886.18,2904.84,37177.02141303
2025-12-17T16:00:00Z,2904.71,2925.51,2790.99,2833.44,40848.23921294
2025-12-18T00:00:00Z,2833.61,2847.89,2821.5,2836.47,12975.0341397
2025-12-18T08:00:00Z,2836.47,2997.45,2831.93,2965.14,34370.11011198
2025-12-18T16:00:00Z,2965.13,2967.55,2775.39,2828.53,46660.1939124
2025-12-19T00:00:00Z,2828.53,2984.36,2808.78,2951.87,33000.99323171
2025-12-19T08:00:00Z,2951.86,3018.73,2938.01,2964.52,37813.79104676
2025-12-19T16:00:00Z,2964.52,3007.3,2936.36,2979.52,25806.57580028
2025-12-20T00:00:00Z,2979.53,2993.96,2970.92,2981.67,8111.809869
2025-12-20T08:00:00Z,2981.59,2993.77,2967.2,2977.29,8408.5338512
2025-12-20T16:00:00Z,2977.29,2985.94,2972.8,2977.93,4050.29645458
2025-12-21T00:00:00Z,2977.93,2982.52,2961.57,2981.02,5605.2339065
2025-12-21T08:00:00Z,2981.02,3013.51,2944.34,2974.76,17273.9985401
2025-12-21T16:00:00Z,2974.87,3012.38,2967.7,3002.1,11141.90498559
2025-12-22T00:00:00Z,3002.11,3060.76,2973.18,3030.14,25090.4883731
2025-12-22T08:00:00Z,3029.78,3076.87,3022.3,3052.49,25978.53195575
2025-12-22T16:00:00Z,3052.69,3059.35,2963.4,3009.29,22749.36328825
2025-12-23T00:00:00Z,3009.48,3035.78,2946.04,2964.88,16639.87606619
2025-12-23T08:00:00Z,2964.89,2975.16,2901.2,2928.73,19628.56004902
2025-12-23T16:00:00Z,2928.73,2988.29,2909,2964.69,17545.6291808
2025-12-24T00:00:00Z,2965.06,2977.93,2918.1,2932.6,10877.8487086
2025-12-24T08:00:00Z,2932.61,2939.83,2888.41,2925.53,14746.75452519
2025-12-24T16:00:00Z,2925.53,2962.93,2921.47,2946.95,10965.87657733
2025-12-25T00:00:00Z,2946.95,2956.99,2936.15,2941.88,6962.8324153
2025-12-25T08:00:00Z,2941.88,2970.86,2911.71,2960.65,22515.02921637
2025-12-25T16:00:00Z,2960.93,2967.46,2890.99,2904,21510.91374226
2025-12-26T00:00:00Z,2903.78,2994.36,2894.34,2957.08,37234.88563588
2025-12-26T08:00:00Z,2957.09,2985.78,2894.79,2923.18,46968.68525347
2025-12-26T16:00:00Z,2923.45,2938.82,2907.24,2927.94,26974.57263597
2025-12-27T00:00:00Z,2927.94,2937.99,2921.46,2933.18,6774.4958773
2025-12-27T08:00:00Z,2933.18,2940.54,2918.21,2926.57,10211.576009
2025-12-27T16:00:00Z,2926.57,2960.68,2917.31,2949.03,11302.7839228
2025-12-28T00:00:00Z,2949.02,2951.65,2929.47,2939.03,10084.97434344
2025-12-28T08:00:00Z,2939.15,2960.93,2931.45,2949.44,14402.94983905
2025-12-28T16:00:00Z,2949.44,2955.33,2925.06,2950.57,19326.37184108
2025-12-29T00:00:00Z,2950.93,3057.19,2944.63,3019.44,51401.03070313
2025-12-29T08:00:00Z,3019.43,3026.03,2910.29,2935.76,76078.1125002
2025-12-29T16:00:00Z,2935.19,2946.03,2913.37,2938.35,37885.29424135
2025-12-30T00:00:00Z,2938.09,2958.85,2919.61,2950.94,33181.96909151
2025-12-30T08:00:00Z,2950.94,3009.5,2950.22,2989.3,63874.05558469
2025-12-30T16:00:00Z,2989.44,2994.63,2944.51,2973.72,41081.6122914
2025-12-31T00:00:00Z,2973.73,2984.78,2962.41,2976.85,24747.61154698
2025-12-31T08:00:00Z,2976.86,3027.89,2963.91,2985.55,50328.29038906
2025-12-31T16:00:00Z,2985.75,2997.59,2958.95,2971.62,36748.5698524
2026-01-01T00:00:00Z,2971.63,2988.88,2971.35,2978.39,12317.7572398
2026-01-01T08:00:00Z,2978.38,2994.77,2977.81,2989.7,12908.93435975
2026-01-01T16:00:00Z,2989.7,3009.8,2980.81,3003.88,21360.22775732
2026-01-02T00:00:00Z,3004.12,3039.35,2992.64,3018.08,33890.58929791
2026-01-02T08:00:00Z,3018.08,3109.33,3015.91,3086.61,87542.75848236
2026-01-02T16:00:00Z,3086.6,3150.04,3079.28,3125.22,85400.09915112
2026-01-03T00:00:00Z,3125.23,3136.4,3076.17,3090.49,25923.39786559
2026-01-03T08:00:00Z,3090.48,3114.5,3083.99,3101.49,23779.9997935449734
2026-01-03T16:00:00Z,3101.34,3130.96,3098.28,3127.03,16166.34437031
2026-01-04T00:00:00Z,3127.03,3166.97,3126.29,3141.07,38513.87529101
2026-01-04T08:00:00Z,3141.08,3148.29,3117.88,3135.4,26261.61841733
2026-01-04T16:00:00Z,3135.4,3155.6,3119,3145.06,29940.61944676
2026-01-05T00:00:00Z,3144.85,3220.7,3135.4,3157.7,66175.47815265
2026-01-05T08:00:00Z,3157.71,3205.35,3135.27,3195.81,66080.7432964
2026-01-05T16:00:00Z,3195.73,3265.6,3159.42,3225.28,54849.17422239
2026-01-06T00:00:00Z,3225.29,3253.31,3203.35,3219.35,32705.61931556
2026-01-06T08:00:00Z,3219.36,3308.43,3214.68,3272.32,51029.1541345
2026-01-06T16:00:00Z,3272.31,3301.42,3183.02,3296.84,66082.7024196
2026-01-07T00:00:00Z,3296.84,3296.84,3239.28,3255.09,31852.9556201
2026-01-07T08:00:00Z,3255.34,3263.4,3144.44,3164.7,61667.9111513
2026-01-07T16:00:00Z,3164.71,3181.64,3125.32,3168.65,50095.1170479
2026-01-08T00:00:00Z,3168.78,3184.64,3090,3128.17,41903.8973509
2026-01-08T08:00:00Z,3128.18,3137.01,3054.93,3104.76,69790.14891967
2026-01-08T16:00:00Z,3104.51,3139.26,3089.08,3106.4,42279.11354347
2026-01-09T00:00:00Z,3106.69,3148.09,3081.43,3111.16,28108.0853793
2026-01-09T08:00:00Z,3111.16,3143.07,3058.65,3112.02,60998.06957984
2026-01-09T16:00:00Z,3112.11,3145.63,3065.54,3088.25,42085.2537656
2026-01-10T00:00:00Z,3088.26,3094.63,3078.52,3092.64,8061.0256171
2026-01-10T08:00:00Z,3092.64,3103.36,3087.4,3095.57,7764.1782703
2026-01-10T16:00:00Z,3095.57,3098.89,3078.71,3086.61,6841.54811555
2026-01-11T00:00:00Z,3086.61,3102,3084.71,3095.38,6729.73213144
2026-01-11T08:00:00Z,3095.38,3131.02,3092.81,3118,12460.7329934
2026-01-11T16:00:00Z,3118.01,3147.32,3092.53,3123.09,26585.28579773
2026-01-12T00:00:00Z,3123.49,3171.54,3097.36,3135.3,35534.39759814
2026-01-12T08:00:00Z,3135.3,3147.65,3066,3130.41,48695.710675
2026-01-12T16:00:00Z,3130.27,3146.54,3084.01,3095.57,39938.80107936
2026-01-13T00:00:00Z,3095.58,3146.6,3091.93,3122.02,22453.9014817
2026-01-13T08:00:00Z,3122.02,3188.77,3122.02,3184.49,44798.9672019
2026-01-13T16:00:00Z,3184.39,3378.67,3171.98,3325.34,61925.2580654
2026-01-14T00:00:00Z,3325.34,3364.62,3315.2,3335.84,23272.9314781
2026-01-14T08:00:00Z,3335.84,3362.67,3280.41,3345.86,31397.59648289
2026-01-14T16:00:00Z,3345.86,3403.59,3315.61,3354.52,39442.5809489
2026-01-15T00:00:00Z,3354.53,3355.77,3278.1,3330.28,22219.08395269311523072514
2026-01-15T08:00:00Z,3330.29,3385.04,3285.29,3330.98,34309.0272502
2026-01-15T16:00:00Z,3330.94,3337.59,3273.72,3318.62,33524.0309693
2026-01-16T00:00:00Z,3318.62,3326.68,3276.62,3309.38,14606.29380995
2026-01-16T08:00:00Z,3309.48,3319.81,3253,3264.4,22756.77366967
2026-01-16T16:00:00Z,3264.15,3300.01,3259.89,3296.3,19474.6972979
2026-01-17T00:00:00Z,3296.29,3297.53,3283.99,3291.18,4850.2431678
2026-01-17T08:00:00Z,3291.18,3329.74,3289.08,3329.74,7099.38304247
2026-01-17T16:00:00Z,3329.74,3329.94,3297.06,3310.47,7660.53457732
2026-01-18T00:00:00Z,3310.47,3319.38,3296.45,3307.19,6129.8907815
2026-01-18T08:00:00Z,3307.19,3347.59,3303.45,3333.9,7541.42083479
2026-01-18T16:00:00Z,3333.91,3368.85,3278.91,3283.98,18646.7097044
2026-01-19T00:00:00Z,3283.98,3284.56,3178.31,3207.14,45106.48853181
2026-01-19T08:00:00Z,3207.14,3235.96,3197.47,3216.25,15806.18760812
2026-01-19T16:00:00Z,3216.25,3227.1,3165.89,3189.51,14676.68970234
2026-01-20T00:00:00Z,3189.51,3200.84,3109.74,3123.21,32449.17132467
2026-01-20T08:00:00Z,3123.21,3123.59,2995.32,3033.04,50303.5393406
2026-01-20T16:00:00Z,3032.94,3042.71,2921.19,2939.92,51094.16082438
2026-01-21T00:00:00Z,2939.92,3002.24,2922,2971.24,29828.6095809
2026-01-21T08:00:00Z,2970.9,3026.31,2902.71,3002.74,54516.77404411
2026-01-21T16:00:00Z,3002.74,3069.02,2866.61,2982.55,81950.07545229
2026-01-22T00:00:00Z,2982.55,3038.21,2980.84,3001.2,30499.7923507
2026-01-22T08:00:00Z,3000.91,3016.22,2905.96,2941.95,49524.4642926
2026-01-22T16:00:00Z,2942.05,2972.6,2924.1,2952.15,46842.3451765
2026-01-23T00:00:00Z,2952.64,2984.55,2934.77,2948.55,24349.6617223
2026-01-23T08:00:00Z,2948.56,2965,2892.28,2952.15,44577.6909704
2026-01-23T16:00:00Z,2952.66,3018.86,2930.35,2956.59,54400.64791624
2026-01-24T00:00:00Z,2956.59,2970.16,2949.15,2957.32,11548.5505816
2026-01-24T08:00:00Z,2957.31,2968.07,2943.77,2957.2,7330.3785522
2026-01-24T16:00:00Z,2957.2,2968.48,2949.44,2953.36,8060.35534609
2026-01-25T00:00:00Z,2953.36,2960.34,2935.1,2939.63,8676.2169206
2026-01-25T08:00:00Z,2939.63,2947.8,2921.1,2926.81,16272.46346596
2026-01-25T16:00:00Z,2926.88,2927.82,2787.42,2817.29,71971.56407145
2026-01-26T00:00:00Z,2817.21,2911.09,2812.41,2904.03,48008.41301182
2026-01-26T08:00:00Z,2904.04,2951.2,2875.09,2899.06,51094.12287359
2026-01-26T16:00:00Z,2899.35,2946.15,2885.5,2929.92,45781.56780343
2026-01-27T00:00:00Z,2930.37,2957.41,2912.3,2929,23892.29043523
2026-01-27T08:00:00Z,2928.98,2943.49,2899.5,2937.47,37989.57744929
2026-01-27T16:00:00Z,2937.48,3035.1,2918.11,3026.23,77246.8798956
2026-01-28T00:00:00Z,3026.23,3029.61,2992.99,3004.81,25804.52753022
2026-01-28T08:00:00Z,3004.81,3045.66,2983.41,3007.15,42335.3066329
2026-01-28T16:00:00Z,3007.55,3038.22,2989.31,3010.81,51092.830256905972611437
2026-01-29T00:00:00Z,3010.81,3013.53,2937.52,2961.74,35630.9941084
2026-01-29T08:00:00Z,2961.74,2970.31,2796.89,2824.39,45748.87616922
2026-01-29T16:00:00Z,2824.25,2860.02,2754.82,2822.57,66438.20407341
2026-01-30T00:00:00Z,2822.57,2828.84,2684.38,2740.62,82636.22943168
2026-01-30T08:00:00Z,2740.3,2769.44,2693.75,2729.24,74268.4947642
2026-01-30T16:00:00Z,2729.23,2761.23,2636.4,2707.26,107069.36966562
2026-01-31T00:00:00Z,2707.26,2714.57,2668.51,2680.11,28931.638962
2026-01-31T08:00:00Z,2680.12,2683.45,2509.27,2534.41,98333.65784402
2026-01-31T16:00:00Z,2534.36,2551.24,2241.38,2451.93,200991.36605354
2026-02-01T00:00:00Z,2451.81,2476.2,2393.64,2411.24,75365.6842698
2026-02-01T08:00:00Z,2411.24,2438.95,2286.73,2315.68,113995.58239067
2026-02-01T16:00:00Z,2315.92,2378.14,2220.81,2270.36,164960.71087963
2026-02-02T00:00:00Z,2270.36,2324.11,2157.86,2228.97,218174.3852389
2026-02-02T08:00:00Z,2228.95,2396.33,2228.95,2372.68,158296.9981832
2026-02-02T16:00:00Z,2372.67,2387.19,2313.25,2346.75,82158.420903
2026-02-03T00:00:00Z,2346.81,2359.71,2284.1,2323.06,84054.3629642
2026-02-03T08:00:00Z,2323.15,2332.58,2251.79,2303.15,114590.13427768
2026-02-03T16:00:00Z,2303.16,2344.51,2108.47,2233.99,202283.2909504
2026-02-04T00:00:00Z,2233.86,2296.14,2223.97,2283.86,84481.77595639
2026-02-04T08:00:00Z,2283.87,2286.35,2136.71,2151.5,134094.43583206
2026-02-04T16:00:00Z,2152.02,2210.93,2076.74,2148.16,160255.8888409
2026-02-05T00:00:00Z,2147.87,2173.77,2068.1,2091.66,37808.96206049
2026-02-05T08:00:00Z,2091.7,2149.75,1927.41,1961.14,48959.01823146
2026-02-05T16:00:00Z,1961.15,2018.23,1817.15,1826.59,135519.45760484
2026-02-06T00:00:00Z,1826.77,1975.47,1746.08,1899.72,221337.466259
2026-02-06T08:00:00Z,1899.73,2002.89,1866.56,1980.85,157724.69422608
2026-02-06T16:00:00Z,1980.64,2095,1971.2,2063.59,181163.5689523
2026-02-07T00:00:00Z,2063.59,2119.23,1994.47,2026.93,122909.5459849
2026-02-07T08:00:00Z,2027.01,2075.6,2000,2052.11,99617.05463435
2026-02-07T16:00:00Z,2052.59,2124.09,2008.69,2086.96,227090.03989776
2026-02-08T00:00:00Z,2087.12,2107.22,2065.68,2084.4,16860.2454427
2026-02-08T08:00:00Z,2084.39,2145.29,2078.17,2108.37,24419.74936757
2026-02-08T16:00:00Z,2108.62,2152.12,2071.75,2089.97,23277.5739982
2026-02-09T00:00:00Z,2089.73,2103,2055.09,2065.77,64402.1842798
2026-02-09T08:00:00Z,2065.77,2073.49,2008.68,2061.66,94820.1275167
2026-02-09T16:00:00Z,2061.6,2147.9,2047.76,2104.79,105663.1025357
2026-02-10T00:00:00Z,2105.02,2124.47,1998.23,2007.34,33405.7911654
2026-02-10T08:00:00Z,2007.51,2040.03,1989.26,2022.57,22875.13772104
2026-02-10T16:00:00Z,2022.7,2046.77,1996.16,2022.66,14001.8759556
2026-02-11T00:00:00Z,2022.66,2032.29,1939,1950.88,56521.1610537
2026-02-11T08:00:00Z,1950.89,2015.82,1902.66,1929.6,98157.8986627
2026-02-11T16:00:00Z,1929.39,1987.94,1909,1941.06,92602.19668407
2026-02-12T00:00:00Z,1941.35,1982.89,1941.35,1968.04,51463.4789284
2026-02-12T08:00:00Z,1968.05,2001.57,1945.37,1948.7,72772.9570933
2026-02-12T16:00:00Z,1948.77,1952.62,1896.58,1947.76,104005.6638436
2026-02-13T00:00:00Z,1947.83,1958.21,1924.76,1935.85,52071.53641055
2026-02-13T08:00:00Z,1935.86,2050.5,1933.7,2035.01,72149.23466862
2026-02-13T16:00:00Z,2035.01,2072.85,2031.44,2048.64,59900.7158668
2026-02-14T00:00:00Z,2048.75,2061.41,2042.45,2057.31,17831.87396964
2026-02-14T08:00:00Z,2057.16,2108.27,2057.16,2087.42,45059.38583349
2026-02-14T16:00:00Z,2087.42,2098.71,2067,2086.34,30225.6335728
2026-02-15T00:00:00Z,2086.63,2103.29,2036.17,2091.17,60639.4299311
2026-02-15T08:00:00Z,2091.37,2096.74,1993.57,2011.42,51379.61177219
2026-02-15T16:00:00Z,2011.43,2011.77,1929.13,1966.5,65339.0266106
2026-02-16T00:00:00Z,1966.55,1981.22,1948.7,1971.32,38016.7100177
2026-02-16T08:00:00Z,1971.31,2023.34,1937.64,1956.81,69195.2115954
2026-02-16T16:00:00Z,1956.67,2003.89,1956.34,1998.44,42372.6163826
2026-02-17T00:00:00Z,1998.44,2008.6,1964.57,1985.85,35374.8833081
2026-02-17T08:00:00Z,1985.84,2002.74,1941.77,1967.25,47697.01810614
2026-02-17T16:00:00Z,1968.86,2015.4,1953.87,1991.42,59099.87118987
2026-02-18T00:00:00Z,1991.68,2023.47,1968.78,2018.04,23328.39144373
2026-02-18T08:00:00Z,2018.24,2038.99,1954.45,1985.53,50012.69195887
2026-02-18T16:00:00Z,1985.46,1987.76,1923.6,1956.09,53815.10310573
2026-02-19T00:00:00Z,1955.95,1987.43,1950.49,1981.68,27641.6106881
2026-02-19T08:00:00Z,1981.67,1982.55,1911.41,1926.48,53334.1795496
2026-02-19T16:00:00Z,1926.28,1952.24,1907.07,1948.88,46614.6943597
2026-02-20T00:00:00Z,1948.88,1968.67,1931.05,1961,28713.50526614
2026-02-20T08:00:00Z,1960.91,1980.45,1923.24,1963.92,58986.21327405
2026-02-20T16:00:00Z,1964.01,1981.57,1939.12,1969.08,48982.6955961
2026-02-21T00:00:00Z,1968.93,1970.55,1955.79,1962.82,10761.7726476
2026-02-21T08:00:00Z,1962.81,1996.19,1962,1988.15,18274.47891718
2026-02-21T16:00:00Z,1988.12,1995.26,1970.11,1973.45,16917.62807127
2026-02-22T00:00:00Z,1973.36,1982.99,1967.54,1976.19,13407.4207241
2026-02-22T08:00:00Z,1975.89,1983.04,1943.56,1954.02,20148.13267407
2026-02-22T16:00:00Z,1954.03,1960.94,1935,1958.15,16625.39282759
2026-02-23T00:00:00Z,1957.9,1958.3,1847.02,1885.6,59122.76188815
2026-02-23T08:00:00Z,1885.59,1935.15,1877.37,1895.28,48413.49210692
2026-02-23T16:00:00Z,1895.29,1900,1837.21,1856.55,58656.8157959
2026-02-24T00:00:00Z,1856.4,1869.39,1811.58,1825.69,63066.7919941
2026-02-24T08:00:00Z,1825.69,1850.04,1800,1847.51,59283.01761281
2026-02-24T16:00:00Z,1847.51,1865.3,1838.46,1851.86,42674.17009692
2026-02-25T00:00:00Z,1851.87,1944.89,1846.73,1893.35,54642.97185848
2026-02-25T08:00:00Z,1893.34,2028.27,1890.36,2013.48,59147.18419266
2026-02-25T16:00:00Z,2013.57,2148.53,2013.43,2057.78,82146.39480447
2026-02-26T00:00:00Z,2057.41,2082.64,2039.1,2053.25,40658.9803663
2026-02-26T08:00:00Z,2053.29,2083.36,2011.55,2033.34,63754.9356487
2026-02-26T16:00:00Z,2033.46,2042.34,1975.4,2027.62,62155.0809291
2026-02-27T00:00:00Z,2027.68,2063.66,2000.96,2032.82,41346.9215902
2026-02-27T08:00:00Z,2032.82,2045.75,1939.21,1948.57,70970.21302815
2026-02-27T16:00:00Z,1948.55,1948.82,1887.29,1929.84,46944.78739715
2026-02-28T00:00:00Z,1929.75,1937.1,1835.61,1866.76,53370.86635265
2026-02-28T08:00:00Z,1866.7,1915.97,1844.73,1898.88,66870.5185029
2026-02-28T16:00:00Z,1898.88,1984.81,1886.54,1964.74,57518.6565188
2026-03-01T00:00:00Z,1964.38,2054.68,1943.57,2007.13,27477.44914371
2026-03-01T08:00:00Z,2007.13,2027.99,1968.78,1993.15,19320.3507803
2026-03-01T16:00:00Z,1993.36,2009.34,1907.3,1939.16,34873.3486857
2026-03-02T00:00:00Z,1939.73,1989.18,1925.76,1941.15,48564.996375021781382
2026-03-02T08:00:00Z,1941.54,2065.31,1919.48,2047.25,90410.403450523004
2026-03-02T16:00:00Z,2047.25,2090.27,2017.71,2027.31,78235.39522561
2026-03-03T00:00:00Z,2027.35,2041.84,1987.77,1996.36,45769.65120073
2026-03-03T08:00:00Z,1996.36,2000.45,1929.17,1969.29,101249.56121476
2026-03-03T16:00:00Z,1969.02,2013.88,1958.74,1982.6,89920.08459034
2026-03-04T00:00:00Z,1982.93,2010.18,1945,2006.72,69586.02211296
2026-03-04T08:00:00Z,2006.59,2157.58,2000.5,2149.99,118753.24207492
2026-03-04T16:00:00Z,2149.99,2198.94,2116.78,2127.79,79482.02665301
2026-03-05T00:00:00Z,2127.27,2144.32,2095.57,2105.14,50191.3599753
2026-03-05T08:00:00Z,2105.13,2163.52,2067.69,2086.05,81630.45164722
2026-03-05T16:00:00Z,2086.87,2099.27,2054.84,2072.81,59238.59113252
2026-03-06T00:00:00Z,2072.82,2093.22,2059.36,2082.79,37244.66789267
2026-03-06T08:00:00Z,2082.86,2082.86,1966.28,1978.02,78100.16796526
2026-03-06T16:00:00Z,1977.95,1993.05,1955.95,1978.77,43687.6603907
2026-03-07T00:00:00Z,1978.87,1996.06,1964.57,1983.05,18510.000736
2026-03-07T08:00:00Z,1983.06,1994.63,1970.45,1981.1,18775.5121467
2026-03-07T16:00:00Z,1981.11,1983.51,1948,1969.58,22273.74432015
2026-03-08T00:00:00Z,1969.59,1977.26,1929.94,1955.49,27441.0594228
2026-03-08T08:00:00Z,1955.08,1979.9,1925.02,1943.24,43594.57526323
2026-03-08T16:00:00Z,1943.24,1971.58,1911.11,1937.07,57516.52823036
2026-03-09T00:00:00Z,1937.07,2014.02,1929.83,1983.88,74868.70564608
2026-03-09T08:00:00Z,1984.07,2032.84,1979.1,2022.95,73876.15283452
2026-03-09T16:00:00Z,2022.53,2053.43,1989.2,1993.46,45761.11542206
2026-03-10T00:00:00Z,1993.08,2059.37,1990.92,2050.95,41856.85128173
2026-03-10T08:00:00Z,2050.98,2086,2008.9,2079.36,67455.78355061
2026-03-10T16:00:00Z,2079.37,2088.32,2018.85,2036.62,53650.19300093
2026-03-11T00:00:00Z,2036.62,2041.69,2007.08,2012.23,27809.57036981
2026-03-11T08:00:00Z,2012.56,2082.3,2009.49,2049.63,65510.23157159
2026-03-11T16:00:00Z,2049.74,2085.45,2044.32,2051.99,45475.1381064
2026-03-12T00:00:00Z,2051.99,2057.86,2017.93,2040.78,25169.2778838
2026-03-12T08:00:00Z,2040.79,2094.75,2037.58,2072.47,58598.79816341
2026-03-12T16:00:00Z,2072.33,2093.27,2045.58,2073.44,39303.30147245
2026-03-13T00:00:00Z,2073.49,2148.55,2070.41,2099.33,44124.76436686
2026-03-13T08:00:00Z,2099.53,2209.45,2091.6,2128.27,74381.07360121
2026-03-13T16:00:00Z,2128.01,2143.59,2078.72,2092.61,48166.80227537
2026-03-14T00:00:00Z,2092,2105.83,2068.68,2077.29,19325.97216661
2026-03-14T08:00:00Z,2077.3,2081.93,2061.61,2074.72,15255.05746674
2026-03-14T16:00:00Z,2074.71,2099.68,2069.04,2096.04,12374.1275367
2026-03-15T00:00:00Z,2096.19,2115.6,2083.52,2105.64,18229.7780244
2026-03-15T08:00:00Z,2105.64,2123.38,2086.71,2093.79,18876.67257597
2026-03-15T16:00:00Z,2093.8,2202.55,2088.86,2178.19,44469.48084119
2026-03-16T00:00:00Z,2178.2,2288.77,2165.03,2248.82,58816.80545774
2026-03-16T08:00:00Z,2248.82,2308.28,2234.51,2273.46,58520.07818459
2026-03-16T16:00:00Z,2273.47,2385.96,2270.04,2352.87,56611.73093664
2026-03-17T00:00:00Z,2352.87,2376.3,2296.12,2327.96,55517.3175729
2026-03-17T08:00:00Z,2327.97,2357.81,2304.38,2316.19,53412.9586728
2026-03-17T16:00:00Z,2316.2,2344.62,2312.49,2317.31,28023.1119714
2026-03-18T00:00:00Z,2317.32,2350.02,2307.09,2317.49,23000.301962
2026-03-18T08:00:00Z,2317.5,2333.51,2170.14,2187.77,60647.42727793
2026-03-18T16:00:00Z,2187.42,2220.38,2153.03,2203.52,57087.57529206
2026-03-19T00:00:00Z,2203.52,2233.55,2143.25,2166.81,41486.7653368
2026-03-19T08:00:00Z,2166.71,2192.22,2099.02,2118.64,63645.62822690511
2026-03-19T16:00:00Z,2118.64,2156.98,2104.96,2138.06,43835.784839
2026-03-20T00:00:00Z,2138.07,2160.85,2121.36,2150.77,25650.66918716
2026-03-20T08:00:00Z,2150.77,2176.77,2116.6,2134.51,55216.3630871
2026-03-20T16:00:00Z,2134.13,2167.99,2117.38,2146.36,36458.812082
2026-03-21T00:00:00Z,2146.22,2161.35,2144.25,2155.14,9500.48685789
2026-03-21T08:00:00Z,2155.36,2168.17,2146.56,2155.27,8764.47005747
2026-03-21T16:00:00Z,2155.27,2156.98,2070.92,2084.58,19091.6774724
2026-03-22T00:00:00Z,2084.55,2127.42,2050.04,2093.58,37866.6110407
2026-03-22T08:00:00Z,2093.62,2096.51,2067.11,2082.96,28785.1558978
2026-03-22T16:00:00Z,2083.09,2084.82,2025.96,2053.88,37679.1397256
2026-03-23T00:00:00Z,2053.89,2072.17,2022.94,2044.87,42174.17060773
2026-03-23T08:00:00Z,2044.95,2197.93,2029.21,2128.45,106976.96410095
2026-03-23T16:00:00Z,2128.7,2178.61,2117.78,2152.53,39137.1185017
2026-03-24T00:00:00Z,2152.18,2170.75,2124.33,2165.74,32588.74202337
2026-03-24T08:00:00Z,2165.62,2175.23,2119.25,2135.42,24130.05793077
2026-03-24T16:00:00Z,2134.84,2163.75,2103,2156.21,20526.8287779
2026-03-25T00:00:00Z,2156.42,2179.79,2146.2,2164.83,9770.38898840460294695482
2026-03-25T08:00:00Z,2165.08,2198.97,2147.61,2162.54,24845.51172337
2026-03-25T16:00:00Z,2162.45,2186.48,2156.01,2168.99,13333.11006688
2026-03-26T00:00:00Z,2168.78,2172.29,2112.39,2123.42,12649.86991579
2026-03-26T08:00:00Z,2123.44,2128.23,2051.72,2070.11,27746.3288247
2026-03-26T16:00:00Z,2070.08,2080.64,2034.14,2060.25,26321.05201195
2026-03-27T00:00:00Z,2060.46,2076.99,2042.92,2066.11,11237.0293362
2026-03-27T08:00:00Z,2066.12,2069.71,1968.93,1990.92,39807.4165344
2026-03-27T16:00:00Z,1990.44,1998.13,1974.4,1992.91,15463.8750134
2026-03-28T00:00:00Z,1992.91,2008.17,1982.89,2007.19,6066.2930528
2026-03-28T08:00:00Z,2007.19,2046.52,1992.32,2026.84,15912.5073367
2026-03-28T16:00:00Z,2027.06,2029.99,1989.07,1994.76,10517.38935787
2026-03-29T00:00:00Z,1994.41,2019.45,1991.61,2006.09,8797.8620705
2026-03-29T08:00:00Z,2006.09,2008.03,1983.64,1992.7,9308.2972541
2026-03-29T16:00:00Z,1992.78,2009.3,1938.2,1984.37,20230.0828874
2026-03-30T00:00:00Z,1985.19,2067.5,1980.59,2059.55,26176.42290861
2026-03-30T08:00:00Z,2059.55,2085.07,2044.13,2074.73,32092.9884655
2026-03-30T16:00:00Z,2074.74,2075.1,2013.42,2026.24,26415.89840821
2026-03-31T00:00:00Z,2026.85,2092.1,2016.22,2055.84,29701.53305721
2026-03-31T08:00:00Z,2055.88,2092,2012.55,2054.94,45057.16160734
2026-03-31T16:00:00Z,2054.67,2124.67,2054.45,2105.28,46161.80606733
2026-04-01T00:00:00Z,2105.18,2158.31,2082.22,2130.94,26686.2582571
2026-04-01T08:00:00Z,2130.94,2150.78,2108.81,2135,28627.4301955
2026-04-01T16:00:00Z,2135.07,2167.95,2123.77,2140.28,23986.87915468
2026-04-02T00:00:00Z,2140.12,2159.64,2038.61,2056.1,42316.78087251
2026-04-02T08:00:00Z,2056.09,2072.02,2016.76,2059.76,33662.6497511
2026-04-02T16:00:00Z,2059.76,2076.97,2043.49,2057.18,18655.6795898
2026-04-03T00:00:00Z,2057.32,2075.33,2040.57,2065.92,14778.24498445
2026-04-03T08:00:00Z,2065.91,2082,2041.68,2051.38,9815.84532676979166666667
2026-04-03T16:00:00Z,2051.38,2060.89,2043.81,2053.75,5025.75444538
2026-04-04T00:00:00Z,2053.75,2057.89,2048.08,2053.75,2827.4443746
2026-04-04T08:00:00Z,2053.75,2061.64,2044.33,2056.2,5305.02486620248913674802
2026-04-04T16:00:00Z,2056.21,2083.61,2052.68,2065.57,9055.36392373
2026-04-05T00:00:00Z,2065.42,2065.62,2027.5,2037.2,7272.85239711
2026-04-05T08:00:00Z,2036.95,2070.05,2022.11,2053.61,12342.23755475
2026-04-05T16:00:00Z,2053.81,2123.03,2048.74,2109.42,19925.2936213
2026-04-06T00:00:00Z,2110.38,2147.11,2110.38,2134.73,20186.1589101
2026-04-06T08:00:00Z,2134.76,2174.11,2133.49,2164.68,29164.73539187
2026-04-06T16:00:00Z,2164.69,2168.59,2088.06,2107.44,21523.5064137
2026-04-07T00:00:00Z,2106.51,2120.3,2093.47,2104.17,17797.40745689
2026-04-07T08:00:00Z,2104.17,2133.82,2060.22,2080.35,39998.71410675
2026-04-07T16:00:00Z,2080.15,2273.24,2077.52,2240.24,72274.66898912714949199674
2026-04-08T00:00:00Z,2240.01,2260.78,2227.84,2253.46,22748.83734643
2026-04-08T08:00:00Z,2253.46,2270.5,2187.29,2215.36,32986.02245101685734490518
2026-04-08T16:00:00Z,2214.85,2239.19,2179.69,2189.87,20705.35388267
2026-04-09T00:00:00Z,2190.04,2193.72,2162.2,2180.97,11234.8311069
2026-04-09T08:00:00Z,2180.99,2225,2157.36,2217.95,24361.97362797
2026-04-09T16:00:00Z,2218.25,2245.88,2183.31,2190.42,33613.53051514
2026-04-10T00:00:00Z,2190.39,2204.14,2176.42,2179.67,14879.01593164
2026-04-10T08:00:00Z,2179.83,2257.31,2177.43,2224.25,28476.8327390780955240386
2026-04-10T16:00:00Z,2224.47,2257.4,2221.15,2245.3,11952.4685188
2026-04-11T00:00:00Z,2245.31,2252.45,2229.26,2232.92,5883.93389
2026-04-11T08:00:00Z,2232.93,2256.65,2232.32,2249.44,6379.6535249
2026-04-11T16:00:00Z,2249.45,2330.08,2246.64,2284.58,24170.1090448
2026-04-12T00:00:00Z,2284.58,2288.48,2207.09,2218.14,19662.2776142
2026-04-12T08:00:00Z,2218.15,2219.19,2175,2186.42,15436.02079267550751787128
2026-04-12T16:00:00Z,2186.41,2218.09,2182.81,2191.4,17163.5780337
2026-04-13T00:00:00Z,2191.72,2208.79,2182.49,2186.69,12063.2843162
2026-04-13T08:00:00Z,2186.69,2236.12,2175.52,2209.11,27120.97460495
2026-04-13T16:00:00Z,2209.12,2394.45,2199.85,2368.89,52625.98577937
2026-04-14T00:00:00Z,2368.9,2389.59,2354.01,2377.6,16023.5211995
2026-04-14T08:00:00Z,2377.81,2415.7,2333.05,2364.68,39116.5197839524236208593
2026-04-14T16:00:00Z,2364.28,2371.13,2303.36,2322.4,24445.89741783510226680224
2026-04-15T00:00:00Z,2322.42,2342.47,2308.65,2316.35,15523.32430278
2026-04-15T08:00:00Z,2316.53,2349.36,2312.33,2332.27,22858.70009303
2026-04-15T16:00:00Z,2331.73,2385.59,2329.17,2360.07,23480.07057474
2026-04-16T00:00:00Z,2360.07,2369.55,2335.82,2341.67,14926.5213904
2026-04-16T08:00:00Z,2341.68,2352.39,2285.03,2339.13,27130.322942
2026-04-16T16:00:00Z,2339.48,2364.2,2310.17,2348.23,28357.15557161135032776139
2026-04-17T00:00:00Z,2348.22,2351.05,2316.92,2334.35,12488.02290513
2026-04-17T08:00:00Z,2334.27,2457.21,2333.02,2442.01,58148.43216226933899360797
2026-04-17T16:00:00Z,2442.01,2465,2415.31,2418.56,23394.65123536
2026-04-18T00:00:00Z,2418.98,2427.45,2399.45,2403.8,7806.3049614
2026-04-18T08:00:00Z,2403.8,2404.85,2343.73,2363.51,17991.10313147473447055038
2026-04-18T16:00:00Z,2363.49,2375.16,2339.27,2350.09,14975.220074
2026-04-19T00:00:00Z,2350.23,2355.11,2298.15,2315.82,13981.7159708
2026-04-19T08:00:00Z,2315.67,2350.37,2306.14,2331.33,14363.4147619
2026-04-19T16:00:00Z,2330.95,2331.73,2252.31,2263.03,28008.95430222
2026-04-20T00:00:00Z,2263.58,2332.23,2259.92,2298.13,19758.86633856
2026-04-20T08:00:00Z,2298.16,2326.14,2278.21,2313.55,28989.8128863
2026-04-20T16:00:00Z,2313.83,2346.78,2297.7,2313.49,25305.3469738
2026-04-21T00:00:00Z,2313.74,2327.06,2299.67,2318.01,12718.61161317
2026-04-21T08:00:00Z,2318.01,2338.2,2290.25,2310.2,28341.00297472
2026-04-21T16:00:00Z,2310.21,2331.3,2284.59,2327.2,33735.28588947
2026-04-22T00:00:00Z,2327.21,2412.69,2313.23,2389.47,33720.10243114
2026-04-22T08:00:00Z,2389.47,2435.3,2382.87,2403.11,28997.43027626
2026-04-22T16:00:00Z,2403.82,2413.64,2374.04,2374.17,18906.6603281
2026-04-23T00:00:00Z,2374.31,2382.71,2331.35,2344.19,22864.90634785
2026-04-23T08:00:00Z,2344.2,2345.08,2306.24,2333.42,27102.33874007
2026-04-23T16:00:00Z,2333.6,2338.59,2285.36,2330.2,30015.0883509
2026-04-24T00:00:00Z,2330.45,2337.57,2300.21,2311.6,11181.02008419864695001971
2026-04-24T08:00:00Z,2311.6,2332.15,2301.84,2323.98,20765.1800393
2026-04-24T16:00:00Z,2323.97,2328.03,2307.27,2314.9,11432.65552216
2026-04-25T00:00:00Z,2314.86,2321.24,2311.31,2316.51,3486.2652805
2026-04-25T08:00:00Z,2316.29,2323.09,2302.48,2308.12,4880.9054587
2026-04-25T16:00:00Z,2308.06,2320.47,2300.82,2319.34,5892.17624669
2026-04-26T00:00:00Z,2319.35,2336.72,2306.39,2331.1,6865.8116504
2026-04-26T08:00:00Z,2331.1,2352.25,2324.92,2347.78,9474.78824461
2026-04-26T16:00:00Z,2347.79,2380.25,2340.13,2369.52,20382.58444636769815474588
2026-04-27T00:00:00Z,2369.63,2404.15,2312.75,2316.36,25054.38986226
2026-04-27T08:00:00Z,2316.27,2329.3,2266.19,2275.22,10529.58211994
2026-04-27T16:00:00Z,2275.01,2308.55,2270.05,2303.79,11913.65385819
2026-04-28T00:00:00Z,2303.81,2310.92,2270,2287.94,13431.6055633
2026-04-28T08:00:00Z,2287.93,2291.42,2258.01,2279.71,23141.26048147
2026-04-28T16:00:00Z,2279.68,2305.45,2274.32,2289.42,11870.41460598
2026-04-29T00:00:00Z,2289.4,2342,2279.11,2323.62,10129.0942149
2026-04-29T08:00:00Z,2323.63,2346.54,2263.09,2272.39,28226.29079051
2026-04-29T16:00:00Z,2272.48,2285.55,2220.29,2252.73,37333.83674778
2026-04-30T00:00:00Z,2253.09,2279.15,2231.64,2259.45,18204.751612
2026-04-30T08:00:00Z,2260.5,2275.35,2246.71,2265.92,16286.580383
2026-04-30T16:00:00Z,2265.93,2267.4,2251.59,2257.56,7805.1834829
2026-05-01T00:00:00Z,2257.61,2294.99,2257.14,2279.65,10483.5147759
2026-05-01T08:00:00Z,2279.7,2325.79,2277.3,2307.92,19111.22196887
2026-05-01T16:00:00Z,2307.83,2314.43,2279.39,2295.71,11326.2038783
2026-05-02T00:00:00Z,2295.72,2308.1,2293.04,2301.04,4316.37706212
2026-05-02T08:00:00Z,2301.06,2311.9,2299.02,2309.03,3777.2749617
2026-05-02T16:00:00Z,2309.11,2342,2303.68,2316.88,8340.87069491
2026-05-03T00:00:00Z,2316.89,2317.84,2297.48,2309.01,5707.17390825
2026-05-03T08:00:00Z,2309.01,2333.28,2307.34,2328.2,9435.54354492
2026-05-03T16:00:00Z,2328.21,2356.47,2315.15,2322.82,15794.7525069
2026-05-04T00:00:00Z,2322.58,2399.18,2309.31,2363,25623.35541859321119517911
2026-05-04T08:00:00Z,2363,2382.12,2314.36,2350.19,33024.00717016
2026-05-04T16:00:00Z,2350.25,2379.77,2336.6,2346.9,17186.05814861
2026-05-05T00:00:00Z,2346.9,2390.5,2344.87,2381,12405.69640923
2026-05-05T08:00:00Z,2380.55,2399.96,2366.87,2381.29,16431.2251685
2026-05-05T16:00:00Z,2381.17,2388.58,2354.35,2360.79,14855.89982555
2026-05-06T00:00:00Z,2360.78,2380.8,2354.2,2371.81,10575.56493952
2026-05-06T08:00:00Z,2371.67,2423.02,2345.88,2359.1,33163.97026323
2026-05-06T16:00:00Z,2359,2367.5,2337.48,2350.96,11982.70937269
2026-05-07T00:00:00Z,2350.9,2352.28,2312.86,2344.41,14909.3501223
2026-05-07T08:00:00Z,2344.4,2346.5,2286,2294.82,18226.8383281
2026-05-07T16:00:00Z,2294.48,2304.1,2280,2291.03,13796.00595618
2026-05-08T00:00:00Z,2291.21,2294.29,2265.26,2281.61,8562.78640417
2026-05-08T08:00:00Z,2281.37,2301.83,2270,2293.19,15899.1728953
2026-05-08T16:00:00Z,2293.35,2321.46,2286.18,2307.37,13675.39614836
2026-05-09T00:00:00Z,2307.37,2325.34,2304.65,2314.51,7158.58087932315502008033
2026-05-09T08:00:00Z,2314.51,2320.08,2299.46,2317.5,7357.29995697
2026-05-09T16:00:00Z,2317.5,2338.35,2315.22,2326.76,8593.89338362
2026-05-10T00:00:00Z,2326.53,2333.04,2318.35,2327.55,5254.6399253
2026-05-10T08:00:00Z,2327.56,2350.97,2318.81,2347.31,7633.91553113
2026-05-10T16:00:00Z,2347.73,2382.44,2311.8,2371.08,26977.94980493
2026-05-11T00:00:00Z,2371.08,2374.28,2320.42,2330.67,14836.66135532
2026-05-11T08:00:00Z,2330.67,2339.87,2304.24,2333.54,16079.1885238
2026-05-11T16:00:00Z,2333.54,2345.75,2323.92,2339.84,13287.76421343098866458551
2026-05-12T00:00:00Z,2339.84,2340.64,2291.79,2295.42,12442.28931803
2026-05-12T08:00:00Z,2295.5,2296.5,2257.05,2261.53,19850.16249801
2026-05-12T16:00:00Z,2261.73,2291.82,2256.59,2275.19,9823.2339696627127320952
2026-05-13T00:00:00Z,2275.2,2308.92,2273.3,2300.97,8187.42945978
2026-05-13T08:00:00Z,2301.02,2323,2234.11,2236.73,21293.98759885
2026-05-13T16:00:00Z,2236.51,2268.29,2235.65,2258.52,12111.40215031
2026-05-14T00:00:00Z,2258.64,2275.03,2238.47,2264.89,12571.29537452
2026-05-14T08:00:00Z,2265.16,2299.5,2246.66,2298.9,14822.848111
2026-05-14T16:00:00Z,2298.66,2319.24,2280.7,2283.31,14690.59270779172455969048
2026-05-15T00:00:00Z,2283.32,2299.99,2238.23,2265.29,14268.80210073
2026-05-15T08:00:00Z,2265.29,2265.5,2205,2222.23,38016.3224365
2026-05-15T16:00:00Z,2222.48,2232.6,2214.75,2224.1,10510.46943684
2026-05-16T00:00:00Z,2224.36,2231.29,2182.06,2194.69,10002.31487140567541321837
2026-05-16T08:00:00Z,2194.34,2196.75,2162.61,2179.93,11990.42107
2026-05-16T16:00:00Z,2179.93,2184.72,2170.6,2180.67,4949.94551816
2026-05-17T00:00:00Z,2180.67,2194.95,2167.63,2186.38,5873.7023677
2026-05-17T08:00:00Z,2186.38,2198.45,2178.12,2186.62,6841.9626392
2026-05-17T16:00:00Z,2186.53,2195,2093.04,2131.05,18490.048374
2026-05-18T00:00:00Z,2130.86,2131.74,2104.95,2121.01,20583.0145361
2026-05-18T08:00:00Z,2121.01,2157.11,2093.5,2107.27,46125.58746093
2026-05-18T16:00:00Z,2107.56,2142.48,2078.02,2129.84,40879.6847673
2026-05-19T00:00:00Z,2129.85,2146.96,2119.51,2141.13,17879.343614
2026-05-19T08:00:00Z,2141.13,2141.31,2094.81,2110.17,20229.0933063
2026-05-19T16:00:00Z,2110.33,2124.99,2102.35,2111.77,7162.211577
2026-05-20T00:00:00Z,2111.79,2136.42,2103.27,2129.72,9717.40158229811764727401
2026-05-20T08:00:00Z,2129.73,2148.85,2113.93,2136.74,14301.19805514784089219951
2026-05-20T16:00:00Z,2136.74,2149.11,2118.46,2129.48,10770.08639073
2026-05-21T00:00:00Z,2129.48,2157.42,2124.36,2135.08,9107.71941873
2026-05-21T08:00:00Z,2135,2148.27,2105.31,2132.37,16087.19824963
2026-05-21T16:00:00Z,2132.43,2153.66,2121.55,2133.96,11160.20556982
2026-05-22T00:00:00Z,2133.96,2141.51,2122,2128.57,5779.48366792088357025218
2026-05-22T08:00:00Z,2128.57,2138.06,2112.35,2119.48,9233.9932116
2026-05-22T16:00:00Z,2119.48,2129.96,2057.42,2065.88,16463.0278549
2026-05-23T00:00:00Z,2066.11,2071.77,2009.16,2028.54,13002.96869166370350298325
2026-05-23T08:00:00Z,2028.53,2068.4,2021.28,2060.25,8930.35973156
2026-05-23T16:00:00Z,2060.26,2149.74,2057.18,2117.59,21988.52152044
2026-05-24T00:00:00Z,2117.62,2130,2113.16,2120.87,5435.75537902
2026-05-24T08:00:00Z,2120.87,2131.66,2079.13,2095.67,10458.91526151
2026-05-24T16:00:00Z,2095.74,2108.81,2062.78,2099.69,11986.7659526
2026-05-25T00:00:00Z,2099.69,2117.42,2092.28,2116.26,9448.2116232
2026-05-25T08:00:00Z,2116.25,2138.32,2111.74,2127.08,7180.6608593
2026-05-25T16:00:00Z,2127.08,2141.7,2102.42,2113.02,7988.06986468
2026-05-26T00:00:00Z,2113.02,2113.94,2084.55,2095.49,9476.91323402
2026-05-26T08:00:00Z,2095.64,2140.49,2078.75,2087.33,20108.5230293
2026-05-26T16:00:00Z,2087.55,2089.94,2055.06,2073.85,13752.28327692562518
2026-05-27T00:00:00Z,2074,2084.13,2056.76,2083.62,8122.2529253
2026-05-27T08:00:00Z,2083.61,2097.1,2052.05,2071.45,17943.9463846
2026-05-27T16:00:00Z,2071.54,2074.35,2015.77,2025.07,18498.7185566
2026-05-28T00:00:00Z,2025.07,2029.17,1967.31,1995.24,23299.4403601
2026-05-28T08:00:00Z,1995.25,2002.37,1967.69,1990.44,18241.4342675
2026-05-28T16:00:00Z,1990.44,2029.85,1985.18,2009.89,12940.82285146861320042522
2026-05-29T00:00:00Z,2009.7,2021,1997.49,2007.53,7408.8177272
2026-05-29T08:00:00Z,2007.53,2046.1,1976.84,2031.37,19922.4011875
2026-05-29T16:00:00Z,2031.37,2044.04,2004.96,2014.36,14709.9645691
2026-05-30T00:00:00Z,2014.36,2023.35,2002.13,2016.26,6018.0963151
2026-05-30T08:00:00Z,2016.27,2032.23,2013.86,2026.6,4878.8272565
2026-05-30T16:00:00Z,2026.6,2031.1,2019.65,2022.54,5501.2812536
2026-05-31T00:00:00Z,2022.63,2037.75,2020.79,2023.96,4539.2395948
2026-05-31T08:00:00Z,2023.97,2028.95,2005.97,2010.71,7352.8341273
2026-05-31T16:00:00Z,2010.72,2023.25,1994,2007.16,8807.6195685
2026-06-01T00:00:00Z,2007.17,2021.49,1971.92,1976.43,14572.5010981
2026-06-01T08:00:00Z,1976.43,1994.04,1956.74,1968.59,24891.805026
2026-06-01T16:00:00Z,1968.55,2009.08,1958.75,2006.64,17382.8813056
2026-06-02T00:00:00Z,2006.6,2006.73,1962.54,1981.92,18709.7163968
2026-06-02T08:00:00Z,1981.92,1988.94,1884.42,1914.99,36127.8501293
2026-06-02T16:00:00Z,1914.95,1943.83,1839.85,1860,49975.4281596
2026-06-03T00:00:00Z,1859.94,1884.2,1817.14,1878.34,36247.60067571477692732342
2026-06-03T08:00:00Z,1878.25,1892.92,1836.41,1837.03,25854.52128783
2026-06-03T16:00:00Z,1837.05,1851.98,1769.44,1813.27,51986.1506917
2026-06-04T00:00:00Z,1813.26,1820.81,1717.38,1777.28,63183.7302691
2026-06-04T08:00:00Z,1777.27,1794.15,1730.55,1776.9,43458.2940057
2026-06-04T16:00:00Z,1776.91,1786.97,1752.74,1770.76,25323.34162616046794818505
2026-06-05T00:00:00Z,1770.63,1774.71,1625.12,1679.4,85209.41382859
2026-06-05T08:00:00Z,1679.44,1690.09,1572.41,1583.57,66587.08833743
2026-06-05T16:00:00Z,1583.31,1619.4,1540.4,1583.39,91976.99637401
2026-06-06T00:00:00Z,1583.39,1601.18,1505.5,1575.06,31956.98574217
2026-06-06T08:00:00Z,1575.51,1592.88,1535.65,1560.5,14900.2037132
2026-06-06T16:00:00Z,1560.42,1569.97,1547.32,1569.75,7657.2157333
2026-06-07T00:00:00Z,1569.53,1623.1,1564.19,1615.18,11142.22987089
2026-06-07T08:00:00Z,1615.38,1648.38,1607.01,1629.86,12032.0146485
2026-06-07T16:00:00Z,1630.03,1721.09,1604.3,1690.55,15492.85141717649671013877
2026-06-08T00:00:00Z,1690.61,1711.76,1645.18,1673.43,10250.17781801
2026-06-08T08:00:00Z,1673.15,1706.02,1657.39,1691.65,13507.3271615
2026-06-08T16:00:00Z,1691.61,1714.4,1675.81,1690.43,9250.96620349
2026-06-09T00:00:00Z,1689.9,1696.88,1654.73,1680.27,10188.5402072
2026-06-09T08:00:00Z,1680.28,1683.38,1634.04,1636.52,14528.4458119
2026-06-09T16:00:00Z,1636.22,1663.64,1614.17,1639.44,13305.40107444
2026-06-10T00:00:00Z,1639.88,1646.89,1616.23,1639.9,8569.03020018
2026-06-10T08:00:00Z,1640.13,1668.09,1606.01,1658.03,31988.2553102
2026-06-10T16:00:00Z,1658.27,1658.59,1603.39,1621.82,30075.4772663
2026-06-11T00:00:00Z,1621.57,1663,1621.57,1654.51,16434.5637598
2026-06-11T08:00:00Z,1654.33,1673.25,1636.22,1645.61,28550.19731614
2026-06-11T16:00:00Z,1645.51,1693.39,1632.9,1673.31,30661.8408673
2026-06-12T00:00:00Z,1673.6,1681.94,1652.4,1661.95,10796.9844444
2026-06-12T08:00:00Z,1662.08,1691.22,1653.71,1659.92,20592.25611139
2026-06-12T16:00:00Z,1660.06,1678.1,1657.32,1666.25,11348.8939091
2026-06-13T00:00:00Z,1666.35,1677.8,1662.12,1676.52,7440.033485
2026-06-13T08:00:00Z,1676.5,1686.3,1672.75,1682.12,8844.5276773
2026-06-13T16:00:00Z,1682.13,1697.1,1671.3,1680.66,9236.2523877
2026-06-14T00:00:00Z,1681.16,1690.43,1673.9,1675.78,6243.8595055
2026-06-14T08:00:00Z,1675.78,1679.01,1654.82,1662.96,9456.57710233
2026-06-14T16:00:00Z,1662.75,1732.19,1658.85,1726.05,24372.889228
2026-06-15T00:00:00Z,1725.76,1732.45,1710.05,1716.68,9596.5559227
2026-06-15T08:00:00Z,1716.68,1849.37,1712.37,1845.21,32298.63527393814932896029
2026-06-15T16:00:00Z,1845.16,1847.16,1783.1,1795.9,15997.6730087
2026-06-16T00:00:00Z,1795.91,1802.24,1758.75,1774.29,13084.9681512
2026-06-16T08:00:00Z,1774.29,1839.35,1763.19,1782.73,35221.46521179
2026-06-16T16:00:00Z,1782.52,1808.41,1773.32,1793.03,12802.5363419
2026-06-17T00:00:00Z,1793.49,1809.84,1779.06,1785.22,10267.58015239
2026-06-17T08:00:00Z,1785.12,1786.38,1741.46,1773.42,22805.02833086
2026-06-17T16:00:00Z,1773.45,1795.85,1725.71,1750.69,40065.1797854
2026-06-18T00:00:00Z,1750.82,1762.83,1722.27,1749.69,12789.7005288
2026-06-18T08:00:00Z,1749.7,1753.47,1679.06,1682.24,26628.10078167
2026-06-18T16:00:00Z,1682.24,1717.7,1671.76,1710.96,19830.54020292
2026-06-19T00:00:00Z,1711.23,1719.42,1682.68,1695.85,15090.2069836
2026-06-19T08:00:00Z,1695.85,1712.06,1678.97,1707.67,15104.6227242
2026-06-19T16:00:00Z,1707.59,1714.98,1693.8,1711.1,9495.7284838
2026-06-20T00:00:00Z,1711.09,1734.02,1704.18,1725.93,9587.8936559
2026-06-20T08:00:00Z,1726.04,1749.54,1708.26,1740.38,14721.76688304
2026-06-20T16:00:00Z,1740.83,1745.95,1721.26,1741.02,10607.632487
2026-06-21T00:00:00Z,1740.88,1741.22,1729.81,1732.41,5079.63532369
2026-06-21T08:00:00Z,1732.42,1737.07,1717.48,1730.79,10445.4009346
2026-06-21T16:00:00Z,1730.69,1739.27,1701.51,1707.76,14470.87519776
2026-06-22T00:00:00Z,1707.15,1759.85,1707.15,1746.36,17179.79885857
2026-06-22T08:00:00Z,1746.37,1779.65,1742.33,1744.83,20238.73723886
2026-06-22T16:00:00Z,1745.23,1747.65,1717.12,1728.34,15776.2948459
2026-06-23T00:00:00Z,1727.8,1736.22,1680.9,1682.89,15535.65477754
2026-06-23T08:00:00Z,1682.95,1684.62,1633.96,1659.6,30542.1727492
2026-06-23T16:00:00Z,1659.6,1673.89,1649.84,1667.27,12849.1872386
2026-06-24T00:00:00Z,1667.27,1680.28,1658.31,1672.9,11882.9327423
2026-06-24T08:00:00Z,1673.46,1692.46,1616.93,1618.46,38956.7402121008473835366
2026-06-24T16:00:00Z,1618.04,1635.91,1552.81,1622.17,58781.74325872
2026-06-25T00:00:00Z,1622.5,1660.39,1614.56,1657.26,15825.8725825
2026-06-25T08:00:00Z,1657.27,1658.93,1532.6,1570.05,68815.18274378
2026-06-25T16:00:00Z,1570.6,1587.5,1554.67,1567.51,21463.4028208
2026-06-26T00:00:00Z,1567.96,1586.17,1512.41,1580.77,32735.4782376
2026-06-26T08:00:00Z,1580.82,1588,1521.63,1580.18,37505.56193829
2026-06-26T16:00:00Z,1580.28,1594.36,1567.92,1578.73,10099.7102311
2026-06-27T00:00:00Z,1578.68,1586.96,1571.66,1585.63,5746.5166202
2026-06-27T08:00:00Z,1585.62,1610.73,1578.97,1605.35,7357.9309246
2026-06-27T16:00:00Z,1605.36,1607.63,1562.74,1573.99,9936.35766643
2026-06-28T00:00:00Z,1573.99,1579.96,1562.74,1576.12,5425.5746874
2026-06-28T08:00:00Z,1575.96,1589.01,1572.14,1580.82,7024.96722883
2026-06-28T16:00:00Z,1581.11,1581.96,1548.34,1571.85,13117.9549692
2026-06-29T00:00:00Z,1572.03,1589.33,1550.47,1580.23,12948.09489144
2026-06-29T08:00:00Z,1580.08,1596.64,1557.6,1580,25872.4057795
2026-06-29T16:00:00Z,1580.09,1637.4,1574.1,1613.21,15993.09151129
2026-06-30T00:00:00Z,1612.87,1614.23,1580,1592.18,10718.57261363
2026-06-30T08:00:00Z,1592.19,1594.14,1550.41,1565.04,21340.96741996873724066128
2026-06-30T16:00:00Z,1565.35,1582.91,1561.97,1571.92,8758.93408098174223223582
2026-07-01T00:00:00Z,1572.38,1603.98,1553.17,1578.32,15840.3943455
2026-07-01T08:00:00Z,1578.32,1630.87,1565.26,1620.03,20367.5854317
2026-07-01T16:00:00Z,1619.79,1646.35,1607.22,1609.64,15757.2138431
2026-07-02T00:00:00Z,1609.64,1642.31,1597.13,1616.18,14131.69361702
2026-07-02T08:00:00Z,1616.03,1724.3,1615.35,1697.05,28367.280923
2026-07-02T16:00:00Z,1697.09,1706.86,1686.62,1700.41,7954.690295
2026-07-03T00:00:00Z,1700.55,1721.97,1694.61,1717.8,6670.00546263
2026-07-03T08:00:00Z,1717.8,1753.37,1715.59,1731.1,11438.78833771
2026-07-03T16:00:00Z,1731.16,1775.66,1727.85,1758.4,10121.66897917
2026-07-04T00:00:00Z,1758.07,1764.74,1744.24,1758.41,4038.7361381
2026-07-04T08:00:00Z,1758.28,1800,1755,1791.31,8865.14018619
2026-07-04T16:00:00Z,1791.22,1807.33,1772.67,1780.7,8161.94030564
2026-07-05T00:00:00Z,1780.7,1780.78,1757.16,1769.93,4746.45191305
2026-07-05T08:00:00Z,1769.9,1781.24,1748.57,1774.4,5494.723362
2026-07-05T16:00:00Z,1774.56,1808.34,1769.48,1786,10973.6788707
2026-07-06T00:00:00Z,1785.88,1799.1,1764.92,1772.31,6491.92171188
2026-07-06T08:00:00Z,1772.31,1788.72,1728.61,1787.77,17940.6259263
2026-07-06T16:00:00Z,1788.73,1833.58,1782.18,1799.41,13740.82653145
2026-07-07T00:00:00Z,1799.64,1810.2,1757.92,1771.26,8826.0211007
2026-07-07T08:00:00Z,1771.27,1803.2,1761.31,1797.66,14159.301718
2026-07-07T16:00:00Z,1797.52,1812.38,1765.55,1771.37,10614.86295973
2026-07-08T00:00:00Z,1771.49,1785,1741.68,1756.8,8574.4939709
2026-07-08T08:00:00Z,1756.63,1758.65,1713.55,1722.93,15652.0432085
2026-07-08T16:00:00Z,1722.79,1746.16,1722.79,1743.47,7320.513556
2026-07-09T00:00:00Z,1743.33,1762.16,1721.67,1753.28,8854.3655903
2026-07-09T08:00:00Z,1753.19,1758.58,1733.66,1739.24,11230.3043753
2026-07-09T16:00:00Z,1739.42,1759.67,1731.9,1745.12,7554.0698849
2026-07-10T00:00:00Z,1745.19,1780.08,1737.65,1773.15,11363.2558353
2026-07-10T08:00:00Z,1773.16,1812.03,1772.42,1790.9,13311.23033084
2026-07-10T16:00:00Z,1791.01,1799.28,1781.61,1796.98,8648.1517597
2026-07-11T00:00:00Z,1796.89,1803.79,1786.72,1799.63,5069.0302767
2026-07-11T08:00:00Z,1799.63,1827.64,1795.31,1814.77,8540.0557084
2026-07-11T16:00:00Z,1814.77,1829.97,1786.95,1787.81,9868.99492525
2026-07-12T00:00:00Z,1787.81,1814.04,1780,1798.87,7765.2803435
2026-07-12T08:00:00Z,1798.75,1826.71,1796.61,1820.98,5871.2559249
2026-07-12T16:00:00Z,1820.99,1824.19,1797.53,1806.56,5391.63001331
2026-07-13T00:00:00Z,1806.52,1847,1773.94,1787.38,15709.728663
2026-07-13T08:00:00Z,1787.38,1793,1762.4,1777.15,13876.2223258
2026-07-13T16:00:00Z,1777.15,1780.7,1750.47,1776.64,10769.8471735
2026-07-14T00:00:00Z,1776.65,1794.26,1773.46,1781.12,7011.83726234
2026-07-14T08:00:00Z,1781.12,1888.59,1778.75,1874.89,24712.2729971
2026-07-14T16:00:00Z,1875.11,1896.05,1860.62,1891.25,8689.73936748
2026-07-15T00:00:00Z,1892.1,1893.17,1864.52,1869.84,7615.9377599
2026-07-15T08:00:00Z,1869.84,1946.09,1869.84,1931.85,17618.6266321
2026-07-15T16:00:00Z,1931.85,1936.48,1904.5,1917.72,9399.2557433
2026-07-16T00:00:00Z,1917.71,1929.19,1905.14,1910.79,5921.12334915
2026-07-16T08:00:00Z,1910.51,1912.82,1867.73,1881.72,12721.34185401
2026-07-16T16:00:00Z,1881.72,1887.72,1856.32,1864.56,7892.1589731
2026-07-17T00:00:00Z,1864.56,1871.03,1820.94,1828.25,9861.7546108
2026-07-17T08:00:00Z,1828.25,1843.17,1803.97,1830.81,12251.9258585
2026-07-17T16:00:00Z,1830.46,1856.1,1826.7,1841.78,6731.42538697
2026-07-18T00:00:00Z,1841.95,1849.61,1839.41,1844.19,2523.7967097
2026-07-18T08:00:00Z,1844.19,1850.43,1837.36,1843.89,4161.7682188
2026-07-18T16:00:00Z,1843.9,1867.51,1841.51,1862.87,6928.98935779
2026-07-19T00:00:00Z,1862.66,1877.58,1858.5,1870.15,4574.4245639
2026-07-19T08:00:00Z,1870.25,1879.4,1864.17,1871.19,5683.2798956
2026-07-19T16:00:00Z,1871,1877.1,1852.38,1872.11,7912.84274891
2026-07-20T00:00:00Z,1872.11,1891.55,1842.9,1864.06,10168.0795289
2026-07-20T08:00:00Z,1864.06,1905.4,1853.67,1902.57,15396.28730799
2026-07-20T16:00:00Z,1902.29,1918.13,1890,1904.55,9367.6561348
2026-07-21T00:00:00Z,1904.66,1940.27,1900.76,1934.28,8593.89168023
2026-07-21T08:00:00Z,1934.28,1952.93,1923.57,1932.1,11907.42653636
2026-07-21T16:00:00Z,1931.9,1935.46,1914.12,1929.86,7779.42089137
2026-07-22T00:00:00Z,1930.24,1944.04,1910.47,1914.15,7147.8005972
2026-07-22T08:00:00Z,1914.15,1955.69,1913.31,1942.72,12861.29517664083756345178
2026-07-22T16:00:00Z,1942.73,1956.19,1921.06,1934.07,9337.88978549
2026-07-23T00:00:00Z,1934.57,1941.6,1912.54,1915.54,6577.1301015
2026-07-23T08:00:00Z,1915.54,1931.16,1883.19,1895.3,13068.5946385
2026-07-23T16:00:00Z,1895.43,1895.61,1869.5,1878.34,8837.8353125
2026-07-24T00:00:00Z,1878.36,1909.69,1859.72,1895.82,10670.9290578
2026-07-24T08:00:00Z,1895.82,1895.83,1848.01,1861.94,14486.85947963
2026-07-24T16:00:00Z,1861.92,1866.34,1853.53,1861.75,5399.0554265
2026-07-25T00:00:00Z,1861.44,1864.48,1854.78,1856.34,3564.173128
2026-07-25T08:00:00Z,1856.14,1871.63,1851.46,1867.71,4931.3176848
2026-07-25T16:00:00Z,1868.18,1877,1864.61,1875.04,4406.62338446
2026-07-26T00:00:00Z,1874.8,1888.87,1873.81,1881.29,3546.8012057
2026-07-26T08:00:00Z,1881.53,1916.94,1879.28,1914.62,7633.073482
2026-07-26T16:00:00Z,1914.41,1966.61,1908.62,1954.52,9908.35681452
2026-07-27T00:00:00Z,1954.89,1981.55,1936.53,1964.2,9506.4190475
2026-07-27T08:00:00Z,1964.42,1977.52,1919.59,1927.67,13784.0769515
2026-07-27T16:00:00Z,1927.63,1955.17,1882.36,1892.49,12032.2495184
2026-07-28T00:00:00Z,1892.48,1895,1866.76,1883.79,7868.76842132
2026-07-28T08:00:00Z,1883.79,1924.21,1857.03,1919.91,17453.3598725
2026-07-28T16:00:00Z,1919.71,1929.77,1893.26,1921.98,11165.3999806
2026-07-29T00:00:00Z,1921.97,1928.55,1884.61,1924.41,8869.8064832
2026-07-29T08:00:00Z,1924.79,1924.94,1887.23,1892.07,10867.1031588
2026-07-29T16:00:00Z,1891.9,1934.7,1874.02,1910.43,15215.8012598
2026-07-30T00:00:00Z,1910.58,1921.22,1894.11,1903.18,6770.145975
2026-07-30T08:00:00Z,1903.6,1936.75,1900.59,1918.74,8238.28398117
2026-07-30T16:00:00Z,1919.33,1936.69,1914.7,1918.36,6325.84860056
2026-07-31T00:00:00Z,1918.36,1937,1884.7,1890.13,8313.33552466
2026-07-31T08:00:00Z,1890.13,1893.28,1848.9,1863.02,13093.4163684
2026-07-31T16:00:00Z,1862.75,1878.2,1858.65,1862.53,5608.573645
2026-08-01T00:00:00Z,1862.76,1871.97,1862.5,1869.66,3654.2828309
2026-08-01T08:00:00Z,1869.81,1875.1,1862.7,1870.2,2845.5024057
2026-08-01T16:00:00Z,1870.11,1873.53,1822.11,1845.09,8168.4682824
2026-08-02T00:00:00Z,1845.28,1884.22,1843.81,1876.04,6850.2798658
2026-08-02T08:00:00Z,1876.04,1878.82,1849.62,1858.67,5490.4876803
2026-08-02T16:00:00Z,1858.88,1898.5,1856.22,1885.01,8063.49654260137369215292
2026-08-03T00:00:00Z,1885.19,1885.77,1840.06,1843.99,7456.6716793
2026-08-03T08:00:00Z,1843.99,1873.91,1828.81,1863.14,10387.22106199
2026-08-03T16:00:00Z,1863.32,1876.62,1852.46,1860.47,5634.9363029
2026-08-04T00:00:00Z,1860.47,1874.7,1848.73,1863.92,6527.3221587
2026-08-04T08:00:00Z,1863.93,1881.94,1853.55,1872.79,8404.2956286
2026-08-04T16:00:00Z,1873.02,1881.81,1865.32,1870.11,5990.9477253
2026-08-05T00:00:00Z,1869.83,1878.17,1861.37,1872.56,5511.0439746
2026-08-05T08:00:00Z,1872.52,1885,1855.6,1873.72,9099.11904366518101979202
2026-08-05T16:00:00Z,1873.93,1927.93,1873.22,1908.73,9853.99388048308182251341
2026-08-06T00:00:00Z,1908.73,1918.71,1895,1909.52,5320.8447877
2026-08-06T08:00:00Z,1909.52,1920.66,1892.53,1910.72,8955.37439824
2026-08-06T16:00:00Z,1910.72,1918.29,1898.97,1904.01,4393.62586572
2026-08-07T00:00:00Z,1904,1908.58,1894.36,1902.03,5889.9853377
2026-08-07T08:00:00Z,1902.03,1943,1901.67,1917.96,8760.27553134145724688598
2026-08-07T16:00:00Z,1918.25,1925.06,1905.17,1914.11,5167.927438
2026-08-08T00:00:00Z,1914.11,1919.58,1912.31,1915.14,2176.79548612
2026-08-08T08:00:00Z,1915.14,1926.65,1914.81,1922.58,3007.05506892
2026-08-08T16:00:00Z,1922.58,1926.24,1914.73,1916.97,3221.4622962
2026-08-09T00:00:00Z,1916.98,1920.41,1912.76,1918.91,2097.4752824
2026-08-09T08:00:00Z,1919.14,1927.15,1913.84,1926.43,5038.70275101036054
2026-08-09T16:00:00Z,1926.42,1937.99,1907.64,1910.47,5066.79134468
2026-08-10T00:00:00Z,1910.61,1931.2,1905.31,1925.22,6038.0852798
2026-08-10T08:00:00Z,1925.23,1929.35,1871.73,1876.99,10006.85070403
2026-08-10T16:00:00Z,1876.74,1881.2,1868.01,1873.06,6133.5944529
2026-08-11T00:00:00Z,1873.11,1881.8,1870.9,1877.77,3574.338636
2026-08-11T08:00:00Z,1877.77,1897.71,1854,1862.95,9236.04693825977703645559
2026-08-11T16:00:00Z,1862.94,1887.54,1860.01,1882.5,6686.3165809
2026-08-12T00:00:00Z,1882.38,1893.32,1880.77,1891.57,3169.5120917
2026-08-12T08:00:00Z,1891.58,1925.83,1884.43,1892.65,10857.71628297
2026-08-12T16:00:00Z,1892.43,1895.83,1873.25,1879.79,4710.77248973
2026-08-13T00:00:00Z,1879.83,1899.91,1873.2,1895.45,5147.060789
2026-08-13T08:00:00Z,1895.55,1897.15,1875.47,1879.9,8845.6886374
2026-08-13T16:00:00Z,1880.37,1892.96,1863.54,1886.1,6146.1367419
2026-08-14T00:00:00Z,1886.11,1890.92,1872.23,1873.42,2961.2127939
2026-08-14T08:00:00Z,1873.42,1884.43,1864.38,1881.94,5773.98437673566770433931
2026-08-14T16:00:00Z,1881.44,1888.18,1873.69,1882.2,3982.5657219
2026-08-15T00:00:00Z,1882.21,1886.72,1879.89,1880.26,1564.08143677
2026-08-15T08:00:00Z,1880.26,1885.78,1875.9,1884.94,1976.48538971
2026-08-15T16:00:00Z,1884.94,1886.39,1882,1882.79,2521.3354086
2026-08-16T00:00:00Z,1882.8,1885.19,1877.12,1881.33,1983.9519843
2026-08-16T08:00:00Z,1881.34,1884.87,1878.99,1884.02,1762.2706837
2026-08-16T16:00:00Z,1884.02,1892.37,1869.4,1876.1,4206.93836522
2026-08-17T00:00:00Z,1876.1,1912.22,1872.73,1900.62,6530.01709237
2026-08-17T08:00:00Z,1900.63,1915.42,1891.46,1913.14,9253.40210800298546428572
2026-08-17T16:00:00Z,1913.46,1918.74,1903.72,1913.54,5267.6709273
2026-08-18T00:00:00Z,1913.54,1914.4,1885.75,1898.48,5456.68857719
2026-08-18T08:00:00Z,1898.48,1922.71,1893.68,1917.59,8767.86359730647025035766
2026-08-18T16:00:00Z,1917.6,1922.13,1903,1917.8,5375.6399668
2026-08-19T00:00:00Z,1917.83,1921.2,1906.25,1916.08,6045.23663465
2026-08-19T08:00:00Z,1915.89,2114.36,1915.29,2085.6,25782.62108933633963574257
2026-08-19T16:00:00Z,2085.79,2334.57,2067.47,2253.27,38860.34642696027454468802
2026-08-20T00:00:00Z,2252.53,2273.51,2223.37,2251.25,12144.58004389136766496448
2026-08-20T08:00:00Z,2251.85,2338.03,2249.17,2327.04,21649.26773960330482786486
2026-08-20T16:00:00Z,2326.8,2359.11,2307.86,2327.02,15325.08183645681527744572
2026-08-21T00:00:00Z,2326.88,2398.85,2324.9,2371.84,16877.02512788304287307244
2026-08-21T08:00:00Z,2372.04,2448.39,2356.2,2393.39,23871.51171035426716847476
2026-08-21T16:00:00Z,2393.39,2547.38,2383.94,2516.23,21488.47906766058991842432
2026-08-22T00:00:00Z,2516.03,2530.16,2385.56,2433.07,24801.30084262
2026-08-22T08:00:00Z,2433.51,2440.64,2389.09,2410.95,11601.89294048094372008573
2026-08-22T16:00:00Z,2411,2444.32,2403.56,2422.59,8178.19447197293453050035
2026-08-23T00:00:00Z,2422.6,2435.26,2356.33,2388.85,10613.74915354636227906977
2026-08-23T08:00:00Z,2389.01,2484.76,2386.76,2438.56,15836.93455322530131200463
2026-08-23T16:00:00Z,2439.05,2484.55,2432.79,2463,11573.79548104228569515663
2026-08-24T00:00:00Z,2463.19,2473.98,2424.75,2454.72,12227.0473710758958302022
2026-08-24T08:00:00Z,2454.73,2532.59,2436.24,2487.68,18829.33604313940531531532
2026-08-24T16:00:00Z,2488.07,2506.17,2455.05,2482.25,10197.11525487711905794646
2026-08-25T00:00:00Z,2482.25,2532,2464.14,2479,11732.50209187941230671265
2026-08-25T08:00:00Z,2479.07,2497.92,2439.65,2482.89,11446.07294375551754397186
2026-08-25T16:00:00Z,2482.98,2485.64,2415.2,2442.61,9005.7026233382973287924
2026-08-26T00:00:00Z,2442.59,2472.46,2435.87,2461.51,5602.13666189
2026-08-26T08:00:00Z,2461.52,2475.1,2432.33,2449.71,10704.99667119
2026-08-26T16:00:00Z,2449.71,2514.78,2438,2506.7,9124.97691967852025682648
2026-08-27T00:00:00Z,2506.71,2510.47,2482,2497.02,5648.48484867424019261
2026-08-27T08:00:00Z,2497.02,2565.86,2482.77,2521.7,14974.61839472383823232324
2026-08-27T16:00:00Z,2521.7,2533.7,2488.57,2510.69,8803.72768061
2026-08-28T00:00:00Z,2510.8,2534.49,2477.38,2495.9,6824.67373635
2026-08-28T08:00:00Z,2496,2525.96,2469.29,2471.67,10750.69786329451027698758
2026-08-28T16:00:00Z,2471.38,2474.01,2406.54,2442.81,10596.98532268859329586262
2026-08-29T00:00:00Z,2442.82,2447.86,2430.77,2436.64,2345.92234858
2026-08-29T08:00:00Z,2436.64,2452.43,2431.24,2444.69,2371.67280209
2026-08-29T16:00:00Z,2444.7,2459.63,2444.39,2457.42,2868.32872573
2026-08-30T00:00:00Z,2457.44,2467.69,2451.57,2455.23,2514.66450181
2026-08-30T08:00:00Z,2455.23,2483.64,2451.99,2480.84,5440.40638984
2026-08-30T16:00:00Z,2481.33,2534.24,2387.75,2416.95,14060.5161532214840196421
2026-08-31T00:00:00Z,2417.09,2446.39,2401.91,2440.37,8197.09074142
2026-08-31T08:00:00Z,2440.36,2477.91,2433.51,2467.62,8789.61012758
2026-08-31T16:00:00Z,2467.64,2490,2460.98,2467.52,6724.9097912
2026-09-01T00:00:00Z,2467.51,2485.33,2455.01,2472.34,4300.23199988851805859584
2026-09-01T08:00:00Z,2472.35,2473.52,2425.97,2448.98,8457.93669535376316723682
2026-09-01T16:00:00Z,2448.99,2449.55,2383.17,2418.41,9976.62548118639122558287
2026-09-02T00:00:00Z,2418.41,2428.7,2386.63,2417.66,6053.18628803
2026-09-02T08:00:00Z,2417.66,2420.38,2356.5,2390.83,11207.50367764963250950571
2026-09-02T16:00:00Z,2390.86,2404.3,2372.64,2391.18,7542.48066783993653687139
2026-09-03T00:00:00Z,2391.18,2419.08,2370,2398.34,8034.81182690902082271569
2026-09-03T08:00:00Z,2398.34,2517.14,2390.08,2516.96,12016.18308558
2026-09-03T16:00:00Z,2516.97,2529,2488.54,2507.47,9175.72775782093440365277
2026-09-04T00:00:00Z,2507.46,2524.62,2497.12,2504.29,7510.6813821
2026-09-04T08:00:00Z,2504.52,2546.6,2432.19,2452.25,18722.8880966733287912088
2026-09-04T16:00:00Z,2451.75,2464.28,2443.31,2455.69,4657.23757853124988632673
2026-09-05T00:00:00Z,2455.88,2459.13,2444.83,2457.23,3231.72665005
2026-09-05T08:00:00Z,2457.04,2462.05,2450.24,2459.88,3819.77684125
2026-09-05T16:00:00Z,2459.89,2493.09,2458.8,2480.39,6349.33234107900223285045
2026-09-06T00:00:00Z,2480.27,2523.63,2479.42,2497.33,7421.81498164617129861205
2026-09-06T08:00:00Z,2496.76,2504.6,2461.49,2479.89,4494.51802695
2026-09-06T16:00:00Z,2479.85,2525.99,2475.64,2515.06,3238.1897692
2026-09-07T00:00:00Z,2514.9,2536.39,2475.12,2489.37,3533.2008654707533928268
2026-09-07T08:00:00Z,2489.5,2511.37,2466.02,2470.34,8869.2153352
2026-09-07T16:00:00Z,2470.52,2498.88,2470.25,2490.24,5354.941581683700990242
2026-09-08T00:00:00Z,2490.24,2507.5,2463.22,2479.48,7540.91774781
2026-09-08T08:00:00Z,2479.47,2514.4,2441.85,2498.66,13134.78127976
2026-09-08T16:00:00Z,2498.67,2507.35,2476.82,2485.09,7475.28535357819387813393
2026-09-09T00:00:00Z,2485.17,2516.48,2484.72,2510.28,8053.28293587974926541042
2026-09-09T08:00:00Z,2510.28,2523.01,2471.12,2490.19,12238.69484537562103158637
2026-09-09T16:00:00Z,2490.21,2499.58,2443.09,2468.35,7742.32757697266330072579
2026-09-10T00:00:00Z,2468.13,2484.61,2455.89,2472.77,6837.50922542
2026-09-10T08:00:00Z,2472.7,2477.8,2405.51,2441.49,14189.3779789
2026-09-10T16:00:00Z,2441.7,2474.76,2432.81,2438.19,8777.90742660478387771427
2026-09-11T00:00:00Z,2438.21,2473.32,2437.63,2467.38,5419.7650449
2026-09-11T08:00:00Z,2467.46,2666.83,2433.64,2559.56,29541.10469474312851736265
2026-09-11T16:00:00Z,2559.46,2583.45,2506.21,2516.71,16150.91976815141188739888
2026-09-12T00:00:00Z,2516.7,2524.75,2509.01,2523.78,4892.69349004168107628698
2026-09-12T08:00:00Z,2524.03,2546.04,2523.23,2534.93,5716.35730084807053388747
2026-09-12T16:00:00Z,2534.94,2536.31,2515.18,2526.21,4790.58327567826615483046
2026-09-13T00:00:00Z,2525.86,2527.79,2510,2517.89,4096.3973627
2026-09-13T08:00:00Z,2517.89,2519.88,2462.33,2490.97,8599.00310816
2026-09-13T16:00:00Z,2490.96,2516.56,2470.4,2477.49,6993.29153201
2026-09-14T00:00:00Z,2477.29,2526.73,2465.43,2522.84,8642.73990868988645181477
2026-09-14T08:00:00Z,2522.85,2534.63,2488.13,2507.91,12693.24117687267881748324
2026-09-14T16:00:00Z,2508.35,2614.25,2504.21,2515.96,16345.03077123
2026-09-15T00:00:00Z,2514.83,2519.99,2470.76,2474.49,8202.7639058
2026-09-15T08:00:00Z,2474.18,2488.06,2390,2424.64,13647.4045891942413974135
2026-09-15T16:00:00Z,2424.68,2449,2358.8,2398.22,22785.07888087
2026-09-16T00:00:00Z,2398.23,2411.25,2388.93,2397.24,7914.3968685
2026-09-16T08:00:00Z,2396.88,2429.62,2379.05,2392.91,12946.44598840127375002385
2026-09-16T16:00:00Z,2392.91,2430,2368.69,2417.95,29932.0704514
2026-09-17T00:00:00Z,2418.46,2454,2414.04,2444.39,8510.90326845
2026-09-17T08:00:00Z,2444.4,2483.25,2427.88,2470.11,14532.68887541039486093614
2026-09-17T16:00:00Z,2470.11,2476.54,2437.46,2447.1,8677.51567237580988394972
2026-09-18T00:00:00Z,2447.01,2498.08,2437.04,2489.8,9246.74968939
2026-09-18T08:00:00Z,2489.8,2597.06,2485.47,2584.14,35228.12419001
2026-09-18T16:00:00Z,2584.38,2646.74,2578.78,2612,32155.65554313089122072906
2026-09-19T00:00:00Z,2612.08,2635.77,2603.41,2626.6,11958.57680573133089335395
2026-09-19T08:00:00Z,2626.6,2662.38,2623.59,2641.08,12451.13081637
2026-09-19T16:00:00Z,2641.25,2667.53,2617.72,2632.61,11076.65019011596797840748
2026-09-20T00:00:00Z,2632.74,2632.78,2564.31,2576.92,11153.48004226
2026-09-20T08:00:00Z,2576.82,2615.95,2567.86,2613.01,7181.87353742585587452601
2026-09-20T16:00:00Z,2613.16,2649.45,2606.61,2645.3,9924.33783004
2026-09-21T00:00:00Z,2644.89,2707.97,2644.02,2661.83,15188.34157909210171512525
2026-09-21T08:00:00Z,2661.53,2765.04,2661.15,2755.3,22288.75537031795468223708
2026-09-21T16:00:00Z,2755.29,2806.81,2735.52,2776.26,15766.67650588815572355614
2026-09-22T00:00:00Z,2776.26,2777.69,2715.98,2726.33,9328.55418607188194183572
2026-09-22T08:00:00Z,2726.35,2764.38,2716.65,2743.81,8175.452718326092413084
2026-09-22T16:00:00Z,2743.82,2774.14,2729.39,2753.36,9385.26856623038043449459
2026-09-23T00:00:00Z,2753.36,2788.25,2735.77,2742.98,5355.93382490385664096285
2026-09-23T08:00:00Z,2743,2750.17,2648.04,2655.92,11453.32900243
2026-09-23T16:00:00Z,2656.02,2698.12,2635.36,2684.88,6403.14893694
2026-09-24T00:00:00Z,2684.86,2704.04,2664.24,2693.34,4687.8728272
2026-09-24T08:00:00Z,2693.35,2699.05,2628.58,2683.97,8952.6922615
2026-09-24T16:00:00Z,2683.83,2705.79,2661.12,2687.99,6719.7273840213205960559
2026-09-25T00:00:00Z,2688,2700.19,2667.75,2672.57,4126.4871111
2026-09-25T08:00:00Z,2672.57,2742.56,2668.88,2686.53,11829.44535434563544607826
2026-09-25T16:00:00Z,2686.54,2699.31,2677,2691.55,5588.9049626485333395697
2026-09-26T00:00:00Z,2691.58,2695.92,2680.85,2691.02,2914.73836015
2026-09-26T08:00:00Z,2691.03,2697.43,2679.26,2692.86,3140.07679118
2026-09-26T16:00:00Z,2692.86,2696.58,2663.76,2696.14,4317.21253229348809534178
2026-09-27T00:00:00Z,2696.16,2718.3,2690.05,2717.99,3098.91589885
2026-09-27T08:00:00Z,2718.01,2723.16,2682.29,2689.8,4739.93381874955645585091
2026-09-27T16:00:00Z,2689.82,2699.72,2669.77,2688.53,4398.06633175
2026-09-28T00:00:00Z,2688.54,2703.33,2636.02,2643.96,6449.7469117
2026-09-28T08:00:00Z,2643.96,2698.16,2637.17,2677.89,7490.41877787
2026-09-28T16:00:00Z,2677.88,2719.97,2664.86,2688.5,5870.97877147
2026-09-29T00:00:00Z,2688.54,2718.96,2652.42,2712.31,4778.11181632
2026-09-29T08:00:00Z,2712.31,2748.49,2668.68,2673.87,8959.062220933008917328
2026-09-29T16:00:00Z,2674.02,2699.72,2668.12,2677.96,5179.5753158
2026-09-30T00:00:00Z,2677.97,2680.24,2658.12,2674.75,3769.2543231
2026-09-30T08:00:00Z,2674.74,2737.97,2664.85,2683.4,11566.0982753
2026-09-30T16:00:00Z,2683.45,2697.45,2668.04,2686.23,4888.98936599
