timestamp,open,high,low,close,volume
2021-08-05T00:00:00Z,24.203,24.3312,23.462,23.684,133797.15145681
2021-08-05T08:00:00Z,23.6879,24.114,22.449,23.5804,156137.89906515
2021-08-05T16:00:00Z,23.6244,24.2451,23.5369,24.0642,140343.63335343
2021-08-06T00:00:00Z,24.0642,24.147,23.0754,23.41,66617.23408677
2021-08-06T08:00:00Z,23.3822,23.6552,23.071,23.6065,117642.63774525
2021-08-06T16:00:00Z,23.6026,24.3934,23.6005,23.8525,140855.68638656
2021-08-07T00:00:00Z,23.8936,24.6221,23.6384,24.1876,90459.55880062
2021-08-07T08:00:00Z,24.1845,25.15,24.0527,24.4471,153604.10947036
2021-08-07T16:00:00Z,24.4372,24.6957,23.7,24.6957,127030.07509128
2021-08-08T00:00:00Z,24.697,24.939,23.888,24.5726,133831.32896159
2021-08-08T08:00:00Z,24.5892,24.7841,23.6856,23.7658,63090.71366719
2021-08-08T16:00:00Z,23.7964,23.963,22.5736,23.0294,146968.89863239
2021-08-09T00:00:00Z,23.0297,23.1844,22.0699,22.8619,131974.07696036
2021-08-09T08:00:00Z,22.8587,24.6401,22.7976,24.6087,124103.37399375
2021-08-09T16:00:00Z,24.6225,24.6892,23.476,24.2,126520.10009433
2021-08-10T00:00:00Z,24.205,24.4631,23.7363,24.3056,105565.22821209
2021-08-10T08:00:00Z,24.3162,25.5,24.0313,24.5107,182495.35176303
2021-08-10T16:00:00Z,24.5114,24.9053,23.7603,24.5441,140564.46266818
2021-08-11T00:00:00Z,24.5501,26,24.4535,25.7747,194476.22586115
2021-08-11T08:00:00Z,25.8069,26.9,25.5103,26.5273,183566.91052552
2021-08-11T16:00:00Z,26.5354,27.3361,25.5982,25.9188,199057.46520752
2021-08-12T00:00:00Z,25.9,26.896,24.9431,25.5902,241557.72733469
2021-08-12T08:00:00Z,25.6079,25.8722,24.2797,24.4459,156829.57311253
2021-08-12T16:00:00Z,24.4592,25.1442,24.0948,24.9398,118865.03441302
2021-08-13T00:00:00Z,24.9534,26.3559,24.7165,26.2853,132106.56200338
2021-08-13T08:00:00Z,26.2761,26.8769,25.8,26.2181,150990.82305104
2021-08-13T16:00:00Z,26.1872,27.7728,26.0613,27.7475,151593.46211758
2021-08-14T00:00:00Z,27.751,27.883,27.0185,27.7257,75809.84821181
2021-08-14T08:00:00Z,27.7257,27.9451,26.3833,27.3737,142433.18848262
2021-08-14T16:00:00Z,27.3634,27.4233,26.45,27.1603,78379.57047605
2021-08-15T00:00:00Z,27.1422,27.551,26.1708,26.3909,77711.69385121
2021-08-15T08:00:00Z,26.3464,26.7804,25.9444,26.2895,60308.36720439
2021-08-15T16:00:00Z,26.2735,27.9799,25.9146,27.8952,75384.58647063
2021-08-16T00:00:00Z,27.8952,29.7663,27.6449,29.3318,278564.85780655
2021-08-16T08:00:00Z,29.3488,30.5061,28.9,29.4865,235654.49734116
2021-08-16T16:00:00Z,29.4765,29.8009,27.6942,27.9559,245284.54724249
2021-08-17T00:00:00Z,27.947,29.4237,26.776,28.5433,274632.27811886
2021-08-17T08:00:00Z,28.5331,30.3216,28.1833,28.2114,195429.41893926
2021-08-17T16:00:00Z,28.238,28.7417,25.8692,26.1388,242816.10743802
2021-08-18T00:00:00Z,26.108,26.8084,24.8438,25.9943,171994.35492753
2021-08-18T08:00:00Z,25.9396,26.87,25.0307,26.8509,169072.36538758
2021-08-18T16:00:00Z,26.8537,26.9148,25.0353,25.3155,155190.10162922
2021-08-19T00:00:00Z,25.338,25.9184,24.5432,25.1952,131620.13252096
2021-08-19T08:00:00Z,25.1962,26.3069,24.4818,26.29,124295.52984807
2021-08-19T16:00:00Z,26.3043,27.1272,25.8253,27.076,219224.4045468
2021-08-20T00:00:00Z,27.0892,27.4638,26.6314,26.9044,194646.49135946
2021-08-20T08:00:00Z,26.9452,28.6776,26.719,28.4226,179109.94351052
2021-08-20T16:00:00Z,28.4269,29.0525,27.9405,28.6642,196325.59768033
2021-08-21T00:00:00Z,28.6668,29.1263,27.989,29.0432,112098.79800251
2021-08-21T08:00:00Z,29.0361,29.1425,27.9482,28.47,124107.08255624
2021-08-21T16:00:00Z,28.4715,28.8016,27.6216,27.8456,96018.71255017
2021-08-22T00:00:00Z,27.844,28.4963,27.7779,28.4285,57108.81514091
2021-08-22T08:00:00Z,28.4285,28.6535,27.0601,27.3665,77200.32404942
2021-08-22T16:00:00Z,27.3734,28.1535,26.7632,28.002,100459.22370632
2021-08-23T00:00:00Z,27.9805,29.0336,27.7852,28.6882,90405.58451027
2021-08-23T08:00:00Z,28.7198,29.3126,28.1436,28.7075,159282.01052503
2021-08-23T16:00:00Z,28.7131,28.9964,28.2644,28.5754,69903.51835419
2021-08-24T00:00:00Z,28.5421,28.9149,28.0001,28.7844,84146.03739096
2021-08-24T08:00:00Z,28.7691,28.8269,26.4905,26.6213,117784.04364504
2021-08-24T16:00:00Z,26.6405,26.7473,25.4786,25.7346,164381.34406429
2021-08-25T00:00:00Z,25.7124,26.8621,25.6811,26.4068,127140.25888251
2021-08-25T08:00:00Z,26.4037,26.7412,25.2149,26.7224,186197.78854397
2021-08-25T16:00:00Z,26.7358,26.8371,26.1357,26.5968,94265.725557
2021-08-26T00:00:00Z,26.6038,26.9345,24.7544,25.0578,111856.47290396
2021-08-26T08:00:00Z,25.0533,25.372,24.2607,24.5003,133737.37980873
2021-08-26T16:00:00Z,24.4825,24.987,23.8507,24.4,105992.1846558
2021-08-27T00:00:00Z,24.385,24.9754,23.9672,24.8844,96298.14667296
2021-08-27T08:00:00Z,24.9,25.8759,24.5091,25.7506,191705.30271856
2021-08-27T16:00:00Z,25.7733,26.1396,25.329,26.0362,119803.44816517
2021-08-28T00:00:00Z,26.0304,26.1941,25.435,25.6967,69532.27740356
2021-08-28T08:00:00Z,25.681,26.0446,25.2997,25.6394,108132.34572013
2021-08-28T16:00:00Z,25.6415,26.0164,25.3748,25.7272,102225.78609798
2021-08-29T00:00:00Z,25.7276,26.5625,25.2131,25.7896,104917.28737995
2021-08-29T08:00:00Z,25.7717,25.918,25.1426,25.3922,43867.5062802
2021-08-29T16:00:00Z,25.3759,26.016,25.281,25.75,60401.12194891
2021-08-30T00:00:00Z,25.7738,25.91,24.8246,25.0458,56537.42293457
2021-08-30T08:00:00Z,25.0304,25.1608,24.2713,24.9885,64773.35152973
2021-08-30T16:00:00Z,24.9791,26.4912,24.8889,25.0399,228327.16163014
2021-08-31T00:00:00Z,25.0297,26.0992,24.7057,26.0277,105494.78801382
2021-08-31T08:00:00Z,26.0277,27.3282,25.6481,27.232,204637.64029169
2021-08-31T16:00:00Z,27.2256,27.5319,26.0749,26.7088,258416.58875749
2021-09-01T00:00:00Z,26.681,27.3881,26.1,26.9178,138808.17880722
2021-09-01T08:00:00Z,26.941,29.1814,26.8841,29.1118,272051.88013855
2021-09-01T16:00:00Z,29.1178,29.8,28.8961,29.75,441991.59514658
2021-09-02T00:00:00Z,29.7326,29.7554,28.7534,29.0682,178478.97796481
2021-09-02T08:00:00Z,29.0624,30.8974,28.9638,29.7041,277367.28325109
2021-09-02T16:00:00Z,29.7115,30.8455,29.5544,29.9377,161405.33926029
2021-09-03T00:00:00Z,29.9353,30.2696,29.0044,29.7593,141636.01254889
2021-09-03T08:00:00Z,29.7481,31.7496,29.7085,31.0789,242442.0758089
2021-09-03T16:00:00Z,31.0635,31.32,30.2391,30.7581,169112.21748761
2021-09-04T00:00:00Z,30.7465,30.9803,30.1019,30.5155,77756.51734193
2021-09-04T08:00:00Z,30.5253,31.1772,30.24,30.5495,118417.67125177
2021-09-04T16:00:00Z,30.5458,30.7366,29.4105,29.8832,138338.35060837
2021-09-05T00:00:00Z,29.8832,30.3474,29.54,30.1615,60054.86422434
2021-09-05T08:00:00Z,30.1463,31.4748,30.1058,31.4383,135385.47254519
2021-09-05T16:00:00Z,31.448,33.6,31.44,33.5289,343944.25803075
2021-09-06T00:00:00Z,33.5289,34.8597,32.888,34.501,191113.58544387
2021-09-06T08:00:00Z,34.5186,36.3447,32.1635,35.5981,476320.66443436
2021-09-06T16:00:00Z,35.6053,35.8368,34.6529,34.8208,224309.33751942
2021-09-07T00:00:00Z,34.8038,35.3365,33.9707,34.3299,223691.26930147
2021-09-07T08:00:00Z,34.3454,34.3927,23.52,27.988,843735.5213826
2021-09-07T16:00:00Z,27.988,29.6536,26.4986,28.2397,587296.0264881
2021-09-08T00:00:00Z,28.2398,29.2056,25.5431,25.5792,350430.59185357
2021-09-08T08:00:00Z,25.5982,27.6752,25.159,27.0548,338128.95003897
2021-09-08T16:00:00Z,27.0443,27.9375,26.7438,27.1494,240678.78409695
2021-09-09T00:00:00Z,27.1668,28.3659,26.4796,27.9333,256180.44915472
2021-09-09T08:00:00Z,27.9483,29.1744,27.012,29.1743,234312.10560535
2021-09-09T16:00:00Z,29.1744,30.15,27.7576,27.991,241101.34275761
2021-09-10T00:00:00Z,27.9945,29.5589,27.8867,28.0068,176507.02093156
2021-09-10T08:00:00Z,28.0681,28.294,25.532,26.776,199851.94452648
2021-09-10T16:00:00Z,26.7559,27.32,25.6392,26.3922,184814.12462357
2021-09-11T00:00:00Z,26.3687,27.2679,26.2579,26.8413,83405.92590086
2021-09-11T08:00:00Z,26.8794,27.69,26.3979,27.2418,86465.62365217
2021-09-11T16:00:00Z,27.2654,27.6563,26.673,27.0002,114526.21402685
2021-09-12T00:00:00Z,26.9932,27.4501,26.369,27.2424,69135.84010224
2021-09-12T08:00:00Z,27.2233,29.7987,27.1331,29.3798,198836.98159971
2021-09-12T16:00:00Z,29.375,29.7007,27.8097,29.4215,238510.59675044
2021-09-13T00:00:00Z,29.4262,29.9396,26.1687,26.657,237510.7472619
2021-09-13T08:00:00Z,26.6067,27.9023,25.0071,26.3425,363234.29170169
2021-09-13T16:00:00Z,26.3554,27.5213,26.2855,26.95,141402.12938954
2021-09-14T00:00:00Z,26.9692,27.4048,26.7375,27.0286,123519.48777755
2021-09-14T08:00:00Z,27.0307,29.4273,26.7373,29.0501,284312.03736273
2021-09-14T16:00:00Z,29.0867,30.8785,28.5944,30.8006,362746.52995898
2021-09-15T00:00:00Z,30.8143,30.9899,29.557,30.3288,261637.52174955
2021-09-15T08:00:00Z,30.326,31.4525,30.1136,31.1535,292852.75017849
2021-09-15T16:00:00Z,31.1611,31.3,30.1446,30.6694,195058.1974175
2021-09-16T00:00:00Z,30.6781,32.1027,30.2968,31.4788,279200.15559837
2021-09-16T08:00:00Z,31.4788,31.5363,29.7728,30.5254,224918.58163721
2021-09-16T16:00:00Z,30.5215,30.7041,29.048,29.8026,172944.15937878
2021-09-17T00:00:00Z,29.8126,30.1217,29.3232,29.538,142839.43654342
2021-09-17T08:00:00Z,29.5141,29.9498,27.7545,28.349,220473.46758339
2021-09-17T16:00:00Z,28.3567,28.6946,27.3774,27.7258,136342.73113803
2021-09-18T00:00:00Z,27.7263,29.2233,27.3844,28.9546,118644.7699063
2021-09-18T08:00:00Z,28.9973,29.4483,28.6041,28.6935,168948.50478942
2021-09-18T16:00:00Z,28.7041,28.825,27.8334,28.3757,128980.34956014
2021-09-19T00:00:00Z,28.385,28.6381,27.692,28.6344,97367.01483591
2021-09-19T08:00:00Z,28.6326,28.7938,27.532,28.0312,108519.13463889
2021-09-19T16:00:00Z,28.0157,28.2489,26.9207,27.3681,124854.73396905
2021-09-20T00:00:00Z,27.3773,27.4298,24.5854,25.0795,368021.21694246
2021-09-20T08:00:00Z,25.065,25.5398,22.9629,24.506,620077.19267125
2021-09-20T16:00:00Z,24.4772,24.8562,23.2447,23.5568,291719.0965861
2021-09-21T00:00:00Z,23.5568,23.8606,22.1527,23.849,380530.87065024
2021-09-21T08:00:00Z,23.8604,24.3846,23.0958,23.7552,226924.8004567
2021-09-21T16:00:00Z,23.7456,23.8336,20.68,21.4266,478576.42258695
2021-09-22T00:00:00Z,21.4351,22.9292,21.0273,22.8274,215400.23919493
2021-09-22T08:00:00Z,22.8188,23.8166,22.5091,23.7586,191932.75904964
2021-09-22T16:00:00Z,23.8106,24.5,23.5691,24.4614,185206.03254994
2021-09-23T00:00:00Z,24.4429,24.675,23.8419,24.5359,194514.0788094
2021-09-23T08:00:00Z,24.5155,24.6822,23.4024,24.1696,148546.48064152
2021-09-23T16:00:00Z,24.168,25.4728,24.09,25.4178,216218.71306504
2021-09-24T00:00:00Z,25.4105,25.4889,24.1077,24.6459,123970.35440732
2021-09-24T08:00:00Z,24.658,25.0092,21.3541,22.4919,407685.91298259
2021-09-24T16:00:00Z,22.4851,23.6056,22.3368,23.2611,154319.00592946
2021-09-25T00:00:00Z,23.2612,23.7425,22.6808,22.7227,128326.65398425
2021-09-25T08:00:00Z,22.7126,23.1844,22.0436,22.8812,97065.44039045
2021-09-25T16:00:00Z,22.8766,24.6927,22.5344,24.5044,301664.30127862
2021-09-26T00:00:00Z,24.4901,24.6256,22.48,22.7832,323560.7213704
2021-09-26T08:00:00Z,22.7886,25.3689,22.3513,25.1198,351929.16965498
2021-09-26T16:00:00Z,25.1346,25.3395,24.1581,24.6046,193201.16122509
2021-09-27T00:00:00Z,24.5923,25.4758,24.0769,24.6255,175128.02192029
2021-09-27T08:00:00Z,24.5736,24.789,23.5228,23.909,218947.63329611
2021-09-27T16:00:00Z,23.9012,24.0053,22.9506,23.0164,142841.88975432
2021-09-28T00:00:00Z,23.018,23.5394,22.7327,22.8262,112479.28454207
2021-09-28T08:00:00Z,22.8197,23.7681,22.6218,22.6668,161297.38236188
2021-09-28T16:00:00Z,22.6558,22.8576,22,22.1028,116926.53434046
2021-09-29T00:00:00Z,22.0978,23.518,22.016,23.4246,177455.46581967
2021-09-29T08:00:00Z,23.4182,23.934,23.1064,23.204,112055.27980223
2021-09-29T16:00:00Z,23.2064,23.3101,22.1838,22.8312,99129.53192378
2021-09-30T00:00:00Z,22.8483,24.3827,22.7184,23.9335,202460.29569802
2021-09-30T08:00:00Z,23.912,24.246,23.5523,23.6952,133039.53536576
2021-09-30T16:00:00Z,23.7,24.0384,23.3498,23.9952,99071.45149953
2021-10-01T00:00:00Z,23.9893,24.4857,23.5888,24.46,80817.4731456
2021-10-01T08:00:00Z,24.4757,26.1792,24.4689,26.0536,224318.30846296
2021-10-01T16:00:00Z,26.0668,26.694,25.958,26.3179,180075.14546252
2021-10-02T00:00:00Z,26.3329,26.6462,25.8197,26.08,84724.62439315
2021-10-02T08:00:00Z,26.0823,27.4056,25.8592,27.2734,151435.09709495
2021-10-02T16:00:00Z,27.2605,27.8025,26.733,26.9202,164556.93680937
2021-10-03T00:00:00Z,26.8887,27.4186,26.5052,26.9899,75385.22317554
2021-10-03T08:00:00Z,26.9838,27.5684,26.6439,26.9605,71650.80089787
2021-10-03T16:00:00Z,26.9714,28.1636,26.851,27.5742,169719.34356008
2021-10-04T00:00:00Z,27.5846,27.6526,26.1214,26.676,108510.58872684
2021-10-04T08:00:00Z,26.6638,27.2,25.58,26.229,156283.72696436
2021-10-04T16:00:00Z,26.1965,27.1564,26.111,26.6265,145652.74856109
2021-10-05T00:00:00Z,26.6073,27.0427,26.28,26.4949,104114.6228232
2021-10-05T08:00:00Z,26.4949,27.2334,26.3279,26.483,177738.16458734
2021-10-05T16:00:00Z,26.4948,27.4875,26.1789,27.231,119873.7623697
2021-10-06T00:00:00Z,27.2451,27.2995,26.0416,26.1905,74716.12949008
2021-10-06T08:00:00Z,26.1815,27.8694,25.1973,27.7412,210546.09575252
2021-10-06T16:00:00Z,27.7171,28.1844,26.7,26.8088,178732.46671673
2021-10-07T00:00:00Z,26.8088,27.1023,25.9068,27.0646,105375.5081047
2021-10-07T08:00:00Z,27.0876,27.7035,26.5716,27.1233,197241.14494991
2021-10-07T16:00:00Z,27.1429,27.4405,26.6697,26.823,102666.60161425
2021-10-08T00:00:00Z,26.8396,27.1425,26.345,27.0282,113101.5388163
2021-10-08T08:00:00Z,27.0298,27.4489,26.5736,26.9761,176067.88186958
2021-10-08T16:00:00Z,26.9963,27.2322,26.1054,26.397,140513.90752464
2021-10-09T00:00:00Z,26.3998,26.5789,26.05,26.4516,75042.95250251
2021-10-09T08:00:00Z,26.4685,27.421,26.1641,27.2105,166076.43245392
2021-10-09T16:00:00Z,27.1978,27.9,26.9228,27.4395,193864.04501746
2021-10-10T00:00:00Z,27.457,27.4946,26.7299,27.1911,85043.11937863
2021-10-10T08:00:00Z,27.1992,27.3389,26.54,26.8185,70475.25272875
2021-10-10T16:00:00Z,26.8352,26.8493,25.4566,25.549,160002.82401094
2021-10-11T00:00:00Z,25.5536,26.5189,25.2078,26.4917,92452.48553544
2021-10-11T08:00:00Z,26.4783,26.7612,25.8493,26.0261,64985.0111791
2021-10-11T16:00:00Z,26.0469,26.1377,24.6431,25.2132,131196.88540487
2021-10-12T00:00:00Z,25.2189,25.2552,24.1,24.3337,82749.57993211
2021-10-12T08:00:00Z,24.3447,24.844,23.5284,24.7369,181439.44684272
2021-10-12T16:00:00Z,24.7245,24.9048,24.1011,24.6387,101851.1521868
2021-10-13T00:00:00Z,24.628,25.125,24.18,24.229,93290.07180314
2021-10-13T08:00:00Z,24.1943,24.93,24.1652,24.6981,174383.72427121
2021-10-13T16:00:00Z,24.6975,25.6645,24.4292,25.6442,218002.64527416
2021-10-14T00:00:00Z,25.665,27.17,25.3891,26.9743,227085.98213873
2021-10-14T08:00:00Z,26.974,27.77,26.7813,27.5603,321745.28442502
2021-10-14T16:00:00Z,27.5759,27.8874,26.4265,26.7148,266655.00527719
2021-10-15T00:00:00Z,26.7169,27.1772,26.0134,26.9197,247787.78682124
2021-10-15T08:00:00Z,26.9366,26.971,26.0391,26.2992,182769.04943973
2021-10-15T16:00:00Z,26.3082,27.388,26.2409,27.0009,331084.14577793
2021-10-16T00:00:00Z,27.0188,27.4671,26.9328,27.0588,138206.78915954
2021-10-16T08:00:00Z,27.0697,28.695,26.9961,28.3181,401601.88624629
2021-10-16T16:00:00Z,28.3045,28.369,27.1313,27.2349,182014.65327813
2021-10-17T00:00:00Z,27.2254,27.599,26.8952,27.2087,109514.61987614
2021-10-17T08:00:00Z,27.2084,27.6181,26.4,26.6288,111230.36457141
2021-10-17T16:00:00Z,26.6004,26.8123,25.5381,26.542,156322.06464585
2021-10-18T00:00:00Z,26.5431,26.7354,26.0949,26.1725,85076.45387438
2021-10-18T08:00:00Z,26.1594,26.418,25.3183,25.7874,106890.76848697
2021-10-18T16:00:00Z,25.7849,25.8399,25.2601,25.6992,91290.9178105
2021-10-19T00:00:00Z,25.7114,26.2118,25.5677,25.9279,69880.77848683
2021-10-19T08:00:00Z,25.9354,26.2798,25.3666,25.3988,97726.9980031
2021-10-19T16:00:00Z,25.4081,25.9768,25.3765,25.9223,120915.20371321
2021-10-20T00:00:00Z,25.9125,26.3,25.8669,26.0338,100651.6402133
2021-10-20T08:00:00Z,26.034,27.1774,25.9125,27.1568,162421.3415683
2021-10-20T16:00:00Z,27.1668,27.6476,27.0515,27.4874,217711.24351135
2021-10-21T00:00:00Z,27.4837,28.0613,27.1967,27.6974,226970.20891673
2021-10-21T08:00:00Z,27.6907,29.3186,27.5748,28.7503,563168.83996387
2021-10-21T16:00:00Z,28.726,28.9467,27.9973,28.2702,328747.76574035
2021-10-22T00:00:00Z,28.2698,29.7553,28.2507,29.2528,320617.69514413
2021-10-22T08:00:00Z,29.2597,30.0255,28.55,28.6256,315824.38722559
2021-10-22T16:00:00Z,28.6167,28.8126,28.0284,28.6734,200864.39006009
2021-10-23T00:00:00Z,28.6696,30.1909,28.298,30.0426,196422.58623702
2021-10-23T08:00:00Z,30.0353,31.281,29.5327,31.281,388790.0043975
2021-10-23T16:00:00Z,31.2828,31.4561,30.4139,31.4178,231299.90781042
2021-10-24T00:00:00Z,31.3783,31.5233,30.04,30.3472,190009.54395469
2021-10-24T08:00:00Z,30.3443,30.6061,29.2,29.3526,200736.80435673
2021-10-24T16:00:00Z,29.3484,29.8758,28.74,29.7074,185792.31121379
2021-10-25T00:00:00Z,29.7084,30.9005,29.5366,30.6642,194729.34648909
2021-10-25T08:00:00Z,30.6633,32.7597,30.6518,32.5951,404056.30543579
2021-10-25T16:00:00Z,32.5826,32.9081,31.7,32.3809,238543.188483
2021-10-26T00:00:00Z,32.3881,32.5594,31.6703,31.8459,155494.33597817
2021-10-26T08:00:00Z,31.8507,32.4,31.2342,32.0407,196772.8292692
2021-10-26T16:00:00Z,32.0246,33.8215,31.556,32.5218,527298.11864657
2021-10-27T00:00:00Z,32.512,33.9049,31.5743,31.5947,326288.21172322
2021-10-27T08:00:00Z,31.5889,31.5889,28,29.4174,599216.48451925
2021-10-27T16:00:00Z,29.4043,29.7408,28.349,28.8563,361982.62752673
2021-10-28T00:00:00Z,28.8948,30.6054,28.6,29.7291,255914.04118013
2021-10-28T08:00:00Z,29.7416,30.8126,29.7073,30.1602,214218.5465039
2021-10-28T16:00:00Z,30.1596,30.85,29.3355,30.1886,262941.68909383
2021-10-29T00:00:00Z,30.1948,31.9685,29.9386,31.0832,261588.36328198
2021-10-29T08:00:00Z,31.0904,31.5695,30.581,31.4915,187166.72112468
2021-10-29T16:00:00Z,31.512,31.7772,30.7891,30.9272,131658.82546894
2021-10-30T00:00:00Z,30.9745,31.1197,30.2136,30.3856,117231.34191636
2021-10-30T08:00:00Z,30.3894,30.4254,29.4847,30.0326,151040.54116014
2021-10-30T16:00:00Z,30.0296,30.1492,29.1596,29.7861,162811.03272047
2021-10-31T00:00:00Z,29.7779,30.6838,29.6213,29.9312,180119.66342835
2021-10-31T08:00:00Z,29.9317,29.9411,28.6575,29.2665,157534.33574312
2021-10-31T16:00:00Z,29.2685,30.1182,29.0396,29.9928,134206.18348265
2021-11-01T00:00:00Z,29.9939,30.51,29.1293,30.37,160025.3693647
2021-11-01T08:00:00Z,30.3717,31.5631,30.0702,31.4796,222677.28050732
2021-11-01T16:00:00Z,31.48,31.8605,30.7731,31.6665,179838.1693007
2021-11-02T00:00:00Z,31.6716,31.7694,30.99,31.0739,129906.68428822
2021-11-02T08:00:00Z,31.102,32.4827,31.0107,32.3308,228592.05811815
2021-11-02T16:00:00Z,32.3457,32.4902,31.8608,32.2648,217156.87925499
2021-11-03T00:00:00Z,32.2759,32.7728,31.8002,32.2811,182532.75340096
2021-11-03T08:00:00Z,32.284,32.285,30.4999,31.3459,196340.73007732
2021-11-03T16:00:00Z,31.3642,32.0331,30.8461,31.9513,194645.59697308
2021-11-04T00:00:00Z,31.9637,32.0951,30.8421,30.8421,134273.1044188
2021-11-04T08:00:00Z,30.852,31.3365,30.1999,30.3901,145681.21755641
2021-11-04T16:00:00Z,30.3793,31.178,30.224,30.9835,113814.73731827
2021-11-05T00:00:00Z,30.9918,31.8993,30.6538,31.6406,144060.86470114
2021-11-05T08:00:00Z,31.625,33.69,31.3568,32.7876,403342.41778042
2021-11-05T16:00:00Z,32.8051,33.5965,32.5642,32.8576,254987.28493442
2021-11-06T00:00:00Z,32.8588,33.2093,31.7202,32.12,156010.29271689
2021-11-06T08:00:00Z,32.1203,32.2671,30.7332,31.3512,163005.06202766
2021-11-06T16:00:00Z,31.3513,32.0426,31.2255,32.0347,139114.78927035
2021-11-07T00:00:00Z,32.0348,32.4184,31.7032,32.094,123823.18650804
2021-11-07T08:00:00Z,32.1041,32.5938,31.8115,32.147,124084.69725947
2021-11-07T16:00:00Z,32.1532,32.429,31.9088,32.3222,125253.90490315
2021-11-08T00:00:00Z,32.3286,33.6808,32.1862,33.3388,288304.27610219
2021-11-08T08:00:00Z,33.3554,34.5254,32.9775,34.3682,315023.88945325
2021-11-08T16:00:00Z,34.353,34.8382,33.9549,34.4621,281981.73180433
2021-11-09T00:00:00Z,34.4565,35.5899,34.0418,35.1383,297841.5448064
2021-11-09T08:00:00Z,35.1398,35.3962,33.4593,34.042,291676.6489465
2021-11-09T16:00:00Z,34.043,34.3022,33.3388,33.8164,168705.55727414
2021-11-10T00:00:00Z,33.8157,34.5652,33.5348,34.4211,146554.5291783
2021-11-10T08:00:00Z,34.4467,38.3059,34.4013,38.125,582044.88976736
2021-11-10T16:00:00Z,38.125,38.2484,31.2852,34.2266,734775.99205534
2021-11-11T00:00:00Z,34.2196,36.482,33.3834,36.2237,277306.53374079
2021-11-11T08:00:00Z,36.214,36.9438,35.0231,35.4783,317527.88662847
2021-11-11T16:00:00Z,35.4477,35.8956,34.6648,34.6755,164090.8913791
2021-11-12T00:00:00Z,34.6759,35.4699,33.4119,33.7452,265909.66987211
2021-11-12T08:00:00Z,33.7451,34.243,33,33.4001,204465.6456872
2021-11-12T16:00:00Z,33.4118,34.7718,32.5903,34.2429,208907.3907778
2021-11-13T00:00:00Z,34.2634,34.5835,33.51,33.9394,108295.01030659
2021-11-13T08:00:00Z,33.9221,34.26,33.2014,33.9385,152776.36892672
2021-11-13T16:00:00Z,33.9385,34.4297,33.7,34.01,151740.27063971
2021-11-14T00:00:00Z,34.0012,34.4165,33.6056,33.6255,118958.1396883
2021-11-14T08:00:00Z,33.6492,33.8757,33.1188,33.1829,107133.78390406
2021-11-14T16:00:00Z,33.1835,33.786,32.526,33.7525,180863.33635339
2021-11-15T00:00:00Z,33.7627,34.5046,33.749,34.2084,145604.83275583
2021-11-15T08:00:00Z,34.2104,34.4744,33.0393,33.1543,144770.45254771
2021-11-15T16:00:00Z,33.1432,33.2928,31.9773,32.0456,181054.48176068
2021-11-16T00:00:00Z,32.0485,32.049,29,30.3319,516350.04220112
2021-11-16T08:00:00Z,30.3239,30.6484,27.11,29.7463,489821.47278333
2021-11-16T16:00:00Z,29.7388,30.02,28.6478,29.1433,206493.43951098
2021-11-17T00:00:00Z,29.1421,29.3967,28.0449,28.8639,149964.44983228
2021-11-17T08:00:00Z,28.8611,29.7403,28.122,28.9839,124489.39267359
2021-11-17T16:00:00Z,28.9974,29.4324,28.7658,29.2107,101001.38891173
2021-11-18T00:00:00Z,29.1976,29.6937,28.3218,28.573,121402.99910005
2021-11-18T08:00:00Z,28.5733,28.7193,26.7862,27.1299,185198.64196319
2021-11-18T16:00:00Z,27.1334,27.38,25.8207,26.5583,325201.93458083
2021-11-19T00:00:00Z,26.546,27.3558,26.0862,26.9464,203664.4486988
2021-11-19T08:00:00Z,26.9273,28.7483,26.9273,28.4899,212743.61813053
2021-11-19T16:00:00Z,28.4981,28.8696,28.0965,28.2712,158047.65164663
2021-11-20T00:00:00Z,28.2751,28.7217,27.9679,28.2378,129074.33663991
2021-11-20T08:00:00Z,28.2415,28.6313,27.6195,27.627,136973.06335827
2021-11-20T16:00:00Z,27.6302,28.3636,27.278,28.3626,182163.74773476
2021-11-21T00:00:00Z,28.3642,28.4912,27.8049,28.2961,115368.92919763
2021-11-21T08:00:00Z,28.2869,28.4428,27.6927,28.0138,103212.78852516
2021-11-21T16:00:00Z,28.0168,29.2462,27.9039,28.9911,220023.40163418
2021-11-22T00:00:00Z,28.9911,29.0747,26.9189,27.1432,194556.65685575
2021-11-22T08:00:00Z,27.1392,27.9944,26.847,27.5302,120884.35294295
2021-11-22T16:00:00Z,27.5296,27.5599,26.3105,26.7605,150644.38515507
2021-11-23T00:00:00Z,26.7583,27.1536,26.4562,26.6015,140803.48701794
2021-11-23T08:00:00Z,26.6038,27.4661,26.1539,27.2068,190942.384308
2021-11-23T16:00:00Z,27.21,27.56,26.842,26.9435,181402.12226023
2021-11-24T00:00:00Z,26.9359,27.1472,26.1703,26.5631,114794.86268655
2021-11-24T08:00:00Z,26.5584,26.8392,25.5314,25.7709,171224.09078559
2021-11-24T16:00:00Z,25.7703,25.8374,25.1542,25.5701,154955.55663281
2021-11-25T00:00:00Z,25.5733,26.5847,25.3856,26.1982,135569.49827017
2021-11-25T08:00:00Z,26.1982,27.591,25.9071,27.3266,195715.88032867
2021-11-25T16:00:00Z,27.3149,27.4928,26.1412,26.414,169703.15621555
2021-11-26T00:00:00Z,26.4154,26.5765,25.4,25.6616,189046.05996432
2021-11-26T08:00:00Z,25.6639,25.6641,22.13,23.7101,552630.72125611
2021-11-26T16:00:00Z,23.713,24.5699,23.4945,23.968,204082.65210837
2021-11-27T00:00:00Z,23.9482,24.7504,23.8634,24.407,124205.28549224
2021-11-27T08:00:00Z,24.4069,24.9815,24.221,24.4325,92556.77324433
2021-11-27T16:00:00Z,24.4273,24.7534,23.7736,24.1094,117386.87520299
2021-11-28T00:00:00Z,24.0916,24.2938,23.1136,23.662,128863.7775878
2021-11-28T08:00:00Z,23.6489,23.8663,23.2007,23.5913,70668.58931915
2021-11-28T16:00:00Z,23.5994,25,22.6345,24.7679,246226.03726789
2021-11-29T00:00:00Z,24.7771,25.2047,24.7235,25.0947,164612.01849481
2021-11-29T08:00:00Z,25.1044,25.3085,24.5389,24.8494,116927.76634701
2021-11-29T16:00:00Z,24.8614,25.5867,24.6691,24.9948,174843.77571851
2021-11-30T00:00:00Z,25.0035,25.2338,24.1569,24.5165,167723.2909643
2021-11-30T08:00:00Z,24.5294,26.5071,24.1362,25.8946,279344.71359273
2021-11-30T16:00:00Z,25.9013,26.2943,25.2595,25.3025,166865.34797429
2021-12-01T00:00:00Z,25.2988,26.1552,25.1015,26.1359,165372.68114494
2021-12-01T08:00:00Z,26.1304,26.9,25.824,26.4996,193639.51298787
2021-12-01T16:00:00Z,26.4929,26.7616,24.9637,25.3274,199621.65407334
2021-12-02T00:00:00Z,25.3273,25.3374,24.1759,24.824,116237.15691201
2021-12-02T08:00:00Z,24.8122,25.1632,24.4666,24.7498,115299.66936119
2021-12-02T16:00:00Z,24.7513,24.925,24.497,24.5515,83942.43473715
2021-12-03T00:00:00Z,24.5335,25.1964,24.3121,25.0616,111248.34434105
2021-12-03T08:00:00Z,25.0636,25.8526,24.8211,24.8925,184492.94702399
2021-12-03T16:00:00Z,24.8579,24.8633,22.3459,23.3118,324715.22967536
2021-12-04T00:00:00Z,23.3234,23.3442,5.5,19.043,895831.57299811
2021-12-04T08:00:00Z,19.0174,20.3595,18.5302,19.9911,606719.51830819
2021-12-04T16:00:00Z,20.0014,20.8511,19.5179,20.652,246769.6563863
2021-12-05T00:00:00Z,20.6391,20.9311,19.8506,20.0542,165867.46044887
2021-12-05T08:00:00Z,20.0541,20.1253,18.4636,18.7772,215086.8889114
2021-12-05T16:00:00Z,18.7926,19.5559,18.7444,19.4855,210017.76052027
2021-12-06T00:00:00Z,19.4921,19.5321,17.8648,18.2025,242470.72703793
2021-12-06T08:00:00Z,18.2024,18.7032,17.2189,18.5273,329021.02969813
2021-12-06T16:00:00Z,18.524,19.9281,18.3276,19.8,242353.73423565
2021-12-07T00:00:00Z,19.8,20.2085,19.6952,19.9444,195564.47031567
2021-12-07T08:00:00Z,19.9406,20.7756,19.7268,20.5728,218120.29085038
2021-12-07T16:00:00Z,20.5646,21.1639,20.0933,21.094,349131.72478373
2021-12-08T00:00:00Z,21.09,22.3266,20.7511,22.1826,475841.25850588
2021-12-08T08:00:00Z,22.1743,23.2094,21.1342,22.854,633509.12390067
2021-12-08T16:00:00Z,22.8409,22.9316,22.03,22.9316,269447.02688547
2021-12-09T00:00:00Z,22.9316,23.0506,21.4365,22.0265,263042.06313283
2021-12-09T08:00:00Z,22.0197,22.0246,20.5627,21.0339,289954.07069805
2021-12-09T16:00:00Z,21.0338,21.3536,20.236,20.2743,693090.72339311
2021-12-10T00:00:00Z,20.267,20.8894,19.28,19.4482,468090.10739172
2021-12-10T08:00:00Z,19.457,20.7445,19.349,19.5273,278740.79762165
2021-12-10T16:00:00Z,19.5335,19.5417,18.48,18.5583,287848.40756468
2021-12-11T00:00:00Z,18.553,19.402,18.16,19.153,215943.37090128
2021-12-11T08:00:00Z,19.1406,20.0568,19.018,20.0397,193326.85767159
2021-12-11T16:00:00Z,20.0333,20.2,19.3834,19.9593,150171.47775611
2021-12-12T00:00:00Z,19.9678,20.0053,19.4412,19.8693,97811.39868565
2021-12-12T08:00:00Z,19.8696,19.8816,19.2194,19.5584,89131.52242425
2021-12-12T16:00:00Z,19.5593,20.7904,19.4751,20.4,163958.65137196
2021-12-13T00:00:00Z,20.4045,20.5564,18.9715,19.0456,187594.29588886
2021-12-13T08:00:00Z,19.0553,19.3442,17.8227,18.0254,259663.69419965
2021-12-13T16:00:00Z,18.0125,18.4346,17.3036,17.7847,344018.8226999
2021-12-14T00:00:00Z,17.7782,18.1637,17.548,18.0493,255047.69225552
2021-12-14T08:00:00Z,18.0581,18.5987,17.8695,17.9642,211329.44852756
2021-12-14T16:00:00Z,17.9748,18.5703,17.44,18.4411,248449.78579898
2021-12-15T00:00:00Z,18.4278,18.5726,18.08,18.5012,167041.33749272
2021-12-15T08:00:00Z,18.4931,18.778,17.2729,17.2757,210168.28820645
2021-12-15T16:00:00Z,17.2723,19.9825,17.26,19.6901,490714.67696645
2021-12-16T00:00:00Z,19.6918,20.0765,19.4764,19.8118,175243.47808637
2021-12-16T08:00:00Z,19.82,20.332,19.61,19.8192,170570.12500123
2021-12-16T16:00:00Z,19.8221,19.883,18.6964,18.7632,239528.62394555
2021-12-17T00:00:00Z,18.7647,19.1845,18.7091,18.9691,179834.76065804
2021-12-17T08:00:00Z,18.9625,19.2213,17.75,18.4252,266320.50519998
2021-12-17T16:00:00Z,18.427,18.93,17.9121,18.2603,264464.11580606
2021-12-18T00:00:00Z,18.2647,19.6125,17.8,19.4382,275810.53219188
2021-12-18T08:00:00Z,19.4421,19.997,19.4375,19.5965,199247.85729835
2021-12-18T16:00:00Z,19.5872,19.6397,19.1779,19.5462,161160.96365955
2021-12-19T00:00:00Z,19.5428,20.38,19.1908,19.8392,178530.65386349
2021-12-19T08:00:00Z,19.8439,20.1792,19.4721,19.6257,155782.87914034
2021-12-19T16:00:00Z,19.6301,19.8305,18.8032,18.8731,171747.93534563
2021-12-20T00:00:00Z,18.862,19.1993,18.3728,18.5551,170099.75123033
2021-12-20T08:00:00Z,18.5549,18.6481,18.0431,18.4433,193184.3525504
2021-12-20T16:00:00Z,18.4541,19.1176,18.3643,18.7781,164389.92104179
2021-12-21T00:00:00Z,18.7855,19.1752,18.3685,19.0278,153459.61644641
2021-12-21T08:00:00Z,19.0219,19.4058,18.875,18.9748,133408.23390438
2021-12-21T16:00:00Z,18.9641,19.658,18.9252,19.423,153122.20567518
2021-12-22T00:00:00Z,19.4229,20.0801,19.2,20.0286,132146.62373416
2021-12-22T08:00:00Z,20.0272,20.5081,19.7046,20.4849,222568.45057818
2021-12-22T16:00:00Z,20.4903,20.8309,19.8564,19.9189,195519.99142597
2021-12-23T00:00:00Z,19.9185,20.9075,19.5281,20.4182,255328.90250369
2021-12-23T08:00:00Z,20.4223,21.4925,20.3166,21.0676,257009.95773954
2021-12-23T16:00:00Z,21.0742,22.2568,20.8612,22.1831,367574.26902003
2021-12-24T00:00:00Z,22.1902,22.6213,21.85,22.1822,227244.49841246
2021-12-24T08:00:00Z,22.1773,22.4073,21.4,21.8614,182786.49965084
2021-12-24T16:00:00Z,21.87,22.6642,21.1969,21.4696,395380.00792119
2021-12-25T00:00:00Z,21.4709,21.8414,21.2904,21.7162,106954.23616199
2021-12-25T08:00:00Z,21.716,22.0218,21.4685,21.8493,77463.53047405
2021-12-25T16:00:00Z,21.8462,22.3869,21.4423,22.1153,166816.02941152
2021-12-26T00:00:00Z,22.1276,22.1296,21,21.4138,161972.52855964
2021-12-26T08:00:00Z,21.4143,22.5468,21.3719,22.3893,186051.98245263
2021-12-26T16:00:00Z,22.4,23.6384,22.3174,22.987,311791.42710628
2021-12-27T00:00:00Z,22.987,23.4476,22.9302,23.1335,169878.45690283
2021-12-27T08:00:00Z,23.1335,24.4093,22.75,24.2092,340139.28598585
2021-12-27T16:00:00Z,24.2129,24.4874,22.9534,23.0154,298653.5538298
2021-12-28T00:00:00Z,23.0154,23.0154,21.5273,21.9516,374430.33476163
2021-12-28T08:00:00Z,21.9574,22.6199,21.57,22.058,190766.00729777
2021-12-28T16:00:00Z,22.058,22.1031,20.3166,20.3731,385636.25671175
2021-12-29T00:00:00Z,20.3732,20.9674,20.2391,20.5647,168308.68372854
2021-12-29T08:00:00Z,20.5639,20.8576,19.6067,20.7152,302524.92548589
2021-12-29T16:00:00Z,20.7168,20.7284,19.5202,19.7352,276203.0951448
2021-12-30T00:00:00Z,19.7287,20.0069,19.1716,19.8684,215716.55448757
2021-12-30T08:00:00Z,19.8683,20.4313,19.6679,19.9895,183061.79479631
2021-12-30T16:00:00Z,20.0053,20.308,19.6683,19.9349,162613.04227506
2021-12-31T00:00:00Z,19.9327,20.2227,19.6863,19.9404,123705.70202687
2021-12-31T08:00:00Z,19.9353,20.6479,19.8682,20.3964,198179.63967002
2021-12-31T16:00:00Z,20.3901,20.4802,19.034,19.5034,253448.76131016
2022-01-01T00:00:00Z,19.5122,20.2082,19.5091,19.8023,129305.41158517
2022-01-01T08:00:00Z,19.803,20.1179,19.5473,20.036,101433.6786545
2022-01-01T16:00:00Z,20.0346,20.7896,19.9677,20.7519,185485.91924462
2022-01-02T00:00:00Z,20.753,21.3135,20.5749,20.7445,238606.44266734
2022-01-02T08:00:00Z,20.7503,21.4473,20.711,21.4167,182904.62295981
2022-01-02T16:00:00Z,21.4203,22.2,21.4182,21.8759,336263.3779656
2022-01-03T00:00:00Z,21.8635,21.9303,21.2526,21.6759,228082.97112911
2022-01-03T08:00:00Z,21.6782,23.2335,21.6759,22.6591,416485.99541646
2022-01-03T16:00:00Z,22.6593,23.7668,22.0822,23.7085,622000.31772073
2022-01-04T00:00:00Z,23.7278,23.8986,22.7813,23.5499,328958.39922869
2022-01-04T08:00:00Z,23.55,24.1945,23.3551,23.7182,327132.05777478
2022-01-04T16:00:00Z,23.7186,24.4765,23.25,23.4243,726363.97568073
2022-01-05T00:00:00Z,23.4226,26.0481,23.3095,25.5,893694.54063446
2022-01-05T08:00:00Z,25.5227,27.2069,25.2493,27.0997,706495.12208723
2022-01-05T16:00:00Z,27.1226,27.4854,22.2507,25.2149,2520260.16463736
2022-01-06T00:00:00Z,25.2228,25.6326,23.3242,24.7776,1299629.23897579
2022-01-06T08:00:00Z,24.785,24.8183,23.5792,24.0635,699846.63605314
2022-01-06T16:00:00Z,24.0714,25.9896,23.8815,25.3907,948189.70177439
2022-01-07T00:00:00Z,25.3818,25.4754,22.65,23.4823,1048577.90138092
2022-01-07T08:00:00Z,23.4789,25.857,23.4004,25.1628,1042177.81220873
2022-01-07T16:00:00Z,25.1557,27.3262,24.5,25.9823,1230842.70249317
2022-01-08T00:00:00Z,25.9853,27.333,25.7396,26.6563,734375.3721882
2022-01-08T08:00:00Z,26.6655,26.91,24.7651,25.0862,529267.71991473
2022-01-08T16:00:00Z,25.0862,26.3571,23.5497,25.3387,1178053.92101263
2022-01-09T00:00:00Z,25.3267,27.6934,25.0998,26.91,908494.12741464
2022-01-09T08:00:00Z,26.9166,27.5351,26.061,27.1722,695469.25728416
2022-01-09T16:00:00Z,27.1597,28.68,27.0089,27.5294,1181912.30549742
2022-01-10T00:00:00Z,27.5415,28.517,27.1294,28.2773,620815.56635796
2022-01-10T08:00:00Z,28.2881,28.3367,25.0917,26.5146,1285035.55321925
2022-01-10T16:00:00Z,26.5161,28.0396,26.2993,27.9757,892775.67569006
2022-01-11T00:00:00Z,27.9856,28.7285,27.4086,27.6326,590330.02360578
2022-01-11T08:00:00Z,27.6268,27.7826,25.8485,26.2301,729112.21598556
2022-01-11T16:00:00Z,26.2711,27.2831,26.2322,26.5906,1093715.41334612
2022-01-12T00:00:00Z,26.5798,26.9083,25.5999,25.9077,623516.57360483
2022-01-12T08:00:00Z,25.9013,27.2485,25.8024,26.4862,750717.54518306
2022-01-12T16:00:00Z,26.4816,27.0155,26.1507,26.7506,683220.08976695
2022-01-13T00:00:00Z,26.7493,26.7607,26.0005,26.3488,400327.65449761
2022-01-13T08:00:00Z,26.3479,26.529,25.15,25.4966,559233.41028461
2022-01-13T16:00:00Z,25.4774,25.5628,24.4407,24.8815,608115.96724107
2022-01-14T00:00:00Z,24.8595,25.3083,24.6681,24.9525,252750.60393997
2022-01-14T08:00:00Z,24.9531,25.1002,23.8965,24.7805,474002.62711958
2022-01-14T16:00:00Z,24.7763,25.8836,24.5674,25.7171,553220.07800474
2022-01-15T00:00:00Z,25.7275,26.2144,25.28,25.6135,420578.44453739
2022-01-15T08:00:00Z,25.6081,25.9869,25.2807,25.741,305483.32149389
2022-01-15T16:00:00Z,25.7438,26.08,25.0955,25.1724,428986.83242486
2022-01-16T00:00:00Z,25.1643,25.5377,24.6389,25.4725,233202.491576
2022-01-16T08:00:00Z,25.457,26.1455,25.3188,25.9326,407334.40389361
2022-01-16T16:00:00Z,25.9382,26.3513,25.4501,25.4949,431528.09331097
2022-01-17T00:00:00Z,25.4977,25.6222,24.6732,25.0266,313531.73546451
2022-01-17T08:00:00Z,25.0297,25.0855,24.1436,24.2092,192151.23651799
2022-01-17T16:00:00Z,24.2054,24.3309,23.2646,23.7888,395943.52260788
2022-01-18T00:00:00Z,23.7967,24.3363,23.3488,23.6049,247317.92201173
2022-01-18T08:00:00Z,23.601,23.604,22.3447,22.5107,316511.84033078
2022-01-18T16:00:00Z,22.506,23.341,22.0492,22.9649,430851.01242029
2022-01-19T00:00:00Z,22.9649,23.1498,21.3639,21.5166,367710.10759291
2022-01-19T08:00:00Z,21.5182,22.5677,21.2222,21.9879,333710.55007767
2022-01-19T16:00:00Z,21.9558,22.2769,21.4708,21.531,328666.57594891
2022-01-20T00:00:00Z,21.5599,22.4295,21.3236,22.3418,270485.22324748
2022-01-20T08:00:00Z,22.35,22.974,21.9856,22.704,329436.24181717
2022-01-20T16:00:00Z,22.7201,22.8377,20.0366,20.1949,471547.90019457
2022-01-21T00:00:00Z,20.1666,20.5029,19,19.5564,741327.46580161
2022-01-21T08:00:00Z,19.5509,19.7742,18.3629,19.5279,586244.37381547
2022-01-21T16:00:00Z,19.5309,19.757,17.0919,17.4191,890526.47200494
2022-01-22T00:00:00Z,17.4,17.8137,15.1584,15.4063,674029.00617324
2022-01-22T08:00:00Z,15.4024,16.455,14.11,15.2921,859497.39877567
2022-01-22T16:00:00Z,15.2998,16.3184,15.0763,15.8695,629829.47901933
2022-01-23T00:00:00Z,15.8615,16.3988,15.3761,16.2729,394141.68582699
2022-01-23T08:00:00Z,16.2597,16.875,15.444,15.7095,496175.16786843
2022-01-23T16:00:00Z,15.7143,16.6546,15.1531,16.6363,491843.2839097
2022-01-24T00:00:00Z,16.6373,16.6459,15.1957,15.2357,499360.68904667
2022-01-24T08:00:00Z,15.2535,15.5371,13.4925,14.5407,1009779.22951817
2022-01-24T16:00:00Z,14.5502,15.9544,14.117,15.5826,1059590.1502605
2022-01-25T00:00:00Z,15.5872,15.5951,14.4308,14.9695,478597.82020748
2022-01-25T08:00:00Z,14.9432,15.6899,14.8735,15.2968,535256.37846652
2022-01-25T16:00:00Z,15.2892,16.022,15.1625,15.4869,465526.69272452
2022-01-26T00:00:00Z,15.4987,16.0238,15.2005,15.7394,335121.77645983
2022-01-26T08:00:00Z,15.7448,16.6131,15.7447,16.1188,415412.3111663
2022-01-26T16:00:00Z,16.1074,16.8306,14.6838,15.2292,1090168.67349021
2022-01-27T00:00:00Z,15.2258,15.3936,14.2932,14.8975,442296.88442614
2022-01-27T08:00:00Z,14.9095,15.7016,14.6435,15.3433,356675.87118181
2022-01-27T16:00:00Z,15.3499,15.613,14.4319,15.2281,479082.10757756
2022-01-28T00:00:00Z,15.2253,15.5307,14.8083,15.0499,293648.26017744
2022-01-28T08:00:00Z,15.068,15.6011,14.7234,15.5355,305622.92874911
2022-01-28T16:00:00Z,15.554,16.3241,15.5258,16.1523,496398.49702452
2022-01-29T00:00:00Z,16.1386,16.4651,15.9612,16.3683,197731.49952222
2022-01-29T08:00:00Z,16.3603,16.6652,16.0391,16.2042,219560.91656351
2022-01-29T16:00:00Z,16.2037,16.7454,16.0695,16.2335,288948.95737325
2022-01-30T00:00:00Z,16.2334,17.7003,16.0121,17.6216,357812.01589205
2022-01-30T08:00:00Z,17.6216,17.8169,17.16,17.2666,272378.81865252
2022-01-30T16:00:00Z,17.2716,18.1501,16.82,17.7677,482078.1109559
2022-01-31T00:00:00Z,17.7582,17.8801,16.4455,16.959,719118.44545203
2022-01-31T08:00:00Z,16.9586,17.6714,16.6076,17.4959,407555.57656073
2022-01-31T16:00:00Z,17.5087,17.7,16.917,17.151,598621.65205612
2022-02-01T00:00:00Z,17.159,17.5798,17.0533,17.4541,304049.19080374
2022-02-01T08:00:00Z,17.4366,17.8959,16.939,17.19,348770.88198191
2022-02-01T16:00:00Z,17.1712,17.4528,16.8136,16.9896,250807.92589435
2022-02-02T00:00:00Z,16.9783,17.3461,16.7009,16.9683,224477.83201438
2022-02-02T08:00:00Z,16.9741,17.3756,16.0651,16.3398,345274.790675
2022-02-02T16:00:00Z,16.331,16.4981,15.5517,15.7678,441048.00818195
2022-02-03T00:00:00Z,15.7764,15.9488,15.52,15.8222,199144.66705523
2022-02-03T08:00:00Z,15.8241,16.0088,15.2524,15.9505,248016.38270212
2022-02-03T16:00:00Z,15.9506,16.3373,15.6368,16.3023,331222.91060495
2022-02-04T00:00:00Z,16.2962,16.5311,16.0114,16.3159,208642.88591736
2022-02-04T08:00:00Z,16.3161,16.9412,16.0583,16.7093,273376.55070075
2022-02-04T16:00:00Z,16.7089,17.5606,16.7081,17.5051,401419.30747777
2022-02-05T00:00:00Z,17.5071,18.3258,17.4222,17.9128,330846.81454569
2022-02-05T08:00:00Z,17.9113,18.1357,17.7668,18.0358,153562.95718485
2022-02-05T16:00:00Z,18.031,18.253,17.4544,17.7545,199294.23748486
2022-02-06T00:00:00Z,17.7545,18.168,17.6922,17.8687,119098.83772113
2022-02-06T08:00:00Z,17.8493,18,17.164,17.4571,156314.79419432
2022-02-06T16:00:00Z,17.4566,18.1086,17.3674,18.0612,194257.12427152
2022-02-07T00:00:00Z,18.0684,18.9392,17.649,18.6551,329123.55394294
2022-02-07T08:00:00Z,18.6548,19.0824,18.3184,19.0688,250464.01392246
2022-02-07T16:00:00Z,19.0629,19.4094,18.7657,18.868,456207.10067454
2022-02-08T00:00:00Z,18.8849,19.5328,18.5346,18.9281,295908.05692967
2022-02-08T08:00:00Z,18.9323,18.9558,17.729,17.9947,302219.89248532
2022-02-08T16:00:00Z,17.9961,18.5478,17.7505,18.3699,260556.7886124
2022-02-09T00:00:00Z,18.3836,18.5061,17.7482,18.1505,184622.11247177
2022-02-09T08:00:00Z,18.1529,18.6444,17.9341,18.4696,169220.65481586
2022-02-09T16:00:00Z,18.4625,18.7425,18.359,18.6689,181242.04005792
2022-02-10T00:00:00Z,18.6874,18.6936,17.971,18.2495,139775.75085508
2022-02-10T08:00:00Z,18.2476,18.75,17.3664,18.1775,307575.44352959
2022-02-10T16:00:00Z,18.1637,18.4534,17.3456,17.4839,229644.47395031
2022-02-11T00:00:00Z,17.4998,17.5339,17.1237,17.4944,159088.01850097
2022-02-11T08:00:00Z,17.4863,17.8075,17.2358,17.6944,113932.59332038
2022-02-11T16:00:00Z,17.7055,17.7233,15.9125,16.1982,431979.57066929
2022-02-12T00:00:00Z,16.1984,16.314,15.6004,15.9083,139719.23425186
2022-02-12T08:00:00Z,15.9156,16.1521,15.56,15.8494,149010.4642886
2022-02-12T16:00:00Z,15.8576,16.3765,15.6757,15.9526,255375.35247067
2022-02-13T00:00:00Z,15.9512,16.1928,15.836,16.1742,76568.3807716
2022-02-13T08:00:00Z,16.1728,16.3292,15.9768,16.0665,105589.65086897
2022-02-13T16:00:00Z,16.0658,16.0843,15.5229,15.6109,167949.19096748
2022-02-14T00:00:00Z,15.6108,15.7116,15.1944,15.6487,128826.10185265
2022-02-14T08:00:00Z,15.6512,16.1205,15.4344,15.7929,183038.94645867
2022-02-14T16:00:00Z,15.7925,16.0199,15.2046,15.9025,230771.55151047
2022-02-15T00:00:00Z,15.916,16.5573,15.8161,16.4231,238186.57951351
2022-02-15T08:00:00Z,16.4148,17.047,16.4148,16.9567,222288.01911241
2022-02-15T16:00:00Z,16.9679,17.4618,16.7117,17.3528,187289.08561024
2022-02-16T00:00:00Z,17.3268,17.4046,16.7766,17.1865,176753.96818807
2022-02-16T08:00:00Z,17.1869,17.33,16.5272,16.6626,217524.5284863
2022-02-16T16:00:00Z,16.6747,17.3745,16.5122,17.0966,204107.54008909
2022-02-17T00:00:00Z,17.1131,17.4406,16.717,17.0017,188848.44954103
2022-02-17T08:00:00Z,16.989,17.0483,16.025,16.1477,223819.24096536
2022-02-17T16:00:00Z,16.1477,16.2433,15.4465,15.5864,310168.31967267
2022-02-18T00:00:00Z,15.5936,16.0233,15.4644,15.8731,131003.88177644
2022-02-18T08:00:00Z,15.8773,16.0485,15.1179,15.2092,190586.00569826
2022-02-18T16:00:00Z,15.2079,15.488,15.0348,15.1799,167296.73084924
2022-02-19T00:00:00Z,15.1788,15.5467,15.1227,15.4763,69233.84452986
2022-02-19T08:00:00Z,15.4828,15.5033,14.8378,15.3578,177033.48895543
2022-02-19T16:00:00Z,15.3635,15.6845,15.2286,15.5101,163773.71940351
2022-02-20T00:00:00Z,15.5222,15.5309,14.4081,14.7311,166383.85272544
2022-02-20T08:00:00Z,14.7299,14.96,14.408,14.6806,149652.53089459
2022-02-20T16:00:00Z,14.6774,14.9099,14.4696,14.6095,137119.2655432
2022-02-21T00:00:00Z,14.6158,15.3123,14.5194,15.1872,131255.39436372
2022-02-21T08:00:00Z,15.1852,15.2777,13.936,14.7338,335766.27231478
2022-02-21T16:00:00Z,14.746,14.8554,13.3788,13.5016,374646.72921223
2022-02-22T00:00:00Z,13.5049,13.804,13.0139,13.29,244725.42442781
2022-02-22T08:00:00Z,13.3002,14.2016,13.2849,13.9647,247513.95449324
2022-02-22T16:00:00Z,13.9617,14.134,13.7617,13.9963,198137.21329736
2022-02-23T00:00:00Z,13.9891,14.219,13.728,14.1842,211686.79603325
2022-02-23T08:00:00Z,14.1781,14.6325,14.1452,14.1727,245108.05622376
2022-02-23T16:00:00Z,14.1708,14.6689,13.296,13.3165,269424.69889069
2022-02-24T00:00:00Z,13.3366,13.4573,11.4086,11.7944,725263.39953254
2022-02-24T08:00:00Z,11.7976,12.3674,11.5328,12.3231,624431.76202212
2022-02-24T16:00:00Z,12.3201,13.95,12.1594,13.2759,725942.24806917
2022-02-25T00:00:00Z,13.2646,13.5088,13.0859,13.3734,231695.77715413
2022-02-25T08:00:00Z,13.3711,14.1098,13.1634,14.06,354639.62738063
2022-02-25T16:00:00Z,14.0601,14.4848,13.7178,14.3666,338751.64819797
2022-02-26T00:00:00Z,14.3675,15.0475,14.2223,14.4907,235346.70313599
2022-02-26T08:00:00Z,14.4909,14.8322,14.0874,14.6426,205376.59741927
2022-02-26T16:00:00Z,14.6426,14.94,14.3275,14.7121,179137.59488856
2022-02-27T00:00:00Z,14.7147,14.7975,13.9422,14.2667,231982.04746006
2022-02-27T08:00:00Z,14.2594,14.85,14.1625,14.5774,249885.13316789
2022-02-27T16:00:00Z,14.5637,14.5786,13.467,13.6398,317677.89140085
2022-02-28T00:00:00Z,13.6282,13.8312,13.3185,13.7432,169640.42156309
2022-02-28T08:00:00Z,13.7584,14.7615,13.6116,14.6658,269806.60074769
2022-02-28T16:00:00Z,14.672,15.1599,14.5212,15.1346,411836.41615747
2022-03-01T00:00:00Z,15.1282,15.3204,14.8669,15.1104,201763.72101738
2022-03-01T08:00:00Z,15.1064,15.7302,14.733,15.3782,284514.4024838
2022-03-01T16:00:00Z,15.379,15.5074,15.0508,15.3504,190333.07828
2022-03-02T00:00:00Z,15.3519,15.6611,14.907,15.2659,254396.83465457
2022-03-02T08:00:00Z,15.279,15.8808,15.1082,15.4363,330011.72099009
2022-03-02T16:00:00Z,15.4366,15.6529,15.1326,15.2911,183011.22370029
2022-03-03T00:00:00Z,15.2797,15.3706,14.9235,15.1664,172339.24855458
2022-03-03T08:00:00Z,15.1623,15.3086,14.59,14.7,227409.35298831
2022-03-03T16:00:00Z,14.7008,15.0143,14.4604,14.8926,263420.78925595
2022-03-04T00:00:00Z,14.8957,14.9727,14.143,14.3284,224713.03918605
2022-03-04T08:00:00Z,14.3284,14.5975,14.1011,14.132,220997.00905207
2022-03-04T16:00:00Z,14.1233,14.2664,13.55,13.7314,319817.34031613
2022-03-05T00:00:00Z,13.7277,13.9776,13.4143,13.9019,116080.51204331
2022-03-05T08:00:00Z,13.9101,14.1508,13.8663,14.0331,97392.10099093
2022-03-05T16:00:00Z,14.0308,14.2771,13.9068,14.0316,120332.67445318
2022-03-06T00:00:00Z,14.0283,14.1156,13.5955,13.8349,118534.29780289
2022-03-06T08:00:00Z,13.8347,13.8582,13.4315,13.6618,117541.79014039
2022-03-06T16:00:00Z,13.6619,13.872,13.2467,13.3082,162859.38531917
2022-03-07T00:00:00Z,13.3122,13.3185,12.7165,12.8987,193138.04111295
2022-03-07T08:00:00Z,12.9102,13.6402,12.792,13.5553,182779.75232296
2022-03-07T16:00:00Z,13.5647,13.6632,12.4228,12.6752,296482.42356403
2022-03-08T00:00:00Z,12.6723,13.1753,12.5712,13.0977,131341.79731729
2022-03-08T08:00:00Z,13.0936,13.554,13.0517,13.1698,193652.48554614
2022-03-08T16:00:00Z,13.1684,13.5225,12.8665,13.0989,193959.31753229
2022-03-09T00:00:00Z,13.0951,14.0218,13.0575,13.8908,203697.27154368
2022-03-09T08:00:00Z,13.8856,14.3576,13.8,14.3161,219413.89404035
2022-03-09T16:00:00Z,14.3266,14.451,13.8042,14.0061,155151.6594116
2022-03-10T00:00:00Z,14.0033,14.1104,13.0176,13.1237,209039.60527868
2022-03-10T08:00:00Z,13.1138,13.4463,12.9683,13.2728,155951.81780445
2022-03-10T16:00:00Z,13.2716,13.342,13.09,13.1652,136553.15147936
2022-03-11T00:00:00Z,13.1786,13.3771,12.8073,13.3177,194510.47236744
2022-03-11T08:00:00Z,13.3198,13.6506,13.1359,13.1981,157278.12766924
2022-03-11T16:00:00Z,13.2029,13.2274,12.9134,13.0435,104221.06166968
2022-03-12T00:00:00Z,13.0435,13.4432,13.0194,13.2538,95314.87215927
2022-03-12T08:00:00Z,13.2546,13.3138,13.0832,13.1914,61205.19105864
2022-03-12T16:00:00Z,13.1927,13.4509,13.1154,13.1493,77594.76107921
2022-03-13T00:00:00Z,13.1452,13.43,13.0788,13.3259,59826.38392988
2022-03-13T08:00:00Z,13.3266,13.3478,12.9864,13.1731,60073.27704914
2022-03-13T16:00:00Z,13.1754,13.3002,12.5799,12.6979,187790.77734444
2022-03-14T00:00:00Z,12.7002,13.3083,12.6,13.2471,142076.77047344
2022-03-14T08:00:00Z,13.2499,13.3548,13.0575,13.1229,56717.63362385
2022-03-14T16:00:00Z,13.1236,13.4394,12.737,13.4122,133873.78908756
2022-03-15T00:00:00Z,13.4008,13.5981,12.878,12.9759,104945.25025796
2022-03-15T08:00:00Z,12.9741,13.3403,12.8763,13.2538,75266.27808507
2022-03-15T16:00:00Z,13.2585,13.8076,13.2186,13.6989,109887.43984428
2022-03-16T00:00:00Z,13.7016,14.2557,13.58,13.9825,157505.85455291
2022-03-16T08:00:00Z,13.9799,14.2254,13.9062,14.1385,126550.95207594
2022-03-16T16:00:00Z,14.1386,14.7944,13.7462,14.6698,204314.72205258
2022-03-17T00:00:00Z,14.6733,14.7868,14.2304,14.3588,78735.87394799
2022-03-17T08:00:00Z,14.3596,14.9348,14.3534,14.5424,129154.07501027
2022-03-17T16:00:00Z,14.5416,14.6177,14.3685,14.4001,76347.89654136
2022-03-18T00:00:00Z,14.4077,14.5437,14.1234,14.4105,55418.1568301
2022-03-18T08:00:00Z,14.4114,15.0946,14.3629,15.0728,158605.11775335
2022-03-18T16:00:00Z,15.0771,15.2655,14.8857,15.0118,80492.65111782
2022-03-19T00:00:00Z,15.0153,15.2061,14.8397,14.9873,76357.20073335
2022-03-19T08:00:00Z,14.9886,15.3682,14.9171,15.3512,62484.65730934
2022-03-19T16:00:00Z,15.3512,15.3986,14.8459,15.0086,116601.78962555
2022-03-20T00:00:00Z,15.0038,15.136,14.8549,14.991,47697.74016664
2022-03-20T08:00:00Z,14.998,14.998,14.5683,14.6611,59591.66400466
2022-03-20T16:00:00Z,14.6721,14.7704,14.4319,14.5547,49288.42378908
2022-03-21T00:00:00Z,14.5549,14.97,14.2907,14.9515,59049.41566919
2022-03-21T08:00:00Z,14.9599,15.2755,14.8902,15.0572,133906.87385769
2022-03-21T16:00:00Z,15.0671,15.0681,14.7127,14.9924,73029.35592241
2022-03-22T00:00:00Z,14.9912,15.7699,14.9814,15.5098,104087.17176587
2022-03-22T08:00:00Z,15.5054,15.8481,15.4428,15.527,71762.02229701
2022-03-22T16:00:00Z,15.5243,15.6953,15.3864,15.4256,68797.64478188
2022-03-23T00:00:00Z,15.4348,15.5042,15.1232,15.3994,71095.09588183
2022-03-23T08:00:00Z,15.4055,15.885,15.2368,15.8012,76290.05630591
2022-03-23T16:00:00Z,15.8068,15.9551,15.5292,15.8321,131431.4582367
2022-03-24T00:00:00Z,15.8397,16,15.6027,15.9196,153722.84803945
2022-03-24T08:00:00Z,15.9204,16.3835,15.7995,16.3534,216898.87599972
2022-03-24T16:00:00Z,16.3517,16.4384,16.1,16.1569,77849.17416424
2022-03-25T00:00:00Z,16.1575,16.2739,15.9329,16.0261,72266.24750117
2022-03-25T08:00:00Z,16.0233,16.4519,15.8,15.8958,136134.18155273
2022-03-25T16:00:00Z,15.8988,15.9929,15.4579,15.593,153902.25318519
2022-03-26T00:00:00Z,15.5962,15.9092,15.4876,15.8543,53487.83482653
2022-03-26T08:00:00Z,15.8564,15.9505,15.5448,15.5985,93264.9792579
2022-03-26T16:00:00Z,15.5929,15.888,15.5445,15.8418,77251.26070797
2022-03-27T00:00:00Z,15.8328,16.1642,15.7966,16.1376,83473.04188351
2022-03-27T08:00:00Z,16.1398,16.1427,15.6293,16.0567,108561.73068196
2022-03-27T16:00:00Z,16.0573,16.9007,16.0313,16.8667,197692.96137608
2022-03-28T00:00:00Z,16.8587,17.1159,16.6371,17.0397,197813.38378878
2022-03-28T08:00:00Z,17.0357,17.3641,16.8999,16.9879,163304.78531199
2022-03-28T16:00:00Z,16.9726,17.2479,16.3513,16.4847,247195.67086878
2022-03-29T00:00:00Z,16.4847,17.1664,16.4643,16.8763,149233.3445946
2022-03-29T08:00:00Z,16.8762,17.514,16.8737,16.9962,205343.23815269
2022-03-29T16:00:00Z,16.9929,17.0754,16.5623,16.9792,236900.74610621
2022-03-30T00:00:00Z,16.9825,17.4573,16.5208,17.3296,158948.80287634
2022-03-30T08:00:00Z,17.3223,17.457,16.8714,17.2714,189222.68873053
2022-03-30T16:00:00Z,17.2791,17.5676,17.0385,17.2202,198308.31603673
2022-03-31T00:00:00Z,17.2202,17.5653,17.1649,17.5181,162347.85667116
2022-03-31T08:00:00Z,17.5182,18.0467,17.0605,17.1727,361497.62815785
2022-03-31T16:00:00Z,17.1708,17.212,16.6299,16.9112,361299.21033728
2022-04-01T00:00:00Z,16.9234,17.0831,16.1627,16.8328,182958.57669479
2022-04-01T08:00:00Z,16.8366,17.3726,16.4649,17.2867,214573.17097341
2022-04-01T16:00:00Z,17.2929,17.3613,17.0522,17.3439,128350.03433159
2022-04-02T00:00:00Z,17.346,17.5938,17.19,17.4414,109753.37797046
2022-04-02T08:00:00Z,17.4402,17.8634,17.2293,17.3155,160416.27980229
2022-04-02T16:00:00Z,17.3155,17.6694,17.0994,17.3971,132549.06103783
2022-04-03T00:00:00Z,17.3984,17.9596,17.1469,17.8073,178320.36870439
2022-04-03T08:00:00Z,17.7983,17.9257,17.6052,17.8897,88903.8725336
2022-04-03T16:00:00Z,17.8942,18.3204,17.8031,18.0748,293276.2307253
2022-04-04T00:00:00Z,18.081,18.0847,17.5624,17.8534,110927.09144357
2022-04-04T08:00:00Z,17.8574,17.8877,16.9542,17.011,228777.83572505
2022-04-04T16:00:00Z,17.0053,17.5688,16.81,17.5,198529.72561816
2022-04-05T00:00:00Z,17.4969,17.6492,17.3043,17.3968,50917.85552148
2022-04-05T08:00:00Z,17.4,17.5669,16.9644,17.126,117798.03610785
2022-04-05T16:00:00Z,17.1297,17.2493,16.6612,16.743,138576.4707819
2022-04-06T00:00:00Z,16.7432,16.7799,16.0481,16.5422,175342.90884117
2022-04-06T08:00:00Z,16.5388,16.5857,15.5242,15.7348,229944.42261821
2022-04-06T16:00:00Z,15.7344,15.8152,15.2726,15.4214,248789.09046633
2022-04-07T00:00:00Z,15.3996,15.6911,15.0961,15.6197,134666.27401227
2022-04-07T08:00:00Z,15.6197,15.8819,15.3003,15.4863,168502.309371
2022-04-07T16:00:00Z,15.4884,15.8746,15.3579,15.7596,77342.28703564
2022-04-08T00:00:00Z,15.7434,15.904,15.6335,15.7826,56642.3769959
2022-04-08T08:00:00Z,15.778,15.8493,15.1976,15.6605,129217.5094379
2022-04-08T16:00:00Z,15.6573,15.7492,15.0238,15.1391,155787.16483584
2022-04-09T00:00:00Z,15.1282,15.469,15.1174,15.3657,78011.81115805
2022-04-09T08:00:00Z,15.3546,15.4565,15.072,15.1763,70176.32884245
2022-04-09T16:00:00Z,15.1824,15.4659,15.1713,15.4378,81277.93069218
2022-04-10T00:00:00Z,15.4349,15.6297,15.3562,15.4452,70395.08357256
2022-04-10T08:00:00Z,15.4427,15.4972,15.2398,15.4792,97721.16008641
2022-04-10T16:00:00Z,15.4777,15.9229,15.1646,15.2321,227294.8527872
2022-04-11T00:00:00Z,15.2332,15.2678,14.77,14.9448,187945.52335102
2022-04-11T08:00:00Z,14.9425,14.9664,13.9373,13.9593,285303.59676403
2022-04-11T16:00:00Z,13.9621,14.1522,13.5051,13.7608,304361.30705136
2022-04-12T00:00:00Z,13.7586,14.089,13.689,14.0342,131233.34049158
2022-04-12T08:00:00Z,14.04,14.3249,13.906,14.0197,221457.88783244
2022-04-12T16:00:00Z,14.0272,14.107,13.6371,13.9807,217311.08845241
2022-04-13T00:00:00Z,13.9807,14.1011,13.8497,14.0213,160075.13457954
2022-04-13T08:00:00Z,14.0269,14.1794,13.6798,14.1021,209017.66860935
2022-04-13T16:00:00Z,14.1021,14.2239,13.9904,14.1926,122369.52186425
2022-04-14T00:00:00Z,14.1961,14.3299,13.9186,14.1873,158050.73432357
2022-04-14T08:00:00Z,14.1857,14.2267,13.4659,13.4986,193858.34544517
2022-04-14T16:00:00Z,13.4944,13.72,13.3209,13.648,184867.26429112
2022-04-15T00:00:00Z,13.648,14.0519,13.6267,13.9255,104549.31012186
2022-04-15T08:00:00Z,13.9128,14.0392,13.7076,13.9012,106507.59547484
2022-04-15T16:00:00Z,13.9012,14.1952,13.8128,14.1113,89339.72606271
2022-04-16T00:00:00Z,14.1063,14.2684,13.9862,13.9999,88541.52090279
2022-04-16T08:00:00Z,13.9985,14.2309,13.8356,13.8802,90404.09715014
2022-04-16T16:00:00Z,13.8723,14.2061,13.846,14.141,86133.98232114
2022-04-17T00:00:00Z,14.1486,14.5762,13.9959,14.4924,108747.47222712
2022-04-17T08:00:00Z,14.489,14.6251,14.3943,14.4711,162437.16820028
2022-04-17T16:00:00Z,14.4757,14.526,13.6397,13.7199,136465.99568619
2022-04-18T00:00:00Z,13.7197,13.845,13.1382,13.1975,183393.66691303
2022-04-18T08:00:00Z,13.2051,13.5627,13.176,13.3181,185764.37975172
2022-04-18T16:00:00Z,13.3228,14.0597,13.2172,14.0589,182254.33445938
2022-04-19T00:00:00Z,14.0583,14.216,13.8446,13.893,70357.53483502
2022-04-19T08:00:00Z,13.8929,14.4055,13.8356,14.2891,160065.77788425
2022-04-19T16:00:00Z,14.2889,14.3706,14.0152,14.2472,95747.17254588
2022-04-20T00:00:00Z,14.2401,14.41,14.0084,14.2878,76821.11587446
2022-04-20T08:00:00Z,14.2834,14.4853,13.8376,13.9212,147167.31937254
2022-04-20T16:00:00Z,13.9115,14.1196,13.7039,14.0217,104970.64858986
2022-04-21T00:00:00Z,14.0195,14.2558,13.9171,14.0644,73122.94796288
2022-04-21T08:00:00Z,14.0608,14.375,13.8994,14.1054,114418.92387415
2022-04-21T16:00:00Z,14.1003,14.126,13.364,13.5801,170267.61145429
2022-04-22T00:00:00Z,13.579,13.8873,13.5039,13.8214,114394.25200003
2022-04-22T08:00:00Z,13.8213,13.845,13.4708,13.5206,141733.70689835
2022-04-22T16:00:00Z,13.5206,13.8447,13.4767,13.5808,134192.90253705
2022-04-23T00:00:00Z,13.5777,13.6849,13.2703,13.4932,109439.91064361
2022-04-23T08:00:00Z,13.4938,13.6284,13.4436,13.541,113028.003626
2022-04-23T16:00:00Z,13.5523,13.6157,13.2133,13.3084,103408.98777888
2022-04-24T00:00:00Z,13.3129,13.6379,13.2995,13.5188,92701.95583947
2022-04-24T08:00:00Z,13.5224,13.5492,13.2726,13.4553,102917.35847496
2022-04-24T16:00:00Z,13.4552,13.486,13.2081,13.2685,113589.87940649
2022-04-25T00:00:00Z,13.2599,13.3004,12.54,12.5849,243571.33397337
2022-04-25T08:00:00Z,12.5866,13.1801,12.5292,12.9842,198030.67814293
2022-04-25T16:00:00Z,12.9803,13.5095,12.9614,13.4376,137390.36569193
2022-04-26T00:00:00Z,13.4416,13.4991,13.26,13.3532,60326.60608117
2022-04-26T08:00:00Z,13.3532,13.4784,12.632,12.6517,115572.79617262
2022-04-26T16:00:00Z,12.6517,12.7964,12.1478,12.3676,200513.61410239
2022-04-27T00:00:00Z,12.3684,12.6981,12.303,12.6981,111933.49716139
2022-04-27T08:00:00Z,12.6984,12.7677,12.3649,12.6147,188048.49396034
2022-04-27T16:00:00Z,12.6123,12.793,12.5097,12.7396,98708.87109482
2022-04-28T00:00:00Z,12.7396,12.8315,12.5573,12.7724,69998.11854185
2022-04-28T08:00:00Z,12.7674,12.9878,12.3996,12.5128,171411.32534093
2022-04-28T16:00:00Z,12.5122,12.804,12.4165,12.6589,119824.25820697
2022-04-29T00:00:00Z,12.6604,12.7358,12.4427,12.6256,59646.96935059
2022-04-29T08:00:00Z,12.6234,12.6328,12.0724,12.306,113764.24404124
2022-04-29T16:00:00Z,12.3053,12.3076,11.8298,11.9782,132043.15987145
2022-04-30T00:00:00Z,11.9834,12.2448,11.9489,12.1088,40779.00365722
2022-04-30T08:00:00Z,12.1082,12.1403,11.6338,11.8008,94377.43279384
2022-04-30T16:00:00Z,11.8079,11.8523,10.6416,10.9591,290181.72081889
2022-05-01T00:00:00Z,10.9494,11.2345,10.79,11.0902,147789.23614925
2022-05-01T08:00:00Z,11.0969,11.3735,10.9731,11.3178,72860.58163362
2022-05-01T16:00:00Z,11.3252,11.4812,10.8856,11.2996,153259.11274265
2022-05-02T00:00:00Z,11.2982,11.4392,11.1878,11.247,84425.05665301
2022-05-02T08:00:00Z,11.2478,11.2867,10.8734,11.1809,177582.47038675
2022-05-02T16:00:00Z,11.1837,11.3908,10.7636,11.1697,214257.42859288
2022-05-03T00:00:00Z,11.1756,11.3513,11.0527,11.3344,85936.01527093
2022-05-03T08:00:00Z,11.3279,11.494,11.1386,11.2484,139149.09001148
2022-05-03T16:00:00Z,11.2416,11.2917,10.7964,11.12,135795.67623076
2022-05-04T00:00:00Z,11.125,11.3405,11.0871,11.3305,88488.80373768
2022-05-04T08:00:00Z,11.3359,11.54,11.1136,11.2237,167596.69874505
2022-05-04T16:00:00Z,11.223,12.2075,11.1639,12.1963,242653.78313943
2022-05-05T00:00:00Z,12.2029,12.2893,11.9082,11.9929,76797.02079984
2022-05-05T08:00:00Z,11.9898,12.0888,10.7998,10.9145,240636.34788416
2022-05-05T16:00:00Z,10.9117,11.0592,10.6216,10.9165,220756.71462088
2022-05-06T00:00:00Z,10.9164,11.0239,10.611,10.8301,129983.8826509
2022-05-06T08:00:00Z,10.8242,10.9263,10.39,10.712,252324.63271451
2022-05-06T16:00:00Z,10.7112,10.8825,10.5831,10.7857,97840.04072083
2022-05-07T00:00:00Z,10.7845,10.837,10.5201,10.7397,89707.74593549
2022-05-07T08:00:00Z,10.7361,10.8449,10.6421,10.7341,57194.95853814
2022-05-07T16:00:00Z,10.7253,10.7476,10,10.2156,169775.70933695
2022-05-08T00:00:00Z,10.2122,10.3089,9.8907,10.1531,152759.5961125
2022-05-08T08:00:00Z,10.1531,10.3784,9.9732,10.0847,102138.50932361
2022-05-08T16:00:00Z,10.0887,10.275,9.8391,9.9936,139480.93825617
2022-05-09T00:00:00Z,9.995,10.1643,9.5878,9.6765,172999.29117163
2022-05-09T08:00:00Z,9.677,9.7495,8.994,9.1144,510083.22087099
2022-05-09T16:00:00Z,9.1201,9.1943,8.0024,8.0961,784798.239016
2022-05-10T00:00:00Z,8.0961,9.1625,7.8828,8.8119,704983.01739988
2022-05-10T08:00:00Z,8.8113,9.3242,8.6647,8.9092,486675.143421
2022-05-10T16:00:00Z,8.919,9.1215,8.2048,8.582,358632.53475817
2022-05-11T00:00:00Z,8.5789,8.8475,7.89,8.1484,620616.32924505
2022-05-11T08:00:00Z,8.1471,8.7287,6.9039,7.6691,1362072.45792555
2022-05-11T16:00:00Z,7.6737,7.7617,6.5404,6.9392,624803.81804657
2022-05-12T00:00:00Z,6.9446,7.4312,5.532,6.1645,984588.46551819
2022-05-12T08:00:00Z,6.1707,6.8887,5.9829,6.5436,778661.26627306
2022-05-12T16:00:00Z,6.5409,6.9822,6.288,6.5591,371869.82243663
2022-05-13T00:00:00Z,6.5632,7.4996,6.4803,7.1211,310269.92609417
2022-05-13T08:00:00Z,7.122,7.702,7.122,7.2904,282679.1270493
2022-05-13T16:00:00Z,7.2976,7.4076,7.0118,7.1533,196717.56309623
2022-05-14T00:00:00Z,7.1464,7.4411,6.9763,7.0143,138620.27607225
2022-05-14T08:00:00Z,7.0142,7.14,6.636,6.6757,240744.82824282
2022-05-14T16:00:00Z,6.6709,7.3253,6.6451,7.2517,169409.05059061
2022-05-15T00:00:00Z,7.2595,7.3781,7.0148,7.2458,85584.25147539
2022-05-15T08:00:00Z,7.2466,7.675,7.1163,7.5344,112187.92131803
2022-05-15T16:00:00Z,7.5348,7.9861,7.5005,7.966,161236.41357327
2022-05-16T00:00:00Z,7.9581,7.9667,7.1634,7.3022,179344.7985857
2022-05-16T08:00:00Z,7.2915,7.55,7.1654,7.3458,243918.75819157
2022-05-16T16:00:00Z,7.3451,7.6155,7.2236,7.4205,217250.03084258
2022-05-17T00:00:00Z,7.4194,7.8563,7.3894,7.7139,170662.9985812
2022-05-17T08:00:00Z,7.7104,7.9741,7.5318,7.611,164391.6810511
2022-05-17T16:00:00Z,7.6026,7.77,7.2946,7.7187,148981.98707083
2022-05-18T00:00:00Z,7.7165,7.8118,7.415,7.5046,135704.952067
2022-05-18T08:00:00Z,7.5099,7.5495,6.9167,6.9586,219203.78001433
2022-05-18T16:00:00Z,6.9549,7.1156,6.7811,6.8089,213542.6667708
2022-05-19T00:00:00Z,6.8076,6.9833,6.6434,6.8319,234659.41601291
2022-05-19T08:00:00Z,6.8322,7.2542,6.681,7.213,255905.36666247
2022-05-19T16:00:00Z,7.2113,7.2564,7.026,7.2135,181089.47788668
2022-05-20T00:00:00Z,7.2208,7.3631,6.9496,7.0588,191278.02976486
2022-05-20T08:00:00Z,7.0609,7.3183,6.8364,6.8561,243357.76393504
2022-05-20T16:00:00Z,6.8582,7.0075,6.7506,6.8662,219042.68007727
2022-05-21T00:00:00Z,6.8763,7.0465,6.7671,7.0133,106138.58944918
2022-05-21T08:00:00Z,7.012,7.078,6.9255,7.0665,114184.650274
2022-05-21T16:00:00Z,7.0689,7.1194,6.99,7.0568,100940.91340831
2022-05-22T00:00:00Z,7.0579,7.1091,6.9155,7.0526,84592.25595055
2022-05-22T08:00:00Z,7.0504,7.3993,7.0342,7.2413,313022.42635112
2022-05-22T16:00:00Z,7.244,7.4032,7.1705,7.3238,141488.93693196
2022-05-23T00:00:00Z,7.3221,7.5426,7.2042,7.5182,144030.21118451
2022-05-23T08:00:00Z,7.518,7.627,7.4236,7.5759,136060.33288501
2022-05-23T16:00:00Z,7.5765,7.6763,6.9807,7.0259,269684.64533884
2022-05-24T00:00:00Z,7.0255,7.1207,6.9839,7.1165,124454.53951064
2022-05-24T08:00:00Z,7.1156,7.2003,6.7213,7.0733,321943.06713674
2022-05-24T16:00:00Z,7.073,7.3044,6.9212,7.2366,182341.14673986
2022-05-25T00:00:00Z,7.2343,7.4,7.1075,7.1296,172006.81558587
2022-05-25T08:00:00Z,7.1324,7.2071,6.9532,7.064,228440.31338696
2022-05-25T16:00:00Z,7.06,7.1091,6.9449,6.9604,170150.48085874
2022-05-26T00:00:00Z,6.9582,7.0915,6.7161,6.8372,143787.67889106
2022-05-26T08:00:00Z,6.8335,6.8566,6.22,6.7096,371373.3824579
2022-05-26T16:00:00Z,6.7116,6.8916,6.5537,6.5767,218230.5721577
2022-05-27T00:00:00Z,6.5656,6.65,6.2281,6.4591,258027.02313988
2022-05-27T08:00:00Z,6.4546,6.7056,6.39,6.4874,269045.21498999
2022-05-27T16:00:00Z,6.4824,6.4988,6.211,6.2882,201592.14531156
2022-05-28T00:00:00Z,6.29,6.4768,6.21,6.4055,110092.39615708
2022-05-28T08:00:00Z,6.4075,6.578,6.3412,6.545,152995.04306835
2022-05-28T16:00:00Z,6.5483,6.653,6.4116,6.567,166330.29368275
2022-05-29T00:00:00Z,6.5686,6.5749,6.3381,6.4576,111260.30587274
2022-05-29T08:00:00Z,6.4569,6.7473,6.4395,6.6539,134010.60201714
2022-05-29T16:00:00Z,6.6506,6.7333,6.6274,6.7144,92461.588778
2022-05-30T00:00:00Z,6.7141,7.2887,6.6516,7.2633,264411.61456734
2022-05-30T08:00:00Z,7.2624,7.3132,7.0562,7.1871,194555.83953209
2022-05-30T16:00:00Z,7.1915,7.5164,7.1368,7.4568,266414.04087154
2022-05-31T00:00:00Z,7.458,7.6399,7.367,7.4641,193588.67920686
2022-05-31T08:00:00Z,7.4674,7.6252,7.18,7.5932,210804.93331951
2022-05-31T16:00:00Z,7.598,7.7295,7.352,7.5852,247249.21377292
2022-06-01T00:00:00Z,7.5912,7.7667,7.4078,7.4632,207966.19008055
2022-06-01T08:00:00Z,7.4714,7.658,7.1945,7.2034,208522.33896262
2022-06-01T16:00:00Z,7.2026,7.2284,6.7592,6.9339,316916.58074178
2022-06-02T00:00:00Z,6.9319,7.0143,6.8107,6.9551,141465.47342052
2022-06-02T08:00:00Z,6.9579,7.085,6.8267,7.0183,214410.55490188
2022-06-02T16:00:00Z,7.0197,7.2434,6.9861,7.1965,151292.70050192
2022-06-03T00:00:00Z,7.1939,7.2192,7,7.0249,133053.59741534
2022-06-03T08:00:00Z,7.0228,7.0444,6.6886,6.8295,336882.85842725
2022-06-03T16:00:00Z,6.8305,6.9411,6.7672,6.8533,202831.72771242
2022-06-04T00:00:00Z,6.8527,6.9023,6.6832,6.8971,96039.31286578
2022-06-04T08:00:00Z,6.8938,7.0101,6.7456,6.9862,170920.77970048
2022-06-04T16:00:00Z,6.984,7.4388,6.9223,7.409,333741.10023105
2022-06-05T00:00:00Z,7.4092,7.4777,7.278,7.286,222160.86180533
2022-06-05T08:00:00Z,7.2842,7.5738,7.2399,7.5597,300216.89380678
2022-06-05T16:00:00Z,7.5676,7.8877,7.4658,7.6465,436785.67375018
2022-06-06T00:00:00Z,7.6465,8.0914,7.623,7.923,494394.62059877
2022-06-06T08:00:00Z,7.9212,8.201,7.7734,7.9044,431025.84000434
2022-06-06T16:00:00Z,7.9078,7.9944,7.7122,7.9781,254146.44696371
2022-06-07T00:00:00Z,7.9782,7.9859,7.3128,7.6952,523503.62542416
2022-06-07T08:00:00Z,7.6914,7.8399,7.42,7.7772,307819.83240446
2022-06-07T16:00:00Z,7.7733,9,7.7114,8.7087,1079327.51686772
2022-06-08T00:00:00Z,8.7113,8.8425,8.2318,8.4202,676239.32363601
2022-06-08T08:00:00Z,8.4212,8.7076,8.2575,8.5674,439942.22792034
2022-06-08T16:00:00Z,8.5674,8.9825,8.4418,8.7036,589900.69600988
2022-06-09T00:00:00Z,8.7084,8.8622,8.4913,8.8147,405473.4731421
2022-06-09T08:00:00Z,8.8048,9.5612,8.6885,9.4423,670843.10966681
2022-06-09T16:00:00Z,9.4434,9.6437,9.1139,9.271,801511.88472888
2022-06-10T00:00:00Z,9.271,9.5336,9.0177,9.0627,640983.19562003
2022-06-10T08:00:00Z,9.0627,9.1203,8.4098,8.6132,817243.23171623
2022-06-10T16:00:00Z,8.6136,8.6283,8.0009,8.0395,693648.50415857
2022-06-11T00:00:00Z,8.0362,8.4224,8.0244,8.2557,403794.17390976
2022-06-11T08:00:00Z,8.2568,8.2712,7.0364,7.1552,884145.59128127
2022-06-11T16:00:00Z,7.1566,7.3276,6.9355,7.0433,497461.62899225
2022-06-12T00:00:00Z,7.0434,7.1454,6.4354,6.7688,743715.46879681
2022-06-12T08:00:00Z,6.7696,7.144,6.4881,7.0128,646429.88091892
2022-06-12T16:00:00Z,7.0127,7.0507,6.2574,6.2716,660154.09461795
2022-06-13T00:00:00Z,6.2702,6.3414,5.5714,5.6718,1359787.6684772
2022-06-13T08:00:00Z,5.6724,5.8361,5.3,5.7415,1273191.83996214
2022-06-13T16:00:00Z,5.7372,6.2852,5.6082,5.9315,1178671.58602583
2022-06-14T00:00:00Z,5.9212,6.469,5.3914,6.3889,1582263.51691666
2022-06-14T08:00:00Z,6.3936,6.4719,5.9828,6.405,1003141.24040619
2022-06-14T16:00:00Z,6.4092,6.8692,6.251,6.7322,867147.265281
2022-06-15T00:00:00Z,6.7305,6.9108,6.131,6.213,1102588.59589555
2022-06-15T08:00:00Z,6.2096,6.5894,5.8328,6.4538,1355846.6131765
2022-06-15T16:00:00Z,6.4515,7.3736,6.0614,7.3257,1652652.97247195
2022-06-16T00:00:00Z,7.326,7.5,6.6398,6.6979,779604.96264208
2022-06-16T08:00:00Z,6.6997,6.7877,6.2053,6.5789,1306111.46594222
2022-06-16T16:00:00Z,6.5786,6.8321,6.244,6.3586,1094102.04746607
2022-06-17T00:00:00Z,6.3624,6.7358,6.262,6.5856,769257.14507484
2022-06-17T08:00:00Z,6.5872,6.6374,6.2898,6.4267,540930.64964046
2022-06-17T16:00:00Z,6.4236,6.4835,6.312,6.3599,507450.17047497
2022-06-18T00:00:00Z,6.3635,6.469,5.7129,5.7993,657178.24924355
2022-06-18T08:00:00Z,5.8029,5.97,5.6575,5.7482,584079.65718382
2022-06-18T16:00:00Z,5.745,6.0353,5.4082,5.9285,967553.47807627
2022-06-19T00:00:00Z,5.9295,6.2247,5.8229,6.0635,809219.39823386
2022-06-19T08:00:00Z,6.0655,6.4601,6.0194,6.4344,642428.09050806
2022-06-19T16:00:00Z,6.4302,6.8162,6.3209,6.6067,677249.84338625
2022-06-20T00:00:00Z,6.6041,6.6636,6.3114,6.4022,588751.43401801
2022-06-20T08:00:00Z,6.4029,7.2871,6.3913,7.1239,1066205.14363212
2022-06-20T16:00:00Z,7.1233,7.1572,6.7687,6.9825,801747.50465862
2022-06-21T00:00:00Z,6.984,7.4563,6.8345,7.2964,827071.16169931
2022-06-21T08:00:00Z,7.298,7.5641,7.1826,7.3329,891426.4651505
2022-06-21T16:00:00Z,7.3306,7.4499,6.7527,6.8576,691126.81680901
2022-06-22T00:00:00Z,6.8605,6.9446,6.5598,6.6317,764441.72929583
2022-06-22T08:00:00Z,6.6339,7.0354,6.5809,6.7165,745184.34244819
2022-06-22T16:00:00Z,6.7141,6.8021,6.46,6.6201,697510.91473989
2022-06-23T00:00:00Z,6.6237,7.0606,6.5952,6.9054,660785.55219207
2022-06-23T08:00:00Z,6.9035,7.0855,6.6923,6.7626,559773.3939521
2022-06-23T16:00:00Z,6.7663,7.0539,6.6553,6.9886,613159.79434324
2022-06-24T00:00:00Z,6.9898,7.2675,6.9484,7.0739,635050.4773658
2022-06-24T08:00:00Z,7.0745,7.312,6.9892,7.0632,620180.67231326
2022-06-24T16:00:00Z,7.0612,7.4366,6.9663,7.2641,622163.0959372
2022-06-25T00:00:00Z,7.2646,7.3759,7.1179,7.3368,567712.22112231
2022-06-25T08:00:00Z,7.3379,7.3703,6.8023,6.8367,475635.40786545
2022-06-25T16:00:00Z,6.8337,7.303,6.816,7.2612,549321.42889568
2022-06-26T00:00:00Z,7.265,7.3382,7.1077,7.2221,380951.82593766
2022-06-26T08:00:00Z,7.2261,7.4999,7.001,7.066,445363.55209873
2022-06-26T16:00:00Z,7.0648,7.2015,6.6897,6.6952,661651.53792322
2022-06-27T00:00:00Z,6.699,6.9586,6.661,6.9284,473406.17351493
2022-06-27T08:00:00Z,6.9322,6.9958,6.5548,6.5905,502009.15876086
2022-06-27T16:00:00Z,6.5913,6.6878,6.3979,6.555,535732.22876926
2022-06-28T00:00:00Z,6.5552,6.652,6.3046,6.577,400804.38104341
2022-06-28T08:00:00Z,6.5781,7.25,6.5204,6.5336,1139546.73693041
2022-06-28T16:00:00Z,6.5347,6.6187,6.2707,6.3143,495484.50776764
2022-06-29T00:00:00Z,6.3184,6.4897,6.1809,6.3459,560516.84496952
2022-06-29T08:00:00Z,6.3439,6.473,6.1958,6.3514,651747.98338293
2022-06-29T16:00:00Z,6.35,6.4516,6.128,6.2338,764323.98801749
2022-06-30T00:00:00Z,6.2336,6.3026,5.9937,6.053,609590.82824078
2022-06-30T08:00:00Z,6.0478,6.1776,5.88,6.0941,632267.22827184
2022-06-30T16:00:00Z,6.0939,6.3107,5.92,6.2759,616839.94698514
2022-07-01T00:00:00Z,6.2754,6.4274,5.9935,6.114,686001.89973721
2022-07-01T08:00:00Z,6.1159,6.1673,5.935,6.0095,536136.97033802
2022-07-01T16:00:00Z,6.0079,6.238,5.9949,6.0768,424807.44917193
2022-07-02T00:00:00Z,6.0769,6.1679,5.981,6.1052,446123.34804743
2022-07-02T08:00:00Z,6.1064,6.2178,6.032,6.1141,273805.73781852
2022-07-02T16:00:00Z,6.116,6.2863,6.0949,6.2244,221849.58112181
2022-07-03T00:00:00Z,6.2246,6.2277,6.0123,6.1071,297020.96983954
2022-07-03T08:00:00Z,6.1081,6.14,6.0227,6.0727,143287.58264721
2022-07-03T16:00:00Z,6.069,6.2499,6.044,6.2176,220860.83459966
2022-07-04T00:00:00Z,6.2182,6.2461,6.0162,6.0936,362701.50028898
2022-07-04T08:00:00Z,6.0939,6.5052,6.0705,6.2664,426539.55511216
2022-07-04T16:00:00Z,6.2656,6.4582,6.2422,6.4324,308661.30791571
2022-07-05T00:00:00Z,6.4347,6.5593,6.3138,6.4585,347411.44357402
2022-07-05T08:00:00Z,6.4559,6.4569,6.0525,6.142,474469.48429402
2022-07-05T16:00:00Z,6.1411,6.4456,6.108,6.3094,600929.35345859
2022-07-06T00:00:00Z,6.3077,6.4056,6.1692,6.3084,498031.00802287
2022-07-06T08:00:00Z,6.3066,6.3837,6.197,6.2315,395151.93205411
2022-07-06T16:00:00Z,6.2315,6.4211,6.2136,6.334,451835.01581549
2022-07-07T00:00:00Z,6.3362,6.4369,6.3086,6.4053,319905.25994684
2022-07-07T08:00:00Z,6.406,6.86,6.3987,6.5997,538322.88606911
2022-07-07T16:00:00Z,6.6015,6.7521,6.5475,6.6385,552946.55010702
2022-07-08T00:00:00Z,6.6382,6.8316,6.5325,6.5767,566081.85988249
2022-07-08T08:00:00Z,6.5777,6.5995,6.3337,6.4183,592393.87809874
2022-07-08T16:00:00Z,6.4148,6.5113,6.3306,6.3586,401834.86626073
2022-07-09T00:00:00Z,6.3511,6.5059,6.3442,6.4871,194750.50710228
2022-07-09T08:00:00Z,6.4864,6.53,6.3749,6.4374,145689.13088191
2022-07-09T16:00:00Z,6.4313,6.5836,6.4308,6.4864,171899.44774445
2022-07-10T00:00:00Z,6.4861,6.4889,6.3211,6.364,183235.09490583
2022-07-10T08:00:00Z,6.3597,6.3852,6.1223,6.1582,256790.52479633
2022-07-10T16:00:00Z,6.1578,6.2216,6.1037,6.1931,196599.24643191
2022-07-11T00:00:00Z,6.1941,6.2884,6.0502,6.2773,364151.56404191
2022-07-11T08:00:00Z,6.2766,6.333,6.1449,6.3006,328914.51481388
2022-07-11T16:00:00Z,6.3022,6.4334,5.9834,6.0439,437355.29202746
2022-07-12T00:00:00Z,6.0435,6.2303,6.0035,6.165,342610.49105862
2022-07-12T08:00:00Z,6.1672,6.2141,6.0339,6.1799,265494.17070027
2022-07-12T16:00:00Z,6.1796,6.2391,5.9217,5.9492,325026.64860925
2022-07-13T00:00:00Z,5.948,6.1224,5.9213,6.1035,274606.58250445
2022-07-13T08:00:00Z,6.1041,6.1703,5.6867,5.933,602473.30925271
2022-07-13T16:00:00Z,5.9314,6.1913,5.8914,6.1726,357482.06500223
2022-07-14T00:00:00Z,6.1721,6.2889,6.1142,6.1352,256354.56082808
2022-07-14T08:00:00Z,6.1369,6.2476,5.9928,6.2177,361223.82207333
2022-07-14T16:00:00Z,6.2227,6.3902,6.1804,6.2755,430269.89425891
2022-07-15T00:00:00Z,6.2747,6.3679,6.2085,6.2869,285220.11037834
2022-07-15T08:00:00Z,6.2879,6.3899,6.206,6.2274,332239.31654268
2022-07-15T16:00:00Z,6.227,6.4563,6.1177,6.3236,451521.53875935
2022-07-16T00:00:00Z,6.3236,6.371,6.1434,6.168,272568.42826845
2022-07-16T08:00:00Z,6.1675,6.3251,6.1612,6.3208,181701.7302102
2022-07-16T16:00:00Z,6.3209,6.6154,6.3205,6.5956,619642.20196395
2022-07-17T00:00:00Z,6.5956,6.7126,6.4519,6.5984,255457.58316016
2022-07-17T08:00:00Z,6.5985,6.6455,6.4111,6.4484,249982.60317887
2022-07-17T16:00:00Z,6.4504,6.534,6.3165,6.3488,257417.03032014
2022-07-18T00:00:00Z,6.3495,6.815,6.3303,6.7807,509449.53101057
2022-07-18T08:00:00Z,6.7821,7.1462,6.7619,7.1213,607134.93340737
2022-07-18T16:00:00Z,7.1178,7.1249,6.7065,7.0482,637334.27796676
2022-07-19T00:00:00Z,7.0482,7.2288,6.733,6.8327,823642.93972953
2022-07-19T08:00:00Z,6.8314,7.2067,6.8098,7.1507,661230.07923886
2022-07-19T16:00:00Z,7.1537,7.3706,7.0935,7.255,795766.12906221
2022-07-20T00:00:00Z,7.2546,7.582,7.1526,7.3556,683015.60350681
2022-07-20T08:00:00Z,7.3551,7.496,7.2178,7.3313,618899.39634601
2022-07-20T16:00:00Z,7.3288,7.3429,6.828,6.8655,522330.0758799
2022-07-21T00:00:00Z,6.8648,6.9502,6.648,6.8048,301833.62781743
2022-07-21T08:00:00Z,6.8066,6.9277,6.6931,6.8379,316119.34395561
2022-07-21T16:00:00Z,6.8372,7.055,6.8323,6.9903,439338.06077653
2022-07-22T00:00:00Z,6.995,7.138,6.9074,7.0363,311385.15513601
2022-07-22T08:00:00Z,7.0373,7.2862,6.9329,6.9629,403421.09618638
2022-07-22T16:00:00Z,6.9654,7.0392,6.7463,6.7818,299401.47833537
2022-07-23T00:00:00Z,6.7834,7.0008,6.7103,6.9658,99066.4280925
2022-07-23T08:00:00Z,6.9681,7.0277,6.6308,6.7479,245911.87995273
2022-07-23T16:00:00Z,6.7436,6.8952,6.6102,6.8461,182056.6033801
2022-07-24T00:00:00Z,6.85,7.0851,6.8432,7.0245,204705.32542843
2022-07-24T08:00:00Z,7.0259,7.1639,6.9455,7.1093,180498.66021412
2022-07-24T16:00:00Z,7.1041,7.2469,7.0047,7.0918,208069.87430627
2022-07-25T00:00:00Z,7.0928,7.1449,6.6723,6.809,370542.25095125
2022-07-25T08:00:00Z,6.8094,6.8475,6.65,6.7703,235416.26363364
2022-07-25T16:00:00Z,6.768,6.8242,6.4036,6.429,398678.69175855
2022-07-26T00:00:00Z,6.4299,6.4478,6.2641,6.2858,359913.37132558
2022-07-26T08:00:00Z,6.2871,6.3583,6.1373,6.15,223147.44670701
2022-07-26T16:00:00Z,6.15,6.3566,6.081,6.3425,225069.71368424
2022-07-27T00:00:00Z,6.3422,6.3719,6.1879,6.3317,257425.96130702
2022-07-27T08:00:00Z,6.3322,6.3814,6.2126,6.3388,194040.45075813
2022-07-27T16:00:00Z,6.3453,6.8688,6.2651,6.859,724858.90747529
2022-07-28T00:00:00Z,6.8574,6.9658,6.7848,6.809,349244.90705219
2022-07-28T08:00:00Z,6.8087,7.1279,6.6764,7.0672,485431.98849132
2022-07-28T16:00:00Z,7.0701,7.2956,7.044,7.2202,540627.78874374
2022-07-29T00:00:00Z,7.2216,7.798,7.1119,7.5907,664526.46660061
2022-07-29T08:00:00Z,7.5957,8.0941,7.388,7.9124,751273.99862547
2022-07-29T16:00:00Z,7.9147,8.1158,7.715,7.8735,670391.25606699
2022-07-30T00:00:00Z,7.8858,8.1092,7.6681,7.8385,345012.42942051
2022-07-30T08:00:00Z,7.8422,8.2085,7.7017,8.1919,318936.30122866
2022-07-30T16:00:00Z,8.1924,8.1966,7.7056,7.8206,301111.0437608
2022-07-31T00:00:00Z,7.821,8.0891,7.7487,7.7963,261719.89176583
2022-07-31T08:00:00Z,7.7967,7.928,7.7013,7.8382,229243.08359519
2022-07-31T16:00:00Z,7.8355,8.0719,7.5784,7.6535,495800.02740219
2022-08-01T00:00:00Z,7.6531,7.881,7.585,7.7066,251752.19073109
2022-08-01T08:00:00Z,7.7034,7.7808,7.4632,7.6735,280463.25505634
2022-08-01T16:00:00Z,7.673,7.6977,7.408,7.5716,292739.62740196
2022-08-02T00:00:00Z,7.5689,7.6637,7.0207,7.161,411824.134958
2022-08-02T08:00:00Z,7.1652,7.347,7.0456,7.2943,333743.07751539
2022-08-02T16:00:00Z,7.2963,7.4749,7.1568,7.1753,332112.44311094
2022-08-03T00:00:00Z,7.1792,7.4424,7.055,7.4214,280765.49343237
2022-08-03T08:00:00Z,7.4248,7.6359,7.4248,7.519,201975.01583813
2022-08-03T16:00:00Z,7.5176,7.5928,7.2345,7.2863,209284.26126607
2022-08-04T00:00:00Z,7.2861,7.5383,7.2695,7.3866,242746.69536305
2022-08-04T08:00:00Z,7.3911,7.4686,7.2562,7.3575,214681.33877424
2022-08-04T16:00:00Z,7.3592,7.401,7.175,7.3571,195932.43169088
2022-08-05T00:00:00Z,7.3645,7.8025,7.3478,7.7063,276853.02849719
2022-08-05T08:00:00Z,7.709,7.8957,7.638,7.7152,323738.74775245
2022-08-05T16:00:00Z,7.7163,7.8899,7.5881,7.88,328748.37009681
2022-08-06T00:00:00Z,7.8838,7.9815,7.7652,7.9489,166386.18978746
2022-08-06T08:00:00Z,7.9489,8.1132,7.8668,7.8805,144040.16654869
2022-08-06T16:00:00Z,7.8802,7.9012,7.7328,7.7929,133673.03207013
2022-08-07T00:00:00Z,7.7925,7.8541,7.6551,7.7436,149041.50706901
2022-08-07T08:00:00Z,7.7461,7.8884,7.6848,7.8453,88033.74569339
2022-08-07T16:00:00Z,7.8453,8.3829,7.8308,8.3442,406499.68455064
2022-08-08T00:00:00Z,8.3471,8.5269,8.2259,8.454,412041.52124699
2022-08-08T08:00:00Z,8.4552,8.7544,8.444,8.6706,572494.65795343
2022-08-08T16:00:00Z,8.6696,8.79,8.39,8.6044,583503.89738726
2022-08-09T00:00:00Z,8.6045,8.9508,8.4851,8.619,560407.76583936
2022-08-09T08:00:00Z,8.6237,8.6857,8.27,8.5909,475171.55111084
2022-08-09T16:00:00Z,8.5916,8.8966,8.5138,8.743,622552.90525311
2022-08-10T00:00:00Z,8.7431,8.7431,8.2955,8.3914,334161.66162674
2022-08-10T08:00:00Z,8.3942,9.2734,8.3435,9.207,524269.99995362
2022-08-10T16:00:00Z,9.21,9.2995,8.9789,9.0582,544303.10965124
2022-08-11T00:00:00Z,9.0584,9.2276,8.9114,8.9699,342391.55174386
2022-08-11T08:00:00Z,8.9765,9.2131,8.8246,8.8635,254373.1842516
2022-08-11T16:00:00Z,8.8666,9.1614,8.8565,8.9574,380908.52752697
2022-08-12T00:00:00Z,8.9567,9.0876,8.8019,9.054,238997.57027619
2022-08-12T08:00:00Z,9.0523,9.5098,8.942,9.2846,529503.62803584
2022-08-12T16:00:00Z,9.2887,9.3699,9.125,9.3215,228764.96629152
2022-08-13T00:00:00Z,9.323,9.4836,9.1971,9.2363,288713.8654956
2022-08-13T08:00:00Z,9.2396,9.2989,9.0562,9.1787,141706.64460197
2022-08-13T16:00:00Z,9.1766,9.2178,9.0807,9.1471,253623.69014663
2022-08-14T00:00:00Z,9.1494,9.355,8.9761,9.3496,240752.88869019
2022-08-14T08:00:00Z,9.3508,9.3671,8.8628,8.9926,310081.97042456
2022-08-14T16:00:00Z,8.991,8.9993,8.6641,8.7645,257020.15952514
2022-08-15T00:00:00Z,8.7697,9.0568,8.5079,8.5719,374913.85930186
2022-08-15T08:00:00Z,8.5734,8.7877,8.5007,8.7802,222451.58691458
2022-08-15T16:00:00Z,8.7857,8.856,8.495,8.6506,250951.37110785
2022-08-16T00:00:00Z,8.6473,8.8254,8.485,8.5921,273226.00833416
2022-08-16T08:00:00Z,8.5863,8.7165,8.3754,8.5274,201597.94629958
2022-08-16T16:00:00Z,8.5306,8.5771,8.378,8.4501,149209.22825584
2022-08-17T00:00:00Z,8.4495,8.7427,8.4286,8.4419,223849.55392165
2022-08-17T08:00:00Z,8.4422,8.5503,8.043,8.0927,233420.97139643
2022-08-17T16:00:00Z,8.0935,8.2332,7.9855,8.0537,225429.54999901
2022-08-18T00:00:00Z,8.0613,8.2046,7.9412,8.1918,157680.06294239
2022-08-18T08:00:00Z,8.1908,8.2398,8.064,8.1285,135975.71138172
2022-08-18T16:00:00Z,8.13,8.135,7.6158,7.6483,279820.70381274
2022-08-19T00:00:00Z,7.648,7.6993,7.018,7.1254,450601.18796917
2022-08-19T08:00:00Z,7.1292,7.1606,6.912,7.1184,339881.54574339
2022-08-19T16:00:00Z,7.1178,7.4002,6.75,6.8954,333225.32553028
2022-08-20T00:00:00Z,6.8987,7.207,6.89,7.15,228636.3518899
2022-08-20T08:00:00Z,7.1515,7.1539,6.9451,7.0228,161717.96923473
2022-08-20T16:00:00Z,7.0237,7.0324,6.6693,6.9019,323852.0803633
2022-08-21T00:00:00Z,6.9018,7.052,6.8784,7.0427,146327.49526081
2022-08-21T08:00:00Z,7.0444,7.1643,7.0061,7.0449,141047.28571021
2022-08-21T16:00:00Z,7.0424,7.1732,6.9348,7.0827,154799.2979297
2022-08-22T00:00:00Z,7.0839,7.0864,6.7548,6.7701,183752.46753802
2022-08-22T08:00:00Z,6.7665,6.8953,6.6758,6.8869,172506.59660995
2022-08-22T16:00:00Z,6.8851,7.0525,6.7764,7.0471,88318.91381997
2022-08-23T00:00:00Z,7.0439,7.1294,6.7711,6.9402,185710.29769335
2022-08-23T08:00:00Z,6.9399,7.2587,6.9378,7.2389,189120.13400536
2022-08-23T16:00:00Z,7.2382,7.3542,7.1372,7.2395,92017.51066142
2022-08-24T00:00:00Z,7.2425,7.25,7.0134,7.0708,97498.47082723
2022-08-24T08:00:00Z,7.0746,7.301,7.0699,7.2975,78717.48535786
2022-08-24T16:00:00Z,7.296,7.3762,7.1141,7.1228,134192.15575886
2022-08-25T00:00:00Z,7.1245,7.3745,7.1193,7.3511,83023.80573564
2022-08-25T08:00:00Z,7.353,7.3738,7.0268,7.0896,93820.81039755
2022-08-25T16:00:00Z,7.0884,7.1753,7.0025,7.1251,93601.00346995
2022-08-26T00:00:00Z,7.1205,7.1436,6.902,6.9808,83697.8872753
2022-08-26T08:00:00Z,6.9786,7.1941,6.7194,6.7657,280359.11956572
2022-08-26T16:00:00Z,6.7695,6.7834,6.4001,6.5053,296805.77548034
2022-08-27T00:00:00Z,6.5,6.6088,6.4166,6.6034,172670.33736455
2022-08-27T08:00:00Z,6.6053,6.6193,6.441,6.5056,76411.2594818
2022-08-27T16:00:00Z,6.5027,6.5696,6.415,6.5233,98756.26967401
2022-08-28T00:00:00Z,6.5272,6.5788,6.4348,6.5439,63997.57922766
2022-08-28T08:00:00Z,6.5429,6.5843,6.4111,6.5764,77316.22711489
2022-08-28T16:00:00Z,6.5793,6.6326,6.226,6.2548,135985.49063976
2022-08-29T00:00:00Z,6.2555,6.4076,6.1841,6.3509,97591.92265052
2022-08-29T08:00:00Z,6.3524,6.6494,6.3137,6.5631,131879.7205652
2022-08-29T16:00:00Z,6.5654,6.734,6.5217,6.7032,197149.66173956
2022-08-30T00:00:00Z,6.6993,6.8305,6.6095,6.7838,91708.96385224
2022-08-30T08:00:00Z,6.7852,6.8155,6.4485,6.5162,96973.30272832
2022-08-30T16:00:00Z,6.5162,6.666,6.366,6.5571,185927.56054481
2022-08-31T00:00:00Z,6.5582,6.8965,6.5557,6.7477,185253.26375199
2022-08-31T08:00:00Z,6.7517,6.857,6.592,6.6951,175645.31274804
2022-08-31T16:00:00Z,6.6897,6.7597,6.5469,6.6275,130443.86534143
2022-09-01T00:00:00Z,6.6292,6.6895,6.471,6.5173,71637.43737772
2022-09-01T08:00:00Z,6.5151,6.7711,6.4466,6.5443,141305.2089211
2022-09-01T16:00:00Z,6.545,6.961,6.5037,6.9263,114799.46395051
2022-09-02T00:00:00Z,6.9266,6.9908,6.8285,6.8818,142030.05180793
2022-09-02T08:00:00Z,6.884,7.2143,6.8392,7.1857,170481.4226662
2022-09-02T16:00:00Z,7.1889,7.2488,6.7872,6.9261,195591.10841324
2022-09-03T00:00:00Z,6.9261,6.9686,6.7559,6.8235,116179.7095926
2022-09-03T08:00:00Z,6.8222,6.8863,6.7936,6.81,45560.29750301
2022-09-03T16:00:00Z,6.8133,6.8613,6.7227,6.8613,45370.71768918
2022-09-04T00:00:00Z,6.861,6.9288,6.8145,6.8224,65350.91590031
2022-09-04T08:00:00Z,6.8159,7.2324,6.7903,7.193,181115.8288832
2022-09-04T16:00:00Z,7.1933,7.28,7.0726,7.152,155955.69981385
2022-09-05T00:00:00Z,7.1548,7.2853,7.1193,7.2214,139501.79428916
2022-09-05T08:00:00Z,7.2244,7.3955,7.0934,7.2875,199335.67478758
2022-09-05T16:00:00Z,7.288,7.4315,7.1868,7.3738,174365.91684777
2022-09-06T00:00:00Z,7.3791,7.561,7.211,7.3335,281427.32197526
2022-09-06T08:00:00Z,7.3346,7.3702,7.1023,7.1875,168424.2505164
2022-09-06T16:00:00Z,7.1924,7.2053,6.5747,6.6572,535401.83934654
2022-09-07T00:00:00Z,6.6553,6.7665,6.5753,6.7091,259099.5532273
2022-09-07T08:00:00Z,6.7049,6.8302,6.675,6.7878,114022.25252989
2022-09-07T16:00:00Z,6.7805,7.1492,6.7735,7.0852,170599.19898245
2022-09-08T00:00:00Z,7.0863,7.1608,7.0089,7.0597,142027.30397726
2022-09-08T08:00:00Z,7.0593,7.4436,7.0392,7.3559,267342.37798544
2022-09-08T16:00:00Z,7.365,7.5061,7.2838,7.3993,434588.81120785
2022-09-09T00:00:00Z,7.4051,7.9013,7.3919,7.8582,430818.44018928
2022-09-09T08:00:00Z,7.8584,8.1059,7.8245,7.8273,490262.02519229
2022-09-09T16:00:00Z,7.8284,7.839,7.6303,7.7399,208029.41103497
2022-09-10T00:00:00Z,7.7435,7.8379,7.6177,7.6456,141547.7205493
2022-09-10T08:00:00Z,7.648,7.8202,7.648,7.7355,86074.45138262
2022-09-10T16:00:00Z,7.738,8.0299,7.7299,7.9037,243999.71708674
2022-09-11T00:00:00Z,7.9046,7.9847,7.7335,7.9348,109005.02847696
2022-09-11T08:00:00Z,7.9354,8.1775,7.8394,7.8607,140815.94927044
2022-09-11T16:00:00Z,7.8607,8.0732,7.7774,8.0304,172927.50776391
2022-09-12T00:00:00Z,8.0299,8.3035,7.8538,8.0412,400283.27330551
2022-09-12T08:00:00Z,8.0447,8.1437,7.6748,7.7223,288939.89511376
2022-09-12T16:00:00Z,7.7208,7.8427,7.6098,7.756,167081.53129858
2022-09-13T00:00:00Z,7.7616,7.8301,7.5532,7.7991,205776.16535661
2022-09-13T08:00:00Z,7.8008,7.9578,7.1675,7.1898,511575.17020905
2022-09-13T16:00:00Z,7.1921,7.3006,7.0216,7.0296,263711.22602754
2022-09-14T00:00:00Z,7.0246,7.2846,6.9827,7.1946,160010.09801842
2022-09-14T08:00:00Z,7.1945,7.457,7.1394,7.4333,144803.01179836
2022-09-14T16:00:00Z,7.4342,7.5429,7.2517,7.4575,310738.56621066
2022-09-15T00:00:00Z,7.455,7.4973,7.1158,7.3997,383355.66641931
2022-09-15T08:00:00Z,7.4032,7.405,7.0174,7.1796,160426.35423293
2022-09-15T16:00:00Z,7.1796,7.6092,7.1162,7.565,243042.69041419
2022-09-16T00:00:00Z,7.5639,7.6822,7.4165,7.5956,173941.14119271
2022-09-16T08:00:00Z,7.5956,7.8031,7.4676,7.7326,308714.25025869
2022-09-16T16:00:00Z,7.7336,7.7533,7.5281,7.6557,193617.10478176
2022-09-17T00:00:00Z,7.6568,8.074,7.6507,8.0004,180631.93675356
2022-09-17T08:00:00Z,7.9992,8.0408,7.8266,7.9063,224335.08552578
2022-09-17T16:00:00Z,7.9071,8.148,7.9054,8.0913,249363.90444127
2022-09-18T00:00:00Z,8.0933,8.1425,7.9128,8.01,298127.04228256
2022-09-18T08:00:00Z,8.0105,8.0298,7.8143,7.8733,169479.18038878
2022-09-18T16:00:00Z,7.8768,7.9023,7.4013,7.5205,414132.88504028
2022-09-19T00:00:00Z,7.5246,7.6777,7.0371,7.1689,439578.75788254
2022-09-19T08:00:00Z,7.1698,7.3907,7.006,7.2782,313059.44777502
2022-09-19T16:00:00Z,7.2723,7.3777,7.1279,7.304,245532.83070359
2022-09-20T00:00:00Z,7.3005,7.335,7.1359,7.1833,183721.40042422
2022-09-20T08:00:00Z,7.202,7.2499,7.0085,7.2088,231598.7967143
2022-09-20T16:00:00Z,7.2098,7.2329,6.8072,6.8848,314203.7683632
2022-09-21T00:00:00Z,6.8834,7.0015,6.7692,6.8616,137620.39551397
2022-09-21T08:00:00Z,6.8575,7.0754,6.8232,6.9538,114199.2075
2022-09-21T16:00:00Z,6.9529,7.3163,6.5074,6.6799,702744.34532188
2022-09-22T00:00:00Z,6.6797,6.8858,6.6391,6.8796,156573.5143
2022-09-22T08:00:00Z,6.8826,7.121,6.87,6.9416,214324.751
2022-09-22T16:00:00Z,6.9439,7.1783,6.8643,7.1194,153109.5594
2022-09-23T00:00:00Z,7.1223,7.2794,7.0119,7.1136,142955.8178
2022-09-23T08:00:00Z,7.1144,7.3161,6.9759,7.0967,296763.4233
2022-09-23T16:00:00Z,7.0945,7.4947,6.96,7.4505,338355.2608
2022-09-24T00:00:00Z,7.4498,7.6276,7.3695,7.5479,264664.75849759
2022-09-24T08:00:00Z,7.5549,7.7378,7.5184,7.6787,168631.0125
2022-09-24T16:00:00Z,7.6796,7.8747,7.58,7.6256,258938.02224594
2022-09-25T00:00:00Z,7.6295,8.0695,7.6246,8.0265,187993.44156198
2022-09-25T08:00:00Z,8.0224,8.0752,7.696,7.9062,341272.1462
2022-09-25T16:00:00Z,7.9043,7.9692,7.5671,7.8759,241705.6454
2022-09-26T00:00:00Z,7.8681,7.959,7.4653,7.6237,213484.3026
2022-09-26T08:00:00Z,7.6223,7.8879,7.52,7.8671,198232.5811
2022-09-26T16:00:00Z,7.868,7.9467,7.7412,7.9432,159219.555
2022-09-27T00:00:00Z,7.942,8.3983,7.9055,8.2242,297697.96196805
2022-09-27T08:00:00Z,8.2268,8.386,8.1126,8.1228,191163.8956
2022-09-27T16:00:00Z,8.1265,8.1697,7.6519,8.0566,455158.06221801
2022-09-28T00:00:00Z,8.0591,8.4327,7.8092,7.9739,765124.0474
2022-09-28T08:00:00Z,7.9749,8.5522,7.8084,8.2062,652893.14775348
2022-09-28T16:00:00Z,8.2047,8.213,7.7354,7.7956,446739.20957482
2022-09-29T00:00:00Z,7.7944,7.8371,7.6344,7.6928,328919.6541
2022-09-29T08:00:00Z,7.6892,7.8848,7.5791,7.768,274724.189
2022-09-29T16:00:00Z,7.7673,7.9412,7.7374,7.898,245834.0132
2022-09-30T00:00:00Z,7.9088,7.9182,7.7765,7.8689,118569.6042
2022-09-30T08:00:00Z,7.8738,7.8827,7.6275,7.6872,208893.8785
2022-09-30T16:00:00Z,7.6879,7.7379,7.5111,7.5794,195869.787
2022-10-01T00:00:00Z,7.5841,7.6445,7.535,7.6081,84087.2505
2022-10-01T08:00:00Z,7.6061,7.635,7.512,7.548,95644.5203
2022-10-01T16:00:00Z,7.5561,7.5577,7.3114,7.3915,276311.4474
2022-10-02T00:00:00Z,7.3939,7.5453,7.3727,7.4649,78490.3636
2022-10-02T08:00:00Z,7.4625,7.5357,7.212,7.2956,187721.3731
2022-10-02T16:00:00Z,7.2956,7.3719,7.0883,7.1168,195924.2818
2022-10-03T00:00:00Z,7.1108,7.2249,7.011,7.1262,214176.05715033
2022-10-03T08:00:00Z,7.1269,7.298,7.0947,7.2344,119758.779
2022-10-03T16:00:00Z,7.238,7.3561,7.1638,7.326,153346.7318
2022-10-04T00:00:00Z,7.3239,7.6978,7.3239,7.6552,314917.4635
2022-10-04T08:00:00Z,7.6561,7.833,7.5982,7.7312,251561.25238506
2022-10-04T16:00:00Z,7.7325,7.7989,7.6421,7.7218,212975.8228
2022-10-05T00:00:00Z,7.724,7.8498,7.6778,7.7409,198574.7497
2022-10-05T08:00:00Z,7.7417,7.8812,7.5869,7.8167,393527.3505
2022-10-05T16:00:00Z,7.8189,7.9429,7.76,7.8731,288203.49841108
2022-10-06T00:00:00Z,7.8772,7.938,7.7719,7.8183,177953.9442
2022-10-06T08:00:00Z,7.8192,7.9,7.6915,7.7489,214858.64121231
2022-10-06T16:00:00Z,7.75,7.7753,7.5922,7.6284,153444.1
2022-10-07T00:00:00Z,7.6306,7.8,7.6219,7.71,141140.8409
2022-10-07T08:00:00Z,7.7125,7.7432,7.4717,7.547,262490.5566
2022-10-07T16:00:00Z,7.5458,7.6561,7.4842,7.6042,141008.95714346
2022-10-08T00:00:00Z,7.5973,7.6566,7.5474,7.617,44797.5813
2022-10-08T08:00:00Z,7.6176,7.6194,7.4891,7.4906,79899.86759825
2022-10-08T16:00:00Z,7.4898,7.5158,7.3405,7.4547,144421.67729527
2022-10-09T00:00:00Z,7.4531,7.5479,7.4176,7.527,57125.4422
2022-10-09T08:00:00Z,7.527,7.5966,7.4847,7.5346,75454.6677
2022-10-09T16:00:00Z,7.5349,7.6577,7.5124,7.6285,149925.84615066
2022-10-10T00:00:00Z,7.628,7.7047,7.5578,7.5747,125959.9618
2022-10-10T08:00:00Z,7.5748,7.5769,7.3801,7.5013,162377.4886
2022-10-10T16:00:00Z,7.5014,7.7334,7.3192,7.3307,383094.47780751
2022-10-11T00:00:00Z,7.3273,7.3819,7.1342,7.2243,216294.29239149
2022-10-11T08:00:00Z,7.2241,7.31,7.1366,7.2935,207659.0597
2022-10-11T16:00:00Z,7.2932,7.3432,7.0679,7.1333,255728.10559834
2022-10-12T00:00:00Z,7.1339,7.273,7.1075,7.2285,151259.8315
2022-10-12T08:00:00Z,7.2268,7.2625,7.1064,7.1806,93101.927
2022-10-12T16:00:00Z,7.1774,7.1976,7.089,7.1418,91176.0775
2022-10-13T00:00:00Z,7.1417,7.157,6.608,6.7205,413635.9846393
2022-10-13T08:00:00Z,6.7174,6.9254,6.3001,6.8319,870962.56121769
2022-10-13T16:00:00Z,6.8375,7.1043,6.8193,7.0272,330114.1023
2022-10-14T00:00:00Z,7.026,7.2516,6.9841,7.1251,250535.6887
2022-10-14T08:00:00Z,7.1259,7.25,7.0128,7.0407,219022.5769
2022-10-14T16:00:00Z,7.0385,7.0563,6.7956,6.8918,147762.92543944
2022-10-15T00:00:00Z,6.8872,6.9307,6.8404,6.912,138948.2347
2022-10-15T08:00:00Z,6.9115,6.9861,6.8187,6.9355,121540.5582
2022-10-15T16:00:00Z,6.9355,6.98,6.8368,6.885,236230.8974
2022-10-16T00:00:00Z,6.8845,7.1479,6.8737,7.0458,205537.2236
2022-10-16T08:00:00Z,7.0518,7.1167,7.0067,7.0916,157778.7532
2022-10-16T16:00:00Z,7.0937,7.3,7.0295,7.1722,353922.08662737
2022-10-17T00:00:00Z,7.1699,7.2182,7.0686,7.2136,141528.8674
2022-10-17T08:00:00Z,7.2148,7.3391,7.165,7.259,269357.9214
2022-10-17T16:00:00Z,7.2602,7.3756,7.2008,7.3293,183645.5863
2022-10-18T00:00:00Z,7.3294,7.372,7.2309,7.2606,115540.7857
2022-10-18T08:00:00Z,7.2631,7.2631,7.0606,7.1142,144301.134
2022-10-18T16:00:00Z,7.1123,7.1463,6.9655,7.1257,157561.32249105
2022-10-19T00:00:00Z,7.1251,7.1339,6.9436,7.0187,88100.23918762
2022-10-19T08:00:00Z,7.0189,7.0638,6.9076,7.0032,107772.97268502
2022-10-19T16:00:00Z,7.0027,7.0035,6.7084,6.7713,184298.9417
2022-10-20T00:00:00Z,6.7739,6.8598,6.6854,6.84,310061.3874
2022-10-20T08:00:00Z,6.8398,6.9139,6.7802,6.8642,95753.8908
2022-10-20T16:00:00Z,6.865,6.865,6.6033,6.6597,262052.58239
2022-10-21T00:00:00Z,6.6604,6.6901,6.5391,6.5948,224046.9766
2022-10-21T08:00:00Z,6.5947,6.7342,6.4423,6.7342,245119.7663
2022-10-21T16:00:00Z,6.7345,6.8471,6.6999,6.808,204122.3516
2022-10-22T00:00:00Z,6.8099,6.8317,6.7268,6.8178,47441.6127
2022-10-22T08:00:00Z,6.8169,6.9298,6.8061,6.8742,95525.0429
2022-10-22T16:00:00Z,6.8754,6.9159,6.8091,6.8681,82379.3919
2022-10-23T00:00:00Z,6.8701,6.9861,6.8208,6.9207,105118.799
2022-10-23T08:00:00Z,6.92,6.9676,6.7927,6.8254,131468.9678
2022-10-23T16:00:00Z,6.8264,7.0868,6.8115,7.0658,197250.6283
2022-10-24T00:00:00Z,7.0655,7.0867,6.8809,6.9165,214216.4941743
2022-10-24T08:00:00Z,6.9129,6.9781,6.7913,6.8916,160388.3305
2022-10-24T16:00:00Z,6.8909,6.9607,6.8546,6.9086,219413.5099
2022-10-25T00:00:00Z,6.9088,6.9677,6.8371,6.8859,337184.7757
2022-10-25T08:00:00Z,6.8892,7.06,6.8166,7.0133,267998.5085
2022-10-25T16:00:00Z,7.0162,7.28,6.9941,7.0623,797240.4563
2022-10-26T00:00:00Z,7.0636,7.225,7.0277,7.1724,216865.7974
2022-10-26T08:00:00Z,7.1717,7.2889,7.0359,7.2126,325279.5603
2022-10-26T16:00:00Z,7.2209,7.2396,7.0861,7.1583,339471.4968
2022-10-27T00:00:00Z,7.1582,7.3646,7.1165,7.2386,337553.6709
2022-10-27T08:00:00Z,7.2389,7.2558,7.043,7.0693,210154.8822
2022-10-27T16:00:00Z,7.0683,7.1415,6.86,6.8933,235207.64894238
2022-10-28T00:00:00Z,6.8878,6.9491,6.8283,6.9343,199974.0798
2022-10-28T08:00:00Z,6.9347,7.06,6.8662,7.0453,244152.8154
2022-10-28T16:00:00Z,7.0474,7.2,7.0332,7.1096,178293.9814
2022-10-29T00:00:00Z,7.109,7.2546,7.1057,7.1848,136518.8865
2022-10-29T08:00:00Z,7.1822,7.29,7.0807,7.1809,227012.2578
2022-10-29T16:00:00Z,7.1821,7.6603,7.17,7.6354,792593.68398242
2022-10-30T00:00:00Z,7.6386,7.8566,7.5556,7.8035,452168.2489
2022-10-30T08:00:00Z,7.8043,7.8146,7.4944,7.542,287757.2011
2022-10-30T16:00:00Z,7.5379,7.9313,7.5185,7.7817,517543.0922
2022-10-31T00:00:00Z,7.7821,8.0324,7.6599,7.9697,705418.58311022
2022-10-31T08:00:00Z,7.9698,8.3301,7.8416,8.0062,751188.8624
2022-10-31T16:00:00Z,8.0074,8.0656,7.7196,7.8543,287797.6168
2022-11-01T00:00:00Z,7.8531,7.9234,7.7336,7.8211,198220.894
2022-11-01T08:00:00Z,7.8202,7.8885,7.6393,7.7379,203673.248
2022-11-01T16:00:00Z,7.7386,7.7605,7.6221,7.6868,119575.4515
2022-11-02T00:00:00Z,7.6839,7.8721,7.5634,7.6915,175109.1415
2022-11-02T08:00:00Z,7.6885,7.8896,7.6159,7.691,258769.0019
2022-11-02T16:00:00Z,7.6875,8.0072,7.3399,7.4359,865155.88961663
2022-11-03T00:00:00Z,7.4348,7.9619,7.3885,7.8063,396409.7844
2022-11-03T08:00:00Z,7.8079,8.024,7.6535,7.8384,536314.5474
2022-11-03T16:00:00Z,7.8385,8.0023,7.656,7.7168,262770.2614
2022-11-04T00:00:00Z,7.7171,8.3744,7.6597,8.2155,698370.52335492
2022-11-04T08:00:00Z,8.2159,8.4693,8.0321,8.2385,658676.3617
2022-11-04T16:00:00Z,8.2308,8.8954,8.178,8.7202,600605.60995256
2022-11-05T00:00:00Z,8.7179,8.9525,8.6332,8.777,357984.6375
2022-11-05T08:00:00Z,8.7765,8.9209,8.5695,8.8441,260498.7385
2022-11-05T16:00:00Z,8.8431,9.0081,8.5979,8.6623,372252.55763453
2022-11-06T00:00:00Z,8.6641,8.7697,8.5359,8.6751,163472.9445
2022-11-06T08:00:00Z,8.6788,8.7493,8.3578,8.5478,261838.53585973
2022-11-06T16:00:00Z,8.5426,8.5977,8.09,8.0991,304328.4243
2022-11-07T00:00:00Z,8.0997,8.3557,7.8994,7.9093,397994.6426
2022-11-07T08:00:00Z,7.9053,8.542,7.8979,8.5398,488207.91331
2022-11-07T16:00:00Z,8.5397,9.2473,8.3954,8.9579,912095.3887
2022-11-08T00:00:00Z,8.9588,9.2002,8.0413,8.5595,1683721.6818
2022-11-08T08:00:00Z,8.5595,8.8876,8.332,8.563,929371.1538
2022-11-08T16:00:00Z,8.5612,9.475,6.5353,7.713,2964733.27019774
2022-11-09T00:00:00Z,7.7104,7.8982,7.0321,7.0752,706326.6575
2022-11-09T08:00:00Z,7.0749,7.0905,6.3315,6.4568,1111455.2615
2022-11-09T16:00:00Z,6.4506,6.6171,5.7759,6.2268,1179381.30899666
2022-11-10T00:00:00Z,6.2331,6.889,6.0918,6.7403,522181.571
2022-11-10T08:00:00Z,6.7363,7.4151,6.4701,7.3071,677357.021085
2022-11-10T16:00:00Z,7.3002,7.5158,6.9788,7.2095,459955.5149
2022-11-11T00:00:00Z,7.2105,7.3381,6.7476,7.0576,286625.9823
2022-11-11T08:00:00Z,7.0559,7.2205,6.52,6.784,329717.369
2022-11-11T16:00:00Z,6.7837,7.0692,6.6589,7.0323,158508.958
2022-11-12T00:00:00Z,7.043,7.0574,6.2034,6.4908,416068.063
2022-11-12T08:00:00Z,6.4843,6.508,6.2928,6.4175,139749.8603
2022-11-12T16:00:00Z,6.4198,6.4512,6.19,6.2835,110453.3078
2022-11-13T00:00:00Z,6.2856,6.544,6.2199,6.3511,144965.2641
2022-11-13T08:00:00Z,6.3548,6.3637,6.102,6.1826,163403.9747
2022-11-13T16:00:00Z,6.1972,6.2221,5.9371,6.075,177273.6592
2022-11-14T00:00:00Z,6.0788,6.2379,5.6967,6.234,228342.5285
2022-11-14T08:00:00Z,6.2341,6.4432,6.1302,6.2068,200516.3114
2022-11-14T16:00:00Z,6.2107,6.3082,6.017,6.289,186765.1019
2022-11-15T00:00:00Z,6.2887,6.4816,6.2104,6.4548,100406.6989
2022-11-15T08:00:00Z,6.4557,6.672,6.3849,6.5812,207249.7798
2022-11-15T16:00:00Z,6.589,6.6389,6.2905,6.4217,201919.562
2022-11-16T00:00:00Z,6.4239,6.5601,6.3698,6.4517,98536.8757
2022-11-16T08:00:00Z,6.4591,6.4688,6.1051,6.1371,214089.9304
2022-11-16T16:00:00Z,6.142,6.2422,6.0689,6.177,122632.796
2022-11-17T00:00:00Z,6.1823,6.2638,6.0284,6.2175,145986.1891
2022-11-17T08:00:00Z,6.2189,6.2639,6.0719,6.1383,125235.864
2022-11-17T16:00:00Z,6.1329,6.3421,6.1151,6.2227,116194.0936
2022-11-18T00:00:00Z,6.2299,6.4182,6.2177,6.2559,115387.7163
2022-11-18T08:00:00Z,6.2583,6.2747,6.1301,6.1584,92768.7288
2022-11-18T16:00:00Z,6.154,6.2001,6.0651,6.1874,134350.2798
2022-11-19T00:00:00Z,6.1863,6.1979,5.9931,6.0728,119214.06138897
2022-11-19T08:00:00Z,6.0782,6.1616,6.0586,6.1509,50334.0146
2022-11-19T16:00:00Z,6.1493,6.2242,6.131,6.1461,59062.0118
2022-11-20T00:00:00Z,6.1469,6.2496,6.1452,6.2326,64539.1338
2022-11-20T08:00:00Z,6.2331,6.2394,5.927,6.0142,148668.13633247
2022-11-20T16:00:00Z,6.0151,6.0272,5.711,5.7706,226189.8579
2022-11-21T00:00:00Z,5.7692,5.81,5.6054,5.7539,163776.5083
2022-11-21T08:00:00Z,5.7569,5.8536,5.6831,5.8057,145244.8106
2022-11-21T16:00:00Z,5.8065,5.8985,5.5337,5.8776,252067.3524
2022-11-22T00:00:00Z,5.8794,6.138,5.8333,5.9532,243258.2517
2022-11-22T08:00:00Z,5.9495,6.4383,5.841,6.3991,339325.1558
2022-11-22T16:00:00Z,6.4049,6.48,6.2786,6.4249,239948.4922
2022-11-23T00:00:00Z,6.4256,6.6208,6.3427,6.5511,311958.7321
2022-11-23T08:00:00Z,6.5552,6.578,6.3436,6.4341,219957.1752
2022-11-23T16:00:00Z,6.439,6.8101,6.3616,6.7042,356695.8606
2022-11-24T00:00:00Z,6.707,6.8797,6.6327,6.7013,113170.3747
2022-11-24T08:00:00Z,6.7056,6.9001,6.5869,6.864,168427.3073
2022-11-24T16:00:00Z,6.8661,6.9828,6.7657,6.8364,116591.46
2022-11-25T00:00:00Z,6.832,6.8478,6.6656,6.8156,121019.2805
2022-11-25T08:00:00Z,6.8181,6.9959,6.6964,6.7656,154956.8554
2022-11-25T16:00:00Z,6.7668,6.9183,6.717,6.8541,89442.0836
2022-11-26T00:00:00Z,6.8551,6.9981,6.8228,6.8661,170468.86
2022-11-26T08:00:00Z,6.8655,7.2604,6.8433,7.1778,227317.85300504
2022-11-26T16:00:00Z,7.1755,7.2986,7.056,7.1588,150840.5217
2022-11-27T00:00:00Z,7.1595,7.2857,7.0757,7.1068,101455.6901
2022-11-27T08:00:00Z,7.1091,7.1824,7.0196,7.0988,91800.1038
2022-11-27T16:00:00Z,7.1031,7.1356,6.8628,6.8998,159022.663
2022-11-28T00:00:00Z,6.903,6.9449,6.5375,6.7309,364833.42008019
2022-11-28T08:00:00Z,6.7339,6.8912,6.6855,6.7078,206700.1567
2022-11-28T16:00:00Z,6.7132,7.344,6.63,7.1949,477988.7239
2022-11-29T00:00:00Z,7.1943,7.5116,7.1258,7.3916,226033.76713645
2022-11-29T08:00:00Z,7.3966,7.47,7.2738,7.322,190949.0656
2022-11-29T16:00:00Z,7.3228,7.3996,7.245,7.3115,211081.8916
2022-11-30T00:00:00Z,7.3178,7.672,7.312,7.4901,277804.39458731
2022-11-30T08:00:00Z,7.4912,7.5134,7.3487,7.4567,125303.3337
2022-11-30T16:00:00Z,7.4583,7.76,7.2721,7.6658,385965.8655
2022-12-01T00:00:00Z,7.6728,7.7164,7.4725,7.5136,120329.7414
2022-12-01T08:00:00Z,7.5157,7.7699,7.4454,7.7068,223490.9338
2022-12-01T16:00:00Z,7.7034,7.8098,7.539,7.6727,155776.4449428
2022-12-02T00:00:00Z,7.6824,7.7236,7.5114,7.584,166749.1456
2022-12-02T08:00:00Z,7.58,7.6832,7.4842,7.5678,144129.9656
2022-12-02T16:00:00Z,7.5666,7.656,7.5236,7.6096,125810.4364
2022-12-03T00:00:00Z,7.617,7.6358,7.3706,7.448,157341.408
2022-12-03T08:00:00Z,7.45,7.4632,7.3732,7.4191,61785.3735
2022-12-03T16:00:00Z,7.4198,7.4266,7.2111,7.2372,119741.70839262
2022-12-04T00:00:00Z,7.2369,7.3912,7.1823,7.3533,83553.2615
2022-12-04T08:00:00Z,7.345,7.3838,7.2499,7.3505,65147.2405
2022-12-04T16:00:00Z,7.3505,7.4658,7.2807,7.4471,101418.5088
2022-12-05T00:00:00Z,7.4463,7.5852,7.4202,7.5232,127994.8915
2022-12-05T08:00:00Z,7.5221,7.5925,7.3132,7.342,116792.4141
2022-12-05T16:00:00Z,7.3515,7.3643,7.1592,7.2764,134740.4745
2022-12-06T00:00:00Z,7.2771,7.334,7.2045,7.2748,71111.9477
2022-12-06T08:00:00Z,7.2791,7.3054,7.1678,7.2504,76497.9492
2022-12-06T16:00:00Z,7.2547,7.3158,6.9572,7.132,233471.28065705
2022-12-07T00:00:00Z,7.1337,7.1562,6.7629,6.8094,173701.16715818
2022-12-07T08:00:00Z,6.8143,6.8986,6.7759,6.8584,129710.2512
2022-12-07T16:00:00Z,6.8558,6.9301,6.797,6.8825,85747.9437
2022-12-08T00:00:00Z,6.8849,6.9121,6.7775,6.8817,86597.3558
2022-12-08T08:00:00Z,6.8845,6.953,6.8029,6.9225,65397.2605
2022-12-08T16:00:00Z,6.9244,7.0691,6.8962,6.9995,162060.7273
2022-12-09T00:00:00Z,7.0019,7.048,6.939,7.0198,65608.2086
2022-12-09T08:00:00Z,7.022,7.0556,6.88,6.9458,88881.1476
2022-12-09T16:00:00Z,6.9434,6.948,6.7944,6.8552,109992.8299
2022-12-10T00:00:00Z,6.8614,6.8885,6.8022,6.84,81130.7567
2022-12-10T08:00:00Z,6.84,6.9182,6.7019,6.898,97844.6803
2022-12-10T16:00:00Z,6.9008,6.921,6.8274,6.8616,71962.3042
2022-12-11T00:00:00Z,6.8597,6.9584,6.846,6.9398,33576.09948186
2022-12-11T08:00:00Z,6.938,6.9403,6.852,6.8745,30738.3638
2022-12-11T16:00:00Z,6.8719,6.918,6.655,6.7034,125012.1465
2022-12-12T00:00:00Z,6.6934,6.7171,6.47,6.595,145508.41270696
2022-12-12T08:00:00Z,6.5918,6.6769,6.561,6.5925,53089.1696
2022-12-12T16:00:00Z,6.5933,6.726,6.5683,6.6973,71219.1814
2022-12-13T00:00:00Z,6.7,6.7099,6.476,6.542,97245.649
2022-12-13T08:00:00Z,6.539,7.0415,6.5253,6.92,283180.0432
2022-12-13T16:00:00Z,6.92,6.9689,6.7814,6.9273,136543.14485256
2022-12-14T00:00:00Z,6.9278,6.9603,6.8369,6.883,81026.9171
2022-12-14T08:00:00Z,6.8836,6.9049,6.8209,6.8809,77007.9321
2022-12-14T16:00:00Z,6.8839,6.9307,6.679,6.7205,193772.9248
2022-12-15T00:00:00Z,6.7205,6.729,6.5688,6.6095,70366.9646
2022-12-15T08:00:00Z,6.613,6.6418,6.5121,6.5716,58607.4498
2022-12-15T16:00:00Z,6.5716,6.5737,6.381,6.4532,133500.9225
2022-12-16T00:00:00Z,6.453,6.5388,6.4259,6.524,66499.55875613
2022-12-16T08:00:00Z,6.5262,6.5263,6.1329,6.1622,223752.09690796
2022-12-16T16:00:00Z,6.1645,6.2072,5.7754,5.8918,201742.5768
2022-12-17T00:00:00Z,5.8906,6.0292,5.7906,6.0233,157848.845
2022-12-17T08:00:00Z,6.0269,6.067,5.9524,6.0202,132706.1325
2022-12-17T16:00:00Z,6.0193,6.0398,5.909,6.0311,56914.093
2022-12-18T00:00:00Z,6.0361,6.0602,5.9715,6.001,35425.7216
2022-12-18T08:00:00Z,6.0011,6.0084,5.9143,5.9422,29132.8049
2022-12-18T16:00:00Z,5.9421,6.0372,5.9345,5.9345,70415.1389
2022-12-19T00:00:00Z,5.9502,6.0191,5.8346,5.9377,76476.6628
2022-12-19T08:00:00Z,5.9369,6.0629,5.9334,5.9709,53605.6419
2022-12-19T16:00:00Z,5.9704,5.9866,5.6833,5.7892,162391.4329
2022-12-20T00:00:00Z,5.7918,6.0795,5.7576,6.0416,62223.0832
2022-12-20T08:00:00Z,6.0396,6.1215,6.0199,6.0456,55190.3909
2022-12-20T16:00:00Z,6.0456,6.055,5.9488,6.0193,86846.0392
2022-12-21T00:00:00Z,6.018,6.0407,5.8894,5.9485,66575.5312
2022-12-21T08:00:00Z,5.9441,6.0201,5.9107,5.9511,63864.8458
2022-12-21T16:00:00Z,5.9531,5.99,5.8848,5.9889,50383.8644
2022-12-22T00:00:00Z,5.9795,6.0045,5.951,5.9718,17842.8408
2022-12-22T08:00:00Z,5.969,6.0401,5.885,5.8917,78954.3184
2022-12-22T16:00:00Z,5.8901,6.0139,5.8578,6.0066,56476.0527
2022-12-23T00:00:00Z,6.0095,6.0512,5.9734,6.0235,42192.2356
2022-12-23T08:00:00Z,6.0231,6.0484,5.9641,5.988,35462.6537
2022-12-23T16:00:00Z,5.9885,5.9958,5.926,5.9412,37999.324
2022-12-24T00:00:00Z,5.9446,5.9613,5.9014,5.9222,24146.4606
2022-12-24T08:00:00Z,5.9347,5.9347,5.8841,5.9185,11109.3932
2022-12-24T16:00:00Z,5.9173,5.9399,5.8947,5.9184,15502.4818
2022-12-25T00:00:00Z,5.9156,5.9604,5.901,5.9517,16603.1975
2022-12-25T08:00:00Z,5.9472,5.9749,5.8886,5.9351,19186.8496
2022-12-25T16:00:00Z,5.9341,5.9978,5.8989,5.9962,35098.843
2022-12-26T00:00:00Z,5.9941,6.0264,5.9597,5.9656,31515.0899
2022-12-26T08:00:00Z,5.9646,6.0088,5.9406,5.97,26668.3814
2022-12-26T16:00:00Z,5.9693,6.047,5.9567,6.047,48172.2222
2022-12-27T00:00:00Z,6.0472,6.0658,5.9782,5.9948,42073.2418
2022-12-27T08:00:00Z,5.9976,6.0321,5.9094,5.9249,46876.19953423
2022-12-27T16:00:00Z,5.9254,5.9323,5.8502,5.9039,57423.0253
2022-12-28T00:00:00Z,5.904,5.9143,5.6858,5.7635,95434.1089
2022-12-28T08:00:00Z,5.762,5.8144,5.7182,5.7267,59826.0246
2022-12-28T16:00:00Z,5.7265,5.7623,5.6185,5.6756,104339.9974
2022-12-29T00:00:00Z,5.6772,5.7119,5.5516,5.7064,93845.1208
2022-12-29T08:00:00Z,5.7064,5.7266,5.6736,5.6864,48467.1312
2022-12-29T16:00:00Z,5.6875,5.6948,5.4948,5.6023,167548.5168
2022-12-30T00:00:00Z,5.6015,5.6393,5.4222,5.4492,84796.4505
2022-12-30T08:00:00Z,5.4485,5.5161,5.3952,5.4921,95674.8973
2022-12-30T16:00:00Z,5.4925,5.511,5.4251,5.4784,67121.3793
2022-12-31T00:00:00Z,5.4784,5.48,5.3912,5.4577,102774.9539
2022-12-31T08:00:00Z,5.4587,5.6253,5.4569,5.5878,77756.8309
2022-12-31T16:00:00Z,5.5879,5.5998,5.5396,5.5729,42051.5108
2023-01-01T00:00:00Z,5.5761,5.5795,5.5077,5.5314,32482.2577
2023-01-01T08:00:00Z,5.5304,5.598,5.5121,5.597,29354.8357
2023-01-01T16:00:00Z,5.597,5.6401,5.5841,5.629,51801.7016
2023-01-02T00:00:00Z,5.6361,5.7326,5.5507,5.6833,74589.9288
2023-01-02T08:00:00Z,5.6844,5.721,5.6597,5.7069,73501.2826
2023-01-02T16:00:00Z,5.707,5.76,5.672,5.6895,73919.4948
2023-01-03T00:00:00Z,5.6927,5.7205,5.6444,5.6854,51954.5159
2023-01-03T08:00:00Z,5.6849,5.7112,5.5983,5.6331,60377.9964
2023-01-03T16:00:00Z,5.6337,5.6487,5.5717,5.6253,77301.0102
2023-01-04T00:00:00Z,5.6252,5.8356,5.6138,5.8026,185194.8982
2023-01-04T08:00:00Z,5.8016,5.8422,5.7224,5.8129,120124.9364
2023-01-04T16:00:00Z,5.8132,5.8515,5.7117,5.8101,120596.8073
2023-01-05T00:00:00Z,5.8098,5.8172,5.7264,5.7619,51440.2279
2023-01-05T08:00:00Z,5.7629,5.7629,5.6641,5.7178,71753.9566
2023-01-05T16:00:00Z,5.7166,5.7608,5.6093,5.6586,67680.7312
2023-01-06T00:00:00Z,5.6554,5.6811,5.5766,5.6173,43112.6394
2023-01-06T08:00:00Z,5.6165,5.66,5.5237,5.656,80278.4181
2023-01-06T16:00:00Z,5.656,5.7306,5.6362,5.7141,51468.9436
2023-01-07T00:00:00Z,5.715,5.8045,5.6936,5.7728,67881.6743
2023-01-07T08:00:00Z,5.7737,5.8239,5.7443,5.8176,50837.3927
2023-01-07T16:00:00Z,5.8173,5.8404,5.7714,5.8277,47718.26738078
2023-01-08T00:00:00Z,5.8291,5.8843,5.7539,5.8326,60469.2631
2023-01-08T08:00:00Z,5.8334,5.8715,5.779,5.8499,45462.0091
2023-01-08T16:00:00Z,5.8515,5.975,5.7873,5.9643,87278.6178
2023-01-09T00:00:00Z,5.964,6.1375,5.9341,6.1263,176504.2031
2023-01-09T08:00:00Z,6.1263,6.2268,6.0788,6.2048,310365.3995
2023-01-09T16:00:00Z,6.2048,6.2531,6.017,6.0657,153752.5012
2023-01-10T00:00:00Z,6.0688,6.1301,5.9659,6.073,81621.3289
2023-01-10T08:00:00Z,6.0742,6.1675,6.0559,6.1404,66852.207
2023-01-10T16:00:00Z,6.1423,6.3,6.1135,6.1647,140703.1741
2023-01-11T00:00:00Z,6.1643,6.2052,6.056,6.1387,63482.8678
2023-01-11T08:00:00Z,6.1393,6.1393,6.0167,6.0408,131098.0524
2023-01-11T16:00:00Z,6.0388,6.3015,6.0154,6.2833,201208.2431
2023-01-12T00:00:00Z,6.2849,6.3939,6.262,6.3169,146862.7594
2023-01-12T08:00:00Z,6.3154,6.343,6.0624,6.1979,230989.9679
2023-01-12T16:00:00Z,6.1982,6.411,6.1799,6.3889,222267.4047
2023-01-13T00:00:00Z,6.3851,6.4082,6.2926,6.3426,80004.8236
2023-01-13T08:00:00Z,6.3439,6.4161,6.2612,6.3537,95551.2745
2023-01-13T16:00:00Z,6.3553,6.6157,6.282,6.6023,213583.6437
2023-01-14T00:00:00Z,6.6029,7.0664,6.5842,6.9918,436799.3005
2023-01-14T08:00:00Z,6.9913,7.1105,6.4519,6.8084,465220.7182
2023-01-14T16:00:00Z,6.8015,6.8834,6.719,6.8496,147890.4906
2023-01-15T00:00:00Z,6.8558,6.8905,6.6737,6.7431,171185.5078
2023-01-15T08:00:00Z,6.7437,6.8895,6.6003,6.8872,126156.3965
2023-01-15T16:00:00Z,6.888,6.9341,6.6405,6.6976,186138.734
2023-01-16T00:00:00Z,6.6967,6.9486,6.6339,6.8431,224787.9888
2023-01-16T08:00:00Z,6.8429,6.8444,6.4044,6.5672,318705.3325
2023-01-16T16:00:00Z,6.5663,6.8376,6.5296,6.6703,181918.7235
2023-01-17T00:00:00Z,6.6701,6.7749,6.54,6.7232,122366.925
2023-01-17T08:00:00Z,6.7196,6.8413,6.6536,6.7192,204665.3678
2023-01-17T16:00:00Z,6.7179,6.9943,6.6304,6.8037,244742.3842
2023-01-18T00:00:00Z,6.8062,6.9816,6.772,6.8548,167980.8496
2023-01-18T08:00:00Z,6.8561,6.935,6.3388,6.5401,312796.88196836
2023-01-18T16:00:00Z,6.5405,6.6254,6.257,6.3378,454952.708
2023-01-19T00:00:00Z,6.3346,6.4598,6.3276,6.4364,70282.3395
2023-01-19T08:00:00Z,6.4366,6.4583,6.3143,6.4071,106560.8316
2023-01-19T16:00:00Z,6.407,6.5422,6.3583,6.5063,146843.5655
2023-01-20T00:00:00Z,6.5082,6.5477,6.417,6.455,81368.7334
2023-01-20T08:00:00Z,6.4554,6.5599,6.4246,6.5292,52159.6236
2023-01-20T16:00:00Z,6.5321,6.9722,6.5209,6.9464,309941.4139
2023-01-21T00:00:00Z,6.9446,7.0978,6.8709,6.9982,207939.4493
2023-01-21T08:00:00Z,6.9987,7.111,6.7887,6.9106,307399.3887
2023-01-21T16:00:00Z,6.909,7.0927,6.8264,6.8519,234691.0199
2023-01-22T00:00:00Z,6.8542,6.9414,6.78,6.8917,107304.1374
2023-01-22T08:00:00Z,6.8917,7.2341,6.8302,7.0394,213113.37652358
2023-01-22T16:00:00Z,7.0417,7.2726,6.8222,6.9862,355481.38685936
2023-01-23T00:00:00Z,6.9866,7.2339,6.9736,7.0379,250126.0749
2023-01-23T08:00:00Z,7.0375,7.1635,6.84,7.018,314981.9865
2023-01-23T16:00:00Z,7.0214,7.1204,6.9226,7.0162,237545.5207
2023-01-24T00:00:00Z,7.0178,7.1811,6.9593,7.1662,141969.642
2023-01-24T08:00:00Z,7.1696,7.2,6.9705,7.0466,202419.5192
2023-01-24T16:00:00Z,7.0485,7.0546,6.5437,6.6628,300729.2781
2023-01-25T00:00:00Z,6.6624,6.8008,6.5076,6.7902,219131.5226
2023-01-25T08:00:00Z,6.7929,6.8156,6.6122,6.6915,156652.7673
2023-01-25T16:00:00Z,6.6898,7.0974,6.658,6.954,313378.6056
2023-01-26T00:00:00Z,6.9561,7.0342,6.8824,6.8976,234005.558
2023-01-26T08:00:00Z,6.8996,7.1332,6.8238,6.9624,403888.2992
2023-01-26T16:00:00Z,6.9617,7.3116,6.89,7.1703,554538.5099
2023-01-27T00:00:00Z,7.1687,7.3042,6.93,7.2729,272532
2023-01-27T08:00:00Z,7.2749,7.3738,7.1016,7.1948,364152.5628
2023-01-27T16:00:00Z,7.1932,7.4965,7.1886,7.3764,321316.5167
2023-01-28T00:00:00Z,7.383,7.5079,7.2787,7.3293,352395.9158
2023-01-28T08:00:00Z,7.3291,7.3886,7.1572,7.2387,245689.5852
2023-01-28T16:00:00Z,7.2463,7.2715,7.1213,7.2115,100893.0971
2023-01-29T00:00:00Z,7.2056,7.413,7.1442,7.3217,147474.9384
2023-01-29T08:00:00Z,7.3213,7.4302,7.3183,7.3532,149611.2202
2023-01-29T16:00:00Z,7.3542,7.5134,7.2645,7.3702,300511.5318
2023-01-30T00:00:00Z,7.3736,7.4357,7.206,7.2191,164451.4134
2023-01-30T08:00:00Z,7.2157,7.2441,6.9501,7.0233,382099.6203
2023-01-30T16:00:00Z,7.0241,7.1009,6.7496,6.9173,381098.49964963
2023-01-31T00:00:00Z,6.9136,7.0436,6.8946,7.0325,131097.1191
2023-01-31T08:00:00Z,7.0356,7.0437,6.8902,6.9904,102487.3278
2023-01-31T16:00:00Z,6.9961,7.074,6.8548,6.9558,248924.4551
2023-02-01T00:00:00Z,6.9548,6.9826,6.8,6.8619,108072.6972
2023-02-01T08:00:00Z,6.8604,6.9075,6.7198,6.7564,130711.03403037
2023-02-01T16:00:00Z,6.7587,7.2766,6.6711,7.2134,462450.8134
2023-02-02T00:00:00Z,7.2168,7.3492,7.1957,7.2395,230030.6207
2023-02-02T08:00:00Z,7.2373,7.3241,7.1597,7.2904,169562.3542
2023-02-02T16:00:00Z,7.2866,7.4844,7.0317,7.1026,368420.6211
2023-02-03T00:00:00Z,7.1056,7.165,7.012,7.1119,174088.0773
2023-02-03T08:00:00Z,7.1142,7.3368,7.0729,7.2914,270785.5708
2023-02-03T16:00:00Z,7.2927,7.3273,7.1766,7.2932,176126.3467
2023-02-04T00:00:00Z,7.2929,7.3195,7.127,7.2056,124551.1202
2023-02-04T08:00:00Z,7.2056,7.3066,7.1842,7.2657,99260.0638
2023-02-04T16:00:00Z,7.2651,7.3637,7.1784,7.2386,193023.7479
2023-02-05T00:00:00Z,7.2387,7.2524,7.1494,7.2105,91577.3698
2023-02-05T08:00:00Z,7.2101,7.2417,6.8996,6.9964,198996.5423
2023-02-05T16:00:00Z,6.9998,7.0183,6.8635,6.9832,174676.4924
2023-02-06T00:00:00Z,6.9844,7.0428,6.8581,7.0124,108112.67413802
2023-02-06T08:00:00Z,7.0125,7.041,6.9055,7.0399,115509.0496
2023-02-06T16:00:00Z,7.04,7.0626,6.7673,6.8362,232007.6015
2023-02-07T00:00:00Z,6.8319,6.9758,6.8191,6.9322,93178.1626
2023-02-07T08:00:00Z,6.9309,7.0579,6.9079,6.9727,166948.5958
2023-02-07T16:00:00Z,6.9723,7.2213,6.9094,7.2009,345091.9792
2023-02-08T00:00:00Z,7.2009,7.2891,7.1742,7.251,151536.7088
2023-02-08T08:00:00Z,7.2537,7.3076,7.0848,7.0912,198504.3726
2023-02-08T16:00:00Z,7.088,7.1737,6.9561,7.1362,198354.2596
2023-02-09T00:00:00Z,7.1375,7.462,6.865,7.4443,421360.66110416
2023-02-09T08:00:00Z,7.4426,7.8175,7.4098,7.6058,821771.2897
2023-02-09T16:00:00Z,7.6035,7.7071,6.8186,6.9816,947732.9665
2023-02-10T00:00:00Z,6.9829,7.1191,6.7781,6.9653,350381.10939343
2023-02-10T08:00:00Z,6.9672,7.0308,6.8143,6.8912,228824.7838
2023-02-10T16:00:00Z,6.8881,7.03,6.8191,6.8888,209083.4888
2023-02-11T00:00:00Z,6.8864,6.9522,6.8555,6.9129,64492.4294
2023-02-11T08:00:00Z,6.9161,7.0036,6.8767,6.9767,54470.0776
2023-02-11T16:00:00Z,6.9819,7.0341,6.8857,7.0015,64240.0235
2023-02-12T00:00:00Z,7.0022,7.0132,6.9183,6.9434,53644.6473
2023-02-12T08:00:00Z,6.942,7.0196,6.9052,6.9762,63896.987
2023-02-12T16:00:00Z,6.98,7.0875,6.6831,6.8078,146521.9743
2023-02-13T00:00:00Z,6.8098,6.8445,6.6,6.7715,173785.2555
2023-02-13T08:00:00Z,6.7722,6.773,6.422,6.5653,252747.6318
2023-02-13T16:00:00Z,6.5644,6.6795,6.4268,6.668,214459.5468
2023-02-14T00:00:00Z,6.6695,6.6809,6.6074,6.6475,70703.473
2023-02-14T08:00:00Z,6.65,6.8218,6.5252,6.7462,301505.5365
2023-02-14T16:00:00Z,6.7462,6.8304,6.6575,6.8023,176064.5342
2023-02-15T00:00:00Z,6.806,6.8208,6.727,6.7728,71307.3968
2023-02-15T08:00:00Z,6.7722,6.9347,6.744,6.9162,158743.5378
2023-02-15T16:00:00Z,6.917,7.31,6.8842,7.2823,305250.7136
2023-02-16T00:00:00Z,7.2809,7.3892,7.2372,7.2761,202976.7605
2023-02-16T08:00:00Z,7.2779,7.3921,7.1355,7.3864,163996.3611
2023-02-16T16:00:00Z,7.3846,7.4923,7.0016,7.0139,337538.3369
2023-02-17T00:00:00Z,7.0139,7.2685,6.9711,7.2039,133163.5485
2023-02-17T08:00:00Z,7.2026,7.3733,7.1824,7.3337,154751.862
2023-02-17T16:00:00Z,7.3322,7.7203,7.2825,7.6524,491868.925
2023-02-18T00:00:00Z,7.6491,7.7372,7.5628,7.5896,124000.8192
2023-02-18T08:00:00Z,7.5944,8.25,7.4906,8.18,520152.2554
2023-02-18T16:00:00Z,8.1832,8.29,7.9535,7.9864,303235.649
2023-02-19T00:00:00Z,7.9866,8.2781,7.9467,8.1156,323050.2645
2023-02-19T08:00:00Z,8.1167,8.2864,8.0394,8.1411,223471.0419
2023-02-19T16:00:00Z,8.1438,8.22,7.8084,8.0123,258558.1076
2023-02-20T00:00:00Z,8.0111,8.3788,7.72,8.3683,232616.41328315
2023-02-20T08:00:00Z,8.3683,8.3982,8.0655,8.1246,388880.4525
2023-02-20T16:00:00Z,8.1278,8.1283,7.9143,8.016,170058.8629
2023-02-21T00:00:00Z,8.0177,8.0744,7.9045,7.9734,100101.5888
2023-02-21T08:00:00Z,7.9754,8.0152,7.6654,7.7453,269990.2104
2023-02-21T16:00:00Z,7.7428,7.7725,7.5036,7.6407,206005.6601
2023-02-22T00:00:00Z,7.6423,7.8178,7.375,7.4832,217916.0047
2023-02-22T08:00:00Z,7.4825,7.554,7.2949,7.3683,275972.6648
2023-02-22T16:00:00Z,7.3553,7.72,7.3,7.7165,250206.3642
2023-02-23T00:00:00Z,7.7179,7.971,7.6727,7.9179,169888.9058
2023-02-23T08:00:00Z,7.918,8.2039,7.7605,7.9732,553433.4387
2023-02-23T16:00:00Z,7.9683,8.0245,7.712,7.9389,267315.7009
2023-02-24T00:00:00Z,7.9388,8.1459,7.8792,8.1038,165774.6887
2023-02-24T08:00:00Z,8.104,8.1387,7.5433,7.6012,251598.3195
2023-02-24T16:00:00Z,7.5914,7.7205,7.2176,7.4675,358082.8412
2023-02-25T00:00:00Z,7.4682,7.4874,7.3147,7.4062,106903.74
2023-02-25T08:00:00Z,7.4024,7.4359,7.2521,7.3461,100393.0863
2023-02-25T16:00:00Z,7.3471,7.3992,7.1665,7.373,157320.3522344
2023-02-26T00:00:00Z,7.3716,7.428,7.2924,7.4047,56564.19418732
2023-02-26T08:00:00Z,7.4048,7.447,7.363,7.3795,63634.1619
2023-02-26T16:00:00Z,7.3829,7.5434,7.3114,7.4963,159414.8141
2023-02-27T00:00:00Z,7.4954,7.5048,7.3245,7.3393,80114.9992
2023-02-27T08:00:00Z,7.3352,7.4664,7.2205,7.3709,166498.9657
2023-02-27T16:00:00Z,7.3727,7.3892,7.1295,7.2874,155141.8435
2023-02-28T00:00:00Z,7.2789,7.357,7.2181,7.2594,82191.6198
2023-02-28T08:00:00Z,7.261,7.4208,7.2257,7.4064,94949.1008
2023-02-28T16:00:00Z,7.4104,7.4213,7.0958,7.1939,148319.1817
2023-03-01T00:00:00Z,7.1958,7.4262,7.1474,7.3957,88120.278
2023-03-01T08:00:00Z,7.3958,7.5034,7.3839,7.4299,159925.5711
2023-03-01T16:00:00Z,7.4327,7.5446,7.33,7.5402,106656.2948
2023-03-02T00:00:00Z,7.5365,7.5825,7.3147,7.359,105385.0076
2023-03-02T08:00:00Z,7.3587,7.3634,7.1655,7.227,91421.6009
2023-03-02T16:00:00Z,7.2271,7.2993,7.1647,7.277,95325.5084
2023-03-03T00:00:00Z,7.2763,7.2763,6.6284,6.869,418527.44586555
2023-03-03T08:00:00Z,6.8685,6.9516,6.8493,6.8978,99022.9541
2023-03-03T16:00:00Z,6.8974,6.9618,6.8576,6.9565,61468.6194
2023-03-04T00:00:00Z,6.9563,7.0143,6.8565,6.9127,77084.2002
2023-03-04T08:00:00Z,6.9128,6.9671,6.8967,6.9235,48279.0026
2023-03-04T16:00:00Z,6.9234,6.9453,6.7077,6.8601,118019.4612
2023-03-05T00:00:00Z,6.8601,6.9966,6.8087,6.9179,66817.4664
2023-03-05T08:00:00Z,6.9179,6.9777,6.8927,6.9513,41750.5928
2023-03-05T16:00:00Z,6.9491,7.0191,6.9058,6.9446,42769.6128
2023-03-06T00:00:00Z,6.9478,6.9716,6.819,6.8897,63225.93321647
2023-03-06T08:00:00Z,6.8898,6.9684,6.8456,6.9649,35382.534
2023-03-06T16:00:00Z,6.9657,6.9789,6.8509,6.8549,61259.911
2023-03-07T00:00:00Z,6.8581,6.9743,6.8373,6.901,46615.572
2023-03-07T08:00:00Z,6.9008,6.9042,6.683,6.8102,131145.2905
2023-03-07T16:00:00Z,6.8081,6.894,6.6713,6.8841,96219.39
2023-03-08T00:00:00Z,6.8831,6.948,6.7724,6.791,79058.4587
2023-03-08T08:00:00Z,6.7905,6.8448,6.588,6.718,102405.7688
2023-03-08T16:00:00Z,6.7178,6.737,6.4967,6.5781,109633.949
2023-03-09T00:00:00Z,6.5761,6.6493,6.5363,6.5937,52090.7484
2023-03-09T08:00:00Z,6.5994,6.69,6.5428,6.6017,54355.4499
2023-03-09T16:00:00Z,6.6039,6.6282,6.0123,6.1587,367131.7521
2023-03-10T00:00:00Z,6.1604,6.2046,6.0479,6.1708,120684.8084
2023-03-10T08:00:00Z,6.1722,6.2561,5.8896,6.2137,257513.3277
2023-03-10T16:00:00Z,6.2112,6.2618,6.1415,6.2128,124902.5199
2023-03-11T00:00:00Z,6.2139,6.3833,5.9532,5.9958,227123.10909869
2023-03-11T08:00:00Z,5.9946,6.1167,5.9238,5.9555,168699.2388
2023-03-11T16:00:00Z,5.9537,6.17,5.9189,6.1621,110416.4943
2023-03-12T00:00:00Z,6.1622,6.1788,6.112,6.1464,46415.7564
2023-03-12T08:00:00Z,6.1461,6.1573,6.0698,6.0988,72399.3542
2023-03-12T16:00:00Z,6.0915,6.5705,6.0889,6.5501,189862.883
2023-03-13T00:00:00Z,6.5551,6.7054,6.5282,6.6351,131341.7365
2023-03-13T08:00:00Z,6.6376,6.8828,6.3962,6.7552,263631.4207
2023-03-13T16:00:00Z,6.7654,6.805,6.6792,6.762,160872.8212
2023-03-14T00:00:00Z,6.762,6.7948,6.6543,6.6894,89448.4593
2023-03-14T08:00:00Z,6.6864,7.1983,6.6073,7.1486,389090.3724
2023-03-14T16:00:00Z,7.1478,7.1597,6.7441,6.9663,237320.1025
2023-03-15T00:00:00Z,6.9598,7.1068,6.8791,7.0809,74168.8044
2023-03-15T08:00:00Z,7.0791,7.0792,6.5539,6.5905,237195.0502
2023-03-15T16:00:00Z,6.581,6.627,6.3875,6.5484,214057.8365
2023-03-16T00:00:00Z,6.5481,6.6378,6.4446,6.6099,53728.1921
2023-03-16T08:00:00Z,6.6177,6.66,6.4661,6.6272,117257.06102377
2023-03-16T16:00:00Z,6.6216,6.678,6.5239,6.6563,71953.9546
2023-03-17T00:00:00Z,6.6576,6.9543,6.5996,6.9152,135640.468
2023-03-17T08:00:00Z,6.9138,7.2003,6.8838,6.9935,284114.9928
2023-03-17T16:00:00Z,6.9969,7.2543,6.9746,7.2105,213331.9425
2023-03-18T00:00:00Z,7.2061,7.2995,7.0867,7.2506,178878.7311
2023-03-18T08:00:00Z,7.2504,7.2645,6.9576,7.0237,115084.9921
2023-03-18T16:00:00Z,7.0234,7.0987,6.8455,6.9237,136767.7077
2023-03-19T00:00:00Z,6.9221,7.105,6.9183,7.0454,67960.0113
2023-03-19T08:00:00Z,7.0455,7.1895,7.0057,7.1493,86747.1159
2023-03-19T16:00:00Z,7.148,7.2805,7.0457,7.0824,186388.77969864
2023-03-20T00:00:00Z,7.0839,7.1966,6.9096,7.1676,117117.1122
2023-03-20T08:00:00Z,7.1692,7.4253,7.1159,7.3481,313631.90168524
2023-03-20T16:00:00Z,7.3489,7.4339,7,7.05,187304.2498
2023-03-21T00:00:00Z,7.0485,7.1937,6.864,6.8863,73787.657
2023-03-21T08:00:00Z,6.8852,7.3675,6.8391,7.2658,166812.3381
2023-03-21T16:00:00Z,7.2663,7.468,7.1696,7.3769,244382.2496
2023-03-22T00:00:00Z,7.3787,7.57,7.2673,7.4763,179842.7111
2023-03-22T08:00:00Z,7.4795,7.7225,7.3922,7.6065,367804.19758312
2023-03-22T16:00:00Z,7.6068,7.6178,7.0051,7.1764,450723.5829
2023-03-23T00:00:00Z,7.1759,7.284,7.0881,7.2741,83685.2844
2023-03-23T08:00:00Z,7.2741,7.6244,7.2741,7.5718,222172.6311
2023-03-23T16:00:00Z,7.5796,7.6301,7.411,7.6053,238899.2581
2023-03-24T00:00:00Z,7.6059,7.6526,7.4527,7.4787,105828.763
2023-03-24T08:00:00Z,7.4786,7.4788,7.2041,7.328,181658.5113
2023-03-24T16:00:00Z,7.3267,7.3471,7.12,7.192,140133.5385195
2023-03-25T00:00:00Z,7.1917,7.254,7.1399,7.1463,97815.2354
2023-03-25T08:00:00Z,7.1457,7.1512,7.045,7.1335,103982.256
2023-03-25T16:00:00Z,7.1337,7.1469,6.972,7.0767,123508.6575
2023-03-26T00:00:00Z,7.0766,7.1864,7.0516,7.1367,55956.2747
2023-03-26T08:00:00Z,7.1387,7.2879,7.1341,7.1876,87452.3506
2023-03-26T16:00:00Z,7.1885,7.2886,7.1356,7.2589,66807.5775
2023-03-27T00:00:00Z,7.2596,7.2735,7.1053,7.1289,57887.7713
2023-03-27T08:00:00Z,7.1293,7.205,6.745,6.8829,152968.58377152
2023-03-27T16:00:00Z,6.8828,6.934,6.7815,6.8683,90587.4375
2023-03-28T00:00:00Z,6.8682,6.9176,6.7689,6.8603,73261.7088
2023-03-28T08:00:00Z,6.8639,6.8916,6.7526,6.8626,73200.3275
2023-03-28T16:00:00Z,6.8656,7.0443,6.7766,6.9474,82342.7997
2023-03-29T00:00:00Z,6.95,7.1794,6.9297,7.1693,130470.5927
2023-03-29T08:00:00Z,7.1746,7.3779,7.1587,7.3572,182934.611
2023-03-29T16:00:00Z,7.3564,7.4949,7.2809,7.3829,164145.999
2023-03-30T00:00:00Z,7.3835,7.5576,7.268,7.3792,206236.3465
2023-03-30T08:00:00Z,7.3798,7.4159,7.2435,7.2679,143680.1097
2023-03-30T16:00:00Z,7.2636,7.2772,7.1314,7.2311,171045.41
2023-03-31T00:00:00Z,7.2302,7.5299,7.2254,7.5153,218235.5147
2023-03-31T08:00:00Z,7.5116,7.6716,7.3977,7.5789,249079.9971
2023-03-31T16:00:00Z,7.5807,7.6681,7.5145,7.5859,194840.6288
2023-04-01T00:00:00Z,7.5859,7.6332,7.4793,7.5632,136798.555
2023-04-01T08:00:00Z,7.5632,7.5983,7.4534,7.4918,122425.913
2023-04-01T16:00:00Z,7.4913,7.5573,7.438,7.551,133859.369
2023-04-02T00:00:00Z,7.5473,7.5473,7.4426,7.5071,56329.9602
2023-04-02T08:00:00Z,7.5078,7.5162,7.2674,7.3274,145158.0459
2023-04-02T16:00:00Z,7.323,7.369,7.194,7.2578,158739.4325
2023-04-03T00:00:00Z,7.2579,7.2681,7.0709,7.2525,131518.56911437
2023-04-03T08:00:00Z,7.2525,7.3812,7.2174,7.2792,122958.9738
2023-04-03T16:00:00Z,7.2796,7.4407,7.0253,7.2443,273488.8009
2023-04-04T00:00:00Z,7.2435,7.3184,7.2033,7.2556,83621.2018
2023-04-04T08:00:00Z,7.2594,7.4299,7.2396,7.3641,146422.0732
2023-04-04T16:00:00Z,7.3655,7.4776,7.337,7.3692,148302.7164
2023-04-05T00:00:00Z,7.369,7.6043,7.3338,7.5529,197973.427
2023-04-05T08:00:00Z,7.5493,7.5618,7.2152,7.2978,212748.5104
2023-04-05T16:00:00Z,7.2978,7.357,7.2478,7.3186,148546.5874
2023-04-06T00:00:00Z,7.3206,7.3333,7.2075,7.2462,85618.8876
2023-04-06T08:00:00Z,7.2476,7.2925,7.1615,7.274,150786.8694
2023-04-06T16:00:00Z,7.274,7.2833,7.1149,7.2011,87372.036
2023-04-07T00:00:00Z,7.2015,7.2286,7.1064,7.1262,74040.5647
2023-04-07T08:00:00Z,7.1293,7.2324,7.1058,7.2324,61401.1767
2023-04-07T16:00:00Z,7.2326,7.307,7.2005,7.2662,81887.5147
2023-04-08T00:00:00Z,7.2663,7.296,7.2116,7.2489,63346.9943
2023-04-08T08:00:00Z,7.2489,7.2625,7.1839,7.2199,48482.4382
2023-04-08T16:00:00Z,7.2206,7.2222,7.0783,7.1293,76469.26213583
2023-04-09T00:00:00Z,7.1289,7.1867,7.068,7.1249,40510.1472
2023-04-09T08:00:00Z,7.1251,7.1279,7.0502,7.1097,45140.9812
2023-04-09T16:00:00Z,7.1072,7.2524,7.0929,7.2031,77474.7503
2023-04-10T00:00:00Z,7.2026,7.2291,7.1311,7.2286,28124.4186
2023-04-10T08:00:00Z,7.2291,7.2454,7.1524,7.2093,39179.767
2023-04-10T16:00:00Z,7.211,7.3684,7.1818,7.3456,126352.3072
2023-04-11T00:00:00Z,7.3453,7.4302,7.319,7.4213,130678.1395
2023-04-11T08:00:00Z,7.4205,7.4509,7.3424,7.382,99574.1014
2023-04-11T16:00:00Z,7.3848,7.3975,7.278,7.3015,88295.4939
2023-04-12T00:00:00Z,7.301,7.326,7.1,7.1875,118730.5132
2023-04-12T08:00:00Z,7.188,7.3711,7.1416,7.2896,141917.92029843
2023-04-12T16:00:00Z,7.2897,7.3049,7.1436,7.2279,77257.703
2023-04-13T00:00:00Z,7.231,7.2565,7.1718,7.2552,58924.2133
2023-04-13T08:00:00Z,7.2549,7.4708,7.2548,7.4084,217900.9939
2023-04-13T16:00:00Z,7.4085,7.5434,7.4085,7.4606,124319.2274
2023-04-14T00:00:00Z,7.4586,7.8972,7.4576,7.7634,405247.873
2023-04-14T08:00:00Z,7.7635,7.8428,7.5468,7.5491,300761.3615
2023-04-14T16:00:00Z,7.5492,7.8116,7.5319,7.7423,260887.0714
2023-04-15T00:00:00Z,7.7437,7.752,7.6132,7.7028,88742.6297
2023-04-15T08:00:00Z,7.7044,7.9963,7.6818,7.9636,279944.09504367
2023-04-15T16:00:00Z,7.9646,8.0835,7.9241,8.0063,255470.0099
2023-04-16T00:00:00Z,8.0081,8.1636,7.963,8.0789,189795.3698
2023-04-16T08:00:00Z,8.0818,8.1002,7.9034,7.9564,111710.449
2023-04-16T16:00:00Z,7.9563,8.2001,7.9345,8.141,313785.751
2023-04-17T00:00:00Z,8.137,8.2951,7.8537,8.1026,376664.9861
2023-04-17T08:00:00Z,8.1047,8.1822,7.9236,8.0559,376949.2021
2023-04-17T16:00:00Z,8.0558,8.2747,8.045,8.1552,268366.7009
2023-04-18T00:00:00Z,8.1617,8.4549,8.0253,8.4249,272091.2257
2023-04-18T08:00:00Z,8.4279,8.7922,8.4081,8.7299,512513.6762
2023-04-18T16:00:00Z,8.7244,8.7296,8.521,8.5732,253012.1109
2023-04-19T00:00:00Z,8.5748,8.5991,8.38,8.3987,217784.0471
2023-04-19T08:00:00Z,8.3987,8.4007,7.9,8.0281,692929.0331
2023-04-19T16:00:00Z,8.0292,8.0894,7.6371,7.7559,354823.081
2023-04-20T00:00:00Z,7.752,7.888,7.6736,7.7765,150179.4858
2023-04-20T08:00:00Z,7.7763,7.972,7.7053,7.7319,195256.1449
2023-04-20T16:00:00Z,7.7273,7.7333,7.4625,7.5131,317689.1713
2023-04-21T00:00:00Z,7.5132,7.6073,7.3679,7.538,152692.5754
2023-04-21T08:00:00Z,7.5404,7.5722,7.33,7.3801,177308.7778
2023-04-21T16:00:00Z,7.3819,7.3942,7.0126,7.1137,407417.87984717
2023-04-22T00:00:00Z,7.1137,7.182,7.0813,7.0878,99058.8761
2023-04-22T08:00:00Z,7.0891,7.2229,7.0882,7.1664,107378.9228
2023-04-22T16:00:00Z,7.1722,7.2405,7.1024,7.1748,155573.9094656
2023-04-23T00:00:00Z,7.1749,7.1749,6.9925,7.1298,126358.7016
2023-04-23T08:00:00Z,7.1299,7.1393,6.9283,6.9903,163065.489
2023-04-23T16:00:00Z,6.9898,7.0925,6.8691,7.0852,236060.0986
2023-04-24T00:00:00Z,7.0842,7.2209,7.0215,7.102,114250.5051
2023-04-24T08:00:00Z,7.1027,7.2672,7.0493,7.0889,231635.2231
2023-04-24T16:00:00Z,7.088,7.1628,6.9998,7.0687,201850.8544
2023-04-25T00:00:00Z,7.0705,7.098,6.9686,6.9888,115846.1383
2023-04-25T08:00:00Z,6.9894,7.1087,6.9498,7.0129,117876.3437
2023-04-25T16:00:00Z,7.013,7.2998,6.9979,7.2724,185784.0134
2023-04-26T00:00:00Z,7.2741,7.333,7.1981,7.2466,95842.2391
2023-04-26T08:00:00Z,7.2496,7.504,7.2402,7.4403,358829.6691
2023-04-26T16:00:00Z,7.4398,7.4533,6.699,7.0053,586608.38949077
2023-04-27T00:00:00Z,7.0071,7.224,6.9858,7.0549,219257.0119
2023-04-27T08:00:00Z,7.0551,7.1679,6.9808,7.1272,242423.7378
2023-04-27T16:00:00Z,7.1287,7.2317,7.0889,7.1723,214263.6972
2023-04-28T00:00:00Z,7.1715,7.1883,7.0943,7.1822,93658.8083
2023-04-28T08:00:00Z,7.185,7.185,6.9496,7.0261,217513.2022
2023-04-28T16:00:00Z,7.0264,7.0694,6.9952,7.0407,100083.7309
2023-04-29T00:00:00Z,7.0407,7.0978,6.9922,7.0925,99305.638
2023-04-29T08:00:00Z,7.0937,7.2188,7.054,7.1889,161247.9789
2023-04-29T16:00:00Z,7.1889,7.2117,7.072,7.1859,170340.03625976
2023-04-30T00:00:00Z,7.1849,7.2129,7.1155,7.1741,60809.3829
2023-04-30T08:00:00Z,7.1754,7.3044,7.1537,7.242,167568.7122
2023-04-30T16:00:00Z,7.2428,7.2919,7.0127,7.0248,151548.1278
2023-05-01T00:00:00Z,7.0237,7.0819,6.8596,6.9944,197214.3809
2023-05-01T08:00:00Z,6.9948,7.0178,6.8752,6.9096,116844.3853
2023-05-01T16:00:00Z,6.9115,6.9519,6.7964,6.901,160364.1665
2023-05-02T00:00:00Z,6.8987,6.9372,6.8505,6.9249,42812.9921
2023-05-02T08:00:00Z,6.925,6.9581,6.801,6.9104,89988.6804
2023-05-02T16:00:00Z,6.9091,7.011,6.8792,6.9852,82922.861
2023-05-03T00:00:00Z,6.9864,7.0023,6.8912,6.9761,72559.9498
2023-05-03T08:00:00Z,6.9755,6.9882,6.8205,6.8678,89098.6999
2023-05-03T16:00:00Z,6.8679,7.15,6.8521,7.128,167260.54632274
2023-05-04T00:00:00Z,7.1298,7.1606,7.0672,7.0676,39092.7454
2023-05-04T08:00:00Z,7.0686,7.123,6.9878,7.0294,67008.5533
2023-05-04T16:00:00Z,7.0297,7.0415,6.9576,6.9971,64990.238
2023-05-05T00:00:00Z,6.998,7.1107,6.9886,7.0461,78974.6822
2023-05-05T08:00:00Z,7.0469,7.1511,6.893,7.1411,129412.0376
2023-05-05T16:00:00Z,7.1418,7.2771,7.1412,7.2227,180458.495
2023-05-06T00:00:00Z,7.227,7.2763,7.1004,7.1071,77182.719
2023-05-06T08:00:00Z,7.1078,7.1078,6.8659,6.9058,153875.948
2023-05-06T16:00:00Z,6.9058,6.9964,6.8942,6.9202,87390.5783
2023-05-07T00:00:00Z,6.9203,6.9768,6.8752,6.9198,52841.9864
2023-05-07T08:00:00Z,6.9196,6.9889,6.9032,6.9399,55666.2179
2023-05-07T16:00:00Z,6.9391,6.9742,6.8648,6.9067,83004.8755
2023-05-08T00:00:00Z,6.9072,6.9119,6.5854,6.6303,239961.2252
2023-05-08T08:00:00Z,6.6295,6.7622,6.6136,6.72,87782.4094
2023-05-08T16:00:00Z,6.7204,6.7267,6.4,6.5831,258885.42229372
2023-05-09T00:00:00Z,6.5848,6.6303,6.5235,6.5976,74379.0129
2023-05-09T08:00:00Z,6.597,6.5993,6.46,6.4797,94087.6772
2023-05-09T16:00:00Z,6.4781,6.5624,6.4542,6.5196,88515.3342
2023-05-10T00:00:00Z,6.5209,6.5589,6.4895,6.5026,46987.381
2023-05-10T08:00:00Z,6.5031,6.6937,6.465,6.6122,159017.3386
2023-05-10T16:00:00Z,6.6136,6.6436,6.29,6.5891,280069.1287
2023-05-11T00:00:00Z,6.5892,6.5905,6.4839,6.5017,68774.5351
2023-05-11T08:00:00Z,6.5028,6.521,6.277,6.3728,168462.2104
2023-05-11T16:00:00Z,6.3747,6.3852,6.214,6.3606,115392.9534
2023-05-12T00:00:00Z,6.3606,6.3948,6.2255,6.3794,92954.3798
2023-05-12T08:00:00Z,6.3796,6.48,6.3669,6.4034,76645.1694
2023-05-12T16:00:00Z,6.4013,6.64,6.327,6.6214,158385.4897
2023-05-13T00:00:00Z,6.6237,6.6333,6.5594,6.6,48553.9098
2023-05-13T08:00:00Z,6.6019,6.6095,6.4972,6.5365,69923.5001
2023-05-13T16:00:00Z,6.537,6.5489,6.4766,6.4906,53077.9754
2023-05-14T00:00:00Z,6.4917,6.5456,6.4404,6.5276,32614.3144
2023-05-14T08:00:00Z,6.5276,6.6115,6.51,6.592,37339.0449
2023-05-14T16:00:00Z,6.5922,6.603,6.4851,6.5462,41688.4957
2023-05-15T00:00:00Z,6.5453,6.708,6.4553,6.6759,70400.071
2023-05-15T08:00:00Z,6.6789,6.7023,6.5931,6.6563,71024.6919
2023-05-15T16:00:00Z,6.658,6.7003,6.6132,6.6347,88063.0251
2023-05-16T00:00:00Z,6.6347,6.7063,6.552,6.6894,76242.3393
2023-05-16T08:00:00Z,6.692,6.7259,6.571,6.6509,52289.90148881
2023-05-16T16:00:00Z,6.6532,6.6872,6.5996,6.6589,30022.1586
2023-05-17T00:00:00Z,6.6585,6.7329,6.5787,6.5915,56359.743
2023-05-17T08:00:00Z,6.5914,6.6387,6.553,6.5996,37878.8596
2023-05-17T16:00:00Z,6.6023,6.8057,6.5787,6.7574,55983.6379
2023-05-18T00:00:00Z,6.7596,6.7648,6.681,6.728,19545.3486
2023-05-18T08:00:00Z,6.7265,6.7368,6.6103,6.6419,30367.4524
2023-05-18T16:00:00Z,6.6419,6.6565,6.4317,6.5346,88521.38
2023-05-19T00:00:00Z,6.5311,6.5336,6.4759,6.5312,29555.2916
2023-05-19T08:00:00Z,6.5302,6.5549,6.4569,6.5147,43211.6737
2023-05-19T16:00:00Z,6.514,6.5267,6.4615,6.5092,31880.057
2023-05-20T00:00:00Z,6.5113,6.5164,6.4713,6.4839,15269.2964
2023-05-20T08:00:00Z,6.4871,6.5083,6.485,6.499,13153.1295
2023-05-20T16:00:00Z,6.5015,6.5427,6.4802,6.5034,21422.1426
2023-05-21T00:00:00Z,6.5039,6.544,6.4994,6.5066,13847.2541
2023-05-21T08:00:00Z,6.5073,6.5073,6.3565,6.4162,31455.66024858
2023-05-21T16:00:00Z,6.4188,6.4401,6.3616,6.4302,22962.0664
2023-05-22T00:00:00Z,6.4306,6.481,6.3285,6.4706,36399.3869
2023-05-22T08:00:00Z,6.4757,6.6062,6.4702,6.5101,55961.1398
2023-05-22T16:00:00Z,6.5101,6.5401,6.4889,6.5323,66670.8039
2023-05-23T00:00:00Z,6.5335,6.6336,6.5041,6.5482,50297.0086
2023-05-23T08:00:00Z,6.5491,6.564,6.515,6.543,20751.0759
2023-05-23T16:00:00Z,6.5483,6.5497,6.4742,6.5025,35095.2245
2023-05-24T00:00:00Z,6.5034,6.5089,6.32,6.3356,39725.2979
2023-05-24T08:00:00Z,6.3358,6.3766,6.2006,6.2708,53827.6743
2023-05-24T16:00:00Z,6.2708,6.3626,6.2466,6.3208,32600.6811
2023-05-25T00:00:00Z,6.3229,6.3366,6.168,6.2944,45117.4755
2023-05-25T08:00:00Z,6.294,6.3476,6.2438,6.2494,22392.6093
2023-05-25T16:00:00Z,6.2465,6.3293,6.2412,6.2801,27613.1715
2023-05-26T00:00:00Z,6.2797,6.318,6.2361,6.3124,30594.7452
2023-05-26T08:00:00Z,6.3112,6.3816,6.2738,6.3527,91843.4974
2023-05-26T16:00:00Z,6.3518,6.3802,6.3158,6.3437,43878.9155
2023-05-27T00:00:00Z,6.3439,6.3781,6.3366,6.3588,37892.3517
2023-05-27T08:00:00Z,6.3571,6.3991,6.3295,6.399,63936.1144
2023-05-27T16:00:00Z,6.3991,6.4405,6.3775,6.4378,45428.595
2023-05-28T00:00:00Z,6.4385,6.596,6.4187,6.4962,56300.62386373
2023-05-28T08:00:00Z,6.496,6.5181,6.4623,6.5093,25201.5798
2023-05-28T16:00:00Z,6.5074,6.6599,6.4916,6.6331,62086.6235
2023-05-29T00:00:00Z,6.6329,6.674,6.5651,6.6039,55171.6428
2023-05-29T08:00:00Z,6.6041,6.63,6.5484,6.5575,65184.6946
2023-05-29T16:00:00Z,6.5615,6.6798,6.5291,6.6376,64579.0073
2023-05-30T00:00:00Z,6.6375,6.6732,6.5381,6.5389,64072.5747
2023-05-30T08:00:00Z,6.5411,6.6372,6.536,6.5798,62492.0065
2023-05-30T16:00:00Z,6.5799,6.6557,6.538,6.613,70681.0177
2023-05-31T00:00:00Z,6.6138,6.6375,6.4255,6.4839,79888.0394
2023-05-31T08:00:00Z,6.4845,6.51,6.4005,6.4453,72424.9049
2023-05-31T16:00:00Z,6.4454,6.489,6.433,6.4798,40242.5339
2023-06-01T00:00:00Z,6.48,6.5121,6.3719,6.4114,101454.6464
2023-06-01T08:00:00Z,6.4112,6.441,6.3858,6.4088,61066.8757
2023-06-01T16:00:00Z,6.4107,6.4547,6.3163,6.3439,79243.8938
2023-06-02T00:00:00Z,6.3439,6.4782,6.3057,6.4201,79380.3299
2023-06-02T08:00:00Z,6.4201,6.4411,6.3465,6.3928,79606.8815
2023-06-02T16:00:00Z,6.3928,6.4726,6.3688,6.451,78637.9898
2023-06-03T00:00:00Z,6.4502,6.4591,6.4,6.4359,26308.3395
2023-06-03T08:00:00Z,6.435,6.4495,6.4079,6.4382,36859.4782
2023-06-03T16:00:00Z,6.4391,6.4451,6.3612,6.4209,48998.38
2023-06-04T00:00:00Z,6.4211,6.4969,6.3942,6.4912,47801.802
2023-06-04T08:00:00Z,6.4875,6.5274,6.471,6.5018,74438.2774
2023-06-04T16:00:00Z,6.5009,6.5315,6.442,6.4493,64196.8548
2023-06-05T00:00:00Z,6.4493,6.4921,6.3476,6.3981,83487.2089
2023-06-05T08:00:00Z,6.3981,6.4076,6.0743,6.0864,155468.44967063
2023-06-05T16:00:00Z,6.0936,6.1658,5.9601,6.0563,289910.69009491
2023-06-06T00:00:00Z,6.0547,6.0934,6.0031,6.0852,60711.7064
2023-06-06T08:00:00Z,6.0853,6.2302,6.0186,6.2302,221335.3645
2023-06-06T16:00:00Z,6.2296,6.3124,6.2086,6.2611,111340.6415
2023-06-07T00:00:00Z,6.2606,6.268,6.1659,6.1773,73536.74889524
2023-06-07T08:00:00Z,6.1782,6.1873,5.9423,5.988,153315.8223
2023-06-07T16:00:00Z,5.9886,5.9954,5.831,5.9186,166031.7736
2023-06-08T00:00:00Z,5.9178,5.9822,5.8788,5.9698,78260.85759951
2023-06-08T08:00:00Z,5.9698,6.0302,5.9605,6.0211,101035.8426
2023-06-08T16:00:00Z,6.0207,6.0357,5.9465,5.993,84551.43399969
2023-06-09T00:00:00Z,5.993,6.0047,5.922,5.9412,63153.5573
2023-06-09T08:00:00Z,5.9412,6.0811,5.9284,5.9908,94436.22859499
2023-06-09T16:00:00Z,5.9909,6.0235,5.9256,5.9916,87687.61831754
2023-06-10T00:00:00Z,5.9915,6.0068,4.7,5.1066,907790.49460672
2023-06-10T08:00:00Z,5.1084,5.1465,4.9571,5.0151,277531.657
2023-06-10T16:00:00Z,5.0153,5.2842,4.9029,5.2335,274010.81799737
2023-06-11T00:00:00Z,5.2327,5.2389,5.1479,5.16,132303.1949
2023-06-11T08:00:00Z,5.1608,5.2058,5.0878,5.1028,217026.7895
2023-06-11T16:00:00Z,5.1029,5.2526,5.0998,5.173,231674.53109803
2023-06-12T00:00:00Z,5.174,5.1894,5,5.076,200921.7524
2023-06-12T08:00:00Z,5.0775,5.1895,5.0613,5.108,143111.8361
2023-06-12T16:00:00Z,5.1069,5.1962,5.079,5.1594,152999.1987
2023-06-13T00:00:00Z,5.1595,5.2625,5.109,5.2423,111975.4202
2023-06-13T08:00:00Z,5.2411,5.4105,5.1781,5.1871,292601.4051
2023-06-13T16:00:00Z,5.1874,5.3028,5.1831,5.3012,109277.6864
2023-06-14T00:00:00Z,5.2996,5.4086,5.2872,5.3732,98667.1025
2023-06-14T08:00:00Z,5.3725,5.4179,5.3477,5.3925,81384.884
2023-06-14T16:00:00Z,5.3933,5.5066,5.1444,5.2451,451057.174773
2023-06-15T00:00:00Z,5.2498,5.3403,5.232,5.2617,87733.39099722
2023-06-15T08:00:00Z,5.2613,5.3119,5.1819,5.229,101484.7569
2023-06-15T16:00:00Z,5.2305,5.4183,5.1614,5.3118,118612.24667204
2023-06-16T00:00:00Z,5.313,5.313,5.2518,5.2633,50662.2486
2023-06-16T08:00:00Z,5.2633,5.2951,5.1441,5.2652,70856.7996
2023-06-16T16:00:00Z,5.2716,5.3974,5.2293,5.3224,97489.7571
2023-06-17T00:00:00Z,5.3257,5.3966,5.2233,5.3513,107610.7413
2023-06-17T08:00:00Z,5.3512,5.389,5.3031,5.3142,95229.1014
2023-06-17T16:00:00Z,5.3142,5.3305,5.2571,5.2814,59402.9608
2023-06-18T00:00:00Z,5.2806,5.2831,5.2152,5.2441,89834.858
2023-06-18T08:00:00Z,5.2451,5.281,5.2215,5.2587,74094.54438828
2023-06-18T16:00:00Z,5.2615,5.3012,5.1,5.1566,177467.2895
2023-06-19T00:00:00Z,5.1574,5.1798,5.0955,5.1427,89154.2288
2023-06-19T08:00:00Z,5.1472,5.1472,5.0275,5.0672,94941.0579
2023-06-19T16:00:00Z,5.0705,5.1932,4.997,5.1328,165459.9945
2023-06-20T00:00:00Z,5.135,5.178,5.0595,5.0984,66558.5896
2023-06-20T08:00:00Z,5.0997,5.0997,5,5.0893,79685.1741
2023-06-20T16:00:00Z,5.0822,5.2794,5.0677,5.2676,216795.1331
2023-06-21T00:00:00Z,5.2678,5.4006,5.2449,5.3599,174665.0114
2023-06-21T08:00:00Z,5.3595,5.475,5.3272,5.4403,181852.9083
2023-06-21T16:00:00Z,5.4377,5.5865,5.4324,5.5568,146053.6613
2023-06-22T00:00:00Z,5.5576,5.8228,5.5361,5.7586,192844.5758181
2023-06-22T08:00:00Z,5.7588,5.7786,5.51,5.5601,244309.4618
2023-06-22T16:00:00Z,5.5584,5.6396,5.5356,5.5618,93380.5852
2023-06-23T00:00:00Z,5.5595,5.8364,5.5507,5.8332,106565.8008
2023-06-23T08:00:00Z,5.8347,6.0312,5.7681,6.0039,359912.1685
2023-06-23T16:00:00Z,6.0067,6.1544,5.9381,6.0699,400559.0467
2023-06-24T00:00:00Z,6.0717,6.1102,5.9817,6.0194,121299.5599
2023-06-24T08:00:00Z,6.0229,6.1959,5.92,6.0237,153396.7517
2023-06-24T16:00:00Z,6.0224,6.1498,5.9572,6.1329,143734.3856
2023-06-25T00:00:00Z,6.1345,6.3381,6.109,6.2906,138872.4997
2023-06-25T08:00:00Z,6.291,6.3771,6.1673,6.1941,242855.9777
2023-06-25T16:00:00Z,6.1936,6.2303,6.0585,6.1568,166405.2839
2023-06-26T00:00:00Z,6.1578,6.2558,6.0228,6.1832,137990.1306
2023-06-26T08:00:00Z,6.1824,6.2589,6.1262,6.235,105748.5863
2023-06-26T16:00:00Z,6.2298,6.2324,6,6.0574,198206.1297
2023-06-27T00:00:00Z,6.059,6.2492,6.0468,6.2417,100231.9799
2023-06-27T08:00:00Z,6.2452,6.2536,6.0723,6.1221,169408.5186
2023-06-27T16:00:00Z,6.1256,6.2518,6.1125,6.1989,143251.8547
2023-06-28T00:00:00Z,6.1985,6.2052,5.9674,5.9716,146241.8187
2023-06-28T08:00:00Z,5.972,6.0634,5.9438,6.0196,159087.9047
2023-06-28T16:00:00Z,6.0195,6.0315,5.7001,5.8113,235164.4794
2023-06-29T00:00:00Z,5.8143,5.8903,5.7886,5.8806,80592.7894
2023-06-29T08:00:00Z,5.88,6.1827,5.8603,5.9617,310957.7018
2023-06-29T16:00:00Z,5.9622,6.0072,5.864,5.892,148361.8047
2023-06-30T00:00:00Z,5.8921,6.216,5.8419,6.1507,210385.0597
2023-06-30T08:00:00Z,6.1508,6.2945,5.7071,6.0827,536351.8789
2023-06-30T16:00:00Z,6.0829,6.4534,6.0382,6.3106,452312.7337
2023-07-01T00:00:00Z,6.3125,6.3573,6.117,6.2484,230863.15627598
2023-07-01T08:00:00Z,6.2469,6.3469,6.1726,6.3401,232932.9098
2023-07-01T16:00:00Z,6.3409,6.5246,6.282,6.503,160154.1901
2023-07-02T00:00:00Z,6.5039,6.5073,6.3551,6.4113,164354.7134
2023-07-02T08:00:00Z,6.4112,6.5515,6.3744,6.4696,168089.0067
2023-07-02T16:00:00Z,6.4684,6.5629,6.3326,6.5397,199512.5083
2023-07-03T00:00:00Z,6.5409,6.6353,6.4689,6.6335,152709.1416
2023-07-03T08:00:00Z,6.6335,6.66,6.5713,6.6301,159776.8334
2023-07-03T16:00:00Z,6.6312,6.6931,6.5582,6.6276,156690.2704
2023-07-04T00:00:00Z,6.6286,6.6286,6.4617,6.4687,92194.2301
2023-07-04T08:00:00Z,6.4681,6.5373,6.4347,6.5013,116001.9648
2023-07-04T16:00:00Z,6.5014,6.5822,6.389,6.5218,165747.3084
2023-07-05T00:00:00Z,6.5223,6.5716,6.4839,6.5422,81226.3242
2023-07-05T08:00:00Z,6.5445,6.5445,6.2104,6.2738,334293.8575
2023-07-05T16:00:00Z,6.2758,6.3414,6.2401,6.3,71593.9015
2023-07-06T00:00:00Z,6.2991,6.4013,6.2072,6.3658,81974.0829
2023-07-06T08:00:00Z,6.3661,6.5087,6.082,6.2087,284215.4577
2023-07-06T16:00:00Z,6.2044,6.2296,6.0774,6.0796,122914.7553
2023-07-07T00:00:00Z,6.0839,6.1645,6.0106,6.1085,93378.9579
2023-07-07T08:00:00Z,6.1057,6.223,6.0881,6.2124,111010.3838
2023-07-07T16:00:00Z,6.2124,6.2198,6.1134,6.1579,69969.1111
2023-07-08T00:00:00Z,6.1586,6.1882,6.109,6.1615,45745.80593534
2023-07-08T08:00:00Z,6.1593,6.2215,6.1409,6.1781,64164.9119
2023-07-08T16:00:00Z,6.1795,6.2082,6.0915,6.1966,50180.2929
2023-07-09T00:00:00Z,6.1985,6.2408,6.1767,6.1991,33771.8456
2023-07-09T08:00:00Z,6.2015,6.2279,6.1589,6.1652,32605.8949
2023-07-09T16:00:00Z,6.1662,6.1702,6.1227,6.1472,24189.3714
2023-07-10T00:00:00Z,6.1512,6.1517,6.0207,6.0944,89916.33054562
2023-07-10T08:00:00Z,6.096,6.1613,6.0218,6.1546,39035.5781
2023-07-10T16:00:00Z,6.1561,6.3019,6.1282,6.1722,117491.5323
2023-07-11T00:00:00Z,6.1688,6.2366,6.1207,6.1986,35933.8236
2023-07-11T08:00:00Z,6.2008,6.2231,6.1349,6.1927,54399.75769476
2023-07-11T16:00:00Z,6.1943,6.218,6.1448,6.205,41622.3169
2023-07-12T00:00:00Z,6.2063,6.2791,6.2032,6.2607,59057.0028
2023-07-12T08:00:00Z,6.2603,6.3083,6.2155,6.2462,103354.0436
2023-07-12T16:00:00Z,6.2476,6.3437,6.1965,6.2524,137507.644
2023-07-13T00:00:00Z,6.2527,6.3495,6.2125,6.3048,62242.8165
2023-07-13T08:00:00Z,6.306,6.68,6.3056,6.6054,158272.5476
2023-07-13T16:00:00Z,6.6138,7.1689,6.5884,7.1233,669704.8939
2023-07-14T00:00:00Z,7.1259,7.3436,7.0751,7.1114,479941.9783
2023-07-14T08:00:00Z,7.1114,7.1736,7.001,7.1461,157546.2001
2023-07-14T16:00:00Z,7.1445,7.1784,6.6818,6.9558,435506.1828
2023-07-15T00:00:00Z,6.958,6.9819,6.8321,6.9815,95227.7355
2023-07-15T08:00:00Z,6.9805,7.0204,6.9094,6.9732,68714.8566
2023-07-15T16:00:00Z,6.9745,7.008,6.8815,6.9114,43265.0536
2023-07-16T00:00:00Z,6.9186,6.92,6.739,6.8254,84030.8417
2023-07-16T08:00:00Z,6.8261,6.8825,6.7954,6.8132,31590.1669
2023-07-16T16:00:00Z,6.8124,6.8124,6.5667,6.6068,120709.4721
2023-07-17T00:00:00Z,6.6078,6.7317,6.561,6.6778,95216.8227
2023-07-17T08:00:00Z,6.6786,6.6939,6.45,6.6687,131302.51
2023-07-17T16:00:00Z,6.6719,7.2608,6.6312,7.1836,466751.9566
2023-07-18T00:00:00Z,7.1876,7.3001,7.0016,7.0621,247157.8356213
2023-07-18T08:00:00Z,7.0588,7.1516,6.8504,6.9549,197705.8272
2023-07-18T16:00:00Z,6.9526,7.0208,6.7776,6.9132,178258.456
2023-07-19T00:00:00Z,6.914,7.0286,6.8747,6.8799,107306.1078
2023-07-19T08:00:00Z,6.88,6.9317,6.7747,6.909,107762.3723
2023-07-19T16:00:00Z,6.9055,7.0468,6.8594,6.9132,117489.2175
2023-07-20T00:00:00Z,6.9159,7.4489,6.8862,7.4394,217531.6374
2023-07-20T08:00:00Z,7.4375,8.3958,7.417,8.0677,1329642.432
2023-07-20T16:00:00Z,8.0633,8.4567,8.0016,8.3599,670175.411
2023-07-21T00:00:00Z,8.3625,8.4443,8.0417,8.0715,434812.1066
2023-07-21T08:00:00Z,8.0736,8.2394,8.0434,8.1319,272561.2983
2023-07-21T16:00:00Z,8.1361,8.2308,8.0772,8.1331,181078.048
2023-07-22T00:00:00Z,8.1325,8.1979,8.063,8.1614,143991.0475
2023-07-22T08:00:00Z,8.164,8.3748,7.8552,8.0646,299654.9808
2023-07-22T16:00:00Z,8.0578,8.068,7.7665,7.88,147120.9943
2023-07-23T00:00:00Z,7.8802,8.055,7.8179,7.9995,98195.4913
2023-07-23T08:00:00Z,8.0037,8.0583,7.9654,7.9895,73771.4729
2023-07-23T16:00:00Z,7.9906,8.1017,7.8524,7.8896,128251.7163
2023-07-24T00:00:00Z,7.8897,7.8897,7.66,7.7331,143150.0989
2023-07-24T08:00:00Z,7.7358,7.7379,7.4353,7.6098,200103.1056
2023-07-24T16:00:00Z,7.609,7.6214,7.5098,7.5881,95765.5228
2023-07-25T00:00:00Z,7.5874,7.64,7.3724,7.4339,81543.5295
2023-07-25T08:00:00Z,7.4347,7.5319,7.3928,7.4276,102701.6146
2023-07-25T16:00:00Z,7.4278,7.4979,7.3408,7.3943,92527.2958
2023-07-26T00:00:00Z,7.3935,7.5437,7.2728,7.4647,84683.9837
2023-07-26T08:00:00Z,7.4678,7.6297,7.4677,7.5943,122033.6606
2023-07-26T16:00:00Z,7.5971,7.8344,7.4559,7.7428,202018.7534
2023-07-27T00:00:00Z,7.7442,8.0617,7.6843,7.9452,207313.5724
2023-07-27T08:00:00Z,7.946,8.1247,7.9198,7.9729,178038.9956
2023-07-27T16:00:00Z,7.9748,8.0499,7.8694,7.9868,161068.4792
2023-07-28T00:00:00Z,7.989,8.0911,7.81,7.8418,97743.6212
2023-07-28T08:00:00Z,7.8422,7.9777,7.81,7.8946,75840.6368
2023-07-28T16:00:00Z,7.8973,7.8973,7.762,7.7723,76057.2082
2023-07-29T00:00:00Z,7.7737,7.8402,7.7411,7.7699,32682.17645478
2023-07-29T08:00:00Z,7.77,7.787,7.7267,7.7431,37950.6735
2023-07-29T16:00:00Z,7.743,7.9006,7.728,7.8424,80119.4419
2023-07-30T00:00:00Z,7.8434,7.862,7.7407,7.77,39723.7126
2023-07-30T08:00:00Z,7.7653,7.7987,7.6962,7.721,70757.4644
2023-07-30T16:00:00Z,7.7214,7.7357,7.3541,7.5566,175430.7355
2023-07-31T00:00:00Z,7.5566,7.7138,7.5388,7.5994,72851.7191
2023-07-31T08:00:00Z,7.6094,7.6714,7.5171,7.5339,50832.3409
2023-07-31T16:00:00Z,7.5249,7.672,7.4353,7.5437,109918.3134
2023-08-01T00:00:00Z,7.5534,7.5937,7.2535,7.4438,179870.9825
2023-08-01T08:00:00Z,7.4434,7.5076,7.3463,7.4613,120566.934
2023-08-01T16:00:00Z,7.4635,7.6491,7.4345,7.6387,216433.349
2023-08-02T00:00:00Z,7.6461,7.7157,7.5825,7.5921,123768.7053
2023-08-02T08:00:00Z,7.5846,7.7118,7.423,7.496,244177.6324
2023-08-02T16:00:00Z,7.4916,7.518,7.3358,7.3512,215670.5104
2023-08-03T00:00:00Z,7.3436,7.4094,7.287,7.3,98909.3244
2023-08-03T08:00:00Z,7.2966,7.3372,7.205,7.2177,158278.9893
2023-08-03T16:00:00Z,7.2146,7.2956,7.0697,7.1251,153723.09762746
2023-08-04T00:00:00Z,7.1257,7.2057,7.1097,7.146,115473.3628
2023-08-04T08:00:00Z,7.1445,7.2402,7.0601,7.1658,137082.3125
2023-08-04T16:00:00Z,7.1693,7.2642,7.0097,7.1449,147414.2475
2023-08-05T00:00:00Z,7.1446,7.2216,7.104,7.1812,65654.7208
2023-08-05T08:00:00Z,7.181,7.2449,7.1546,7.1677,70893.8292
2023-08-05T16:00:00Z,7.1657,7.2378,7.1285,7.2298,46498.3199
2023-08-06T00:00:00Z,7.2312,7.2725,7.1671,7.1791,41643.4149
2023-08-06T08:00:00Z,7.1771,7.2032,7.0761,7.1118,50573.6088
2023-08-06T16:00:00Z,7.1106,7.176,7.0818,7.1008,51969.9168
2023-08-07T00:00:00Z,7.1007,7.2101,7.0875,7.1865,52570.8396
2023-08-07T08:00:00Z,7.1898,7.236,7.0646,7.0728,109546.301
2023-08-07T16:00:00Z,7.0728,7.3972,6.9417,7.3279,237907.17866175
2023-08-08T00:00:00Z,7.3302,7.4441,7.2888,7.3438,157695.0845
2023-08-08T08:00:00Z,7.3441,7.4648,7.3234,7.3647,112417.0604
2023-08-08T16:00:00Z,7.3624,7.5321,7.3387,7.4583,152953.83944036
2023-08-09T00:00:00Z,7.4573,7.5675,7.3811,7.5218,58860.0679
2023-08-09T08:00:00Z,7.5261,7.92,7.4892,7.7112,284649.83024667
2023-08-09T16:00:00Z,7.7112,7.7539,7.6084,7.679,227155.9072
2023-08-10T00:00:00Z,7.6791,7.7114,7.5761,7.6018,79790.1245
2023-08-10T08:00:00Z,7.6013,7.7373,7.5606,7.6696,153426.20977272
2023-08-10T16:00:00Z,7.6727,7.6848,7.5628,7.6167,61896.1485
2023-08-11T00:00:00Z,7.6213,7.6414,7.5297,7.563,30996.4632
2023-08-11T08:00:00Z,7.5652,7.5902,7.4719,7.4921,45427.35347402
2023-08-11T16:00:00Z,7.4904,7.5061,7.4063,7.49,61113.0849
2023-08-12T00:00:00Z,7.49,7.5378,7.4077,7.4654,53385.4264
2023-08-12T08:00:00Z,7.4688,7.4764,7.4233,7.4344,30439.5669
2023-08-12T16:00:00Z,7.4296,7.47,7.3856,7.444,57233.3486
2023-08-13T00:00:00Z,7.4442,7.5266,7.4343,7.5105,48066.6243
2023-08-13T08:00:00Z,7.5119,7.5266,7.4095,7.418,38665.4814
2023-08-13T16:00:00Z,7.4166,7.5574,7.3164,7.3715,98741.937
2023-08-14T00:00:00Z,7.3665,7.5038,7.3071,7.4671,78871.3741
2023-08-14T08:00:00Z,7.4688,7.6342,7.4688,7.584,130960.4466
2023-08-14T16:00:00Z,7.5868,7.6048,7.3899,7.4132,97109.4656
2023-08-15T00:00:00Z,7.4136,7.4311,7.3257,7.3855,64893.5038
2023-08-15T08:00:00Z,7.3836,7.3875,7.2591,7.2841,112929.389
2023-08-15T16:00:00Z,7.2878,7.2996,6.791,7.0495,258987.7029
2023-08-16T00:00:00Z,7.0375,7.0699,6.9445,7.005,70277.8779
2023-08-16T08:00:00Z,6.9993,7.0153,6.7917,6.8067,164152.7962
2023-08-16T16:00:00Z,6.8054,6.9272,6.6,6.762,226254.4711
2023-08-17T00:00:00Z,6.763,6.8683,6.6282,6.8135,144578.8829
2023-08-17T08:00:00Z,6.8141,6.8513,6.564,6.6104,105418.11129214
2023-08-17T16:00:00Z,6.6105,6.6823,5.4,6.1965,713919.0096
2023-08-18T00:00:00Z,6.1867,6.2839,6.0885,6.2568,219960.6247
2023-08-18T08:00:00Z,6.2552,6.2765,6.147,6.1627,136391.6915
2023-08-18T16:00:00Z,6.1622,6.2446,6.0672,6.1751,195343.60313678
2023-08-19T00:00:00Z,6.173,6.2412,6.1376,6.1833,62883.3601
2023-08-19T08:00:00Z,6.1834,6.2273,6.1453,6.2225,78252.2681
2023-08-19T16:00:00Z,6.2208,6.263,6.1122,6.1805,128911.95032613
2023-08-20T00:00:00Z,6.1806,6.193,6.1184,6.145,28434.9516
2023-08-20T08:00:00Z,6.1451,6.2225,6.125,6.1681,144552.45927483
2023-08-20T16:00:00Z,6.1699,6.2345,6.1535,6.2191,32644.7005
2023-08-21T00:00:00Z,6.2192,6.2564,6.1721,6.1899,47418.3993
2023-08-21T08:00:00Z,6.1875,6.2337,6.0092,6.1038,182884.0261
2023-08-21T16:00:00Z,6.1061,6.2112,6.0841,6.1749,68428.9067
2023-08-22T00:00:00Z,6.1767,6.1975,6.1237,6.1975,26829.8087
2023-08-22T08:00:00Z,6.1979,6.2552,6.1194,6.1194,87127.1435
2023-08-22T16:00:00Z,6.1194,6.1437,5.8705,6.1144,237777.66576849
2023-08-23T00:00:00Z,6.1155,6.2256,6.1038,6.2116,58797.74457809
2023-08-23T08:00:00Z,6.2117,6.3735,6.1997,6.3576,178882.7528
2023-08-23T16:00:00Z,6.3562,6.4349,6.272,6.3529,79133.8832
2023-08-24T00:00:00Z,6.3472,6.3669,6.2872,6.315,26425.8762
2023-08-24T08:00:00Z,6.3162,6.3216,6.118,6.118,110370.1856
2023-08-24T16:00:00Z,6.1222,6.1368,5.9849,6.0827,117439.85
2023-08-25T00:00:00Z,6.0817,6.0829,5.9299,5.9697,76347.6655
2023-08-25T08:00:00Z,5.9677,6.054,5.912,5.9581,114754.5965
2023-08-25T16:00:00Z,5.9543,6.0218,5.9311,6.0157,51778.8948
2023-08-26T00:00:00Z,6.012,6.0416,5.9822,6.0168,38245.73001019
2023-08-26T08:00:00Z,6.0153,6.0336,5.9844,6.002,52522.1937
2023-08-26T16:00:00Z,6.0029,6.0129,5.9548,6.0072,47919.15370991
2023-08-27T00:00:00Z,6.0035,6.0227,5.9557,5.9895,19712.7665
2023-08-27T08:00:00Z,5.983,6.0357,5.9595,6.0135,40406.6721
2023-08-27T16:00:00Z,6.0149,6.0446,5.9743,6.0295,41947.2837
2023-08-28T00:00:00Z,6.0256,6.0256,5.8618,5.9116,89995.2349
2023-08-28T08:00:00Z,5.9103,6.0514,5.854,6.0043,126475.8629
2023-08-28T16:00:00Z,6.0032,6.0231,5.9204,5.9818,38565.6457
2023-08-29T00:00:00Z,5.9859,6.0067,5.8899,5.8917,86931.5976
2023-08-29T08:00:00Z,5.8898,6.3184,5.8445,6.1823,245712.56495601
2023-08-29T16:00:00Z,6.1925,6.2913,6.1683,6.1951,152054.4245
2023-08-30T00:00:00Z,6.1973,6.1994,6.0559,6.069,39125.8071
2023-08-30T08:00:00Z,6.0693,6.0794,5.8791,5.9399,143289.4868
2023-08-30T16:00:00Z,5.9408,5.9645,5.9127,5.9276,42596.2107
2023-08-31T00:00:00Z,5.9251,6.006,5.8971,5.9801,59062.1024
2023-08-31T08:00:00Z,5.9803,6.0636,5.902,5.947,104063.4276
2023-08-31T16:00:00Z,5.941,5.954,5.73,5.8717,174309.0647
2023-09-01T00:00:00Z,5.8741,6.032,5.8702,5.9599,77186.80567817
2023-09-01T08:00:00Z,5.9625,6.0333,5.922,5.9398,114293.6728
2023-09-01T16:00:00Z,5.9384,5.9555,5.8164,5.9392,103428.1204
2023-09-02T00:00:00Z,5.941,5.987,5.9295,5.9478,19800.8087
2023-09-02T08:00:00Z,5.9447,5.998,5.9003,5.9675,55540.8197
2023-09-02T16:00:00Z,5.9661,5.9744,5.8876,5.9712,25825.4465
2023-09-03T00:00:00Z,5.9715,6.0476,5.9474,6.0118,105757.1112
2023-09-03T08:00:00Z,6.0118,6.062,5.9724,5.9905,42542.351
2023-09-03T16:00:00Z,5.991,6.057,5.9627,6.0213,39642.0573
2023-09-04T00:00:00Z,6.0353,6.136,6.0258,6.0989,44742.7749
2023-09-04T08:00:00Z,6.1052,6.1633,5.9697,6.0145,77417.5886
2023-09-04T16:00:00Z,6.0127,6.0563,5.9441,6.0165,40792.272
2023-09-05T00:00:00Z,6.0138,6.0176,5.9051,5.9888,34094.2808
2023-09-05T08:00:00Z,5.989,6.1335,5.9636,6.1009,86340.58445635
2023-09-05T16:00:00Z,6.1072,6.1529,6.0805,6.1342,60768.2705
2023-09-06T00:00:00Z,6.1343,6.2772,6.1157,6.1389,121084.16879813
2023-09-06T08:00:00Z,6.1393,6.209,6.0996,6.1712,67805.2965
2023-09-06T16:00:00Z,6.1709,6.3446,6.0945,6.3014,105898.4032459
2023-09-07T00:00:00Z,6.2999,6.3967,6.2745,6.279,153712.1184
2023-09-07T08:00:00Z,6.2771,6.3141,6.2004,6.2573,52135.1711
2023-09-07T16:00:00Z,6.2578,6.4682,6.255,6.3883,100043.60937534
2023-09-08T00:00:00Z,6.3901,6.4032,6.2964,6.3053,33788.1897
2023-09-08T08:00:00Z,6.3024,6.3082,6.1398,6.2212,100052.0772
2023-09-08T16:00:00Z,6.2219,6.2881,6.1985,6.2807,54566.48765656
2023-09-09T00:00:00Z,6.2798,6.2912,6.235,6.2493,32575.68620175
2023-09-09T08:00:00Z,6.2499,6.2504,6.1793,6.1966,21709.6458
2023-09-09T16:00:00Z,6.1943,6.2148,6.1578,6.1608,19941.0256
2023-09-10T00:00:00Z,6.1586,6.1586,5.9406,6.1153,87208.8847
2023-09-10T08:00:00Z,6.1154,6.1205,5.9782,6.0458,53889.05899434
2023-09-10T16:00:00Z,6.0437,6.0753,5.9559,6.0127,52375.4543
2023-09-11T00:00:00Z,6.0118,6.034,5.9412,5.9882,30507.0384
2023-09-11T08:00:00Z,5.9949,5.9964,5.7792,5.864,159487.4499
2023-09-11T16:00:00Z,5.8581,5.8837,5.7368,5.8279,75374.3097
2023-09-12T00:00:00Z,5.8288,5.9939,5.8096,5.9195,63513.7178
2023-09-12T08:00:00Z,5.9221,6.0751,5.891,5.9933,54933.6823
2023-09-12T16:00:00Z,5.9928,6.0628,5.9033,5.9561,41356.6671
2023-09-13T00:00:00Z,5.9528,6.096,5.9278,5.9553,34420.7425
2023-09-13T08:00:00Z,5.9525,6.0441,5.9326,6.0167,45069.0313
2023-09-13T16:00:00Z,6.0196,6.0365,5.9547,6.0176,81312.5963
2023-09-14T00:00:00Z,6.0238,6.125,6.0074,6.0298,74502.7163
2023-09-14T08:00:00Z,6.0324,6.127,6.0187,6.0941,47643.1613
2023-09-14T16:00:00Z,6.0939,6.2138,6.0743,6.1571,53079.96218219
2023-09-15T00:00:00Z,6.1564,6.2379,6.1407,6.1502,35406.8975
2023-09-15T08:00:00Z,6.1476,6.2074,6.1001,6.2069,65329.52395124
2023-09-15T16:00:00Z,6.2052,6.3796,6.1944,6.3692,74791.4079
2023-09-16T00:00:00Z,6.3734,6.4215,6.2686,6.2975,77289.0109
2023-09-16T08:00:00Z,6.293,6.2982,6.1897,6.2266,37416.3635984
2023-09-16T16:00:00Z,6.2243,6.2926,6.1856,6.2787,27842.1962
2023-09-17T00:00:00Z,6.2804,6.2804,6.1724,6.19,22836.8567
2023-09-17T08:00:00Z,6.1882,6.2274,6.1568,6.1867,19614.1562
2023-09-17T16:00:00Z,6.1855,6.1921,6.0426,6.1481,81308.9662
2023-09-18T00:00:00Z,6.1462,6.6648,6.0984,6.5464,287452.85183315
2023-09-18T08:00:00Z,6.5473,6.8385,6.5101,6.7253,363328.52397734
2023-09-18T16:00:00Z,6.7247,6.7284,6.5384,6.5666,160553.99162711
2023-09-19T00:00:00Z,6.5656,6.9262,6.5167,6.6958,237034.8236
2023-09-19T08:00:00Z,6.6978,6.8877,6.6864,6.8709,200128.21597535
2023-09-19T16:00:00Z,6.8718,6.9696,6.7827,6.8445,138002.5725
2023-09-20T00:00:00Z,6.8464,6.9938,6.7792,6.8014,183245.70187852
2023-09-20T08:00:00Z,6.7998,6.94,6.7418,6.9195,230447.11273336
2023-09-20T16:00:00Z,6.9172,7.047,6.7937,6.9066,218814.28845637
2023-09-21T00:00:00Z,6.905,6.9456,6.7845,6.8002,115970.5366
2023-09-21T08:00:00Z,6.7975,6.8285,6.6049,6.745,220139.7497
2023-09-21T16:00:00Z,6.7435,6.7641,6.6611,6.6623,96725.53938685
2023-09-22T00:00:00Z,6.6629,6.7211,6.5933,6.6948,94589.1123
2023-09-22T08:00:00Z,6.694,6.7989,6.6929,6.7683,77170.00565991
2023-09-22T16:00:00Z,6.7621,6.9719,6.7327,6.9576,130535.06511037
2023-09-23T00:00:00Z,6.9598,7.1867,6.9454,7.0327,224976.5827
2023-09-23T08:00:00Z,7.0451,7.0558,6.9281,6.9385,83685.4012
2023-09-23T16:00:00Z,6.9429,7.2257,6.9188,7.1895,333113.80871635
2023-09-24T00:00:00Z,7.1869,7.25,7.1087,7.1629,174581.7997
2023-09-24T08:00:00Z,7.1694,7.1871,7.074,7.0978,121637.93098333
2023-09-24T16:00:00Z,7.0966,7.1796,6.9484,6.981,124097.2521
2023-09-25T00:00:00Z,6.9689,7.3037,6.9078,7.2786,245724.28584443
2023-09-25T08:00:00Z,7.273,7.3997,7.2067,7.3916,163130.84257612
2023-09-25T16:00:00Z,7.3935,7.5103,7.3782,7.4932,144521.6673
2023-09-26T00:00:00Z,7.4925,7.5779,7.4125,7.4392,190045.63733556
2023-09-26T08:00:00Z,7.4419,7.4817,7.3,7.3312,150535.8154
2023-09-26T16:00:00Z,7.3315,7.4758,7.2489,7.3568,140809.19632365
2023-09-27T00:00:00Z,7.355,7.414,7.2724,7.3699,71866.02525352
2023-09-27T08:00:00Z,7.369,7.8828,7.351,7.5913,506080.60018485
2023-09-27T16:00:00Z,7.59,7.6962,7.4879,7.6429,236089.28624179
2023-09-28T00:00:00Z,7.6429,7.8241,7.5632,7.7491,204470.98526311
2023-09-28T08:00:00Z,7.7433,7.9219,7.6863,7.8871,334206.24809651
2023-09-28T16:00:00Z,7.8861,8.06,7.7716,7.8093,261423.53719069
2023-09-29T00:00:00Z,7.811,7.8403,7.6842,7.7839,96483.96155992
2023-09-29T08:00:00Z,7.7836,7.9077,7.6752,7.8209,172170.14316182
2023-09-29T16:00:00Z,7.8181,8.081,7.7548,7.9503,170587.8252
2023-09-30T00:00:00Z,7.9518,8.1562,7.9375,8.0825,148110.6649
2023-09-30T08:00:00Z,8.0812,8.2724,8.0131,8.2241,225163.3377
2023-09-30T16:00:00Z,8.22,8.2398,8.0872,8.1914,113772.1531
2023-10-01T00:00:00Z,8.1915,8.2577,8.0415,8.063,92789.66318809
2023-10-01T08:00:00Z,8.063,8.2264,7.9579,8.014,159443.70394875
2023-10-01T16:00:00Z,8.0138,8.1481,7.7805,8.0517,300177.72499104
2023-10-02T00:00:00Z,8.0558,8.1005,7.8449,8.0367,223088.0214759
2023-10-02T08:00:00Z,8.0369,8.0783,7.6107,7.6686,242788.40049101
2023-10-02T16:00:00Z,7.6685,7.7292,7.35,7.4688,396094.4971
2023-10-03T00:00:00Z,7.4696,7.7425,7.4141,7.6298,165934.84573229
2023-10-03T08:00:00Z,7.6316,7.7344,7.3977,7.4329,233735.63275906
2023-10-03T16:00:00Z,7.4301,7.5431,7.3661,7.4076,130892.9515
2023-10-04T00:00:00Z,7.4051,7.6342,7.1979,7.5834,269813.36869397
2023-10-04T08:00:00Z,7.5821,7.6668,7.4658,7.6362,235755.61333445
2023-10-04T16:00:00Z,7.634,7.7809,7.571,7.6736,246865.619
2023-10-05T00:00:00Z,7.6686,7.7608,7.5919,7.7091,118620.4224
2023-10-05T08:00:00Z,7.7102,7.7899,7.4836,7.532,184698.09518455
2023-10-05T16:00:00Z,7.532,7.5663,7.4516,7.4607,79971.1864
2023-10-06T00:00:00Z,7.4683,7.584,7.4579,7.5721,76356.10892116
2023-10-06T08:00:00Z,7.5745,7.7027,7.4314,7.6576,127919.17965855
2023-10-06T16:00:00Z,7.6565,7.7671,7.6197,7.6404,88116.7666
2023-10-07T00:00:00Z,7.6476,7.6799,7.5602,7.6021,85978.4195
2023-10-07T08:00:00Z,7.6052,7.643,7.5567,7.5631,49973.1698
2023-10-07T16:00:00Z,7.5633,7.5633,7.4715,7.5256,78634.4447
2023-10-08T00:00:00Z,7.524,7.6724,7.5026,7.6537,55131.29289099
2023-10-08T08:00:00Z,7.65,7.7065,7.5308,7.6672,85734.32577233
2023-10-08T16:00:00Z,7.6673,7.9431,7.6394,7.6768,184078.58419867
2023-10-09T00:00:00Z,7.6733,7.695,7.5528,7.558,76871.98309933
2023-10-09T08:00:00Z,7.5608,7.5779,7.3104,7.3344,247025.7017
2023-10-09T16:00:00Z,7.3281,7.363,7.1299,7.2733,128399.16963159
2023-10-10T00:00:00Z,7.2763,7.3746,7.253,7.3424,49173.1748
2023-10-10T08:00:00Z,7.3432,7.3919,7.2127,7.22,125348.0931
2023-10-10T16:00:00Z,7.2233,7.3012,7.1742,7.2621,57884.09790837
2023-10-11T00:00:00Z,7.2603,7.3307,7.1,7.206,101127.7648
2023-10-11T08:00:00Z,7.2026,7.3958,7.1869,7.3057,140492.686
2023-10-11T16:00:00Z,7.3077,7.4287,7.2305,7.3912,96510.2039
2023-10-12T00:00:00Z,7.3908,7.4149,7.28,7.3362,63487.7042
2023-10-12T08:00:00Z,7.3406,7.3447,7.1737,7.2142,117076.5249
2023-10-12T16:00:00Z,7.2173,7.2463,7.1125,7.1977,109849.0411
2023-10-13T00:00:00Z,7.1986,7.2575,7.1129,7.2063,103151.9695
2023-10-13T08:00:00Z,7.2104,7.2885,7.1624,7.1687,60753.3718
2023-10-13T16:00:00Z,7.1619,7.4079,7.1464,7.2577,134063.34877279
2023-10-14T00:00:00Z,7.2585,7.3188,7.2184,7.2224,34908.242
2023-10-14T08:00:00Z,7.2215,7.3162,7.2171,7.3153,36334.0132
2023-10-14T16:00:00Z,7.3129,7.3715,7.2897,7.3296,34976.743
2023-10-15T00:00:00Z,7.3275,7.3801,7.3009,7.3539,61675.9509
2023-10-15T08:00:00Z,7.3541,7.4023,7.2861,7.3119,80835.4066
2023-10-15T16:00:00Z,7.3091,7.571,7.2992,7.4238,145683.2339
2023-10-16T00:00:00Z,7.4099,7.6468,7.4098,7.5621,101443.7075
2023-10-16T08:00:00Z,7.5625,7.8356,7.408,7.4389,220663.3442
2023-10-16T16:00:00Z,7.4373,7.5811,7.4292,7.525,98591.3076
2023-10-17T00:00:00Z,7.5268,7.5584,7.43,7.4837,49892.6742
2023-10-17T08:00:00Z,7.4872,7.5075,7.2618,7.4009,109200.5422
2023-10-17T16:00:00Z,7.3959,7.4216,7.2685,7.3239,47792.117
2023-10-18T00:00:00Z,7.3188,7.4214,7.2804,7.358,87152.1564
2023-10-18T08:00:00Z,7.3593,7.478,7.3471,7.3866,87518.9754
2023-10-18T16:00:00Z,7.3889,7.4391,7.3126,7.3572,49921.3722
2023-10-19T00:00:00Z,7.357,7.3633,7.2038,7.3492,65342.8582
2023-10-19T08:00:00Z,7.3503,7.435,7.2914,7.3644,76283.1776
2023-10-19T16:00:00Z,7.3644,7.4164,7.2853,7.303,77019.6963
2023-10-20T00:00:00Z,7.3028,7.5128,7.2619,7.4638,100566.1841
2023-10-20T08:00:00Z,7.4635,7.7153,7.4617,7.6282,169346.50591192
2023-10-20T16:00:00Z,7.6327,7.6864,7.5699,7.5714,40070.9707
2023-10-21T00:00:00Z,7.5714,7.8479,7.5211,7.8403,113993.1102
2023-10-21T08:00:00Z,7.8443,8.9766,7.8025,8.956,637822.55269554
2023-10-21T16:00:00Z,8.9529,9.173,8.7771,8.911,450960.1772
2023-10-22T00:00:00Z,8.912,9.75,8.8423,9.3109,650903.517
2023-10-22T08:00:00Z,9.3099,9.4283,9.0288,9.2249,418807.70665474
2023-10-22T16:00:00Z,9.2289,10.2385,9.2249,10.1903,724178.75157224
2023-10-23T00:00:00Z,10.1911,11.0625,10.0195,10.4589,1060428.41250848
2023-10-23T08:00:00Z,10.4461,10.6018,9.7928,10.0134,731688.14132092
2023-10-23T16:00:00Z,10.0044,10.9867,9.9835,10.5846,972384.12503693
2023-10-24T00:00:00Z,10.5846,11.15,10,10.1086,706128.10342903
2023-10-24T08:00:00Z,10.1066,10.5447,9.657,9.8963,494978.4947918
2023-10-24T16:00:00Z,9.9032,10.4826,9.7769,10.3772,547100.19688231
2023-10-25T00:00:00Z,10.3718,11.6436,10.3438,10.9285,901117.60573434
2023-10-25T08:00:00Z,10.92,11.7888,10.7363,11.3514,583182.00871122
2023-10-25T16:00:00Z,11.3513,11.3939,10.7624,11.0553,434734.5196
2023-10-26T00:00:00Z,11.0589,11.392,10.8777,11.2139,242697.14070899
2023-10-26T08:00:00Z,11.2125,11.3333,10.3695,10.5047,516414.06667759
2023-10-26T16:00:00Z,10.5022,11.1427,10.4045,10.9174,282511.23069983
2023-10-27T00:00:00Z,10.9307,11.3712,10.6068,10.7264,395946.8566
2023-10-27T08:00:00Z,10.7267,11.43,10.7167,11.0424,470892.37939572
2023-10-27T16:00:00Z,11.0573,11.3929,10.6873,11.1796,573980.95441476
2023-10-28T00:00:00Z,11.1819,11.664,11.0276,11.3,346729.0648
2023-10-28T08:00:00Z,11.3,11.5989,11.078,11.1669,362680.52936198
2023-10-28T16:00:00Z,11.1553,11.1553,10.8258,10.9204,177311.1541
2023-10-29T00:00:00Z,10.9214,11.021,10.7446,11.0207,178014.13451584
2023-10-29T08:00:00Z,11.0191,11.2194,10.8912,11.0578,281176.66980856
2023-10-29T16:00:00Z,11.0571,11.2922,11.0032,11.0799,254418.53440871
2023-10-30T00:00:00Z,11.1014,11.3135,10.8908,10.951,256851.3288
2023-10-30T08:00:00Z,10.9487,11.8501,10.9119,11.3912,527736.10409231
2023-10-30T16:00:00Z,11.3786,11.442,11.0471,11.224,234327.93118528
2023-10-31T00:00:00Z,11.229,12.02,11.2044,11.4296,570737.81778436
2023-10-31T08:00:00Z,11.432,11.6314,10.9193,11.1198,412916.25459772
2023-10-31T16:00:00Z,11.1206,11.4332,11.055,11.3566,266148.8732
2023-11-01T00:00:00Z,11.3524,11.4643,10.9366,11.0961,207928.8883
2023-11-01T08:00:00Z,11.1057,11.1921,10.659,10.8336,415797.15662927
2023-11-01T16:00:00Z,10.8212,11.7791,10.8102,11.6355,568065.846
2023-11-02T00:00:00Z,11.6407,11.7487,11.1645,11.182,325563.7236
2023-11-02T08:00:00Z,11.1809,11.4498,10.8725,10.8885,361552.7468112
2023-11-02T16:00:00Z,10.887,11.1236,10.8065,11.0085,248473.8144
2023-11-03T00:00:00Z,11.0001,11.2091,10.5,11.1696,284708.97509758
2023-11-03T08:00:00Z,11.1699,11.3249,10.9162,11.268,263495.3134
2023-11-03T16:00:00Z,11.2699,11.5937,11.0808,11.4586,239599.94101165
2023-11-04T00:00:00Z,11.461,11.5,11.2162,11.2317,208016.07149465
2023-11-04T08:00:00Z,11.233,11.3925,11.1443,11.227,142925.39716867
2023-11-04T16:00:00Z,11.224,11.6278,11.2227,11.4987,105761.2154
2023-11-05T00:00:00Z,11.497,12.5585,11.3649,12.2156,565510.45314854
2023-11-05T08:00:00Z,12.2215,12.3256,11.6803,11.7535,349420.52827005
2023-11-05T16:00:00Z,11.7563,12.2621,11.7469,12.2291,244671.2619
2023-11-06T00:00:00Z,12.2307,12.7695,12.1229,12.4543,405916.3172
2023-11-06T08:00:00Z,12.4485,12.8708,12.3249,12.6488,398331.2082
2023-11-06T16:00:00Z,12.6475,13.2593,12.437,12.9885,378253.73944186
2023-11-07T00:00:00Z,12.9853,13.3456,12.6961,13.0772,487999.9597
2023-11-07T08:00:00Z,13.0766,13.1408,12.5205,12.7086,409261.2388
2023-11-07T16:00:00Z,12.7099,13.2491,12.5337,13.0412,432613.55005883
2023-11-08T00:00:00Z,13.0416,13.6256,12.8266,13.4332,466206.961
2023-11-08T08:00:00Z,13.4412,13.9838,13.4046,13.7297,355790.92308897
2023-11-08T16:00:00Z,13.7298,14.9814,13.7151,14.9214,723744.14582319
2023-11-09T00:00:00Z,14.9151,15,14.303,14.4947,507886.38633628
2023-11-09T08:00:00Z,14.4988,15.9814,14.4035,15.0935,857698.05996853
2023-11-09T16:00:00Z,15.095,15.1812,13.5016,14.603,773584.3792436
2023-11-10T00:00:00Z,14.6003,14.95,14.1728,14.4664,386185.44499519
2023-11-10T08:00:00Z,14.467,15.3226,14.12,15.0572,667130.8745
2023-11-10T16:00:00Z,15.0624,15.6382,14.9,15.5,481153.69923959
2023-11-11T00:00:00Z,15.5157,15.75,14.7131,15.0052,393016.67265296
2023-11-11T08:00:00Z,15.0075,16.6187,14.7715,16.2751,524686.4067
2023-11-11T16:00:00Z,16.272,16.5916,15.81,16.4673,497197.58239519
2023-11-12T00:00:00Z,16.4706,16.5375,15.3674,16.2574,334086.70661889
2023-11-12T08:00:00Z,16.2483,16.3,15.6028,15.9409,277907.8393
2023-11-12T16:00:00Z,15.9464,16.3693,15.6751,16.0288,300904.97955831
2023-11-13T00:00:00Z,16.0293,16.3001,15.0926,15.2877,328318.53468805
2023-11-13T08:00:00Z,15.2899,15.5693,14.51,15.1443,406378.36124374
2023-11-13T16:00:00Z,15.14,15.3918,14.3076,14.3569,329539.47000864
2023-11-14T00:00:00Z,14.3572,14.8701,14.0077,14.8004,317991.1937
2023-11-14T08:00:00Z,14.8,14.9103,13.8204,14.0603,550346.0005
2023-11-14T16:00:00Z,14.0701,14.5226,13.35,13.9517,529188.69557656
2023-11-15T00:00:00Z,13.9514,14.7241,13.9342,14.603,312001.35135128
2023-11-15T08:00:00Z,14.5969,15.1875,14.5772,14.8888,341534.96622642
2023-11-15T16:00:00Z,14.8824,15.3887,14.7141,15.03,379972.74518265
2023-11-16T00:00:00Z,15.031,15.2186,14.6628,14.9859,355841.49555316
2023-11-16T08:00:00Z,14.9852,15.0627,13.9185,14.1337,437638.18448846
2023-11-16T16:00:00Z,14.1373,14.2424,13.5503,13.8701,355922.20994793
2023-11-17T00:00:00Z,13.8691,14.262,13.7359,13.7926,212178.31584808
2023-11-17T08:00:00Z,13.7925,13.8813,12.8488,12.9531,496999.0404
2023-11-17T16:00:00Z,12.9573,13.8387,12.8623,13.7001,296589.6359
2023-11-18T00:00:00Z,13.7073,13.7073,12.9204,13.3461,182007.6191
2023-11-18T08:00:00Z,13.3442,13.572,13.0924,13.5403,211997.33457407
2023-11-18T16:00:00Z,13.541,13.8075,13.5256,13.7481,255914.4311
2023-11-19T00:00:00Z,13.7503,14.3677,13.368,14.2844,334353.87722073
2023-11-19T08:00:00Z,14.2846,14.3559,13.9674,14.2,185885.8831
2023-11-19T16:00:00Z,14.2034,15.0527,14.1527,14.908,305632.96321744
2023-11-20T00:00:00Z,14.9125,15.2851,14.7486,15.2115,226998.77921334
2023-11-20T08:00:00Z,15.2122,15.4,14.6123,15.1311,321670.85864675
2023-11-20T16:00:00Z,15.1339,15.2479,14.36,14.4744,337296.0131
2023-11-21T00:00:00Z,14.4795,14.6616,14.0577,14.1121,181562.1036
2023-11-21T08:00:00Z,14.1121,14.401,13.737,14.247,318487.35557938
2023-11-21T16:00:00Z,14.2491,14.32,13.2504,13.3602,473858.24708351
2023-11-22T00:00:00Z,13.3624,14.3166,13.2383,14.1288,250625.6466
2023-11-22T08:00:00Z,14.1321,14.3974,14.0488,14.2261,196336.902146
2023-11-22T16:00:00Z,14.2266,14.6289,14.1505,14.2109,250412.3465
2023-11-23T00:00:00Z,14.2141,14.6538,14.1563,14.5312,144153.4582
2023-11-23T08:00:00Z,14.5338,14.6564,14.1222,14.1424,170500.8446
2023-11-23T16:00:00Z,14.1478,14.885,14.1269,14.3974,241983.7424
2023-11-24T00:00:00Z,14.3981,14.5085,14.1995,14.374,118596.9261
2023-11-24T08:00:00Z,14.3781,14.6528,14.3052,14.5797,178675.2043
2023-11-24T16:00:00Z,14.5784,14.85,14.2545,14.4778,179436.9898
2023-11-25T00:00:00Z,14.4791,14.7727,14.375,14.7335,142628.40966059
2023-11-25T08:00:00Z,14.7427,14.97,14.6422,14.7891,197141.1156
2023-11-25T16:00:00Z,14.7876,14.8672,14.6716,14.7602,133891.7118913
2023-11-26T00:00:00Z,14.7601,15.1773,14.5972,15.1054,150089.3449
2023-11-26T08:00:00Z,15.1094,15.3262,14.7073,14.8052,226180.93633022
2023-11-26T16:00:00Z,14.8048,14.8908,14.3716,14.7614,204359.8753
2023-11-27T00:00:00Z,14.7665,15.3,14.3346,14.5175,265808.39138402
2023-11-27T08:00:00Z,14.5113,14.5571,14.0542,14.0865,164441.396
2023-11-27T16:00:00Z,14.0895,14.3016,13.8536,14.1851,160499.85141838
2023-11-28T00:00:00Z,14.1872,14.3196,13.7803,13.9911,133243.27144815
2023-11-28T08:00:00Z,13.9836,14.45,13.9088,14.3832,106958.86
2023-11-28T16:00:00Z,14.3894,14.7154,14.3286,14.5211,180979.7565984
2023-11-29T00:00:00Z,14.5325,14.7902,14.4331,14.688,93075.14234017
2023-11-29T08:00:00Z,14.6978,14.9958,14.39,14.578,187695.34056656
2023-11-29T16:00:00Z,14.574,14.6832,14.41,14.5138,76109.3299
2023-11-30T00:00:00Z,14.5148,14.6981,14.3356,14.4417,104618.4005
2023-11-30T08:00:00Z,14.4415,14.829,14.2662,14.3925,178073.3008
2023-11-30T16:00:00Z,14.392,14.4488,14.2641,14.4063,78871.4734
2023-12-01T00:00:00Z,14.409,14.7727,14.2754,14.7374,102830.038
2023-12-01T08:00:00Z,14.7337,14.9939,14.691,14.9356,109420.3253
2023-12-01T16:00:00Z,14.9376,15.0478,14.8612,14.9873,107881.2787
2023-12-02T00:00:00Z,14.985,15.8931,14.9187,15.7398,263333.87675586
2023-12-02T08:00:00Z,15.7429,15.8898,15.6019,15.8379,157094.47471507
2023-12-02T16:00:00Z,15.838,16.199,15.6887,15.9923,304439.33059737
2023-12-03T00:00:00Z,15.9934,16.2889,15.7985,16.2719,169759.9523
2023-12-03T08:00:00Z,16.2765,16.2826,15.7015,15.8323,187987.62439187
2023-12-03T16:00:00Z,15.8381,16.148,15.6656,15.7068,118111.55494531
2023-12-04T00:00:00Z,15.7048,16.3915,15.6089,16.0729,324424.0804
2023-12-04T08:00:00Z,16.0766,16.2336,15.0999,15.4559,494758.9094
2023-12-04T16:00:00Z,15.4545,15.8202,15.4325,15.8142,116010.6152
2023-12-05T00:00:00Z,15.8122,16.0271,15.2087,15.3234,178413.07785864
2023-12-05T08:00:00Z,15.3251,15.6618,15.1705,15.5356,215350.8379
2023-12-05T16:00:00Z,15.5363,16.089,15.4069,15.7201,351953.80782518
2023-12-06T00:00:00Z,15.723,16.1635,15.3365,15.6292,332007.9125
2023-12-06T08:00:00Z,15.6272,16.1,15.3331,15.55,320015.79078261
2023-12-06T16:00:00Z,15.5453,15.8045,15.235,15.2633,154818.34949757
2023-12-07T00:00:00Z,15.267,15.7275,15.2436,15.5721,106067.02396073
2023-12-07T08:00:00Z,15.5673,15.6176,14.6605,15.2383,462233.40802114
2023-12-07T16:00:00Z,15.2377,15.805,15.1553,15.6909,274403.70979311
2023-12-08T00:00:00Z,15.7132,16.0975,15.5496,15.9082,351193.5973
2023-12-08T08:00:00Z,15.9079,17.321,15.8875,16.6947,607718.7248056
2023-12-08T16:00:00Z,16.6946,17.001,16.5409,16.9266,199039.5328
2023-12-09T00:00:00Z,16.931,17.2672,16.6541,17.1893,317958.2223
2023-12-09T08:00:00Z,17.1854,17.3,16.3598,16.6301,424141.34575051
2023-12-09T16:00:00Z,16.6278,16.6695,16.0272,16.192,281831.03936569
2023-12-10T00:00:00Z,16.1949,16.4501,16.1862,16.3116,110983.6478
2023-12-10T08:00:00Z,16.3111,16.3573,15.78,16.1309,173653.394
2023-12-10T16:00:00Z,16.1315,16.48,15.9553,16.3694,203434.27960173
2023-12-11T00:00:00Z,16.3702,16.4652,13.639,14.8629,999648.97509958
2023-12-11T08:00:00Z,14.8655,15.2,14.6065,14.7916,341864.5014563
2023-12-11T16:00:00Z,14.7843,14.9,14.2116,14.7677,375459.10322193
2023-12-12T00:00:00Z,14.7642,15.1375,14.6849,15.0386,178175.581
2023-12-12T08:00:00Z,15.04,15.0819,14.5617,14.6428,216175.86149336
2023-12-12T16:00:00Z,14.6452,14.6452,14.163,14.5215,225612.081
2023-12-13T00:00:00Z,14.5347,14.5821,13.8618,14.206,291245.8471
2023-12-13T08:00:00Z,14.2074,14.6519,14.0752,14.5621,183328.20820113
2023-12-13T16:00:00Z,14.5681,14.9601,14.3568,14.7698,231663.66302824
2023-12-14T00:00:00Z,14.7706,14.9712,14.6261,14.8491,115988.0687
2023-12-14T08:00:00Z,14.8476,15.3509,14.2,14.8748,386765.1152
2023-12-14T16:00:00Z,14.8716,15.5779,14.8491,15.3647,345903.21217941
2023-12-15T00:00:00Z,15.3672,15.3937,14.8627,14.8887,158660.73099599
2023-12-15T08:00:00Z,14.8833,15.2102,14.643,14.7799,290401.70757862
2023-12-15T16:00:00Z,14.7718,14.875,14.2572,14.2845,181823.1534
2023-12-16T00:00:00Z,14.2655,14.596,14.0775,14.4413,88751.6498
2023-12-16T08:00:00Z,14.446,14.6594,14.4,14.6483,89403.3993
2023-12-16T16:00:00Z,14.6501,14.8,14.28,14.3222,107347.1914
2023-12-17T00:00:00Z,14.3304,14.3529,14.0068,14.036,74541.8487
2023-12-17T08:00:00Z,14.0268,14.2809,14.0124,14.2378,93607.7002
2023-12-17T16:00:00Z,14.2433,14.3705,13.9,14.0186,106631.58259552
2023-12-18T00:00:00Z,14.0186,14.1558,13.6322,13.8808,152203.1496
2023-12-18T08:00:00Z,13.8792,14.4309,13.77,13.9855,571356.77856232
2023-12-18T16:00:00Z,13.9912,14.6814,13.8623,14.6729,289763.0501
2023-12-19T00:00:00Z,14.6815,14.8056,14.5295,14.5958,144719.1126
2023-12-19T08:00:00Z,14.5961,14.6631,14.1141,14.2346,241152.217
2023-12-19T16:00:00Z,14.2345,14.3222,13.9235,14.0905,140026.9918
2023-12-20T00:00:00Z,14.0895,14.4467,13.9779,14.4304,140180.5832
2023-12-20T08:00:00Z,14.4315,14.8048,14.3187,14.7043,283001.8445
2023-12-20T16:00:00Z,14.7092,14.7273,14.0315,14.2492,215812.309
2023-12-21T00:00:00Z,14.2494,14.472,14.18,14.4358,124642.5444
2023-12-21T08:00:00Z,14.4377,15.1672,14.4377,14.9605,313612.03298801
2023-12-21T16:00:00Z,14.956,15.3103,14.8941,15.3086,244079.7765
2023-12-22T00:00:00Z,15.3107,15.73,15.1027,15.1741,294145.26273302
2023-12-22T08:00:00Z,15.1668,15.6814,15.0611,15.4792,227418.8456921
2023-12-22T16:00:00Z,15.4696,15.69,15.3037,15.48,117289.24399497
2023-12-23T00:00:00Z,15.4996,15.5295,14.9,15.0249,177493.2867
2023-12-23T08:00:00Z,15.0229,15.8656,14.9723,15.8198,198384.1339
2023-12-23T16:00:00Z,15.8284,15.9017,15.4264,15.6737,236014.0635
2023-12-24T00:00:00Z,15.683,15.9234,15.3028,15.5297,301273.1675
2023-12-24T08:00:00Z,15.5336,15.9097,15.4388,15.7835,150058.72568215
2023-12-24T16:00:00Z,15.7837,15.9481,15.1099,15.2692,230344.13410704
2023-12-25T00:00:00Z,15.2656,15.5587,15.1223,15.3867,80795.9322
2023-12-25T08:00:00Z,15.3938,15.64,15.1293,15.5354,127498.31936897
2023-12-25T16:00:00Z,15.5309,15.7365,15.1907,15.5823,201221.6002791
2023-12-26T00:00:00Z,15.5844,15.8975,15.0688,15.3027,224826.5751
2023-12-26T08:00:00Z,15.3003,15.4896,15.0288,15.0678,201766.1428663
2023-12-26T16:00:00Z,15.0707,15.186,14.2269,15.0929,270671.72363907
2023-12-27T00:00:00Z,15.0934,15.1014,14.6478,14.8942,97234.6283
2023-12-27T08:00:00Z,14.8934,16.3653,14.8791,16.1358,421505.86571907
2023-12-27T16:00:00Z,16.1418,16.7442,16.1205,16.7042,467875.8654
2023-12-28T00:00:00Z,16.7156,17.6544,16.6449,16.9346,724980.26785381
2023-12-28T08:00:00Z,16.9351,17.3222,16.0848,16.1612,555550.51849622
2023-12-28T16:00:00Z,16.1602,16.5207,15.96,16.0105,305902.381633
2023-12-29T00:00:00Z,16.0104,16.1129,15.5331,15.7231,285198.89769381
2023-12-29T08:00:00Z,15.7235,16.2186,15.4666,15.5899,271904.8691
2023-12-29T16:00:00Z,15.5957,15.6625,15.1193,15.5383,309374.4509
2023-12-30T00:00:00Z,15.536,15.6237,15.2087,15.3052,127950.795
2023-12-30T08:00:00Z,15.3006,15.4096,15.0101,15.3783,149482.6424
2023-12-30T16:00:00Z,15.3814,15.4869,15.0565,15.1628,92176.5739
2023-12-31T00:00:00Z,15.1631,15.3323,14.9231,15.2051,114306.7046
2023-12-31T08:00:00Z,15.2057,15.5222,15.18,15.29,185822.7121
2023-12-31T16:00:00Z,15.2876,15.4263,14.7569,14.9398,124584.929
2024-01-01T00:00:00Z,14.9432,15.2204,14.8043,15.2196,89993.7019
2024-01-01T08:00:00Z,15.2204,15.3438,15.1289,15.3036,77004.9469
2024-01-01T16:00:00Z,15.3062,15.5775,15.1796,15.5447,138592.6598
2024-01-02T00:00:00Z,15.547,15.9414,15.4947,15.8935,142837.3403
2024-01-02T08:00:00Z,15.8868,16.0612,15.2549,15.3603,182267.9522
2024-01-02T16:00:00Z,15.3649,15.423,15.0476,15.1601,138790.68791934
2024-01-03T00:00:00Z,15.1668,15.5754,15.1151,15.3182,95244.1374
2024-01-03T08:00:00Z,15.3126,15.5524,11.7094,14.1939,935271.08851496
2024-01-03T16:00:00Z,14.1946,14.3045,13.7415,14.15,224204.01210659
2024-01-04T00:00:00Z,14.1447,14.4963,13.975,14.2908,107499.9812
2024-01-04T08:00:00Z,14.2982,14.6893,14.1001,14.6727,141767.05367535
2024-01-04T16:00:00Z,14.6711,14.7785,14.4259,14.5207,148775.7306
2024-01-05T00:00:00Z,14.5354,14.6542,13.8387,14.4454,295018.0356
2024-01-05T08:00:00Z,14.4454,14.6497,13.8053,14.0292,316154.07112664
2024-01-05T16:00:00Z,14.0295,14.1111,13.7033,14.0912,190497.0249
2024-01-06T00:00:00Z,14.0903,14.0999,13.1815,13.3443,152122.0154
2024-01-06T08:00:00Z,13.3286,13.6459,13.2268,13.6182,114507.33002739
2024-01-06T16:00:00Z,13.6202,13.6874,13.2584,13.4368,71951.9453
2024-01-07T00:00:00Z,13.4328,13.7396,13.3934,13.6444,114865.4933
2024-01-07T08:00:00Z,13.6471,13.7052,13.3946,13.4753,90831.5777
2024-01-07T16:00:00Z,13.4736,13.6101,12.9846,13.1519,128089.9566
2024-01-08T00:00:00Z,13.152,13.5698,12.5237,13.4921,401364.03848619
2024-01-08T08:00:00Z,13.4906,13.85,13.2121,13.583,233649.2819
2024-01-08T16:00:00Z,13.5908,14.4,13.5148,14.1383,240314.63352376
2024-01-09T00:00:00Z,14.1424,14.253,13.8517,14.0525,118193.8566
2024-01-09T08:00:00Z,14.0469,14.1512,13.2292,13.555,340822.58758496
2024-01-09T16:00:00Z,13.5649,13.8499,13.3411,13.7181,251256.6708
2024-01-10T00:00:00Z,13.7185,13.9595,13.5632,13.6728,102348.5826
2024-01-10T08:00:00Z,13.6783,14.4594,13.5692,14.2617,437675.67982449
2024-01-10T16:00:00Z,14.2556,15.3654,13.977,15.0763,537286.48
2024-01-11T00:00:00Z,15.077,15.104,14.5962,14.8358,245797.9532
2024-01-11T08:00:00Z,14.8315,15.6921,14.7858,15.0377,414283.93436831
2024-01-11T16:00:00Z,15.0359,15.1802,14.6923,15.0143,168802.8728
2024-01-12T00:00:00Z,15.0339,15.0692,14.6959,14.7649,82153.4458
2024-01-12T08:00:00Z,14.7661,15.3064,14.644,14.781,180405.29216189
2024-01-12T16:00:00Z,14.7607,14.9344,13.5927,14.1546,315577.3833
2024-01-13T00:00:00Z,14.1552,14.2416,13.7875,14.1707,71983.31259124
2024-01-13T08:00:00Z,14.1672,14.35,14.0003,14.25,64835.5857
2024-01-13T16:00:00Z,14.2519,14.4304,14.1246,14.3472,69421.8031
2024-01-14T00:00:00Z,14.3454,15.2421,14.2674,14.88,207569.5258
2024-01-14T08:00:00Z,14.8831,15.33,14.8436,15.2172,210577.71577739
2024-01-14T16:00:00Z,15.2191,15.4229,14.75,14.7549,227077.1266
2024-01-15T00:00:00Z,14.7685,15.8648,14.7501,15.4366,286684.5533
2024-01-15T08:00:00Z,15.4468,16.0192,15.2219,15.3292,272473.79078871
2024-01-15T16:00:00Z,15.3074,15.6926,14.9908,15.1791,160517.26484263
2024-01-16T00:00:00Z,15.1892,15.3673,15.015,15.1023,81217.6942
2024-01-16T08:00:00Z,15.1059,15.249,14.7414,15.0628,128288.16353734
2024-01-16T16:00:00Z,15.0656,15.35,14.9644,15.2751,95802.9409
2024-01-17T00:00:00Z,15.2882,16,15.285,15.7664,258574.50218057
2024-01-17T08:00:00Z,15.7751,16.3942,15.6114,16.1066,381962.85472536
2024-01-17T16:00:00Z,16.1129,16.1648,15.4977,15.7644,228130.727
2024-01-18T00:00:00Z,15.767,15.772,15.2177,15.4522,136113.7813
2024-01-18T08:00:00Z,15.4501,15.5296,15.0723,15.1755,219972.4478
2024-01-18T16:00:00Z,15.1746,15.1746,14.1873,14.66,379315.83479118
2024-01-19T00:00:00Z,14.6603,15.052,14.4591,15.0469,152330.8395
2024-01-19T08:00:00Z,15.0412,15.6676,14.8918,15.1587,319140.70773887
2024-01-19T16:00:00Z,15.1545,16.412,14.6353,16.1164,374533.92848022
2024-01-20T00:00:00Z,16.1166,16.528,15.767,16.3944,353216.47039307
2024-01-20T08:00:00Z,16.4057,16.5706,15.7247,15.7398,295876.93186305
2024-01-20T16:00:00Z,15.7423,15.9192,15.644,15.7815,174338.77549141
2024-01-21T00:00:00Z,15.7692,15.7692,15.4836,15.6288,116087.27986007
2024-01-21T08:00:00Z,15.6265,15.9081,15.4439,15.4884,121077.04158162
2024-01-21T16:00:00Z,15.49,15.6093,15.35,15.399,100301.6265
2024-01-22T00:00:00Z,15.3891,15.9768,15.2237,15.6726,291893.22837444
2024-01-22T08:00:00Z,15.6736,15.7335,14.79,15.0846,296521.6184
2024-01-22T16:00:00Z,15.0856,15.1683,14.503,14.595,268338.21063906
2024-01-23T00:00:00Z,14.5923,14.8843,14.4934,14.5573,85209.20070045
2024-01-23T08:00:00Z,14.5617,14.62,13.5618,14.1254,338666.38499231
2024-01-23T16:00:00Z,14.1243,14.3248,13.7937,14.3,139857.47101682
2024-01-24T00:00:00Z,14.3,14.3716,14.0337,14.1457,94440.10537192
2024-01-24T08:00:00Z,14.1558,14.4368,13.9899,14.1484,131408.10650112
2024-01-24T16:00:00Z,14.1506,14.3279,13.9119,14.2375,151730.3341
2024-01-25T00:00:00Z,14.2405,14.2625,13.8524,14.0259,71822.5382
2024-01-25T08:00:00Z,14.0287,14.0639,13.5154,13.5924,147625.90139917
2024-01-25T16:00:00Z,13.5867,13.8828,13.51,13.7396,117040.8187
2024-01-26T00:00:00Z,13.7381,13.9184,13.639,13.7263,69613.4823
2024-01-26T08:00:00Z,13.7283,14.2164,13.726,14.205,192627.00648649
2024-01-26T16:00:00Z,14.2054,14.2976,14.0505,14.1872,148898.1461
2024-01-27T00:00:00Z,14.1857,14.349,14.1033,14.1314,57482.0332
2024-01-27T08:00:00Z,14.1279,14.3405,14.094,14.2907,43654.42150576
2024-01-27T16:00:00Z,14.2913,14.4,14.2335,14.3465,36702.0904
2024-01-28T00:00:00Z,14.342,14.6429,14.2648,14.4826,100099.48051688
2024-01-28T08:00:00Z,14.4795,14.6979,14.3065,14.41,99608.7951
2024-01-28T16:00:00Z,14.4053,14.5328,14.1978,14.481,92074.6257
2024-01-29T00:00:00Z,14.4812,14.8643,14.407,14.592,77567.9421
2024-01-29T08:00:00Z,14.5926,14.7182,14.2647,14.7103,68518.0089
2024-01-29T16:00:00Z,14.7072,15.0792,14.5851,15.0089,145284.35214415
2024-01-30T00:00:00Z,15.0074,15.1342,14.8988,15.006,71665.591
2024-01-30T08:00:00Z,15.0054,15.5974,14.95,15.5974,157173.1008
2024-01-30T16:00:00Z,15.5961,15.807,15.3749,15.4722,240132.51137731
2024-01-31T00:00:00Z,15.472,16.0569,15.3658,15.8182,203410.5238
2024-01-31T08:00:00Z,15.825,15.9438,15.2765,15.707,201577.88839301
2024-01-31T16:00:00Z,15.706,15.8627,15.0846,15.438,191347.30188429
2024-02-01T00:00:00Z,15.4294,15.8319,15.1497,15.7824,182095.41646005
2024-02-01T08:00:00Z,15.7666,16.9548,15.475,16.6912,455790.1569
2024-02-01T16:00:00Z,16.7011,17.3863,16.4652,17.1864,531846.21917871
2024-02-02T00:00:00Z,17.1913,18.2465,17.1333,18.1196,533273.40199489
2024-02-02T08:00:00Z,18.1148,18.8733,17.686,18.7403,586896.71515142
2024-02-02T16:00:00Z,18.7276,18.88,17.56,17.8289,456835.7701
2024-02-03T00:00:00Z,17.8302,17.951,17.5072,17.7241,185979.46833685
2024-02-03T08:00:00Z,17.7161,18.1471,17.7121,18.0872,214430.7288
2024-02-03T16:00:00Z,18.088,18.0886,17.55,17.6606,136715.6793
2024-02-04T00:00:00Z,17.6623,17.9965,17.5351,17.6315,113759.7641
2024-02-04T08:00:00Z,17.6382,18.3849,17.59,18.2112,207163.08755155
2024-02-04T16:00:00Z,18.2111,18.7092,18.1114,18.1583,317758.96402935
2024-02-05T00:00:00Z,18.1517,18.8888,17.8021,18.7125,314348.31896235
2024-02-05T08:00:00Z,18.7125,19.7898,18.5476,19.2775,669589.54285727
2024-02-05T16:00:00Z,19.2792,19.3739,18.752,19.1631,268410.81649955
2024-02-06T00:00:00Z,19.163,19.3372,18.81,19.0743,169292.2695
2024-02-06T08:00:00Z,19.0744,19.3158,18.4144,18.6419,288116.22653208
2024-02-06T16:00:00Z,18.6445,18.7871,18.2,18.29,216875.2495488
2024-02-07T00:00:00Z,18.2881,18.5419,18.0341,18.392,208718.67579891
2024-02-07T08:00:00Z,18.3934,18.6356,18.1714,18.4206,140424.5527
2024-02-07T16:00:00Z,18.4213,19.0758,18.36,18.8177,180807.17851814
2024-02-08T00:00:00Z,18.8183,19.2663,18.6635,19.1456,140316.41829841
2024-02-08T08:00:00Z,19.156,19.1564,18.3318,18.6589,206018.96858432
2024-02-08T16:00:00Z,18.6423,18.6941,17.962,18.215,148066.0138
2024-02-09T00:00:00Z,18.2126,18.5005,18.0188,18.3438,135058.7297
2024-02-09T08:00:00Z,18.3465,18.6206,18.144,18.373,267979.9673
2024-02-09T16:00:00Z,18.3767,18.6125,18.1946,18.4763,148465.84149931
2024-02-10T00:00:00Z,18.4765,18.7635,18.2559,18.339,102319.5984
2024-02-10T08:00:00Z,18.343,18.4467,17.9837,18.3652,94119.9059
2024-02-10T16:00:00Z,18.3686,19.1276,18.3096,19.086,141727.3089
2024-02-11T00:00:00Z,19.0787,20.4831,18.8516,20.3522,375846.19608086
2024-02-11T08:00:00Z,20.3481,20.6735,19.9362,20.2808,300670.6846
2024-02-11T16:00:00Z,20.2817,20.3876,20.0264,20.1403,187978.2637638
2024-02-12T00:00:00Z,20.1449,20.6483,19.7523,20.2206,282015.6352
2024-02-12T08:00:00Z,20.2176,20.8258,19.8821,20.2621,255413.59323499
2024-02-12T16:00:00Z,20.2729,20.8538,20.1324,20.4559,266982.62443648
2024-02-13T00:00:00Z,20.4649,20.5885,20.0304,20.1184,131057.26144631
2024-02-13T08:00:00Z,20.1133,20.2677,19.4788,19.8665,246331.28149793
2024-02-13T16:00:00Z,19.8751,19.9193,19.6059,19.8729,108865.24978719
2024-02-14T00:00:00Z,19.868,20.1868,19.7057,20.0812,82830.2022
2024-02-14T08:00:00Z,20.0915,20.4424,19.8379,20.0889,244200.78681154
2024-02-14T16:00:00Z,20.0979,20.3887,19.955,20.2443,87634.5438
2024-02-15T00:00:00Z,20.2427,20.5238,19.7946,19.9544,119778.1821
2024-02-15T08:00:00Z,19.9592,20.2959,19.7669,19.8301,168432.3333
2024-02-15T16:00:00Z,19.8722,20.3064,19.6371,19.9303,157702.50924541
2024-02-16T00:00:00Z,19.9334,20.3101,19.789,19.8552,74920.5044
2024-02-16T08:00:00Z,19.8548,20.1908,19.1189,19.4999,164971.1628
2024-02-16T16:00:00Z,19.4974,19.6942,19.2235,19.5508,112311.70120026
2024-02-17T00:00:00Z,19.5565,19.59,19.2614,19.5766,30660.308
2024-02-17T08:00:00Z,19.5729,19.8677,19.2134,19.6074,144027.067
2024-02-17T16:00:00Z,19.6116,20.2729,19.5647,20.0348,124243.86492485
2024-02-18T00:00:00Z,20.0304,20.1358,19.758,19.9881,78267.3217
2024-02-18T08:00:00Z,19.9827,20.1207,19.8616,19.9093,55275.8825
2024-02-18T16:00:00Z,19.9093,20.3818,19.8312,20.1181,127591.0503
2024-02-19T00:00:00Z,20.1216,20.245,19.9032,20.2134,100896.8937
2024-02-19T08:00:00Z,20.2135,20.2214,19.6334,19.7856,166560.202
2024-02-19T16:00:00Z,19.7833,20.1936,19.7746,19.8318,209269.0264
2024-02-20T00:00:00Z,19.8298,19.8826,19.4841,19.5908,102135.28449889
2024-02-20T08:00:00Z,19.591,19.7059,18.3647,18.9622,289374.4815
2024-02-20T16:00:00Z,18.9733,19.4901,18.6002,19.2796,166228.02734077
2024-02-21T00:00:00Z,19.2856,19.2894,18.6559,18.7332,112704.55700512
2024-02-21T08:00:00Z,18.7429,18.8513,18.1287,18.3932,175712.7631
2024-02-21T16:00:00Z,18.395,18.6112,17.9974,18.5958,136104.5967
2024-02-22T00:00:00Z,18.598,18.8077,18.1251,18.8072,87908.23061252
2024-02-22T08:00:00Z,18.8077,19.0122,18.1667,18.5089,150062.65013595
2024-02-22T16:00:00Z,18.5024,18.6228,18.0766,18.1203,109077.414
2024-02-23T00:00:00Z,18.1215,18.2846,17.8242,17.9369,95078.68388559
2024-02-23T08:00:00Z,17.9395,18.064,17.6833,17.8754,134148.31607302
2024-02-23T16:00:00Z,17.8693,18.24,17.5872,17.9365,154308.41839006
2024-02-24T00:00:00Z,17.9368,18.4637,17.7532,18.4403,76800.3402
2024-02-24T08:00:00Z,18.4459,18.4837,18.212,18.2332,58693.2708
2024-02-24T16:00:00Z,18.2328,18.5637,18.2318,18.5323,63831.558
2024-02-25T00:00:00Z,18.533,18.6797,18.3987,18.5574,51531.44266887
2024-02-25T08:00:00Z,18.5587,18.8241,18.372,18.6191,62126.7878
2024-02-25T16:00:00Z,18.6172,18.8625,18.5063,18.7212,52899.37967581
2024-02-26T00:00:00Z,18.7209,18.849,18.4416,18.4645,46281.9169
2024-02-26T08:00:00Z,18.4551,18.8999,18.1301,18.8593,170031.2226
2024-02-26T16:00:00Z,18.8616,19.2604,18.7946,19.0812,160805.91524006
2024-02-27T00:00:00Z,19.0796,19.335,18.936,18.9991,79996.4743
2024-02-27T08:00:00Z,18.9939,19.3596,18.7654,18.8414,114530.47875218
2024-02-27T16:00:00Z,18.8461,19.2327,18.6548,19.0244,115938.3865
2024-02-28T00:00:00Z,19.0204,19.1533,18.8144,19.1214,125995.17098584
2024-02-28T08:00:00Z,19.1332,20.8338,19.0273,19.7595,661838.8828848
2024-02-28T16:00:00Z,19.758,20.2771,17.8803,19.4308,723382.89846996
2024-02-29T00:00:00Z,19.4315,20.1422,19.2414,20.0701,256970.15118628
2024-02-29T08:00:00Z,20.068,20.4618,19.8715,20.1321,283018.2413
2024-02-29T16:00:00Z,20.1369,20.16,18.7986,19.2729,274400.5531
2024-03-01T00:00:00Z,19.2815,19.8378,19.2695,19.7132,102364.38758219
2024-03-01T08:00:00Z,19.7132,20.0556,19.5791,19.6848,111250.258
2024-03-01T16:00:00Z,19.6868,20.0959,19.6451,20.0571,113499.06765072
2024-03-02T00:00:00Z,20.0567,21.4406,19.9549,21.2104,337991.3454
2024-03-02T08:00:00Z,21.2168,21.3095,20.6375,21.1194,231836.7479
2024-03-02T16:00:00Z,21.125,21.6963,21.108,21.4024,162650.16098212
2024-03-03T00:00:00Z,21.3991,21.5369,19.3107,20.234,255188.8302
2024-03-03T08:00:00Z,20.2367,20.71,20.0112,20.5515,202748.897
2024-03-03T16:00:00Z,20.547,20.6955,20.4094,20.51,86434.4771
2024-03-04T00:00:00Z,20.5137,20.8943,20.1411,20.3758,163501.986
2024-03-04T08:00:00Z,20.3724,20.8,20.1034,20.4936,187436.6055
2024-03-04T16:00:00Z,20.4933,20.606,19.824,20.4098,233392.1462
2024-03-05T00:00:00Z,20.4177,21.0776,19.9272,20.4086,238843.7708
2024-03-05T08:00:00Z,20.4115,20.8883,20.2211,20.4803,236794.67858595
2024-03-05T16:00:00Z,20.4819,20.6091,16.3926,18.9913,928813.0364
2024-03-06T00:00:00Z,18.9714,19.5327,18.3912,19.5178,149937.2663
2024-03-06T08:00:00Z,19.5162,19.792,18.9921,19.3834,241579.53118976
2024-03-06T16:00:00Z,19.3801,20.1511,19.3515,20.0885,171311.9465
2024-03-07T00:00:00Z,20.0891,20.3984,19.5937,19.9486,148092.0083
2024-03-07T08:00:00Z,19.9432,20.1955,19.6757,20.0845,138917.6993
2024-03-07T16:00:00Z,20.089,20.2,19.9634,20.0891,119524.1567324
2024-03-08T00:00:00Z,20.0959,20.3849,19.7126,19.8093,139063.6048
2024-03-08T08:00:00Z,19.8116,20.1801,19.1,19.6828,290447.98304101
2024-03-08T16:00:00Z,19.6857,19.9698,19.2106,19.6979,277483.8048
2024-03-09T00:00:00Z,19.7035,20.1753,19.6671,19.9704,77908.2819
2024-03-09T08:00:00Z,19.9688,20.2749,19.659,20.1908,114642.6015
2024-03-09T16:00:00Z,20.1996,20.327,19.8117,19.9763,104993.18330026
2024-03-10T00:00:00Z,19.9743,20.0676,19.8326,20.0369,74516.1483
2024-03-10T08:00:00Z,20.036,20.0933,19.3792,19.5857,163562.72043649
2024-03-10T16:00:00Z,19.5839,21.9566,19.5347,21.6832,308448.1585
2024-03-11T00:00:00Z,21.6823,22.8749,20.7436,21.3292,597042.2471
2024-03-11T08:00:00Z,21.3368,21.608,21,21.1839,296714.5655
2024-03-11T16:00:00Z,21.181,21.4582,20.902,21.2877,196640.52682577
2024-03-12T00:00:00Z,21.2805,21.3373,20.4148,20.5744,226961.39866676
2024-03-12T08:00:00Z,20.5815,20.8175,20.0699,20.5305,269987.5311
2024-03-12T16:00:00Z,20.5365,20.7241,19.5012,20.7008,347780.6400992
2024-03-13T00:00:00Z,20.7013,20.9565,20.4744,20.7947,136245.3126
2024-03-13T08:00:00Z,20.792,20.9588,20.2003,20.3902,155399.4656
2024-03-13T16:00:00Z,20.3957,20.8111,20.2462,20.751,143981.935
2024-03-14T00:00:00Z,20.7533,20.8177,20.3117,20.4459,91365.5062
2024-03-14T08:00:00Z,20.4458,21.9482,20.4355,20.5702,659044.48453861
2024-03-14T16:00:00Z,20.5621,21.465,19.8623,20.8819,575537.88816794
2024-03-15T00:00:00Z,20.8837,21.005,18.7072,19.5832,543605.9398
2024-03-15T08:00:00Z,19.5848,19.6088,18.429,19.4001,500628.32798033
2024-03-15T16:00:00Z,19.3989,19.8616,18.98,19.6273,241778.83292535
2024-03-16T00:00:00Z,19.6357,19.8271,19.1215,19.6093,133296.9563
2024-03-16T08:00:00Z,19.6164,19.6474,18.6563,19.0166,176583.67864893
2024-03-16T16:00:00Z,19.0133,19.0133,17.8033,18.1082,283072.75811263
2024-03-17T00:00:00Z,18.1126,18.4164,17.3811,17.6697,192431.6424
2024-03-17T08:00:00Z,17.6714,18.604,17.5498,18.5262,216697.1424
2024-03-17T16:00:00Z,18.5258,18.828,18.4338,18.66,110452.64312774
2024-03-18T00:00:00Z,18.66,19.5066,18.2058,19.4683,245048.33741151
2024-03-18T08:00:00Z,19.4743,19.4885,18.2561,18.6,287769.77357875
2024-03-18T16:00:00Z,18.6,18.8591,18.0485,18.2939,197426.66858314
2024-03-19T00:00:00Z,18.2993,18.4607,16.7012,17.3362,356810.7775
2024-03-19T08:00:00Z,17.3406,17.8384,16.4401,17.7777,791018.66819873
2024-03-19T16:00:00Z,17.7797,17.9652,16.515,16.8258,190286.2919
2024-03-20T00:00:00Z,16.7983,17.4228,16.2597,17.3263,196323.13222156
2024-03-20T08:00:00Z,17.3261,17.6913,17.0715,17.3162,175622.2058
2024-03-20T16:00:00Z,17.32,18.4947,16.5984,18.4096,362062.8067
2024-03-21T00:00:00Z,18.4121,18.5427,17.8808,18.1391,118310.0041486
2024-03-21T08:00:00Z,18.1392,18.7718,18.089,18.4893,169787.52614622
2024-03-21T16:00:00Z,18.4903,18.915,18.0723,18.4532,305833.0144162
2024-03-22T00:00:00Z,18.4553,18.5796,17.9602,18.3878,116125.9938
2024-03-22T08:00:00Z,18.3874,18.464,17.3247,17.7313,265981.4293
2024-03-22T16:00:00Z,17.7363,18.3729,17.5388,18.3699,185380.20979873
2024-03-23T00:00:00Z,18.3692,18.4749,17.8945,18.3686,107534.6037
2024-03-23T08:00:00Z,18.3757,18.4669,18.2211,18.3269,135322.53077763
2024-03-23T16:00:00Z,18.3269,18.465,18.0265,18.054,86381.1609
2024-03-24T00:00:00Z,18.054,18.3483,17.9716,18.1427,50448.4376
2024-03-24T08:00:00Z,18.1434,18.4474,18.1272,18.28,62397.94778892
2024-03-24T16:00:00Z,18.2842,18.6376,18.0142,18.52,111847.1119
2024-03-25T00:00:00Z,18.5227,19.0144,18.3712,18.616,92528.55338624
2024-03-25T08:00:00Z,18.6149,19.3738,18.6115,19.3161,165324.0432
2024-03-25T16:00:00Z,19.3126,19.4905,19.187,19.3808,143959.7177
2024-03-26T00:00:00Z,19.3748,20.0882,19.3316,19.868,109868.0817
2024-03-26T08:00:00Z,19.868,20.7377,19.7905,20.1788,233975.3058
2024-03-26T16:00:00Z,20.1748,20.2667,19.6281,20,173758.0628
2024-03-27T00:00:00Z,20.0021,20.1823,19.5076,19.5807,52234.4908
2024-03-27T08:00:00Z,19.584,19.9666,19.0386,19.1381,119844.8083
2024-03-27T16:00:00Z,19.1381,19.5332,19.0052,19.2878,68284.833
2024-03-28T00:00:00Z,19.2922,19.5434,19.0416,19.533,26810.9862
2024-03-28T08:00:00Z,19.5333,19.8045,19.1681,19.3328,108006.11559971
2024-03-28T16:00:00Z,19.3387,19.3783,19.0613,19.1483,29217.0907
2024-03-29T00:00:00Z,19.1524,19.2105,18.7087,18.785,33435.6978
2024-03-29T08:00:00Z,18.7842,19.2858,18.7674,18.969,68343.8439
2024-03-29T16:00:00Z,18.9772,19.0623,18.751,18.9658,24666.0769
2024-03-30T00:00:00Z,18.9682,19.1533,18.7821,19.0561,36631.8688
2024-03-30T08:00:00Z,19.0561,19.2918,18.8907,19.125,35390.0727
2024-03-30T16:00:00Z,19.1252,19.2828,18.84,18.9254,52173.29607294
2024-03-31T00:00:00Z,18.9326,19.3523,18.8763,19.2497,25308.4504
2024-03-31T08:00:00Z,19.2502,19.271,19.0007,19.078,28348.4927
2024-03-31T16:00:00Z,19.0776,19.1696,18.9682,19.1676,28009.3171
2024-04-01T00:00:00Z,19.1701,19.2728,18.0747,18.6434,93578.6106
2024-04-01T08:00:00Z,18.6415,18.6415,17.9082,17.9476,79846.48277629
2024-04-01T16:00:00Z,17.9419,18.4325,17.8542,18.3672,60449.543
2024-04-02T00:00:00Z,18.3596,18.4816,17.3513,18.2951,114217.1725
2024-04-02T08:00:00Z,18.2932,18.3716,17.5859,17.6119,110389.20037077
2024-04-02T16:00:00Z,17.6242,18.1475,17.5332,17.9415,88065.5002
2024-04-03T00:00:00Z,17.9541,18.3365,17.4513,18.0247,62477.7363
2024-04-03T08:00:00Z,18.0248,18.2536,17.7708,17.89,52692.4641
2024-04-03T16:00:00Z,17.8909,18.0202,17.3761,17.6899,47439.842
2024-04-04T00:00:00Z,17.6845,18.0124,17.3937,17.8933,64735.429
2024-04-04T08:00:00Z,17.8949,18.1409,17.8236,18.0196,54042.3188
2024-04-04T16:00:00Z,18.0206,18.2589,17.5083,17.7926,90408.5299
2024-04-05T00:00:00Z,17.7944,17.7944,17.0775,17.2671,72853.439
2024-04-05T08:00:00Z,17.2675,17.4972,16.86,17.4939,75422.1695
2024-04-05T16:00:00Z,17.4938,17.5523,17.2664,17.319,27045.69900406
2024-04-06T00:00:00Z,17.3274,17.4942,17.2651,17.4688,17715.745
2024-04-06T08:00:00Z,17.4645,17.6642,17.3979,17.52,33413.0978
2024-04-06T16:00:00Z,17.5181,17.6759,17.4036,17.5638,31306.3289
2024-04-07T00:00:00Z,17.5598,17.8,17.5039,17.6035,29451.2146
2024-04-07T08:00:00Z,17.6036,17.8366,17.5979,17.6727,30983.1311
2024-04-07T16:00:00Z,17.6751,17.9672,17.5517,17.9097,55909.8458
2024-04-08T00:00:00Z,17.9125,17.9922,17.5431,17.9451,31951.8163
2024-04-08T08:00:00Z,17.9756,18.6732,17.9522,18.2808,193583.7366
2024-04-08T16:00:00Z,18.2785,18.3523,18.0001,18.1022,70561.2247
2024-04-09T00:00:00Z,18.1016,18.1776,17.6653,17.704,77681.3722
2024-04-09T08:00:00Z,17.7061,17.874,17.246,17.5164,101260.6919
2024-04-09T16:00:00Z,17.5158,17.6533,17.2811,17.363,38433.1436
2024-04-10T00:00:00Z,17.3562,17.5751,17.08,17.4416,45369.1728
2024-04-10T08:00:00Z,17.4424,17.5266,16.7726,17.1495,130528.7114
2024-04-10T16:00:00Z,17.1553,17.55,17.0526,17.4154,67364.1585
2024-04-11T00:00:00Z,17.4215,17.59,17.3243,17.5057,27259.8761
2024-04-11T08:00:00Z,17.507,17.6056,17.0073,17.2384,48454.0817
2024-04-11T16:00:00Z,17.2387,17.6212,17.0474,17.554,53966.399
2024-04-12T00:00:00Z,17.5509,17.8638,17.5379,17.6943,45509.7328
2024-04-12T08:00:00Z,17.6922,17.8273,17.0755,17.1,56436.4116
2024-04-12T16:00:00Z,17.1001,17.1681,12.9454,15.1566,721304.4181
2024-04-13T00:00:00Z,15.1512,15.395,14.6642,15.153,127938.6976
2024-04-13T08:00:00Z,15.1549,15.2928,14.8789,14.8909,106477.2636
2024-04-13T16:00:00Z,14.8901,14.9416,11.499,13.2853,958441.78149915
2024-04-14T00:00:00Z,13.2855,13.9243,12.7183,13.9189,234875.558
2024-04-14T08:00:00Z,13.9193,14,13.3198,13.5578,185885.16995757
2024-04-14T16:00:00Z,13.5715,14.2556,13.13,14.1011,177947.6545
2024-04-15T00:00:00Z,14.1011,14.6048,13.6998,14.4188,136531.0701
2024-04-15T08:00:00Z,14.4122,14.6655,13.8175,14.1146,131812.7601
2024-04-15T16:00:00Z,14.1214,14.1937,13.2251,13.5807,151273.3526
2024-04-16T00:00:00Z,13.5855,13.814,12.9638,13.6914,92823.0521
2024-04-16T08:00:00Z,13.6919,13.6931,12.902,12.9397,74004.8121
2024-04-16T16:00:00Z,12.9361,13.6087,12.8204,13.4648,57665.2116
2024-04-17T00:00:00Z,13.4628,13.5711,13.3048,13.4639,28248.4812
2024-04-17T08:00:00Z,13.4636,13.6051,12.8135,12.8772,107925.2497
2024-04-17T16:00:00Z,12.8816,13.4723,12.716,13.1356,85935.0905
2024-04-18T00:00:00Z,13.1335,13.3752,12.8667,12.9648,59385.8649
2024-04-18T08:00:00Z,12.9688,13.6443,12.8162,13.5923,56560.4419
2024-04-18T16:00:00Z,13.5945,13.982,13.4046,13.8828,50285.5279
2024-04-19T00:00:00Z,13.8907,14.0003,12.7448,13.6371,177013.7835
2024-04-19T08:00:00Z,13.6402,14.1209,13.6284,14.0032,142147.5238
2024-04-19T16:00:00Z,13.9938,14.105,13.7008,13.9264,63961.2491
2024-04-20T00:00:00Z,13.9427,14.1576,13.7448,14.0414,49485.852
2024-04-20T08:00:00Z,14.0476,14.6056,13.9327,14.6023,56260.3204
2024-04-20T16:00:00Z,14.601,15.0346,14.5018,14.9605,61959.5601
2024-04-21T00:00:00Z,14.9581,15.0773,14.7052,14.9022,33471.3421
2024-04-21T08:00:00Z,14.9013,14.9589,14.7004,14.8251,34150.8868
2024-04-21T16:00:00Z,14.8289,15.1811,14.5345,15.0975,82332.7283
2024-04-22T00:00:00Z,15.1017,16.0352,15.0096,15.5956,181728.0857
2024-04-22T08:00:00Z,15.5949,15.6298,15.1479,15.3461,95147.487
2024-04-22T16:00:00Z,15.3411,15.6405,15.1929,15.4435,70001.8792
2024-04-23T00:00:00Z,15.4442,15.5736,15.236,15.3562,52858.8571
2024-04-23T08:00:00Z,15.3601,15.476,15.2128,15.2351,46287.7054
2024-04-23T16:00:00Z,15.245,15.3769,15.1035,15.1929,64329.5291
2024-04-24T00:00:00Z,15.1793,15.5103,15.0958,15.3939,34952.2392
2024-04-24T08:00:00Z,15.3912,15.6375,14.6911,14.7242,85850.1831
2024-04-24T16:00:00Z,14.7208,15.0234,14.3621,14.5321,91475.3288
2024-04-25T00:00:00Z,14.5349,14.8967,14.3677,14.77,47064.0674
2024-04-25T08:00:00Z,14.7695,14.8673,14.3618,14.7304,98620.8509
2024-04-25T16:00:00Z,14.7375,14.8553,14.5445,14.5936,52486.0779
2024-04-26T00:00:00Z,14.5917,14.9269,14.3484,14.82,42956.0417
2024-04-26T08:00:00Z,14.8184,14.9327,14.3792,14.6778,57679.7881
2024-04-26T16:00:00Z,14.6776,14.8014,14.4303,14.4839,33127.0083
2024-04-27T00:00:00Z,14.4933,14.5272,13.9531,14.1219,103624.5951
2024-04-27T08:00:00Z,14.121,14.2196,13.9251,13.9496,37796.0176
2024-04-27T16:00:00Z,13.9547,14.398,13.8686,14.2578,59516.694
2024-04-28T00:00:00Z,14.2621,14.441,14.2185,14.332,43412.8249
2024-04-28T08:00:00Z,14.3335,14.3505,14.0092,14.1082,33482.8067
2024-04-28T16:00:00Z,14.1082,14.2175,13.7312,13.8053,242769.2152
2024-04-29T00:00:00Z,13.808,14.0793,13.75,13.8694,53792.4217
2024-04-29T08:00:00Z,13.8698,14.0255,13.7185,13.9587,55388.9559
2024-04-29T16:00:00Z,13.975,14.1826,13.8304,14.0746,44632.9214
2024-04-30T00:00:00Z,14.0775,14.2079,13.78,13.9045,55565.913
2024-04-30T08:00:00Z,13.9025,13.942,12.9858,13.0959,113125.8916
2024-04-30T16:00:00Z,13.0842,13.2723,12.7693,13.1326,81319.7983
2024-05-01T00:00:00Z,13.1292,13.2637,12.6176,12.7187,94783.9922
2024-05-01T08:00:00Z,12.7157,13.0591,12.4159,12.7814,143090.6038
2024-05-01T16:00:00Z,12.7826,13.4999,12.6687,13.3441,110209.8763
2024-05-02T00:00:00Z,13.3474,13.3801,12.9295,13.2752,43195.1907
2024-05-02T08:00:00Z,13.2756,13.7017,13.2563,13.6202,88716.2251
2024-05-02T16:00:00Z,13.6228,13.7773,13.4952,13.5868,48758.5341
2024-05-03T00:00:00Z,13.5907,13.7939,13.4816,13.5063,54194.0874
2024-05-03T08:00:00Z,13.5034,13.98,13.4626,13.9387,76399.1754
2024-05-03T16:00:00Z,13.9452,14.1987,13.87,14.0842,55254.4821
2024-05-04T00:00:00Z,14.0925,14.1866,13.9697,14.1351,61513.2718
2024-05-04T08:00:00Z,14.1341,14.4304,14.1203,14.2676,66001.44249653
2024-05-04T16:00:00Z,14.2689,14.48,14.251,14.315,24945.0105
2024-05-05T00:00:00Z,14.3169,14.3669,14.1106,14.2317,33634.78711204
2024-05-05T08:00:00Z,14.2325,14.5363,14.2149,14.5175,30791.7953
2024-05-05T16:00:00Z,14.5146,14.6594,14.3004,14.3692,33613.34169654
2024-05-06T00:00:00Z,14.3728,14.75,14.2775,14.7412,27916.7017
2024-05-06T08:00:00Z,14.7418,15.1635,14.471,14.689,131288.07281569
2024-05-06T16:00:00Z,14.6875,14.765,14.48,14.4854,43176.0145
2024-05-07T00:00:00Z,14.4863,14.6609,14.1867,14.2749,61239.47309101
2024-05-07T08:00:00Z,14.2707,14.7206,14.2519,14.4977,56667.69821503
2024-05-07T16:00:00Z,14.4955,14.5413,13.9648,13.9977,40141.3372
2024-05-08T00:00:00Z,13.9896,14.1036,13.7733,13.7995,32518.1262
2024-05-08T08:00:00Z,13.8071,14.1058,13.6878,13.9989,54502.3204
2024-05-08T16:00:00Z,14.0056,14.116,13.6966,13.9001,56110.1724
2024-05-09T00:00:00Z,13.8987,14.1411,13.8925,14.0661,40532.3659
2024-05-09T08:00:00Z,14.0677,14.2071,13.842,14.0512,64701.7845
2024-05-09T16:00:00Z,14.0529,14.3642,14.0107,14.2367,39436.6924
2024-05-10T00:00:00Z,14.2364,14.3692,14.169,14.3343,29778.9069
2024-05-10T08:00:00Z,14.3317,14.361,13.7286,13.8328,52802.1391
2024-05-10T16:00:00Z,13.8231,13.8398,13.4928,13.5645,50401.7775
2024-05-11T00:00:00Z,13.5642,13.812,13.5533,13.6329,6427.4965
2024-05-11T08:00:00Z,13.632,13.6384,13.418,13.4866,23732.8578
2024-05-11T16:00:00Z,13.4936,13.5537,13.2807,13.3064,27485.1157
2024-05-12T00:00:00Z,13.3072,13.4471,13.2827,13.3096,19675.7018
2024-05-12T08:00:00Z,13.3096,13.5655,13.2857,13.5278,18613.3903
2024-05-12T16:00:00Z,13.5306,13.5931,13.4344,13.5582,18341.2717
2024-05-13T00:00:00Z,13.5591,13.6353,13.0794,13.486,49733.14789954
2024-05-13T08:00:00Z,13.4856,13.6784,13.36,13.4992,55617.1068
2024-05-13T16:00:00Z,13.4977,13.6725,13.2808,13.3826,27370.8999
2024-05-14T00:00:00Z,13.3909,13.5641,13.099,13.5327,42599.2288
2024-05-14T08:00:00Z,13.5334,13.5971,13.1084,13.2662,48003.9259
2024-05-14T16:00:00Z,13.267,13.267,12.9214,12.9839,29169.0874
2024-05-15T00:00:00Z,12.9833,13.1162,12.8457,13.099,21813.0384
2024-05-15T08:00:00Z,13.0986,13.6906,12.9721,13.6189,75783.3991
2024-05-15T16:00:00Z,13.6197,13.9379,13.5788,13.8701,47087.65097249
2024-05-16T00:00:00Z,13.8677,14.0618,13.802,13.9715,49572.317
2024-05-16T08:00:00Z,13.9698,14.0229,13.5399,13.7703,79530.5796
2024-05-16T16:00:00Z,13.7724,15.8583,13.7224,15.5196,394383.87549758
2024-05-17T00:00:00Z,15.5222,16.36,15.4793,16.3111,275422.64918329
2024-05-17T08:00:00Z,16.3128,16.769,15.943,16.0963,450228.39296647
2024-05-17T16:00:00Z,16.0964,16.5021,15.9846,16.2419,130014.9292
2024-05-18T00:00:00Z,16.2335,16.4,16.0517,16.2945,106538.4355
2024-05-18T08:00:00Z,16.2878,16.5652,16.0748,16.456,150399.2621
2024-05-18T16:00:00Z,16.4577,16.4604,16.1683,16.322,64515.6353
2024-05-19T00:00:00Z,16.329,16.7424,16.3066,16.6745,110372.01234567
2024-05-19T08:00:00Z,16.6709,16.995,16.2952,16.964,193875.4778
2024-05-19T16:00:00Z,16.9703,17.1107,16.3244,16.5612,161713.0078
2024-05-20T00:00:00Z,16.562,17.21,16.4001,16.6974,186855.468
2024-05-20T08:00:00Z,16.6979,16.832,16.3754,16.4908,116126.98415241
2024-05-20T16:00:00Z,16.489,17.46,16.3628,17.2676,263958.9481
2024-05-21T00:00:00Z,17.2652,17.4456,16.8215,16.9577,110518.497
2024-05-21T08:00:00Z,16.9602,17.112,16.5531,16.595,231912.48896223
2024-05-21T16:00:00Z,16.6009,16.8696,16.513,16.7461,96024.59626689
2024-05-22T00:00:00Z,16.7426,16.9361,16.4777,16.707,65684.7988
2024-05-22T08:00:00Z,16.6974,16.9199,16.1748,16.5536,100638.32238909
2024-05-22T16:00:00Z,16.5551,16.7357,16.1472,16.3579,72715.1396
2024-05-23T00:00:00Z,16.3571,16.6882,16.2887,16.6634,64515.01363506
2024-05-23T08:00:00Z,16.6706,16.8058,15.6599,16.1202,213216.6937
2024-05-23T16:00:00Z,16.1203,16.6815,15.4488,16.5993,165774.752
2024-05-24T00:00:00Z,16.5946,17.6,16.5637,16.8864,182356.7665
2024-05-24T08:00:00Z,16.8896,17.7777,16.7397,17.217,213599.85747665
2024-05-24T16:00:00Z,17.2075,17.5321,17.0003,17.2519,75685.47769702
2024-05-25T00:00:00Z,17.2513,17.2557,17.026,17.0982,45146.6061
2024-05-25T08:00:00Z,17.0982,17.2476,16.9129,17.1834,83750.245
2024-05-25T16:00:00Z,17.183,17.4674,17.183,17.4379,34287.41615151
2024-05-26T00:00:00Z,17.4417,17.91,17.355,17.6205,92130.53093584
2024-05-26T08:00:00Z,17.6179,17.6358,17.0665,17.1337,53104.30479994
2024-05-26T16:00:00Z,17.1334,17.2118,17,17.0413,39272.7678
2024-05-27T00:00:00Z,17.0428,17.2359,16.88,17.0863,57947.8789
2024-05-27T08:00:00Z,17.0874,18.038,17.0501,18.0203,87830.76789681
2024-05-27T16:00:00Z,18.0189,18.866,18.0189,18.7861,207330.4336
2024-05-28T00:00:00Z,18.7907,18.84,17.978,18.0523,125463.29179982
2024-05-28T08:00:00Z,18.0456,18.3301,17.8746,18.1687,89018.53649696
2024-05-28T16:00:00Z,18.1798,18.595,17.9831,18.538,94660.77039379
2024-05-29T00:00:00Z,18.5399,18.5924,18.2566,18.29,52234.6175
2024-05-29T08:00:00Z,18.2944,19.2208,18.0403,18.8832,170093.7835
2024-05-29T16:00:00Z,18.8871,19.01,18.4553,18.4553,61030.83513489
2024-05-30T00:00:00Z,18.4553,19.2047,18.2,18.3451,98249.7264
2024-05-30T08:00:00Z,18.3348,18.4909,18.0586,18.2992,92967.1228
2024-05-30T16:00:00Z,18.2955,18.4212,17.7819,17.9448,73517.53297572
2024-05-31T00:00:00Z,17.9438,18.083,17.7148,17.863,45747.65977383
2024-05-31T08:00:00Z,17.8766,18.2274,17.5393,17.5617,64132.8202
2024-05-31T16:00:00Z,17.5645,18.7438,17.4624,18.4152,100669.5444
2024-06-01T00:00:00Z,18.415,18.6364,18.2681,18.5072,32778.1134
2024-06-01T08:00:00Z,18.5133,18.6791,18.3867,18.5975,37313.00539964
2024-06-01T16:00:00Z,18.601,18.6639,18.3781,18.4406,29421.7369
2024-06-02T00:00:00Z,18.4386,18.5611,18.3556,18.4139,29467.9602
2024-06-02T08:00:00Z,18.4131,18.5319,18.1928,18.3473,55150.8033
2024-06-02T16:00:00Z,18.3485,18.3658,18.0709,18.1438,35421.4427
2024-06-03T00:00:00Z,18.145,18.3595,17.9169,18.1323,54883.3428
2024-06-03T08:00:00Z,18.1363,18.26,17.8053,17.9452,74409.0111
2024-06-03T16:00:00Z,17.9494,17.9551,17.5201,17.6278,70672.0869
2024-06-04T00:00:00Z,17.6278,17.6774,17.5132,17.6472,34055.6264
2024-06-04T08:00:00Z,17.6575,17.8424,17.478,17.7904,48186.9192
2024-06-04T16:00:00Z,17.7885,17.8501,17.5544,17.7237,30271.8032
2024-06-05T00:00:00Z,17.7184,18.0759,17.6614,17.9718,53378.6001
2024-06-05T08:00:00Z,17.9615,17.9636,17.6153,17.7387,53066.8221
2024-06-05T16:00:00Z,17.7362,17.9577,17.6673,17.7462,40086.73479816
2024-06-06T00:00:00Z,17.7446,17.7796,17.31,17.4791,63747.905
2024-06-06T08:00:00Z,17.4752,17.5462,17.2692,17.4592,53857.0038
2024-06-06T16:00:00Z,17.4636,17.5046,17.1054,17.253,62090.8379
2024-06-07T00:00:00Z,17.2522,17.5767,17.235,17.4978,38034.8035
2024-06-07T08:00:00Z,17.4977,17.7199,17.2678,17.5905,76072.3797
2024-06-07T16:00:00Z,17.588,17.6167,15.2329,16.3172,346146.09053171
2024-06-08T00:00:00Z,16.3189,16.4188,16.2041,16.3267,31442.0098
2024-06-08T08:00:00Z,16.3267,16.3267,15.6927,15.9251,61436.6640172
2024-06-08T16:00:00Z,15.9231,15.9742,15.6837,15.9279,28089.0044
2024-06-09T00:00:00Z,15.9247,16.0774,15.9098,16.0192,21117.585
2024-06-09T08:00:00Z,16.0204,16.1172,15.949,16,26634.5587
2024-06-09T16:00:00Z,15.9968,16.38,15.9917,16.3694,23627.74335357
2024-06-10T00:00:00Z,16.373,16.3842,15.8013,15.823,39834.4294
2024-06-10T08:00:00Z,15.8159,16.2533,15.7655,16.1696,39997.2188
2024-06-10T16:00:00Z,16.1881,16.199,15.7787,15.9066,28329.6064
2024-06-11T00:00:00Z,15.9057,15.9111,15.3601,15.5024,125582.0842
2024-06-11T08:00:00Z,15.5053,15.613,14.7933,14.8775,123258.2713
2024-06-11T16:00:00Z,14.8691,15.0931,14.6598,14.9905,70824.8813
2024-06-12T00:00:00Z,14.9814,15.2971,14.7277,15.2758,51647.76652741
2024-06-12T08:00:00Z,15.278,16.1369,15.1825,16.0717,158147.6239
2024-06-12T16:00:00Z,16.073,16.2344,15.61,16.0128,93321.5675
2024-06-13T00:00:00Z,16.01,16.0499,15.3556,15.5212,51783.2341
2024-06-13T08:00:00Z,15.5221,15.6097,15.0704,15.0989,71519.8847
2024-06-13T16:00:00Z,15.0958,15.4758,15.0521,15.1458,43023.94617694
2024-06-14T00:00:00Z,15.1386,15.4514,15.105,15.3388,25564.9385
2024-06-14T08:00:00Z,15.3388,15.4593,15.1518,15.19,41356.9783
2024-06-14T16:00:00Z,15.1957,15.2104,14.4688,14.7527,145874.37648551
2024-06-15T00:00:00Z,14.743,15.1095,14.7017,15.0132,50994.3866
2024-06-15T08:00:00Z,15.0156,15.0663,14.86,14.9905,34702.6206
2024-06-15T16:00:00Z,14.9898,15.0279,14.7909,14.8591,27195.33429441
2024-06-16T00:00:00Z,14.86,14.8773,14.5708,14.8458,24684.7977
2024-06-16T08:00:00Z,14.8492,15.1968,14.7808,15.154,39428.66588219
2024-06-16T16:00:00Z,15.153,15.2235,15.0418,15.1433,18461.7379
2024-06-17T00:00:00Z,15.1432,15.2124,14.5968,14.772,45006.8177
2024-06-17T08:00:00Z,14.7771,14.8161,14.1342,14.2866,100572.6603
2024-06-17T16:00:00Z,14.2913,14.8372,14.0065,14.5205,88900.7802
2024-06-18T00:00:00Z,14.5216,14.6195,12.8804,13.7332,273769.0669
2024-06-18T08:00:00Z,13.7293,13.8259,13.1559,13.5725,104130.2176
2024-06-18T16:00:00Z,13.5706,13.9894,13.2701,13.9824,78187.4346
2024-06-19T00:00:00Z,13.9818,14.4051,13.9152,14.4026,83241.1883
2024-06-19T08:00:00Z,14.4016,14.4243,14.0791,14.1867,51476.4209
2024-06-19T16:00:00Z,14.1949,14.5036,14.16,14.3555,57229.8268
2024-06-20T00:00:00Z,14.3461,14.7513,14.2818,14.7202,62179.53544877
2024-06-20T08:00:00Z,14.7363,14.8592,14.2803,14.3407,58602.0365
2024-06-20T16:00:00Z,14.3366,14.5416,14.1902,14.2524,46214.6269
2024-06-21T00:00:00Z,14.2581,14.4543,14.1067,14.3241,48967.1903
2024-06-21T08:00:00Z,14.3108,14.592,14.0518,14.3005,83665.0376
2024-06-21T16:00:00Z,14.3134,14.3514,13.8469,13.8477,48740.4035
2024-06-22T00:00:00Z,13.852,13.909,13.7311,13.758,35601.4125
2024-06-22T08:00:00Z,13.7571,13.8538,13.5772,13.7487,53446.0359
2024-06-22T16:00:00Z,13.7425,13.772,13.4698,13.4798,33149.26885168
2024-06-23T00:00:00Z,13.4819,13.6854,13.4819,13.6517,21551.3429
2024-06-23T08:00:00Z,13.6537,13.6695,13.3853,13.4571,26099.6505
2024-06-23T16:00:00Z,13.4603,13.4629,13.1509,13.194,52091.3005
2024-06-24T00:00:00Z,13.1947,13.2757,12.9379,13.0267,51229.8649
2024-06-24T08:00:00Z,13.0295,13.6854,12.6342,13.1753,138064.4024
2024-06-24T16:00:00Z,13.1752,13.6393,13.0145,13.6188,128756.9092
2024-06-25T00:00:00Z,13.6145,14.1351,13.5743,13.8831,86949.1266
2024-06-25T08:00:00Z,13.8874,14.1564,13.8267,14.0998,53394.6236
2024-06-25T16:00:00Z,14.0972,14.2879,14.0298,14.1984,33310.7975
2024-06-26T00:00:00Z,14.1966,14.2912,14.0967,14.231,26947.7368
2024-06-26T08:00:00Z,14.235,14.2537,13.8634,13.95,35525.5643601
2024-06-26T16:00:00Z,13.9495,14.1121,13.8556,13.9101,23055.1973
2024-06-27T00:00:00Z,13.918,13.9292,13.5891,13.6635,26579.2748
2024-06-27T08:00:00Z,13.6671,14.2443,13.6671,14.0907,58941.472
2024-06-27T16:00:00Z,14.0876,14.56,14.0307,14.424,113214.3838
2024-06-28T00:00:00Z,14.4299,14.5192,14.1419,14.2105,33104.3939
2024-06-28T08:00:00Z,14.2057,14.6016,14.1501,14.3729,84974.5264
2024-06-28T16:00:00Z,14.3709,14.4222,13.7642,13.7784,85526.53937201
2024-06-29T00:00:00Z,13.779,14.165,13.752,13.965,43944.5146
2024-06-29T08:00:00Z,13.9649,13.969,13.5885,13.6821,44085.0354
2024-06-29T16:00:00Z,13.6836,13.713,13.4845,13.5413,37092.4
2024-06-30T00:00:00Z,13.5444,13.72,13.4527,13.6693,22652.7078
2024-06-30T08:00:00Z,13.6809,13.7503,13.5225,13.6972,39359.7117
2024-06-30T16:00:00Z,13.7,14.3489,13.6289,14.2826,57300.5133
2024-07-01T00:00:00Z,14.2799,14.433,14.2434,14.3826,52876.8205
2024-07-01T08:00:00Z,14.3899,14.4803,14.2213,14.3886,46592.2657
2024-07-01T16:00:00Z,14.387,14.5764,14.3103,14.3368,47839.8937
2024-07-02T00:00:00Z,14.3394,14.6965,14.251,14.5552,67349.5049
2024-07-02T08:00:00Z,14.555,14.7517,14.3513,14.4894,50230.89
2024-07-02T16:00:00Z,14.495,14.593,14.3819,14.4162,36570.098
2024-07-03T00:00:00Z,14.4157,14.6007,14.084,14.4001,85157.0967
2024-07-03T08:00:00Z,14.3952,14.5822,14.0648,14.3909,88233.5588
2024-07-03T16:00:00Z,14.3895,14.481,13.5465,13.589,95860.4892
2024-07-04T00:00:00Z,13.5926,13.7346,12.9866,13.1497,115742.9788
2024-07-04T08:00:00Z,13.1495,13.2915,12.6142,13.0794,147762.4548
2024-07-04T16:00:00Z,13.0832,13.1449,12.5122,12.5255,86276.6989
2024-07-05T00:00:00Z,12.5398,12.5459,11.0485,11.5013,369396.04
2024-07-05T08:00:00Z,11.5096,12.4079,11.1372,12.316,113613.5981
2024-07-05T16:00:00Z,12.3258,12.4577,12.17,12.2967,55552.34501727
2024-07-06T00:00:00Z,12.3121,12.609,12.1887,12.4968,32476.7314
2024-07-06T08:00:00Z,12.4929,12.78,12.3302,12.6921,53921.322
2024-07-06T16:00:00Z,12.6951,13.2815,12.6696,13.1774,38869.1215
2024-07-07T00:00:00Z,13.1814,13.1892,12.6627,12.778,30006.26828532
2024-07-07T08:00:00Z,12.7754,12.9653,12.4229,12.5277,35185.2489
2024-07-07T16:00:00Z,12.5265,12.7707,12.2874,12.3449,39325.0672
2024-07-08T00:00:00Z,12.3538,12.7453,11.7783,12.6023,72832.7169
2024-07-08T08:00:00Z,12.6002,13.5258,12.5757,12.8147,105951.3298
2024-07-08T16:00:00Z,12.8219,13.2508,12.7161,13.1251,96673.0213
2024-07-09T00:00:00Z,13.1214,13.3168,12.9233,12.9456,40726.9808
2024-07-09T08:00:00Z,12.946,13.2514,12.7425,12.8802,79608.0869
2024-07-09T16:00:00Z,12.8734,12.9849,12.7308,12.8335,45744.0323
2024-07-10T00:00:00Z,12.8419,13.17,12.6905,12.9787,71880.1051
2024-07-10T08:00:00Z,12.9795,12.9879,12.7322,12.9045,35547.439
2024-07-10T16:00:00Z,12.9006,13.0269,12.7067,12.7929,19468.6951
2024-07-11T00:00:00Z,12.791,12.931,12.5421,12.8283,24562.8858
2024-07-11T08:00:00Z,12.827,13.1647,12.6515,12.7145,121217.8008
2024-07-11T16:00:00Z,12.7124,12.8593,12.2902,12.3444,90481.5868
2024-07-12T00:00:00Z,12.343,12.5705,12.2304,12.4451,55644.5253
2024-07-12T08:00:00Z,12.4474,12.7263,12.2793,12.6756,45325.709
2024-07-12T16:00:00Z,12.6758,12.8268,12.5511,12.7404,67747.2678
2024-07-13T00:00:00Z,12.7427,13.022,12.702,13.0171,28061.5585
2024-07-13T08:00:00Z,13.0233,13.0967,12.9082,13.0468,42201.0678
2024-07-13T16:00:00Z,13.0468,13.1344,12.8786,13.018,51086.4019
2024-07-14T00:00:00Z,13.0162,13.1572,12.8942,13.0937,51278.0722
2024-07-14T08:00:00Z,13.0954,13.277,12.9862,13.2687,50172.9309
2024-07-14T16:00:00Z,13.2642,13.5217,13.2004,13.4461,35661.9874
2024-07-15T00:00:00Z,13.4469,13.8831,13.4053,13.8302,73648.226
2024-07-15T08:00:00Z,13.8302,13.977,13.7297,13.8811,58255.0131
2024-07-15T16:00:00Z,13.8768,14.5084,13.8325,14.3932,111812.3536
2024-07-16T00:00:00Z,14.392,14.5039,13.9159,13.954,55080.0715
2024-07-16T08:00:00Z,13.9562,14.4955,13.8118,14.4388,58849.329
2024-07-16T16:00:00Z,14.4386,14.6226,14.0965,14.202,57703.6775
2024-07-17T00:00:00Z,14.209,14.5005,14.1913,14.3672,34795.9902
2024-07-17T08:00:00Z,14.3704,14.4815,14.1209,14.1336,51136.9861
2024-07-17T16:00:00Z,14.1275,14.1547,13.7315,13.7381,73649.185
2024-07-18T00:00:00Z,13.7368,14.0065,13.7142,13.8293,29329.8048
2024-07-18T08:00:00Z,13.8392,13.9576,13.5268,13.535,47144.5123
2024-07-18T16:00:00Z,13.5328,13.6897,13.4192,13.5915,32341.7749
2024-07-19T00:00:00Z,13.5961,13.7431,13.3438,13.5704,37606.82918607
2024-07-19T08:00:00Z,13.5669,13.8974,13.3714,13.8775,54335.4119
2024-07-19T16:00:00Z,13.8831,14.1412,13.8831,14.0788,52011.75039974
2024-07-20T00:00:00Z,14.0786,14.2218,13.8619,14.1027,25310.51226577
2024-07-20T08:00:00Z,14.1059,14.1466,13.848,14.0923,27090.4221
2024-07-20T16:00:00Z,14.0923,14.3445,14.0358,14.2463,45138.4484
2024-07-21T00:00:00Z,14.2464,14.3348,13.9456,13.9744,18554.6316
2024-07-21T08:00:00Z,13.9728,14.712,13.9728,14.4478,90845.8573
2024-07-21T16:00:00Z,14.4493,15.0105,13.9832,14.8157,138621.738
2024-07-22T00:00:00Z,14.8182,14.8767,14.2121,14.2793,50819.6568
2024-07-22T08:00:00Z,14.2902,14.3923,14.0413,14.1459,68557.894
2024-07-22T16:00:00Z,14.1547,14.2263,13.7788,13.9372,42689.4984
2024-07-23T00:00:00Z,13.9356,14.1659,13.6805,13.8701,46545.0623
2024-07-23T08:00:00Z,13.8702,14.128,13.647,13.8076,72782.8362
2024-07-23T16:00:00Z,13.8083,14.0102,13.4935,13.9085,72514.9352
2024-07-24T00:00:00Z,13.908,13.9258,13.6935,13.8472,33470.8422
2024-07-24T08:00:00Z,13.8553,13.9566,13.7257,13.7348,45056.9267
2024-07-24T16:00:00Z,13.7369,13.876,13.2528,13.4045,56031.6503
2024-07-25T00:00:00Z,13.4022,13.4454,12.83,13.0221,93854.6567
2024-07-25T08:00:00Z,13.0244,13.0637,12.7164,12.8305,82905.7053387
2024-07-25T16:00:00Z,12.8349,12.9719,12.4697,12.9455,94336.5756
2024-07-26T00:00:00Z,12.9357,13.5053,12.917,13.4032,75250.8116
2024-07-26T08:00:00Z,13.3974,13.5691,13.2723,13.5144,57898.6964
2024-07-26T16:00:00Z,13.5136,13.6361,13.4747,13.5343,40255.9071
2024-07-27T00:00:00Z,13.5258,13.6857,13.4233,13.6439,37918.10369416
2024-07-27T08:00:00Z,13.6461,13.874,13.5288,13.6254,45130.17541852
2024-07-27T16:00:00Z,13.6255,13.7286,13.2594,13.5438,58755.10237437
2024-07-28T00:00:00Z,13.5471,13.5876,13.2986,13.4457,21514.7133
2024-07-28T08:00:00Z,13.4468,13.643,13.3945,13.4224,32269.4872
2024-07-28T16:00:00Z,13.4263,13.4998,13.188,13.3015,27441.7131
2024-07-29T00:00:00Z,13.3038,13.8926,13.2992,13.8855,52754.1263
2024-07-29T08:00:00Z,13.8868,13.8997,13.469,13.5569,71681.8511
2024-07-29T16:00:00Z,13.555,13.6781,13.3825,13.5354,45201.569
2024-07-30T00:00:00Z,13.5303,13.7885,13.4076,13.69,38034.1717
2024-07-30T08:00:00Z,13.6946,13.7182,13.4259,13.5494,33547.7193
2024-07-30T16:00:00Z,13.5501,13.5688,12.9857,13.1356,66379.47797168
2024-07-31T00:00:00Z,13.1364,13.4211,13.0781,13.3056,39176.8737
2024-07-31T08:00:00Z,13.303,13.3114,13.0538,13.0774,44620.9897
2024-07-31T16:00:00Z,13.081,13.1483,12.7685,12.824,65376.6491
2024-08-01T00:00:00Z,12.8269,12.9398,12.6317,12.8221,51165.33528261
2024-08-01T08:00:00Z,12.8246,13.0929,12.5006,12.5244,56909.2445
2024-08-01T16:00:00Z,12.5124,12.9672,12.1192,12.885,103909.7153
2024-08-02T00:00:00Z,12.881,12.9467,12.3866,12.4849,40412.0167
2024-08-02T08:00:00Z,12.4827,12.6715,11.7937,12.1039,97443.2423
2024-08-02T16:00:00Z,12.0967,12.1014,11.7704,11.9218,64656.0882
2024-08-03T00:00:00Z,11.9198,12.0898,11.6019,12.0548,50361.2292
2024-08-03T08:00:00Z,12.0523,12.1305,11.7862,11.8152,32502.3009
2024-08-03T16:00:00Z,11.8116,11.847,11.3421,11.6847,106118.8102
2024-08-04T00:00:00Z,11.6837,11.7842,11.5611,11.5706,21906.2281
2024-08-04T08:00:00Z,11.5718,11.6584,11.0054,11.0244,56585.9326
2024-08-04T16:00:00Z,11.028,11.2074,10.4853,10.8867,139085.2755
2024-08-05T00:00:00Z,10.888,10.9726,8.0101,9.0519,975209.98260022
2024-08-05T08:00:00Z,9.0564,9.5485,8.1105,9.4462,469083.1639
2024-08-05T16:00:00Z,9.4439,9.754,9.1731,9.475,236707.2547
2024-08-06T00:00:00Z,9.4863,10.1731,9.472,10.1074,99051.92000651
2024-08-06T08:00:00Z,10.1124,10.4361,9.7636,10.3754,139576.6996
2024-08-06T16:00:00Z,10.3759,10.4543,10.0114,10.0648,95134.36204289
2024-08-07T00:00:00Z,10.0622,10.479,9.954,10.339,79413.061
2024-08-07T08:00:00Z,10.3438,10.45,9.6481,9.8191,118094.5672
2024-08-07T16:00:00Z,9.8182,9.8346,9.4185,9.489,90208.18921485
2024-08-08T00:00:00Z,9.4923,10.0564,9.3443,9.9125,70789.2908
2024-08-08T08:00:00Z,9.9164,10.3151,9.8909,10.1987,65757.3665
2024-08-08T16:00:00Z,10.199,10.8292,10.1871,10.7504,79051.7905
2024-08-09T00:00:00Z,10.7457,10.7458,10.422,10.5624,38625.8135
2024-08-09T08:00:00Z,10.5552,10.6105,10.1656,10.1824,57961.6014
2024-08-09T16:00:00Z,10.174,10.5517,10.1551,10.5401,56737.3628
2024-08-10T00:00:00Z,10.5351,10.6768,10.4678,10.6314,50640.5498
2024-08-10T08:00:00Z,10.6314,10.7001,10.5429,10.5708,38699.0797
2024-08-10T16:00:00Z,10.5752,10.619,10.5148,10.553,18984.7961
2024-08-11T00:00:00Z,10.5529,10.7446,10.5333,10.7335,22709.3369
2024-08-11T08:00:00Z,10.7374,10.837,10.3192,10.3994,48890.36739884
2024-08-11T16:00:00Z,10.3968,10.4645,9.9415,9.9943,66884.0041
2024-08-12T00:00:00Z,9.9953,10.2651,9.9418,10.2348,39200.1462
2024-08-12T08:00:00Z,10.2348,10.7532,10.1412,10.589,139949.3933
2024-08-12T16:00:00Z,10.5921,10.6467,10.2596,10.5537,53138.7585
2024-08-13T00:00:00Z,10.5532,10.5898,10.2575,10.2773,42261.957
2024-08-13T08:00:00Z,10.2773,10.4767,10.0943,10.3109,58130.5494
2024-08-13T16:00:00Z,10.3039,10.6873,10.302,10.5732,64259.102
2024-08-14T00:00:00Z,10.5717,10.7001,10.5132,10.6197,34114.9739
2024-08-14T08:00:00Z,10.6188,10.7397,10.2025,10.4654,85538.92157093
2024-08-14T16:00:00Z,10.4677,10.4824,10.2785,10.3939,32338.4972
2024-08-15T00:00:00Z,10.3906,10.4983,10.2674,10.3405,57670.824
2024-08-15T08:00:00Z,10.3443,10.6905,10.3152,10.634,91200.1407
2024-08-15T16:00:00Z,10.6341,10.6823,9.9817,10.1706,98851.2957
2024-08-16T00:00:00Z,10.1723,10.3994,10.0861,10.3175,45816.5305
2024-08-16T08:00:00Z,10.3188,10.3406,9.9125,10.0272,74739.3896
2024-08-16T16:00:00Z,10.0213,10.26,9.9625,10.1261,45971.8451
2024-08-17T00:00:00Z,10.1265,10.1624,10.041,10.0867,30614.3926
2024-08-17T08:00:00Z,10.0858,10.1745,10.0273,10.0937,28663.7133
2024-08-17T16:00:00Z,10.0952,10.1751,10.0739,10.1564,22957.5738
2024-08-18T00:00:00Z,10.1562,10.2245,10.06,10.0771,29253.6443
2024-08-18T08:00:00Z,10.076,10.4476,10.0647,10.3872,84941.6541
2024-08-18T16:00:00Z,10.3912,10.4713,10.0665,10.0734,71742.7827
2024-08-19T00:00:00Z,10.0823,10.1977,10.0161,10.1037,42550.8606
2024-08-19T08:00:00Z,10.1024,10.1622,9.9457,10.0382,68331.2473
2024-08-19T16:00:00Z,10.0337,10.1975,9.9474,10.1783,43404.0102
2024-08-20T00:00:00Z,10.1816,10.5453,10.1571,10.5087,73088.3542
2024-08-20T08:00:00Z,10.5099,10.52,10.0404,10.1162,58099.0293
2024-08-20T16:00:00Z,10.1161,10.316,10.0876,10.2342,44245.1414
2024-08-21T00:00:00Z,10.2361,10.4548,10.2057,10.4178,29527.522
2024-08-21T08:00:00Z,10.4183,10.4565,10.146,10.4174,84429.583
2024-08-21T16:00:00Z,10.4145,11.4532,10.3799,11.211,178254.68849954
2024-08-22T00:00:00Z,11.2151,11.4263,11.14,11.332,98037.0321
2024-08-22T08:00:00Z,11.332,11.561,11.2628,11.4578,100426.3909841
2024-08-22T16:00:00Z,11.458,11.6141,11.3147,11.4734,82009.009
2024-08-23T00:00:00Z,11.477,11.6846,11.4601,11.65,78878.341791
2024-08-23T08:00:00Z,11.6474,11.8171,11.4516,11.676,120572.0998
2024-08-23T16:00:00Z,11.6761,12.2089,11.6318,12.0521,112636.10869771
2024-08-24T00:00:00Z,12.0538,12.0861,11.9023,11.9633,46459.3887
2024-08-24T08:00:00Z,11.9611,12.2482,11.9391,12.2393,65470.6609
2024-08-24T16:00:00Z,12.2323,12.5586,12.1793,12.3454,119599.3683
2024-08-25T00:00:00Z,12.3414,12.3816,11.9437,12.05,117272.4766
2024-08-25T08:00:00Z,12.0478,12.3163,11.99,12.2007,60813.7166
2024-08-25T16:00:00Z,12.203,12.3116,12.083,12.1037,44294.33401403
2024-08-26T00:00:00Z,12.1028,12.4419,11.9515,12.3768,107715.9275
2024-08-26T08:00:00Z,12.3772,12.6951,12.0832,12.192,191170.8294
2024-08-26T16:00:00Z,12.19,12.2519,11.838,11.838,150627.4299
2024-08-27T00:00:00Z,11.838,12.0511,11.7648,11.8328,66738.7703
2024-08-27T08:00:00Z,11.8294,11.8572,11.4843,11.5177,87743.0057
2024-08-27T16:00:00Z,11.5204,11.6944,10.9,11.1545,106061.1439
2024-08-28T00:00:00Z,11.1554,11.2125,10.969,10.9742,58127.9353
2024-08-28T08:00:00Z,10.9797,11.7029,10.9371,11.3099,129626.54078661
2024-08-28T16:00:00Z,11.3043,11.4838,11.0337,11.1784,85573.7533
2024-08-29T00:00:00Z,11.1753,11.3074,11.1247,11.2334,33842.7166
2024-08-29T08:00:00Z,11.2319,11.4646,11.1571,11.3443,59421.036
2024-08-29T16:00:00Z,11.3426,11.3739,10.81,10.945,71504.1231
2024-08-30T00:00:00Z,10.9407,11.141,10.8992,11.1082,34897.7133
2024-08-30T08:00:00Z,11.1077,11.1988,10.51,10.5442,106056.4179
2024-08-30T16:00:00Z,10.5437,11.1379,10.5025,11.1134,81773.3564
2024-08-31T00:00:00Z,11.1149,11.1772,11.0745,11.1244,19671.7161
2024-08-31T08:00:00Z,11.1207,11.2059,11.0325,11.087,38373.9991
2024-08-31T16:00:00Z,11.0911,11.1,10.9315,11.012,46264.2869
2024-09-01T00:00:00Z,11.0104,11.019,10.782,10.8816,36278.1201
2024-09-01T08:00:00Z,10.8833,10.8967,10.5269,10.6993,77302.71929095
2024-09-01T16:00:00Z,10.7,10.7745,10.2283,10.3685,84235.34189973
2024-09-02T00:00:00Z,10.3605,10.5213,10.323,10.3786,41439.8845
2024-09-02T08:00:00Z,10.3816,10.7929,10.3736,10.6501,68679.1652
2024-09-02T16:00:00Z,10.6531,10.8338,10.561,10.76,49138.3362
2024-09-03T00:00:00Z,10.7603,10.8751,10.6134,10.6962,40613.3066
2024-09-03T08:00:00Z,10.6955,10.7379,10.2752,10.2978,57363.9085
2024-09-03T16:00:00Z,10.2921,10.514,10.2156,10.3104,92577.4568
2024-09-04T00:00:00Z,10.3148,10.4108,9.8158,10.2621,129932.77805832
2024-09-04T08:00:00Z,10.2615,10.402,10.0565,10.3948,110473.33411745
2024-09-04T16:00:00Z,10.391,10.4987,10.2702,10.3348,58333.3717
2024-09-05T00:00:00Z,10.3354,10.394,10.1167,10.2735,54231.4078
2024-09-05T08:00:00Z,10.2739,10.2859,9.9418,10.0032,86030.3258
2024-09-05T16:00:00Z,10.0034,10.1092,9.9079,10.0246,40932.1569
2024-09-06T00:00:00Z,10.0253,10.1781,9.8044,9.9163,53464.6924
2024-09-06T08:00:00Z,9.9146,10.0953,9.5762,9.6852,130988.2169
2024-09-06T16:00:00Z,9.6829,9.6871,9.2856,9.5748,141452.4714
2024-09-07T00:00:00Z,9.574,10.0258,9.5616,9.94,63580.0139
2024-09-07T08:00:00Z,9.9445,10.1601,9.8705,10.1298,46660.5876
2024-09-07T16:00:00Z,10.1288,10.1322,9.9342,10.0273,28461.0557
2024-09-08T00:00:00Z,10.0279,10.3149,9.9674,10.2799,37777.7486
2024-09-08T08:00:00Z,10.2836,10.3766,10.1663,10.1733,50961.6302
2024-09-08T16:00:00Z,10.1755,10.4536,10.1197,10.3498,39969.3803
2024-09-09T00:00:00Z,10.3531,10.7,10.2743,10.6212,79340.8548
2024-09-09T08:00:00Z,10.6223,10.8218,10.2973,10.388,118215.57
2024-09-09T16:00:00Z,10.3886,10.739,10.3824,10.5408,63158.6771
2024-09-10T00:00:00Z,10.5393,10.5555,10.3328,10.5249,42516.922
2024-09-10T08:00:00Z,10.5249,10.5852,10.4057,10.4635,41463.8894
2024-09-10T16:00:00Z,10.4636,10.7401,10.4501,10.5977,41877.1759
2024-09-11T00:00:00Z,10.5901,10.5929,10.3084,10.4778,27283.0124
2024-09-11T08:00:00Z,10.4844,10.5014,10.1717,10.3297,65912.0699
2024-09-11T16:00:00Z,10.3423,10.4944,10.3322,10.3977,63276.0891
2024-09-12T00:00:00Z,10.4002,10.6129,10.392,10.5716,68575.5506
2024-09-12T08:00:00Z,10.5742,10.7114,10.5296,10.5385,77662.10629828
2024-09-12T16:00:00Z,10.5466,10.8039,10.5421,10.7851,68297.9684
2024-09-13T00:00:00Z,10.7847,10.8664,10.6437,10.692,50698.1211
2024-09-13T08:00:00Z,10.6982,11.3496,10.6864,11.3019,233648.2226
2024-09-13T16:00:00Z,11.3009,11.5615,11.25,11.4436,96112.6067
2024-09-14T00:00:00Z,11.447,11.4737,11.32,11.3958,31109.9096
2024-09-14T08:00:00Z,11.3955,11.431,11.2353,11.3715,45450.612
2024-09-14T16:00:00Z,11.3707,11.4145,11.2064,11.2963,46890.1941
2024-09-15T00:00:00Z,11.296,11.3605,11.2545,11.2651,19813.9183
2024-09-15T08:00:00Z,11.2652,11.2755,11.13,11.2292,55435.2602
2024-09-15T16:00:00Z,11.2282,11.2282,10.7925,10.81,63185.9215
2024-09-16T00:00:00Z,10.806,10.8064,10.4856,10.7237,78917.04679896
2024-09-16T08:00:00Z,10.7238,10.83,10.4476,10.5544,65330.97296135
2024-09-16T16:00:00Z,10.5527,10.5877,10.4155,10.5437,59430.1287
2024-09-17T00:00:00Z,10.5429,10.6538,10.4401,10.6122,28752.4342
2024-09-17T08:00:00Z,10.6124,10.9151,10.5104,10.8552,91710.1955
2024-09-17T16:00:00Z,10.8538,10.8732,10.566,10.623,64372.929
2024-09-18T00:00:00Z,10.624,10.6755,10.5106,10.5977,33976.1483
2024-09-18T08:00:00Z,10.5978,10.5994,10.2806,10.3209,96508.8804
2024-09-18T16:00:00Z,10.3181,10.8943,10.2939,10.8863,98764.95109897
2024-09-19T00:00:00Z,10.8958,11.1536,10.8947,11.1536,102442.1341
2024-09-19T08:00:00Z,11.1545,11.3475,11.1152,11.22,56221.3793
2024-09-19T16:00:00Z,11.2228,11.3988,11.1754,11.1949,53758.29619118
2024-09-20T00:00:00Z,11.202,11.7226,11.1255,11.6967,83908.6533
2024-09-20T08:00:00Z,11.6976,11.736,11.4439,11.54,95975.4784
2024-09-20T16:00:00Z,11.5345,11.5501,11.3652,11.4348,29957.9457
2024-09-21T00:00:00Z,11.4349,11.4919,11.2129,11.3582,27876.6762
2024-09-21T08:00:00Z,11.3603,11.4809,11.3055,11.3881,27444.6581
2024-09-21T16:00:00Z,11.3891,11.5463,11.3245,11.4932,44260.735
2024-09-22T00:00:00Z,11.4951,11.5499,11.2798,11.3054,66975.3855
2024-09-22T08:00:00Z,11.3082,11.3276,11.024,11.0323,54831.7564
2024-09-22T16:00:00Z,11.03,11.2057,10.85,11.1287,48238.27160915
2024-09-23T00:00:00Z,11.129,11.489,10.9133,11.31,85758.2138
2024-09-23T08:00:00Z,11.3137,11.5853,11.2842,11.5027,76455.9341
2024-09-23T16:00:00Z,11.5023,11.6087,11.3591,11.4031,85245.4901
2024-09-24T00:00:00Z,11.3942,11.4871,11.2023,11.4689,49957.8505
2024-09-24T08:00:00Z,11.4748,11.6278,11.3277,11.5139,105731.3347
2024-09-24T16:00:00Z,11.5181,12.2268,11.4759,12.1501,110535.5641
2024-09-25T00:00:00Z,12.1523,12.2894,12.0753,12.1865,83772.2556
2024-09-25T08:00:00Z,12.1863,12.4958,12.1863,12.363,100237.1091
2024-09-25T16:00:00Z,12.3715,12.5559,12.0655,12.1147,100735.4805
2024-09-26T00:00:00Z,12.1093,12.2735,11.8764,12.2513,82236.6465
2024-09-26T08:00:00Z,12.2537,12.6441,12.13,12.5974,116780.8043
2024-09-26T16:00:00Z,12.5967,12.7414,12.4291,12.56,103336.6756
2024-09-27T00:00:00Z,12.5579,12.8742,12.4498,12.7452,83780.9092
2024-09-27T08:00:00Z,12.7453,12.841,12.579,12.7194,71828.8355
2024-09-27T16:00:00Z,12.7126,12.8795,12.6051,12.6644,44168.0644
2024-09-28T00:00:00Z,12.6686,12.8674,12.565,12.5669,62139.2583
2024-09-28T08:00:00Z,12.5727,12.9365,12.3585,12.8293,77095.6789
2024-09-28T16:00:00Z,12.8277,12.9723,12.7232,12.9358,81744.2744
2024-09-29T00:00:00Z,12.9416,12.9733,12.52,12.5346,68598.5853
2024-09-29T08:00:00Z,12.5307,12.6379,12.4713,12.5908,68541.2519
2024-09-29T16:00:00Z,12.5936,12.7238,12.4342,12.4595,51727.1603
2024-09-30T00:00:00Z,12.4673,12.473,12.1322,12.2732,58826.0297
2024-09-30T08:00:00Z,12.2729,12.2799,11.9215,11.9274,69609.5924
2024-09-30T16:00:00Z,11.9302,12.0463,11.7502,11.8558,92157.036
2024-10-01T00:00:00Z,11.8501,12.2508,11.791,12.2118,51786.6922
2024-10-01T08:00:00Z,12.2175,12.2354,11.1685,11.4288,134363.5849
2024-10-01T16:00:00Z,11.43,11.4738,10.8418,11.0152,194188.2552
2024-10-02T00:00:00Z,11.0119,11.3103,10.969,11.2484,60164.2223
2024-10-02T08:00:00Z,11.2436,11.2627,10.78,10.928,128427.1697
2024-10-02T16:00:00Z,10.92,11.0494,10.45,10.6531,184265.9535
2024-10-03T00:00:00Z,10.652,10.8708,10.5895,10.6383,67074.8976
2024-10-03T08:00:00Z,10.65,10.6821,10.3407,10.5412,149726.426
2024-10-03T16:00:00Z,10.53,10.6915,10.3813,10.6553,63932.8178
2024-10-04T00:00:00Z,10.6556,10.9877,10.5953,10.9684,60186.4872
2024-10-04T08:00:00Z,10.9684,11.1662,10.8949,11.1623,126094.1803
2024-10-04T16:00:00Z,11.1666,11.2472,11.038,11.0701,63425.82900558
2024-10-05T00:00:00Z,11.0742,11.2421,10.9855,11.2167,35331.28197486
2024-10-05T08:00:00Z,11.2136,11.3776,11.2136,11.3527,42620.009
2024-10-05T16:00:00Z,11.3522,11.3599,11.0788,11.26,32336.5137
2024-10-06T00:00:00Z,11.2633,11.4019,11.1879,11.3271,44356.6782
2024-10-06T08:00:00Z,11.3262,11.3761,11.1923,11.2988,74789.91761327
2024-10-06T16:00:00Z,11.2991,11.3604,11.1569,11.2747,41742.2312
2024-10-07T00:00:00Z,11.2754,11.6685,11.22,11.54,80868.51479389
2024-10-07T08:00:00Z,11.5482,11.7557,11.2426,11.5211,101078.98839888
2024-10-07T16:00:00Z,11.5224,11.5971,11.1188,11.1612,59355.4336
2024-10-08T00:00:00Z,11.1579,11.2913,10.9646,11.024,62030.21291703
2024-10-08T08:00:00Z,11.0255,11.1965,10.8674,10.935,98810.2452
2024-10-08T16:00:00Z,10.9367,11.0511,10.7895,10.8339,82732.1854
2024-10-09T00:00:00Z,10.832,10.968,10.7592,10.7832,69364.88461271
2024-10-09T08:00:00Z,10.7829,10.8057,10.5565,10.7092,139495.8685
2024-10-09T16:00:00Z,10.7137,10.7224,10.4124,10.5385,76874.7285
2024-10-10T00:00:00Z,10.5384,10.74,10.5033,10.6295,51564.0552
2024-10-10T08:00:00Z,10.63,10.6682,10.4001,10.6331,87389.8846
2024-10-10T16:00:00Z,10.6322,10.67,10.2513,10.556,155037.2195
2024-10-11T00:00:00Z,10.5581,10.6898,10.5004,10.6587,39883.5091
2024-10-11T08:00:00Z,10.6546,10.9097,10.6196,10.8646,142285.4451
2024-10-11T16:00:00Z,10.8603,11.0274,10.84,10.9037,95079.37375088
2024-10-12T00:00:00Z,10.9048,11.0168,10.8353,10.9829,35345.5392
2024-10-12T08:00:00Z,10.9818,11.1486,10.9714,11.0871,66704.3048
2024-10-12T16:00:00Z,11.0864,11.147,10.9917,11.0018,53045.69289979
2024-10-13T00:00:00Z,11.0036,11.0775,10.9352,10.9803,28883.9073
2024-10-13T08:00:00Z,10.9754,11.038,10.6375,10.6858,57839.9566
2024-10-13T16:00:00Z,10.6854,10.8346,10.627,10.7512,53194.5171
2024-10-14T00:00:00Z,10.7495,11.0445,10.6067,11.0197,76303.9282
2024-10-14T08:00:00Z,11.0199,11.2829,10.8963,11.2607,139935.16049982
2024-10-14T16:00:00Z,11.2626,11.3446,11.1765,11.2832,88669.96049982
2024-10-15T00:00:00Z,11.2867,11.5847,11.2568,11.4924,97187.48151304
2024-10-15T08:00:00Z,11.4954,11.6956,10.9324,11.1387,201580.6847
2024-10-15T16:00:00Z,11.1418,11.4605,11.1162,11.46,92280.0801
2024-10-16T00:00:00Z,11.4588,11.472,11.1506,11.1734,62007.5439
2024-10-16T08:00:00Z,11.1773,11.5344,11.1012,11.1624,130974.5965
2024-10-16T16:00:00Z,11.1621,11.3623,11.0702,11.2415,52694.9201
2024-10-17T00:00:00Z,11.2436,11.3502,11.0857,11.1546,35974.0175
2024-10-17T08:00:00Z,11.1575,11.1726,10.9171,11.1085,61627.63698154
2024-10-17T16:00:00Z,11.11,11.11,10.8466,11.0344,56477.8412
2024-10-18T00:00:00Z,11.0289,11.4273,10.9814,11.42,44094.5184
2024-10-18T08:00:00Z,11.4211,11.4908,11.3141,11.4548,58822.8117
2024-10-18T16:00:00Z,11.4557,11.4977,11.3374,11.4771,35894.0095
2024-10-19T00:00:00Z,11.48,11.5995,11.3843,11.3901,27515.31963814
2024-10-19T08:00:00Z,11.3927,11.411,11.2958,11.3803,22013.5749038
2024-10-19T16:00:00Z,11.3804,11.4509,11.3027,11.4149,11286.3154
2024-10-20T00:00:00Z,11.4184,11.4502,11.2789,11.3744,14896.3236
2024-10-20T08:00:00Z,11.3747,11.9221,11.3745,11.8901,84299.08459536
2024-10-20T16:00:00Z,11.9,12.0361,11.8131,11.9755,58234.41303341
2024-10-21T00:00:00Z,11.9754,12.0294,11.7864,11.9127,34483.7565
2024-10-21T08:00:00Z,11.9106,11.968,11.5439,11.6702,72432.0637
2024-10-21T16:00:00Z,11.67,11.8296,11.5721,11.7068,35037.5159584
2024-10-22T00:00:00Z,11.708,12.1977,11.5945,12.1092,79518.08609561
2024-10-22T08:00:00Z,12.1066,12.3426,11.8729,12.142,142695.0031
2024-10-22T16:00:00Z,12.13,12.1427,11.9298,11.9762,78997.8802
2024-10-23T00:00:00Z,11.9765,12.0012,11.605,11.61,72753.3825
2024-10-23T08:00:00Z,11.6075,11.6562,11.2484,11.3259,92338.2558
2024-10-23T16:00:00Z,11.32,11.3521,11,11.3258,99683.5122
2024-10-24T00:00:00Z,11.3269,11.5397,11.2744,11.2904,42569.7313
2024-10-24T08:00:00Z,11.2879,11.5111,11.2252,11.44,65242.1231
2024-10-24T16:00:00Z,11.4348,11.6447,11.3623,11.6139,46729.0289
2024-10-25T00:00:00Z,11.6163,12.0901,11.6101,11.6855,135520.9093
2024-10-25T08:00:00Z,11.69,12.0059,11.5721,11.824,152369.2013
2024-10-25T16:00:00Z,11.82,11.9312,10.8036,11.14,324010.9343
2024-10-26T00:00:00Z,11.1364,11.3968,10.96,11.0952,122247.7883
2024-10-26T08:00:00Z,11.0946,11.2225,10.8207,10.8512,98687.598
2024-10-26T16:00:00Z,10.8546,11.103,10.8255,11.009,48780.5489
2024-10-27T00:00:00Z,11.0086,11.0561,10.8995,10.9379,108910.3955775
2024-10-27T08:00:00Z,10.9401,11.123,10.8465,11.1087,53245.1113
2024-10-27T16:00:00Z,11.11,11.177,10.8928,10.985,34088.743
2024-10-28T00:00:00Z,10.9829,11.0324,10.71,10.9791,65049.91719845
2024-10-28T08:00:00Z,10.9773,11.1888,10.8161,10.817,117343.3714
2024-10-28T16:00:00Z,10.8157,11.26,10.7429,11.1899,91749.2123
2024-10-29T00:00:00Z,11.1862,11.5344,11.1518,11.4803,70845.226
2024-10-29T08:00:00Z,11.4804,11.5752,11.4078,11.5512,66713.1046
2024-10-29T16:00:00Z,11.5488,11.8046,11.4644,11.7973,71527.03275783
2024-10-30T00:00:00Z,11.7986,12.15,11.6505,11.9608,45053.6952
2024-10-30T08:00:00Z,11.9613,12.3795,11.868,12.2153,73922.1256
2024-10-30T16:00:00Z,12.2161,12.4518,12.0921,12.393,56826.19570213
2024-10-31T00:00:00Z,12.392,12.4593,12.1015,12.1886,45595.5047
2024-10-31T08:00:00Z,12.1906,12.1982,11.7176,11.7785,69872.1438
2024-10-31T16:00:00Z,11.7787,11.7834,11.3187,11.42,84355.4432
2024-11-01T00:00:00Z,11.4197,11.5042,11.2137,11.3167,47323.944
2024-11-01T08:00:00Z,11.3179,11.7243,11.1892,11.328,76100.7211
2024-11-01T16:00:00Z,11.33,11.5741,11.1371,11.2548,46616.7772
2024-11-02T00:00:00Z,11.2508,11.4014,11.1863,11.2559,19705.3498
2024-11-02T08:00:00Z,11.2576,11.2759,11.0763,11.1816,79413.326
2024-11-02T16:00:00Z,11.1811,11.2717,11.0677,11.19,48844.9464
2024-11-03T00:00:00Z,11.19,11.2302,10.8216,10.9898,68867.0304
2024-11-03T08:00:00Z,10.9908,11.0459,10.5353,10.7085,148738.58152608
2024-11-03T16:00:00Z,10.7039,10.8449,10.5088,10.76,38235.1761
2024-11-04T00:00:00Z,10.7597,10.9091,10.602,10.63,27422.6163
2024-11-04T08:00:00Z,10.6284,10.7208,10.369,10.3969,50730.7587
2024-11-04T16:00:00Z,10.3986,10.4395,10.0648,10.2561,113189.2172
2024-11-05T00:00:00Z,10.2555,10.525,10.182,10.5132,26454.3206
2024-11-05T08:00:00Z,10.5121,10.9,10.5,10.78,39398.6459
2024-11-05T16:00:00Z,10.7844,10.9417,10.6161,10.8379,49162.696
2024-11-06T00:00:00Z,10.8363,11.9562,10.8015,11.7479,167423.47958418
2024-11-06T08:00:00Z,11.75,11.8996,11.5492,11.8099,108172.97587356
2024-11-06T16:00:00Z,11.8097,12.3098,11.8009,12.1759,79111.3867
2024-11-07T00:00:00Z,12.1751,12.7065,12.0695,12.3,156104.809
2024-11-07T08:00:00Z,12.2957,12.4488,12.1262,12.4488,41085.581
2024-11-07T16:00:00Z,12.4499,12.6757,12.3115,12.59,92917.40855289
2024-11-08T00:00:00Z,12.59,12.8597,12.5246,12.8223,51899.87506593
2024-11-08T08:00:00Z,12.8192,13.406,12.673,13.2775,142528.2697
2024-11-08T16:00:00Z,13.2721,13.7463,12.9748,13.691,125048.018
2024-11-09T00:00:00Z,13.6915,13.7321,13.2826,13.4996,83851.6154
2024-11-09T08:00:00Z,13.5038,13.6443,13.3093,13.5218,73614.8742
2024-11-09T16:00:00Z,13.5247,13.8378,13.2961,13.7828,65498.5075
2024-11-10T00:00:00Z,13.7749,14.5945,13.6866,14.49,181839.31071036
2024-11-10T08:00:00Z,14.4871,14.7506,14.3871,14.5908,99701.91543561
2024-11-10T16:00:00Z,14.5903,14.8518,13.6504,14.2629,141560.4973
2024-11-11T00:00:00Z,14.262,14.5484,13.6128,13.7898,111729.4381
2024-11-11T08:00:00Z,13.798,14.4613,13.7765,14.3054,107746.71265925
2024-11-11T16:00:00Z,14.3167,14.9314,14.3008,14.915,160836.02626485
2024-11-12T00:00:00Z,14.9152,14.9225,14.2991,14.8234,92078.94371196
2024-11-12T08:00:00Z,14.8283,15.341,13.673,13.9472,318938.7899
2024-11-12T16:00:00Z,13.953,14.2887,13.6867,13.9494,82260.0417
2024-11-13T00:00:00Z,13.9531,14.1066,13.0573,13.3757,159253.76969588
2024-11-13T08:00:00Z,13.3844,14.3798,13.2408,14.235,142098.86820317
2024-11-13T16:00:00Z,14.2273,14.3451,13.0543,13.4878,113053.2084
2024-11-14T00:00:00Z,13.4889,13.8239,13.1894,13.6159,74699.80276486
2024-11-14T08:00:00Z,13.6192,13.6535,12.8836,12.9413,150287.813536
2024-11-14T16:00:00Z,12.9531,13.3713,12.7949,13.0053,63009.2517
2024-11-15T00:00:00Z,13.0018,13.3035,12.716,13.1336,49789.4841
2024-11-15T08:00:00Z,13.1345,13.6536,13.0367,13.1901,68883.2825
2024-11-15T16:00:00Z,13.1908,13.9005,13.159,13.8259,60497.2285
2024-11-16T00:00:00Z,13.84,14.3,13.738,14.0142,50491.96506982
2024-11-16T08:00:00Z,14.0196,14.5359,14.0196,14.1552,101379.5508
2024-11-16T16:00:00Z,14.161,14.7905,14.0688,14.5169,66324.73980978
2024-11-17T00:00:00Z,14.5265,14.8871,13.7823,14.4324,89409.8194
2024-11-17T08:00:00Z,14.4318,14.5481,13.8824,13.9288,66391.526
2024-11-17T16:00:00Z,13.924,14.1057,13.5674,13.779,70081.00446486
2024-11-18T00:00:00Z,13.7887,14.8707,13.758,14.8538,75871.6242
2024-11-18T08:00:00Z,14.8519,15.2,14.2324,15.1596,86848.6311
2024-11-18T16:00:00Z,15.1506,15.9976,14.7809,15.2597,218628.56881213
2024-11-19T00:00:00Z,15.2657,15.4178,14.8106,14.851,42958.4478
2024-11-19T08:00:00Z,14.8475,15.1515,14.5768,14.7536,76702.53603158
2024-11-19T16:00:00Z,14.7591,15.0454,14.4016,14.619,98000.5385
2024-11-20T00:00:00Z,14.6206,14.688,14.18,14.464,36582.332
2024-11-20T08:00:00Z,14.4666,15.319,14.4232,14.9997,91480.0095891
2024-11-20T16:00:00Z,15.0006,15.0045,14.0328,14.2525,70821.9507
2024-11-21T00:00:00Z,14.2359,14.678,13.8425,14.6653,50846.6921
2024-11-21T08:00:00Z,14.6631,15.3783,14.345,14.8139,91855.90658597
2024-11-21T16:00:00Z,14.8143,15.17,14.676,14.8871,62536.57134802
2024-11-22T00:00:00Z,14.8953,15.4291,14.7205,15.2134,84054.5112
2024-11-22T08:00:00Z,15.2116,15.5705,14.8553,15.4211,93118.63476343
2024-11-22T16:00:00Z,15.4176,16.592,15.1551,16.56,192522.6133
2024-11-23T00:00:00Z,16.5616,17.1,16.3088,16.9976,241861.5337
2024-11-23T08:00:00Z,16.9939,17.9187,16.6558,17.9076,157070.171
2024-11-23T16:00:00Z,17.9107,18.3805,17.0328,17.3991,206664.16330597
2024-11-24T00:00:00Z,17.3899,18.333,17.3067,17.7933,98228.0843
2024-11-24T08:00:00Z,17.7849,17.8623,16.1048,16.33,165838.49527949
2024-11-24T16:00:00Z,16.3479,18.0916,16.26,17.8931,98046.63019001
2024-11-25T00:00:00Z,17.9052,18.4141,17.3243,18.3031,88199.9599
2024-11-25T08:00:00Z,18.2978,19.0542,17.5361,18.5,222924.5502
2024-11-25T16:00:00Z,18.505,18.7629,17.1465,17.344,150039.8670937
2024-11-26T00:00:00Z,17.3486,17.8393,17.1187,17.2315,46666.5352
2024-11-26T08:00:00Z,17.22,17.4996,16.1879,16.9216,165449.9261
2024-11-26T16:00:00Z,16.9285,17.4903,16.6872,17.3409,111080.2096159
2024-11-27T00:00:00Z,17.3413,18.2555,16.964,18.1508,103775.15495576
2024-11-27T08:00:00Z,18.1443,18.5166,17.7278,18.0629,167851.20099627
2024-11-27T16:00:00Z,18.0604,18.9899,17.7244,18.6642,89038.6647
2024-11-28T00:00:00Z,18.661,18.6929,17.8209,17.8905,61230.04939516
2024-11-28T08:00:00Z,17.8935,18.0872,17.491,17.5052,66358.0128
2024-11-28T16:00:00Z,17.5039,18.0686,17.4952,17.9313,95952.13718353
2024-11-29T00:00:00Z,17.9393,18.1074,17.5336,17.537,28877.3716
2024-11-29T08:00:00Z,17.5402,18.3908,17.5381,18.0433,69291.533
2024-11-29T16:00:00Z,18.0449,18.3948,17.8339,18.2472,58955.82209543
2024-11-30T00:00:00Z,18.2494,18.7205,17.9391,18.621,69695.92674562
2024-11-30T08:00:00Z,18.6259,18.9637,18.0915,18.8816,52355.3253
2024-11-30T16:00:00Z,18.8874,19.4376,18.6158,18.9969,79407.371
2024-12-01T00:00:00Z,19.0017,19.1006,18.4326,18.6629,51967.7491
2024-12-01T08:00:00Z,18.6598,19.0017,18.5102,18.8251,42948.1505
2024-12-01T16:00:00Z,18.8221,19.0474,18.4202,18.9193,111184.72371574
2024-12-02T00:00:00Z,18.9157,20,18.5821,19.797,246096.5605
2024-12-02T08:00:00Z,19.794,21.855,18.8715,21.7953,767231.28164234
2024-12-02T16:00:00Z,21.8027,26.9045,21.0898,25.2295,963508.5444
2024-12-03T00:00:00Z,25.2288,25.4889,23.7907,25.1224,396713.98882137
2024-12-03T08:00:00Z,25.1295,26.2438,22.5456,23.9805,590682.4133431
2024-12-03T16:00:00Z,23.9784,25.2135,23.4169,24.0775,244703.5362
2024-12-04T00:00:00Z,24.1023,24.5972,23.6047,24.4427,159670.97599963
2024-12-04T08:00:00Z,24.4427,26.5,24.0028,25.3499,374034.00929979
2024-12-04T16:00:00Z,25.3563,25.4709,23.7325,24.0767,272432.13898345
2024-12-05T00:00:00Z,24.0714,24.364,22.9658,23.9041,202944.9564
2024-12-05T08:00:00Z,23.9094,24.8211,23.7088,24.2703,193711.862
2024-12-05T16:00:00Z,24.2629,24.5812,22.3702,23.1576,207666.13668955
2024-12-06T00:00:00Z,23.1509,24.2606,23.0481,23.7885,120894.1929
2024-12-06T08:00:00Z,23.7896,24.1207,22.75,23.7701,143143.88348851
2024-12-06T16:00:00Z,23.7466,25.9326,23.7264,25.8679,160770.6011
2024-12-07T00:00:00Z,25.8718,26.8418,25.1366,25.3662,193717.9863
2024-12-07T08:00:00Z,25.3649,25.4294,24.7191,24.982,105492.936
2024-12-07T16:00:00Z,24.987,25,24.4364,24.779,89727.2967
2024-12-08T00:00:00Z,24.7871,25.572,24.5287,25.3485,84206.0843
2024-12-08T08:00:00Z,25.3489,27.3951,25.069,26.2408,241205.48109714
2024-12-08T16:00:00Z,26.2448,26.6233,25.4216,26.1006,129174.02856584
2024-12-09T00:00:00Z,26.1027,27.3497,25.5815,26.2093,276309.93949404
2024-12-09T08:00:00Z,26.2106,26.2329,24.2802,24.412,263084.10169419
2024-12-09T16:00:00Z,24.3787,24.6351,19.3259,22.2451,575695.65927348
2024-12-10T00:00:00Z,22.2451,23.4104,20.6962,23.0693,214524.0264
2024-12-10T08:00:00Z,23.0669,23.7713,21.3116,21.3184,227578.3588
2024-12-10T16:00:00Z,21.3209,22.4612,20.2816,22.1162,244068.81474347
2024-12-11T00:00:00Z,22.1207,22.6827,21.1442,22.2179,104427.28119931
2024-12-11T08:00:00Z,22.2345,24.2319,22.2252,23.9136,207259.14792009
2024-12-11T16:00:00Z,23.9309,24.3171,23.3873,24.0692,107971.0265
2024-12-12T00:00:00Z,24.0756,29.4458,23.8779,28.8149,532305.16980581
2024-12-12T08:00:00Z,28.8288,29.1972,27.3375,28.2228,262173.22741218
2024-12-12T16:00:00Z,28.224,29.4016,26.7411,29.1061,305061.34583284
2024-12-13T00:00:00Z,29.1443,30.9485,28.2532,28.9202,422107.54489568
2024-12-13T08:00:00Z,28.9175,29.0396,27.5469,27.63,209169.65689963
2024-12-13T16:00:00Z,27.6168,29.1159,27.5729,28.9931,122131.67403183
2024-12-14T00:00:00Z,28.9927,30.7179,28.7653,29.5,222394.51043784
2024-12-14T08:00:00Z,29.5058,30.7744,28.7007,30.3672,191055.03920146
2024-12-14T16:00:00Z,30.3541,30.4628,28.84,29.124,154088.11988911
2024-12-15T00:00:00Z,29.1283,29.8709,28.5476,28.7603,89794.0439
2024-12-15T08:00:00Z,28.7625,29.3362,28.1516,29.1373,99288.993
2024-12-15T16:00:00Z,29.1274,29.6125,28.0285,29.272,120171.37972717
2024-12-16T00:00:00Z,29.2624,29.7688,28.4137,29.2765,109243.65060875
2024-12-16T08:00:00Z,29.2729,30.8567,28.896,30.2749,297227.2882862
2024-12-16T16:00:00Z,30.2791,30.4161,28.7148,28.7389,137262.42367587
2024-12-17T00:00:00Z,28.7405,29.0484,28.0451,28.1304,85664.6936
2024-12-17T08:00:00Z,28.1242,28.8616,27.4325,27.6245,180452.48188721
2024-12-17T16:00:00Z,27.5996,28.2767,27.3529,27.8492,111824.093
2024-12-18T00:00:00Z,27.8824,28.4175,26.8034,27.1808,138618.7827
2024-12-18T08:00:00Z,27.2013,27.9314,26.5422,27.1097,127804.3789
2024-12-18T16:00:00Z,27.0455,27.9587,24.7417,24.8911,288941.18162199
2024-12-19T00:00:00Z,24.8675,25.3125,23.369,24.9192,279293.9346
2024-12-19T08:00:00Z,24.9192,25.6043,23.7521,24.2027,124954.05355648
2024-12-19T16:00:00Z,24.177,24.3762,21.72,22.8078,330152.62823577
2024-12-20T00:00:00Z,22.8159,23.7219,22.1621,22.6329,117326.08606512
2024-12-20T08:00:00Z,22.6339,22.9498,20.0046,22.7212,523432.18218177
2024-12-20T16:00:00Z,22.6695,23.6976,22.4471,23.4053,209199.85526906
2024-12-21T00:00:00Z,23.3996,24.934,23.0448,24.5385,124725.94469903
2024-12-21T08:00:00Z,24.5545,24.7602,22.265,22.8856,201543.78283295
2024-12-21T16:00:00Z,22.8888,22.9205,21.7857,22.1208,140319.2003
2024-12-22T00:00:00Z,22.1314,22.44,21.5412,21.9617,118556.07713866
2024-12-22T08:00:00Z,21.9716,22.7825,21.5707,21.8022,58817.57911752
2024-12-22T16:00:00Z,21.7888,22.5232,21.3005,22.0859,104115.0792
2024-12-23T00:00:00Z,22.0923,23.4463,21.4935,22.6348,102034.77354414
2024-12-23T08:00:00Z,22.638,23.3813,22.1114,22.1366,241322.21308205
2024-12-23T16:00:00Z,22.1396,24.9592,22.0791,24.5487,245810.77536235
2024-12-24T00:00:00Z,24.5507,24.6685,23.5498,23.875,58049.37949638
2024-12-24T08:00:00Z,23.8774,24.93,23.8106,24.6585,168098.4372
2024-12-24T16:00:00Z,24.6622,25.9905,24.3906,25.4241,170836.84630989
2024-12-25T00:00:00Z,25.4274,25.5,24.5684,24.7596,55346.5041
2024-12-25T08:00:00Z,24.7592,25.5845,24.4321,24.6844,66840.54456608
2024-12-25T16:00:00Z,24.6979,24.7786,24.1508,24.4447,43653.3471
2024-12-26T00:00:00Z,24.442,24.6961,23.3768,23.4166,62774.575
2024-12-26T08:00:00Z,23.4241,23.4585,22.6553,22.75,87399.3771
2024-12-26T16:00:00Z,22.7469,23.0969,22.4208,22.6726,95633.1017
2024-12-27T00:00:00Z,22.6745,23.2631,22.375,22.614,37264.8284
2024-12-27T08:00:00Z,22.607,23.6681,22.2284,22.2985,65519.5921
2024-12-27T16:00:00Z,22.2925,22.7611,21.3738,21.5533,74239.987
2024-12-28T00:00:00Z,21.5653,21.64,21.0689,21.0782,46480.4807
2024-12-28T08:00:00Z,21.0788,21.8697,21.0695,21.4866,152012.5607
2024-12-28T16:00:00Z,21.4891,22.3674,21.3614,21.9822,54534.6174935
2024-12-29T00:00:00Z,21.9822,22.0038,21.5162,21.934,30847.718
2024-12-29T08:00:00Z,21.9352,21.9557,21.2761,21.442,39965.0106
2024-12-29T16:00:00Z,21.444,21.4534,20.78,20.9532,58384.6341
2024-12-30T00:00:00Z,20.954,21.8231,20.856,21.2081,34959.24639773
2024-12-30T08:00:00Z,21.1921,21.4442,20.0976,20.3293,100415.2241
2024-12-30T16:00:00Z,20.311,21.34,20.1305,20.5759,81635.6059
2024-12-31T00:00:00Z,20.5768,20.668,20.1944,20.3272,18630.6367
2024-12-31T08:00:00Z,20.3264,21.1916,20.3256,20.8205,77101.2294
2024-12-31T16:00:00Z,20.8245,20.8432,19.827,20.0111,68258.68692035
2025-01-01T00:00:00Z,20.0144,20.2464,19.8941,19.9808,28823.11496754
2025-01-01T08:00:00Z,19.9869,20.5926,19.7044,20.5689,48349.5849
2025-01-01T16:00:00Z,20.5883,21.851,20.3601,21.7289,134209.9741788
2025-01-02T00:00:00Z,21.7299,22.3768,21.7294,22.3397,64101.69009958
2025-01-02T08:00:00Z,22.336,22.8951,22.0519,22.2077,186312.8746
2025-01-02T16:00:00Z,22.2133,22.5712,21.8178,22.07,32817.5473
2025-01-03T00:00:00Z,22.0738,22.425,21.7793,21.803,30735.2482
2025-01-03T08:00:00Z,21.794,23.4832,21.6375,23.4653,63666.30104585
2025-01-03T16:00:00Z,23.467,23.9045,23.3486,23.4755,56603.8396
2025-01-04T00:00:00Z,23.482,23.536,23.0328,23.2956,34551.4069
2025-01-04T08:00:00Z,23.2943,23.931,22.8911,23.174,39061.9659
2025-01-04T16:00:00Z,23.1741,24.0339,23.174,23.5869,35857.2344
2025-01-05T00:00:00Z,23.5989,23.8222,23.2032,23.5001,19960.1552
2025-01-05T08:00:00Z,23.5053,23.5535,22.8587,23.2907,24088.858
2025-01-05T16:00:00Z,23.287,23.7185,23.1093,23.5712,22240.992
2025-01-06T00:00:00Z,23.5712,24.1867,23.0206,23.5244,35711.4049
2025-01-06T08:00:00Z,23.522,24.4531,23.328,24.3683,134379.73657421
2025-01-06T16:00:00Z,24.3698,24.7764,23.6606,23.8327,215653.6646
2025-01-07T00:00:00Z,23.8261,23.835,23.3452,23.4021,40370.2104
2025-01-07T08:00:00Z,23.4001,23.6548,21.6936,22.0609,107793.61947605
2025-01-07T16:00:00Z,22.0593,22.1902,21.1684,21.3818,149040.2862
2025-01-08T00:00:00Z,21.3868,21.72,20.5252,20.8753,101927.05951556
2025-01-08T08:00:00Z,20.8801,21.125,20.4971,20.6675,60414.73348894
2025-01-08T16:00:00Z,20.6723,20.7261,19.5819,20.4505,170360.51637711
2025-01-09T00:00:00Z,20.4449,20.7253,19.7533,19.8068,70640.4704
2025-01-09T08:00:00Z,19.8105,20.3238,19.3089,20.1941,122596.5138
2025-01-09T16:00:00Z,20.1974,20.3135,19.1408,19.6482,127327.0308
2025-01-10T00:00:00Z,19.6436,20.5375,19.6408,20.3485,63498.14255783
2025-01-10T08:00:00Z,20.3581,20.4935,19.5397,19.9895,133073.5404
2025-01-10T16:00:00Z,19.9826,20.4848,19.7709,20.243,45489.2472
2025-01-11T00:00:00Z,20.2472,20.3044,19.8502,19.9387,24308.6685
2025-01-11T08:00:00Z,19.9423,20.2539,19.8135,19.9902,26821.0209
2025-01-11T16:00:00Z,19.9901,20.6897,19.8291,20.2109,74516.653
2025-01-12T00:00:00Z,20.2145,20.3292,19.9812,20.091,30521.0396
2025-01-12T08:00:00Z,20.0912,20.2575,19.7913,20.1611,40800.8401
2025-01-12T16:00:00Z,20.1572,20.2041,19.5752,19.8352,38894.9451
2025-01-13T00:00:00Z,19.8412,20.4337,18.9994,19.1056,99722.99765663
2025-01-13T08:00:00Z,19.1046,19.1399,17.8508,18.9573,586616.86010911
2025-01-13T16:00:00Z,18.9497,19.5614,18.239,19.3659,194529.4883
2025-01-14T00:00:00Z,19.3602,19.76,19.2537,19.4409,29506.6328
2025-01-14T08:00:00Z,19.4409,20.3875,19.4409,20.1558,82698.42486125
2025-01-14T16:00:00Z,20.1504,20.4934,19.984,20.3011,41795.1676
2025-01-15T00:00:00Z,20.3277,20.8429,20.2146,20.7203,35118.8837
2025-01-15T08:00:00Z,20.7253,21.7585,20.0966,21.6013,142676.2292568
2025-01-15T16:00:00Z,21.6077,22.137,21.2431,22.0624,348589.6472
2025-01-16T00:00:00Z,22.0718,22.1427,21.4411,21.7436,51604.7611
2025-01-16T08:00:00Z,21.7473,23.342,21.3004,23.3134,397218.9289
2025-01-16T16:00:00Z,23.3052,23.7748,22.8,23.021,98361.99999916
2025-01-17T00:00:00Z,23.0295,24.2814,23.0295,24.1362,92671.8216
2025-01-17T08:00:00Z,24.1386,24.5208,23.8341,24.4413,105748.7423
2025-01-17T16:00:00Z,24.4412,25.2259,24.2052,25.0926,106283.8251
2025-01-18T00:00:00Z,25.104,25.6813,23.4155,23.831,120787.3272
2025-01-18T08:00:00Z,23.834,24.8339,23.5137,24.0701,121773.1036
2025-01-18T16:00:00Z,24.0869,24.2073,23.3761,24.1092,123829.1871
2025-01-19T00:00:00Z,24.1132,24.5928,23.1369,23.3688,122928.21609369
2025-01-19T08:00:00Z,23.3753,25.9568,22.2,25.4118,323310.92797121
2025-01-19T16:00:00Z,25.4091,26.7132,23.557,24.3375,392418.59259851
2025-01-20T00:00:00Z,24.3389,26.4581,23.3984,26.2858,283593.8351573
2025-01-20T08:00:00Z,26.2947,26.9446,24.5264,25.8702,340246.80946834
2025-01-20T16:00:00Z,25.8815,26.3851,23.9548,25.0868,367190.78289656
2025-01-21T00:00:00Z,25.0837,25.1998,23.6806,24.0825,157110.63929349
2025-01-21T08:00:00Z,24.0825,26.4577,23.8917,25.8523,168787.0823
2025-01-21T16:00:00Z,25.8336,27.0842,25.7956,26.6655,185230.6532
2025-01-22T00:00:00Z,26.6641,27.2124,25.6926,25.7895,102334.9035
2025-01-22T08:00:00Z,25.7894,26,25.3201,25.4128,72534.9284
2025-01-22T16:00:00Z,25.4128,25.6731,25.1324,25.291,112833.54189311
2025-01-23T00:00:00Z,25.2999,25.3289,24.3174,24.5637,83076.17685361
2025-01-23T08:00:00Z,24.5775,25.9261,23.9803,25.4696,174087.70385976
2025-01-23T16:00:00Z,25.4744,26.2394,24.5772,25.6676,200160.9393
2025-01-24T00:00:00Z,25.6587,26.3233,24.8658,25.9441,108733.6912
2025-01-24T08:00:00Z,25.9448,26.4316,25.6902,26.1352,143396.3126689
2025-01-24T16:00:00Z,26.1428,26.252,25.0769,25.1875,81105.8641
2025-01-25T00:00:00Z,25.1805,25.3354,24.82,24.9919,77289.868
2025-01-25T08:00:00Z,24.9966,25.281,24.7003,25.1457,123014.1204
2025-01-25T16:00:00Z,25.1457,25.44,24.8047,24.9182,76580.6388
2025-01-26T00:00:00Z,24.9261,25.878,24.8623,25.678,70903.7293
2025-01-26T08:00:00Z,25.678,25.8274,25.12,25.4474,85532.61870662
2025-01-26T16:00:00Z,25.4492,26.3891,24.8501,24.8857,161886.8790507
2025-01-27T00:00:00Z,24.8797,25.1253,22.2529,22.8461,401661.36457619
2025-01-27T08:00:00Z,22.8461,24.0951,22.1831,23.6847,296307.46569994
2025-01-27T16:00:00Z,23.6865,24.4244,22.7838,24.2058,171450.18599988
2025-01-28T00:00:00Z,24.2119,25,23.7822,24.1258,164787.5992
2025-01-28T08:00:00Z,24.1305,24.2419,23.5203,23.9296,110509.2829
2025-01-28T16:00:00Z,23.9353,23.9634,22.3618,22.6103,150863.7343
2025-01-29T00:00:00Z,22.6165,23.5597,22.5773,23.5324,85165.3230452
2025-01-29T08:00:00Z,23.5303,23.6088,22.4719,22.754,109981.8394
2025-01-29T16:00:00Z,22.7554,24.4499,22.3268,23.6557,217863.79096014
2025-01-30T00:00:00Z,23.6557,24.5819,23.4072,24.2897,95814.73919804
2025-01-30T08:00:00Z,24.2948,25.1914,24.1732,24.843,132250.32229673
2025-01-30T16:00:00Z,24.8529,25.0799,24.3901,24.4587,79294.4201
2025-01-31T00:00:00Z,24.4587,25.3777,24.1367,24.8893,79369.1039
2025-01-31T08:00:00Z,24.8922,26.0879,24.6986,25.8993,138630.09889993
2025-01-31T16:00:00Z,25.9089,26.3966,24.4829,25.1651,124049.3437
2025-02-01T00:00:00Z,25.1652,25.961,25.0703,25.2424,88342.6812
2025-02-01T08:00:00Z,25.2424,25.3378,24.2167,24.4638,111467.4994
2025-02-01T16:00:00Z,24.4783,24.6422,22.77,22.9698,231186.0881
2025-02-02T00:00:00Z,22.9714,23.3241,22.2258,22.6593,157884.03747796
2025-02-02T08:00:00Z,22.6646,23.1901,21.8718,22.1913,225763.7432
2025-02-02T16:00:00Z,22.1913,22.1959,19.2689,20.4582,483068.27117625
2025-02-03T00:00:00Z,20.4641,20.4682,15.2961,19.4304,869358.35120488
2025-02-03T08:00:00Z,19.4304,20.6681,18.1206,20.4189,440657.9034
2025-02-03T16:00:00Z,20.4161,22.0455,20.115,21.6467,353995.3367
2025-02-04T00:00:00Z,21.6496,21.7083,19.5501,19.6439,271236.7371
2025-02-04T08:00:00Z,19.6316,20.9834,19.4458,20.5328,278428.86681206
2025-02-04T16:00:00Z,20.5328,21.2695,19.3083,19.971,251032.6076764
2025-02-05T00:00:00Z,19.9774,20.2653,19.422,19.6411,137151.4026
2025-02-05T08:00:00Z,19.6355,20.0983,19.4,19.6439,141898.43659971
2025-02-05T16:00:00Z,19.6438,19.7133,18.9615,19.1895,155637.1116
2025-02-06T00:00:00Z,19.1896,19.9321,19.0465,19.6847,99959.1777
2025-02-06T08:00:00Z,19.6975,19.9245,18.5519,18.7074,167218.2786
2025-02-06T16:00:00Z,18.7064,18.9574,18.408,18.5872,163731.974
2025-02-07T00:00:00Z,18.5841,19.0523,18.4296,18.7874,109138.9421
2025-02-07T08:00:00Z,18.7849,19.8419,18.6983,19.38,177717.4805
2025-02-07T16:00:00Z,19.3899,19.39,17.7934,18.3826,131616.4001
2025-02-08T00:00:00Z,18.3833,18.6231,17.9296,18.1798,62728.9935
2025-02-08T08:00:00Z,18.1842,18.2479,17.8755,18.054,61993.8819
2025-02-08T16:00:00Z,18.0637,18.5444,17.8862,18.4479,49547.9849259
2025-02-09T00:00:00Z,18.4459,19.0068,18.2579,18.7576,108152.28460995
2025-02-09T08:00:00Z,18.767,18.8983,18.1083,18.7268,49628.671
2025-02-09T16:00:00Z,18.7209,18.9407,17.426,18.27,126348.456
2025-02-10T00:00:00Z,18.2681,18.7857,17.6707,18.6414,94929.447
2025-02-10T08:00:00Z,18.6444,19.1229,18.4762,18.5907,73648.4807
2025-02-10T16:00:00Z,18.595,18.9553,18.4958,18.7969,64422.11636885
2025-02-11T00:00:00Z,18.8,19.796,18.7646,19.6293,71452.6891
2025-02-11T08:00:00Z,19.6468,19.7397,18.833,19.0882,72789.6004
2025-02-11T16:00:00Z,19.0808,19.1684,18.2161,18.6521,120861.0226
2025-02-12T00:00:00Z,18.6484,18.8884,18.3454,18.5896,41949.7808
2025-02-12T08:00:00Z,18.5906,18.83,17.6546,18.1162,182694.85426415
2025-02-12T16:00:00Z,18.116,19.5,17.9545,19.1993,105596.7605966
2025-02-13T00:00:00Z,19.199,19.3324,18.7221,18.8159,43333.3684
2025-02-13T08:00:00Z,18.8156,18.8882,18.182,18.4989,105071.8648
2025-02-13T16:00:00Z,18.4964,18.6356,18.1997,18.5472,67394.9973
2025-02-14T00:00:00Z,18.5545,18.9879,18.4524,18.7514,57514.9843
2025-02-14T08:00:00Z,18.7613,19.6175,18.6732,19.4936,121076.56007915
2025-02-14T16:00:00Z,19.5108,19.8426,19.1201,19.3777,114893.49131015
2025-02-15T00:00:00Z,19.381,19.6549,19.1868,19.2765,64863.3905
2025-02-15T08:00:00Z,19.2763,19.3911,18.8404,18.9417,51005.0449
2025-02-15T16:00:00Z,18.95,19.0493,18.7344,18.9994,52361.3121
2025-02-16T00:00:00Z,19.0004,19.2619,18.6967,18.9016,59644.7526
2025-02-16T08:00:00Z,18.9056,19.1884,18.7178,18.8959,36781.198
2025-02-16T16:00:00Z,18.8964,19.1242,18.5661,18.7018,63324.3296
2025-02-17T00:00:00Z,18.6966,19.1576,18.3701,18.8092,79936.7531
2025-02-17T08:00:00Z,18.8009,19.7913,18.7222,19.2437,95345.7746
2025-02-17T16:00:00Z,19.2386,19.4965,18.7099,19.0981,129279.44796849
2025-02-18T00:00:00Z,19.1044,19.1965,18.086,18.0875,95646.5249
2025-02-18T08:00:00Z,18.0916,18.3912,17.5711,17.6867,156743.5166
2025-02-18T16:00:00Z,17.6887,17.9117,17.285,17.8735,223397.7995
2025-02-19T00:00:00Z,17.8751,18.1296,17.4394,18.0459,63423.017
2025-02-19T08:00:00Z,18.0405,18.2018,17.746,17.7993,67719.1165
2025-02-19T16:00:00Z,17.8098,18.0824,17.7276,17.9903,75553.57439994
2025-02-20T00:00:00Z,17.9826,18.4726,17.8921,18.1066,65707.88029994
2025-02-20T08:00:00Z,18.1064,18.3718,17.8189,17.8794,362611.27528419
2025-02-20T16:00:00Z,17.8884,18.44,17.8575,18.2847,140175.5381
2025-02-21T00:00:00Z,18.2825,18.3974,18.049,18.2462,38860.17359994
2025-02-21T08:00:00Z,18.2574,19.0538,18.0628,18.3801,113017.84131927
2025-02-21T16:00:00Z,18.3862,18.5414,17.12,17.4189,341402.3410972
2025-02-22T00:00:00Z,17.419,17.6752,17.3083,17.4835,48616.8377
2025-02-22T08:00:00Z,17.4864,17.8328,17.4284,17.7881,48244.3647
2025-02-22T16:00:00Z,17.7865,18.0309,17.7144,17.7619,79037.4574
2025-02-23T00:00:00Z,17.7556,18.1327,17.6428,18.122,56094.1918
2025-02-23T08:00:00Z,18.1204,18.132,17.44,17.4739,37855.6954
2025-02-23T16:00:00Z,17.4683,17.7447,17.43,17.6099,51257.3108
2025-02-24T00:00:00Z,17.6132,17.7446,15.9999,16.8706,236394.1682
2025-02-24T08:00:00Z,16.871,16.8766,16.0467,16.2126,236971.140318
2025-02-24T16:00:00Z,16.2125,16.5036,14.9707,15.2568,304745.8943
2025-02-25T00:00:00Z,15.2543,15.4188,14.0074,14.5397,261664.8651
2025-02-25T08:00:00Z,14.528,14.9986,14.2386,14.7467,222201.162
2025-02-25T16:00:00Z,14.7496,15.5829,14.512,15.3131,169618.628
2025-02-26T00:00:00Z,15.3146,15.5515,15.1005,15.2995,120419.38620123
2025-02-26T08:00:00Z,15.299,15.7764,14.9719,15.533,166148.29099895
2025-02-26T16:00:00Z,15.536,15.7049,14.6753,15.2487,230503.93507648
2025-02-27T00:00:00Z,15.2579,15.6916,15.0552,15.6112,97042.9482
2025-02-27T08:00:00Z,15.6105,15.776,15.1867,15.3882,129755.5985
2025-02-27T16:00:00Z,15.3848,15.4948,14.7788,15.1136,143910.1266
2025-02-28T00:00:00Z,15.1149,15.2,13.4865,13.6682,303067.64879253
2025-02-28T08:00:00Z,13.668,14.7264,13.4534,14.6131,200498.48759899
2025-02-28T16:00:00Z,14.6178,14.8674,14.486,14.81,100292.44859855
2025-03-01T00:00:00Z,14.814,15.0078,14.5184,14.5462,64479.6004
2025-03-01T08:00:00Z,14.5494,14.8575,14.2224,14.4893,89603.33918647
2025-03-01T16:00:00Z,14.4785,15.1348,14.4228,14.7549,102848.6918
2025-03-02T00:00:00Z,14.7594,14.9266,14.652,14.756,61108.2749
2025-03-02T08:00:00Z,14.7452,15.5255,14.4114,15.2633,147957.7808
2025-03-02T16:00:00Z,15.2726,17.5412,15.2502,17.4129,397092.68938678
2025-03-03T00:00:00Z,17.4151,17.5015,16.0855,16.4896,126937.4681
2025-03-03T08:00:00Z,16.4896,16.8752,15.9441,16.2564,222590.7834
2025-03-03T16:00:00Z,16.2634,16.4383,14.3693,14.4518,284278.21018504
2025-03-04T00:00:00Z,14.4575,14.6039,13.4134,13.7974,223373.60389712
2025-03-04T08:00:00Z,13.7926,14.2327,13.3331,13.831,239412.5157
2025-03-04T16:00:00Z,13.8318,15.3547,13.0787,14.8716,234154.16938666
2025-03-05T00:00:00Z,14.8657,15.4624,14.636,15.461,119876.177
2025-03-05T08:00:00Z,15.454,16.5033,15.37,15.6825,209096.56390742
2025-03-05T16:00:00Z,15.6841,16.5953,15.5712,16.4218,168206.0735
2025-03-06T00:00:00Z,16.4223,17.3865,16.3818,16.9086,149928.91646088
2025-03-06T08:00:00Z,16.9052,17.6701,16.601,17.247,240624.62039863
2025-03-06T16:00:00Z,17.2472,17.3497,16.5374,17.0533,159982.8167
2025-03-07T00:00:00Z,17.0506,17.2308,15.8658,17.1891,210394.19938398
2025-03-07T08:00:00Z,17.1898,17.526,16.7783,16.9287,247360.27814202
2025-03-07T16:00:00Z,16.9217,17.0033,15.7377,15.9407,259052.51608484
2025-03-08T00:00:00Z,15.9389,16.0237,15.4406,15.5496,91995.072
2025-03-08T08:00:00Z,15.5468,15.5871,15.1872,15.3127,95110.48718228
2025-03-08T16:00:00Z,15.3064,15.5787,15.1275,15.2589,46072.0601
2025-03-09T00:00:00Z,15.2657,15.3733,15.0126,15.1337,64334.4469
2025-03-09T08:00:00Z,15.1246,15.1311,14.2464,14.3074,160327.92449717
2025-03-09T16:00:00Z,14.3027,14.3699,13.6064,13.8002,202481.5086
2025-03-10T00:00:00Z,13.806,14.3358,13.6594,14.0933,114824.9117035
2025-03-10T08:00:00Z,14.1,14.5632,13.25,13.4921,277535.0076
2025-03-10T16:00:00Z,13.4949,13.5397,12.421,12.6549,262760.7313
2025-03-11T00:00:00Z,12.6649,12.9551,11.847,12.7318,174032.51609831
2025-03-11T08:00:00Z,12.7157,13.2066,12.3583,12.9874,258985.7512
2025-03-11T16:00:00Z,12.9794,13.6503,12.7967,13.1369,217066.9359532
2025-03-12T00:00:00Z,13.1375,13.4865,12.6491,13.0799,148842.4794
2025-03-12T08:00:00Z,13.0864,14.4352,12.7771,13.0837,207560.0524
2025-03-12T16:00:00Z,13.0676,13.5182,13.0255,13.4881,86397.8822
2025-03-13T00:00:00Z,13.4857,13.5386,13.0511,13.1284,123405.2297
2025-03-13T08:00:00Z,13.1278,13.5912,12.9667,13.0216,165674.7454
2025-03-13T16:00:00Z,13.0228,13.2096,12.7147,13.0392,92321.5708
2025-03-14T00:00:00Z,13.0437,13.4499,12.995,13.3509,82033.7659
2025-03-14T08:00:00Z,13.3515,14.6937,13.3108,14.3614,485051.09352938
2025-03-14T16:00:00Z,14.372,14.6813,13.606,13.6655,301072.1776
2025-03-15T00:00:00Z,13.6629,14.2512,13.6354,13.7957,128536.217
2025-03-15T08:00:00Z,13.7997,14.1393,13.7521,14.0423,125328.60399722
2025-03-15T16:00:00Z,14.0529,14.16,13.9566,14.0135,61506.9461
2025-03-16T00:00:00Z,14.0144,14.1766,13.7754,14.1507,74042.3528
2025-03-16T08:00:00Z,14.1517,14.1847,13.334,13.4836,153111.3784
2025-03-16T16:00:00Z,13.4804,13.7995,13.2146,13.3765,104995.0563
2025-03-17T00:00:00Z,13.373,13.8359,13.3426,13.7795,67675.72977037
2025-03-17T08:00:00Z,13.7721,13.9444,13.55,13.7605,118224.3783
2025-03-17T16:00:00Z,13.7583,14.2387,13.6549,14.02,119417.7825
2025-03-18T00:00:00Z,14.0288,14.2126,13.7412,14.1386,133476.1678
2025-03-18T08:00:00Z,14.1367,14.2679,13.5298,13.6016,123291.1437
2025-03-18T16:00:00Z,13.5982,13.9526,13.4567,13.9109,97385.53960878
2025-03-19T00:00:00Z,13.9167,14.0795,13.7671,13.8547,116192.8402
2025-03-19T08:00:00Z,13.8547,14.681,13.8479,14.6101,199271.8615
2025-03-19T16:00:00Z,14.6156,15.0395,14.1993,15.0221,251628.0300355
2025-03-20T00:00:00Z,15.0245,15.1685,14.5836,14.659,98107.9183
2025-03-20T08:00:00Z,14.6316,14.8044,14.3287,14.3499,112622.69455872
2025-03-20T16:00:00Z,14.3487,14.4291,14.0807,14.2232,101743.1273
2025-03-21T00:00:00Z,14.2217,14.3878,14.0556,14.1983,82863.9896
2025-03-21T08:00:00Z,14.1946,14.2779,13.8429,13.8821,135414.874
2025-03-21T16:00:00Z,13.8796,14.1778,13.8255,13.9603,85643.9184
2025-03-22T00:00:00Z,13.9588,14.1587,13.9326,14.0722,59325.85051
2025-03-22T08:00:00Z,14.0837,14.3423,14.0433,14.2392,61726.4702
2025-03-22T16:00:00Z,14.222,14.5001,14.16,14.2477,89524.7053
2025-03-23T00:00:00Z,14.2517,14.4702,14.2088,14.2869,53595.34464242
2025-03-23T08:00:00Z,14.2903,14.4928,14.2419,14.4318,69090.3887
2025-03-23T16:00:00Z,14.4308,14.4733,14.236,14.4674,53932.8475
2025-03-24T00:00:00Z,14.4682,15.1547,14.159,15.0253,148098.2095
2025-03-24T08:00:00Z,15.0221,15.4098,15.021,15.205,185814.90698685
2025-03-24T16:00:00Z,15.2038,15.25,14.9838,15.1238,104128.5115
2025-03-25T00:00:00Z,15.1251,15.2472,14.8672,15.1984,111567.2765
2025-03-25T08:00:00Z,15.2003,15.5833,15.1961,15.3324,108169.5027
2025-03-25T16:00:00Z,15.326,15.6089,15.2821,15.4319,141757.6734
2025-03-26T00:00:00Z,15.433,15.9449,15.2427,15.9103,126044.7204
2025-03-26T08:00:00Z,15.912,15.996,15.2227,15.2969,140826.41895337
2025-03-26T16:00:00Z,15.2921,15.4709,14.9427,15.2432,169620.03778938
2025-03-27T00:00:00Z,15.249,15.7821,15.1679,15.6358,171674.7224
2025-03-27T08:00:00Z,15.6347,15.7958,15.2563,15.5662,153935.85827969
2025-03-27T16:00:00Z,15.5593,15.6782,15.3032,15.5211,107188.92318753
2025-03-28T00:00:00Z,15.5219,15.5859,14.4231,14.4828,205536.2008
2025-03-28T08:00:00Z,14.4794,14.523,14.1482,14.1642,139667.10772158
2025-03-28T16:00:00Z,14.1639,14.3302,14.004,14.2552,113097.4547
2025-03-29T00:00:00Z,14.2589,14.4099,13.85,13.9077,91135.7252
2025-03-29T08:00:00Z,13.9037,14.0304,13.5451,13.6395,131088.6843
2025-03-29T16:00:00Z,13.6497,13.6948,13.3718,13.5505,140312.2888
2025-03-30T00:00:00Z,13.5558,13.7949,13.3999,13.6675,73354.0525
2025-03-30T08:00:00Z,13.6768,13.8646,13.4669,13.6099,80081.741
2025-03-30T16:00:00Z,13.6046,13.7195,13.1969,13.4174,127508.0201
2025-03-31T00:00:00Z,13.4177,13.5326,13.1213,13.2073,167428.4058
2025-03-31T08:00:00Z,13.2166,13.6956,12.9601,13.5508,253981.935
2025-03-31T16:00:00Z,13.5575,13.7087,13.4154,13.5072,190240.4137
2025-04-01T00:00:00Z,13.5071,13.789,13.49,13.7351,110302.1782
2025-04-01T08:00:00Z,13.7337,14.3865,13.6841,14.3057,229625.9874
2025-04-01T16:00:00Z,14.3082,14.3926,14.0256,14.0396,146966.05240986
2025-04-02T00:00:00Z,14.0434,14.0461,13.3435,13.3896,273061.5274
2025-04-02T08:00:00Z,13.3896,14.1957,13.3241,14.052,304251.3456
2025-04-02T16:00:00Z,14.0679,14.3972,12.814,12.9062,472924.6419
2025-04-03T00:00:00Z,12.9073,13.3044,12.8391,12.9582,247278.1972
2025-04-03T08:00:00Z,12.9534,13.0715,12.3067,12.5632,405738.65638503
2025-04-03T16:00:00Z,12.5659,12.9096,12.4158,12.8964,249400.4412
2025-04-04T00:00:00Z,12.9036,13.1052,12.6018,13.0736,207533.7373
2025-04-04T08:00:00Z,13.0735,13.1905,12.3512,12.7384,473063.6348
2025-04-04T16:00:00Z,12.7409,13.0894,12.6684,12.9439,328164.63889858
2025-04-05T00:00:00Z,12.9422,13.0332,12.7812,12.8746,137319.6748
2025-04-05T08:00:00Z,12.8785,13.0511,12.5763,12.6319,110966.4709
2025-04-05T16:00:00Z,12.6304,12.8725,12.5803,12.8473,81805.1754
2025-04-06T00:00:00Z,12.8459,12.9517,12.628,12.6542,98500.4903
2025-04-06T08:00:00Z,12.655,12.7035,12.0718,12.3241,193270.93679379
2025-04-06T16:00:00Z,12.3213,12.3424,11.0077,11.2884,697855.1834
2025-04-07T00:00:00Z,11.291,11.5196,10.1016,10.3525,492784.0683
2025-04-07T08:00:00Z,10.3519,11.8802,10.3011,11.2937,483057.26407807
2025-04-07T16:00:00Z,11.2819,11.6655,11.0848,11.4554,156948.4051
2025-04-08T00:00:00Z,11.454,11.8699,11.3624,11.6041,261725.4604
2025-04-08T08:00:00Z,11.6038,11.8909,11.3756,11.4249,200600.05488943
2025-04-08T16:00:00Z,11.4225,11.4448,10.7797,10.9213,235658.94088047
2025-04-09T00:00:00Z,10.9264,11.504,10.443,11.3832,222288.2812
2025-04-09T08:00:00Z,11.3836,11.4915,11.0549,11.3646,181417.01094968
2025-04-09T16:00:00Z,11.3744,12.8244,11.3495,12.6525,386840.93728303
2025-04-10T00:00:00Z,12.6565,12.6665,12.1534,12.321,133708.4281
2025-04-10T08:00:00Z,12.3217,12.6059,11.7792,11.8289,261428.9686053
2025-04-10T16:00:00Z,11.8231,12.1275,11.6727,12.0779,186232.50109777
2025-04-11T00:00:00Z,12.0689,12.5366,12.0244,12.3985,143501.5107
2025-04-11T08:00:00Z,12.3984,12.7023,12.3299,12.5517,241414.1063
2025-04-11T16:00:00Z,12.5564,12.9023,12.4547,12.6448,125454.1289
2025-04-12T00:00:00Z,12.6437,12.7947,12.4722,12.7735,108635.7745
2025-04-12T08:00:00Z,12.7747,13.2666,12.672,13.1168,202012.35367415
2025-04-12T16:00:00Z,13.1187,13.285,12.9685,13.1498,220257.0139
2025-04-13T00:00:00Z,13.1485,13.2274,12.8715,12.9272,153495.6903
2025-04-13T08:00:00Z,12.9272,13.1642,12.6001,12.6791,184551.3063
2025-04-13T16:00:00Z,12.6773,13.2624,12.4303,12.6313,272900.0128
2025-04-14T00:00:00Z,12.6275,13.1539,12.5751,12.7334,249706.7992
2025-04-14T08:00:00Z,12.735,13.2444,12.6671,12.7168,239953.67318871
2025-04-14T16:00:00Z,12.7108,13.0146,12.5776,12.6379,168917.5259
2025-04-15T00:00:00Z,12.6379,12.7999,12.5266,12.7435,199616.4125
2025-04-15T08:00:00Z,12.74,12.8311,12.2941,12.3751,368747.60786392
2025-04-15T16:00:00Z,12.3739,12.4481,12.2095,12.2364,197309.5245
2025-04-16T00:00:00Z,12.2344,12.437,12.1335,12.1603,116309.6045
2025-04-16T08:00:00Z,12.1584,12.5247,12.0404,12.3183,166333.73825321
2025-04-16T16:00:00Z,12.3212,12.5099,11.8914,12.3553,226092.1478813
2025-04-17T00:00:00Z,12.3543,12.6915,12.3045,12.6026,133553.5416153
2025-04-17T08:00:00Z,12.6057,12.6242,12.2039,12.4454,169319.6562
2025-04-17T16:00:00Z,12.4416,12.7012,12.383,12.5345,161676.0382
2025-04-18T00:00:00Z,12.5373,12.6874,12.4024,12.6388,190416.2329
2025-04-18T08:00:00Z,12.6387,12.719,12.4671,12.5098,124869.05029723
2025-04-18T16:00:00Z,12.5143,12.657,12.5073,12.5631,201323.7026
2025-04-19T00:00:00Z,12.5628,12.8874,12.5387,12.8592,243942.4507
2025-04-19T08:00:00Z,12.8638,12.93,12.7137,12.7549,109197.64194003
2025-04-19T16:00:00Z,12.7546,13.05,12.7057,12.9373,123979.8195
2025-04-20T00:00:00Z,12.9347,13.1021,12.8784,12.9772,122094.3083
2025-04-20T08:00:00Z,12.9772,13.2,12.8773,13.1047,138050.3699
2025-04-20T16:00:00Z,13.108,13.5989,13.0592,13.2847,292894.4332
2025-04-21T00:00:00Z,13.2845,13.6517,13.2597,13.6442,186707.95629842
2025-04-21T08:00:00Z,13.6427,13.6921,13.3258,13.3598,155303.8554
2025-04-21T16:00:00Z,13.3646,13.3814,12.9657,13.1043,163667.8990935
2025-04-22T00:00:00Z,13.1044,13.3396,12.8875,13.2886,156004.6424
2025-04-22T08:00:00Z,13.2845,14.082,13.2449,13.852,328342.6978
2025-04-22T16:00:00Z,13.8521,14.1695,13.7215,14.1313,164798.00038361
2025-04-23T00:00:00Z,14.1314,14.7647,14.02,14.7461,269189.8589
2025-04-23T08:00:00Z,14.7452,15.282,14.585,14.8515,344867.51039993
2025-04-23T16:00:00Z,14.8488,15.1472,14.7152,15.0172,127272.4564
2025-04-24T00:00:00Z,15.0132,15.11,14.2734,14.3266,147581.7573
2025-04-24T08:00:00Z,14.3249,15.1463,14.1569,14.8592,172860.52378698
2025-04-24T16:00:00Z,14.8725,15.1,14.7191,15.0542,126901.7024
2025-04-25T00:00:00Z,15.0568,15.2838,14.708,15.1073,138840.6027
2025-04-25T08:00:00Z,15.1105,15.3541,14.8172,15.1963,220103.9568
2025-04-25T16:00:00Z,15.1943,15.2449,14.8863,14.9152,167209.49147966
2025-04-26T00:00:00Z,14.9174,15.2759,14.9174,15.0909,98802.1267
2025-04-26T08:00:00Z,15.0876,15.259,14.6763,14.9211,123011.20465038
2025-04-26T16:00:00Z,14.9191,14.9714,14.7914,14.8631,98743.8403
2025-04-27T00:00:00Z,14.8683,15.0933,14.4353,14.553,187860.8693
2025-04-27T08:00:00Z,14.5545,14.6625,14.3765,14.4769,94823.9486
2025-04-27T16:00:00Z,14.4784,14.8199,14.3927,14.5568,113937.9782
2025-04-28T00:00:00Z,14.5575,15.033,14.2474,15.0166,183675.981
2025-04-28T08:00:00Z,15.0192,15.1093,14.4478,14.5486,188922.791
2025-04-28T16:00:00Z,14.5515,15.1051,14.4178,15.0197,148868.09655754
2025-04-29T00:00:00Z,15.0249,15.2341,14.8491,15.1686,141585.7102
2025-04-29T08:00:00Z,15.1691,15.2233,14.8435,14.9056,135291.30499505
2025-04-29T16:00:00Z,14.9063,15.0124,14.4812,14.6037,133696.94026405
2025-04-30T00:00:00Z,14.6011,14.7588,14.4687,14.5325,89203.57615957
2025-04-30T08:00:00Z,14.5347,14.6704,13.8271,14.1297,185128.75158976
2025-04-30T16:00:00Z,14.1269,14.4306,13.9964,14.2959,163752.37339295
2025-05-01T00:00:00Z,14.2938,14.7466,14.2938,14.7317,139756.2195
2025-05-01T08:00:00Z,14.721,15.0321,14.7027,14.8619,175480.2678
2025-05-01T16:00:00Z,14.8614,15.0124,14.731,14.746,113910.3418
2025-05-02T00:00:00Z,14.7411,15.0269,14.556,14.5664,96911.8793
2025-05-02T08:00:00Z,14.5638,14.8699,14.4953,14.7818,146664.6094
2025-05-02T16:00:00Z,14.7887,15.0177,14.5739,14.6585,98029.66627864
2025-05-03T00:00:00Z,14.6562,14.6653,14.3708,14.3935,89039.7561
2025-05-03T08:00:00Z,14.3974,14.5281,14.2814,14.4234,66024.95806152
2025-05-03T16:00:00Z,14.4225,14.4431,14.1602,14.2477,82798.02689289
2025-05-04T00:00:00Z,14.2458,14.3653,14.0711,14.1222,98318.0004
2025-05-04T08:00:00Z,14.1283,14.1794,13.9801,14.1085,76778.28174266
2025-05-04T16:00:00Z,14.1064,14.1849,13.8107,13.8611,108051.60815027
2025-05-05T00:00:00Z,13.859,14.1965,13.7652,14.115,86989.4474
2025-05-05T08:00:00Z,14.1101,14.1454,13.5217,13.5644,142502.5216
2025-05-05T16:00:00Z,13.5673,13.8172,13.4806,13.641,92406.13843213
2025-05-06T00:00:00Z,13.6411,13.6801,13.4047,13.5277,86414.4972
2025-05-06T08:00:00Z,13.5191,13.5278,13.2025,13.376,112106.50733656
2025-05-06T16:00:00Z,13.3793,13.8861,13.3236,13.8145,158995.9182
2025-05-07T00:00:00Z,13.8235,14.0849,13.7066,13.9318,109422.2012
2025-05-07T08:00:00Z,13.93,13.9844,13.5778,13.5926,68143.1732
2025-05-07T16:00:00Z,13.5941,13.9139,13.4632,13.8212,123059.2153
2025-05-08T00:00:00Z,13.8189,14.7364,13.8107,14.6828,147108.9835
2025-05-08T08:00:00Z,14.6853,15.4227,14.6782,15.2277,179544.39983692
2025-05-08T16:00:00Z,15.2297,15.9824,15.1716,15.8919,277547.89316865
2025-05-09T00:00:00Z,15.8879,16.285,15.5872,16.1111,168595.1722
2025-05-09T08:00:00Z,16.108,16.7301,15.7574,15.962,349898.83606692
2025-05-09T16:00:00Z,15.9664,16.1937,15.7451,16.0163,102038.06547063
2025-05-10T00:00:00Z,16.0124,16.416,15.86,16.3527,144734.78128996
2025-05-10T08:00:00Z,16.3542,16.5085,16.033,16.4315,172185.14755627
2025-05-10T16:00:00Z,16.424,17.4673,16.4035,17.3395,247963.47134273
2025-05-11T00:00:00Z,17.3336,17.4148,16.3038,16.4508,189587.47231721
2025-05-11T08:00:00Z,16.4505,16.837,16.3813,16.6246,106292.11304433
2025-05-11T16:00:00Z,16.6246,17.1541,16.4333,17.1082,124233.65785132
2025-05-12T00:00:00Z,17.1097,17.9724,16.7815,17.5046,198097.5073
2025-05-12T08:00:00Z,17.5135,17.6332,16.6941,16.8377,262277.0594
2025-05-12T16:00:00Z,16.8336,17.025,16.0326,16.7368,188260.6032
2025-05-13T00:00:00Z,16.7359,16.7426,16.0311,16.4107,112087.8688
2025-05-13T08:00:00Z,16.4154,16.8911,16.3614,16.8703,141686.0792
2025-05-13T16:00:00Z,16.8725,17.8012,16.8391,17.3932,176411.8616691
2025-05-14T00:00:00Z,17.3904,17.5316,17.0671,17.1881,183056.8538
2025-05-14T08:00:00Z,17.195,17.2684,16.7699,17.0119,198136.44581277
2025-05-14T16:00:00Z,17.0087,17.11,16.679,17.0102,128549.779
2025-05-15T00:00:00Z,17.0163,17.2056,16.1857,16.2077,154639.9727
2025-05-15T08:00:00Z,16.2015,16.5537,15.854,16.4521,243385.3354
2025-05-15T16:00:00Z,16.448,16.7095,15.6933,16.0453,242307.6102
2025-05-16T00:00:00Z,16.0437,16.4976,15.925,16.3496,143010.8126
2025-05-16T08:00:00Z,16.3552,16.5458,16.0312,16.2543,139211.7443
2025-05-16T16:00:00Z,16.2567,16.3307,15.6102,15.7601,143072.3059
2025-05-17T00:00:00Z,15.759,15.7872,15.2438,15.4057,139149.5596
2025-05-17T08:00:00Z,15.4069,15.4786,15.1255,15.309,101493.60389941
2025-05-17T16:00:00Z,15.3096,15.4977,15.0819,15.3202,138371.8352
2025-05-18T00:00:00Z,15.3237,15.7427,15.2632,15.7352,100617.6166
2025-05-18T08:00:00Z,15.7353,16.3589,15.5571,16.3451,141630.31822938
2025-05-18T16:00:00Z,16.3479,16.3984,14.8899,15.8693,288727.81757517
2025-05-19T00:00:00Z,15.8803,16.0037,14.8423,15.1898,208668.4173806
2025-05-19T08:00:00Z,15.1844,15.5096,15.0089,15.4709,122447.7375
2025-05-19T16:00:00Z,15.4695,15.9176,15.3554,15.7813,154073.9548
2025-05-20T00:00:00Z,15.786,16.4148,15.6646,15.9489,155988.4688
2025-05-20T08:00:00Z,15.943,16.0323,15.4238,15.5327,146786.9824
2025-05-20T16:00:00Z,15.5347,15.8168,15.2469,15.6946,156649.6109
2025-05-21T00:00:00Z,15.7052,16.0868,15.5172,15.8419,155294.043
2025-05-21T08:00:00Z,15.8454,16.2406,15.5738,16.1079,246062.19109993
2025-05-21T16:00:00Z,16.1122,16.485,15.5424,16.099,236271.68258488
2025-05-22T00:00:00Z,16.1036,16.5179,16.0414,16.4109,215016.256
2025-05-22T08:00:00Z,16.4138,16.8923,16.3855,16.8031,196122.0342
2025-05-22T16:00:00Z,16.8039,16.9039,16.5308,16.7348,115539.5313
2025-05-23T00:00:00Z,16.7392,17.1546,16.5594,16.6681,150910.6549
2025-05-23T08:00:00Z,16.6721,17.1185,15.778,16.2006,259849.68251063
2025-05-23T16:00:00Z,16.2066,16.3703,15.4196,15.5414,155997.4491
2025-05-24T00:00:00Z,15.5392,15.8855,15.4482,15.6821,86186.4014
2025-05-24T08:00:00Z,15.6848,15.9049,15.5893,15.644,76180.5685
2025-05-24T16:00:00Z,15.6418,15.6948,15.2481,15.3375,81928.5073
2025-05-25T00:00:00Z,15.3433,15.5011,15.1101,15.2899,95720.5576
2025-05-25T08:00:00Z,15.2937,15.3134,14.8683,15.0214,98539.8361
2025-05-25T16:00:00Z,15.0256,15.5563,14.8844,15.5292,91875.3107
2025-05-26T00:00:00Z,15.5364,15.9331,15.4899,15.9275,106760.3167
2025-05-26T08:00:00Z,15.9332,15.9589,15.4214,15.7603,108592.80262226
2025-05-26T16:00:00Z,15.7654,15.821,15.4,15.5378,130380.91288287
2025-05-27T00:00:00Z,15.5346,15.9014,15.156,15.8372,148179.71618775
2025-05-27T08:00:00Z,15.8464,16.0999,15.7201,15.993,154171.3701
2025-05-27T16:00:00Z,15.9949,16.1272,15.7891,15.9095,126597.6373
2025-05-28T00:00:00Z,15.9079,16.1501,15.7155,15.8704,128793.7151
2025-05-28T08:00:00Z,15.8781,16.0938,15.4285,15.4413,127276.3355881
2025-05-28T16:00:00Z,15.4473,15.7609,15.3117,15.6883,104573.9969
2025-05-29T00:00:00Z,15.6889,16.1875,15.5889,15.7747,155264.83273531
2025-05-29T08:00:00Z,15.7921,15.9224,15.3101,15.3562,144616.6497
2025-05-29T16:00:00Z,15.355,15.494,15.0015,15.0437,144049.6364
2025-05-30T00:00:00Z,15.0449,15.1199,14.1939,14.4911,242530.35687111
2025-05-30T08:00:00Z,14.4982,14.5907,14.2352,14.2414,129928.37999886
2025-05-30T16:00:00Z,14.2497,14.3494,13.7659,13.8904,210821.59629656
2025-05-31T00:00:00Z,13.8914,13.9367,13.3952,13.7068,225822.39208622
2025-05-31T08:00:00Z,13.7053,14.0213,13.6227,13.8808,122072.27389872
2025-05-31T16:00:00Z,13.8779,14.1867,13.8408,13.9681,101224.22614847
2025-06-01T00:00:00Z,13.9681,13.9919,13.7486,13.866,71230.1637
2025-06-01T08:00:00Z,13.8678,13.9635,13.5799,13.9359,112775.2311
2025-06-01T16:00:00Z,13.9407,14.124,13.7896,14.0629,98807.1888
2025-06-02T00:00:00Z,14.0653,14.0796,13.7851,13.8857,60528.2119
2025-06-02T08:00:00Z,13.8878,13.9625,13.6316,13.7062,111483.0445
2025-06-02T16:00:00Z,13.7112,14.122,13.5922,14.0788,111818.2938
2025-06-03T00:00:00Z,14.0797,14.4423,14.0363,14.136,116371.462
2025-06-03T08:00:00Z,14.1308,14.44,14.003,14.3298,92217.7096
2025-06-03T16:00:00Z,14.3341,14.4055,13.9826,14.1098,83249.9983
2025-06-04T00:00:00Z,14.1143,14.4126,14.0597,14.2892,63318.0776
2025-06-04T08:00:00Z,14.2933,14.4753,13.9663,14.1742,122303.0733
2025-06-04T16:00:00Z,14.1768,14.178,13.7148,13.8296,98816.1507
2025-06-05T00:00:00Z,13.835,13.9552,13.7093,13.7468,86989.6827648
2025-06-05T08:00:00Z,13.7492,14.0341,13.5316,13.7118,119676.2887
2025-06-05T16:00:00Z,13.7124,13.7249,12.6429,12.8882,273960.12762105
2025-06-06T00:00:00Z,12.8841,13.2676,12.8199,13.1677,90909.8455
2025-06-06T08:00:00Z,13.1828,13.6782,13.1522,13.5366,216894.63489501
2025-06-06T16:00:00Z,13.5366,13.6144,13.4164,13.569,123154.261
2025-06-07T00:00:00Z,13.569,14.069,13.4821,14.0256,139291.8337
2025-06-07T08:00:00Z,14.0256,14.0821,13.8983,13.9377,95360.4018
2025-06-07T16:00:00Z,13.9342,13.9653,13.7649,13.8217,59303.9027
2025-06-08T00:00:00Z,13.8224,13.8581,13.7209,13.7363,58151.8768
2025-06-08T08:00:00Z,13.7369,13.8844,13.5537,13.7593,115943.20328519
2025-06-08T16:00:00Z,13.7599,13.9759,13.6691,13.7252,83502.6867
2025-06-09T00:00:00Z,13.7253,13.7938,13.5423,13.6675,91968.44133394
2025-06-09T08:00:00Z,13.6659,14.0071,13.571,13.932,114311.3906
2025-06-09T16:00:00Z,13.9319,14.3981,13.9319,14.3552,119888.8269
2025-06-10T00:00:00Z,14.3532,14.6281,14.327,14.4775,163895.51623457
2025-06-10T08:00:00Z,14.4815,15.3503,14.4181,15.0949,275871.1619
2025-06-10T16:00:00Z,15.0947,15.5273,15.0401,15.4474,228984.601
2025-06-11T00:00:00Z,15.4474,15.5112,15.1355,15.3958,214696.9039
2025-06-11T08:00:00Z,15.3958,15.6563,15.0723,15.6134,861937.91101237
2025-06-11T16:00:00Z,15.6182,15.6418,14.7709,14.8942,498939.68877166
2025-06-12T00:00:00Z,14.8944,14.9214,14.4185,14.4235,153047.1433
2025-06-12T08:00:00Z,14.4243,14.5112,14.0532,14.243,236102.77982049
2025-06-12T16:00:00Z,14.2532,14.5742,13.8352,13.9745,206891.4597
2025-06-13T00:00:00Z,13.9745,13.9883,12.7647,13.2397,492416.54512982
2025-06-13T08:00:00Z,13.2423,13.4806,13.1126,13.403,283443.63575014
2025-06-13T16:00:00Z,13.4093,13.6046,13.0355,13.4431,285227.97406072
2025-06-14T00:00:00Z,13.4442,13.4618,13.133,13.215,151129.3446
2025-06-14T08:00:00Z,13.2134,13.2188,12.9487,12.9961,122498.81
2025-06-14T16:00:00Z,12.9939,13.2047,12.8362,13.1513,156791.6284
2025-06-15T00:00:00Z,13.1529,13.3236,13.1153,13.1552,84688.8344
2025-06-15T08:00:00Z,13.1621,13.3089,13.0234,13.1737,115817.6514
2025-06-15T16:00:00Z,13.1828,13.3163,12.9955,13.2939,138991.85619938
2025-06-16T00:00:00Z,13.2945,13.7345,13.1716,13.6857,178213.5812
2025-06-16T08:00:00Z,13.6849,13.8902,13.5578,13.7971,156794.8178
2025-06-16T16:00:00Z,13.8009,14.1599,13.5257,13.5653,219040.58531579
2025-06-17T00:00:00Z,13.5651,13.7825,13.272,13.497,268523.7684
2025-06-17T08:00:00Z,13.4958,13.5115,12.9338,13.0534,185179.91965811
2025-06-17T16:00:00Z,13.0534,13.2452,12.8069,12.9916,265175.04496074
2025-06-18T00:00:00Z,12.9916,13.2234,12.9653,13.0863,138365.33413021
2025-06-18T08:00:00Z,13.0977,13.1321,12.6336,12.8906,243015.817
2025-06-18T16:00:00Z,12.8971,13.1495,12.6902,13.1166,318294.40161647
2025-06-19T00:00:00Z,13.1167,13.282,13.0216,13.1256,133727.9029
2025-06-19T08:00:00Z,13.1256,13.3741,12.9357,12.9459,124785.8183
2025-06-19T16:00:00Z,12.9573,13.165,12.9125,13.062,89691.8608
2025-06-20T00:00:00Z,13.0684,13.189,12.8854,13.1731,73365.697
2025-06-20T08:00:00Z,13.1793,13.2807,12.8293,12.9051,119297.0239
2025-06-20T16:00:00Z,12.9011,12.9119,12.3004,12.5107,226408.52439722
2025-06-21T00:00:00Z,12.5078,12.7298,12.492,12.6305,73727.09608453
2025-06-21T08:00:00Z,12.6384,12.7393,12.3985,12.4988,92140.803
2025-06-21T16:00:00Z,12.4875,12.5561,11.6828,12.023,322203.42506599
2025-06-22T00:00:00Z,12.0277,12.1995,11.8332,11.9678,195689.695
2025-06-22T08:00:00Z,11.9705,12.0107,11.2924,11.4448,403013.9511
2025-06-22T16:00:00Z,11.4396,11.6712,10.928,11.6566,301504.22393682
2025-06-23T00:00:00Z,11.6564,11.9197,11.5546,11.8565,115601.7705
2025-06-23T08:00:00Z,11.8561,12.0961,11.7005,11.7556,155556.12662794
2025-06-23T16:00:00Z,11.7566,12.9428,11.4032,12.8277,455840.18370687
2025-06-24T00:00:00Z,12.8258,13.3199,12.7814,13.0276,321152.02807345
2025-06-24T08:00:00Z,13.0264,13.4272,12.9377,13.3534,266136.6930519
2025-06-24T16:00:00Z,13.358,13.73,13.2666,13.4069,217897.09971549
2025-06-25T00:00:00Z,13.4127,13.5091,13.2519,13.455,100870.4322
2025-06-25T08:00:00Z,13.455,13.4739,13.0234,13.0533,213338.4568
2025-06-25T16:00:00Z,13.0563,13.3049,12.991,13.1391,184331.0286
2025-06-26T00:00:00Z,13.1392,13.5603,13.0696,13.3805,193861.5895
2025-06-26T08:00:00Z,13.3783,13.4533,12.9428,13.1146,237817.09288009
2025-06-26T16:00:00Z,13.1128,13.2754,12.8825,12.938,188328.0075088
2025-06-27T00:00:00Z,12.9396,13.2335,12.7757,13.0266,142747.23349548
2025-06-27T08:00:00Z,13.0251,13.2054,12.8661,13.0396,176048.5788
2025-06-27T16:00:00Z,13.0464,13.1866,12.7301,13.0482,168652.69151125
2025-06-28T00:00:00Z,13.0512,13.1803,13.0009,13.1644,111926.3109
2025-06-28T08:00:00Z,13.1669,13.2879,13.0482,13.2734,85014.29215719
2025-06-28T16:00:00Z,13.2755,13.4422,13.2208,13.3957,135927.2419
2025-06-29T00:00:00Z,13.3948,13.4413,13.2628,13.4406,93796.8246
2025-06-29T08:00:00Z,13.4413,13.4797,13.2641,13.2826,174170.18553489
2025-06-29T16:00:00Z,13.2893,13.869,13.2467,13.7046,176750.0898
2025-06-30T00:00:00Z,13.7069,13.7774,13.1925,13.3403,142417.9987
2025-06-30T08:00:00Z,13.335,13.4524,13.1245,13.374,193892.1138
2025-06-30T16:00:00Z,13.3784,13.669,13.2603,13.3772,239633.1251
2025-07-01T00:00:00Z,13.3727,13.4299,13.0875,13.2256,148327.02339324
2025-07-01T08:00:00Z,13.2294,13.2628,12.9446,13.0085,176996.95857871
2025-07-01T16:00:00Z,13.007,13.068,12.7888,12.8969,252507.07290047
2025-07-02T00:00:00Z,12.899,13.0884,12.7311,13.0337,189959.16820582
2025-07-02T08:00:00Z,13.0396,13.3738,12.9973,13.366,141493.8875
2025-07-02T16:00:00Z,13.3646,13.8459,13.3646,13.5496,212039.3855
2025-07-03T00:00:00Z,13.5553,13.9071,13.4376,13.8768,126765.3119
2025-07-03T08:00:00Z,13.881,14.0736,13.5808,13.6097,196504.71528737
2025-07-03T16:00:00Z,13.614,13.7919,13.6108,13.6684,100818.5138
2025-07-04T00:00:00Z,13.6678,13.7843,13.3658,13.3726,103035.8642
2025-07-04T08:00:00Z,13.372,13.4702,13.0564,13.0745,139151.0420932
2025-07-04T16:00:00Z,13.0745,13.2466,12.9392,13.1671,88129.60720345
2025-07-05T00:00:00Z,13.1689,13.2625,13.075,13.1851,61783.7071988
2025-07-05T08:00:00Z,13.1838,13.2585,13.108,13.1264,45236.96239282
2025-07-05T16:00:00Z,13.1267,13.2693,12.9973,13.2259,76002.3899
2025-07-06T00:00:00Z,13.2278,13.2523,13.1514,13.1542,35843.694
2025-07-06T08:00:00Z,13.1545,13.495,13.1031,13.4341,67209.4661
2025-07-06T16:00:00Z,13.433,13.6969,13.2881,13.483,101090.2314
2025-07-07T00:00:00Z,13.4842,13.7263,13.4126,13.6252,107917.17581756
2025-07-07T08:00:00Z,13.6252,13.6828,13.4546,13.5297,131008.1209
2025-07-07T16:00:00Z,13.5338,13.5838,13.2501,13.4333,115841.1802
2025-07-08T00:00:00Z,13.4356,13.4684,13.2026,13.3563,90089.4904904
2025-07-08T08:00:00Z,13.3576,13.6732,13.2537,13.4904,112735.1624
2025-07-08T16:00:00Z,13.4941,14,13.4531,13.9647,175817.17066793
2025-07-09T00:00:00Z,13.9697,14.2143,13.8147,14.1468,242787.0117
2025-07-09T08:00:00Z,14.1481,14.1861,13.9042,14.0148,235551.0615
2025-07-09T16:00:00Z,14.0158,14.3766,13.9268,14.2491,390587.18089277
2025-07-10T00:00:00Z,14.2494,14.479,14.1511,14.3983,240950.0302
2025-07-10T08:00:00Z,14.3997,14.4751,14.219,14.337,178415.1689
2025-07-10T16:00:00Z,14.3415,15.338,14.3228,15.2419,375283.88937728
2025-07-11T00:00:00Z,15.2396,15.6019,15.0162,15.2662,276922.77939923
2025-07-11T08:00:00Z,15.2668,15.8735,15.2339,15.4772,464958.24919512
2025-07-11T16:00:00Z,15.4798,15.84,15.0219,15.282,515399.5853826
2025-07-12T00:00:00Z,15.2811,15.4727,15.0396,15.2451,330605.3203
2025-07-12T08:00:00Z,15.2434,15.4099,14.7047,14.8345,438586.16295042
2025-07-12T16:00:00Z,14.835,15.1335,14.7626,15.0996,223606.8368
2025-07-13T00:00:00Z,15.1068,15.3706,15.0471,15.3585,206009.9587
2025-07-13T08:00:00Z,15.3581,15.9472,15.25,15.6995,354275.32989979
2025-07-13T16:00:00Z,15.6982,15.919,15.472,15.6518,352732.47351363
2025-07-14T00:00:00Z,15.6518,16.2936,15.6162,16.1549,454751.255
2025-07-14T08:00:00Z,16.1581,16.4632,15.819,15.9658,690905.81448602
2025-07-14T16:00:00Z,15.9694,16.157,15.5772,15.7553,565872.4499
2025-07-15T00:00:00Z,15.7553,15.8836,15.1399,15.404,312177.4477
2025-07-15T08:00:00Z,15.4077,15.7209,15.1799,15.5732,305055.8938
2025-07-15T16:00:00Z,15.5746,16.1956,15.5712,16.108,400211.86563209
2025-07-16T00:00:00Z,16.107,16.392,15.8237,16.3162,278112.4997
2025-07-16T08:00:00Z,16.3158,16.974,16.3155,16.6104,413624.5409
2025-07-16T16:00:00Z,16.612,17.0354,16.5779,16.6733,458212.8647
2025-07-17T00:00:00Z,16.6717,17.01,16.3265,16.9811,278338.55667875
2025-07-17T08:00:00Z,16.9846,17.3096,16.787,17.1416,416755.5974
2025-07-17T16:00:00Z,17.138,18.1041,16.774,17.9961,499526.77167876
2025-07-18T00:00:00Z,17.9969,19.1643,17.8564,18.5121,422152.66315999
2025-07-18T08:00:00Z,18.5069,18.7979,17.7334,17.9134,414546.25005218
2025-07-18T16:00:00Z,17.9195,18.1447,17.3228,17.8243,329788.67803387
2025-07-19T00:00:00Z,17.8245,18.3394,17.5374,17.9597,186487.7702
2025-07-19T08:00:00Z,17.9608,18.0076,17.5885,17.9225,174126.8314
2025-07-19T16:00:00Z,17.9202,18.5454,17.8567,18.3938,289864.8596
2025-07-20T00:00:00Z,18.3941,18.9658,18.3239,18.8038,220657.8371
2025-07-20T08:00:00Z,18.823,19.9507,18.8096,19.7078,403456.9473
2025-07-20T16:00:00Z,19.7112,19.7949,18.882,19.2819,487436.48188934
2025-07-21T00:00:00Z,19.2784,19.939,18.9909,19.7427,241116.70895914
2025-07-21T08:00:00Z,19.7482,20.2716,19.5915,19.7965,406927.51409553
2025-07-21T16:00:00Z,19.7977,19.8431,19.1778,19.4987,407489.5743
2025-07-22T00:00:00Z,19.5035,19.9868,18.84,19.0481,449621.7439
2025-07-22T08:00:00Z,19.0582,19.4746,18.6275,19.3529,352771.5937
2025-07-22T16:00:00Z,19.3431,19.6826,18.9721,19.6588,311305.65029965
2025-07-23T00:00:00Z,19.6623,19.7554,19,19.1378,236127.41090337
2025-07-23T08:00:00Z,19.1443,19.2539,17.8331,18.5,366224.3015
2025-07-23T16:00:00Z,18.4999,18.4999,17.5501,18.1734,491139.61033867
2025-07-24T00:00:00Z,18.1825,18.4766,17.1585,17.7333,339466.24087127
2025-07-24T08:00:00Z,17.7399,18.681,17.5854,18.4641,494467.6167
2025-07-24T16:00:00Z,18.4674,18.5866,17.8513,17.9084,318222.0353
2025-07-25T00:00:00Z,17.914,17.914,17.2602,17.5006,444696.6547
2025-07-25T08:00:00Z,17.4945,18.4857,17.4117,17.6075,397276.7664
2025-07-25T16:00:00Z,17.6127,18.4124,17.4518,18.2825,272786.8894
2025-07-26T00:00:00Z,18.2822,18.4556,18.1823,18.2188,117670.69327798
2025-07-26T08:00:00Z,18.2271,18.4928,18.166,18.3978,156756.77319721
2025-07-26T16:00:00Z,18.3988,18.6363,18.2189,18.4093,215108.6242
2025-07-27T00:00:00Z,18.4091,19.065,18.3551,18.7793,182531.1574
2025-07-27T08:00:00Z,18.7793,18.9937,18.5542,18.8504,196658.5928
2025-07-27T16:00:00Z,18.852,19.2867,18.8438,19.2336,273957.20091058
2025-07-28T00:00:00Z,19.2374,19.554,18.9246,19.2976,252194.7183
2025-07-28T08:00:00Z,19.2936,19.3435,18.2817,18.3879,236667.9153
2025-07-28T16:00:00Z,18.3931,18.5034,17.9611,18.1137,345735.1626796
2025-07-29T00:00:00Z,18.1164,18.5942,17.8822,18.5871,350826.24499226
2025-07-29T08:00:00Z,18.5887,18.632,17.6043,17.6844,314371.6737
2025-07-29T16:00:00Z,17.6835,17.9243,17.4751,17.8295,371010.19459951
2025-07-30T00:00:00Z,17.8289,17.9492,17.6214,17.707,275571.4799
2025-07-30T08:00:00Z,17.704,17.8168,17.2023,17.5926,354444.3267
2025-07-30T16:00:00Z,17.5948,17.7876,16.7549,17.7032,358884.46956607
2025-07-31T00:00:00Z,17.7085,18.1344,17.6444,18.0295,182230.69808828
2025-07-31T08:00:00Z,18.0295,18.2321,17.3373,17.5272,522605.2048
2025-07-31T16:00:00Z,17.5271,17.8566,16.8526,16.9314,600920.0468
2025-08-01T00:00:00Z,16.9279,17.035,16.4409,16.6328,710115.1979
2025-08-01T08:00:00Z,16.6327,16.8027,16.1547,16.632,420666.9525
2025-08-01T16:00:00Z,16.6321,16.7492,15.6682,16.0737,589515.3643605
2025-08-02T00:00:00Z,16.068,16.25,15.786,16.1373,242209.8979
2025-08-02T08:00:00Z,16.1381,16.1733,15.7277,15.7867,291150.4614
2025-08-02T16:00:00Z,15.7817,15.9223,15.436,15.642,589383.0495775
2025-08-03T00:00:00Z,15.6431,16.0284,15.4425,16.014,332388.60948803
2025-08-03T08:00:00Z,16.0154,16.24,16.0029,16.2375,156463.4272
2025-08-03T16:00:00Z,16.2372,16.3966,16.1856,16.2924,182259.5968
2025-08-04T00:00:00Z,16.2924,16.6657,16.2733,16.6307,181205.1068
2025-08-04T08:00:00Z,16.6332,16.959,16.5417,16.9285,266004.29012721
2025-08-04T16:00:00Z,16.9246,17.2031,16.815,17.1115,293045.8294
2025-08-05T00:00:00Z,17.1173,17.1205,16.4296,16.5029,154027.1687
2025-08-05T08:00:00Z,16.5004,16.9794,16.2061,16.2635,384803.81679106
2025-08-05T16:00:00Z,16.2601,16.4394,16.0777,16.3834,261856.3155
2025-08-06T00:00:00Z,16.3829,16.5272,16.0355,16.5142,162650.3006
2025-08-06T08:00:00Z,16.5166,16.8039,16.2421,16.7756,211050.87499957
2025-08-06T16:00:00Z,16.7872,16.9011,16.6129,16.6689,139524.2300061
2025-08-07T00:00:00Z,16.6674,16.8397,16.5814,16.8288,133847.2957
2025-08-07T08:00:00Z,16.8368,18.0952,16.8127,17.84,350011.49843942
2025-08-07T16:00:00Z,17.842,18.4942,17.6196,18.468,438596.8284
2025-08-08T00:00:00Z,18.4669,19.4242,18.0881,19.3361,500826.01890897
2025-08-08T08:00:00Z,19.3301,19.9192,19.0723,19.2053,360303.92328598
2025-08-08T16:00:00Z,19.2078,19.9646,19.0792,19.8883,272077.86916576
2025-08-09T00:00:00Z,19.8878,21.4669,19.7863,20.802,508836.41554177
2025-08-09T08:00:00Z,20.8041,21.424,20.7103,21.0679,308032.3687
2025-08-09T16:00:00Z,21.071,21.9869,21.0696,21.945,412162.12299911
2025-08-10T00:00:00Z,21.9457,22.6948,21.241,21.8917,469236.6597
2025-08-10T08:00:00Z,21.8923,22.5379,21.1578,22.4933,392803.06729965
2025-08-10T16:00:00Z,22.4986,22.7135,21.7878,22.0688,268425.549
2025-08-11T00:00:00Z,22.0679,22.6076,21.8168,21.9535,412566.73650644
2025-08-11T08:00:00Z,21.9506,22.0792,21.1934,21.9634,361285.70359991
2025-08-11T16:00:00Z,21.9635,22.2637,20.8477,21.0682,402629.08807644
2025-08-12T00:00:00Z,21.0708,21.7378,21.0495,21.4803,227523.2131
2025-08-12T08:00:00Z,21.4897,24.1114,21.005,24.0315,619279.5183
2025-08-12T16:00:00Z,24.0273,24.1937,23.1,23.6009,447262.63569914
2025-08-13T00:00:00Z,23.5928,24.7343,23.2392,23.4156,598672.7377
2025-08-13T08:00:00Z,23.411,24.368,23.3444,23.6156,543331.14362187
2025-08-13T16:00:00Z,23.6148,24.1642,23.4978,23.9703,446062.55617112
2025-08-14T00:00:00Z,23.9777,24.3093,23.4083,23.537,489043.8479
2025-08-14T08:00:00Z,23.5371,23.8071,21.384,22.7612,874136.32215018
2025-08-14T16:00:00Z,22.7612,22.7914,21.852,22.4653,481252.73411609
2025-08-15T00:00:00Z,22.4635,23.041,22.1793,22.5848,325130.347
2025-08-15T08:00:00Z,22.5824,22.6725,21.426,21.5876,556535.7368645
2025-08-15T16:00:00Z,21.5915,22.0315,21.3544,21.7581,496205.94469891
2025-08-16T00:00:00Z,21.7472,22.1483,21.5169,22.0515,284660.7514
2025-08-16T08:00:00Z,22.0587,22.1693,21.402,22.0073,312962.98879948
2025-08-16T16:00:00Z,21.9879,22.9687,21.9501,22.6365,337645.6333
2025-08-17T00:00:00Z,22.6395,24.547,22.3702,24.2833,388112.06457682
2025-08-17T08:00:00Z,24.2889,26.3039,24.0809,26.3036,506602.58321932
2025-08-17T16:00:00Z,26.2893,26.334,25.2311,25.6534,554583.20826428
2025-08-18T00:00:00Z,25.6344,26.2314,24.285,24.7058,683940.26069145
2025-08-18T08:00:00Z,24.7049,25.9439,24.3687,25.3793,679214.58200036
2025-08-18T16:00:00Z,25.3736,26.7211,24.808,25.7708,591582.24365038
2025-08-19T00:00:00Z,25.7846,25.8109,23.9109,24.3033,572952.95063015
2025-08-19T08:00:00Z,24.3024,24.9458,23.8609,24.2821,527288.6966409
2025-08-19T16:00:00Z,24.277,24.5112,23.4441,23.5555,529766.52323355
2025-08-20T00:00:00Z,23.5542,24.8427,23.3741,24.4233,385293.90495622
2025-08-20T08:00:00Z,24.4256,26.4617,24.3494,25.9557,1028129.18668966
2025-08-20T16:00:00Z,25.9526,26.8847,25.4533,26.4564,647422.7548
2025-08-21T00:00:00Z,26.4318,26.5966,25.4934,25.7151,396313.3527
2025-08-21T08:00:00Z,25.7157,26.3833,24.988,25.0861,609874.59102611
2025-08-21T16:00:00Z,25.0862,25.2544,24.6402,24.8173,490918.35777584
2025-08-22T00:00:00Z,24.8124,25.2295,24.5311,25.045,314274.71893372
2025-08-22T08:00:00Z,25.0387,26.75,24.1107,26.4642,805822.85773977
2025-08-22T16:00:00Z,26.4643,27.8696,26.4539,26.7928,644624.75996667
2025-08-23T00:00:00Z,26.7982,26.8167,25.7342,25.8763,381304.48161199
2025-08-23T08:00:00Z,25.8761,26.2106,25.5357,26.0031,296934.35307259
2025-08-23T16:00:00Z,26.0115,26.3725,25.8282,26.2855,150765.78913315
2025-08-24T00:00:00Z,26.2848,26.329,25.5611,25.6032,159938.14945841
2025-08-24T08:00:00Z,25.6056,25.8752,25.2782,25.5715,211261.10839293
2025-08-24T16:00:00Z,25.5682,26.6224,25.2543,25.8258,524727.39653883
2025-08-25T00:00:00Z,25.8223,26.4576,24.8196,24.9679,413022.73755245
2025-08-25T08:00:00Z,24.9751,25.1678,24.2385,24.4157,469534.5329
2025-08-25T16:00:00Z,24.4154,24.8064,23.0784,23.3876,627642.24393795
2025-08-26T00:00:00Z,23.3876,23.6275,22.8788,23.1471,410754.296235
2025-08-26T08:00:00Z,23.1424,24.5181,22.9031,24.1633,533888.38118239
2025-08-26T16:00:00Z,24.1633,24.7479,23.9491,24.3783,378588.11564901
2025-08-27T00:00:00Z,24.3792,24.6834,24.0058,24.1583,260204.7162825
2025-08-27T08:00:00Z,24.1645,24.6791,23.9678,24.2911,357014.71628929
2025-08-27T16:00:00Z,24.3013,24.5851,23.5871,23.7773,549275.32597301
2025-08-28T00:00:00Z,23.7735,24.3677,23.5553,24.2153,299784.5038
2025-08-28T08:00:00Z,24.2189,26.0211,23.6005,24.7925,751864.0666088
2025-08-28T16:00:00Z,24.7919,25.4073,24.424,25.1799,614834.94316858
2025-08-29T00:00:00Z,25.1784,25.2294,23.3724,23.5351,608378.23758002
2025-08-29T08:00:00Z,23.545,24.135,23.1152,23.4458,559817.4446
2025-08-29T16:00:00Z,23.4434,23.5994,23.1127,23.4245,577035.01280581
2025-08-30T00:00:00Z,23.4292,23.519,22.8211,23.3692,266595.5114
2025-08-30T08:00:00Z,23.3683,23.4972,22.964,23.4137,209303.01629894
2025-08-30T16:00:00Z,23.4091,23.507,23.2719,23.5044,276403.03808652
2025-08-31T00:00:00Z,23.5052,23.9517,23.4143,23.7255,200330.65900254
2025-08-31T08:00:00Z,23.7221,24.056,23.56,23.7791,240351.71563749
2025-08-31T16:00:00Z,23.7902,23.8727,23.189,23.201,253376.14635395
2025-09-01T00:00:00Z,23.1951,23.6283,22.7174,23.5914,362186.15011381
2025-09-01T08:00:00Z,23.5885,23.8541,22.7389,22.7966,286058.5269832
2025-09-01T16:00:00Z,22.7947,22.8484,22.0852,22.514,377545.4203157
2025-09-02T00:00:00Z,22.5166,23.5171,22.344,23.2348,229352.21128408
2025-09-02T08:00:00Z,23.2281,23.5348,22.6404,22.8484,265015.66306405
2025-09-02T16:00:00Z,22.8484,23.5898,22.7978,23.4866,212281.7412164
2025-09-03T00:00:00Z,23.4924,23.6083,23.2162,23.2887,130680.0441
2025-09-03T08:00:00Z,23.2847,23.833,23.2256,23.8156,258952.59247857
2025-09-03T16:00:00Z,23.8271,23.91,23.6233,23.6995,188400.99324898
2025-09-04T00:00:00Z,23.7009,23.956,23.1361,23.2763,172216.01654184
2025-09-04T08:00:00Z,23.2762,23.4302,22.4601,22.4702,262267.13329657
2025-09-04T16:00:00Z,22.4717,22.6272,22.1917,22.3157,360039.90315976
2025-09-05T00:00:00Z,22.3144,23.1,22.2643,23.0719,240651.50667045
2025-09-05T08:00:00Z,23.07,23.2368,22.1015,22.2358,490169.01935574
2025-09-05T16:00:00Z,22.2372,22.5528,22.0399,22.2914,407195.10951514
2025-09-06T00:00:00Z,22.284,22.5083,22.1346,22.2131,96201.90278642
2025-09-06T08:00:00Z,22.2171,22.3283,22.0399,22.0612,91955.27343428
2025-09-06T16:00:00Z,22.0567,22.2943,21.8646,22.1968,208712.9203
2025-09-07T00:00:00Z,22.1958,22.464,22.1833,22.3001,73826.4701
2025-09-07T08:00:00Z,22.2948,22.4644,22.1346,22.4042,140705.1674
2025-09-07T16:00:00Z,22.4049,22.6055,22.1208,22.4643,173474.9911
2025-09-08T00:00:00Z,22.4631,22.792,22.2339,22.3963,193024.69355469
2025-09-08T08:00:00Z,22.405,23.3017,22.3632,23.2154,367927.36408687
2025-09-08T16:00:00Z,23.2131,23.298,22.846,23.0422,290470.38458513
2025-09-09T00:00:00Z,23.0396,23.7695,22.8576,23.6786,259570.5645
2025-09-09T08:00:00Z,23.6788,23.8232,22.8334,22.9322,346645.1071
2025-09-09T16:00:00Z,22.9311,23.194,22.8501,23.0457,196475.41615117
2025-09-10T00:00:00Z,23.0495,23.6582,22.8871,23.4475,221894.71972141
2025-09-10T08:00:00Z,23.446,23.9295,23.285,23.6746,263012.4800017
2025-09-10T16:00:00Z,23.679,23.7066,23.2041,23.5765,189236.79771199
2025-09-11T00:00:00Z,23.5752,23.8936,23.4351,23.827,138038.6156
2025-09-11T08:00:00Z,23.827,24.2744,23.3282,23.5111,311771.34241382
2025-09-11T16:00:00Z,23.5221,24.4941,23.5217,24.4641,203403.48615892
2025-09-12T00:00:00Z,24.4642,24.8235,24.3638,24.5323,144145.05294928
2025-09-12T08:00:00Z,24.5356,24.6619,24.1684,24.4929,239691.88135806
2025-09-12T16:00:00Z,24.4831,25.324,24.4308,25.128,284625.47508495
2025-09-13T00:00:00Z,25.1316,25.297,24.9315,25.1695,146169.29261909
2025-09-13T08:00:00Z,25.1694,25.6359,24.6972,24.8379,200469.80256504
2025-09-13T16:00:00Z,24.8378,24.9824,24.4441,24.8848,195901.72402622
2025-09-14T00:00:00Z,24.8838,25.016,24.4799,24.6072,135811.6942
2025-09-14T08:00:00Z,24.6084,24.7637,23.8444,24.0446,179095.6778
2025-09-14T16:00:00Z,24.0371,24.399,24.0104,24.0984,129470.05336796
2025-09-15T00:00:00Z,24.0861,24.4299,23.7588,23.8526,141095.71466192
2025-09-15T08:00:00Z,23.8521,23.8521,23.0017,23.1706,233748.06369034
2025-09-15T16:00:00Z,23.1681,23.8641,22.9801,23.5637,162246.69966587
2025-09-16T00:00:00Z,23.5644,23.628,23.1632,23.4819,109405.7085
2025-09-16T08:00:00Z,23.4902,23.7562,23.0931,23.4597,131516.42469045
2025-09-16T16:00:00Z,23.4619,23.7466,23.2534,23.4846,158924.4223
2025-09-17T00:00:00Z,23.4877,23.63,23.1981,23.5592,111872.28778206
2025-09-17T08:00:00Z,23.5572,23.5573,22.7638,22.962,178027.04948446
2025-09-17T16:00:00Z,22.9501,24.2351,22.786,23.9919,384748.78327555
2025-09-18T00:00:00Z,23.9919,24.1888,23.6838,23.9662,184678.34370154
2025-09-18T08:00:00Z,23.9641,24.498,23.921,24.4629,189759.27490289
2025-09-18T16:00:00Z,24.4637,24.7391,24.288,24.6241,212139.939912
2025-09-19T00:00:00Z,24.6428,24.8732,24.2321,24.7381,165585.55030429
2025-09-19T08:00:00Z,24.7346,24.8477,23.3328,23.6048,269655.66932204
2025-09-19T16:00:00Z,23.6034,23.7104,23.2694,23.4747,211300.0509
2025-09-20T00:00:00Z,23.4732,23.651,23.3467,23.5081,75656.95169941
2025-09-20T08:00:00Z,23.5036,23.5815,23.0975,23.4271,86465.872
2025-09-20T16:00:00Z,23.4303,23.4936,23.23,23.3329,109980.18436874
2025-09-21T00:00:00Z,23.3293,23.4791,23.2401,23.3567,51919.0974694
2025-09-21T08:00:00Z,23.3567,23.3991,23.022,23.0901,90095.22783091
2025-09-21T16:00:00Z,23.0896,23.1974,22.904,22.9593,298600.7427
2025-09-22T00:00:00Z,22.9516,23.0443,20.1804,21.2814,706789.5013
2025-09-22T08:00:00Z,21.2839,21.6106,21.0602,21.2001,294800.9879906
2025-09-22T16:00:00Z,21.2001,21.6728,21.1146,21.6523,290028.64908056
2025-09-23T00:00:00Z,21.6509,21.8853,21.1801,21.794,208691.2562655
2025-09-23T08:00:00Z,21.7984,22.0435,21.6881,21.8615,189608.16157746
2025-09-23T16:00:00Z,21.859,21.9886,21.4762,21.5184,153258.66399513
2025-09-24T00:00:00Z,21.5211,21.8122,20.9784,21.7168,307312.9129
2025-09-24T08:00:00Z,21.7234,21.9547,21.554,21.7654,124318.1245
2025-09-24T16:00:00Z,21.7703,21.9599,21.5591,21.605,132766.65322343
2025-09-25T00:00:00Z,21.6071,21.6554,20.8918,20.9671,395193.79017008
2025-09-25T08:00:00Z,20.9691,21.1557,20.3903,20.8776,426708.03163113
2025-09-25T16:00:00Z,20.8815,20.9,19.8315,20.1405,562577.33938921
2025-09-26T00:00:00Z,20.1405,20.6356,20.1003,20.361,264216.82068051
2025-09-26T08:00:00Z,20.3613,20.6533,19.936,20.5938,324362.10249347
2025-09-26T16:00:00Z,20.5926,21.2392,20.5797,21.0645,240104.50440855
2025-09-27T00:00:00Z,21.0645,21.1457,20.9142,20.9527,63803.54712957
2025-09-27T08:00:00Z,20.9555,21.1027,20.8249,20.9548,100471.44591726
2025-09-27T16:00:00Z,20.9549,21.0858,20.7328,20.9164,127863.7483
2025-09-28T00:00:00Z,20.9164,20.9434,20.6405,20.7345,94226.46736301
2025-09-28T08:00:00Z,20.7344,20.9891,20.4356,20.9801,125441.77340414
2025-09-28T16:00:00Z,20.9833,21.713,20.9833,21.6764,150052.59721744
2025-09-29T00:00:00Z,21.6762,21.6877,21.1571,21.2593,109478.85080294
2025-09-29T08:00:00Z,21.2578,21.6956,20.91,21.3921,246701.82136507
2025-09-29T16:00:00Z,21.3952,21.8962,21.2081,21.7325,156341.6491
2025-09-30T00:00:00Z,21.7311,21.8755,21.3539,21.421,124423.5692
2025-09-30T08:00:00Z,21.4208,21.5031,20.9727,21.1088,219828.29807496
2025-09-30T16:00:00Z,21.1028,21.6856,20.991,21.3051,208043.0858
2025-10-01T00:00:00Z,21.309,21.5734,21.0647,21.3318,100285.84119745
2025-10-01T08:00:00Z,21.3254,22.4876,21.3133,22.4053,294525.87652825
2025-10-01T16:00:00Z,22.4053,22.6282,22.2572,22.5757,159490.44036886
2025-10-02T00:00:00Z,22.5765,22.8525,22.4246,22.572,145511.37566737
2025-10-02T08:00:00Z,22.5746,22.6238,21.9336,22.4236,277665.47082467
2025-10-02T16:00:00Z,22.4184,23.1248,22.3849,22.7769,301886.5738
2025-10-03T00:00:00Z,22.7771,22.8699,22.3001,22.3845,160063.7537
2025-10-03T08:00:00Z,22.3872,22.743,22.0949,22.7176,167186.1888
2025-10-03T16:00:00Z,22.7235,23.0832,22.1062,22.5095,285519.05314381
2025-10-04T00:00:00Z,22.5117,22.616,22.0486,22.0731,99025.16679431
2025-10-04T08:00:00Z,22.0732,22.1649,21.7681,21.8368,128908.45819933
2025-10-04T16:00:00Z,21.8398,22.1362,21.8162,22.0171,144525.565
2025-10-05T00:00:00Z,22.0177,22.8435,21.9359,22.8047,198759.9873
2025-10-05T08:00:00Z,22.8167,22.9349,22.404,22.4666,179404.75044995
2025-10-05T16:00:00Z,22.4691,22.6327,21.8863,21.9929,193279.6325
2025-10-06T00:00:00Z,22.0019,22.215,21.51,21.9264,253173.4649
2025-10-06T08:00:00Z,21.933,22.9731,21.9307,22.8275,214293.23336058
2025-10-06T16:00:00Z,22.8282,23.5912,22.7838,23.3649,325630.67173935
2025-10-07T00:00:00Z,23.365,23.7218,22.8321,22.8507,271380.43516646
2025-10-07T08:00:00Z,22.8545,23.1,21.8502,21.9951,464539.88730742
2025-10-07T16:00:00Z,21.9951,22.2049,21.7522,21.7993,333615.03257243
2025-10-08T00:00:00Z,21.8004,22.1483,21.628,21.9118,228828.0435
2025-10-08T08:00:00Z,21.9118,22.3482,21.8414,22.0015,272324.27588576
2025-10-08T16:00:00Z,21.9975,22.6608,21.9563,22.6253,220407.62677257
2025-10-09T00:00:00Z,22.6275,22.6681,21.9408,21.9757,277234.0624
2025-10-09T08:00:00Z,21.9751,22.0413,21.3277,21.4962,458790.18140623
2025-10-09T16:00:00Z,21.5016,22.1274,21.326,21.9946,371181.63105733
2025-10-10T00:00:00Z,21.998,22.618,21.9741,22.2977,269882.3134
2025-10-10T08:00:00Z,22.2953,22.7779,21.2182,21.3576,383929.154
2025-10-10T16:00:00Z,21.3725,21.5418,6.548,17.3001,2398298.2229894
2025-10-11T00:00:00Z,17.3001,18.1517,16.8803,17.7348,890731.38464121
2025-10-11T08:00:00Z,17.7337,18.5139,17.4267,17.9763,652164.32367171
2025-10-11T16:00:00Z,17.9822,18.1686,16.5974,17.1996,798260.96248875
2025-10-12T00:00:00Z,17.2044,17.5189,16.6836,17.4044,496898.7609
2025-10-12T08:00:00Z,17.4078,18.8149,17.1847,18.7735,628962.43354929
2025-10-12T16:00:00Z,18.7767,19.429,18.7767,18.9929,754456.2752
2025-10-13T00:00:00Z,18.993,19.6714,18.7525,19.5437,401092.1596
2025-10-13T08:00:00Z,19.5419,19.841,18.9513,19.7344,626921.01645252
2025-10-13T16:00:00Z,19.7371,20.1835,19.4712,19.8439,496462.0006
2025-10-14T00:00:00Z,19.8459,20.0617,18.2956,18.5574,579921.72229176
2025-10-14T08:00:00Z,18.5597,19.0553,18.077,19.0397,709944.43163442
2025-10-14T16:00:00Z,19.0477,19.3696,18.6325,19.1011,464481.475
2025-10-15T00:00:00Z,19.1024,19.244,18.8382,18.8737,350720.46688101
2025-10-15T08:00:00Z,18.8619,19.2561,18.0336,18.1283,452738.1090013
2025-10-15T16:00:00Z,18.125,18.2532,17.7312,18.0537,350062.31876224
2025-10-16T00:00:00Z,18.0538,18.2087,17.922,18.0529,175550.2286
2025-10-16T08:00:00Z,18.0517,18.6233,17.5689,17.6598,462856.93791487
2025-10-16T16:00:00Z,17.6562,18.0771,17.1042,17.4295,703730.7851
2025-10-17T00:00:00Z,17.426,17.6832,16.1774,16.2004,419600.57795049
2025-10-17T08:00:00Z,16.2036,16.6934,15.6903,16.6245,959264.83484374
2025-10-17T16:00:00Z,16.632,16.8613,16.2481,16.6022,445462.2405
2025-10-18T00:00:00Z,16.6073,17.0044,16.5761,16.6992,213714.101
2025-10-18T08:00:00Z,16.7094,16.969,16.6229,16.7854,314120.397
2025-10-18T16:00:00Z,16.7895,16.9558,16.6338,16.8159,248416.9143
2025-10-19T00:00:00Z,16.8138,16.9079,16.6454,16.7975,180891.5579
2025-10-19T08:00:00Z,16.7977,17.5433,16.5246,17.407,484013.18195906
2025-10-19T16:00:00Z,17.4055,17.657,17.2436,17.2842,315418.13096548
2025-10-20T00:00:00Z,17.2855,18.9606,16.9276,18.6234,559363.81882518
2025-10-20T08:00:00Z,18.626,19.1899,18.5672,18.7739,342287.12491059
2025-10-20T16:00:00Z,18.7704,18.9513,18.4405,18.6595,422194.7600698
2025-10-21T00:00:00Z,18.6564,18.9573,17.6694,18.0665,384698.0433
2025-10-21T08:00:00Z,18.0665,18.967,17.8029,18.8048,498178.9257
2025-10-21T16:00:00Z,18.8003,18.9021,17.5423,17.6034,593764.1709
2025-10-22T00:00:00Z,17.605,17.8371,17.4291,17.6182,428105.5099
2025-10-22T08:00:00Z,17.6197,17.6197,17.1485,17.4763,467725.1834
2025-10-22T16:00:00Z,17.4712,17.5097,16.7196,17.1995,683491.89460791
2025-10-23T00:00:00Z,17.2058,17.6759,17.1721,17.5751,242033.33159965
2025-10-23T08:00:00Z,17.5804,17.7046,17.0991,17.4111,380325.12246612
2025-10-23T16:00:00Z,17.4116,17.792,17.1859,17.4289,332375.1598
2025-10-24T00:00:00Z,17.4289,17.74,17.2962,17.6436,250687.717
2025-10-24T08:00:00Z,17.6393,18.0933,17.4583,17.5545,343651.72917254
2025-10-24T16:00:00Z,17.5579,17.9881,17.4751,17.8946,219462.10747788
2025-10-25T00:00:00Z,17.8929,18.0114,17.7844,17.8804,179863.03850047
2025-10-25T08:00:00Z,17.877,18.0907,17.861,17.9855,137147.57337248
2025-10-25T16:00:00Z,17.9884,18.2448,17.9587,18.0168,232668.2333
2025-10-26T00:00:00Z,18.0154,18.0264,17.6921,17.8585,215046.95126845
2025-10-26T08:00:00Z,17.8585,18.4887,17.8529,18.3332,442949.60976754
2025-10-26T16:00:00Z,18.3312,18.6839,18.0546,18.5427,384061.35268953
2025-10-27T00:00:00Z,18.5426,19.0499,18.4954,18.8285,282117.25849141
2025-10-27T08:00:00Z,18.8337,18.9114,18.1716,18.4098,500369.99842324
2025-10-27T16:00:00Z,18.4089,18.906,18.0713,18.209,485884.62633985
2025-10-28T00:00:00Z,18.2149,18.5101,18.0195,18.3255,279326.06527289
2025-10-28T08:00:00Z,18.324,18.8182,18.071,18.3814,358435.39440753
2025-10-28T16:00:00Z,18.381,18.655,17.4341,17.8278,702446.3701
2025-10-29T00:00:00Z,17.8297,18.0031,17.7445,17.9281,181617.4654
2025-10-29T08:00:00Z,17.929,18.3124,17.737,18.0217,275298.2711
2025-10-29T16:00:00Z,18.0213,18.6717,17.5411,18.1358,558346.9112
2025-10-30T00:00:00Z,18.1377,18.4269,17.4716,18.3672,421026.95370019
2025-10-30T08:00:00Z,18.3641,18.3776,16.8552,16.9064,496438.2955
2025-10-30T16:00:00Z,16.9042,17.0127,16.3283,16.8047,541677.80136744
2025-10-31T00:00:00Z,16.8046,17.305,16.7414,17.2258,421277.2838
2025-10-31T08:00:00Z,17.2254,17.4542,17.0884,17.2861,450984.7534
2025-10-31T16:00:00Z,17.2873,17.362,16.7759,17.2359,435831.4147
2025-11-01T00:00:00Z,17.2401,17.3341,17.0622,17.3188,122723.35349948
2025-11-01T08:00:00Z,17.3228,17.435,17.1237,17.2533,186720.0107
2025-11-01T16:00:00Z,17.2562,17.3333,17.0402,17.146,241958.7176
2025-11-02T00:00:00Z,17.1458,17.5944,17.0514,17.5374,162551.8512
2025-11-02T08:00:00Z,17.535,17.6329,17.0631,17.1369,132886.43073712
2025-11-02T16:00:00Z,17.1378,17.628,16.9931,17.5902,230016.044
2025-11-03T00:00:00Z,17.6037,17.6581,15.8701,16.1301,535292.33333089
2025-11-03T08:00:00Z,16.1295,16.339,14.5509,15.2995,498751.4278
2025-11-03T16:00:00Z,15.3131,15.8615,15.0584,15.2474,811280.8061
2025-11-04T00:00:00Z,15.2555,15.5065,14.5669,14.633,603114.28589844
2025-11-04T08:00:00Z,14.6318,15.4293,14.5218,15.117,731994.88473336
2025-11-04T16:00:00Z,15.1151,15.2305,13.6932,14.686,1186847.57095328
2025-11-05T00:00:00Z,14.6867,15.016,13.9891,14.9109,720557.6106178
2025-11-05T08:00:00Z,14.9081,15.1112,14.5441,15.0972,886034.52957645
2025-11-05T16:00:00Z,15.0973,15.4505,14.9148,15.0974,392604.09769946
2025-11-06T00:00:00Z,15.0933,15.2342,14.8221,14.9077,425082.8044
2025-11-06T08:00:00Z,14.8995,15.1021,14.3721,14.4631,514997.02133709
2025-11-06T16:00:00Z,14.4623,14.7912,14.2452,14.7436,821409.46437477
2025-11-07T00:00:00Z,14.7443,15.1708,14.5796,15.1628,619904.75979761
2025-11-07T08:00:00Z,15.1609,15.184,14.3077,15.0293,806335.509595
2025-11-07T16:00:00Z,15.0297,16.2215,14.9528,15.7912,930483.74129603
2025-11-08T00:00:00Z,15.7902,16.0259,15.5342,15.7146,1012576.16458572
2025-11-08T08:00:00Z,15.7177,15.9222,15.1786,15.2137,867874.25493197
2025-11-08T16:00:00Z,15.2064,15.5469,15.123,15.5223,787058.72109196
2025-11-09T00:00:00Z,15.5189,15.526,15.0233,15.3725,428079.26549481
2025-11-09T08:00:00Z,15.3691,15.9454,15.0802,15.823,625965.0422
2025-11-09T16:00:00Z,15.83,16.1292,15.7264,15.9285,577923.48697971
2025-11-10T00:00:00Z,15.9233,16.4268,15.7857,16.3688,616861.79149662
2025-11-10T08:00:00Z,16.3689,16.6705,15.9787,16.0929,689516.78265802
2025-11-10T16:00:00Z,16.093,16.4583,15.9221,16.3626,892424.62319258
2025-11-11T00:00:00Z,16.3673,16.7941,15.9905,15.9928,314021.4414
2025-11-11T08:00:00Z,15.9922,16.2974,15.7101,15.7962,614234.04428732
2025-11-11T16:00:00Z,15.7953,15.8874,15.2429,15.2866,624957.3088
2025-11-12T00:00:00Z,15.2918,15.5517,15.1854,15.3367,946319.7883
2025-11-12T08:00:00Z,15.3365,16.2525,15.3365,15.3746,966424.5447
2025-11-12T16:00:00Z,15.3741,15.4224,14.9255,15.1494,734415.7967
2025-11-13T00:00:00Z,15.1511,16.0166,15.0738,15.8828,563641.01826565
2025-11-13T08:00:00Z,15.8777,15.9506,15.2476,15.3196,411913.24293405
2025-11-13T16:00:00Z,15.32,15.3629,14.15,14.5498,927601.66805026
2025-11-14T00:00:00Z,14.5525,14.6056,13.9002,14.4518,942341.74539604
2025-11-14T08:00:00Z,14.4508,14.4573,13.8255,14.2904,1172234.73173676
2025-11-14T16:00:00Z,14.297,14.4917,13.5699,13.809,1165191.26233087
2025-11-15T00:00:00Z,13.8078,14.2861,13.7978,14.0761,409307.33916537
2025-11-15T08:00:00Z,14.0825,14.2956,13.8337,14.1725,362003.7797
2025-11-15T16:00:00Z,14.1679,14.3344,13.9953,14.1419,390976.051
2025-11-16T00:00:00Z,14.1354,14.3392,13.8538,14.3343,253827.22076668
2025-11-16T08:00:00Z,14.3346,14.5282,13.7492,13.7856,495558.64130147
2025-11-16T16:00:00Z,13.7812,13.8899,13.3934,13.736,753348.17384981
2025-11-17T00:00:00Z,13.738,14.1616,13.5779,14.1203,612824.431
2025-11-17T08:00:00Z,14.122,14.2786,13.5938,13.7147,567997.1524
2025-11-17T16:00:00Z,13.7143,13.7975,13.0867,13.3319,955764.59282463
2025-11-18T00:00:00Z,13.3318,13.585,13.0656,13.3852,808126.2896
2025-11-18T08:00:00Z,13.3867,13.8204,13.2931,13.7127,855737.0702
2025-11-18T16:00:00Z,13.7161,13.9915,13.6798,13.8014,520390.9922
2025-11-19T00:00:00Z,13.797,13.8394,13.118,13.4833,686123.7017
2025-11-19T08:00:00Z,13.4827,13.5573,12.9832,13.0203,743110.8538
2025-11-19T16:00:00Z,13.021,13.5839,12.7702,13.5284,1023191.2421431
2025-11-20T00:00:00Z,13.5272,13.9466,13.4651,13.9426,605507.5148
2025-11-20T08:00:00Z,13.9437,13.998,13.4062,13.423,766022.76719027
2025-11-20T16:00:00Z,13.4202,13.4438,12.7705,12.9382,1248587.72140527
2025-11-21T00:00:00Z,12.9375,13.2102,11.7581,12.2757,1061303.63926617
2025-11-21T08:00:00Z,12.2739,12.4269,11.614,11.9122,1173675.07652536
2025-11-21T16:00:00Z,11.9155,12.364,11.7277,12.1164,1083716.65792652
2025-11-22T00:00:00Z,12.1177,12.2452,11.844,11.9961,674147.2945
2025-11-22T08:00:00Z,11.997,12.0251,11.7425,11.9223,783436.68282831
2025-11-22T16:00:00Z,11.9213,12.3013,11.9149,12.1761,596919.7142635
2025-11-23T00:00:00Z,12.1759,12.6033,12.1155,12.3664,577856.0428
2025-11-23T08:00:00Z,12.3667,12.7274,12.3667,12.6789,567435.7021
2025-11-23T16:00:00Z,12.6786,12.7477,12.4531,12.5234,757372.8678
2025-11-24T00:00:00Z,12.5168,12.855,12.3549,12.5818,725498.934
2025-11-24T08:00:00Z,12.5767,12.6923,12.2986,12.6226,702448.1592
2025-11-24T16:00:00Z,12.6227,13.2085,12.6074,12.9715,749688.9909
2025-11-25T00:00:00Z,12.9686,13.0471,12.8167,12.8222,484853.3352
2025-11-25T08:00:00Z,12.8209,12.947,12.5481,12.7367,733233.7402
2025-11-25T16:00:00Z,12.736,13.2184,12.727,13.0815,604837.016
2025-11-26T00:00:00Z,13.0817,13.1644,12.9233,13.0735,377342.70547264
2025-11-26T08:00:00Z,13.0736,13.08,12.7529,12.8765,697006.379
2025-11-26T16:00:00Z,12.8731,13.5036,12.873,13.4524,920420.4373
2025-11-27T00:00:00Z,13.452,13.5662,13.2892,13.3538,1438020.2514
2025-11-27T08:00:00Z,13.3541,13.4771,13.2336,13.4672,1153746.257
2025-11-27T16:00:00Z,13.462,13.5342,13.3081,13.336,953014.20842309
2025-11-28T00:00:00Z,13.3345,13.3913,13.1447,13.2235,981754.5386
2025-11-28T08:00:00Z,13.2235,13.5426,13.2194,13.4279,1143421.63069815
2025-11-28T16:00:00Z,13.4216,13.4289,13.0463,13.1208,946671.9668
2025-11-29T00:00:00Z,13.1223,13.2111,12.986,13.0971,350705.4034
2025-11-29T08:00:00Z,13.0979,13.2165,13.0258,13.1737,407298.2068
2025-11-29T16:00:00Z,13.175,13.1768,12.9117,12.9847,473032.19068996
2025-11-30T00:00:00Z,12.9827,13.1242,12.9437,13.0529,293953.3674
2025-11-30T08:00:00Z,13.0456,13.329,12.9769,13.247,371933.8064
2025-11-30T16:00:00Z,13.2445,13.4141,12.941,12.9574,447170.7124
2025-12-01T00:00:00Z,12.9553,12.9819,12.0425,12.1924,1166778.9365
2025-12-01T08:00:00Z,12.1922,12.2146,11.816,12.0021,716689.08414978
2025-12-01T16:00:00Z,12.0038,12.1657,11.7464,12.0766,1457527.63312364
2025-12-02T00:00:00Z,12.0759,12.2279,11.9796,12.1327,767644.60462243
2025-12-02T08:00:00Z,12.1305,13.4138,11.9985,13.3013,1055882.8922
2025-12-02T16:00:00Z,13.2961,13.5836,13.2272,13.4658,1314802.05876045
2025-12-03T00:00:00Z,13.4665,14.4242,13.4359,14.3825,822506.5845029
2025-12-03T08:00:00Z,14.383,14.6752,14.2074,14.3929,887582.03549747
2025-12-03T16:00:00Z,14.3962,14.737,14.2846,14.6387,1160224.9525
2025-12-04T00:00:00Z,14.6406,14.9306,14.3533,14.542,675241.6723
2025-12-04T08:00:00Z,14.5404,14.7931,14.2216,14.4801,1079417.10658777
2025-12-04T16:00:00Z,14.48,14.5461,13.9653,14.2526,1446886.6795
2025-12-05T00:00:00Z,14.2522,14.3954,14.1453,14.2515,971185.1698
2025-12-05T08:00:00Z,14.2513,14.3282,13.7418,13.9412,1254363.1954
2025-12-05T16:00:00Z,13.9399,13.9488,13.3639,13.5901,1340413.30562055
2025-12-06T00:00:00Z,13.5865,13.7696,13.4941,13.6018,1717999.23284252
2025-12-06T08:00:00Z,13.6034,13.9366,13.5026,13.8142,772382.71850465
2025-12-06T16:00:00Z,13.8189,14.0773,13.8089,13.9177,1010212.5664
2025-12-07T00:00:00Z,13.9178,14.0332,13.8636,13.932,922014.2831
2025-12-07T08:00:00Z,13.9278,13.9512,13.1786,13.6096,1026496.18116916
2025-12-07T16:00:00Z,13.6112,14.1699,13.424,13.6506,1412228.0559
2025-12-08T00:00:00Z,13.6519,14.0755,13.5803,14.0089,1136682.6023
2025-12-08T08:00:00Z,14.0087,14.2869,13.6798,13.7389,1145178.9352
2025-12-08T16:00:00Z,13.7313,13.916,13.5673,13.7637,1420834.98610852
2025-12-09T00:00:00Z,13.7638,13.8572,13.536,13.8329,1032296.42559901
2025-12-09T08:00:00Z,13.8348,14.4334,13.6198,14.4055,863686.04032785
2025-12-09T16:00:00Z,14.4099,15.0041,14.2284,14.4101,1261904.0276
2025-12-10T00:00:00Z,14.4063,14.4572,14.1136,14.1793,1019256.3358
2025-12-10T08:00:00Z,14.1797,14.4396,13.9368,14.0249,1267165.1599
2025-12-10T16:00:00Z,14.025,14.8847,13.9828,14.0956,1123271.2508
2025-12-11T00:00:00Z,14.0934,14.1336,13.4428,13.5396,1043545.201
2025-12-11T08:00:00Z,13.5374,13.7207,13.4301,13.52,942751.0474
2025-12-11T16:00:00Z,13.5202,14.2081,13.3952,14.0648,1146813.5697
2025-12-12T00:00:00Z,14.0674,14.2043,13.8305,14.0602,476863.4819
2025-12-12T08:00:00Z,14.0591,14.3445,13.4478,13.5317,648941.559
2025-12-12T16:00:00Z,13.5295,13.6956,13.2661,13.6346,1194373.6378
2025-12-13T00:00:00Z,13.6357,13.7981,13.6028,13.7833,411968.282
2025-12-13T08:00:00Z,13.7868,13.967,13.652,13.8202,1001217.4602271
2025-12-13T16:00:00Z,13.8208,13.8628,13.6174,13.7314,908843.9638
2025-12-14T00:00:00Z,13.728,13.797,13.6199,13.7188,573082.16064344
2025-12-14T08:00:00Z,13.7188,13.7534,13.422,13.4714,909174.99441799
2025-12-14T16:00:00Z,13.4662,13.5672,13.0967,13.2769,1320710.5765
2025-12-15T00:00:00Z,13.2705,13.7107,13.26,13.5741,819084.36815192
2025-12-15T08:00:00Z,13.5741,13.7334,12.7307,12.7836,817098.7390535
2025-12-15T16:00:00Z,12.7835,12.8973,12.4688,12.8591,1385688.44205528
2025-12-16T00:00:00Z,12.8577,12.8898,12.5539,12.696,624001.798
2025-12-16T08:00:00Z,12.6965,13.122,12.6791,13.0405,1024190.7373
2025-12-16T16:00:00Z,13.0473,13.0577,12.7777,12.93,998082.5658391
2025-12-17T00:00:00Z,12.9325,12.9926,12.6457,12.7771,650277.9166
2025-12-17T08:00:00Z,12.7769,13.1782,12.4889,12.5726,826466.21187057
2025-12-17T16:00:00Z,12.569,12.6509,12.124,12.2651,1095991.26466281
2025-12-18T00:00:00Z,12.2668,12.2974,12.0615,12.1784,740538.14732107
2025-12-18T08:00:00Z,12.1794,12.8792,12.1638,12.6329,970610.0927996
2025-12-18T16:00:00Z,12.6312,12.6536,11.7396,11.9322,1101672.728
2025-12-19T00:00:00Z,11.9374,12.503,11.845,12.3778,721222.0621403
2025-12-19T08:00:00Z,12.3765,12.7546,12.3444,12.4662,858951.99832013
2025-12-19T16:00:00Z,12.4684,12.698,12.3772,12.5345,1154009.57778601
2025-12-20T00:00:00Z,12.535,12.6286,12.4831,12.6173,449221.24047488
2025-12-20T08:00:00Z,12.6161,12.7162,12.5549,12.6155,520073.27899782
2025-12-20T16:00:00Z,12.6228,12.6446,12.5349,12.552,418499.5179
2025-12-21T00:00:00Z,12.5546,12.5995,12.3878,12.5181,232365.03589835
2025-12-21T08:00:00Z,12.5154,12.7075,12.2253,12.3341,550435.6169
2025-12-21T16:00:00Z,12.3303,12.4861,12.2727,12.4376,698255.5593
2025-12-22T00:00:00Z,12.4387,12.7157,12.3302,12.582,624638.2097
2025-12-22T08:00:00Z,12.5788,12.9543,12.5572,12.8037,714890.52432725
2025-12-22T16:00:00Z,12.8086,12.8621,12.3625,12.5834,774864.3889
2025-12-23T00:00:00Z,12.5866,12.6969,12.2294,12.3347,475762.2306
2025-12-23T08:00:00Z,12.3354,12.4051,12.0739,12.2772,329279.427
2025-12-23T16:00:00Z,12.2754,12.5176,12.2365,12.3997,55454.7635
2025-12-24T00:00:00Z,12.3963,12.436,12.12,12.1902,42175.0937
2025-12-24T08:00:00Z,12.1886,12.2747,12.0086,12.183,36569.1648
2025-12-24T16:00:00Z,12.1742,12.3745,12.1248,12.2754,36688.1773
2025-12-25T00:00:00Z,12.274,12.36,12.2311,12.3057,12210.5388
2025-12-25T08:00:00Z,12.3044,12.4218,12.1132,12.3681,41171.9306
2025-12-25T16:00:00Z,12.3783,12.417,11.9888,12.0749,85600.4975
2025-12-26T00:00:00Z,12.0697,12.5393,12.0294,12.3487,71677.0361
2025-12-26T08:00:00Z,12.3449,12.4984,12.0526,12.1723,44341.82064734
2025-12-26T16:00:00Z,12.18,12.2578,12.1249,12.1944,28319.1963
2025-12-27T00:00:00Z,12.1846,12.2762,12.1644,12.2564,17345.5511
2025-12-27T08:00:00Z,12.26,12.3499,12.1696,12.3162,30233.7382
2025-12-27T16:00:00Z,12.3189,12.5437,12.2608,12.5091,27509.6967
2025-12-28T00:00:00Z,12.5131,12.5445,12.4201,12.4243,18282.182
2025-12-28T08:00:00Z,12.4321,12.5625,12.3745,12.5227,72850.5701
2025-12-28T16:00:00Z,12.5342,12.5896,12.3232,12.4866,51465.7928
2025-12-29T00:00:00Z,12.4945,13.023,12.465,12.7975,56563.7484
2025-12-29T08:00:00Z,12.7972,12.8372,12.2495,12.4036,105296.4422
2025-12-29T16:00:00Z,12.4008,12.4589,12.2642,12.3077,24518.4925
2025-12-30T00:00:00Z,12.3038,12.4148,12.2635,12.3734,18848.15972218
2025-12-30T08:00:00Z,12.3687,12.6037,12.3687,12.5368,69908.6201
2025-12-30T16:00:00Z,12.528,12.5829,12.3443,12.4164,51291.1174
2025-12-31T00:00:00Z,12.4146,12.4706,12.336,12.4204,34346.8647
2025-12-31T08:00:00Z,12.4203,12.55,12.3315,12.391,39193.4504
2025-12-31T16:00:00Z,12.3937,12.4155,12.1964,12.2049,53728.79699495
2026-01-01T00:00:00Z,12.206,12.2857,12.1537,12.1822,62546.8621
2026-01-01T08:00:00Z,12.1823,12.4539,12.1823,12.3952,29128.0842
2026-01-01T16:00:00Z,12.4108,12.6288,12.3333,12.6053,51878.6147
2026-01-02T00:00:00Z,12.6091,12.9846,12.5817,12.838,110096.9238
2026-01-02T08:00:00Z,12.8439,13.1855,12.8282,13.0789,111713.79467719
2026-01-02T16:00:00Z,13.0786,13.4347,13.0611,13.2729,53745.7347
2026-01-03T00:00:00Z,13.2729,13.3703,12.9731,13.0163,36688.42727346
2026-01-03T08:00:00Z,13.01,13.179,12.9987,13.0654,46344.30948135
2026-01-03T16:00:00Z,13.0705,13.2602,13.0634,13.239,30686.8622
2026-01-04T00:00:00Z,13.2345,13.4639,13.2125,13.3472,84885.7194
2026-01-04T08:00:00Z,13.3465,13.5618,13.2659,13.4882,48168.8979737
2026-01-04T16:00:00Z,13.4912,13.5778,13.3151,13.4318,39506.8977
2026-01-05T00:00:00Z,13.4271,13.8852,13.4062,13.5765,105013.4269
2026-01-05T08:00:00Z,13.5793,13.7455,13.3968,13.7243,48456.7941
2026-01-05T16:00:00Z,13.7108,14.1277,13.5466,13.9082,104334.0389
2026-01-06T00:00:00Z,13.9144,13.984,13.577,13.7241,77760.6256
2026-01-06T08:00:00Z,13.7269,14.2344,13.7043,13.9996,72555.3474
2026-01-06T16:00:00Z,13.9875,14.0668,13.4765,14.0397,107929.1409
2026-01-07T00:00:00Z,14.0384,14.0384,13.6885,13.8689,40210.6925
2026-01-07T08:00:00Z,13.8724,13.944,13.2863,13.3751,79323.3571
2026-01-07T16:00:00Z,13.3662,13.5036,13.3077,13.4469,36131.8365
2026-01-08T00:00:00Z,13.4403,13.5551,13.0666,13.3174,40573.0597
2026-01-08T08:00:00Z,13.3201,13.3654,13.0305,13.3024,66823.913
2026-01-08T16:00:00Z,13.3002,13.3461,13.0996,13.2198,41494.6244
2026-01-09T00:00:00Z,13.2191,13.3698,13.1645,13.2656,26604.2032
2026-01-09T08:00:00Z,13.2768,13.4335,13.0385,13.2887,32020.7696
2026-01-09T16:00:00Z,13.2915,13.4437,13.0626,13.1316,25915.6104
2026-01-10T00:00:00Z,13.136,13.1762,13.0668,13.1688,13335.3719
2026-01-10T08:00:00Z,13.1649,13.247,13.1116,13.1632,18838.1278
2026-01-10T16:00:00Z,13.1596,13.2362,13.0911,13.1416,36258.362
2026-01-11T00:00:00Z,13.1368,13.2778,13.1139,13.2382,11904.6032
2026-01-11T08:00:00Z,13.237,13.2887,13.1494,13.2021,14382.1866
2026-01-11T16:00:00Z,13.2097,13.3654,13.0525,13.2142,29843.0494
2026-01-12T00:00:00Z,13.2132,13.5168,13.1153,13.2746,50138.168
2026-01-12T08:00:00Z,13.269,13.3288,12.9267,13.2436,55344.0545
2026-01-12T16:00:00Z,13.244,13.327,13.0006,13.0844,34587.316
2026-01-13T00:00:00Z,13.0682,13.2909,13.0542,13.1956,17263.7249
2026-01-13T08:00:00Z,13.1993,13.5778,13.1945,13.5689,42241.7293
2026-01-13T16:00:00Z,13.578,14.1792,13.5352,14.053,91498.1721
2026-01-14T00:00:00Z,14.0686,14.1908,13.9432,14.0555,65985.0636
2026-01-14T08:00:00Z,14.0542,14.3061,13.8547,14.2339,131057.2854
2026-01-14T16:00:00Z,14.2331,14.3973,14.046,14.1067,113676.3083
2026-01-15T00:00:00Z,14.1134,14.1157,13.7313,13.9269,39210.2535
2026-01-15T08:00:00Z,13.9322,14.2141,13.7258,13.962,46253.61843746
2026-01-15T16:00:00Z,13.9469,13.9985,13.5632,13.7946,40131.057
2026-01-16T00:00:00Z,13.7899,13.8721,13.5991,13.7933,38767.8634
2026-01-16T08:00:00Z,13.7968,13.8574,13.2808,13.494,93364.681
2026-01-16T16:00:00Z,13.4848,13.7461,13.4635,13.7283,28437.7309
2026-01-17T00:00:00Z,13.7254,13.7492,13.6329,13.7029,6175.1934
2026-01-17T08:00:00Z,13.702,13.8867,13.6731,13.8842,15040.01718159
2026-01-17T16:00:00Z,13.8853,13.8906,13.6683,13.7433,18011.64279599
2026-01-18T00:00:00Z,13.7413,13.7739,13.6257,13.7356,17939.2095
2026-01-18T08:00:00Z,13.7285,13.8329,13.7013,13.7702,18763.35544083
2026-01-18T16:00:00Z,13.7745,13.8799,13.2895,13.3088,39666.11
2026-01-19T00:00:00Z,13.314,13.314,12.3757,12.7651,150905.83507073
2026-01-19T08:00:00Z,12.7718,12.8717,12.7375,12.7727,24564.90049324
2026-01-19T16:00:00Z,12.7637,12.9991,12.7637,12.8844,25614.5729
2026-01-20T00:00:00Z,12.8852,12.9004,12.6133,12.6197,41487.4663
2026-01-20T08:00:00Z,12.6167,12.6244,12.3462,12.43,99773.05057782
2026-01-20T16:00:00Z,12.434,12.4743,12.03,12.1292,62896.346
2026-01-21T00:00:00Z,12.1246,12.4696,12.1079,12.3213,41099.7902
2026-01-21T08:00:00Z,12.3211,12.5455,12.0677,12.4344,52291.39389755
2026-01-21T16:00:00Z,12.4438,12.6685,11.8968,12.4012,136854.87575762
2026-01-22T00:00:00Z,12.4004,12.5925,12.4004,12.4264,86059.9006
2026-01-22T08:00:00Z,12.428,12.4877,12.1247,12.2303,54257.6865
2026-01-22T16:00:00Z,12.2327,12.3293,12.1975,12.2555,33469.6832
2026-01-23T00:00:00Z,12.2614,12.406,12.2249,12.2785,13311.9317
2026-01-23T08:00:00Z,12.2802,12.2938,12.0472,12.2494,34543.4369
2026-01-23T16:00:00Z,12.2584,12.5015,12.1247,12.2185,50211.9065
2026-01-24T00:00:00Z,12.22,12.282,12.1874,12.211,12619.7956
2026-01-24T08:00:00Z,12.21,12.2391,12.1507,12.1584,7518.6633
2026-01-24T16:00:00Z,12.1579,12.2581,12.1391,12.2106,11767.6508
2026-01-25T00:00:00Z,12.2034,12.2183,12.0531,12.0882,9621.5213
2026-01-25T08:00:00Z,12.0882,12.1291,11.9454,11.9665,84154.2373
2026-01-25T16:00:00Z,11.9669,11.9669,11.3685,11.5215,144679.80419872
2026-01-26T00:00:00Z,11.5233,11.881,11.5062,11.8607,36589.0141
2026-01-26T08:00:00Z,11.8606,12.1287,11.7649,11.9171,41815.4551
2026-01-26T16:00:00Z,11.9219,12.0335,11.8246,11.9492,40182.6891
2026-01-27T00:00:00Z,11.9544,12.0608,11.9275,11.9832,35393.6938
2026-01-27T08:00:00Z,11.9824,12.0091,11.8442,11.9982,24109.1971
2026-01-27T16:00:00Z,11.9981,12.1874,11.8548,12.0384,40940.1088813
2026-01-28T00:00:00Z,12.0481,12.0614,11.8924,11.9386,15759.8149
2026-01-28T08:00:00Z,11.9448,12.0515,11.7131,11.7684,36283.9341
2026-01-28T16:00:00Z,11.7656,11.9434,11.6972,11.8414,55353.96499628
2026-01-29T00:00:00Z,11.8467,11.8557,11.5495,11.6322,101197.9502
2026-01-29T08:00:00Z,11.6309,11.6586,10.8662,11.0321,217505.5908
2026-01-29T16:00:00Z,11.03,11.3484,10.8285,11.1226,536515.0529
2026-01-30T00:00:00Z,11.121,11.1651,10.6224,10.8412,311865.98681324
2026-01-30T08:00:00Z,10.8394,10.9,10.6004,10.7687,269050.9584
2026-01-30T16:00:00Z,10.7656,10.9914,10.5034,10.7885,276676.5433
2026-01-31T00:00:00Z,10.7898,10.8355,10.5588,10.6198,129817.2135
2026-01-31T08:00:00Z,10.6194,10.633,9.9232,10.0491,326575.4519
2026-01-31T16:00:00Z,10.0594,10.1753,8.9734,9.9855,781057.6765
2026-02-01T00:00:00Z,9.9867,10.0782,9.8619,9.9395,213231.2931
2026-02-01T08:00:00Z,9.9396,10.0168,9.4147,9.531,259458.6199
2026-02-01T16:00:00Z,9.5252,9.7183,9.2134,9.4076,394465.5979
2026-02-02T00:00:00Z,9.4064,9.6405,9.0228,9.3899,411612.7288
2026-02-02T08:00:00Z,9.3925,10.0286,9.3765,9.9326,143360.6626
2026-02-02T16:00:00Z,9.9348,10.0015,9.7072,9.7962,41951.7744
2026-02-03T00:00:00Z,9.8099,9.8575,9.5844,9.7329,44973.9025
2026-02-03T08:00:00Z,9.738,9.7674,9.4916,9.7512,61439.7257
2026-02-03T16:00:00Z,9.7437,9.8938,9.0835,9.4904,176465.65289955
2026-02-04T00:00:00Z,9.487,9.7718,9.4495,9.6763,53861.93988259
2026-02-04T08:00:00Z,9.6793,9.73,9.1348,9.222,106980.7516
2026-02-04T16:00:00Z,9.2102,9.4644,9.0265,9.2534,191129.52098349
2026-02-05T00:00:00Z,9.2581,9.3473,8.9695,9.0551,121002.4158
2026-02-05T08:00:00Z,9.0589,9.2639,8.3067,8.4658,238261.7734
2026-02-05T16:00:00Z,8.4673,8.6708,7.8568,7.9172,388495.48461133
2026-02-06T00:00:00Z,7.9248,8.3708,7.1586,8.0709,536680.675
2026-02-06T08:00:00Z,8.0824,8.6326,7.9884,8.5833,180139.67279549
2026-02-06T16:00:00Z,8.5796,9.0028,8.5537,8.8905,118708.2354
2026-02-07T00:00:00Z,8.8819,9.0432,8.5993,8.6888,107499.2401
2026-02-07T08:00:00Z,8.6868,8.9442,8.5829,8.8195,57406.8022
2026-02-07T16:00:00Z,8.8249,9.0391,8.7849,8.9136,295574.991
2026-02-08T00:00:00Z,8.9134,8.969,8.7846,8.8248,39420.5389
2026-02-08T08:00:00Z,8.8303,9.0519,8.795,8.8905,75283.634
2026-02-08T16:00:00Z,8.8806,9.0234,8.7234,8.8269,187316.9834
2026-02-09T00:00:00Z,8.8247,8.8968,8.7217,8.7336,35138.4081
2026-02-09T08:00:00Z,8.7296,8.7598,8.4621,8.7598,109976.7292
2026-02-09T16:00:00Z,8.757,9.0172,8.6602,8.8348,62798.8004
2026-02-10T00:00:00Z,8.8457,8.8819,8.4808,8.5431,60125.063
2026-02-10T08:00:00Z,8.5434,8.6729,8.4768,8.5686,55684.7359
2026-02-10T16:00:00Z,8.5717,8.6573,8.474,8.5692,27148.2738
2026-02-11T00:00:00Z,8.5719,8.6127,8.2757,8.3266,47032.4754
2026-02-11T08:00:00Z,8.3197,8.5637,8.1286,8.2372,126100.48553234
2026-02-11T16:00:00Z,8.2425,8.455,8.1423,8.3224,124959.5771
2026-02-12T00:00:00Z,8.3235,8.514,8.3235,8.4569,24689.3288
2026-02-12T08:00:00Z,8.4578,8.594,8.3482,8.3482,41310.8343
2026-02-12T16:00:00Z,8.364,8.4269,8.1747,8.4172,33020.6861
2026-02-13T00:00:00Z,8.4046,8.4483,8.3029,8.3804,41967.4343
2026-02-13T08:00:00Z,8.3803,8.8252,8.3648,8.7092,158619.34957408
2026-02-13T16:00:00Z,8.7118,8.9129,8.6879,8.767,198006.3738
2026-02-14T00:00:00Z,8.7674,8.898,8.7572,8.8839,134984.4018
2026-02-14T08:00:00Z,8.8875,9.0474,8.8861,9.0382,189902.3253
2026-02-14T16:00:00Z,9.0392,9.2074,8.9711,9.0881,261968.671
2026-02-15T00:00:00Z,9.0886,9.2418,8.9349,9.2035,226418.1097
2026-02-15T08:00:00Z,9.2037,9.2432,8.7624,8.8699,222132.2293
2026-02-15T16:00:00Z,8.8672,8.8857,8.6016,8.7826,115235.99141689
2026-02-16T00:00:00Z,8.7802,8.8548,8.6687,8.7645,36740.6028
2026-02-16T08:00:00Z,8.767,8.9917,8.6492,8.7113,102925.6004
2026-02-16T16:00:00Z,8.709,8.9653,8.7078,8.9361,94468.8841
2026-02-17T00:00:00Z,8.9408,8.991,8.7961,8.8689,71632.5157
2026-02-17T08:00:00Z,8.867,8.9137,8.6635,8.7737,85925.8672
2026-02-17T16:00:00Z,8.7754,8.9518,8.6897,8.8283,108363.0126
2026-02-18T00:00:00Z,8.8315,8.9354,8.7474,8.9195,68353.91850537
2026-02-18T08:00:00Z,8.9219,8.999,8.6656,8.8002,82396.0838
2026-02-18T16:00:00Z,8.8007,8.8019,8.5194,8.6036,112602.5305
2026-02-19T00:00:00Z,8.6069,8.7512,8.5721,8.701,93196.06668335
2026-02-19T08:00:00Z,8.7003,8.7032,8.3687,8.4398,145012.77711757
2026-02-19T16:00:00Z,8.4373,8.5789,8.3449,8.5768,126699.3763
2026-02-20T00:00:00Z,8.5761,8.6769,8.5241,8.6508,84203.8139
2026-02-20T08:00:00Z,8.6517,8.8359,8.4552,8.8266,125901.2318828
2026-02-20T16:00:00Z,8.8278,9.0175,8.6947,8.9409,137348.4116
2026-02-21T00:00:00Z,8.9425,8.9812,8.8569,8.8669,68866.0009
2026-02-21T08:00:00Z,8.8675,9.0469,8.8605,8.9444,75585.7373
2026-02-21T16:00:00Z,8.9373,8.9959,8.85,8.8755,91138.3288
2026-02-22T00:00:00Z,8.8729,8.9004,8.8005,8.8552,74572.3628
2026-02-22T08:00:00Z,8.8554,8.871,8.6869,8.7107,75136.77444512
2026-02-22T16:00:00Z,8.7106,8.7129,8.6055,8.6812,73761.3547
2026-02-23T00:00:00Z,8.6828,8.6941,8.176,8.3563,158902.0728
2026-02-23T08:00:00Z,8.3543,8.5784,8.3129,8.4191,268318.4492
2026-02-23T16:00:00Z,8.416,8.455,8.1849,8.2667,510875.9074
2026-02-24T00:00:00Z,8.2642,8.3365,8.1179,8.1529,459628.0908
2026-02-24T08:00:00Z,8.1541,8.2311,8.056,8.215,414033.8792
2026-02-24T16:00:00Z,8.2155,8.2824,8.168,8.1977,389270.0821
2026-02-25T00:00:00Z,8.197,8.6291,8.1822,8.4762,471330.3394
2026-02-25T08:00:00Z,8.4765,9.3278,8.4374,9.2765,389778.8175
2026-02-25T16:00:00Z,9.2765,9.5838,9.1827,9.2678,443256.47829725
2026-02-26T00:00:00Z,9.2658,9.3407,9.1522,9.2065,348281.9536
2026-02-26T08:00:00Z,9.2066,9.3201,9.0282,9.1223,349188.6018
2026-02-26T16:00:00Z,9.1213,9.1469,8.8581,9.0955,420025.45686437
2026-02-27T00:00:00Z,9.0967,9.2957,9.0037,9.1773,268214.885
2026-02-27T08:00:00Z,9.1742,9.2351,8.7355,8.8152,402973.038
2026-02-27T16:00:00Z,8.8136,8.8169,8.5523,8.7127,355621.6782
2026-02-28T00:00:00Z,8.7118,8.753,8.2279,8.3507,364202.79780418
2026-02-28T08:00:00Z,8.3496,8.5433,8.2123,8.4367,454738.23731844
2026-02-28T16:00:00Z,8.436,8.9424,8.4061,8.8453,433570.7205
2026-03-01T00:00:00Z,8.8453,9.2042,8.7434,8.9772,360851.218
2026-03-01T08:00:00Z,8.9793,9.0574,8.7858,8.9144,394527.0808
2026-03-01T16:00:00Z,8.9196,8.9763,8.5391,8.6738,421556.4668
2026-03-02T00:00:00Z,8.6673,8.8861,8.609,8.674,388792.6211
2026-03-02T08:00:00Z,8.6752,9.1808,8.5849,9.1082,400977.94269412
2026-03-02T16:00:00Z,9.1132,9.2697,8.9241,8.9554,460871.0672
2026-03-03T00:00:00Z,8.9563,9.0145,8.7737,8.7947,360097.7775
2026-03-03T08:00:00Z,8.7949,8.807,8.5626,8.748,514012.3286
2026-03-03T16:00:00Z,8.7397,8.9285,8.6808,8.8085,433838.229
2026-03-04T00:00:00Z,8.8113,8.921,8.6881,8.9062,355373.5675
2026-03-04T08:00:00Z,8.9096,9.5111,8.8943,9.5042,497099.5384
2026-03-04T16:00:00Z,9.5016,9.6318,9.2965,9.3495,394057.4047
2026-03-05T00:00:00Z,9.3511,9.391,9.1809,9.2189,284402.5926
2026-03-05T08:00:00Z,9.2188,9.4884,9.1739,9.2338,385905.7114
2026-03-05T16:00:00Z,9.2356,9.3178,9.0727,9.2046,399499.8387
2026-03-06T00:00:00Z,9.2067,9.3007,9.1529,9.2757,276622.3348
2026-03-06T08:00:00Z,9.2758,9.2779,8.7472,8.7905,339246.29960906
2026-03-06T16:00:00Z,8.7878,8.8286,8.6732,8.7974,400082.3893
2026-03-07T00:00:00Z,8.7945,8.8561,8.7353,8.8078,527085.2401
2026-03-07T08:00:00Z,8.8089,8.8241,8.729,8.754,222726.6151
2026-03-07T16:00:00Z,8.7514,8.8097,8.6429,8.6961,303333.51161911
2026-03-08T00:00:00Z,8.6994,8.7185,8.5316,8.6351,286948.1125
2026-03-08T08:00:00Z,8.6357,8.7796,8.541,8.5701,393505.3652
2026-03-08T16:00:00Z,8.5702,8.7029,8.3972,8.5171,448461.87486666
2026-03-09T00:00:00Z,8.5145,8.8725,8.5084,8.7397,462226.9971
2026-03-09T08:00:00Z,8.7443,8.9722,8.711,8.9247,418097.2704
2026-03-09T16:00:00Z,8.928,9.0997,8.8487,8.8684,413876.70387656
2026-03-10T00:00:00Z,8.8645,9.0819,8.8535,9.0799,346077.9085
2026-03-10T08:00:00Z,9.0792,9.183,8.8572,9.1349,411193.7777
2026-03-10T16:00:00Z,9.134,9.1792,8.9091,8.9823,343546.5129
2026-03-11T00:00:00Z,8.9849,9.0338,8.8664,8.8872,244481.3502
2026-03-11T08:00:00Z,8.8878,9.17,8.8802,9.0002,392732.6314
2026-03-11T16:00:00Z,8.9986,9.1521,8.9732,8.9995,362290.0813
2026-03-12T00:00:00Z,8.9992,9.0165,8.8292,8.9489,189114.5403
2026-03-12T08:00:00Z,8.9492,9.1035,8.8991,9.0326,347572.4426
2026-03-12T16:00:00Z,9.0295,9.0887,8.9633,9.0554,458708.92297134
2026-03-13T00:00:00Z,9.0568,9.3953,9.0355,9.1934,517787.8264
2026-03-13T08:00:00Z,9.1923,9.594,9.1581,9.267,593954.8226
2026-03-13T16:00:00Z,9.27,9.3299,9.0225,9.0877,414801.3895
2026-03-14T00:00:00Z,9.0842,9.1423,8.964,8.9782,241373.1278
2026-03-14T08:00:00Z,8.9783,9.017,8.9225,9.0067,133630.8151
2026-03-14T16:00:00Z,9.0057,9.1713,8.9834,9.1667,189146.2478
2026-03-15T00:00:00Z,9.1691,9.2646,9.1128,9.2146,248838.99
2026-03-15T08:00:00Z,9.2263,9.3197,9.1367,9.1538,283053.544
2026-03-15T16:00:00Z,9.1537,9.5536,9.1167,9.4945,478123.13567543
2026-03-16T00:00:00Z,9.4942,9.831,9.4104,9.6824,620137.39048089
2026-03-16T08:00:00Z,9.6844,9.8216,9.5583,9.7208,542373.1483
2026-03-16T16:00:00Z,9.7188,10.0779,9.7078,9.9251,623044.8082
2026-03-17T00:00:00Z,9.9245,10.0219,9.6857,9.7998,524541.3212
2026-03-17T08:00:00Z,9.7981,9.9375,9.7157,9.8009,461731.8352
2026-03-17T16:00:00Z,9.802,9.9147,9.7704,9.7931,286466.5164
2026-03-18T00:00:00Z,9.7926,9.9249,9.7541,9.8145,242095.1222
2026-03-18T08:00:00Z,9.8149,9.8862,9.1289,9.2094,479602.9562
2026-03-18T16:00:00Z,9.2054,9.3114,9.0878,9.2308,533851.863
2026-03-19T00:00:00Z,9.2282,9.3395,9.0368,9.0935,334817.7303
2026-03-19T08:00:00Z,9.0921,9.1714,8.897,8.9635,391923.6749
2026-03-19T16:00:00Z,8.9632,9.0955,8.8986,9.0441,319588.6459
2026-03-20T00:00:00Z,9.0441,9.1618,9.0325,9.1164,276184.0421
2026-03-20T08:00:00Z,9.1169,9.2072,8.9714,9.0274,438827.4632
2026-03-20T16:00:00Z,9.0248,9.1641,8.9594,9.1131,506709.2831
2026-03-21T00:00:00Z,9.1132,9.175,9.1034,9.128,366646.9751
2026-03-21T08:00:00Z,9.1301,9.162,9.0541,9.1043,293379.0077
2026-03-21T16:00:00Z,9.1045,9.107,8.7613,8.8305,379238.3695
2026-03-22T00:00:00Z,8.826,8.9676,8.6784,8.8445,475033.7286
2026-03-22T08:00:00Z,8.8436,8.8618,8.7467,8.7897,293229.9105
2026-03-22T16:00:00Z,8.7967,8.8077,8.5735,8.6902,240837.3868
2026-03-23T00:00:00Z,8.6898,8.7804,8.5769,8.6452,276095.0389
2026-03-23T08:00:00Z,8.6498,9.2864,8.5777,9.0431,543094.5473
2026-03-23T16:00:00Z,9.0457,9.2162,8.989,9.1079,284857.8495
2026-03-24T00:00:00Z,9.1067,9.2551,9.0117,9.24,227401.325
2026-03-24T08:00:00Z,9.2409,9.2579,9.0453,9.1173,292991.5164
2026-03-24T16:00:00Z,9.1165,9.2676,9.0143,9.2494,274010.0807
2026-03-25T00:00:00Z,9.2495,9.358,9.1761,9.2861,178185.0031
2026-03-25T08:00:00Z,9.2901,9.4952,9.2898,9.3625,346668.5315
2026-03-25T16:00:00Z,9.3602,9.4696,9.2809,9.3753,252597.9216
2026-03-26T00:00:00Z,9.3732,9.389,9.0679,9.1077,235258.0713956
2026-03-26T08:00:00Z,9.104,9.1058,8.8563,8.9333,234639.8463
2026-03-26T16:00:00Z,8.93,8.9864,8.8112,8.913,229230.1561
2026-03-27T00:00:00Z,8.9148,8.9797,8.8453,8.906,115869.1017
2026-03-27T08:00:00Z,8.9072,8.9258,8.5251,8.6099,354667.59130961
2026-03-27T16:00:00Z,8.6103,8.6362,8.4886,8.5686,223061.61924262641696693272
2026-03-28T00:00:00Z,8.5663,8.6048,8.5028,8.603,105942.7935
2026-03-28T08:00:00Z,8.6036,8.6968,8.4841,8.6361,138410.5911
2026-03-28T16:00:00Z,8.6425,8.6531,8.3743,8.4343,130313.5509
2026-03-29T00:00:00Z,8.4354,8.587,8.4165,8.5164,125899.067
2026-03-29T08:00:00Z,8.5175,8.5441,8.3915,8.4286,161639.7469
2026-03-29T16:00:00Z,8.4269,8.4879,8.1999,8.4148,266395.1371
2026-03-30T00:00:00Z,8.4208,8.75,8.4021,8.7435,202962.5892
2026-03-30T08:00:00Z,8.7424,8.9249,8.7275,8.8268,210090.8699
2026-03-30T16:00:00Z,8.8294,8.8399,8.5677,8.614,234350.3427
2026-03-31T00:00:00Z,8.6249,8.8534,8.5978,8.7107,186584.6941
2026-03-31T08:00:00Z,8.7107,8.8078,8.506,8.6283,373742.0938
2026-03-31T16:00:00Z,8.6281,8.8888,8.6264,8.7828,363780.7906
2026-04-01T00:00:00Z,8.7806,9.1922,8.7426,9.0575,302640.3616
2026-04-01T08:00:00Z,9.0592,9.1013,8.9218,9.006,251231.4472
2026-04-01T16:00:00Z,9.0074,9.1388,8.9266,8.9406,373625.6554
2026-04-02T00:00:00Z,8.9401,9.0069,8.4939,8.5668,305376.47586802
2026-04-02T08:00:00Z,8.5638,8.6411,8.4244,8.5659,268558.1693
2026-04-02T16:00:00Z,8.5643,8.6567,8.5267,8.6328,201131.5937
2026-04-03T00:00:00Z,8.6344,8.7642,8.5902,8.7163,144129.0007
2026-04-03T08:00:00Z,8.7157,8.8097,8.6433,8.7,47044.2587
2026-04-03T16:00:00Z,8.693,8.7281,8.6433,8.6605,22381.904
2026-04-04T00:00:00Z,8.6596,8.6798,8.6208,8.6573,56204.0928
2026-04-04T08:00:00Z,8.661,8.7104,8.6099,8.6873,56346.4823
2026-04-04T16:00:00Z,8.6883,8.7797,8.6673,8.6919,88741.8295
2026-04-05T00:00:00Z,8.6946,8.6964,8.5156,8.5343,91528.4016
2026-04-05T08:00:00Z,8.5279,8.6765,8.4796,8.5947,108400.5112
2026-04-05T16:00:00Z,8.5994,8.8678,8.5656,8.8219,172391.7804
2026-04-06T00:00:00Z,8.825,9.0251,8.825,8.9569,166059.7999
2026-04-06T08:00:00Z,8.9643,9.1469,8.9549,9.0824,109766.3464
2026-04-06T16:00:00Z,9.0824,9.102,8.7285,8.8022,73340.61835349
2026-04-07T00:00:00Z,8.7995,8.8474,8.7288,8.7675,101269.4423
2026-04-07T08:00:00Z,8.769,8.8968,8.5727,8.6197,288493.5866
2026-04-07T16:00:00Z,8.6196,9.4151,8.5942,9.285,460239.6097
2026-04-08T00:00:00Z,9.2846,9.3412,9.1695,9.2562,312430.9356
2026-04-08T08:00:00Z,9.2572,9.2739,8.97,9.0306,297833.9444
2026-04-08T16:00:00Z,9.0262,9.1168,8.8397,8.86,248426.75818169
2026-04-09T00:00:00Z,8.8579,8.8614,8.6926,8.7578,163389.1269
2026-04-09T08:00:00Z,8.7575,8.9753,8.6921,8.9412,250585.68432188
2026-04-09T16:00:00Z,8.9473,9.182,8.8646,8.9479,397496.2752
2026-04-10T00:00:00Z,8.9468,9.0074,8.8899,8.8978,183846.867
2026-04-10T08:00:00Z,8.9007,9.1648,8.881,9.057,228179.1862
2026-04-10T16:00:00Z,9.0597,9.1752,9.0399,9.0849,214824.0736852
2026-04-11T00:00:00Z,9.0873,9.1131,8.9762,9.012,82845.4951
2026-04-11T08:00:00Z,9.012,9.0534,8.957,9.0266,74167.5861
2026-04-11T16:00:00Z,9.0294,9.2838,9.0223,9.0677,236514.73279285
2026-04-12T00:00:00Z,9.0705,9.0798,8.7493,8.8,190871.11116583
2026-04-12T08:00:00Z,8.7992,8.825,8.687,8.719,131545.1465
2026-04-12T16:00:00Z,8.7166,8.8414,8.7024,8.7338,142400.0468
2026-04-13T00:00:00Z,8.7358,8.8341,8.7136,8.729,97956.40844132
2026-04-13T08:00:00Z,8.7282,8.9146,8.6856,8.8226,202657.9128
2026-04-13T16:00:00Z,8.8246,9.4299,8.7803,9.3566,381416.0624
2026-04-14T00:00:00Z,9.3588,9.3834,9.1397,9.2152,135933.9888
2026-04-14T08:00:00Z,9.2184,9.2991,9.0671,9.1331,295643.4884
2026-04-14T16:00:00Z,9.1316,9.1802,8.9337,9.0195,199232.2799
2026-04-15T00:00:00Z,9.0218,9.1132,8.9949,9.0158,147356.6615
2026-04-15T08:00:00Z,9.0183,9.2469,9.0052,9.1628,376588.2751
2026-04-15T16:00:00Z,9.1628,9.37,9.1543,9.2581,316925.05840831
2026-04-16T00:00:00Z,9.2631,9.3613,9.2063,9.2977,194248.9711
2026-04-16T08:00:00Z,9.2944,9.4638,9.1274,9.4587,278840.8016
2026-04-16T16:00:00Z,9.4556,9.6776,9.3041,9.5967,362035.9364
2026-04-17T00:00:00Z,9.5952,9.6109,9.3412,9.4718,174151.66819691
2026-04-17T08:00:00Z,9.4717,9.8652,9.4585,9.7518,423301.3004
2026-04-17T16:00:00Z,9.7526,9.8283,9.585,9.6107,294435.2043
2026-04-18T00:00:00Z,9.6103,9.6516,9.5445,9.6029,171545.6599
2026-04-18T08:00:00Z,9.6041,9.6058,9.3151,9.387,264573.9847
2026-04-18T16:00:00Z,9.3856,9.4188,9.2608,9.2821,221485.1033
2026-04-19T00:00:00Z,9.2825,9.2978,9.1051,9.1826,246941.1146
2026-04-19T08:00:00Z,9.1735,9.3741,9.1138,9.2825,263859.3829
2026-04-19T16:00:00Z,9.2867,9.2959,9.0036,9.0621,318085.466931
2026-04-20T00:00:00Z,9.0615,9.3635,9.0499,9.2503,192521.1865
2026-04-20T08:00:00Z,9.2495,9.3106,9.1367,9.2686,360000.58366025
2026-04-20T16:00:00Z,9.2693,9.4048,9.2082,9.2849,263791.9407
2026-04-21T00:00:00Z,9.2846,9.3918,9.2386,9.364,303704.8268
2026-04-21T08:00:00Z,9.3641,9.4878,9.3346,9.4173,219247.19519605
2026-04-21T16:00:00Z,9.4189,9.44,9.2377,9.3982,213686.0851
2026-04-22T00:00:00Z,9.4023,9.5548,9.3765,9.501,199998.37449686
2026-04-22T08:00:00Z,9.5011,9.5524,9.4626,9.4898,224581.6743
2026-04-22T16:00:00Z,9.4899,9.5088,9.2867,9.2879,262900.6495
2026-04-23T00:00:00Z,9.2928,9.3173,9.147,9.2363,212862.1224
2026-04-23T08:00:00Z,9.2386,9.3863,9.165,9.3489,200880.803
2026-04-23T16:00:00Z,9.3503,9.3569,9.154,9.3474,226780.3641
2026-04-24T00:00:00Z,9.356,9.39,9.247,9.29,120486.0098
2026-04-24T08:00:00Z,9.2905,9.3949,9.2505,9.3724,209353.1727
2026-04-24T16:00:00Z,9.3728,9.4405,9.3282,9.3755,156178.0726
2026-04-25T00:00:00Z,9.3752,9.4452,9.351,9.403,55413.8579
2026-04-25T08:00:00Z,9.3986,9.437,9.3324,9.3456,65439.4464
2026-04-25T16:00:00Z,9.3429,9.3652,9.2897,9.3469,61084.428
2026-04-26T00:00:00Z,9.3444,9.4237,9.2982,9.4221,65024.8587
2026-04-26T08:00:00Z,9.4231,9.4977,9.4045,9.494,71890.0295
2026-04-26T16:00:00Z,9.4929,9.5379,9.416,9.4888,146604.6254
2026-04-27T00:00:00Z,9.4848,9.5923,9.3028,9.3097,150370.8
2026-04-27T08:00:00Z,9.3064,9.3673,9.1555,9.1761,44374.487
2026-04-27T16:00:00Z,9.1783,9.3313,9.1592,9.3229,110666.5139
2026-04-28T00:00:00Z,9.323,9.3312,9.2081,9.2546,159066.2414
2026-04-28T08:00:00Z,9.2551,9.2768,9.1479,9.2237,211842.8795
2026-04-28T16:00:00Z,9.2234,9.2875,9.1912,9.2423,90211.5624941
2026-04-29T00:00:00Z,9.24,9.3971,9.2168,9.3166,40834.5827
2026-04-29T08:00:00Z,9.3203,9.4159,9.0826,9.0962,181579.27989571
2026-04-29T16:00:00Z,9.0959,9.1643,8.9131,9.1139,202063.00134156
2026-04-30T00:00:00Z,9.1144,9.1856,9.0218,9.1283,157937.0881
2026-04-30T08:00:00Z,9.1303,9.1768,9.0874,9.1396,131250.9281
2026-04-30T16:00:00Z,9.1377,9.1543,9.0874,9.1055,91711.0298
2026-05-01T00:00:00Z,9.1068,9.2095,9.1034,9.1515,91344.053
2026-05-01T08:00:00Z,9.1523,9.2773,9.1224,9.2259,116303.35419079
2026-05-01T16:00:00Z,9.2319,9.2523,9.0703,9.0948,67946.0686
2026-05-02T00:00:00Z,9.0992,9.1351,9.0661,9.0839,37404.54088026
2026-05-02T08:00:00Z,9.0831,9.2,9.0733,9.162,48704.8592
2026-05-02T16:00:00Z,9.1623,9.2517,9.1202,9.1756,49360.3817
2026-05-03T00:00:00Z,9.1756,9.1833,9.0699,9.1168,62817.9986
2026-05-03T08:00:00Z,9.1176,9.2088,9.1085,9.1542,71024.7326
2026-05-03T16:00:00Z,9.1559,9.2214,9.1133,9.1315,68236.8393
2026-05-04T00:00:00Z,9.1276,9.4,9.0913,9.3212,143671.37994206908091306648
2026-05-04T08:00:00Z,9.315,9.6506,9.2907,9.4168,383305.18343147
2026-05-04T16:00:00Z,9.4156,9.5109,9.3204,9.3614,153085.6348
2026-05-05T00:00:00Z,9.3617,9.6293,9.3562,9.6056,121450.21302097
2026-05-05T08:00:00Z,9.604,9.8127,9.5138,9.7232,245393.5898
2026-05-05T16:00:00Z,9.7235,9.8445,9.6663,9.765,196617.6271
2026-05-06T00:00:00Z,9.7619,9.9131,9.7589,9.8714,179131.8841
2026-05-06T08:00:00Z,9.8687,10.2497,9.8637,10.0383,330213.7683
2026-05-06T16:00:00Z,10.0363,10.0775,9.9401,9.9967,162912.6203
2026-05-07T00:00:00Z,9.9955,10.1296,9.851,10.1184,162530.7502
2026-05-07T08:00:00Z,10.1175,10.1231,9.616,9.8674,225156.486
2026-05-07T16:00:00Z,9.8642,9.9508,9.8075,9.8469,249632.1789
2026-05-08T00:00:00Z,9.8485,9.894,9.7704,9.8932,235017.4285
2026-05-08T08:00:00Z,9.8919,10.0929,9.8406,10.0919,264005.3027
2026-05-08T16:00:00Z,10.093,10.4898,10.0341,10.3464,335236.17279718
2026-05-09T00:00:00Z,10.345,10.6098,10.3146,10.4673,210054.5263
2026-05-09T08:00:00Z,10.4633,10.5077,10.285,10.3367,96973.211
2026-05-09T16:00:00Z,10.3358,10.4569,10.3078,10.3765,98638.9983
2026-05-10T00:00:00Z,10.3735,10.455,10.2872,10.4213,88201.2022
2026-05-10T08:00:00Z,10.419,10.6253,10.4146,10.6206,179866.6992
2026-05-10T16:00:00Z,10.6221,10.8983,10.4325,10.7145,362280.5234
2026-05-11T00:00:00Z,10.7321,10.8815,10.4351,10.5238,236896.0887
2026-05-11T08:00:00Z,10.5268,10.6867,10.4017,10.5828,174841.3085
2026-05-11T16:00:00Z,10.5812,10.706,10.5404,10.5974,162240.1842
2026-05-12T00:00:00Z,10.5948,10.5948,10.3862,10.4365,135514.0303
2026-05-12T08:00:00Z,10.4378,10.4537,10.1,10.1551,282906.3939
2026-05-12T16:00:00Z,10.1575,10.3544,10.1254,10.2851,110681.3371
2026-05-13T00:00:00Z,10.2858,10.5797,10.2719,10.5749,153403.5261
2026-05-13T08:00:00Z,10.577,10.8029,10.0409,10.0659,376105.2994
2026-05-13T16:00:00Z,10.0675,10.2472,10.0641,10.218,205155.78889803
2026-05-14T00:00:00Z,10.218,10.3259,10.0939,10.2294,192281.131
2026-05-14T08:00:00Z,10.2287,10.6613,10.1852,10.647,201948.1821
2026-05-14T16:00:00Z,10.6423,10.8,10.466,10.4827,284642.5081
2026-05-15T00:00:00Z,10.4818,10.5594,10.2107,10.3758,183364.6012
2026-05-15T08:00:00Z,10.3755,10.3783,9.9634,10.0317,240136.2991
2026-05-15T16:00:00Z,10.0287,10.138,10.005,10.0723,125272.25333972
2026-05-16T00:00:00Z,10.0734,10.0976,9.734,9.8242,173272.3761
2026-05-16T08:00:00Z,9.82,9.8384,9.6185,9.7113,163098.459157
2026-05-16T16:00:00Z,9.7068,9.7775,9.7007,9.7178,91481.2361
2026-05-17T00:00:00Z,9.7169,9.8247,9.6324,9.7727,125857.7551
2026-05-17T08:00:00Z,9.7789,9.852,9.6593,9.718,159508.0776
2026-05-17T16:00:00Z,9.7147,9.7779,9.3377,9.5651,198656.1531
2026-05-18T00:00:00Z,9.5631,9.5787,9.4257,9.4735,276066.4581
2026-05-18T08:00:00Z,9.4746,9.6071,9.3472,9.4194,259256.6049
2026-05-18T16:00:00Z,9.4248,9.6188,9.3132,9.6078,228404.1826
2026-05-19T00:00:00Z,9.6098,9.8239,9.5865,9.7991,135115.9359
2026-05-19T08:00:00Z,9.7993,9.7993,9.4401,9.4887,259701.9133
2026-05-19T16:00:00Z,9.492,9.5642,9.4364,9.4485,148096.2833
2026-05-20T00:00:00Z,9.4485,9.6313,9.3799,9.5798,161664.2747
2026-05-20T08:00:00Z,9.5826,9.6551,9.485,9.6301,218288.4612
2026-05-20T16:00:00Z,9.6318,9.6898,9.56,9.6399,158188.9677
2026-05-21T00:00:00Z,9.6385,9.7764,9.6219,9.6925,185041.8799
2026-05-21T08:00:00Z,9.6941,9.7599,9.5211,9.6488,232770.1013
2026-05-21T16:00:00Z,9.6494,9.8555,9.612,9.7519,189104.2303
2026-05-22T00:00:00Z,9.7563,9.8664,9.7139,9.8265,120943.1399
2026-05-22T08:00:00Z,9.8248,10.0334,9.7402,9.8108,279505.3019999
2026-05-22T16:00:00Z,9.8124,9.8584,9.3664,9.4216,267554.6027
2026-05-23T00:00:00Z,9.419,9.4394,9.0476,9.1292,224219.8057
2026-05-23T08:00:00Z,9.1251,9.3666,9.0974,9.3196,138477.3538
2026-05-23T16:00:00Z,9.3208,9.7801,9.2871,9.5635,254766.7282
2026-05-24T00:00:00Z,9.5671,9.6296,9.4957,9.5583,126226.5407
2026-05-24T08:00:00Z,9.5648,9.6499,9.345,9.4315,146205.747
2026-05-24T16:00:00Z,9.4331,9.4864,9.2518,9.4322,128759.0374
2026-05-25T00:00:00Z,9.4358,9.5475,9.3708,9.5202,107554.4741
2026-05-25T08:00:00Z,9.5213,9.6612,9.4964,9.6051,139712.7208
2026-05-25T16:00:00Z,9.6014,9.6694,9.4495,9.5063,116956.16499563
2026-05-26T00:00:00Z,9.5045,9.5663,9.3626,9.483,148520.4679
2026-05-26T08:00:00Z,9.4827,9.6836,9.4055,9.4733,344636.934
2026-05-26T16:00:00Z,9.4728,9.4795,9.3421,9.3851,259021.2043
2026-05-27T00:00:00Z,9.3863,9.4723,9.2934,9.4399,183029.7437
2026-05-27T08:00:00Z,9.441,9.4826,9.2715,9.4338,287897.9416
2026-05-27T16:00:00Z,9.4337,9.4578,9.1113,9.1401,281385.0386
2026-05-28T00:00:00Z,9.1361,9.1548,8.7668,8.9035,340604.6996
2026-05-28T08:00:00Z,8.9049,8.9672,8.7954,8.8983,267360.3264
2026-05-28T16:00:00Z,8.8991,9.0888,8.8659,9.0056,204723.1148
2026-05-29T00:00:00Z,9.0053,9.0515,8.9097,9.0029,133256.5616
2026-05-29T08:00:00Z,9.001,9.1363,8.7962,9.0693,247538.7606
2026-05-29T16:00:00Z,9.0739,9.1338,8.9252,9.0187,199596.3191
2026-05-30T00:00:00Z,9.0232,9.3108,9.0206,9.1581,196709.7061
2026-05-30T08:00:00Z,9.163,9.2388,9.1167,9.2048,65681.5416
2026-05-30T16:00:00Z,9.2084,9.2867,9.1638,9.1906,78114.4182
2026-05-31T00:00:00Z,9.1929,9.3007,9.1738,9.2026,76071.2266
2026-05-31T08:00:00Z,9.2024,9.2772,9.073,9.1,100935.8013
2026-05-31T16:00:00Z,9.0993,9.2204,8.9946,9.1497,93102.1857
2026-06-01T00:00:00Z,9.1498,9.213,8.959,8.9694,166670.5399
2026-06-01T08:00:00Z,8.9698,9.0487,8.8493,8.9142,232420.6962
2026-06-01T16:00:00Z,8.9116,9.1119,8.8642,9.0587,165376.9916
2026-06-02T00:00:00Z,9.0574,9.0713,8.79,8.8465,203961.7374
2026-06-02T08:00:00Z,8.8477,8.8732,8.484,8.5692,311442.91259421
2026-06-02T16:00:00Z,8.5676,8.7418,8.2501,8.3733,404927.8738
2026-06-03T00:00:00Z,8.3763,8.5699,8.1725,8.548,318845.137
2026-06-03T08:00:00Z,8.5465,8.6161,8.3756,8.3758,294475.6579
2026-06-03T16:00:00Z,8.3834,8.468,8.109,8.3337,468976.6874
2026-06-04T00:00:00Z,8.3348,8.3987,7.8012,8.0679,495797.18816849
2026-06-04T08:00:00Z,8.0738,8.132,7.808,8.0484,371655.9445
2026-06-04T16:00:00Z,8.0491,8.1315,7.8895,8.0185,276604.6002
2026-06-05T00:00:00Z,8.009,8.0412,7.3373,7.6277,432424.56134595
2026-06-05T08:00:00Z,7.629,7.68,7.2427,7.2944,458049.0653
2026-06-05T16:00:00Z,7.2908,7.5456,7.1166,7.3642,536791.0326
2026-06-06T00:00:00Z,7.3663,7.4553,6.9985,7.3969,418691.2469
2026-06-06T08:00:00Z,7.3968,7.4688,7.1993,7.3843,353725.7531
2026-06-06T16:00:00Z,7.3824,7.416,7.2867,7.3946,291226.67925083
2026-06-07T00:00:00Z,7.3963,7.7272,7.3746,7.7175,331829.4699
2026-06-07T08:00:00Z,7.7179,7.85,7.618,7.7241,334264.1192
2026-06-07T16:00:00Z,7.7283,8.0367,7.5556,7.9185,355388.71029573
2026-06-08T00:00:00Z,7.9179,8.0158,7.7223,7.9083,345771.3898
2026-06-08T08:00:00Z,7.9083,8.1106,7.8458,8.0281,337762.6046
2026-06-08T16:00:00Z,8.0266,8.1249,7.9645,7.9986,269406.4153
2026-06-09T00:00:00Z,7.9975,8.0283,7.7942,7.9331,303180.0303
2026-06-09T08:00:00Z,7.9337,7.9538,7.7138,7.7256,302091.4826
2026-06-09T16:00:00Z,7.7215,7.9288,7.6511,7.8398,219866.5618
2026-06-10T00:00:00Z,7.8415,7.8746,7.6572,7.7802,167881.9505
2026-06-10T08:00:00Z,7.7819,7.8993,7.6122,7.8073,332649.13518523
2026-06-10T16:00:00Z,7.8067,7.8249,7.4893,7.5613,356718.2366
2026-06-11T00:00:00Z,7.5628,7.8301,7.5609,7.7724,242786.8138
2026-06-11T08:00:00Z,7.7734,7.8819,7.714,7.7589,240962.90260401
2026-06-11T16:00:00Z,7.759,7.985,7.6887,7.8858,230190.2856
2026-06-12T00:00:00Z,7.888,7.9352,7.7557,7.8137,178609.9347
2026-06-12T08:00:00Z,7.8151,8.0095,7.7844,7.814,268679.0521
2026-06-12T16:00:00Z,7.8168,7.922,7.8,7.8692,201640.0959
2026-06-13T00:00:00Z,7.869,7.9706,7.8577,7.9644,135247.0566
2026-06-13T08:00:00Z,7.9638,8.0425,7.9443,8.0267,105776.8841
2026-06-13T16:00:00Z,8.0284,8.0528,7.9458,7.9874,90361.1371
2026-06-14T00:00:00Z,7.9867,8.0076,7.8883,7.9074,50902.8071
2026-06-14T08:00:00Z,7.9074,7.9504,7.7883,7.842,106896.2147
2026-06-14T16:00:00Z,7.8396,8.184,7.7792,8.1811,207656.9157
2026-06-15T00:00:00Z,8.1834,8.2292,8.105,8.1817,175283.9026
2026-06-15T08:00:00Z,8.1847,8.6056,8.1641,8.5629,357846.67293451
2026-06-15T16:00:00Z,8.5614,8.5856,8.2496,8.2996,269138.4704
2026-06-16T00:00:00Z,8.2975,8.338,8.1522,8.2861,173213.5372766
2026-06-16T08:00:00Z,8.285,8.4785,8.0935,8.1981,250810.2371
2026-06-16T16:00:00Z,8.1979,8.3511,8.1642,8.2786,165545.8379
2026-06-17T00:00:00Z,8.2785,8.4159,8.2553,8.2927,145476.898
2026-06-17T08:00:00Z,8.2926,8.2997,8.0831,8.2937,272631.4082
2026-06-17T16:00:00Z,8.2935,8.3707,7.9416,8.0912,289030.7969
2026-06-18T00:00:00Z,8.094,8.1371,7.8922,8.0303,166856.8926
2026-06-18T08:00:00Z,8.0331,8.1281,7.775,7.7919,227136.1902
2026-06-18T16:00:00Z,7.7872,8.0167,7.7818,8.0137,212633.6368
2026-06-19T00:00:00Z,8.0162,8.0429,7.8116,7.8478,184034.8245
2026-06-19T08:00:00Z,7.8514,7.9537,7.7714,7.9078,182826.8675
2026-06-19T16:00:00Z,7.9058,7.9669,7.8496,7.9514,124212.3325
2026-06-20T00:00:00Z,7.9493,8.0135,7.8627,7.962,130732.9725
2026-06-20T08:00:00Z,7.9591,8.0108,7.8266,7.9692,129663.4622
2026-06-20T16:00:00Z,7.9692,8.0147,7.8672,7.9864,123560.6505
2026-06-21T00:00:00Z,7.9897,7.9937,7.9194,7.9498,57070.7182
2026-06-21T08:00:00Z,7.9543,8.0107,7.8999,7.9876,122253.7476
2026-06-21T16:00:00Z,7.985,7.9893,7.7664,7.7837,196443.9177
2026-06-22T00:00:00Z,7.7844,8.019,7.7825,7.9642,223474.1884
2026-06-22T08:00:00Z,7.9663,8.155,7.9476,7.9881,225036.0608
2026-06-22T16:00:00Z,7.9895,7.9997,7.8224,7.8731,176901.3417
2026-06-23T00:00:00Z,7.8735,7.9137,7.6352,7.6623,200335.0579
2026-06-23T08:00:00Z,7.6642,7.6926,7.4815,7.6237,307375.289
2026-06-23T16:00:00Z,7.6229,7.6685,7.5466,7.6349,215051.3107
2026-06-24T00:00:00Z,7.6357,7.6718,7.5331,7.6071,211116.0823
2026-06-24T08:00:00Z,7.6072,7.6987,7.3659,7.3686,311222.5357
2026-06-24T16:00:00Z,7.3659,7.4799,7.1231,7.4245,400634.479
2026-06-25T00:00:00Z,7.4296,7.5525,7.3825,7.5375,165142.1854
2026-06-25T08:00:00Z,7.5375,7.5375,7.01,7.2153,307789.5625
2026-06-25T16:00:00Z,7.2173,7.3,7.1389,7.2472,189312.26162608
2026-06-26T00:00:00Z,7.2501,7.342,7.0168,7.3286,307281.3979
2026-06-26T08:00:00Z,7.3347,7.3591,7.0555,7.3384,348631.01
2026-06-26T16:00:00Z,7.3408,7.3992,7.2855,7.3531,215882.0658
2026-06-27T00:00:00Z,7.3556,7.4158,7.3238,7.3849,111544.5236
2026-06-27T08:00:00Z,7.3849,7.4766,7.3321,7.4549,82623.458
2026-06-27T16:00:00Z,7.4556,7.4684,7.2499,7.2973,134530.841
2026-06-28T00:00:00Z,7.2972,7.3178,7.2213,7.3061,88847.9925
2026-06-28T08:00:00Z,7.3015,7.356,7.2332,7.3176,133963.7828
2026-06-28T16:00:00Z,7.3175,7.3202,7.1598,7.2678,214300.8120072040532447011
2026-06-29T00:00:00Z,7.2693,7.367,7.1785,7.3241,267098.1231
2026-06-29T08:00:00Z,7.3251,7.4094,7.2035,7.3277,306654.2754
2026-06-29T16:00:00Z,7.3307,7.5014,7.2812,7.3821,199413.0841
2026-06-30T00:00:00Z,7.3786,7.3968,7.2712,7.3019,119552.9484
2026-06-30T08:00:00Z,7.2977,7.4127,7.1231,7.1589,253350.3252
2026-06-30T16:00:00Z,7.1581,7.235,7.1245,7.2012,182380.764
2026-07-01T00:00:00Z,7.2025,7.3348,7.0779,7.2062,228095.5121
2026-07-01T08:00:00Z,7.2042,7.5575,7.178,7.4147,274500.1369
2026-07-01T16:00:00Z,7.4189,7.5344,7.3481,7.3589,194307.1743
2026-07-02T00:00:00Z,7.3589,7.5485,7.308,7.4512,192353.0228
2026-07-02T08:00:00Z,7.456,7.9436,7.4478,7.7847,335787.1548
2026-07-02T16:00:00Z,7.7878,7.8191,7.6976,7.749,193119.2702
2026-07-03T00:00:00Z,7.7471,7.8319,7.7217,7.7707,140034.7612
2026-07-03T08:00:00Z,7.7688,7.8969,7.7646,7.8452,153203.593
2026-07-03T16:00:00Z,7.8469,8.0373,7.8188,7.9765,107494.8791
2026-07-04T00:00:00Z,7.9762,7.9908,7.8932,7.9246,70995.0805
2026-07-04T08:00:00Z,7.9239,8.1,7.8821,8.0869,95530.71407701
2026-07-04T16:00:00Z,8.0878,8.1758,7.9746,8.0059,111506.0775
2026-07-05T00:00:00Z,8.0058,8.0067,7.8513,7.9276,84033.655
2026-07-05T08:00:00Z,7.9303,8.008,7.8394,7.9667,83299.4925
2026-07-05T16:00:00Z,7.9664,8.151,7.9425,8.0614,107026.3034
2026-07-06T00:00:00Z,8.0629,8.1325,7.9064,7.9547,121825.2616
2026-07-06T08:00:00Z,7.9564,8.0253,7.7601,8.0201,167149.0668
2026-07-06T16:00:00Z,8.0217,8.1707,7.9743,8.0218,128317.457
2026-07-07T00:00:00Z,8.0225,8.0682,7.8124,7.9086,99050.94566906
2026-07-07T08:00:00Z,7.9129,8.0228,7.7983,7.9987,125028.2453
2026-07-07T16:00:00Z,8.0004,8.0476,7.8037,7.8616,124831.94522066
2026-07-08T00:00:00Z,7.8618,7.8958,7.6525,7.7032,131895.5836
2026-07-08T08:00:00Z,7.6992,7.7206,7.523,7.5523,194383.0622
2026-07-08T16:00:00Z,7.5538,7.6614,7.5457,7.6407,115367.1577
2026-07-09T00:00:00Z,7.6407,7.7833,7.5724,7.729,112973.8537
2026-07-09T08:00:00Z,7.7274,7.7752,7.6773,7.701,107045.529231
2026-07-09T16:00:00Z,7.7013,7.8107,7.6764,7.7306,82389.2749
2026-07-10T00:00:00Z,7.7325,7.9355,7.7097,7.8995,98025.1575
2026-07-10T08:00:00Z,7.8988,8.0165,7.8568,7.9198,153722.2899
2026-07-10T16:00:00Z,7.9247,7.9713,7.8889,7.9697,73597.1893
2026-07-11T00:00:00Z,7.971,8.0205,7.942,7.9944,46311.6934
2026-07-11T08:00:00Z,7.9938,8.0901,7.9724,8.0645,64181.4858
2026-07-11T16:00:00Z,8.0616,8.1197,7.9076,7.9129,103893.9489
2026-07-12T00:00:00Z,7.9127,8.0469,7.8614,7.9758,94317.6602
2026-07-12T08:00:00Z,7.9755,8.0966,7.9723,8.0714,73274.8814
2026-07-12T16:00:00Z,8.0735,8.1025,7.9486,7.9969,71608.7018
2026-07-13T00:00:00Z,7.9966,8.1354,7.8703,7.9795,173667.2684
2026-07-13T08:00:00Z,7.981,8.0131,7.8556,7.9398,112576.9708
2026-07-13T16:00:00Z,7.9368,7.9536,7.7965,7.8869,102370.2653
2026-07-14T00:00:00Z,7.8878,7.9932,7.8664,7.9202,76309.8972
2026-07-14T08:00:00Z,7.9239,8.4036,7.8993,8.2958,275713.44027986
2026-07-14T16:00:00Z,8.3018,8.3517,8.2017,8.3472,177413.6937
2026-07-15T00:00:00Z,8.3486,8.4124,8.2689,8.3346,195059.3686
2026-07-15T08:00:00Z,8.3361,8.6312,8.3296,8.5531,269085.4219
2026-07-15T16:00:00Z,8.5549,8.58,8.4208,8.5419,221666.00422939
2026-07-16T00:00:00Z,8.5392,8.5689,8.4528,8.5162,174886.5504
2026-07-16T08:00:00Z,8.5179,8.5215,8.3747,8.4446,303381.92268823
2026-07-16T16:00:00Z,8.4455,8.46,8.3133,8.3438,269607.0537
2026-07-17T00:00:00Z,8.3433,8.3684,8.1559,8.171,301796.1812
2026-07-17T08:00:00Z,8.1718,8.2236,8.0074,8.1655,374819.2318
2026-07-17T16:00:00Z,8.168,8.2881,8.1455,8.2541,197906.0454
2026-07-18T00:00:00Z,8.2601,8.2997,8.2375,8.2519,53950.9099
2026-07-18T08:00:00Z,8.2507,8.3392,8.2111,8.2769,110016.9153
2026-07-18T16:00:00Z,8.2769,8.3782,8.2607,8.349,179651.4205
2026-07-19T00:00:00Z,8.3498,8.3924,8.3322,8.3683,104181.6868
2026-07-19T08:00:00Z,8.3716,8.3908,8.3231,8.3566,126386.066
2026-07-19T16:00:00Z,8.3579,8.4107,8.2871,8.3875,198577.517
2026-07-20T00:00:00Z,8.3857,8.5319,8.2905,8.3616,436275.45687588
2026-07-20T08:00:00Z,8.3591,8.5685,8.3051,8.5549,437333.87946765
2026-07-20T16:00:00Z,8.5557,8.6448,8.5065,8.5931,305138.912
2026-07-21T00:00:00Z,8.5898,8.7578,8.5677,8.7394,368736.3947
2026-07-21T08:00:00Z,8.7385,8.77,8.6481,8.6904,253675.99290722
2026-07-21T16:00:00Z,8.6905,8.7041,8.5907,8.6579,222215.9721
2026-07-22T00:00:00Z,8.6589,8.7458,8.5744,8.5824,272827.0221
2026-07-22T08:00:00Z,8.584,8.7563,8.575,8.6881,283822.7834
2026-07-22T16:00:00Z,8.6885,8.7359,8.5872,8.6321,261764.68921634
2026-07-23T00:00:00Z,8.6315,8.6833,8.5279,8.5341,221345.6272
2026-07-23T08:00:00Z,8.5307,8.6598,8.4163,8.4964,248250.5277
2026-07-23T16:00:00Z,8.4972,8.5265,8.4306,8.4747,216334.611
2026-07-24T00:00:00Z,8.4717,8.5794,8.3956,8.5642,206397.8552
2026-07-24T08:00:00Z,8.5632,8.5645,8.2925,8.3691,350899.28117693
2026-07-24T16:00:00Z,8.3681,8.3726,8.2987,8.3405,203595.4364
2026-07-25T00:00:00Z,8.3364,8.3639,8.2917,8.2981,56198.7682
2026-07-25T08:00:00Z,8.2982,8.4001,8.2695,8.3862,80745.8713
2026-07-25T16:00:00Z,8.3937,8.4356,8.3601,8.3844,117486.10138364
2026-07-26T00:00:00Z,8.3847,8.4771,8.3799,8.4246,90032.6499
2026-07-26T08:00:00Z,8.4224,8.5989,8.4044,8.5943,122688.2072
2026-07-26T16:00:00Z,8.5953,8.8413,8.5611,8.8263,306615.9325
2026-07-27T00:00:00Z,8.8276,8.9146,8.7232,8.8114,328145.9089
2026-07-27T08:00:00Z,8.8142,8.8244,8.5339,8.5753,304020.3251
2026-07-27T16:00:00Z,8.5764,8.6602,8.3495,8.3838,254128.3398
2026-07-28T00:00:00Z,8.3811,8.3868,8.2832,8.3193,210981.0806
2026-07-28T08:00:00Z,8.3108,8.3981,8.1948,8.383,357873.1791
2026-07-28T16:00:00Z,8.3822,8.452,8.3124,8.4447,504963.4726
2026-07-29T00:00:00Z,8.4479,8.5115,8.2932,8.4393,443592.2944
2026-07-29T08:00:00Z,8.442,8.4802,8.2414,8.2774,533229.6456
2026-07-29T16:00:00Z,8.2774,8.4427,8.1669,8.3366,595149.2963
2026-07-30T00:00:00Z,8.3375,8.3981,8.266,8.2889,304034.5058
2026-07-30T08:00:00Z,8.2923,8.5319,8.2775,8.4837,628663.597
2026-07-30T16:00:00Z,8.4836,8.5264,8.453,8.4541,387651.21477604
2026-07-31T00:00:00Z,8.4531,8.515,8.2493,8.3002,437662.4893
2026-07-31T08:00:00Z,8.3002,8.3297,8.0222,8.1118,537013.3215
2026-07-31T16:00:00Z,8.1137,8.2058,8.1,8.1727,431474.3856
2026-08-01T00:00:00Z,8.1748,8.245,8.1323,8.1378,287139.7746
2026-08-01T08:00:00Z,8.1375,8.1412,8.0826,8.1008,242601.4082
2026-08-01T16:00:00Z,8.1015,8.1125,7.8898,8.0713,483818.2261
2026-08-02T00:00:00Z,8.0713,8.4164,8.0559,8.3795,446535.1472
2026-08-02T08:00:00Z,8.3821,8.3896,8.2657,8.2752,198310.86299982
2026-08-02T16:00:00Z,8.2753,8.4518,8.2504,8.3845,318977.8256
2026-08-03T00:00:00Z,8.3852,8.3922,8.2155,8.2206,311065.0229
2026-08-03T08:00:00Z,8.2199,8.3178,8.1634,8.2488,414787.2673
2026-08-03T16:00:00Z,8.25,8.2886,8.17,8.1889,301981.4352
2026-08-04T00:00:00Z,8.1821,8.2633,8.1162,8.174,248904.0453
2026-08-04T08:00:00Z,8.1745,8.2637,8.1274,8.1957,244716.3491
2026-08-04T16:00:00Z,8.1975,8.2499,8.1447,8.1494,186167.4458
2026-08-05T00:00:00Z,8.1486,8.2028,8.0968,8.1871,144273.9184
2026-08-05T08:00:00Z,8.188,8.2293,8.0697,8.1147,265450.4252
2026-08-05T16:00:00Z,8.1134,8.2565,8.1102,8.1611,254757.0574
2026-08-06T00:00:00Z,8.1625,8.2289,8.1013,8.1902,136612.6021
2026-08-06T08:00:00Z,8.1914,8.2735,8.0698,8.2252,211158.1531
2026-08-06T16:00:00Z,8.2265,8.3404,8.1628,8.1964,304937.9114
2026-08-07T00:00:00Z,8.1957,8.2473,8.1093,8.1881,184866.7968
2026-08-07T08:00:00Z,8.1886,8.3125,8.1886,8.2783,280558.1048
2026-08-07T16:00:00Z,8.2829,8.316,8.158,8.1894,266822.0358
2026-08-08T00:00:00Z,8.1888,8.3125,8.1666,8.2622,238371.8988
2026-08-08T08:00:00Z,8.2624,8.3954,8.256,8.3494,131474.6443
2026-08-08T16:00:00Z,8.3426,8.3666,8.2955,8.3069,136832.8983
2026-08-09T00:00:00Z,8.3071,8.3519,8.2617,8.3428,81616.1037
2026-08-09T08:00:00Z,8.3425,8.3677,8.2801,8.3541,83270.136
2026-08-09T16:00:00Z,8.3542,8.3915,8.1747,8.1854,194507.2666
2026-08-10T00:00:00Z,8.185,8.2618,8.1664,8.2234,222687.349
2026-08-10T08:00:00Z,8.2259,8.3688,8.2029,8.3048,262017.7202
2026-08-10T16:00:00Z,8.3038,8.32,8.2085,8.2985,212560.6637
2026-08-11T00:00:00Z,8.2999,8.4743,8.2911,8.4719,177547.086
2026-08-11T08:00:00Z,8.4746,8.7125,8.445,8.5632,423531.292
2026-08-11T16:00:00Z,8.5612,8.8073,8.532,8.7799,330249.5341
2026-08-12T00:00:00Z,8.7798,8.8213,8.682,8.7531,156013.0077
2026-08-12T08:00:00Z,8.7526,8.893,8.6946,8.7828,283696.246
2026-08-12T16:00:00Z,8.7817,8.7901,8.6281,8.6715,200848.428
2026-08-13T00:00:00Z,8.6723,8.8128,8.6208,8.7565,139040.5746
2026-08-13T08:00:00Z,8.7559,8.8647,8.6781,8.7472,192902.221
2026-08-13T16:00:00Z,8.7476,8.9,8.6839,8.8871,262809.8753
2026-08-14T00:00:00Z,8.8867,8.8912,8.7497,8.7714,145588.0609
2026-08-14T08:00:00Z,8.7712,8.8847,8.729,8.8582,368449.21829315
2026-08-14T16:00:00Z,8.8582,9.0154,8.832,8.9691,395105.9045
2026-08-15T00:00:00Z,8.9724,9.7467,8.9714,9.3391,576073.6219
2026-08-15T08:00:00Z,9.3393,9.5311,9.2264,9.5082,424589.5266
2026-08-15T16:00:00Z,9.5113,9.6315,9.4662,9.4704,431805.35289657
2026-08-16T00:00:00Z,9.4705,9.5123,9.3216,9.3778,338775.1723
2026-08-16T08:00:00Z,9.377,9.4587,9.2988,9.3945,247130.85159961
2026-08-16T16:00:00Z,9.3948,9.4916,9.3503,9.3909,352837.5789
2026-08-17T00:00:00Z,9.39,9.5648,9.3543,9.4096,341030.3546
2026-08-17T08:00:00Z,9.4091,9.5761,9.3692,9.5238,428229.51596662
2026-08-17T16:00:00Z,9.5239,9.5751,9.4649,9.5439,284380.0104
2026-08-18T00:00:00Z,9.5441,9.5483,9.3345,9.4331,249409.5504
2026-08-18T08:00:00Z,9.4346,9.5586,9.3839,9.4817,322644.3729
2026-08-18T16:00:00Z,9.4817,9.5577,9.4528,9.5389,304482.0275
2026-08-19T00:00:00Z,9.5392,9.7235,9.488,9.697,379586.1594
2026-08-19T08:00:00Z,9.6984,10.063,9.6586,9.9231,474815.83901617
2026-08-19T16:00:00Z,9.9213,10.8922,9.8533,10.5563,649246.43545781
2026-08-20T00:00:00Z,10.558,10.627,10.3687,10.5466,433825.1542
2026-08-20T08:00:00Z,10.5483,10.7681,10.5186,10.7143,408483.6834
2026-08-20T16:00:00Z,10.7176,10.8761,10.5022,10.69,426734.2786
2026-08-21T00:00:00Z,10.6954,11.8442,10.6856,11.5366,536333.8861
2026-08-21T08:00:00Z,11.5445,11.7506,11.2318,11.5255,558701.65764967275475741965
2026-08-21T16:00:00Z,11.5257,12.3926,11.4069,11.9928,495439.3545
2026-08-22T00:00:00Z,11.9909,12.604,10.9,11.7464,574191.96169108
2026-08-22T08:00:00Z,11.7534,11.8962,11.3628,11.6087,359352.29480089
2026-08-22T16:00:00Z,11.6078,11.8137,11.4611,11.6444,294085.3517
2026-08-23T00:00:00Z,11.6461,11.7462,11.0251,11.3007,324263.5146
2026-08-23T08:00:00Z,11.2955,11.6517,11.2573,11.4579,327204.1094
2026-08-23T16:00:00Z,11.464,11.9608,11.4358,11.5449,266577.44506217
2026-08-24T00:00:00Z,11.545,11.6756,11.295,11.5192,246147.4557
2026-08-24T08:00:00Z,11.5202,11.7838,11.3631,11.5711,321359.00272184
2026-08-24T16:00:00Z,11.5752,11.7013,11.4204,11.6287,259034.3811
2026-08-25T00:00:00Z,11.6293,11.9608,11.4827,11.5938,261020.2545
2026-08-25T08:00:00Z,11.59,11.6948,11.3648,11.5833,249114.1733
2026-08-25T16:00:00Z,11.5834,11.6037,11.1412,11.2931,237044.2293
2026-08-26T00:00:00Z,11.2919,11.4567,11.2343,11.3329,209499.80963813
2026-08-26T08:00:00Z,11.3307,11.4883,11.0688,11.2387,405409.1979
2026-08-26T16:00:00Z,11.2387,11.6253,11.1409,11.6219,360624.15889907
2026-08-27T00:00:00Z,11.622,11.6796,11.454,11.6734,351721.9855
2026-08-27T08:00:00Z,11.6739,11.9827,11.6488,11.9276,549795.0404
2026-08-27T16:00:00Z,11.9299,11.9816,11.76,11.9191,370292.8389
2026-08-28T00:00:00Z,11.9197,12.056,11.6645,11.6998,384753.9412
2026-08-28T08:00:00Z,11.7037,11.8847,11.5617,11.5752,383601.2329
2026-08-28T16:00:00Z,11.5696,11.5841,11.2669,11.4359,408714.595
2026-08-29T00:00:00Z,11.4359,11.4767,11.2961,11.3253,247355.1802
2026-08-29T08:00:00Z,11.3227,11.4917,11.2823,11.3904,225398.6576
2026-08-29T16:00:00Z,11.3904,11.4861,11.3657,11.4555,283968.8308
2026-08-30T00:00:00Z,11.4559,11.4638,11.3379,11.3905,189235.0585
2026-08-30T08:00:00Z,11.3902,11.6295,11.3421,11.5652,276238.4668
2026-08-30T16:00:00Z,11.5704,11.7982,10.9932,11.1442,424159.7645
2026-08-31T00:00:00Z,11.1446,11.3207,11.0377,11.2715,363703.7095
2026-08-31T08:00:00Z,11.2661,11.4021,11.1597,11.395,360166.7493
2026-08-31T16:00:00Z,11.3882,11.5014,11.2837,11.3229,375108.6784
2026-09-01T00:00:00Z,11.3223,11.5204,11.2977,11.4701,289019.56433471
2026-09-01T08:00:00Z,11.4787,11.5235,11.296,11.433,329267.7773
2026-09-01T16:00:00Z,11.4304,11.4498,11.062,11.2351,350130.00898857
2026-09-02T00:00:00Z,11.2362,11.3027,11.0763,11.2083,328273.166
2026-09-02T08:00:00Z,11.2079,11.2336,10.9131,11.0908,385235.3369
2026-09-02T16:00:00Z,11.0911,11.1846,11.0256,11.1186,305970.8999
2026-09-03T00:00:00Z,11.1174,11.486,11.0014,11.1789,341154.2455
2026-09-03T08:00:00Z,11.1819,11.86,11.1274,11.7794,434860.70628569
2026-09-03T16:00:00Z,11.7849,11.9569,11.628,11.8341,383013.97209236
2026-09-04T00:00:00Z,11.8321,12,11.7602,11.9287,344914.715
2026-09-04T08:00:00Z,11.9306,12.1595,11.46,11.6597,504191.9588
2026-09-04T16:00:00Z,11.6562,11.7365,11.5817,11.6324,272701.8382
2026-09-05T00:00:00Z,11.6324,11.7747,11.6017,11.7407,297281.3228
2026-09-05T08:00:00Z,11.7348,11.9599,11.7176,11.9474,308830.1705
2026-09-05T16:00:00Z,11.946,12.24,11.896,12.0509,431153.56139968
2026-09-06T00:00:00Z,12.0501,12.4588,12.0426,12.2176,332849.8399
2026-09-06T08:00:00Z,12.2138,12.4012,12.059,12.215,368169.962
2026-09-06T16:00:00Z,12.2225,13.3465,12.2015,13.248,506739.5935
2026-09-07T00:00:00Z,13.2303,13.6847,12.9507,13.1925,494895.87388005
2026-09-07T08:00:00Z,13.193,13.5272,12.8494,12.8738,410120.1302
2026-09-07T16:00:00Z,12.8721,12.9679,12.6178,12.7486,280580.36818086
2026-09-08T00:00:00Z,12.7512,12.8082,12.5665,12.6848,259994.84589325
2026-09-08T08:00:00Z,12.6864,12.7972,12.298,12.6908,341168.0781
2026-09-08T16:00:00Z,12.689,12.7974,12.446,12.5168,302682.6527
2026-09-09T00:00:00Z,12.5215,12.6375,12.3775,12.4924,273323.1677
2026-09-09T08:00:00Z,12.4958,12.5168,11.8166,12.0019,457298.98187641
2026-09-09T16:00:00Z,11.9983,12.0608,11.572,11.8095,399488.8864
2026-09-10T00:00:00Z,11.8,11.9821,11.6595,11.7854,330078.371
2026-09-10T08:00:00Z,11.781,11.8861,11.502,11.6361,407963.4294
2026-09-10T16:00:00Z,11.6361,11.7316,11.434,11.4542,344354.7371
2026-09-11T00:00:00Z,11.4557,11.6,11.3904,11.4773,316614.3845
2026-09-11T08:00:00Z,11.4773,12.2081,11.2542,11.7126,508000.6172
2026-09-11T16:00:00Z,11.7114,11.821,11.47,11.552,484104.0328
2026-09-12T00:00:00Z,11.554,11.5848,11.4581,11.5725,291628.3496
2026-09-12T08:00:00Z,11.5731,11.6249,11.5204,11.591,292902.5056
2026-09-12T16:00:00Z,11.5947,11.6078,11.4632,11.5101,304488.40417163
2026-09-13T00:00:00Z,11.5101,11.6817,11.4279,11.436,204477.1188
2026-09-13T08:00:00Z,11.4315,11.4547,11.1982,11.2625,331687.94469957
2026-09-13T16:00:00Z,11.2628,11.5029,11.1603,11.2041,342452.5384
2026-09-14T00:00:00Z,11.2055,11.4692,11.126,11.4163,305660.7291
2026-09-14T08:00:00Z,11.4163,11.4855,11.2501,11.4615,368694.6555
2026-09-14T16:00:00Z,11.46,11.9648,11.4338,11.5191,414883.6644
2026-09-15T00:00:00Z,11.5155,11.6285,11.3304,11.3439,275236.1689
2026-09-15T08:00:00Z,11.3415,11.5099,11.0469,11.2762,345816.2255
2026-09-15T16:00:00Z,11.2759,11.4048,10.7897,10.8882,542266.8523
2026-09-16T00:00:00Z,10.8881,10.9397,10.7498,10.761,473487.9881
2026-09-16T08:00:00Z,10.7655,10.9097,10.6288,10.6826,491948.7946
2026-09-16T16:00:00Z,10.6807,11.1323,10.6208,11.0584,574717.7688
2026-09-17T00:00:00Z,11.0572,11.2381,10.9865,11.1804,340115.9685
2026-09-17T08:00:00Z,11.1821,11.4331,11.1019,11.3792,381875.7217
2026-09-17T16:00:00Z,11.3814,11.4317,11.2564,11.3824,356508.7226
2026-09-18T00:00:00Z,11.386,11.8644,11.3402,11.8222,430122.8221
2026-09-18T08:00:00Z,11.825,12.2452,11.7316,12.153,497310.5381
2026-09-18T16:00:00Z,12.1571,12.4224,12.0418,12.2275,472846.60259946
2026-09-19T00:00:00Z,12.2288,12.4926,12.2147,12.2995,310140.0771
2026-09-19T08:00:00Z,12.3065,12.6439,12.2901,12.5663,344265.484
2026-09-19T16:00:00Z,12.5725,12.6918,12.2998,12.4184,407339.1176
2026-09-20T00:00:00Z,12.4183,12.4499,11.9336,11.9751,479795.6616
2026-09-20T08:00:00Z,11.9745,12.382,11.918,12.3722,445360.377
2026-09-20T16:00:00Z,12.379,12.6111,12.3179,12.5175,446035.1114
2026-09-21T00:00:00Z,12.5184,12.7984,12.4554,12.5584,417069.79780818796977754507
2026-09-21T08:00:00Z,12.5544,13.172,12.5509,13.0234,500502.4725
2026-09-21T16:00:00Z,13.0212,13.2835,12.7517,13.1797,474876.1209
2026-09-22T00:00:00Z,13.1722,13.2335,12.8096,12.8966,458585.4092
2026-09-22T08:00:00Z,12.9025,13.2855,12.7577,13.0461,504676.93385233
2026-09-22T16:00:00Z,13.0412,13.1286,12.8304,13.0439,448492.0593
2026-09-23T00:00:00Z,13.0405,13.215,12.9062,12.9309,294622.4111
2026-09-23T08:00:00Z,12.9338,13.0207,12.0946,12.1883,483712.9573
2026-09-23T16:00:00Z,12.1883,12.3958,12.0597,12.3564,366223.0051
2026-09-24T00:00:00Z,12.3543,12.4957,12.1785,12.4813,391188.9708
2026-09-24T08:00:00Z,12.4812,12.791,12.0808,12.7874,451575.6503
2026-09-24T16:00:00Z,12.7901,13.5262,12.6936,13.2205,519490.09919942
2026-09-25T00:00:00Z,13.2199,13.557,13.214,13.5018,370118.28379315
2026-09-25T08:00:00Z,13.5018,14.2152,13.4892,13.8283,531229.4506
2026-09-25T16:00:00Z,13.8352,13.9495,13.6627,13.9303,350044.9818
2026-09-26T00:00:00Z,13.9328,14.1917,13.8709,14.0851,393384.834
2026-09-26T08:00:00Z,14.081,14.4982,13.9375,14.2546,397371.476
2026-09-26T16:00:00Z,14.253,14.376,13.884,14.1606,334953.2315
2026-09-27T00:00:00Z,14.1478,14.4886,13.9977,14.4474,213168.7516
2026-09-27T08:00:00Z,14.446,14.446,13.9698,14.1181,238341.7019
2026-09-27T16:00:00Z,14.1188,14.179,13.9047,14.0235,264913.9405
2026-09-28T00:00:00Z,14.0254,14.1752,13.6421,13.6728,453729.9283
2026-09-28T08:00:00Z,13.6762,15.0111,13.5294,14.4365,590296.53458775
2026-09-28T16:00:00Z,14.4345,15.5252,14.3977,15.4479,584526.8064
2026-09-29T00:00:00Z,15.4512,15.776,14.6312,15.2089,433573.6401
2026-09-29T08:00:00Z,15.2097,15.6114,14.7184,14.7969,403483.8053
2026-09-29T16:00:00Z,14.7905,14.8996,14.48,14.6108,334070.24009887
2026-09-30T00:00:00Z,14.6074,14.6186,14.2633,14.3072,372365.8204
2026-09-30T08:00:00Z,14.3046,14.8125,14.0555,14.2504,462440.5661
2026-09-30T16:00:00Z,14.2527,14.4859,14.21,14.3677,334161.6251
