symbol,forecast_time,target_start,target_end,year,week,volume_log_ratio,target,baseline,extended,delayed
ETH_USDT,2022-09-11T00:00:00Z,2022-09-11T08:00:00Z,2022-09-12T08:00:00Z,2022,2022-09-05T00:00:00Z,-0.5937715818772809,-10.200253653325829,-6.8040468468175055,-6.9586563297691,
SOL_USDT,2022-09-11T00:00:00Z,2022-09-11T08:00:00Z,2022-09-12T08:00:00Z,2022,2022-09-05T00:00:00Z,-0.5307335019620634,-7.535817810385577,-6.575570545829927,-6.647950313472091,
LINK_USDT,2022-09-11T00:00:00Z,2022-09-11T08:00:00Z,2022-09-12T08:00:00Z,2022,2022-09-05T00:00:00Z,0.3338002317283145,-7.50874781670607,-6.512973153149935,-6.397388465735434,
ETH_USDT,2022-09-12T00:00:00Z,2022-09-12T08:00:00Z,2022-09-13T08:00:00Z,2022,2022-09-12T00:00:00Z,-0.5666352300042116,-6.967066144052837,-7.07954626869895,-7.09944649497311,-7.168449306924824
SOL_USDT,2022-09-12T00:00:00Z,2022-09-12T08:00:00Z,2022-09-13T08:00:00Z,2022,2022-09-12T00:00:00Z,-0.48986494616190407,-5.802530718530302,-6.606610703910782,-6.6793170641073925,-6.6851389559251455
LINK_USDT,2022-09-12T00:00:00Z,2022-09-12T08:00:00Z,2022-09-13T08:00:00Z,2022,2022-09-12T00:00:00Z,0.20323734185460968,-6.389218397162694,-6.643162284518637,-6.528676330800294,-6.587279222831192
ETH_USDT,2022-09-13T00:00:00Z,2022-09-13T08:00:00Z,2022-09-14T08:00:00Z,2022,2022-09-12T00:00:00Z,-0.14521158359273276,-5.096572466242264,-6.823837600211375,-6.862427492035972,-6.910722190662874
SOL_USDT,2022-09-13T00:00:00Z,2022-09-13T08:00:00Z,2022-09-14T08:00:00Z,2022,2022-09-12T00:00:00Z,0.5203420060882505,-4.304913885788906,-6.39195517752887,-6.298625917394852,-6.4711423178860406
LINK_USDT,2022-09-13T00:00:00Z,2022-09-13T08:00:00Z,2022-09-14T08:00:00Z,2022,2022-09-12T00:00:00Z,0.43508599505287227,-4.863179996595807,-6.473674579467534,-6.358770569458289,-6.440736439990191
ETH_USDT,2022-09-14T00:00:00Z,2022-09-14T08:00:00Z,2022-09-15T08:00:00Z,2022,2022-09-12T00:00:00Z,0.37011032540872923,-7.083593591420608,-6.602764784997659,-6.594815381281595,-6.626330942802416
SOL_USDT,2022-09-14T00:00:00Z,2022-09-14T08:00:00Z,2022-09-15T08:00:00Z,2022,2022-09-12T00:00:00Z,0.6922472236834485,-7.272175696276069,-6.0392269519205595,-5.9929262243294845,-5.9830668833282505
LINK_USDT,2022-09-14T00:00:00Z,2022-09-14T08:00:00Z,2022-09-15T08:00:00Z,2022,2022-09-12T00:00:00Z,0.4600768128718057,-6.844702679274736,-6.262902091287084,-6.216743037117982,-6.19541125861022
ETH_USDT,2022-09-15T00:00:00Z,2022-09-15T08:00:00Z,2022-09-16T08:00:00Z,2022,2022-09-12T00:00:00Z,-0.032476537171289864,-4.75222515620316,-6.915711405648622,-6.901433866263474,-6.860893425846526
SOL_USDT,2022-09-15T00:00:00Z,2022-09-15T08:00:00Z,2022-09-16T08:00:00Z,2022,2022-09-12T00:00:00Z,-0.06155918164339853,-5.932175929094185,-6.452966358686729,-6.410014108808339,-6.372489928288323
LINK_USDT,2022-09-15T00:00:00Z,2022-09-15T08:00:00Z,2022-09-16T08:00:00Z,2022,2022-09-12T00:00:00Z,0.2516480523511298,-5.593807085948574,-6.50967888618538,-6.415292076777032,-6.445273063772868
ETH_USDT,2022-09-16T00:00:00Z,2022-09-16T08:00:00Z,2022-09-17T08:00:00Z,2022,2022-09-12T00:00:00Z,0.47552697432400926,-7.987175048105397,-6.423550426168981,-6.40319427535652,-6.452114310050262
SOL_USDT,2022-09-16T00:00:00Z,2022-09-16T08:00:00Z,2022-09-17T08:00:00Z,2022,2022-09-12T00:00:00Z,0.10728642971321169,-7.36001598395691,-6.194738270265844,-6.210601496917483,-6.218883507523389
LINK_USDT,2022-09-16T00:00:00Z,2022-09-16T08:00:00Z,2022-09-17T08:00:00Z,2022,2022-09-12T00:00:00Z,0.4121090361030694,-6.057582315916976,-6.316412364770776,-6.239357269774726,-6.282134576375017
ETH_USDT,2022-09-17T00:00:00Z,2022-09-17T08:00:00Z,2022-09-18T08:00:00Z,2022,2022-09-12T00:00:00Z,-0.2339692999912311,-7.6786197450885325,-6.751735549217124,-6.752619716771923,-6.702709855230764
SOL_USDT,2022-09-17T00:00:00Z,2022-09-17T08:00:00Z,2022-09-18T08:00:00Z,2022,2022-09-12T00:00:00Z,-0.42563284405610297,-8.013209551495123,-6.453700662479272,-6.497021704114857,-6.448834354360038
LINK_USDT,2022-09-17T00:00:00Z,2022-09-17T08:00:00Z,2022-09-18T08:00:00Z,2022,2022-09-12T00:00:00Z,0.377315288017633,-7.163453135683157,-6.613232165450444,-6.425595700352553,-6.543176891458328
ETH_USDT,2022-09-18T00:00:00Z,2022-09-18T08:00:00Z,2022-09-19T08:00:00Z,2022,2022-09-12T00:00:00Z,-0.7215672788723941,-5.325743749748167,-6.766149808756143,-6.892194229878862,-6.81027854394401
SOL_USDT,2022-09-18T00:00:00Z,2022-09-18T08:00:00Z,2022-09-19T08:00:00Z,2022,2022-09-12T00:00:00Z,-0.8151063484888416,-5.544536925133767,-6.399476516010488,-6.573874833334222,-6.470814681569397
LINK_USDT,2022-09-18T00:00:00Z,2022-09-18T08:00:00Z,2022-09-19T08:00:00Z,2022,2022-09-12T00:00:00Z,0.13985903495820998,-5.3591730858783935,-6.419796887035163,-6.384905655489961,-6.367661400033035
ETH_USDT,2022-09-19T00:00:00Z,2022-09-19T08:00:00Z,2022-09-20T08:00:00Z,2022,2022-09-19T00:00:00Z,-0.0803966721982641,-6.3827515037011056,-6.444414500715781,-6.548542179622644,-6.575095600668742
SOL_USDT,2022-09-19T00:00:00Z,2022-09-19T08:00:00Z,2022-09-20T08:00:00Z,2022,2022-09-19T00:00:00Z,-0.30163850921950464,-6.706963395956175,-6.171860861043986,-6.318824506018642,-6.308708396993946
LINK_USDT,2022-09-19T00:00:00Z,2022-09-19T08:00:00Z,2022-09-20T08:00:00Z,2022,2022-09-19T00:00:00Z,0.21545131838495926,-7.8800308462557975,-6.357844375062177,-6.326068228682877,-6.344382411717611
ETH_USDT,2022-09-20T00:00:00Z,2022-09-20T08:00:00Z,2022-09-21T08:00:00Z,2022,2022-09-19T00:00:00Z,0.07592508568827608,-6.294546401366566,-6.43792803264027,-6.484866212065565,-6.477472389582117
SOL_USDT,2022-09-20T00:00:00Z,2022-09-20T08:00:00Z,2022-09-21T08:00:00Z,2022,2022-09-19T00:00:00Z,0.10677714389432935,-6.605600959515171,-6.260781390281119,-6.259765138001203,-6.316102270622247
LINK_USDT,2022-09-20T00:00:00Z,2022-09-20T08:00:00Z,2022-09-21T08:00:00Z,2022,2022-09-19T00:00:00Z,0.48230775033901785,-6.141496925192553,-6.296591771702092,-6.213144804757955,-6.270946257601344
ETH_USDT,2022-09-21T00:00:00Z,2022-09-21T08:00:00Z,2022-09-22T08:00:00Z,2022,2022-09-19T00:00:00Z,-0.2906596187415653,-5.051890382682444,-6.55095216999144,-6.659449287112039,-6.561586403085941
SOL_USDT,2022-09-21T00:00:00Z,2022-09-21T08:00:00Z,2022-09-22T08:00:00Z,2022,2022-09-19T00:00:00Z,-0.1845827799236874,-6.198784593187622,-6.6344150425473165,-6.64163438657969,-6.585332062378452
LINK_USDT,2022-09-21T00:00:00Z,2022-09-21T08:00:00Z,2022-09-22T08:00:00Z,2022,2022-09-19T00:00:00Z,0.0601201287622852,-5.927571378210319,-6.457792419342266,-6.440384648842233,-6.380120877054092
ETH_USDT,2022-09-22T00:00:00Z,2022-09-22T08:00:00Z,2022-09-23T08:00:00Z,2022,2022-09-19T00:00:00Z,0.26414048530760054,-6.288589588256351,-6.338737282692168,-6.370899339865532,-6.410049630710668
SOL_USDT,2022-09-22T00:00:00Z,2022-09-22T08:00:00Z,2022-09-23T08:00:00Z,2022,2022-09-19T00:00:00Z,0.36598133575344716,-8.075332699033769,-6.632494653283415,-6.498661930046967,-6.623053306926699
LINK_USDT,2022-09-22T00:00:00Z,2022-09-22T08:00:00Z,2022-09-23T08:00:00Z,2022,2022-09-19T00:00:00Z,0.44234188746882563,-7.200635704924611,-6.4581220708194165,-6.344155016746837,-6.4360319105173875
ETH_USDT,2022-09-23T00:00:00Z,2022-09-23T08:00:00Z,2022-09-24T08:00:00Z,2022,2022-09-19T00:00:00Z,-0.015184325704691805,-6.507955377467129,-6.540474337706315,-6.5800140535544624,-6.5120098384728795
SOL_USDT,2022-09-23T00:00:00Z,2022-09-23T08:00:00Z,2022-09-24T08:00:00Z,2022,2022-09-19T00:00:00Z,-0.04255580858243748,-5.293516493578852,-6.650907240082936,-6.627485757129353,-6.556167492685952
LINK_USDT,2022-09-23T00:00:00Z,2022-09-23T08:00:00Z,2022-09-24T08:00:00Z,2022,2022-09-19T00:00:00Z,-0.14233969852026931,-5.961748192996861,-6.53846369568693,-6.555120532191311,-6.4527214783917595
ETH_USDT,2022-09-24T00:00:00Z,2022-09-24T08:00:00Z,2022-09-25T08:00:00Z,2022,2022-09-19T00:00:00Z,0.07614043675038168,-7.416029386383902,-6.550646939992986,-6.55241272743343,-6.563783659965066
SOL_USDT,2022-09-24T00:00:00Z,2022-09-24T08:00:00Z,2022-09-25T08:00:00Z,2022,2022-09-19T00:00:00Z,0.12516255447937447,-7.82563632499448,-6.3692687759816975,-6.383408906677732,-6.360365308752199
LINK_USDT,2022-09-24T00:00:00Z,2022-09-24T08:00:00Z,2022-09-25T08:00:00Z,2022,2022-09-19T00:00:00Z,0.37147947295130807,-5.86413067563142,-6.44305922764262,-6.360682937217151,-6.44920145214597
ETH_USDT,2022-09-25T00:00:00Z,2022-09-25T08:00:00Z,2022-09-26T08:00:00Z,2022,2022-09-19T00:00:00Z,-0.5338356602486257,-7.746769884759987,-6.670828357615967,-6.767627414384689,-6.672012478429255
SOL_USDT,2022-09-25T00:00:00Z,2022-09-25T08:00:00Z,2022-09-26T08:00:00Z,2022,2022-09-19T00:00:00Z,0.04460969679948609,-6.704959650195352,-6.7365735813933005,-6.596045008878748,-6.6941459175297116
LINK_USDT,2022-09-25T00:00:00Z,2022-09-25T08:00:00Z,2022-09-26T08:00:00Z,2022,2022-09-19T00:00:00Z,0.3127308508945865,-6.700064679942508,-6.667003496146058,-6.515772681965516,-6.590528503997615
ETH_USDT,2022-09-26T00:00:00Z,2022-09-26T08:00:00Z,2022-09-27T08:00:00Z,2022,2022-09-26T00:00:00Z,-0.5184719074658231,-6.355647398606832,-6.78233054568691,-6.87270829497579,-6.863163601872493
SOL_USDT,2022-09-26T00:00:00Z,2022-09-26T08:00:00Z,2022-09-27T08:00:00Z,2022,2022-09-26T00:00:00Z,-0.4616020519139254,-6.685607970875973,-6.6168295260376055,-6.704924192484245,-6.584310186888432
LINK_USDT,2022-09-26T00:00:00Z,2022-09-26T08:00:00Z,2022-09-27T08:00:00Z,2022,2022-09-26T00:00:00Z,0.5315415356719267,-6.066613763571086,-6.527040343639065,-6.3911386929569,-6.466144809692144
ETH_USDT,2022-09-27T00:00:00Z,2022-09-27T08:00:00Z,2022-09-28T08:00:00Z,2022,2022-09-26T00:00:00Z,-0.0742826431838888,-6.227198697030263,-6.832806478204635,-6.803592991152264,-6.90373646289864
SOL_USDT,2022-09-27T00:00:00Z,2022-09-27T08:00:00Z,2022-09-28T08:00:00Z,2022,2022-09-26T00:00:00Z,0.11055158553797739,-5.921040610778526,-6.667717140448617,-6.588921906218893,-6.706784166093384
LINK_USDT,2022-09-27T00:00:00Z,2022-09-27T08:00:00Z,2022-09-28T08:00:00Z,2022,2022-09-26T00:00:00Z,0.22377110770161465,-8.02156228844985,-6.561123676609773,-6.484844583476784,-6.464393703455894
ETH_USDT,2022-09-28T00:00:00Z,2022-09-28T08:00:00Z,2022-09-29T08:00:00Z,2022,2022-09-26T00:00:00Z,0.022542264960025177,-6.5734066312934205,-6.676007252974827,-6.697214663663605,-6.678865367381405
SOL_USDT,2022-09-28T00:00:00Z,2022-09-28T08:00:00Z,2022-09-29T08:00:00Z,2022,2022-09-26T00:00:00Z,0.40871941208832424,-7.409574339196247,-6.47437113349677,-6.397524551018474,-6.43485602215366
LINK_USDT,2022-09-28T00:00:00Z,2022-09-28T08:00:00Z,2022-09-29T08:00:00Z,2022,2022-09-26T00:00:00Z,0.8078233878950689,-5.621221598276996,-6.5889512587339905,-6.366615989139013,-6.524133890195686
ETH_USDT,2022-09-29T00:00:00Z,2022-09-29T08:00:00Z,2022-09-30T08:00:00Z,2022,2022-09-26T00:00:00Z,0.05291590088885347,-9.601978703379524,-6.809398618572869,-6.801166666400963,-6.780917291236461
SOL_USDT,2022-09-29T00:00:00Z,2022-09-29T08:00:00Z,2022-09-30T08:00:00Z,2022,2022-09-26T00:00:00Z,0.021847287390167933,-7.399922447023952,-6.6222011632066256,-6.577495939181118,-6.540632755892589
LINK_USDT,2022-09-29T00:00:00Z,2022-09-29T08:00:00Z,2022-09-30T08:00:00Z,2022,2022-09-26T00:00:00Z,1.0215547291929041,-7.810228630206517,-6.466686758245123,-6.230798258045452,-6.335908911676625
ETH_USDT,2022-09-30T00:00:00Z,2022-09-30T08:00:00Z,2022-10-01T08:00:00Z,2022,2022-09-26T00:00:00Z,-0.09607753488164557,-7.963192307872297,-7.158855742095273,-7.053029840133645,-7.106066823959096
SOL_USDT,2022-09-30T00:00:00Z,2022-09-30T08:00:00Z,2022-10-01T08:00:00Z,2022,2022-09-26T00:00:00Z,-0.06580978933745389,-6.252273440885141,-6.6995376939463664,-6.652915976783164,-6.6721065111414175
LINK_USDT,2022-09-30T00:00:00Z,2022-09-30T08:00:00Z,2022-10-01T08:00:00Z,2022,2022-09-26T00:00:00Z,0.2223404995607336,-7.210182693456653,-6.668963622674405,-6.540901510006141,-6.502824435287599
ETH_USDT,2022-10-01T00:00:00Z,2022-10-01T08:00:00Z,2022-10-02T08:00:00Z,2022,2022-09-26T00:00:00Z,-0.10922926749315809,-9.320404026205907,-7.180572227405739,-7.101393292750684,-7.142933292883811
SOL_USDT,2022-10-01T00:00:00Z,2022-10-01T08:00:00Z,2022-10-02T08:00:00Z,2022,2022-09-26T00:00:00Z,0.3700864169610546,-7.785470222769432,-6.725328395372242,-6.605220378806154,-6.693143339740383
LINK_USDT,2022-10-01T00:00:00Z,2022-10-01T08:00:00Z,2022-10-02T08:00:00Z,2022,2022-09-26T00:00:00Z,-0.11617102036697227,-7.407132849546143,-6.708955249004322,-6.67232245577874,-6.649928896039773
ETH_USDT,2022-10-02T00:00:00Z,2022-10-02T08:00:00Z,2022-10-03T08:00:00Z,2022,2022-09-26T00:00:00Z,-1.1780108873977104,-7.610648233206977,-7.3326254982737415,-7.4386753094751885,-7.2962780291036875
SOL_USDT,2022-10-02T00:00:00Z,2022-10-02T08:00:00Z,2022-10-03T08:00:00Z,2022,2022-09-26T00:00:00Z,-0.7317714680330903,-8.088861582342545,-6.8733321725894925,-6.935434704204958,-6.789541412543845
LINK_USDT,2022-10-02T00:00:00Z,2022-10-02T08:00:00Z,2022-10-03T08:00:00Z,2022,2022-09-26T00:00:00Z,-0.6329458050836649,-6.738464201464215,-6.756752858401911,-6.821420079316179,-6.749373841633931
ETH_USDT,2022-10-03T00:00:00Z,2022-10-03T08:00:00Z,2022-10-04T08:00:00Z,2022,2022-10-03T00:00:00Z,-0.7777983017669119,-7.084852191516665,-7.247691691675328,-7.319502512323873,-7.34657717760861
SOL_USDT,2022-10-03T00:00:00Z,2022-10-03T08:00:00Z,2022-10-04T08:00:00Z,2022,2022-10-03T00:00:00Z,-0.7263374194622209,-6.980503783523692,-6.923212552698434,-6.9910750704973434,-6.969726238045636
LINK_USDT,2022-10-03T00:00:00Z,2022-10-03T08:00:00Z,2022-10-04T08:00:00Z,2022,2022-10-03T00:00:00Z,-0.48187543813021505,-6.068890783326593,-6.750879998872261,-6.814155439894844,-6.802030567175836
ETH_USDT,2022-10-04T00:00:00Z,2022-10-04T08:00:00Z,2022-10-05T08:00:00Z,2022,2022-10-03T00:00:00Z,-0.5109355236765638,-9.471962064188126,-7.1945117186386405,-7.230509118709186,-7.239503836717987
SOL_USDT,2022-10-04T00:00:00Z,2022-10-04T08:00:00Z,2022-10-05T08:00:00Z,2022,2022-10-03T00:00:00Z,-0.4820677792631855,-8.657545243483133,-6.967925868820394,-6.973141471903025,-7.003524649311761
LINK_USDT,2022-10-04T00:00:00Z,2022-10-04T08:00:00Z,2022-10-05T08:00:00Z,2022,2022-10-03T00:00:00Z,-0.29045488447280987,-9.185633640229627,-6.928444313923705,-6.893470921635261,-6.942672889870684
ETH_USDT,2022-10-05T00:00:00Z,2022-10-05T08:00:00Z,2022-10-06T08:00:00Z,2022,2022-10-03T00:00:00Z,-0.49879535299070304,-7.270092622913606,-7.345369055309432,-7.347210435205969,-7.33812234548591
SOL_USDT,2022-10-05T00:00:00Z,2022-10-05T08:00:00Z,2022-10-06T08:00:00Z,2022,2022-10-03T00:00:00Z,-0.42281334769032564,-8.175035660393014,-7.038273708847948,-7.040489455466102,-7.025430818919061
LINK_USDT,2022-10-05T00:00:00Z,2022-10-05T08:00:00Z,2022-10-06T08:00:00Z,2022,2022-10-03T00:00:00Z,-0.03384215882493074,-8.496628408647826,-6.746581043879334,-6.7254715571410095,-6.746093453374665
ETH_USDT,2022-10-06T00:00:00Z,2022-10-06T08:00:00Z,2022-10-07T08:00:00Z,2022,2022-10-03T00:00:00Z,-0.48376351314092986,-9.409309437163705,-7.5469657686418214,-7.517178053406887,-7.508414339727456
SOL_USDT,2022-10-06T00:00:00Z,2022-10-06T08:00:00Z,2022-10-07T08:00:00Z,2022,2022-10-03T00:00:00Z,-0.5188204989709917,-8.34278508340973,-7.183724729028571,-7.155862445672955,-7.1562823271216445
LINK_USDT,2022-10-06T00:00:00Z,2022-10-06T08:00:00Z,2022-10-07T08:00:00Z,2022,2022-10-03T00:00:00Z,-0.05652695929255543,-7.769348868825607,-7.197264054374072,-7.037132701501372,-7.131470482294557
ETH_USDT,2022-10-07T00:00:00Z,2022-10-07T08:00:00Z,2022-10-08T08:00:00Z,2022,2022-10-03T00:00:00Z,-0.26972128554843877,-8.212692297857089,-7.662172996332671,-7.548454726685312,-7.627871437690973
SOL_USDT,2022-10-07T00:00:00Z,2022-10-07T08:00:00Z,2022-10-08T08:00:00Z,2022,2022-10-03T00:00:00Z,-0.47678927813959904,-8.69702564502136,-7.2782731089906765,-7.243898805006181,-7.26889587505948
LINK_USDT,2022-10-07T00:00:00Z,2022-10-07T08:00:00Z,2022-10-08T08:00:00Z,2022,2022-10-03T00:00:00Z,-0.46963626832781136,-7.561620165865316,-7.159988168764865,-7.143001322019474,-7.105229064260172
ETH_USDT,2022-10-08T00:00:00Z,2022-10-08T08:00:00Z,2022-10-09T08:00:00Z,2022,2022-10-03T00:00:00Z,-0.41930034495915924,-9.618783048445506,-7.696886852391867,-7.6426939378223935,-7.637195247821849
SOL_USDT,2022-10-08T00:00:00Z,2022-10-08T08:00:00Z,2022-10-09T08:00:00Z,2022,2022-10-03T00:00:00Z,-0.4097700849918395,-9.14998680703803,-7.575674149479251,-7.4839056377412145,-7.5276939101712195
LINK_USDT,2022-10-08T00:00:00Z,2022-10-08T08:00:00Z,2022-10-09T08:00:00Z,2022,2022-10-03T00:00:00Z,-0.481409371532738,-7.834898973028811,-7.144541884271002,-7.160532682349877,-7.139548824514632
ETH_USDT,2022-10-09T00:00:00Z,2022-10-09T08:00:00Z,2022-10-10T08:00:00Z,2022,2022-10-03T00:00:00Z,-1.2885466421392624,-9.135006603761484,-7.834253621952525,-7.9137547062605345,-7.795821153939942
SOL_USDT,2022-10-09T00:00:00Z,2022-10-09T08:00:00Z,2022-10-10T08:00:00Z,2022,2022-10-03T00:00:00Z,-1.3074293929498908,-8.676783956241712,-7.692779708252656,-7.76915614796638,-7.6367787412531145
LINK_USDT,2022-10-09T00:00:00Z,2022-10-09T08:00:00Z,2022-10-10T08:00:00Z,2022,2022-10-03T00:00:00Z,-1.1623734966721646,-8.452559180518211,-7.237059595773564,-7.371844080886212,-7.23806698556559
ETH_USDT,2022-10-10T00:00:00Z,2022-10-10T08:00:00Z,2022-10-11T08:00:00Z,2022,2022-10-10T00:00:00Z,-1.3388671060432202,-8.259634594901364,-7.9059671653747845,-8.008974774350705,-7.967235441845207
SOL_USDT,2022-10-10T00:00:00Z,2022-10-10T08:00:00Z,2022-10-11T08:00:00Z,2022,2022-10-10T00:00:00Z,-1.1512617863096746,-7.373179455962181,-7.713962779843197,-7.791555549022382,-7.7650684533009615
LINK_USDT,2022-10-10T00:00:00Z,2022-10-10T08:00:00Z,2022-10-11T08:00:00Z,2022,2022-10-10T00:00:00Z,-1.3474723692363921,-7.147030666717931,-7.402755033366503,-7.568427051660664,-7.473462127211545
ETH_USDT,2022-10-11T00:00:00Z,2022-10-11T08:00:00Z,2022-10-12T08:00:00Z,2022,2022-10-10T00:00:00Z,-0.5919715420045981,-8.19302342675383,-7.895408449969986,-7.861877588358736,-7.9573057693515015
SOL_USDT,2022-10-11T00:00:00Z,2022-10-11T08:00:00Z,2022-10-12T08:00:00Z,2022,2022-10-10T00:00:00Z,-0.5888809004055308,-7.105581251712168,-7.6220791703076545,-7.609440267077518,-7.659554528903813
LINK_USDT,2022-10-11T00:00:00Z,2022-10-11T08:00:00Z,2022-10-12T08:00:00Z,2022,2022-10-10T00:00:00Z,-0.5618022653178073,-7.186995726856528,-7.306340510563756,-7.33212767421128,-7.404799284806241
ETH_USDT,2022-10-12T00:00:00Z,2022-10-12T08:00:00Z,2022-10-13T08:00:00Z,2022,2022-10-10T00:00:00Z,-0.5175036334395314,-8.489039097322213,-7.991171544362548,-7.907968632833391,-7.954399420811754
SOL_USDT,2022-10-12T00:00:00Z,2022-10-12T08:00:00Z,2022-10-13T08:00:00Z,2022,2022-10-10T00:00:00Z,-0.4103669243324428,-6.1074677754664695,-7.577654759793803,-7.532747453292986,-7.548777509633733
LINK_USDT,2022-10-12T00:00:00Z,2022-10-12T08:00:00Z,2022-10-13T08:00:00Z,2022,2022-10-10T00:00:00Z,-0.45204387695477705,-5.568063132791967,-7.4335893380878755,-7.411898689833894,-7.4188886924646065
ETH_USDT,2022-10-13T00:00:00Z,2022-10-13T08:00:00Z,2022-10-14T08:00:00Z,2022,2022-10-10T00:00:00Z,-0.6363018033960889,-6.481258672709208,-8.158670115637683,-8.067371723237073,-8.0967039115436
SOL_USDT,2022-10-13T00:00:00Z,2022-10-13T08:00:00Z,2022-10-14T08:00:00Z,2022,2022-10-10T00:00:00Z,-0.9634281752965523,-6.499719289205088,-7.710889330876658,-7.7432689348000565,-7.660234178297927
LINK_USDT,2022-10-13T00:00:00Z,2022-10-13T08:00:00Z,2022-10-14T08:00:00Z,2022,2022-10-10T00:00:00Z,-1.0602713696461639,-6.676345354611573,-7.534293257902001,-7.606672306599291,-7.50868981607292
ETH_USDT,2022-10-14T00:00:00Z,2022-10-14T08:00:00Z,2022-10-15T08:00:00Z,2022,2022-10-10T00:00:00Z,0.29826033279984293,-8.559013036924405,-7.758166887860888,-7.592906940476594,-7.742541863461344
SOL_USDT,2022-10-14T00:00:00Z,2022-10-14T08:00:00Z,2022-10-15T08:00:00Z,2022,2022-10-10T00:00:00Z,0.46063800349170403,-6.925992150629907,-7.141634963052288,-7.052112349600858,-7.221331776575902
LINK_USDT,2022-10-14T00:00:00Z,2022-10-14T08:00:00Z,2022-10-15T08:00:00Z,2022,2022-10-10T00:00:00Z,0.09629214130325219,-7.3636272497716115,-6.84239126573739,-6.849571539165601,-6.944198442360815
ETH_USDT,2022-10-15T00:00:00Z,2022-10-15T08:00:00Z,2022-10-16T08:00:00Z,2022,2022-10-10T00:00:00Z,0.010714278583406418,-8.703702995191696,-7.633274638308283,-7.550045535709434,-7.5256791659730835
SOL_USDT,2022-10-15T00:00:00Z,2022-10-15T08:00:00Z,2022-10-16T08:00:00Z,2022,2022-10-10T00:00:00Z,-0.0973285696388563,-8.652907172296976,-7.042686745622448,-7.078675400392384,-6.967243295654555
LINK_USDT,2022-10-15T00:00:00Z,2022-10-15T08:00:00Z,2022-10-16T08:00:00Z,2022,2022-10-10T00:00:00Z,-0.37396184935038074,-7.393374716893444,-6.999224823345433,-7.048852438121248,-6.960894073036814
ETH_USDT,2022-10-16T00:00:00Z,2022-10-16T08:00:00Z,2022-10-17T08:00:00Z,2022,2022-10-10T00:00:00Z,-0.7905745154875496,-8.265788029844057,-7.862488987740408,-7.898489943603512,-7.805295568265736
SOL_USDT,2022-10-16T00:00:00Z,2022-10-16T08:00:00Z,2022-10-17T08:00:00Z,2022,2022-10-10T00:00:00Z,-0.951642092152849,-9.04258896415328,-7.2832530458361715,-7.410665261252515,-7.279306798659075
LINK_USDT,2022-10-16T00:00:00Z,2022-10-16T08:00:00Z,2022-10-17T08:00:00Z,2022,2022-10-10T00:00:00Z,-1.1587103544859163,-8.540255885218782,-7.246842586150974,-7.372622568123331,-7.268548349270123
ETH_USDT,2022-10-17T00:00:00Z,2022-10-17T08:00:00Z,2022-10-18T08:00:00Z,2022,2022-10-17T00:00:00Z,-0.7367761909672664,-8.601767816062928,-7.766707378772963,-7.834959004868712,-7.806639353742441
SOL_USDT,2022-10-17T00:00:00Z,2022-10-17T08:00:00Z,2022-10-18T08:00:00Z,2022,2022-10-17T00:00:00Z,-1.004628853452705,-7.624630067949559,-7.3170002595983386,-7.458863770437358,-7.407134648195271
LINK_USDT,2022-10-17T00:00:00Z,2022-10-17T08:00:00Z,2022-10-18T08:00:00Z,2022,2022-10-17T00:00:00Z,-0.9875423356005392,-8.424592045009222,-7.00805428087221,-7.196826599117313,-7.12397416784718
ETH_USDT,2022-10-18T00:00:00Z,2022-10-18T08:00:00Z,2022-10-19T08:00:00Z,2022,2022-10-17T00:00:00Z,-0.26496685483239535,-7.4853156703098565,-7.826107643522802,-7.767541355483863,-7.855266404862801
SOL_USDT,2022-10-18T00:00:00Z,2022-10-18T08:00:00Z,2022-10-19T08:00:00Z,2022,2022-10-17T00:00:00Z,-0.3886290559312718,-7.245577057676485,-7.201082649063211,-7.261667247053984,-7.299724688065702
LINK_USDT,2022-10-18T00:00:00Z,2022-10-18T08:00:00Z,2022-10-19T08:00:00Z,2022,2022-10-17T00:00:00Z,-0.5902958863694843,-7.335847630843214,-7.2048090033036445,-7.246939695459104,-7.295464023410325
ETH_USDT,2022-10-19T00:00:00Z,2022-10-19T08:00:00Z,2022-10-20T08:00:00Z,2022,2022-10-17T00:00:00Z,-0.03364651556470049,-8.188366509073205,-7.722165653943373,-7.673605926407037,-7.711086673018372
SOL_USDT,2022-10-19T00:00:00Z,2022-10-19T08:00:00Z,2022-10-20T08:00:00Z,2022,2022-10-17T00:00:00Z,-0.23924967493921917,-6.400489424748352,-7.203859119520413,-7.256985468462627,-7.237161467643731
LINK_USDT,2022-10-19T00:00:00Z,2022-10-19T08:00:00Z,2022-10-20T08:00:00Z,2022,2022-10-17T00:00:00Z,-0.4247490980478565,-6.730163094314708,-7.135670887437725,-7.191865138906981,-7.184048787665194
ETH_USDT,2022-10-20T00:00:00Z,2022-10-20T08:00:00Z,2022-10-21T08:00:00Z,2022,2022-10-17T00:00:00Z,-0.45328047610541483,-8.449253916336914,-7.753520504561072,-7.797475278826308,-7.722019881003414
SOL_USDT,2022-10-20T00:00:00Z,2022-10-20T08:00:00Z,2022-10-21T08:00:00Z,2022,2022-10-17T00:00:00Z,-0.3804945301414259,-6.444793339885426,-7.042346884132447,-7.171079988860079,-7.072160124765168
LINK_USDT,2022-10-20T00:00:00Z,2022-10-20T08:00:00Z,2022-10-21T08:00:00Z,2022,2022-10-17T00:00:00Z,-0.7012168843112843,-6.857625846290244,-6.98204077021338,-7.161401973340731,-7.0260008726639285
ETH_USDT,2022-10-21T00:00:00Z,2022-10-21T08:00:00Z,2022-10-22T08:00:00Z,2022,2022-10-17T00:00:00Z,-0.293227197958277,-9.185744015915475,-7.92021223654094,-7.903995235132033,-7.925755360809208
SOL_USDT,2022-10-21T00:00:00Z,2022-10-21T08:00:00Z,2022-10-22T08:00:00Z,2022,2022-10-17T00:00:00Z,-0.07583306154210256,-7.369919551357345,-7.100482704241749,-7.147272421280734,-7.135719601605656
LINK_USDT,2022-10-21T00:00:00Z,2022-10-21T08:00:00Z,2022-10-22T08:00:00Z,2022,2022-10-17T00:00:00Z,-0.6563847000964189,-7.4793771146418315,-7.286575978074069,-7.408017047726165,-7.328501164981761
ETH_USDT,2022-10-22T00:00:00Z,2022-10-22T08:00:00Z,2022-10-23T08:00:00Z,2022,2022-10-17T00:00:00Z,-0.16358879614555166,-8.640583243304532,-8.249950527741017,-8.160812374117606,-8.229651959495252
SOL_USDT,2022-10-22T00:00:00Z,2022-10-22T08:00:00Z,2022-10-23T08:00:00Z,2022,2022-10-17T00:00:00Z,0.21018189598483034,-8.181762149036459,-7.318683065222896,-7.213342192319287,-7.304127072069248
LINK_USDT,2022-10-22T00:00:00Z,2022-10-22T08:00:00Z,2022-10-23T08:00:00Z,2022,2022-10-17T00:00:00Z,-0.4052578830681345,-8.925105050372958,-7.359084145759133,-7.387265251067371,-7.396363311942359
ETH_USDT,2022-10-23T00:00:00Z,2022-10-23T08:00:00Z,2022-10-24T08:00:00Z,2022,2022-10-17T00:00:00Z,-0.8519111040820405,-6.292894941311953,-8.240315378653422,-8.358939595442052,-8.217617574548843
SOL_USDT,2022-10-23T00:00:00Z,2022-10-23T08:00:00Z,2022-10-24T08:00:00Z,2022,2022-10-17T00:00:00Z,-0.633269155276686,-5.76356551581928,-7.412697486702285,-7.482423813728399,-7.366715225100237
LINK_USDT,2022-10-23T00:00:00Z,2022-10-23T08:00:00Z,2022-10-24T08:00:00Z,2022,2022-10-17T00:00:00Z,-1.499777263364699,-6.269807740766987,-7.571841901656094,-7.783692529898651,-7.578021083577489
ETH_USDT,2022-10-24T00:00:00Z,2022-10-24T08:00:00Z,2022-10-25T08:00:00Z,2022,2022-10-24T00:00:00Z,-0.13043869498523802,-10.71435616432121,-7.834042639697298,-7.919483607839176,-7.923091771684252
SOL_USDT,2022-10-24T00:00:00Z,2022-10-24T08:00:00Z,2022-10-25T08:00:00Z,2022,2022-10-24T00:00:00Z,-0.10858849013128483,-9.802407394970208,-7.039435651823893,-7.146341734527306,-7.123599775227731
LINK_USDT,2022-10-24T00:00:00Z,2022-10-24T08:00:00Z,2022-10-25T08:00:00Z,2022,2022-10-24T00:00:00Z,-0.71494542905251,-10.532248109223797,-7.264495549779348,-7.4369479972352615,-7.414297736522046
ETH_USDT,2022-10-25T00:00:00Z,2022-10-25T08:00:00Z,2022-10-26T08:00:00Z,2022,2022-10-24T00:00:00Z,0.216581510746122,-5.366969281046902,-7.8784446147822225,-7.822742346641061,-7.883976266340028
SOL_USDT,2022-10-25T00:00:00Z,2022-10-25T08:00:00Z,2022-10-26T08:00:00Z,2022,2022-10-24T00:00:00Z,0.0711495088271941,-5.6260593614278624,-7.1175472865496054,-7.111799845212776,-7.137962216772014
LINK_USDT,2022-10-25T00:00:00Z,2022-10-25T08:00:00Z,2022-10-26T08:00:00Z,2022,2022-10-24T00:00:00Z,-0.3905711667898408,-7.402558624327723,-7.3118608162672825,-7.350923764229164,-7.373168169170332
ETH_USDT,2022-10-26T00:00:00Z,2022-10-26T08:00:00Z,2022-10-27T08:00:00Z,2022,2022-10-24T00:00:00Z,0.8439104809125215,-6.747026862507519,-7.395955101328748,-7.300213314515083,-7.386032553221488
SOL_USDT,2022-10-26T00:00:00Z,2022-10-26T08:00:00Z,2022-10-27T08:00:00Z,2022,2022-10-24T00:00:00Z,0.6456729187435388,-8.774969597847939,-6.861884110297224,-6.799247911151191,-6.874385490516447
LINK_USDT,2022-10-26T00:00:00Z,2022-10-26T08:00:00Z,2022-10-27T08:00:00Z,2022,2022-10-24T00:00:00Z,0.08580570107865876,-8.440747560436039,-7.407939334192648,-7.328965393344351,-7.427210490143124
ETH_USDT,2022-10-27T00:00:00Z,2022-10-27T08:00:00Z,2022-10-28T08:00:00Z,2022,2022-10-24T00:00:00Z,0.9721415762353965,-7.360425873400555,-7.216229844793469,-7.0861265501825095,-7.127772248136956
SOL_USDT,2022-10-27T00:00:00Z,2022-10-27T08:00:00Z,2022-10-28T08:00:00Z,2022,2022-10-24T00:00:00Z,0.5568174502512251,-7.094772087434874,-7.138744461079689,-6.973018983824917,-7.048202501746426
LINK_USDT,2022-10-27T00:00:00Z,2022-10-27T08:00:00Z,2022-10-28T08:00:00Z,2022,2022-10-24T00:00:00Z,-0.13094635563298065,-6.70235798782521,-7.518126651314424,-7.482183062010366,-7.454032551858381
ETH_USDT,2022-10-28T00:00:00Z,2022-10-28T08:00:00Z,2022-10-29T08:00:00Z,2022,2022-10-24T00:00:00Z,0.6129935903990597,-6.424164909958403,-7.366873242904246,-7.261323355902348,-7.263238983036967
SOL_USDT,2022-10-28T00:00:00Z,2022-10-28T08:00:00Z,2022-10-29T08:00:00Z,2022,2022-10-24T00:00:00Z,0.4956006709406433,-5.743219619758515,-7.109539599111517,-7.008629398057068,-7.036148498317238
LINK_USDT,2022-10-28T00:00:00Z,2022-10-28T08:00:00Z,2022-10-29T08:00:00Z,2022,2022-10-24T00:00:00Z,-0.04606021766118758,-7.7023955943182045,-7.366464383239364,-7.36897201718638,-7.347597989860875
ETH_USDT,2022-10-29T00:00:00Z,2022-10-29T08:00:00Z,2022-10-30T08:00:00Z,2022,2022-10-24T00:00:00Z,0.582499070289284,-7.353344118035026,-7.2636736477720145,-7.228636146685064,-7.22963990724298
SOL_USDT,2022-10-29T00:00:00Z,2022-10-29T08:00:00Z,2022-10-30T08:00:00Z,2022,2022-10-24T00:00:00Z,0.3164914989036004,-7.9221169211781985,-6.954312827750109,-6.9540051668281855,-6.899949588575499
LINK_USDT,2022-10-29T00:00:00Z,2022-10-29T08:00:00Z,2022-10-30T08:00:00Z,2022,2022-10-24T00:00:00Z,-0.24250620050081853,-5.462596556385981,-7.549701410707693,-7.562530724344514,-7.515311532810285
ETH_USDT,2022-10-30T00:00:00Z,2022-10-30T08:00:00Z,2022-10-31T08:00:00Z,2022,2022-10-24T00:00:00Z,0.6830730290630694,-7.291930548434075,-7.1673728496184355,-7.102421491883425,-7.146511554345841
SOL_USDT,2022-10-30T00:00:00Z,2022-10-30T08:00:00Z,2022-10-31T08:00:00Z,2022,2022-10-24T00:00:00Z,0.4588561791746755,-6.20119065694179,-6.884992165900308,-6.83202138915727,-6.868659345129724
LINK_USDT,2022-10-30T00:00:00Z,2022-10-30T08:00:00Z,2022-10-31T08:00:00Z,2022,2022-10-24T00:00:00Z,0.4450011964632438,-5.914903691340828,-6.9921021593164525,-6.95375327808714,-7.04110016676568
ETH_USDT,2022-10-31T00:00:00Z,2022-10-31T08:00:00Z,2022-11-01T08:00:00Z,2022,2022-10-31T00:00:00Z,0.03268818827961048,-8.02004112814898,-7.242246668028105,-7.311534093558923,-7.1986630237602105
SOL_USDT,2022-10-31T00:00:00Z,2022-10-31T08:00:00Z,2022-11-01T08:00:00Z,2022,2022-10-31T00:00:00Z,-0.034116819093515105,-7.544066236031008,-6.878655149158606,-6.962368854319835,-6.838577862781804
LINK_USDT,2022-10-31T00:00:00Z,2022-10-31T08:00:00Z,2022-11-01T08:00:00Z,2022,2022-10-31T00:00:00Z,0.5405864360393698,-7.7859704362533675,-6.939044074280763,-6.853812443043209,-6.884736229804355
ETH_USDT,2022-11-01T00:00:00Z,2022-11-01T08:00:00Z,2022-11-02T08:00:00Z,2022,2022-10-31T00:00:00Z,0.5083549203925087,-8.535468303440805,-7.355432646432052,-7.232539975092529,-7.409884770336398
SOL_USDT,2022-11-01T00:00:00Z,2022-11-01T08:00:00Z,2022-11-02T08:00:00Z,2022,2022-10-31T00:00:00Z,0.400573216085679,-7.473583092228516,-6.987318588241819,-6.889214504036591,-7.019809255600826
LINK_USDT,2022-11-01T00:00:00Z,2022-11-01T08:00:00Z,2022-11-02T08:00:00Z,2022,2022-10-31T00:00:00Z,0.8268394066421766,-8.618924197120052,-6.982336147999426,-6.770727067504108,-6.909116346225664
ETH_USDT,2022-11-02T00:00:00Z,2022-11-02T08:00:00Z,2022-11-03T08:00:00Z,2022,2022-10-31T00:00:00Z,0.06645743608936708,-6.928074942527451,-7.520892485617127,-7.503414794140739,-7.468328781871634
SOL_USDT,2022-11-02T00:00:00Z,2022-11-02T08:00:00Z,2022-11-03T08:00:00Z,2022,2022-10-31T00:00:00Z,-0.04706245554231133,-6.776730211699431,-7.141745804940938,-7.141354034206791,-7.077492659615499
LINK_USDT,2022-11-02T00:00:00Z,2022-11-02T08:00:00Z,2022-11-03T08:00:00Z,2022,2022-10-31T00:00:00Z,-0.0034048782037097995,-5.662945066272374,-7.14211638709309,-7.085132763885545,-7.018953806891906
ETH_USDT,2022-11-03T00:00:00Z,2022-11-03T08:00:00Z,2022-11-04T08:00:00Z,2022,2022-10-31T00:00:00Z,0.6314541936648573,-6.595661154584293,-7.587469199932144,-7.45323324560439,-7.581827549876288
SOL_USDT,2022-11-03T00:00:00Z,2022-11-03T08:00:00Z,2022-11-04T08:00:00Z,2022,2022-10-31T00:00:00Z,0.42271449187802823,-5.926918416919816,-7.112966905589291,-7.005219358091774,-7.122530938212748
LINK_USDT,2022-11-03T00:00:00Z,2022-11-03T08:00:00Z,2022-11-04T08:00:00Z,2022,2022-10-31T00:00:00Z,0.7396581693781303,-5.500260241108434,-6.968387929421418,-6.806035814276028,-6.988062919059324
ETH_USDT,2022-11-04T00:00:00Z,2022-11-04T08:00:00Z,2022-11-05T08:00:00Z,2022,2022-10-31T00:00:00Z,0.051322501781359574,-7.251561874864474,-7.676950601029073,-7.6503049009388295,-7.575903345818691
SOL_USDT,2022-11-04T00:00:00Z,2022-11-04T08:00:00Z,2022-11-05T08:00:00Z,2022,2022-10-31T00:00:00Z,0.020165082801216726,-5.888116090266253,-7.062333875307243,-7.078359576167517,-7.0026133140433995
LINK_USDT,2022-11-04T00:00:00Z,2022-11-04T08:00:00Z,2022-11-05T08:00:00Z,2022,2022-10-31T00:00:00Z,0.7027124606800125,-5.703334879786367,-6.841819116148366,-6.728709395172414,-6.755288932073941
ETH_USDT,2022-11-05T00:00:00Z,2022-11-05T08:00:00Z,2022-11-06T08:00:00Z,2022,2022-10-31T00:00:00Z,0.577343451619779,-8.987240890106865,-7.422806695733557,-7.3575145359801795,-7.42486626897921
SOL_USDT,2022-11-05T00:00:00Z,2022-11-05T08:00:00Z,2022-11-06T08:00:00Z,2022,2022-10-31T00:00:00Z,0.6135463183378315,-5.634308490012973,-6.863245031012517,-6.787468495386912,-6.8702766437322955
LINK_USDT,2022-11-05T00:00:00Z,2022-11-05T08:00:00Z,2022-11-06T08:00:00Z,2022,2022-10-31T00:00:00Z,1.107148126557936,-7.629528539724395,-6.4728425148024975,-6.320616825050161,-6.409121572391179
ETH_USDT,2022-11-06T00:00:00Z,2022-11-06T08:00:00Z,2022-11-07T08:00:00Z,2022,2022-10-31T00:00:00Z,-0.37719667891201525,-6.610800544418746,-7.752818944987698,-7.79148727193988,-7.642285327119647
SOL_USDT,2022-11-06T00:00:00Z,2022-11-06T08:00:00Z,2022-11-07T08:00:00Z,2022,2022-10-31T00:00:00Z,1.2228035848987668,-4.653479643616113,-6.6321819485731615,-6.407242719815442,-6.5645700487611895
LINK_USDT,2022-11-06T00:00:00Z,2022-11-06T08:00:00Z,2022-11-07T08:00:00Z,2022,2022-10-31T00:00:00Z,0.5157709106163237,-5.610451404871349,-6.774324664034578,-6.63184430968117,-6.619609700552138
ETH_USDT,2022-11-07T00:00:00Z,2022-11-07T08:00:00Z,2022-11-08T08:00:00Z,2022,2022-11-07T00:00:00Z,-0.2337946597576783,-5.678358375255218,-7.521274654118796,-7.633673484433168,-7.5856152697973975
SOL_USDT,2022-11-07T00:00:00Z,2022-11-07T08:00:00Z,2022-11-08T08:00:00Z,2022,2022-11-07T00:00:00Z,0.6707037109704038,-4.019111897686671,-6.439077191625191,-6.387748800131545,-6.277109065630537
LINK_USDT,2022-11-07T00:00:00Z,2022-11-07T08:00:00Z,2022-11-08T08:00:00Z,2022,2022-11-07T00:00:00Z,0.3008346792457464,-4.582486559652117,-6.6091234932619605,-6.610320799199231,-6.556346773652707
ETH_USDT,2022-11-08T00:00:00Z,2022-11-08T08:00:00Z,2022-11-09T08:00:00Z,2022,2022-11-07T00:00:00Z,0.1537025494041066,-4.519435716967548,-7.430310039789049,-7.4386223703591465,-7.481274395843392
SOL_USDT,2022-11-08T00:00:00Z,2022-11-08T08:00:00Z,2022-11-09T08:00:00Z,2022,2022-11-07T00:00:00Z,1.1915698275005817,-2.6408791936128737,-5.920975283616859,-5.785364754884443,-5.890611059768766
LINK_USDT,2022-11-08T00:00:00Z,2022-11-08T08:00:00Z,2022-11-09T08:00:00Z,2022,2022-11-07T00:00:00Z,0.9752333112385423,-3.9923247471584906,-6.26588399323759,-6.13959347135794,-6.2751215857251035
ETH_USDT,2022-11-09T00:00:00Z,2022-11-09T08:00:00Z,2022-11-10T08:00:00Z,2022,2022-11-07T00:00:00Z,1.2382804787271169,-4.077066933977841,-6.621675540951665,-6.493194650952558,-6.664373448609534
SOL_USDT,2022-11-09T00:00:00Z,2022-11-09T08:00:00Z,2022-11-10T08:00:00Z,2022,2022-11-07T00:00:00Z,1.850770095971444,-2.841432753457204,-5.6375038853229,-5.3415842747067455,-5.517903001199845
LINK_USDT,2022-11-09T00:00:00Z,2022-11-09T08:00:00Z,2022-11-10T08:00:00Z,2022,2022-11-07T00:00:00Z,1.867642374400751,-4.158885846795581,-5.968316957765408,-5.6378321362788775,-5.866493630783889
ETH_USDT,2022-11-10T00:00:00Z,2022-11-10T08:00:00Z,2022-11-11T08:00:00Z,2022,2022-11-07T00:00:00Z,1.041312540347555,-4.453297341099906,-6.249561241289153,-6.188661350921089,-6.12095737581753
SOL_USDT,2022-11-10T00:00:00Z,2022-11-10T08:00:00Z,2022-11-11T08:00:00Z,2022,2022-11-07T00:00:00Z,1.4894648770707233,-3.882291556531429,-4.7585246474521306,-4.624418236987233,-4.557064332555079
LINK_USDT,2022-11-10T00:00:00Z,2022-11-10T08:00:00Z,2022-11-11T08:00:00Z,2022,2022-11-07T00:00:00Z,1.1400367515383276,-4.934674258931247,-5.709692890979942,-5.59290537841439,-5.463861996952372
ETH_USDT,2022-11-11T00:00:00Z,2022-11-11T08:00:00Z,2022-11-12T08:00:00Z,2022,2022-11-07T00:00:00Z,0.7953600704809605,-6.860168505396453,-5.894605280314048,-5.9082196976486925,-5.814219571856686
SOL_USDT,2022-11-11T00:00:00Z,2022-11-11T08:00:00Z,2022-11-12T08:00:00Z,2022,2022-11-07T00:00:00Z,1.2207584484982552,-5.162562375436418,-4.743645920483826,-4.602123708856298,-4.595837842795617
LINK_USDT,2022-11-11T00:00:00Z,2022-11-11T08:00:00Z,2022-11-12T08:00:00Z,2022,2022-11-07T00:00:00Z,0.8760780102317013,-4.633124435080825,-5.580493950587388,-5.512018339495838,-5.460208656284275
ETH_USDT,2022-11-12T00:00:00Z,2022-11-12T08:00:00Z,2022-11-13T08:00:00Z,2022,2022-11-07T00:00:00Z,0.3602351422143064,-8.248716087379714,-6.150992062420353,-6.131463196592381,-6.104785588519676
SOL_USDT,2022-11-12T00:00:00Z,2022-11-12T08:00:00Z,2022-11-13T08:00:00Z,2022,2022-11-07T00:00:00Z,0.5778861890439296,-5.479165580914548,-4.940981330854295,-4.854911211833061,-4.833437901659445
LINK_USDT,2022-11-12T00:00:00Z,2022-11-12T08:00:00Z,2022-11-13T08:00:00Z,2022,2022-11-07T00:00:00Z,0.3289739425759913,-7.270183744991605,-5.706334140216933,-5.710280120191333,-5.624200665419446
ETH_USDT,2022-11-13T00:00:00Z,2022-11-13T08:00:00Z,2022-11-14T08:00:00Z,2022,2022-11-07T00:00:00Z,-0.4946744575889038,-6.660822495197201,-6.175663086553546,-6.372686668592567,-6.219378717457133
SOL_USDT,2022-11-13T00:00:00Z,2022-11-13T08:00:00Z,2022-11-14T08:00:00Z,2022,2022-11-07T00:00:00Z,-0.3957879917882725,-4.283701780324848,-4.836539145635383,-5.07180171389315,-4.864351546370608
LINK_USDT,2022-11-13T00:00:00Z,2022-11-13T08:00:00Z,2022-11-14T08:00:00Z,2022,2022-11-07T00:00:00Z,0.5409163711208107,-6.418031920899698,-5.543827678469843,-5.523049917650904,-5.587454099876808
ETH_USDT,2022-11-14T00:00:00Z,2022-11-14T08:00:00Z,2022-11-15T08:00:00Z,2022,2022-11-14T00:00:00Z,-0.5155761536104608,-7.645264571894124,-6.246551358736904,-6.425583922284423,-6.447917692465875
SOL_USDT,2022-11-14T00:00:00Z,2022-11-14T08:00:00Z,2022-11-15T08:00:00Z,2022,2022-11-14T00:00:00Z,-0.4047944005172238,-5.315615371075125,-4.84292551543124,-5.0831409908515575,-5.053250097743763
LINK_USDT,2022-11-14T00:00:00Z,2022-11-14T08:00:00Z,2022-11-15T08:00:00Z,2022,2022-11-14T00:00:00Z,-0.2448494448337884,-7.029228256915932,-5.754306474506509,-5.864461688920932,-5.74337207788715
ETH_USDT,2022-11-15T00:00:00Z,2022-11-15T08:00:00Z,2022-11-16T08:00:00Z,2022,2022-11-14T00:00:00Z,0.0032997030490224035,-9.043204765509813,-6.141643835663003,-6.230841379164042,-6.345615360049271
SOL_USDT,2022-11-15T00:00:00Z,2022-11-15T08:00:00Z,2022-11-16T08:00:00Z,2022,2022-11-14T00:00:00Z,0.05712980265555952,-9.37017870270473,-4.77719087178512,-4.915622058828716,-4.97988573160878
LINK_USDT,2022-11-15T00:00:00Z,2022-11-15T08:00:00Z,2022-11-16T08:00:00Z,2022,2022-11-14T00:00:00Z,0.22543155493407807,-6.832302711200861,-5.851557733540807,-5.803908177995189,-5.968958064062978
ETH_USDT,2022-11-16T00:00:00Z,2022-11-16T08:00:00Z,2022-11-17T08:00:00Z,2022,2022-11-14T00:00:00Z,-0.3831079298534241,-6.036364276136569,-6.365589149426711,-6.484888019767403,-6.446408873072969
SOL_USDT,2022-11-16T00:00:00Z,2022-11-16T08:00:00Z,2022-11-17T08:00:00Z,2022,2022-11-14T00:00:00Z,-0.40748790130647994,-5.837096974004236,-5.059865457112889,-5.189877599549423,-5.1590146159016355
LINK_USDT,2022-11-16T00:00:00Z,2022-11-16T08:00:00Z,2022-11-17T08:00:00Z,2022,2022-11-14T00:00:00Z,-0.050667839499742365,-5.940858710515279,-5.8846639647657595,-5.922794998629368,-5.899613924434464
ETH_USDT,2022-11-17T00:00:00Z,2022-11-17T08:00:00Z,2022-11-18T08:00:00Z,2022,2022-11-14T00:00:00Z,-0.35997723991732405,-8.176916569798399,-6.408910267369507,-6.588744508340719,-6.539226646773945
SOL_USDT,2022-11-17T00:00:00Z,2022-11-17T08:00:00Z,2022-11-18T08:00:00Z,2022,2022-11-14T00:00:00Z,-1.0496079392968616,-5.830685706730189,-5.499426408912624,-5.799132616805932,-5.597227461343209
LINK_USDT,2022-11-17T00:00:00Z,2022-11-17T08:00:00Z,2022-11-18T08:00:00Z,2022,2022-11-14T00:00:00Z,-0.4516395006596858,-7.802372754669867,-6.052415215152989,-6.2095740514422095,-6.079151761020114
ETH_USDT,2022-11-18T00:00:00Z,2022-11-18T08:00:00Z,2022-11-19T08:00:00Z,2022,2022-11-14T00:00:00Z,-0.6102331396548015,-10.331641703415224,-7.262975409627644,-7.258097325061099,-7.238860346724423
SOL_USDT,2022-11-18T00:00:00Z,2022-11-18T08:00:00Z,2022-11-19T08:00:00Z,2022,2022-11-14T00:00:00Z,-0.6159398702730606,-6.513693844000242,-5.726999078754703,-5.829268438206167,-5.915289699792362
LINK_USDT,2022-11-18T00:00:00Z,2022-11-18T08:00:00Z,2022-11-19T08:00:00Z,2022,2022-11-14T00:00:00Z,-0.7203359249708517,-7.4901981223966745,-6.474078488905198,-6.550737148308249,-6.527197601021848
ETH_USDT,2022-11-19T00:00:00Z,2022-11-19T08:00:00Z,2022-11-20T08:00:00Z,2022,2022-11-14T00:00:00Z,-0.9868714693090165,-9.814184225809637,-7.358754602683899,-7.421172688503075,-7.3799270576549025
SOL_USDT,2022-11-19T00:00:00Z,2022-11-19T08:00:00Z,2022-11-20T08:00:00Z,2022,2022-11-14T00:00:00Z,-1.4371224408257195,-7.607713888667428,-5.937129008215993,-6.1690572657735,-6.0235531039257095
LINK_USDT,2022-11-19T00:00:00Z,2022-11-19T08:00:00Z,2022-11-20T08:00:00Z,2022,2022-11-14T00:00:00Z,-0.6526096490948529,-7.974480875024252,-6.592627810559934,-6.59415890189767,-6.692476050897013
ETH_USDT,2022-11-20T00:00:00Z,2022-11-20T08:00:00Z,2022-11-21T08:00:00Z,2022,2022-11-14T00:00:00Z,-1.5203779597476668,-5.9988054508372395,-7.505131437287143,-7.69738501344674,-7.587088586457099
SOL_USDT,2022-11-20T00:00:00Z,2022-11-20T08:00:00Z,2022-11-21T08:00:00Z,2022,2022-11-14T00:00:00Z,-1.487147967376821,-5.221758143935472,-5.911510415956968,-6.223131187094138,-6.164187272997759
LINK_USDT,2022-11-20T00:00:00Z,2022-11-20T08:00:00Z,2022-11-21T08:00:00Z,2022,2022-11-14T00:00:00Z,-1.2524628793868677,-5.806340874909767,-6.874609029731914,-7.049314341617183,-6.886131128963436
ETH_USDT,2022-11-21T00:00:00Z,2022-11-21T08:00:00Z,2022-11-22T08:00:00Z,2022,2022-11-21T00:00:00Z,-0.6213402917886532,-7.382492631292023,-7.016236305583252,-7.1574886499016825,-7.260853240273301
SOL_USDT,2022-11-21T00:00:00Z,2022-11-21T08:00:00Z,2022-11-22T08:00:00Z,2022,2022-11-21T00:00:00Z,-0.9888747974065173,-6.816317914865385,-5.874318773972702,-6.090273993349749,-6.121474522617808
LINK_USDT,2022-11-21T00:00:00Z,2022-11-21T08:00:00Z,2022-11-22T08:00:00Z,2022,2022-11-21T00:00:00Z,-0.7419412086386157,-7.777579133035394,-6.580824360883563,-6.735676792715208,-6.750003017849828
ETH_USDT,2022-11-22T00:00:00Z,2022-11-22T08:00:00Z,2022-11-23T08:00:00Z,2022,2022-11-21T00:00:00Z,-0.1411145563138853,-6.21860484146905,-7.158658880990543,-7.081522444658996,-7.18645919328905
SOL_USDT,2022-11-22T00:00:00Z,2022-11-22T08:00:00Z,2022-11-23T08:00:00Z,2022,2022-11-21T00:00:00Z,-1.04635192920681,-5.092467387406624,-6.184876588279212,-6.341390780770019,-6.252067700087286
LINK_USDT,2022-11-22T00:00:00Z,2022-11-22T08:00:00Z,2022-11-23T08:00:00Z,2022,2022-11-21T00:00:00Z,-0.3434279153875022,-5.183326713529842,-6.8866549386858775,-6.763156044979446,-6.9129335415203546
ETH_USDT,2022-11-23T00:00:00Z,2022-11-23T08:00:00Z,2022-11-24T08:00:00Z,2022,2022-11-21T00:00:00Z,-0.35984390956680373,-7.183285266942752,-7.0017960472748575,-7.052891884114999,-6.9475212962588255
SOL_USDT,2022-11-23T00:00:00Z,2022-11-23T08:00:00Z,2022-11-24T08:00:00Z,2022,2022-11-21T00:00:00Z,-0.9343393641906366,-4.754515358045269,-6.062792534335992,-6.226959523703109,-6.162596142554721
LINK_USDT,2022-11-23T00:00:00Z,2022-11-23T08:00:00Z,2022-11-24T08:00:00Z,2022,2022-11-21T00:00:00Z,0.11488225365608828,-6.21046469675911,-6.397963598667979,-6.334169853684443,-6.39157410407429
ETH_USDT,2022-11-24T00:00:00Z,2022-11-24T08:00:00Z,2022-11-25T08:00:00Z,2022,2022-11-21T00:00:00Z,-0.47618982625144846,-7.857391746439989,-7.145384130195648,-7.182414846962221,-7.1134795868208345
SOL_USDT,2022-11-24T00:00:00Z,2022-11-24T08:00:00Z,2022-11-25T08:00:00Z,2022,2022-11-21T00:00:00Z,-0.4593601224681569,-7.216383475590476,-5.741748483779142,-5.84521936873786,-5.864159137692309
LINK_USDT,2022-11-24T00:00:00Z,2022-11-24T08:00:00Z,2022-11-25T08:00:00Z,2022,2022-11-21T00:00:00Z,-0.03587744978498261,-7.420765075907905,-6.476731649334247,-6.408292358795713,-6.364142116302327
ETH_USDT,2022-11-25T00:00:00Z,2022-11-25T08:00:00Z,2022-11-26T08:00:00Z,2022,2022-11-21T00:00:00Z,-0.6875967978306508,-7.973573278653856,-7.176996598961205,-7.221821376418905,-7.191656584708564
SOL_USDT,2022-11-25T00:00:00Z,2022-11-25T08:00:00Z,2022-11-26T08:00:00Z,2022,2022-11-21T00:00:00Z,-0.8825955589247251,-6.795476740061102,-6.218011992737585,-6.167446001360279,-6.215552248195522
LINK_USDT,2022-11-25T00:00:00Z,2022-11-25T08:00:00Z,2022-11-26T08:00:00Z,2022,2022-11-21T00:00:00Z,-0.38858391008679355,-8.40461751393097,-6.583098633530573,-6.519282996925889,-6.513124455888881
ETH_USDT,2022-11-26T00:00:00Z,2022-11-26T08:00:00Z,2022-11-27T08:00:00Z,2022,2022-11-21T00:00:00Z,-0.870495546614112,-8.803981453886571,-7.221215942829582,-7.319857741650015,-7.279331587485845
SOL_USDT,2022-11-26T00:00:00Z,2022-11-26T08:00:00Z,2022-11-27T08:00:00Z,2022,2022-11-21T00:00:00Z,-1.3978983315269722,-7.730470846313873,-6.049899501644352,-6.269584089454803,-6.144852800118548
LINK_USDT,2022-11-26T00:00:00Z,2022-11-26T08:00:00Z,2022-11-27T08:00:00Z,2022,2022-11-21T00:00:00Z,-0.5434188091154512,-6.179971777131901,-6.690977449191445,-6.631274068321406,-6.6835535166083195
ETH_USDT,2022-11-27T00:00:00Z,2022-11-27T08:00:00Z,2022-11-28T08:00:00Z,2022,2022-11-21T00:00:00Z,-0.8538461042944822,-7.295000687824811,-7.19789884400282,-7.285557255076059,-7.297884839814274
SOL_USDT,2022-11-27T00:00:00Z,2022-11-27T08:00:00Z,2022-11-28T08:00:00Z,2022,2022-11-21T00:00:00Z,-1.3361716331359486,-5.845733065287047,-5.98166374375194,-6.196729804236076,-6.184151246449202
LINK_USDT,2022-11-27T00:00:00Z,2022-11-27T08:00:00Z,2022-11-28T08:00:00Z,2022,2022-11-21T00:00:00Z,-0.17996543202616594,-6.528847518736645,-6.402731907353597,-6.359621698036671,-6.455633088611208
ETH_USDT,2022-11-28T00:00:00Z,2022-11-28T08:00:00Z,2022-11-29T08:00:00Z,2022,2022-11-28T00:00:00Z,-1.1093412281957495,-6.733171216154636,-7.321214384864852,-7.491176188730303,-7.385703101471543
SOL_USDT,2022-11-28T00:00:00Z,2022-11-28T08:00:00Z,2022-11-29T08:00:00Z,2022,2022-11-28T00:00:00Z,-1.676158686508678,-6.780625515211311,-6.1644122576465685,-6.4337439695952865,-6.332446499171626
LINK_USDT,2022-11-28T00:00:00Z,2022-11-28T08:00:00Z,2022-11-29T08:00:00Z,2022,2022-11-28T00:00:00Z,-0.668416921135933,-5.190613976424482,-6.595298315727971,-6.643871890515515,-6.542824832189523
ETH_USDT,2022-11-29T00:00:00Z,2022-11-29T08:00:00Z,2022-11-30T08:00:00Z,2022,2022-11-28T00:00:00Z,-0.597823392100504,-6.176521038654805,-7.393549666537425,-7.395347401520572,-7.499760051817988
SOL_USDT,2022-11-29T00:00:00Z,2022-11-29T08:00:00Z,2022-11-30T08:00:00Z,2022,2022-11-28T00:00:00Z,-0.9025531607232328,-6.705196962549954,-5.990501069853639,-6.115864228842283,-6.235986626373007
LINK_USDT,2022-11-29T00:00:00Z,2022-11-29T08:00:00Z,2022-11-30T08:00:00Z,2022,2022-11-28T00:00:00Z,0.2811534616755464,-7.419691744722688,-6.223834272292914,-6.1195877887117085,-6.318884510449557
ETH_USDT,2022-11-30T00:00:00Z,2022-11-30T08:00:00Z,2022-12-01T08:00:00Z,2022,2022-11-28T00:00:00Z,-0.497064677163272,-7.398051187816826,-7.326489281535222,-7.347679979452845,-7.319518589589663
SOL_USDT,2022-11-30T00:00:00Z,2022-11-30T08:00:00Z,2022-12-01T08:00:00Z,2022,2022-11-28T00:00:00Z,-1.4803031620828155,-5.84021505177721,-6.1211718245144136,-6.374966560189114,-6.188042969969369
LINK_USDT,2022-11-30T00:00:00Z,2022-11-30T08:00:00Z,2022-12-01T08:00:00Z,2022,2022-11-28T00:00:00Z,-0.0682069577244258,-6.677817148115519,-6.576589585445862,-6.45561127722334,-6.428147848183019
ETH_USDT,2022-12-01T00:00:00Z,2022-12-01T08:00:00Z,2022-12-02T08:00:00Z,2022,2022-11-28T00:00:00Z,0.029082929923668243,-9.965562780836144,-7.100816369903738,-7.040920282119673,-7.1005921556076546
SOL_USDT,2022-12-01T00:00:00Z,2022-12-01T08:00:00Z,2022-12-02T08:00:00Z,2022,2022-11-28T00:00:00Z,-1.1299264858577256,-8.135704475958395,-6.36419125883043,-6.502959822067665,-6.479281801386111
LINK_USDT,2022-12-01T00:00:00Z,2022-12-01T08:00:00Z,2022-12-02T08:00:00Z,2022,2022-11-28T00:00:00Z,-0.12420182758921754,-7.160826471972135,-6.590300403148173,-6.513491066555468,-6.502284907424417
ETH_USDT,2022-12-02T00:00:00Z,2022-12-02T08:00:00Z,2022-12-03T08:00:00Z,2022,2022-11-28T00:00:00Z,-0.5953658535864094,-7.815863829792816,-7.362628730333445,-7.325873830692713,-7.244948533803092
SOL_USDT,2022-12-02T00:00:00Z,2022-12-02T08:00:00Z,2022-12-03T08:00:00Z,2022,2022-11-28T00:00:00Z,-1.4629712217181372,-8.118834184619683,-6.411780096280817,-6.572203157446632,-6.4680046644540505
LINK_USDT,2022-12-02T00:00:00Z,2022-12-02T08:00:00Z,2022-12-03T08:00:00Z,2022,2022-11-28T00:00:00Z,-0.21244411063737276,-7.620076156663024,-6.563391862366285,-6.478947341142698,-6.501787552048768
ETH_USDT,2022-12-03T00:00:00Z,2022-12-03T08:00:00Z,2022-12-04T08:00:00Z,2022,2022-11-28T00:00:00Z,-0.7042199761732871,-7.153652599243613,-7.402114197465649,-7.392607438984373,-7.410565828524839
SOL_USDT,2022-12-03T00:00:00Z,2022-12-03T08:00:00Z,2022-12-04T08:00:00Z,2022,2022-11-28T00:00:00Z,-1.3476763603535313,-7.421194902491771,-6.627915805286377,-6.666611555906806,-6.739638302124649
LINK_USDT,2022-12-03T00:00:00Z,2022-12-03T08:00:00Z,2022-12-04T08:00:00Z,2022,2022-11-28T00:00:00Z,-0.6138487878258524,-7.070857928023638,-6.738226722973668,-6.693102656769441,-6.685026139522754
ETH_USDT,2022-12-04T00:00:00Z,2022-12-04T08:00:00Z,2022-12-05T08:00:00Z,2022,2022-11-28T00:00:00Z,-0.7670792682706281,-7.74952983362931,-7.199971325144936,-7.296362569555484,-7.2487791239591255
SOL_USDT,2022-12-04T00:00:00Z,2022-12-04T08:00:00Z,2022-12-05T08:00:00Z,2022,2022-11-28T00:00:00Z,-1.7236610099683147,-7.520502227428226,-6.566943626743433,-6.767766537860747,-6.650235419675666
LINK_USDT,2022-12-04T00:00:00Z,2022-12-04T08:00:00Z,2022-12-05T08:00:00Z,2022,2022-11-28T00:00:00Z,-0.9335904605953987,-8.219150103286152,-6.6213887826433595,-6.748754949094011,-6.654051531491158
ETH_USDT,2022-12-05T00:00:00Z,2022-12-05T08:00:00Z,2022-12-06T08:00:00Z,2022,2022-12-05T00:00:00Z,-0.8009383653268852,-7.420036705454824,-7.282593515491657,-7.353963425761623,-7.342657969749461
SOL_USDT,2022-12-05T00:00:00Z,2022-12-05T08:00:00Z,2022-12-06T08:00:00Z,2022,2022-12-05T00:00:00Z,-1.794276347239868,-7.202203381270317,-6.599696104757336,-6.808465701954983,-6.760789945306597
LINK_USDT,2022-12-05T00:00:00Z,2022-12-05T08:00:00Z,2022-12-06T08:00:00Z,2022,2022-12-05T00:00:00Z,-0.9919858798845341,-7.359148129305486,-6.763617100337393,-6.858077305442813,-6.860291788681151
ETH_USDT,2022-12-06T00:00:00Z,2022-12-06T08:00:00Z,2022-12-07T08:00:00Z,2022,2022-12-05T00:00:00Z,-0.597959436528634,-6.436586643785492,-7.2035723122502695,-7.267272211558872,-7.273580255057711
SOL_USDT,2022-12-06T00:00:00Z,2022-12-06T08:00:00Z,2022-12-07T08:00:00Z,2022,2022-12-05T00:00:00Z,-0.9165218927677138,-5.804035222334931,-6.776069318614036,-6.714750287382928,-6.916193995156604
LINK_USDT,2022-12-06T00:00:00Z,2022-12-06T08:00:00Z,2022-12-07T08:00:00Z,2022,2022-12-05T00:00:00Z,-0.4755020556250168,-5.985393715215972,-7.02664899620757,-6.962937475818794,-7.06511605131939
ETH_USDT,2022-12-07T00:00:00Z,2022-12-07T08:00:00Z,2022-12-08T08:00:00Z,2022,2022-12-05T00:00:00Z,-0.8630140298139066,-9.679785534947426,-7.411894101791923,-7.4510037808376754,-7.423603721115374
SOL_USDT,2022-12-07T00:00:00Z,2022-12-07T08:00:00Z,2022-12-08T08:00:00Z,2022,2022-12-05T00:00:00Z,-1.0591494591819044,-8.435008990773227,-6.6787009409231874,-6.691210703033297,-6.643709069715231
LINK_USDT,2022-12-07T00:00:00Z,2022-12-07T08:00:00Z,2022-12-08T08:00:00Z,2022,2022-12-05T00:00:00Z,-0.5368535345565926,-9.714272040769847,-7.159996558923184,-7.04241667881668,-7.084502934867448
ETH_USDT,2022-12-08T00:00:00Z,2022-12-08T08:00:00Z,2022-12-09T08:00:00Z,2022,2022-12-05T00:00:00Z,-0.5843908224935145,-7.172708023548914,-7.331371028306677,-7.388872097527965,-7.372752095678367
SOL_USDT,2022-12-08T00:00:00Z,2022-12-08T08:00:00Z,2022-12-09T08:00:00Z,2022,2022-12-05T00:00:00Z,-1.2340038762619867,-9.163514915535583,-6.643782689144051,-6.773430168473052,-6.634036769743202
LINK_USDT,2022-12-08T00:00:00Z,2022-12-08T08:00:00Z,2022-12-09T08:00:00Z,2022,2022-12-05T00:00:00Z,-0.7154038619168053,-8.759638715573265,-6.886158890397314,-6.97239766792711,-6.850854930394232
ETH_USDT,2022-12-09T00:00:00Z,2022-12-09T08:00:00Z,2022-12-10T08:00:00Z,2022,2022-12-05T00:00:00Z,-0.4351043744598772,-8.83246423535286,-7.37592546337666,-7.392762490066882,-7.389218983834022
SOL_USDT,2022-12-09T00:00:00Z,2022-12-09T08:00:00Z,2022-12-10T08:00:00Z,2022,2022-12-05T00:00:00Z,-1.209889599806218,-7.4582678706760195,-7.079448413990127,-7.038838543131338,-7.085272842171134
LINK_USDT,2022-12-09T00:00:00Z,2022-12-09T08:00:00Z,2022-12-10T08:00:00Z,2022,2022-12-05T00:00:00Z,-0.7615336044542268,-8.197997784360485,-7.284016628996192,-7.252499407044251,-7.272599680315361
ETH_USDT,2022-12-10T00:00:00Z,2022-12-10T08:00:00Z,2022-12-11T08:00:00Z,2022,2022-12-05T00:00:00Z,-0.31059158485275074,-8.228234675251999,-7.590928395732092,-7.497937875807601,-7.60829321664003
SOL_USDT,2022-12-10T00:00:00Z,2022-12-10T08:00:00Z,2022-12-11T08:00:00Z,2022,2022-12-05T00:00:00Z,-0.828354462930467,-10.10136790926468,-7.007278663695612,-7.017498003102299,-7.108227675788273
LINK_USDT,2022-12-10T00:00:00Z,2022-12-10T08:00:00Z,2022-12-11T08:00:00Z,2022,2022-12-05T00:00:00Z,-0.8750457511965264,-8.233527986336592,-7.263174319787033,-7.302829950368504,-7.303768154126288
ETH_USDT,2022-12-11T00:00:00Z,2022-12-11T08:00:00Z,2022-12-12T08:00:00Z,2022,2022-12-05T00:00:00Z,-1.0037971517361015,-8.307794234560046,-7.737536916834662,-7.946690630208167,-7.767845029949667
SOL_USDT,2022-12-11T00:00:00Z,2022-12-11T08:00:00Z,2022-12-12T08:00:00Z,2022,2022-12-05T00:00:00Z,-1.6196049426053234,-6.551715053920958,-7.4080661845061115,-7.548620339452359,-7.43456518203917
LINK_USDT,2022-12-11T00:00:00Z,2022-12-11T08:00:00Z,2022-12-12T08:00:00Z,2022,2022-12-05T00:00:00Z,-1.0406186490124818,-6.922038246940401,-7.482562573096698,-7.563259698406455,-7.5433612716740095
ETH_USDT,2022-12-12T00:00:00Z,2022-12-12T08:00:00Z,2022-12-13T08:00:00Z,2022,2022-12-12T00:00:00Z,-0.9350994418437547,-7.638101458062871,-7.833814917562822,-7.998408157222618,-8.007299301230322
SOL_USDT,2022-12-12T00:00:00Z,2022-12-12T08:00:00Z,2022-12-13T08:00:00Z,2022,2022-12-12T00:00:00Z,-1.2341111054272025,-6.88401055578467,-7.205171034117581,-7.356535497584529,-7.414756422692915
LINK_USDT,2022-12-12T00:00:00Z,2022-12-12T08:00:00Z,2022-12-13T08:00:00Z,2022,2022-12-12T00:00:00Z,-1.1861784394231765,-7.052496892459002,-7.270013185828031,-7.5061202251878605,-7.394739314131125
ETH_USDT,2022-12-13T00:00:00Z,2022-12-13T08:00:00Z,2022-12-14T08:00:00Z,2022,2022-12-12T00:00:00Z,-0.2325016056074677,-6.229932858625402,-7.717699743786535,-7.763331784418503,-7.868699856676219
SOL_USDT,2022-12-13T00:00:00Z,2022-12-13T08:00:00Z,2022-12-14T08:00:00Z,2022,2022-12-12T00:00:00Z,-0.4419727532874645,-5.689363642176691,-6.982549554478922,-7.015544338997612,-7.13328812818937
LINK_USDT,2022-12-13T00:00:00Z,2022-12-13T08:00:00Z,2022-12-14T08:00:00Z,2022,2022-12-12T00:00:00Z,-0.49582819370355624,-5.7353694038691625,-7.3671900113788755,-7.409647972115742,-7.523169987963559
ETH_USDT,2022-12-14T00:00:00Z,2022-12-14T08:00:00Z,2022-12-15T08:00:00Z,2022,2022-12-12T00:00:00Z,0.39061701515235236,-6.982721033307434,-7.3668857324807195,-7.327913071793691,-7.4053862776975565
SOL_USDT,2022-12-14T00:00:00Z,2022-12-14T08:00:00Z,2022-12-15T08:00:00Z,2022,2022-12-12T00:00:00Z,0.022205948580360402,-6.071816158945949,-6.679661221753958,-6.680183599388206,-6.705071427773302
LINK_USDT,2022-12-14T00:00:00Z,2022-12-14T08:00:00Z,2022-12-15T08:00:00Z,2022,2022-12-12T00:00:00Z,0.09973394570918119,-7.07353825381178,-6.862591371965378,-6.883137132933314,-6.930192455851667
ETH_USDT,2022-12-15T00:00:00Z,2022-12-15T08:00:00Z,2022-12-16T08:00:00Z,2022,2022-12-12T00:00:00Z,0.25661413062854654,-8.245696531878044,-7.545419533398411,-7.470484233836698,-7.439537436445095
SOL_USDT,2022-12-15T00:00:00Z,2022-12-15T08:00:00Z,2022-12-16T08:00:00Z,2022,2022-12-12T00:00:00Z,0.3942144879119102,-8.914779279850846,-6.771272082975679,-6.645937614903021,-6.716770404492551
LINK_USDT,2022-12-15T00:00:00Z,2022-12-15T08:00:00Z,2022-12-16T08:00:00Z,2022,2022-12-12T00:00:00Z,-0.5460105521719011,-7.664126992694666,-7.152148343456099,-7.241525203998967,-7.067093281890101
ETH_USDT,2022-12-16T00:00:00Z,2022-12-16T08:00:00Z,2022-12-17T08:00:00Z,2022,2022-12-12T00:00:00Z,-0.11273917290409459,-5.350777814162053,-7.624979569874439,-7.6246661648714165,-7.538874099523243
SOL_USDT,2022-12-16T00:00:00Z,2022-12-16T08:00:00Z,2022-12-17T08:00:00Z,2022,2022-12-12T00:00:00Z,-0.20007176263907106,-4.578369883747253,-7.050172406152673,-6.952245648042647,-6.913834978267652
LINK_USDT,2022-12-16T00:00:00Z,2022-12-16T08:00:00Z,2022-12-17T08:00:00Z,2022,2022-12-12T00:00:00Z,-0.4089360293960608,-5.16726229106588,-7.111670456844973,-7.168136775732642,-7.167777642935934
ETH_USDT,2022-12-17T00:00:00Z,2022-12-17T08:00:00Z,2022-12-18T08:00:00Z,2022,2022-12-12T00:00:00Z,0.4821047388188575,-10.006363735954261,-7.0031086758194805,-7.015651914849331,-7.059714188593302
SOL_USDT,2022-12-17T00:00:00Z,2022-12-17T08:00:00Z,2022-12-18T08:00:00Z,2022,2022-12-12T00:00:00Z,0.2275989948142534,-7.73337254143108,-6.238959235900865,-6.29960526968191,-6.295865764116721
LINK_USDT,2022-12-17T00:00:00Z,2022-12-17T08:00:00Z,2022-12-18T08:00:00Z,2022,2022-12-12T00:00:00Z,0.06868669277759062,-10.4926131451357,-6.60813791834518,-6.686608840022635,-6.689994816761773
ETH_USDT,2022-12-18T00:00:00Z,2022-12-18T08:00:00Z,2022-12-19T08:00:00Z,2022,2022-12-12T00:00:00Z,-0.3542243250412137,-8.65912945506175,-7.266278171105135,-7.348488948670092,-7.205053440083453
SOL_USDT,2022-12-18T00:00:00Z,2022-12-18T08:00:00Z,2022-12-19T08:00:00Z,2022,2022-12-12T00:00:00Z,-0.38353830153709056,-8.271872408184256,-6.466787701410675,-6.552307748541795,-6.447374070481189
LINK_USDT,2022-12-18T00:00:00Z,2022-12-18T08:00:00Z,2022-12-19T08:00:00Z,2022,2022-12-12T00:00:00Z,-0.4774726790844222,-9.186315649487943,-6.808651215128661,-6.9011363478416365,-6.801803628766694
ETH_USDT,2022-12-19T00:00:00Z,2022-12-19T08:00:00Z,2022-12-20T08:00:00Z,2022,2022-12-19T00:00:00Z,-0.6078850330272803,-6.67198502671532,-7.307514094030527,-7.43673322222839,-7.4219147423030005
SOL_USDT,2022-12-19T00:00:00Z,2022-12-19T08:00:00Z,2022-12-20T08:00:00Z,2022,2022-12-19T00:00:00Z,-0.956429937606395,-6.519738659126875,-6.608302445777328,-6.779943301572387,-6.713261395599462
LINK_USDT,2022-12-19T00:00:00Z,2022-12-19T08:00:00Z,2022-12-20T08:00:00Z,2022,2022-12-19T00:00:00Z,-1.0860432723412268,-5.90293307691903,-6.974805829665439,-7.165404342287628,-7.074158709435917
ETH_USDT,2022-12-20T00:00:00Z,2022-12-20T08:00:00Z,2022-12-21T08:00:00Z,2022,2022-12-19T00:00:00Z,-0.4576971338233361,-9.479187294409254,-7.390553323449652,-7.467899214291834,-7.542401971440684
SOL_USDT,2022-12-20T00:00:00Z,2022-12-20T08:00:00Z,2022-12-21T08:00:00Z,2022,2022-12-19T00:00:00Z,-0.41164814764209107,-7.821633484283457,-6.545295525264053,-6.633128979485233,-6.764316500753505
LINK_USDT,2022-12-20T00:00:00Z,2022-12-20T08:00:00Z,2022-12-21T08:00:00Z,2022,2022-12-19T00:00:00Z,-0.5046416472206477,-8.72594666850794,-6.78063876024839,-6.927148600181723,-7.012696130744643
ETH_USDT,2022-12-21T00:00:00Z,2022-12-21T08:00:00Z,2022-12-22T08:00:00Z,2022,2022-12-19T00:00:00Z,0.022249550452085685,-10.978477020295102,-7.228522711952491,-7.289935858381223,-7.350096352894122
SOL_USDT,2022-12-21T00:00:00Z,2022-12-21T08:00:00Z,2022-12-22T08:00:00Z,2022,2022-12-19T00:00:00Z,-0.7071063311112944,-9.460090735298982,-6.572053852391903,-6.784973460066805,-6.661466831624913
LINK_USDT,2022-12-21T00:00:00Z,2022-12-21T08:00:00Z,2022-12-22T08:00:00Z,2022,2022-12-19T00:00:00Z,-0.6044595917451487,-9.795091048712079,-6.823202860719185,-7.025019853871182,-6.916169370508005
ETH_USDT,2022-12-22T00:00:00Z,2022-12-22T08:00:00Z,2022-12-23T08:00:00Z,2022,2022-12-19T00:00:00Z,-0.5656987744061442,-6.726825833352052,-7.601920732267795,-7.632942772699594,-7.606104444886656
SOL_USDT,2022-12-22T00:00:00Z,2022-12-22T08:00:00Z,2022-12-23T08:00:00Z,2022,2022-12-19T00:00:00Z,-0.7837183822486251,-7.317342176614798,-6.756508148068088,-6.908244041294937,-6.910419977449691
LINK_USDT,2022-12-22T00:00:00Z,2022-12-22T08:00:00Z,2022-12-23T08:00:00Z,2022,2022-12-19T00:00:00Z,-1.108116588538608,-7.561316684388287,-7.067589645416869,-7.273802553564769,-7.181382922488858
ETH_USDT,2022-12-23T00:00:00Z,2022-12-23T08:00:00Z,2022-12-24T08:00:00Z,2022,2022-12-19T00:00:00Z,-0.22839987857260144,-12.115456482717878,-7.259920054802311,-7.403525832273912,-7.428551476127364
SOL_USDT,2022-12-23T00:00:00Z,2022-12-23T08:00:00Z,2022-12-24T08:00:00Z,2022,2022-12-19T00:00:00Z,-0.6085706373999407,-6.600785704618041,-6.718263279124384,-6.880522253654911,-6.9033771494693905
LINK_USDT,2022-12-23T00:00:00Z,2022-12-23T08:00:00Z,2022-12-24T08:00:00Z,2022,2022-12-19T00:00:00Z,-0.7283419853792897,-9.233982654796737,-7.016570515673409,-7.207728840527858,-7.265266083624218
ETH_USDT,2022-12-24T00:00:00Z,2022-12-24T08:00:00Z,2022-12-25T08:00:00Z,2022,2022-12-19T00:00:00Z,-0.3793607780914588,-12.908024360913934,-8.143161472042454,-7.982063956420736,-8.108130130785073
SOL_USDT,2022-12-24T00:00:00Z,2022-12-24T08:00:00Z,2022-12-25T08:00:00Z,2022,2022-12-19T00:00:00Z,-0.6281138006251291,-10.003832914990479,-7.639630533298982,-7.5807111716797095,-7.650063383430006
LINK_USDT,2022-12-24T00:00:00Z,2022-12-24T08:00:00Z,2022-12-25T08:00:00Z,2022,2022-12-19T00:00:00Z,-0.9445763854240888,-10.00946224778301,-7.600652616685108,-7.674633987063085,-7.669391949343684
ETH_USDT,2022-12-25T00:00:00Z,2022-12-25T08:00:00Z,2022-12-26T08:00:00Z,2022,2022-12-19T00:00:00Z,-1.1622396882681103,-9.251814862974074,-8.383145633458845,-8.359764575303224,-8.360921560718062
SOL_USDT,2022-12-25T00:00:00Z,2022-12-25T08:00:00Z,2022-12-26T08:00:00Z,2022,2022-12-19T00:00:00Z,-0.30145911802902126,-8.432613211463638,-7.313188611198196,-7.316515927900539,-7.362035170784694
LINK_USDT,2022-12-25T00:00:00Z,2022-12-25T08:00:00Z,2022-12-26T08:00:00Z,2022,2022-12-19T00:00:00Z,-1.6691037238100244,-9.060439835944047,-7.862522283669959,-8.055778632407446,-7.962053038986847
ETH_USDT,2022-12-26T00:00:00Z,2022-12-26T08:00:00Z,2022-12-27T08:00:00Z,2022,2022-12-26T00:00:00Z,-0.528654005373512,-8.796644205884755,-8.110895964881607,-8.084606305664352,-8.31344154768117
SOL_USDT,2022-12-26T00:00:00Z,2022-12-26T08:00:00Z,2022-12-27T08:00:00Z,2022,2022-12-26T00:00:00Z,-1.1880591355437515,-7.970737655079031,-7.53026701193449,-7.704453263785915,-7.48879837011048
LINK_USDT,2022-12-26T00:00:00Z,2022-12-26T08:00:00Z,2022-12-27T08:00:00Z,2022,2022-12-26T00:00:00Z,-1.1381715406743855,-8.282251656152336,-7.701316522659089,-7.838884533317529,-8.00508513390307
ETH_USDT,2022-12-27T00:00:00Z,2022-12-27T08:00:00Z,2022-12-28T08:00:00Z,2022,2022-12-26T00:00:00Z,-0.8564493820751413,-8.181922159231686,-8.08191071095952,-8.202646026075985,-8.118205555207803
SOL_USDT,2022-12-27T00:00:00Z,2022-12-27T08:00:00Z,2022-12-28T08:00:00Z,2022,2022-12-26T00:00:00Z,-0.6104528941341432,-4.524115946552127,-7.5235139966988065,-7.554582762942837,-7.703438842883004
LINK_USDT,2022-12-27T00:00:00Z,2022-12-27T08:00:00Z,2022-12-28T08:00:00Z,2022,2022-12-26T00:00:00Z,-1.0505964604220603,-7.2114516792212955,-7.811186289516219,-7.944375953387205,-7.949098531276972
ETH_USDT,2022-12-28T00:00:00Z,2022-12-28T08:00:00Z,2022-12-29T08:00:00Z,2022,2022-12-26T00:00:00Z,-0.3809299187799423,-10.204433352827031,-8.39421251389274,-8.297611520241047,-8.441808614131327
SOL_USDT,2022-12-28T00:00:00Z,2022-12-28T08:00:00Z,2022-12-29T08:00:00Z,2022,2022-12-26T00:00:00Z,-0.001805007052188406,-6.931506331886463,-7.126926915767326,-7.109309530687256,-7.2062542610737825
LINK_USDT,2022-12-28T00:00:00Z,2022-12-28T08:00:00Z,2022-12-29T08:00:00Z,2022,2022-12-26T00:00:00Z,-0.7015708044740324,-8.809543051568793,-8.205091102074798,-8.164785082301856,-8.217671526576432
ETH_USDT,2022-12-29T00:00:00Z,2022-12-29T08:00:00Z,2022-12-30T08:00:00Z,2022,2022-12-26T00:00:00Z,-0.051329346379494475,-8.933621643517304,-8.255352248237571,-8.09597467829812,-8.200441184107595
SOL_USDT,2022-12-29T00:00:00Z,2022-12-29T08:00:00Z,2022-12-30T08:00:00Z,2022,2022-12-26T00:00:00Z,0.780110760329474,-5.435574001750171,-6.479031203322169,-6.332225849651254,-6.5151145115442795
LINK_USDT,2022-12-29T00:00:00Z,2022-12-29T08:00:00Z,2022-12-30T08:00:00Z,2022,2022-12-26T00:00:00Z,-0.3629542829124319,-6.929036912206989,-7.940004314468762,-7.903866112275614,-7.934475443997204
ETH_USDT,2022-12-30T00:00:00Z,2022-12-30T08:00:00Z,2022-12-31T08:00:00Z,2022,2022-12-26T00:00:00Z,-0.4156286991387223,-9.782997179183354,-8.99315815261896,-8.75623861430567,-8.703967527744515
SOL_USDT,2022-12-30T00:00:00Z,2022-12-30T08:00:00Z,2022-12-31T08:00:00Z,2022,2022-12-26T00:00:00Z,1.14455228427024,-5.66647347861574,-6.632275540466352,-6.257064778543536,-6.462986662638125
LINK_USDT,2022-12-30T00:00:00Z,2022-12-30T08:00:00Z,2022-12-31T08:00:00Z,2022,2022-12-26T00:00:00Z,-0.2489218771715438,-9.33580313516764,-8.12316914396694,-7.974814884206216,-8.008466787760675
ETH_USDT,2022-12-31T00:00:00Z,2022-12-31T08:00:00Z,2023-01-01T08:00:00Z,2022,2022-12-26T00:00:00Z,-0.2990234623299755,-9.766143833407126,-8.78241044256268,-8.64459497993528,-8.632018651063039
SOL_USDT,2022-12-31T00:00:00Z,2022-12-31T08:00:00Z,2023-01-01T08:00:00Z,2022,2022-12-26T00:00:00Z,1.1288698711973264,-6.389927351216613,-6.278028427443969,-6.040803940118745,-6.052068462299725
LINK_USDT,2022-12-31T00:00:00Z,2022-12-31T08:00:00Z,2023-01-01T08:00:00Z,2022,2022-12-26T00:00:00Z,-0.2617891319250473,-7.401938450315486,-7.8228758242566485,-7.806187198760448,-7.7283897703875155
ETH_USDT,2023-01-01T00:00:00Z,2023-01-01T08:00:00Z,2023-01-02T08:00:00Z,2023,2022-12-26T00:00:00Z,-0.9097974867093475,-9.006528730403048,-8.84446025990672,-8.848796111968792,-8.682111080600915
SOL_USDT,2023-01-01T00:00:00Z,2023-01-01T08:00:00Z,2023-01-02T08:00:00Z,2023,2022-12-26T00:00:00Z,-0.07816198434463431,-4.497755979678988,-6.417640515372359,-6.474583679489253,-6.19776033667844
LINK_USDT,2023-01-01T00:00:00Z,2023-01-01T08:00:00Z,2023-01-02T08:00:00Z,2023,2022-12-26T00:00:00Z,-0.5820157680611542,-8.242641376300426,-7.76299431265146,-7.8355918887520275,-7.71146149886007
ETH_USDT,2023-01-02T00:00:00Z,2023-01-02T08:00:00Z,2023-01-03T08:00:00Z,2023,2023-01-02T00:00:00Z,-1.052883640746658,-10.003503853631049,-9.082927734271419,-9.025918630982448,-9.057389857980107
SOL_USDT,2023-01-02T00:00:00Z,2023-01-02T08:00:00Z,2023-01-03T08:00:00Z,2023,2023-01-02T00:00:00Z,-0.5311655349584296,-5.645270238887626,-6.515994589620918,-6.664216512752659,-6.605971532038698
LINK_USDT,2023-01-02T00:00:00Z,2023-01-02T08:00:00Z,2023-01-03T08:00:00Z,2023,2023-01-02T00:00:00Z,-0.9819725546554101,-11.062015993121134,-7.831258959105444,-7.992187079666874,-7.864269636824171
ETH_USDT,2023-01-03T00:00:00Z,2023-01-03T08:00:00Z,2023-01-04T08:00:00Z,2023,2023-01-02T00:00:00Z,-0.26382414905229185,-6.966485865747925,-8.81204003868105,-8.665124166862856,-8.846637766421601
SOL_USDT,2023-01-03T00:00:00Z,2023-01-03T08:00:00Z,2023-01-04T08:00:00Z,2023,2023-01-02T00:00:00Z,0.738200171444454,-4.419026312996705,-5.945435531379991,-5.873458676402673,-6.205424908249418
LINK_USDT,2023-01-03T00:00:00Z,2023-01-03T08:00:00Z,2023-01-04T08:00:00Z,2023,2023-01-02T00:00:00Z,-0.3574872111565758,-6.815476901286104,-7.9438324834271405,-7.860606087837047,-8.073903668664753
ETH_USDT,2023-01-04T00:00:00Z,2023-01-04T08:00:00Z,2023-01-05T08:00:00Z,2023,2023-01-02T00:00:00Z,-0.4584872792810404,-10.343282525234937,-9.075497745521638,-8.871685035363717,-8.88122537001956
SOL_USDT,2023-01-04T00:00:00Z,2023-01-04T08:00:00Z,2023-01-05T08:00:00Z,2023,2023-01-02T00:00:00Z,1.4227228180974905,-5.629187037422817,-5.774805467872228,-5.464813953808858,-5.719126143560377
LINK_USDT,2023-01-04T00:00:00Z,2023-01-04T08:00:00Z,2023-01-05T08:00:00Z,2023,2023-01-02T00:00:00Z,-0.5498278376460474,-9.546081550871454,-7.9987576503229105,-7.960734836074653,-7.962872585016715
ETH_USDT,2023-01-05T00:00:00Z,2023-01-05T08:00:00Z,2023-01-06T08:00:00Z,2023,2023-01-02T00:00:00Z,0.36542845194025536,-11.22517625679037,-8.302807894589053,-8.126039730901361,-8.274433297325585
SOL_USDT,2023-01-05T00:00:00Z,2023-01-05T08:00:00Z,2023-01-06T08:00:00Z,2023,2023-01-02T00:00:00Z,1.2387920457159598,-7.332105006611943,-5.837218692731034,-5.553696149661359,-5.571715243204212
LINK_USDT,2023-01-05T00:00:00Z,2023-01-05T08:00:00Z,2023-01-06T08:00:00Z,2023,2023-01-02T00:00:00Z,0.08613141729776864,-8.43782579350928,-7.685411569013741,-7.605308840884209,-7.719673534056504
ETH_USDT,2023-01-06T00:00:00Z,2023-01-06T08:00:00Z,2023-01-07T08:00:00Z,2023,2023-01-02T00:00:00Z,-0.14740724152879536,-8.646420261894006,-8.678856571077677,-8.434465780272411,-8.434545208846636
SOL_USDT,2023-01-06T00:00:00Z,2023-01-06T08:00:00Z,2023-01-07T08:00:00Z,2023,2023-01-02T00:00:00Z,0.4226348255885201,-7.127275234248047,-6.174024377237811,-5.9460496283055875,-5.953332882136967
LINK_USDT,2023-01-06T00:00:00Z,2023-01-06T08:00:00Z,2023-01-07T08:00:00Z,2023,2023-01-02T00:00:00Z,-0.18660775719206532,-8.271641580522907,-7.845559544442178,-7.734947261801464,-7.722346980336505
ETH_USDT,2023-01-07T00:00:00Z,2023-01-07T08:00:00Z,2023-01-08T08:00:00Z,2023,2023-01-02T00:00:00Z,0.09085905060089292,-12.858726159049887,-8.516032811058484,-8.351375169569605,-8.418255654590341
SOL_USDT,2023-01-07T00:00:00Z,2023-01-07T08:00:00Z,2023-01-08T08:00:00Z,2023,2023-01-02T00:00:00Z,0.3150205364794525,-7.659709847258071,-6.137483898937382,-6.038992439719625,-6.1048427490234785
LINK_USDT,2023-01-07T00:00:00Z,2023-01-07T08:00:00Z,2023-01-08T08:00:00Z,2023,2023-01-02T00:00:00Z,-0.2235183811686376,-9.807381635319231,-8.028426963453889,-7.944053266610382,-7.945292200546193
ETH_USDT,2023-01-08T00:00:00Z,2023-01-08T08:00:00Z,2023-01-09T08:00:00Z,2023,2023-01-02T00:00:00Z,-0.8463741638738937,-7.593429688658713,-8.880370124780358,-8.782302317934928,-8.74108061358772
SOL_USDT,2023-01-08T00:00:00Z,2023-01-08T08:00:00Z,2023-01-09T08:00:00Z,2023,2023-01-02T00:00:00Z,-0.721215829619524,-3.9984250601395637,-6.230224962001736,-6.360287684342487,-6.245657841565623
LINK_USDT,2023-01-08T00:00:00Z,2023-01-08T08:00:00Z,2023-01-09T08:00:00Z,2023,2023-01-02T00:00:00Z,-0.47721648953593643,-6.816784464989092,-8.116654519988032,-8.047893432125294,-8.055184191208605
ETH_USDT,2023-01-09T00:00:00Z,2023-01-09T08:00:00Z,2023-01-10T08:00:00Z,2023,2023-01-09T00:00:00Z,-0.31552030910608264,-7.6860236444871,-8.473273297962837,-8.472196737866511,-8.564654148580486
SOL_USDT,2023-01-09T00:00:00Z,2023-01-09T08:00:00Z,2023-01-10T08:00:00Z,2023,2023-01-09T00:00:00Z,0.48425949474965485,-5.199920023173556,-5.988852696897746,-5.912050561662924,-6.231845296904499
LINK_USDT,2023-01-09T00:00:00Z,2023-01-09T08:00:00Z,2023-01-10T08:00:00Z,2023,2023-01-09T00:00:00Z,-0.2911818155869403,-7.328801169073961,-8.05352761391656,-8.020664841660192,-8.035424900512744
ETH_USDT,2023-01-10T00:00:00Z,2023-01-10T08:00:00Z,2023-01-11T08:00:00Z,2023,2023-01-09T00:00:00Z,0.6729181498053936,-9.610758994161628,-8.152583093813663,-7.946775510175763,-8.164658432685862
SOL_USDT,2023-01-10T00:00:00Z,2023-01-10T08:00:00Z,2023-01-11T08:00:00Z,2023,2023-01-09T00:00:00Z,1.6070234654402498,-7.564531079635212,-5.615320982660578,-5.288384348677241,-5.594978905268454
LINK_USDT,2023-01-10T00:00:00Z,2023-01-10T08:00:00Z,2023-01-11T08:00:00Z,2023,2023-01-09T00:00:00Z,0.6084065398511916,-8.723548551638205,-7.6316729153192995,-7.438876152817004,-7.629146978394003
ETH_USDT,2023-01-11T00:00:00Z,2023-01-11T08:00:00Z,2023-01-12T08:00:00Z,2023,2023-01-09T00:00:00Z,0.41418978438404547,-5.981868028345445,-8.383501674856,-8.141337094023925,-8.156763220363803
SOL_USDT,2023-01-11T00:00:00Z,2023-01-11T08:00:00Z,2023-01-12T08:00:00Z,2023,2023-01-09T00:00:00Z,0.7040398392999624,-5.193677108349841,-6.0871694862811605,-5.847912857621122,-5.754827836591684
LINK_USDT,2023-01-11T00:00:00Z,2023-01-11T08:00:00Z,2023-01-12T08:00:00Z,2023,2023-01-09T00:00:00Z,0.10035146018075755,-6.2945517471973655,-7.866936618266997,-7.715714979007437,-7.648799891633772
ETH_USDT,2023-01-12T00:00:00Z,2023-01-12T08:00:00Z,2023-01-13T08:00:00Z,2023,2023-01-09T00:00:00Z,0.4433851206267415,-7.4815724824593115,-7.731278400076592,-7.713037869090285,-7.6233682753826235
SOL_USDT,2023-01-12T00:00:00Z,2023-01-12T08:00:00Z,2023-01-13T08:00:00Z,2023,2023-01-09T00:00:00Z,0.4131791798220526,-6.1349528890379785,-5.954102797625938,-5.902500149947267,-5.819077190770359
LINK_USDT,2023-01-12T00:00:00Z,2023-01-12T08:00:00Z,2023-01-13T08:00:00Z,2023,2023-01-09T00:00:00Z,0.15079830772856384,-6.648902369829563,-7.501748939662686,-7.498356523161326,-7.42232630713464
ETH_USDT,2023-01-13T00:00:00Z,2023-01-13T08:00:00Z,2023-01-14T08:00:00Z,2023,2023-01-09T00:00:00Z,1.0663973345045097,-5.270113690628472,-7.819465677559023,-7.581475310370088,-7.718088277892793
SOL_USDT,2023-01-13T00:00:00Z,2023-01-13T08:00:00Z,2023-01-14T08:00:00Z,2023,2023-01-09T00:00:00Z,0.7533844378301913,-2.6398523442113806,-6.0448798010056235,-5.853602497573046,-5.97214731265713
LINK_USDT,2023-01-13T00:00:00Z,2023-01-13T08:00:00Z,2023-01-14T08:00:00Z,2023,2023-01-09T00:00:00Z,0.6781674024675979,-5.332673115461688,-7.440026564327767,-7.307324192080337,-7.381008812491313
ETH_USDT,2023-01-14T00:00:00Z,2023-01-14T08:00:00Z,2023-01-15T08:00:00Z,2023,2023-01-09T00:00:00Z,0.5235417939404933,-7.160345648569684,-7.78128288935489,-7.696771269774351,-7.549145172007309
SOL_USDT,2023-01-14T00:00:00Z,2023-01-14T08:00:00Z,2023-01-15T08:00:00Z,2023,2023-01-09T00:00:00Z,0.891469996810421,-4.2467302499327975,-5.807054661183293,-5.652833568125093,-5.679642819465071
LINK_USDT,2023-01-14T00:00:00Z,2023-01-14T08:00:00Z,2023-01-15T08:00:00Z,2023,2023-01-09T00:00:00Z,0.4157351814272209,-6.789231841372631,-7.281513925918744,-7.242889053697793,-7.126095373455785
ETH_USDT,2023-01-15T00:00:00Z,2023-01-15T08:00:00Z,2023-01-16T08:00:00Z,2023,2023-01-09T00:00:00Z,1.1581188272363756,-7.847080386973359,-7.075256702291563,-6.946237133432835,-7.032545782616152
SOL_USDT,2023-01-15T00:00:00Z,2023-01-15T08:00:00Z,2023-01-16T08:00:00Z,2023,2023-01-09T00:00:00Z,1.8109848322085649,-5.027286339742118,-4.90457948531211,-4.608558119896143,-4.8169872666557305
LINK_USDT,2023-01-15T00:00:00Z,2023-01-15T08:00:00Z,2023-01-16T08:00:00Z,2023,2023-01-09T00:00:00Z,1.2533098886141698,-6.350794262045856,-6.886801331235866,-6.672735075658326,-6.829934454900011
ETH_USDT,2023-01-16T00:00:00Z,2023-01-16T08:00:00Z,2023-01-17T08:00:00Z,2023,2023-01-16T00:00:00Z,0.3010590398957186,-7.6462358200429685,-7.321121818299015,-7.3361440945401375,-7.1575881554330225
SOL_USDT,2023-01-16T00:00:00Z,2023-01-16T08:00:00Z,2023-01-17T08:00:00Z,2023,2023-01-16T00:00:00Z,0.9341907518073832,-5.823571905561738,-5.088026533151846,-4.915301478896682,-4.785475333434352
LINK_USDT,2023-01-16T00:00:00Z,2023-01-16T08:00:00Z,2023-01-17T08:00:00Z,2023,2023-01-16T00:00:00Z,0.6390353291607666,-6.201109108861204,-6.948080416681135,-6.874109008856061,-6.730652712765494
ETH_USDT,2023-01-17T00:00:00Z,2023-01-17T08:00:00Z,2023-01-18T08:00:00Z,2023,2023-01-16T00:00:00Z,0.6684726108928924,-8.709958118923591,-7.339094179420003,-7.24310115643449,-7.375067528084228
SOL_USDT,2023-01-17T00:00:00Z,2023-01-17T08:00:00Z,2023-01-18T08:00:00Z,2023,2023-01-16T00:00:00Z,0.7719865409218757,-7.863060551308935,-5.179347600547441,-5.030158859256771,-5.065750194597788
LINK_USDT,2023-01-17T00:00:00Z,2023-01-17T08:00:00Z,2023-01-18T08:00:00Z,2023,2023-01-16T00:00:00Z,0.8243965014756628,-8.412923551608381,-6.8414824206882265,-6.736924916413257,-6.7731406607324764
ETH_USDT,2023-01-18T00:00:00Z,2023-01-18T08:00:00Z,2023-01-19T08:00:00Z,2023,2023-01-16T00:00:00Z,0.5149283010907801,-6.72078765027895,-7.47279233524756,-7.328582974000504,-7.4311822075422125
SOL_USDT,2023-01-18T00:00:00Z,2023-01-18T08:00:00Z,2023-01-19T08:00:00Z,2023,2023-01-16T00:00:00Z,0.2178914525939623,-5.1845641511205525,-5.434533347209668,-5.284076234387384,-5.360531374360338
LINK_USDT,2023-01-18T00:00:00Z,2023-01-18T08:00:00Z,2023-01-19T08:00:00Z,2023,2023-01-16T00:00:00Z,0.6232330185912545,-5.639550519816383,-7.065568570365594,-6.8722515732958,-6.956618987141516
ETH_USDT,2023-01-19T00:00:00Z,2023-01-19T08:00:00Z,2023-01-20T08:00:00Z,2023,2023-01-16T00:00:00Z,0.8388729576490034,-8.839455133525952,-7.325911022971665,-7.221409550992301,-7.291100671281517
SOL_USDT,2023-01-19T00:00:00Z,2023-01-19T08:00:00Z,2023-01-20T08:00:00Z,2023,2023-01-16T00:00:00Z,0.7156914339349724,-7.417086294680268,-5.21290438758087,-5.076789932534775,-5.261918236354042
LINK_USDT,2023-01-19T00:00:00Z,2023-01-19T08:00:00Z,2023-01-20T08:00:00Z,2023,2023-01-16T00:00:00Z,0.8805561950066346,-8.011734494619182,-6.748036666894422,-6.649663970850454,-6.686710948291958
ETH_USDT,2023-01-20T00:00:00Z,2023-01-20T08:00:00Z,2023-01-21T08:00:00Z,2023,2023-01-16T00:00:00Z,-0.055698785309012275,-5.638012100459066,-7.48884029064846,-7.560187443078276,-7.377074098216919
SOL_USDT,2023-01-20T00:00:00Z,2023-01-20T08:00:00Z,2023-01-21T08:00:00Z,2023,2023-01-16T00:00:00Z,0.040375691530772986,-3.4852572158630846,-5.362107179281628,-5.322385547043284,-5.289593076256724
LINK_USDT,2023-01-20T00:00:00Z,2023-01-20T08:00:00Z,2023-01-21T08:00:00Z,2023,2023-01-16T00:00:00Z,-0.08099077007984513,-5.544905402602338,-6.945592879844995,-7.021921055713479,-6.817346107421236
ETH_USDT,2023-01-21T00:00:00Z,2023-01-21T08:00:00Z,2023-01-22T08:00:00Z,2023,2023-01-16T00:00:00Z,0.31612561249394744,-8.713823597607634,-7.061149557081394,-7.1788808248778375,-7.1757250575093146
SOL_USDT,2023-01-21T00:00:00Z,2023-01-21T08:00:00Z,2023-01-22T08:00:00Z,2023,2023-01-16T00:00:00Z,0.5469349983231395,-6.586991979614872,-4.910302013594453,-4.9246381763838265,-5.008436367386224
LINK_USDT,2023-01-21T00:00:00Z,2023-01-21T08:00:00Z,2023-01-22T08:00:00Z,2023,2023-01-16T00:00:00Z,0.17552091561406893,-8.28198322091534,-6.664476034682645,-6.785543222460894,-6.763333892253956
ETH_USDT,2023-01-22T00:00:00Z,2023-01-22T08:00:00Z,2023-01-23T08:00:00Z,2023,2023-01-16T00:00:00Z,0.4330092935828486,-9.654465049847193,-7.637291307999535,-7.513881776398122,-7.593627227304719
SOL_USDT,2023-01-22T00:00:00Z,2023-01-22T08:00:00Z,2023-01-23T08:00:00Z,2023,2023-01-16T00:00:00Z,0.8249465313523302,-6.833460713171878,-5.692708667135071,-5.360746765738083,-5.55157015964646
LINK_USDT,2023-01-22T00:00:00Z,2023-01-22T08:00:00Z,2023-01-23T08:00:00Z,2023,2023-01-16T00:00:00Z,0.617326424062959,-7.465023853961168,-7.029224210145732,-6.8554523037946,-7.034488621985611
ETH_USDT,2023-01-23T00:00:00Z,2023-01-23T08:00:00Z,2023-01-24T08:00:00Z,2023,2023-01-23T00:00:00Z,0.26481816117836743,-9.173368928320441,-7.787866616648472,-7.6280717086153125,-7.708130702652333
SOL_USDT,2023-01-23T00:00:00Z,2023-01-23T08:00:00Z,2023-01-24T08:00:00Z,2023,2023-01-23T00:00:00Z,0.09425749134148681,-7.529715909084751,-5.707024713028202,-5.58517574824953,-5.492405568200053
LINK_USDT,2023-01-23T00:00:00Z,2023-01-23T08:00:00Z,2023-01-24T08:00:00Z,2023,2023-01-23T00:00:00Z,0.6267813800521398,-7.663824117880067,-7.014416493398636,-6.848818710729015,-6.911498205175183
ETH_USDT,2023-01-24T00:00:00Z,2023-01-24T08:00:00Z,2023-01-25T08:00:00Z,2023,2023-01-23T00:00:00Z,0.17118610189576083,-6.351726366129834,-7.785805830542935,-7.675147623253105,-7.743009379977557
SOL_USDT,2023-01-24T00:00:00Z,2023-01-24T08:00:00Z,2023-01-25T08:00:00Z,2023,2023-01-23T00:00:00Z,-0.012843986490692608,-5.149836447638507,-5.927819392295375,-5.748706419244973,-5.870314428847783
LINK_USDT,2023-01-24T00:00:00Z,2023-01-24T08:00:00Z,2023-01-25T08:00:00Z,2023,2023-01-23T00:00:00Z,0.5295994368638117,-5.567645009189729,-7.329641091056607,-7.07468108998579,-7.184960307884349
ETH_USDT,2023-01-25T00:00:00Z,2023-01-25T08:00:00Z,2023-01-26T08:00:00Z,2023,2023-01-23T00:00:00Z,0.255607092963426,-6.25638729802885,-7.362231409363863,-7.396684134876674,-7.373632929711811
SOL_USDT,2023-01-25T00:00:00Z,2023-01-25T08:00:00Z,2023-01-26T08:00:00Z,2023,2023-01-23T00:00:00Z,-0.05170408370308535,-5.958851722025147,-5.600150326181045,-5.592793799817156,-5.590027307760295
LINK_USDT,2023-01-25T00:00:00Z,2023-01-25T08:00:00Z,2023-01-26T08:00:00Z,2023,2023-01-23T00:00:00Z,0.299061958895616,-6.330590859704498,-6.763104542874449,-6.78954605046156,-6.68714169590574
ETH_USDT,2023-01-26T00:00:00Z,2023-01-26T08:00:00Z,2023-01-27T08:00:00Z,2023,2023-01-23T00:00:00Z,0.5243554503701648,-8.356936668824366,-7.2902707028316565,-7.255582146896738,-7.278878172609735
SOL_USDT,2023-01-26T00:00:00Z,2023-01-26T08:00:00Z,2023-01-27T08:00:00Z,2023,2023-01-23T00:00:00Z,0.20730332811802799,-8.67654333975759,-5.681887800687333,-5.571199713263171,-5.665458090249846
LINK_USDT,2023-01-26T00:00:00Z,2023-01-26T08:00:00Z,2023-01-27T08:00:00Z,2023,2023-01-23T00:00:00Z,0.4593331336797701,-6.765228220051238,-6.860471913459133,-6.801576444281413,-6.811671669775742
ETH_USDT,2023-01-27T00:00:00Z,2023-01-27T08:00:00Z,2023-01-28T08:00:00Z,2023,2023-01-23T00:00:00Z,0.32372596607410975,-8.255101019397081,-7.500621268062224,-7.379443981103339,-7.426998278942265
SOL_USDT,2023-01-27T00:00:00Z,2023-01-27T08:00:00Z,2023-01-28T08:00:00Z,2023,2023-01-23T00:00:00Z,-0.20813762638623934,-7.236247107216594,-6.008343021224589,-5.814687206735997,-5.926428374432068
LINK_USDT,2023-01-27T00:00:00Z,2023-01-27T08:00:00Z,2023-01-28T08:00:00Z,2023,2023-01-23T00:00:00Z,0.4943555339817,-7.030047953884142,-6.878102471245859,-6.755673342353485,-6.807558660275114
ETH_USDT,2023-01-28T00:00:00Z,2023-01-28T08:00:00Z,2023-01-29T08:00:00Z,2023,2023-01-23T00:00:00Z,0.2535407308488646,-8.238074114032546,-7.718171340867826,-7.62178672906352,-7.621715008834463
SOL_USDT,2023-01-28T00:00:00Z,2023-01-28T08:00:00Z,2023-01-29T08:00:00Z,2023,2023-01-23T00:00:00Z,-0.37543891577370697,-8.878930406576028,-6.464707531908248,-6.352423077231036,-6.33899291723471
LINK_USDT,2023-01-28T00:00:00Z,2023-01-28T08:00:00Z,2023-01-29T08:00:00Z,2023,2023-01-23T00:00:00Z,0.46142180756204304,-7.864160715699079,-7.027456767730622,-6.901563404191705,-6.903531670152623
ETH_USDT,2023-01-29T00:00:00Z,2023-01-29T08:00:00Z,2023-01-30T08:00:00Z,2023,2023-01-23T00:00:00Z,-0.2500514429965344,-7.311403337145702,-7.829324092013032,-7.801439812543395,-7.7530849349880055
SOL_USDT,2023-01-29T00:00:00Z,2023-01-29T08:00:00Z,2023-01-30T08:00:00Z,2023,2023-01-23T00:00:00Z,-0.6950339903323245,-5.465743476140784,-6.672596120448042,-6.537560717702878,-6.581237781551287
LINK_USDT,2023-01-29T00:00:00Z,2023-01-29T08:00:00Z,2023-01-30T08:00:00Z,2023,2023-01-23T00:00:00Z,-0.06873404320658935,-7.646259882997634,-7.171107524105744,-7.104111706135048,-7.057774347903391
ETH_USDT,2023-01-30T00:00:00Z,2023-01-30T08:00:00Z,2023-01-31T08:00:00Z,2023,2023-01-30T00:00:00Z,0.3070438288320854,-6.997004148265089,-7.590477517169491,-7.530866678559878,-7.642378673012043
SOL_USDT,2023-01-30T00:00:00Z,2023-01-30T08:00:00Z,2023-01-31T08:00:00Z,2023,2023-01-30T00:00:00Z,0.1663363063551024,-6.262656451538947,-6.299337038388158,-6.132089780828713,-6.307132089006836
LINK_USDT,2023-01-30T00:00:00Z,2023-01-30T08:00:00Z,2023-01-31T08:00:00Z,2023,2023-01-30T00:00:00Z,0.14574478807061558,-6.680731624612981,-7.18961564527446,-7.092858690404286,-7.1853468407374566
ETH_USDT,2023-01-31T00:00:00Z,2023-01-31T08:00:00Z,2023-02-01T08:00:00Z,2023,2023-01-30T00:00:00Z,0.328611394630978,-9.471132931493914,-7.4795589915742,-7.4368707482862035,-7.40888587765813
SOL_USDT,2023-01-31T00:00:00Z,2023-01-31T08:00:00Z,2023-02-01T08:00:00Z,2023,2023-01-30T00:00:00Z,0.07486339004159258,-8.112701804484693,-6.2410658798325365,-6.098143494448415,-6.053741669763872
LINK_USDT,2023-01-31T00:00:00Z,2023-01-31T08:00:00Z,2023-02-01T08:00:00Z,2023,2023-01-30T00:00:00Z,0.07834580642239258,-8.249166029687025,-6.9565541681335805,-6.96864014936162,-6.921014036534203
ETH_USDT,2023-02-01T00:00:00Z,2023-02-01T08:00:00Z,2023-02-02T08:00:00Z,2023,2023-01-30T00:00:00Z,-0.23154800862482147,-6.277809394814191,-7.830342415659043,-7.8001585513864296,-7.715108456896847
SOL_USDT,2023-02-01T00:00:00Z,2023-02-01T08:00:00Z,2023-02-02T08:00:00Z,2023,2023-01-30T00:00:00Z,-0.5815133876370172,-4.658737336054884,-6.765656801202772,-6.594202356272606,-6.541635853859561
LINK_USDT,2023-02-01T00:00:00Z,2023-02-01T08:00:00Z,2023-02-02T08:00:00Z,2023,2023-01-30T00:00:00Z,-0.35635853133674905,-5.403623006445667,-7.302748289822824,-7.320934958828885,-7.234257264496999
ETH_USDT,2023-02-02T00:00:00Z,2023-02-02T08:00:00Z,2023-02-03T08:00:00Z,2023,2023-01-30T00:00:00Z,0.06661280066777006,-7.549704902994152,-7.6122089136275966,-7.6327596571620795,-7.618400127748368
SOL_USDT,2023-02-02T00:00:00Z,2023-02-02T08:00:00Z,2023-02-03T08:00:00Z,2023,2023-01-30T00:00:00Z,-0.01742841268283927,-7.128856265207164,-6.097865065042588,-6.050438111954595,-6.105109476617162
LINK_USDT,2023-02-02T00:00:00Z,2023-02-02T08:00:00Z,2023-02-03T08:00:00Z,2023,2023-01-30T00:00:00Z,0.11840960590045975,-7.161660363598006,-6.88450930226749,-6.920767944099695,-6.94574097797859
ETH_USDT,2023-02-03T00:00:00Z,2023-02-03T08:00:00Z,2023-02-04T08:00:00Z,2023,2023-01-30T00:00:00Z,0.35248659596817933,-8.22898092779337,-7.609937972070101,-7.510380748899983,-7.560490381423334
SOL_USDT,2023-02-03T00:00:00Z,2023-02-03T08:00:00Z,2023-02-04T08:00:00Z,2023,2023-01-30T00:00:00Z,0.021257290189613552,-7.437000586689609,-6.294638843096382,-6.123545088595501,-6.172512109231981
LINK_USDT,2023-02-03T00:00:00Z,2023-02-03T08:00:00Z,2023-02-04T08:00:00Z,2023,2023-01-30T00:00:00Z,0.17607359970214848,-7.174664318946475,-7.03893756604255,-6.9638141621190535,-6.980075362523983
ETH_USDT,2023-02-04T00:00:00Z,2023-02-04T08:00:00Z,2023-02-05T08:00:00Z,2023,2023-01-30T00:00:00Z,0.032717145395286897,-8.344615574718807,-7.702716224591246,-7.640285499103822,-7.584049671667184
SOL_USDT,2023-02-04T00:00:00Z,2023-02-04T08:00:00Z,2023-02-05T08:00:00Z,2023,2023-01-30T00:00:00Z,-0.40411605318834626,-8.132510890200303,-6.346130713365509,-6.265514819103493,-6.218301872889574
LINK_USDT,2023-02-04T00:00:00Z,2023-02-04T08:00:00Z,2023-02-05T08:00:00Z,2023,2023-01-30T00:00:00Z,-0.10936783112011883,-9.222716227686158,-7.0827426799481135,-7.064632678256219,-7.008909137680533
ETH_USDT,2023-02-05T00:00:00Z,2023-02-05T08:00:00Z,2023-02-06T08:00:00Z,2023,2023-01-30T00:00:00Z,-0.37577124558084923,-8.076805515600126,-7.6897269489958155,-7.728614018935647,-7.656652970114413
SOL_USDT,2023-02-05T00:00:00Z,2023-02-05T08:00:00Z,2023-02-06T08:00:00Z,2023,2023-01-30T00:00:00Z,-1.250505811756245,-6.959214307232286,-6.374628967289657,-6.4940384999084575,-6.356360306301162
LINK_USDT,2023-02-05T00:00:00Z,2023-02-05T08:00:00Z,2023-02-06T08:00:00Z,2023,2023-01-30T00:00:00Z,-0.42399341422090736,-7.036811218708293,-7.158336000118775,-7.17590073878685,-7.154593273021762
ETH_USDT,2023-02-06T00:00:00Z,2023-02-06T08:00:00Z,2023-02-07T08:00:00Z,2023,2023-02-06T00:00:00Z,-0.10796770945927125,-7.347413938193808,-7.730571093475511,-7.708434166621011,-7.776823908424295
SOL_USDT,2023-02-06T00:00:00Z,2023-02-06T08:00:00Z,2023-02-07T08:00:00Z,2023,2023-02-06T00:00:00Z,-0.4302683365998793,-6.277792198413994,-6.394399295244097,-6.34163192352119,-6.5562626763965435
LINK_USDT,2023-02-06T00:00:00Z,2023-02-06T08:00:00Z,2023-02-07T08:00:00Z,2023,2023-02-06T00:00:00Z,-0.39966029216677695,-6.812263667392866,-7.015172105022448,-7.095489445559398,-7.092236626623073
ETH_USDT,2023-02-07T00:00:00Z,2023-02-07T08:00:00Z,2023-02-08T08:00:00Z,2023,2023-02-06T00:00:00Z,-0.21000416943458614,-7.390167854640927,-7.73108454523368,-7.751677280130545,-7.701332745512261
SOL_USDT,2023-02-07T00:00:00Z,2023-02-07T08:00:00Z,2023-02-08T08:00:00Z,2023,2023-02-06T00:00:00Z,-0.7599339878719368,-6.699049273867447,-6.419236186130328,-6.456994566975554,-6.3739172287770645
LINK_USDT,2023-02-07T00:00:00Z,2023-02-07T08:00:00Z,2023-02-08T08:00:00Z,2023,2023-02-06T00:00:00Z,-0.4001469423158324,-6.821911603898456,-7.039036334251842,-7.114151729735206,-7.1009384985422095
ETH_USDT,2023-02-08T00:00:00Z,2023-02-08T08:00:00Z,2023-02-09T08:00:00Z,2023,2023-02-06T00:00:00Z,-0.05881129312810875,-7.881702503703337,-7.623007236819365,-7.6280193481108665,-7.633178111399967
SOL_USDT,2023-02-08T00:00:00Z,2023-02-08T08:00:00Z,2023-02-09T08:00:00Z,2023,2023-02-06T00:00:00Z,-0.4459234674873894,-7.1228019624636705,-6.323884511627665,-6.308923162917043,-6.372854116677438
LINK_USDT,2023-02-08T00:00:00Z,2023-02-08T08:00:00Z,2023-02-09T08:00:00Z,2023,2023-02-06T00:00:00Z,-0.14295072308760864,-6.048688320533515,-6.952620726426717,-6.983040045405068,-7.024980688491789
ETH_USDT,2023-02-09T00:00:00Z,2023-02-09T08:00:00Z,2023-02-10T08:00:00Z,2023,2023-02-06T00:00:00Z,-0.12391870862847847,-5.809257681618769,-7.936559353060324,-7.881453549373662,-7.85831778497979
SOL_USDT,2023-02-09T00:00:00Z,2023-02-09T08:00:00Z,2023-02-10T08:00:00Z,2023,2023-02-06T00:00:00Z,-0.6076564340266395,-4.496784390953834,-6.964203330287475,-6.8723005661747765,-6.8318352001659415
LINK_USDT,2023-02-09T00:00:00Z,2023-02-09T08:00:00Z,2023-02-10T08:00:00Z,2023,2023-02-06T00:00:00Z,-0.047644990748276064,-4.877124008309464,-7.324983894727552,-7.258535663780305,-7.263760300697528
ETH_USDT,2023-02-10T00:00:00Z,2023-02-10T08:00:00Z,2023-02-11T08:00:00Z,2023,2023-02-06T00:00:00Z,0.2728840840192077,-7.7562931980428935,-7.384712865742637,-7.382278637164396,-7.382191642032241
SOL_USDT,2023-02-10T00:00:00Z,2023-02-10T08:00:00Z,2023-02-11T08:00:00Z,2023,2023-02-06T00:00:00Z,-0.20154926082698651,-6.61001716541437,-6.178081038036472,-6.197247650706511,-6.197430826444419
LINK_USDT,2023-02-10T00:00:00Z,2023-02-10T08:00:00Z,2023-02-11T08:00:00Z,2023,2023-02-06T00:00:00Z,1.2220294254306086,-8.945918617359625,-6.531956661772168,-6.322649042977868,-6.54485619386953
ETH_USDT,2023-02-11T00:00:00Z,2023-02-11T08:00:00Z,2023-02-12T08:00:00Z,2023,2023-02-06T00:00:00Z,-0.08271877924970154,-8.935008715804212,-7.54101680063466,-7.539099843448923,-7.458296455749368
SOL_USDT,2023-02-11T00:00:00Z,2023-02-11T08:00:00Z,2023-02-12T08:00:00Z,2023,2023-02-06T00:00:00Z,-0.40807139107444157,-8.155455037460172,-6.253438616044072,-6.250673645694288,-6.194563070054038
LINK_USDT,2023-02-11T00:00:00Z,2023-02-11T08:00:00Z,2023-02-12T08:00:00Z,2023,2023-02-06T00:00:00Z,0.09839653871553211,-8.611438768353368,-6.919490983732257,-6.788104601640555,-6.614040659753491
ETH_USDT,2023-02-12T00:00:00Z,2023-02-12T08:00:00Z,2023-02-13T08:00:00Z,2023,2023-02-06T00:00:00Z,-0.5676047921505571,-8.373915601897613,-7.6478484589395075,-7.710016088308057,-7.654507473959507
SOL_USDT,2023-02-12T00:00:00Z,2023-02-12T08:00:00Z,2023-02-13T08:00:00Z,2023,2023-02-06T00:00:00Z,-1.4808736864744325,-6.922125978695262,-6.38603786851763,-6.57305492379253,-6.379599893624683
LINK_USDT,2023-02-12T00:00:00Z,2023-02-12T08:00:00Z,2023-02-13T08:00:00Z,2023,2023-02-06T00:00:00Z,-0.9426441129350364,-7.278267592607047,-6.929084220028502,-7.054047414503033,-6.909619810930838
ETH_USDT,2023-02-13T00:00:00Z,2023-02-13T08:00:00Z,2023-02-14T08:00:00Z,2023,2023-02-13T00:00:00Z,-0.5643573283534327,-6.598326119350452,-7.6202608348171035,-7.710075636892967,-7.7391772821363
SOL_USDT,2023-02-13T00:00:00Z,2023-02-13T08:00:00Z,2023-02-14T08:00:00Z,2023,2023-02-13T00:00:00Z,-0.5023971839832329,-6.187791696283292,-6.354382095193552,-6.333665527904634,-6.602353271711071
LINK_USDT,2023-02-13T00:00:00Z,2023-02-13T08:00:00Z,2023-02-14T08:00:00Z,2023,2023-02-13T00:00:00Z,-0.5729094799504165,-6.704151603958274,-6.790438711990505,-6.910073040067124,-7.022543893552407
ETH_USDT,2023-02-14T00:00:00Z,2023-02-14T08:00:00Z,2023-02-15T08:00:00Z,2023,2023-02-13T00:00:00Z,0.2442889801938975,-7.230176309363727,-7.423915749045673,-7.428229532069826,-7.579592381875393
SOL_USDT,2023-02-14T00:00:00Z,2023-02-14T08:00:00Z,2023-02-15T08:00:00Z,2023,2023-02-13T00:00:00Z,-0.07628999763975938,-6.374915759864971,-6.358471818288503,-6.350042003136065,-6.441586384106266
LINK_USDT,2023-02-14T00:00:00Z,2023-02-14T08:00:00Z,2023-02-15T08:00:00Z,2023,2023-02-13T00:00:00Z,-0.09545088580182015,-8.036719942631445,-6.749189631351846,-6.789870143558862,-6.899869177858237
ETH_USDT,2023-02-15T00:00:00Z,2023-02-15T08:00:00Z,2023-02-16T08:00:00Z,2023,2023-02-13T00:00:00Z,0.2901642690958529,-5.553149240561306,-7.4798821078546665,-7.438511341064905,-7.442830026169905
SOL_USDT,2023-02-15T00:00:00Z,2023-02-15T08:00:00Z,2023-02-16T08:00:00Z,2023,2023-02-13T00:00:00Z,0.12095529611389887,-5.195009705723227,-6.391819513047284,-6.330287288819335,-6.382104559685015
LINK_USDT,2023-02-15T00:00:00Z,2023-02-15T08:00:00Z,2023-02-16T08:00:00Z,2023,2023-02-13T00:00:00Z,-0.2852055425410508,-5.780241696679384,-6.916417666068462,-6.937723336732817,-6.9441508977589725
ETH_USDT,2023-02-16T00:00:00Z,2023-02-16T08:00:00Z,2023-02-17T08:00:00Z,2023,2023-02-13T00:00:00Z,0.19165741098982467,-5.7011330174269155,-7.071925631200266,-7.1630118437663,-7.049704830749137
SOL_USDT,2023-02-16T00:00:00Z,2023-02-16T08:00:00Z,2023-02-17T08:00:00Z,2023,2023-02-13T00:00:00Z,-0.1161701364384227,-5.268173936465847,-6.164832266273086,-6.251477618095225,-6.125014711110689
LINK_USDT,2023-02-16T00:00:00Z,2023-02-16T08:00:00Z,2023-02-17T08:00:00Z,2023,2023-02-13T00:00:00Z,-0.06826806202722396,-5.620987279515365,-6.632167354422643,-6.73012321851131,-6.714785500498278
ETH_USDT,2023-02-17T00:00:00Z,2023-02-17T08:00:00Z,2023-02-18T08:00:00Z,2023,2023-02-13T00:00:00Z,0.5773797351402117,-8.128611003954168,-7.050476815958464,-7.023577785362935,-7.039619434542976
SOL_USDT,2023-02-17T00:00:00Z,2023-02-17T08:00:00Z,2023-02-18T08:00:00Z,2023,2023-02-13T00:00:00Z,0.10693085025777993,-7.913249373723944,-6.311502612209876,-6.310111696601542,-6.288921226939871
LINK_USDT,2023-02-17T00:00:00Z,2023-02-17T08:00:00Z,2023-02-18T08:00:00Z,2023,2023-02-13T00:00:00Z,0.4094176965568186,-6.120391514329655,-6.9244981372660295,-6.851776650771945,-6.881888077577577
ETH_USDT,2023-02-18T00:00:00Z,2023-02-18T08:00:00Z,2023-02-19T08:00:00Z,2023,2023-02-13T00:00:00Z,0.21548350026915786,-11.1714601033464,-7.23262116604838,-7.1939235361335605,-7.135258915119774
SOL_USDT,2023-02-18T00:00:00Z,2023-02-18T08:00:00Z,2023-02-19T08:00:00Z,2023,2023-02-13T00:00:00Z,-0.29040808036673504,-9.368802972896033,-6.554995257257843,-6.542427570455519,-6.4750449194053905
LINK_USDT,2023-02-18T00:00:00Z,2023-02-18T08:00:00Z,2023-02-19T08:00:00Z,2023,2023-02-13T00:00:00Z,0.4149225743460826,-5.053535810470696,-6.764358967341545,-6.702212797691102,-6.655610728191293
ETH_USDT,2023-02-19T00:00:00Z,2023-02-19T08:00:00Z,2023-02-20T08:00:00Z,2023,2023-02-13T00:00:00Z,-0.5455796453109768,-7.504872538182671,-7.503854632613856,-7.499842997613542,-7.4935558671301665
SOL_USDT,2023-02-19T00:00:00Z,2023-02-19T08:00:00Z,2023-02-20T08:00:00Z,2023,2023-02-13T00:00:00Z,-0.7874962728792179,-4.654794067190876,-6.7141116175984585,-6.730471246381917,-6.735433284651796
LINK_USDT,2023-02-19T00:00:00Z,2023-02-19T08:00:00Z,2023-02-20T08:00:00Z,2023,2023-02-13T00:00:00Z,0.7680862267640342,-6.118777338842167,-6.434228484190358,-6.321344048826589,-6.384860533448793
ETH_USDT,2023-02-20T00:00:00Z,2023-02-20T08:00:00Z,2023-02-21T08:00:00Z,2023,2023-02-20T00:00:00Z,-0.13676518257829806,-9.886932496507892,-7.249190005804757,-7.322777577645936,-7.428070538640211
SOL_USDT,2023-02-20T00:00:00Z,2023-02-20T08:00:00Z,2023-02-21T08:00:00Z,2023,2023-02-20T00:00:00Z,0.41389213537435754,-8.507682673511567,-6.306653732158874,-6.280354903145693,-6.5094745814090675
LINK_USDT,2023-02-20T00:00:00Z,2023-02-20T08:00:00Z,2023-02-21T08:00:00Z,2023,2023-02-20T00:00:00Z,0.5598795160753277,-6.8390141223642225,-6.680147755308342,-6.53191758228145,-6.525489917888463
ETH_USDT,2023-02-21T00:00:00Z,2023-02-21T08:00:00Z,2023-02-22T08:00:00Z,2023,2023-02-20T00:00:00Z,-0.017592685587148483,-7.585632489976668,-7.411099177678346,-7.390162312682147,-7.479359399633864
SOL_USDT,2023-02-21T00:00:00Z,2023-02-21T08:00:00Z,2023-02-22T08:00:00Z,2023,2023-02-20T00:00:00Z,0.6952745953427397,-5.5957924218700175,-6.2588302125334625,-6.151464737239255,-6.195584894919951
LINK_USDT,2023-02-21T00:00:00Z,2023-02-21T08:00:00Z,2023-02-22T08:00:00Z,2023,2023-02-20T00:00:00Z,0.3951764371278602,-6.52077077922449,-6.461237482546673,-6.427062591270591,-6.373843955352054
ETH_USDT,2023-02-22T00:00:00Z,2023-02-22T08:00:00Z,2023-02-23T08:00:00Z,2023,2023-02-20T00:00:00Z,0.1087450209149174,-7.045977200968058,-7.342095284849541,-7.333871343840201,-7.384406750344802
SOL_USDT,2023-02-22T00:00:00Z,2023-02-22T08:00:00Z,2023-02-23T08:00:00Z,2023,2023-02-20T00:00:00Z,0.24412620973336524,-7.2876587522351866,-6.3565171327371655,-6.313071736332126,-6.219285935405458
LINK_USDT,2023-02-22T00:00:00Z,2023-02-22T08:00:00Z,2023-02-23T08:00:00Z,2023,2023-02-20T00:00:00Z,0.0372072877363645,-5.763419062642432,-6.528610588889771,-6.538343541460995,-6.476787758976885
ETH_USDT,2023-02-23T00:00:00Z,2023-02-23T08:00:00Z,2023-02-24T08:00:00Z,2023,2023-02-20T00:00:00Z,0.08615626002713171,-9.847133168300914,-7.529851601247319,-7.522922911076483,-7.482155010260456
SOL_USDT,2023-02-23T00:00:00Z,2023-02-23T08:00:00Z,2023-02-24T08:00:00Z,2023,2023-02-20T00:00:00Z,0.2406245539449556,-7.316990537592631,-6.3778405840359875,-6.351150616433656,-6.3235879155145165
LINK_USDT,2023-02-23T00:00:00Z,2023-02-23T08:00:00Z,2023-02-24T08:00:00Z,2023,2023-02-20T00:00:00Z,0.09705628925319083,-7.612922730252014,-6.439907462794962,-6.476095616268547,-6.464625530755977
ETH_USDT,2023-02-24T00:00:00Z,2023-02-24T08:00:00Z,2023-02-25T08:00:00Z,2023,2023-02-20T00:00:00Z,0.04298248548096966,-6.999466021652665,-8.06402039030533,-7.968394250157912,-7.940154213857033
SOL_USDT,2023-02-24T00:00:00Z,2023-02-24T08:00:00Z,2023-02-25T08:00:00Z,2023,2023-02-20T00:00:00Z,-0.23078314696621416,-6.48061657200677,-6.617977698402096,-6.6427767301182845,-6.548560879938463
LINK_USDT,2023-02-24T00:00:00Z,2023-02-24T08:00:00Z,2023-02-25T08:00:00Z,2023,2023-02-20T00:00:00Z,0.5665004107587164,-5.385670663119706,-6.630185542143964,-6.487661161830998,-6.632113197124236
ETH_USDT,2023-02-25T00:00:00Z,2023-02-25T08:00:00Z,2023-02-26T08:00:00Z,2023,2023-02-20T00:00:00Z,0.05128224040768998,-10.349523096258702,-7.867565149152776,-7.845171424461606,-7.784683140311822
SOL_USDT,2023-02-25T00:00:00Z,2023-02-25T08:00:00Z,2023-02-26T08:00:00Z,2023,2023-02-20T00:00:00Z,-0.14124573532877818,-6.858749417924118,-6.54690252932269,-6.582090788609504,-6.591001399690485
LINK_USDT,2023-02-25T00:00:00Z,2023-02-25T08:00:00Z,2023-02-26T08:00:00Z,2023,2023-02-20T00:00:00Z,0.4714555789437089,-9.279800460576622,-6.401644322290368,-6.367885086945793,-6.3152867883861274
ETH_USDT,2023-02-26T00:00:00Z,2023-02-26T08:00:00Z,2023-02-27T08:00:00Z,2023,2023-02-20T00:00:00Z,-0.5165673119075967,-7.562712410425631,-8.151001921953487,-8.106068652994253,-8.061626064958988
SOL_USDT,2023-02-26T00:00:00Z,2023-02-26T08:00:00Z,2023-02-27T08:00:00Z,2023,2023-02-20T00:00:00Z,-0.2396606884750647,-7.681678936798543,-6.57402168933294,-6.596276128658162,-6.611132369722523
LINK_USDT,2023-02-26T00:00:00Z,2023-02-26T08:00:00Z,2023-02-27T08:00:00Z,2023,2023-02-20T00:00:00Z,-0.3825787559472339,-7.274772168963848,-6.895056586277787,-6.8797703463465885,-6.781892813902832
ETH_USDT,2023-02-27T00:00:00Z,2023-02-27T08:00:00Z,2023-02-28T08:00:00Z,2023,2023-02-27T00:00:00Z,-0.4270048239833289,-8.850129845092939,-7.898778482184397,-7.966079509525908,-7.943825415418567
SOL_USDT,2023-02-27T00:00:00Z,2023-02-27T08:00:00Z,2023-02-28T08:00:00Z,2023,2023-02-27T00:00:00Z,-0.6829360347653167,-6.845453948779401,-6.7788175387274725,-6.877894338184859,-6.792757705567423
LINK_USDT,2023-02-27T00:00:00Z,2023-02-27T08:00:00Z,2023-02-28T08:00:00Z,2023,2023-02-27T00:00:00Z,-0.8717636952709125,-8.559486295786638,-6.863265913337095,-6.998241282984764,-6.933194569019669
ETH_USDT,2023-02-28T00:00:00Z,2023-02-28T08:00:00Z,2023-03-01T08:00:00Z,2023,2023-02-27T00:00:00Z,-0.08671637309232742,-6.52672419925662,-8.06216724156864,-7.957247506213729,-8.084286565568865
SOL_USDT,2023-02-28T00:00:00Z,2023-02-28T08:00:00Z,2023-03-01T08:00:00Z,2023,2023-02-27T00:00:00Z,-0.4201599282365326,-6.086603809899638,-6.963214364758175,-6.971026794577008,-7.037410385750633
LINK_USDT,2023-02-28T00:00:00Z,2023-02-28T08:00:00Z,2023-03-01T08:00:00Z,2023,2023-02-27T00:00:00Z,-0.4295635141062342,-6.207744634904677,-6.889744881996528,-6.939801945454614,-7.051627862044558
ETH_USDT,2023-03-01T00:00:00Z,2023-03-01T08:00:00Z,2023-03-02T08:00:00Z,2023,2023-02-27T00:00:00Z,-0.177595556773447,-8.523403219150133,-7.829220024675909,-7.864740897855498,-7.787998215343135
SOL_USDT,2023-03-01T00:00:00Z,2023-03-01T08:00:00Z,2023-03-02T08:00:00Z,2023,2023-02-27T00:00:00Z,-0.8810826956558785,-7.417884472959638,-6.847500461997029,-7.042879096756523,-6.868004333216869
LINK_USDT,2023-03-01T00:00:00Z,2023-03-01T08:00:00Z,2023-03-02T08:00:00Z,2023,2023-02-27T00:00:00Z,-0.42206314688512075,-7.124811355505408,-6.833769577010187,-6.921372160704857,-6.894275223421392
ETH_USDT,2023-03-02T00:00:00Z,2023-03-02T08:00:00Z,2023-03-03T08:00:00Z,2023,2023-02-27T00:00:00Z,0.031250033986462464,-5.9146662994514685,-7.805574130220728,-7.7956220933934794,-7.786386038650488
SOL_USDT,2023-03-02T00:00:00Z,2023-03-02T08:00:00Z,2023-03-03T08:00:00Z,2023,2023-02-27T00:00:00Z,-0.7701055007840426,-6.216975399697347,-7.011260649316102,-7.138679912036889,-7.106022247400447
LINK_USDT,2023-03-02T00:00:00Z,2023-03-02T08:00:00Z,2023-03-03T08:00:00Z,2023,2023-02-27T00:00:00Z,-0.47099580611724584,-5.609353794860266,-6.954325045949119,-7.0319577069917285,-6.990116271019054
ETH_USDT,2023-03-03T00:00:00Z,2023-03-03T08:00:00Z,2023-03-04T08:00:00Z,2023,2023-02-27T00:00:00Z,-0.0938006305741716,-12.26773066870038,-7.837157601350135,-7.8188209439371095,-7.781841723173257
SOL_USDT,2023-03-03T00:00:00Z,2023-03-03T08:00:00Z,2023-03-04T08:00:00Z,2023,2023-02-27T00:00:00Z,-0.8700989542281786,-8.168720780969476,-7.06042005763698,-7.180593687686303,-7.134614856222239
LINK_USDT,2023-03-03T00:00:00Z,2023-03-03T08:00:00Z,2023-03-04T08:00:00Z,2023,2023-02-27T00:00:00Z,-0.7521267786247146,-8.89267173241062,-6.941455282138637,-7.0815890222327464,-6.998240818942725
ETH_USDT,2023-03-04T00:00:00Z,2023-03-04T08:00:00Z,2023-03-05T08:00:00Z,2023,2023-02-27T00:00:00Z,0.41172911925994865,-10.387336683109318,-7.4944256329801195,-7.467291996599536,-7.494526202999306
SOL_USDT,2023-03-04T00:00:00Z,2023-03-04T08:00:00Z,2023-03-05T08:00:00Z,2023,2023-02-27T00:00:00Z,-0.3905441915486792,-7.947605290124973,-6.956456192056718,-7.04191155720694,-7.062041401683732
LINK_USDT,2023-03-04T00:00:00Z,2023-03-04T08:00:00Z,2023-03-05T08:00:00Z,2023,2023-02-27T00:00:00Z,-0.1897616038743386,-8.648952009814074,-6.940545860434759,-6.999920552324807,-7.02978507690531
ETH_USDT,2023-03-05T00:00:00Z,2023-03-05T08:00:00Z,2023-03-06T08:00:00Z,2023,2023-02-27T00:00:00Z,-0.7067675813173051,-11.206363451176967,-7.854129091803298,-7.8852308429240745,-7.763368743561259
SOL_USDT,2023-03-05T00:00:00Z,2023-03-05T08:00:00Z,2023-03-06T08:00:00Z,2023,2023-02-27T00:00:00Z,-1.0878817669812608,-8.063298006216495,-7.156365242958557,-7.2923018317132655,-7.177285169017369
LINK_USDT,2023-03-05T00:00:00Z,2023-03-05T08:00:00Z,2023-03-06T08:00:00Z,2023,2023-02-27T00:00:00Z,-0.8408912820047978,-9.227992054881124,-7.195506982346293,-7.246190943857098,-7.184821196249366
ETH_USDT,2023-03-06T00:00:00Z,2023-03-06T08:00:00Z,2023-03-07T08:00:00Z,2023,2023-03-06T00:00:00Z,-0.4604543041161715,-8.585027601340876,-7.992912211160938,-7.906075853203179,-8.129384604125903
SOL_USDT,2023-03-06T00:00:00Z,2023-03-06T08:00:00Z,2023-03-07T08:00:00Z,2023,2023-03-06T00:00:00Z,-1.0622371975103093,-7.3461551257906965,-7.117613199107661,-7.277256102010261,-7.290266207939666
LINK_USDT,2023-03-06T00:00:00Z,2023-03-06T08:00:00Z,2023-03-07T08:00:00Z,2023,2023-03-06T00:00:00Z,-1.150251842724466,-7.775207106593169,-7.2270180277693035,-7.34913530068161,-7.354238120379014
ETH_USDT,2023-03-07T00:00:00Z,2023-03-07T08:00:00Z,2023-03-08T08:00:00Z,2023,2023-03-06T00:00:00Z,-0.43125723046489395,-9.283757738443475,-7.785984863477166,-7.8400770849156185,-7.868494927521685
SOL_USDT,2023-03-07T00:00:00Z,2023-03-07T08:00:00Z,2023-03-08T08:00:00Z,2023,2023-03-06T00:00:00Z,-0.8342393644805675,-5.757347925676144,-7.086380769727988,-7.222594286001769,-7.240360309377407
LINK_USDT,2023-03-07T00:00:00Z,2023-03-07T08:00:00Z,2023-03-08T08:00:00Z,2023,2023-03-06T00:00:00Z,-0.8688519368663962,-7.642221615825307,-7.147470548261121,-7.275151166048859,-7.328972857662449
ETH_USDT,2023-03-08T00:00:00Z,2023-03-08T08:00:00Z,2023-03-09T08:00:00Z,2023,2023-03-06T00:00:00Z,-0.08407159458686421,-7.8992280138056605,-7.96739449616387,-7.860550494302774,-8.025231646285887
SOL_USDT,2023-03-08T00:00:00Z,2023-03-08T08:00:00Z,2023-03-09T08:00:00Z,2023,2023-03-06T00:00:00Z,-0.5042723716161612,-6.2283526678366385,-7.30976862435624,-7.290072007936347,-7.3846333491396114
LINK_USDT,2023-03-08T00:00:00Z,2023-03-08T08:00:00Z,2023-03-09T08:00:00Z,2023,2023-03-06T00:00:00Z,-0.732174242510859,-7.4688611289616595,-7.244926548675015,-7.311040960926309,-7.3545702486163975
ETH_USDT,2023-03-09T00:00:00Z,2023-03-09T08:00:00Z,2023-03-10T08:00:00Z,2023,2023-03-06T00:00:00Z,-0.04489187310334504,-5.3915971211744855,-7.872729431767205,-7.853491514500522,-7.836989883952785
SOL_USDT,2023-03-09T00:00:00Z,2023-03-09T08:00:00Z,2023-03-10T08:00:00Z,2023,2023-03-06T00:00:00Z,0.05066446201056191,-5.562336876922662,-6.786905372533994,-6.798532899177777,-6.840304502626453
LINK_USDT,2023-03-09T00:00:00Z,2023-03-09T08:00:00Z,2023-03-10T08:00:00Z,2023,2023-03-06T00:00:00Z,-0.4460034713226344,-5.333889266317574,-7.204358234974836,-7.239884863968269,-7.268737814391485
ETH_USDT,2023-03-10T00:00:00Z,2023-03-10T08:00:00Z,2023-03-11T08:00:00Z,2023,2023-03-06T00:00:00Z,0.3446562674714433,-9.186019749244446,-7.262860200466685,-7.299263376714657,-7.285194294447478
SOL_USDT,2023-03-10T00:00:00Z,2023-03-10T08:00:00Z,2023-03-11T08:00:00Z,2023,2023-03-06T00:00:00Z,0.2724615460850801,-5.0750963097173205,-6.665996791535831,-6.628808001848875,-6.61206445839853
LINK_USDT,2023-03-10T00:00:00Z,2023-03-10T08:00:00Z,2023-03-11T08:00:00Z,2023,2023-03-06T00:00:00Z,-0.12056061750892419,-6.6214074335341175,-6.776321129961447,-6.854328423013225,-6.824119549994557
ETH_USDT,2023-03-11T00:00:00Z,2023-03-11T08:00:00Z,2023-03-12T08:00:00Z,2023,2023-03-06T00:00:00Z,0.555188616187279,-6.854578551927908,-7.62917647793136,-7.453874074836246,-7.528939429295009
SOL_USDT,2023-03-11T00:00:00Z,2023-03-11T08:00:00Z,2023-03-12T08:00:00Z,2023,2023-03-06T00:00:00Z,0.4153337171703485,-5.832329785244104,-6.637058410539928,-6.540246277622901,-6.548204489997755
LINK_USDT,2023-03-11T00:00:00Z,2023-03-11T08:00:00Z,2023-03-12T08:00:00Z,2023,2023-03-06T00:00:00Z,-0.06234890066696049,-6.721517051619338,-7.364785782710732,-7.1631784677078985,-7.2869299846768625
ETH_USDT,2023-03-12T00:00:00Z,2023-03-12T08:00:00Z,2023-03-13T08:00:00Z,2023,2023-03-06T00:00:00Z,0.8933076297731409,-4.960281082119822,-7.475429152746615,-7.284985820841332,-7.358994598148101
SOL_USDT,2023-03-12T00:00:00Z,2023-03-12T08:00:00Z,2023-03-13T08:00:00Z,2023,2023-03-06T00:00:00Z,0.07005951145104182,-4.148884380557683,-6.368212582732973,-6.44792033272973,-6.30190597150667
LINK_USDT,2023-03-12T00:00:00Z,2023-03-12T08:00:00Z,2023-03-13T08:00:00Z,2023,2023-03-06T00:00:00Z,-0.14804129812822883,-5.2237250388761804,-6.912733140191736,-6.968860496155931,-6.886372687776097
ETH_USDT,2023-03-13T00:00:00Z,2023-03-13T08:00:00Z,2023-03-14T08:00:00Z,2023,2023-03-13T00:00:00Z,0.592913537928236,-6.649442240997301,-6.880667963737885,-6.899149640552143,-6.743007739432134
SOL_USDT,2023-03-13T00:00:00Z,2023-03-13T08:00:00Z,2023-03-14T08:00:00Z,2023,2023-03-13T00:00:00Z,0.1425480837251469,-5.835935228709166,-5.947555704474976,-6.080071276941423,-5.993155661886878
LINK_USDT,2023-03-13T00:00:00Z,2023-03-13T08:00:00Z,2023-03-14T08:00:00Z,2023,2023-03-13T00:00:00Z,-0.2592576935161171,-7.685075104132214,-6.586250145612373,-6.743620265029413,-6.610216014070471
ETH_USDT,2023-03-14T00:00:00Z,2023-03-14T08:00:00Z,2023-03-15T08:00:00Z,2023,2023-03-13T00:00:00Z,0.8158716339985269,-5.241428092440554,-6.923989614972748,-6.809900389092786,-6.852432389627936
SOL_USDT,2023-03-14T00:00:00Z,2023-03-14T08:00:00Z,2023-03-15T08:00:00Z,2023,2023-03-13T00:00:00Z,0.6369880619673285,-4.512941920526367,-6.027856106428969,-5.944522936108389,-6.055987128964725
LINK_USDT,2023-03-14T00:00:00Z,2023-03-14T08:00:00Z,2023-03-15T08:00:00Z,2023,2023-03-13T00:00:00Z,0.25360472525938493,-5.2170176391976035,-6.761786448844381,-6.662167750459091,-6.801835735761336
ETH_USDT,2023-03-15T00:00:00Z,2023-03-15T08:00:00Z,2023-03-16T08:00:00Z,2023,2023-03-13T00:00:00Z,0.8443056530464736,-6.256085056102902,-6.6318806277137545,-6.575052086066097,-6.533161155390616
SOL_USDT,2023-03-15T00:00:00Z,2023-03-15T08:00:00Z,2023-03-16T08:00:00Z,2023,2023-03-13T00:00:00Z,0.5601681039171155,-4.618507536066249,-5.760336911299204,-5.765608830211337,-5.696107679103116
LINK_USDT,2023-03-15T00:00:00Z,2023-03-15T08:00:00Z,2023-03-16T08:00:00Z,2023,2023-03-13T00:00:00Z,0.3896779911793917,-5.229277664548306,-6.40075849330722,-6.392104482443511,-6.358790611476031
ETH_USDT,2023-03-16T00:00:00Z,2023-03-16T08:00:00Z,2023-03-17T08:00:00Z,2023,2023-03-13T00:00:00Z,0.5020652951373691,-7.305939326855288,-6.679373263044046,-6.654828744701574,-6.592573364519611
SOL_USDT,2023-03-16T00:00:00Z,2023-03-16T08:00:00Z,2023-03-17T08:00:00Z,2023,2023-03-13T00:00:00Z,0.24881884348282918,-8.037454700786027,-5.704940462369161,-5.772394294108336,-5.676006550749368
LINK_USDT,2023-03-16T00:00:00Z,2023-03-16T08:00:00Z,2023-03-17T08:00:00Z,2023,2023-03-13T00:00:00Z,0.07822605288872299,-6.50432267797048,-6.272372667793641,-6.345125091849456,-6.233858551054327
ETH_USDT,2023-03-17T00:00:00Z,2023-03-17T08:00:00Z,2023-03-18T08:00:00Z,2023,2023-03-13T00:00:00Z,0.07355693610005769,-6.280892087637162,-7.0471938041016235,-6.964898858401892,-6.999955200568092
SOL_USDT,2023-03-17T00:00:00Z,2023-03-17T08:00:00Z,2023-03-18T08:00:00Z,2023,2023-03-13T00:00:00Z,-0.3033064408299036,-5.051627755571801,-6.0354561028666565,-6.062896964956368,-6.055212815037995
LINK_USDT,2023-03-17T00:00:00Z,2023-03-17T08:00:00Z,2023-03-18T08:00:00Z,2023,2023-03-13T00:00:00Z,-0.5650704900646615,-6.85664418167017,-6.668563706714779,-6.721168099946764,-6.659374510135966
ETH_USDT,2023-03-18T00:00:00Z,2023-03-18T08:00:00Z,2023-03-19T08:00:00Z,2023,2023-03-13T00:00:00Z,0.4630971547251701,-7.4867324918965314,-6.721790845630916,-6.729262988889102,-6.793114232277731
SOL_USDT,2023-03-18T00:00:00Z,2023-03-18T08:00:00Z,2023-03-19T08:00:00Z,2023,2023-03-13T00:00:00Z,0.03905558693248223,-6.595871850139345,-5.733474668842326,-5.850588572638021,-5.887592158927402
LINK_USDT,2023-03-18T00:00:00Z,2023-03-18T08:00:00Z,2023-03-19T08:00:00Z,2023,2023-03-13T00:00:00Z,0.12965160947063606,-6.506754792636618,-6.363965319275554,-6.389679935531273,-6.516147074232839
ETH_USDT,2023-03-19T00:00:00Z,2023-03-19T08:00:00Z,2023-03-20T08:00:00Z,2023,2023-03-13T00:00:00Z,0.25792553425918086,-8.515898654160885,-6.8720161640338935,-6.867164119433941,-6.872729999471087
SOL_USDT,2023-03-19T00:00:00Z,2023-03-19T08:00:00Z,2023-03-20T08:00:00Z,2023,2023-03-13T00:00:00Z,0.3425890148802263,-5.65973280445077,-5.913019767033331,-5.8622566681999455,-5.993227556945459
LINK_USDT,2023-03-19T00:00:00Z,2023-03-19T08:00:00Z,2023-03-20T08:00:00Z,2023,2023-03-13T00:00:00Z,-0.0394668229443463,-7.70925615207064,-6.4945380201224605,-6.512858692930154,-6.499277053990668
ETH_USDT,2023-03-20T00:00:00Z,2023-03-20T08:00:00Z,2023-03-21T08:00:00Z,2023,2023-03-20T00:00:00Z,-0.015974328906911948,-7.490994564952411,-7.157224218309793,-7.152795739153642,-7.140126485405522
SOL_USDT,2023-03-20T00:00:00Z,2023-03-20T08:00:00Z,2023-03-21T08:00:00Z,2023,2023-03-20T00:00:00Z,-0.2058354591721662,-6.137117916387311,-6.147703597286748,-6.1876802297721945,-6.103393524525892
LINK_USDT,2023-03-20T00:00:00Z,2023-03-20T08:00:00Z,2023-03-21T08:00:00Z,2023,2023-03-20T00:00:00Z,-0.46007695287312694,-5.859788009271623,-6.668255173582832,-6.7637633634654275,-6.673594879633056
ETH_USDT,2023-03-21T00:00:00Z,2023-03-21T08:00:00Z,2023-03-22T08:00:00Z,2023,2023-03-20T00:00:00Z,0.17555608518098167,-6.112066818384883,-7.146658788635298,-7.119387098546228,-7.188131630442031
SOL_USDT,2023-03-21T00:00:00Z,2023-03-21T08:00:00Z,2023-03-22T08:00:00Z,2023,2023-03-20T00:00:00Z,0.6423859772327316,-6.078388652011387,-5.982115744563691,-5.871395221893742,-6.076191449133341
LINK_USDT,2023-03-21T00:00:00Z,2023-03-21T08:00:00Z,2023-03-22T08:00:00Z,2023,2023-03-20T00:00:00Z,0.4915902103599278,-5.7166542118231805,-6.539025931567954,-6.451432350495524,-6.671783905993068
ETH_USDT,2023-03-22T00:00:00Z,2023-03-22T08:00:00Z,2023-03-23T08:00:00Z,2023,2023-03-20T00:00:00Z,0.24933072111593144,-6.321363643367781,-7.207030883576221,-7.192478977475758,-7.1667532869201755
SOL_USDT,2023-03-22T00:00:00Z,2023-03-22T08:00:00Z,2023-03-23T08:00:00Z,2023,2023-03-20T00:00:00Z,0.21373854698697,-5.668732385595372,-6.190641737462624,-6.142715843241648,-6.057955694546719
LINK_USDT,2023-03-22T00:00:00Z,2023-03-22T08:00:00Z,2023-03-23T08:00:00Z,2023,2023-03-20T00:00:00Z,0.19283379535207754,-5.561370359778836,-6.540603057565587,-6.54279332772668,-6.44153288216052
ETH_USDT,2023-03-23T00:00:00Z,2023-03-23T08:00:00Z,2023-03-24T08:00:00Z,2023,2023-03-20T00:00:00Z,0.39913784678104036,-6.0038314161681265,-7.191330917996337,-7.125038536928132,-7.115208217102383
SOL_USDT,2023-03-23T00:00:00Z,2023-03-23T08:00:00Z,2023-03-24T08:00:00Z,2023,2023-03-20T00:00:00Z,0.4895674160031631,-6.7474207593960225,-6.28991647251901,-6.1729416269981074,-6.212906793435666
LINK_USDT,2023-03-23T00:00:00Z,2023-03-23T08:00:00Z,2023-03-24T08:00:00Z,2023,2023-03-20T00:00:00Z,0.8158749064501254,-6.234380498682892,-6.554432590726267,-6.38455289840332,-6.497856233746247
ETH_USDT,2023-03-24T00:00:00Z,2023-03-24T08:00:00Z,2023-03-25T08:00:00Z,2023,2023-03-20T00:00:00Z,0.20574309684602404,-7.102050911156032,-7.015079026442711,-7.033059392471029,-6.935562828815446
SOL_USDT,2023-03-24T00:00:00Z,2023-03-24T08:00:00Z,2023-03-25T08:00:00Z,2023,2023-03-20T00:00:00Z,-0.02484655821706046,-6.214834651641004,-6.344536811605312,-6.324355516131713,-6.209841598138236
LINK_USDT,2023-03-24T00:00:00Z,2023-03-24T08:00:00Z,2023-03-25T08:00:00Z,2023,2023-03-20T00:00:00Z,0.11795227505330953,-7.156834376116719,-6.55487141121444,-6.546268967032595,-6.368340709684271
ETH_USDT,2023-03-25T00:00:00Z,2023-03-25T08:00:00Z,2023-03-26T08:00:00Z,2023,2023-03-20T00:00:00Z,-0.07334320782579391,-9.095312467634399,-7.193439075301293,-7.214172420626062,-7.1402228612004635
SOL_USDT,2023-03-25T00:00:00Z,2023-03-25T08:00:00Z,2023-03-26T08:00:00Z,2023,2023-03-20T00:00:00Z,-0.06038159337901201,-6.926432022310428,-6.435226017831179,-6.426798796575192,-6.402239526114588
LINK_USDT,2023-03-25T00:00:00Z,2023-03-25T08:00:00Z,2023-03-26T08:00:00Z,2023,2023-03-20T00:00:00Z,-0.0898387997034057,-8.837479877248269,-6.666724374699757,-6.679624520578777,-6.634554327991462
ETH_USDT,2023-03-26T00:00:00Z,2023-03-26T08:00:00Z,2023-03-27T08:00:00Z,2023,2023-03-20T00:00:00Z,-0.5452108542078631,-8.401718858108724,-7.443296972652587,-7.46120015083555,-7.443869892486552
SOL_USDT,2023-03-26T00:00:00Z,2023-03-26T08:00:00Z,2023-03-27T08:00:00Z,2023,2023-03-20T00:00:00Z,-0.8254941245039883,-7.415217154464933,-6.58332979888088,-6.717839216989266,-6.55559857907362
LINK_USDT,2023-03-26T00:00:00Z,2023-03-26T08:00:00Z,2023-03-27T08:00:00Z,2023,2023-03-20T00:00:00Z,-0.5443018848821138,-7.656750496162227,-6.916258352022045,-6.925695388946564,-6.922287269953808
ETH_USDT,2023-03-27T00:00:00Z,2023-03-27T08:00:00Z,2023-03-28T08:00:00Z,2023,2023-03-27T00:00:00Z,-0.5287915820528273,-7.4537151169703195,-7.423603896224426,-7.460469356553878,-7.527103643451269
SOL_USDT,2023-03-27T00:00:00Z,2023-03-27T08:00:00Z,2023-03-28T08:00:00Z,2023,2023-03-27T00:00:00Z,-1.0272271015692198,-6.786086249827017,-6.648185005560688,-6.8091120122728555,-6.781236500290096
LINK_USDT,2023-03-27T00:00:00Z,2023-03-27T08:00:00Z,2023-03-28T08:00:00Z,2023,2023-03-27T00:00:00Z,-0.9079041758311664,-6.676702357458175,-6.885507793418671,-7.050000047190912,-6.9989372203357645
ETH_USDT,2023-03-28T00:00:00Z,2023-03-28T08:00:00Z,2023-03-29T08:00:00Z,2023,2023-03-27T00:00:00Z,-0.09330238991938676,-7.244042593487309,-7.24064253601667,-7.259442506831299,-7.339073061657019
SOL_USDT,2023-03-28T00:00:00Z,2023-03-28T08:00:00Z,2023-03-29T08:00:00Z,2023,2023-03-27T00:00:00Z,-0.4026309396803873,-6.3677643994692,-6.625642582204048,-6.68201282981506,-6.7715457134933725
LINK_USDT,2023-03-28T00:00:00Z,2023-03-28T08:00:00Z,2023-03-29T08:00:00Z,2023,2023-03-27T00:00:00Z,-0.1008471138120024,-6.755831775678026,-6.7348297056889965,-6.773191282586807,-6.9178485320551415
ETH_USDT,2023-03-29T00:00:00Z,2023-03-29T08:00:00Z,2023-03-30T08:00:00Z,2023,2023-03-27T00:00:00Z,-0.15818366561170405,-8.997359635627474,-7.433831789195961,-7.413449924926709,-7.41704362217178
SOL_USDT,2023-03-29T00:00:00Z,2023-03-29T08:00:00Z,2023-03-30T08:00:00Z,2023,2023-03-27T00:00:00Z,-0.465359857116998,-9.858074485003835,-6.857886009460036,-6.83397126087924,-6.849730714271235
LINK_USDT,2023-03-29T00:00:00Z,2023-03-29T08:00:00Z,2023-03-30T08:00:00Z,2023,2023-03-27T00:00:00Z,-0.2299157357967582,-7.322991149040748,-7.126395262482927,-7.041603056643092,-7.091127170858827
ETH_USDT,2023-03-30T00:00:00Z,2023-03-30T08:00:00Z,2023-03-31T08:00:00Z,2023,2023-03-27T00:00:00Z,-0.132653815879824,-9.249643528639616,-7.528567738779488,-7.488789024398711,-7.486581282742076
SOL_USDT,2023-03-30T00:00:00Z,2023-03-30T08:00:00Z,2023-03-31T08:00:00Z,2023,2023-03-27T00:00:00Z,-0.39762097965190707,-7.23804748418768,-6.850133748161879,-6.858805756562115,-6.8233071366243045
LINK_USDT,2023-03-30T00:00:00Z,2023-03-30T08:00:00Z,2023-03-31T08:00:00Z,2023,2023-03-27T00:00:00Z,0.1701116664751395,-6.379796897795588,-7.040234391651547,-6.953748222829052,-7.00052373697738
ETH_USDT,2023-03-31T00:00:00Z,2023-03-31T08:00:00Z,2023-04-01T08:00:00Z,2023,2023-03-27T00:00:00Z,-0.07223914747701715,-7.807869119985316,-7.953898796285786,-7.799715609835188,-7.836018092118625
SOL_USDT,2023-03-31T00:00:00Z,2023-03-31T08:00:00Z,2023-04-01T08:00:00Z,2023,2023-03-27T00:00:00Z,-0.1729641993746466,-6.885191206169048,-6.991315751502437,-6.8855918133603415,-6.94042282987068
LINK_USDT,2023-03-31T00:00:00Z,2023-03-31T08:00:00Z,2023-04-01T08:00:00Z,2023,2023-03-27T00:00:00Z,0.06823325190135168,-9.220510366558468,-7.3464099467735675,-7.174316430737053,-7.185888212293102
ETH_USDT,2023-04-01T00:00:00Z,2023-04-01T08:00:00Z,2023-04-02T08:00:00Z,2023,2023-03-27T00:00:00Z,-0.11178807657101744,-12.737363145575678,-7.956668412814736,-7.854888150933239,-7.813430340979761
SOL_USDT,2023-04-01T00:00:00Z,2023-04-01T08:00:00Z,2023-04-02T08:00:00Z,2023,2023-03-27T00:00:00Z,-0.47660132602615746,-9.597824992536873,-6.998240922782138,-7.0033072422768425,-6.885705311252065
LINK_USDT,2023-04-01T00:00:00Z,2023-04-01T08:00:00Z,2023-04-02T08:00:00Z,2023,2023-03-27T00:00:00Z,0.25875009887689404,-8.653832663887053,-7.145726793001412,-7.018149735510002,-7.025406998262808
ETH_USDT,2023-04-02T00:00:00Z,2023-04-02T08:00:00Z,2023-04-03T08:00:00Z,2023,2023-03-27T00:00:00Z,-0.8112465532191396,-8.708149232453668,-8.439043830291064,-8.27489280365835,-8.307373438731815
SOL_USDT,2023-04-02T00:00:00Z,2023-04-02T08:00:00Z,2023-04-03T08:00:00Z,2023,2023-03-27T00:00:00Z,-1.030899194638447,-6.90770632866204,-7.3461799842898134,-7.335304886767352,-7.301956116727958
LINK_USDT,2023-04-02T00:00:00Z,2023-04-02T08:00:00Z,2023-04-03T08:00:00Z,2023,2023-03-27T00:00:00Z,-0.5884333545738132,-7.283143185985719,-7.405233829765178,-7.37237166108307,-7.263513390725109
ETH_USDT,2023-04-03T00:00:00Z,2023-04-03T08:00:00Z,2023-04-04T08:00:00Z,2023,2023-04-03T00:00:00Z,-0.6390127528952834,-9.762965198692529,-8.106751248903763,-8.10400316132204,-8.134993530431533
SOL_USDT,2023-04-03T00:00:00Z,2023-04-03T08:00:00Z,2023-04-04T08:00:00Z,2023,2023-04-03T00:00:00Z,-1.0344698328651016,-9.856934400330152,-7.077091504327184,-7.206113404908313,-7.153902062740319
LINK_USDT,2023-04-03T00:00:00Z,2023-04-03T08:00:00Z,2023-04-04T08:00:00Z,2023,2023-04-03T00:00:00Z,-0.6263425813603499,-10.192029338669359,-7.218626275737646,-7.298112201215249,-7.2615988553315205
ETH_USDT,2023-04-04T00:00:00Z,2023-04-04T08:00:00Z,2023-04-05T08:00:00Z,2023,2023-04-03T00:00:00Z,0.005911950991451707,-6.71127736387182,-8.377045319453602,-8.135778724006018,-8.331466929538658
SOL_USDT,2023-04-04T00:00:00Z,2023-04-04T08:00:00Z,2023-04-05T08:00:00Z,2023,2023-04-03T00:00:00Z,-0.28164025036969775,-7.729939262591023,-7.347533545254556,-7.194913504917439,-7.389308348355176
LINK_USDT,2023-04-04T00:00:00Z,2023-04-04T08:00:00Z,2023-04-05T08:00:00Z,2023,2023-04-03T00:00:00Z,0.02783783549230269,-7.154946642308798,-7.633897993445935,-7.384741348700194,-7.64065106097522
ETH_USDT,2023-04-05T00:00:00Z,2023-04-05T08:00:00Z,2023-04-06T08:00:00Z,2023,2023-04-03T00:00:00Z,0.0030579517837436274,-8.036966441557977,-8.067055426039886,-7.9524595528133615,-7.923376541443679
SOL_USDT,2023-04-05T00:00:00Z,2023-04-05T08:00:00Z,2023-04-06T08:00:00Z,2023,2023-04-03T00:00:00Z,-0.7275573501316674,-7.38076059788437,-7.363317782065761,-7.333303669037264,-7.255281897107192
LINK_USDT,2023-04-05T00:00:00Z,2023-04-05T08:00:00Z,2023-04-06T08:00:00Z,2023,2023-04-03T00:00:00Z,-0.1554500446560615,-6.665905264595866,-7.490537574555532,-7.366894095123304,-7.377824628315334
ETH_USDT,2023-04-06T00:00:00Z,2023-04-06T08:00:00Z,2023-04-07T08:00:00Z,2023,2023-04-03T00:00:00Z,-0.11006989923093624,-8.857124566909892,-8.035145239091513,-7.946692383057436,-7.886811435246276
SOL_USDT,2023-04-06T00:00:00Z,2023-04-06T08:00:00Z,2023-04-07T08:00:00Z,2023,2023-04-03T00:00:00Z,-0.6875395721840878,-7.974252926674347,-7.378541724392131,-7.370975260423478,-7.335226583107875
LINK_USDT,2023-04-06T00:00:00Z,2023-04-06T08:00:00Z,2023-04-07T08:00:00Z,2023,2023-04-03T00:00:00Z,0.0038444295018933133,-8.499486185336218,-7.277467954575172,-7.218539252747207,-7.200340206502938
ETH_USDT,2023-04-07T00:00:00Z,2023-04-07T08:00:00Z,2023-04-08T08:00:00Z,2023,2023-04-03T00:00:00Z,-0.45182149620577206,-9.885456827293535,-8.087065035982757,-8.049988841549894,-7.970390378611815
SOL_USDT,2023-04-07T00:00:00Z,2023-04-07T08:00:00Z,2023-04-08T08:00:00Z,2023,2023-04-03T00:00:00Z,-1.133668272365359,-8.3065291235004,-7.484443884350401,-7.553792499440719,-7.430385056910193
LINK_USDT,2023-04-07T00:00:00Z,2023-04-07T08:00:00Z,2023-04-08T08:00:00Z,2023,2023-04-03T00:00:00Z,-0.5683309678374187,-8.354709829703339,-7.470273451625162,-7.4586992016284475,-7.358943680106339
ETH_USDT,2023-04-08T00:00:00Z,2023-04-08T08:00:00Z,2023-04-09T08:00:00Z,2023,2023-04-03T00:00:00Z,-0.7887179034156413,-8.769915837902424,-8.199681852303202,-8.22131816740262,-8.144214193856605
SOL_USDT,2023-04-08T00:00:00Z,2023-04-08T08:00:00Z,2023-04-09T08:00:00Z,2023,2023-04-03T00:00:00Z,-1.4337343756902166,-7.671706675683881,-7.598939792295272,-7.752679379906161,-7.622217816506549
LINK_USDT,2023-04-08T00:00:00Z,2023-04-08T08:00:00Z,2023-04-09T08:00:00Z,2023,2023-04-03T00:00:00Z,-1.0150228559584382,-8.670434924154456,-7.6178117460501635,-7.718294264062031,-7.597844247825052
ETH_USDT,2023-04-09T00:00:00Z,2023-04-09T08:00:00Z,2023-04-10T08:00:00Z,2023,2023-04-03T00:00:00Z,-1.1274349494084537,-8.865934889290886,-8.229542487911015,-8.3457846293855,-8.257205846890203
SOL_USDT,2023-04-09T00:00:00Z,2023-04-09T08:00:00Z,2023-04-10T08:00:00Z,2023,2023-04-03T00:00:00Z,-1.1314431988031786,-9.140258194868805,-7.526958335831669,-7.619211479071194,-7.626382626360337
LINK_USDT,2023-04-09T00:00:00Z,2023-04-09T08:00:00Z,2023-04-10T08:00:00Z,2023,2023-04-03T00:00:00Z,-1.264200660295213,-8.496317439905688,-7.696095951123108,-7.845053650599018,-7.77060375534059
ETH_USDT,2023-04-10T00:00:00Z,2023-04-10T08:00:00Z,2023-04-11T08:00:00Z,2023,2023-04-10T00:00:00Z,-0.7410735116644716,-7.251345892698178,-8.173268806376598,-8.220281845736947,-8.26480205287434
SOL_USDT,2023-04-10T00:00:00Z,2023-04-10T08:00:00Z,2023-04-11T08:00:00Z,2023,2023-04-10T00:00:00Z,-1.514633939258196,-5.0546540873765835,-7.807880395185755,-7.920701013420014,-7.8144751554610465
LINK_USDT,2023-04-10T00:00:00Z,2023-04-10T08:00:00Z,2023-04-11T08:00:00Z,2023,2023-04-10T00:00:00Z,-1.3600705565765998,-7.733946949233409,-7.76426899891675,-7.941406213619285,-7.866265886521745
ETH_USDT,2023-04-11T00:00:00Z,2023-04-11T08:00:00Z,2023-04-12T08:00:00Z,2023,2023-04-10T00:00:00Z,-0.27220918723414356,-8.172258038958626,-7.91280390469724,-7.927174479778483,-7.953050782649131
SOL_USDT,2023-04-11T00:00:00Z,2023-04-11T08:00:00Z,2023-04-12T08:00:00Z,2023,2023-04-10T00:00:00Z,-1.03913544610728,-5.993871949562906,-7.444442166066732,-7.589019762261421,-7.566906324289466
LINK_USDT,2023-04-11T00:00:00Z,2023-04-11T08:00:00Z,2023-04-12T08:00:00Z,2023,2023-04-10T00:00:00Z,-0.6069858932303522,-7.826109628284783,-7.649984626480885,-7.682267356256534,-7.783523057024617
ETH_USDT,2023-04-12T00:00:00Z,2023-04-12T08:00:00Z,2023-04-13T08:00:00Z,2023,2023-04-10T00:00:00Z,-0.30290603597281224,-7.593315995338495,-8.204235420826821,-8.1707331849693,-8.152955826675232
SOL_USDT,2023-04-12T00:00:00Z,2023-04-12T08:00:00Z,2023-04-13T08:00:00Z,2023,2023-04-10T00:00:00Z,0.6766610992543471,-8.278512198592754,-6.729591297302764,-6.579517231176753,-6.8951974053864085
LINK_USDT,2023-04-12T00:00:00Z,2023-04-12T08:00:00Z,2023-04-13T08:00:00Z,2023,2023-04-10T00:00:00Z,-0.4520833266280907,-8.175450057602472,-7.710510626899399,-7.6891338353063805,-7.712664746250926
ETH_USDT,2023-04-13T00:00:00Z,2023-04-13T08:00:00Z,2023-04-14T08:00:00Z,2023,2023-04-10T00:00:00Z,0.15953944264086073,-5.62568562858692,-8.11710669894349,-8.00589957556798,-8.091178867645768
SOL_USDT,2023-04-13T00:00:00Z,2023-04-13T08:00:00Z,2023-04-14T08:00:00Z,2023,2023-04-10T00:00:00Z,0.9320360391778094,-7.077618290849371,-6.886152305819679,-6.572578930097341,-6.715144204319424
LINK_USDT,2023-04-13T00:00:00Z,2023-04-13T08:00:00Z,2023-04-14T08:00:00Z,2023,2023-04-10T00:00:00Z,-0.2077947208978661,-6.176424281488278,-7.925048222083503,-7.823628789550532,-7.8583715702580115
ETH_USDT,2023-04-14T00:00:00Z,2023-04-14T08:00:00Z,2023-04-15T08:00:00Z,2023,2023-04-10T00:00:00Z,0.2947707391566564,-6.987781230531836,-7.819233279251872,-7.782172441715039,-7.761212234623859
SOL_USDT,2023-04-14T00:00:00Z,2023-04-14T08:00:00Z,2023-04-15T08:00:00Z,2023,2023-04-10T00:00:00Z,0.44806073012992464,-5.682971343189389,-6.928181985354225,-6.765976181590539,-6.718171780656236
LINK_USDT,2023-04-14T00:00:00Z,2023-04-14T08:00:00Z,2023-04-15T08:00:00Z,2023,2023-04-10T00:00:00Z,-0.14687138569956668,-6.548682799718137,-7.878759926116754,-7.795633109489134,-7.782170080856566
ETH_USDT,2023-04-15T00:00:00Z,2023-04-15T08:00:00Z,2023-04-16T08:00:00Z,2023,2023-04-10T00:00:00Z,0.6227844724994985,-10.602125946860703,-7.413958424066181,-7.364405363633416,-7.382459708089403
SOL_USDT,2023-04-15T00:00:00Z,2023-04-15T08:00:00Z,2023-04-16T08:00:00Z,2023,2023-04-10T00:00:00Z,0.5095482715215458,-8.408253210261476,-6.66708786499419,-6.610741938209677,-6.596004435913101
LINK_USDT,2023-04-15T00:00:00Z,2023-04-15T08:00:00Z,2023-04-16T08:00:00Z,2023,2023-04-10T00:00:00Z,0.5843680656400282,-6.683300582358547,-7.307173563695071,-7.188325927224109,-7.288302089786482
ETH_USDT,2023-04-16T00:00:00Z,2023-04-16T08:00:00Z,2023-04-17T08:00:00Z,2023,2023-04-10T00:00:00Z,-0.38271405629754923,-8.022861971545279,-7.9014998364726265,-7.843110789417745,-7.793853746805296
SOL_USDT,2023-04-16T00:00:00Z,2023-04-16T08:00:00Z,2023-04-17T08:00:00Z,2023,2023-04-10T00:00:00Z,-0.30747229192610964,-6.335459730573202,-6.910536954691647,-6.9338483154242425,-6.830103497576494
LINK_USDT,2023-04-16T00:00:00Z,2023-04-16T08:00:00Z,2023-04-17T08:00:00Z,2023,2023-04-10T00:00:00Z,0.11800822771069439,-7.16566665812202,-7.314922955565857,-7.263284388951149,-7.1735397605735
ETH_USDT,2023-04-17T00:00:00Z,2023-04-17T08:00:00Z,2023-04-18T08:00:00Z,2023,2023-04-17T00:00:00Z,-0.3539733234800587,-8.333830605876793,-7.756938492803033,-7.809494440905312,-7.8827954757762955
SOL_USDT,2023-04-17T00:00:00Z,2023-04-17T08:00:00Z,2023-04-18T08:00:00Z,2023,2023-04-17T00:00:00Z,-0.0851496449889669,-6.885003818756958,-6.7597588264309385,-6.816102542516275,-6.882731738757365
LINK_USDT,2023-04-17T00:00:00Z,2023-04-17T08:00:00Z,2023-04-18T08:00:00Z,2023,2023-04-17T00:00:00Z,0.035437347325681434,-6.7081062764573725,-7.324264060881095,-7.283981518762467,-7.301137195818036
ETH_USDT,2023-04-18T00:00:00Z,2023-04-18T08:00:00Z,2023-04-19T08:00:00Z,2023,2023-04-17T00:00:00Z,-0.06198717437649726,-8.41923500076104,-7.690582654268798,-7.7232607987082815,-7.786633336851403
SOL_USDT,2023-04-18T00:00:00Z,2023-04-18T08:00:00Z,2023-04-19T08:00:00Z,2023,2023-04-17T00:00:00Z,0.4187714921155874,-7.780193716039849,-6.795130011209357,-6.7048035250511155,-6.846429900297151
LINK_USDT,2023-04-18T00:00:00Z,2023-04-18T08:00:00Z,2023-04-19T08:00:00Z,2023,2023-04-17T00:00:00Z,0.6005023840754407,-6.241908059178661,-7.384281463821299,-7.163953150350975,-7.350250043772799
ETH_USDT,2023-04-19T00:00:00Z,2023-04-19T08:00:00Z,2023-04-20T08:00:00Z,2023,2023-04-17T00:00:00Z,-0.08237908572181118,-5.916536656927038,-7.7355008021618845,-7.751315270107482,-7.769407429903304
SOL_USDT,2023-04-19T00:00:00Z,2023-04-19T08:00:00Z,2023-04-20T08:00:00Z,2023,2023-04-17T00:00:00Z,-0.06523235154468587,-5.897772904301004,-7.122536959140778,-7.110002182630585,-7.0150010096054825
LINK_USDT,2023-04-19T00:00:00Z,2023-04-19T08:00:00Z,2023-04-20T08:00:00Z,2023,2023-04-17T00:00:00Z,0.7985830566776612,-5.7218196323890576,-7.021354262030998,-6.878154701454347,-6.908770056563663
ETH_USDT,2023-04-20T00:00:00Z,2023-04-20T08:00:00Z,2023-04-21T08:00:00Z,2023,2023-04-17T00:00:00Z,0.4861734251573858,-9.705845042646484,-7.305418133390724,-7.315636484594465,-7.369791413013646
SOL_USDT,2023-04-20T00:00:00Z,2023-04-20T08:00:00Z,2023-04-21T08:00:00Z,2023,2023-04-17T00:00:00Z,0.5428196389149199,-7.6809078310712495,-6.8659927319795395,-6.8060621609475405,-6.885047945627694
LINK_USDT,2023-04-20T00:00:00Z,2023-04-20T08:00:00Z,2023-04-21T08:00:00Z,2023,2023-04-17T00:00:00Z,0.8071310005042084,-7.053474074488741,-6.803983270064688,-6.701785565386752,-6.676290178441077
ETH_USDT,2023-04-21T00:00:00Z,2023-04-21T08:00:00Z,2023-04-22T08:00:00Z,2023,2023-04-17T00:00:00Z,0.24724493607719825,-6.879663141885077,-7.746385029693418,-7.637093383179512,-7.679503509237228
SOL_USDT,2023-04-21T00:00:00Z,2023-04-21T08:00:00Z,2023-04-22T08:00:00Z,2023,2023-04-17T00:00:00Z,0.3204696034241799,-6.791066228717047,-7.046555104221229,-6.953489189819389,-6.946535273257933
LINK_USDT,2023-04-21T00:00:00Z,2023-04-21T08:00:00Z,2023-04-22T08:00:00Z,2023,2023-04-17T00:00:00Z,0.4362559536726529,-6.303261493193929,-6.934615453941253,-6.867861201601794,-6.818003365829283
ETH_USDT,2023-04-22T00:00:00Z,2023-04-22T08:00:00Z,2023-04-23T08:00:00Z,2023,2023-04-17T00:00:00Z,0.32666780491863234,-9.319806485670282,-7.721292669618234,-7.706231310486373,-7.676626738062483
SOL_USDT,2023-04-22T00:00:00Z,2023-04-22T08:00:00Z,2023-04-23T08:00:00Z,2023,2023-04-17T00:00:00Z,0.05930119389904663,-7.372975267507119,-7.1312448574262515,-7.144081845768553,-7.053445941823989
LINK_USDT,2023-04-22T00:00:00Z,2023-04-22T08:00:00Z,2023-04-23T08:00:00Z,2023,2023-04-17T00:00:00Z,0.3485064194428917,-8.621341599152164,-6.942161717170321,-6.9427636992228905,-6.894692384086414
ETH_USDT,2023-04-23T00:00:00Z,2023-04-23T08:00:00Z,2023-04-24T08:00:00Z,2023,2023-04-17T00:00:00Z,-0.3978362963409487,-8.845934522947774,-7.93859100521685,-8.01066157981828,-7.893138935427141
SOL_USDT,2023-04-23T00:00:00Z,2023-04-23T08:00:00Z,2023-04-24T08:00:00Z,2023,2023-04-17T00:00:00Z,-0.7455209553204666,-7.616581377322124,-7.204174558806411,-7.379757246426176,-7.18657380669884
LINK_USDT,2023-04-23T00:00:00Z,2023-04-23T08:00:00Z,2023-04-24T08:00:00Z,2023,2023-04-17T00:00:00Z,-0.4802935726408407,-7.459494643179133,-7.2020848340031405,-7.297119598209135,-7.16730171353196
ETH_USDT,2023-04-24T00:00:00Z,2023-04-24T08:00:00Z,2023-04-25T08:00:00Z,2023,2023-04-24T00:00:00Z,-0.3451818547798551,-8.24693583916774,-7.995975437958463,-8.04030928830731,-8.09084233997055
SOL_USDT,2023-04-24T00:00:00Z,2023-04-24T08:00:00Z,2023-04-25T08:00:00Z,2023,2023-04-24T00:00:00Z,-0.31685514199508674,-7.46330994340787,-7.293426031683577,-7.357632260114348,-7.418273904818833
LINK_USDT,2023-04-24T00:00:00Z,2023-04-24T08:00:00Z,2023-04-25T08:00:00Z,2023,2023-04-24T00:00:00Z,-0.17048340217740643,-8.882159328378439,-7.133514987488236,-7.2052844096855,-7.2599377960397735
ETH_USDT,2023-04-25T00:00:00Z,2023-04-25T08:00:00Z,2023-04-26T08:00:00Z,2023,2023-04-24T00:00:00Z,-0.09995989646040399,-7.161029208599302,-7.961322475965225,-7.973215049537373,-8.043637555469905
SOL_USDT,2023-04-25T00:00:00Z,2023-04-25T08:00:00Z,2023-04-26T08:00:00Z,2023,2023-04-24T00:00:00Z,-0.2087167474247517,-6.009496200658551,-7.478884474553264,-7.431049416960064,-7.51099281025819
LINK_USDT,2023-04-25T00:00:00Z,2023-04-25T08:00:00Z,2023-04-26T08:00:00Z,2023,2023-04-24T00:00:00Z,-0.19820237267844176,-6.5927689786739485,-7.387718517874348,-7.320877967282739,-7.442851347731282
ETH_USDT,2023-04-26T00:00:00Z,2023-04-26T08:00:00Z,2023-04-27T08:00:00Z,2023,2023-04-24T00:00:00Z,-0.0918050837486214,-5.391951204926455,-7.702835178940902,-7.817328005899967,-7.749015480537061
SOL_USDT,2023-04-26T00:00:00Z,2023-04-26T08:00:00Z,2023-04-27T08:00:00Z,2023,2023-04-24T00:00:00Z,-0.17306405899004773,-5.206406586870448,-7.016937176505369,-7.1402563515832425,-7.054977967072407
LINK_USDT,2023-04-26T00:00:00Z,2023-04-26T08:00:00Z,2023-04-27T08:00:00Z,2023,2023-04-24T00:00:00Z,-0.30683011508015356,-5.433193170361216,-7.117049747096444,-7.262576126093172,-7.16866647772251
ETH_USDT,2023-04-27T00:00:00Z,2023-04-27T08:00:00Z,2023-04-28T08:00:00Z,2023,2023-04-24T00:00:00Z,0.5883164033120561,-9.088792469019275,-7.386875242171176,-7.396689743614792,-7.434393763684562
SOL_USDT,2023-04-27T00:00:00Z,2023-04-27T08:00:00Z,2023-04-28T08:00:00Z,2023,2023-04-24T00:00:00Z,0.5276272714514413,-7.064570381181546,-6.825761694930229,-6.80648186526379,-6.862182594623926
LINK_USDT,2023-04-27T00:00:00Z,2023-04-27T08:00:00Z,2023-04-28T08:00:00Z,2023,2023-04-24T00:00:00Z,0.37251870901846784,-8.858180042355622,-6.961771011079809,-6.984347433587132,-7.026781788938749
ETH_USDT,2023-04-28T00:00:00Z,2023-04-28T08:00:00Z,2023-04-29T08:00:00Z,2023,2023-04-24T00:00:00Z,0.3653938693466042,-8.023782724116447,-7.61060734100262,-7.530769217313078,-7.538197028057442
SOL_USDT,2023-04-28T00:00:00Z,2023-04-28T08:00:00Z,2023-04-29T08:00:00Z,2023,2023-04-24T00:00:00Z,0.1687470604441858,-6.271365592061934,-6.916222412597939,-6.904449240539623,-6.8346827728923385
LINK_USDT,2023-04-28T00:00:00Z,2023-04-28T08:00:00Z,2023-04-29T08:00:00Z,2023,2023-04-24T00:00:00Z,0.04254500111031952,-7.510881609060646,-7.229394615156625,-7.181304076523624,-7.164961632491132
ETH_USDT,2023-04-29T00:00:00Z,2023-04-29T08:00:00Z,2023-04-30T08:00:00Z,2023,2023-04-24T00:00:00Z,-0.25578005651384494,-11.448699688356182,-7.654283333061288,-7.732012389937021,-7.616300626401787
SOL_USDT,2023-04-29T00:00:00Z,2023-04-29T08:00:00Z,2023-04-30T08:00:00Z,2023,2023-04-24T00:00:00Z,0.1349038589887648,-8.724313027887494,-6.847385021312298,-6.866125234144625,-6.839343603112814
LINK_USDT,2023-04-29T00:00:00Z,2023-04-29T08:00:00Z,2023-04-30T08:00:00Z,2023,2023-04-24T00:00:00Z,-0.36264034072485113,-8.60785997054606,-7.280956046799304,-7.35701502454077,-7.270296949393044
ETH_USDT,2023-04-30T00:00:00Z,2023-04-30T08:00:00Z,2023-05-01T08:00:00Z,2023,2023-04-24T00:00:00Z,-0.985946643331281,-7.02130340861018,-7.8284734208715205,-7.977458633968867,-7.905967792446892
SOL_USDT,2023-04-30T00:00:00Z,2023-04-30T08:00:00Z,2023-05-01T08:00:00Z,2023,2023-04-24T00:00:00Z,-0.16185571359077222,-6.180859432658086,-7.123326017092816,-7.05540567050214,-7.120954739008155
LINK_USDT,2023-04-30T00:00:00Z,2023-04-30T08:00:00Z,2023-05-01T08:00:00Z,2023,2023-04-24T00:00:00Z,-0.7193422668639633,-6.866166640268162,-7.352690113637546,-7.466088220634177,-7.424231706732915
ETH_USDT,2023-05-01T00:00:00Z,2023-05-01T08:00:00Z,2023-05-02T08:00:00Z,2023,2023-05-01T00:00:00Z,-0.30449423032832085,-9.365917263389596,-7.5426715099627755,-7.682348256676329,-7.745900103328822
SOL_USDT,2023-05-01T00:00:00Z,2023-05-01T08:00:00Z,2023-05-02T08:00:00Z,2023,2023-05-01T00:00:00Z,-0.19143495360102353,-7.757328706039645,-6.820192504576636,-6.925750230281682,-6.871393657584161
LINK_USDT,2023-05-01T00:00:00Z,2023-05-01T08:00:00Z,2023-05-02T08:00:00Z,2023,2023-05-01T00:00:00Z,-0.5378041479974522,-8.738918415337912,-7.204647859053655,-7.369075629857594,-7.332141003352674
ETH_USDT,2023-05-02T00:00:00Z,2023-05-02T08:00:00Z,2023-05-03T08:00:00Z,2023,2023-05-01T00:00:00Z,-0.12380599192337455,-8.516490129786353,-7.615439421935646,-7.656491649735415,-7.695530902329302
SOL_USDT,2023-05-02T00:00:00Z,2023-05-02T08:00:00Z,2023-05-03T08:00:00Z,2023,2023-05-01T00:00:00Z,-0.07133893445895377,-7.28591818163067,-6.838406907725614,-6.881241112859189,-6.892491169196686
LINK_USDT,2023-05-02T00:00:00Z,2023-05-02T08:00:00Z,2023-05-03T08:00:00Z,2023,2023-05-01T00:00:00Z,-0.40415168144163804,-8.894541240939017,-7.305119806175445,-7.364997650100959,-7.395844031112473
ETH_USDT,2023-05-03T00:00:00Z,2023-05-03T08:00:00Z,2023-05-04T08:00:00Z,2023,2023-05-01T00:00:00Z,-0.29655599038413044,-7.114425483576382,-7.695067569203874,-7.766619928914517,-7.73728898675032
SOL_USDT,2023-05-03T00:00:00Z,2023-05-03T08:00:00Z,2023-05-04T08:00:00Z,2023,2023-05-01T00:00:00Z,-0.4607103141382337,-6.130006818984035,-7.07999076697515,-7.139314020609154,-7.0938860891406925
LINK_USDT,2023-05-03T00:00:00Z,2023-05-03T08:00:00Z,2023-05-04T08:00:00Z,2023,2023-05-01T00:00:00Z,-0.8609426897646104,-6.365541559570647,-7.435754708344438,-7.593790292125424,-7.493283691654842
ETH_USDT,2023-05-04T00:00:00Z,2023-05-04T08:00:00Z,2023-05-05T08:00:00Z,2023,2023-05-01T00:00:00Z,-0.05490748631038929,-8.755624739774156,-8.089544448524588,-8.100943006782934,-8.08147876759732
SOL_USDT,2023-05-04T00:00:00Z,2023-05-04T08:00:00Z,2023-05-05T08:00:00Z,2023,2023-05-01T00:00:00Z,0.008382750423010349,-8.568848049026846,-7.0238232213938945,-7.0647391406547815,-7.085021695842952
LINK_USDT,2023-05-04T00:00:00Z,2023-05-04T08:00:00Z,2023-05-05T08:00:00Z,2023,2023-05-01T00:00:00Z,-0.3841547353705589,-9.289742343386443,-7.555725847849596,-7.660456123794008,-7.648408413054527
ETH_USDT,2023-05-05T00:00:00Z,2023-05-05T08:00:00Z,2023-05-06T08:00:00Z,2023,2023-05-01T00:00:00Z,-0.3017798962873767,-6.419779730164093,-8.285239354504196,-8.238934005814713,-8.237326115460718
SOL_USDT,2023-05-05T00:00:00Z,2023-05-05T08:00:00Z,2023-05-06T08:00:00Z,2023,2023-05-01T00:00:00Z,-0.4839379367481892,-6.765101044908779,-7.251868974984428,-7.280176227794268,-7.222931792034684
LINK_USDT,2023-05-05T00:00:00Z,2023-05-05T08:00:00Z,2023-05-06T08:00:00Z,2023,2023-05-01T00:00:00Z,-0.9840200818590592,-7.433789102254696,-7.743166811540542,-7.8643326367601,-7.751228234346026
ETH_USDT,2023-05-06T00:00:00Z,2023-05-06T08:00:00Z,2023-05-07T08:00:00Z,2023,2023-05-01T00:00:00Z,0.15762565080042806,-6.247653220214281,-7.876468724383396,-7.868825724384601,-7.904836891489621
SOL_USDT,2023-05-06T00:00:00Z,2023-05-06T08:00:00Z,2023-05-07T08:00:00Z,2023,2023-05-01T00:00:00Z,-0.1173030420351562,-6.497807677695279,-7.213345783499106,-7.2192404043033545,-7.259091540397723
LINK_USDT,2023-05-06T00:00:00Z,2023-05-06T08:00:00Z,2023-05-07T08:00:00Z,2023,2023-05-01T00:00:00Z,-0.44861846355416873,-7.117630686194579,-7.70904648852175,-7.754662165467249,-7.822497238184226
ETH_USDT,2023-05-07T00:00:00Z,2023-05-07T08:00:00Z,2023-05-08T08:00:00Z,2023,2023-05-01T00:00:00Z,0.23651016525972024,-7.2044183812188125,-7.5544931182633315,-7.577206959292223,-7.530566026981921
SOL_USDT,2023-05-07T00:00:00Z,2023-05-07T08:00:00Z,2023-05-08T08:00:00Z,2023,2023-05-01T00:00:00Z,-0.3749575783987522,-6.194416157662737,-7.070352820644737,-7.173443208986448,-7.060224515928572
LINK_USDT,2023-05-07T00:00:00Z,2023-05-07T08:00:00Z,2023-05-08T08:00:00Z,2023,2023-05-01T00:00:00Z,-0.5659016643643965,-6.342750547773657,-7.512785073869489,-7.651694680531776,-7.543169581273178
ETH_USDT,2023-05-08T00:00:00Z,2023-05-08T08:00:00Z,2023-05-09T08:00:00Z,2023,2023-05-08T00:00:00Z,-0.16840287187071537,-8.900359824800152,-7.636002722194032,-7.699091166102953,-7.59271773845418
SOL_USDT,2023-05-08T00:00:00Z,2023-05-08T08:00:00Z,2023-05-09T08:00:00Z,2023,2023-05-08T00:00:00Z,-0.3605168181772606,-7.286482228535939,-7.065707027411383,-7.160518758783446,-7.102388501570044
LINK_USDT,2023-05-08T00:00:00Z,2023-05-08T08:00:00Z,2023-05-09T08:00:00Z,2023,2023-05-08T00:00:00Z,-1.0150791869008076,-7.36557488515786,-7.900770361310762,-7.969744066294173,-7.923812922687125
ETH_USDT,2023-05-09T00:00:00Z,2023-05-09T08:00:00Z,2023-05-10T08:00:00Z,2023,2023-05-08T00:00:00Z,0.19190744898717896,-9.737774381370707,-7.696187927495398,-7.6242679625581395,-7.724562337189891
SOL_USDT,2023-05-09T00:00:00Z,2023-05-09T08:00:00Z,2023-05-10T08:00:00Z,2023,2023-05-08T00:00:00Z,0.13610278350417435,-9.175005697825721,-7.065837821293175,-7.016961476972906,-7.101583702785906
LINK_USDT,2023-05-09T00:00:00Z,2023-05-09T08:00:00Z,2023-05-10T08:00:00Z,2023,2023-05-08T00:00:00Z,0.06918359319948589,-7.8217262299431765,-7.3018511633793555,-7.317449443169323,-7.460425118155804
ETH_USDT,2023-05-10T00:00:00Z,2023-05-10T08:00:00Z,2023-05-11T08:00:00Z,2023,2023-05-08T00:00:00Z,-0.5331785216143597,-7.2898223766401316,-7.837081868293278,-7.863732006525252,-7.794271747701878
SOL_USDT,2023-05-10T00:00:00Z,2023-05-10T08:00:00Z,2023-05-11T08:00:00Z,2023,2023-05-08T00:00:00Z,-0.6827119402456308,-6.9320928482936255,-7.246748722722273,-7.285583295038403,-7.184820645812459
LINK_USDT,2023-05-10T00:00:00Z,2023-05-10T08:00:00Z,2023-05-11T08:00:00Z,2023,2023-05-08T00:00:00Z,-0.8328266455736306,-7.665797904564654,-7.396327148303033,-7.559486180679865,-7.354919463542371
ETH_USDT,2023-05-11T00:00:00Z,2023-05-11T08:00:00Z,2023-05-12T08:00:00Z,2023,2023-05-08T00:00:00Z,0.19850208115012505,-7.448439490779296,-7.669099213040222,-7.642976862399955,-7.759124942834095
SOL_USDT,2023-05-11T00:00:00Z,2023-05-11T08:00:00Z,2023-05-12T08:00:00Z,2023,2023-05-08T00:00:00Z,0.052862499435822635,-7.726969599608732,-7.243137766212763,-7.190965521210996,-7.308942735026463
LINK_USDT,2023-05-11T00:00:00Z,2023-05-11T08:00:00Z,2023-05-12T08:00:00Z,2023,2023-05-08T00:00:00Z,-0.1713207668278742,-7.819240808498973,-7.556974360421508,-7.537599726045543,-7.650294760633343
ETH_USDT,2023-05-12T00:00:00Z,2023-05-12T08:00:00Z,2023-05-13T08:00:00Z,2023,2023-05-08T00:00:00Z,-0.03198005515773817,-7.472714331752833,-7.7208303417421,-7.69971685319536,-7.681878226231437
SOL_USDT,2023-05-12T00:00:00Z,2023-05-12T08:00:00Z,2023-05-13T08:00:00Z,2023,2023-05-08T00:00:00Z,-0.23953268300362027,-6.723671979397688,-7.250933509266054,-7.277717668717973,-7.20770103375286
LINK_USDT,2023-05-12T00:00:00Z,2023-05-12T08:00:00Z,2023-05-13T08:00:00Z,2023,2023-05-08T00:00:00Z,-0.2766964761046949,-6.737726023757584,-7.466148542535587,-7.492287470248113,-7.453589555704745
ETH_USDT,2023-05-13T00:00:00Z,2023-05-13T08:00:00Z,2023-05-14T08:00:00Z,2023,2023-05-08T00:00:00Z,0.03586558576943914,-9.96332332114964,-7.6752061135775875,-7.69854383316356,-7.666074353860721
SOL_USDT,2023-05-13T00:00:00Z,2023-05-13T08:00:00Z,2023-05-14T08:00:00Z,2023,2023-05-08T00:00:00Z,-0.35631414392533445,-7.745810969710262,-7.232924258295688,-7.315970578205649,-7.2361468814874765
LINK_USDT,2023-05-13T00:00:00Z,2023-05-13T08:00:00Z,2023-05-14T08:00:00Z,2023,2023-05-08T00:00:00Z,-0.4395488332330876,-8.575211435529782,-7.328230633226087,-7.443922893889921,-7.341453735076641
ETH_USDT,2023-05-14T00:00:00Z,2023-05-14T08:00:00Z,2023-05-15T08:00:00Z,2023,2023-05-08T00:00:00Z,-0.8943381541475746,-7.720659670788571,-8.267602472499224,-8.297395238186585,-8.211955612419064
SOL_USDT,2023-05-14T00:00:00Z,2023-05-14T08:00:00Z,2023-05-15T08:00:00Z,2023,2023-05-08T00:00:00Z,-0.8018416588274097,-7.390733504886455,-7.380205570093706,-7.49817748567154,-7.410729571008062
LINK_USDT,2023-05-14T00:00:00Z,2023-05-14T08:00:00Z,2023-05-15T08:00:00Z,2023,2023-05-08T00:00:00Z,-1.0527686699361072,-7.588576468482087,-7.562075531543159,-7.700248520459769,-7.606650237340076
ETH_USDT,2023-05-15T00:00:00Z,2023-05-15T08:00:00Z,2023-05-16T08:00:00Z,2023,2023-05-15T00:00:00Z,-0.8124136233966355,-9.830875555187733,-8.246813851434364,-8.375167114700748,-8.34861529308593
SOL_USDT,2023-05-15T00:00:00Z,2023-05-15T08:00:00Z,2023-05-16T08:00:00Z,2023,2023-05-15T00:00:00Z,-0.9188664780670242,-7.963450966093894,-7.580314600404013,-7.718364177373652,-7.660267183121143
LINK_USDT,2023-05-15T00:00:00Z,2023-05-15T08:00:00Z,2023-05-16T08:00:00Z,2023,2023-05-15T00:00:00Z,-1.3772515281444764,-9.276561310387686,-7.555991306345789,-7.808913459966535,-7.708969798668505
ETH_USDT,2023-05-16T00:00:00Z,2023-05-16T08:00:00Z,2023-05-17T08:00:00Z,2023,2023-05-15T00:00:00Z,-0.22931191589409422,-9.328522504664617,-8.200190811646715,-8.20955612074803,-8.282566664128334
SOL_USDT,2023-05-16T00:00:00Z,2023-05-16T08:00:00Z,2023-05-17T08:00:00Z,2023,2023-05-15T00:00:00Z,-0.29597094992154893,-8.383118223599059,-7.545257500922061,-7.57450525023194,-7.635201400534779
LINK_USDT,2023-05-16T00:00:00Z,2023-05-16T08:00:00Z,2023-05-17T08:00:00Z,2023,2023-05-15T00:00:00Z,-0.6703195364269566,-8.828688377641097,-7.775816297847266,-7.868251367863503,-7.940682334757495
ETH_USDT,2023-05-17T00:00:00Z,2023-05-17T08:00:00Z,2023-05-18T08:00:00Z,2023,2023-05-15T00:00:00Z,-0.44767681449951646,-8.375673079157352,-8.389476107952715,-8.324521039014742,-8.36778463848959
SOL_USDT,2023-05-17T00:00:00Z,2023-05-17T08:00:00Z,2023-05-18T08:00:00Z,2023,2023-05-15T00:00:00Z,-0.352518948512968,-7.494710995920054,-7.6330911916568205,-7.614269417042814,-7.622833273002338
LINK_USDT,2023-05-17T00:00:00Z,2023-05-17T08:00:00Z,2023-05-18T08:00:00Z,2023,2023-05-15T00:00:00Z,-0.659432110958472,-7.453849974585048,-7.922663650703224,-7.947230211219836,-7.960993280368106
ETH_USDT,2023-05-18T00:00:00Z,2023-05-18T08:00:00Z,2023-05-19T08:00:00Z,2023,2023-05-15T00:00:00Z,-0.3201838087027525,-8.907400400125507,-8.310386567678867,-8.33286035057505,-8.311435180589552
SOL_USDT,2023-05-18T00:00:00Z,2023-05-18T08:00:00Z,2023-05-19T08:00:00Z,2023,2023-05-15T00:00:00Z,-0.3574326574713572,-7.663953287684911,-7.6074087388451295,-7.641789170344762,-7.5955625052035876
LINK_USDT,2023-05-18T00:00:00Z,2023-05-18T08:00:00Z,2023-05-19T08:00:00Z,2023,2023-05-15T00:00:00Z,-0.24871156150087037,-7.71232750491869,-7.744823394850945,-7.762065433391012,-7.786418524142821
ETH_USDT,2023-05-19T00:00:00Z,2023-05-19T08:00:00Z,2023-05-20T08:00:00Z,2023,2023-05-15T00:00:00Z,-0.4886215839611311,-10.321527292578065,-8.388581019252257,-8.409023242745224,-8.36378164951157
SOL_USDT,2023-05-19T00:00:00Z,2023-05-19T08:00:00Z,2023-05-20T08:00:00Z,2023,2023-05-15T00:00:00Z,-0.34801077784219925,-9.249405552264623,-7.634164697133831,-7.652841769113032,-7.623442097627669
LINK_USDT,2023-05-19T00:00:00Z,2023-05-19T08:00:00Z,2023-05-20T08:00:00Z,2023,2023-05-15T00:00:00Z,-0.5504804203853952,-10.705981135145395,-7.798112847166435,-7.875862270554661,-7.772202385117094
ETH_USDT,2023-05-20T00:00:00Z,2023-05-20T08:00:00Z,2023-05-21T08:00:00Z,2023,2023-05-15T00:00:00Z,-0.6320028655888363,-11.106119492287055,-8.842630123395624,-8.798052114137333,-8.823027148978499
SOL_USDT,2023-05-20T00:00:00Z,2023-05-20T08:00:00Z,2023-05-21T08:00:00Z,2023,2023-05-15T00:00:00Z,-1.0702006157091188,-10.428383788331978,-7.988230431384143,-8.027007707868652,-7.970525760041358
LINK_USDT,2023-05-20T00:00:00Z,2023-05-20T08:00:00Z,2023-05-21T08:00:00Z,2023,2023-05-15T00:00:00Z,-0.9369541390551759,-12.21481367317404,-8.35339122124412,-8.308486676217482,-8.362392330666388
ETH_USDT,2023-05-21T00:00:00Z,2023-05-21T08:00:00Z,2023-05-22T08:00:00Z,2023,2023-05-15T00:00:00Z,-1.2326018760203694,-10.070950418747302,-8.925326943243915,-8.9962814211932,-8.916410433016829
SOL_USDT,2023-05-21T00:00:00Z,2023-05-21T08:00:00Z,2023-05-22T08:00:00Z,2023,2023-05-15T00:00:00Z,-1.3770611388257186,-7.450155450328138,-7.989811768252608,-8.16739485557217,-8.07360069124368
LINK_USDT,2023-05-21T00:00:00Z,2023-05-21T08:00:00Z,2023-05-22T08:00:00Z,2023,2023-05-15T00:00:00Z,-1.491102399685392,-8.399089824556592,-8.34054551620123,-8.49117960567114,-8.40137013310636
ETH_USDT,2023-05-22T00:00:00Z,2023-05-22T08:00:00Z,2023-05-23T08:00:00Z,2023,2023-05-22T00:00:00Z,-0.9581670355006505,-7.802574035871292,-9.027639543410942,-9.066836306752883,-9.10745300384474
SOL_USDT,2023-05-22T00:00:00Z,2023-05-22T08:00:00Z,2023-05-23T08:00:00Z,2023,2023-05-22T00:00:00Z,-0.5342374470253142,-8.058319499106364,-7.863623018304983,-7.916819355877656,-8.009332739219673
LINK_USDT,2023-05-22T00:00:00Z,2023-05-22T08:00:00Z,2023-05-23T08:00:00Z,2023,2023-05-22T00:00:00Z,-0.9099187225613354,-9.834825626707985,-8.249889613706582,-8.363240819807894,-8.412276356635521
ETH_USDT,2023-05-23T00:00:00Z,2023-05-23T08:00:00Z,2023-05-24T08:00:00Z,2023,2023-05-22T00:00:00Z,-0.5620772015380644,-7.641263073152166,-9.276847470451997,-9.174972482461436,-9.284944613910442
SOL_USDT,2023-05-23T00:00:00Z,2023-05-23T08:00:00Z,2023-05-24T08:00:00Z,2023,2023-05-22T00:00:00Z,-0.5065556827876503,-6.9250982694952485,-8.17078863870943,-8.107834390061662,-8.157249240026122
LINK_USDT,2023-05-23T00:00:00Z,2023-05-23T08:00:00Z,2023-05-24T08:00:00Z,2023,2023-05-22T00:00:00Z,-0.18303969692395308,-7.19982349994573,-8.387752889637357,-8.285303326079262,-8.443286111028385
ETH_USDT,2023-05-24T00:00:00Z,2023-05-24T08:00:00Z,2023-05-25T08:00:00Z,2023,2023-05-22T00:00:00Z,-0.033775318195704625,-8.160594482793567,-8.782964388581362,-8.720242489909962,-8.762072072079622
SOL_USDT,2023-05-24T00:00:00Z,2023-05-24T08:00:00Z,2023-05-25T08:00:00Z,2023,2023-05-22T00:00:00Z,-0.3060485629964129,-8.542397613077252,-8.040675581936256,-8.012220571440146,-8.018678264527999
LINK_USDT,2023-05-24T00:00:00Z,2023-05-24T08:00:00Z,2023-05-25T08:00:00Z,2023,2023-05-22T00:00:00Z,-0.5424535473211147,-8.566701974392528,-8.455730730495581,-8.429205112532808,-8.384113862244723
ETH_USDT,2023-05-25T00:00:00Z,2023-05-25T08:00:00Z,2023-05-26T08:00:00Z,2023,2023-05-22T00:00:00Z,0.005206090030337747,-8.801167985855518,-8.560130608053484,-8.521751420864245,-8.475693358141013
SOL_USDT,2023-05-25T00:00:00Z,2023-05-25T08:00:00Z,2023-05-26T08:00:00Z,2023,2023-05-22T00:00:00Z,-0.21026878394343623,-11.571985723749057,-7.792409446840011,-7.806028455789136,-7.754890490244229
LINK_USDT,2023-05-25T00:00:00Z,2023-05-25T08:00:00Z,2023-05-26T08:00:00Z,2023,2023-05-22T00:00:00Z,0.006983074266778465,-9.154068885363744,-8.159657597905042,-8.123937734331005,-8.153570068542042
ETH_USDT,2023-05-26T00:00:00Z,2023-05-26T08:00:00Z,2023-05-27T08:00:00Z,2023,2023-05-22T00:00:00Z,-0.17669861009063792,-9.656274593123428,-8.573509507753743,-8.545984864687448,-8.496309894570018
SOL_USDT,2023-05-26T00:00:00Z,2023-05-26T08:00:00Z,2023-05-27T08:00:00Z,2023,2023-05-22T00:00:00Z,-0.690275489475744,-8.819486058963141,-8.224531443403363,-8.149277449617887,-8.159298097155544
LINK_USDT,2023-05-26T00:00:00Z,2023-05-26T08:00:00Z,2023-05-27T08:00:00Z,2023,2023-05-22T00:00:00Z,-0.48563061420700715,-9.971327001850309,-8.447608078089095,-8.425546157685224,-8.343908372707462
ETH_USDT,2023-05-27T00:00:00Z,2023-05-27T08:00:00Z,2023-05-28T08:00:00Z,2023,2023-05-22T00:00:00Z,-0.34582916617079273,-9.044613072820413,-8.68435280755082,-8.698035601051478,-8.664229755907376
SOL_USDT,2023-05-27T00:00:00Z,2023-05-27T08:00:00Z,2023-05-28T08:00:00Z,2023,2023-05-22T00:00:00Z,-1.1113243588490742,-6.373290710922306,-8.144969384273848,-8.278164643982404,-8.177764120300461
LINK_USDT,2023-05-27T00:00:00Z,2023-05-27T08:00:00Z,2023-05-28T08:00:00Z,2023,2023-05-22T00:00:00Z,-0.4852847984993511,-8.697945746891383,-8.510277783091643,-8.50760917721877,-8.50904557423639
ETH_USDT,2023-05-28T00:00:00Z,2023-05-28T08:00:00Z,2023-05-29T08:00:00Z,2023,2023-05-22T00:00:00Z,-0.9754408467015796,-6.706490848704035,-8.777390259526356,-8.882982364542103,-8.784858965740927
SOL_USDT,2023-05-28T00:00:00Z,2023-05-28T08:00:00Z,2023-05-29T08:00:00Z,2023,2023-05-22T00:00:00Z,-0.6251219112867394,-8.330501407522545,-7.626230810271985,-7.803062035140972,-7.768494361535018
LINK_USDT,2023-05-28T00:00:00Z,2023-05-28T08:00:00Z,2023-05-29T08:00:00Z,2023,2023-05-22T00:00:00Z,-0.8538374903796884,-7.860102795502915,-8.476979394995908,-8.573622590635475,-8.484099740406078
ETH_USDT,2023-05-29T00:00:00Z,2023-05-29T08:00:00Z,2023-05-30T08:00:00Z,2023,2023-05-29T00:00:00Z,0.050633333859098545,-10.077072817289293,-8.171973998645537,-8.242287459268125,-8.306872978900191
SOL_USDT,2023-05-29T00:00:00Z,2023-05-29T08:00:00Z,2023-05-30T08:00:00Z,2023,2023-05-29T00:00:00Z,0.04077037388514149,-8.340290615521797,-7.830565909574859,-7.785706649119106,-7.8841798480873795
LINK_USDT,2023-05-29T00:00:00Z,2023-05-29T08:00:00Z,2023-05-30T08:00:00Z,2023,2023-05-29T00:00:00Z,-0.19546956160183276,-7.824823253447799,-8.298077121842597,-8.329995020067056,-8.362139002758912
ETH_USDT,2023-05-30T00:00:00Z,2023-05-30T08:00:00Z,2023-05-31T08:00:00Z,2023,2023-05-29T00:00:00Z,-0.1321399808899756,-8.192443135846778,-8.344267827683929,-8.317015113546015,-8.330184753348457
SOL_USDT,2023-05-30T00:00:00Z,2023-05-30T08:00:00Z,2023-05-31T08:00:00Z,2023,2023-05-29T00:00:00Z,-0.20228484019987186,-6.968040563547262,-7.811843655724102,-7.80358257754877,-7.775778392887394
LINK_USDT,2023-05-30T00:00:00Z,2023-05-30T08:00:00Z,2023-05-31T08:00:00Z,2023,2023-05-29T00:00:00Z,-0.08379580123380985,-7.7472661815078725,-8.292662945150415,-8.258315021706828,-8.270273669163533
ETH_USDT,2023-05-31T00:00:00Z,2023-05-31T08:00:00Z,2023-06-01T08:00:00Z,2023,2023-05-29T00:00:00Z,-0.26306760222338244,-8.438659401772018,-8.529868182461096,-8.442567073027028,-8.544531679345122
SOL_USDT,2023-05-31T00:00:00Z,2023-05-31T08:00:00Z,2023-06-01T08:00:00Z,2023,2023-05-29T00:00:00Z,0.1814881132619641,-7.581341310266396,-7.76298790418132,-7.679578399073339,-7.782231470806648
LINK_USDT,2023-05-31T00:00:00Z,2023-05-31T08:00:00Z,2023-06-01T08:00:00Z,2023,2023-05-29T00:00:00Z,-0.00856055619873887,-8.681963410331662,-8.204497562783803,-8.157013507863454,-8.18906301701919
ETH_USDT,2023-06-01T00:00:00Z,2023-06-01T08:00:00Z,2023-06-02T08:00:00Z,2023,2023-05-29T00:00:00Z,-0.11115398635089133,-8.583359898202506,-8.392420449555267,-8.434979821666202,-8.40714237122359
SOL_USDT,2023-06-01T00:00:00Z,2023-06-01T08:00:00Z,2023-06-02T08:00:00Z,2023,2023-05-29T00:00:00Z,-0.24923751746911807,-7.3167168315213065,-7.7304539131680885,-7.817633713279817,-7.671903845111874
LINK_USDT,2023-06-01T00:00:00Z,2023-06-01T08:00:00Z,2023-06-02T08:00:00Z,2023,2023-05-29T00:00:00Z,0.07162469070174854,-8.312348729948022,-8.32801877154982,-8.288747144664816,-8.263332344564104
ETH_USDT,2023-06-02T00:00:00Z,2023-06-02T08:00:00Z,2023-06-03T08:00:00Z,2023,2023-05-29T00:00:00Z,-0.27127444244845056,-9.493225930856966,-8.48262102015062,-8.51216048709535,-8.470274728376875
SOL_USDT,2023-06-02T00:00:00Z,2023-06-02T08:00:00Z,2023-06-03T08:00:00Z,2023,2023-05-29T00:00:00Z,-0.4078568808525671,-8.93720997765613,-7.787517209299614,-7.845464114564514,-7.7988896920247965
LINK_USDT,2023-06-02T00:00:00Z,2023-06-02T08:00:00Z,2023-06-03T08:00:00Z,2023,2023-05-29T00:00:00Z,-0.1254753942259047,-9.110328432500651,-8.324794679959005,-8.301529008146431,-8.25338542284075
ETH_USDT,2023-06-03T00:00:00Z,2023-06-03T08:00:00Z,2023-06-04T08:00:00Z,2023,2023-05-29T00:00:00Z,-0.09741851197910352,-9.845601720668453,-8.428276336882078,-8.443033463290877,-8.453465136348093
SOL_USDT,2023-06-03T00:00:00Z,2023-06-03T08:00:00Z,2023-06-04T08:00:00Z,2023,2023-05-29T00:00:00Z,-0.18213743675872127,-7.865653798412835,-7.66409420845875,-7.73106103479952,-7.724030881582121
LINK_USDT,2023-06-03T00:00:00Z,2023-06-03T08:00:00Z,2023-06-04T08:00:00Z,2023,2023-05-29T00:00:00Z,-0.1139044405615432,-9.1481219052583,-8.29276972014004,-8.286085244294329,-8.271897682824962
ETH_USDT,2023-06-04T00:00:00Z,2023-06-04T08:00:00Z,2023-06-05T08:00:00Z,2023,2023-05-29T00:00:00Z,-0.8153180944756807,-9.054182530528669,-8.54201198950776,-8.656583469070634,-8.537865386942595
SOL_USDT,2023-06-04T00:00:00Z,2023-06-04T08:00:00Z,2023-06-05T08:00:00Z,2023,2023-05-29T00:00:00Z,-0.7593058988447197,-7.4733137155761575,-8.131847896144105,-8.184141109508111,-8.114506097650375
LINK_USDT,2023-06-04T00:00:00Z,2023-06-04T08:00:00Z,2023-06-05T08:00:00Z,2023,2023-05-29T00:00:00Z,-1.0013949427191222,-9.03990600682088,-8.495004036029224,-8.585997690892702,-8.464446468629077
ETH_USDT,2023-06-05T00:00:00Z,2023-06-05T08:00:00Z,2023-06-06T08:00:00Z,2023,2023-06-05T00:00:00Z,-0.6272328131457291,-7.068729920039134,-9.02133706961336,-9.052857446217121,-9.07907723935875
SOL_USDT,2023-06-05T00:00:00Z,2023-06-05T08:00:00Z,2023-06-06T08:00:00Z,2023,2023-06-05T00:00:00Z,0.19064225746887417,-4.966140489747179,-7.809915373254713,-7.768450363610624,-7.912157570147409
LINK_USDT,2023-06-05T00:00:00Z,2023-06-05T08:00:00Z,2023-06-06T08:00:00Z,2023,2023-06-05T00:00:00Z,-0.6328443935106717,-6.03891211308356,-8.442051498018238,-8.51981203386566,-8.548156190083146
ETH_USDT,2023-06-06T00:00:00Z,2023-06-06T08:00:00Z,2023-06-07T08:00:00Z,2023,2023-06-05T00:00:00Z,0.5104198708918126,-7.138628478854866,-8.534779138152523,-8.492017517732824,-8.614960799209893
SOL_USDT,2023-06-06T00:00:00Z,2023-06-06T08:00:00Z,2023-06-07T08:00:00Z,2023,2023-06-05T00:00:00Z,0.8801936151234694,-7.0652107819312695,-7.032294234182544,-6.9770328785774804,-7.039526366888012
LINK_USDT,2023-06-06T00:00:00Z,2023-06-06T08:00:00Z,2023-06-07T08:00:00Z,2023,2023-06-05T00:00:00Z,0.6082589035190545,-7.194276948385152,-7.7797472835920605,-7.740808420340718,-7.877576895905895
ETH_USDT,2023-06-07T00:00:00Z,2023-06-07T08:00:00Z,2023-06-08T08:00:00Z,2023,2023-06-05T00:00:00Z,0.3938901152717144,-7.775703519755736,-8.32902195401486,-8.332882644066544,-8.261695494149034
SOL_USDT,2023-06-07T00:00:00Z,2023-06-07T08:00:00Z,2023-06-08T08:00:00Z,2023,2023-06-05T00:00:00Z,0.4968614367179182,-5.985378032600143,-7.178315838876689,-7.120371568123398,-7.083047145093563
LINK_USDT,2023-06-07T00:00:00Z,2023-06-07T08:00:00Z,2023-06-08T08:00:00Z,2023,2023-06-05T00:00:00Z,0.393956264320879,-6.739296281939574,-7.797350582876374,-7.755119647596161,-7.707184156597586
ETH_USDT,2023-06-08T00:00:00Z,2023-06-08T08:00:00Z,2023-06-09T08:00:00Z,2023,2023-06-05T00:00:00Z,0.28024320148823023,-9.120755760030885,-8.34550044234399,-8.34258688308958,-8.29830571408961
SOL_USDT,2023-06-08T00:00:00Z,2023-06-08T08:00:00Z,2023-06-09T08:00:00Z,2023,2023-06-05T00:00:00Z,0.353261226021696,-7.709102821545403,-6.961698677681948,-7.001316953711527,-6.935341193774673
LINK_USDT,2023-06-08T00:00:00Z,2023-06-08T08:00:00Z,2023-06-09T08:00:00Z,2023,2023-06-05T00:00:00Z,0.19483893233850683,-8.746912728396916,-7.6481387558878815,-7.70222566100298,-7.614685643597987
ETH_USDT,2023-06-09T00:00:00Z,2023-06-09T08:00:00Z,2023-06-10T08:00:00Z,2023,2023-06-05T00:00:00Z,-0.5299712107867507,-5.5973566779478725,-8.402979323496712,-8.536378442818673,-8.372592659395137
SOL_USDT,2023-06-09T00:00:00Z,2023-06-09T08:00:00Z,2023-06-10T08:00:00Z,2023,2023-06-05T00:00:00Z,-0.04241320818741723,-3.203996902713699,-7.098781238587892,-7.120037026528837,-7.0927758649116095
LINK_USDT,2023-06-09T00:00:00Z,2023-06-09T08:00:00Z,2023-06-10T08:00:00Z,2023,2023-06-05T00:00:00Z,-0.5433735992583031,-3.664638578119628,-7.761581194109402,-7.904889790675776,-7.758452840184016
ETH_USDT,2023-06-10T00:00:00Z,2023-06-10T08:00:00Z,2023-06-11T08:00:00Z,2023,2023-06-05T00:00:00Z,-0.44003772555055876,-9.474780032127448,-8.498417588079844,-8.52583451830201,-8.604687087695314
SOL_USDT,2023-06-10T00:00:00Z,2023-06-10T08:00:00Z,2023-06-11T08:00:00Z,2023,2023-06-05T00:00:00Z,0.5172737766789776,-5.567981616062459,-6.627913985578323,-6.6116551744891385,-6.7164792097846995
LINK_USDT,2023-06-10T00:00:00Z,2023-06-10T08:00:00Z,2023-06-11T08:00:00Z,2023,2023-06-05T00:00:00Z,-0.6138023970366058,-6.0686511437035655,-7.736740496305303,-7.859646810127658,-7.86184785019288
ETH_USDT,2023-06-11T00:00:00Z,2023-06-11T08:00:00Z,2023-06-12T08:00:00Z,2023,2023-06-05T00:00:00Z,0.6918452613367535,-8.623362685434014,-7.62905734924522,-7.643934147990826,-7.75233360830168
SOL_USDT,2023-06-11T00:00:00Z,2023-06-11T08:00:00Z,2023-06-12T08:00:00Z,2023,2023-06-05T00:00:00Z,1.4957058132295502,-6.50225798842464,-5.705911358400399,-5.5607093971489245,-5.716199806990764
LINK_USDT,2023-06-11T00:00:00Z,2023-06-11T08:00:00Z,2023-06-12T08:00:00Z,2023,2023-06-05T00:00:00Z,1.5410248829297815,-7.235650644845631,-6.138027923554004,-5.987638099732878,-6.317652122613381
ETH_USDT,2023-06-12T00:00:00Z,2023-06-12T08:00:00Z,2023-06-13T08:00:00Z,2023,2023-06-12T00:00:00Z,-0.3603002025490141,-9.782527431185908,-7.836585592754712,-7.945668376593282,-7.7970847759145325
SOL_USDT,2023-06-12T00:00:00Z,2023-06-12T08:00:00Z,2023-06-13T08:00:00Z,2023,2023-06-12T00:00:00Z,0.47106085458541036,-8.115286155591548,-5.911959959120245,-5.836291008187485,-5.777337309256119
LINK_USDT,2023-06-12T00:00:00Z,2023-06-12T08:00:00Z,2023-06-13T08:00:00Z,2023,2023-06-12T00:00:00Z,-0.18799734585549915,-7.863041247898574,-6.33966645404442,-6.429016131513241,-6.197511574400316
ETH_USDT,2023-06-13T00:00:00Z,2023-06-13T08:00:00Z,2023-06-14T08:00:00Z,2023,2023-06-12T00:00:00Z,-0.05963648373788579,-8.862216236736419,-7.900948253561784,-7.9364587177032195,-8.013473460917144
SOL_USDT,2023-06-13T00:00:00Z,2023-06-13T08:00:00Z,2023-06-14T08:00:00Z,2023,2023-06-12T00:00:00Z,0.27361539295609877,-6.21546083916771,-5.96773911600632,-5.936960845093957,-5.97936795645739
LINK_USDT,2023-06-13T00:00:00Z,2023-06-13T08:00:00Z,2023-06-14T08:00:00Z,2023,2023-06-12T00:00:00Z,-0.08976867436886674,-7.194621839746218,-6.378186329552209,-6.434088575029959,-6.495180034141921
ETH_USDT,2023-06-14T00:00:00Z,2023-06-14T08:00:00Z,2023-06-15T08:00:00Z,2023,2023-06-12T00:00:00Z,-0.12440801213660362,-5.854247802459985,-7.995891721864729,-8.055207278092487,-8.04399233532814
SOL_USDT,2023-06-14T00:00:00Z,2023-06-14T08:00:00Z,2023-06-15T08:00:00Z,2023,2023-06-12T00:00:00Z,0.17393485646531914,-6.098622049663171,-5.925314721833861,-5.9622726585601,-5.961809181016108
LINK_USDT,2023-06-14T00:00:00Z,2023-06-14T08:00:00Z,2023-06-15T08:00:00Z,2023,2023-06-12T00:00:00Z,-0.17235403035291957,-7.236488294515605,-6.3818219820844035,-6.483605545525052,-6.471972494925992
ETH_USDT,2023-06-15T00:00:00Z,2023-06-15T08:00:00Z,2023-06-16T08:00:00Z,2023,2023-06-12T00:00:00Z,0.22703026010941313,-8.38487517557247,-7.553123251188026,-7.661551378834054,-7.626301189064848
SOL_USDT,2023-06-15T00:00:00Z,2023-06-15T08:00:00Z,2023-06-16T08:00:00Z,2023,2023-06-12T00:00:00Z,-0.04135894364844892,-6.987518913347348,-5.956733171092603,-6.040703636113553,-6.001585668279349
LINK_USDT,2023-06-15T00:00:00Z,2023-06-15T08:00:00Z,2023-06-16T08:00:00Z,2023,2023-06-12T00:00:00Z,0.249696223676074,-7.9311490871131065,-6.389016047569012,-6.401912770036411,-6.487926732474775
ETH_USDT,2023-06-16T00:00:00Z,2023-06-16T08:00:00Z,2023-06-17T08:00:00Z,2023,2023-06-12T00:00:00Z,0.08337626959943237,-7.234077231333064,-7.672316397403479,-7.712564495677563,-7.691519550363796
SOL_USDT,2023-06-16T00:00:00Z,2023-06-16T08:00:00Z,2023-06-17T08:00:00Z,2023,2023-06-12T00:00:00Z,0.11042683916066748,-6.407380646104498,-5.952326716590182,-5.98559495267885,-6.030120853140023
LINK_USDT,2023-06-16T00:00:00Z,2023-06-16T08:00:00Z,2023-06-17T08:00:00Z,2023,2023-06-12T00:00:00Z,-0.028987294186100254,-8.957347254113392,-6.453364860333458,-6.4795937323673,-6.488340791957506
ETH_USDT,2023-06-17T00:00:00Z,2023-06-17T08:00:00Z,2023-06-18T08:00:00Z,2023,2023-06-12T00:00:00Z,-0.05975571995205163,-9.262949649179863,-7.612764909740846,-7.712825400419576,-7.658117697953938
SOL_USDT,2023-06-17T00:00:00Z,2023-06-17T08:00:00Z,2023-06-18T08:00:00Z,2023,2023-06-12T00:00:00Z,-0.3759007614564001,-8.553681619759756,-6.079686830562146,-6.179639299623256,-6.12707099917738
LINK_USDT,2023-06-17T00:00:00Z,2023-06-17T08:00:00Z,2023-06-18T08:00:00Z,2023,2023-06-12T00:00:00Z,-0.29159873609804154,-8.901758453625732,-6.494514531621916,-6.566584125192681,-6.572688251698182
ETH_USDT,2023-06-18T00:00:00Z,2023-06-18T08:00:00Z,2023-06-19T08:00:00Z,2023,2023-06-12T00:00:00Z,-0.41179865312193187,-8.99601145917569,-7.952809176362353,-8.073783977416078,-7.977471516015895
SOL_USDT,2023-06-18T00:00:00Z,2023-06-18T08:00:00Z,2023-06-19T08:00:00Z,2023,2023-06-12T00:00:00Z,-0.43789830120909135,-7.954081959395428,-6.9088004005045205,-6.947423843777287,-6.9094467368770625
LINK_USDT,2023-06-18T00:00:00Z,2023-06-18T08:00:00Z,2023-06-19T08:00:00Z,2023,2023-06-12T00:00:00Z,-0.4188333087214969,-7.816807070474595,-7.741834511294375,-7.670659766035559,-7.695171533582906
ETH_USDT,2023-06-19T00:00:00Z,2023-06-19T08:00:00Z,2023-06-20T08:00:00Z,2023,2023-06-19T00:00:00Z,-0.7038042396756735,-9.19129425615953,-8.02730078288298,-8.177625987551131,-8.109213646874105
SOL_USDT,2023-06-19T00:00:00Z,2023-06-19T08:00:00Z,2023-06-20T08:00:00Z,2023,2023-06-19T00:00:00Z,-0.8909512429747607,-6.687475531540884,-7.014335445671634,-7.102385489984739,-7.021062186616973
LINK_USDT,2023-06-19T00:00:00Z,2023-06-19T08:00:00Z,2023-06-20T08:00:00Z,2023,2023-06-19T00:00:00Z,-0.39533192589906546,-7.762019546427427,-7.655146602712671,-7.628963741373661,-7.627835834024238
ETH_USDT,2023-06-20T00:00:00Z,2023-06-20T08:00:00Z,2023-06-21T08:00:00Z,2023,2023-06-19T00:00:00Z,-0.2684306571722582,-6.661522898998263,-8.058618604299271,-8.091472258061485,-8.182334292593538
SOL_USDT,2023-06-20T00:00:00Z,2023-06-20T08:00:00Z,2023-06-21T08:00:00Z,2023,2023-06-19T00:00:00Z,-0.7225193741315994,-6.2602506951704004,-6.926860099092937,-7.033879088173387,-7.00526616225729
LINK_USDT,2023-06-20T00:00:00Z,2023-06-20T08:00:00Z,2023-06-21T08:00:00Z,2023,2023-06-19T00:00:00Z,0.055479799752440606,-6.42003403714922,-7.697164776496515,-7.55179888208931,-7.658587491321797
ETH_USDT,2023-06-21T00:00:00Z,2023-06-21T08:00:00Z,2023-06-22T08:00:00Z,2023,2023-06-19T00:00:00Z,0.025709775561448066,-6.933327684237726,-7.773658288765869,-7.864423705713611,-7.83596504766181
SOL_USDT,2023-06-21T00:00:00Z,2023-06-21T08:00:00Z,2023-06-22T08:00:00Z,2023,2023-06-19T00:00:00Z,-0.2342648333964389,-7.593107705776901,-6.9304321959779145,-6.940596863960812,-6.971817146935732
LINK_USDT,2023-06-21T00:00:00Z,2023-06-21T08:00:00Z,2023-06-22T08:00:00Z,2023,2023-06-19T00:00:00Z,0.3080723846309157,-6.241515894886217,-7.531172409114519,-7.399108355691624,-7.42635428667043
ETH_USDT,2023-06-22T00:00:00Z,2023-06-22T08:00:00Z,2023-06-23T08:00:00Z,2023,2023-06-19T00:00:00Z,0.6588065632290878,-7.9818061014174795,-7.982205958867008,-7.8597849819556584,-7.959006456596156
SOL_USDT,2023-06-22T00:00:00Z,2023-06-22T08:00:00Z,2023-06-23T08:00:00Z,2023,2023-06-19T00:00:00Z,0.11678227532473787,-6.780374776062829,-7.08959872195445,-6.935225813404593,-7.038398426467248
LINK_USDT,2023-06-22T00:00:00Z,2023-06-22T08:00:00Z,2023-06-23T08:00:00Z,2023,2023-06-19T00:00:00Z,0.5575298192562212,-5.622375988909776,-7.535705047952022,-7.3097293184648375,-7.389410547490296
ETH_USDT,2023-06-23T00:00:00Z,2023-06-23T08:00:00Z,2023-06-24T08:00:00Z,2023,2023-06-19T00:00:00Z,0.2930464458854438,-7.450982692118253,-7.982559034364761,-7.905180398365652,-7.862983603871061
SOL_USDT,2023-06-23T00:00:00Z,2023-06-23T08:00:00Z,2023-06-24T08:00:00Z,2023,2023-06-19T00:00:00Z,-0.03916548965274818,-8.358104620827374,-7.046660744487117,-6.944141676294749,-6.940453954565252
LINK_USDT,2023-06-23T00:00:00Z,2023-06-23T08:00:00Z,2023-06-24T08:00:00Z,2023,2023-06-19T00:00:00Z,0.4356051195288532,-6.864254647413293,-7.18446412111197,-7.045023751397137,-7.035131370186569
ETH_USDT,2023-06-24T00:00:00Z,2023-06-24T08:00:00Z,2023-06-25T08:00:00Z,2023,2023-06-19T00:00:00Z,0.25717064343907065,-7.822088252858506,-7.9688507960115045,-7.935478515081883,-7.900732774313448
SOL_USDT,2023-06-24T00:00:00Z,2023-06-24T08:00:00Z,2023-06-25T08:00:00Z,2023,2023-06-19T00:00:00Z,0.25095801240218113,-6.1471785076787455,-7.166934724548951,-6.939316892176828,-7.069258613213794
LINK_USDT,2023-06-24T00:00:00Z,2023-06-24T08:00:00Z,2023-06-25T08:00:00Z,2023,2023-06-19T00:00:00Z,0.81891785315465,-6.914922753908274,-6.947675676109188,-6.75755373706135,-6.835118318176187
ETH_USDT,2023-06-25T00:00:00Z,2023-06-25T08:00:00Z,2023-06-26T08:00:00Z,2023,2023-06-19T00:00:00Z,-0.3092542686157514,-8.371687794267395,-8.156814423761915,-8.13060003137055,-8.095686770391893
SOL_USDT,2023-06-25T00:00:00Z,2023-06-25T08:00:00Z,2023-06-26T08:00:00Z,2023,2023-06-19T00:00:00Z,-0.2703383890653384,-8.69511550770587,-7.143408223604372,-7.073022637142226,-6.998673773410167
LINK_USDT,2023-06-25T00:00:00Z,2023-06-25T08:00:00Z,2023-06-26T08:00:00Z,2023,2023-06-19T00:00:00Z,0.0805802563478846,-8.154284229057938,-7.04508844255517,-6.935931122783773,-6.87431946412459
ETH_USDT,2023-06-26T00:00:00Z,2023-06-26T08:00:00Z,2023-06-27T08:00:00Z,2023,2023-06-26T00:00:00Z,0.09281443175433228,-7.97465021297729,-7.917840823791587,-7.912599969331237,-7.971328041502373
SOL_USDT,2023-06-26T00:00:00Z,2023-06-26T08:00:00Z,2023-06-27T08:00:00Z,2023,2023-06-26T00:00:00Z,-0.34102653985203984,-6.252778570704044,-6.9906273059280455,-6.990232296278681,-6.952634943998128
LINK_USDT,2023-06-26T00:00:00Z,2023-06-26T08:00:00Z,2023-06-27T08:00:00Z,2023,2023-06-26T00:00:00Z,0.08975158456918025,-6.341900386249904,-6.965538884766694,-6.8953879583463005,-6.928757672615378
ETH_USDT,2023-06-27T00:00:00Z,2023-06-27T08:00:00Z,2023-06-28T08:00:00Z,2023,2023-06-26T00:00:00Z,0.35099176922241854,-7.558833789841904,-7.936655295326727,-7.81554674758947,-7.9231839948479195
SOL_USDT,2023-06-27T00:00:00Z,2023-06-27T08:00:00Z,2023-06-28T08:00:00Z,2023,2023-06-26T00:00:00Z,-0.26205047005805754,-6.0979681313200755,-7.0154326839692525,-6.970782014050508,-6.993851472513154
LINK_USDT,2023-06-27T00:00:00Z,2023-06-27T08:00:00Z,2023-06-28T08:00:00Z,2023,2023-06-26T00:00:00Z,0.2394080574774996,-6.243121162457539,-6.939203992150234,-6.81892122282465,-6.908030691598498
ETH_USDT,2023-06-28T00:00:00Z,2023-06-28T08:00:00Z,2023-06-29T08:00:00Z,2023,2023-06-26T00:00:00Z,0.12900782474887862,-7.7598384360709565,-8.131643731064392,-8.044608729451845,-8.052243700387354
SOL_USDT,2023-06-28T00:00:00Z,2023-06-28T08:00:00Z,2023-06-29T08:00:00Z,2023,2023-06-26T00:00:00Z,-0.29505810430632295,-6.648793571453416,-7.031471250417449,-7.0066062909628055,-6.987725098495863
LINK_USDT,2023-06-28T00:00:00Z,2023-06-28T08:00:00Z,2023-06-29T08:00:00Z,2023,2023-06-26T00:00:00Z,0.0552320091149826,-6.598415777622402,-6.897892722061873,-6.859181172443522,-6.838243382879166
ETH_USDT,2023-06-29T00:00:00Z,2023-06-29T08:00:00Z,2023-06-30T08:00:00Z,2023,2023-06-26T00:00:00Z,0.0304372894637162,-7.895828687344753,-8.077046960210723,-8.09078038568226,-8.022202731422379
SOL_USDT,2023-06-29T00:00:00Z,2023-06-29T08:00:00Z,2023-06-30T08:00:00Z,2023,2023-06-26T00:00:00Z,-0.017677810907049302,-4.686042735493406,-6.853232021063462,-6.806912161074903,-6.829388730746532
LINK_USDT,2023-06-29T00:00:00Z,2023-06-29T08:00:00Z,2023-06-30T08:00:00Z,2023,2023-06-26T00:00:00Z,0.24268809163690433,-6.114726761937449,-6.775629734552644,-6.731163392588931,-6.75169093864897
ETH_USDT,2023-06-30T00:00:00Z,2023-06-30T08:00:00Z,2023-07-01T08:00:00Z,2023,2023-06-26T00:00:00Z,-0.2992703539612328,-6.090712919958989,-8.256774989060474,-8.25012817917478,-8.209404169549817
SOL_USDT,2023-06-30T00:00:00Z,2023-06-30T08:00:00Z,2023-07-01T08:00:00Z,2023,2023-06-26T00:00:00Z,0.7005648305359873,-6.12252650096815,-6.458911030923288,-6.282854390856897,-6.432818194960149
LINK_USDT,2023-06-30T00:00:00Z,2023-06-30T08:00:00Z,2023-07-01T08:00:00Z,2023,2023-06-26T00:00:00Z,0.24787153142292997,-6.418526480029648,-6.981150093701185,-6.82293446247535,-6.9095851935810115
ETH_USDT,2023-07-01T00:00:00Z,2023-07-01T08:00:00Z,2023-07-02T08:00:00Z,2023,2023-06-26T00:00:00Z,0.7632592272763702,-10.504752470496229,-7.721092466464973,-7.610618624807578,-7.771523445567138
SOL_USDT,2023-07-01T00:00:00Z,2023-07-01T08:00:00Z,2023-07-02T08:00:00Z,2023,2023-06-26T00:00:00Z,1.0513658905027488,-6.960813132412719,-6.410680052935226,-6.120923017136142,-6.262443312634819
LINK_USDT,2023-07-01T00:00:00Z,2023-07-01T08:00:00Z,2023-07-02T08:00:00Z,2023,2023-06-26T00:00:00Z,0.9395511589099577,-6.832497112433314,-6.844457060786648,-6.596572055442972,-6.7643578038626515
ETH_USDT,2023-07-02T00:00:00Z,2023-07-02T08:00:00Z,2023-07-03T08:00:00Z,2023,2023-06-26T00:00:00Z,-0.5993042275891605,-8.030418904585169,-7.953311357821944,-8.008153927431314,-7.816478428050125
SOL_USDT,2023-07-02T00:00:00Z,2023-07-02T08:00:00Z,2023-07-03T08:00:00Z,2023,2023-06-26T00:00:00Z,-0.14926996991651112,-9.386741162506478,-6.501973750488098,-6.43820491806489,-6.295119002567958
LINK_USDT,2023-07-02T00:00:00Z,2023-07-02T08:00:00Z,2023-07-03T08:00:00Z,2023,2023-06-26T00:00:00Z,0.4133364520794741,-7.827128877944662,-6.869100866369441,-6.679081627905253,-6.675171865045899
ETH_USDT,2023-07-03T00:00:00Z,2023-07-03T08:00:00Z,2023-07-04T08:00:00Z,2023,2023-07-03T00:00:00Z,-0.2334771626803812,-9.829033380891614,-7.964454409886046,-7.951917602111278,-8.067125612899167
SOL_USDT,2023-07-03T00:00:00Z,2023-07-03T08:00:00Z,2023-07-04T08:00:00Z,2023,2023-07-03T00:00:00Z,0.19465932969282576,-9.139085978745179,-6.510056385680764,-6.363451024667199,-6.518026037102813
LINK_USDT,2023-07-03T00:00:00Z,2023-07-03T08:00:00Z,2023-07-04T08:00:00Z,2023,2023-07-03T00:00:00Z,0.1872578906674893,-7.435574481126429,-6.955282079158925,-6.791097482484034,-6.85015712894798
ETH_USDT,2023-07-04T00:00:00Z,2023-07-04T08:00:00Z,2023-07-05T08:00:00Z,2023,2023-07-03T00:00:00Z,-0.001765861683508018,-9.28138792465898,-7.929380200354671,-7.90359561994038,-7.9571891940001445
SOL_USDT,2023-07-04T00:00:00Z,2023-07-04T08:00:00Z,2023-07-05T08:00:00Z,2023,2023-07-03T00:00:00Z,-0.28038176115698044,-5.842823030240089,-6.756170904813312,-6.611774842482793,-6.687888978171677
LINK_USDT,2023-07-04T00:00:00Z,2023-07-04T08:00:00Z,2023-07-05T08:00:00Z,2023,2023-07-03T00:00:00Z,-0.04614868101648254,-10.0572811354007,-7.057896665434245,-6.933449867442242,-6.984868790204559
ETH_USDT,2023-07-05T00:00:00Z,2023-07-05T08:00:00Z,2023-07-06T08:00:00Z,2023,2023-07-03T00:00:00Z,-0.46054214411047084,-7.88390602240073,-8.005892617352522,-8.053106715253925,-7.992367386115794
SOL_USDT,2023-07-05T00:00:00Z,2023-07-05T08:00:00Z,2023-07-06T08:00:00Z,2023,2023-07-03T00:00:00Z,-0.2609826459593358,-5.8337463291826195,-6.437505813309846,-6.489727961623982,-6.465629106049069
LINK_USDT,2023-07-05T00:00:00Z,2023-07-05T08:00:00Z,2023-07-06T08:00:00Z,2023,2023-07-03T00:00:00Z,-0.29201107157250633,-6.287414731210033,-7.025710757529718,-7.01613516286432,-6.988633673159024
ETH_USDT,2023-07-06T00:00:00Z,2023-07-06T08:00:00Z,2023-07-07T08:00:00Z,2023,2023-07-03T00:00:00Z,-0.1880353609999719,-6.998664597628918,-8.004397184019876,-8.032110095465558,-8.060235192653657
SOL_USDT,2023-07-06T00:00:00Z,2023-07-06T08:00:00Z,2023-07-07T08:00:00Z,2023,2023-07-03T00:00:00Z,-0.5019580499672451,-9.10373994175684,-6.485769057254015,-6.591676409262475,-6.5085704781280045
LINK_USDT,2023-07-06T00:00:00Z,2023-07-06T08:00:00Z,2023-07-07T08:00:00Z,2023,2023-07-03T00:00:00Z,-0.15403875780173665,-6.8244113678667935,-7.022753175671359,-7.024436534075917,-7.019348351563628
ETH_USDT,2023-07-07T00:00:00Z,2023-07-07T08:00:00Z,2023-07-08T08:00:00Z,2023,2023-07-03T00:00:00Z,0.33798733513879103,-9.261324045260704,-7.822311006263542,-7.78239139374459,-7.848578766322218
SOL_USDT,2023-07-07T00:00:00Z,2023-07-07T08:00:00Z,2023-07-08T08:00:00Z,2023,2023-07-03T00:00:00Z,0.8787890811649428,-4.788238808852043,-6.775438300699319,-6.460863296345873,-6.796501430757342
LINK_USDT,2023-07-07T00:00:00Z,2023-07-07T08:00:00Z,2023-07-08T08:00:00Z,2023,2023-07-03T00:00:00Z,0.03737940252677929,-7.850557128020714,-7.001532725454044,-6.944442714648562,-6.977156677882239
ETH_USDT,2023-07-08T00:00:00Z,2023-07-08T08:00:00Z,2023-07-09T08:00:00Z,2023,2023-07-03T00:00:00Z,-0.3346868781022752,-11.285024841092795,-8.404762281486178,-8.37382930038299,-8.276539163168795
SOL_USDT,2023-07-08T00:00:00Z,2023-07-08T08:00:00Z,2023-07-09T08:00:00Z,2023,2023-07-03T00:00:00Z,0.8921779828746007,-7.168852323487456,-6.462837995443508,-6.248699613129346,-6.282374177761472
LINK_USDT,2023-07-08T00:00:00Z,2023-07-08T08:00:00Z,2023-07-09T08:00:00Z,2023,2023-07-03T00:00:00Z,-0.5645875985605552,-10.689492741116013,-7.2968241624556684,-7.3137008434003885,-7.209122067841142
ETH_USDT,2023-07-09T00:00:00Z,2023-07-09T08:00:00Z,2023-07-10T08:00:00Z,2023,2023-07-03T00:00:00Z,-0.9430856648598495,-11.021331634047582,-8.477059344046394,-8.548362215802992,-8.46429870540064
SOL_USDT,2023-07-09T00:00:00Z,2023-07-09T08:00:00Z,2023-07-10T08:00:00Z,2023,2023-07-03T00:00:00Z,0.4930727867089578,-6.912819265927881,-6.567709355365773,-6.351363587462543,-6.38710863799044
LINK_USDT,2023-07-09T00:00:00Z,2023-07-09T08:00:00Z,2023-07-10T08:00:00Z,2023,2023-07-03T00:00:00Z,-1.0309427684881478,-8.999010943769223,-7.5803690796546634,-7.559091088271769,-7.578885427549316
ETH_USDT,2023-07-10T00:00:00Z,2023-07-10T08:00:00Z,2023-07-11T08:00:00Z,2023,2023-07-10T00:00:00Z,-0.8631495846543282,-9.311644067197458,-8.648018887790924,-8.601160425966592,-8.722375217774445
SOL_USDT,2023-07-10T00:00:00Z,2023-07-10T08:00:00Z,2023-07-11T08:00:00Z,2023,2023-07-10T00:00:00Z,-0.033151871427918374,-6.298636644478214,-6.664505135088726,-6.546582622784067,-6.5587218017997
LINK_USDT,2023-07-10T00:00:00Z,2023-07-10T08:00:00Z,2023-07-11T08:00:00Z,2023,2023-07-10T00:00:00Z,-1.100347964217272,-9.000973328088637,-7.590913978415936,-7.619556525901927,-7.656288038732803
ETH_USDT,2023-07-11T00:00:00Z,2023-07-11T08:00:00Z,2023-07-12T08:00:00Z,2023,2023-07-10T00:00:00Z,-0.21400260216620975,-9.30072365803496,-8.568431935801161,-8.514226107097036,-8.643031549375992
SOL_USDT,2023-07-11T00:00:00Z,2023-07-11T08:00:00Z,2023-07-12T08:00:00Z,2023,2023-07-10T00:00:00Z,0.3842479106012098,-11.274108658211365,-6.670368124763062,-6.57019812652592,-6.692665787068321
LINK_USDT,2023-07-11T00:00:00Z,2023-07-11T08:00:00Z,2023-07-12T08:00:00Z,2023,2023-07-10T00:00:00Z,-0.42254946388768994,-9.533069764226866,-7.6585329620506855,-7.653751918236564,-7.782896102376584
ETH_USDT,2023-07-12T00:00:00Z,2023-07-12T08:00:00Z,2023-07-13T08:00:00Z,2023,2023-07-10T00:00:00Z,-0.5411886852439248,-9.824134247409395,-8.636701279303912,-8.628837716392255,-8.60860839174644
SOL_USDT,2023-07-12T00:00:00Z,2023-07-12T08:00:00Z,2023-07-13T08:00:00Z,2023,2023-07-10T00:00:00Z,0.21739481992631232,-7.066729230671994,-6.711185029031153,-6.648446325020613,-6.6626847865600904
LINK_USDT,2023-07-12T00:00:00Z,2023-07-12T08:00:00Z,2023-07-13T08:00:00Z,2023,2023-07-10T00:00:00Z,-1.112830617689992,-9.512399820369495,-7.867642271682503,-7.947026095931894,-7.876448043957539
ETH_USDT,2023-07-13T00:00:00Z,2023-07-13T08:00:00Z,2023-07-14T08:00:00Z,2023,2023-07-10T00:00:00Z,-0.1382794079151069,-6.01222559651664,-8.683655530397095,-8.597855720248821,-8.692965956204706
SOL_USDT,2023-07-13T00:00:00Z,2023-07-13T08:00:00Z,2023-07-14T08:00:00Z,2023,2023-07-10T00:00:00Z,0.4820155752546216,-3.656175336236777,-6.809049555315293,-6.65354709363688,-6.773794742559197
LINK_USDT,2023-07-13T00:00:00Z,2023-07-13T08:00:00Z,2023-07-14T08:00:00Z,2023,2023-07-10T00:00:00Z,-0.43489196449793965,-4.85403791372565,-8.148257793270353,-8.056681869495248,-8.219700666859698
ETH_USDT,2023-07-14T00:00:00Z,2023-07-14T08:00:00Z,2023-07-15T08:00:00Z,2023,2023-07-10T00:00:00Z,0.5954507143189159,-6.939536898669507,-8.046851183422469,-7.96499235747161,-8.037567323858312
SOL_USDT,2023-07-14T00:00:00Z,2023-07-14T08:00:00Z,2023-07-15T08:00:00Z,2023,2023-07-10T00:00:00Z,1.4406349897785748,-4.722787264078652,-6.162128311187883,-5.928844757485921,-6.124052543713288
LINK_USDT,2023-07-14T00:00:00Z,2023-07-14T08:00:00Z,2023-07-15T08:00:00Z,2023,2023-07-10T00:00:00Z,0.7677974237164339,-7.234024268947819,-6.997997033014147,-6.8984434294558605,-7.062560438735862
ETH_USDT,2023-07-15T00:00:00Z,2023-07-15T08:00:00Z,2023-07-16T08:00:00Z,2023,2023-07-10T00:00:00Z,0.4927693210063786,-10.559785483123544,-7.9703037926937474,-7.9081311305660025,-7.866120494253188
SOL_USDT,2023-07-15T00:00:00Z,2023-07-15T08:00:00Z,2023-07-16T08:00:00Z,2023,2023-07-10T00:00:00Z,1.6032639139566365,-6.329734527721183,-6.051084241279488,-5.744961863032389,-5.8520552000467365
LINK_USDT,2023-07-15T00:00:00Z,2023-07-15T08:00:00Z,2023-07-16T08:00:00Z,2023,2023-07-10T00:00:00Z,0.827391908755078,-8.31835670228381,-7.128207354636981,-6.892229210268345,-6.988170152510476
ETH_USDT,2023-07-16T00:00:00Z,2023-07-16T08:00:00Z,2023-07-17T08:00:00Z,2023,2023-07-10T00:00:00Z,-0.8114890577112558,-9.167127279121242,-8.242445123882142,-8.315233403291218,-8.168170755198464
SOL_USDT,2023-07-16T00:00:00Z,2023-07-16T08:00:00Z,2023-07-17T08:00:00Z,2023,2023-07-10T00:00:00Z,0.9545560460878607,-7.040742040298722,-6.000557051747749,-5.807224816004354,-5.798391665044701
LINK_USDT,2023-07-16T00:00:00Z,2023-07-16T08:00:00Z,2023-07-17T08:00:00Z,2023,2023-07-10T00:00:00Z,-0.5122098889846433,-6.842947771364563,-7.287471060965683,-7.278130558659933,-7.1524326250050025
ETH_USDT,2023-07-17T00:00:00Z,2023-07-17T08:00:00Z,2023-07-18T08:00:00Z,2023,2023-07-17T00:00:00Z,-0.7066760541445386,-8.803756098358985,-8.12733557291182,-8.273403899363057,-8.26665937792987
SOL_USDT,2023-07-17T00:00:00Z,2023-07-17T08:00:00Z,2023-07-18T08:00:00Z,2023,2023-07-17T00:00:00Z,0.4072032197579296,-6.0748246380315365,-6.122048537716261,-5.997711608257464,-6.02131443819683
LINK_USDT,2023-07-17T00:00:00Z,2023-07-17T08:00:00Z,2023-07-18T08:00:00Z,2023,2023-07-17T00:00:00Z,-0.21436382473325466,-5.13503338057267,-7.039485767147674,-7.10652660942344,-7.131972583669336
ETH_USDT,2023-07-18T00:00:00Z,2023-07-18T08:00:00Z,2023-07-19T08:00:00Z,2023,2023-07-17T00:00:00Z,-0.10298215917117574,-10.210568852270807,-8.12388548714902,-8.10577494552543,-8.249161182379595
SOL_USDT,2023-07-18T00:00:00Z,2023-07-18T08:00:00Z,2023-07-19T08:00:00Z,2023,2023-07-17T00:00:00Z,0.5866780692566416,-7.23551644181583,-6.160464993684162,-5.966880491224767,-6.153226428380895
LINK_USDT,2023-07-18T00:00:00Z,2023-07-18T08:00:00Z,2023-07-19T08:00:00Z,2023,2023-07-17T00:00:00Z,0.8737268835224669,-8.191473717001376,-6.683545981632279,-6.536716382810239,-6.758182805773475
ETH_USDT,2023-07-19T00:00:00Z,2023-07-19T08:00:00Z,2023-07-20T08:00:00Z,2023,2023-07-17T00:00:00Z,-0.3675298197704692,-8.31360077425185,-8.195382881481645,-8.201837061718571,-8.218373624040822
SOL_USDT,2023-07-19T00:00:00Z,2023-07-19T08:00:00Z,2023-07-20T08:00:00Z,2023,2023-07-17T00:00:00Z,0.18725196370749286,-7.632964090425394,-6.078821880485993,-6.053502450867685,-6.042370451151146
LINK_USDT,2023-07-19T00:00:00Z,2023-07-19T08:00:00Z,2023-07-20T08:00:00Z,2023,2023-07-17T00:00:00Z,0.8523705365784975,-5.264641050247437,-6.800407725500352,-6.554655308553237,-6.696902389736992
ETH_USDT,2023-07-20T00:00:00Z,2023-07-20T08:00:00Z,2023-07-21T08:00:00Z,2023,2023-07-17T00:00:00Z,-0.35370930832218783,-8.727230857663054,-8.134922908006276,-8.1895340457098,-8.205190516176236
SOL_USDT,2023-07-20T00:00:00Z,2023-07-20T08:00:00Z,2023-07-21T08:00:00Z,2023,2023-07-17T00:00:00Z,-0.05558558016942064,-6.122271428442165,-6.155725106261534,-6.151138860719888,-6.181808036838544
LINK_USDT,2023-07-20T00:00:00Z,2023-07-20T08:00:00Z,2023-07-21T08:00:00Z,2023,2023-07-17T00:00:00Z,0.09876569399418546,-4.6887895598883444,-7.001769097691617,-6.822836227051391,-6.893069161094616
ETH_USDT,2023-07-21T00:00:00Z,2023-07-21T08:00:00Z,2023-07-22T08:00:00Z,2023,2023-07-17T00:00:00Z,-0.05963386970855971,-13.819842676254574,-8.482978230936027,-8.469688419958054,-8.487222144794504
SOL_USDT,2023-07-21T00:00:00Z,2023-07-21T08:00:00Z,2023-07-22T08:00:00Z,2023,2023-07-17T00:00:00Z,-0.08139664726126143,-8.539454339619628,-6.2715221231713585,-6.321813431657467,-6.299807295862377
LINK_USDT,2023-07-21T00:00:00Z,2023-07-21T08:00:00Z,2023-07-22T08:00:00Z,2023,2023-07-17T00:00:00Z,1.820128236965668,-9.429148949008699,-6.394464757271324,-6.039643310831095,-6.417446619596488
ETH_USDT,2023-07-22T00:00:00Z,2023-07-22T08:00:00Z,2023-07-23T08:00:00Z,2023,2023-07-17T00:00:00Z,-0.5858838718479492,-8.726179193276632,-9.279221321247121,-9.088408570321914,-9.164173592237905
SOL_USDT,2023-07-22T00:00:00Z,2023-07-22T08:00:00Z,2023-07-23T08:00:00Z,2023,2023-07-17T00:00:00Z,-0.5225425514502913,-6.106971120090803,-6.811467117425861,-6.777073136297976,-6.795475955595942
LINK_USDT,2023-07-22T00:00:00Z,2023-07-22T08:00:00Z,2023-07-23T08:00:00Z,2023,2023-07-17T00:00:00Z,0.795022699566049,-7.005128490400026,-6.543379512132356,-6.3321915335280154,-6.272986220636792
ETH_USDT,2023-07-23T00:00:00Z,2023-07-23T08:00:00Z,2023-07-24T08:00:00Z,2023,2023-07-17T00:00:00Z,-0.7873537101537237,-9.067507258456198,-8.978582950946617,-9.071049613253047,-8.979955704221641
SOL_USDT,2023-07-23T00:00:00Z,2023-07-23T08:00:00Z,2023-07-24T08:00:00Z,2023,2023-07-17T00:00:00Z,-0.8551020952927799,-9.700513876027784,-6.8887134302272655,-7.051013905774035,-6.917661044244938
LINK_USDT,2023-07-23T00:00:00Z,2023-07-23T08:00:00Z,2023-07-24T08:00:00Z,2023,2023-07-17T00:00:00Z,0.40278510027909287,-7.485893305672475,-6.580556499315684,-6.463014310153918,-6.4918043457238745
ETH_USDT,2023-07-24T00:00:00Z,2023-07-24T08:00:00Z,2023-07-25T08:00:00Z,2023,2023-07-24T00:00:00Z,-0.6057216877543288,-8.082811911901063,-9.01851941563821,-9.044248794920543,-9.051031828833644
SOL_USDT,2023-07-24T00:00:00Z,2023-07-24T08:00:00Z,2023-07-25T08:00:00Z,2023,2023-07-24T00:00:00Z,-0.8857191065214541,-5.676697494375967,-7.137992766656552,-7.115092781546524,-7.203570325883459
LINK_USDT,2023-07-24T00:00:00Z,2023-07-24T08:00:00Z,2023-07-25T08:00:00Z,2023,2023-07-24T00:00:00Z,-0.3064716539320134,-7.305342648668623,-6.633157756470459,-6.693393625614463,-6.611652106300646
ETH_USDT,2023-07-25T00:00:00Z,2023-07-25T08:00:00Z,2023-07-26T08:00:00Z,2023,2023-07-24T00:00:00Z,-0.03663300456211056,-10.74548887828666,-8.769198031441032,-8.740616169920182,-8.781976976765602
SOL_USDT,2023-07-25T00:00:00Z,2023-07-25T08:00:00Z,2023-07-26T08:00:00Z,2023,2023-07-24T00:00:00Z,-0.3936338553332954,-9.121185030895477,-6.732153415929045,-6.8166067789330445,-6.823734165115564
LINK_USDT,2023-07-25T00:00:00Z,2023-07-25T08:00:00Z,2023-07-26T08:00:00Z,2023,2023-07-24T00:00:00Z,0.24390673798053536,-9.005594916960296,-6.7181724699505425,-6.646499040872569,-6.788801087277385
ETH_USDT,2023-07-26T00:00:00Z,2023-07-26T08:00:00Z,2023-07-27T08:00:00Z,2023,2023-07-24T00:00:00Z,-0.6092423224391975,-9.84115583739655,-9.015709169453734,-8.96623199136764,-8.945343801458263
SOL_USDT,2023-07-26T00:00:00Z,2023-07-26T08:00:00Z,2023-07-27T08:00:00Z,2023,2023-07-24T00:00:00Z,-0.8882343615868628,-5.603202206645085,-7.033389138878689,-7.06876146994226,-7.03960967461839
LINK_USDT,2023-07-26T00:00:00Z,2023-07-26T08:00:00Z,2023-07-27T08:00:00Z,2023,2023-07-24T00:00:00Z,-0.2759982864613341,-6.61875217806438,-6.815929895510937,-6.841978033292138,-6.809859278977948
ETH_USDT,2023-07-27T00:00:00Z,2023-07-27T08:00:00Z,2023-07-28T08:00:00Z,2023,2023-07-24T00:00:00Z,-0.0015786993064914902,-10.828855179687203,-8.980603127624606,-8.835816013937064,-9.004288437811208
SOL_USDT,2023-07-27T00:00:00Z,2023-07-27T08:00:00Z,2023-07-28T08:00:00Z,2023,2023-07-24T00:00:00Z,0.020222624317479895,-7.831507453572119,-6.708916042558567,-6.672994227267286,-6.828935869642774
LINK_USDT,2023-07-27T00:00:00Z,2023-07-27T08:00:00Z,2023-07-28T08:00:00Z,2023,2023-07-24T00:00:00Z,0.2561031287217056,-7.93066363033432,-6.754607246147396,-6.6729554650179,-6.8421251080065595
ETH_USDT,2023-07-28T00:00:00Z,2023-07-28T08:00:00Z,2023-07-29T08:00:00Z,2023,2023-07-24T00:00:00Z,-0.48097159507495013,-9.500932916728246,-9.23171634305329,-9.136963578501815,-9.11179807673566
SOL_USDT,2023-07-28T00:00:00Z,2023-07-28T08:00:00Z,2023-07-29T08:00:00Z,2023,2023-07-24T00:00:00Z,-0.33229092692178636,-6.960973416508942,-7.021026174247823,-6.876602729028412,-6.949400908474498
LINK_USDT,2023-07-28T00:00:00Z,2023-07-28T08:00:00Z,2023-07-29T08:00:00Z,2023,2023-07-24T00:00:00Z,0.1916830736711598,-8.091042951992343,-7.422323633957351,-7.266529573488739,-7.3042244868181285
ETH_USDT,2023-07-29T00:00:00Z,2023-07-29T08:00:00Z,2023-07-30T08:00:00Z,2023,2023-07-24T00:00:00Z,-0.6224249570318271,-10.611177015204701,-9.115278693053549,-9.15095898461539,-9.092500061688373
SOL_USDT,2023-07-29T00:00:00Z,2023-07-29T08:00:00Z,2023-07-30T08:00:00Z,2023,2023-07-24T00:00:00Z,-0.7677705445285312,-9.135228693923189,-6.81829482708264,-6.943093219476845,-6.8203785204031036
LINK_USDT,2023-07-29T00:00:00Z,2023-07-29T08:00:00Z,2023-07-30T08:00:00Z,2023,2023-07-24T00:00:00Z,-0.38099402661958653,-8.189252535330398,-7.505455251363376,-7.504332636144793,-7.38401147135882
ETH_USDT,2023-07-30T00:00:00Z,2023-07-30T08:00:00Z,2023-07-31T08:00:00Z,2023,2023-07-24T00:00:00Z,-1.2410340040477066,-9.636088350470525,-9.33775641581798,-9.446882255214245,-9.33543963080394
SOL_USDT,2023-07-30T00:00:00Z,2023-07-30T08:00:00Z,2023-07-31T08:00:00Z,2023,2023-07-24T00:00:00Z,-1.1795353949169032,-7.16005175210743,-7.12823918507304,-7.231170538218183,-7.207739569802666
LINK_USDT,2023-07-30T00:00:00Z,2023-07-30T08:00:00Z,2023-07-31T08:00:00Z,2023,2023-07-24T00:00:00Z,-0.87462887330795,-7.512660253851738,-7.695728139950457,-7.7444540429018645,-7.675103258424503
ETH_USDT,2023-07-31T00:00:00Z,2023-07-31T08:00:00Z,2023-08-01T08:00:00Z,2023,2023-07-31T00:00:00Z,-0.38905183051731845,-8.739325584615601,-9.347776291543138,-9.332493340207545,-9.48382767330856
SOL_USDT,2023-07-31T00:00:00Z,2023-07-31T08:00:00Z,2023-08-01T08:00:00Z,2023,2023-07-31T00:00:00Z,-0.7190544432020289,-7.22457821972714,-6.99407570805454,-7.0833351781700795,-7.1608579650382405
LINK_USDT,2023-07-31T00:00:00Z,2023-07-31T08:00:00Z,2023-08-01T08:00:00Z,2023,2023-07-31T00:00:00Z,-0.4191918343160206,-8.081995085036473,-7.6131496308152125,-7.61478158710996,-7.694361712858946
ETH_USDT,2023-08-01T00:00:00Z,2023-08-01T08:00:00Z,2023-08-02T08:00:00Z,2023,2023-07-31T00:00:00Z,-0.33189454084671044,-7.567182076306632,-9.817404417634737,-9.673461435759524,-9.715059543973439
SOL_USDT,2023-08-01T00:00:00Z,2023-08-01T08:00:00Z,2023-08-02T08:00:00Z,2023,2023-07-31T00:00:00Z,-0.6050950887202081,-6.517156741328578,-7.1654424808617,-7.198959684072379,-7.212546726864284
LINK_USDT,2023-08-01T00:00:00Z,2023-08-01T08:00:00Z,2023-08-02T08:00:00Z,2023,2023-07-31T00:00:00Z,-0.2732534395399909,-7.406505207641562,-7.750331344116459,-7.6331284089520945,-7.727698251502764
ETH_USDT,2023-08-02T00:00:00Z,2023-08-02T08:00:00Z,2023-08-03T08:00:00Z,2023,2023-07-31T00:00:00Z,0.40152029170526077,-9.403229017360802,-8.981525841126698,-8.891511077190447,-8.957648917470603
SOL_USDT,2023-08-02T00:00:00Z,2023-08-02T08:00:00Z,2023-08-03T08:00:00Z,2023,2023-07-31T00:00:00Z,-0.5025394843278268,-7.386617781297255,-6.985834675075911,-7.045607052930424,-7.010549239657572
LINK_USDT,2023-08-02T00:00:00Z,2023-08-02T08:00:00Z,2023-08-03T08:00:00Z,2023,2023-07-31T00:00:00Z,-0.18602342618453457,-7.48191399271025,-7.55023592835215,-7.515852291992901,-7.497726256502116
ETH_USDT,2023-08-03T00:00:00Z,2023-08-03T08:00:00Z,2023-08-04T08:00:00Z,2023,2023-07-31T00:00:00Z,0.07287654361233917,-10.473253401335501,-9.025998576725067,-8.954409438407444,-8.87952370984079
SOL_USDT,2023-08-03T00:00:00Z,2023-08-03T08:00:00Z,2023-08-04T08:00:00Z,2023,2023-07-31T00:00:00Z,-0.5934906424286567,-8.283101088083647,-7.327607194369334,-7.325924370851183,-7.292872452076425
LINK_USDT,2023-08-03T00:00:00Z,2023-08-03T08:00:00Z,2023-08-04T08:00:00Z,2023,2023-07-31T00:00:00Z,-0.09784910134988839,-8.121829125557019,-7.624179371440394,-7.53617559406485,-7.556726999346253
ETH_USDT,2023-08-04T00:00:00Z,2023-08-04T08:00:00Z,2023-08-05T08:00:00Z,2023,2023-07-31T00:00:00Z,-0.32072068874893667,-9.094367322340212,-9.076782230921596,-9.056928672840654,-8.99346801464093
SOL_USDT,2023-08-04T00:00:00Z,2023-08-04T08:00:00Z,2023-08-05T08:00:00Z,2023,2023-07-31T00:00:00Z,-0.726634509014038,-7.0421944953732485,-7.324456205823843,-7.349418464916334,-7.316080938602349
LINK_USDT,2023-08-04T00:00:00Z,2023-08-04T08:00:00Z,2023-08-05T08:00:00Z,2023,2023-07-31T00:00:00Z,-0.35472641137344696,-9.920355356440368,-7.711970279374902,-7.660627469397588,-7.619064483070524
ETH_USDT,2023-08-05T00:00:00Z,2023-08-05T08:00:00Z,2023-08-06T08:00:00Z,2023,2023-07-31T00:00:00Z,-0.21691258563572013,-12.227726728797743,-9.045524866547481,-9.047769054197595,-9.049139053347766
SOL_USDT,2023-08-05T00:00:00Z,2023-08-05T08:00:00Z,2023-08-06T08:00:00Z,2023,2023-07-31T00:00:00Z,-0.6449570179107904,-8.051982308906865,-7.321999835995472,-7.370234482220563,-7.343611803012855
LINK_USDT,2023-08-05T00:00:00Z,2023-08-05T08:00:00Z,2023-08-06T08:00:00Z,2023,2023-07-31T00:00:00Z,-0.46779941931406355,-8.866693283757074,-7.969140293183869,-7.809213126187654,-7.907298463104857
ETH_USDT,2023-08-06T00:00:00Z,2023-08-06T08:00:00Z,2023-08-07T08:00:00Z,2023,2023-07-31T00:00:00Z,-0.8586503068969014,-10.661096878413261,-9.270099081305917,-9.291921923738668,-9.264855368605
SOL_USDT,2023-08-06T00:00:00Z,2023-08-06T08:00:00Z,2023-08-07T08:00:00Z,2023,2023-07-31T00:00:00Z,-1.2198021840514024,-9.636191180372187,-7.493470333469325,-7.552184322598224,-7.500722859261178
LINK_USDT,2023-08-06T00:00:00Z,2023-08-06T08:00:00Z,2023-08-07T08:00:00Z,2023,2023-07-31T00:00:00Z,-1.0938399818761084,-8.370767971937319,-7.9775343171020054,-8.052629846418085,-7.948979787544797
ETH_USDT,2023-08-07T00:00:00Z,2023-08-07T08:00:00Z,2023-08-08T08:00:00Z,2023,2023-08-07T00:00:00Z,-0.8720630762084186,-8.86614428817547,-9.266253656091612,-9.338712140939139,-9.371182221179659
SOL_USDT,2023-08-07T00:00:00Z,2023-08-07T08:00:00Z,2023-08-08T08:00:00Z,2023,2023-08-07T00:00:00Z,-0.7630595299543275,-7.5109895376673865,-7.49713220677919,-7.517178661431499,-7.608319088983781
LINK_USDT,2023-08-07T00:00:00Z,2023-08-07T08:00:00Z,2023-08-08T08:00:00Z,2023,2023-08-07T00:00:00Z,-1.0505366688643312,-6.4895065667483545,-8.067956565182586,-8.134499133017176,-8.132247157690667
ETH_USDT,2023-08-08T00:00:00Z,2023-08-08T08:00:00Z,2023-08-09T08:00:00Z,2023,2023-08-07T00:00:00Z,0.017085163106665233,-9.169402996438517,-9.022265693722078,-9.005405844456444,-9.136048838870353
SOL_USDT,2023-08-08T00:00:00Z,2023-08-08T08:00:00Z,2023-08-09T08:00:00Z,2023,2023-08-07T00:00:00Z,-0.5362519774397078,-6.849445934195769,-7.445460014649569,-7.440794468267882,-7.461699786625468
LINK_USDT,2023-08-08T00:00:00Z,2023-08-08T08:00:00Z,2023-08-09T08:00:00Z,2023,2023-08-07T00:00:00Z,-0.39074530095586707,-8.259305003698067,-7.593434179713057,-7.650998891346847,-7.689867816720572
ETH_USDT,2023-08-09T00:00:00Z,2023-08-09T08:00:00Z,2023-08-10T08:00:00Z,2023,2023-08-07T00:00:00Z,0.0678838854820321,-10.601886295597795,-9.371842792088302,-9.271521759501413,-9.267475664681033
SOL_USDT,2023-08-09T00:00:00Z,2023-08-09T08:00:00Z,2023-08-10T08:00:00Z,2023,2023-08-07T00:00:00Z,-0.16069134545585767,-9.679753521877773,-7.470831993305239,-7.381145985779735,-7.437820198448883
LINK_USDT,2023-08-09T00:00:00Z,2023-08-09T08:00:00Z,2023-08-10T08:00:00Z,2023,2023-08-07T00:00:00Z,-0.20026587517797578,-7.182097140764157,-7.772559708101911,-7.653161070822571,-7.728076795882312
ETH_USDT,2023-08-10T00:00:00Z,2023-08-10T08:00:00Z,2023-08-11T08:00:00Z,2023,2023-08-07T00:00:00Z,-0.12675705209682417,-12.125523846639412,-9.596396401108754,-9.459418563897765,-9.46554534564746
SOL_USDT,2023-08-10T00:00:00Z,2023-08-10T08:00:00Z,2023-08-11T08:00:00Z,2023,2023-08-07T00:00:00Z,-0.31491286428763754,-8.911118519232188,-7.611475549819836,-7.489796779270504,-7.506788270414732
LINK_USDT,2023-08-10T00:00:00Z,2023-08-10T08:00:00Z,2023-08-11T08:00:00Z,2023,2023-08-07T00:00:00Z,0.1058044317698635,-8.531617343444688,-7.7241712922049475,-7.585235358394502,-7.658194537786157
ETH_USDT,2023-08-11T00:00:00Z,2023-08-11T08:00:00Z,2023-08-12T08:00:00Z,2023,2023-08-07T00:00:00Z,-0.531000882977952,-11.80557032120816,-9.746826369196391,-9.650757091338008,-9.653649393998329
SOL_USDT,2023-08-11T00:00:00Z,2023-08-11T08:00:00Z,2023-08-12T08:00:00Z,2023,2023-08-07T00:00:00Z,-0.7174580084993469,-10.501473196190402,-7.751702183762153,-7.687844143518673,-7.677641411166185
LINK_USDT,2023-08-11T00:00:00Z,2023-08-11T08:00:00Z,2023-08-12T08:00:00Z,2023,2023-08-07T00:00:00Z,-0.4191122492192376,-9.26887114459895,-7.8366119594586925,-7.7748240181274095,-7.721521082990435
ETH_USDT,2023-08-12T00:00:00Z,2023-08-12T08:00:00Z,2023-08-13T08:00:00Z,2023,2023-08-07T00:00:00Z,-0.627364254389406,-15.207292065544374,-9.949186850210749,-9.867912675118696,-9.910276564619048
SOL_USDT,2023-08-12T00:00:00Z,2023-08-12T08:00:00Z,2023-08-13T08:00:00Z,2023,2023-08-07T00:00:00Z,-0.751485244546287,-8.809617158650617,-8.03807138924154,-7.915437121396556,-8.006946532798215
LINK_USDT,2023-08-12T00:00:00Z,2023-08-12T08:00:00Z,2023-08-13T08:00:00Z,2023,2023-08-07T00:00:00Z,-0.9955153798526728,-9.209452661430785,-7.873271623374564,-7.9371670746101595,-7.855976171488525
ETH_USDT,2023-08-13T00:00:00Z,2023-08-13T08:00:00Z,2023-08-14T08:00:00Z,2023,2023-08-07T00:00:00Z,-1.1227178136835512,-10.103119283878474,-10.237297942385009,-10.238101825094246,-10.254015110706064
SOL_USDT,2023-08-13T00:00:00Z,2023-08-13T08:00:00Z,2023-08-14T08:00:00Z,2023,2023-08-07T00:00:00Z,-0.9325066077277866,-8.047392735126534,-8.133641231221441,-8.141468824929758,-8.144561532088824
LINK_USDT,2023-08-13T00:00:00Z,2023-08-13T08:00:00Z,2023-08-14T08:00:00Z,2023,2023-08-07T00:00:00Z,-1.3124970357005985,-7.864514524861337,-8.073990312062937,-8.16530933265798,-8.168068966329475
ETH_USDT,2023-08-14T00:00:00Z,2023-08-14T08:00:00Z,2023-08-15T08:00:00Z,2023,2023-08-14T00:00:00Z,-0.4063601253811737,-10.680496477902352,-10.157686011120514,-10.149973060588884,-10.267036250050264
SOL_USDT,2023-08-14T00:00:00Z,2023-08-14T08:00:00Z,2023-08-15T08:00:00Z,2023,2023-08-14T00:00:00Z,-0.6776238130012516,-7.394073635693893,-8.135861825976884,-8.1665074496205,-8.187563331626952
LINK_USDT,2023-08-14T00:00:00Z,2023-08-14T08:00:00Z,2023-08-15T08:00:00Z,2023,2023-08-14T00:00:00Z,-0.8322445859116173,-7.109635164425235,-7.910867221023798,-7.9974170759370935,-8.047807653280948
ETH_USDT,2023-08-15T00:00:00Z,2023-08-15T08:00:00Z,2023-08-16T08:00:00Z,2023,2023-08-14T00:00:00Z,-0.18851572168793324,-10.058059665587736,-10.275875811740907,-10.243219830103213,-10.238241760246513
SOL_USDT,2023-08-15T00:00:00Z,2023-08-15T08:00:00Z,2023-08-16T08:00:00Z,2023,2023-08-14T00:00:00Z,-0.20941494772019933,-6.464995233273357,-8.084322816334415,-8.062091069847085,-8.105058281726539
LINK_USDT,2023-08-15T00:00:00Z,2023-08-15T08:00:00Z,2023-08-16T08:00:00Z,2023,2023-08-14T00:00:00Z,-0.2276688446970041,-6.591328663950219,-7.909820578420874,-7.894610350766949,-7.947814460039186
ETH_USDT,2023-08-16T00:00:00Z,2023-08-16T08:00:00Z,2023-08-17T08:00:00Z,2023,2023-08-14T00:00:00Z,0.013686183928863532,-9.410559877828275,-10.495768129615849,-10.387903308364612,-10.406668767214668
SOL_USDT,2023-08-16T00:00:00Z,2023-08-16T08:00:00Z,2023-08-17T08:00:00Z,2023,2023-08-14T00:00:00Z,0.08968029914008188,-7.241575389817562,-7.970333546290916,-7.921465777568308,-7.937233199671296
LINK_USDT,2023-08-16T00:00:00Z,2023-08-16T08:00:00Z,2023-08-17T08:00:00Z,2023,2023-08-14T00:00:00Z,0.1765577323874394,-7.039742122373217,-7.716276912853921,-7.633272536818658,-7.692951943511432
ETH_USDT,2023-08-17T00:00:00Z,2023-08-17T08:00:00Z,2023-08-18T08:00:00Z,2023,2023-08-14T00:00:00Z,0.1184824865528837,-6.054643486822155,-10.279331097627448,-10.190290602091707,-10.17389660194652
SOL_USDT,2023-08-17T00:00:00Z,2023-08-17T08:00:00Z,2023-08-18T08:00:00Z,2023,2023-08-14T00:00:00Z,0.2026839937190139,-5.629015578029191,-7.830440466706473,-7.745789380076195,-7.757655109287936
LINK_USDT,2023-08-17T00:00:00Z,2023-08-17T08:00:00Z,2023-08-18T08:00:00Z,2023,2023-08-14T00:00:00Z,0.14419088599288685,-5.232827511811059,-7.683728999197874,-7.615899729700497,-7.606310908520411
ETH_USDT,2023-08-18T00:00:00Z,2023-08-18T08:00:00Z,2023-08-19T08:00:00Z,2023,2023-08-14T00:00:00Z,1.3330460565392481,-8.05184689028154,-8.424519109574472,-8.309067828652928,-8.44587633850334
SOL_USDT,2023-08-18T00:00:00Z,2023-08-18T08:00:00Z,2023-08-19T08:00:00Z,2023,2023-08-14T00:00:00Z,0.5411730301737363,-6.77226025929723,-7.244251866097687,-7.198877694636366,-7.1951914231530285
LINK_USDT,2023-08-18T00:00:00Z,2023-08-18T08:00:00Z,2023-08-19T08:00:00Z,2023,2023-08-14T00:00:00Z,0.39158731820098985,-8.360789663860729,-7.0147116246961305,-7.0155123757162094,-6.984266147052858
ETH_USDT,2023-08-19T00:00:00Z,2023-08-19T08:00:00Z,2023-08-20T08:00:00Z,2023,2023-08-14T00:00:00Z,0.8612804455734675,-8.308888790170506,-8.462857101832796,-8.367881402421753,-8.298810591925019
SOL_USDT,2023-08-19T00:00:00Z,2023-08-19T08:00:00Z,2023-08-20T08:00:00Z,2023,2023-08-14T00:00:00Z,0.05273625225960424,-9.196021424724464,-7.269753459657973,-7.281805022891293,-7.177474184640493
LINK_USDT,2023-08-19T00:00:00Z,2023-08-19T08:00:00Z,2023-08-20T08:00:00Z,2023,2023-08-14T00:00:00Z,-0.18090508788988174,-9.157686572659411,-7.178220069074442,-7.186065924560013,-7.108799137392472
ETH_USDT,2023-08-20T00:00:00Z,2023-08-20T08:00:00Z,2023-08-21T08:00:00Z,2023,2023-08-14T00:00:00Z,0.03437125554852516,-8.850879964728406,-8.456932582565365,-8.550367569800395,-8.381577525632057
SOL_USDT,2023-08-20T00:00:00Z,2023-08-20T08:00:00Z,2023-08-21T08:00:00Z,2023,2023-08-14T00:00:00Z,-0.7300969949847657,-7.8064244858471055,-7.299159379015836,-7.483233016876246,-7.297423289232458
LINK_USDT,2023-08-20T00:00:00Z,2023-08-20T08:00:00Z,2023-08-21T08:00:00Z,2023,2023-08-14T00:00:00Z,-0.7306455739248628,-9.209881600749151,-7.376614687165731,-7.4953452863812435,-7.434005771146767
ETH_USDT,2023-08-21T00:00:00Z,2023-08-21T08:00:00Z,2023-08-22T08:00:00Z,2023,2023-08-21T00:00:00Z,-0.13617095266344023,-9.127770718451005,-8.585843866902067,-8.664038144443861,-8.64995283431559
SOL_USDT,2023-08-21T00:00:00Z,2023-08-21T08:00:00Z,2023-08-22T08:00:00Z,2023,2023-08-21T00:00:00Z,-1.1791226670289223,-6.539146900790442,-7.518207954436964,-7.6981768984852,-7.64330853277183
LINK_USDT,2023-08-21T00:00:00Z,2023-08-21T08:00:00Z,2023-08-22T08:00:00Z,2023,2023-08-21T00:00:00Z,-1.2593808961725925,-8.041224980853928,-7.474001311237702,-7.7429393689464945,-7.63186718345124
ETH_USDT,2023-08-22T00:00:00Z,2023-08-22T08:00:00Z,2023-08-23T08:00:00Z,2023,2023-08-21T00:00:00Z,0.09400377348061013,-8.405387566365619,-8.471451988046606,-8.535781976349373,-8.559552786066904
SOL_USDT,2023-08-22T00:00:00Z,2023-08-22T08:00:00Z,2023-08-23T08:00:00Z,2023,2023-08-21T00:00:00Z,-0.2924352870857029,-7.367771938990074,-7.207235379748137,-7.3518410419060665,-7.416354333377212
LINK_USDT,2023-08-22T00:00:00Z,2023-08-22T08:00:00Z,2023-08-23T08:00:00Z,2023,2023-08-21T00:00:00Z,-0.3469529351525692,-7.792703391799343,-7.410583119395173,-7.510974411178752,-7.643109795982204
ETH_USDT,2023-08-23T00:00:00Z,2023-08-23T08:00:00Z,2023-08-24T08:00:00Z,2023,2023-08-21T00:00:00Z,0.5129271254977575,-8.336081600744027,-8.457195396663087,-8.416423290102886,-8.511049680520358
SOL_USDT,2023-08-23T00:00:00Z,2023-08-23T08:00:00Z,2023-08-24T08:00:00Z,2023,2023-08-21T00:00:00Z,-0.009637988288056759,-6.477784502248459,-7.321707702169884,-7.329004812866043,-7.3807941331901725
LINK_USDT,2023-08-23T00:00:00Z,2023-08-23T08:00:00Z,2023-08-24T08:00:00Z,2023,2023-08-21T00:00:00Z,-0.10421478203537712,-7.494480818884747,-7.544560584168098,-7.540599777531617,-7.621289630838321
ETH_USDT,2023-08-24T00:00:00Z,2023-08-24T08:00:00Z,2023-08-25T08:00:00Z,2023,2023-08-21T00:00:00Z,0.45127344408122666,-7.5875710018862375,-8.389977058157953,-8.3901108634693,-8.379173645567729
SOL_USDT,2023-08-24T00:00:00Z,2023-08-24T08:00:00Z,2023-08-25T08:00:00Z,2023,2023-08-21T00:00:00Z,0.05068948123305324,-6.402052388365159,-7.2110254684597885,-7.268373483625336,-7.2358100257587
LINK_USDT,2023-08-24T00:00:00Z,2023-08-24T08:00:00Z,2023-08-25T08:00:00Z,2023,2023-08-21T00:00:00Z,-0.12933460773848848,-6.596668258452953,-7.4542450193430545,-7.530984850012956,-7.490966637982662
ETH_USDT,2023-08-25T00:00:00Z,2023-08-25T08:00:00Z,2023-08-26T08:00:00Z,2023,2023-08-21T00:00:00Z,-0.04158005716198582,-10.397547829626028,-8.697555247391826,-8.800267362249961,-8.636371409189362
SOL_USDT,2023-08-25T00:00:00Z,2023-08-25T08:00:00Z,2023-08-26T08:00:00Z,2023,2023-08-21T00:00:00Z,-0.2513132153584979,-8.761159295561878,-7.359100088417409,-7.454644648224756,-7.343832758932238
LINK_USDT,2023-08-25T00:00:00Z,2023-08-25T08:00:00Z,2023-08-26T08:00:00Z,2023,2023-08-21T00:00:00Z,-0.3268039475119397,-9.18120263459248,-7.8918625263977225,-7.977929899031371,-7.86082782806963
ETH_USDT,2023-08-26T00:00:00Z,2023-08-26T08:00:00Z,2023-08-27T08:00:00Z,2023,2023-08-21T00:00:00Z,-0.0151945749187849,-11.649130019882241,-8.925050650522929,-8.910821456769634,-8.92849123415527
SOL_USDT,2023-08-26T00:00:00Z,2023-08-26T08:00:00Z,2023-08-27T08:00:00Z,2023,2023-08-21T00:00:00Z,-0.40188785077039463,-9.936392099886639,-7.471770905624544,-7.584637975186414,-7.513002621858203
LINK_USDT,2023-08-26T00:00:00Z,2023-08-26T08:00:00Z,2023-08-27T08:00:00Z,2023,2023-08-21T00:00:00Z,-0.28569896527457,-10.917141942061528,-7.955193695391329,-7.988953209530134,-7.961421616997379
ETH_USDT,2023-08-27T00:00:00Z,2023-08-27T08:00:00Z,2023-08-28T08:00:00Z,2023,2023-08-21T00:00:00Z,-1.0945553914184478,-8.984219870157101,-9.236657563019286,-9.366195241033026,-9.231286609823163
SOL_USDT,2023-08-27T00:00:00Z,2023-08-27T08:00:00Z,2023-08-28T08:00:00Z,2023,2023-08-21T00:00:00Z,-1.5051638470433664,-7.279493705858487,-7.757416781471816,-8.004992630698773,-7.821179301834049
LINK_USDT,2023-08-27T00:00:00Z,2023-08-27T08:00:00Z,2023-08-28T08:00:00Z,2023,2023-08-21T00:00:00Z,-0.8767206741248781,-7.801770507635917,-8.301379337439638,-8.264279045999197,-8.304099036802803
ETH_USDT,2023-08-28T00:00:00Z,2023-08-28T08:00:00Z,2023-08-29T08:00:00Z,2023,2023-08-28T00:00:00Z,-0.979561923171997,-10.169674554949395,-9.19815062699948,-9.348121219385144,-9.350177876267875
SOL_USDT,2023-08-28T00:00:00Z,2023-08-28T08:00:00Z,2023-08-29T08:00:00Z,2023,2023-08-28T00:00:00Z,-1.0715096006243572,-8.21517252526198,-7.62754951192111,-7.866258967622321,-7.861590159087193
LINK_USDT,2023-08-28T00:00:00Z,2023-08-28T08:00:00Z,2023-08-29T08:00:00Z,2023,2023-08-28T00:00:00Z,-1.0626683681735714,-7.659465951833013,-8.209230927003302,-8.312017451516002,-8.30041572420056
ETH_USDT,2023-08-29T00:00:00Z,2023-08-29T08:00:00Z,2023-08-30T08:00:00Z,2023,2023-08-28T00:00:00Z,-0.10986557609004909,-6.359726331198093,-9.061501662195484,-9.085489249845839,-9.189469677561425
SOL_USDT,2023-08-29T00:00:00Z,2023-08-29T08:00:00Z,2023-08-30T08:00:00Z,2023,2023-08-28T00:00:00Z,-0.6885049840622557,-5.775169445620492,-7.692218546596702,-7.837973305994028,-7.834724153868983
LINK_USDT,2023-08-29T00:00:00Z,2023-08-29T08:00:00Z,2023-08-30T08:00:00Z,2023,2023-08-28T00:00:00Z,-0.1454651195740946,-5.894079929250973,-7.947155116589559,-7.96822297856245,-8.071191938846095
ETH_USDT,2023-08-30T00:00:00Z,2023-08-30T08:00:00Z,2023-08-31T08:00:00Z,2023,2023-08-28T00:00:00Z,0.7142461994044625,-9.592058148176244,-8.325555210059111,-8.304523200751525,-8.358926432115627
SOL_USDT,2023-08-30T00:00:00Z,2023-08-30T08:00:00Z,2023-08-31T08:00:00Z,2023,2023-08-28T00:00:00Z,0.5060651867899438,-6.5796815116727405,-7.228650807389605,-7.2064351610902095,-7.330846325460756
LINK_USDT,2023-08-30T00:00:00Z,2023-08-30T08:00:00Z,2023-08-31T08:00:00Z,2023,2023-08-28T00:00:00Z,0.36850549229962054,-7.4981435675883406,-7.434812513386148,-7.434390876891409,-7.446485447681347
ETH_USDT,2023-08-31T00:00:00Z,2023-08-31T08:00:00Z,2023-09-01T08:00:00Z,2023,2023-08-28T00:00:00Z,-0.1749377867870769,-7.158826616384476,-8.543501185679444,-8.593550693050457,-8.458573716166146
SOL_USDT,2023-08-31T00:00:00Z,2023-08-31T08:00:00Z,2023-09-01T08:00:00Z,2023,2023-08-28T00:00:00Z,-0.24853618721363221,-6.618807290836007,-7.335564573325865,-7.436301930225523,-7.267289359042575
LINK_USDT,2023-08-31T00:00:00Z,2023-08-31T08:00:00Z,2023-09-01T08:00:00Z,2023,2023-08-28T00:00:00Z,-0.1947949097799448,-7.949011810160077,-7.534705528175849,-7.601264390456517,-7.478683591908531
ETH_USDT,2023-09-01T00:00:00Z,2023-09-01T08:00:00Z,2023-09-02T08:00:00Z,2023,2023-08-28T00:00:00Z,0.30090069261878427,-9.668105132911345,-8.324846842346144,-8.362333977837336,-8.363500795997881
SOL_USDT,2023-09-01T00:00:00Z,2023-09-01T08:00:00Z,2023-09-02T08:00:00Z,2023,2023-08-28T00:00:00Z,0.01508592338369476,-7.35808689368203,-7.262738943500245,-7.309481971932743,-7.292319074018279
LINK_USDT,2023-09-01T00:00:00Z,2023-09-01T08:00:00Z,2023-09-02T08:00:00Z,2023,2023-08-28T00:00:00Z,0.06170850824794769,-10.864268792754805,-7.623682987313162,-7.580090952088123,-7.628263132676048
ETH_USDT,2023-09-02T00:00:00Z,2023-09-02T08:00:00Z,2023-09-03T08:00:00Z,2023,2023-08-28T00:00:00Z,0.18458539559805057,-10.783917022936302,-8.54279793949742,-8.479932042439033,-8.52160484966004
SOL_USDT,2023-09-02T00:00:00Z,2023-09-02T08:00:00Z,2023-09-03T08:00:00Z,2023,2023-08-28T00:00:00Z,-0.28573230494674356,-11.657593626738292,-7.420111406938816,-7.473526610909446,-7.419449368532009
LINK_USDT,2023-09-02T00:00:00Z,2023-09-02T08:00:00Z,2023-09-03T08:00:00Z,2023,2023-08-28T00:00:00Z,-0.05084338762994381,-9.794655730171764,-7.760063257441166,-7.71797041122941,-7.735553571337007
ETH_USDT,2023-09-03T00:00:00Z,2023-09-03T08:00:00Z,2023-09-04T08:00:00Z,2023,2023-08-28T00:00:00Z,-0.8866115364919003,-11.664511573491437,-8.628521097412275,-8.75971157396064,-8.625154436687431
SOL_USDT,2023-09-03T00:00:00Z,2023-09-03T08:00:00Z,2023-09-04T08:00:00Z,2023,2023-08-28T00:00:00Z,-0.8383529711016908,-7.959675912363259,-7.498135746259665,-7.625704259204203,-7.540951272826608
LINK_USDT,2023-09-03T00:00:00Z,2023-09-03T08:00:00Z,2023-09-04T08:00:00Z,2023,2023-08-28T00:00:00Z,-1.0827795791319603,-8.649375836334059,-7.941410396905125,-8.007480143652183,-7.931859317474178
ETH_USDT,2023-09-04T00:00:00Z,2023-09-04T08:00:00Z,2023-09-05T08:00:00Z,2023,2023-09-04T00:00:00Z,-0.7401300439712282,-9.439515015853019,-8.710295003064044,-8.756688490544276,-8.845894118463752
SOL_USDT,2023-09-04T00:00:00Z,2023-09-04T08:00:00Z,2023-09-05T08:00:00Z,2023,2023-09-04T00:00:00Z,-1.1290674864198498,-7.790188781736253,-7.504244147700407,-7.714290741766302,-7.6187941944968545
LINK_USDT,2023-09-04T00:00:00Z,2023-09-04T08:00:00Z,2023-09-05T08:00:00Z,2023,2023-09-04T00:00:00Z,-0.7188235950118042,-8.473686377651111,-7.8377044794854305,-7.908737149883823,-7.967077271740762
ETH_USDT,2023-09-05T00:00:00Z,2023-09-05T08:00:00Z,2023-09-06T08:00:00Z,2023,2023-09-04T00:00:00Z,-0.3878211807741405,-9.689486282259532,-8.609821620262013,-8.682601903682253,-8.72721083761345
SOL_USDT,2023-09-05T00:00:00Z,2023-09-05T08:00:00Z,2023-09-06T08:00:00Z,2023,2023-09-04T00:00:00Z,-0.3637778355748478,-5.729958299721173,-7.468821757494846,-7.540083942494313,-7.6212591949319535
LINK_USDT,2023-09-05T00:00:00Z,2023-09-05T08:00:00Z,2023-09-06T08:00:00Z,2023,2023-09-04T00:00:00Z,-0.27344827349848455,-7.8636200918471575,-7.812929566329585,-7.83613661326383,-7.890945540546998
ETH_USDT,2023-09-06T00:00:00Z,2023-09-06T08:00:00Z,2023-09-07T08:00:00Z,2023,2023-09-04T00:00:00Z,-0.20564050822317442,-9.8692182448932,-9.12670845934357,-9.099414411922774,-9.144794013074895
SOL_USDT,2023-09-06T00:00:00Z,2023-09-06T08:00:00Z,2023-09-07T08:00:00Z,2023,2023-09-04T00:00:00Z,0.28690363950212416,-7.598588754024506,-7.425748879242168,-7.40067378436851,-7.472893775887391
LINK_USDT,2023-09-06T00:00:00Z,2023-09-06T08:00:00Z,2023-09-07T08:00:00Z,2023,2023-09-04T00:00:00Z,-0.2221709006377618,-7.671060701974058,-8.201567698114902,-8.178228676046489,-8.178515257218862
ETH_USDT,2023-09-07T00:00:00Z,2023-09-07T08:00:00Z,2023-09-08T08:00:00Z,2023,2023-09-04T00:00:00Z,-0.1278161270229416,-8.977122377847772,-9.116610647355037,-9.074602893814788,-9.102874650375401
SOL_USDT,2023-09-07T00:00:00Z,2023-09-07T08:00:00Z,2023-09-08T08:00:00Z,2023,2023-09-04T00:00:00Z,0.07093060213324402,-7.838349070770316,-7.440155118087366,-7.43368754462265,-7.388700826950591
LINK_USDT,2023-09-07T00:00:00Z,2023-09-07T08:00:00Z,2023-09-08T08:00:00Z,2023,2023-09-04T00:00:00Z,0.26786866914213164,-7.411781381742478,-8.279794432522893,-8.150596365107152,-8.23716462936436
ETH_USDT,2023-09-08T00:00:00Z,2023-09-08T08:00:00Z,2023-09-09T08:00:00Z,2023,2023-09-04T00:00:00Z,-0.07912336894363976,-8.813901041088439,-9.537701767426181,-9.476305239450442,-9.455798429364288
SOL_USDT,2023-09-08T00:00:00Z,2023-09-08T08:00:00Z,2023-09-09T08:00:00Z,2023,2023-09-04T00:00:00Z,-0.25953190039413876,-7.719073570417608,-7.550502720261721,-7.576453174934505,-7.515758168063723
LINK_USDT,2023-09-08T00:00:00Z,2023-09-08T08:00:00Z,2023-09-09T08:00:00Z,2023,2023-09-04T00:00:00Z,-0.12697180871021205,-8.159070939898298,-8.179642905019081,-8.155372659347616,-8.076477506725329
ETH_USDT,2023-09-09T00:00:00Z,2023-09-09T08:00:00Z,2023-09-10T08:00:00Z,2023,2023-09-04T00:00:00Z,-0.11107244539971607,-10.05531640892077,-9.420263288578218,-9.38346951883987,-9.343343126499636
SOL_USDT,2023-09-09T00:00:00Z,2023-09-09T08:00:00Z,2023-09-10T08:00:00Z,2023,2023-09-04T00:00:00Z,-0.4113198916132703,-6.0820156872702915,-7.567274910898858,-7.620317817759029,-7.575443081393375
LINK_USDT,2023-09-09T00:00:00Z,2023-09-09T08:00:00Z,2023-09-10T08:00:00Z,2023,2023-09-04T00:00:00Z,-0.527108587940599,-8.701401725634705,-8.128183255191125,-8.196975389651831,-8.084826460000986
ETH_USDT,2023-09-10T00:00:00Z,2023-09-10T08:00:00Z,2023-09-11T08:00:00Z,2023,2023-09-04T00:00:00Z,-1.4334108983502643,-10.71280374568975,-9.85477790781977,-9.888902395206365,-9.784942827349054
SOL_USDT,2023-09-10T00:00:00Z,2023-09-10T08:00:00Z,2023-09-11T08:00:00Z,2023,2023-09-04T00:00:00Z,-1.509907157065479,-8.206987090840794,-7.804755098284536,-8.00026645979051,-7.840009610131044
LINK_USDT,2023-09-10T00:00:00Z,2023-09-10T08:00:00Z,2023-09-11T08:00:00Z,2023,2023-09-04T00:00:00Z,-1.164475775978432,-8.65669371738735,-8.312785646758858,-8.441071833752105,-8.334361820312466
ETH_USDT,2023-09-11T00:00:00Z,2023-09-11T08:00:00Z,2023-09-12T08:00:00Z,2023,2023-09-11T00:00:00Z,-0.18573913647674895,-6.609275973916213,-9.512061117358146,-9.444352133932327,-9.621231041988825
SOL_USDT,2023-09-11T00:00:00Z,2023-09-11T08:00:00Z,2023-09-12T08:00:00Z,2023,2023-09-11T00:00:00Z,0.571138808047137,-7.328037523004109,-7.314310023173115,-7.2292831381691425,-7.508143372371743
LINK_USDT,2023-09-11T00:00:00Z,2023-09-11T08:00:00Z,2023-09-12T08:00:00Z,2023,2023-09-11T00:00:00Z,-0.1558403058204446,-7.208733992894989,-8.17342834620613,-8.13028705536763,-8.277442626211942
ETH_USDT,2023-09-12T00:00:00Z,2023-09-12T08:00:00Z,2023-09-13T08:00:00Z,2023,2023-09-11T00:00:00Z,0.43826651623447327,-8.117378422789665,-8.666220150923408,-8.636953214128393,-8.664382007576421
SOL_USDT,2023-09-12T00:00:00Z,2023-09-12T08:00:00Z,2023-09-13T08:00:00Z,2023,2023-09-11T00:00:00Z,0.3511959915844115,-10.709777459599232,-7.332829773947558,-7.2356124013856835,-7.2408718682653
LINK_USDT,2023-09-12T00:00:00Z,2023-09-12T08:00:00Z,2023-09-13T08:00:00Z,2023,2023-09-11T00:00:00Z,0.1699678259015181,-8.642580280329202,-7.995801863168749,-7.9315107593383845,-7.964624484526851
ETH_USDT,2023-09-13T00:00:00Z,2023-09-13T08:00:00Z,2023-09-14T08:00:00Z,2023,2023-09-11T00:00:00Z,0.19180810163817033,-8.13797551026156,-8.507038251824133,-8.521860554252614,-8.437069412425949
SOL_USDT,2023-09-13T00:00:00Z,2023-09-13T08:00:00Z,2023-09-14T08:00:00Z,2023,2023-09-11T00:00:00Z,0.356430788153212,-6.822978233147172,-7.564671786979681,-7.4187627216180285,-7.483640747414698
LINK_USDT,2023-09-13T00:00:00Z,2023-09-13T08:00:00Z,2023-09-14T08:00:00Z,2023,2023-09-11T00:00:00Z,-0.14659772675522703,-9.254352022094283,-7.984628177272332,-7.986094705186559,-7.9124397212060416
ETH_USDT,2023-09-14T00:00:00Z,2023-09-14T08:00:00Z,2023-09-15T08:00:00Z,2023,2023-09-11T00:00:00Z,-0.19858579771029167,-9.29225818677966,-8.55057319260631,-8.609485521726725,-8.520065072860795
SOL_USDT,2023-09-14T00:00:00Z,2023-09-14T08:00:00Z,2023-09-15T08:00:00Z,2023,2023-09-11T00:00:00Z,0.19029421056071844,-8.18699404214811,-7.596266333552709,-7.519312846338419,-7.51637511012978
LINK_USDT,2023-09-14T00:00:00Z,2023-09-14T08:00:00Z,2023-09-15T08:00:00Z,2023,2023-09-11T00:00:00Z,-0.1576919307734536,-8.522071973467419,-8.215553609110573,-8.143929617300904,-8.181555728583934
ETH_USDT,2023-09-15T00:00:00Z,2023-09-15T08:00:00Z,2023-09-16T08:00:00Z,2023,2023-09-11T00:00:00Z,0.019625566627374243,-8.452830074686164,-8.563857713756125,-8.557016200729452,-8.580973896421597
SOL_USDT,2023-09-15T00:00:00Z,2023-09-15T08:00:00Z,2023-09-16T08:00:00Z,2023,2023-09-11T00:00:00Z,0.3119598276450669,-8.151601723259656,-7.591756693188119,-7.487760163311042,-7.537177312907507
LINK_USDT,2023-09-15T00:00:00Z,2023-09-15T08:00:00Z,2023-09-16T08:00:00Z,2023,2023-09-11T00:00:00Z,0.027319895291686717,-7.048147768601241,-8.240904613652983,-8.1615632765252,-8.207111068225304
ETH_USDT,2023-09-16T00:00:00Z,2023-09-16T08:00:00Z,2023-09-17T08:00:00Z,2023,2023-09-11T00:00:00Z,-0.3908048950191712,-10.891267475996901,-8.538341599419214,-8.631625111086233,-8.530788590697812
SOL_USDT,2023-09-16T00:00:00Z,2023-09-16T08:00:00Z,2023-09-17T08:00:00Z,2023,2023-09-11T00:00:00Z,-0.3913062357986502,-8.260160267691969,-7.6165179539194785,-7.6587510466892965,-7.550431430353193
LINK_USDT,2023-09-16T00:00:00Z,2023-09-16T08:00:00Z,2023-09-17T08:00:00Z,2023,2023-09-11T00:00:00Z,-0.21453470193423146,-7.7508464915671205,-8.083225997682813,-8.120713395789865,-8.038278235291651
ETH_USDT,2023-09-17T00:00:00Z,2023-09-17T08:00:00Z,2023-09-18T08:00:00Z,2023,2023-09-11T00:00:00Z,-0.8880386039474358,-9.569209318951156,-8.865185208138396,-8.957743782614731,-8.920115310497843
SOL_USDT,2023-09-17T00:00:00Z,2023-09-17T08:00:00Z,2023-09-18T08:00:00Z,2023,2023-09-11T00:00:00Z,-0.7084495577010458,-7.902106108307991,-7.77323698619041,-7.837907438825197,-7.7978814740120646
LINK_USDT,2023-09-17T00:00:00Z,2023-09-17T08:00:00Z,2023-09-18T08:00:00Z,2023,2023-09-11T00:00:00Z,-0.4124374517955546,-5.497795940420071,-8.219228775550375,-8.29484535848877,-8.225863326852046
ETH_USDT,2023-09-18T00:00:00Z,2023-09-18T08:00:00Z,2023-09-19T08:00:00Z,2023,2023-09-18T00:00:00Z,-0.6457340821336605,-8.11995065110491,-8.809119145164836,-8.904921691903692,-8.924992890382196
SOL_USDT,2023-09-18T00:00:00Z,2023-09-18T08:00:00Z,2023-09-19T08:00:00Z,2023,2023-09-18T00:00:00Z,-0.9583882316696661,-6.157580025463923,-8.089000091485023,-8.202716025279434,-8.12093523640229
LINK_USDT,2023-09-18T00:00:00Z,2023-09-18T08:00:00Z,2023-09-19T08:00:00Z,2023,2023-09-18T00:00:00Z,-0.6273913395228523,-6.416953670976576,-8.255050360085404,-8.364247456507698,-8.286263268656437
ETH_USDT,2023-09-19T00:00:00Z,2023-09-19T08:00:00Z,2023-09-20T08:00:00Z,2023,2023-09-18T00:00:00Z,0.19982705966669712,-8.279562787046949,-8.746640666599898,-8.750387088069855,-8.81222599988885
SOL_USDT,2023-09-19T00:00:00Z,2023-09-19T08:00:00Z,2023-09-20T08:00:00Z,2023,2023-09-18T00:00:00Z,0.29830825927857385,-8.024806846846811,-7.531922493865822,-7.504488043053306,-7.614599409366721
LINK_USDT,2023-09-19T00:00:00Z,2023-09-19T08:00:00Z,2023-09-20T08:00:00Z,2023,2023-09-18T00:00:00Z,1.0285971527382096,-7.203577621328082,-7.299031627627455,-7.204279454629749,-7.3904320577370175
ETH_USDT,2023-09-20T00:00:00Z,2023-09-20T08:00:00Z,2023-09-21T08:00:00Z,2023,2023-09-18T00:00:00Z,-0.21058611782858053,-10.256361923974033,-8.915540903831591,-8.974027077210847,-8.869005299362
SOL_USDT,2023-09-20T00:00:00Z,2023-09-20T08:00:00Z,2023-09-21T08:00:00Z,2023,2023-09-18T00:00:00Z,0.11749031134142846,-7.597972389642753,-7.656537427837206,-7.5899990795992185,-7.59377630929383
LINK_USDT,2023-09-20T00:00:00Z,2023-09-20T08:00:00Z,2023-09-21T08:00:00Z,2023,2023-09-18T00:00:00Z,0.6492466724328553,-7.5384558478299555,-7.356905121983989,-7.278307451792186,-7.258100276025344
ETH_USDT,2023-09-21T00:00:00Z,2023-09-21T08:00:00Z,2023-09-22T08:00:00Z,2023,2023-09-18T00:00:00Z,0.01641780924443546,-7.557922340609494,-9.150253744463381,-9.077326084442367,-9.143922901115502
SOL_USDT,2023-09-21T00:00:00Z,2023-09-21T08:00:00Z,2023-09-22T08:00:00Z,2023,2023-09-18T00:00:00Z,-0.05737156397700954,-7.808940684039424,-7.8240589030480185,-7.748572220382762,-7.7816395714946545
LINK_USDT,2023-09-21T00:00:00Z,2023-09-21T08:00:00Z,2023-09-22T08:00:00Z,2023,2023-09-18T00:00:00Z,0.44565454370357477,-8.377023180712348,-7.4733282364615965,-7.372445876168898,-7.420667879160829
ETH_USDT,2023-09-22T00:00:00Z,2023-09-22T08:00:00Z,2023-09-23T08:00:00Z,2023,2023-09-18T00:00:00Z,0.053363572154152515,-12.814235344826232,-8.818268854155303,-8.84863959466167,-8.797703638894415
SOL_USDT,2023-09-22T00:00:00Z,2023-09-22T08:00:00Z,2023-09-23T08:00:00Z,2023,2023-09-18T00:00:00Z,0.06408103782651912,-9.234734699413094,-7.683654426406211,-7.650163442427163,-7.661537944111097
LINK_USDT,2023-09-22T00:00:00Z,2023-09-22T08:00:00Z,2023-09-23T08:00:00Z,2023,2023-09-18T00:00:00Z,0.3549697654187091,-6.875479074659703,-7.393000431666061,-7.340588614302725,-7.363354739486305
ETH_USDT,2023-09-23T00:00:00Z,2023-09-23T08:00:00Z,2023-09-24T08:00:00Z,2023,2023-09-18T00:00:00Z,-0.5645279562705926,-11.311096525517453,-9.069314918534264,-9.131158613438913,-9.039707932190682
SOL_USDT,2023-09-23T00:00:00Z,2023-09-23T08:00:00Z,2023-09-24T08:00:00Z,2023,2023-09-18T00:00:00Z,-0.3873256050666565,-8.320658638102696,-7.865613267191646,-7.861905252692967,-7.82935774397564
LINK_USDT,2023-09-23T00:00:00Z,2023-09-23T08:00:00Z,2023-09-24T08:00:00Z,2023,2023-09-18T00:00:00Z,0.03844653757688323,-6.494337755029789,-7.362188184545618,-7.396625581668591,-7.345814915476658
ETH_USDT,2023-09-24T00:00:00Z,2023-09-24T08:00:00Z,2023-09-25T08:00:00Z,2023,2023-09-18T00:00:00Z,-1.1977923938387194,-10.12761863089842,-9.278447792458104,-9.391375401890379,-9.327411649482231
SOL_USDT,2023-09-24T00:00:00Z,2023-09-24T08:00:00Z,2023-09-25T08:00:00Z,2023,2023-09-18T00:00:00Z,-1.0916570308957863,-8.904652850406663,-7.9200146168568235,-8.062258826126588,-7.944700863035846
LINK_USDT,2023-09-24T00:00:00Z,2023-09-24T08:00:00Z,2023-09-25T08:00:00Z,2023,2023-09-18T00:00:00Z,0.7541428915172668,-6.099154683386386,-7.317620436798356,-7.18909252420286,-7.349044937200679
ETH_USDT,2023-09-25T00:00:00Z,2023-09-25T08:00:00Z,2023-09-26T08:00:00Z,2023,2023-09-25T00:00:00Z,-0.4280234944672781,-11.503631363710852,-9.101164796459283,-9.138135032060056,-9.215469874179613
SOL_USDT,2023-09-25T00:00:00Z,2023-09-25T08:00:00Z,2023-09-26T08:00:00Z,2023,2023-09-25T00:00:00Z,-0.8763775175479918,-9.015846712525299,-7.86954450161033,-7.991707731479242,-7.966430659406286
LINK_USDT,2023-09-25T00:00:00Z,2023-09-25T08:00:00Z,2023-09-26T08:00:00Z,2023,2023-09-25T00:00:00Z,0.05875066490624411,-7.61278248784757,-7.3059400831468215,-7.319442061796728,-7.249495002613815
ETH_USDT,2023-09-26T00:00:00Z,2023-09-26T08:00:00Z,2023-09-27T08:00:00Z,2023,2023-09-25T00:00:00Z,-0.19516484267212228,-9.67300213168521,-9.408513816602161,-9.298560471643036,-9.420811778313197
SOL_USDT,2023-09-26T00:00:00Z,2023-09-26T08:00:00Z,2023-09-27T08:00:00Z,2023,2023-09-25T00:00:00Z,-0.443839154833762,-8.923791496325267,-8.314195506194862,-8.28386042765276,-8.349794207135021
LINK_USDT,2023-09-26T00:00:00Z,2023-09-26T08:00:00Z,2023-09-27T08:00:00Z,2023,2023-09-25T00:00:00Z,0.49978675937452055,-8.387268568371864,-7.38153559375916,-7.321971220602189,-7.382903888885937
ETH_USDT,2023-09-27T00:00:00Z,2023-09-27T08:00:00Z,2023-09-28T08:00:00Z,2023,2023-09-25T00:00:00Z,-0.5373794021567317,-8.506004492220384,-9.384070570796467,-9.429144992752466,-9.356606726200503
SOL_USDT,2023-09-27T00:00:00Z,2023-09-27T08:00:00Z,2023-09-28T08:00:00Z,2023,2023-09-25T00:00:00Z,-0.3175158355085408,-8.929906862280498,-8.394663460708754,-8.326001141832215,-8.371081814618186
LINK_USDT,2023-09-27T00:00:00Z,2023-09-27T08:00:00Z,2023-09-28T08:00:00Z,2023,2023-09-25T00:00:00Z,0.23398346069767623,-6.797808346168746,-7.578551898903406,-7.4877644898553495,-7.516175435008395
ETH_USDT,2023-09-28T00:00:00Z,2023-09-28T08:00:00Z,2023-09-29T08:00:00Z,2023,2023-09-25T00:00:00Z,0.24489516385329854,-7.120804201926401,-9.453499442659297,-9.281651253102195,-9.467824161512272
SOL_USDT,2023-09-28T00:00:00Z,2023-09-28T08:00:00Z,2023-09-29T08:00:00Z,2023,2023-09-25T00:00:00Z,-0.12235099269859798,-6.994206729328213,-8.425382302346751,-8.302831727141204,-8.386415795020698
LINK_USDT,2023-09-28T00:00:00Z,2023-09-28T08:00:00Z,2023-09-29T08:00:00Z,2023,2023-09-25T00:00:00Z,0.8260008569124384,-7.7968570577754015,-7.461937407614196,-7.278037321983348,-7.43851200212856
ETH_USDT,2023-09-29T00:00:00Z,2023-09-29T08:00:00Z,2023-09-30T08:00:00Z,2023,2023-09-25T00:00:00Z,0.48432545428028845,-9.379831657386628,-9.175720065060418,-9.1178898073156,-9.10920429162423
SOL_USDT,2023-09-29T00:00:00Z,2023-09-29T08:00:00Z,2023-09-30T08:00:00Z,2023,2023-09-25T00:00:00Z,0.07799486887082155,-10.813125645436333,-8.266908562230606,-8.210822167722005,-8.20986377530117
LINK_USDT,2023-09-29T00:00:00Z,2023-09-29T08:00:00Z,2023-09-30T08:00:00Z,2023,2023-09-25T00:00:00Z,0.8308638144880938,-7.481382266403961,-7.45790725779389,-7.2848969916351605,-7.362710257044489
ETH_USDT,2023-09-30T00:00:00Z,2023-09-30T08:00:00Z,2023-10-01T08:00:00Z,2023,2023-09-25T00:00:00Z,0.22309417919238275,-9.01747878270168,-8.954923633152545,-8.961121332273834,-8.879400339840313
SOL_USDT,2023-09-30T00:00:00Z,2023-09-30T08:00:00Z,2023-10-01T08:00:00Z,2023,2023-09-25T00:00:00Z,0.08062036416155495,-5.8641395860622785,-8.337599112219415,-8.23150711532044,-8.261717072324496
LINK_USDT,2023-09-30T00:00:00Z,2023-09-30T08:00:00Z,2023-10-01T08:00:00Z,2023,2023-09-25T00:00:00Z,0.36770922673246725,-7.4842329345654575,-7.577392082159547,-7.471968522146875,-7.477945650036679
ETH_USDT,2023-10-01T00:00:00Z,2023-10-01T08:00:00Z,2023-10-02T08:00:00Z,2023,2023-09-25T00:00:00Z,-0.3503316934749776,-7.054927011496483,-9.094646779174221,-9.17196322538301,-9.064892775879803
SOL_USDT,2023-10-01T00:00:00Z,2023-10-01T08:00:00Z,2023-10-02T08:00:00Z,2023,2023-09-25T00:00:00Z,0.3880359105669567,-4.891246096230227,-7.694649257534746,-7.653533203952661,-7.671821365783186
LINK_USDT,2023-10-01T00:00:00Z,2023-10-01T08:00:00Z,2023-10-02T08:00:00Z,2023,2023-09-25T00:00:00Z,0.5186460109557989,-9.582711172410049,-7.649104799500493,-7.512817476499221,-7.601772333604869
ETH_USDT,2023-10-02T00:00:00Z,2023-10-02T08:00:00Z,2023-10-03T08:00:00Z,2023,2023-10-02T00:00:00Z,0.17548091304513996,-7.108075748280498,-8.591736382113544,-8.677707673152371,-8.649449515177903
SOL_USDT,2023-10-02T00:00:00Z,2023-10-02T08:00:00Z,2023-10-03T08:00:00Z,2023,2023-10-02T00:00:00Z,0.9995861440600582,-6.649396680760343,-6.988316254839028,-6.891817765672506,-6.962136999267531
LINK_USDT,2023-10-02T00:00:00Z,2023-10-02T08:00:00Z,2023-10-03T08:00:00Z,2023,2023-10-02T00:00:00Z,0.5519964367343237,-5.700385977748628,-7.649468628525914,-7.504117970429997,-7.578247381724118
ETH_USDT,2023-10-03T00:00:00Z,2023-10-03T08:00:00Z,2023-10-04T08:00:00Z,2023,2023-10-02T00:00:00Z,0.6397338028551557,-8.798593815420272,-8.387699630922615,-8.359824010686948,-8.393137121002367
SOL_USDT,2023-10-03T00:00:00Z,2023-10-03T08:00:00Z,2023-10-04T08:00:00Z,2023,2023-10-02T00:00:00Z,0.9491774969080047,-7.303602543083462,-7.04836995644788,-6.884612974549381,-6.946552537197297
LINK_USDT,2023-10-03T00:00:00Z,2023-10-03T08:00:00Z,2023-10-04T08:00:00Z,2023,2023-10-02T00:00:00Z,0.7042844822337676,-6.622491343616042,-7.3901891781748805,-7.300065454577965,-7.314357506968363
ETH_USDT,2023-10-04T00:00:00Z,2023-10-04T08:00:00Z,2023-10-05T08:00:00Z,2023,2023-10-02T00:00:00Z,-0.04337450490608694,-8.690522297368666,-8.55286991469462,-8.577616098933287,-8.498917534200586
SOL_USDT,2023-10-04T00:00:00Z,2023-10-04T08:00:00Z,2023-10-05T08:00:00Z,2023,2023-10-02T00:00:00Z,0.8143996791590971,-7.110752974423406,-7.0886488140276604,-6.9124575156971755,-6.994641342142192
LINK_USDT,2023-10-04T00:00:00Z,2023-10-04T08:00:00Z,2023-10-05T08:00:00Z,2023,2023-10-02T00:00:00Z,0.20706881604283522,-9.356191291111198,-7.394976915884975,-7.370218888872213,-7.305013110861171
ETH_USDT,2023-10-05T00:00:00Z,2023-10-05T08:00:00Z,2023-10-06T08:00:00Z,2023,2023-10-02T00:00:00Z,0.055691441696050746,-8.201315906040161,-8.471650068436292,-8.508785117683017,-8.506563817473578
SOL_USDT,2023-10-05T00:00:00Z,2023-10-05T08:00:00Z,2023-10-06T08:00:00Z,2023,2023-10-02T00:00:00Z,0.35123672099082187,-7.048576684950586,-6.9926003813654765,-6.962708497795456,-6.9183879404789685
LINK_USDT,2023-10-05T00:00:00Z,2023-10-05T08:00:00Z,2023-10-06T08:00:00Z,2023,2023-10-02T00:00:00Z,0.3257976944682781,-7.0600353650238175,-7.444428971334973,-7.370761262860514,-7.41351653906879
ETH_USDT,2023-10-06T00:00:00Z,2023-10-06T08:00:00Z,2023-10-07T08:00:00Z,2023,2023-10-02T00:00:00Z,0.10335806607027756,-9.426379776277725,-8.557271393791755,-8.56711453392043,-8.571642398862128
SOL_USDT,2023-10-06T00:00:00Z,2023-10-06T08:00:00Z,2023-10-07T08:00:00Z,2023,2023-10-02T00:00:00Z,0.16828862858565372,-9.241015771047087,-7.221893607127415,-7.1355212608790906,-7.209063439986202
LINK_USDT,2023-10-06T00:00:00Z,2023-10-06T08:00:00Z,2023-10-07T08:00:00Z,2023,2023-10-02T00:00:00Z,-0.03393507536566295,-8.868581903717038,-7.44566046456952,-7.453586059811166,-7.402281452241917
ETH_USDT,2023-10-07T00:00:00Z,2023-10-07T08:00:00Z,2023-10-08T08:00:00Z,2023,2023-10-02T00:00:00Z,0.036922903100503196,-10.89086426114422,-8.590760868601402,-8.619360654638253,-8.591552089387621
SOL_USDT,2023-10-07T00:00:00Z,2023-10-07T08:00:00Z,2023-10-08T08:00:00Z,2023,2023-10-02T00:00:00Z,0.44855750810176126,-9.642546605088269,-7.044161913266156,-6.988928089411088,-7.05829992357335
LINK_USDT,2023-10-07T00:00:00Z,2023-10-07T08:00:00Z,2023-10-08T08:00:00Z,2023,2023-10-02T00:00:00Z,-0.21914210044938603,-7.9795119981943925,-7.495750135078704,-7.519487112930216,-7.496006211100465
ETH_USDT,2023-10-08T00:00:00Z,2023-10-08T08:00:00Z,2023-10-09T08:00:00Z,2023,2023-10-02T00:00:00Z,-0.720672828432519,-9.745760386454203,-8.774144030793352,-8.884837367408045,-8.783300391658004
SOL_USDT,2023-10-08T00:00:00Z,2023-10-08T08:00:00Z,2023-10-09T08:00:00Z,2023,2023-10-02T00:00:00Z,0.05403511144428552,-8.234155456252358,-7.372577638632184,-7.277765971475847,-7.341821885554269
LINK_USDT,2023-10-08T00:00:00Z,2023-10-08T08:00:00Z,2023-10-09T08:00:00Z,2023,2023-10-02T00:00:00Z,-0.5726982839022753,-8.362926601366933,-7.683924874406747,-7.704299664748325,-7.7046431107251205
ETH_USDT,2023-10-09T00:00:00Z,2023-10-09T08:00:00Z,2023-10-10T08:00:00Z,2023,2023-10-09T00:00:00Z,-0.32411383680906924,-7.567427080259474,-9.13354455998723,-9.072810343091202,-9.210117761142314
SOL_USDT,2023-10-09T00:00:00Z,2023-10-09T08:00:00Z,2023-10-10T08:00:00Z,2023,2023-10-09T00:00:00Z,-0.37865602393672876,-6.597248108331277,-7.843217723664972,-7.831164324027885,-7.809052703587
LINK_USDT,2023-10-09T00:00:00Z,2023-10-09T08:00:00Z,2023-10-10T08:00:00Z,2023,2023-10-09T00:00:00Z,0.2610575175474309,-6.864451289788824,-7.59852208839901,-7.478712503873034,-7.663814414496386
ETH_USDT,2023-10-10T00:00:00Z,2023-10-10T08:00:00Z,2023-10-11T08:00:00Z,2023,2023-10-09T00:00:00Z,0.4293632948156718,-8.306006939001575,-8.881280122370786,-8.819709402644191,-8.894848592703863
SOL_USDT,2023-10-10T00:00:00Z,2023-10-10T08:00:00Z,2023-10-11T08:00:00Z,2023,2023-10-09T00:00:00Z,0.3103050148495003,-8.136653833956494,-7.632309902199972,-7.5661377387838735,-7.647954704250934
LINK_USDT,2023-10-10T00:00:00Z,2023-10-10T08:00:00Z,2023-10-11T08:00:00Z,2023,2023-10-09T00:00:00Z,0.22040580706629706,-7.936136491332358,-7.613181167902636,-7.567334449677777,-7.553923407218899
ETH_USDT,2023-10-11T00:00:00Z,2023-10-11T08:00:00Z,2023-10-12T08:00:00Z,2023,2023-10-09T00:00:00Z,0.0702139590582805,-9.939881350711318,-8.885174291099428,-8.871851418231046,-8.81141895530733
SOL_USDT,2023-10-11T00:00:00Z,2023-10-11T08:00:00Z,2023-10-12T08:00:00Z,2023,2023-10-09T00:00:00Z,-0.26043588281565166,-8.148834508138737,-7.791110438899683,-7.807062057933786,-7.7232072068839095
LINK_USDT,2023-10-11T00:00:00Z,2023-10-11T08:00:00Z,2023-10-12T08:00:00Z,2023,2023-10-09T00:00:00Z,-0.28974440030509296,-7.852890825175397,-7.8069170510891155,-7.8155120738310435,-7.74183076018047
ETH_USDT,2023-10-12T00:00:00Z,2023-10-12T08:00:00Z,2023-10-13T08:00:00Z,2023,2023-10-09T00:00:00Z,0.16443018196100886,-8.663541889054578,-9.052307750974263,-8.976282043096633,-9.023073002450309
SOL_USDT,2023-10-12T00:00:00Z,2023-10-12T08:00:00Z,2023-10-13T08:00:00Z,2023,2023-10-09T00:00:00Z,-0.09345436900944057,-8.049136822461799,-8.20325207290425,-8.02681461839879,-8.184330240620353
LINK_USDT,2023-10-12T00:00:00Z,2023-10-12T08:00:00Z,2023-10-13T08:00:00Z,2023,2023-10-09T00:00:00Z,-0.1800159768596586,-8.084146393004046,-7.834213590175865,-7.822075109959607,-7.826696363253022
ETH_USDT,2023-10-13T00:00:00Z,2023-10-13T08:00:00Z,2023-10-14T08:00:00Z,2023,2023-10-09T00:00:00Z,0.07627556424900854,-9.07190940575598,-9.032709298030376,-9.009087919398091,-8.9981866746608
SOL_USDT,2023-10-13T00:00:00Z,2023-10-13T08:00:00Z,2023-10-14T08:00:00Z,2023,2023-10-09T00:00:00Z,-0.04395445931668115,-7.679843369417454,-7.856078020446587,-7.824538718986503,-7.830582160340943
LINK_USDT,2023-10-13T00:00:00Z,2023-10-13T08:00:00Z,2023-10-14T08:00:00Z,2023,2023-10-09T00:00:00Z,-0.27056212378634303,-8.37729567948898,-7.916942077610013,-7.903750456953876,-7.893011879898527
ETH_USDT,2023-10-14T00:00:00Z,2023-10-14T08:00:00Z,2023-10-15T08:00:00Z,2023,2023-10-09T00:00:00Z,-0.12481376133142622,-10.403683045674368,-9.051885840541537,-9.08039547636951,-9.02526983171707
SOL_USDT,2023-10-14T00:00:00Z,2023-10-14T08:00:00Z,2023-10-15T08:00:00Z,2023,2023-10-09T00:00:00Z,-0.21764666190459547,-10.749562993204934,-7.955432508682332,-7.94752336503391,-7.915843044220257
LINK_USDT,2023-10-14T00:00:00Z,2023-10-14T08:00:00Z,2023-10-15T08:00:00Z,2023,2023-10-09T00:00:00Z,-0.07240997081771786,-8.72771061326426,-7.968033851057652,-7.884536815786638,-7.951174373169061
ETH_USDT,2023-10-15T00:00:00Z,2023-10-15T08:00:00Z,2023-10-16T08:00:00Z,2023,2023-10-09T00:00:00Z,-0.7442818726457026,-8.594186556810557,-9.18095520070731,-9.29017890895787,-9.17923994997978
SOL_USDT,2023-10-15T00:00:00Z,2023-10-15T08:00:00Z,2023-10-16T08:00:00Z,2023,2023-10-09T00:00:00Z,-0.7813214466579069,-6.3525793762447,-8.086409493299707,-8.143039434718396,-8.068913196102795
LINK_USDT,2023-10-15T00:00:00Z,2023-10-15T08:00:00Z,2023-10-16T08:00:00Z,2023,2023-10-09T00:00:00Z,-1.078679840336026,-7.436816736980881,-7.9805860720438835,-8.12772210322581,-7.943966173779241
ETH_USDT,2023-10-16T00:00:00Z,2023-10-16T08:00:00Z,2023-10-17T08:00:00Z,2023,2023-10-16T00:00:00Z,-0.5491061501779312,-8.416974837572695,-9.33303558582037,-9.326540067063743,-9.399667657486432
SOL_USDT,2023-10-16T00:00:00Z,2023-10-16T08:00:00Z,2023-10-17T08:00:00Z,2023,2023-10-16T00:00:00Z,-0.6737374544549791,-6.575356365432021,-8.046586964575194,-8.113661161063394,-8.093115728276588
LINK_USDT,2023-10-16T00:00:00Z,2023-10-16T08:00:00Z,2023-10-17T08:00:00Z,2023,2023-10-16T00:00:00Z,-0.6538944069279421,-7.739136520269625,-7.956782195518482,-8.028956062931671,-8.034264617298659
ETH_USDT,2023-10-17T00:00:00Z,2023-10-17T08:00:00Z,2023-10-18T08:00:00Z,2023,2023-10-16T00:00:00Z,0.6684929662227728,-8.769695417379198,-9.04733260165346,-8.93073473360586,-9.084609075736294
SOL_USDT,2023-10-17T00:00:00Z,2023-10-17T08:00:00Z,2023-10-18T08:00:00Z,2023,2023-10-16T00:00:00Z,0.8909895984432822,-9.568121601448762,-7.5396853165025775,-7.384108074088159,-7.591995782002224
LINK_USDT,2023-10-17T00:00:00Z,2023-10-17T08:00:00Z,2023-10-18T08:00:00Z,2023,2023-10-16T00:00:00Z,0.014825705848814843,-8.21901700144595,-7.933809255847976,-7.895923026389971,-7.9540437888400914
ETH_USDT,2023-10-18T00:00:00Z,2023-10-18T08:00:00Z,2023-10-19T08:00:00Z,2023,2023-10-16T00:00:00Z,0.06561949625589926,-9.494241357873713,-9.16419656549731,-9.122241084090506,-9.064507749368937
SOL_USDT,2023-10-18T00:00:00Z,2023-10-18T08:00:00Z,2023-10-19T08:00:00Z,2023,2023-10-16T00:00:00Z,0.4252069757552211,-7.483346581755223,-7.8697978495554075,-7.64178914150731,-7.745591787225037
LINK_USDT,2023-10-18T00:00:00Z,2023-10-18T08:00:00Z,2023-10-19T08:00:00Z,2023,2023-10-16T00:00:00Z,-0.46526964298471246,-10.300377455504815,-8.056451213734672,-8.05839849579147,-8.002758185200815
ETH_USDT,2023-10-19T00:00:00Z,2023-10-19T08:00:00Z,2023-10-20T08:00:00Z,2023,2023-10-16T00:00:00Z,-0.19912193750329799,-8.722041697166649,-9.297313586908459,-9.276009586698386,-9.258828577814215
SOL_USDT,2023-10-19T00:00:00Z,2023-10-19T08:00:00Z,2023-10-20T08:00:00Z,2023,2023-10-16T00:00:00Z,0.015297767260138645,-5.495188800368666,-7.805191115867891,-7.736435981202436,-7.733465910247879
LINK_USDT,2023-10-19T00:00:00Z,2023-10-19T08:00:00Z,2023-10-20T08:00:00Z,2023,2023-10-16T00:00:00Z,-0.6531665959214713,-7.51028575098868,-8.314221297631024,-8.322020920750468,-8.312857080284287
ETH_USDT,2023-10-20T00:00:00Z,2023-10-20T08:00:00Z,2023-10-21T08:00:00Z,2023,2023-10-16T00:00:00Z,-0.014353054516859068,-8.549420067769788,-9.265950029364323,-9.242164482283155,-9.257364771831911
SOL_USDT,2023-10-20T00:00:00Z,2023-10-20T08:00:00Z,2023-10-21T08:00:00Z,2023,2023-10-16T00:00:00Z,0.6923387619851324,-6.171363051418039,-7.48954239418574,-7.3678362028962,-7.477632447606987
LINK_USDT,2023-10-20T00:00:00Z,2023-10-20T08:00:00Z,2023-10-21T08:00:00Z,2023,2023-10-16T00:00:00Z,-0.58766896200776,-6.329882534071614,-8.395273075962436,-8.393301844678197,-8.409954780953717
ETH_USDT,2023-10-21T00:00:00Z,2023-10-21T08:00:00Z,2023-10-22T08:00:00Z,2023,2023-10-16T00:00:00Z,0.37798528154435534,-8.580618231661466,-9.072038336812202,-9.01608088507163,-9.049003689400852
SOL_USDT,2023-10-21T00:00:00Z,2023-10-21T08:00:00Z,2023-10-22T08:00:00Z,2023,2023-10-16T00:00:00Z,0.9138611584077063,-6.466481013026138,-7.188300653240914,-7.0558270046319596,-7.112787080698885
LINK_USDT,2023-10-21T00:00:00Z,2023-10-21T08:00:00Z,2023-10-22T08:00:00Z,2023,2023-10-16T00:00:00Z,0.01984613282320246,-3.9372384374391904,-7.963448872761758,-7.964552981411647,-7.991438776599532
ETH_USDT,2023-10-22T00:00:00Z,2023-10-22T08:00:00Z,2023-10-23T08:00:00Z,2023,2023-10-16T00:00:00Z,-0.18113294503722865,-7.424852872888243,-9.051233241355181,-9.108266583904866,-8.994076864868934
SOL_USDT,2023-10-22T00:00:00Z,2023-10-22T08:00:00Z,2023-10-23T08:00:00Z,2023,2023-10-16T00:00:00Z,1.1827453571181565,-6.269371043346583,-7.049651177883765,-6.835672336703645,-6.961071162198644
LINK_USDT,2023-10-22T00:00:00Z,2023-10-22T08:00:00Z,2023-10-23T08:00:00Z,2023,2023-10-16T00:00:00Z,1.3334324965455202,-4.5529207477815055,-6.474314341985147,-6.320115596707533,-6.512787350509265
ETH_USDT,2023-10-23T00:00:00Z,2023-10-23T08:00:00Z,2023-10-24T08:00:00Z,2023,2023-10-23T00:00:00Z,0.07254360713439066,-5.723923898823332,-8.746484923460384,-8.799625947024394,-8.770971270429893
SOL_USDT,2023-10-23T00:00:00Z,2023-10-23T08:00:00Z,2023-10-24T08:00:00Z,2023,2023-10-23T00:00:00Z,0.5922604531313332,-4.516038835175078,-7.083736246692291,-6.9640761999986545,-6.965094251318443
LINK_USDT,2023-10-23T00:00:00Z,2023-10-23T08:00:00Z,2023-10-24T08:00:00Z,2023,2023-10-23T00:00:00Z,1.4685583054662146,-4.952132620476774,-6.218425615220183,-6.001259286054996,-6.114924243841541
ETH_USDT,2023-10-24T00:00:00Z,2023-10-24T08:00:00Z,2023-10-25T08:00:00Z,2023,2023-10-23T00:00:00Z,1.0131806045391885,-7.854947148473204,-8.046570446550538,-7.987678119257732,-8.066435156639374
SOL_USDT,2023-10-24T00:00:00Z,2023-10-24T08:00:00Z,2023-10-25T08:00:00Z,2023,2023-10-23T00:00:00Z,1.3022792845736002,-6.613908269558959,-6.486658629176378,-6.337937949237472,-6.4474572682749365
LINK_USDT,2023-10-24T00:00:00Z,2023-10-24T08:00:00Z,2023-10-25T08:00:00Z,2023,2023-10-23T00:00:00Z,1.6784743229578583,-5.247177435988921,-6.157844985535612,-5.889074718264821,-6.036714114180239
ETH_USDT,2023-10-25T00:00:00Z,2023-10-25T08:00:00Z,2023-10-26T08:00:00Z,2023,2023-10-23T00:00:00Z,1.0761022849782806,-6.37053249000482,-8.021775773365766,-7.880808884110853,-7.9320949765471935
SOL_USDT,2023-10-25T00:00:00Z,2023-10-25T08:00:00Z,2023-10-26T08:00:00Z,2023,2023-10-23T00:00:00Z,1.1362396894905764,-4.996420199570575,-6.655994425241784,-6.419271519574508,-6.5268024013640105
LINK_USDT,2023-10-25T00:00:00Z,2023-10-25T08:00:00Z,2023-10-26T08:00:00Z,2023,2023-10-23T00:00:00Z,1.197355773875518,-6.046270092108936,-6.090877675661875,-5.912637402863282,-5.939650136260438
ETH_USDT,2023-10-26T00:00:00Z,2023-10-26T08:00:00Z,2023-10-27T08:00:00Z,2023,2023-10-23T00:00:00Z,0.39981485363608826,-6.236944381443664,-7.979216402577335,-7.989736366277001,-7.887349944110516
SOL_USDT,2023-10-26T00:00:00Z,2023-10-26T08:00:00Z,2023-10-27T08:00:00Z,2023,2023-10-23T00:00:00Z,1.032587216707086,-5.415240517832643,-6.301415969595847,-6.181756542631864,-6.205768762392375
LINK_USDT,2023-10-26T00:00:00Z,2023-10-26T08:00:00Z,2023-10-27T08:00:00Z,2023,2023-10-23T00:00:00Z,1.187117681247016,-5.088248151406127,-6.018114032760596,-5.846985977418392,-5.9324276333870705
ETH_USDT,2023-10-27T00:00:00Z,2023-10-27T08:00:00Z,2023-10-28T08:00:00Z,2023,2023-10-23T00:00:00Z,0.5628716663822367,-10.234327612659664,-7.556709216043239,-7.593132210601806,-7.5598217896338245
SOL_USDT,2023-10-27T00:00:00Z,2023-10-27T08:00:00Z,2023-10-28T08:00:00Z,2023,2023-10-23T00:00:00Z,0.5570871505830777,-7.529536220907442,-6.275803966702382,-6.2396747464973865,-6.191186672002875
LINK_USDT,2023-10-27T00:00:00Z,2023-10-27T08:00:00Z,2023-10-28T08:00:00Z,2023,2023-10-23T00:00:00Z,0.6691555834182766,-6.75702345980965,-5.9120636178601575,-5.869623058572875,-5.828565250576849
ETH_USDT,2023-10-28T00:00:00Z,2023-10-28T08:00:00Z,2023-10-29T08:00:00Z,2023,2023-10-23T00:00:00Z,0.09034596133360327,-9.37141879655844,-7.772726673619259,-7.792412084573954,-7.752582777731833
SOL_USDT,2023-10-28T00:00:00Z,2023-10-28T08:00:00Z,2023-10-29T08:00:00Z,2023,2023-10-23T00:00:00Z,0.4199504344277094,-7.333472337774654,-6.5280558951085785,-6.392111735942665,-6.494069016838976
LINK_USDT,2023-10-28T00:00:00Z,2023-10-28T08:00:00Z,2023-10-29T08:00:00Z,2023,2023-10-23T00:00:00Z,0.7099880437144113,-7.267984749249953,-6.031236294077777,-5.893017409373714,-6.01121750201205
ETH_USDT,2023-10-29T00:00:00Z,2023-10-29T08:00:00Z,2023-10-30T08:00:00Z,2023,2023-10-23T00:00:00Z,-0.6843354360408421,-9.936318950154195,-7.885027648992962,-8.058023141559104,-7.92463300497366
SOL_USDT,2023-10-29T00:00:00Z,2023-10-29T08:00:00Z,2023-10-30T08:00:00Z,2023,2023-10-23T00:00:00Z,-0.47871023604098273,-8.443696065434777,-6.561676658602288,-6.6605333206975565,-6.542121843182002
LINK_USDT,2023-10-29T00:00:00Z,2023-10-29T08:00:00Z,2023-10-30T08:00:00Z,2023,2023-10-23T00:00:00Z,0.29128166010442236,-8.727841438553074,-6.317893518091812,-6.230502196310154,-6.268705595488753
ETH_USDT,2023-10-30T00:00:00Z,2023-10-30T08:00:00Z,2023-10-31T08:00:00Z,2023,2023-10-30T00:00:00Z,-0.510369749040566,-7.682118056784373,-8.00162943797916,-8.09874092894979,-8.132115183328798
SOL_USDT,2023-10-30T00:00:00Z,2023-10-30T08:00:00Z,2023-10-31T08:00:00Z,2023,2023-10-30T00:00:00Z,-0.1821090361918499,-5.127863081234204,-6.563070124747913,-6.597511807903347,-6.6524162696339975
LINK_USDT,2023-10-30T00:00:00Z,2023-10-30T08:00:00Z,2023-10-31T08:00:00Z,2023,2023-10-30T00:00:00Z,-0.11343871735485353,-6.167269862276457,-6.718256044567998,-6.616503901499999,-6.6941310100628675
ETH_USDT,2023-10-31T00:00:00Z,2023-10-31T08:00:00Z,2023-11-01T08:00:00Z,2023,2023-10-30T00:00:00Z,0.13192460474477735,-8.533997153541277,-8.00683143115,-8.027905365014158,-8.095602231681147
SOL_USDT,2023-10-31T00:00:00Z,2023-10-31T08:00:00Z,2023-11-01T08:00:00Z,2023,2023-10-30T00:00:00Z,0.6052244272417978,-5.539487810960178,-6.497658276528136,-6.4258491092256165,-6.5346345378671025
LINK_USDT,2023-10-31T00:00:00Z,2023-10-31T08:00:00Z,2023-11-01T08:00:00Z,2023,2023-10-30T00:00:00Z,0.4592180379622618,-6.402601319371912,-6.538931961461226,-6.431219536037294,-6.55733789022392
ETH_USDT,2023-11-01T00:00:00Z,2023-11-01T08:00:00Z,2023-11-02T08:00:00Z,2023,2023-10-30T00:00:00Z,0.050307179679864,-6.913334302156673,-8.111479541898984,-8.132735345485171,-8.11568757444604
SOL_USDT,2023-11-01T00:00:00Z,2023-11-01T08:00:00Z,2023-11-02T08:00:00Z,2023,2023-10-30T00:00:00Z,0.8239427543835341,-5.2220900292282355,-6.4500166774879935,-6.325083486158712,-6.4022603545864145
LINK_USDT,2023-11-01T00:00:00Z,2023-11-01T08:00:00Z,2023-11-02T08:00:00Z,2023,2023-10-30T00:00:00Z,0.7004261841676401,-4.895682632970724,-6.640825170974097,-6.44710307922648,-6.578772552074778
ETH_USDT,2023-11-02T00:00:00Z,2023-11-02T08:00:00Z,2023-11-03T08:00:00Z,2023,2023-10-30T00:00:00Z,0.6482689724891587,-8.091491246239835,-7.949057806329526,-7.894628141439704,-7.966469776014965
SOL_USDT,2023-11-02T00:00:00Z,2023-11-02T08:00:00Z,2023-11-03T08:00:00Z,2023,2023-10-30T00:00:00Z,1.5549360790942153,-5.035681597817952,-6.557684838848782,-6.224104682099987,-6.467968843587593
LINK_USDT,2023-11-02T00:00:00Z,2023-11-02T08:00:00Z,2023-11-03T08:00:00Z,2023,2023-10-30T00:00:00Z,0.488278901880673,-6.924282063747818,-6.4510990091166835,-6.389706166407437,-6.362110584239411
ETH_USDT,2023-11-03T00:00:00Z,2023-11-03T08:00:00Z,2023-11-04T08:00:00Z,2023,2023-10-30T00:00:00Z,0.3791909351168626,-8.619661495710792,-8.41385752960198,-8.322131292794378,-8.314286806498592
SOL_USDT,2023-11-03T00:00:00Z,2023-11-03T08:00:00Z,2023-11-04T08:00:00Z,2023,2023-10-30T00:00:00Z,1.1879080347283266,-5.628377420131314,-6.3703162526572825,-6.159462698813112,-6.194039560701651
LINK_USDT,2023-11-03T00:00:00Z,2023-11-03T08:00:00Z,2023-11-04T08:00:00Z,2023,2023-10-30T00:00:00Z,0.18311066123979142,-7.204740171640076,-6.650174011555645,-6.596365778257191,-6.5716836523375015
ETH_USDT,2023-11-04T00:00:00Z,2023-11-04T08:00:00Z,2023-11-05T08:00:00Z,2023,2023-10-30T00:00:00Z,0.1979934729047619,-7.799086565355908,-8.488090638402191,-8.405520114967548,-8.419015834480332
SOL_USDT,2023-11-04T00:00:00Z,2023-11-04T08:00:00Z,2023-11-05T08:00:00Z,2023,2023-10-30T00:00:00Z,0.7226715752491109,-6.691066243502206,-6.500372385665979,-6.3230628844323205,-6.367764613058755
LINK_USDT,2023-11-04T00:00:00Z,2023-11-04T08:00:00Z,2023-11-05T08:00:00Z,2023,2023-10-30T00:00:00Z,0.26226969659768906,-5.457524542528586,-6.812257981833191,-6.657618985665388,-6.76579172526387
ETH_USDT,2023-11-05T00:00:00Z,2023-11-05T08:00:00Z,2023-11-06T08:00:00Z,2023,2023-10-30T00:00:00Z,-0.38711357273854874,-8.707782599063167,-8.482204842532493,-8.546393905024145,-8.439237837682642
SOL_USDT,2023-11-05T00:00:00Z,2023-11-05T08:00:00Z,2023-11-06T08:00:00Z,2023,2023-10-30T00:00:00Z,0.4135757430623498,-6.5377604490554955,-6.325916212444532,-6.278352270794992,-6.260038386856738
LINK_USDT,2023-11-05T00:00:00Z,2023-11-05T08:00:00Z,2023-11-06T08:00:00Z,2023,2023-10-30T00:00:00Z,-0.26508963747300224,-5.689634988087319,-6.766643168055324,-6.769508496471786,-6.71336787980458
ETH_USDT,2023-11-06T00:00:00Z,2023-11-06T08:00:00Z,2023-11-07T08:00:00Z,2023,2023-11-06T00:00:00Z,0.4129526283133378,-8.679292504024803,-8.346388498616616,-8.241292120975537,-8.38517307786472
SOL_USDT,2023-11-06T00:00:00Z,2023-11-06T08:00:00Z,2023-11-07T08:00:00Z,2023,2023-11-06T00:00:00Z,-0.19137638056883868,-6.005889262173753,-6.450697833080979,-6.488123650576583,-6.421256584764924
LINK_USDT,2023-11-06T00:00:00Z,2023-11-06T08:00:00Z,2023-11-07T08:00:00Z,2023,2023-11-06T00:00:00Z,0.5652479254973682,-6.919364556502882,-6.363709776220704,-6.261222277160993,-6.3987672321277955
ETH_USDT,2023-11-07T00:00:00Z,2023-11-07T08:00:00Z,2023-11-08T08:00:00Z,2023,2023-11-06T00:00:00Z,0.23474694624041667,-7.813399742470434,-8.434509258158355,-8.334417600596819,-8.367969778652423
SOL_USDT,2023-11-07T00:00:00Z,2023-11-07T08:00:00Z,2023-11-08T08:00:00Z,2023,2023-11-06T00:00:00Z,-0.06006532657980807,-6.259879107067253,-6.381092270087131,-6.430087983397291,-6.423997223468747
LINK_USDT,2023-11-07T00:00:00Z,2023-11-07T08:00:00Z,2023-11-08T08:00:00Z,2023,2023-11-06T00:00:00Z,0.39957967095506813,-6.02966548386316,-6.528111015163116,-6.37321596063559,-6.453950566790193
ETH_USDT,2023-11-08T00:00:00Z,2023-11-08T08:00:00Z,2023-11-09T08:00:00Z,2023,2023-11-06T00:00:00Z,0.2139871686796715,-8.485455825718022,-8.333193237901776,-8.291348974763032,-8.287721557211745
SOL_USDT,2023-11-08T00:00:00Z,2023-11-08T08:00:00Z,2023-11-09T08:00:00Z,2023,2023-11-06T00:00:00Z,0.5175454376810124,-7.330578826823412,-6.462422000352214,-6.338992219340612,-6.476614151296824
LINK_USDT,2023-11-08T00:00:00Z,2023-11-08T08:00:00Z,2023-11-09T08:00:00Z,2023,2023-11-06T00:00:00Z,0.5529438416420678,-4.801942945960573,-6.497237964499634,-6.327665880370896,-6.4395922061957025
ETH_USDT,2023-11-09T00:00:00Z,2023-11-09T08:00:00Z,2023-11-10T08:00:00Z,2023,2023-11-06T00:00:00Z,-0.07096570463551481,-5.15978485993413,-8.696197678885062,-8.621540791211979,-8.629341497992787
SOL_USDT,2023-11-09T00:00:00Z,2023-11-09T08:00:00Z,2023-11-10T08:00:00Z,2023,2023-11-06T00:00:00Z,-0.1302580658168472,-5.115396857065609,-6.654034950483895,-6.618521578307998,-6.586877105425845
LINK_USDT,2023-11-09T00:00:00Z,2023-11-09T08:00:00Z,2023-11-10T08:00:00Z,2023,2023-11-06T00:00:00Z,0.6343824957092741,-5.8732698790334155,-6.280651327011039,-6.164456183468241,-6.208969528363444
ETH_USDT,2023-11-10T00:00:00Z,2023-11-10T08:00:00Z,2023-11-11T08:00:00Z,2023,2023-11-06T00:00:00Z,1.3713315534519188,-8.589543585263845,-7.49686770225365,-7.313315031085707,-7.535279189583688
SOL_USDT,2023-11-10T00:00:00Z,2023-11-10T08:00:00Z,2023-11-11T08:00:00Z,2023,2023-11-06T00:00:00Z,0.8532662918364667,-4.012529931903461,-6.559968531496717,-6.360851622048392,-6.561141238221858
LINK_USDT,2023-11-10T00:00:00Z,2023-11-10T08:00:00Z,2023-11-11T08:00:00Z,2023,2023-11-06T00:00:00Z,1.0099042447507494,-5.66695690552758,-6.314672560329914,-6.063695988328393,-6.227161341518233
ETH_USDT,2023-11-11T00:00:00Z,2023-11-11T08:00:00Z,2023-11-12T08:00:00Z,2023,2023-11-06T00:00:00Z,0.6819722160778441,-9.241850334015547,-7.8122324422511165,-7.612825672987584,-7.649777818669729
SOL_USDT,2023-11-11T00:00:00Z,2023-11-11T08:00:00Z,2023-11-12T08:00:00Z,2023,2023-11-06T00:00:00Z,1.0448868718243836,-3.6594263246583387,-5.998780701075349,-5.83963436267275,-5.903525049392517
LINK_USDT,2023-11-11T00:00:00Z,2023-11-11T08:00:00Z,2023-11-12T08:00:00Z,2023,2023-11-06T00:00:00Z,0.5780710299459367,-4.977151684814351,-6.304475451179702,-6.144669715606038,-6.166458210005752
ETH_USDT,2023-11-12T00:00:00Z,2023-11-12T08:00:00Z,2023-11-13T08:00:00Z,2023,2023-11-06T00:00:00Z,0.23848690290426505,-10.13318610329087,-7.791900259389285,-7.720764763519224,-7.728474679373097
SOL_USDT,2023-11-12T00:00:00Z,2023-11-12T08:00:00Z,2023-11-13T08:00:00Z,2023,2023-11-06T00:00:00Z,1.0146956651944945,-5.390232633216931,-5.727647908623808,-5.5754347897329595,-5.626254948753001
LINK_USDT,2023-11-12T00:00:00Z,2023-11-12T08:00:00Z,2023-11-13T08:00:00Z,2023,2023-11-06T00:00:00Z,0.5166905153371936,-5.952955774596989,-6.0735138562421955,-5.987254922439635,-6.011741158659105
ETH_USDT,2023-11-13T00:00:00Z,2023-11-13T08:00:00Z,2023-11-14T08:00:00Z,2023,2023-11-13T00:00:00Z,-0.05774397558567466,-6.584400362624978,-7.974811514514928,-7.8786336726053605,-7.9681413951723465
SOL_USDT,2023-11-13T00:00:00Z,2023-11-13T08:00:00Z,2023-11-14T08:00:00Z,2023,2023-11-13T00:00:00Z,0.6675856743865374,-4.408259277052988,-5.6875432624554385,-5.573051499995758,-5.596749193071801
LINK_USDT,2023-11-13T00:00:00Z,2023-11-13T08:00:00Z,2023-11-14T08:00:00Z,2023,2023-11-13T00:00:00Z,0.2624146983655642,-5.555744667565997,-6.415221409512759,-6.228174827580795,-6.3459727988719505
ETH_USDT,2023-11-14T00:00:00Z,2023-11-14T08:00:00Z,2023-11-15T08:00:00Z,2023,2023-11-13T00:00:00Z,0.5326745333534059,-6.932733548136115,-7.552233240619961,-7.504666667358868,-7.592846468104306
SOL_USDT,2023-11-14T00:00:00Z,2023-11-14T08:00:00Z,2023-11-15T08:00:00Z,2023,2023-11-13T00:00:00Z,0.6317595972504463,-6.1558437163185,-5.619792545473371,-5.527870039910356,-5.572714864148436
LINK_USDT,2023-11-14T00:00:00Z,2023-11-14T08:00:00Z,2023-11-15T08:00:00Z,2023,2023-11-13T00:00:00Z,0.22944372553718748,-5.354422661117345,-6.120401930974237,-6.083491566037089,-6.091261300448245
ETH_USDT,2023-11-15T00:00:00Z,2023-11-15T08:00:00Z,2023-11-16T08:00:00Z,2023,2023-11-13T00:00:00Z,0.3740784863220596,-7.254730058534208,-7.525719933615046,-7.510626674279208,-7.485927759214827
SOL_USDT,2023-11-15T00:00:00Z,2023-11-15T08:00:00Z,2023-11-16T08:00:00Z,2023,2023-11-13T00:00:00Z,0.6559107185306576,-5.283115797104826,-5.6301505437046035,-5.504944476657148,-5.58373651054403
LINK_USDT,2023-11-15T00:00:00Z,2023-11-15T08:00:00Z,2023-11-16T08:00:00Z,2023,2023-11-13T00:00:00Z,0.36059789744363047,-7.645585372352663,-6.097770386198381,-6.01362266714367,-6.0715047067521395
ETH_USDT,2023-11-16T00:00:00Z,2023-11-16T08:00:00Z,2023-11-17T08:00:00Z,2023,2023-11-13T00:00:00Z,0.23016355790863893,-6.792834959731884,-7.516047868893247,-7.532937893695767,-7.497450308298672
SOL_USDT,2023-11-16T00:00:00Z,2023-11-16T08:00:00Z,2023-11-17T08:00:00Z,2023,2023-11-13T00:00:00Z,0.7659691361559362,-4.803026497362215,-5.548487236595161,-5.420803787667259,-5.501017306189282
LINK_USDT,2023-11-16T00:00:00Z,2023-11-16T08:00:00Z,2023-11-17T08:00:00Z,2023,2023-11-13T00:00:00Z,0.08220605921166642,-5.56576631430123,-6.230022808488693,-6.196773817411022,-6.169142084384831
ETH_USDT,2023-11-17T00:00:00Z,2023-11-17T08:00:00Z,2023-11-18T08:00:00Z,2023,2023-11-13T00:00:00Z,0.4502543911457791,-6.606195284879257,-7.834300441386506,-7.756280425742448,-7.789528098587303
SOL_USDT,2023-11-17T00:00:00Z,2023-11-17T08:00:00Z,2023-11-18T08:00:00Z,2023,2023-11-13T00:00:00Z,0.780003853291548,-4.804550817909443,-5.489321198199797,-5.359358706238043,-5.427301964588816
LINK_USDT,2023-11-17T00:00:00Z,2023-11-17T08:00:00Z,2023-11-18T08:00:00Z,2023,2023-11-13T00:00:00Z,0.20004590245924042,-4.855637255413644,-6.184145551093936,-6.1321753836548965,-6.161378948288981
ETH_USDT,2023-11-18T00:00:00Z,2023-11-18T08:00:00Z,2023-11-19T08:00:00Z,2023,2023-11-13T00:00:00Z,0.08783717802648974,-9.184489004004282,-7.703709768723267,-7.7331311895091135,-7.640804563076576
SOL_USDT,2023-11-18T00:00:00Z,2023-11-18T08:00:00Z,2023-11-19T08:00:00Z,2023,2023-11-13T00:00:00Z,0.5021143756054186,-6.25531904596641,-5.576481896725631,-5.491266035457973,-5.501124055854628
LINK_USDT,2023-11-18T00:00:00Z,2023-11-18T08:00:00Z,2023-11-19T08:00:00Z,2023,2023-11-13T00:00:00Z,0.0028534166797619387,-6.2744123629642985,-6.020416779805436,-6.056042004174654,-5.99206736416171
ETH_USDT,2023-11-19T00:00:00Z,2023-11-19T08:00:00Z,2023-11-20T08:00:00Z,2023,2023-11-13T00:00:00Z,-0.2843735127481021,-7.552781193032005,-7.8369296692585095,-7.8804967623183355,-7.823555561507931
SOL_USDT,2023-11-19T00:00:00Z,2023-11-19T08:00:00Z,2023-11-20T08:00:00Z,2023,2023-11-13T00:00:00Z,-0.002813215638910206,-7.118450217619355,-5.84860186065763,-5.815473863900888,-5.789841425788392
LINK_USDT,2023-11-19T00:00:00Z,2023-11-19T08:00:00Z,2023-11-20T08:00:00Z,2023,2023-11-13T00:00:00Z,-0.5616679978014778,-5.885310675521469,-6.311924791876022,-6.381412854676187,-6.292769535623719
ETH_USDT,2023-11-20T00:00:00Z,2023-11-20T08:00:00Z,2023-11-21T08:00:00Z,2023,2023-11-20T00:00:00Z,-0.375949247124741,-8.074568402131929,-7.736965957861906,-7.857273647499513,-7.776528529260446
SOL_USDT,2023-11-20T00:00:00Z,2023-11-20T08:00:00Z,2023-11-21T08:00:00Z,2023,2023-11-20T00:00:00Z,-0.025500462621755305,-6.013020635947726,-6.0070655434739715,-5.9499297819881685,-6.002841649669644
LINK_USDT,2023-11-20T00:00:00Z,2023-11-20T08:00:00Z,2023-11-21T08:00:00Z,2023,2023-11-20T00:00:00Z,-0.22864831576915226,-5.954570221721452,-6.131040571056618,-6.18856708932661,-6.194046708662603
ETH_USDT,2023-11-21T00:00:00Z,2023-11-21T08:00:00Z,2023-11-22T08:00:00Z,2023,2023-11-20T00:00:00Z,0.14182032880512166,-6.312786089533069,-7.910844430476099,-7.814161528794668,-7.952312086357555
SOL_USDT,2023-11-21T00:00:00Z,2023-11-21T08:00:00Z,2023-11-22T08:00:00Z,2023,2023-11-20T00:00:00Z,-0.04567063780663459,-4.898319313204253,-6.056077836264643,-6.009366230965096,-6.049493410629378
LINK_USDT,2023-11-21T00:00:00Z,2023-11-21T08:00:00Z,2023-11-22T08:00:00Z,2023,2023-11-20T00:00:00Z,-0.20354127417571752,-4.911413288719236,-6.269887441416935,-6.28973100300092,-6.2937383734277565
ETH_USDT,2023-11-22T00:00:00Z,2023-11-22T08:00:00Z,2023-11-23T08:00:00Z,2023,2023-11-20T00:00:00Z,0.24211607453800832,-7.414689124141793,-7.791940365012792,-7.7584035271270535,-7.760214419902519
SOL_USDT,2023-11-22T00:00:00Z,2023-11-22T08:00:00Z,2023-11-23T08:00:00Z,2023,2023-11-20T00:00:00Z,0.25447485297871997,-6.1140545710403185,-5.993842794324021,-5.914539656297989,-5.983460358793206
LINK_USDT,2023-11-22T00:00:00Z,2023-11-22T08:00:00Z,2023-11-23T08:00:00Z,2023,2023-11-20T00:00:00Z,-0.09207864382359722,-7.528143464067864,-6.189572787058057,-6.252442212947951,-6.21270537055671
ETH_USDT,2023-11-23T00:00:00Z,2023-11-23T08:00:00Z,2023-11-24T08:00:00Z,2023,2023-11-20T00:00:00Z,0.21956049893904206,-8.117446685772066,-7.673249435009264,-7.693538309117718,-7.642825841397592
SOL_USDT,2023-11-23T00:00:00Z,2023-11-23T08:00:00Z,2023-11-24T08:00:00Z,2023,2023-11-20T00:00:00Z,-0.036259630580517864,-7.326246800707172,-6.012183662667482,-6.027936428075126,-5.963068225779662
LINK_USDT,2023-11-23T00:00:00Z,2023-11-23T08:00:00Z,2023-11-24T08:00:00Z,2023,2023-11-20T00:00:00Z,-0.27820564574077783,-6.829521001784132,-6.22337614680868,-6.322072618500757,-6.234127342753908
ETH_USDT,2023-11-24T00:00:00Z,2023-11-24T08:00:00Z,2023-11-25T08:00:00Z,2023,2023-11-20T00:00:00Z,-0.3519751832882663,-7.416970402013702,-7.944578925251213,-8.00332036376482,-7.90667434875865
SOL_USDT,2023-11-24T00:00:00Z,2023-11-24T08:00:00Z,2023-11-25T08:00:00Z,2023,2023-11-20T00:00:00Z,-0.46729989991276044,-6.4479472277285925,-6.38909300537704,-6.358196972677413,-6.35779037375503
LINK_USDT,2023-11-24T00:00:00Z,2023-11-24T08:00:00Z,2023-11-25T08:00:00Z,2023,2023-11-20T00:00:00Z,-0.47517767936874766,-7.486322732926344,-6.340719422405055,-6.445469675731977,-6.37398509860163
ETH_USDT,2023-11-25T00:00:00Z,2023-11-25T08:00:00Z,2023-11-26T08:00:00Z,2023,2023-11-20T00:00:00Z,0.18492549612412354,-10.20605827260231,-7.9084456605698215,-7.868345714789239,-7.940122479185461
SOL_USDT,2023-11-25T00:00:00Z,2023-11-25T08:00:00Z,2023-11-26T08:00:00Z,2023,2023-11-20T00:00:00Z,-0.6884821842549377,-9.592889019388013,-6.496962092642548,-6.561069466840454,-6.507489741752934
LINK_USDT,2023-11-25T00:00:00Z,2023-11-25T08:00:00Z,2023-11-26T08:00:00Z,2023,2023-11-20T00:00:00Z,-0.7208019709907193,-7.502876836858779,-6.7071685341098055,-6.763132975183571,-6.742167581916016
ETH_USDT,2023-11-26T00:00:00Z,2023-11-26T08:00:00Z,2023-11-27T08:00:00Z,2023,2023-11-20T00:00:00Z,-0.9229769602017107,-8.496687586424631,-8.213651907258448,-8.33227532356259,-8.178929159236633
SOL_USDT,2023-11-26T00:00:00Z,2023-11-26T08:00:00Z,2023-11-27T08:00:00Z,2023,2023-11-20T00:00:00Z,-0.6296415970921935,-6.5626555677450815,-6.528321582921574,-6.553347954623364,-6.570955635440846
LINK_USDT,2023-11-26T00:00:00Z,2023-11-26T08:00:00Z,2023-11-27T08:00:00Z,2023,2023-11-20T00:00:00Z,-0.9586204861164396,-7.245690788943046,-6.7091586356606046,-6.836944745467077,-6.784711926385535
ETH_USDT,2023-11-27T00:00:00Z,2023-11-27T08:00:00Z,2023-11-28T08:00:00Z,2023,2023-11-27T00:00:00Z,-0.3765068998376483,-7.373226869884449,-8.155308264945145,-8.190661919069148,-8.265617623328657
SOL_USDT,2023-11-27T00:00:00Z,2023-11-27T08:00:00Z,2023-11-28T08:00:00Z,2023,2023-11-27T00:00:00Z,-0.9179432236405599,-6.356656452870126,-6.605279973635227,-6.700176605193558,-6.634007938787592
LINK_USDT,2023-11-27T00:00:00Z,2023-11-27T08:00:00Z,2023-11-28T08:00:00Z,2023,2023-11-27T00:00:00Z,-0.4794390580074685,-6.793655266915864,-6.720375238660965,-6.7653624692070355,-6.818297701816254
ETH_USDT,2023-11-28T00:00:00Z,2023-11-28T08:00:00Z,2023-11-29T08:00:00Z,2023,2023-11-27T00:00:00Z,-0.11685285034255428,-8.680285289145766,-7.960316580305341,-8.022018605643057,-8.002188552746276
SOL_USDT,2023-11-28T00:00:00Z,2023-11-28T08:00:00Z,2023-11-29T08:00:00Z,2023,2023-11-27T00:00:00Z,-0.5763536390259404,-6.166279329993796,-6.467190402172748,-6.554098844699363,-6.536788918231111
LINK_USDT,2023-11-28T00:00:00Z,2023-11-28T08:00:00Z,2023-11-29T08:00:00Z,2023,2023-11-27T00:00:00Z,-0.352549497050907,-6.878984975420294,-6.752165057903871,-6.7766045992438935,-6.776688269255582
ETH_USDT,2023-11-29T00:00:00Z,2023-11-29T08:00:00Z,2023-11-30T08:00:00Z,2023,2023-11-27T00:00:00Z,-0.2645924554334806,-8.655063295856081,-8.173840667671335,-8.184567575950716,-8.164815342425827
SOL_USDT,2023-11-29T00:00:00Z,2023-11-29T08:00:00Z,2023-11-30T08:00:00Z,2023,2023-11-27T00:00:00Z,-0.3689142551153551,-7.7629198102230355,-6.612426742935281,-6.5888842967592165,-6.620198932076603
LINK_USDT,2023-11-29T00:00:00Z,2023-11-29T08:00:00Z,2023-11-30T08:00:00Z,2023,2023-11-27T00:00:00Z,-0.4953152324506335,-9.081218419986994,-6.946042741728241,-6.9736463262846975,-6.929667057331406
ETH_USDT,2023-11-30T00:00:00Z,2023-11-30T08:00:00Z,2023-12-01T08:00:00Z,2023,2023-11-27T00:00:00Z,-0.37003433108787104,-7.651741016572417,-8.441064029817255,-8.441585700546327,-8.421744916249079
SOL_USDT,2023-11-30T00:00:00Z,2023-11-30T08:00:00Z,2023-12-01T08:00:00Z,2023,2023-11-27T00:00:00Z,-0.030274447975804204,-7.196677806979912,-6.950607112009433,-6.730989381381646,-6.901926176464699
LINK_USDT,2023-11-30T00:00:00Z,2023-11-30T08:00:00Z,2023-12-01T08:00:00Z,2023,2023-11-27T00:00:00Z,-0.570149923986628,-7.614189267954287,-7.324511760318925,-7.243547303287453,-7.299147069694942
ETH_USDT,2023-12-01T00:00:00Z,2023-12-01T08:00:00Z,2023-12-02T08:00:00Z,2023,2023-11-27T00:00:00Z,-0.4186658586874562,-9.634998033360866,-8.534406967943267,-8.500628990019383,-8.526410914341795
SOL_USDT,2023-12-01T00:00:00Z,2023-12-01T08:00:00Z,2023-12-02T08:00:00Z,2023,2023-11-27T00:00:00Z,-0.521678259592879,-6.447341037804421,-7.09495292674352,-6.948642508002362,-7.002784622186517
LINK_USDT,2023-12-01T00:00:00Z,2023-12-01T08:00:00Z,2023-12-02T08:00:00Z,2023,2023-11-27T00:00:00Z,-0.6558197063677725,-5.948585790351897,-7.664954116214539,-7.476462342729581,-7.629520325556971
ETH_USDT,2023-12-02T00:00:00Z,2023-12-02T08:00:00Z,2023-12-03T08:00:00Z,2023,2023-11-27T00:00:00Z,0.03326721108227267,-7.105820060418487,-8.46505622169298,-8.392860918839311,-8.457899615494167
SOL_USDT,2023-12-02T00:00:00Z,2023-12-02T08:00:00Z,2023-12-03T08:00:00Z,2023,2023-11-27T00:00:00Z,-0.31394843113012094,-7.093950788917436,-6.969380073922104,-6.864536537026171,-6.94149352918989
LINK_USDT,2023-12-02T00:00:00Z,2023-12-02T08:00:00Z,2023-12-03T08:00:00Z,2023,2023-11-27T00:00:00Z,-0.566557078492519,-7.729415684216077,-7.355831218103872,-7.3467333310142555,-7.345382836173333
ETH_USDT,2023-12-03T00:00:00Z,2023-12-03T08:00:00Z,2023-12-04T08:00:00Z,2023,2023-11-27T00:00:00Z,-0.09392994911965888,-7.126017742059301,-8.201517368542342,-8.233503537271508,-8.156842448511895
SOL_USDT,2023-12-03T00:00:00Z,2023-12-03T08:00:00Z,2023-12-04T08:00:00Z,2023,2023-11-27T00:00:00Z,-0.36360407192743555,-7.941218094246131,-6.804360694908112,-6.7903277712992525,-6.762773585444131
LINK_USDT,2023-12-03T00:00:00Z,2023-12-03T08:00:00Z,2023-12-04T08:00:00Z,2023,2023-11-27T00:00:00Z,-0.16114117681914875,-6.600341402859836,-7.016890746372921,-6.993670599369751,-7.022525018572667
ETH_USDT,2023-12-04T00:00:00Z,2023-12-04T08:00:00Z,2023-12-05T08:00:00Z,2023,2023-12-04T00:00:00Z,-0.2938820095871177,-7.108425059024599,-8.305155668676068,-8.311964256607968,-8.278157223129236
SOL_USDT,2023-12-04T00:00:00Z,2023-12-04T08:00:00Z,2023-12-05T08:00:00Z,2023,2023-12-04T00:00:00Z,-0.37824210317556506,-5.535852522918978,-7.036334754846054,-6.884413829443097,-6.995985493245452
LINK_USDT,2023-12-04T00:00:00Z,2023-12-04T08:00:00Z,2023-12-05T08:00:00Z,2023,2023-12-04T00:00:00Z,-0.5431684063921429,-5.789709870939494,-7.076534936796403,-7.1142094761190044,-7.028191048987659
ETH_USDT,2023-12-05T00:00:00Z,2023-12-05T08:00:00Z,2023-12-06T08:00:00Z,2023,2023-12-04T00:00:00Z,0.47653503464766384,-6.7843662733761985,-8.080607403126617,-7.96836867558082,-8.085602041502089
SOL_USDT,2023-12-05T00:00:00Z,2023-12-05T08:00:00Z,2023-12-06T08:00:00Z,2023,2023-12-04T00:00:00Z,0.08448476791856038,-6.2998897292020635,-6.771116845422854,-6.656741286402598,-6.7379766552491
LINK_USDT,2023-12-05T00:00:00Z,2023-12-05T08:00:00Z,2023-12-06T08:00:00Z,2023,2023-12-04T00:00:00Z,0.12162395733834001,-7.879679909596234,-6.899335203596903,-6.816568924392118,-6.910971681954677
ETH_USDT,2023-12-06T00:00:00Z,2023-12-06T08:00:00Z,2023-12-07T08:00:00Z,2023,2023-12-04T00:00:00Z,0.3987856013257449,-8.186979729518233,-7.873528635870045,-7.821636371218939,-7.789838162613594
SOL_USDT,2023-12-06T00:00:00Z,2023-12-06T08:00:00Z,2023-12-07T08:00:00Z,2023,2023-12-04T00:00:00Z,-0.1975735117316458,-7.039392338781499,-6.856083813550234,-6.782724816756981,-6.753499669880324
LINK_USDT,2023-12-06T00:00:00Z,2023-12-06T08:00:00Z,2023-12-07T08:00:00Z,2023,2023-12-04T00:00:00Z,-0.08520320951250338,-7.213174528857059,-6.968790113322927,-6.922402818305236,-6.8922120010416705
ETH_USDT,2023-12-07T00:00:00Z,2023-12-07T08:00:00Z,2023-12-08T08:00:00Z,2023,2023-12-04T00:00:00Z,0.13183033511675768,-7.017072066474176,-8.020761329906845,-7.9275019061625525,-7.949777768804051
SOL_USDT,2023-12-07T00:00:00Z,2023-12-07T08:00:00Z,2023-12-08T08:00:00Z,2023,2023-12-04T00:00:00Z,0.41715094684115445,-5.292509411402507,-6.781689552491764,-6.516153643452364,-6.731833841346221
LINK_USDT,2023-12-07T00:00:00Z,2023-12-07T08:00:00Z,2023-12-08T08:00:00Z,2023,2023-12-04T00:00:00Z,0.031140583659769846,-6.4817876539038215,-7.079227479011587,-6.9021265763953386,-7.03563872285589
ETH_USDT,2023-12-08T00:00:00Z,2023-12-08T08:00:00Z,2023-12-09T08:00:00Z,2023,2023-12-04T00:00:00Z,0.30585632792925527,-8.853004361515376,-7.769896628417081,-7.722485708454035,-7.751005157395831
SOL_USDT,2023-12-08T00:00:00Z,2023-12-08T08:00:00Z,2023-12-09T08:00:00Z,2023,2023-12-04T00:00:00Z,0.38616994167178886,-6.043251681485129,-6.60363062850541,-6.398876133143649,-6.486218861931162
LINK_USDT,2023-12-08T00:00:00Z,2023-12-08T08:00:00Z,2023-12-09T08:00:00Z,2023,2023-12-04T00:00:00Z,0.13581508720976151,-5.8992076053567555,-6.8396686039683505,-6.736813059692436,-6.795327724166691
ETH_USDT,2023-12-09T00:00:00Z,2023-12-09T08:00:00Z,2023-12-10T08:00:00Z,2023,2023-12-04T00:00:00Z,0.06094844017507781,-8.535065300918852,-8.14754327553524,-7.970826465618515,-8.089333042383835
SOL_USDT,2023-12-09T00:00:00Z,2023-12-09T08:00:00Z,2023-12-10T08:00:00Z,2023,2023-12-04T00:00:00Z,0.49793413957900656,-6.077525745509263,-6.423861980053894,-6.229498094223162,-6.323017655191395
LINK_USDT,2023-12-09T00:00:00Z,2023-12-09T08:00:00Z,2023-12-10T08:00:00Z,2023,2023-12-04T00:00:00Z,0.3821622984202864,-6.2950453499513745,-6.7242935659810845,-6.602754295132932,-6.680963195569597
ETH_USDT,2023-12-10T00:00:00Z,2023-12-10T08:00:00Z,2023-12-11T08:00:00Z,2023,2023-12-04T00:00:00Z,-0.14791154541651036,-5.985763630078028,-8.0753393071661,-8.106429547122215,-8.068676851696587
SOL_USDT,2023-12-10T00:00:00Z,2023-12-10T08:00:00Z,2023-12-11T08:00:00Z,2023,2023-12-04T00:00:00Z,0.2839233492589306,-4.769047702016943,-6.430580785968168,-6.274508442502372,-6.318514111873335
LINK_USDT,2023-12-10T00:00:00Z,2023-12-10T08:00:00Z,2023-12-11T08:00:00Z,2023,2023-12-04T00:00:00Z,0.18708441934453313,-4.640996321233471,-6.771958462824828,-6.683805079015323,-6.694039069608669
ETH_USDT,2023-12-11T00:00:00Z,2023-12-11T08:00:00Z,2023-12-12T08:00:00Z,2023,2023-12-11T00:00:00Z,-0.48788874023777723,-9.360065744401167,-8.310384375728479,-8.312834703395591,-8.326216404505907
SOL_USDT,2023-12-11T00:00:00Z,2023-12-11T08:00:00Z,2023-12-12T08:00:00Z,2023,2023-12-11T00:00:00Z,-0.12328397113660688,-7.1466192672421895,-6.629386245261614,-6.5135591021204675,-6.55420323190563
LINK_USDT,2023-12-11T00:00:00Z,2023-12-11T08:00:00Z,2023-12-12T08:00:00Z,2023,2023-12-11T00:00:00Z,-0.3829695562405829,-7.9159796780193075,-6.977440787739911,-6.959848698845368,-6.92087731696468
ETH_USDT,2023-12-12T00:00:00Z,2023-12-12T08:00:00Z,2023-12-13T08:00:00Z,2023,2023-12-11T00:00:00Z,0.5943229434475223,-7.492322719673386,-7.688448024090777,-7.654980497924881,-7.7742346768457935
SOL_USDT,2023-12-12T00:00:00Z,2023-12-12T08:00:00Z,2023-12-13T08:00:00Z,2023,2023-12-11T00:00:00Z,0.6039191964807679,-5.237722843430236,-6.258719753258078,-6.150795626855867,-6.269214233890477
LINK_USDT,2023-12-12T00:00:00Z,2023-12-12T08:00:00Z,2023-12-13T08:00:00Z,2023,2023-12-11T00:00:00Z,0.6120878555946689,-6.669539298235469,-6.4213349830580455,-6.350305266287838,-6.48036195640919
ETH_USDT,2023-12-13T00:00:00Z,2023-12-13T08:00:00Z,2023-12-14T08:00:00Z,2023,2023-12-11T00:00:00Z,0.004324732871125004,-7.03111351304338,-7.975983377440182,-7.978787535951263,-7.8864339879991245
SOL_USDT,2023-12-13T00:00:00Z,2023-12-13T08:00:00Z,2023-12-14T08:00:00Z,2023,2023-12-11T00:00:00Z,0.09945918390704461,-5.593215753356205,-6.353885094316398,-6.3397895632902745,-6.267719951552549
LINK_USDT,2023-12-13T00:00:00Z,2023-12-13T08:00:00Z,2023-12-14T08:00:00Z,2023,2023-12-11T00:00:00Z,-0.0268271066947694,-7.092577217086091,-6.636511518623343,-6.621337150507619,-6.546090502597699
ETH_USDT,2023-12-14T00:00:00Z,2023-12-14T08:00:00Z,2023-12-15T08:00:00Z,2023,2023-12-11T00:00:00Z,0.15902604690235186,-7.2842910948311,-7.809217555563113,-7.844288897553733,-7.816668510007441
SOL_USDT,2023-12-14T00:00:00Z,2023-12-14T08:00:00Z,2023-12-15T08:00:00Z,2023,2023-12-11T00:00:00Z,0.13767520686328058,-5.76034003412288,-6.171049744724778,-6.225544367252663,-6.172985364684085
LINK_USDT,2023-12-14T00:00:00Z,2023-12-14T08:00:00Z,2023-12-15T08:00:00Z,2023,2023-12-11T00:00:00Z,0.06090537178642325,-6.144291674384935,-6.617420633947873,-6.601607566907634,-6.62490314439861
ETH_USDT,2023-12-15T00:00:00Z,2023-12-15T08:00:00Z,2023-12-16T08:00:00Z,2023,2023-12-11T00:00:00Z,0.1704402947996704,-7.7644154975879935,-7.9621904387208495,-7.926283254816642,-7.94062353346491
SOL_USDT,2023-12-15T00:00:00Z,2023-12-15T08:00:00Z,2023-12-16T08:00:00Z,2023,2023-12-11T00:00:00Z,0.11776037737606113,-5.812903995636664,-6.240883081098682,-6.250704903873383,-6.239794673925298
LINK_USDT,2023-12-15T00:00:00Z,2023-12-15T08:00:00Z,2023-12-16T08:00:00Z,2023,2023-12-11T00:00:00Z,0.13733381621361734,-6.6160761119573355,-6.650356261742807,-6.596702806811667,-6.6477342214736055
ETH_USDT,2023-12-16T00:00:00Z,2023-12-16T08:00:00Z,2023-12-17T08:00:00Z,2023,2023-12-11T00:00:00Z,-0.04297137259567957,-8.167381265429727,-7.8407360629054175,-7.917103649352762,-7.827569129582848
SOL_USDT,2023-12-16T00:00:00Z,2023-12-16T08:00:00Z,2023-12-17T08:00:00Z,2023,2023-12-11T00:00:00Z,0.3361544421833592,-5.589017247850155,-6.314018712881726,-6.244402682132307,-6.313312458139726
LINK_USDT,2023-12-16T00:00:00Z,2023-12-16T08:00:00Z,2023-12-17T08:00:00Z,2023,2023-12-11T00:00:00Z,-0.26233135834620014,-6.780728906805181,-6.589428660480198,-6.707291946357671,-6.575964304713305
ETH_USDT,2023-12-17T00:00:00Z,2023-12-17T08:00:00Z,2023-12-18T08:00:00Z,2023,2023-12-11T00:00:00Z,-0.5354921741317824,-8.04216542279896,-7.941002434949655,-8.117655933860696,-7.960236292372967
SOL_USDT,2023-12-17T00:00:00Z,2023-12-17T08:00:00Z,2023-12-18T08:00:00Z,2023,2023-12-11T00:00:00Z,-0.11895862729341843,-6.5713190475070915,-6.246429237573939,-6.355954347630763,-6.223747482575546
LINK_USDT,2023-12-17T00:00:00Z,2023-12-17T08:00:00Z,2023-12-18T08:00:00Z,2023,2023-12-11T00:00:00Z,-0.5917151669442032,-7.477107216944115,-6.738508267548359,-6.894617381495582,-6.77874689275362
ETH_USDT,2023-12-18T00:00:00Z,2023-12-18T08:00:00Z,2023-12-19T08:00:00Z,2023,2023-12-18T00:00:00Z,-0.40997895967353537,-6.842298152243867,-7.950843600065515,-8.09119409193308,-8.045040049387275
SOL_USDT,2023-12-18T00:00:00Z,2023-12-18T08:00:00Z,2023-12-19T08:00:00Z,2023,2023-12-18T00:00:00Z,-0.2019527583224331,-5.64270669645217,-6.413211776862661,-6.473144263114625,-6.456452778770118
LINK_USDT,2023-12-18T00:00:00Z,2023-12-18T08:00:00Z,2023-12-19T08:00:00Z,2023,2023-12-18T00:00:00Z,-0.6962023186831954,-6.050011203373753,-6.744858710834142,-6.956785447228785,-6.840751770438853
ETH_USDT,2023-12-19T00:00:00Z,2023-12-19T08:00:00Z,2023-12-20T08:00:00Z,2023,2023-12-18T00:00:00Z,0.036669617935752054,-6.906737943825321,-7.958336953919561,-8.030487501598678,-8.012581739822839
SOL_USDT,2023-12-19T00:00:00Z,2023-12-19T08:00:00Z,2023-12-20T08:00:00Z,2023,2023-12-18T00:00:00Z,0.11601125385506321,-5.979913477227556,-6.350063804525159,-6.394651972284015,-6.394015673546467
LINK_USDT,2023-12-19T00:00:00Z,2023-12-19T08:00:00Z,2023-12-20T08:00:00Z,2023,2023-12-18T00:00:00Z,0.12790701389445322,-6.700894667379338,-6.9158662457475,-6.8999322460900965,-6.990844462549787
ETH_USDT,2023-12-20T00:00:00Z,2023-12-20T08:00:00Z,2023-12-21T08:00:00Z,2023,2023-12-18T00:00:00Z,0.08923198586127831,-7.381214046770214,-7.904651559857025,-7.941087453026519,-7.903530473505667
SOL_USDT,2023-12-20T00:00:00Z,2023-12-20T08:00:00Z,2023-12-21T08:00:00Z,2023,2023-12-18T00:00:00Z,-0.010137740405641853,-4.992189369427805,-6.507013939583147,-6.496016831878095,-6.500762840059034
LINK_USDT,2023-12-20T00:00:00Z,2023-12-20T08:00:00Z,2023-12-21T08:00:00Z,2023,2023-12-18T00:00:00Z,-0.39604471750901504,-6.484402860385273,-7.062903320002391,-7.131046314083002,-7.0230604294157
ETH_USDT,2023-12-21T00:00:00Z,2023-12-21T08:00:00Z,2023-12-22T08:00:00Z,2023,2023-12-18T00:00:00Z,0.174694744772743,-8.134261428520766,-7.910702535829056,-7.925679875666192,-7.8969276702505935
SOL_USDT,2023-12-21T00:00:00Z,2023-12-21T08:00:00Z,2023-12-22T08:00:00Z,2023,2023-12-18T00:00:00Z,0.5908118611115338,-5.30808618142912,-6.362225578883252,-6.263038087666932,-6.369155430602043
LINK_USDT,2023-12-21T00:00:00Z,2023-12-21T08:00:00Z,2023-12-22T08:00:00Z,2023,2023-12-18T00:00:00Z,-0.2993004813470586,-6.2768050478770725,-6.943702736653918,-7.054331891736204,-6.978879339914951
ETH_USDT,2023-12-22T00:00:00Z,2023-12-22T08:00:00Z,2023-12-23T08:00:00Z,2023,2023-12-18T00:00:00Z,0.2630590634525249,-7.220655132972211,-8.14483019417862,-7.967017349405971,-8.120987054673094
SOL_USDT,2023-12-22T00:00:00Z,2023-12-22T08:00:00Z,2023-12-23T08:00:00Z,2023,2023-12-18T00:00:00Z,0.7911127020791621,-6.393029866730744,-6.15524010568105,-5.993740326170444,-6.101676895219601
LINK_USDT,2023-12-22T00:00:00Z,2023-12-22T08:00:00Z,2023-12-23T08:00:00Z,2023,2023-12-18T00:00:00Z,0.0542353454773722,-6.647677899645712,-6.857849646768234,-6.843379119409479,-6.897843594474574
ETH_USDT,2023-12-23T00:00:00Z,2023-12-23T08:00:00Z,2023-12-24T08:00:00Z,2023,2023-12-18T00:00:00Z,0.541348940190373,-8.939405163133376,-7.991366840441712,-7.864306171360194,-7.958978911240862
SOL_USDT,2023-12-23T00:00:00Z,2023-12-23T08:00:00Z,2023-12-24T08:00:00Z,2023,2023-12-18T00:00:00Z,0.8028985991047811,-4.161276099241577,-6.4542994209273035,-6.181546897541352,-6.365775235488045
LINK_USDT,2023-12-23T00:00:00Z,2023-12-23T08:00:00Z,2023-12-24T08:00:00Z,2023,2023-12-18T00:00:00Z,-0.0004028790403268378,-5.863709191050932,-7.137292275940552,-7.066913290073344,-7.114748775746086
ETH_USDT,2023-12-24T00:00:00Z,2023-12-24T08:00:00Z,2023-12-25T08:00:00Z,2023,2023-12-18T00:00:00Z,-0.30198440251863884,-8.444191519595368,-8.020360361537373,-8.12786477031121,-7.951809036094865
SOL_USDT,2023-12-24T00:00:00Z,2023-12-24T08:00:00Z,2023-12-25T08:00:00Z,2023,2023-12-18T00:00:00Z,0.46438416948902683,-8.600343954863206,-5.981893268713884,-5.975176698914787,-5.908202651200954
LINK_USDT,2023-12-24T00:00:00Z,2023-12-24T08:00:00Z,2023-12-25T08:00:00Z,2023,2023-12-18T00:00:00Z,-0.017763197608595686,-6.5125851080938695,-6.773197793222951,-6.845924415245555,-6.775949331900018
ETH_USDT,2023-12-25T00:00:00Z,2023-12-25T08:00:00Z,2023-12-26T08:00:00Z,2023,2023-12-25T00:00:00Z,-0.11122639115863853,-8.389987985150958,-8.125995227774853,-8.136914999376755,-8.16579008112192
SOL_USDT,2023-12-25T00:00:00Z,2023-12-25T08:00:00Z,2023-12-26T08:00:00Z,2023,2023-12-25T00:00:00Z,0.889431771778368,-4.427921884759562,-6.073993969336271,-5.864581998171126,-6.042085010818566
LINK_USDT,2023-12-25T00:00:00Z,2023-12-25T08:00:00Z,2023-12-26T08:00:00Z,2023,2023-12-25T00:00:00Z,-0.07321619643964836,-7.720397568968537,-6.846162570329761,-6.887290570606732,-6.849194003438138
ETH_USDT,2023-12-26T00:00:00Z,2023-12-26T08:00:00Z,2023-12-27T08:00:00Z,2023,2023-12-25T00:00:00Z,-0.20334825221663128,-10.327705842088584,-8.32081016609959,-8.294915287128424,-8.31834552950348
SOL_USDT,2023-12-26T00:00:00Z,2023-12-26T08:00:00Z,2023-12-27T08:00:00Z,2023,2023-12-25T00:00:00Z,0.7779891086396359,-6.827751574478372,-5.927300389510896,-5.791298907263749,-5.846461513535561
LINK_USDT,2023-12-26T00:00:00Z,2023-12-26T08:00:00Z,2023-12-27T08:00:00Z,2023,2023-12-25T00:00:00Z,-0.22667581424549763,-7.7978895017289425,-7.172937269569767,-7.105814300851098,-7.167148279997624
ETH_USDT,2023-12-27T00:00:00Z,2023-12-27T08:00:00Z,2023-12-28T08:00:00Z,2023,2023-12-25T00:00:00Z,0.11845464258795953,-5.9132480758051305,-8.377222941487863,-8.284483318386313,-8.37206449086483
SOL_USDT,2023-12-27T00:00:00Z,2023-12-27T08:00:00Z,2023-12-28T08:00:00Z,2023,2023-12-25T00:00:00Z,0.7601226801237407,-6.700872149884377,-5.915754061059103,-5.7653594539326125,-5.847896646937528
LINK_USDT,2023-12-27T00:00:00Z,2023-12-27T08:00:00Z,2023-12-28T08:00:00Z,2023,2023-12-25T00:00:00Z,-0.03587568279417268,-4.839926749121957,-7.072107990577893,-7.028112577598745,-7.086568343018414
ETH_USDT,2023-12-28T00:00:00Z,2023-12-28T08:00:00Z,2023-12-29T08:00:00Z,2023,2023-12-25T00:00:00Z,0.4102455998320339,-8.854764855522951,-7.789164779337005,-7.789244145186572,-7.775809187298859
SOL_USDT,2023-12-28T00:00:00Z,2023-12-28T08:00:00Z,2023-12-29T08:00:00Z,2023,2023-12-25T00:00:00Z,0.3833554497388719,-5.293521875036848,-6.12365896868714,-5.9933010615586,-6.051856480027672
LINK_USDT,2023-12-28T00:00:00Z,2023-12-28T08:00:00Z,2023-12-29T08:00:00Z,2023,2023-12-25T00:00:00Z,0.2903363773975408,-5.934462703315004,-6.511863751221158,-6.546222293437194,-6.529533994448121
ETH_USDT,2023-12-29T00:00:00Z,2023-12-29T08:00:00Z,2023-12-30T08:00:00Z,2023,2023-12-25T00:00:00Z,0.4735713354080117,-8.776372283625674,-8.122573323712583,-7.9045379688631545,-8.063486034853382
SOL_USDT,2023-12-29T00:00:00Z,2023-12-29T08:00:00Z,2023-12-30T08:00:00Z,2023,2023-12-25T00:00:00Z,0.4123997543294942,-7.199915072138084,-6.044787985030554,-5.9713816556496395,-6.016988639944635
LINK_USDT,2023-12-29T00:00:00Z,2023-12-29T08:00:00Z,2023-12-30T08:00:00Z,2023,2023-12-25T00:00:00Z,0.6593346938521092,-8.05954033978251,-6.615030973110649,-6.458468233628788,-6.587906783658352
ETH_USDT,2023-12-30T00:00:00Z,2023-12-30T08:00:00Z,2023-12-31T08:00:00Z,2023,2023-12-25T00:00:00Z,0.1760307599447175,-8.848417915614917,-8.126867379031106,-8.01009482249404,-8.057044824643851
SOL_USDT,2023-12-30T00:00:00Z,2023-12-30T08:00:00Z,2023-12-31T08:00:00Z,2023,2023-12-25T00:00:00Z,0.33661622098210386,-6.909999032013424,-6.166917319692928,-6.024056215725745,-6.134763730194839
LINK_USDT,2023-12-30T00:00:00Z,2023-12-30T08:00:00Z,2023-12-31T08:00:00Z,2023,2023-12-25T00:00:00Z,0.014683119200462055,-8.408046265536461,-6.7942533020724785,-6.716044288693464,-6.7172412057227175
ETH_USDT,2023-12-31T00:00:00Z,2023-12-31T08:00:00Z,2024-01-01T08:00:00Z,2023,2023-12-25T00:00:00Z,-0.5943848738599874,-9.708472720090588,-8.193386635531542,-8.304860734011854,-8.155971042819143
SOL_USDT,2023-12-31T00:00:00Z,2023-12-31T08:00:00Z,2024-01-01T08:00:00Z,2023,2023-12-25T00:00:00Z,-0.5044242563485044,-8.031548454232167,-6.359423960814666,-6.463283106235101,-6.312621356841639
LINK_USDT,2023-12-31T00:00:00Z,2023-12-31T08:00:00Z,2024-01-01T08:00:00Z,2023,2023-12-25T00:00:00Z,-0.870696152466726,-6.997157647645852,-6.902189472450527,-7.093654427403313,-6.893644536513086
ETH_USDT,2024-01-01T00:00:00Z,2024-01-01T08:00:00Z,2024-01-02T08:00:00Z,2024,2024-01-01T00:00:00Z,-0.5323751162895346,-7.36962627988358,-8.305128705198735,-8.341410273334755,-8.365092016622695
SOL_USDT,2024-01-01T00:00:00Z,2024-01-01T08:00:00Z,2024-01-02T08:00:00Z,2024,2024-01-01T00:00:00Z,-0.603505644687608,-5.502166685353847,-6.492995401950334,-6.574856985602985,-6.545877828148449
LINK_USDT,2024-01-01T00:00:00Z,2024-01-01T08:00:00Z,2024-01-02T08:00:00Z,2024,2024-01-01T00:00:00Z,-0.7044492715493336,-7.201591092646273,-6.910849458505252,-7.056966592294611,-7.0154774626820195
ETH_USDT,2024-01-02T00:00:00Z,2024-01-02T08:00:00Z,2024-01-03T08:00:00Z,2024,2024-01-01T00:00:00Z,-0.5419025358576596,-8.798684744406751,-8.07709379645257,-8.26258601859774,-8.135023090616265
SOL_USDT,2024-01-02T00:00:00Z,2024-01-02T08:00:00Z,2024-01-03T08:00:00Z,2024,2024-01-01T00:00:00Z,-0.43942183029808374,-5.91477133584103,-6.52118203143441,-6.62730027137967,-6.56676596588005
LINK_USDT,2024-01-02T00:00:00Z,2024-01-02T08:00:00Z,2024-01-03T08:00:00Z,2024,2024-01-01T00:00:00Z,-0.7766226877400451,-6.577019459301088,-6.914228783530067,-7.108059701136481,-6.994757156227522
ETH_USDT,2024-01-03T00:00:00Z,2024-01-03T08:00:00Z,2024-01-04T08:00:00Z,2024,2024-01-01T00:00:00Z,0.21240964726650996,-5.809841547332289,-8.074571192593206,-8.015464572096965,-8.134384033072596
SOL_USDT,2024-01-03T00:00:00Z,2024-01-03T08:00:00Z,2024-01-04T08:00:00Z,2024,2024-01-01T00:00:00Z,0.15631039456881243,-5.464905253580365,-6.481868779918655,-6.426991339459663,-6.5023474611652325
LINK_USDT,2024-01-03T00:00:00Z,2024-01-03T08:00:00Z,2024-01-04T08:00:00Z,2024,2024-01-01T00:00:00Z,-0.18576725624324983,-5.1384609289101535,-6.749087846609003,-6.831006458321781,-6.8450366780695
ETH_USDT,2024-01-04T00:00:00Z,2024-01-04T08:00:00Z,2024-01-05T08:00:00Z,2024,2024-01-01T00:00:00Z,0.6941671433040859,-7.327471932482993,-7.794273729368624,-7.717624746429023,-7.760976421237189
SOL_USDT,2024-01-04T00:00:00Z,2024-01-04T08:00:00Z,2024-01-05T08:00:00Z,2024,2024-01-01T00:00:00Z,0.4665013221955683,-5.600779407947186,-6.382597150920568,-6.2538040007942,-6.337133392896648
LINK_USDT,2024-01-04T00:00:00Z,2024-01-04T08:00:00Z,2024-01-05T08:00:00Z,2024,2024-01-01T00:00:00Z,0.301147888456288,-7.093053975868626,-6.693075986464909,-6.685806321455978,-6.703090454557172
ETH_USDT,2024-01-05T00:00:00Z,2024-01-05T08:00:00Z,2024-01-06T08:00:00Z,2024,2024-01-01T00:00:00Z,0.1262350014937819,-7.150584240715443,-7.891870608426543,-7.901614322614764,-7.81188091387755
SOL_USDT,2024-01-05T00:00:00Z,2024-01-05T08:00:00Z,2024-01-06T08:00:00Z,2024,2024-01-01T00:00:00Z,-0.052284410879670444,-5.407762121129399,-6.485145781508673,-6.463210760780559,-6.402001638182402
LINK_USDT,2024-01-05T00:00:00Z,2024-01-05T08:00:00Z,2024-01-06T08:00:00Z,2024,2024-01-01T00:00:00Z,-0.5070591903014635,-5.553072101186902,-6.957829509495898,-7.062748325618796,-6.900629148208809
ETH_USDT,2024-01-06T00:00:00Z,2024-01-06T08:00:00Z,2024-01-07T08:00:00Z,2024,2024-01-01T00:00:00Z,0.021731106157480744,-9.80213365116747,-7.855626370405399,-7.886567837081163,-7.845679222527566
SOL_USDT,2024-01-06T00:00:00Z,2024-01-06T08:00:00Z,2024-01-07T08:00:00Z,2024,2024-01-01T00:00:00Z,-0.1509334919596577,-7.565745769244259,-6.41905541828723,-6.433367776930816,-6.4018173347826055
LINK_USDT,2024-01-06T00:00:00Z,2024-01-06T08:00:00Z,2024-01-07T08:00:00Z,2024,2024-01-01T00:00:00Z,-0.18231282324838388,-7.0506135951019555,-6.929142016098793,-6.934241750416514,-6.969729940706658
ETH_USDT,2024-01-07T00:00:00Z,2024-01-07T08:00:00Z,2024-01-08T08:00:00Z,2024,2024-01-01T00:00:00Z,-0.6908174200167655,-9.358947927331293,-7.919078139054514,-8.119287304796323,-7.925170421137056
SOL_USDT,2024-01-07T00:00:00Z,2024-01-07T08:00:00Z,2024-01-08T08:00:00Z,2024,2024-01-01T00:00:00Z,-0.4558424006224105,-5.9420668888425,-6.335996080288571,-6.455015942019819,-6.338420492825559
LINK_USDT,2024-01-07T00:00:00Z,2024-01-07T08:00:00Z,2024-01-08T08:00:00Z,2024,2024-01-01T00:00:00Z,-0.7328408138118321,-6.584261786480062,-6.645274960881039,-6.900050483623751,-6.664787961391332
ETH_USDT,2024-01-08T00:00:00Z,2024-01-08T08:00:00Z,2024-01-09T08:00:00Z,2024,2024-01-08T00:00:00Z,-0.6116702199408468,-6.708001011902273,-8.016542887159197,-8.115708423619376,-8.109037521609908
SOL_USDT,2024-01-08T00:00:00Z,2024-01-08T08:00:00Z,2024-01-09T08:00:00Z,2024,2024-01-08T00:00:00Z,-0.38919428415208207,-5.1802803079403414,-6.2947850859069865,-6.379545673666451,-6.343799057945827
LINK_USDT,2024-01-08T00:00:00Z,2024-01-08T08:00:00Z,2024-01-09T08:00:00Z,2024,2024-01-08T00:00:00Z,-0.8484618900516567,-6.389772184804389,-6.762296133704877,-6.9650316908493135,-6.850972040197172
ETH_USDT,2024-01-09T00:00:00Z,2024-01-09T08:00:00Z,2024-01-10T08:00:00Z,2024,2024-01-08T00:00:00Z,0.3379654745586542,-6.214447281396187,-7.724459406362747,-7.7242995750613614,-7.806794307091943
SOL_USDT,2024-01-09T00:00:00Z,2024-01-09T08:00:00Z,2024-01-10T08:00:00Z,2024,2024-01-08T00:00:00Z,0.1549026157120776,-7.4222307729798125,-6.250329070333911,-6.231481682395905,-6.285546116607236
LINK_USDT,2024-01-09T00:00:00Z,2024-01-09T08:00:00Z,2024-01-10T08:00:00Z,2024,2024-01-08T00:00:00Z,-0.08759940352020706,-6.584761106084185,-6.647127724605486,-6.715121598393726,-6.745630559211918
ETH_USDT,2024-01-10T00:00:00Z,2024-01-10T08:00:00Z,2024-01-11T08:00:00Z,2024,2024-01-08T00:00:00Z,0.34631031592697825,-5.5205753596152425,-7.50408676073017,-7.524998115965154,-7.489886108766271
SOL_USDT,2024-01-10T00:00:00Z,2024-01-10T08:00:00Z,2024-01-11T08:00:00Z,2024,2024-01-08T00:00:00Z,0.08908380689753052,-4.945084867891092,-6.353954138502655,-6.292772766667346,-6.323841985087799
LINK_USDT,2024-01-10T00:00:00Z,2024-01-10T08:00:00Z,2024-01-11T08:00:00Z,2024,2024-01-08T00:00:00Z,-0.11755316917981638,-5.279306959448881,-6.694297063417894,-6.724091263996968,-6.704041345008456
ETH_USDT,2024-01-11T00:00:00Z,2024-01-11T08:00:00Z,2024-01-12T08:00:00Z,2024,2024-01-08T00:00:00Z,1.00669130748308,-8.728793362908018,-7.3418404388208955,-7.220950027334456,-7.329982904784701
SOL_USDT,2024-01-11T00:00:00Z,2024-01-11T08:00:00Z,2024-01-12T08:00:00Z,2024,2024-01-08T00:00:00Z,0.08204969655288621,-8.083649936378766,-6.1807962829142085,-6.205058439976563,-6.1647099798279505
LINK_USDT,2024-01-11T00:00:00Z,2024-01-11T08:00:00Z,2024-01-12T08:00:00Z,2024,2024-01-08T00:00:00Z,-0.026994427242117296,-7.645318214296078,-6.620492008003189,-6.707293989674572,-6.635303823131122
ETH_USDT,2024-01-12T00:00:00Z,2024-01-12T08:00:00Z,2024-01-13T08:00:00Z,2024,2024-01-08T00:00:00Z,0.8026283053001341,-5.867878545883552,-7.776383209869434,-7.49125543456057,-7.681451584831881
SOL_USDT,2024-01-12T00:00:00Z,2024-01-12T08:00:00Z,2024-01-13T08:00:00Z,2024,2024-01-08T00:00:00Z,0.1350992015193456,-5.9908352210212605,-6.459561907038697,-6.333473178071062,-6.437475813274099
LINK_USDT,2024-01-12T00:00:00Z,2024-01-12T08:00:00Z,2024-01-13T08:00:00Z,2024,2024-01-08T00:00:00Z,0.005388837117902222,-6.274827005260838,-6.892532318044048,-6.827167790609637,-6.891758659016304
ETH_USDT,2024-01-13T00:00:00Z,2024-01-13T08:00:00Z,2024-01-14T08:00:00Z,2024,2024-01-08T00:00:00Z,0.8083891557969035,-8.678861945614662,-7.29048839359854,-7.217778879841022,-7.232038559118676
SOL_USDT,2024-01-13T00:00:00Z,2024-01-13T08:00:00Z,2024-01-14T08:00:00Z,2024,2024-01-08T00:00:00Z,-0.26229188428764544,-6.427361947685042,-6.343538763478094,-6.422628567574753,-6.31795630216286
LINK_USDT,2024-01-13T00:00:00Z,2024-01-13T08:00:00Z,2024-01-14T08:00:00Z,2024,2024-01-08T00:00:00Z,-0.1481442536352499,-6.548344364787118,-6.685873199611016,-6.772509130761616,-6.685788480311132
ETH_USDT,2024-01-14T00:00:00Z,2024-01-14T08:00:00Z,2024-01-15T08:00:00Z,2024,2024-01-08T00:00:00Z,0.041561736882202965,-6.949698377336633,-7.558235868244649,-7.526530240795248,-7.494641282224457
SOL_USDT,2024-01-14T00:00:00Z,2024-01-14T08:00:00Z,2024-01-15T08:00:00Z,2024,2024-01-08T00:00:00Z,-0.7383710849150534,-5.531812372087335,-6.485412691229485,-6.623940693320469,-6.501858051884386
LINK_USDT,2024-01-14T00:00:00Z,2024-01-14T08:00:00Z,2024-01-15T08:00:00Z,2024,2024-01-08T00:00:00Z,-0.9116639438565985,-5.648650325195239,-7.148525860933615,-7.22598182841769,-7.150868271317136
ETH_USDT,2024-01-15T00:00:00Z,2024-01-15T08:00:00Z,2024-01-16T08:00:00Z,2024,2024-01-15T00:00:00Z,-0.29028918439553,-10.028921868772935,-7.382924513350517,-7.5543884635859415,-7.41177415385687
SOL_USDT,2024-01-15T00:00:00Z,2024-01-15T08:00:00Z,2024-01-16T08:00:00Z,2024,2024-01-15T00:00:00Z,-0.33874726645779973,-6.318814077330853,-6.313092396789726,-6.43457501800869,-6.3872305048882225
LINK_USDT,2024-01-15T00:00:00Z,2024-01-15T08:00:00Z,2024-01-16T08:00:00Z,2024,2024-01-15T00:00:00Z,0.19957167320493563,-8.686860142240283,-6.712756369552068,-6.6990314321565965,-6.814408590521727
ETH_USDT,2024-01-16T00:00:00Z,2024-01-16T08:00:00Z,2024-01-17T08:00:00Z,2024,2024-01-15T00:00:00Z,-0.2768408001783092,-7.700283224807491,-7.529652243613211,-7.623811472124838,-7.590367034069612
SOL_USDT,2024-01-16T00:00:00Z,2024-01-16T08:00:00Z,2024-01-17T08:00:00Z,2024,2024-01-15T00:00:00Z,-0.8315310178334135,-9.983645883130093,-6.55043873363028,-6.716365793728806,-6.568772459412797
LINK_USDT,2024-01-16T00:00:00Z,2024-01-16T08:00:00Z,2024-01-17T08:00:00Z,2024,2024-01-15T00:00:00Z,0.2288561697808342,-6.680038884894289,-6.729780327698089,-6.6894072027738805,-6.701886594483571
ETH_USDT,2024-01-17T00:00:00Z,2024-01-17T08:00:00Z,2024-01-18T08:00:00Z,2024,2024-01-15T00:00:00Z,-0.08611344941200337,-9.868438764679167,-7.60286544551621,-7.628339464443702,-7.656643226332776
SOL_USDT,2024-01-17T00:00:00Z,2024-01-17T08:00:00Z,2024-01-18T08:00:00Z,2024,2024-01-15T00:00:00Z,-0.7652851162320469,-6.609258003944752,-6.52869914642327,-6.683390055629332,-6.606876635337014
LINK_USDT,2024-01-17T00:00:00Z,2024-01-17T08:00:00Z,2024-01-18T08:00:00Z,2024,2024-01-15T00:00:00Z,-0.37205362248868057,-6.624374705948699,-7.002272973398131,-6.987338817227861,-6.9622363083165535
ETH_USDT,2024-01-18T00:00:00Z,2024-01-18T08:00:00Z,2024-01-19T08:00:00Z,2024,2024-01-15T00:00:00Z,-0.13341523502628974,-7.572679323615692,-7.963745697155884,-7.946511986654453,-7.961596381274458
SOL_USDT,2024-01-18T00:00:00Z,2024-01-18T08:00:00Z,2024-01-19T08:00:00Z,2024,2024-01-15T00:00:00Z,-0.13516430210128777,-6.105660973820878,-6.750605666639501,-6.692106127968138,-6.8010545226150105
LINK_USDT,2024-01-18T00:00:00Z,2024-01-18T08:00:00Z,2024-01-19T08:00:00Z,2024,2024-01-15T00:00:00Z,0.46707049860991795,-6.108568162903145,-6.915290647676337,-6.765158529721955,-6.938297195764263
ETH_USDT,2024-01-19T00:00:00Z,2024-01-19T08:00:00Z,2024-01-20T08:00:00Z,2024,2024-01-15T00:00:00Z,0.05045034801617181,-8.692442734146823,-7.851535715167561,-7.850148021550998,-7.860236806666213
SOL_USDT,2024-01-19T00:00:00Z,2024-01-19T08:00:00Z,2024-01-20T08:00:00Z,2024,2024-01-15T00:00:00Z,-0.2722863995419797,-6.083617632584838,-6.618186184024329,-6.663180324743639,-6.598026769249174
LINK_USDT,2024-01-19T00:00:00Z,2024-01-19T08:00:00Z,2024-01-20T08:00:00Z,2024,2024-01-15T00:00:00Z,0.12015674071030946,-5.485285561342325,-6.856124246575962,-6.826199711364392,-6.781428967257037
ETH_USDT,2024-01-20T00:00:00Z,2024-01-20T08:00:00Z,2024-01-21T08:00:00Z,2024,2024-01-15T00:00:00Z,-0.03009978145989558,-9.92780386250086,-8.36516219066523,-8.254235178505814,-8.309435861073123
SOL_USDT,2024-01-20T00:00:00Z,2024-01-20T08:00:00Z,2024-01-21T08:00:00Z,2024,2024-01-15T00:00:00Z,-0.2920615679724643,-7.326231630279887,-6.668833345619852,-6.703106996308558,-6.665296871717315
LINK_USDT,2024-01-20T00:00:00Z,2024-01-20T08:00:00Z,2024-01-21T08:00:00Z,2024,2024-01-15T00:00:00Z,0.50724905883139,-6.318956427299389,-6.657314073441125,-6.56268981506176,-6.635548631426226
ETH_USDT,2024-01-21T00:00:00Z,2024-01-21T08:00:00Z,2024-01-22T08:00:00Z,2024,2024-01-15T00:00:00Z,-1.1410716457377117,-8.288249538730225,-8.428188970106298,-8.589604186476924,-8.383128878770354
SOL_USDT,2024-01-21T00:00:00Z,2024-01-21T08:00:00Z,2024-01-22T08:00:00Z,2024,2024-01-15T00:00:00Z,-1.0818523798896649,-7.311766950200877,-6.729319849528064,-6.948186343231361,-6.736361236621589
LINK_USDT,2024-01-21T00:00:00Z,2024-01-21T08:00:00Z,2024-01-22T08:00:00Z,2024,2024-01-15T00:00:00Z,0.36403024070580003,-7.68763137487878,-6.639294319190855,-6.523703191751048,-6.580061298074711
ETH_USDT,2024-01-22T00:00:00Z,2024-01-22T08:00:00Z,2024-01-23T08:00:00Z,2024,2024-01-22T00:00:00Z,-1.2168366123360763,-6.82410766619471,-8.722708939487,-8.826108621641305,-8.795320666680801
SOL_USDT,2024-01-22T00:00:00Z,2024-01-22T08:00:00Z,2024-01-23T08:00:00Z,2024,2024-01-22T00:00:00Z,-1.3645001957059069,-6.08953023620166,-7.0401269202978245,-7.239953096979558,-7.12437549021374
LINK_USDT,2024-01-22T00:00:00Z,2024-01-22T08:00:00Z,2024-01-23T08:00:00Z,2024,2024-01-22T00:00:00Z,-0.5299604056894058,-5.962614393254227,-6.944265440882976,-6.942689353638204,-6.889271749693816
ETH_USDT,2024-01-23T00:00:00Z,2024-01-23T08:00:00Z,2024-01-24T08:00:00Z,2024,2024-01-22T00:00:00Z,0.18079191083253968,-6.109161057060609,-8.150566968935456,-8.118782461353284,-8.264755785185445
SOL_USDT,2024-01-23T00:00:00Z,2024-01-23T08:00:00Z,2024-01-24T08:00:00Z,2024,2024-01-22T00:00:00Z,-0.16253999638638864,-7.090456382015911,-6.819955465872019,-6.856993138240339,-6.959094230562705
LINK_USDT,2024-01-23T00:00:00Z,2024-01-23T08:00:00Z,2024-01-24T08:00:00Z,2024,2024-01-22T00:00:00Z,0.3857422388118767,-6.732251827728544,-6.725720761535182,-6.646146160638333,-6.78733887998315
ETH_USDT,2024-01-24T00:00:00Z,2024-01-24T08:00:00Z,2024-01-25T08:00:00Z,2024,2024-01-22T00:00:00Z,0.3835122461911785,-11.420208767506901,-7.779972341211721,-7.742427643001553,-7.742261709775726
SOL_USDT,2024-01-24T00:00:00Z,2024-01-24T08:00:00Z,2024-01-25T08:00:00Z,2024,2024-01-22T00:00:00Z,-0.020217317957041927,-7.517115468291981,-7.007945935526867,-6.889419949536925,-6.9846805625537005
LINK_USDT,2024-01-24T00:00:00Z,2024-01-24T08:00:00Z,2024-01-25T08:00:00Z,2024,2024-01-22T00:00:00Z,0.14707113815285608,-8.185772619871878,-6.7788693932095905,-6.714374888739813,-6.7242459970153465
ETH_USDT,2024-01-25T00:00:00Z,2024-01-25T08:00:00Z,2024-01-26T08:00:00Z,2024,2024-01-22T00:00:00Z,-0.2939232753758272,-7.40584333019596,-8.222480459739025,-8.03041098975,-8.154477196786807
SOL_USDT,2024-01-25T00:00:00Z,2024-01-25T08:00:00Z,2024-01-26T08:00:00Z,2024,2024-01-22T00:00:00Z,-0.24460335603762304,-7.707084249279758,-6.939496408696272,-6.910119081880305,-6.911418250225754
LINK_USDT,2024-01-25T00:00:00Z,2024-01-25T08:00:00Z,2024-01-26T08:00:00Z,2024,2024-01-22T00:00:00Z,-0.29414530137248274,-6.801814225696199,-6.983756379467505,-6.888020999935059,-6.95555365731459
ETH_USDT,2024-01-26T00:00:00Z,2024-01-26T08:00:00Z,2024-01-27T08:00:00Z,2024,2024-01-22T00:00:00Z,-0.38415715961029706,-7.167149541752794,-7.919129700157592,-8.01560677293319,-7.936565972725162
SOL_USDT,2024-01-26T00:00:00Z,2024-01-26T08:00:00Z,2024-01-27T08:00:00Z,2024,2024-01-22T00:00:00Z,-0.5981988471839077,-5.584846957368486,-7.1583567064955576,-7.212631224184316,-7.144570217162522
LINK_USDT,2024-01-26T00:00:00Z,2024-01-26T08:00:00Z,2024-01-27T08:00:00Z,2024,2024-01-22T00:00:00Z,-0.5143036598525195,-6.713665869177409,-6.837777556537769,-6.970747166935232,-6.860134370378491
ETH_USDT,2024-01-27T00:00:00Z,2024-01-27T08:00:00Z,2024-01-28T08:00:00Z,2024,2024-01-22T00:00:00Z,-0.26021407321495804,-9.550691562022742,-7.842476487349259,-7.976249582608169,-7.879037441622641
SOL_USDT,2024-01-27T00:00:00Z,2024-01-27T08:00:00Z,2024-01-28T08:00:00Z,2024,2024-01-22T00:00:00Z,-0.37298029703815494,-7.13578583094378,-6.901573994096032,-7.046028825345336,-6.936896579306865
LINK_USDT,2024-01-27T00:00:00Z,2024-01-27T08:00:00Z,2024-01-28T08:00:00Z,2024,2024-01-22T00:00:00Z,-0.4327732688886475,-8.394411709829138,-7.070879329592182,-7.187284570800931,-7.103318241192675
ETH_USDT,2024-01-28T00:00:00Z,2024-01-28T08:00:00Z,2024-01-29T08:00:00Z,2024,2024-01-22T00:00:00Z,-1.1340691323829204,-9.612122344145352,-8.077248854533096,-8.27685856149743,-8.097546415655948
SOL_USDT,2024-01-28T00:00:00Z,2024-01-28T08:00:00Z,2024-01-29T08:00:00Z,2024,2024-01-22T00:00:00Z,-0.8483902147980047,-7.903265722757196,-7.04044310689728,-7.211291014623651,-7.052039562247748
LINK_USDT,2024-01-28T00:00:00Z,2024-01-28T08:00:00Z,2024-01-29T08:00:00Z,2024,2024-01-22T00:00:00Z,-1.022978758523859,-9.11655726270389,-7.3580268370262205,-7.4944342601532545,-7.370936740761568
ETH_USDT,2024-01-29T00:00:00Z,2024-01-29T08:00:00Z,2024-01-30T08:00:00Z,2024,2024-01-29T00:00:00Z,-0.7452756086926672,-7.8330765656875405,-7.992709125169612,-8.128705820026022,-8.112455211709875
SOL_USDT,2024-01-29T00:00:00Z,2024-01-29T08:00:00Z,2024-01-30T08:00:00Z,2024,2024-01-29T00:00:00Z,-0.06237322060393575,-6.4955494867398915,-7.04696611980466,-6.9541393071397,-7.112602311549266
LINK_USDT,2024-01-29T00:00:00Z,2024-01-29T08:00:00Z,2024-01-30T08:00:00Z,2024,2024-01-29T00:00:00Z,-0.36299961854792484,-7.667252384951738,-7.374218405346394,-7.29274880555139,-7.4520102145949885
ETH_USDT,2024-01-30T00:00:00Z,2024-01-30T08:00:00Z,2024-01-31T08:00:00Z,2024,2024-01-29T00:00:00Z,-0.3712824107445669,-8.587150378180501,-8.00578877495512,-8.10074892906118,-8.072140634650587
SOL_USDT,2024-01-30T00:00:00Z,2024-01-30T08:00:00Z,2024-01-31T08:00:00Z,2024,2024-01-29T00:00:00Z,-0.014978717213905849,-6.563911975872066,-7.0511433476111005,-7.006435122092402,-7.0218264239165205
LINK_USDT,2024-01-30T00:00:00Z,2024-01-30T08:00:00Z,2024-01-31T08:00:00Z,2024,2024-01-29T00:00:00Z,-0.005786950627136621,-6.178194667028997,-7.4980813068778005,-7.3661249255746695,-7.480807255264079
ETH_USDT,2024-01-31T00:00:00Z,2024-01-31T08:00:00Z,2024-02-01T08:00:00Z,2024,2024-01-29T00:00:00Z,-0.15987073393262244,-7.704562267193265,-8.402767448543711,-8.315985712958984,-8.391852266431412
SOL_USDT,2024-01-31T00:00:00Z,2024-01-31T08:00:00Z,2024-02-01T08:00:00Z,2024,2024-01-29T00:00:00Z,0.20010897530078137,-5.96212595601471,-6.96143341797451,-6.845188268993291,-6.934324089864637
LINK_USDT,2024-01-31T00:00:00Z,2024-01-31T08:00:00Z,2024-02-01T08:00:00Z,2024,2024-01-29T00:00:00Z,0.1875409227982512,-7.029673473819937,-7.331176204074804,-7.199554882647397,-7.282168570742877
ETH_USDT,2024-02-01T00:00:00Z,2024-02-01T08:00:00Z,2024-02-02T08:00:00Z,2024,2024-01-29T00:00:00Z,-0.11969435664561374,-9.05526382569798,-8.25397782463294,-8.23049432781985,-8.227958236954503
SOL_USDT,2024-02-01T00:00:00Z,2024-02-01T08:00:00Z,2024-02-02T08:00:00Z,2024,2024-01-29T00:00:00Z,0.3504386559168189,-6.4117431013831245,-6.882896557349729,-6.758839579772525,-6.83639854012698
LINK_USDT,2024-02-01T00:00:00Z,2024-02-01T08:00:00Z,2024-02-02T08:00:00Z,2024,2024-01-29T00:00:00Z,0.543843701506978,-4.9845415042832295,-7.3212563643280815,-7.051696481639354,-7.2534591467067395
ETH_USDT,2024-02-02T00:00:00Z,2024-02-02T08:00:00Z,2024-02-03T08:00:00Z,2024,2024-01-29T00:00:00Z,-0.36654897505761364,-11.525413226587785,-8.45608880228991,-8.417050694173422,-8.413538400002285
SOL_USDT,2024-02-02T00:00:00Z,2024-02-02T08:00:00Z,2024-02-03T08:00:00Z,2024,2024-01-29T00:00:00Z,0.05192925937100649,-8.233817257448363,-6.947739990972316,-6.876596732098745,-6.886483992915088
LINK_USDT,2024-02-02T00:00:00Z,2024-02-02T08:00:00Z,2024-02-03T08:00:00Z,2024,2024-01-29T00:00:00Z,1.0322265926076943,-5.624947637697137,-6.918945912862878,-6.61958827885201,-6.833930666261484
ETH_USDT,2024-02-03T00:00:00Z,2024-02-03T08:00:00Z,2024-02-04T08:00:00Z,2024,2024-01-29T00:00:00Z,-0.5802532076343706,-10.18997425063265,-8.871196169992746,-8.738252124953496,-8.838788361243891
SOL_USDT,2024-02-03T00:00:00Z,2024-02-03T08:00:00Z,2024-02-04T08:00:00Z,2024,2024-01-29T00:00:00Z,-0.04206243652974078,-7.968002556915604,-7.026847507330709,-6.968991170901419,-6.994981878992404
LINK_USDT,2024-02-03T00:00:00Z,2024-02-03T08:00:00Z,2024-02-04T08:00:00Z,2024,2024-01-29T00:00:00Z,1.2131000066930915,-6.8729605925227615,-6.60770161603128,-6.277070077146734,-6.495737535865205
ETH_USDT,2024-02-04T00:00:00Z,2024-02-04T08:00:00Z,2024-02-05T08:00:00Z,2024,2024-01-29T00:00:00Z,-1.1371476824998887,-8.96513667571333,-8.843573861892184,-8.94735788820073,-8.838144689557188
SOL_USDT,2024-02-04T00:00:00Z,2024-02-04T08:00:00Z,2024-02-05T08:00:00Z,2024,2024-01-29T00:00:00Z,-0.7117766617368904,-6.804502614209195,-7.1827086963899545,-7.2717678165430755,-7.158485298015161
LINK_USDT,2024-02-04T00:00:00Z,2024-02-04T08:00:00Z,2024-02-05T08:00:00Z,2024,2024-01-29T00:00:00Z,0.28157698729502795,-6.221623984478388,-6.739322708384987,-6.612818733485824,-6.607378200571771
ETH_USDT,2024-02-05T00:00:00Z,2024-02-05T08:00:00Z,2024-02-06T08:00:00Z,2024,2024-02-05T00:00:00Z,-0.8746502564781371,-8.829974573041522,-8.85604067109987,-8.910708657601088,-8.910115249009174
SOL_USDT,2024-02-05T00:00:00Z,2024-02-05T08:00:00Z,2024-02-06T08:00:00Z,2024,2024-02-05T00:00:00Z,-0.6608189331060556,-7.741244081659695,-7.108978597972824,-7.261123596434443,-7.162875908160158
LINK_USDT,2024-02-05T00:00:00Z,2024-02-05T08:00:00Z,2024-02-06T08:00:00Z,2024,2024-02-05T00:00:00Z,0.2693931066039972,-6.9639551707005,-6.725687859031346,-6.623915082219346,-6.702425081133648
ETH_USDT,2024-02-06T00:00:00Z,2024-02-06T08:00:00Z,2024-02-07T08:00:00Z,2024,2024-02-05T00:00:00Z,-0.5505313739537425,-8.433243363657892,-8.945080489803697,-8.92203040034337,-8.957140223470601
SOL_USDT,2024-02-06T00:00:00Z,2024-02-06T08:00:00Z,2024-02-07T08:00:00Z,2024,2024-02-05T00:00:00Z,-0.37044424717227503,-8.054226884976885,-7.153089317346268,-7.2232409073222215,-7.199286775599494
LINK_USDT,2024-02-06T00:00:00Z,2024-02-06T08:00:00Z,2024-02-07T08:00:00Z,2024,2024-02-05T00:00:00Z,0.7013929127477203,-6.985193939941373,-6.6504151853459375,-6.460060257408454,-6.634225965448625
ETH_USDT,2024-02-07T00:00:00Z,2024-02-07T08:00:00Z,2024-02-08T08:00:00Z,2024,2024-02-05T00:00:00Z,-0.10316211266625985,-7.513760598995694,-8.763112521872806,-8.666341933032262,-8.748736665478829
SOL_USDT,2024-02-07T00:00:00Z,2024-02-07T08:00:00Z,2024-02-08T08:00:00Z,2024,2024-02-05T00:00:00Z,-0.27483180598482865,-5.989361244666832,-7.439788907767792,-7.331616430980753,-7.442940387758341
LINK_USDT,2024-02-07T00:00:00Z,2024-02-07T08:00:00Z,2024-02-08T08:00:00Z,2024,2024-02-05T00:00:00Z,0.2427560590951382,-7.166994064422072,-6.728105722136414,-6.6351112835293895,-6.6620708966675055
ETH_USDT,2024-02-08T00:00:00Z,2024-02-08T08:00:00Z,2024-02-09T08:00:00Z,2024,2024-02-05T00:00:00Z,-0.1425168305925625,-7.46368176247997,-8.675236959320557,-8.661097420908245,-8.614378301981674
SOL_USDT,2024-02-08T00:00:00Z,2024-02-08T08:00:00Z,2024-02-09T08:00:00Z,2024,2024-02-05T00:00:00Z,-0.15588128424229342,-5.990958683295099,-7.144201751059827,-7.228853709155437,-7.145321124163347
LINK_USDT,2024-02-08T00:00:00Z,2024-02-08T08:00:00Z,2024-02-09T08:00:00Z,2024,2024-02-05T00:00:00Z,0.01658850127750456,-6.616722520434485,-6.831097459083377,-6.79118369604928,-6.81065989234193
ETH_USDT,2024-02-09T00:00:00Z,2024-02-09T08:00:00Z,2024-02-10T08:00:00Z,2024,2024-02-05T00:00:00Z,-0.12268343444769948,-8.082584958552145,-8.620258392370909,-8.597855461630218,-8.579669731352272
SOL_USDT,2024-02-09T00:00:00Z,2024-02-09T08:00:00Z,2024-02-10T08:00:00Z,2024,2024-02-05T00:00:00Z,0.018272721665450097,-7.639277331572042,-7.096859852264712,-7.105810102571917,-7.092249155342875
LINK_USDT,2024-02-09T00:00:00Z,2024-02-09T08:00:00Z,2024-02-10T08:00:00Z,2024,2024-02-05T00:00:00Z,0.031039185953387453,-9.429891505513805,-6.817026813738413,-6.833106183485638,-6.815647844980325
ETH_USDT,2024-02-10T00:00:00Z,2024-02-10T08:00:00Z,2024-02-11T08:00:00Z,2024,2024-02-05T00:00:00Z,0.3221001021575057,-8.896981202257521,-8.5089825319775,-8.41907931515507,-8.492345686300272
SOL_USDT,2024-02-10T00:00:00Z,2024-02-10T08:00:00Z,2024-02-11T08:00:00Z,2024,2024-02-05T00:00:00Z,0.33082949025492836,-10.362632611899082,-7.252537070996561,-7.111973461106049,-7.227952230869372
LINK_USDT,2024-02-10T00:00:00Z,2024-02-10T08:00:00Z,2024-02-11T08:00:00Z,2024,2024-02-05T00:00:00Z,-0.1056868076300496,-5.192831894125291,-7.455462858800899,-7.283962929899671,-7.414373191005349
ETH_USDT,2024-02-11T00:00:00Z,2024-02-11T08:00:00Z,2024-02-12T08:00:00Z,2024,2024-02-05T00:00:00Z,-0.5839478816776185,-9.724290833502007,-8.753977141786233,-8.762616616781491,-8.682194553936554
SOL_USDT,2024-02-11T00:00:00Z,2024-02-11T08:00:00Z,2024-02-12T08:00:00Z,2024,2024-02-05T00:00:00Z,-0.13789714048363522,-7.890443411510804,-7.306509978193347,-7.25555892210487,-7.247705931929059
LINK_USDT,2024-02-11T00:00:00Z,2024-02-11T08:00:00Z,2024-02-12T08:00:00Z,2024,2024-02-05T00:00:00Z,-0.38805212177012205,-9.569746450692113,-7.127908205305976,-7.234382055988979,-7.116155176690797
ETH_USDT,2024-02-12T00:00:00Z,2024-02-12T08:00:00Z,2024-02-13T08:00:00Z,2024,2024-02-12T00:00:00Z,-0.32971055754903306,-6.192922639710397,-8.614596122718233,-8.694127670454005,-8.667385682951164
SOL_USDT,2024-02-12T00:00:00Z,2024-02-12T08:00:00Z,2024-02-13T08:00:00Z,2024,2024-02-12T00:00:00Z,-0.47374527637721525,-6.307792118770963,-7.437817132200522,-7.45447093758247,-7.430621556325089
LINK_USDT,2024-02-12T00:00:00Z,2024-02-12T08:00:00Z,2024-02-13T08:00:00Z,2024,2024-02-12T00:00:00Z,0.38587613570832435,-7.8169676324794475,-6.846727159787591,-6.783036612707433,-6.886602540082059
ETH_USDT,2024-02-13T00:00:00Z,2024-02-13T08:00:00Z,2024-02-14T08:00:00Z,2024,2024-02-12T00:00:00Z,0.40435062658705856,-9.424872466216883,-8.028793066765274,-8.079155968913595,-8.080025333352792
SOL_USDT,2024-02-13T00:00:00Z,2024-02-13T08:00:00Z,2024-02-14T08:00:00Z,2024,2024-02-12T00:00:00Z,0.3092629144057156,-6.507464733768997,-7.206110674892537,-7.137411486281904,-7.241823071425594
LINK_USDT,2024-02-13T00:00:00Z,2024-02-13T08:00:00Z,2024-02-14T08:00:00Z,2024,2024-02-12T00:00:00Z,0.3958606236584957,-8.242774800354953,-7.296273479715632,-6.992027987948101,-7.225677609230238
ETH_USDT,2024-02-14T00:00:00Z,2024-02-14T08:00:00Z,2024-02-15T08:00:00Z,2024,2024-02-12T00:00:00Z,0.5170298877541308,-6.6015643108300415,-8.375515668729555,-8.171286098276129,-8.336339511186086
SOL_USDT,2024-02-14T00:00:00Z,2024-02-14T08:00:00Z,2024-02-15T08:00:00Z,2024,2024-02-12T00:00:00Z,0.24463881110286728,-6.578308713147014,-7.086124093462626,-7.077085345630325,-7.04855266815001
LINK_USDT,2024-02-14T00:00:00Z,2024-02-14T08:00:00Z,2024-02-15T08:00:00Z,2024,2024-02-12T00:00:00Z,-0.004346353765018718,-8.290036895999238,-7.209643403765161,-7.134843470617994,-7.1407584755127225
ETH_USDT,2024-02-15T00:00:00Z,2024-02-15T08:00:00Z,2024-02-16T08:00:00Z,2024,2024-02-12T00:00:00Z,0.44377618680417763,-7.874565990144963,-7.9847711775925045,-8.001254762093097,-7.944896516817613
SOL_USDT,2024-02-15T00:00:00Z,2024-02-15T08:00:00Z,2024-02-16T08:00:00Z,2024,2024-02-12T00:00:00Z,0.11922686079857694,-7.790091044887192,-7.232146291012418,-7.216028116983004,-7.190499912431859
LINK_USDT,2024-02-15T00:00:00Z,2024-02-15T08:00:00Z,2024-02-16T08:00:00Z,2024,2024-02-12T00:00:00Z,-0.1988462132714756,-10.093548569980802,-7.335700769097936,-7.266882933659462,-7.310354488283104
ETH_USDT,2024-02-16T00:00:00Z,2024-02-16T08:00:00Z,2024-02-17T08:00:00Z,2024,2024-02-12T00:00:00Z,0.5024843350264125,-8.161206143971826,-8.062965659257149,-7.936044561690373,-8.035443785392369
SOL_USDT,2024-02-16T00:00:00Z,2024-02-16T08:00:00Z,2024-02-17T08:00:00Z,2024,2024-02-12T00:00:00Z,0.10718176842393025,-8.108201828331415,-7.413893739428403,-7.278300570365317,-7.380799461268126
LINK_USDT,2024-02-16T00:00:00Z,2024-02-16T08:00:00Z,2024-02-17T08:00:00Z,2024,2024-02-12T00:00:00Z,-0.2557500267025254,-8.010402059818865,-7.365153715544619,-7.283227737050801,-7.359858676662876
ETH_USDT,2024-02-17T00:00:00Z,2024-02-17T08:00:00Z,2024-02-18T08:00:00Z,2024,2024-02-12T00:00:00Z,0.2516014009851051,-7.8752323251433,-8.116086120285269,-8.058953320804758,-8.07746310461671
SOL_USDT,2024-02-17T00:00:00Z,2024-02-17T08:00:00Z,2024-02-18T08:00:00Z,2024,2024-02-12T00:00:00Z,-0.13331756384322904,-6.814345043214644,-7.387020015885232,-7.373615319432386,-7.354871018128455
LINK_USDT,2024-02-17T00:00:00Z,2024-02-17T08:00:00Z,2024-02-18T08:00:00Z,2024,2024-02-12T00:00:00Z,-0.3153864339975599,-7.672348500357864,-7.326408673794862,-7.309634450986903,-7.330836964624412
ETH_USDT,2024-02-18T00:00:00Z,2024-02-18T08:00:00Z,2024-02-19T08:00:00Z,2024,2024-02-12T00:00:00Z,-0.18103206270861036,-6.992128411316863,-8.088752848007017,-8.21483188635967,-8.079142644477896
SOL_USDT,2024-02-18T00:00:00Z,2024-02-18T08:00:00Z,2024-02-19T08:00:00Z,2024,2024-02-12T00:00:00Z,-0.4432920493803064,-7.06705696515187,-7.311587979557823,-7.471206519354626,-7.311530494172335
LINK_USDT,2024-02-18T00:00:00Z,2024-02-18T08:00:00Z,2024-02-19T08:00:00Z,2024,2024-02-12T00:00:00Z,-0.5206110337919322,-8.90047132698809,-7.42181624765997,-7.503687745816072,-7.422567343831715
ETH_USDT,2024-02-19T00:00:00Z,2024-02-19T08:00:00Z,2024-02-20T08:00:00Z,2024,2024-02-19T00:00:00Z,0.2523751833567531,-8.303860657887558,-7.932958023776678,-7.947671151856594,-7.98045103505677
SOL_USDT,2024-02-19T00:00:00Z,2024-02-19T08:00:00Z,2024-02-20T08:00:00Z,2024,2024-02-19T00:00:00Z,-0.3386152914885779,-7.196521718954991,-7.280216354537808,-7.37939771084075,-7.324306316477784
LINK_USDT,2024-02-19T00:00:00Z,2024-02-19T08:00:00Z,2024-02-20T08:00:00Z,2024,2024-02-19T00:00:00Z,-0.7280599066987098,-7.417451426462601,-8.153739408240963,-8.124035252037169,-8.123321200048244
ETH_USDT,2024-02-20T00:00:00Z,2024-02-20T08:00:00Z,2024-02-21T08:00:00Z,2024,2024-02-19T00:00:00Z,0.4400239670154884,-6.4783076000201465,-8.171487359378498,-8.063035420292886,-8.147240215792833
SOL_USDT,2024-02-20T00:00:00Z,2024-02-20T08:00:00Z,2024-02-21T08:00:00Z,2024,2024-02-19T00:00:00Z,-0.14147466160184763,-6.227358704010627,-7.42569665001891,-7.4185954973194335,-7.448272992924078
LINK_USDT,2024-02-20T00:00:00Z,2024-02-20T08:00:00Z,2024-02-21T08:00:00Z,2024,2024-02-19T00:00:00Z,-0.36072504525717913,-6.159752150091087,-7.949826609089215,-7.915869641825861,-7.956091257778025
ETH_USDT,2024-02-21T00:00:00Z,2024-02-21T08:00:00Z,2024-02-22T08:00:00Z,2024,2024-02-19T00:00:00Z,0.7405723272572758,-7.645018656897444,-7.966309432483399,-7.8237675846887775,-7.930370390783523
SOL_USDT,2024-02-21T00:00:00Z,2024-02-21T08:00:00Z,2024-02-22T08:00:00Z,2024,2024-02-19T00:00:00Z,0.19931021426228707,-8.442214981973075,-7.3786070866694935,-7.317477208326305,-7.37314103372112
LINK_USDT,2024-02-21T00:00:00Z,2024-02-21T08:00:00Z,2024-02-22T08:00:00Z,2024,2024-02-19T00:00:00Z,-0.09459786849276988,-7.410452438887175,-7.643309739375754,-7.6234034878047,-7.627889734739334
ETH_USDT,2024-02-22T00:00:00Z,2024-02-22T08:00:00Z,2024-02-23T08:00:00Z,2024,2024-02-19T00:00:00Z,0.655011441098087,-8.536298235974616,-8.017171304999835,-7.909645897034271,-7.942293073062634
SOL_USDT,2024-02-22T00:00:00Z,2024-02-22T08:00:00Z,2024-02-23T08:00:00Z,2024,2024-02-19T00:00:00Z,-0.005061016485226763,-6.685424465384099,-7.381104189644463,-7.404074590139334,-7.33881385775959
LINK_USDT,2024-02-22T00:00:00Z,2024-02-22T08:00:00Z,2024-02-23T08:00:00Z,2024,2024-02-19T00:00:00Z,-0.25591954040034076,-7.123617822331137,-7.517530425707014,-7.58209941982231,-7.488138583974749
ETH_USDT,2024-02-23T00:00:00Z,2024-02-23T08:00:00Z,2024-02-24T08:00:00Z,2024,2024-02-19T00:00:00Z,0.6104990703770403,-8.325112282264477,-8.277701614111221,-8.03267510225183,-8.21187301729681
SOL_USDT,2024-02-23T00:00:00Z,2024-02-23T08:00:00Z,2024-02-24T08:00:00Z,2024,2024-02-19T00:00:00Z,-0.18127649464961804,-7.099061014642045,-7.286861182398842,-7.359645481589338,-7.276239754285967
LINK_USDT,2024-02-23T00:00:00Z,2024-02-23T08:00:00Z,2024-02-24T08:00:00Z,2024,2024-02-19T00:00:00Z,-0.41391682297410437,-7.105192812833374,-7.472135980818652,-7.5575241935534185,-7.4704409041261846
ETH_USDT,2024-02-24T00:00:00Z,2024-02-24T08:00:00Z,2024-02-25T08:00:00Z,2024,2024-02-19T00:00:00Z,0.30606760831378954,-8.051914524224063,-8.227677502321566,-8.126502524302515,-8.165732940054792
SOL_USDT,2024-02-24T00:00:00Z,2024-02-24T08:00:00Z,2024-02-25T08:00:00Z,2024,2024-02-19T00:00:00Z,-0.2972329240828201,-7.6093651650317495,-7.452037471018386,-7.466589731557419,-7.457776318990288
LINK_USDT,2024-02-24T00:00:00Z,2024-02-24T08:00:00Z,2024-02-25T08:00:00Z,2024,2024-02-19T00:00:00Z,-0.29298806708388425,-7.801307084727077,-7.667924566641323,-7.585765476295168,-7.678886958397371
ETH_USDT,2024-02-25T00:00:00Z,2024-02-25T08:00:00Z,2024-02-26T08:00:00Z,2024,2024-02-19T00:00:00Z,-0.2491478431699517,-7.4361436429457655,-8.182501664200567,-8.316574625139706,-8.15915221399679
SOL_USDT,2024-02-25T00:00:00Z,2024-02-25T08:00:00Z,2024-02-26T08:00:00Z,2024,2024-02-19T00:00:00Z,-0.6964535010051837,-9.846873465047942,-7.359741526806376,-7.588083411936795,-7.378397958032016
LINK_USDT,2024-02-25T00:00:00Z,2024-02-25T08:00:00Z,2024-02-26T08:00:00Z,2024,2024-02-19T00:00:00Z,-1.025910309557002,-8.351435841774492,-7.395791543600944,-7.727157448205741,-7.404039551582253
ETH_USDT,2024-02-26T00:00:00Z,2024-02-26T08:00:00Z,2024-02-27T08:00:00Z,2024,2024-02-26T00:00:00Z,0.2897700423161538,-7.3980273649036405,-8.118017491577852,-8.104118878575788,-8.164091278698603
SOL_USDT,2024-02-26T00:00:00Z,2024-02-26T08:00:00Z,2024-02-27T08:00:00Z,2024,2024-02-26T00:00:00Z,-0.8422092638515462,-6.034852627901615,-7.603075946468013,-7.752540252634252,-7.667206951630395
LINK_USDT,2024-02-26T00:00:00Z,2024-02-26T08:00:00Z,2024-02-27T08:00:00Z,2024,2024-02-26T00:00:00Z,-1.1444612833043744,-7.367676028982594,-7.708555163291048,-7.850798185673423,-7.799934340779426
ETH_USDT,2024-02-27T00:00:00Z,2024-02-27T08:00:00Z,2024-02-28T08:00:00Z,2024,2024-02-26T00:00:00Z,0.5491551883058268,-7.893998607000634,-8.17483132076199,-8.078628338873244,-8.149084111249879
SOL_USDT,2024-02-27T00:00:00Z,2024-02-27T08:00:00Z,2024-02-28T08:00:00Z,2024,2024-02-26T00:00:00Z,0.1712352385774445,-6.460905045326105,-7.2248937749915285,-7.270433595908223,-7.321254464793003
LINK_USDT,2024-02-27T00:00:00Z,2024-02-27T08:00:00Z,2024-02-28T08:00:00Z,2024,2024-02-26T00:00:00Z,-0.35054756136444387,-8.582627758955814,-7.4497296096745345,-7.5572923606693045,-7.55936303516643
ETH_USDT,2024-02-28T00:00:00Z,2024-02-28T08:00:00Z,2024-02-29T08:00:00Z,2024,2024-02-26T00:00:00Z,0.6657372600980195,-7.00566142417137,-8.368157205059074,-8.141032528557892,-8.295278038508677
SOL_USDT,2024-02-28T00:00:00Z,2024-02-28T08:00:00Z,2024-02-29T08:00:00Z,2024,2024-02-26T00:00:00Z,0.32932341351800504,-5.093552481321972,-7.258439851379536,-7.199758385338509,-7.230510197997822
LINK_USDT,2024-02-28T00:00:00Z,2024-02-28T08:00:00Z,2024-02-29T08:00:00Z,2024,2024-02-26T00:00:00Z,-0.2692148487939567,-6.056567623271151,-7.71706509840849,-7.661883690164306,-7.713612852190927
ETH_USDT,2024-02-29T00:00:00Z,2024-02-29T08:00:00Z,2024-03-01T08:00:00Z,2024,2024-02-26T00:00:00Z,1.0361633455710446,-6.516795144607231,-8.332548897676027,-8.0563235132265,-8.235854493621472
SOL_USDT,2024-02-29T00:00:00Z,2024-02-29T08:00:00Z,2024-03-01T08:00:00Z,2024,2024-02-26T00:00:00Z,0.9649886730439377,-4.8527699858387985,-7.015624394947514,-6.829430823196477,-6.97949196086949
LINK_USDT,2024-02-29T00:00:00Z,2024-02-29T08:00:00Z,2024-03-01T08:00:00Z,2024,2024-02-26T00:00:00Z,0.740119444969595,-6.022333790385583,-7.521041918017981,-7.268745923176889,-7.509342558686858
ETH_USDT,2024-03-01T00:00:00Z,2024-03-01T08:00:00Z,2024-03-02T08:00:00Z,2024,2024-02-26T00:00:00Z,0.7938550515304472,-8.451595096196908,-7.900164854745358,-7.797524210935326,-7.78118656761584
SOL_USDT,2024-03-01T00:00:00Z,2024-03-01T08:00:00Z,2024-03-02T08:00:00Z,2024,2024-02-26T00:00:00Z,1.1692794451508983,-8.442418568010542,-6.606851789862146,-6.407205980180024,-6.512854932510182
LINK_USDT,2024-03-01T00:00:00Z,2024-03-01T08:00:00Z,2024-03-02T08:00:00Z,2024,2024-02-26T00:00:00Z,0.22296696639793281,-5.649319980246849,-7.219159322609698,-7.213352860445378,-7.100974082443981
ETH_USDT,2024-03-02T00:00:00Z,2024-03-02T08:00:00Z,2024-03-03T08:00:00Z,2024,2024-02-26T00:00:00Z,0.15926219542307657,-9.381204558688577,-8.064097225780255,-8.038262820047011,-7.972334430790098
SOL_USDT,2024-03-02T00:00:00Z,2024-03-02T08:00:00Z,2024-03-03T08:00:00Z,2024,2024-02-26T00:00:00Z,0.6874986508345875,-6.899367252963198,-6.633047798877783,-6.520855057915649,-6.514721099099758
LINK_USDT,2024-03-02T00:00:00Z,2024-03-02T08:00:00Z,2024-03-03T08:00:00Z,2024,2024-02-26T00:00:00Z,-0.4494841852848842,-5.716520177118377,-7.267770155647599,-7.416017617477752,-7.220650448501296
ETH_USDT,2024-03-03T00:00:00Z,2024-03-03T08:00:00Z,2024-03-04T08:00:00Z,2024,2024-02-26T00:00:00Z,-0.214437081357113,-7.727725220519135,-8.352388140143214,-8.22323686309397,-8.336621777523206
SOL_USDT,2024-03-03T00:00:00Z,2024-03-03T08:00:00Z,2024-03-04T08:00:00Z,2024,2024-02-26T00:00:00Z,0.09024631671372875,-7.670033127938629,-6.81939090925986,-6.761967490540071,-6.76277215573075
LINK_USDT,2024-03-03T00:00:00Z,2024-03-03T08:00:00Z,2024-03-04T08:00:00Z,2024,2024-02-26T00:00:00Z,0.2889952246792117,-8.150751068900739,-7.015794974033745,-7.011517025095245,-7.084730333944651
ETH_USDT,2024-03-04T00:00:00Z,2024-03-04T08:00:00Z,2024-03-05T08:00:00Z,2024,2024-03-04T00:00:00Z,-0.04517110290568576,-6.863773531577914,-8.067988613160903,-8.146282394897312,-8.104508162432044
SOL_USDT,2024-03-04T00:00:00Z,2024-03-04T08:00:00Z,2024-03-05T08:00:00Z,2024,2024-03-04T00:00:00Z,0.18602215813564632,-6.699877217064183,-6.703968819767419,-6.714036252741679,-6.7311057337322096
LINK_USDT,2024-03-04T00:00:00Z,2024-03-04T08:00:00Z,2024-03-05T08:00:00Z,2024,2024-03-04T00:00:00Z,0.0074201551401100975,-9.80497458498352,-6.8752817742071795,-7.027980864416944,-6.86672768083281
ETH_USDT,2024-03-05T00:00:00Z,2024-03-05T08:00:00Z,2024-03-06T08:00:00Z,2024,2024-03-04T00:00:00Z,0.6689492314140008,-4.731456350664828,-7.959509940316406,-7.8403246951837176,-7.974498909192287
SOL_USDT,2024-03-05T00:00:00Z,2024-03-05T08:00:00Z,2024-03-06T08:00:00Z,2024,2024-03-04T00:00:00Z,0.594472452423891,-3.9128907512677893,-6.840746937036775,-6.642724293663535,-6.843127619906515
LINK_USDT,2024-03-05T00:00:00Z,2024-03-05T08:00:00Z,2024-03-06T08:00:00Z,2024,2024-03-04T00:00:00Z,0.1411490376513786,-5.007102735844948,-7.213480490284304,-7.0790125145265606,-7.2282104510565865
ETH_USDT,2024-03-06T00:00:00Z,2024-03-06T08:00:00Z,2024-03-07T08:00:00Z,2024,2024-03-04T00:00:00Z,1.241050623513511,-9.082345820662509,-7.38007739158925,-7.199407436374118,-7.333210158013576
SOL_USDT,2024-03-06T00:00:00Z,2024-03-06T08:00:00Z,2024-03-07T08:00:00Z,2024,2024-03-04T00:00:00Z,1.2182143337922204,-5.317868700939049,-6.116670081460787,-5.967349763305403,-6.093736727807627
LINK_USDT,2024-03-06T00:00:00Z,2024-03-06T08:00:00Z,2024-03-07T08:00:00Z,2024,2024-03-04T00:00:00Z,0.7950469185086009,-6.586410983954239,-6.633462402256482,-6.5750403161541815,-6.6558484383826055
ETH_USDT,2024-03-07T00:00:00Z,2024-03-07T08:00:00Z,2024-03-08T08:00:00Z,2024,2024-03-04T00:00:00Z,0.8529362988463183,-8.022834098598436,-7.185185371735815,-7.121971878459005,-7.074011659388387
SOL_USDT,2024-03-07T00:00:00Z,2024-03-07T08:00:00Z,2024-03-08T08:00:00Z,2024,2024-03-04T00:00:00Z,0.60630701528174,-5.763803495537623,-6.149178824512349,-6.125017808923623,-6.0424267043717474
LINK_USDT,2024-03-07T00:00:00Z,2024-03-07T08:00:00Z,2024-03-08T08:00:00Z,2024,2024-03-04T00:00:00Z,0.1381472731533248,-8.264114062398816,-6.678240946016962,-6.783003368669181,-6.6158554939893826
ETH_USDT,2024-03-08T00:00:00Z,2024-03-08T08:00:00Z,2024-03-09T08:00:00Z,2024,2024-03-04T00:00:00Z,0.2594026444685239,-8.87489519220843,-7.495979430220775,-7.4170255114064005,-7.420125243468829
SOL_USDT,2024-03-08T00:00:00Z,2024-03-08T08:00:00Z,2024-03-09T08:00:00Z,2024,2024-03-04T00:00:00Z,0.7763795267556438,-7.3602354740294205,-6.174948455125682,-6.051807234149962,-6.140808527972039
LINK_USDT,2024-03-08T00:00:00Z,2024-03-08T08:00:00Z,2024-03-09T08:00:00Z,2024,2024-03-04T00:00:00Z,-0.1963305181331837,-8.419377594371328,-7.030343009392774,-6.995262277687065,-7.0397473197201785
ETH_USDT,2024-03-09T00:00:00Z,2024-03-09T08:00:00Z,2024-03-10T08:00:00Z,2024,2024-03-04T00:00:00Z,0.42380472307496203,-9.06620826520121,-7.57395270284204,-7.366712625940066,-7.576765191588908
SOL_USDT,2024-03-09T00:00:00Z,2024-03-09T08:00:00Z,2024-03-10T08:00:00Z,2024,2024-03-04T00:00:00Z,0.4699333357639082,-6.754875274154994,-6.566324145213512,-6.212884646874876,-6.496242001359113
LINK_USDT,2024-03-09T00:00:00Z,2024-03-09T08:00:00Z,2024-03-10T08:00:00Z,2024,2024-03-04T00:00:00Z,-0.03081338218169241,-8.199281068776552,-6.98652819600854,-6.949575751957606,-7.042012667286455
ETH_USDT,2024-03-10T00:00:00Z,2024-03-10T08:00:00Z,2024-03-11T08:00:00Z,2024,2024-03-04T00:00:00Z,-0.5106199703683079,-6.709472003200431,-7.601167659207859,-7.714956039227004,-7.588917968438603
SOL_USDT,2024-03-10T00:00:00Z,2024-03-10T08:00:00Z,2024-03-11T08:00:00Z,2024,2024-03-04T00:00:00Z,-0.31486718429207455,-6.203367255060623,-6.390157343020131,-6.501552847963659,-6.375936237057857
LINK_USDT,2024-03-10T00:00:00Z,2024-03-10T08:00:00Z,2024-03-11T08:00:00Z,2024,2024-03-04T00:00:00Z,-0.4178199885402561,-4.492618035317542,-7.090887008764265,-7.197649403811386,-7.118039133153727
ETH_USDT,2024-03-11T00:00:00Z,2024-03-11T08:00:00Z,2024-03-12T08:00:00Z,2024,2024-03-11T00:00:00Z,-0.18069076883136936,-8.343780724633216,-7.508357823285719,-7.61082575598622,-7.613504778894109
SOL_USDT,2024-03-11T00:00:00Z,2024-03-11T08:00:00Z,2024-03-12T08:00:00Z,2024,2024-03-11T00:00:00Z,-0.12701170839167925,-7.45586908152889,-6.282555274925953,-6.417469007441016,-6.367113800363585
LINK_USDT,2024-03-11T00:00:00Z,2024-03-11T08:00:00Z,2024-03-12T08:00:00Z,2024,2024-03-11T00:00:00Z,0.1655458295804517,-6.737658813591684,-6.502730349135083,-6.662539832988384,-6.596652961826757
ETH_USDT,2024-03-12T00:00:00Z,2024-03-12T08:00:00Z,2024-03-13T08:00:00Z,2024,2024-03-11T00:00:00Z,0.49981369166141537,-8.079675071605955,-7.37288593460676,-7.326632441018925,-7.435065315070729
SOL_USDT,2024-03-12T00:00:00Z,2024-03-12T08:00:00Z,2024-03-13T08:00:00Z,2024,2024-03-11T00:00:00Z,0.3975678428568721,-8.791447327773929,-6.346766757731816,-6.230967615081565,-6.402223750166426
LINK_USDT,2024-03-12T00:00:00Z,2024-03-12T08:00:00Z,2024-03-13T08:00:00Z,2024,2024-03-11T00:00:00Z,0.856107615667176,-9.268359663241895,-6.762065854388758,-6.449534261470157,-6.771192066812962
ETH_USDT,2024-03-13T00:00:00Z,2024-03-13T08:00:00Z,2024-03-14T08:00:00Z,2024,2024-03-11T00:00:00Z,0.33011554768835755,-7.460336116042388,-7.840333918086266,-7.639007100468684,-7.776606454284238
SOL_USDT,2024-03-13T00:00:00Z,2024-03-13T08:00:00Z,2024-03-14T08:00:00Z,2024,2024-03-11T00:00:00Z,0.5195496812178448,-5.470727000429906,-6.758222519631133,-6.478831221391242,-6.70378302051914
LINK_USDT,2024-03-13T00:00:00Z,2024-03-13T08:00:00Z,2024-03-14T08:00:00Z,2024,2024-03-11T00:00:00Z,0.42656491604303254,-7.016719682827452,-6.844739175958669,-6.724644205637215,-6.756450807530466
ETH_USDT,2024-03-14T00:00:00Z,2024-03-14T08:00:00Z,2024-03-15T08:00:00Z,2024,2024-03-11T00:00:00Z,0.049578249488669054,-6.16068068736871,-8.134735445577986,-8.096199340595872,-8.045265352006284
SOL_USDT,2024-03-14T00:00:00Z,2024-03-14T08:00:00Z,2024-03-15T08:00:00Z,2024,2024-03-11T00:00:00Z,0.385794106396064,-5.890013319580391,-6.658590311992057,-6.571481278219082,-6.576756995787438
LINK_USDT,2024-03-14T00:00:00Z,2024-03-14T08:00:00Z,2024-03-15T08:00:00Z,2024,2024-03-11T00:00:00Z,-0.09878400633946555,-5.431111451526254,-6.923820898840921,-6.967118694845869,-6.880143238705961
ETH_USDT,2024-03-15T00:00:00Z,2024-03-15T08:00:00Z,2024-03-16T08:00:00Z,2024,2024-03-11T00:00:00Z,0.2926712488881259,-7.574800604821334,-7.949462315893378,-7.883842853440332,-7.912371405716234
SOL_USDT,2024-03-15T00:00:00Z,2024-03-15T08:00:00Z,2024-03-16T08:00:00Z,2024,2024-03-11T00:00:00Z,0.7293300966561184,-5.669858161988271,-6.754767497252702,-6.532755772138945,-6.674671947207638
LINK_USDT,2024-03-15T00:00:00Z,2024-03-15T08:00:00Z,2024-03-16T08:00:00Z,2024,2024-03-11T00:00:00Z,0.7856860802281853,-8.378170348899513,-6.930417328852576,-6.6479934090167365,-6.958911151677277
ETH_USDT,2024-03-16T00:00:00Z,2024-03-16T08:00:00Z,2024-03-17T08:00:00Z,2024,2024-03-11T00:00:00Z,0.5914209624648232,-6.048040134810792,-7.729792494378418,-7.620439898309802,-7.679517405447964
SOL_USDT,2024-03-16T00:00:00Z,2024-03-16T08:00:00Z,2024-03-17T08:00:00Z,2024,2024-03-11T00:00:00Z,1.2044946383325166,-5.316536926769931,-6.788317685623946,-6.334757573558307,-6.658439213846588
LINK_USDT,2024-03-16T00:00:00Z,2024-03-16T08:00:00Z,2024-03-17T08:00:00Z,2024,2024-03-11T00:00:00Z,0.44469248875863626,-5.538908391992076,-6.593123752023927,-6.600230015049954,-6.512260263059418
ETH_USDT,2024-03-17T00:00:00Z,2024-03-17T08:00:00Z,2024-03-18T08:00:00Z,2024,2024-03-11T00:00:00Z,0.009364414276158414,-6.230565390585387,-7.5215715362408355,-7.65770521502596,-7.445803344536093
SOL_USDT,2024-03-17T00:00:00Z,2024-03-17T08:00:00Z,2024-03-18T08:00:00Z,2024,2024-03-11T00:00:00Z,0.9001558782640809,-5.05913306508808,-6.412627780369043,-6.21753837567377,-6.237753561124684
LINK_USDT,2024-03-17T00:00:00Z,2024-03-17T08:00:00Z,2024-03-18T08:00:00Z,2024,2024-03-11T00:00:00Z,-0.015451686135625304,-5.509778934038944,-6.529079070469812,-6.684436534553039,-6.5012052216094425
ETH_USDT,2024-03-18T00:00:00Z,2024-03-18T08:00:00Z,2024-03-19T08:00:00Z,2024,2024-03-18T00:00:00Z,-0.08256065889737821,-5.815913778320149,-7.390926670485733,-7.564903622377272,-7.4127220601633255
SOL_USDT,2024-03-18T00:00:00Z,2024-03-18T08:00:00Z,2024-03-19T08:00:00Z,2024,2024-03-18T00:00:00Z,0.6440602608282106,-5.476188569394071,-6.3062066459121,-6.189156997696225,-6.181427554975704
LINK_USDT,2024-03-18T00:00:00Z,2024-03-18T08:00:00Z,2024-03-19T08:00:00Z,2024,2024-03-18T00:00:00Z,-0.2792370700465246,-5.245446294925557,-6.771894821924956,-6.958937881825072,-6.776007906569971
ETH_USDT,2024-03-19T00:00:00Z,2024-03-19T08:00:00Z,2024-03-20T08:00:00Z,2024,2024-03-18T00:00:00Z,-0.008632065378565583,-5.934664090699813,-7.5045494366014545,-7.550193098849124,-7.537548051899078
SOL_USDT,2024-03-19T00:00:00Z,2024-03-19T08:00:00Z,2024-03-20T08:00:00Z,2024,2024-03-18T00:00:00Z,0.7368005959281468,-5.06885413222302,-6.419620785754962,-6.1485634760983325,-6.3340681421976335
LINK_USDT,2024-03-19T00:00:00Z,2024-03-19T08:00:00Z,2024-03-20T08:00:00Z,2024,2024-03-18T00:00:00Z,0.05986529557995549,-5.356966984877236,-6.618711241192782,-6.691208880505502,-6.680787047885004
ETH_USDT,2024-03-20T00:00:00Z,2024-03-20T08:00:00Z,2024-03-21T08:00:00Z,2024,2024-03-18T00:00:00Z,0.49039745101915355,-5.328872542608155,-7.091264801774981,-7.127019661371805,-7.134078087285049
SOL_USDT,2024-03-20T00:00:00Z,2024-03-20T08:00:00Z,2024-03-21T08:00:00Z,2024,2024-03-18T00:00:00Z,0.9282021576009326,-4.246127398271577,-6.076111090658232,-5.903804728015232,-5.991842457418018
LINK_USDT,2024-03-20T00:00:00Z,2024-03-20T08:00:00Z,2024-03-21T08:00:00Z,2024,2024-03-18T00:00:00Z,0.36466535940831823,-5.5239405627662945,-6.370163838018653,-6.408512247424361,-6.38999417084761
ETH_USDT,2024-03-21T00:00:00Z,2024-03-21T08:00:00Z,2024-03-22T08:00:00Z,2024,2024-03-18T00:00:00Z,0.5845783525113335,-9.762411460597534,-6.8889115938574585,-6.908881441901007,-6.867526609421947
SOL_USDT,2024-03-21T00:00:00Z,2024-03-21T08:00:00Z,2024-03-22T08:00:00Z,2024,2024-03-18T00:00:00Z,0.5409969259596117,-6.617068524650968,-5.8396480711778675,-5.848673629071498,-5.7389262518286195
LINK_USDT,2024-03-21T00:00:00Z,2024-03-21T08:00:00Z,2024-03-22T08:00:00Z,2024,2024-03-18T00:00:00Z,0.10139024397011923,-7.876728200042079,-6.296706967205811,-6.411035029799359,-6.275669246631253
ETH_USDT,2024-03-22T00:00:00Z,2024-03-22T08:00:00Z,2024-03-23T08:00:00Z,2024,2024-03-18T00:00:00Z,-0.051465196529889,-6.064968148443708,-7.399146086847492,-7.252446616988639,-7.3477089384070755
SOL_USDT,2024-03-22T00:00:00Z,2024-03-22T08:00:00Z,2024-03-23T08:00:00Z,2024,2024-03-18T00:00:00Z,0.14404094204204507,-6.109419350309627,-6.069105963900302,-6.034670713153717,-6.020075707849512
LINK_USDT,2024-03-22T00:00:00Z,2024-03-22T08:00:00Z,2024-03-23T08:00:00Z,2024,2024-03-18T00:00:00Z,-0.3772678872320972,-5.974846721665021,-6.498201215396649,-6.612760588461083,-6.5152015386936375
ETH_USDT,2024-03-23T00:00:00Z,2024-03-23T08:00:00Z,2024-03-24T08:00:00Z,2024,2024-03-18T00:00:00Z,-0.16400447838902835,-7.317938588877401,-6.989050554543469,-7.203091788625278,-7.045967161763262
SOL_USDT,2024-03-23T00:00:00Z,2024-03-23T08:00:00Z,2024-03-24T08:00:00Z,2024,2024-03-18T00:00:00Z,-0.2030012667254106,-8.268092389519879,-6.026122607181627,-6.152071181219868,-6.038485523153238
LINK_USDT,2024-03-23T00:00:00Z,2024-03-23T08:00:00Z,2024-03-24T08:00:00Z,2024,2024-03-18T00:00:00Z,-0.5345982922363848,-8.341628872117358,-6.394986619575475,-6.676276179372391,-6.480110325133517
ETH_USDT,2024-03-24T00:00:00Z,2024-03-24T08:00:00Z,2024-03-25T08:00:00Z,2024,2024-03-18T00:00:00Z,-0.7072141495438442,-7.480845574711625,-7.135018033795482,-7.442660539765763,-7.1997889340629655
SOL_USDT,2024-03-24T00:00:00Z,2024-03-24T08:00:00Z,2024-03-25T08:00:00Z,2024,2024-03-18T00:00:00Z,-0.769340059989298,-6.138623466804335,-6.315626106577833,-6.46531557969422,-6.363084514851897
LINK_USDT,2024-03-24T00:00:00Z,2024-03-24T08:00:00Z,2024-03-25T08:00:00Z,2024,2024-03-18T00:00:00Z,-1.0773338304852542,-8.302846823154104,-6.683579237010377,-6.963942821379226,-6.778060813957834
ETH_USDT,2024-03-25T00:00:00Z,2024-03-25T08:00:00Z,2024-03-26T08:00:00Z,2024,2024-03-25T00:00:00Z,-0.9122670677807982,-6.3899946344504865,-7.209388047579056,-7.574615920326961,-7.3482443861821
SOL_USDT,2024-03-25T00:00:00Z,2024-03-25T08:00:00Z,2024-03-26T08:00:00Z,2024,2024-03-25T00:00:00Z,-0.7412574985340286,-6.0096913330234045,-6.198334757045001,-6.486270194659369,-6.32806973135529
LINK_USDT,2024-03-25T00:00:00Z,2024-03-25T08:00:00Z,2024-03-26T08:00:00Z,2024,2024-03-25T00:00:00Z,-1.3207196831680705,-6.231660919726406,-6.7444163795263865,-7.1203071428878015,-6.913313345013203
ETH_USDT,2024-03-26T00:00:00Z,2024-03-26T08:00:00Z,2024-03-27T08:00:00Z,2024,2024-03-25T00:00:00Z,-0.13882838781916243,-8.652266868030466,-7.086243360319886,-7.247745750663783,-7.262826928298917
SOL_USDT,2024-03-26T00:00:00Z,2024-03-26T08:00:00Z,2024-03-27T08:00:00Z,2024,2024-03-25T00:00:00Z,-0.31455534492936044,-7.209297736314436,-6.198186581878469,-6.329675413965301,-6.324294226451933
LINK_USDT,2024-03-26T00:00:00Z,2024-03-26T08:00:00Z,2024-03-27T08:00:00Z,2024,2024-03-25T00:00:00Z,-0.7205028716951847,-7.152693898901979,-6.671453303302398,-6.948923333441231,-6.87351939819523
ETH_USDT,2024-03-27T00:00:00Z,2024-03-27T08:00:00Z,2024-03-28T08:00:00Z,2024,2024-03-25T00:00:00Z,-0.2248247069933616,-7.349447400919219,-7.420215487818298,-7.425513645307711,-7.450995909445418
SOL_USDT,2024-03-27T00:00:00Z,2024-03-27T08:00:00Z,2024-03-28T08:00:00Z,2024,2024-03-25T00:00:00Z,-0.4785744567293347,-6.3242097006103535,-6.401718889570569,-6.48955781107388,-6.442707450471866
LINK_USDT,2024-03-27T00:00:00Z,2024-03-27T08:00:00Z,2024-03-28T08:00:00Z,2024,2024-03-25T00:00:00Z,-0.2913522569162939,-7.2258828644902975,-6.938523178699452,-6.953088123958583,-7.017871896305131
ETH_USDT,2024-03-28T00:00:00Z,2024-03-28T08:00:00Z,2024-03-29T08:00:00Z,2024,2024-03-25T00:00:00Z,-0.35863683882824454,-8.725390102200924,-7.752413362161584,-7.753348244905798,-7.747873242939573
SOL_USDT,2024-03-28T00:00:00Z,2024-03-28T08:00:00Z,2024-03-29T08:00:00Z,2024,2024-03-25T00:00:00Z,-0.37371816123665724,-6.740362759566429,-6.7182033419072695,-6.764517525494116,-6.730650900258519
LINK_USDT,2024-03-28T00:00:00Z,2024-03-28T08:00:00Z,2024-03-29T08:00:00Z,2024,2024-03-25T00:00:00Z,-0.4713210207196065,-7.495890457437414,-7.146713519101192,-7.205835327881733,-7.124051155860647
ETH_USDT,2024-03-29T00:00:00Z,2024-03-29T08:00:00Z,2024-03-30T08:00:00Z,2024,2024-03-25T00:00:00Z,-0.437784845600448,-8.885735193515236,-7.66292376290072,-7.747276862794126,-7.686224417959814
SOL_USDT,2024-03-29T00:00:00Z,2024-03-29T08:00:00Z,2024-03-30T08:00:00Z,2024,2024-03-25T00:00:00Z,-0.7279758231742709,-6.300204876585768,-7.011596717756328,-6.993997619239719,-6.9871871927736
LINK_USDT,2024-03-29T00:00:00Z,2024-03-29T08:00:00Z,2024-03-30T08:00:00Z,2024,2024-03-25T00:00:00Z,-0.8235809682295222,-9.04852507088154,-7.257678711870753,-7.36966922992522,-7.256226781274165
ETH_USDT,2024-03-30T00:00:00Z,2024-03-30T08:00:00Z,2024-03-31T08:00:00Z,2024,2024-03-25T00:00:00Z,-0.6452794081801694,-6.5991040695894325,-7.922408784934643,-8.00622316619166,-7.926245853831006
SOL_USDT,2024-03-30T00:00:00Z,2024-03-30T08:00:00Z,2024-03-31T08:00:00Z,2024,2024-03-25T00:00:00Z,-0.7150396442628593,-8.134689537903425,-6.761547753838705,-6.9530782014108325,-6.807710316038434
LINK_USDT,2024-03-30T00:00:00Z,2024-03-30T08:00:00Z,2024-03-31T08:00:00Z,2024,2024-03-25T00:00:00Z,-0.9608225092548264,-7.8604674690659975,-7.4305235407706185,-7.585600652144105,-7.459409665508408
ETH_USDT,2024-03-31T00:00:00Z,2024-03-31T08:00:00Z,2024-04-01T08:00:00Z,2024,2024-03-25T00:00:00Z,-1.0179819868518674,-7.1169115949034225,-8.001243325790707,-8.206153096086174,-8.036653654706699
SOL_USDT,2024-03-31T00:00:00Z,2024-03-31T08:00:00Z,2024-04-01T08:00:00Z,2024,2024-03-25T00:00:00Z,-0.6701971014358963,-6.385659321924951,-6.919630199341105,-6.956373055173102,-6.96910817494804
LINK_USDT,2024-03-31T00:00:00Z,2024-03-31T08:00:00Z,2024-04-01T08:00:00Z,2024,2024-03-25T00:00:00Z,-1.130058673749435,-7.018466688945782,-7.56970502138842,-7.674080359389518,-7.621979925370224
ETH_USDT,2024-04-01T00:00:00Z,2024-04-01T08:00:00Z,2024-04-02T08:00:00Z,2024,2024-04-01T00:00:00Z,-0.8631736207327697,-5.861734186905572,-7.772165852361295,-8.070374360160702,-7.881334707822497
SOL_USDT,2024-04-01T00:00:00Z,2024-04-01T08:00:00Z,2024-04-02T08:00:00Z,2024,2024-04-01T00:00:00Z,-1.0172007407001429,-5.214788288490236,-6.865876070690183,-7.137325578445938,-6.903839200268532
LINK_USDT,2024-04-01T00:00:00Z,2024-04-01T08:00:00Z,2024-04-02T08:00:00Z,2024,2024-04-01T00:00:00Z,-1.387747915784204,-6.226965900482534,-7.452802119649561,-7.771909509271732,-7.536584778108838
ETH_USDT,2024-04-02T00:00:00Z,2024-04-02T08:00:00Z,2024-04-03T08:00:00Z,2024,2024-04-01T00:00:00Z,-0.38094654597003036,-6.4440574930723225,-7.671833164299919,-7.833180743748436,-7.7558636259348885
SOL_USDT,2024-04-02T00:00:00Z,2024-04-02T08:00:00Z,2024-04-03T08:00:00Z,2024,2024-04-01T00:00:00Z,-0.39388075266852324,-5.6829529642611,-6.682073722980259,-6.811991433866641,-6.785586077127165
LINK_USDT,2024-04-02T00:00:00Z,2024-04-02T08:00:00Z,2024-04-03T08:00:00Z,2024,2024-04-01T00:00:00Z,-0.5423969830749956,-6.33091646660186,-7.142988803634333,-7.327033840928311,-7.2909871495363
ETH_USDT,2024-04-03T00:00:00Z,2024-04-03T08:00:00Z,2024-04-04T08:00:00Z,2024,2024-04-01T00:00:00Z,-0.030994674904219963,-9.265795318757243,-7.3496671366008375,-7.453362486991655,-7.387893762333058
SOL_USDT,2024-04-03T00:00:00Z,2024-04-03T08:00:00Z,2024-04-04T08:00:00Z,2024,2024-04-01T00:00:00Z,-0.24125532763716498,-7.670746190183296,-6.547422415178234,-6.643283240467811,-6.5641797162833635
LINK_USDT,2024-04-03T00:00:00Z,2024-04-03T08:00:00Z,2024-04-04T08:00:00Z,2024,2024-04-01T00:00:00Z,0.00196297912554401,-8.009436385255956,-7.112162368737563,-7.074523548482965,-7.132517717844187
ETH_USDT,2024-04-04T00:00:00Z,2024-04-04T08:00:00Z,2024-04-05T08:00:00Z,2024,2024-04-01T00:00:00Z,-0.43141226985412096,-7.780550182087728,-7.642404314503948,-7.629182633378841,-7.620480727432857
SOL_USDT,2024-04-04T00:00:00Z,2024-04-04T08:00:00Z,2024-04-05T08:00:00Z,2024,2024-04-01T00:00:00Z,-0.3519143689586717,-5.8524539347918285,-6.588482715929046,-6.650399869359849,-6.583820625338549
LINK_USDT,2024-04-04T00:00:00Z,2024-04-04T08:00:00Z,2024-04-05T08:00:00Z,2024,2024-04-01T00:00:00Z,-0.6533199172572212,-6.811655218382958,-7.380183701801894,-7.3754101315128455,-7.302750211165042
ETH_USDT,2024-04-05T00:00:00Z,2024-04-05T08:00:00Z,2024-04-06T08:00:00Z,2024,2024-04-01T00:00:00Z,-0.5008068637412306,-8.748039531192182,-7.617997179416568,-7.7208104498138175,-7.664120612348834
SOL_USDT,2024-04-05T00:00:00Z,2024-04-05T08:00:00Z,2024-04-06T08:00:00Z,2024,2024-04-01T00:00:00Z,-0.6056774355537482,-7.899667804542314,-6.776154387124597,-6.848525462277141,-6.793395045957561
LINK_USDT,2024-04-05T00:00:00Z,2024-04-05T08:00:00Z,2024-04-06T08:00:00Z,2024,2024-04-01T00:00:00Z,-0.7458819244658063,-8.015399503558518,-7.347884103111548,-7.460050900564491,-7.378450595441998
ETH_USDT,2024-04-06T00:00:00Z,2024-04-06T08:00:00Z,2024-04-07T08:00:00Z,2024,2024-04-01T00:00:00Z,-0.5035497216454904,-8.985100274938356,-7.637708694045806,-7.76546209204043,-7.702405234285258
SOL_USDT,2024-04-06T00:00:00Z,2024-04-06T08:00:00Z,2024-04-07T08:00:00Z,2024,2024-04-01T00:00:00Z,-0.37065530036622285,-9.130728229514972,-6.61117210456676,-6.750284697029114,-6.676310675119861
LINK_USDT,2024-04-06T00:00:00Z,2024-04-06T08:00:00Z,2024-04-07T08:00:00Z,2024,2024-04-01T00:00:00Z,-0.7726767434066838,-10.829589562195277,-7.191853585866798,-7.420168309597132,-7.249552608499338
ETH_USDT,2024-04-07T00:00:00Z,2024-04-07T08:00:00Z,2024-04-08T08:00:00Z,2024,2024-04-01T00:00:00Z,-1.093646308069936,-7.862712078736859,-7.8409058413364345,-8.020600854218845,-7.900021260700268
SOL_USDT,2024-04-07T00:00:00Z,2024-04-07T08:00:00Z,2024-04-08T08:00:00Z,2024,2024-04-01T00:00:00Z,-0.9689210688076212,-11.21284735031434,-6.819114988266224,-7.02467555642005,-6.848605537422118
LINK_USDT,2024-04-07T00:00:00Z,2024-04-07T08:00:00Z,2024-04-08T08:00:00Z,2024,2024-04-01T00:00:00Z,-1.3882034284931133,-8.498339560263515,-7.441419837140788,-7.680310089320827,-7.496205630667178
ETH_USDT,2024-04-08T00:00:00Z,2024-04-08T08:00:00Z,2024-04-09T08:00:00Z,2024,2024-04-08T00:00:00Z,-0.9040412180581175,-6.015975087012656,-7.678686176071981,-7.957475929907471,-7.833617514631077
SOL_USDT,2024-04-08T00:00:00Z,2024-04-08T08:00:00Z,2024-04-09T08:00:00Z,2024,2024-04-08T00:00:00Z,-1.0995907631346555,-7.03798567424142,-7.07588022524661,-7.1392596958343075,-7.187058266564702
LINK_USDT,2024-04-08T00:00:00Z,2024-04-08T08:00:00Z,2024-04-09T08:00:00Z,2024,2024-04-08T00:00:00Z,-1.2184267663462658,-7.015187052395704,-7.378041988989092,-7.616499713878606,-7.534380871149567
ETH_USDT,2024-04-09T00:00:00Z,2024-04-09T08:00:00Z,2024-04-10T08:00:00Z,2024,2024-04-08T00:00:00Z,-0.00705859507625176,-6.819602693809941,-7.491936652827372,-7.567065464114205,-7.618912984951608
SOL_USDT,2024-04-09T00:00:00Z,2024-04-09T08:00:00Z,2024-04-10T08:00:00Z,2024,2024-04-08T00:00:00Z,-0.59726407817606,-8.017148304215027,-7.178425308789865,-7.106075694159594,-7.286980623828789
LINK_USDT,2024-04-09T00:00:00Z,2024-04-09T08:00:00Z,2024-04-10T08:00:00Z,2024,2024-04-08T00:00:00Z,-0.3711828206508905,-8.424854632296302,-7.542395374609839,-7.488168345087316,-7.637924082676421
ETH_USDT,2024-04-10T00:00:00Z,2024-04-10T08:00:00Z,2024-04-11T08:00:00Z,2024,2024-04-08T00:00:00Z,-0.09803054262562273,-7.217480036025649,-7.72110878764441,-7.74166220968516,-7.67660450777726
SOL_USDT,2024-04-10T00:00:00Z,2024-04-10T08:00:00Z,2024-04-11T08:00:00Z,2024,2024-04-08T00:00:00Z,-0.7126970879511169,-6.2924877439708755,-7.111494475592757,-7.263820981105083,-7.124704160164869
LINK_USDT,2024-04-10T00:00:00Z,2024-04-10T08:00:00Z,2024-04-11T08:00:00Z,2024,2024-04-08T00:00:00Z,-0.6153165261982366,-7.5233724223171405,-7.699138823325051,-7.7890471162685815,-7.656153909939398
ETH_USDT,2024-04-11T00:00:00Z,2024-04-11T08:00:00Z,2024-04-12T08:00:00Z,2024,2024-04-08T00:00:00Z,-0.25159833959190037,-7.67069184614934,-7.720943771647368,-7.7746788008604675,-7.69598125072931
SOL_USDT,2024-04-11T00:00:00Z,2024-04-11T08:00:00Z,2024-04-12T08:00:00Z,2024,2024-04-08T00:00:00Z,-0.415618869915938,-9.217621715141325,-7.107386662705319,-7.174220957202182,-7.13205310054677
LINK_USDT,2024-04-11T00:00:00Z,2024-04-11T08:00:00Z,2024-04-12T08:00:00Z,2024,2024-04-08T00:00:00Z,-0.42130953515992314,-7.375765141152005,-7.672152933224641,-7.682036820825667,-7.671793144277618
ETH_USDT,2024-04-12T00:00:00Z,2024-04-12T08:00:00Z,2024-04-13T08:00:00Z,2024,2024-04-08T00:00:00Z,-0.35670952252525784,-5.468429247726611,-7.706324078893358,-7.764933148656683,-7.711282579783614
SOL_USDT,2024-04-12T00:00:00Z,2024-04-12T08:00:00Z,2024-04-13T08:00:00Z,2024,2024-04-08T00:00:00Z,-0.5899451574845146,-4.684096232729293,-7.386248147910276,-7.275978737024529,-7.353972101415843
LINK_USDT,2024-04-12T00:00:00Z,2024-04-12T08:00:00Z,2024-04-13T08:00:00Z,2024,2024-04-08T00:00:00Z,-0.9478630069681567,-4.153961734340169,-7.624814886882169,-7.837577598729817,-7.602852084021106
ETH_USDT,2024-04-13T00:00:00Z,2024-04-13T08:00:00Z,2024-04-14T08:00:00Z,2024,2024-04-08T00:00:00Z,0.3001417102124139,-4.851549439576565,-7.220367084268916,-7.244908252487116,-7.278615007855103
SOL_USDT,2024-04-13T00:00:00Z,2024-04-13T08:00:00Z,2024-04-14T08:00:00Z,2024,2024-04-08T00:00:00Z,-0.07358036345852857,-4.9460573049225,-6.586316129297764,-6.708531762136584,-6.644597842077131
LINK_USDT,2024-04-13T00:00:00Z,2024-04-13T08:00:00Z,2024-04-14T08:00:00Z,2024,2024-04-08T00:00:00Z,0.7542673778361318,-4.172515420592352,-6.418219011942762,-6.35067219812351,-6.588265442394285
ETH_USDT,2024-04-14T00:00:00Z,2024-04-14T08:00:00Z,2024-04-15T08:00:00Z,2024,2024-04-08T00:00:00Z,0.573252815333836,-6.2932936943774,-6.850151708807091,-6.846939415102414,-6.837570746431474
SOL_USDT,2024-04-14T00:00:00Z,2024-04-14T08:00:00Z,2024-04-15T08:00:00Z,2024,2024-04-08T00:00:00Z,0.5984747341577096,-4.553299094344349,-6.4408178051143,-6.3026225032228265,-6.439828256360145
LINK_USDT,2024-04-14T00:00:00Z,2024-04-14T08:00:00Z,2024-04-15T08:00:00Z,2024,2024-04-08T00:00:00Z,0.8322351649927205,-5.956900466416441,-6.114565214777812,-6.028466720047229,-6.039826205738821
ETH_USDT,2024-04-15T00:00:00Z,2024-04-15T08:00:00Z,2024-04-16T08:00:00Z,2024,2024-04-15T00:00:00Z,0.2841411979670755,-6.917152206285367,-6.940442936800707,-6.926449039595222,-6.889824925410015
SOL_USDT,2024-04-15T00:00:00Z,2024-04-15T08:00:00Z,2024-04-16T08:00:00Z,2024,2024-04-15T00:00:00Z,0.4353386367597971,-5.095824380457851,-6.072252949402746,-6.060662687996759,-6.0025886153276184
LINK_USDT,2024-04-15T00:00:00Z,2024-04-15T08:00:00Z,2024-04-16T08:00:00Z,2024,2024-04-15T00:00:00Z,0.48808011313685423,-6.210898422549136,-6.157376047448954,-6.10831052107938,-6.081768894241875
ETH_USDT,2024-04-16T00:00:00Z,2024-04-16T08:00:00Z,2024-04-17T08:00:00Z,2024,2024-04-15T00:00:00Z,0.11946857075493258,-6.408518475418305,-6.9528188925889385,-7.0066216454471375,-6.943882400864866
SOL_USDT,2024-04-16T00:00:00Z,2024-04-16T08:00:00Z,2024-04-17T08:00:00Z,2024,2024-04-15T00:00:00Z,0.2065543282213549,-4.53042252045088,-6.034677835608968,-6.090627555206866,-6.002626138357012
LINK_USDT,2024-04-16T00:00:00Z,2024-04-16T08:00:00Z,2024-04-17T08:00:00Z,2024,2024-04-15T00:00:00Z,0.20275210092933146,-5.342944869626113,-6.187228530884805,-6.220534277119238,-6.1668736353811235
ETH_USDT,2024-04-17T00:00:00Z,2024-04-17T08:00:00Z,2024-04-18T08:00:00Z,2024,2024-04-15T00:00:00Z,-0.04836975642075581,-6.195130711731533,-6.948436545124036,-7.072921321595481,-6.965389923599391
SOL_USDT,2024-04-17T00:00:00Z,2024-04-17T08:00:00Z,2024-04-18T08:00:00Z,2024,2024-04-15T00:00:00Z,0.18904199425807858,-4.913252163373106,-5.859017562491822,-5.978333112533528,-5.874548811154233
LINK_USDT,2024-04-17T00:00:00Z,2024-04-17T08:00:00Z,2024-04-18T08:00:00Z,2024,2024-04-15T00:00:00Z,-0.2456590997022439,-5.9888283528241075,-6.055484386460766,-6.324019287661355,-6.084299383113277
ETH_USDT,2024-04-18T00:00:00Z,2024-04-18T08:00:00Z,2024-04-19T08:00:00Z,2024,2024-04-15T00:00:00Z,-0.12229771541729129,-6.89588076573457,-6.883171198566899,-7.064858811634382,-6.931421363759067
SOL_USDT,2024-04-18T00:00:00Z,2024-04-18T08:00:00Z,2024-04-19T08:00:00Z,2024,2024-04-15T00:00:00Z,0.20431561185892885,-5.181424794357505,-5.815727635767829,-5.914493259549237,-5.838329708029135
LINK_USDT,2024-04-18T00:00:00Z,2024-04-18T08:00:00Z,2024-04-19T08:00:00Z,2024,2024-04-15T00:00:00Z,-0.2330782074731063,-5.804530943520079,-6.116773720622574,-6.346561867589684,-6.220034623459787
ETH_USDT,2024-04-19T00:00:00Z,2024-04-19T08:00:00Z,2024-04-20T08:00:00Z,2024,2024-04-15T00:00:00Z,-0.30276745840762115,-9.628137571183949,-6.965831137284365,-7.174388802150028,-7.035230437858944
SOL_USDT,2024-04-19T00:00:00Z,2024-04-19T08:00:00Z,2024-04-20T08:00:00Z,2024,2024-04-15T00:00:00Z,0.08015744400578698,-6.816218112049285,-5.791122006975651,-5.929509255446947,-5.823449257589623
LINK_USDT,2024-04-19T00:00:00Z,2024-04-19T08:00:00Z,2024-04-20T08:00:00Z,2024,2024-04-15T00:00:00Z,-0.35645898405293497,-7.2100450163864105,-6.0809502879108255,-6.388289552251685,-6.197987610524835
ETH_USDT,2024-04-20T00:00:00Z,2024-04-20T08:00:00Z,2024-04-21T08:00:00Z,2024,2024-04-15T00:00:00Z,0.19582298720569621,-7.550720813804545,-7.3459894618305634,-7.159833836084944,-7.429811786364091
SOL_USDT,2024-04-20T00:00:00Z,2024-04-20T08:00:00Z,2024-04-21T08:00:00Z,2024,2024-04-15T00:00:00Z,0.4990212190447099,-6.597433482359808,-6.071655484858557,-5.9045211948927605,-6.1192003358975615
LINK_USDT,2024-04-20T00:00:00Z,2024-04-20T08:00:00Z,2024-04-21T08:00:00Z,2024,2024-04-15T00:00:00Z,0.11749326971512497,-6.168410196790969,-6.397452069592076,-6.3856256181338065,-6.506262180068654
ETH_USDT,2024-04-21T00:00:00Z,2024-04-21T08:00:00Z,2024-04-22T08:00:00Z,2024,2024-04-15T00:00:00Z,-0.6766934603786344,-7.914059910949653,-7.477026389470202,-7.6939691367588985,-7.437995932307416
SOL_USDT,2024-04-21T00:00:00Z,2024-04-21T08:00:00Z,2024-04-22T08:00:00Z,2024,2024-04-15T00:00:00Z,-0.27336479705492495,-6.781400263830197,-6.098984552393414,-6.2433867788932345,-6.071387642408467
LINK_USDT,2024-04-21T00:00:00Z,2024-04-21T08:00:00Z,2024-04-22T08:00:00Z,2024,2024-04-15T00:00:00Z,-0.4665461874239368,-6.555851068970391,-6.53971002778517,-6.766339024343581,-6.536873831888692
ETH_USDT,2024-04-22T00:00:00Z,2024-04-22T08:00:00Z,2024-04-23T08:00:00Z,2024,2024-04-22T00:00:00Z,-0.7273149460530332,-8.40327313259184,-7.752554690824354,-7.8320081330017,-7.848226579930752
SOL_USDT,2024-04-22T00:00:00Z,2024-04-22T08:00:00Z,2024-04-23T08:00:00Z,2024,2024-04-22T00:00:00Z,-0.5134510890493884,-6.938107302197112,-6.527127407385595,-6.513866252324647,-6.601958426318498
LINK_USDT,2024-04-22T00:00:00Z,2024-04-22T08:00:00Z,2024-04-23T08:00:00Z,2024,2024-04-22T00:00:00Z,-0.7985803626400217,-7.9729144695238325,-6.833382848043024,-7.013367937665085,-6.91316835217273
ETH_USDT,2024-04-23T00:00:00Z,2024-04-23T08:00:00Z,2024-04-24T08:00:00Z,2024,2024-04-22T00:00:00Z,-0.4337225037707115,-7.56822773449277,-7.729520374935333,-7.8094021313421385,-7.816152930539564
SOL_USDT,2024-04-23T00:00:00Z,2024-04-23T08:00:00Z,2024-04-24T08:00:00Z,2024,2024-04-22T00:00:00Z,-0.1869289080382263,-6.458740354775832,-6.331912538416528,-6.41086382358712,-6.437769802993674
LINK_USDT,2024-04-23T00:00:00Z,2024-04-23T08:00:00Z,2024-04-24T08:00:00Z,2024,2024-04-22T00:00:00Z,-0.05583135004384596,-8.215578824963867,-6.737068247166594,-6.74292140169555,-6.864899414428153
ETH_USDT,2024-04-24T00:00:00Z,2024-04-24T08:00:00Z,2024-04-25T08:00:00Z,2024,2024-04-22T00:00:00Z,-0.5640234200469751,-7.323880690315103,-7.784039805279095,-7.916721333100863,-7.807749696348645
SOL_USDT,2024-04-24T00:00:00Z,2024-04-24T08:00:00Z,2024-04-25T08:00:00Z,2024,2024-04-22T00:00:00Z,-0.360781726402626,-6.032571940178614,-6.509066207525503,-6.613938297426501,-6.531818175250729
LINK_USDT,2024-04-24T00:00:00Z,2024-04-24T08:00:00Z,2024-04-25T08:00:00Z,2024,2024-04-22T00:00:00Z,-0.5851264811856388,-6.024320213586893,-7.206582682144559,-7.1690035549562525,-7.167307113550325
ETH_USDT,2024-04-25T00:00:00Z,2024-04-25T08:00:00Z,2024-04-26T08:00:00Z,2024,2024-04-22T00:00:00Z,-0.11287808779348718,-9.189248466110884,-7.917140384616354,-7.884279640092063,-7.936547006746205
SOL_USDT,2024-04-25T00:00:00Z,2024-04-25T08:00:00Z,2024-04-26T08:00:00Z,2024,2024-04-22T00:00:00Z,0.07818499906764727,-7.403510819408371,-6.593844979276177,-6.555139701602102,-6.621123033706224
LINK_USDT,2024-04-25T00:00:00Z,2024-04-25T08:00:00Z,2024-04-26T08:00:00Z,2024,2024-04-22T00:00:00Z,-0.13890738384535653,-8.016436648081683,-6.863179147872841,-6.918831961262501,-6.925555486371386
ETH_USDT,2024-04-26T00:00:00Z,2024-04-26T08:00:00Z,2024-04-27T08:00:00Z,2024,2024-04-22T00:00:00Z,-0.22317897774905257,-9.663965433528123,-8.355664544987407,-8.090987598809582,-8.258714173316624
SOL_USDT,2024-04-26T00:00:00Z,2024-04-26T08:00:00Z,2024-04-27T08:00:00Z,2024,2024-04-22T00:00:00Z,-0.14567483453723767,-6.781437252654917,-6.985635321653473,-6.832417400230922,-6.891357807488141
LINK_USDT,2024-04-26T00:00:00Z,2024-04-26T08:00:00Z,2024-04-27T08:00:00Z,2024,2024-04-22T00:00:00Z,-0.3165757987623675,-6.987286443770526,-7.21256674981233,-7.122968471385833,-7.16817241763758
ETH_USDT,2024-04-27T00:00:00Z,2024-04-27T08:00:00Z,2024-04-28T08:00:00Z,2024,2024-04-22T00:00:00Z,-0.5403499906880701,-6.43148234634684,-8.316076162095914,-8.233171746403992,-8.23525021566001
SOL_USDT,2024-04-27T00:00:00Z,2024-04-27T08:00:00Z,2024-04-28T08:00:00Z,2024,2024-04-22T00:00:00Z,-0.5237791676226562,-6.871279651755102,-6.9947060577233096,-7.027521960333042,-6.935241186663387
LINK_USDT,2024-04-27T00:00:00Z,2024-04-27T08:00:00Z,2024-04-28T08:00:00Z,2024,2024-04-22T00:00:00Z,-0.5205870844281424,-7.349255552374189,-7.218617927883944,-7.248337204745393,-7.199876134347476
ETH_USDT,2024-04-28T00:00:00Z,2024-04-28T08:00:00Z,2024-04-29T08:00:00Z,2024,2024-04-22T00:00:00Z,-0.2693769785612019,-7.083205959089018,-7.8882983254430945,-7.938047358713524,-7.9058899610019004
SOL_USDT,2024-04-28T00:00:00Z,2024-04-28T08:00:00Z,2024-04-29T08:00:00Z,2024,2024-04-22T00:00:00Z,-0.5325808745385323,-6.553647547755724,-6.934470656711843,-7.017698345817256,-6.948890865329201
LINK_USDT,2024-04-28T00:00:00Z,2024-04-28T08:00:00Z,2024-04-29T08:00:00Z,2024,2024-04-22T00:00:00Z,-0.48489840390827954,-7.224437389294157,-7.16804530662045,-7.250636357586154,-7.180442204625389
ETH_USDT,2024-04-29T00:00:00Z,2024-04-29T08:00:00Z,2024-04-30T08:00:00Z,2024,2024-04-29T00:00:00Z,-0.2868037861882347,-7.670723790447247,-7.876282451287304,-7.886806027369805,-7.852858268673006
SOL_USDT,2024-04-29T00:00:00Z,2024-04-29T08:00:00Z,2024-04-30T08:00:00Z,2024,2024-04-29T00:00:00Z,-0.7538456608916135,-7.410966629414043,-6.8900021032400325,-7.064494388490352,-6.919260565071994
LINK_USDT,2024-04-29T00:00:00Z,2024-04-29T08:00:00Z,2024-04-30T08:00:00Z,2024,2024-04-29T00:00:00Z,-1.0564078326089938,-8.284634450870936,-7.205446747910059,-7.47329648172882,-7.213571885004926
ETH_USDT,2024-04-30T00:00:00Z,2024-04-30T08:00:00Z,2024-05-01T08:00:00Z,2024,2024-04-29T00:00:00Z,-0.00971721947898283,-5.245775144148551,-7.836677117335882,-7.751807596857937,-7.819849066607799
SOL_USDT,2024-04-30T00:00:00Z,2024-04-30T08:00:00Z,2024-05-01T08:00:00Z,2024,2024-04-29T00:00:00Z,-0.4224501275905925,-5.174061392074162,-6.983616948275393,-6.985597670840764,-7.043018563933498
LINK_USDT,2024-04-30T00:00:00Z,2024-04-30T08:00:00Z,2024-05-01T08:00:00Z,2024,2024-04-29T00:00:00Z,-0.7440477837173068,-5.3664816025041695,-7.493691618263725,-7.482990941306999,-7.5839455687384785
ETH_USDT,2024-05-01T00:00:00Z,2024-05-01T08:00:00Z,2024-05-02T08:00:00Z,2024,2024-04-29T00:00:00Z,0.21082447522444162,-6.713225238444685,-7.403343545374644,-7.417019844443238,-7.3787493899536285
SOL_USDT,2024-05-01T00:00:00Z,2024-05-01T08:00:00Z,2024-05-02T08:00:00Z,2024,2024-04-29T00:00:00Z,-0.1361627510413349,-4.740471816997401,-6.7066349815329485,-6.756704589202462,-6.722694525289633
LINK_USDT,2024-05-01T00:00:00Z,2024-05-01T08:00:00Z,2024-05-02T08:00:00Z,2024,2024-04-29T00:00:00Z,-0.30650434507390073,-6.245639829699927,-6.856341143693174,-7.007629853091974,-6.9435054935197815
ETH_USDT,2024-05-02T00:00:00Z,2024-05-02T08:00:00Z,2024-05-03T08:00:00Z,2024,2024-04-29T00:00:00Z,0.26339532983737385,-7.453634938350181,-7.2210198743313585,-7.25447734262632,-7.180514131491675
SOL_USDT,2024-05-02T00:00:00Z,2024-05-02T08:00:00Z,2024-05-03T08:00:00Z,2024,2024-04-29T00:00:00Z,0.11179485613841159,-5.690078049816971,-6.285417828311718,-6.376774066186373,-6.293559566435717
LINK_USDT,2024-05-02T00:00:00Z,2024-05-02T08:00:00Z,2024-05-03T08:00:00Z,2024,2024-04-29T00:00:00Z,-0.03886730947016812,-7.23688415636557,-6.841053165188632,-6.876742623998074,-6.844721176569955
ETH_USDT,2024-05-03T00:00:00Z,2024-05-03T08:00:00Z,2024-05-04T08:00:00Z,2024,2024-04-29T00:00:00Z,-0.2319064132137527,-6.627085034997786,-7.34605998151914,-7.472635673667155,-7.305571855120197
SOL_USDT,2024-05-03T00:00:00Z,2024-05-03T08:00:00Z,2024-05-04T08:00:00Z,2024,2024-04-29T00:00:00Z,-0.13734266088592767,-6.615195059321333,-6.313117888184944,-6.423356718108778,-6.287611238917341
LINK_USDT,2024-05-03T00:00:00Z,2024-05-03T08:00:00Z,2024-05-04T08:00:00Z,2024,2024-04-29T00:00:00Z,-0.6695404065755975,-6.7600425763793215,-6.985931094433545,-7.150627637819022,-6.939805405114617
ETH_USDT,2024-05-04T00:00:00Z,2024-05-04T08:00:00Z,2024-05-05T08:00:00Z,2024,2024-04-29T00:00:00Z,-0.22702332875538123,-9.014832547317,-7.226863805731426,-7.406737991281154,-7.287112909435992
SOL_USDT,2024-05-04T00:00:00Z,2024-05-04T08:00:00Z,2024-05-05T08:00:00Z,2024,2024-04-29T00:00:00Z,-0.32643578226013725,-8.32292617847038,-6.415840037556224,-6.531142417944514,-6.43350451408656
LINK_USDT,2024-05-04T00:00:00Z,2024-05-04T08:00:00Z,2024-05-05T08:00:00Z,2024,2024-04-29T00:00:00Z,-0.7256096186364962,-9.011878943621522,-6.887632268023761,-7.133570243052949,-6.964683464612057
ETH_USDT,2024-05-05T00:00:00Z,2024-05-05T08:00:00Z,2024-05-06T08:00:00Z,2024,2024-04-29T00:00:00Z,-0.7822905275230279,-7.497003000677416,-7.569222455900916,-7.7242738079141935,-7.612694062887799
SOL_USDT,2024-05-05T00:00:00Z,2024-05-05T08:00:00Z,2024-05-06T08:00:00Z,2024,2024-04-29T00:00:00Z,-0.7586970009834482,-7.242141436620011,-6.647019165567789,-6.755381693543063,-6.692899741967181
LINK_USDT,2024-05-05T00:00:00Z,2024-05-05T08:00:00Z,2024-05-06T08:00:00Z,2024,2024-04-29T00:00:00Z,-0.7001047544077292,-6.7815115297829385,-7.236065503466202,-7.2192712121375715,-7.306767937960952
ETH_USDT,2024-05-06T00:00:00Z,2024-05-06T08:00:00Z,2024-05-07T08:00:00Z,2024,2024-05-06T00:00:00Z,-0.6597367095643275,-6.962773593113556,-7.451900437220439,-7.65971184418,-7.605820610264627
SOL_USDT,2024-05-06T00:00:00Z,2024-05-06T08:00:00Z,2024-05-07T08:00:00Z,2024,2024-05-06T00:00:00Z,-1.0088292286480316,-6.572513428661956,-6.644597154250415,-6.8867559559172005,-6.774365317331338
LINK_USDT,2024-05-06T00:00:00Z,2024-05-06T08:00:00Z,2024-05-07T08:00:00Z,2024,2024-05-06T00:00:00Z,-1.040392908275396,-7.790082665368833,-7.06869406219177,-7.3347564323961825,-7.1431506861336125
ETH_USDT,2024-05-07T00:00:00Z,2024-05-07T08:00:00Z,2024-05-08T08:00:00Z,2024,2024-05-06T00:00:00Z,-0.19048085358851613,-7.6327946989512485,-7.298605328530136,-7.409701183889755,-7.434095905264871
SOL_USDT,2024-05-07T00:00:00Z,2024-05-07T08:00:00Z,2024-05-08T08:00:00Z,2024,2024-05-06T00:00:00Z,-0.16724149550123338,-6.180348650370136,-6.438039404449019,-6.474969719767232,-6.624228018892547
LINK_USDT,2024-05-07T00:00:00Z,2024-05-07T08:00:00Z,2024-05-08T08:00:00Z,2024,2024-05-06T00:00:00Z,-0.25314768455350817,-6.413052036387535,-6.971796319066518,-6.963691895262398,-7.117636088497685
ETH_USDT,2024-05-08T00:00:00Z,2024-05-08T08:00:00Z,2024-05-09T08:00:00Z,2024,2024-05-06T00:00:00Z,-0.387032076113653,-8.831958821801026,-7.538676776902994,-7.637095250924564,-7.55057684641851
SOL_USDT,2024-05-08T00:00:00Z,2024-05-08T08:00:00Z,2024-05-09T08:00:00Z,2024,2024-05-06T00:00:00Z,-0.2333685328504442,-7.227209124771815,-6.428538761985208,-6.514745180670327,-6.445742263486086
LINK_USDT,2024-05-08T00:00:00Z,2024-05-08T08:00:00Z,2024-05-09T08:00:00Z,2024,2024-05-06T00:00:00Z,-0.5185205877491575,-7.8341865206470205,-7.0076970998498815,-7.143606983927198,-6.981830667382002
ETH_USDT,2024-05-09T00:00:00Z,2024-05-09T08:00:00Z,2024-05-10T08:00:00Z,2024,2024-05-06T00:00:00Z,-0.4965781665819133,-8.739947774986227,-7.951956484509253,-7.942258781955697,-7.952124555360802
SOL_USDT,2024-05-09T00:00:00Z,2024-05-09T08:00:00Z,2024-05-10T08:00:00Z,2024,2024-05-06T00:00:00Z,-0.2753333526680252,-6.078995247429692,-6.867258406808504,-6.807071264321889,-6.832390228239218
LINK_USDT,2024-05-09T00:00:00Z,2024-05-09T08:00:00Z,2024-05-10T08:00:00Z,2024,2024-05-06T00:00:00Z,-0.482532482368085,-8.450105311193562,-7.338113429084121,-7.302768924965423,-7.3229941075607385
ETH_USDT,2024-05-10T00:00:00Z,2024-05-10T08:00:00Z,2024-05-11T08:00:00Z,2024,2024-05-06T00:00:00Z,-0.5841720444894134,-6.3487338838816845,-8.037218502340236,-8.065053683538832,-8.046003142746182
SOL_USDT,2024-05-10T00:00:00Z,2024-05-10T08:00:00Z,2024-05-11T08:00:00Z,2024,2024-05-06T00:00:00Z,-0.41744242054173414,-6.0058186719074405,-6.838519314139796,-6.906100787305056,-6.797077835323846
LINK_USDT,2024-05-10T00:00:00Z,2024-05-10T08:00:00Z,2024-05-11T08:00:00Z,2024,2024-05-06T00:00:00Z,-0.6178938259935334,-6.383100175593211,-7.429862397653261,-7.414590321327279,-7.398148547311842
ETH_USDT,2024-05-11T00:00:00Z,2024-05-11T08:00:00Z,2024-05-12T08:00:00Z,2024,2024-05-06T00:00:00Z,-0.27004710158534906,-10.595976586793363,-7.706470589605806,-7.818541616142288,-7.749099207541805
SOL_USDT,2024-05-11T00:00:00Z,2024-05-11T08:00:00Z,2024-05-12T08:00:00Z,2024,2024-05-06T00:00:00Z,-0.33851199879170796,-9.541112700111144,-6.75522897576672,-6.829249246354842,-6.752073094429659
LINK_USDT,2024-05-11T00:00:00Z,2024-05-11T08:00:00Z,2024-05-12T08:00:00Z,2024,2024-05-06T00:00:00Z,-0.4125085168126851,-8.09152087029204,-7.177944981034643,-7.2425396795028,-7.187142556843585
ETH_USDT,2024-05-12T00:00:00Z,2024-05-12T08:00:00Z,2024-05-13T08:00:00Z,2024,2024-05-06T00:00:00Z,-1.1266424001758255,-8.589770189211151,-8.1555583463818,-8.26166623756744,-8.12395643964873
SOL_USDT,2024-05-12T00:00:00Z,2024-05-12T08:00:00Z,2024-05-13T08:00:00Z,2024,2024-05-06T00:00:00Z,-1.0669941976844999,-8.535814410510067,-7.470039918758884,-7.297417041454341,-7.42564909668122
LINK_USDT,2024-05-12T00:00:00Z,2024-05-12T08:00:00Z,2024-05-13T08:00:00Z,2024,2024-05-06T00:00:00Z,-1.18865147922826,-8.123794013931738,-7.3415034128462695,-7.548479591907112,-7.313403787914664
ETH_USDT,2024-05-13T00:00:00Z,2024-05-13T08:00:00Z,2024-05-14T08:00:00Z,2024,2024-05-13T00:00:00Z,-1.3184247524366235,-8.954429068878067,-8.087127205264919,-8.386799757399167,-8.224949148554792
SOL_USDT,2024-05-13T00:00:00Z,2024-05-13T08:00:00Z,2024-05-14T08:00:00Z,2024,2024-05-13T00:00:00Z,-1.3854482462990227,-7.269477074698839,-7.053108298045987,-7.346518757209484,-7.171121615767631
LINK_USDT,2024-05-13T00:00:00Z,2024-05-13T08:00:00Z,2024-05-14T08:00:00Z,2024,2024-05-13T00:00:00Z,-1.437622295618439,-8.65536609671758,-7.446507609510404,-7.7917281073468585,-7.580300543171726
ETH_USDT,2024-05-14T00:00:00Z,2024-05-14T08:00:00Z,2024-05-15T08:00:00Z,2024,2024-05-13T00:00:00Z,-0.021586017016953042,-8.379859938465115,-8.334212482778765,-8.118140736488234,-8.497439041173486
SOL_USDT,2024-05-14T00:00:00Z,2024-05-14T08:00:00Z,2024-05-15T08:00:00Z,2024,2024-05-13T00:00:00Z,-0.18824234159893855,-6.997771281663668,-7.021564973188188,-6.921396393617529,-7.196451522394781
LINK_USDT,2024-05-14T00:00:00Z,2024-05-14T08:00:00Z,2024-05-15T08:00:00Z,2024,2024-05-13T00:00:00Z,-0.33541549752536426,-6.955706262626893,-7.7117604871411665,-7.578490305906818,-7.89587875766416
ETH_USDT,2024-05-15T00:00:00Z,2024-05-15T08:00:00Z,2024-05-16T08:00:00Z,2024,2024-05-13T00:00:00Z,-0.30550072222753777,-7.14087635296892,-8.306840777321614,-8.267506046973931,-8.229410612041368
SOL_USDT,2024-05-15T00:00:00Z,2024-05-15T08:00:00Z,2024-05-16T08:00:00Z,2024,2024-05-13T00:00:00Z,-0.39881913151902776,-5.269646514279199,-7.130850671506646,-7.128413282677868,-7.081062442309798
LINK_USDT,2024-05-15T00:00:00Z,2024-05-15T08:00:00Z,2024-05-16T08:00:00Z,2024,2024-05-13T00:00:00Z,-0.23556795188865667,-6.27641852747418,-7.523323788089999,-7.541368910844309,-7.508419085526622
ETH_USDT,2024-05-16T00:00:00Z,2024-05-16T08:00:00Z,2024-05-17T08:00:00Z,2024,2024-05-13T00:00:00Z,0.0052352632978009215,-6.78170878741946,-8.024539966744733,-8.046680142317227,-8.028057042989639
SOL_USDT,2024-05-16T00:00:00Z,2024-05-16T08:00:00Z,2024-05-17T08:00:00Z,2024,2024-05-13T00:00:00Z,0.037922732177043394,-5.561189277580251,-6.7246945768405935,-6.778296605241865,-6.7574197510822
LINK_USDT,2024-05-16T00:00:00Z,2024-05-16T08:00:00Z,2024-05-17T08:00:00Z,2024,2024-05-13T00:00:00Z,-0.06181776788739006,-4.075796459304649,-7.317793868493812,-7.382870909188421,-7.310448860773491
ETH_USDT,2024-05-17T00:00:00Z,2024-05-17T08:00:00Z,2024-05-18T08:00:00Z,2024,2024-05-13T00:00:00Z,-0.1412388248244439,-7.067899348772524,-8.06128348225509,-8.064479659686677,-8.023079678363283
SOL_USDT,2024-05-17T00:00:00Z,2024-05-17T08:00:00Z,2024-05-18T08:00:00Z,2024,2024-05-13T00:00:00Z,-0.02069184119770543,-8.130341353898515,-6.975994391448513,-6.897036401892731,-6.9298745854583865
LINK_USDT,2024-05-17T00:00:00Z,2024-05-17T08:00:00Z,2024-05-18T08:00:00Z,2024,2024-05-13T00:00:00Z,0.9294321885685021,-8.2489903899298,-6.419598794261322,-6.288282086434336,-6.485693958694987
ETH_USDT,2024-05-18T00:00:00Z,2024-05-18T08:00:00Z,2024-05-19T08:00:00Z,2024,2024-05-13T00:00:00Z,0.09431614451984249,-10.470517788071815,-7.946694277593655,-7.974819161088503,-7.935728770146108
SOL_USDT,2024-05-18T00:00:00Z,2024-05-18T08:00:00Z,2024-05-19T08:00:00Z,2024,2024-05-13T00:00:00Z,0.027903132656026224,-9.163135405697448,-6.793249571908319,-6.847372200936035,-6.775632570320843
LINK_USDT,2024-05-18T00:00:00Z,2024-05-18T08:00:00Z,2024-05-19T08:00:00Z,2024,2024-05-13T00:00:00Z,1.1911378489263005,-7.383482552766381,-6.582348771217245,-6.23161708347422,-6.464677943176308
ETH_USDT,2024-05-19T00:00:00Z,2024-05-19T08:00:00Z,2024-05-20T08:00:00Z,2024,2024-05-13T00:00:00Z,-0.4506643903942237,-8.50099308319392,-8.395329947106173,-8.285089793450853,-8.335544086224637
SOL_USDT,2024-05-19T00:00:00Z,2024-05-19T08:00:00Z,2024-05-20T08:00:00Z,2024,2024-05-13T00:00:00Z,-0.27087016617898596,-5.672556587324094,-7.096702954703986,-7.033366068513798,-7.0772158939189795
LINK_USDT,2024-05-19T00:00:00Z,2024-05-19T08:00:00Z,2024-05-20T08:00:00Z,2024,2024-05-13T00:00:00Z,0.1606041322327421,-6.919142436302092,-6.913015904618247,-6.721534373788048,-6.746155326894254
ETH_USDT,2024-05-20T00:00:00Z,2024-05-20T08:00:00Z,2024-05-21T08:00:00Z,2024,2024-05-20T00:00:00Z,-0.5965790483653157,-3.65489967902377,-8.209467729711593,-8.331655782521047,-8.249886425274052
SOL_USDT,2024-05-20T00:00:00Z,2024-05-20T08:00:00Z,2024-05-21T08:00:00Z,2024,2024-05-20T00:00:00Z,-0.28720880059064546,-5.927675559107991,-6.8745824441975305,-6.997789704630607,-6.917729764742029
LINK_USDT,2024-05-20T00:00:00Z,2024-05-20T08:00:00Z,2024-05-21T08:00:00Z,2024,2024-05-20T00:00:00Z,0.5830852720961517,-5.961466930997717,-6.661068227228651,-6.506141107752015,-6.687452478289908
ETH_USDT,2024-05-21T00:00:00Z,2024-05-21T08:00:00Z,2024-05-22T08:00:00Z,2024,2024-05-20T00:00:00Z,1.0544654250405507,-6.783927730267502,-6.455090945345974,-6.425031322921229,-6.655002518152266
SOL_USDT,2024-05-21T00:00:00Z,2024-05-21T08:00:00Z,2024-05-22T08:00:00Z,2024,2024-05-20T00:00:00Z,0.4966696856647555,-7.134485304474634,-6.632110538344203,-6.576537527914399,-6.693541047858448
LINK_USDT,2024-05-21T00:00:00Z,2024-05-21T08:00:00Z,2024-05-22T08:00:00Z,2024,2024-05-20T00:00:00Z,0.8272264888845686,-7.601236945277553,-6.553248220666481,-6.392030563943482,-6.5098293756186045
ETH_USDT,2024-05-22T00:00:00Z,2024-05-22T08:00:00Z,2024-05-23T08:00:00Z,2024,2024-05-20T00:00:00Z,1.174308044735592,-7.662463094548615,-6.773858163281516,-6.407955875225439,-6.676032850360699
SOL_USDT,2024-05-22T00:00:00Z,2024-05-22T08:00:00Z,2024-05-23T08:00:00Z,2024,2024-05-20T00:00:00Z,0.29603680225487633,-7.278168124891993,-6.699004848447036,-6.621128821880075,-6.627330071473689
LINK_USDT,2024-05-22T00:00:00Z,2024-05-22T08:00:00Z,2024-05-23T08:00:00Z,2024,2024-05-20T00:00:00Z,0.5993194021866973,-7.428358784563172,-6.659864215407626,-6.4774714511905,-6.575454894297286
ETH_USDT,2024-05-23T00:00:00Z,2024-05-23T08:00:00Z,2024-05-24T08:00:00Z,2024,2024-05-20T00:00:00Z,0.6361475378877588,-7.0796238402920615,-6.9631603515418234,-6.685432184659513,-6.835368644886121
SOL_USDT,2024-05-23T00:00:00Z,2024-05-23T08:00:00Z,2024-05-24T08:00:00Z,2024,2024-05-20T00:00:00Z,0.19099775088228083,-5.394659796723494,-6.906197651765788,-6.794780553811239,-6.843377689452425
LINK_USDT,2024-05-23T00:00:00Z,2024-05-23T08:00:00Z,2024-05-24T08:00:00Z,2024,2024-05-20T00:00:00Z,0.2769212088481053,-6.0780522926273255,-6.835186364138378,-6.685938839482921,-6.779736899917903
ETH_USDT,2024-05-24T00:00:00Z,2024-05-24T08:00:00Z,2024-05-25T08:00:00Z,2024,2024-05-20T00:00:00Z,1.2219125519201746,-8.976196801301713,-6.8777353335655365,-6.448245271327926,-6.845031392596523
SOL_USDT,2024-05-24T00:00:00Z,2024-05-24T08:00:00Z,2024-05-25T08:00:00Z,2024,2024-05-20T00:00:00Z,0.4146760831905268,-9.1017770029925,-6.862627027785536,-6.700828773727598,-6.819339290472714
LINK_USDT,2024-05-24T00:00:00Z,2024-05-24T08:00:00Z,2024-05-25T08:00:00Z,2024,2024-05-20T00:00:00Z,0.5851917565594964,-7.775433111397778,-6.9552575093467865,-6.779883993315146,-6.891850679065167
ETH_USDT,2024-05-25T00:00:00Z,2024-05-25T08:00:00Z,2024-05-26T08:00:00Z,2024,2024-05-20T00:00:00Z,0.3346867452787654,-9.231207077085227,-6.816990384882784,-6.780421790838704,-6.684006718037654
SOL_USDT,2024-05-25T00:00:00Z,2024-05-25T08:00:00Z,2024-05-26T08:00:00Z,2024,2024-05-20T00:00:00Z,0.23556718647302297,-7.863085899119718,-6.740364793625165,-6.727708536424439,-6.6613159717168005
LINK_USDT,2024-05-25T00:00:00Z,2024-05-25T08:00:00Z,2024-05-26T08:00:00Z,2024,2024-05-20T00:00:00Z,0.833667156254989,-7.958028695400155,-7.211570525618865,-6.818366515000191,-7.073732907335152
ETH_USDT,2024-05-26T00:00:00Z,2024-05-26T08:00:00Z,2024-05-27T08:00:00Z,2024,2024-05-20T00:00:00Z,-0.7464486676838302,-7.312587102875942,-7.208513737314914,-7.292901290500742,-7.221213125795829
SOL_USDT,2024-05-26T00:00:00Z,2024-05-26T08:00:00Z,2024-05-27T08:00:00Z,2024,2024-05-20T00:00:00Z,-0.6620251062147031,-7.81595549030072,-7.127046699185555,-7.171597322698846,-7.071063232622806
LINK_USDT,2024-05-26T00:00:00Z,2024-05-26T08:00:00Z,2024-05-27T08:00:00Z,2024,2024-05-20T00:00:00Z,-0.2606551244486879,-7.109640717640535,-7.284675045806857,-7.239643995193007,-7.109153633112121
ETH_USDT,2024-05-27T00:00:00Z,2024-05-27T08:00:00Z,2024-05-28T08:00:00Z,2024,2024-05-27T00:00:00Z,-0.12492089930188757,-7.395344702891343,-6.975758454735691,-6.998246483708454,-7.173072341204971
SOL_USDT,2024-05-27T00:00:00Z,2024-05-27T08:00:00Z,2024-05-28T08:00:00Z,2024,2024-05-27T00:00:00Z,-0.19388033074370878,-6.3877140503040675,-6.988881912857478,-6.975908876180074,-7.082493765634392
LINK_USDT,2024-05-27T00:00:00Z,2024-05-27T08:00:00Z,2024-05-28T08:00:00Z,2024,2024-05-27T00:00:00Z,0.022079774880438753,-5.083813513178342,-7.19864763639978,-7.124162421448915,-7.207982465765408
ETH_USDT,2024-05-28T00:00:00Z,2024-05-28T08:00:00Z,2024-05-29T08:00:00Z,2024,2024-05-27T00:00:00Z,0.10793581816029921,-9.532381328196003,-7.76131494737581,-7.622674571684609,-7.694879941720208
SOL_USDT,2024-05-28T00:00:00Z,2024-05-28T08:00:00Z,2024-05-29T08:00:00Z,2024,2024-05-27T00:00:00Z,-0.12828806218597963,-8.01307575697869,-7.017308091848031,-7.0409473396271025,-7.011757238697787
LINK_USDT,2024-05-28T00:00:00Z,2024-05-28T08:00:00Z,2024-05-29T08:00:00Z,2024,2024-05-27T00:00:00Z,0.5891240278822897,-7.412016478383683,-6.877443554209229,-6.7519313638079135,-6.8577063925748725
ETH_USDT,2024-05-29T00:00:00Z,2024-05-29T08:00:00Z,2024-05-30T08:00:00Z,2024,2024-05-27T00:00:00Z,0.21218756605412314,-7.788938766640238,-8.064316526576757,-7.733767220567071,-7.934724276281499
SOL_USDT,2024-05-29T00:00:00Z,2024-05-29T08:00:00Z,2024-05-30T08:00:00Z,2024,2024-05-27T00:00:00Z,0.010396959030474908,-7.47089127975352,-7.120064686922587,-7.0446190392761405,-7.0951071704862105
LINK_USDT,2024-05-29T00:00:00Z,2024-05-29T08:00:00Z,2024-05-30T08:00:00Z,2024,2024-05-27T00:00:00Z,0.5448347268895933,-6.451712732841543,-6.899077800932817,-6.736520839293958,-6.791269285985548
ETH_USDT,2024-05-30T00:00:00Z,2024-05-30T08:00:00Z,2024-05-31T08:00:00Z,2024,2024-05-27T00:00:00Z,-0.019322207481431344,-8.101366628096446,-8.011741848690543,-7.7907421297279935,-7.877459354002425
SOL_USDT,2024-05-30T00:00:00Z,2024-05-30T08:00:00Z,2024-05-31T08:00:00Z,2024,2024-05-27T00:00:00Z,-0.22832214304623666,-7.54167353971046,-7.247504446838676,-7.17327912585419,-7.197094772945918
LINK_USDT,2024-05-30T00:00:00Z,2024-05-30T08:00:00Z,2024-05-31T08:00:00Z,2024,2024-05-27T00:00:00Z,0.29053890367293245,-7.833022136771585,-6.861758676275153,-6.76725408374544,-6.7739152979642165
ETH_USDT,2024-05-31T00:00:00Z,2024-05-31T08:00:00Z,2024-06-01T08:00:00Z,2024,2024-05-27T00:00:00Z,-0.20181649418549535,-9.956291753240583,-7.990164323326075,-7.8832179228195045,-7.896869114712154
SOL_USDT,2024-05-31T00:00:00Z,2024-05-31T08:00:00Z,2024-06-01T08:00:00Z,2024,2024-05-27T00:00:00Z,-0.11211592036231706,-8.531056553243163,-7.15785448121432,-7.128585247199752,-7.149605243411434
LINK_USDT,2024-05-31T00:00:00Z,2024-05-31T08:00:00Z,2024-06-01T08:00:00Z,2024,2024-05-27T00:00:00Z,0.1103468650431754,-5.965201095450393,-7.108045834527013,-6.977264163211411,-7.047175297213334
ETH_USDT,2024-06-01T00:00:00Z,2024-06-01T08:00:00Z,2024-06-02T08:00:00Z,2024,2024-05-27T00:00:00Z,-0.19188873021905622,-9.198771148601962,-8.359850926651387,-8.093766676957445,-8.273162489311517
SOL_USDT,2024-06-01T00:00:00Z,2024-06-01T08:00:00Z,2024-06-02T08:00:00Z,2024,2024-05-27T00:00:00Z,-0.3313574308700165,-9.184870330914253,-7.684636674652522,-7.58572917210807,-7.623864847968695
LINK_USDT,2024-06-01T00:00:00Z,2024-06-01T08:00:00Z,2024-06-02T08:00:00Z,2024,2024-05-27T00:00:00Z,-0.10827588090615964,-9.183852111582175,-6.835327208954323,-6.9410470262960775,-6.822879707584203
ETH_USDT,2024-06-02T00:00:00Z,2024-06-02T08:00:00Z,2024-06-03T08:00:00Z,2024,2024-05-27T00:00:00Z,-0.8911911844861142,-9.039360825012054,-8.369340181657977,-8.3303548057,-8.291589110645958
SOL_USDT,2024-06-02T00:00:00Z,2024-06-02T08:00:00Z,2024-06-03T08:00:00Z,2024,2024-05-27T00:00:00Z,-1.1792265295669335,-8.006786130488228,-7.763654440004945,-7.924639367399627,-7.748484245856515
LINK_USDT,2024-06-02T00:00:00Z,2024-06-02T08:00:00Z,2024-06-03T08:00:00Z,2024,2024-05-27T00:00:00Z,-0.8509234119097072,-8.893576191745458,-7.186710653765248,-7.298978583783039,-7.202661050430642
ETH_USDT,2024-06-03T00:00:00Z,2024-06-03T08:00:00Z,2024-06-04T08:00:00Z,2024,2024-06-03T00:00:00Z,-0.4228344121178041,-9.246681106594393,-8.43019426710659,-8.236423378937054,-8.450949949385679
SOL_USDT,2024-06-03T00:00:00Z,2024-06-03T08:00:00Z,2024-06-04T08:00:00Z,2024,2024-06-03T00:00:00Z,-0.7280433503416065,-11.158352556599771,-7.740287092359404,-7.810264194734432,-7.846622266817296
LINK_USDT,2024-06-03T00:00:00Z,2024-06-03T08:00:00Z,2024-06-04T08:00:00Z,2024,2024-06-03T00:00:00Z,-0.7822661693319981,-7.7556699382372845,-7.206790128244141,-7.331297820720052,-7.327669671257062
ETH_USDT,2024-06-04T00:00:00Z,2024-06-04T08:00:00Z,2024-06-05T08:00:00Z,2024,2024-06-03T00:00:00Z,-0.26280882473651096,-9.319159640193387,-8.518699456386553,-8.326928275618725,-8.436213838332144
SOL_USDT,2024-06-04T00:00:00Z,2024-06-04T08:00:00Z,2024-06-05T08:00:00Z,2024,2024-06-03T00:00:00Z,-0.37120212040183537,-7.055219147203326,-7.893191506250335,-7.820603920478202,-7.904989151848215
LINK_USDT,2024-06-04T00:00:00Z,2024-06-04T08:00:00Z,2024-06-05T08:00:00Z,2024,2024-06-03T00:00:00Z,-0.3377675616004834,-8.269928611866023,-7.281321591644232,-7.302947695773281,-7.360163450194485
ETH_USDT,2024-06-05T00:00:00Z,2024-06-05T08:00:00Z,2024-06-06T08:00:00Z,2024,2024-06-03T00:00:00Z,-0.3403078838297525,-8.515616335462644,-8.636228692104401,-8.41561142652547,-8.518059692000483
SOL_USDT,2024-06-05T00:00:00Z,2024-06-05T08:00:00Z,2024-06-06T08:00:00Z,2024,2024-06-03T00:00:00Z,-0.46640961014586957,-8.915865403841359,-7.740811128108142,-7.802205305999038,-7.7017185179907575
LINK_USDT,2024-06-05T00:00:00Z,2024-06-05T08:00:00Z,2024-06-06T08:00:00Z,2024,2024-06-03T00:00:00Z,-0.6258513405617026,-7.881263842733839,-7.636928279400928,-7.603598767543086,-7.620994886540256
ETH_USDT,2024-06-06T00:00:00Z,2024-06-06T08:00:00Z,2024-06-07T08:00:00Z,2024,2024-06-03T00:00:00Z,-0.16414412901348066,-9.54174937106134,-8.623654806855487,-8.370549087566424,-8.515876787991301
SOL_USDT,2024-06-06T00:00:00Z,2024-06-06T08:00:00Z,2024-06-07T08:00:00Z,2024,2024-06-03T00:00:00Z,-0.23292448447450576,-7.830117674778231,-7.932678127769663,-7.794749828337748,-7.903672199237316
LINK_USDT,2024-06-06T00:00:00Z,2024-06-06T08:00:00Z,2024-06-07T08:00:00Z,2024,2024-06-03T00:00:00Z,-0.4386168312305634,-7.926571850322543,-7.613433918755177,-7.584312814778462,-7.627791617544502
ETH_USDT,2024-06-07T00:00:00Z,2024-06-07T08:00:00Z,2024-06-08T08:00:00Z,2024,2024-06-03T00:00:00Z,-0.3037517983314544,-6.76158265109605,-8.913701742713814,-8.604959323802136,-8.74686168928531
SOL_USDT,2024-06-07T00:00:00Z,2024-06-07T08:00:00Z,2024-06-08T08:00:00Z,2024,2024-06-03T00:00:00Z,-0.41414452733113954,-6.083968744697969,-8.036772141857211,-7.971516482724257,-7.9560035547833134
LINK_USDT,2024-06-07T00:00:00Z,2024-06-07T08:00:00Z,2024-06-08T08:00:00Z,2024,2024-06-03T00:00:00Z,-0.1944577222081767,-5.171101094670311,-7.617515075638572,-7.499595320385923,-7.605787498991
ETH_USDT,2024-06-08T00:00:00Z,2024-06-08T08:00:00Z,2024-06-09T08:00:00Z,2024,2024-06-03T00:00:00Z,0.0786046604456849,-10.221430604870838,-8.192050093634073,-8.044065665548091,-8.12179951460696
SOL_USDT,2024-06-08T00:00:00Z,2024-06-08T08:00:00Z,2024-06-09T08:00:00Z,2024,2024-06-03T00:00:00Z,0.06658132988894191,-7.232535563963512,-7.4117937300239145,-7.414273440325938,-7.4195402443786245
LINK_USDT,2024-06-08T00:00:00Z,2024-06-08T08:00:00Z,2024-06-09T08:00:00Z,2024,2024-06-03T00:00:00Z,0.10772874051615274,-7.351348301731857,-6.982258090422965,-7.021458209299499,-6.976521092028125
ETH_USDT,2024-06-09T00:00:00Z,2024-06-09T08:00:00Z,2024-06-10T08:00:00Z,2024,2024-06-03T00:00:00Z,-0.8763742860126975,-8.20281472220851,-8.46114793676184,-8.453265286727461,-8.323197380821743
SOL_USDT,2024-06-09T00:00:00Z,2024-06-09T08:00:00Z,2024-06-10T08:00:00Z,2024,2024-06-03T00:00:00Z,-0.6248064290484151,-6.843277603170827,-7.5126562689711855,-7.6651694442133955,-7.45744446432071
LINK_USDT,2024-06-09T00:00:00Z,2024-06-09T08:00:00Z,2024-06-10T08:00:00Z,2024,2024-06-03T00:00:00Z,-0.7206322868992485,-6.381066408888015,-7.230391186078632,-7.37496585949963,-7.176098002083807
ETH_USDT,2024-06-10T00:00:00Z,2024-06-10T08:00:00Z,2024-06-11T08:00:00Z,2024,2024-06-10T00:00:00Z,-1.1655633283586246,-6.389065169678451,-8.665760864286762,-8.650700651969386,-8.678177097844243
SOL_USDT,2024-06-10T00:00:00Z,2024-06-10T08:00:00Z,2024-06-11T08:00:00Z,2024,2024-06-10T00:00:00Z,-0.8175459512974932,-5.944425694629577,-7.606264655587208,-7.785578842831285,-7.667825515800857
LINK_USDT,2024-06-10T00:00:00Z,2024-06-10T08:00:00Z,2024-06-11T08:00:00Z,2024,2024-06-10T00:00:00Z,-1.2611918961667354,-6.547716522346891,-7.22662245679046,-7.57580472469382,-7.312127313772086
ETH_USDT,2024-06-11T00:00:00Z,2024-06-11T08:00:00Z,2024-06-12T08:00:00Z,2024,2024-06-10T00:00:00Z,-0.7615297048085508,-7.021177680693225,-8.180635139242465,-8.308754121277225,-8.262497739804264
SOL_USDT,2024-06-11T00:00:00Z,2024-06-11T08:00:00Z,2024-06-12T08:00:00Z,2024,2024-06-10T00:00:00Z,-0.6196623926340941,-6.298462123244272,-7.200518884325385,-7.4958592882130874,-7.316699400342356
LINK_USDT,2024-06-11T00:00:00Z,2024-06-11T08:00:00Z,2024-06-12T08:00:00Z,2024,2024-06-10T00:00:00Z,-0.792382457055638,-6.16971116614037,-6.977194079840075,-7.281555237403013,-7.160140137003389
ETH_USDT,2024-06-12T00:00:00Z,2024-06-12T08:00:00Z,2024-06-13T08:00:00Z,2024,2024-06-10T00:00:00Z,0.19384920829158594,-6.774721689006649,-7.686346326192009,-7.639427672915769,-7.752328449338163
SOL_USDT,2024-06-12T00:00:00Z,2024-06-12T08:00:00Z,2024-06-13T08:00:00Z,2024,2024-06-10T00:00:00Z,0.028315297127782156,-5.804539579580042,-7.008672135196619,-7.120239433140528,-7.10463392766066
LINK_USDT,2024-06-12T00:00:00Z,2024-06-12T08:00:00Z,2024-06-13T08:00:00Z,2024,2024-06-10T00:00:00Z,-0.189698912067324,-5.6464168959340215,-6.8359160877652085,-6.965052863756268,-6.952219666966315
ETH_USDT,2024-06-13T00:00:00Z,2024-06-13T08:00:00Z,2024-06-14T08:00:00Z,2024,2024-06-10T00:00:00Z,0.07539784993390779,-7.409560323360403,-7.691616284723379,-7.644017546825501,-7.617842544418144
SOL_USDT,2024-06-13T00:00:00Z,2024-06-13T08:00:00Z,2024-06-14T08:00:00Z,2024,2024-06-10T00:00:00Z,0.11211976787938761,-6.694671731972602,-6.874398429491716,-6.969544416304735,-6.883179214912345
LINK_USDT,2024-06-13T00:00:00Z,2024-06-13T08:00:00Z,2024-06-14T08:00:00Z,2024,2024-06-10T00:00:00Z,-0.15388342486533269,-6.9679365700867875,-6.7151355959010735,-6.8552258554310495,-6.746508794044195
ETH_USDT,2024-06-14T00:00:00Z,2024-06-14T08:00:00Z,2024-06-15T08:00:00Z,2024,2024-06-10T00:00:00Z,-0.21052394770216118,-7.687675777994171,-7.697517094768527,-7.715085185497669,-7.649789620899676
SOL_USDT,2024-06-14T00:00:00Z,2024-06-14T08:00:00Z,2024-06-15T08:00:00Z,2024,2024-06-10T00:00:00Z,-0.32305639054297597,-7.199138021569583,-6.888110247926647,-7.091397478282288,-6.889740376193836
LINK_USDT,2024-06-14T00:00:00Z,2024-06-14T08:00:00Z,2024-06-15T08:00:00Z,2024,2024-06-10T00:00:00Z,-0.6038935049385568,-6.6180300224798385,-6.7432748811548135,-6.996956068247367,-6.772949693563645
ETH_USDT,2024-06-15T00:00:00Z,2024-06-15T08:00:00Z,2024-06-16T08:00:00Z,2024,2024-06-10T00:00:00Z,-0.14435579635513376,-9.129685347830229,-7.808261712746782,-7.747482492016453,-7.79596098620813
SOL_USDT,2024-06-15T00:00:00Z,2024-06-15T08:00:00Z,2024-06-16T08:00:00Z,2024,2024-06-10T00:00:00Z,-0.12495939946629778,-8.797149473811832,-7.073772953262665,-7.130831601575882,-7.136702749842623
LINK_USDT,2024-06-15T00:00:00Z,2024-06-15T08:00:00Z,2024-06-16T08:00:00Z,2024,2024-06-10T00:00:00Z,-0.38093821796490585,-9.39284220999888,-6.9606840033044115,-7.054503402693501,-7.03406563333211
ETH_USDT,2024-06-16T00:00:00Z,2024-06-16T08:00:00Z,2024-06-17T08:00:00Z,2024,2024-06-10T00:00:00Z,-0.3918958668331576,-7.50383806553767,-7.858339553723747,-7.836986934759541,-7.840694550202916
SOL_USDT,2024-06-16T00:00:00Z,2024-06-16T08:00:00Z,2024-06-17T08:00:00Z,2024,2024-06-10T00:00:00Z,-0.9542017221634885,-6.169582255541303,-7.3035519508423805,-7.508803194834022,-7.32988071969594
LINK_USDT,2024-06-16T00:00:00Z,2024-06-16T08:00:00Z,2024-06-17T08:00:00Z,2024,2024-06-10T00:00:00Z,-0.9798487068974229,-6.896780251966047,-7.158782793724232,-7.417239387967218,-7.213638299788439
ETH_USDT,2024-06-17T00:00:00Z,2024-06-17T08:00:00Z,2024-06-18T08:00:00Z,2024,2024-06-17T00:00:00Z,-0.862327017463473,-7.353483015630745,-7.91541652485051,-8.041142870379566,-7.933815536751099
SOL_USDT,2024-06-17T00:00:00Z,2024-06-17T08:00:00Z,2024-06-18T08:00:00Z,2024,2024-06-17T00:00:00Z,-0.8579125052703755,-5.571003846671437,-7.049006984257106,-7.410008749498757,-7.210957783049119
LINK_USDT,2024-06-17T00:00:00Z,2024-06-17T08:00:00Z,2024-06-18T08:00:00Z,2024,2024-06-17T00:00:00Z,-0.9373501033617253,-5.389903012714272,-7.170679201688852,-7.4397149483573095,-7.314930801453941
ETH_USDT,2024-06-18T00:00:00Z,2024-06-18T08:00:00Z,2024-06-19T08:00:00Z,2024,2024-06-17T00:00:00Z,-0.08087005926130872,-7.37011762785434,-7.73255609444786,-7.710311785809665,-7.818919003065891
SOL_USDT,2024-06-18T00:00:00Z,2024-06-18T08:00:00Z,2024-06-19T08:00:00Z,2024,2024-06-17T00:00:00Z,0.0076739893779012944,-7.653035819573254,-6.907853404170847,-7.037336969673933,-7.0512306877292765
LINK_USDT,2024-06-18T00:00:00Z,2024-06-18T08:00:00Z,2024-06-19T08:00:00Z,2024,2024-06-17T00:00:00Z,-0.2794337568686705,-6.2853190004735175,-6.979290998317836,-7.142730183364836,-7.113945313537576
ETH_USDT,2024-06-19T00:00:00Z,2024-06-19T08:00:00Z,2024-06-20T08:00:00Z,2024,2024-06-17T00:00:00Z,0.15119971831040363,-8.216519275956795,-7.8703378999747535,-7.739584836973379,-7.8272280773819976
SOL_USDT,2024-06-19T00:00:00Z,2024-06-19T08:00:00Z,2024-06-20T08:00:00Z,2024,2024-06-17T00:00:00Z,0.5709196579569873,-7.243353333957199,-6.934697565458134,-6.846752872828064,-6.949650017701548
LINK_USDT,2024-06-19T00:00:00Z,2024-06-19T08:00:00Z,2024-06-20T08:00:00Z,2024,2024-06-17T00:00:00Z,0.286120439240148,-6.8686483082527365,-6.816944170881188,-6.830646984245902,-6.863741145806883
ETH_USDT,2024-06-20T00:00:00Z,2024-06-20T08:00:00Z,2024-06-21T08:00:00Z,2024,2024-06-17T00:00:00Z,-0.1102882870718773,-6.977539201097884,-8.245118184966806,-8.304407343177028,-8.227211361970848
SOL_USDT,2024-06-20T00:00:00Z,2024-06-20T08:00:00Z,2024-06-21T08:00:00Z,2024,2024-06-17T00:00:00Z,0.00344087619480784,-6.811667129810465,-7.14990350281599,-7.1654981111243,-7.080403773899028
LINK_USDT,2024-06-20T00:00:00Z,2024-06-20T08:00:00Z,2024-06-21T08:00:00Z,2024,2024-06-17T00:00:00Z,-0.6123968824223535,-7.131102313523702,-7.035455982015453,-7.239187716516198,-6.996340140358241
ETH_USDT,2024-06-21T00:00:00Z,2024-06-21T08:00:00Z,2024-06-22T08:00:00Z,2024,2024-06-17T00:00:00Z,-0.019411791258722118,-8.958026743897198,-8.092629898663064,-8.222197041097434,-8.117825948386903
SOL_USDT,2024-06-21T00:00:00Z,2024-06-21T08:00:00Z,2024-06-22T08:00:00Z,2024,2024-06-17T00:00:00Z,0.0035427707189920016,-7.454578959941939,-7.16859183295393,-7.213679027518175,-7.171812520590689
LINK_USDT,2024-06-21T00:00:00Z,2024-06-21T08:00:00Z,2024-06-22T08:00:00Z,2024,2024-06-17T00:00:00Z,-0.640741711626574,-6.777696451849967,-7.005150141237677,-7.261387443906856,-7.086138780595139
ETH_USDT,2024-06-22T00:00:00Z,2024-06-22T08:00:00Z,2024-06-23T08:00:00Z,2024,2024-06-17T00:00:00Z,0.031732484147573264,-10.098647040288917,-8.29452735319563,-8.278948284399021,-8.298558997603456
SOL_USDT,2024-06-22T00:00:00Z,2024-06-22T08:00:00Z,2024-06-23T08:00:00Z,2024,2024-06-17T00:00:00Z,-0.07850461618843856,-9.260378676596465,-7.181785274021042,-7.23560024465751,-7.186058255105449
LINK_USDT,2024-06-22T00:00:00Z,2024-06-22T08:00:00Z,2024-06-23T08:00:00Z,2024,2024-06-17T00:00:00Z,-0.15755779521518448,-7.544195836829178,-7.040234557608097,-7.091554518118091,-7.124132394337156
ETH_USDT,2024-06-23T00:00:00Z,2024-06-23T08:00:00Z,2024-06-24T08:00:00Z,2024,2024-06-17T00:00:00Z,-0.933935374348436,-7.431898679264062,-8.452847432462761,-8.681947302683072,-8.445520689681507
SOL_USDT,2024-06-23T00:00:00Z,2024-06-23T08:00:00Z,2024-06-24T08:00:00Z,2024,2024-06-17T00:00:00Z,-0.8390859560853691,-6.321325170624718,-7.517352580580862,-7.616978753196304,-7.527156905796631
LINK_USDT,2024-06-23T00:00:00Z,2024-06-23T08:00:00Z,2024-06-24T08:00:00Z,2024,2024-06-17T00:00:00Z,-0.949573486736829,-7.181867625001069,-7.1572837598632,-7.4083086644604474,-7.1754103390571995
ETH_USDT,2024-06-24T00:00:00Z,2024-06-24T08:00:00Z,2024-06-25T08:00:00Z,2024,2024-06-24T00:00:00Z,-0.7580234977919132,-6.727134250848602,-8.24646661614831,-8.568348707018012,-8.385036688889759
SOL_USDT,2024-06-24T00:00:00Z,2024-06-24T08:00:00Z,2024-06-25T08:00:00Z,2024,2024-06-24T00:00:00Z,-0.749091156773726,-5.956480692544531,-7.188380980257411,-7.517628234792335,-7.317643329774818
LINK_USDT,2024-06-24T00:00:00Z,2024-06-24T08:00:00Z,2024-06-25T08:00:00Z,2024,2024-06-24T00:00:00Z,-0.8465186350253975,-6.456585094608029,-7.074766691721721,-7.354781415894812,-7.205858471695598
ETH_USDT,2024-06-25T00:00:00Z,2024-06-25T08:00:00Z,2024-06-26T08:00:00Z,2024,2024-06-24T00:00:00Z,0.5648340145533458,-7.9422880116270695,-7.992105178115184,-7.956667050681125,-8.11522262059038
SOL_USDT,2024-06-25T00:00:00Z,2024-06-25T08:00:00Z,2024-06-26T08:00:00Z,2024,2024-06-24T00:00:00Z,0.5080775570846744,-6.402994244653044,-7.037594561643057,-6.998180832406552,-7.152674218808714
LINK_USDT,2024-06-25T00:00:00Z,2024-06-25T08:00:00Z,2024-06-26T08:00:00Z,2024,2024-06-24T00:00:00Z,0.08200374112433394,-8.151382645258767,-7.026904049913926,-7.0281397535131,-7.138697725148119
ETH_USDT,2024-06-26T00:00:00Z,2024-06-26T08:00:00Z,2024-06-27T08:00:00Z,2024,2024-06-24T00:00:00Z,-0.22393785559654317,-8.804936916169382,-8.171191482952146,-8.290995189136412,-8.101876315618105
SOL_USDT,2024-06-26T00:00:00Z,2024-06-26T08:00:00Z,2024-06-27T08:00:00Z,2024,2024-06-24T00:00:00Z,0.23135401030619845,-9.176780603764842,-7.0943059917601285,-7.096403543544419,-7.029035351957367
LINK_USDT,2024-06-26T00:00:00Z,2024-06-26T08:00:00Z,2024-06-27T08:00:00Z,2024,2024-06-24T00:00:00Z,-0.40015735429856464,-7.2268992466960915,-7.289564721372651,-7.358221861299619,-7.244813803527353
ETH_USDT,2024-06-27T00:00:00Z,2024-06-27T08:00:00Z,2024-06-28T08:00:00Z,2024,2024-06-24T00:00:00Z,-0.350804353246731,-7.507905560149625,-8.30558158535829,-8.401481236693485,-8.34052274542659
SOL_USDT,2024-06-27T00:00:00Z,2024-06-27T08:00:00Z,2024-06-28T08:00:00Z,2024,2024-06-24T00:00:00Z,-0.20419913833391437,-4.8239213631293225,-7.403583543016395,-7.37084678034591,-7.365571385523787
LINK_USDT,2024-06-27T00:00:00Z,2024-06-27T08:00:00Z,2024-06-28T08:00:00Z,2024,2024-06-24T00:00:00Z,-0.716756694389327,-6.348076827007307,-7.418897716489876,-7.55499670840081,-7.437525960192029
ETH_USDT,2024-06-28T00:00:00Z,2024-06-28T08:00:00Z,2024-06-29T08:00:00Z,2024,2024-06-24T00:00:00Z,-0.3350083665623547,-8.74909920148569,-8.23571855963267,-8.395745994304924,-8.279441423975491
SOL_USDT,2024-06-28T00:00:00Z,2024-06-28T08:00:00Z,2024-06-29T08:00:00Z,2024,2024-06-24T00:00:00Z,0.4206628192098999,-6.986208399937734,-6.717306143304031,-6.751650384940543,-6.772571249643546
LINK_USDT,2024-06-28T00:00:00Z,2024-06-28T08:00:00Z,2024-06-29T08:00:00Z,2024,2024-06-24T00:00:00Z,-0.08848075398933646,-6.177187908116881,-7.239493797522288,-7.273002510850436,-7.307012751468691
ETH_USDT,2024-06-29T00:00:00Z,2024-06-29T08:00:00Z,2024-06-30T08:00:00Z,2024,2024-06-24T00:00:00Z,-0.21978843498133468,-10.024515730226575,-8.367042782929508,-8.406936091779691,-8.405317342946878
SOL_USDT,2024-06-29T00:00:00Z,2024-06-29T08:00:00Z,2024-06-30T08:00:00Z,2024,2024-06-24T00:00:00Z,0.12934338896506922,-8.063593165265312,-6.839946584878227,-6.871559053597091,-6.809645780750486
LINK_USDT,2024-06-29T00:00:00Z,2024-06-29T08:00:00Z,2024-06-30T08:00:00Z,2024,2024-06-24T00:00:00Z,-0.20594174853330782,-7.389448747455112,-7.156405097034776,-7.250623956777621,-7.149843184546128
ETH_USDT,2024-06-30T00:00:00Z,2024-06-30T08:00:00Z,2024-07-01T08:00:00Z,2024,2024-06-24T00:00:00Z,-1.1226983053870654,-7.935912892060227,-8.477631970269112,-8.757540589398056,-8.49979301591584
SOL_USDT,2024-06-30T00:00:00Z,2024-06-30T08:00:00Z,2024-07-01T08:00:00Z,2024,2024-06-24T00:00:00Z,-0.6784243990970575,-6.907378886064697,-6.948806001107919,-7.17741524499363,-6.95694481044675
LINK_USDT,2024-06-30T00:00:00Z,2024-06-30T08:00:00Z,2024-07-01T08:00:00Z,2024,2024-06-24T00:00:00Z,-0.5911697668859908,-6.330007167655225,-7.249787530604666,-7.398669790802241,-7.258059451853203
ETH_USDT,2024-07-01T00:00:00Z,2024-07-01T08:00:00Z,2024-07-02T08:00:00Z,2024,2024-07-01T00:00:00Z,-0.6294526319726539,-9.12380538529425,-8.411579504538683,-8.594965915795392,-8.549596540262629
SOL_USDT,2024-07-01T00:00:00Z,2024-07-01T08:00:00Z,2024-07-02T08:00:00Z,2024,2024-07-01T00:00:00Z,-0.3088783753319291,-8.60462027583482,-6.8916892721576515,-7.042977404434558,-7.005417490566376
LINK_USDT,2024-07-01T00:00:00Z,2024-07-01T08:00:00Z,2024-07-02T08:00:00Z,2024,2024-07-01T00:00:00Z,-0.45664981464568166,-8.333547892469594,-7.0963899675122475,-7.2915791953479925,-7.166198579431326
ETH_USDT,2024-07-02T00:00:00Z,2024-07-02T08:00:00Z,2024-07-03T08:00:00Z,2024,2024-07-01T00:00:00Z,-0.15736002803225826,-7.6710341288807795,-8.548241232849522,-8.559340665922884,-8.592511252612601
SOL_USDT,2024-07-02T00:00:00Z,2024-07-02T08:00:00Z,2024-07-03T08:00:00Z,2024,2024-07-01T00:00:00Z,-0.19945762825268568,-5.519019793959785,-7.099992914590378,-7.101909830352916,-7.150537894520032
LINK_USDT,2024-07-02T00:00:00Z,2024-07-02T08:00:00Z,2024-07-03T08:00:00Z,2024,2024-07-01T00:00:00Z,-0.35118242816512635,-9.955755126447924,-7.505545790816132,-7.4147335363055005,-7.540405540987739
ETH_USDT,2024-07-03T00:00:00Z,2024-07-03T08:00:00Z,2024-07-04T08:00:00Z,2024,2024-07-01T00:00:00Z,-0.6437176677700692,-6.544491190524894,-8.824801603380806,-8.8637210142499,-8.786278379936206
SOL_USDT,2024-07-03T00:00:00Z,2024-07-03T08:00:00Z,2024-07-04T08:00:00Z,2024,2024-07-01T00:00:00Z,0.0013797848833780374,-5.710976214528648,-6.946669209692167,-6.987932115870574,-6.983725962669604
LINK_USDT,2024-07-03T00:00:00Z,2024-07-03T08:00:00Z,2024-07-04T08:00:00Z,2024,2024-07-01T00:00:00Z,-0.14143384771225614,-5.436484495664846,-7.382956362905657,-7.31345189915014,-7.40437199093994
ETH_USDT,2024-07-04T00:00:00Z,2024-07-04T08:00:00Z,2024-07-05T08:00:00Z,2024,2024-07-01T00:00:00Z,0.1313301642777004,-5.42359877834266,-8.424447718918586,-8.406650441428999,-8.475994220469445
SOL_USDT,2024-07-04T00:00:00Z,2024-07-04T08:00:00Z,2024-07-05T08:00:00Z,2024,2024-07-01T00:00:00Z,0.35820944760873447,-5.679061476375407,-6.710285042954513,-6.718199730101077,-6.7322081380222745
LINK_USDT,2024-07-04T00:00:00Z,2024-07-04T08:00:00Z,2024-07-05T08:00:00Z,2024,2024-07-01T00:00:00Z,0.3270975696860896,-4.686803417216979,-6.966206185438428,-6.938768139790179,-6.981488919941848
ETH_USDT,2024-07-05T00:00:00Z,2024-07-05T08:00:00Z,2024-07-06T08:00:00Z,2024,2024-07-01T00:00:00Z,0.4340800118547801,-6.542745101713954,-8.006009922179492,-8.007853374880433,-7.98301369286832
SOL_USDT,2024-07-05T00:00:00Z,2024-07-05T08:00:00Z,2024-07-06T08:00:00Z,2024,2024-07-01T00:00:00Z,0.4773150863353811,-5.440978587831123,-6.688892320085291,-6.669318756381001,-6.646984281444472
LINK_USDT,2024-07-05T00:00:00Z,2024-07-05T08:00:00Z,2024-07-06T08:00:00Z,2024,2024-07-01T00:00:00Z,0.4839190442611321,-5.329683524012603,-6.90944072798637,-6.831324718930287,-6.860284461136521
ETH_USDT,2024-07-06T00:00:00Z,2024-07-06T08:00:00Z,2024-07-07T08:00:00Z,2024,2024-07-01T00:00:00Z,0.9849712364717927,-7.2856243184729355,-7.465556885273402,-7.382488476828663,-7.442286363772127
SOL_USDT,2024-07-06T00:00:00Z,2024-07-06T08:00:00Z,2024-07-07T08:00:00Z,2024,2024-07-01T00:00:00Z,0.7803098993578367,-6.15793125477609,-6.623574716963779,-6.490607985168824,-6.568326198190298
LINK_USDT,2024-07-06T00:00:00Z,2024-07-06T08:00:00Z,2024-07-07T08:00:00Z,2024,2024-07-01T00:00:00Z,0.8996035371722749,-5.9420626927204765,-6.4303487225044105,-6.334568362509934,-6.389146881436754
ETH_USDT,2024-07-07T00:00:00Z,2024-07-07T08:00:00Z,2024-07-08T08:00:00Z,2024,2024-07-01T00:00:00Z,-0.39904793376609393,-8.076678501639373,-7.743283843414638,-7.927404497174967,-7.635637560345543
SOL_USDT,2024-07-07T00:00:00Z,2024-07-07T08:00:00Z,2024-07-08T08:00:00Z,2024,2024-07-01T00:00:00Z,-0.12414689914382898,-6.263024759386788,-6.687767830787254,-6.784415973801422,-6.591051566065097
LINK_USDT,2024-07-07T00:00:00Z,2024-07-07T08:00:00Z,2024-07-08T08:00:00Z,2024,2024-07-01T00:00:00Z,-0.4600381250045623,-6.965966597599079,-6.602386410683637,-6.826148064119053,-6.499446134792688
ETH_USDT,2024-07-08T00:00:00Z,2024-07-08T08:00:00Z,2024-07-09T08:00:00Z,2024,2024-07-08T00:00:00Z,-0.5572823598084304,-7.292330252510341,-7.628261596466323,-7.940408089051017,-7.728361330085017
SOL_USDT,2024-07-08T00:00:00Z,2024-07-08T08:00:00Z,2024-07-09T08:00:00Z,2024,2024-07-08T00:00:00Z,-0.22503199693956896,-6.297506508656134,-6.594318636078219,-6.7707374670272475,-6.6353578232093025
LINK_USDT,2024-07-08T00:00:00Z,2024-07-08T08:00:00Z,2024-07-09T08:00:00Z,2024,2024-07-08T00:00:00Z,-0.5482200732287089,-6.906637333212215,-6.638811518457102,-6.89791059950339,-6.735481999124211
ETH_USDT,2024-07-09T00:00:00Z,2024-07-09T08:00:00Z,2024-07-10T08:00:00Z,2024,2024-07-08T00:00:00Z,0.4242042851710738,-9.197063757768833,-7.667409522498672,-7.5928925768456,-7.789604702042419
SOL_USDT,2024-07-09T00:00:00Z,2024-07-09T08:00:00Z,2024-07-10T08:00:00Z,2024,2024-07-08T00:00:00Z,0.5164312517568942,-7.526288422654407,-6.618323789761318,-6.492621123882671,-6.676619994245332
LINK_USDT,2024-07-09T00:00:00Z,2024-07-09T08:00:00Z,2024-07-10T08:00:00Z,2024,2024-07-08T00:00:00Z,0.3015078538478685,-8.833700939703993,-6.6486521737953,-6.582831788861243,-6.760673269757211
ETH_USDT,2024-07-10T00:00:00Z,2024-07-10T08:00:00Z,2024-07-11T08:00:00Z,2024,2024-07-08T00:00:00Z,-0.13771132711531398,-8.822614196043618,-7.752410540384943,-7.8085278572478085,-7.7311406669118945
SOL_USDT,2024-07-10T00:00:00Z,2024-07-10T08:00:00Z,2024-07-11T08:00:00Z,2024,2024-07-08T00:00:00Z,0.008730087388612617,-7.6573670604289354,-6.778415505315437,-6.728880498940805,-6.722572045419247
LINK_USDT,2024-07-10T00:00:00Z,2024-07-10T08:00:00Z,2024-07-11T08:00:00Z,2024,2024-07-08T00:00:00Z,0.03875319938255427,-9.045029229006001,-6.834516165570149,-6.733752364034111,-6.8189918481771326
ETH_USDT,2024-07-11T00:00:00Z,2024-07-11T08:00:00Z,2024-07-12T08:00:00Z,2024,2024-07-08T00:00:00Z,-0.16889054821934057,-9.087640177284536,-7.763144506389917,-7.850122140427126,-7.821508519710351
SOL_USDT,2024-07-11T00:00:00Z,2024-07-11T08:00:00Z,2024-07-12T08:00:00Z,2024,2024-07-08T00:00:00Z,-0.20955694009797546,-6.836799242428293,-6.7748665991335475,-6.8549393819492845,-6.783764212764347
LINK_USDT,2024-07-11T00:00:00Z,2024-07-11T08:00:00Z,2024-07-12T08:00:00Z,2024,2024-07-08T00:00:00Z,-0.23469497541782405,-6.903882434208447,-6.890910712056671,-6.901857354632779,-6.904677547458258
ETH_USDT,2024-07-12T00:00:00Z,2024-07-12T08:00:00Z,2024-07-13T08:00:00Z,2024,2024-07-08T00:00:00Z,-0.07300756355177639,-7.910065057532673,-8.037325339674087,-7.990239562763981,-8.08783752895469
SOL_USDT,2024-07-12T00:00:00Z,2024-07-12T08:00:00Z,2024-07-13T08:00:00Z,2024,2024-07-08T00:00:00Z,-0.0039104406943065995,-7.3400927743028515,-6.902475566051832,-6.89178511599166,-6.926923517315686
LINK_USDT,2024-07-12T00:00:00Z,2024-07-12T08:00:00Z,2024-07-13T08:00:00Z,2024,2024-07-08T00:00:00Z,-0.005211391673149081,-7.091918571615191,-6.809104573454372,-6.821639813189365,-6.865069519173886
ETH_USDT,2024-07-13T00:00:00Z,2024-07-13T08:00:00Z,2024-07-14T08:00:00Z,2024,2024-07-08T00:00:00Z,-0.49521477183021584,-9.177058124728697,-8.285190046070035,-8.438202424878298,-8.254841388555878
SOL_USDT,2024-07-13T00:00:00Z,2024-07-13T08:00:00Z,2024-07-14T08:00:00Z,2024,2024-07-08T00:00:00Z,-0.14533960844110205,-7.467432950745637,-7.0979269551867405,-7.087913139205501,-7.068964819954805
LINK_USDT,2024-07-13T00:00:00Z,2024-07-13T08:00:00Z,2024-07-14T08:00:00Z,2024,2024-07-08T00:00:00Z,0.0743653468346691,-10.08028901000652,-7.344600352238652,-7.197955699380648,-7.292522383712516
ETH_USDT,2024-07-14T00:00:00Z,2024-07-14T08:00:00Z,2024-07-15T08:00:00Z,2024,2024-07-08T00:00:00Z,-0.8983868286016263,-6.5595321557752975,-8.542810957109433,-8.695612728864099,-8.566187886757728
SOL_USDT,2024-07-14T00:00:00Z,2024-07-14T08:00:00Z,2024-07-15T08:00:00Z,2024,2024-07-08T00:00:00Z,-0.876971014056766,-6.453996763507885,-7.336857744569978,-7.468178470959666,-7.314360359090224
LINK_USDT,2024-07-14T00:00:00Z,2024-07-14T08:00:00Z,2024-07-15T08:00:00Z,2024,2024-07-08T00:00:00Z,-0.41775948956430226,-6.786995366407975,-7.454062913136638,-7.460514291221746,-7.375143951334493
ETH_USDT,2024-07-15T00:00:00Z,2024-07-15T08:00:00Z,2024-07-16T08:00:00Z,2024,2024-07-15T00:00:00Z,-0.5338293584707057,-6.15950713760577,-8.467657737228121,-8.588919392277605,-8.541852669334112
SOL_USDT,2024-07-15T00:00:00Z,2024-07-15T08:00:00Z,2024-07-16T08:00:00Z,2024,2024-07-15T00:00:00Z,-0.048833028380536665,-5.924947935994794,-7.338081609052957,-7.247830077390026,-7.407348196544074
LINK_USDT,2024-07-15T00:00:00Z,2024-07-15T08:00:00Z,2024-07-16T08:00:00Z,2024,2024-07-15T00:00:00Z,0.004270211314266454,-6.061536592497618,-7.593092408950752,-7.4258172587117635,-7.571761886945658
ETH_USDT,2024-07-16T00:00:00Z,2024-07-16T08:00:00Z,2024-07-17T08:00:00Z,2024,2024-07-15T00:00:00Z,0.15366094653930976,-6.834583635897352,-7.926620444538202,-8.005571092233906,-7.992015903550673
SOL_USDT,2024-07-16T00:00:00Z,2024-07-16T08:00:00Z,2024-07-17T08:00:00Z,2024,2024-07-15T00:00:00Z,0.1195391419306058,-6.374926605365509,-7.035892710118797,-7.031930208592352,-6.99778076791341
LINK_USDT,2024-07-16T00:00:00Z,2024-07-16T08:00:00Z,2024-07-17T08:00:00Z,2024,2024-07-15T00:00:00Z,0.18823496652320668,-6.470759897461708,-7.2961933111612325,-7.217474172301614,-7.228291181303698
ETH_USDT,2024-07-17T00:00:00Z,2024-07-17T08:00:00Z,2024-07-18T08:00:00Z,2024,2024-07-15T00:00:00Z,0.32208638533917977,-7.42142663704103,-7.758483244119459,-7.78523385916156,-7.741837655971304
SOL_USDT,2024-07-17T00:00:00Z,2024-07-17T08:00:00Z,2024-07-18T08:00:00Z,2024,2024-07-15T00:00:00Z,0.2681214810992124,-6.984892966818913,-6.916147122733008,-6.872349176418457,-6.87210828602943
LINK_USDT,2024-07-17T00:00:00Z,2024-07-17T08:00:00Z,2024-07-18T08:00:00Z,2024,2024-07-15T00:00:00Z,0.2437849999464076,-6.780378220247623,-7.107409894017481,-7.045137502039179,-7.039117469856364
ETH_USDT,2024-07-18T00:00:00Z,2024-07-18T08:00:00Z,2024-07-19T08:00:00Z,2024,2024-07-15T00:00:00Z,0.09935870866652137,-7.853718564674856,-7.883171216092484,-7.880446843740852,-7.845870863885278
SOL_USDT,2024-07-18T00:00:00Z,2024-07-18T08:00:00Z,2024-07-19T08:00:00Z,2024,2024-07-15T00:00:00Z,-0.06243504767660122,-7.228075974790748,-7.132645081235668,-7.064267599289104,-7.065824070302943
LINK_USDT,2024-07-18T00:00:00Z,2024-07-18T08:00:00Z,2024-07-19T08:00:00Z,2024,2024-07-15T00:00:00Z,-0.004190740618955315,-7.569155218393609,-7.147651290590529,-7.107758454561405,-7.082446503644924
ETH_USDT,2024-07-19T00:00:00Z,2024-07-19T08:00:00Z,2024-07-20T08:00:00Z,2024,2024-07-15T00:00:00Z,-0.09148274894631081,-7.415032299795783,-7.8700181256771495,-7.936898989623736,-7.867679145682837
SOL_USDT,2024-07-19T00:00:00Z,2024-07-19T08:00:00Z,2024-07-20T08:00:00Z,2024,2024-07-15T00:00:00Z,-0.1293453333124765,-6.208151471677121,-7.070730919139367,-7.07958395219588,-7.052355623170456
LINK_USDT,2024-07-19T00:00:00Z,2024-07-19T08:00:00Z,2024-07-20T08:00:00Z,2024,2024-07-15T00:00:00Z,-0.07071004665989973,-7.231834752617987,-7.256442067703125,-7.207802236623544,-7.224904042814098
ETH_USDT,2024-07-20T00:00:00Z,2024-07-20T08:00:00Z,2024-07-21T08:00:00Z,2024,2024-07-15T00:00:00Z,0.13662535033079798,-9.000360930703598,-7.798287599439206,-7.8289463702050925,-7.8243182436839325
SOL_USDT,2024-07-20T00:00:00Z,2024-07-20T08:00:00Z,2024-07-21T08:00:00Z,2024,2024-07-15T00:00:00Z,0.49069367279947773,-7.098388012623969,-6.898692845595128,-6.779901556932504,-6.900420806093994
LINK_USDT,2024-07-20T00:00:00Z,2024-07-20T08:00:00Z,2024-07-21T08:00:00Z,2024,2024-07-15T00:00:00Z,-0.005763115604389734,-7.602906236475988,-7.208963473279873,-7.172762714591048,-7.189743117747381
ETH_USDT,2024-07-21T00:00:00Z,2024-07-21T08:00:00Z,2024-07-22T08:00:00Z,2024,2024-07-15T00:00:00Z,-0.5340998172097787,-7.856159578696544,-8.101896664549527,-8.155476986809692,-8.094527137294309
SOL_USDT,2024-07-21T00:00:00Z,2024-07-21T08:00:00Z,2024-07-22T08:00:00Z,2024,2024-07-15T00:00:00Z,-0.29616928727370745,-5.4644656008841475,-7.03445904043899,-7.060396940848414,-6.95540554301324
LINK_USDT,2024-07-21T00:00:00Z,2024-07-21T08:00:00Z,2024-07-22T08:00:00Z,2024,2024-07-15T00:00:00Z,-0.4997280443511133,-5.771048318419632,-7.450916829459027,-7.4218075955040455,-7.419986481335056
ETH_USDT,2024-07-22T00:00:00Z,2024-07-22T08:00:00Z,2024-07-23T08:00:00Z,2024,2024-07-22T00:00:00Z,-0.12417367793846215,-9.375759758146778,-7.960829692578343,-7.986366161382497,-8.045594124797269
SOL_USDT,2024-07-22T00:00:00Z,2024-07-22T08:00:00Z,2024-07-23T08:00:00Z,2024,2024-07-22T00:00:00Z,0.3139103017122459,-7.9448188363143,-6.743146966921078,-6.709345724040676,-6.784540985409144
LINK_USDT,2024-07-22T00:00:00Z,2024-07-22T08:00:00Z,2024-07-23T08:00:00Z,2024,2024-07-22T00:00:00Z,0.3187873471895554,-7.926334382166191,-7.035295874515526,-6.961143813641371,-7.089941248068424
ETH_USDT,2024-07-23T00:00:00Z,2024-07-23T08:00:00Z,2024-07-24T08:00:00Z,2024,2024-07-22T00:00:00Z,-0.19486770520496052,-8.664015738611722,-8.073004941166467,-8.115477101837156,-8.078716780953606
SOL_USDT,2024-07-23T00:00:00Z,2024-07-23T08:00:00Z,2024-07-24T08:00:00Z,2024,2024-07-22T00:00:00Z,0.20145124247660992,-7.71724539916264,-6.9103545165200595,-6.830121468837991,-6.854012069297397
LINK_USDT,2024-07-23T00:00:00Z,2024-07-23T08:00:00Z,2024-07-24T08:00:00Z,2024,2024-07-22T00:00:00Z,-0.43837177431303037,-9.44408542828997,-7.075211314097372,-7.224624445581715,-7.011945215144147
ETH_USDT,2024-07-24T00:00:00Z,2024-07-24T08:00:00Z,2024-07-25T08:00:00Z,2024,2024-07-22T00:00:00Z,0.6342382685775073,-5.752279140936086,-8.463889663902515,-8.103785068249792,-8.438954954913918
SOL_USDT,2024-07-24T00:00:00Z,2024-07-24T08:00:00Z,2024-07-25T08:00:00Z,2024,2024-07-22T00:00:00Z,0.29531095322432155,-5.845878392351023,-7.063082854710787,-6.898548081599195,-7.006643763529759
LINK_USDT,2024-07-24T00:00:00Z,2024-07-24T08:00:00Z,2024-07-25T08:00:00Z,2024,2024-07-22T00:00:00Z,-0.6114379192766716,-6.484751465492767,-7.528077568105719,-7.519586547604049,-7.541878130859745
ETH_USDT,2024-07-25T00:00:00Z,2024-07-25T08:00:00Z,2024-07-26T08:00:00Z,2024,2024-07-22T00:00:00Z,0.05204103373541599,-7.19448915857713,-8.208898635963449,-8.185285957768718,-8.083809447965804
SOL_USDT,2024-07-25T00:00:00Z,2024-07-25T08:00:00Z,2024-07-26T08:00:00Z,2024,2024-07-22T00:00:00Z,0.29585216220005045,-7.022305068868231,-7.119514881521849,-6.9265751915018035,-7.053410917747403
LINK_USDT,2024-07-25T00:00:00Z,2024-07-25T08:00:00Z,2024-07-26T08:00:00Z,2024,2024-07-22T00:00:00Z,-0.7173999517569761,-6.468789488085214,-7.3560723562924855,-7.504028145887824,-7.396304015411012
ETH_USDT,2024-07-26T00:00:00Z,2024-07-26T08:00:00Z,2024-07-27T08:00:00Z,2024,2024-07-22T00:00:00Z,0.53971767041789,-10.177376137578042,-7.772462034285224,-7.725330543581501,-7.764057650733708
SOL_USDT,2024-07-26T00:00:00Z,2024-07-26T08:00:00Z,2024-07-27T08:00:00Z,2024,2024-07-22T00:00:00Z,0.47360811748322507,-6.899749963214153,-6.849461615225944,-6.741456537298235,-6.795374208875524
LINK_USDT,2024-07-26T00:00:00Z,2024-07-26T08:00:00Z,2024-07-27T08:00:00Z,2024,2024-07-22T00:00:00Z,-0.3619300772215496,-8.743692320558722,-7.2455798691482265,-7.339038677786335,-7.307815951541144
ETH_USDT,2024-07-27T00:00:00Z,2024-07-27T08:00:00Z,2024-07-28T08:00:00Z,2024,2024-07-22T00:00:00Z,-0.08706231588808498,-8.83115823294147,-7.945781179981771,-7.996054690603154,-7.859765935669698
SOL_USDT,2024-07-27T00:00:00Z,2024-07-27T08:00:00Z,2024-07-28T08:00:00Z,2024,2024-07-22T00:00:00Z,0.03646004350060321,-7.873358852342808,-6.9265733619889875,-6.917913696841609,-6.83977756165609
LINK_USDT,2024-07-27T00:00:00Z,2024-07-27T08:00:00Z,2024-07-28T08:00:00Z,2024,2024-07-22T00:00:00Z,-0.7953226371542069,-9.069070260037346,-7.186696642931258,-7.4374867943800815,-7.204250812492617
ETH_USDT,2024-07-28T00:00:00Z,2024-07-28T08:00:00Z,2024-07-29T08:00:00Z,2024,2024-07-22T00:00:00Z,-0.19869172753679448,-6.89875752998351,-8.135010450627549,-8.105799342903886,-8.13579119787335
SOL_USDT,2024-07-28T00:00:00Z,2024-07-28T08:00:00Z,2024-07-29T08:00:00Z,2024,2024-07-22T00:00:00Z,0.21070401641926687,-6.4528866849739375,-7.0531990060135925,-6.937281954092685,-7.03488355568256
LINK_USDT,2024-07-28T00:00:00Z,2024-07-28T08:00:00Z,2024-07-29T08:00:00Z,2024,2024-07-22T00:00:00Z,-0.5462557891322931,-6.231296397584133,-7.4587831470383295,-7.458194761920636,-7.533053091153018
ETH_USDT,2024-07-29T00:00:00Z,2024-07-29T08:00:00Z,2024-07-30T08:00:00Z,2024,2024-07-29T00:00:00Z,-0.9950772113178216,-7.9280890613925665,-8.073430412168264,-8.356665505800779,-8.093714609455708
SOL_USDT,2024-07-29T00:00:00Z,2024-07-29T08:00:00Z,2024-07-30T08:00:00Z,2024,2024-07-29T00:00:00Z,-0.3929239493790456,-6.590123370015159,-7.572903804646164,-7.383997109721511,-7.496563049744183
LINK_USDT,2024-07-29T00:00:00Z,2024-07-29T08:00:00Z,2024-07-30T08:00:00Z,2024,2024-07-29T00:00:00Z,-1.2660538648147976,-7.234497472235718,-7.581497394974647,-7.817969552684094,-7.603254954873824
ETH_USDT,2024-07-30T00:00:00Z,2024-07-30T08:00:00Z,2024-07-31T08:00:00Z,2024,2024-07-29T00:00:00Z,0.12546405902256,-8.013717382490611,-7.799897494583254,-7.848801500727646,-7.946243172722768
SOL_USDT,2024-07-30T00:00:00Z,2024-07-30T08:00:00Z,2024-07-31T08:00:00Z,2024,2024-07-29T00:00:00Z,0.34147853216128365,-7.35152610911455,-6.953173408043859,-6.898502794059374,-6.9891119775147725
LINK_USDT,2024-07-30T00:00:00Z,2024-07-30T08:00:00Z,2024-07-31T08:00:00Z,2024,2024-07-29T00:00:00Z,-0.4794826755094824,-6.684086459197224,-7.219652460550626,-7.415333672392186,-7.358999149194939
ETH_USDT,2024-07-31T00:00:00Z,2024-07-31T08:00:00Z,2024-08-01T08:00:00Z,2024,2024-07-29T00:00:00Z,-0.36457267109200175,-7.013843737002974,-7.957605805964224,-8.04036686200916,-7.940616018298693
SOL_USDT,2024-07-31T00:00:00Z,2024-07-31T08:00:00Z,2024-08-01T08:00:00Z,2024,2024-07-29T00:00:00Z,0.017526041729713296,-5.821174245593398,-7.284246975095006,-7.109198973365899,-7.204402588367552
LINK_USDT,2024-07-31T00:00:00Z,2024-07-31T08:00:00Z,2024-08-01T08:00:00Z,2024,2024-07-29T00:00:00Z,-0.6019002817262277,-7.2585539942558945,-7.236295049330648,-7.409944320943942,-7.273831907810363
ETH_USDT,2024-08-01T00:00:00Z,2024-08-01T08:00:00Z,2024-08-02T08:00:00Z,2024,2024-07-29T00:00:00Z,-0.2013293312136526,-6.641677723916868,-7.861693226805331,-7.969935056589149,-7.913594698929489
SOL_USDT,2024-08-01T00:00:00Z,2024-08-01T08:00:00Z,2024-08-02T08:00:00Z,2024,2024-07-29T00:00:00Z,0.047801567421669584,-5.7326079984456015,-6.8570317259672136,-6.914917221597834,-6.84566709024887
LINK_USDT,2024-08-01T00:00:00Z,2024-08-01T08:00:00Z,2024-08-02T08:00:00Z,2024,2024-07-29T00:00:00Z,-0.5277711557649933,-6.05410180332128,-7.236814712296137,-7.384456531859082,-7.289427476323736
ETH_USDT,2024-08-02T00:00:00Z,2024-08-02T08:00:00Z,2024-08-03T08:00:00Z,2024,2024-07-29T00:00:00Z,0.06525969596525304,-6.501642646105568,-7.873549744027795,-7.928088228491191,-7.882391859870383
SOL_USDT,2024-08-02T00:00:00Z,2024-08-02T08:00:00Z,2024-08-03T08:00:00Z,2024,2024-07-29T00:00:00Z,0.47415145583100105,-6.448696496595385,-6.879189843665826,-6.778650199297628,-6.85855747556172
LINK_USDT,2024-08-02T00:00:00Z,2024-08-02T08:00:00Z,2024-08-03T08:00:00Z,2024,2024-07-29T00:00:00Z,-0.3275213069815023,-6.612937040847906,-7.166966961557008,-7.288439504329536,-7.210275118629199
ETH_USDT,2024-08-03T00:00:00Z,2024-08-03T08:00:00Z,2024-08-04T08:00:00Z,2024,2024-07-29T00:00:00Z,0.20448661457812198,-7.864733122742344,-7.733742505532011,-7.765399171353252,-7.718724992678748
SOL_USDT,2024-08-03T00:00:00Z,2024-08-03T08:00:00Z,2024-08-04T08:00:00Z,2024,2024-07-29T00:00:00Z,0.41387849487636524,-6.153127090762014,-6.815395173987167,-6.757772343951392,-6.743160067080347
LINK_USDT,2024-08-03T00:00:00Z,2024-08-03T08:00:00Z,2024-08-04T08:00:00Z,2024,2024-07-29T00:00:00Z,0.003842072160618657,-7.446816908664538,-7.0852259524331425,-7.127945417690315,-7.108987970488546
ETH_USDT,2024-08-04T00:00:00Z,2024-08-04T08:00:00Z,2024-08-05T08:00:00Z,2024,2024-07-29T00:00:00Z,0.06296211675370539,-3.895162659095734,-7.898036651278702,-7.857629431480177,-7.867999531856478
SOL_USDT,2024-08-04T00:00:00Z,2024-08-04T08:00:00Z,2024-08-05T08:00:00Z,2024,2024-07-29T00:00:00Z,0.31689924106313894,-4.124677311440363,-6.830482602990985,-6.778506776116694,-6.780774670589165
LINK_USDT,2024-08-04T00:00:00Z,2024-08-04T08:00:00Z,2024-08-05T08:00:00Z,2024,2024-07-29T00:00:00Z,-0.41314907865621725,-3.3094605849390395,-7.208176562026012,-7.296753306745343,-7.190278676741641
ETH_USDT,2024-08-05T00:00:00Z,2024-08-05T08:00:00Z,2024-08-06T08:00:00Z,2024,2024-08-05T00:00:00Z,0.4436514125568712,-5.675611272675461,-7.521368680736898,-7.561386854604914,-7.548897027060366
SOL_USDT,2024-08-05T00:00:00Z,2024-08-05T08:00:00Z,2024-08-06T08:00:00Z,2024,2024-08-05T00:00:00Z,0.5158154217940826,-4.454984869710151,-6.739256476166017,-6.666313249124713,-6.715464224901133
LINK_USDT,2024-08-05T00:00:00Z,2024-08-05T08:00:00Z,2024-08-06T08:00:00Z,2024,2024-08-05T00:00:00Z,-0.06022452781373533,-5.14762813349228,-6.98453062473148,-7.134801825962762,-7.062755486546619
ETH_USDT,2024-08-06T00:00:00Z,2024-08-06T08:00:00Z,2024-08-07T08:00:00Z,2024,2024-08-05T00:00:00Z,1.7560151963147677,-6.809600056242811,-6.736671645590074,-6.478769914648934,-6.74700573607314
SOL_USDT,2024-08-06T00:00:00Z,2024-08-06T08:00:00Z,2024-08-07T08:00:00Z,2024,2024-08-05T00:00:00Z,1.5101314745091987,-5.573101937391647,-6.177253010178697,-5.942428381766605,-6.151555560647523
LINK_USDT,2024-08-06T00:00:00Z,2024-08-06T08:00:00Z,2024-08-07T08:00:00Z,2024,2024-08-05T00:00:00Z,1.566057988169541,-6.045880902485332,-6.001558640175353,-5.80184900095288,-6.081838489388227
ETH_USDT,2024-08-07T00:00:00Z,2024-08-07T08:00:00Z,2024-08-08T08:00:00Z,2024,2024-08-05T00:00:00Z,0.343585724688178,-5.699149608578056,-6.904710571244105,-6.966762283473095,-6.722007805836028
SOL_USDT,2024-08-07T00:00:00Z,2024-08-07T08:00:00Z,2024-08-08T08:00:00Z,2024,2024-08-05T00:00:00Z,0.5313120829946915,-5.324110817469957,-6.124176786824052,-6.15991225923372,-5.965501507828397
LINK_USDT,2024-08-07T00:00:00Z,2024-08-07T08:00:00Z,2024-08-08T08:00:00Z,2024,2024-08-05T00:00:00Z,0.12628075077448567,-5.165766402252366,-6.141424310226121,-6.28159598919758,-5.981674507383541
ETH_USDT,2024-08-08T00:00:00Z,2024-08-08T08:00:00Z,2024-08-09T08:00:00Z,2024,2024-08-05T00:00:00Z,0.29669327158845954,-5.112176107701829,-6.854947434668274,-6.934525114773389,-6.880087011493437
SOL_USDT,2024-08-08T00:00:00Z,2024-08-08T08:00:00Z,2024-08-09T08:00:00Z,2024,2024-08-05T00:00:00Z,0.5558415637233228,-5.730548023136882,-6.183933453074414,-6.151227901065252,-6.165452994842572
LINK_USDT,2024-08-08T00:00:00Z,2024-08-08T08:00:00Z,2024-08-09T08:00:00Z,2024,2024-08-05T00:00:00Z,-0.14314587065974346,-5.5678737282079656,-6.131231179803745,-6.342450503801047,-6.182303945750057
ETH_USDT,2024-08-09T00:00:00Z,2024-08-09T08:00:00Z,2024-08-10T08:00:00Z,2024,2024-08-05T00:00:00Z,0.24492552420008723,-6.081205044524452,-6.646782682138129,-6.8160821806264345,-6.683607726251323
SOL_USDT,2024-08-09T00:00:00Z,2024-08-09T08:00:00Z,2024-08-10T08:00:00Z,2024,2024-08-05T00:00:00Z,0.4383520990650417,-5.781654156566024,-6.082462484142977,-6.1265419456969585,-6.060289434160056
LINK_USDT,2024-08-09T00:00:00Z,2024-08-09T08:00:00Z,2024-08-10T08:00:00Z,2024,2024-08-05T00:00:00Z,-0.15436934129772997,-5.954648054021651,-6.04618702269497,-6.286998958399101,-6.138599805351721
ETH_USDT,2024-08-10T00:00:00Z,2024-08-10T08:00:00Z,2024-08-11T08:00:00Z,2024,2024-08-05T00:00:00Z,-0.09005532388490158,-7.0682590109517776,-6.769861903151457,-6.94187286571315,-6.810956353194772
SOL_USDT,2024-08-10T00:00:00Z,2024-08-10T08:00:00Z,2024-08-11T08:00:00Z,2024,2024-08-05T00:00:00Z,-0.15317619604231955,-7.85767140094606,-6.110608202094305,-6.303193669404938,-6.106082115616
LINK_USDT,2024-08-10T00:00:00Z,2024-08-10T08:00:00Z,2024-08-11T08:00:00Z,2024,2024-08-05T00:00:00Z,-0.5787435247834115,-8.161822280379324,-6.116433565411752,-6.424124935333134,-6.21003198940304
ETH_USDT,2024-08-11T00:00:00Z,2024-08-11T08:00:00Z,2024-08-12T08:00:00Z,2024,2024-08-05T00:00:00Z,-0.9460862858073875,-6.796777986154472,-6.968434365106114,-7.273946397832161,-7.053093566752141
SOL_USDT,2024-08-11T00:00:00Z,2024-08-11T08:00:00Z,2024-08-12T08:00:00Z,2024,2024-08-05T00:00:00Z,-0.9289660789853965,-5.102578670627528,-6.514324277133498,-6.692756544099127,-6.584104778802843
LINK_USDT,2024-08-11T00:00:00Z,2024-08-11T08:00:00Z,2024-08-12T08:00:00Z,2024,2024-08-05T00:00:00Z,-1.1198126009818563,-5.8084766308296185,-6.451273452348835,-6.702778032312149,-6.595310377841022
ETH_USDT,2024-08-12T00:00:00Z,2024-08-12T08:00:00Z,2024-08-13T08:00:00Z,2024,2024-08-12T00:00:00Z,-0.3968653230993831,-5.79296579847533,-6.804137091055501,-7.060004089894017,-7.016063241812673
SOL_USDT,2024-08-12T00:00:00Z,2024-08-12T08:00:00Z,2024-08-13T08:00:00Z,2024,2024-08-12T00:00:00Z,-0.36413636737257815,-8.486811946738326,-6.06680909260346,-6.34702405402361,-6.265092365397399
LINK_USDT,2024-08-12T00:00:00Z,2024-08-12T08:00:00Z,2024-08-13T08:00:00Z,2024,2024-08-12T00:00:00Z,-0.6487215543308184,-6.286571859918845,-6.128258671965611,-6.455699834553924,-6.361575022362345
ETH_USDT,2024-08-13T00:00:00Z,2024-08-13T08:00:00Z,2024-08-14T08:00:00Z,2024,2024-08-12T00:00:00Z,0.07443994817311217,-7.724242510009776,-7.04650068878497,-7.09863511563147,-7.127905691030567
SOL_USDT,2024-08-13T00:00:00Z,2024-08-13T08:00:00Z,2024-08-14T08:00:00Z,2024,2024-08-12T00:00:00Z,-0.05088840125209188,-9.805446977564836,-6.420018996408912,-6.44409817364411,-6.494023511100197
LINK_USDT,2024-08-13T00:00:00Z,2024-08-13T08:00:00Z,2024-08-14T08:00:00Z,2024,2024-08-12T00:00:00Z,-0.14165612619980755,-7.205456742235668,-6.57016186960253,-6.612634037527429,-6.664007544933501
ETH_USDT,2024-08-14T00:00:00Z,2024-08-14T08:00:00Z,2024-08-15T08:00:00Z,2024,2024-08-12T00:00:00Z,-0.32004557582678506,-7.234919522720612,-7.157636533226586,-7.270475942767423,-7.161778253480549
SOL_USDT,2024-08-14T00:00:00Z,2024-08-14T08:00:00Z,2024-08-15T08:00:00Z,2024,2024-08-12T00:00:00Z,-0.596234340313133,-7.523912374809253,-7.005544109866824,-6.894713505358281,-6.994682480133101
LINK_USDT,2024-08-14T00:00:00Z,2024-08-14T08:00:00Z,2024-08-15T08:00:00Z,2024,2024-08-12T00:00:00Z,-0.4003494285613077,-8.164942526598672,-6.677481910168633,-6.766230922664286,-6.683556051804965
ETH_USDT,2024-08-15T00:00:00Z,2024-08-15T08:00:00Z,2024-08-16T08:00:00Z,2024,2024-08-12T00:00:00Z,-0.26852564982339827,-6.1389194642640925,-7.312155132317611,-7.35568042998414,-7.363674190403131
SOL_USDT,2024-08-15T00:00:00Z,2024-08-15T08:00:00Z,2024-08-16T08:00:00Z,2024,2024-08-12T00:00:00Z,-0.2798735717384487,-6.646033718754262,-6.766945326104894,-6.772844216029885,-6.839847063174202
LINK_USDT,2024-08-15T00:00:00Z,2024-08-15T08:00:00Z,2024-08-16T08:00:00Z,2024,2024-08-12T00:00:00Z,-0.5573801640885735,-5.80280068099194,-6.974401547597283,-6.991487439765052,-6.994480015189861
ETH_USDT,2024-08-16T00:00:00Z,2024-08-16T08:00:00Z,2024-08-17T08:00:00Z,2024,2024-08-12T00:00:00Z,-0.23871336280354305,-7.722852940437246,-7.31353151697473,-7.428674684998532,-7.335290211530638
SOL_USDT,2024-08-16T00:00:00Z,2024-08-16T08:00:00Z,2024-08-17T08:00:00Z,2024,2024-08-12T00:00:00Z,-0.22734054324979655,-6.08641738177114,-6.808919785272851,-6.846815537697111,-6.815312876145703
LINK_USDT,2024-08-16T00:00:00Z,2024-08-16T08:00:00Z,2024-08-17T08:00:00Z,2024,2024-08-12T00:00:00Z,-0.2846103443244796,-6.942613259985407,-6.804119303182784,-6.887971939282639,-6.842910841324828
ETH_USDT,2024-08-17T00:00:00Z,2024-08-17T08:00:00Z,2024-08-18T08:00:00Z,2024,2024-08-12T00:00:00Z,-0.5126137552940382,-10.763595388476665,-7.479944188648476,-7.587013112234465,-7.485178077367686
SOL_USDT,2024-08-17T00:00:00Z,2024-08-17T08:00:00Z,2024-08-18T08:00:00Z,2024,2024-08-12T00:00:00Z,-0.30027619359689844,-8.579063074444239,-6.79410903239142,-6.872946615372319,-6.786869152797512
LINK_USDT,2024-08-17T00:00:00Z,2024-08-17T08:00:00Z,2024-08-18T08:00:00Z,2024,2024-08-12T00:00:00Z,-0.6614041333363452,-8.941102613088887,-6.963251056544141,-7.082894728504302,-6.949339578185089
ETH_USDT,2024-08-18T00:00:00Z,2024-08-18T08:00:00Z,2024-08-19T08:00:00Z,2024,2024-08-12T00:00:00Z,-1.5983776175552147,-6.805449845787373,-7.890045526300498,-8.087980880764746,-7.922196416636087
SOL_USDT,2024-08-18T00:00:00Z,2024-08-18T08:00:00Z,2024-08-19T08:00:00Z,2024,2024-08-12T00:00:00Z,-1.2431132433519274,-6.555131970549558,-7.0804348382377675,-7.271450157220026,-7.077845877596951
LINK_USDT,2024-08-18T00:00:00Z,2024-08-18T08:00:00Z,2024-08-19T08:00:00Z,2024,2024-08-12T00:00:00Z,-1.391873189295378,-6.365710118734402,-7.288818183538221,-7.42738844390311,-7.322225308972045
ETH_USDT,2024-08-19T00:00:00Z,2024-08-19T08:00:00Z,2024-08-20T08:00:00Z,2024,2024-08-19T00:00:00Z,-0.9020359452263971,-7.2156592911259905,-7.516490114709342,-7.773297358550021,-7.716218028640113
SOL_USDT,2024-08-19T00:00:00Z,2024-08-19T08:00:00Z,2024-08-20T08:00:00Z,2024,2024-08-19T00:00:00Z,-0.7870638211215516,-7.411776007134914,-7.063287545402054,-7.2390693569544995,-7.174841496984991
LINK_USDT,2024-08-19T00:00:00Z,2024-08-19T08:00:00Z,2024-08-20T08:00:00Z,2024,2024-08-19T00:00:00Z,-0.6774055020107634,-6.680693917919862,-6.978947131456755,-7.127661282429354,-7.123493843143292
ETH_USDT,2024-08-20T00:00:00Z,2024-08-20T08:00:00Z,2024-08-21T08:00:00Z,2024,2024-08-19T00:00:00Z,-0.6602352461697727,-6.460751668441999,-7.718413517496997,-7.805757012924362,-7.793181104943563
SOL_USDT,2024-08-20T00:00:00Z,2024-08-20T08:00:00Z,2024-08-21T08:00:00Z,2024,2024-08-19T00:00:00Z,-0.5712541062890455,-6.577708385998806,-7.38684564858697,-7.297401615465156,-7.410953600588943
LINK_USDT,2024-08-20T00:00:00Z,2024-08-20T08:00:00Z,2024-08-21T08:00:00Z,2024,2024-08-19T00:00:00Z,-0.5732787599147274,-6.2522434858028735,-7.241803220240855,-7.204901636036872,-7.2623661448078805
ETH_USDT,2024-08-21T00:00:00Z,2024-08-21T08:00:00Z,2024-08-22T08:00:00Z,2024,2024-08-19T00:00:00Z,-0.43175705339505144,-8.978292417895977,-7.545874769014299,-7.662298270868507,-7.589936976384939
SOL_USDT,2024-08-21T00:00:00Z,2024-08-21T08:00:00Z,2024-08-22T08:00:00Z,2024,2024-08-19T00:00:00Z,-0.5255636215524243,-7.257180311835117,-6.9871013363591805,-7.1151470067567875,-7.006190486008466
LINK_USDT,2024-08-21T00:00:00Z,2024-08-21T08:00:00Z,2024-08-22T08:00:00Z,2024,2024-08-19T00:00:00Z,-0.41666412000957914,-5.158972956305598,-6.949789950389973,-7.042965583403676,-6.968692674083842
ETH_USDT,2024-08-22T00:00:00Z,2024-08-22T08:00:00Z,2024-08-23T08:00:00Z,2024,2024-08-19T00:00:00Z,-0.5723138790567245,-7.441853029634122,-7.758473721494984,-7.776610943533765,-7.7600126058913705
SOL_USDT,2024-08-22T00:00:00Z,2024-08-22T08:00:00Z,2024-08-23T08:00:00Z,2024,2024-08-19T00:00:00Z,-0.7155837056705752,-8.429006044932475,-7.06936218378167,-7.192756932333327,-7.08102427433966
LINK_USDT,2024-08-22T00:00:00Z,2024-08-22T08:00:00Z,2024-08-23T08:00:00Z,2024,2024-08-19T00:00:00Z,0.11939696008903138,-8.093821061593056,-6.648953040683214,-6.642915264856929,-6.6774818508235105
ETH_USDT,2024-08-23T00:00:00Z,2024-08-23T08:00:00Z,2024-08-24T08:00:00Z,2024,2024-08-19T00:00:00Z,-0.7393009461481787,-6.781662242925389,-7.915215648751703,-7.946904823786655,-7.918983604499014
SOL_USDT,2024-08-23T00:00:00Z,2024-08-23T08:00:00Z,2024-08-24T08:00:00Z,2024,2024-08-19T00:00:00Z,-1.0100728252944193,-5.613399290263313,-7.40853834325717,-7.414854449568112,-7.430505343302187
LINK_USDT,2024-08-23T00:00:00Z,2024-08-23T08:00:00Z,2024-08-24T08:00:00Z,2024,2024-08-19T00:00:00Z,0.07184331731223934,-6.825419961976005,-7.06393660656619,-6.812048635892244,-6.996073383263475
ETH_USDT,2024-08-24T00:00:00Z,2024-08-24T08:00:00Z,2024-08-25T08:00:00Z,2024,2024-08-19T00:00:00Z,-0.010236404351168025,-9.35030658270119,-7.6730912880073925,-7.616856813128887,-7.710316538863025
SOL_USDT,2024-08-24T00:00:00Z,2024-08-24T08:00:00Z,2024-08-25T08:00:00Z,2024,2024-08-19T00:00:00Z,-0.24261584098338268,-6.301578857178208,-6.892966624220069,-6.975905764264647,-6.977750870676064
LINK_USDT,2024-08-24T00:00:00Z,2024-08-24T08:00:00Z,2024-08-25T08:00:00Z,2024,2024-08-19T00:00:00Z,0.14380126840753607,-6.793985405308425,-6.883819136268922,-6.751477641600379,-6.823569714488479
ETH_USDT,2024-08-25T00:00:00Z,2024-08-25T08:00:00Z,2024-08-26T08:00:00Z,2024,2024-08-19T00:00:00Z,-0.38090177087269594,-9.039244576219227,-8.189788685658126,-7.871608253977001,-8.111582533424132
SOL_USDT,2024-08-25T00:00:00Z,2024-08-25T08:00:00Z,2024-08-26T08:00:00Z,2024,2024-08-19T00:00:00Z,-0.17897592153285866,-7.755395637344935,-6.999453805693959,-6.943826850827614,-6.98469621051989
LINK_USDT,2024-08-25T00:00:00Z,2024-08-25T08:00:00Z,2024-08-26T08:00:00Z,2024,2024-08-19T00:00:00Z,-0.10003314685575597,-7.281747355962971,-6.956843642808245,-6.825551778597721,-6.892947036376946
ETH_USDT,2024-08-26T00:00:00Z,2024-08-26T08:00:00Z,2024-08-27T08:00:00Z,2024,2024-08-26T00:00:00Z,-0.9052226206717044,-8.263013935729592,-8.008400180439214,-8.054700949393876,-7.983636952277678
SOL_USDT,2024-08-26T00:00:00Z,2024-08-26T08:00:00Z,2024-08-27T08:00:00Z,2024,2024-08-26T00:00:00Z,-0.5194176662713852,-9.093871177448067,-6.99727986950618,-7.061768830339661,-6.973655102644066
LINK_USDT,2024-08-26T00:00:00Z,2024-08-26T08:00:00Z,2024-08-27T08:00:00Z,2024,2024-08-26T00:00:00Z,-0.22872131962370587,-6.799604543758725,-6.991067766705251,-6.902417008463943,-6.957910716822029
ETH_USDT,2024-08-27T00:00:00Z,2024-08-27T08:00:00Z,2024-08-28T08:00:00Z,2024,2024-08-26T00:00:00Z,-0.5995352328936421,-5.492755006403819,-7.984759956941268,-7.97530647591471,-8.030432382099374
SOL_USDT,2024-08-27T00:00:00Z,2024-08-27T08:00:00Z,2024-08-28T08:00:00Z,2024,2024-08-26T00:00:00Z,-0.28152459174572814,-5.753142796133972,-7.225785570840731,-7.054659298042317,-7.237656073652914
LINK_USDT,2024-08-27T00:00:00Z,2024-08-27T08:00:00Z,2024-08-28T08:00:00Z,2024,2024-08-26T00:00:00Z,0.24317339779533234,-6.254385709018261,-6.854813409709918,-6.687988324017456,-6.846276271473533
ETH_USDT,2024-08-28T00:00:00Z,2024-08-28T08:00:00Z,2024-08-29T08:00:00Z,2024,2024-08-26T00:00:00Z,-0.015494586699055889,-7.136972454960996,-7.4916492132391195,-7.525734949244997,-7.526703157101923
SOL_USDT,2024-08-28T00:00:00Z,2024-08-28T08:00:00Z,2024-08-29T08:00:00Z,2024,2024-08-26T00:00:00Z,-0.2312124885025427,-10.568715125670392,-6.834692605459391,-6.909257880272331,-6.827355270059001
LINK_USDT,2024-08-28T00:00:00Z,2024-08-28T08:00:00Z,2024-08-29T08:00:00Z,2024,2024-08-26T00:00:00Z,0.07983336203829483,-6.96252654902981,-6.850202505855885,-6.761676247927325,-6.765813311786313
ETH_USDT,2024-08-29T00:00:00Z,2024-08-29T08:00:00Z,2024-08-30T08:00:00Z,2024,2024-08-26T00:00:00Z,0.0436431763025975,-7.603234738117203,-7.6257885802504095,-7.5081072299088,-7.581035210550799
SOL_USDT,2024-08-29T00:00:00Z,2024-08-29T08:00:00Z,2024-08-30T08:00:00Z,2024,2024-08-26T00:00:00Z,-0.12214662825905362,-6.24570499946135,-7.064055883036514,-6.936640369636861,-7.0446725505569
LINK_USDT,2024-08-29T00:00:00Z,2024-08-29T08:00:00Z,2024-08-30T08:00:00Z,2024,2024-08-26T00:00:00Z,-0.005214274651190443,-6.412870240513578,-7.139823173318573,-6.984658348448453,-7.050080652915947
ETH_USDT,2024-08-30T00:00:00Z,2024-08-30T08:00:00Z,2024-08-31T08:00:00Z,2024,2024-08-26T00:00:00Z,-0.5721435933207552,-6.3577709153720985,-7.633811187051332,-7.724200750872701,-7.578174483657423
SOL_USDT,2024-08-30T00:00:00Z,2024-08-30T08:00:00Z,2024-08-31T08:00:00Z,2024,2024-08-26T00:00:00Z,-0.5027308694401009,-5.826840541663461,-6.8210723429775175,-6.974914707699108,-6.80060144433629
LINK_USDT,2024-08-30T00:00:00Z,2024-08-30T08:00:00Z,2024-08-31T08:00:00Z,2024,2024-08-26T00:00:00Z,-0.481339457572845,-5.194344957371769,-7.035087873204505,-7.0956393452444155,-6.96494417422036
ETH_USDT,2024-08-31T00:00:00Z,2024-08-31T08:00:00Z,2024-09-01T08:00:00Z,2024,2024-08-26T00:00:00Z,-0.24053882673887184,-9.060132291252573,-7.51244369229293,-7.568435892262432,-7.55295576805987
SOL_USDT,2024-08-31T00:00:00Z,2024-08-31T08:00:00Z,2024-09-01T08:00:00Z,2024,2024-08-26T00:00:00Z,-0.22823724269817458,-7.607901118418989,-6.815951097739228,-6.896351650434151,-6.848923991504313
LINK_USDT,2024-08-31T00:00:00Z,2024-08-31T08:00:00Z,2024-09-01T08:00:00Z,2024,2024-08-26T00:00:00Z,-0.42979472553839687,-8.437793373160142,-6.713952200199404,-6.8845933774985,-6.743602454537028
ETH_USDT,2024-09-01T00:00:00Z,2024-09-01T08:00:00Z,2024-09-02T08:00:00Z,2024,2024-08-26T00:00:00Z,-1.4469994626649296,-7.504339345580315,-8.045024901645814,-8.085577944777308,-8.02531729262748
SOL_USDT,2024-09-01T00:00:00Z,2024-09-01T08:00:00Z,2024-09-02T08:00:00Z,2024,2024-08-26T00:00:00Z,-1.3787379327372815,-6.161905564461955,-7.202969937256989,-7.39448912861454,-7.1873361856998095
LINK_USDT,2024-09-01T00:00:00Z,2024-09-01T08:00:00Z,2024-09-02T08:00:00Z,2024,2024-08-26T00:00:00Z,-1.1358620695322477,-6.676168939856445,-7.22790120134859,-7.2295290948636834,-7.236922754546354
ETH_USDT,2024-09-02T00:00:00Z,2024-09-02T08:00:00Z,2024-09-03T08:00:00Z,2024,2024-09-02T00:00:00Z,-0.6252184698973136,-6.911703213309804,-7.59489123649547,-7.714649024440612,-7.772776075688003
SOL_USDT,2024-09-02T00:00:00Z,2024-09-02T08:00:00Z,2024-09-03T08:00:00Z,2024,2024-09-02T00:00:00Z,-0.521710613875842,-6.352733945411819,-6.836615044419739,-7.004619158813297,-7.007441345878835
LINK_USDT,2024-09-02T00:00:00Z,2024-09-02T08:00:00Z,2024-09-03T08:00:00Z,2024,2024-09-02T00:00:00Z,-0.47309554281197785,-7.047621917951886,-6.8500035221698345,-6.926094568300965,-6.976913756181151
ETH_USDT,2024-09-03T00:00:00Z,2024-09-03T08:00:00Z,2024-09-04T08:00:00Z,2024,2024-09-02T00:00:00Z,-0.4392528654880178,-6.828341688489627,-7.5143302656290825,-7.61015606009987,-7.575547146608247
SOL_USDT,2024-09-03T00:00:00Z,2024-09-03T08:00:00Z,2024-09-04T08:00:00Z,2024,2024-09-02T00:00:00Z,-0.4407903926689773,-6.171451248751632,-6.7980076817978485,-6.930728132842045,-6.848394155228112
LINK_USDT,2024-09-03T00:00:00Z,2024-09-03T08:00:00Z,2024-09-04T08:00:00Z,2024,2024-09-02T00:00:00Z,-0.6078570728876663,-6.50940320757884,-6.925316608954818,-7.006417045937612,-6.945058012956334
ETH_USDT,2024-09-04T00:00:00Z,2024-09-04T08:00:00Z,2024-09-05T08:00:00Z,2024,2024-09-02T00:00:00Z,-0.5749807079131652,-7.203227516491278,-7.688606969953814,-7.806584234345699,-7.692929861771504
SOL_USDT,2024-09-04T00:00:00Z,2024-09-04T08:00:00Z,2024-09-05T08:00:00Z,2024,2024-09-02T00:00:00Z,-0.5794158361145838,-7.213122428174272,-6.8368562944123905,-7.004367399360843,-6.8648559891090875
LINK_USDT,2024-09-04T00:00:00Z,2024-09-04T08:00:00Z,2024-09-05T08:00:00Z,2024,2024-09-02T00:00:00Z,-0.41158014350354816,-8.44287561207147,-6.868404066934863,-6.927434805654328,-6.906903269186928
ETH_USDT,2024-09-05T00:00:00Z,2024-09-05T08:00:00Z,2024-09-06T08:00:00Z,2024,2024-09-02T00:00:00Z,0.141905476162422,-7.820013443361281,-7.799619973505138,-7.692722750844304,-7.842752650538508
SOL_USDT,2024-09-05T00:00:00Z,2024-09-05T08:00:00Z,2024-09-06T08:00:00Z,2024,2024-09-02T00:00:00Z,-0.06820718685465349,-7.514042895186336,-6.863489049281366,-6.880282024522058,-6.929400086625325
LINK_USDT,2024-09-05T00:00:00Z,2024-09-05T08:00:00Z,2024-09-06T08:00:00Z,2024,2024-09-02T00:00:00Z,0.12036736415371799,-7.083327825615476,-7.13869444792801,-6.951202780417029,-7.167772632825844
ETH_USDT,2024-09-06T00:00:00Z,2024-09-06T08:00:00Z,2024-09-07T08:00:00Z,2024,2024-09-02T00:00:00Z,-0.14984309779378718,-6.141156163956342,-7.817687406749798,-7.813499579123756,-7.76386042910842
SOL_USDT,2024-09-06T00:00:00Z,2024-09-06T08:00:00Z,2024-09-07T08:00:00Z,2024,2024-09-02T00:00:00Z,-0.33118837962228526,-6.920786952568303,-7.0298085983575795,-7.084887349107779,-7.022560108190646
LINK_USDT,2024-09-06T00:00:00Z,2024-09-06T08:00:00Z,2024-09-07T08:00:00Z,2024,2024-09-02T00:00:00Z,-0.4615397410556909,-6.146196950999571,-7.068502148528664,-7.183121768382683,-7.030280747058337
ETH_USDT,2024-09-07T00:00:00Z,2024-09-07T08:00:00Z,2024-09-08T08:00:00Z,2024,2024-09-02T00:00:00Z,0.639930766091788,-8.274215965595342,-7.750233147383939,-7.545873970915603,-7.739293026564656
SOL_USDT,2024-09-07T00:00:00Z,2024-09-07T08:00:00Z,2024-09-08T08:00:00Z,2024,2024-09-02T00:00:00Z,0.3579564530978639,-7.876927258906982,-7.1111795222957905,-6.947267316297374,-7.131835609373545
LINK_USDT,2024-09-07T00:00:00Z,2024-09-07T08:00:00Z,2024-09-08T08:00:00Z,2024,2024-09-02T00:00:00Z,0.29337866930791173,-6.868179140859041,-7.348437130914965,-7.166256255191842,-7.355853888093877
ETH_USDT,2024-09-08T00:00:00Z,2024-09-08T08:00:00Z,2024-09-09T08:00:00Z,2024,2024-09-02T00:00:00Z,-0.3900025020526955,-6.869042738314067,-7.760858968128127,-7.919040329767528,-7.653350123032644
SOL_USDT,2024-09-08T00:00:00Z,2024-09-08T08:00:00Z,2024-09-09T08:00:00Z,2024,2024-09-02T00:00:00Z,-0.5316592721666271,-6.692160135348527,-7.133256872064817,-7.282037299856358,-7.062284272611968
LINK_USDT,2024-09-08T00:00:00Z,2024-09-08T08:00:00Z,2024-09-09T08:00:00Z,2024,2024-09-02T00:00:00Z,-0.36276362045803706,-6.804662075531715,-7.180345638052751,-7.308650176374172,-7.102885283326891
ETH_USDT,2024-09-09T00:00:00Z,2024-09-09T08:00:00Z,2024-09-10T08:00:00Z,2024,2024-09-09T00:00:00Z,-0.4904161677544293,-6.990484510619861,-7.713668928796828,-7.944969120273168,-7.770787741507894
SOL_USDT,2024-09-09T00:00:00Z,2024-09-09T08:00:00Z,2024-09-10T08:00:00Z,2024,2024-09-09T00:00:00Z,-0.5621493881661819,-5.944365381256122,-7.105435179763702,-7.346194873255073,-7.16934712354813
LINK_USDT,2024-09-09T00:00:00Z,2024-09-09T08:00:00Z,2024-09-10T08:00:00Z,2024,2024-09-09T00:00:00Z,-0.3223179575565543,-7.223501126507719,-7.240675214683344,-7.335055428647079,-7.259631635851957
ETH_USDT,2024-09-10T00:00:00Z,2024-09-10T08:00:00Z,2024-09-11T08:00:00Z,2024,2024-09-09T00:00:00Z,0.025350028050738462,-6.579460012253207,-7.7136774816633515,-7.751867146753057,-7.784069552630248
SOL_USDT,2024-09-10T00:00:00Z,2024-09-10T08:00:00Z,2024-09-11T08:00:00Z,2024,2024-09-09T00:00:00Z,0.06328532037072879,-7.228559191855656,-6.9892790732116055,-7.053789482919054,-7.063840815018078
LINK_USDT,2024-09-10T00:00:00Z,2024-09-10T08:00:00Z,2024-09-11T08:00:00Z,2024,2024-09-09T00:00:00Z,0.3069534936922855,-8.28227772990715,-7.1774175418729484,-7.068373017961385,-7.194412867304703
ETH_USDT,2024-09-11T00:00:00Z,2024-09-11T08:00:00Z,2024-09-12T08:00:00Z,2024,2024-09-09T00:00:00Z,-0.3092079454089884,-8.799607959312567,-7.723496616782876,-7.8758774002831995,-7.717428530266788
SOL_USDT,2024-09-11T00:00:00Z,2024-09-11T08:00:00Z,2024-09-12T08:00:00Z,2024,2024-09-09T00:00:00Z,-0.3575147592951202,-7.5534597358546085,-7.349510868304789,-7.356136347262942,-7.312882099316795
LINK_USDT,2024-09-11T00:00:00Z,2024-09-11T08:00:00Z,2024-09-12T08:00:00Z,2024,2024-09-09T00:00:00Z,-0.23517369170050928,-7.583032391777516,-7.472061410419419,-7.385398694866202,-7.375092334032323
ETH_USDT,2024-09-12T00:00:00Z,2024-09-12T08:00:00Z,2024-09-13T08:00:00Z,2024,2024-09-09T00:00:00Z,-0.05693401629630393,-7.519497711396284,-7.802067668520737,-7.81923319328177,-7.847286873660224
SOL_USDT,2024-09-12T00:00:00Z,2024-09-12T08:00:00Z,2024-09-13T08:00:00Z,2024,2024-09-09T00:00:00Z,-0.047620642629815586,-7.481779775820877,-7.241251503777338,-7.24363364033318,-7.272302019003208
LINK_USDT,2024-09-12T00:00:00Z,2024-09-12T08:00:00Z,2024-09-13T08:00:00Z,2024,2024-09-09T00:00:00Z,-0.19314867903724248,-7.469223234430273,-7.416559245654162,-7.365140944771541,-7.408342260737198
ETH_USDT,2024-09-13T00:00:00Z,2024-09-13T08:00:00Z,2024-09-14T08:00:00Z,2024,2024-09-09T00:00:00Z,-0.364820412755869,-7.07905605499587,-7.7863774494388505,-7.9297882032691325,-7.795807664821736
SOL_USDT,2024-09-13T00:00:00Z,2024-09-13T08:00:00Z,2024-09-14T08:00:00Z,2024,2024-09-09T00:00:00Z,-0.34068950450795155,-7.337922226976079,-7.212671672566182,-7.3230312140831,-7.198422831813308
LINK_USDT,2024-09-13T00:00:00Z,2024-09-13T08:00:00Z,2024-09-14T08:00:00Z,2024,2024-09-09T00:00:00Z,-0.21764568479510235,-5.762966400853826,-7.324365115118941,-7.355848654619025,-7.315779498516028
ETH_USDT,2024-09-14T00:00:00Z,2024-09-14T08:00:00Z,2024-09-15T08:00:00Z,2024,2024-09-09T00:00:00Z,-0.10204092243144702,-12.200741271698009,-7.797891252713582,-7.871494913469665,-7.84810523654851
SOL_USDT,2024-09-14T00:00:00Z,2024-09-14T08:00:00Z,2024-09-15T08:00:00Z,2024,2024-09-09T00:00:00Z,-0.13595600162375093,-12.408276988482145,-7.224694364902672,-7.258525601930038,-7.253840112173518
LINK_USDT,2024-09-14T00:00:00Z,2024-09-14T08:00:00Z,2024-09-15T08:00:00Z,2024,2024-09-09T00:00:00Z,0.5201112663236,-9.721047926611552,-7.045571605618996,-6.94162288962434,-7.063055247092964
ETH_USDT,2024-09-15T00:00:00Z,2024-09-15T08:00:00Z,2024-09-16T08:00:00Z,2024,2024-09-09T00:00:00Z,-0.7902728601961455,-6.451986860823005,-8.1485498849446,-8.242047050052994,-8.144213730379349
SOL_USDT,2024-09-15T00:00:00Z,2024-09-15T08:00:00Z,2024-09-16T08:00:00Z,2024,2024-09-09T00:00:00Z,-0.7582474898736629,-6.732476660278738,-7.441853485448254,-7.536648209079266,-7.432899778931792
LINK_USDT,2024-09-15T00:00:00Z,2024-09-15T08:00:00Z,2024-09-16T08:00:00Z,2024,2024-09-09T00:00:00Z,-0.39720565054390805,-6.478928067294571,-7.529634447529795,-7.4333300917765035,-7.405224515071675
ETH_USDT,2024-09-16T00:00:00Z,2024-09-16T08:00:00Z,2024-09-17T08:00:00Z,2024,2024-09-16T00:00:00Z,-0.44798285743972954,-8.83002507207578,-7.79243390069343,-8.023691332080192,-7.914856914904614
SOL_USDT,2024-09-16T00:00:00Z,2024-09-16T08:00:00Z,2024-09-17T08:00:00Z,2024,2024-09-16T00:00:00Z,-0.4753517352698015,-10.196253065113961,-7.237839620516357,-7.42295961087071,-7.3361054616728305
LINK_USDT,2024-09-16T00:00:00Z,2024-09-16T08:00:00Z,2024-09-17T08:00:00Z,2024,2024-09-16T00:00:00Z,-0.34840975842660316,-8.067376789869522,-7.211344768478132,-7.338935993142483,-7.247369060615546
ETH_USDT,2024-09-17T00:00:00Z,2024-09-17T08:00:00Z,2024-09-18T08:00:00Z,2024,2024-09-16T00:00:00Z,0.13564899172546546,-6.605800782607515,-8.097844130206518,-7.929775330001701,-8.141092657456237
SOL_USDT,2024-09-17T00:00:00Z,2024-09-17T08:00:00Z,2024-09-18T08:00:00Z,2024,2024-09-16T00:00:00Z,-0.3616266639586428,-7.035092493922304,-8.00562638153268,-7.693955023987353,-7.992394256357536
LINK_USDT,2024-09-17T00:00:00Z,2024-09-17T08:00:00Z,2024-09-18T08:00:00Z,2024,2024-09-16T00:00:00Z,0.014239759301465734,-6.942749307557982,-7.416248623364599,-7.297780542725322,-7.426115279465336
ETH_USDT,2024-09-18T00:00:00Z,2024-09-18T08:00:00Z,2024-09-19T08:00:00Z,2024,2024-09-16T00:00:00Z,-0.03854122067701556,-6.191949921215126,-7.830700548392967,-7.921508896715858,-7.790509405842121
SOL_USDT,2024-09-18T00:00:00Z,2024-09-18T08:00:00Z,2024-09-19T08:00:00Z,2024,2024-09-16T00:00:00Z,-0.2533189193404979,-5.435014091130186,-7.414949118147598,-7.4999270724333265,-7.420684602272534
LINK_USDT,2024-09-18T00:00:00Z,2024-09-18T08:00:00Z,2024-09-19T08:00:00Z,2024,2024-09-16T00:00:00Z,-0.029435345078179638,-5.5294174049157165,-7.2468139222005155,-7.257838537151493,-7.209389870890724
ETH_USDT,2024-09-19T00:00:00Z,2024-09-19T08:00:00Z,2024-09-20T08:00:00Z,2024,2024-09-16T00:00:00Z,0.015939431501834855,-6.463349247344255,-7.75180518318655,-7.834045430126661,-7.751368894803306
SOL_USDT,2024-09-19T00:00:00Z,2024-09-19T08:00:00Z,2024-09-20T08:00:00Z,2024,2024-09-16T00:00:00Z,0.07627387410402198,-5.506039894710537,-7.073364099164461,-7.1621639349601045,-7.096367185044028
LINK_USDT,2024-09-19T00:00:00Z,2024-09-19T08:00:00Z,2024-09-20T08:00:00Z,2024,2024-09-16T00:00:00Z,0.03662535564217164,-6.287661863913237,-6.9674990588646475,-7.061607723117384,-6.965230509494122
ETH_USDT,2024-09-20T00:00:00Z,2024-09-20T08:00:00Z,2024-09-21T08:00:00Z,2024,2024-09-16T00:00:00Z,0.16775421825345024,-12.18276531774088,-7.8070234786853945,-7.780449335334991,-7.803695000366624
SOL_USDT,2024-09-20T00:00:00Z,2024-09-20T08:00:00Z,2024-09-21T08:00:00Z,2024,2024-09-16T00:00:00Z,0.35555135715302655,-7.511768099307183,-7.070497488611357,-7.006947993969427,-7.04952736266757
LINK_USDT,2024-09-20T00:00:00Z,2024-09-20T08:00:00Z,2024-09-21T08:00:00Z,2024,2024-09-16T00:00:00Z,0.4264955697362071,-7.988859696465796,-7.157695897991083,-6.960983734626024,-7.140296164115645
ETH_USDT,2024-09-21T00:00:00Z,2024-09-21T08:00:00Z,2024-09-22T08:00:00Z,2024,2024-09-16T00:00:00Z,0.23863483513353034,-7.598070569154283,-7.723331072778373,-7.700862636815145,-7.702807753868939
SOL_USDT,2024-09-21T00:00:00Z,2024-09-21T08:00:00Z,2024-09-22T08:00:00Z,2024,2024-09-16T00:00:00Z,0.46806132941686224,-7.886741868381151,-6.886072077558933,-6.826752723838445,-6.840247100439445
LINK_USDT,2024-09-21T00:00:00Z,2024-09-21T08:00:00Z,2024-09-22T08:00:00Z,2024,2024-09-16T00:00:00Z,0.40641533258928253,-7.869305045314224,-7.1219627181536405,-7.023185060462448,-7.044650019869506
ETH_USDT,2024-09-22T00:00:00Z,2024-09-22T08:00:00Z,2024-09-23T08:00:00Z,2024,2024-09-16T00:00:00Z,-0.5320408023897594,-7.278253762663216,-7.8542337178773804,-7.989727643351183,-7.823619246358755
SOL_USDT,2024-09-22T00:00:00Z,2024-09-22T08:00:00Z,2024-09-23T08:00:00Z,2024,2024-09-16T00:00:00Z,-0.3860493720866397,-6.993360310064855,-7.17518340173327,-7.172435366587546,-7.100627248827981
LINK_USDT,2024-09-22T00:00:00Z,2024-09-22T08:00:00Z,2024-09-23T08:00:00Z,2024,2024-09-16T00:00:00Z,-0.30390148550257695,-6.923807583795592,-7.377067969138121,-7.314429860714018,-7.296484229199173
ETH_USDT,2024-09-23T00:00:00Z,2024-09-23T08:00:00Z,2024-09-24T08:00:00Z,2024,2024-09-23T00:00:00Z,-0.17674413900162525,-8.369046747979393,-7.987889584649703,-7.9563168429295805,-8.064520327701281
SOL_USDT,2024-09-23T00:00:00Z,2024-09-23T08:00:00Z,2024-09-24T08:00:00Z,2024,2024-09-23T00:00:00Z,-0.2635078958302723,-7.905482783791528,-6.979381064965841,-7.119744611963521,-7.058002342568072
LINK_USDT,2024-09-23T00:00:00Z,2024-09-23T08:00:00Z,2024-09-24T08:00:00Z,2024,2024-09-23T00:00:00Z,-0.11709548669393989,-7.737204793888246,-7.201622849300839,-7.240950758737893,-7.24081643491285
ETH_USDT,2024-09-24T00:00:00Z,2024-09-24T08:00:00Z,2024-09-25T08:00:00Z,2024,2024-09-23T00:00:00Z,0.28327361100234943,-7.492664924584967,-7.83471630278905,-7.732536663552475,-7.870832305042218
SOL_USDT,2024-09-24T00:00:00Z,2024-09-24T08:00:00Z,2024-09-25T08:00:00Z,2024,2024-09-23T00:00:00Z,0.14280109369827593,-5.861258504842372,-7.194060291596552,-7.007586640127791,-7.249135040340004
LINK_USDT,2024-09-24T00:00:00Z,2024-09-24T08:00:00Z,2024-09-25T08:00:00Z,2024,2024-09-23T00:00:00Z,0.2421717886898303,-5.855291189496841,-7.251664949387622,-7.109235013172286,-7.265889132989778
ETH_USDT,2024-09-25T00:00:00Z,2024-09-25T08:00:00Z,2024-09-26T08:00:00Z,2024,2024-09-23T00:00:00Z,0.11765572616156142,-7.617652347911829,-7.914712266271906,-7.843153887372246,-7.85128521143945
SOL_USDT,2024-09-25T00:00:00Z,2024-09-25T08:00:00Z,2024-09-26T08:00:00Z,2024,2024-09-23T00:00:00Z,0.36903488233441695,-6.966858268518926,-6.831177855893181,-6.824858718007164,-6.835145775374622
LINK_USDT,2024-09-25T00:00:00Z,2024-09-25T08:00:00Z,2024-09-26T08:00:00Z,2024,2024-09-23T00:00:00Z,0.4831248144059787,-7.137667373157893,-6.998338975238687,-6.917491562369181,-6.963585349295968
ETH_USDT,2024-09-26T00:00:00Z,2024-09-26T08:00:00Z,2024-09-27T08:00:00Z,2024,2024-09-23T00:00:00Z,-0.16121489895303087,-8.439758852542285,-8.067570058187455,-8.029115451258457,-8.015449631289162
SOL_USDT,2024-09-26T00:00:00Z,2024-09-26T08:00:00Z,2024-09-27T08:00:00Z,2024,2024-09-23T00:00:00Z,0.008955690560413024,-6.552856692996898,-7.065383145358166,-7.046982267758934,-7.008003440967075
LINK_USDT,2024-09-26T00:00:00Z,2024-09-26T08:00:00Z,2024-09-27T08:00:00Z,2024,2024-09-23T00:00:00Z,0.4440395244944807,-6.968550361440125,-7.273633487057163,-7.059268013731366,-7.173032963072731
ETH_USDT,2024-09-27T00:00:00Z,2024-09-27T08:00:00Z,2024-09-28T08:00:00Z,2024,2024-09-23T00:00:00Z,0.09808642506281678,-8.797222171466483,-8.042907264728527,-7.995937576534961,-8.042394530242833
SOL_USDT,2024-09-27T00:00:00Z,2024-09-27T08:00:00Z,2024-09-28T08:00:00Z,2024,2024-09-23T00:00:00Z,0.47072260621212925,-8.354343211463165,-6.954685226121461,-6.874314485061767,-6.960783364490718
LINK_USDT,2024-09-27T00:00:00Z,2024-09-27T08:00:00Z,2024-09-28T08:00:00Z,2024,2024-09-23T00:00:00Z,0.6176226932478547,-9.619913360789496,-7.209351601569305,-6.983471577955442,-7.117599532368366
ETH_USDT,2024-09-28T00:00:00Z,2024-09-28T08:00:00Z,2024-09-29T08:00:00Z,2024,2024-09-23T00:00:00Z,0.1440023838584975,-8.599879615366998,-8.311255666028893,-8.131922213348496,-8.238514898915644
SOL_USDT,2024-09-28T00:00:00Z,2024-09-28T08:00:00Z,2024-09-29T08:00:00Z,2024,2024-09-23T00:00:00Z,0.363952678071053,-9.482720068092103,-7.296306830380228,-7.0680148653779264,-7.188256238027675
LINK_USDT,2024-09-28T00:00:00Z,2024-09-28T08:00:00Z,2024-09-29T08:00:00Z,2024,2024-09-23T00:00:00Z,0.5237637460871479,-6.422031966656853,-7.455257657419524,-7.128349882707618,-7.310504508024341
ETH_USDT,2024-09-29T00:00:00Z,2024-09-29T08:00:00Z,2024-09-30T08:00:00Z,2024,2024-09-23T00:00:00Z,-0.5636565767461837,-8.725449348360286,-8.511543824014016,-8.459435424701761,-8.419725798606299
SOL_USDT,2024-09-29T00:00:00Z,2024-09-29T08:00:00Z,2024-09-30T08:00:00Z,2024,2024-09-23T00:00:00Z,-0.48601488579559854,-8.133315765598903,-7.453408094583775,-7.410800406830604,-7.364009445882782
LINK_USDT,2024-09-29T00:00:00Z,2024-09-29T08:00:00Z,2024-09-30T08:00:00Z,2024,2024-09-23T00:00:00Z,0.2600410050480657,-7.823577230043835,-7.380686995935505,-7.207905456796047,-7.268770205481938
ETH_USDT,2024-09-30T00:00:00Z,2024-09-30T08:00:00Z,2024-10-01T08:00:00Z,2024,2024-09-30T00:00:00Z,-0.39194371569267084,-7.534655501860673,-8.34302239453803,-8.37909815068175,-8.386553656073607
SOL_USDT,2024-09-30T00:00:00Z,2024-09-30T08:00:00Z,2024-10-01T08:00:00Z,2024,2024-09-30T00:00:00Z,-0.0699028593550097,-6.737065124566293,-7.4111393512665655,-7.32585922793821,-7.465916277477152
LINK_USDT,2024-09-30T00:00:00Z,2024-09-30T08:00:00Z,2024-10-01T08:00:00Z,2024,2024-09-30T00:00:00Z,-0.14042572377620086,-6.3654265421288025,-7.305768236901993,-7.364189069192168,-7.253086341819879
ETH_USDT,2024-10-01T00:00:00Z,2024-10-01T08:00:00Z,2024-10-02T08:00:00Z,2024,2024-09-30T00:00:00Z,0.13204798732496092,-5.702621482949552,-8.401500639766683,-8.268230386294459,-8.391813530645697
SOL_USDT,2024-10-01T00:00:00Z,2024-10-01T08:00:00Z,2024-10-02T08:00:00Z,2024,2024-09-30T00:00:00Z,0.21065640940411753,-5.672250787559347,-7.291957595154972,-7.191300598208576,-7.278626136939422
LINK_USDT,2024-10-01T00:00:00Z,2024-10-01T08:00:00Z,2024-10-02T08:00:00Z,2024,2024-09-30T00:00:00Z,0.11792074269124105,-5.061955634644897,-7.25601739562169,-7.24274662517301,-7.267555733024069
ETH_USDT,2024-10-02T00:00:00Z,2024-10-02T08:00:00Z,2024-10-03T08:00:00Z,2024,2024-09-30T00:00:00Z,0.6380106085406893,-6.394453488346304,-7.765959049013745,-7.693513539272718,-7.737430686633928
SOL_USDT,2024-10-02T00:00:00Z,2024-10-02T08:00:00Z,2024-10-03T08:00:00Z,2024,2024-09-30T00:00:00Z,0.5711391286966451,-5.963375415763223,-7.030430579806677,-6.965246996449713,-6.985700115046113
LINK_USDT,2024-10-02T00:00:00Z,2024-10-02T08:00:00Z,2024-10-03T08:00:00Z,2024,2024-09-30T00:00:00Z,0.7195066898394412,-6.563200769325215,-6.884868765245976,-6.812325923591919,-6.879136946390514
ETH_USDT,2024-10-03T00:00:00Z,2024-10-03T08:00:00Z,2024-10-04T08:00:00Z,2024,2024-09-30T00:00:00Z,0.13600600960807566,-8.10947653203427,-7.701185336031169,-7.770993018845018,-7.603200421437099
SOL_USDT,2024-10-03T00:00:00Z,2024-10-03T08:00:00Z,2024-10-04T08:00:00Z,2024,2024-09-30T00:00:00Z,0.26229524446618385,-6.524348670241115,-6.946047341602149,-6.975197982351558,-6.857099113285235
LINK_USDT,2024-10-03T00:00:00Z,2024-10-03T08:00:00Z,2024-10-04T08:00:00Z,2024,2024-09-30T00:00:00Z,0.36201056099305623,-6.864138960190603,-6.954082732486833,-6.908634722049689,-6.846190631143414
ETH_USDT,2024-10-04T00:00:00Z,2024-10-04T08:00:00Z,2024-10-05T08:00:00Z,2024,2024-09-30T00:00:00Z,0.08129954483663984,-8.423567056367466,-8.00591220604736,-7.862393672841321,-7.985095073133013
SOL_USDT,2024-10-04T00:00:00Z,2024-10-04T08:00:00Z,2024-10-05T08:00:00Z,2024,2024-09-30T00:00:00Z,0.17660327744555385,-7.675878029512171,-7.112116701722752,-7.060349956725032,-7.070779988311588
LINK_USDT,2024-10-04T00:00:00Z,2024-10-04T08:00:00Z,2024-10-05T08:00:00Z,2024,2024-09-30T00:00:00Z,0.13392871651526628,-7.609250674416811,-7.20430438120442,-7.053114269725091,-7.151010989850342
ETH_USDT,2024-10-05T00:00:00Z,2024-10-05T08:00:00Z,2024-10-06T08:00:00Z,2024,2024-09-30T00:00:00Z,-0.15488068357505658,-13.560721111132928,-7.865614320119155,-7.918971088496448,-7.860760167982292
SOL_USDT,2024-10-05T00:00:00Z,2024-10-05T08:00:00Z,2024-10-06T08:00:00Z,2024,2024-09-30T00:00:00Z,0.025583530391460187,-9.885287965099698,-7.083806760586445,-7.094478993520051,-7.058941767569553
LINK_USDT,2024-10-05T00:00:00Z,2024-10-05T08:00:00Z,2024-10-06T08:00:00Z,2024,2024-09-30T00:00:00Z,-0.005017767713670708,-8.50558046128199,-7.003073909557432,-7.0443039529549205,-6.999362220392933
ETH_USDT,2024-10-06T00:00:00Z,2024-10-06T08:00:00Z,2024-10-07T08:00:00Z,2024,2024-09-30T00:00:00Z,-0.9635082608324641,-7.768466316263872,-8.632842435498176,-8.333850862493415,-8.636446972908946
SOL_USDT,2024-10-06T00:00:00Z,2024-10-06T08:00:00Z,2024-10-07T08:00:00Z,2024,2024-09-30T00:00:00Z,-0.6968815328018201,-7.479046195738878,-7.377101397584276,-7.410012730153697,-7.373994590453341
LINK_USDT,2024-10-06T00:00:00Z,2024-10-06T08:00:00Z,2024-10-07T08:00:00Z,2024,2024-09-30T00:00:00Z,-0.5812208041682866,-7.460801692429997,-7.191499399841399,-7.298702517769447,-7.212687800982074
ETH_USDT,2024-10-07T00:00:00Z,2024-10-07T08:00:00Z,2024-10-08T08:00:00Z,2024,2024-10-07T00:00:00Z,-0.8721349885653367,-7.694421993141934,-7.9830482550855395,-8.23869243681663,-8.158282918202618
SOL_USDT,2024-10-07T00:00:00Z,2024-10-07T08:00:00Z,2024-10-08T08:00:00Z,2024,2024-10-07T00:00:00Z,-0.6898146580299972,-6.803808133545123,-7.137676829014279,-7.368600030139283,-7.263925472446357
LINK_USDT,2024-10-07T00:00:00Z,2024-10-07T08:00:00Z,2024-10-08T08:00:00Z,2024,2024-10-07T00:00:00Z,-0.3853670191382416,-6.747242177335418,-7.360632756173113,-7.274556682296624,-7.455862029222276
ETH_USDT,2024-10-08T00:00:00Z,2024-10-08T08:00:00Z,2024-10-09T08:00:00Z,2024,2024-10-07T00:00:00Z,0.17205372152935364,-9.255061391986079,-7.800130487865204,-7.81422028877938,-7.970321019268077
SOL_USDT,2024-10-08T00:00:00Z,2024-10-08T08:00:00Z,2024-10-09T08:00:00Z,2024,2024-10-07T00:00:00Z,0.24822131317816676,-10.3381860173236,-6.99922803925875,-6.977669276018407,-7.129927582436692
LINK_USDT,2024-10-08T00:00:00Z,2024-10-08T08:00:00Z,2024-10-09T08:00:00Z,2024,2024-10-07T00:00:00Z,0.3019195552992353,-8.685068871660832,-6.999492555203938,-6.965863884608289,-7.081025922457238
ETH_USDT,2024-10-09T00:00:00Z,2024-10-09T08:00:00Z,2024-10-10T08:00:00Z,2024,2024-10-07T00:00:00Z,-0.2449170629497763,-6.41697027432953,-8.35549493019805,-8.259186182724738,-8.294375437502758
SOL_USDT,2024-10-09T00:00:00Z,2024-10-09T08:00:00Z,2024-10-10T08:00:00Z,2024,2024-10-07T00:00:00Z,-0.3024376880167177,-7.373742452702914,-7.5256236934331495,-7.396680302133672,-7.456220399331745
LINK_USDT,2024-10-09T00:00:00Z,2024-10-09T08:00:00Z,2024-10-10T08:00:00Z,2024,2024-10-07T00:00:00Z,0.09976247678945946,-7.741423209620188,-7.557889509850298,-7.351522211641298,-7.463221179380278
ETH_USDT,2024-10-10T00:00:00Z,2024-10-10T08:00:00Z,2024-10-11T08:00:00Z,2024,2024-10-07T00:00:00Z,-0.05428693116081163,-8.81341311457038,-8.077453585216592,-8.162122072853691,-8.080876311730062
SOL_USDT,2024-10-10T00:00:00Z,2024-10-10T08:00:00Z,2024-10-11T08:00:00Z,2024,2024-10-07T00:00:00Z,-0.3364160994209093,-8.135331938707864,-7.438273424951277,-7.523818411761766,-7.435374737378317
LINK_USDT,2024-10-10T00:00:00Z,2024-10-10T08:00:00Z,2024-10-11T08:00:00Z,2024,2024-10-07T00:00:00Z,0.09504359356051731,-8.79663404295718,-7.579887786401476,-7.43004279447092,-7.4807479235154375
ETH_USDT,2024-10-11T00:00:00Z,2024-10-11T08:00:00Z,2024-10-12T08:00:00Z,2024,2024-10-07T00:00:00Z,-0.0118661854381059,-8.359620515713006,-8.283478735022978,-8.176896342983424,-8.250829762043333
SOL_USDT,2024-10-11T00:00:00Z,2024-10-11T08:00:00Z,2024-10-12T08:00:00Z,2024,2024-10-07T00:00:00Z,-0.26134377175769724,-7.461544118041886,-7.770946697489688,-7.613568780919817,-7.7454264027454425
LINK_USDT,2024-10-11T00:00:00Z,2024-10-11T08:00:00Z,2024-10-12T08:00:00Z,2024,2024-10-07T00:00:00Z,-0.036578349608459085,-7.6933334073344035,-7.730571499464598,-7.51012850994765,-7.628397911183364
ETH_USDT,2024-10-12T00:00:00Z,2024-10-12T08:00:00Z,2024-10-13T08:00:00Z,2024,2024-10-07T00:00:00Z,-0.07968728095027108,-8.884557667048579,-8.221032959811108,-8.203728922890022,-8.175485188655244
SOL_USDT,2024-10-12T00:00:00Z,2024-10-12T08:00:00Z,2024-10-13T08:00:00Z,2024,2024-10-07T00:00:00Z,-0.22842755546406926,-10.978780154177187,-7.545652226583824,-7.585103288555103,-7.513612962611497
LINK_USDT,2024-10-12T00:00:00Z,2024-10-12T08:00:00Z,2024-10-13T08:00:00Z,2024,2024-10-07T00:00:00Z,-0.30840128344167467,-8.853736836502303,-7.656556397615659,-7.656726895593887,-7.565377585860133
ETH_USDT,2024-10-13T00:00:00Z,2024-10-13T08:00:00Z,2024-10-14T08:00:00Z,2024,2024-10-07T00:00:00Z,-0.5823085162289109,-6.961643575095405,-8.324507793738482,-8.400877243845578,-8.299368208088172
SOL_USDT,2024-10-13T00:00:00Z,2024-10-13T08:00:00Z,2024-10-14T08:00:00Z,2024,2024-10-07T00:00:00Z,-0.7211090013297541,-6.45968504474559,-7.90522817241723,-7.813300820797297,-7.853415694083894
LINK_USDT,2024-10-13T00:00:00Z,2024-10-13T08:00:00Z,2024-10-14T08:00:00Z,2024,2024-10-07T00:00:00Z,-0.4914051423163012,-6.55595626276791,-7.806429531895189,-7.768084923835704,-7.765948182940823
ETH_USDT,2024-10-14T00:00:00Z,2024-10-14T08:00:00Z,2024-10-15T08:00:00Z,2024,2024-10-14T00:00:00Z,-0.7172739153063945,-6.488667643557366,-8.237406234424366,-8.44302878337001,-8.30786991443806
SOL_USDT,2024-10-14T00:00:00Z,2024-10-14T08:00:00Z,2024-10-15T08:00:00Z,2024,2024-10-14T00:00:00Z,-0.537098701387337,-7.080693892867491,-7.687746255916053,-7.760553386546818,-7.73539762510856
LINK_USDT,2024-10-14T00:00:00Z,2024-10-14T08:00:00Z,2024-10-15T08:00:00Z,2024,2024-10-14T00:00:00Z,-0.44865163105726763,-7.170783884874285,-7.603492819535226,-7.702006889361054,-7.623926286005133
ETH_USDT,2024-10-15T00:00:00Z,2024-10-15T08:00:00Z,2024-10-16T08:00:00Z,2024,2024-10-14T00:00:00Z,0.5730806616158817,-7.73558848517706,-7.862492239466602,-7.78619077649472,-7.989113150161632
SOL_USDT,2024-10-15T00:00:00Z,2024-10-15T08:00:00Z,2024-10-16T08:00:00Z,2024,2024-10-14T00:00:00Z,0.3948849592450663,-8.17298247381316,-7.432042202651068,-7.316714595531101,-7.464684506462551
LINK_USDT,2024-10-15T00:00:00Z,2024-10-15T08:00:00Z,2024-10-16T08:00:00Z,2024,2024-10-14T00:00:00Z,0.18789464809727283,-6.083673833159016,-7.597968590791065,-7.490609374961268,-7.595715127530166
ETH_USDT,2024-10-16T00:00:00Z,2024-10-16T08:00:00Z,2024-10-17T08:00:00Z,2024,2024-10-14T00:00:00Z,0.5030620025053198,-9.98958625981761,-7.971942643145612,-7.809524360620739,-7.8687694135933794
SOL_USDT,2024-10-16T00:00:00Z,2024-10-16T08:00:00Z,2024-10-17T08:00:00Z,2024,2024-10-14T00:00:00Z,0.47825558062494,-7.881961087595165,-7.505979782306043,-7.261725400664095,-7.374340937686892
LINK_USDT,2024-10-16T00:00:00Z,2024-10-16T08:00:00Z,2024-10-17T08:00:00Z,2024,2024-10-14T00:00:00Z,0.7086305370895077,-9.145024540746796,-7.3874248161395455,-7.155151521958175,-7.308475893925599
ETH_USDT,2024-10-17T00:00:00Z,2024-10-17T08:00:00Z,2024-10-18T08:00:00Z,2024,2024-10-14T00:00:00Z,0.04199018979236258,-8.080655471913715,-8.553254792002116,-8.118028994359788,-8.405020200124747
SOL_USDT,2024-10-17T00:00:00Z,2024-10-17T08:00:00Z,2024-10-18T08:00:00Z,2024,2024-10-14T00:00:00Z,0.016943885168170834,-7.198409194012163,-7.5873283267252205,-7.461175625673693,-7.433020188183599
LINK_USDT,2024-10-17T00:00:00Z,2024-10-17T08:00:00Z,2024-10-18T08:00:00Z,2024,2024-10-14T00:00:00Z,-0.09436081657166569,-6.623736575040737,-7.469502472066428,-7.43497407752453,-7.2943220572828995
ETH_USDT,2024-10-18T00:00:00Z,2024-10-18T08:00:00Z,2024-10-19T08:00:00Z,2024,2024-10-14T00:00:00Z,-0.11402927963849993,-10.482685664508821,-8.275325760019127,-8.205354961344288,-8.24358561019278
SOL_USDT,2024-10-18T00:00:00Z,2024-10-18T08:00:00Z,2024-10-19T08:00:00Z,2024,2024-10-14T00:00:00Z,-0.07828960187209082,-10.227491040902832,-7.5660460922433375,-7.486215480542417,-7.510457059883167
LINK_USDT,2024-10-18T00:00:00Z,2024-10-18T08:00:00Z,2024-10-19T08:00:00Z,2024,2024-10-14T00:00:00Z,-0.2778571938609053,-9.653997708067319,-7.610551525769279,-7.522170281722843,-7.58005834606001
ETH_USDT,2024-10-19T00:00:00Z,2024-10-19T08:00:00Z,2024-10-20T08:00:00Z,2024,2024-10-14T00:00:00Z,0.16759555388027672,-12.284461370274546,-8.219100703037459,-8.119856302525355,-8.218020761998105
SOL_USDT,2024-10-19T00:00:00Z,2024-10-19T08:00:00Z,2024-10-20T08:00:00Z,2024,2024-10-14T00:00:00Z,-0.43095328255811033,-7.3736608129417025,-7.55344126230041,-7.651981841093761,-7.51469616123465
LINK_USDT,2024-10-19T00:00:00Z,2024-10-19T08:00:00Z,2024-10-20T08:00:00Z,2024,2024-10-14T00:00:00Z,-0.08936577760188409,-10.493851057955016,-7.360965689327738,-7.411005745620816,-7.388294686030161
ETH_USDT,2024-10-20T00:00:00Z,2024-10-20T08:00:00Z,2024-10-21T08:00:00Z,2024,2024-10-14T00:00:00Z,-0.8242068998560408,-7.115514802455786,-8.603539825555124,-8.538542717445875,-8.541166088692435
SOL_USDT,2024-10-20T00:00:00Z,2024-10-20T08:00:00Z,2024-10-21T08:00:00Z,2024,2024-10-14T00:00:00Z,-0.44819900644137356,-6.143738306113567,-7.563420461645193,-7.6555309305132795,-7.610767557304196
LINK_USDT,2024-10-20T00:00:00Z,2024-10-20T08:00:00Z,2024-10-21T08:00:00Z,2024,2024-10-14T00:00:00Z,-0.7998344471366565,-6.208041067838754,-7.6576271028618015,-7.712144026992491,-7.643846277844631
ETH_USDT,2024-10-21T00:00:00Z,2024-10-21T08:00:00Z,2024-10-22T08:00:00Z,2024,2024-10-21T00:00:00Z,0.09655728400190991,-8.024080904238224,-8.151701688351993,-8.157668812391305,-8.301977710074333
SOL_USDT,2024-10-21T00:00:00Z,2024-10-21T08:00:00Z,2024-10-22T08:00:00Z,2024,2024-10-21T00:00:00Z,0.1832837713403611,-7.658829747169928,-7.298983054824794,-7.318722127475952,-7.385336154211907
LINK_USDT,2024-10-21T00:00:00Z,2024-10-21T08:00:00Z,2024-10-22T08:00:00Z,2024,2024-10-21T00:00:00Z,-0.07404508780188687,-6.430022966847429,-7.302113959275166,-7.37588203733886,-7.443913101332603
ETH_USDT,2024-10-22T00:00:00Z,2024-10-22T08:00:00Z,2024-10-23T08:00:00Z,2024,2024-10-21T00:00:00Z,0.26306451804250197,-8.935612464515888,-8.456214062741832,-8.323055970151598,-8.378877913999824
SOL_USDT,2024-10-22T00:00:00Z,2024-10-22T08:00:00Z,2024-10-23T08:00:00Z,2024,2024-10-21T00:00:00Z,0.6124940082881513,-8.856458295476555,-7.4629879063988955,-7.236101081099489,-7.40358546137494
LINK_USDT,2024-10-22T00:00:00Z,2024-10-22T08:00:00Z,2024-10-23T08:00:00Z,2024,2024-10-21T00:00:00Z,-0.05134780752851816,-6.6894281993811076,-7.4004615934056535,-7.38252952900259,-7.392377411965123
ETH_USDT,2024-10-23T00:00:00Z,2024-10-23T08:00:00Z,2024-10-24T08:00:00Z,2024,2024-10-21T00:00:00Z,0.07402096654976215,-7.273484853264647,-8.682619978839437,-8.481276493541742,-8.565185796182215
SOL_USDT,2024-10-23T00:00:00Z,2024-10-23T08:00:00Z,2024-10-24T08:00:00Z,2024,2024-10-21T00:00:00Z,0.43135048894213285,-7.2528004197867215,-7.740877443497683,-7.37176452096299,-7.600459113207083
LINK_USDT,2024-10-23T00:00:00Z,2024-10-23T08:00:00Z,2024-10-24T08:00:00Z,2024,2024-10-21T00:00:00Z,0.49852408173598933,-7.342090052545506,-7.436175868444891,-7.2415269806684925,-7.42786688552793
ETH_USDT,2024-10-24T00:00:00Z,2024-10-24T08:00:00Z,2024-10-25T08:00:00Z,2024,2024-10-21T00:00:00Z,0.32154009851810217,-7.607931146900862,-8.352622885483242,-8.252547917889824,-8.299929709783358
SOL_USDT,2024-10-24T00:00:00Z,2024-10-24T08:00:00Z,2024-10-25T08:00:00Z,2024,2024-10-21T00:00:00Z,0.5074970871761777,-6.781638607728021,-7.48534018592177,-7.2985412270738825,-7.386270062257293
LINK_USDT,2024-10-24T00:00:00Z,2024-10-24T08:00:00Z,2024-10-25T08:00:00Z,2024,2024-10-21T00:00:00Z,0.1600730893351021,-7.731661485863067,-7.286364802998847,-7.273788485433461,-7.187643717102538
ETH_USDT,2024-10-25T00:00:00Z,2024-10-25T08:00:00Z,2024-10-26T08:00:00Z,2024,2024-10-21T00:00:00Z,0.12623930659533314,-6.488747216766144,-8.46733099274451,-8.32959927379429,-8.374666324122902
SOL_USDT,2024-10-25T00:00:00Z,2024-10-25T08:00:00Z,2024-10-26T08:00:00Z,2024,2024-10-21T00:00:00Z,0.3920793967628789,-6.1057033111520225,-7.499955748289825,-7.359217305561661,-7.405011283705063
LINK_USDT,2024-10-25T00:00:00Z,2024-10-25T08:00:00Z,2024-10-26T08:00:00Z,2024,2024-10-21T00:00:00Z,-0.15282740045935406,-5.5851651770164095,-7.377412142832949,-7.393534487479439,-7.344292813460034
ETH_USDT,2024-10-26T00:00:00Z,2024-10-26T08:00:00Z,2024-10-27T08:00:00Z,2024,2024-10-21T00:00:00Z,0.6414670189639216,-9.091670595867358,-8.019045093446325,-7.917092310358336,-7.999070783900503
SOL_USDT,2024-10-26T00:00:00Z,2024-10-26T08:00:00Z,2024-10-27T08:00:00Z,2024,2024-10-21T00:00:00Z,0.7077272619768452,-7.755711691277484,-7.164684250597162,-7.066884283159809,-7.1173686231637685
LINK_USDT,2024-10-26T00:00:00Z,2024-10-26T08:00:00Z,2024-10-27T08:00:00Z,2024,2024-10-21T00:00:00Z,0.5426431990206243,-7.2186592379327665,-7.059707814781496,-7.002768432660475,-7.09967621516942
ETH_USDT,2024-10-27T00:00:00Z,2024-10-27T08:00:00Z,2024-10-28T08:00:00Z,2024,2024-10-21T00:00:00Z,-0.08732467459259835,-9.470982064273828,-8.199692776597995,-8.183167760425636,-8.094617539351733
SOL_USDT,2024-10-27T00:00:00Z,2024-10-27T08:00:00Z,2024-10-28T08:00:00Z,2024,2024-10-21T00:00:00Z,0.06725395992533331,-8.260175055739627,-7.3556653228936755,-7.332135412321287,-7.254806664965031
LINK_USDT,2024-10-27T00:00:00Z,2024-10-27T08:00:00Z,2024-10-28T08:00:00Z,2024,2024-10-21T00:00:00Z,-0.022625721735491336,-8.010182039859709,-7.197169310088677,-7.1999302520648625,-7.12567986801208
ETH_USDT,2024-10-28T00:00:00Z,2024-10-28T08:00:00Z,2024-10-29T08:00:00Z,2024,2024-10-28T00:00:00Z,-0.6467472638424288,-6.888756468979851,-8.334787056981517,-8.437538719475164,-8.330418162968265
SOL_USDT,2024-10-28T00:00:00Z,2024-10-28T08:00:00Z,2024-10-29T08:00:00Z,2024,2024-10-28T00:00:00Z,-0.027180805487461962,-6.849185096987428,-7.462094431224515,-7.454977041469599,-7.443551344074966
LINK_USDT,2024-10-28T00:00:00Z,2024-10-28T08:00:00Z,2024-10-29T08:00:00Z,2024,2024-10-28T00:00:00Z,-0.6328735279215029,-6.190854521496713,-7.29878415635707,-7.4650044934122874,-7.302303589623243
ETH_USDT,2024-10-29T00:00:00Z,2024-10-29T08:00:00Z,2024-10-30T08:00:00Z,2024,2024-10-28T00:00:00Z,0.302947227633708,-8.05058004043,-8.09402272458218,-8.044382039408275,-8.187915600132976
SOL_USDT,2024-10-29T00:00:00Z,2024-10-29T08:00:00Z,2024-10-30T08:00:00Z,2024,2024-10-28T00:00:00Z,0.34347967576742516,-9.621721973814848,-7.329871597454573,-7.273382893126808,-7.330582384617808
LINK_USDT,2024-10-29T00:00:00Z,2024-10-29T08:00:00Z,2024-10-30T08:00:00Z,2024,2024-10-28T00:00:00Z,-0.0848681596578153,-7.312595821617889,-7.127391932670184,-7.216492385747035,-7.2337619593199936
ETH_USDT,2024-10-30T00:00:00Z,2024-10-30T08:00:00Z,2024-10-31T08:00:00Z,2024,2024-10-28T00:00:00Z,0.5298502842641504,-8.940165645064468,-8.068731092162128,-7.928336375562206,-8.017674274221964
SOL_USDT,2024-10-30T00:00:00Z,2024-10-30T08:00:00Z,2024-10-31T08:00:00Z,2024,2024-10-28T00:00:00Z,0.385454753435847,-7.17969999743916,-7.444938424581938,-7.258268073151777,-7.380604234939408
LINK_USDT,2024-10-30T00:00:00Z,2024-10-30T08:00:00Z,2024-10-31T08:00:00Z,2024,2024-10-28T00:00:00Z,0.03208137906464247,-7.005870198435429,-7.142766410847436,-7.18393935855781,-7.160730787316127
ETH_USDT,2024-10-31T00:00:00Z,2024-10-31T08:00:00Z,2024-11-01T08:00:00Z,2024,2024-10-28T00:00:00Z,0.542648382940364,-6.589300549371702,-8.221256204360127,-7.991655444833869,-8.127455050052346
SOL_USDT,2024-10-31T00:00:00Z,2024-10-31T08:00:00Z,2024-11-01T08:00:00Z,2024,2024-10-28T00:00:00Z,0.027974393937559915,-7.01601327857121,-7.372494880763314,-7.387932166103863,-7.314321100398648
LINK_USDT,2024-10-31T00:00:00Z,2024-10-31T08:00:00Z,2024-11-01T08:00:00Z,2024,2024-10-28T00:00:00Z,0.32059608910205084,-6.096951932164717,-7.261177994660107,-7.147900671471334,-7.257624075298111
ETH_USDT,2024-11-01T00:00:00Z,2024-11-01T08:00:00Z,2024-11-02T08:00:00Z,2024,2024-10-28T00:00:00Z,0.3849509048486151,-10.544152888256027,-7.944490131347568,-7.95616598509705,-7.8810316722604465
SOL_USDT,2024-11-01T00:00:00Z,2024-11-01T08:00:00Z,2024-11-02T08:00:00Z,2024,2024-10-28T00:00:00Z,-0.06121206718289321,-7.93157271627952,-7.345389500111955,-7.4297976739506275,-7.350011832207717
LINK_USDT,2024-11-01T00:00:00Z,2024-11-01T08:00:00Z,2024-11-02T08:00:00Z,2024,2024-10-28T00:00:00Z,0.16664700571122726,-9.868484247159326,-7.063266473512411,-7.141497030733066,-7.039627407834059
ETH_USDT,2024-11-02T00:00:00Z,2024-11-02T08:00:00Z,2024-11-03T08:00:00Z,2024,2024-10-28T00:00:00Z,0.4100575836157022,-7.876355167527586,-8.401753128478871,-8.158445452600693,-8.327627669459595
SOL_USDT,2024-11-02T00:00:00Z,2024-11-02T08:00:00Z,2024-11-03T08:00:00Z,2024,2024-10-28T00:00:00Z,0.1320336987208376,-6.921853569072991,-7.599843527241504,-7.573900169900619,-7.594541608614182
LINK_USDT,2024-11-02T00:00:00Z,2024-11-02T08:00:00Z,2024-11-03T08:00:00Z,2024,2024-10-28T00:00:00Z,0.26844495082931935,-7.883555085531131,-7.491974888706267,-7.289400450795534,-7.455392593532261
ETH_USDT,2024-11-03T00:00:00Z,2024-11-03T08:00:00Z,2024-11-04T08:00:00Z,2024,2024-10-28T00:00:00Z,-0.660743639356272,-9.9494613769508,-8.449188476814646,-8.563086063459764,-8.373999978336178
SOL_USDT,2024-11-03T00:00:00Z,2024-11-03T08:00:00Z,2024-11-04T08:00:00Z,2024,2024-10-28T00:00:00Z,-0.5884239080348131,-7.163898364975789,-7.566906392913525,-7.81211254802542,-7.543533097318822
LINK_USDT,2024-11-03T00:00:00Z,2024-11-03T08:00:00Z,2024-11-04T08:00:00Z,2024,2024-10-28T00:00:00Z,-0.10993068171602724,-7.075765986691131,-7.623948609717963,-7.474879291158812,-7.565840979069055
ETH_USDT,2024-11-04T00:00:00Z,2024-11-04T08:00:00Z,2024-11-05T08:00:00Z,2024,2024-11-04T00:00:00Z,-0.047791811169513365,-7.217796128396727,-8.254360900096707,-8.304945250966368,-8.355880046223888
SOL_USDT,2024-11-04T00:00:00Z,2024-11-04T08:00:00Z,2024-11-05T08:00:00Z,2024,2024-11-04T00:00:00Z,-0.07284100792722949,-6.342864966448906,-7.470369668137652,-7.577441571354783,-7.564170431555645
LINK_USDT,2024-11-04T00:00:00Z,2024-11-04T08:00:00Z,2024-11-05T08:00:00Z,2024,2024-11-04T00:00:00Z,0.19579757360839972,-6.6665692628153375,-7.34454768029833,-7.3233022889656585,-7.361538796197098
ETH_USDT,2024-11-05T00:00:00Z,2024-11-05T08:00:00Z,2024-11-06T08:00:00Z,2024,2024-11-04T00:00:00Z,0.025086665041258983,-5.353260590267065,-8.312191194199636,-8.317411300446283,-8.31094891183968
SOL_USDT,2024-11-05T00:00:00Z,2024-11-05T08:00:00Z,2024-11-06T08:00:00Z,2024,2024-11-04T00:00:00Z,-0.001430690089338528,-4.582224660736322,-7.4560083644832424,-7.532356684215366,-7.470069365894041
LINK_USDT,2024-11-05T00:00:00Z,2024-11-05T08:00:00Z,2024-11-06T08:00:00Z,2024,2024-11-04T00:00:00Z,0.20975295844464154,-4.939929030362494,-7.422305292347729,-7.3546814782123695,-7.385500205492358
ETH_USDT,2024-11-06T00:00:00Z,2024-11-06T08:00:00Z,2024-11-07T08:00:00Z,2024,2024-11-04T00:00:00Z,0.08333267197241677,-5.963915240537623,-8.296105007258111,-8.290867981069479,-8.278755711474151
SOL_USDT,2024-11-06T00:00:00Z,2024-11-06T08:00:00Z,2024-11-07T08:00:00Z,2024,2024-11-04T00:00:00Z,0.12325878260748062,-8.65112268036682,-7.339805887108728,-7.399269615362698,-7.351685512779598
LINK_USDT,2024-11-06T00:00:00Z,2024-11-06T08:00:00Z,2024-11-07T08:00:00Z,2024,2024-11-04T00:00:00Z,-0.0732656660845324,-6.835020421908152,-7.341815940489457,-7.414852325079625,-7.302079831615952
ETH_USDT,2024-11-07T00:00:00Z,2024-11-07T08:00:00Z,2024-11-08T08:00:00Z,2024,2024-11-04T00:00:00Z,1.1739212229123264,-7.8155842793038435,-7.534934393883457,-7.405904481164505,-7.566217727632482
SOL_USDT,2024-11-07T00:00:00Z,2024-11-07T08:00:00Z,2024-11-08T08:00:00Z,2024,2024-11-04T00:00:00Z,1.2466836608528122,-6.593294636625981,-6.700673241560786,-6.564044222324331,-6.734147978648373
LINK_USDT,2024-11-07T00:00:00Z,2024-11-07T08:00:00Z,2024-11-08T08:00:00Z,2024,2024-11-04T00:00:00Z,0.8746534752793617,-7.431253839395274,-6.837633952245401,-6.758500299644341,-6.875232941831444
ETH_USDT,2024-11-08T00:00:00Z,2024-11-08T08:00:00Z,2024-11-09T08:00:00Z,2024,2024-11-04T00:00:00Z,0.879331069855959,-7.309682235928781,-7.653103112331126,-7.5011060142617945,-7.526977107328875
SOL_USDT,2024-11-08T00:00:00Z,2024-11-08T08:00:00Z,2024-11-09T08:00:00Z,2024,2024-11-04T00:00:00Z,0.3632959663907305,-10.008241052589351,-6.898888560218904,-6.881190963367413,-6.7690617096042764
LINK_USDT,2024-11-08T00:00:00Z,2024-11-08T08:00:00Z,2024-11-09T08:00:00Z,2024,2024-11-04T00:00:00Z,0.5235723499508355,-6.05059128814171,-7.164957192179215,-6.968788649806629,-7.050973224138804
ETH_USDT,2024-11-09T00:00:00Z,2024-11-09T08:00:00Z,2024-11-10T08:00:00Z,2024,2024-11-04T00:00:00Z,0.6228652511769074,-6.780128865804287,-7.877897873001087,-7.6510359140586806,-7.794161695340426
SOL_USDT,2024-11-09T00:00:00Z,2024-11-09T08:00:00Z,2024-11-10T08:00:00Z,2024,2024-11-04T00:00:00Z,0.5611897119386711,-7.134903907352104,-7.0274941115671075,-6.861134090649244,-7.022795281833201
LINK_USDT,2024-11-09T00:00:00Z,2024-11-09T08:00:00Z,2024-11-10T08:00:00Z,2024,2024-11-04T00:00:00Z,0.887500871048775,-5.856406441602413,-7.031503278877983,-6.811597104798284,-6.985767100008148
ETH_USDT,2024-11-10T00:00:00Z,2024-11-10T08:00:00Z,2024-11-11T08:00:00Z,2024,2024-11-04T00:00:00Z,0.5492847316355628,-8.08629555886551,-7.706962280246584,-7.636986273349818,-7.673843501602388
SOL_USDT,2024-11-10T00:00:00Z,2024-11-10T08:00:00Z,2024-11-11T08:00:00Z,2024,2024-11-04T00:00:00Z,-0.049091573070232424,-6.583557905911987,-7.1201256597439695,-7.082229075160864,-7.0836567177589265
LINK_USDT,2024-11-10T00:00:00Z,2024-11-10T08:00:00Z,2024-11-11T08:00:00Z,2024,2024-11-04T00:00:00Z,0.29824593493693247,-6.44360599543714,-7.109474237299827,-6.9934046838834245,-7.0156104849013925
ETH_USDT,2024-11-11T00:00:00Z,2024-11-11T08:00:00Z,2024-11-12T08:00:00Z,2024,2024-11-11T00:00:00Z,1.011763164893022,-5.958734477227549,-7.687309705972741,-7.453157812771762,-7.656337755842678
SOL_USDT,2024-11-11T00:00:00Z,2024-11-11T08:00:00Z,2024-11-12T08:00:00Z,2024,2024-11-11T00:00:00Z,0.9522819367913162,-5.857390218622726,-6.869287546591963,-6.713205824437522,-6.913396092344689
LINK_USDT,2024-11-11T00:00:00Z,2024-11-11T08:00:00Z,2024-11-12T08:00:00Z,2024,2024-11-11T00:00:00Z,1.07538311524181,-5.800465777137998,-6.868282701330594,-6.656151342304609,-6.855735718815758
ETH_USDT,2024-11-12T00:00:00Z,2024-11-12T08:00:00Z,2024-11-13T08:00:00Z,2024,2024-11-11T00:00:00Z,1.0892692320449604,-6.351661955142845,-7.458114365726317,-7.318565815805981,-7.377377145541138
SOL_USDT,2024-11-12T00:00:00Z,2024-11-12T08:00:00Z,2024-11-13T08:00:00Z,2024,2024-11-11T00:00:00Z,1.0176741045341475,-5.596349798838288,-6.757516480125092,-6.617291918147101,-6.678293397640705
LINK_USDT,2024-11-12T00:00:00Z,2024-11-12T08:00:00Z,2024-11-13T08:00:00Z,2024,2024-11-11T00:00:00Z,0.9735309698105098,-5.175274853868955,-6.734695217864798,-6.586292802958134,-6.630059965782047
ETH_USDT,2024-11-13T00:00:00Z,2024-11-13T08:00:00Z,2024-11-14T08:00:00Z,2024,2024-11-11T00:00:00Z,0.9903205916151595,-5.624334741230497,-7.498659171775927,-7.312054211560388,-7.406768112850425
SOL_USDT,2024-11-13T00:00:00Z,2024-11-13T08:00:00Z,2024-11-14T08:00:00Z,2024,2024-11-11T00:00:00Z,0.9438223058453113,-5.796813573091778,-6.735703456205515,-6.591940194608903,-6.649417107318426
LINK_USDT,2024-11-13T00:00:00Z,2024-11-13T08:00:00Z,2024-11-14T08:00:00Z,2024,2024-11-11T00:00:00Z,1.1932273657143153,-5.028063614461104,-6.690767712445323,-6.450653059017,-6.601704549148716
ETH_USDT,2024-11-14T00:00:00Z,2024-11-14T08:00:00Z,2024-11-15T08:00:00Z,2024,2024-11-11T00:00:00Z,0.8585201467476553,-6.18738778654803,-7.434840066525024,-7.366220959679033,-7.340921604054371
SOL_USDT,2024-11-14T00:00:00Z,2024-11-14T08:00:00Z,2024-11-15T08:00:00Z,2024,2024-11-11T00:00:00Z,1.041896837397873,-6.731878792433553,-6.828452289606558,-6.648312307246226,-6.721878363452049
LINK_USDT,2024-11-14T00:00:00Z,2024-11-14T08:00:00Z,2024-11-15T08:00:00Z,2024,2024-11-11T00:00:00Z,0.8920484370514183,-6.026524052171986,-6.574226868774598,-6.469801028436654,-6.44613074625858
ETH_USDT,2024-11-15T00:00:00Z,2024-11-15T08:00:00Z,2024-11-16T08:00:00Z,2024,2024-11-11T00:00:00Z,0.3917517188788596,-7.550089701050559,-7.465251208854525,-7.486331375463536,-7.384937514338866
SOL_USDT,2024-11-15T00:00:00Z,2024-11-15T08:00:00Z,2024-11-16T08:00:00Z,2024,2024-11-11T00:00:00Z,0.6453372953164696,-6.085112077223928,-6.893175672486386,-6.760492612216098,-6.76843870611639
LINK_USDT,2024-11-15T00:00:00Z,2024-11-15T08:00:00Z,2024-11-16T08:00:00Z,2024,2024-11-11T00:00:00Z,0.4790917064671839,-5.9544636367679376,-6.6231420732381965,-6.5677643001853365,-6.534459006312391
ETH_USDT,2024-11-16T00:00:00Z,2024-11-16T08:00:00Z,2024-11-17T08:00:00Z,2024,2024-11-11T00:00:00Z,0.19165631665185526,-8.947959221183286,-7.502805494127656,-7.501783218364311,-7.485440464166292
SOL_USDT,2024-11-16T00:00:00Z,2024-11-16T08:00:00Z,2024-11-17T08:00:00Z,2024,2024-11-11T00:00:00Z,0.25926349405867316,-4.67087611253593,-6.797585276927692,-6.8270821902736065,-6.739241149915323
LINK_USDT,2024-11-16T00:00:00Z,2024-11-16T08:00:00Z,2024-11-17T08:00:00Z,2024,2024-11-11T00:00:00Z,0.2404641497795703,-7.135203103934697,-6.600883670414291,-6.6204328711047715,-6.570517258768648
ETH_USDT,2024-11-17T00:00:00Z,2024-11-17T08:00:00Z,2024-11-18T08:00:00Z,2024,2024-11-11T00:00:00Z,-0.005701407664254065,-7.445016556054242,-7.690111776378561,-7.632228475374851,-7.694089888551407
SOL_USDT,2024-11-17T00:00:00Z,2024-11-17T08:00:00Z,2024-11-18T08:00:00Z,2024,2024-11-11T00:00:00Z,0.03955609000811926,-7.158582852271742,-6.969072540736989,-6.914723683413576,-6.959490861414789
LINK_USDT,2024-11-17T00:00:00Z,2024-11-17T08:00:00Z,2024-11-18T08:00:00Z,2024,2024-11-11T00:00:00Z,0.5389454400873694,-4.969692999148919,-6.7222736966516345,-6.543699370124002,-6.724354936992637
ETH_USDT,2024-11-18T00:00:00Z,2024-11-18T08:00:00Z,2024-11-19T08:00:00Z,2024,2024-11-18T00:00:00Z,0.025425389768828067,-6.698420363326116,-7.677848814489005,-7.640469539914239,-7.70841419909877
SOL_USDT,2024-11-18T00:00:00Z,2024-11-18T08:00:00Z,2024-11-19T08:00:00Z,2024,2024-11-18T00:00:00Z,0.7431714559171829,-7.6936342095692805,-6.594294015116587,-6.517961759992614,-6.6350779400722
LINK_USDT,2024-11-18T00:00:00Z,2024-11-18T08:00:00Z,2024-11-19T08:00:00Z,2024,2024-11-18T00:00:00Z,0.32941844023754163,-6.69857008187627,-6.737205619043965,-6.645679259161697,-6.6988664992743105
ETH_USDT,2024-11-19T00:00:00Z,2024-11-19T08:00:00Z,2024-11-20T08:00:00Z,2024,2024-11-18T00:00:00Z,0.35178411313701835,-10.774950929975944,-7.618030506097847,-7.554583782865881,-7.6287943887421115
SOL_USDT,2024-11-19T00:00:00Z,2024-11-19T08:00:00Z,2024-11-20T08:00:00Z,2024,2024-11-18T00:00:00Z,0.606166403874878,-8.00723705685839,-6.7018286427547995,-6.528826106193322,-6.633434102953071
LINK_USDT,2024-11-19T00:00:00Z,2024-11-19T08:00:00Z,2024-11-20T08:00:00Z,2024,2024-11-18T00:00:00Z,0.8604203740240458,-8.349913033572252,-6.5172528162123236,-6.373334387980549,-6.503685569305663
ETH_USDT,2024-11-20T00:00:00Z,2024-11-20T08:00:00Z,2024-11-21T08:00:00Z,2024,2024-11-18T00:00:00Z,0.07640738035851141,-7.0301265328846725,-7.650676602604361,-7.66648828275154,-7.6207650220142815
SOL_USDT,2024-11-20T00:00:00Z,2024-11-20T08:00:00Z,2024-11-21T08:00:00Z,2024,2024-11-18T00:00:00Z,0.2855260201742267,-7.030191088101709,-6.803067196033754,-6.703561238112108,-6.7494846426397865
LINK_USDT,2024-11-20T00:00:00Z,2024-11-20T08:00:00Z,2024-11-21T08:00:00Z,2024,2024-11-18T00:00:00Z,0.19374067944227952,-5.322080108743982,-6.702201948337508,-6.637538857831306,-6.612684880142874
ETH_USDT,2024-11-21T00:00:00Z,2024-11-21T08:00:00Z,2024-11-22T08:00:00Z,2024,2024-11-18T00:00:00Z,0.06118115797393811,-6.001527653038072,-7.925275012538534,-7.864714848648134,-7.893612237591081
SOL_USDT,2024-11-21T00:00:00Z,2024-11-21T08:00:00Z,2024-11-22T08:00:00Z,2024,2024-11-18T00:00:00Z,0.2280296802768733,-6.261091921425908,-6.909346312033973,-6.78838616684293,-6.881008425783889
LINK_USDT,2024-11-21T00:00:00Z,2024-11-21T08:00:00Z,2024-11-22T08:00:00Z,2024,2024-11-18T00:00:00Z,0.37299953964419497,-7.4304403746071905,-6.696611290626689,-6.648448134415087,-6.678319318775418
ETH_USDT,2024-11-22T00:00:00Z,2024-11-22T08:00:00Z,2024-11-23T08:00:00Z,2024,2024-11-18T00:00:00Z,0.7108315582685942,-8.316503647634885,-7.719869871156667,-7.57760306228625,-7.698665784737649
SOL_USDT,2024-11-22T00:00:00Z,2024-11-22T08:00:00Z,2024-11-23T08:00:00Z,2024,2024-11-18T00:00:00Z,0.6793610104458915,-8.777288543546485,-6.744403313798491,-6.613694427550224,-6.729281155538759
LINK_USDT,2024-11-22T00:00:00Z,2024-11-22T08:00:00Z,2024-11-23T08:00:00Z,2024,2024-11-18T00:00:00Z,0.4134020860204907,-5.105276846889558,-6.78419122585988,-6.638075491110937,-6.733183520618227
ETH_USDT,2024-11-23T00:00:00Z,2024-11-23T08:00:00Z,2024-11-24T08:00:00Z,2024,2024-11-18T00:00:00Z,0.2348775887863693,-6.394567664906783,-7.9339756637332925,-7.758787136721064,-7.819529896367183
SOL_USDT,2024-11-23T00:00:00Z,2024-11-23T08:00:00Z,2024-11-24T08:00:00Z,2024,2024-11-18T00:00:00Z,0.19014578154175524,-7.757293258415125,-6.976433850771118,-6.8256899352411,-6.889762234497482
LINK_USDT,2024-11-23T00:00:00Z,2024-11-23T08:00:00Z,2024-11-24T08:00:00Z,2024,2024-11-18T00:00:00Z,0.9269291457764862,-5.458581000082985,-6.65415673908673,-6.430135507584259,-6.613238771794477
ETH_USDT,2024-11-24T00:00:00Z,2024-11-24T08:00:00Z,2024-11-25T08:00:00Z,2024,2024-11-18T00:00:00Z,0.39939782531656925,-6.2214003118125305,-7.735133601733398,-7.635739679009495,-7.701696464188129
SOL_USDT,2024-11-24T00:00:00Z,2024-11-24T08:00:00Z,2024-11-25T08:00:00Z,2024,2024-11-18T00:00:00Z,0.11282351530483237,-5.608616214299776,-6.959245256368006,-6.860808418405789,-6.940164548899535
LINK_USDT,2024-11-24T00:00:00Z,2024-11-24T08:00:00Z,2024-11-25T08:00:00Z,2024,2024-11-18T00:00:00Z,1.060123371732536,-4.114966004607169,-6.602160534126244,-6.313014907495992,-6.497092407624217
ETH_USDT,2024-11-25T00:00:00Z,2024-11-25T08:00:00Z,2024-11-26T08:00:00Z,2024,2024-11-25T00:00:00Z,-0.03013235092573345,-6.158051122715166,-7.563629577318676,-7.669757593420048,-7.51634627623444
SOL_USDT,2024-11-25T00:00:00Z,2024-11-25T08:00:00Z,2024-11-26T08:00:00Z,2024,2024-11-25T00:00:00Z,-0.19390483630303681,-5.749141210244422,-7.018161764663027,-7.148423564078892,-6.976801191168068
LINK_USDT,2024-11-25T00:00:00Z,2024-11-25T08:00:00Z,2024-11-26T08:00:00Z,2024,2024-11-25T00:00:00Z,0.6920483544153447,-5.423760681900101,-6.2209428057846905,-6.187801116881782,-6.116642627818928
ETH_USDT,2024-11-26T00:00:00Z,2024-11-26T08:00:00Z,2024-11-27T08:00:00Z,2024,2024-11-25T00:00:00Z,0.6277810943345233,-6.315805852443568,-7.467963072832406,-7.3681174712411535,-7.487039795187049
SOL_USDT,2024-11-26T00:00:00Z,2024-11-26T08:00:00Z,2024-11-27T08:00:00Z,2024,2024-11-25T00:00:00Z,0.007696454413850905,-6.34142924863806,-6.896083436147842,-6.968142412185164,-6.910626449338585
LINK_USDT,2024-11-26T00:00:00Z,2024-11-26T08:00:00Z,2024-11-27T08:00:00Z,2024,2024-11-25T00:00:00Z,0.8758689970021257,-5.810998419771815,-6.278727812899865,-6.0939981673351085,-6.213373008605363
ETH_USDT,2024-11-27T00:00:00Z,2024-11-27T08:00:00Z,2024-11-28T08:00:00Z,2024,2024-11-25T00:00:00Z,0.21663198313850468,-6.023548607699955,-7.525967200528195,-7.490550497524509,-7.450367488484163
SOL_USDT,2024-11-27T00:00:00Z,2024-11-27T08:00:00Z,2024-11-28T08:00:00Z,2024,2024-11-25T00:00:00Z,-0.0033154122399369768,-6.915441079898659,-6.915742301343452,-6.929497628391597,-6.907329563767226
LINK_USDT,2024-11-27T00:00:00Z,2024-11-27T08:00:00Z,2024-11-28T08:00:00Z,2024,2024-11-25T00:00:00Z,0.3609858678423621,-5.853906381345726,-6.396198104591081,-6.261851696001202,-6.301650556859664
ETH_USDT,2024-11-28T00:00:00Z,2024-11-28T08:00:00Z,2024-11-29T08:00:00Z,2024,2024-11-25T00:00:00Z,0.3509742769640655,-7.818438505698059,-7.330705136878132,-7.34604177675316,-7.327666147097965
SOL_USDT,2024-11-28T00:00:00Z,2024-11-28T08:00:00Z,2024-11-29T08:00:00Z,2024,2024-11-25T00:00:00Z,-0.2550230156503776,-7.111201258089053,-6.8993526579757605,-6.984371691852473,-6.892414564016849
LINK_USDT,2024-11-28T00:00:00Z,2024-11-28T08:00:00Z,2024-11-29T08:00:00Z,2024,2024-11-25T00:00:00Z,0.4441517394947778,-6.431801458507603,-6.314976077825735,-6.2379217015223265,-6.294058233234837
ETH_USDT,2024-11-29T00:00:00Z,2024-11-29T08:00:00Z,2024-11-30T08:00:00Z,2024,2024-11-25T00:00:00Z,0.059150795130690104,-6.617631355785389,-7.551990844003796,-7.518080103713677,-7.514176974081533
SOL_USDT,2024-11-29T00:00:00Z,2024-11-29T08:00:00Z,2024-11-30T08:00:00Z,2024,2024-11-25T00:00:00Z,-0.5977634563117502,-7.412774331442004,-6.9789297482938215,-7.153523259341609,-7.005525891999332
LINK_USDT,2024-11-29T00:00:00Z,2024-11-29T08:00:00Z,2024-11-30T08:00:00Z,2024,2024-11-25T00:00:00Z,-0.04617354621301156,-6.602656356839137,-6.335698148969544,-6.3968262697684075,-6.308989171007885
ETH_USDT,2024-11-30T00:00:00Z,2024-11-30T08:00:00Z,2024-12-01T08:00:00Z,2024,2024-11-25T00:00:00Z,-0.2219286418514521,-8.974632459191787,-7.515872967003022,-7.59245772337609,-7.518361039603742
SOL_USDT,2024-11-30T00:00:00Z,2024-11-30T08:00:00Z,2024-12-01T08:00:00Z,2024,2024-11-25T00:00:00Z,-0.5145412688038039,-7.610396814618719,-6.964639022637751,-7.0964859958867885,-7.038676349875896
LINK_USDT,2024-11-30T00:00:00Z,2024-11-30T08:00:00Z,2024-12-01T08:00:00Z,2024,2024-11-25T00:00:00Z,-0.2329387763406729,-7.516785051864587,-6.391525448305341,-6.483949280419296,-6.422800145963391
ETH_USDT,2024-12-01T00:00:00Z,2024-12-01T08:00:00Z,2024-12-02T08:00:00Z,2024,2024-11-25T00:00:00Z,-0.04201967991972763,-8.498113791623835,-7.543338074834208,-7.575866251841525,-7.593395409844622
SOL_USDT,2024-12-01T00:00:00Z,2024-12-01T08:00:00Z,2024-12-02T08:00:00Z,2024,2024-11-25T00:00:00Z,-0.756722339138646,-6.536729577800852,-7.028528976819437,-7.196928521241374,-7.095213638143293
LINK_USDT,2024-12-01T00:00:00Z,2024-12-01T08:00:00Z,2024-12-02T08:00:00Z,2024,2024-11-25T00:00:00Z,0.05405632135296408,-6.0960756759418295,-6.539574476101559,-6.441887641044663,-6.594852499116861
ETH_USDT,2024-12-02T00:00:00Z,2024-12-02T08:00:00Z,2024-12-03T08:00:00Z,2024,2024-12-02T00:00:00Z,-0.20246366899181678,-9.051052675652736,-7.788711075034727,-7.68164847149122,-7.789250449113527
SOL_USDT,2024-12-02T00:00:00Z,2024-12-02T08:00:00Z,2024-12-03T08:00:00Z,2024,2024-12-02T00:00:00Z,-0.7083159349274777,-8.218177055589265,-7.215884814578657,-7.307874992968985,-7.294067150949342
LINK_USDT,2024-12-02T00:00:00Z,2024-12-02T08:00:00Z,2024-12-03T08:00:00Z,2024,2024-12-02T00:00:00Z,-0.15528625777921004,-3.485739315113972,-6.908154397896752,-6.781361472397007,-6.867451239604808
ETH_USDT,2024-12-03T00:00:00Z,2024-12-03T08:00:00Z,2024-12-04T08:00:00Z,2024,2024-12-02T00:00:00Z,0.28454490577253766,-6.858681567116975,-7.8155161945964995,-7.599078072636298,-7.818058058149303
SOL_USDT,2024-12-03T00:00:00Z,2024-12-03T08:00:00Z,2024-12-04T08:00:00Z,2024,2024-12-02T00:00:00Z,0.10125538913868753,-5.954341068168467,-7.172980682327407,-7.097335236002952,-7.2273067864363005
LINK_USDT,2024-12-03T00:00:00Z,2024-12-03T08:00:00Z,2024-12-04T08:00:00Z,2024,2024-12-02T00:00:00Z,1.9308080313737228,-6.053735042236496,-6.067230546580283,-5.586087825427042,-6.122768074114116
ETH_USDT,2024-12-04T00:00:00Z,2024-12-04T08:00:00Z,2024-12-05T08:00:00Z,2024,2024-12-02T00:00:00Z,0.15535491478479704,-7.103141644317794,-7.879832942568087,-7.702233843934266,-7.8118576607761785
SOL_USDT,2024-12-04T00:00:00Z,2024-12-04T08:00:00Z,2024-12-05T08:00:00Z,2024,2024-12-02T00:00:00Z,0.23102447521913755,-6.950947398979765,-7.1341183886962245,-7.016287644122565,-7.084186385854036
LINK_USDT,2024-12-04T00:00:00Z,2024-12-04T08:00:00Z,2024-12-05T08:00:00Z,2024,2024-12-02T00:00:00Z,1.3915995132739079,-5.519878737840477,-6.26617237559566,-5.747187384671811,-6.005350951752446
ETH_USDT,2024-12-05T00:00:00Z,2024-12-05T08:00:00Z,2024-12-06T08:00:00Z,2024,2024-12-02T00:00:00Z,0.5155876404272857,-6.43224528607948,-7.833424069370596,-7.653732269867729,-7.760554111823915
SOL_USDT,2024-12-05T00:00:00Z,2024-12-05T08:00:00Z,2024-12-06T08:00:00Z,2024,2024-12-02T00:00:00Z,-0.08944860726628931,-7.04322166308508,-7.158714920133231,-7.110889825496771,-7.073636487200515
LINK_USDT,2024-12-05T00:00:00Z,2024-12-05T08:00:00Z,2024-12-06T08:00:00Z,2024,2024-12-02T00:00:00Z,0.8852677238071608,-5.755817684978352,-6.135953035883561,-5.890683295050836,-5.952617999492054
ETH_USDT,2024-12-06T00:00:00Z,2024-12-06T08:00:00Z,2024-12-07T08:00:00Z,2024,2024-12-02T00:00:00Z,0.46874820772353865,-7.343674171757791,-7.8280553342879,-7.636622376999031,-7.697621500674137
SOL_USDT,2024-12-06T00:00:00Z,2024-12-06T08:00:00Z,2024-12-07T08:00:00Z,2024,2024-12-02T00:00:00Z,0.285432490638233,-9.720299998560805,-7.113223034712625,-6.97944668099021,-7.073879713339429
LINK_USDT,2024-12-06T00:00:00Z,2024-12-06T08:00:00Z,2024-12-07T08:00:00Z,2024,2024-12-02T00:00:00Z,0.42334110912490325,-4.893847827825018,-6.147288013172388,-6.039796554459473,-6.0329003072278855
ETH_USDT,2024-12-07T00:00:00Z,2024-12-07T08:00:00Z,2024-12-08T08:00:00Z,2024,2024-12-02T00:00:00Z,0.3253144443773284,-10.075726399162326,-7.774503359053294,-7.681798060156613,-7.677130546127796
SOL_USDT,2024-12-07T00:00:00Z,2024-12-07T08:00:00Z,2024-12-08T08:00:00Z,2024,2024-12-02T00:00:00Z,-0.04875118867554026,-7.581089111204274,-7.293691761020262,-7.177957591112062,-7.203531358080088
LINK_USDT,2024-12-07T00:00:00Z,2024-12-07T08:00:00Z,2024-12-08T08:00:00Z,2024,2024-12-02T00:00:00Z,0.28389394215931124,-7.156440669175316,-6.056050985463237,-6.063847747470337,-6.031423584745206
ETH_USDT,2024-12-08T00:00:00Z,2024-12-08T08:00:00Z,2024-12-09T08:00:00Z,2024,2024-12-02T00:00:00Z,-0.6908859194252537,-7.629514753543087,-8.119867227978597,-8.095177780544923,-8.024670783439591
SOL_USDT,2024-12-08T00:00:00Z,2024-12-08T08:00:00Z,2024-12-09T08:00:00Z,2024,2024-12-02T00:00:00Z,-0.6032823104086397,-7.523842085906777,-7.283490807824139,-7.384728725313383,-7.256526758012256
LINK_USDT,2024-12-08T00:00:00Z,2024-12-08T08:00:00Z,2024-12-09T08:00:00Z,2024,2024-12-02T00:00:00Z,0.08894312809631487,-6.712939439726633,-6.221312355499535,-6.103132063763331,-6.2154698593809234
ETH_USDT,2024-12-09T00:00:00Z,2024-12-09T08:00:00Z,2024-12-10T08:00:00Z,2024,2024-12-09T00:00:00Z,-0.8065786578193924,-6.491995186526751,-8.111980854373792,-8.138646214230672,-8.171287500789468
SOL_USDT,2024-12-09T00:00:00Z,2024-12-09T08:00:00Z,2024-12-10T08:00:00Z,2024,2024-12-09T00:00:00Z,-0.8758930124028658,-6.097961403123334,-7.539777621329912,-7.468457085574099,-7.575852567382949
LINK_USDT,2024-12-09T00:00:00Z,2024-12-09T08:00:00Z,2024-12-10T08:00:00Z,2024,2024-12-09T00:00:00Z,0.39162779824024363,-4.196642518080273,-6.137602275842851,-6.000009190816469,-6.163342561985743
ETH_USDT,2024-12-10T00:00:00Z,2024-12-10T08:00:00Z,2024-12-11T08:00:00Z,2024,2024-12-09T00:00:00Z,0.4312859614871999,-6.026099639947182,-7.687179911364485,-7.604959559771468,-7.799597529764574
SOL_USDT,2024-12-10T00:00:00Z,2024-12-10T08:00:00Z,2024-12-11T08:00:00Z,2024,2024-12-09T00:00:00Z,0.22826449783939234,-5.471013145053863,-7.06399252997568,-7.030398316497852,-7.1713686806976185
LINK_USDT,2024-12-10T00:00:00Z,2024-12-10T08:00:00Z,2024-12-11T08:00:00Z,2024,2024-12-09T00:00:00Z,0.9408965243747605,-4.869261154736627,-6.1616958391151275,-5.939839967681682,-6.107582496414814
ETH_USDT,2024-12-11T00:00:00Z,2024-12-11T08:00:00Z,2024-12-12T08:00:00Z,2024,2024-12-09T00:00:00Z,0.3888506584685228,-6.314061509855117,-7.545287951519207,-7.502378393421386,-7.488352791204958
SOL_USDT,2024-12-11T00:00:00Z,2024-12-11T08:00:00Z,2024-12-12T08:00:00Z,2024,2024-12-09T00:00:00Z,0.13981999094433936,-6.146696916846074,-6.982797828525791,-7.001040266533933,-6.932854563875692
LINK_USDT,2024-12-11T00:00:00Z,2024-12-11T08:00:00Z,2024-12-12T08:00:00Z,2024,2024-12-09T00:00:00Z,0.6035306533139416,-3.26846969685946,-6.095660692915529,-5.96596816434325,-5.9734642979044335
ETH_USDT,2024-12-12T00:00:00Z,2024-12-12T08:00:00Z,2024-12-13T08:00:00Z,2024,2024-12-09T00:00:00Z,-0.2780477164721408,-7.495824001285292,-7.5648127919940436,-7.738840149254447,-7.512093496061764
SOL_USDT,2024-12-12T00:00:00Z,2024-12-12T08:00:00Z,2024-12-13T08:00:00Z,2024,2024-12-09T00:00:00Z,-0.1904065110458608,-7.641063188883785,-6.913888184545578,-7.049824283566866,-6.885848977677563
LINK_USDT,2024-12-12T00:00:00Z,2024-12-12T08:00:00Z,2024-12-13T08:00:00Z,2024,2024-12-09T00:00:00Z,-0.05220118005705149,-6.45609210286799,-6.091727756502953,-6.167585845760124,-6.017671573601929
ETH_USDT,2024-12-13T00:00:00Z,2024-12-13T08:00:00Z,2024-12-14T08:00:00Z,2024,2024-12-09T00:00:00Z,-0.0033015258685348344,-10.109416448851515,-7.594339887480913,-7.633976855536739,-7.641840924297853
SOL_USDT,2024-12-13T00:00:00Z,2024-12-13T08:00:00Z,2024-12-14T08:00:00Z,2024,2024-12-09T00:00:00Z,-0.4062180918346817,-7.465918605605293,-7.054056601232896,-7.155469550054112,-7.0695883612171935
LINK_USDT,2024-12-13T00:00:00Z,2024-12-13T08:00:00Z,2024-12-14T08:00:00Z,2024,2024-12-09T00:00:00Z,1.0502326387152463,-5.343309499359824,-5.6807379934356845,-5.510303486251919,-5.7410614039404715
ETH_USDT,2024-12-14T00:00:00Z,2024-12-14T08:00:00Z,2024-12-15T08:00:00Z,2024,2024-12-09T00:00:00Z,-0.37253695405384424,-8.935281780290396,-7.935375125130258,-7.8565552895473,-7.9226156137427495
SOL_USDT,2024-12-14T00:00:00Z,2024-12-14T08:00:00Z,2024-12-15T08:00:00Z,2024,2024-12-09T00:00:00Z,-0.5954767916887465,-7.557879799222136,-7.053545412248031,-7.243134201847308,-7.115084879735861
LINK_USDT,2024-12-14T00:00:00Z,2024-12-14T08:00:00Z,2024-12-15T08:00:00Z,2024,2024-12-09T00:00:00Z,0.6579076334485532,-5.921428827857214,-5.8469884309988425,-5.66233040097225,-5.723543024962085
ETH_USDT,2024-12-15T00:00:00Z,2024-12-15T08:00:00Z,2024-12-16T08:00:00Z,2024,2024-12-09T00:00:00Z,-0.7422861861421579,-7.7138590565358625,-7.893954132014478,-8.02684204682639,-7.959642239545315
SOL_USDT,2024-12-15T00:00:00Z,2024-12-15T08:00:00Z,2024-12-16T08:00:00Z,2024,2024-12-09T00:00:00Z,-0.8643302693206395,-7.544151720526828,-7.117234539463972,-7.350140389082112,-7.216449601660584
LINK_USDT,2024-12-15T00:00:00Z,2024-12-15T08:00:00Z,2024-12-16T08:00:00Z,2024,2024-12-09T00:00:00Z,0.35394784788181466,-8.615105426851022,-5.88825602423794,-5.7585397851823945,-5.834167410233462
ETH_USDT,2024-12-16T00:00:00Z,2024-12-16T08:00:00Z,2024-12-17T08:00:00Z,2024,2024-12-16T00:00:00Z,-0.7755507604468141,-8.508574785219194,-7.743842720364989,-8.036360497351435,-7.874806511436013
SOL_USDT,2024-12-16T00:00:00Z,2024-12-16T08:00:00Z,2024-12-17T08:00:00Z,2024,2024-12-16T00:00:00Z,-0.8650171018303034,-7.131045006759297,-7.0403352908775005,-7.349598300947703,-7.185306022371926
LINK_USDT,2024-12-16T00:00:00Z,2024-12-16T08:00:00Z,2024-12-17T08:00:00Z,2024,2024-12-16T00:00:00Z,-0.09629038344729747,-5.434260772460077,-6.0120481346434875,-5.924155446232267,-5.9897230287586085
ETH_USDT,2024-12-17T00:00:00Z,2024-12-17T08:00:00Z,2024-12-18T08:00:00Z,2024,2024-12-16T00:00:00Z,0.20015972625036846,-7.660685295842293,-7.923191376901071,-7.769917466296764,-8.03411635034144
SOL_USDT,2024-12-17T00:00:00Z,2024-12-17T08:00:00Z,2024-12-18T08:00:00Z,2024,2024-12-16T00:00:00Z,-0.27168256684737135,-6.349416516445181,-7.113345050373293,-7.194613094781784,-7.242057853444053
LINK_USDT,2024-12-17T00:00:00Z,2024-12-17T08:00:00Z,2024-12-18T08:00:00Z,2024,2024-12-16T00:00:00Z,0.3425209170496789,-6.874698737412696,-5.93579444260059,-5.841674804148402,-5.987903729727514
ETH_USDT,2024-12-18T00:00:00Z,2024-12-18T08:00:00Z,2024-12-19T08:00:00Z,2024,2024-12-16T00:00:00Z,-0.21394240724618918,-5.401687793941807,-8.093943779158973,-8.072996725953887,-8.022808969730992
SOL_USDT,2024-12-18T00:00:00Z,2024-12-18T08:00:00Z,2024-12-19T08:00:00Z,2024,2024-12-16T00:00:00Z,0.05246242899234396,-5.656179203716151,-7.355818949843522,-7.2940262266740366,-7.376429700978823
LINK_USDT,2024-12-18T00:00:00Z,2024-12-18T08:00:00Z,2024-12-19T08:00:00Z,2024,2024-12-16T00:00:00Z,-0.05452610072325762,-4.90641080703341,-6.102746223550854,-6.025576258675073,-6.07162163386557
ETH_USDT,2024-12-19T00:00:00Z,2024-12-19T08:00:00Z,2024-12-20T08:00:00Z,2024,2024-12-16T00:00:00Z,0.20083295971628168,-5.605480407241195,-7.608720728601371,-7.687485880230546,-7.636724678273953
SOL_USDT,2024-12-19T00:00:00Z,2024-12-19T08:00:00Z,2024-12-20T08:00:00Z,2024,2024-12-16T00:00:00Z,0.1109958845535475,-5.405190613483185,-7.083660233314301,-7.16464939633145,-7.061134474583303
LINK_USDT,2024-12-19T00:00:00Z,2024-12-19T08:00:00Z,2024-12-20T08:00:00Z,2024,2024-12-16T00:00:00Z,0.158243276790598,-5.455943216419536,-5.890144580018164,-5.929626334516002,-5.923246774894293
ETH_USDT,2024-12-20T00:00:00Z,2024-12-20T08:00:00Z,2024-12-21T08:00:00Z,2024,2024-12-16T00:00:00Z,0.5032785574444025,-6.859421482046544,-7.429325226198005,-7.410495488070333,-7.414518609650956
SOL_USDT,2024-12-20T00:00:00Z,2024-12-20T08:00:00Z,2024-12-21T08:00:00Z,2024,2024-12-16T00:00:00Z,0.3305545822096308,-6.799059836547969,-6.852919489731381,-6.89199869334043,-6.847793622070306
LINK_USDT,2024-12-20T00:00:00Z,2024-12-20T08:00:00Z,2024-12-21T08:00:00Z,2024,2024-12-16T00:00:00Z,0.3248547885692478,-5.754365880412882,-6.265838086058081,-6.12383882037427,-6.206265994268673
ETH_USDT,2024-12-21T00:00:00Z,2024-12-21T08:00:00Z,2024-12-22T08:00:00Z,2024,2024-12-16T00:00:00Z,0.6176727073979575,-6.3656547291106245,-7.5100517167884835,-7.332276846550522,-7.454934289191384
SOL_USDT,2024-12-21T00:00:00Z,2024-12-21T08:00:00Z,2024-12-22T08:00:00Z,2024,2024-12-16T00:00:00Z,0.5277361820029708,-5.294329407135044,-6.993028718809846,-6.812043891302763,-6.953429948157476
LINK_USDT,2024-12-21T00:00:00Z,2024-12-21T08:00:00Z,2024-12-22T08:00:00Z,2024,2024-12-16T00:00:00Z,0.12793976719764358,-5.092852312664172,-6.458307542589825,-6.253757240544021,-6.3667509904733794
ETH_USDT,2024-12-22T00:00:00Z,2024-12-22T08:00:00Z,2024-12-23T08:00:00Z,2024,2024-12-16T00:00:00Z,-0.367794497713908,-8.669468842800164,-7.373169101623289,-7.614511551951526,-7.318010759396721
SOL_USDT,2024-12-22T00:00:00Z,2024-12-22T08:00:00Z,2024-12-23T08:00:00Z,2024,2024-12-16T00:00:00Z,-0.0568562706541673,-8.035206678938362,-6.685476602426689,-6.864371435848257,-6.643152917195561
LINK_USDT,2024-12-22T00:00:00Z,2024-12-22T08:00:00Z,2024-12-23T08:00:00Z,2024,2024-12-16T00:00:00Z,-0.27210049220358223,-7.051661238158255,-6.179946181344953,-6.286841871651665,-6.141209341844952
ETH_USDT,2024-12-23T00:00:00Z,2024-12-23T08:00:00Z,2024-12-24T08:00:00Z,2024,2024-12-23T00:00:00Z,-0.6625505230116849,-6.2174107518536585,-7.592406349006341,-7.745553488089128,-7.669100830500314
SOL_USDT,2024-12-23T00:00:00Z,2024-12-23T08:00:00Z,2024-12-24T08:00:00Z,2024,2024-12-23T00:00:00Z,-0.4577541356704393,-5.955144779278834,-6.869277721958347,-7.018640874649524,-6.902595615157614
LINK_USDT,2024-12-23T00:00:00Z,2024-12-23T08:00:00Z,2024-12-24T08:00:00Z,2024,2024-12-23T00:00:00Z,-0.9914356758523342,-4.427523717418637,-6.435923295697144,-6.561408239528343,-6.4448934634386
ETH_USDT,2024-12-24T00:00:00Z,2024-12-24T08:00:00Z,2024-12-25T08:00:00Z,2024,2024-12-23T00:00:00Z,-0.3446400065538965,-7.248368696691432,-7.30677865760975,-7.558862979887512,-7.430651084911034
SOL_USDT,2024-12-24T00:00:00Z,2024-12-24T08:00:00Z,2024-12-25T08:00:00Z,2024,2024-12-23T00:00:00Z,-0.26342379516128384,-6.829543140822882,-6.675810115469115,-6.886291033281343,-6.765982689534003
LINK_USDT,2024-12-24T00:00:00Z,2024-12-24T08:00:00Z,2024-12-25T08:00:00Z,2024,2024-12-23T00:00:00Z,-0.22444174583252613,-5.936750973882852,-6.029666063608155,-6.171502789348473,-6.157419000927904
ETH_USDT,2024-12-25T00:00:00Z,2024-12-25T08:00:00Z,2024-12-26T08:00:00Z,2024,2024-12-23T00:00:00Z,-0.7373324336056655,-7.525476673395003,-7.358043427617932,-7.690990006326041,-7.4344273265572145
SOL_USDT,2024-12-25T00:00:00Z,2024-12-25T08:00:00Z,2024-12-26T08:00:00Z,2024,2024-12-23T00:00:00Z,-0.638786926656095,-7.727100729348254,-6.732286127515242,-7.028740318398297,-6.79326564659333
LINK_USDT,2024-12-25T00:00:00Z,2024-12-25T08:00:00Z,2024-12-26T08:00:00Z,2024,2024-12-23T00:00:00Z,-0.26197542189885537,-6.24949402190845,-6.113029584397831,-6.191167402182092,-6.137459423160465
ETH_USDT,2024-12-26T00:00:00Z,2024-12-26T08:00:00Z,2024-12-27T08:00:00Z,2024,2024-12-23T00:00:00Z,-1.052121995994934,-7.515459619863967,-7.706209605827851,-7.939677642222634,-7.810718750820403
SOL_USDT,2024-12-26T00:00:00Z,2024-12-26T08:00:00Z,2024-12-27T08:00:00Z,2024,2024-12-23T00:00:00Z,-0.9193451991096225,-7.256437153263823,-7.077727691526688,-7.221088472846729,-7.170332712662493
LINK_USDT,2024-12-26T00:00:00Z,2024-12-26T08:00:00Z,2024-12-27T08:00:00Z,2024,2024-12-23T00:00:00Z,-0.8207533656163408,-7.05342197160289,-6.313739271741493,-6.460766083120779,-6.332755559912785
ETH_USDT,2024-12-27T00:00:00Z,2024-12-27T08:00:00Z,2024-12-28T08:00:00Z,2024,2024-12-23T00:00:00Z,-0.7217794732557883,-12.198526804245937,-7.6733677449118005,-7.954911747218814,-7.801829570696873
SOL_USDT,2024-12-27T00:00:00Z,2024-12-27T08:00:00Z,2024-12-28T08:00:00Z,2024,2024-12-23T00:00:00Z,-0.8835272957954291,-8.457629130319932,-6.992975645074225,-7.3218164572650615,-7.110914501679475
LINK_USDT,2024-12-27T00:00:00Z,2024-12-27T08:00:00Z,2024-12-28T08:00:00Z,2024,2024-12-23T00:00:00Z,-0.9923041549087144,-6.311831022382086,-6.244480385303775,-6.534121942120666,-6.329960974890966
ETH_USDT,2024-12-28T00:00:00Z,2024-12-28T08:00:00Z,2024-12-29T08:00:00Z,2024,2024-12-23T00:00:00Z,-0.6068680364600789,-8.479142201088164,-8.061649752896704,-7.993371084481196,-8.138295712336706
SOL_USDT,2024-12-28T00:00:00Z,2024-12-28T08:00:00Z,2024-12-29T08:00:00Z,2024,2024-12-23T00:00:00Z,-0.9394063637741839,-6.5088595693589255,-7.122503247268539,-7.366948833210489,-7.240303343166113
LINK_USDT,2024-12-28T00:00:00Z,2024-12-28T08:00:00Z,2024-12-29T08:00:00Z,2024,2024-12-23T00:00:00Z,-0.8313038384282275,-7.000480170481703,-6.307154360378673,-6.482115382315247,-6.423500333388535
ETH_USDT,2024-12-29T00:00:00Z,2024-12-29T08:00:00Z,2024-12-30T08:00:00Z,2024,2024-12-23T00:00:00Z,-1.2445457960719803,-7.490917882578461,-8.028799819469656,-8.355536986022063,-8.087094649908863
SOL_USDT,2024-12-29T00:00:00Z,2024-12-29T08:00:00Z,2024-12-30T08:00:00Z,2024,2024-12-23T00:00:00Z,-1.1735381530410918,-6.998501213507476,-7.1925842481648,-7.610657258895431,-7.308766985845029
LINK_USDT,2024-12-29T00:00:00Z,2024-12-29T08:00:00Z,2024-12-30T08:00:00Z,2024,2024-12-23T00:00:00Z,-0.975379715575778,-6.774605453105333,-6.424316802514862,-6.6396727133983555,-6.510751917475558
ETH_USDT,2024-12-30T00:00:00Z,2024-12-30T08:00:00Z,2024-12-31T08:00:00Z,2024,2024-12-30T00:00:00Z,-1.345806655885425,-6.848085821859138,-8.05903650527113,-8.391551197291438,-8.206098288351924
SOL_USDT,2024-12-30T00:00:00Z,2024-12-30T08:00:00Z,2024-12-31T08:00:00Z,2024,2024-12-30T00:00:00Z,-1.0957129333072506,-6.713896515050369,-7.217077662577983,-7.563912527700611,-7.3655095796804595
LINK_USDT,2024-12-30T00:00:00Z,2024-12-30T08:00:00Z,2024-12-31T08:00:00Z,2024,2024-12-30T00:00:00Z,-1.5823421451218505,-6.160929296302533,-6.4317510389823775,-6.843864584604755,-6.5383676798172825
ETH_USDT,2024-12-31T00:00:00Z,2024-12-31T08:00:00Z,2025-01-01T08:00:00Z,2024,2024-12-30T00:00:00Z,-0.34865899630687963,-7.119791358827119,-7.943542066829945,-8.08861137913963,-8.10352851155406
SOL_USDT,2024-12-31T00:00:00Z,2024-12-31T08:00:00Z,2025-01-01T08:00:00Z,2024,2024-12-30T00:00:00Z,-0.6717427358789461,-5.498904049664347,-7.249543363615556,-7.47100306254583,-7.372338058791841
LINK_USDT,2024-12-31T00:00:00Z,2024-12-31T08:00:00Z,2025-01-01T08:00:00Z,2024,2024-12-30T00:00:00Z,-1.0358525716700822,-6.1340408354497065,-6.623047054474542,-6.8442075324319065,-6.7782713196674935
ETH_USDT,2025-01-01T00:00:00Z,2025-01-01T08:00:00Z,2025-01-02T08:00:00Z,2025,2024-12-30T00:00:00Z,-0.6654305614441534,-8.054596493361906,-7.954638584268309,-8.170621910867897,-7.9638305075388125
SOL_USDT,2025-01-01T00:00:00Z,2025-01-01T08:00:00Z,2025-01-02T08:00:00Z,2025,2024-12-30T00:00:00Z,-0.6356865651113537,-5.62001226895188,-6.97759023773198,-7.288923051185414,-7.058657537690681
LINK_USDT,2025-01-01T00:00:00Z,2025-01-01T08:00:00Z,2025-01-02T08:00:00Z,2025,2024-12-30T00:00:00Z,-1.0576809613186378,-5.366016741898718,-6.613253496121225,-6.848386131738525,-6.681195624802729
ETH_USDT,2025-01-02T00:00:00Z,2025-01-02T08:00:00Z,2025-01-03T08:00:00Z,2025,2024-12-30T00:00:00Z,-1.1048830249226205,-8.48349674484312,-8.235247861870763,-8.308703951294834,-8.276008456210432
SOL_USDT,2025-01-02T00:00:00Z,2025-01-02T08:00:00Z,2025-01-03T08:00:00Z,2025,2024-12-30T00:00:00Z,-1.0040891005087038,-9.494561447813995,-7.176985997738356,-7.40437919233522,-7.246607835149819
LINK_USDT,2025-01-02T00:00:00Z,2025-01-02T08:00:00Z,2025-01-03T08:00:00Z,2025,2024-12-30T00:00:00Z,-0.8905203967746776,-8.32453387626164,-6.550394563827518,-6.778795393986418,-6.647393603422512
ETH_USDT,2025-01-03T00:00:00Z,2025-01-03T08:00:00Z,2025-01-04T08:00:00Z,2025,2024-12-30T00:00:00Z,-0.47806007967468167,-6.445803809019035,-8.064446931443719,-8.14654102664767,-8.158510093383217
SOL_USDT,2025-01-03T00:00:00Z,2025-01-03T08:00:00Z,2025-01-04T08:00:00Z,2025,2024-12-30T00:00:00Z,-0.23245625698450972,-6.2135860256922,-6.899205369196204,-7.060599638254203,-7.030335783273482
LINK_USDT,2025-01-03T00:00:00Z,2025-01-03T08:00:00Z,2025-01-04T08:00:00Z,2025,2024-12-30T00:00:00Z,-0.5456522706024247,-5.2015956131183225,-6.676814788418086,-6.6917454802838074,-6.734284574674148
ETH_USDT,2025-01-04T00:00:00Z,2025-01-04T08:00:00Z,2025-01-05T08:00:00Z,2025,2024-12-30T00:00:00Z,-0.4191200856366365,-8.31270135054954,-7.826185503689785,-8.00233766342518,-7.8739619261660785
SOL_USDT,2025-01-04T00:00:00Z,2025-01-04T08:00:00Z,2025-01-05T08:00:00Z,2025,2024-12-30T00:00:00Z,-0.16267420294244886,-8.323438282281483,-6.8789985273335725,-6.990756485301398,-6.92233268478871
LINK_USDT,2025-01-04T00:00:00Z,2025-01-04T08:00:00Z,2025-01-05T08:00:00Z,2025,2024-12-30T00:00:00Z,-0.4348612559917329,-7.826773360727233,-6.449246621318952,-6.569594121883412,-6.489449249386888
ETH_USDT,2025-01-05T00:00:00Z,2025-01-05T08:00:00Z,2025-01-06T08:00:00Z,2025,2024-12-30T00:00:00Z,-0.7201539874795141,-10.831222213474673,-7.9650518475536805,-8.101110167417163,-7.999818284655799
SOL_USDT,2025-01-05T00:00:00Z,2025-01-05T08:00:00Z,2025-01-06T08:00:00Z,2025,2024-12-30T00:00:00Z,-0.6135422821762627,-8.28865522722279,-7.060708574326176,-7.176857588212145,-7.084203317188829
LINK_USDT,2025-01-05T00:00:00Z,2025-01-05T08:00:00Z,2025-01-06T08:00:00Z,2025,2024-12-30T00:00:00Z,-0.9872005084249451,-8.334318088235733,-6.640069882957771,-6.763377934986857,-6.654672792281325
ETH_USDT,2025-01-06T00:00:00Z,2025-01-06T08:00:00Z,2025-01-07T08:00:00Z,2025,2025-01-06T00:00:00Z,-1.0527322180057939,-7.872575261088094,-8.088640197823642,-8.239817977668478,-8.165738508245425
SOL_USDT,2025-01-06T00:00:00Z,2025-01-06T08:00:00Z,2025-01-07T08:00:00Z,2025,2025-01-06T00:00:00Z,-0.5071422821649108,-6.726665551104468,-7.127226048496383,-7.165477987915673,-7.21215703610296
LINK_USDT,2025-01-06T00:00:00Z,2025-01-06T08:00:00Z,2025-01-07T08:00:00Z,2025,2025-01-06T00:00:00Z,-1.279319492804136,-6.160331794566993,-6.73102857521301,-6.9100802030221296,-6.82322359315896
ETH_USDT,2025-01-07T00:00:00Z,2025-01-07T08:00:00Z,2025-01-08T08:00:00Z,2025,2025-01-06T00:00:00Z,-0.28967025853573036,-5.53641932937597,-8.028331743056054,-8.06448914745801,-8.13320588134697
SOL_USDT,2025-01-07T00:00:00Z,2025-01-07T08:00:00Z,2025-01-08T08:00:00Z,2025,2025-01-06T00:00:00Z,-0.18212907805249115,-5.70605231213861,-6.961979730071664,-7.049796200467809,-7.02926014030912
LINK_USDT,2025-01-07T00:00:00Z,2025-01-07T08:00:00Z,2025-01-08T08:00:00Z,2025,2025-01-06T00:00:00Z,-0.40430333447280115,-5.295932321258965,-6.571184491194117,-6.619428706736075,-6.702338028628214
ETH_USDT,2025-01-08T00:00:00Z,2025-01-08T08:00:00Z,2025-01-09T08:00:00Z,2025,2025-01-06T00:00:00Z,0.1356776078448689,-8.64829507399485,-7.584438522771155,-7.673300118224238,-7.622537612314877
SOL_USDT,2025-01-08T00:00:00Z,2025-01-08T08:00:00Z,2025-01-09T08:00:00Z,2025,2025-01-06T00:00:00Z,0.035942450252751945,-6.461738198160864,-6.965286725663599,-7.010009338545751,-6.9751112441240055
LINK_USDT,2025-01-08T00:00:00Z,2025-01-08T08:00:00Z,2025-01-09T08:00:00Z,2025,2025-01-06T00:00:00Z,-0.201323883113459,-6.676368366937692,-6.43570497630636,-6.495310970712423,-6.4545014873994555
ETH_USDT,2025-01-09T00:00:00Z,2025-01-09T08:00:00Z,2025-01-10T08:00:00Z,2025,2025-01-06T00:00:00Z,0.19855092174545594,-6.42888583801168,-7.846826829800937,-7.653908209795069,-7.820804088853886
SOL_USDT,2025-01-09T00:00:00Z,2025-01-09T08:00:00Z,2025-01-10T08:00:00Z,2025,2025-01-06T00:00:00Z,0.17975102224116282,-5.836365406324256,-7.008145811663976,-6.945416149982031,-6.99759376611778
LINK_USDT,2025-01-09T00:00:00Z,2025-01-09T08:00:00Z,2025-01-10T08:00:00Z,2025,2025-01-06T00:00:00Z,-0.34287441541319397,-6.019514177125662,-6.666977224388973,-6.633739530047256,-6.64931124131891
ETH_USDT,2025-01-10T00:00:00Z,2025-01-10T08:00:00Z,2025-01-11T08:00:00Z,2025,2025-01-06T00:00:00Z,0.0662455404135093,-7.868443568553709,-7.642196441933593,-7.6932636681576,-7.621541158008993
SOL_USDT,2025-01-10T00:00:00Z,2025-01-10T08:00:00Z,2025-01-11T08:00:00Z,2025,2025-01-06T00:00:00Z,-0.027739522660869632,-7.376149518905194,-6.941163761245949,-7.030369031608635,-6.909465962657555
LINK_USDT,2025-01-10T00:00:00Z,2025-01-10T08:00:00Z,2025-01-11T08:00:00Z,2025,2025-01-06T00:00:00Z,-0.5534767309374684,-7.223622038103857,-6.561708000909577,-6.699500138053012,-6.571693556675598
ETH_USDT,2025-01-11T00:00:00Z,2025-01-11T08:00:00Z,2025-01-12T08:00:00Z,2025,2025-01-06T00:00:00Z,-0.03088015020774936,-8.766537202157599,-7.712880783110907,-7.767721727398251,-7.704431100503755
SOL_USDT,2025-01-11T00:00:00Z,2025-01-11T08:00:00Z,2025-01-12T08:00:00Z,2025,2025-01-06T00:00:00Z,-0.007021371855084042,-9.056524161221567,-6.9806531084935335,-7.028639735776068,-6.9764152330186775
LINK_USDT,2025-01-11T00:00:00Z,2025-01-11T08:00:00Z,2025-01-12T08:00:00Z,2025,2025-01-06T00:00:00Z,-0.6047187828717966,-8.69322888854877,-6.695766397474067,-6.81809989181176,-6.719216959983143
ETH_USDT,2025-01-12T00:00:00Z,2025-01-12T08:00:00Z,2025-01-13T08:00:00Z,2025,2025-01-06T00:00:00Z,-1.088794899844212,-7.649465021998932,-7.8599884890541425,-8.169868072685643,-7.867613273157372
SOL_USDT,2025-01-12T00:00:00Z,2025-01-12T08:00:00Z,2025-01-13T08:00:00Z,2025,2025-01-06T00:00:00Z,-0.49695818005341574,-6.444581673413103,-7.225415653881283,-7.219653175527407,-7.214330505148296
LINK_USDT,2025-01-12T00:00:00Z,2025-01-12T08:00:00Z,2025-01-13T08:00:00Z,2025,2025-01-06T00:00:00Z,-1.1817384878268695,-6.372247846565562,-6.941130274528882,-7.179223522926572,-6.988319924715216
ETH_USDT,2025-01-13T00:00:00Z,2025-01-13T08:00:00Z,2025-01-14T08:00:00Z,2025,2025-01-13T00:00:00Z,-0.9809980150210348,-5.7072271222613296,-7.89556088836601,-8.118290151018096,-8.031148526476656
SOL_USDT,2025-01-13T00:00:00Z,2025-01-13T08:00:00Z,2025-01-14T08:00:00Z,2025,2025-01-13T00:00:00Z,-0.9754757590960647,-6.778935619919308,-7.083180669667793,-7.3821976710776385,-7.140199915280808
LINK_USDT,2025-01-13T00:00:00Z,2025-01-13T08:00:00Z,2025-01-14T08:00:00Z,2025,2025-01-13T00:00:00Z,-1.2012317608644878,-7.512103956199401,-6.94540449698744,-7.202769925381988,-7.065292021096234
ETH_USDT,2025-01-14T00:00:00Z,2025-01-14T08:00:00Z,2025-01-15T08:00:00Z,2025,2025-01-13T00:00:00Z,0.5635977500052118,-8.812407382072461,-7.444365700060955,-7.411319224527629,-7.584028982846294
SOL_USDT,2025-01-14T00:00:00Z,2025-01-14T08:00:00Z,2025-01-15T08:00:00Z,2025,2025-01-13T00:00:00Z,0.398375269007233,-8.400237833651559,-6.940372046416894,-6.860034086964282,-7.054058475500008
LINK_USDT,2025-01-14T00:00:00Z,2025-01-14T08:00:00Z,2025-01-15T08:00:00Z,2025,2025-01-13T00:00:00Z,0.10800062873097474,-6.387900547983705,-6.790611419067153,-6.737403574418963,-6.910165670843716
ETH_USDT,2025-01-15T00:00:00Z,2025-01-15T08:00:00Z,2025-01-16T08:00:00Z,2025,2025-01-13T00:00:00Z,-0.22358431846470386,-5.980998475766999,-7.807468559906109,-7.818074767412476,-7.735003837463955
SOL_USDT,2025-01-15T00:00:00Z,2025-01-15T08:00:00Z,2025-01-16T08:00:00Z,2025,2025-01-13T00:00:00Z,-0.29214795812404093,-5.662216179605587,-7.166230102606291,-7.163184333284291,-7.103699492884515
LINK_USDT,2025-01-15T00:00:00Z,2025-01-15T08:00:00Z,2025-01-16T08:00:00Z,2025,2025-01-13T00:00:00Z,-0.5590059994018982,-6.004071000834372,-6.95953686859552,-7.0617884006210305,-6.9077721006489945
ETH_USDT,2025-01-16T00:00:00Z,2025-01-16T08:00:00Z,2025-01-17T08:00:00Z,2025,2025-01-13T00:00:00Z,0.055649816581633545,-7.309313805919426,-7.544770673351024,-7.617793776881845,-7.577741364467004
SOL_USDT,2025-01-16T00:00:00Z,2025-01-16T08:00:00Z,2025-01-17T08:00:00Z,2025,2025-01-13T00:00:00Z,0.08386487536883204,-6.886024527279185,-6.902234007695717,-6.951596550221476,-6.933370885425161
LINK_USDT,2025-01-16T00:00:00Z,2025-01-16T08:00:00Z,2025-01-17T08:00:00Z,2025,2025-01-13T00:00:00Z,0.07707029836117688,-4.9461137036363,-6.844360447689661,-6.801625809125314,-6.87860077464099
ETH_USDT,2025-01-17T00:00:00Z,2025-01-17T08:00:00Z,2025-01-18T08:00:00Z,2025,2025-01-13T00:00:00Z,0.08061317860228169,-5.6664535924910036,-7.654314232533961,-7.6225763554807315,-7.650392095178314
SOL_USDT,2025-01-17T00:00:00Z,2025-01-17T08:00:00Z,2025-01-18T08:00:00Z,2025,2025-01-13T00:00:00Z,0.5579807864442864,-5.491391570597674,-7.061859162775455,-6.848938503118526,-7.037867181405583
LINK_USDT,2025-01-17T00:00:00Z,2025-01-17T08:00:00Z,2025-01-18T08:00:00Z,2025,2025-01-13T00:00:00Z,0.2700148245193287,-5.6537129821236025,-6.707566235871654,-6.641276955206818,-6.683469223002266
ETH_USDT,2025-01-18T00:00:00Z,2025-01-18T08:00:00Z,2025-01-19T08:00:00Z,2025,2025-01-13T00:00:00Z,0.22096652674130762,-8.96973858864503,-7.646147100306908,-7.6148992150172505,-7.6407228000199385
SOL_USDT,2025-01-18T00:00:00Z,2025-01-18T08:00:00Z,2025-01-19T08:00:00Z,2025,2025-01-13T00:00:00Z,0.3455045295294637,-4.436674413260424,-7.130753093888857,-6.977992064153823,-7.0391737360877
LINK_USDT,2025-01-18T00:00:00Z,2025-01-18T08:00:00Z,2025-01-19T08:00:00Z,2025,2025-01-13T00:00:00Z,-0.04066991795103493,-6.803856994181192,-6.6912092683082,-6.731025889512384,-6.645012304169846
ETH_USDT,2025-01-19T00:00:00Z,2025-01-19T08:00:00Z,2025-01-20T08:00:00Z,2025,2025-01-13T00:00:00Z,0.4323228225269113,-5.078115301215984,-7.454233528416355,-7.459916290602886,-7.455974719584739
SOL_USDT,2025-01-19T00:00:00Z,2025-01-19T08:00:00Z,2025-01-20T08:00:00Z,2025,2025-01-13T00:00:00Z,1.83166997543513,-5.082607447212226,-6.51601555567923,-6.104457724771347,-6.506508953102071
LINK_USDT,2025-01-19T00:00:00Z,2025-01-19T08:00:00Z,2025-01-20T08:00:00Z,2025,2025-01-13T00:00:00Z,0.29845984341227705,-4.205119185490552,-6.6484604083312675,-6.576889965385318,-6.650322305235426
ETH_USDT,2025-01-20T00:00:00Z,2025-01-20T08:00:00Z,2025-01-21T08:00:00Z,2025,2025-01-20T00:00:00Z,1.1777467615589372,-7.5629598756167145,-7.2852796420742205,-7.070310623856216,-7.270318159719401
SOL_USDT,2025-01-20T00:00:00Z,2025-01-20T08:00:00Z,2025-01-21T08:00:00Z,2025,2025-01-20T00:00:00Z,1.9528545948933278,-5.595016913252793,-6.436722111087599,-5.935230278335905,-6.244220319694342
LINK_USDT,2025-01-20T00:00:00Z,2025-01-20T08:00:00Z,2025-01-21T08:00:00Z,2025,2025-01-20T00:00:00Z,1.2244097521129915,-5.850830588682565,-6.347034826635,-6.071385375951266,-6.327436211282777
ETH_USDT,2025-01-21T00:00:00Z,2025-01-21T08:00:00Z,2025-01-22T08:00:00Z,2025,2025-01-20T00:00:00Z,0.9841882342070626,-7.84777341344792,-7.290034805080666,-7.129529342689304,-7.179917661066633
SOL_USDT,2025-01-21T00:00:00Z,2025-01-21T08:00:00Z,2025-01-22T08:00:00Z,2025,2025-01-20T00:00:00Z,1.3893497695422694,-5.879878809211421,-6.411394490947978,-6.1016431648725895,-6.214981510023213
LINK_USDT,2025-01-21T00:00:00Z,2025-01-21T08:00:00Z,2025-01-22T08:00:00Z,2025,2025-01-20T00:00:00Z,1.333764302281438,-4.959386190618059,-6.283034548320819,-5.9739578724502795,-6.160716732222181
ETH_USDT,2025-01-22T00:00:00Z,2025-01-22T08:00:00Z,2025-01-23T08:00:00Z,2025,2025-01-20T00:00:00Z,0.21265118650067694,-8.894401889314231,-7.453485315978159,-7.3962050240905395,-7.36353281961119
SOL_USDT,2025-01-22T00:00:00Z,2025-01-22T08:00:00Z,2025-01-23T08:00:00Z,2025,2025-01-20T00:00:00Z,0.5505576890920137,-6.928917496749783,-6.438490750294587,-6.359522840427152,-6.313890373454692
LINK_USDT,2025-01-22T00:00:00Z,2025-01-22T08:00:00Z,2025-01-23T08:00:00Z,2025,2025-01-20T00:00:00Z,0.5707687319424922,-6.855527504597591,-6.198823515706781,-6.145836571805689,-6.074049353087471
ETH_USDT,2025-01-23T00:00:00Z,2025-01-23T08:00:00Z,2025-01-24T08:00:00Z,2025,2025-01-20T00:00:00Z,-0.22732678011607294,-7.136054012967473,-7.55174323864731,-7.615305923693148,-7.549994673950705
SOL_USDT,2025-01-23T00:00:00Z,2025-01-23T08:00:00Z,2025-01-24T08:00:00Z,2025,2025-01-20T00:00:00Z,0.3555541708545821,-7.03909201888643,-6.542636372728094,-6.458433346307289,-6.513557126110683
LINK_USDT,2025-01-23T00:00:00Z,2025-01-23T08:00:00Z,2025-01-24T08:00:00Z,2025,2025-01-20T00:00:00Z,-0.28726713343473426,-6.552111899817597,-6.379301184262523,-6.511511815452622,-6.344763587644539
ETH_USDT,2025-01-24T00:00:00Z,2025-01-24T08:00:00Z,2025-01-25T08:00:00Z,2025,2025-01-20T00:00:00Z,0.2954609855806236,-7.570644699171896,-7.474479350244512,-7.428831193561831,-7.5263062684199875
SOL_USDT,2025-01-24T00:00:00Z,2025-01-24T08:00:00Z,2025-01-25T08:00:00Z,2025,2025-01-20T00:00:00Z,0.3784214024091062,-6.275288379630938,-6.512903931530927,-6.445160446829661,-6.505701279680834
LINK_USDT,2025-01-24T00:00:00Z,2025-01-24T08:00:00Z,2025-01-25T08:00:00Z,2025,2025-01-20T00:00:00Z,0.13639116006658622,-6.4953088013102125,-6.3633431972450385,-6.38772603247264,-6.427389639553535
ETH_USDT,2025-01-25T00:00:00Z,2025-01-25T08:00:00Z,2025-01-26T08:00:00Z,2025,2025-01-20T00:00:00Z,0.015433648457750561,-8.389132559317012,-7.4952642947289885,-7.530310674377258,-7.484978093109139
SOL_USDT,2025-01-25T00:00:00Z,2025-01-25T08:00:00Z,2025-01-26T08:00:00Z,2025,2025-01-20T00:00:00Z,0.12115492344464836,-7.0498906410606565,-6.475455972111871,-6.5184589689359544,-6.47016877794444
LINK_USDT,2025-01-25T00:00:00Z,2025-01-25T08:00:00Z,2025-01-26T08:00:00Z,2025,2025-01-20T00:00:00Z,-0.2164485988624787,-6.9466997562556,-6.420512040913959,-6.5273753934480006,-6.431431459138388
ETH_USDT,2025-01-26T00:00:00Z,2025-01-26T08:00:00Z,2025-01-27T08:00:00Z,2025,2025-01-20T00:00:00Z,-0.7648523246515182,-5.706582191756747,-7.710854572802338,-7.9077867453460575,-7.719107649203313
SOL_USDT,2025-01-26T00:00:00Z,2025-01-26T08:00:00Z,2025-01-27T08:00:00Z,2025,2025-01-20T00:00:00Z,-0.26476493772649456,-5.020692487418655,-6.725486365510182,-6.813754471258639,-6.724444866622921
LINK_USDT,2025-01-26T00:00:00Z,2025-01-26T08:00:00Z,2025-01-27T08:00:00Z,2025,2025-01-20T00:00:00Z,-0.7414055692078051,-4.859142477446438,-6.650012859792943,-6.759780026096502,-6.693861779653726
ETH_USDT,2025-01-27T00:00:00Z,2025-01-27T08:00:00Z,2025-01-28T08:00:00Z,2025,2025-01-27T00:00:00Z,-0.4968864711285388,-7.312438066461886,-7.7457491555964175,-7.921254369568452,-7.821906871157504
SOL_USDT,2025-01-27T00:00:00Z,2025-01-27T08:00:00Z,2025-01-28T08:00:00Z,2025,2025-01-27T00:00:00Z,-0.47901385479874425,-6.908605850932315,-6.659998945852046,-6.903521831249182,-6.693070767112692
LINK_USDT,2025-01-27T00:00:00Z,2025-01-27T08:00:00Z,2025-01-28T08:00:00Z,2025,2025-01-27T00:00:00Z,-0.47730888136706356,-6.3415317115598056,-6.58621270774665,-6.758479402939912,-6.677243498365078
ETH_USDT,2025-01-28T00:00:00Z,2025-01-28T08:00:00Z,2025-01-29T08:00:00Z,2025,2025-01-27T00:00:00Z,0.4269190874314964,-6.340220126405775,-7.580399229239855,-7.536860958083564,-7.626178879747499
SOL_USDT,2025-01-28T00:00:00Z,2025-01-28T08:00:00Z,2025-01-29T08:00:00Z,2025,2025-01-27T00:00:00Z,0.46829088600888535,-5.789513360202945,-6.649554919152824,-6.56403591104604,-6.701079533992427
LINK_USDT,2025-01-28T00:00:00Z,2025-01-28T08:00:00Z,2025-01-29T08:00:00Z,2025,2025-01-27T00:00:00Z,0.39916681016011907,-5.314654808890419,-6.3850473147606905,-6.378859135724053,-6.4486083803218746
ETH_USDT,2025-01-29T00:00:00Z,2025-01-29T08:00:00Z,2025-01-30T08:00:00Z,2025,2025-01-27T00:00:00Z,-0.3413216548437578,-6.976730974700669,-7.616926407988447,-7.752865416489342,-7.5592634610324625
SOL_USDT,2025-01-29T00:00:00Z,2025-01-29T08:00:00Z,2025-01-30T08:00:00Z,2025,2025-01-27T00:00:00Z,-0.4678684860545605,-5.880340163871572,-6.696728548390944,-6.880930114037588,-6.638334323346695
LINK_USDT,2025-01-29T00:00:00Z,2025-01-29T08:00:00Z,2025-01-30T08:00:00Z,2025,2025-01-27T00:00:00Z,-0.3796531029128768,-5.706776978884785,-6.5430710719857625,-6.698661240498403,-6.492400872487287
ETH_USDT,2025-01-30T00:00:00Z,2025-01-30T08:00:00Z,2025-01-31T08:00:00Z,2025,2025-01-27T00:00:00Z,-0.19197817930623987,-7.807765269541593,-7.582719267711933,-7.6752299718475925,-7.617683828138787
SOL_USDT,2025-01-30T00:00:00Z,2025-01-30T08:00:00Z,2025-01-31T08:00:00Z,2025,2025-01-27T00:00:00Z,-0.4009826896784762,-8.003173544825001,-6.691044232324452,-6.841902504694148,-6.7400435497687825
LINK_USDT,2025-01-30T00:00:00Z,2025-01-30T08:00:00Z,2025-01-31T08:00:00Z,2025,2025-01-27T00:00:00Z,-0.1802420121950089,-6.85435118351652,-6.453243665223792,-6.571385619131615,-6.497697934438432
ETH_USDT,2025-01-31T00:00:00Z,2025-01-31T08:00:00Z,2025-02-01T08:00:00Z,2025,2025-01-27T00:00:00Z,-0.3175937636999689,-5.387843420439629,-7.570051968524273,-7.700005511080348,-7.592126393387528
SOL_USDT,2025-01-31T00:00:00Z,2025-01-31T08:00:00Z,2025-02-01T08:00:00Z,2025,2025-01-27T00:00:00Z,-0.512890318490742,-6.434700740643438,-6.656074396991793,-6.866481003999971,-6.705798567506526
LINK_USDT,2025-01-31T00:00:00Z,2025-01-31T08:00:00Z,2025-02-01T08:00:00Z,2025,2025-01-27T00:00:00Z,-0.40184782923559664,-6.032244424847495,-6.550297595588467,-6.660448478556417,-6.5692686791553765
ETH_USDT,2025-02-01T00:00:00Z,2025-02-01T08:00:00Z,2025-02-02T08:00:00Z,2025,2025-01-27T00:00:00Z,0.30042630103840945,-6.285433738118728,-7.254343547304119,-7.303017556552265,-7.31070289605631
SOL_USDT,2025-02-01T00:00:00Z,2025-02-01T08:00:00Z,2025-02-02T08:00:00Z,2025,2025-01-27T00:00:00Z,-0.6601334503323567,-5.501287067034385,-6.660345850055491,-6.91692850385533,-6.720315285003485
LINK_USDT,2025-02-01T00:00:00Z,2025-02-01T08:00:00Z,2025-02-02T08:00:00Z,2025,2025-01-27T00:00:00Z,-0.07251252477608523,-5.27785914968395,-6.4712893438146875,-6.532346819750184,-6.521140152973478
ETH_USDT,2025-02-02T00:00:00Z,2025-02-02T08:00:00Z,2025-02-03T08:00:00Z,2025,2025-01-27T00:00:00Z,-0.34003436040478435,-4.325763230031126,-7.273346196179959,-7.468501326422921,-7.260254255867296
SOL_USDT,2025-02-02T00:00:00Z,2025-02-02T08:00:00Z,2025-02-03T08:00:00Z,2025,2025-01-27T00:00:00Z,-0.7444648674646497,-6.128436892966727,-6.556260794824426,-6.8866105705652325,-6.641673293731974
LINK_USDT,2025-02-02T00:00:00Z,2025-02-02T08:00:00Z,2025-02-03T08:00:00Z,2025,2025-01-27T00:00:00Z,-0.30227097617203535,-4.6308297065343815,-6.358597683104272,-6.528087007470779,-6.380028984797514
ETH_USDT,2025-02-03T00:00:00Z,2025-02-03T08:00:00Z,2025-02-04T08:00:00Z,2025,2025-02-03T00:00:00Z,0.6264207466028012,-4.712026424334001,-7.053299082313191,-6.9987362359402425,-7.1231774121644955
SOL_USDT,2025-02-03T00:00:00Z,2025-02-03T08:00:00Z,2025-02-04T08:00:00Z,2025,2025-02-03T00:00:00Z,0.08937582094069621,-5.001821505412482,-6.649162956288566,-6.6289205491047145,-6.7322839676319415
LINK_USDT,2025-02-03T00:00:00Z,2025-02-03T08:00:00Z,2025-02-04T08:00:00Z,2025,2025-02-03T00:00:00Z,0.5373946626210144,-4.1800110114902935,-6.23677583963523,-6.161475233858447,-6.291675115443681
ETH_USDT,2025-02-04T00:00:00Z,2025-02-04T08:00:00Z,2025-02-05T08:00:00Z,2025,2025-02-03T00:00:00Z,1.3641690249006082,-6.807024010075224,-6.7016294965037115,-6.478315878698302,-6.674519314373101
SOL_USDT,2025-02-04T00:00:00Z,2025-02-04T08:00:00Z,2025-02-05T08:00:00Z,2025,2025-02-03T00:00:00Z,0.5746297801286202,-5.329725943894054,-6.543522187258661,-6.429300804805113,-6.532577511526325
LINK_USDT,2025-02-04T00:00:00Z,2025-02-04T08:00:00Z,2025-02-05T08:00:00Z,2025,2025-02-03T00:00:00Z,1.2480473545161654,-5.771870379574109,-6.1708263928872835,-5.876440110528248,-6.126290962144157
ETH_USDT,2025-02-05T00:00:00Z,2025-02-05T08:00:00Z,2025-02-06T08:00:00Z,2025,2025-02-03T00:00:00Z,0.5598750485893067,-8.147356472941532,-6.694253007319011,-6.6666731743608425,-6.590217150860768
SOL_USDT,2025-02-05T00:00:00Z,2025-02-05T08:00:00Z,2025-02-06T08:00:00Z,2025,2025-02-03T00:00:00Z,-0.15090654328639552,-6.246037623876581,-6.348044278178756,-6.527366012725815,-6.29812406601839
LINK_USDT,2025-02-05T00:00:00Z,2025-02-05T08:00:00Z,2025-02-06T08:00:00Z,2025,2025-02-03T00:00:00Z,0.15279325771160007,-6.726163232163494,-6.010001154799196,-6.103431235481564,-5.900430895061616
ETH_USDT,2025-02-06T00:00:00Z,2025-02-06T08:00:00Z,2025-02-07T08:00:00Z,2025,2025-02-03T00:00:00Z,-0.053271191650265545,-6.115011873553578,-6.994894119148624,-6.925130691302491,-6.965851905583359
SOL_USDT,2025-02-06T00:00:00Z,2025-02-06T08:00:00Z,2025-02-07T08:00:00Z,2025,2025-02-03T00:00:00Z,-0.8364676946542133,-5.705053117902178,-6.527216632546325,-6.788074608508378,-6.548858482873425
LINK_USDT,2025-02-06T00:00:00Z,2025-02-06T08:00:00Z,2025-02-07T08:00:00Z,2025,2025-02-03T00:00:00Z,-0.42132170336276803,-5.87439250475303,-6.2720973061138565,-6.358572929938085,-6.268373533643551
ETH_USDT,2025-02-07T00:00:00Z,2025-02-07T08:00:00Z,2025-02-08T08:00:00Z,2025,2025-02-03T00:00:00Z,-0.017598821142135377,-6.564648929218438,-6.774147532929379,-6.887921314282656,-6.820389229044868
SOL_USDT,2025-02-07T00:00:00Z,2025-02-07T08:00:00Z,2025-02-08T08:00:00Z,2025,2025-02-03T00:00:00Z,-0.7818250441301131,-6.323386425666468,-6.3923069876197065,-6.728088902708431,-6.489082030770191
LINK_USDT,2025-02-07T00:00:00Z,2025-02-07T08:00:00Z,2025-02-08T08:00:00Z,2025,2025-02-03T00:00:00Z,-0.7007165748690779,-5.56276774505109,-6.1473849520424375,-6.435405225617732,-6.209472801041228
ETH_USDT,2025-02-08T00:00:00Z,2025-02-08T08:00:00Z,2025-02-09T08:00:00Z,2025,2025-02-03T00:00:00Z,-0.06930630080707362,-8.034021115605249,-6.832784219540166,-6.926017379831171,-6.8680990310695
SOL_USDT,2025-02-08T00:00:00Z,2025-02-08T08:00:00Z,2025-02-09T08:00:00Z,2025,2025-02-03T00:00:00Z,-0.6471045477384995,-6.541215822800938,-6.430594010051176,-6.67720903297544,-6.519537951032121
LINK_USDT,2025-02-08T00:00:00Z,2025-02-08T08:00:00Z,2025-02-09T08:00:00Z,2025,2025-02-03T00:00:00Z,-0.44444142567799194,-7.125962293690201,-6.112199209118217,-6.321845786639108,-6.203111802074217
ETH_USDT,2025-02-09T00:00:00Z,2025-02-09T08:00:00Z,2025-02-10T08:00:00Z,2025,2025-02-03T00:00:00Z,-0.6887121836264843,-8.99735035850426,-7.035258783174358,-7.172457391901353,-7.0698589852928615
SOL_USDT,2025-02-09T00:00:00Z,2025-02-09T08:00:00Z,2025-02-10T08:00:00Z,2025,2025-02-03T00:00:00Z,-1.3325944543935644,-7.846628835110703,-6.570465573522884,-6.9591916232065385,-6.640246946549365
LINK_USDT,2025-02-09T00:00:00Z,2025-02-09T08:00:00Z,2025-02-10T08:00:00Z,2025,2025-02-03T00:00:00Z,-1.3388837926662758,-6.83755374876132,-6.318521449185838,-6.674252679562778,-6.375319561519694
ETH_USDT,2025-02-10T00:00:00Z,2025-02-10T08:00:00Z,2025-02-11T08:00:00Z,2025,2025-02-10T00:00:00Z,-0.6591973799348309,-7.763028354123811,-7.108840327314808,-7.232663867024777,-7.195905049339991
SOL_USDT,2025-02-10T00:00:00Z,2025-02-10T08:00:00Z,2025-02-11T08:00:00Z,2025,2025-02-10T00:00:00Z,-0.9179929844059199,-7.517933535314139,-6.607344755714996,-6.8424502823574915,-6.741428357041282
LINK_USDT,2025-02-10T00:00:00Z,2025-02-10T08:00:00Z,2025-02-11T08:00:00Z,2025,2025-02-10T00:00:00Z,-1.0185362789668422,-6.20860072801978,-6.3723404258083605,-6.62857069863022,-6.50936104557365
ETH_USDT,2025-02-11T00:00:00Z,2025-02-11T08:00:00Z,2025-02-12T08:00:00Z,2025,2025-02-10T00:00:00Z,-0.6349886493111265,-7.017525713967445,-7.548836733831854,-7.525307458283028,-7.591984465557252
SOL_USDT,2025-02-11T00:00:00Z,2025-02-11T08:00:00Z,2025-02-12T08:00:00Z,2025,2025-02-10T00:00:00Z,-0.5805383796726681,-7.071923495826756,-6.7653161899970735,-6.811922050723256,-6.84822064443051
LINK_USDT,2025-02-11T00:00:00Z,2025-02-11T08:00:00Z,2025-02-12T08:00:00Z,2025,2025-02-10T00:00:00Z,-0.9129825332885604,-6.6433059573404405,-6.530475638958264,-6.705370002427805,-6.622497770745731
ETH_USDT,2025-02-12T00:00:00Z,2025-02-12T08:00:00Z,2025-02-13T08:00:00Z,2025,2025-02-10T00:00:00Z,-0.44834433929832007,-5.8512931463147515,-7.4990978556752905,-7.57056141375616,-7.524726226535596
SOL_USDT,2025-02-12T00:00:00Z,2025-02-12T08:00:00Z,2025-02-13T08:00:00Z,2025,2025-02-10T00:00:00Z,-0.6258479652051904,-6.694540130231814,-6.85152669551229,-6.972383184037993,-6.879962254395106
LINK_USDT,2025-02-12T00:00:00Z,2025-02-12T08:00:00Z,2025-02-13T08:00:00Z,2025,2025-02-10T00:00:00Z,-0.7533192818821373,-5.43090963691416,-6.569649720301179,-6.7757141235470835,-6.634291507121399
ETH_USDT,2025-02-13T00:00:00Z,2025-02-13T08:00:00Z,2025-02-14T08:00:00Z,2025,2025-02-10T00:00:00Z,-0.1470948767160343,-7.9710050108861354,-7.31147755837075,-7.359600687775873,-7.336021167934157
SOL_USDT,2025-02-13T00:00:00Z,2025-02-13T08:00:00Z,2025-02-14T08:00:00Z,2025,2025-02-10T00:00:00Z,-0.6651500328888647,-8.036484085997172,-6.850806726462416,-6.99207275298948,-6.884275965140328
LINK_USDT,2025-02-13T00:00:00Z,2025-02-13T08:00:00Z,2025-02-14T08:00:00Z,2025,2025-02-10T00:00:00Z,-0.4962860156320223,-7.73336296523844,-6.461100604113706,-6.609630392772326,-6.517893786124076
ETH_USDT,2025-02-14T00:00:00Z,2025-02-14T08:00:00Z,2025-02-15T08:00:00Z,2025,2025-02-10T00:00:00Z,-0.5146370078112597,-8.168445335591084,-7.4950107370043675,-7.561738097277777,-7.470442189135937
SOL_USDT,2025-02-14T00:00:00Z,2025-02-14T08:00:00Z,2025-02-15T08:00:00Z,2025,2025-02-10T00:00:00Z,-1.1440680309298308,-7.095839979665633,-7.063955074681722,-7.28682240649492,-7.079576369514271
LINK_USDT,2025-02-14T00:00:00Z,2025-02-14T08:00:00Z,2025-02-15T08:00:00Z,2025,2025-02-10T00:00:00Z,-1.271341543098893,-6.510748678122501,-6.666183244155668,-6.9499705175022015,-6.680438547849648
ETH_USDT,2025-02-15T00:00:00Z,2025-02-15T08:00:00Z,2025-02-16T08:00:00Z,2025,2025-02-10T00:00:00Z,-0.5425029673636241,-11.80829238773621,-7.70054756981234,-7.66462175454895,-7.706855501556731
SOL_USDT,2025-02-15T00:00:00Z,2025-02-15T08:00:00Z,2025-02-16T08:00:00Z,2025,2025-02-10T00:00:00Z,-0.680152231912418,-9.135910274898356,-7.172771198251973,-7.206139172119451,-7.236714461895007
LINK_USDT,2025-02-15T00:00:00Z,2025-02-15T08:00:00Z,2025-02-16T08:00:00Z,2025,2025-02-10T00:00:00Z,-0.9712093361377296,-7.945110785560122,-6.699399601907946,-6.891506094098748,-6.798859694299118
ETH_USDT,2025-02-16T00:00:00Z,2025-02-16T08:00:00Z,2025-02-17T08:00:00Z,2025,2025-02-10T00:00:00Z,-1.2613382689796382,-8.4810356439951,-7.793653926713529,-7.935079912383664,-7.801718418963618
SOL_USDT,2025-02-16T00:00:00Z,2025-02-16T08:00:00Z,2025-02-17T08:00:00Z,2025,2025-02-10T00:00:00Z,-1.5068042128031287,-6.37890126022904,-7.286722808204554,-7.537239929549594,-7.2927036853282505
LINK_USDT,2025-02-16T00:00:00Z,2025-02-16T08:00:00Z,2025-02-17T08:00:00Z,2025,2025-02-10T00:00:00Z,-1.6148585063237193,-8.820356878323313,-6.860566607628752,-7.15805486414862,-6.9228534823089225
ETH_USDT,2025-02-17T00:00:00Z,2025-02-17T08:00:00Z,2025-02-18T08:00:00Z,2025,2025-02-17T00:00:00Z,-1.302420065503217,-6.529717527099719,-7.783326597874817,-7.988490578022752,-7.873187832554683
SOL_USDT,2025-02-17T00:00:00Z,2025-02-17T08:00:00Z,2025-02-18T08:00:00Z,2025,2025-02-17T00:00:00Z,-1.311394299121448,-5.294047555688809,-7.316550328945245,-7.5244556275603145,-7.411556935867145
LINK_USDT,2025-02-17T00:00:00Z,2025-02-17T08:00:00Z,2025-02-18T08:00:00Z,2025,2025-02-17T00:00:00Z,-1.5222989490871028,-5.615548867130965,-6.958562542389881,-7.193218214968946,-7.089982934735664
ETH_USDT,2025-02-18T00:00:00Z,2025-02-18T08:00:00Z,2025-02-19T08:00:00Z,2025,2025-02-17T00:00:00Z,-0.07103080737271394,-8.603349165388414,-7.629725188258091,-7.510635800439923,-7.743977550491828
SOL_USDT,2025-02-18T00:00:00Z,2025-02-18T08:00:00Z,2025-02-19T08:00:00Z,2025,2025-02-17T00:00:00Z,-0.5030426892256415,-7.797619998437478,-7.151806212773619,-7.209660021722021,-7.256959577817689
LINK_USDT,2025-02-18T00:00:00Z,2025-02-18T08:00:00Z,2025-02-19T08:00:00Z,2025,2025-02-17T00:00:00Z,-0.801256457304017,-7.2553020446081735,-6.878234381866195,-6.9368773921340345,-7.009532121343511
ETH_USDT,2025-02-19T00:00:00Z,2025-02-19T08:00:00Z,2025-02-20T08:00:00Z,2025,2025-02-17T00:00:00Z,-0.09736569521944156,-9.274770782758736,-7.690341546952205,-7.567441001819033,-7.656751405264034
SOL_USDT,2025-02-19T00:00:00Z,2025-02-19T08:00:00Z,2025-02-20T08:00:00Z,2025,2025-02-17T00:00:00Z,-0.03332564178666616,-8.04694416550724,-6.861931808747082,-6.874400958476107,-6.90308944479745
LINK_USDT,2025-02-19T00:00:00Z,2025-02-19T08:00:00Z,2025-02-20T08:00:00Z,2025,2025-02-17T00:00:00Z,-0.564087724060214,-7.9642812629036746,-6.740969284750581,-6.847451314721886,-6.79670209956896
ETH_USDT,2025-02-20T00:00:00Z,2025-02-20T08:00:00Z,2025-02-21T08:00:00Z,2025,2025-02-17T00:00:00Z,-0.6486151770235371,-8.660008157043706,-7.989386528767876,-7.969879431793016,-7.924700426517231
SOL_USDT,2025-02-20T00:00:00Z,2025-02-20T08:00:00Z,2025-02-21T08:00:00Z,2025,2025-02-17T00:00:00Z,-0.5029267721708436,-7.359360476614366,-7.258911018032451,-7.139238080362902,-7.223862441089462
LINK_USDT,2025-02-20T00:00:00Z,2025-02-20T08:00:00Z,2025-02-21T08:00:00Z,2025,2025-02-17T00:00:00Z,-0.9639131094552804,-7.411993198616053,-7.0727127502838325,-7.160003297575191,-7.0735893474656795
ETH_USDT,2025-02-21T00:00:00Z,2025-02-21T08:00:00Z,2025-02-22T08:00:00Z,2025,2025-02-17T00:00:00Z,-0.5881684797107859,-7.248195023676917,-8.089340881589118,-8.020355602283269,-8.076289009604908
SOL_USDT,2025-02-21T00:00:00Z,2025-02-21T08:00:00Z,2025-02-22T08:00:00Z,2025,2025-02-17T00:00:00Z,-0.6017191734804838,-6.797517734107473,-7.008881749128098,-7.147190601988784,-7.040081313598574
LINK_USDT,2025-02-21T00:00:00Z,2025-02-21T08:00:00Z,2025-02-22T08:00:00Z,2025,2025-02-17T00:00:00Z,-0.8723055489757383,-5.827752145344485,-7.0424943330286895,-7.164954492238805,-7.091592239294116
ETH_USDT,2025-02-22T00:00:00Z,2025-02-22T08:00:00Z,2025-02-23T08:00:00Z,2025,2025-02-17T00:00:00Z,0.3527424455662159,-6.421316858841883,-7.90673173199479,-7.6352568991583984,-7.899773026087795
SOL_USDT,2025-02-22T00:00:00Z,2025-02-22T08:00:00Z,2025-02-23T08:00:00Z,2025,2025-02-17T00:00:00Z,-0.2335002596067182,-7.866739439894531,-6.994940114083485,-7.012104223777074,-7.03691046181361
LINK_USDT,2025-02-22T00:00:00Z,2025-02-22T08:00:00Z,2025-02-23T08:00:00Z,2025,2025-02-17T00:00:00Z,-0.3459431301493865,-7.2736910571591835,-6.8523053133958,-6.914465026594845,-6.902805451889044
ETH_USDT,2025-02-23T00:00:00Z,2025-02-23T08:00:00Z,2025-02-24T08:00:00Z,2025,2025-02-17T00:00:00Z,-0.3192924506227765,-6.412267741624809,-7.809314899575847,-7.781709604371228,-7.720195925057724
SOL_USDT,2025-02-23T00:00:00Z,2025-02-23T08:00:00Z,2025-02-24T08:00:00Z,2025,2025-02-17T00:00:00Z,-0.9637099390535756,-5.769102639227922,-7.082015088149917,-7.284485179613058,-7.087927292381474
LINK_USDT,2025-02-23T00:00:00Z,2025-02-23T08:00:00Z,2025-02-24T08:00:00Z,2025,2025-02-17T00:00:00Z,-1.13596280872188,-5.698315125244685,-7.094418809753927,-7.227982527869234,-7.083663653359977
ETH_USDT,2025-02-24T00:00:00Z,2025-02-24T08:00:00Z,2025-02-25T08:00:00Z,2025,2025-02-24T00:00:00Z,0.019440700721220037,-4.925363561911489,-7.6903021158233935,-7.579419147716414,-7.678357708227819
SOL_USDT,2025-02-24T00:00:00Z,2025-02-24T08:00:00Z,2025-02-25T08:00:00Z,2025,2025-02-24T00:00:00Z,-1.1733469001083885,-4.618510643587064,-6.928865247302209,-7.307036862728571,-7.021114986465371
LINK_USDT,2025-02-24T00:00:00Z,2025-02-24T08:00:00Z,2025-02-25T08:00:00Z,2025,2025-02-24T00:00:00Z,-1.2825401593390389,-4.876618847887143,-6.832516555461608,-7.193751568249711,-6.921168464467639
ETH_USDT,2025-02-25T00:00:00Z,2025-02-25T08:00:00Z,2025-02-26T08:00:00Z,2025,2025-02-24T00:00:00Z,0.29040473806742967,-6.466946375917958,-7.249739223214027,-7.224649077097618,-7.231260602336561
SOL_USDT,2025-02-25T00:00:00Z,2025-02-25T08:00:00Z,2025-02-26T08:00:00Z,2025,2025-02-24T00:00:00Z,0.3885407962468639,-5.918732896160951,-6.477210783386663,-6.5009473780165425,-6.620810615082634
LINK_USDT,2025-02-25T00:00:00Z,2025-02-25T08:00:00Z,2025-02-26T08:00:00Z,2025,2025-02-24T00:00:00Z,-0.2585626275508933,-6.441137395091521,-6.47798167553163,-6.627482989156423,-6.607343826709723
ETH_USDT,2025-02-26T00:00:00Z,2025-02-26T08:00:00Z,2025-02-27T08:00:00Z,2025,2025-02-24T00:00:00Z,0.5669922052092671,-6.1781113498141575,-7.046252678637563,-6.955717603877326,-7.014258583328492
SOL_USDT,2025-02-26T00:00:00Z,2025-02-26T08:00:00Z,2025-02-27T08:00:00Z,2025,2025-02-24T00:00:00Z,0.6467171194479848,-5.971680752582473,-6.584941193131243,-6.450144346048783,-6.545950117578564
LINK_USDT,2025-02-26T00:00:00Z,2025-02-26T08:00:00Z,2025-02-27T08:00:00Z,2025,2025-02-24T00:00:00Z,0.2924091646906656,-6.797521627354275,-6.4895691919039065,-6.415678727025104,-6.500782836170502
ETH_USDT,2025-02-27T00:00:00Z,2025-02-27T08:00:00Z,2025-02-28T08:00:00Z,2025,2025-02-24T00:00:00Z,0.13509873774170383,-4.756990084528,-7.071134013171811,-7.0776442942534805,-7.013979771777476
SOL_USDT,2025-02-27T00:00:00Z,2025-02-27T08:00:00Z,2025-02-28T08:00:00Z,2025,2025-02-24T00:00:00Z,-0.0908555533188568,-5.298511886238735,-6.608475479252082,-6.683872428844344,-6.546098611250908
LINK_USDT,2025-02-27T00:00:00Z,2025-02-27T08:00:00Z,2025-02-28T08:00:00Z,2025,2025-02-24T00:00:00Z,-0.14164324356340172,-4.54798098299281,-6.661988707075646,-6.622483828064848,-6.612353175960767
ETH_USDT,2025-02-28T00:00:00Z,2025-02-28T08:00:00Z,2025-03-01T08:00:00Z,2025,2025-02-24T00:00:00Z,-0.20377484808928265,-5.819277469189162,-7.2296995489060425,-7.219919474753481,-7.214490359765466
SOL_USDT,2025-02-28T00:00:00Z,2025-02-28T08:00:00Z,2025-03-01T08:00:00Z,2025,2025-02-24T00:00:00Z,-0.2896443246682126,-4.045945783932674,-6.590957285860232,-6.733785267274631,-6.611249563656267
LINK_USDT,2025-02-28T00:00:00Z,2025-02-28T08:00:00Z,2025-03-01T08:00:00Z,2025,2025-02-24T00:00:00Z,-0.7244208547092993,-5.317904197246393,-6.619346486797481,-6.806304893215852,-6.621520644463925
ETH_USDT,2025-03-01T00:00:00Z,2025-03-01T08:00:00Z,2025-03-02T08:00:00Z,2025,2025-02-24T00:00:00Z,0.4102449138418256,-6.856159218038242,-6.637792698909947,-6.704161030982695,-6.689132868711906
SOL_USDT,2025-03-01T00:00:00Z,2025-03-01T08:00:00Z,2025-03-02T08:00:00Z,2025,2025-02-24T00:00:00Z,0.5248575438116841,-7.193539369587263,-6.010685531018586,-6.083473981231959,-6.082789438078834
LINK_USDT,2025-03-01T00:00:00Z,2025-03-01T08:00:00Z,2025-03-02T08:00:00Z,2025,2025-02-24T00:00:00Z,-0.09986759016515545,-7.915527595573249,-6.132436730049745,-6.333207105037993,-6.227894694840421
ETH_USDT,2025-03-02T00:00:00Z,2025-03-02T08:00:00Z,2025-03-03T08:00:00Z,2025,2025-02-24T00:00:00Z,-0.6341944421455018,-4.034764519221665,-6.887110104381678,-7.08890215766457,-6.863569037723992
SOL_USDT,2025-03-02T00:00:00Z,2025-03-02T08:00:00Z,2025-03-03T08:00:00Z,2025,2025-02-24T00:00:00Z,-0.3110336886137486,-3.3930610524751432,-6.230707659258847,-6.386795736930038,-6.207977593611162
LINK_USDT,2025-03-02T00:00:00Z,2025-03-02T08:00:00Z,2025-03-03T08:00:00Z,2025,2025-02-24T00:00:00Z,-0.9384248294983756,-3.836773718362448,-6.43401739433524,-6.66130597936972,-6.452051470876376
ETH_USDT,2025-03-03T00:00:00Z,2025-03-03T08:00:00Z,2025-03-04T08:00:00Z,2025,2025-03-03T00:00:00Z,0.45848100899891875,-4.995978986233561,-6.419010715015633,-6.492897998335778,-6.539559157311686
SOL_USDT,2025-03-03T00:00:00Z,2025-03-03T08:00:00Z,2025-03-04T08:00:00Z,2025,2025-03-03T00:00:00Z,0.9458594679812541,-4.297359189438853,-5.74963624708929,-5.691827178619497,-5.840090900248392
LINK_USDT,2025-03-03T00:00:00Z,2025-03-03T08:00:00Z,2025-03-04T08:00:00Z,2025,2025-03-03T00:00:00Z,0.21986300618113558,-4.125097835172813,-5.906013325397497,-6.026013740264959,-6.047926137689075
ETH_USDT,2025-03-04T00:00:00Z,2025-03-04T08:00:00Z,2025-03-05T08:00:00Z,2025,2025-03-03T00:00:00Z,0.2658217032118703,-6.048977158394021,-6.388613102862597,-6.468110083573942,-6.3777468569964455
SOL_USDT,2025-03-04T00:00:00Z,2025-03-04T08:00:00Z,2025-03-05T08:00:00Z,2025,2025-03-03T00:00:00Z,0.6585475035910601,-6.0141714998226545,-5.652002267541862,-5.655910628788594,-5.592212016585231
LINK_USDT,2025-03-04T00:00:00Z,2025-03-04T08:00:00Z,2025-03-05T08:00:00Z,2025,2025-03-03T00:00:00Z,0.2287499828362765,-5.0320474816408,-5.803673865280048,-5.897731308718353,-5.812595251102361
ETH_USDT,2025-03-05T00:00:00Z,2025-03-05T08:00:00Z,2025-03-06T08:00:00Z,2025,2025-03-03T00:00:00Z,0.31918494644193623,-6.829504793364894,-6.461180640869078,-6.467601544876491,-6.466514554987813
SOL_USDT,2025-03-05T00:00:00Z,2025-03-05T08:00:00Z,2025-03-06T08:00:00Z,2025,2025-03-03T00:00:00Z,0.474620908966503,-6.601210532150793,-5.740369118557025,-5.705714001379542,-5.711063591521093
LINK_USDT,2025-03-05T00:00:00Z,2025-03-05T08:00:00Z,2025-03-06T08:00:00Z,2025,2025-03-03T00:00:00Z,0.3768815737777605,-5.735083076573363,-5.819605396404327,-5.824773459753477,-5.825225009441767
ETH_USDT,2025-03-06T00:00:00Z,2025-03-06T08:00:00Z,2025-03-07T08:00:00Z,2025,2025-03-03T00:00:00Z,-0.12763058156314194,-7.140468324773955,-6.6381245214038485,-6.707478693782008,-6.642555393156652
SOL_USDT,2025-03-06T00:00:00Z,2025-03-06T08:00:00Z,2025-03-07T08:00:00Z,2025,2025-03-03T00:00:00Z,-0.17170400587951626,-6.439931258257712,-5.872995150083248,-5.94277799120696,-5.862372410499525
LINK_USDT,2025-03-06T00:00:00Z,2025-03-06T08:00:00Z,2025-03-07T08:00:00Z,2025,2025-03-03T00:00:00Z,0.4259658535433224,-7.458388976584961,-5.88859156638394,-5.831101116169444,-5.882546296119042
ETH_USDT,2025-03-07T00:00:00Z,2025-03-07T08:00:00Z,2025-03-08T08:00:00Z,2025,2025-03-03T00:00:00Z,-0.206908794071498,-6.86503173367809,-6.657426004616562,-6.7547649094616995,-6.71720402735156
SOL_USDT,2025-03-07T00:00:00Z,2025-03-07T08:00:00Z,2025-03-08T08:00:00Z,2025,2025-03-03T00:00:00Z,-0.21620149614620973,-6.4816264238500185,-5.889720930350233,-5.984295139803489,-5.955883100947297
LINK_USDT,2025-03-07T00:00:00Z,2025-03-07T08:00:00Z,2025-03-08T08:00:00Z,2025,2025-03-03T00:00:00Z,0.5950996764981712,-5.417727490480081,-6.022148749379452,-5.851748552181066,-6.014100246391169
ETH_USDT,2025-03-08T00:00:00Z,2025-03-08T08:00:00Z,2025-03-09T08:00:00Z,2025,2025-03-03T00:00:00Z,0.03520634159666108,-7.453612865356442,-6.760257108323118,-6.7729754238811575,-6.8125342414729335
SOL_USDT,2025-03-08T00:00:00Z,2025-03-08T08:00:00Z,2025-03-09T08:00:00Z,2025,2025-03-03T00:00:00Z,0.226200637571492,-7.623675059066406,-6.003972790145938,-5.95248547163415,-6.058962010480631
LINK_USDT,2025-03-08T00:00:00Z,2025-03-08T08:00:00Z,2025-03-09T08:00:00Z,2025,2025-03-03T00:00:00Z,0.7225004054444757,-8.029407348996548,-5.993740059595857,-5.843920768728357,-5.958383457731056
ETH_USDT,2025-03-09T00:00:00Z,2025-03-09T08:00:00Z,2025-03-10T08:00:00Z,2025,2025-03-03T00:00:00Z,-0.8089133413457364,-5.574386454611671,-6.873239635974286,-7.0678298099341035,-6.8997916770243535
SOL_USDT,2025-03-09T00:00:00Z,2025-03-09T08:00:00Z,2025-03-10T08:00:00Z,2025,2025-03-03T00:00:00Z,-1.0181099064211305,-5.133233457415091,-6.254594119030038,-6.408217127286582,-6.255359415229785
LINK_USDT,2025-03-09T00:00:00Z,2025-03-09T08:00:00Z,2025-03-10T08:00:00Z,2025,2025-03-03T00:00:00Z,-0.5290674151494007,-5.332747854863451,-6.151023364062187,-6.262964007700498,-6.100104836589024
ETH_USDT,2025-03-10T00:00:00Z,2025-03-10T08:00:00Z,2025-03-11T08:00:00Z,2025,2025-03-10T00:00:00Z,-0.23573214086393948,-4.904700869764124,-6.872863807676809,-7.007306329112076,-6.972238964343971
SOL_USDT,2025-03-10T00:00:00Z,2025-03-10T08:00:00Z,2025-03-11T08:00:00Z,2025,2025-03-10T00:00:00Z,-0.45516864626014425,-5.322066265437362,-6.069095288202793,-6.280633982335315,-6.1980742100995805
LINK_USDT,2025-03-10T00:00:00Z,2025-03-10T08:00:00Z,2025-03-11T08:00:00Z,2025,2025-03-10T00:00:00Z,-0.2790720478604739,-5.0854846039066,-6.101783215289321,-6.252662053662165,-6.1782835810813
ETH_USDT,2025-03-11T00:00:00Z,2025-03-11T08:00:00Z,2025-03-12T08:00:00Z,2025,2025-03-10T00:00:00Z,0.4087709964927328,-9.298730938745425,-6.787106360668018,-6.761831763742775,-6.816085074287086
SOL_USDT,2025-03-11T00:00:00Z,2025-03-11T08:00:00Z,2025-03-12T08:00:00Z,2025,2025-03-10T00:00:00Z,-0.005601685262311897,-7.49359013138446,-6.373949106994005,-6.367630624388623,-6.401993163088511
LINK_USDT,2025-03-11T00:00:00Z,2025-03-11T08:00:00Z,2025-03-12T08:00:00Z,2025,2025-03-10T00:00:00Z,0.2253726852483076,-7.468770473691153,-6.180517250207578,-6.1721891966562765,-6.211347115594931
ETH_USDT,2025-03-12T00:00:00Z,2025-03-12T08:00:00Z,2025-03-13T08:00:00Z,2025,2025-03-10T00:00:00Z,0.28007535335236067,-6.681484616528079,-7.065891426877427,-6.906919896461268,-7.008083877891479
SOL_USDT,2025-03-12T00:00:00Z,2025-03-12T08:00:00Z,2025-03-13T08:00:00Z,2025,2025-03-10T00:00:00Z,-0.053735772655847995,-7.195136770857053,-6.480367990719409,-6.435868034898878,-6.449920937631829
LINK_USDT,2025-03-12T00:00:00Z,2025-03-12T08:00:00Z,2025-03-13T08:00:00Z,2025,2025-03-10T00:00:00Z,0.41511416596525474,-6.386085341107587,-6.478616971392709,-6.261152567631649,-6.43398149783221
ETH_USDT,2025-03-13T00:00:00Z,2025-03-13T08:00:00Z,2025-03-14T08:00:00Z,2025,2025-03-10T00:00:00Z,-0.12302374289089515,-8.231472610349199,-7.033986061087651,-7.017520439066244,-6.992364744954747
SOL_USDT,2025-03-13T00:00:00Z,2025-03-13T08:00:00Z,2025-03-14T08:00:00Z,2025,2025-03-10T00:00:00Z,-0.3947984495421278,-8.649890024315166,-6.583337182631693,-6.5730646868218905,-6.55410142526072
LINK_USDT,2025-03-13T00:00:00Z,2025-03-13T08:00:00Z,2025-03-14T08:00:00Z,2025,2025-03-10T00:00:00Z,-0.019477778024678812,-7.437551339515347,-6.511216961985391,-6.428672313636794,-6.443295654969124
ETH_USDT,2025-03-14T00:00:00Z,2025-03-14T08:00:00Z,2025-03-15T08:00:00Z,2025,2025-03-10T00:00:00Z,-0.45201661156078976,-8.205295506325646,-7.120992142484907,-7.148665044535524,-7.11666901190536
SOL_USDT,2025-03-14T00:00:00Z,2025-03-14T08:00:00Z,2025-03-15T08:00:00Z,2025,2025-03-10T00:00:00Z,-0.8281581510303584,-5.656790712431705,-6.660236486135131,-6.738252961144058,-6.660897621369932
LINK_USDT,2025-03-14T00:00:00Z,2025-03-14T08:00:00Z,2025-03-15T08:00:00Z,2025,2025-03-10T00:00:00Z,-0.4364670099531884,-4.818600484632921,-6.540908633705012,-6.566353711492788,-6.517226148810131
ETH_USDT,2025-03-15T00:00:00Z,2025-03-15T08:00:00Z,2025-03-16T08:00:00Z,2025,2025-03-10T00:00:00Z,-0.8300863706782046,-8.848874855747205,-7.143220603871646,-7.290018786552871,-7.171175290576373
SOL_USDT,2025-03-15T00:00:00Z,2025-03-15T08:00:00Z,2025-03-16T08:00:00Z,2025,2025-03-10T00:00:00Z,-0.5283658128504504,-7.867077249235472,-6.446869076290764,-6.568755324012879,-6.500729949889692
LINK_USDT,2025-03-15T00:00:00Z,2025-03-15T08:00:00Z,2025-03-16T08:00:00Z,2025,2025-03-10T00:00:00Z,0.7242262225820654,-7.822588130262032,-6.263465680660322,-6.116876226659599,-6.29612630129496
ETH_USDT,2025-03-16T00:00:00Z,2025-03-16T08:00:00Z,2025-03-17T08:00:00Z,2025,2025-03-10T00:00:00Z,-1.3876635901193868,-8.011043243158872,-7.294889929247716,-7.477610105371014,-7.358224144772054
SOL_USDT,2025-03-16T00:00:00Z,2025-03-16T08:00:00Z,2025-03-17T08:00:00Z,2025,2025-03-10T00:00:00Z,-1.1189392619109304,-5.805768847772114,-6.655658241282422,-6.771310246359994,-6.677366851275853
LINK_USDT,2025-03-16T00:00:00Z,2025-03-16T08:00:00Z,2025-03-17T08:00:00Z,2025,2025-03-10T00:00:00Z,-0.6015677399604907,-5.709406787700206,-6.539049119489063,-6.546776512346203,-6.452841221220141
ETH_USDT,2025-03-17T00:00:00Z,2025-03-17T08:00:00Z,2025-03-18T08:00:00Z,2025,2025-03-17T00:00:00Z,-0.9551050181601158,-8.370333426268735,-7.311701666488622,-7.432089303462126,-7.4244957437526935
SOL_USDT,2025-03-17T00:00:00Z,2025-03-17T08:00:00Z,2025-03-18T08:00:00Z,2025,2025-03-17T00:00:00Z,-0.7691896445862584,-7.2724595859807595,-6.5841046036438415,-6.71547469931682,-6.658847703958376
LINK_USDT,2025-03-17T00:00:00Z,2025-03-17T08:00:00Z,2025-03-18T08:00:00Z,2025,2025-03-17T00:00:00Z,-0.8150789867542778,-7.727130230399714,-6.418252758651927,-6.596030980230296,-6.461910566787025
ETH_USDT,2025-03-18T00:00:00Z,2025-03-18T08:00:00Z,2025-03-19T08:00:00Z,2025,2025-03-17T00:00:00Z,-0.9178099362172282,-7.054694830123282,-7.8785378821443945,-7.870480186920634,-7.8884197464641215
SOL_USDT,2025-03-18T00:00:00Z,2025-03-18T08:00:00Z,2025-03-19T08:00:00Z,2025,2025-03-17T00:00:00Z,-0.8073444477924262,-6.9519833230793715,-6.766159023295295,-6.82874156268073,-6.791859758061881
LINK_USDT,2025-03-18T00:00:00Z,2025-03-18T08:00:00Z,2025-03-19T08:00:00Z,2025,2025-03-17T00:00:00Z,-0.6354737921728831,-6.177078358255314,-6.597771807924132,-6.663359897440257,-6.6478593055465325
ETH_USDT,2025-03-19T00:00:00Z,2025-03-19T08:00:00Z,2025-03-20T08:00:00Z,2025,2025-03-17T00:00:00Z,-0.9333665769299746,-5.511923170443941,-7.666862197928991,-7.782918130551898,-7.683082881251442
SOL_USDT,2025-03-19T00:00:00Z,2025-03-19T08:00:00Z,2025-03-20T08:00:00Z,2025,2025-03-17T00:00:00Z,-0.674288072051733,-5.741968695403472,-6.729488869224246,-6.798571291376264,-6.757687713708235
LINK_USDT,2025-03-19T00:00:00Z,2025-03-19T08:00:00Z,2025-03-20T08:00:00Z,2025,2025-03-17T00:00:00Z,-0.7598731410792615,-5.42163318771627,-6.508037316980301,-6.656113452964236,-6.544227514062296
ETH_USDT,2025-03-20T00:00:00Z,2025-03-20T08:00:00Z,2025-03-21T08:00:00Z,2025,2025-03-17T00:00:00Z,-0.14026235157473024,-7.917936423685816,-7.326037032751762,-7.330241314975932,-7.371277175276897
SOL_USDT,2025-03-20T00:00:00Z,2025-03-20T08:00:00Z,2025-03-21T08:00:00Z,2025,2025-03-17T00:00:00Z,-0.3479794005796021,-6.424278999600966,-6.572460590300489,-6.612003027869807,-6.5980388256550615
LINK_USDT,2025-03-20T00:00:00Z,2025-03-20T08:00:00Z,2025-03-21T08:00:00Z,2025,2025-03-17T00:00:00Z,-0.16532668936755335,-7.709590513906788,-6.388527501097222,-6.416553178720235,-6.44487966915562
ETH_USDT,2025-03-21T00:00:00Z,2025-03-21T08:00:00Z,2025-03-22T08:00:00Z,2025,2025-03-17T00:00:00Z,-0.674020824571219,-8.036460175766281,-7.387403380436287,-7.455351702010471,-7.349814820584691
SOL_USDT,2025-03-21T00:00:00Z,2025-03-21T08:00:00Z,2025-03-22T08:00:00Z,2025,2025-03-17T00:00:00Z,-0.7868244465242775,-7.312972752934882,-6.584595525028237,-6.705952094684816,-6.580783741234891
LINK_USDT,2025-03-21T00:00:00Z,2025-03-21T08:00:00Z,2025-03-22T08:00:00Z,2025,2025-03-17T00:00:00Z,-0.6438732894936765,-7.487605639587127,-6.47951907204877,-6.565144724934703,-6.472272011118882
ETH_USDT,2025-03-22T00:00:00Z,2025-03-22T08:00:00Z,2025-03-23T08:00:00Z,2025,2025-03-17T00:00:00Z,-1.1050878662542263,-8.530954770837509,-7.524104173503979,-7.616665287215399,-7.538598833606933
SOL_USDT,2025-03-22T00:00:00Z,2025-03-22T08:00:00Z,2025-03-23T08:00:00Z,2025,2025-03-17T00:00:00Z,-0.8783566555827734,-7.683422149591453,-6.764685440751656,-6.827267015872504,-6.7951103176822105
LINK_USDT,2025-03-22T00:00:00Z,2025-03-22T08:00:00Z,2025-03-23T08:00:00Z,2025,2025-03-17T00:00:00Z,-1.236142032114148,-8.990430207859866,-6.765901312645463,-6.913646388419517,-6.784302407303273
ETH_USDT,2025-03-23T00:00:00Z,2025-03-23T08:00:00Z,2025-03-24T08:00:00Z,2025,2025-03-17T00:00:00Z,-1.5121501487002589,-6.94666853692981,-7.616566319339526,-7.752950806375135,-7.6747137889235555
SOL_USDT,2025-03-23T00:00:00Z,2025-03-23T08:00:00Z,2025-03-24T08:00:00Z,2025,2025-03-17T00:00:00Z,-1.3215702786592851,-6.174099828349436,-6.996637331759397,-7.024513107964944,-7.029007850536197
LINK_USDT,2025-03-23T00:00:00Z,2025-03-23T08:00:00Z,2025-03-24T08:00:00Z,2025,2025-03-17T00:00:00Z,-1.387187216098797,-6.439338894639031,-6.871093742812718,-6.989316594424301,-6.9490608420085715
ETH_USDT,2025-03-24T00:00:00Z,2025-03-24T08:00:00Z,2025-03-25T08:00:00Z,2025,2025-03-24T00:00:00Z,-1.009048736189442,-8.221992008819205,-7.573756859142713,-7.6389465384136885,-7.673130953142747
SOL_USDT,2025-03-24T00:00:00Z,2025-03-24T08:00:00Z,2025-03-25T08:00:00Z,2025,2025-03-24T00:00:00Z,-1.1170399625503773,-6.627293953014502,-6.889162321138948,-7.003268308098099,-6.9622468525599706
LINK_USDT,2025-03-24T00:00:00Z,2025-03-24T08:00:00Z,2025-03-25T08:00:00Z,2025,2025-03-24T00:00:00Z,-1.4011437563791427,-8.482146431127648,-7.010563474238449,-7.123470297906485,-7.089995035876551
ETH_USDT,2025-03-25T00:00:00Z,2025-03-25T08:00:00Z,2025-03-26T08:00:00Z,2025,2025-03-24T00:00:00Z,-0.39660576690854316,-10.197092010344823,-7.371376816108028,-7.380042254462514,-7.427211706420049
SOL_USDT,2025-03-25T00:00:00Z,2025-03-25T08:00:00Z,2025-03-26T08:00:00Z,2025,2025-03-24T00:00:00Z,-0.12246862164449353,-6.300106803190637,-6.634269152935161,-6.595745985580133,-6.699527635274968
LINK_USDT,2025-03-25T00:00:00Z,2025-03-25T08:00:00Z,2025-03-26T08:00:00Z,2025,2025-03-24T00:00:00Z,-0.4448775935103526,-6.811543746629578,-6.761226791390164,-6.770359053659071,-6.849209886979579
ETH_USDT,2025-03-26T00:00:00Z,2025-03-26T08:00:00Z,2025-03-27T08:00:00Z,2025,2025-03-24T00:00:00Z,-0.7476325719824766,-7.067874744840321,-7.563952658135137,-7.564255899585603,-7.544334116980414
SOL_USDT,2025-03-26T00:00:00Z,2025-03-26T08:00:00Z,2025-03-27T08:00:00Z,2025,2025-03-24T00:00:00Z,-0.36690891705071005,-6.405830839347644,-6.657403027339992,-6.6576070673379375,-6.617818877837823
LINK_USDT,2025-03-26T00:00:00Z,2025-03-26T08:00:00Z,2025-03-27T08:00:00Z,2025,2025-03-24T00:00:00Z,-0.886563639593494,-6.1196770636964795,-7.057915993861021,-7.038117849357158,-7.0273192937548625
ETH_USDT,2025-03-27T00:00:00Z,2025-03-27T08:00:00Z,2025-03-28T08:00:00Z,2025,2025-03-24T00:00:00Z,-0.46477843798064356,-6.036322900171328,-7.7038707350496844,-7.674641401665551,-7.701794716603702
SOL_USDT,2025-03-27T00:00:00Z,2025-03-27T08:00:00Z,2025-03-28T08:00:00Z,2025,2025-03-24T00:00:00Z,-0.4773595425923056,-5.9386323521116555,-6.75832545838359,-6.775133369548983,-6.740131096017312
LINK_USDT,2025-03-27T00:00:00Z,2025-03-27T08:00:00Z,2025-03-28T08:00:00Z,2025,2025-03-24T00:00:00Z,-0.5102512411842407,-5.293387275272263,-6.911374432790163,-6.939030857058449,-6.931992684443075
ETH_USDT,2025-03-28T00:00:00Z,2025-03-28T08:00:00Z,2025-03-29T08:00:00Z,2025,2025-03-24T00:00:00Z,-0.5865735896498527,-7.327822248388797,-7.938287601036833,-7.838202501307554,-7.894121054701996
SOL_USDT,2025-03-28T00:00:00Z,2025-03-28T08:00:00Z,2025-03-29T08:00:00Z,2025,2025-03-24T00:00:00Z,-0.6612327620808102,-7.165388681014628,-6.997671629864637,-6.929550882113661,-6.980628945108755
LINK_USDT,2025-03-28T00:00:00Z,2025-03-28T08:00:00Z,2025-03-29T08:00:00Z,2025,2025-03-24T00:00:00Z,-0.6907575305702034,-6.819456956838855,-7.069577113657101,-7.050775400226116,-7.043400508022343
ETH_USDT,2025-03-29T00:00:00Z,2025-03-29T08:00:00Z,2025-03-30T08:00:00Z,2025,2025-03-24T00:00:00Z,-0.06471760725366003,-7.539270590059899,-7.423627972345993,-7.400892896114744,-7.431718750212717
SOL_USDT,2025-03-29T00:00:00Z,2025-03-29T08:00:00Z,2025-03-30T08:00:00Z,2025,2025-03-24T00:00:00Z,-0.24025898151984232,-8.31626485106805,-6.679025302635494,-6.677815454329504,-6.698917022125222
LINK_USDT,2025-03-29T00:00:00Z,2025-03-29T08:00:00Z,2025-03-30T08:00:00Z,2025,2025-03-24T00:00:00Z,-0.39689580548260683,-7.614362555343616,-6.614182000473573,-6.6942299401112235,-6.641086339910718
ETH_USDT,2025-03-30T00:00:00Z,2025-03-30T08:00:00Z,2025-03-31T08:00:00Z,2025,2025-03-24T00:00:00Z,-0.5001587840949936,-8.479729676644462,-7.5101976073235415,-7.515307934494354,-7.4592705842074905
SOL_USDT,2025-03-30T00:00:00Z,2025-03-30T08:00:00Z,2025-03-31T08:00:00Z,2025,2025-03-24T00:00:00Z,-0.6706960980964102,-9.30674698142389,-6.749613026238434,-6.794429227747632,-6.723003847307614
LINK_USDT,2025-03-30T00:00:00Z,2025-03-30T08:00:00Z,2025-03-31T08:00:00Z,2025,2025-03-24T00:00:00Z,-0.8199868347760096,-7.656386158773065,-6.719284131422956,-6.818408030832035,-6.71251215519725
ETH_USDT,2025-03-31T00:00:00Z,2025-03-31T08:00:00Z,2025-04-01T08:00:00Z,2025,2025-03-31T00:00:00Z,-0.6822886648619829,-6.925204085825141,-7.650336925848298,-7.6557826503262145,-7.657886191649505
SOL_USDT,2025-03-31T00:00:00Z,2025-03-31T08:00:00Z,2025-04-01T08:00:00Z,2025,2025-03-31T00:00:00Z,-1.020648493751797,-7.322783453643066,-7.022366994799407,-7.038266438049376,-7.0482599609018015
LINK_USDT,2025-03-31T00:00:00Z,2025-03-31T08:00:00Z,2025-04-01T08:00:00Z,2025,2025-03-31T00:00:00Z,-0.9615831812077407,-6.899788585865131,-6.863604713497841,-6.933837207001626,-6.911887375706084
ETH_USDT,2025-04-01T00:00:00Z,2025-04-01T08:00:00Z,2025-04-02T08:00:00Z,2025,2025-03-31T00:00:00Z,-0.25991093634685847,-6.3997423294620885,-7.582158352242758,-7.555979332804426,-7.608993063344603
SOL_USDT,2025-04-01T00:00:00Z,2025-04-01T08:00:00Z,2025-04-02T08:00:00Z,2025,2025-03-31T00:00:00Z,-0.2482206690254254,-6.806293481722049,-7.006149440501917,-6.911654727989228,-7.0609389894902765
LINK_USDT,2025-04-01T00:00:00Z,2025-04-01T08:00:00Z,2025-04-02T08:00:00Z,2025,2025-03-31T00:00:00Z,-0.7155760730724434,-5.454490411207542,-6.789366519087018,-6.875886449726011,-6.851608202123559
ETH_USDT,2025-04-02T00:00:00Z,2025-04-02T08:00:00Z,2025-04-03T08:00:00Z,2025,2025-03-31T00:00:00Z,-0.254911622113466,-5.577288205404268,-7.49897221467011,-7.570641899894676,-7.505558771032979
SOL_USDT,2025-04-02T00:00:00Z,2025-04-02T08:00:00Z,2025-04-03T08:00:00Z,2025,2025-03-31T00:00:00Z,-0.17865564736675302,-4.321204826387248,-7.042748979061903,-7.017388802025633,-7.01921423022499
LINK_USDT,2025-04-02T00:00:00Z,2025-04-02T08:00:00Z,2025-04-03T08:00:00Z,2025,2025-03-31T00:00:00Z,-0.6229169961707973,-4.623666388328068,-6.693369264003035,-6.845776945551582,-6.753121958921354
ETH_USDT,2025-04-03T00:00:00Z,2025-04-03T08:00:00Z,2025-04-04T08:00:00Z,2025,2025-03-31T00:00:00Z,0.27310122309931784,-7.2430651983750645,-7.286683876407124,-7.327853524418749,-7.322154726421694
SOL_USDT,2025-04-03T00:00:00Z,2025-04-03T08:00:00Z,2025-04-04T08:00:00Z,2025,2025-03-31T00:00:00Z,0.4341564516905554,-6.106605254034568,-6.488678566402426,-6.536952959751607,-6.526037971135062
LINK_USDT,2025-04-03T00:00:00Z,2025-04-03T08:00:00Z,2025-04-04T08:00:00Z,2025,2025-03-31T00:00:00Z,0.29762861571619886,-6.283050773604595,-6.357971393003628,-6.409852036188775,-6.442632578696744
ETH_USDT,2025-04-04T00:00:00Z,2025-04-04T08:00:00Z,2025-04-05T08:00:00Z,2025,2025-03-31T00:00:00Z,-0.09851828186867652,-8.093922947985984,-7.416083675919423,-7.463722197032144,-7.391412798836457
SOL_USDT,2025-04-04T00:00:00Z,2025-04-04T08:00:00Z,2025-04-05T08:00:00Z,2025,2025-03-31T00:00:00Z,0.34330084856226767,-6.557160865541277,-6.609674205818125,-6.5749905795578085,-6.576664055608848
LINK_USDT,2025-04-04T00:00:00Z,2025-04-04T08:00:00Z,2025-04-05T08:00:00Z,2025,2025-03-31T00:00:00Z,-0.007313228410741231,-6.95076111692704,-6.526283705162031,-6.545987600453453,-6.500801717077866
ETH_USDT,2025-04-05T00:00:00Z,2025-04-05T08:00:00Z,2025-04-06T08:00:00Z,2025,2025-03-31T00:00:00Z,0.03921801395284678,-7.5973187354783525,-7.608644259513788,-7.542355327761636,-7.611297634535937
SOL_USDT,2025-04-05T00:00:00Z,2025-04-05T08:00:00Z,2025-04-06T08:00:00Z,2025,2025-03-31T00:00:00Z,0.34002691376538136,-6.501974367420678,-6.681526640876153,-6.60864535441016,-6.6542567352341
LINK_USDT,2025-04-05T00:00:00Z,2025-04-05T08:00:00Z,2025-04-06T08:00:00Z,2025,2025-03-31T00:00:00Z,-0.08572443297326507,-7.073163829610054,-6.651629393037998,-6.656098998798717,-6.652342004633671
ETH_USDT,2025-04-06T00:00:00Z,2025-04-06T08:00:00Z,2025-04-07T08:00:00Z,2025,2025-03-31T00:00:00Z,-0.9724203242771688,-4.003973675699662,-7.5856841414934895,-7.816286792889235,-7.575127056519485
SOL_USDT,2025-04-06T00:00:00Z,2025-04-06T08:00:00Z,2025-04-07T08:00:00Z,2025,2025-03-31T00:00:00Z,-0.7855740804456179,-4.167977767682871,-6.652590186864118,-6.895254145197232,-6.629874502144479
LINK_USDT,2025-04-06T00:00:00Z,2025-04-06T08:00:00Z,2025-04-07T08:00:00Z,2025,2025-03-31T00:00:00Z,-1.186525961880184,-4.133135644806063,-6.71126746538257,-6.979247731643071,-6.719567847118984
ETH_USDT,2025-04-07T00:00:00Z,2025-04-07T08:00:00Z,2025-04-08T08:00:00Z,2025,2025-04-07T00:00:00Z,0.5299816255623504,-5.4671950644963925,-6.891053974603066,-6.936994791798423,-7.03904983403809
SOL_USDT,2025-04-07T00:00:00Z,2025-04-07T08:00:00Z,2025-04-08T08:00:00Z,2025,2025-04-07T00:00:00Z,0.19016757014842964,-4.711871358899479,-6.3468156399443085,-6.447003113392894,-6.470420240433761
LINK_USDT,2025-04-07T00:00:00Z,2025-04-07T08:00:00Z,2025-04-08T08:00:00Z,2025,2025-04-07T00:00:00Z,-0.06840474744384568,-4.83460390334882,-6.325422286997817,-6.473836604427079,-6.484767601449601
ETH_USDT,2025-04-08T00:00:00Z,2025-04-08T08:00:00Z,2025-04-09T08:00:00Z,2025,2025-04-07T00:00:00Z,1.1567398501678692,-6.124600549388251,-6.68381887120991,-6.5645273929374595,-6.663033019378204
SOL_USDT,2025-04-08T00:00:00Z,2025-04-08T08:00:00Z,2025-04-09T08:00:00Z,2025,2025-04-07T00:00:00Z,0.9923464725015296,-7.109801357457588,-6.052366268670243,-5.981034587273554,-6.0750862468241715
LINK_USDT,2025-04-08T00:00:00Z,2025-04-08T08:00:00Z,2025-04-09T08:00:00Z,2025,2025-04-07T00:00:00Z,0.9239776130339568,-5.555202620980942,-6.060794792486219,-5.9835841080759105,-6.103877178652191
ETH_USDT,2025-04-09T00:00:00Z,2025-04-09T08:00:00Z,2025-04-10T08:00:00Z,2025,2025-04-07T00:00:00Z,0.26075810129650034,-4.153143750101667,-6.807195219819043,-6.822243015056176,-6.716970802646087
SOL_USDT,2025-04-09T00:00:00Z,2025-04-09T08:00:00Z,2025-04-10T08:00:00Z,2025,2025-04-07T00:00:00Z,0.24778561193344759,-4.288862981976013,-6.338050554254427,-6.290125961514681,-6.264269591834193
LINK_USDT,2025-04-09T00:00:00Z,2025-04-09T08:00:00Z,2025-04-10T08:00:00Z,2025,2025-04-07T00:00:00Z,-0.15819451807497414,-4.416214084847173,-6.225911404107657,-6.308926982849309,-6.151188483481359
ETH_USDT,2025-04-10T00:00:00Z,2025-04-10T08:00:00Z,2025-04-11T08:00:00Z,2025,2025-04-07T00:00:00Z,1.0399192808978959,-5.3230859753656885,-6.514869175761155,-6.4497024236864196,-6.534878749001805
SOL_USDT,2025-04-10T00:00:00Z,2025-04-10T08:00:00Z,2025-04-11T08:00:00Z,2025,2025-04-07T00:00:00Z,0.7296023460879653,-5.505073563090673,-6.060122935222239,-6.0370846155933044,-6.067971161687045
LINK_USDT,2025-04-10T00:00:00Z,2025-04-10T08:00:00Z,2025-04-11T08:00:00Z,2025,2025-04-07T00:00:00Z,0.5856067971419598,-5.8379998782595415,-6.040210860753089,-6.03613408586346,-6.084540784951704
ETH_USDT,2025-04-11T00:00:00Z,2025-04-11T08:00:00Z,2025-04-12T08:00:00Z,2025,2025-04-07T00:00:00Z,0.30789437866015545,-8.75826583638938,-6.479791369117964,-6.537708082541006,-6.410631205419639
SOL_USDT,2025-04-11T00:00:00Z,2025-04-11T08:00:00Z,2025-04-12T08:00:00Z,2025,2025-04-07T00:00:00Z,0.2454734053182072,-6.51809013500612,-6.116718777703509,-6.14474820840319,-6.067545303870382
LINK_USDT,2025-04-11T00:00:00Z,2025-04-11T08:00:00Z,2025-04-12T08:00:00Z,2025,2025-04-07T00:00:00Z,-0.1060170961181572,-8.091188925017518,-6.138076939194282,-6.213544311718743,-6.095675515641285
ETH_USDT,2025-04-12T00:00:00Z,2025-04-12T08:00:00Z,2025-04-13T08:00:00Z,2025,2025-04-07T00:00:00Z,-0.12280401323518979,-5.997198975657457,-6.695748268437527,-6.723207732086575,-6.706546035897865
SOL_USDT,2025-04-12T00:00:00Z,2025-04-12T08:00:00Z,2025-04-13T08:00:00Z,2025,2025-04-07T00:00:00Z,0.05010153893602043,-5.6955953691861145,-6.169507187157804,-6.201052169567317,-6.176356614407788
LINK_USDT,2025-04-12T00:00:00Z,2025-04-12T08:00:00Z,2025-04-13T08:00:00Z,2025,2025-04-07T00:00:00Z,-0.26837614860756,-6.928711962245929,-6.235616578202935,-6.288044661337128,-6.272682732354452
ETH_USDT,2025-04-13T00:00:00Z,2025-04-13T08:00:00Z,2025-04-14T08:00:00Z,2025,2025-04-07T00:00:00Z,-0.2141562596439196,-7.037278316227911,-6.5697429901421565,-6.687128663055808,-6.635175565894707
SOL_USDT,2025-04-13T00:00:00Z,2025-04-13T08:00:00Z,2025-04-14T08:00:00Z,2025,2025-04-07T00:00:00Z,0.1697336220022968,-6.998785243405822,-6.1289829469669925,-6.139499724633057,-6.160515950173349
LINK_USDT,2025-04-13T00:00:00Z,2025-04-13T08:00:00Z,2025-04-14T08:00:00Z,2025,2025-04-07T00:00:00Z,-0.5134679103343691,-7.594006584112775,-6.264588142566699,-6.362541548748374,-6.319157804219112
ETH_USDT,2025-04-14T00:00:00Z,2025-04-14T08:00:00Z,2025-04-15T08:00:00Z,2025,2025-04-14T00:00:00Z,-0.08974367836215537,-8.544484260791513,-6.765328211052225,-6.770445308559094,-6.823655068286577
SOL_USDT,2025-04-14T00:00:00Z,2025-04-14T08:00:00Z,2025-04-15T08:00:00Z,2025,2025-04-14T00:00:00Z,0.045695617679313946,-6.892899433381037,-6.30948550811527,-6.271831241027346,-6.317128928261354
LINK_USDT,2025-04-14T00:00:00Z,2025-04-14T08:00:00Z,2025-04-15T08:00:00Z,2025,2025-04-14T00:00:00Z,-0.19080965864661062,-9.149091913823499,-6.377353568340523,-6.3818043638376984,-6.453519261464669
ETH_USDT,2025-04-15T00:00:00Z,2025-04-15T08:00:00Z,2025-04-16T08:00:00Z,2025,2025-04-14T00:00:00Z,0.016864383139575126,-7.061763314739283,-6.900531100688417,-6.851814387403409,-6.927194456182148
SOL_USDT,2025-04-15T00:00:00Z,2025-04-15T08:00:00Z,2025-04-16T08:00:00Z,2025,2025-04-14T00:00:00Z,0.0630354434325874,-6.826074205447052,-6.420804830283746,-6.386849261261563,-6.420234224807961
LINK_USDT,2025-04-15T00:00:00Z,2025-04-15T08:00:00Z,2025-04-16T08:00:00Z,2025,2025-04-14T00:00:00Z,-0.3017183057761415,-6.918775540914404,-6.725751637612849,-6.642445743150333,-6.732983404480067
ETH_USDT,2025-04-16T00:00:00Z,2025-04-16T08:00:00Z,2025-04-17T08:00:00Z,2025,2025-04-14T00:00:00Z,-0.30168897791978877,-7.434959228524172,-6.894403876343299,-6.946329425634496,-6.906062583196534
SOL_USDT,2025-04-16T00:00:00Z,2025-04-16T08:00:00Z,2025-04-17T08:00:00Z,2025,2025-04-14T00:00:00Z,-0.14154462901530168,-6.314785365307192,-6.435192402223115,-6.451440379036682,-6.431886416620348
LINK_USDT,2025-04-16T00:00:00Z,2025-04-16T08:00:00Z,2025-04-17T08:00:00Z,2025,2025-04-14T00:00:00Z,-0.23075048918588034,-7.36497780746518,-6.592441662051371,-6.601463746626862,-6.615302892669831
ETH_USDT,2025-04-17T00:00:00Z,2025-04-17T08:00:00Z,2025-04-18T08:00:00Z,2025,2025-04-14T00:00:00Z,-0.08956881539674172,-8.916762596553788,-7.192337251753682,-7.132987408498913,-7.200758896337056
SOL_USDT,2025-04-17T00:00:00Z,2025-04-17T08:00:00Z,2025-04-18T08:00:00Z,2025,2025-04-14T00:00:00Z,0.26350138359914127,-8.86086701382862,-6.634520910204043,-6.522633777545876,-6.625199423145041
LINK_USDT,2025-04-17T00:00:00Z,2025-04-17T08:00:00Z,2025-04-18T08:00:00Z,2025,2025-04-14T00:00:00Z,-0.30618926096238147,-8.114401993056086,-7.1066537559813,-7.004859504360168,-7.061586914139299
ETH_USDT,2025-04-18T00:00:00Z,2025-04-18T08:00:00Z,2025-04-19T08:00:00Z,2025,2025-04-14T00:00:00Z,-0.39142964023077587,-9.539644710932269,-7.520470118536876,-7.454650503405757,-7.466830673090328
SOL_USDT,2025-04-18T00:00:00Z,2025-04-18T08:00:00Z,2025-04-19T08:00:00Z,2025,2025-04-14T00:00:00Z,-0.036031310828484694,-6.510810471691473,-6.83052787869922,-6.719689036446217,-6.758666269394332
LINK_USDT,2025-04-18T00:00:00Z,2025-04-18T08:00:00Z,2025-04-19T08:00:00Z,2025,2025-04-14T00:00:00Z,-0.5288382440988811,-7.3493300442923895,-7.19373473975974,-7.157996916135313,-7.142211177157972
ETH_USDT,2025-04-19T00:00:00Z,2025-04-19T08:00:00Z,2025-04-20T08:00:00Z,2025,2025-04-14T00:00:00Z,-1.1687863169695665,-8.976647889080306,-7.883241118062571,-7.830133046145685,-7.854697140300582
SOL_USDT,2025-04-19T00:00:00Z,2025-04-19T08:00:00Z,2025-04-20T08:00:00Z,2025,2025-04-14T00:00:00Z,-0.4196130837469576,-9.951022866918208,-6.986603486117245,-6.9167092863975,-6.942396658378474
LINK_USDT,2025-04-19T00:00:00Z,2025-04-19T08:00:00Z,2025-04-20T08:00:00Z,2025,2025-04-14T00:00:00Z,-1.1501125536047618,-8.059454337969619,-7.403157282268293,-7.4386399689262035,-7.3689279786743755
ETH_USDT,2025-04-20T00:00:00Z,2025-04-20T08:00:00Z,2025-04-21T08:00:00Z,2025,2025-04-14T00:00:00Z,-1.0340070770842007,-6.4268137062322435,-7.903686037052664,-7.899434767896153,-7.941950812414556
SOL_USDT,2025-04-20T00:00:00Z,2025-04-20T08:00:00Z,2025-04-21T08:00:00Z,2025,2025-04-14T00:00:00Z,-0.294452567185522,-6.740137636838596,-6.938844869195787,-6.908591169244694,-6.930794676084143
LINK_USDT,2025-04-20T00:00:00Z,2025-04-20T08:00:00Z,2025-04-21T08:00:00Z,2025,2025-04-14T00:00:00Z,-1.0804563281131088,-6.962577757613303,-7.266318286597581,-7.368148306074976,-7.305757226051372
ETH_USDT,2025-04-21T00:00:00Z,2025-04-21T08:00:00Z,2025-04-22T08:00:00Z,2025,2025-04-21T00:00:00Z,-0.830726085173429,-6.468478633175261,-7.815066285650216,-7.834436679260668,-7.836902011113412
SOL_USDT,2025-04-21T00:00:00Z,2025-04-21T08:00:00Z,2025-04-22T08:00:00Z,2025,2025-04-21T00:00:00Z,-0.09209149092590938,-6.883160944907993,-6.965673857742091,-6.880019597717743,-6.943909207466387
LINK_USDT,2025-04-21T00:00:00Z,2025-04-21T08:00:00Z,2025-04-22T08:00:00Z,2025,2025-04-21T00:00:00Z,-0.4084153966869399,-6.855018366037203,-7.415199475248891,-7.307734661620573,-7.4364860916424975
ETH_USDT,2025-04-22T00:00:00Z,2025-04-22T08:00:00Z,2025-04-23T08:00:00Z,2025,2025-04-21T00:00:00Z,0.08057831408614012,-5.54585000610127,-7.448605094302913,-7.37550561672558,-7.47128260932537
SOL_USDT,2025-04-22T00:00:00Z,2025-04-22T08:00:00Z,2025-04-23T08:00:00Z,2025,2025-04-21T00:00:00Z,0.16964191457600547,-6.1195769035474195,-7.031283417507853,-6.87564833392405,-6.97905453136511
LINK_USDT,2025-04-22T00:00:00Z,2025-04-22T08:00:00Z,2025-04-23T08:00:00Z,2025,2025-04-21T00:00:00Z,-0.2584467524857082,-5.5411224712148295,-7.103046177990458,-7.073424355763784,-7.0723968765140395
ETH_USDT,2025-04-23T00:00:00Z,2025-04-23T08:00:00Z,2025-04-24T08:00:00Z,2025,2025-04-21T00:00:00Z,0.5429057953669849,-7.641196482788782,-7.158431493476675,-7.036964323459627,-7.1105420375090995
SOL_USDT,2025-04-23T00:00:00Z,2025-04-23T08:00:00Z,2025-04-24T08:00:00Z,2025,2025-04-21T00:00:00Z,0.2653338763699692,-7.264478671890094,-6.816442924281716,-6.718852356708419,-6.747141092168129
LINK_USDT,2025-04-23T00:00:00Z,2025-04-23T08:00:00Z,2025-04-24T08:00:00Z,2025,2025-04-21T00:00:00Z,0.12920614333159164,-6.010466459236177,-6.94825540516205,-6.867129926509635,-6.912347374175998
ETH_USDT,2025-04-24T00:00:00Z,2025-04-24T08:00:00Z,2025-04-25T08:00:00Z,2025,2025-04-21T00:00:00Z,0.37288249962605713,-9.92809826383729,-7.393152370896842,-7.180966295179402,-7.291627293452815
SOL_USDT,2025-04-24T00:00:00Z,2025-04-24T08:00:00Z,2025-04-25T08:00:00Z,2025,2025-04-21T00:00:00Z,0.25195707329401845,-7.022550232461828,-7.07590823309524,-6.863320495946513,-6.98735189635227
LINK_USDT,2025-04-24T00:00:00Z,2025-04-24T08:00:00Z,2025-04-25T08:00:00Z,2025,2025-04-21T00:00:00Z,0.34165301363568057,-6.440570952197851,-6.886662815459826,-6.739522381233263,-6.823374640866782
ETH_USDT,2025-04-25T00:00:00Z,2025-04-25T08:00:00Z,2025-04-26T08:00:00Z,2025,2025-04-21T00:00:00Z,-0.25647980113532254,-7.611639494883507,-7.359238984373765,-7.313348364070577,-7.277959050630062
SOL_USDT,2025-04-25T00:00:00Z,2025-04-25T08:00:00Z,2025-04-26T08:00:00Z,2025,2025-04-21T00:00:00Z,-0.06610404039709464,-7.924819866911021,-6.9084847162852645,-6.849221961550772,-6.831677657172239
LINK_USDT,2025-04-25T00:00:00Z,2025-04-25T08:00:00Z,2025-04-26T08:00:00Z,2025,2025-04-21T00:00:00Z,0.010999457946685066,-7.597031655587913,-6.676238026059229,-6.660124097666584,-6.607365874926337
ETH_USDT,2025-04-26T00:00:00Z,2025-04-26T08:00:00Z,2025-04-27T08:00:00Z,2025,2025-04-21T00:00:00Z,-0.038459271423992976,-8.423592927590304,-7.371426322589745,-7.269794273108828,-7.35840202198111
SOL_USDT,2025-04-26T00:00:00Z,2025-04-26T08:00:00Z,2025-04-27T08:00:00Z,2025,2025-04-21T00:00:00Z,0.1254297330639552,-8.009961330827789,-6.989773002815143,-6.849304414473325,-6.947759647436583
LINK_USDT,2025-04-26T00:00:00Z,2025-04-26T08:00:00Z,2025-04-27T08:00:00Z,2025,2025-04-21T00:00:00Z,0.17820055186825665,-7.438022587934677,-6.901706893076829,-6.7439949259694,-6.864503963646775
ETH_USDT,2025-04-27T00:00:00Z,2025-04-27T08:00:00Z,2025-04-28T08:00:00Z,2025,2025-04-21T00:00:00Z,-0.5434996709537531,-9.330905374905191,-7.456524201877098,-7.406553618030184,-7.423980881681757
SOL_USDT,2025-04-27T00:00:00Z,2025-04-27T08:00:00Z,2025-04-28T08:00:00Z,2025,2025-04-21T00:00:00Z,-0.7622311615231955,-7.421790584259594,-7.166778636376486,-7.141110919911642,-7.100008332691446
LINK_USDT,2025-04-27T00:00:00Z,2025-04-27T08:00:00Z,2025-04-28T08:00:00Z,2025,2025-04-21T00:00:00Z,-0.40074433313242885,-6.904360049999415,-6.97787262764802,-6.901449007476536,-6.924525584307215
ETH_USDT,2025-04-28T00:00:00Z,2025-04-28T08:00:00Z,2025-04-29T08:00:00Z,2025,2025-04-28T00:00:00Z,-0.5680936593656841,-6.804007000389065,-7.5349919686595355,-7.48163917116338,-7.549449241418633
SOL_USDT,2025-04-28T00:00:00Z,2025-04-28T08:00:00Z,2025-04-29T08:00:00Z,2025,2025-04-28T00:00:00Z,-0.8581764662995472,-6.746579188085382,-7.169474580174224,-7.1960308658545085,-7.187007176172197
LINK_USDT,2025-04-28T00:00:00Z,2025-04-28T08:00:00Z,2025-04-29T08:00:00Z,2025,2025-04-28T00:00:00Z,-0.2715742407767931,-6.142221370302854,-6.923931456709651,-6.8697214126125115,-6.931936294673193
ETH_USDT,2025-04-29T00:00:00Z,2025-04-29T08:00:00Z,2025-04-30T08:00:00Z,2025,2025-04-28T00:00:00Z,-0.04372332460598373,-9.163901341804738,-7.374125835965589,-7.311119252285723,-7.387181954887284
SOL_USDT,2025-04-29T00:00:00Z,2025-04-29T08:00:00Z,2025-04-30T08:00:00Z,2025,2025-04-28T00:00:00Z,-0.08369474771106464,-8.69464016348462,-6.940788679618537,-6.893840334411097,-6.974889711091527
LINK_USDT,2025-04-29T00:00:00Z,2025-04-29T08:00:00Z,2025-04-30T08:00:00Z,2025,2025-04-28T00:00:00Z,-0.05317521424838838,-7.2456534095060645,-6.6840675430414045,-6.68374332288296,-6.686572955456754
ETH_USDT,2025-04-30T00:00:00Z,2025-04-30T08:00:00Z,2025-05-01T08:00:00Z,2025,2025-04-28T00:00:00Z,-0.23712286605312036,-7.311431563485841,-7.828230936203621,-7.685764637438778,-7.755348670022786
SOL_USDT,2025-04-30T00:00:00Z,2025-04-30T08:00:00Z,2025-05-01T08:00:00Z,2025,2025-04-28T00:00:00Z,-0.4361158512210891,-6.0239515538555635,-7.298589790094713,-7.202055154667179,-7.239621502952097
LINK_USDT,2025-04-30T00:00:00Z,2025-04-30T08:00:00Z,2025-05-01T08:00:00Z,2025,2025-04-28T00:00:00Z,-0.3821604946359549,-6.342298927205058,-6.8795785209654525,-6.865122669719849,-6.854176164625454
ETH_USDT,2025-05-01T00:00:00Z,2025-05-01T08:00:00Z,2025-05-02T08:00:00Z,2025,2025-04-28T00:00:00Z,-0.2678170657543808,-7.204815294706579,-7.735173874815151,-7.644880180052562,-7.6831984364088255
SOL_USDT,2025-05-01T00:00:00Z,2025-05-01T08:00:00Z,2025-05-02T08:00:00Z,2025,2025-04-28T00:00:00Z,-0.34425364368659644,-7.685589708075744,-6.952629482362802,-6.957553478894969,-6.945602517096848
LINK_USDT,2025-05-01T00:00:00Z,2025-05-01T08:00:00Z,2025-05-02T08:00:00Z,2025,2025-04-28T00:00:00Z,-0.44486538381301605,-8.0909049685501,-6.898035530404031,-6.905227625568301,-6.899864951603767
ETH_USDT,2025-05-02T00:00:00Z,2025-05-02T08:00:00Z,2025-05-03T08:00:00Z,2025,2025-04-28T00:00:00Z,-0.11320093471697529,-8.26170027327259,-7.675088646192265,-7.582791174106793,-7.62942128776859
SOL_USDT,2025-05-02T00:00:00Z,2025-05-02T08:00:00Z,2025-05-03T08:00:00Z,2025,2025-04-28T00:00:00Z,-0.21559994219035772,-8.352842834017286,-7.136867833049828,-7.056077894932926,-7.1092310128084435
LINK_USDT,2025-05-02T00:00:00Z,2025-05-02T08:00:00Z,2025-05-03T08:00:00Z,2025,2025-04-28T00:00:00Z,-0.08640507700076833,-7.328188438977807,-6.998437403763988,-6.933512190865349,-6.990489535732401
ETH_USDT,2025-05-03T00:00:00Z,2025-05-03T08:00:00Z,2025-05-04T08:00:00Z,2025,2025-04-28T00:00:00Z,-0.3631039859257368,-10.21905811783641,-7.79458520067594,-7.71706115051566,-7.73623135593644
SOL_USDT,2025-05-03T00:00:00Z,2025-05-03T08:00:00Z,2025-05-04T08:00:00Z,2025,2025-04-28T00:00:00Z,-0.5133168894811323,-8.495490884882651,-7.204510772162992,-7.196276069906068,-7.173741160721551
LINK_USDT,2025-05-03T00:00:00Z,2025-05-03T08:00:00Z,2025-05-04T08:00:00Z,2025,2025-04-28T00:00:00Z,-0.10779238638377682,-8.361307526031176,-7.1247111019788525,-7.03959421629011,-7.090810660151978
ETH_USDT,2025-05-04T00:00:00Z,2025-05-04T08:00:00Z,2025-05-05T08:00:00Z,2025,2025-04-28T00:00:00Z,-1.003455861935909,-8.212018907097313,-7.940861127264695,-7.941271420796593,-7.902453990608963
SOL_USDT,2025-05-04T00:00:00Z,2025-05-04T08:00:00Z,2025-05-05T08:00:00Z,2025,2025-04-28T00:00:00Z,-0.9508981766645405,-7.046047698652694,-7.340662329745449,-7.373518362279135,-7.336224138578199
LINK_USDT,2025-05-04T00:00:00Z,2025-05-04T08:00:00Z,2025-05-05T08:00:00Z,2025,2025-04-28T00:00:00Z,-0.5506966956524274,-7.346784584434454,-7.129917115263095,-7.137890085517415,-7.100757587946527
ETH_USDT,2025-05-05T00:00:00Z,2025-05-05T08:00:00Z,2025-05-06T08:00:00Z,2025,2025-05-05T00:00:00Z,-0.8773474616831721,-7.8955737748651,-7.869626204263498,-7.88356611118701,-7.890591033971867
SOL_USDT,2025-05-05T00:00:00Z,2025-05-05T08:00:00Z,2025-05-06T08:00:00Z,2025,2025-05-05T00:00:00Z,-0.7990794053916763,-6.934462225725066,-7.205131451430314,-7.268760087561329,-7.242070370351674
LINK_USDT,2025-05-05T00:00:00Z,2025-05-05T08:00:00Z,2025-05-06T08:00:00Z,2025,2025-05-05T00:00:00Z,-0.669578124795624,-6.340295603204405,-7.160435488103665,-7.189977268675532,-7.169548047199285
ETH_USDT,2025-05-06T00:00:00Z,2025-05-06T08:00:00Z,2025-05-07T08:00:00Z,2025,2025-05-05T00:00:00Z,-0.5318429171987109,-6.706235479438184,-7.878038118622468,-7.844783467807194,-7.8819962023124575
SOL_USDT,2025-05-06T00:00:00Z,2025-05-06T08:00:00Z,2025-05-07T08:00:00Z,2025,2025-05-05T00:00:00Z,-0.5767014037980802,-7.049768734884301,-7.134093438504314,-7.190506182318889,-7.157956746457118
LINK_USDT,2025-05-06T00:00:00Z,2025-05-06T08:00:00Z,2025-05-07T08:00:00Z,2025,2025-05-05T00:00:00Z,-0.2628600326735763,-6.76338438814942,-7.041822309926566,-7.052369193282759,-7.05813575435786
ETH_USDT,2025-05-07T00:00:00Z,2025-05-07T08:00:00Z,2025-05-08T08:00:00Z,2025,2025-05-05T00:00:00Z,-0.3976651318385265,-5.501566141153966,-7.710408975182785,-7.7329948251291,-7.705376414444243
SOL_USDT,2025-05-07T00:00:00Z,2025-05-07T08:00:00Z,2025-05-08T08:00:00Z,2025,2025-05-05T00:00:00Z,-0.42228763185094753,-6.87694220053249,-7.135446597355169,-7.172005963722044,-7.14859036347993
LINK_USDT,2025-05-07T00:00:00Z,2025-05-07T08:00:00Z,2025-05-08T08:00:00Z,2025,2025-05-05T00:00:00Z,-0.3874304116121491,-5.363571092245607,-7.092229614539809,-7.128098248613952,-7.079545468945804
ETH_USDT,2025-05-08T00:00:00Z,2025-05-08T08:00:00Z,2025-05-09T08:00:00Z,2025,2025-05-05T00:00:00Z,-0.12492036578058445,-4.2759371549064396,-7.999903317222497,-7.881197167000215,-7.9899656879709005
SOL_USDT,2025-05-08T00:00:00Z,2025-05-08T08:00:00Z,2025-05-09T08:00:00Z,2025,2025-05-05T00:00:00Z,-0.30658816115138604,-5.57610564335349,-7.5675119865637,-7.4906261212078675,-7.5664205042490496
LINK_USDT,2025-05-08T00:00:00Z,2025-05-08T08:00:00Z,2025-05-09T08:00:00Z,2025,2025-05-05T00:00:00Z,-0.41455959737809794,-5.732499834254434,-7.256297963612205,-7.274586782238415,-7.268750166568741
ETH_USDT,2025-05-09T00:00:00Z,2025-05-09T08:00:00Z,2025-05-10T08:00:00Z,2025,2025-05-05T00:00:00Z,1.104865484726115,-6.4277147890668305,-6.888926043260422,-6.776988626487878,-6.909545595294718
SOL_USDT,2025-05-09T00:00:00Z,2025-05-09T08:00:00Z,2025-05-10T08:00:00Z,2025,2025-05-05T00:00:00Z,0.6503384895040287,-6.656581715572625,-6.920952386461052,-6.844923811729061,-6.93441069303567
LINK_USDT,2025-05-09T00:00:00Z,2025-05-09T08:00:00Z,2025-05-10T08:00:00Z,2025,2025-05-05T00:00:00Z,0.7589933179073697,-7.48500231360277,-6.722921178394799,-6.650012605368475,-6.75746813048351
ETH_USDT,2025-05-10T00:00:00Z,2025-05-10T08:00:00Z,2025-05-11T08:00:00Z,2025,2025-05-05T00:00:00Z,1.3342522060459097,-5.175666868503796,-6.924080993437839,-6.725374029952132,-6.859713869175444
SOL_USDT,2025-05-10T00:00:00Z,2025-05-10T08:00:00Z,2025-05-11T08:00:00Z,2025,2025-05-05T00:00:00Z,0.7614798451323602,-5.994435599925024,-7.115399645212444,-6.961266302020637,-7.062393447358919
LINK_USDT,2025-05-10T00:00:00Z,2025-05-10T08:00:00Z,2025-05-11T08:00:00Z,2025,2025-05-05T00:00:00Z,1.0065166072197609,-5.167199843180164,-7.16588491554058,-6.896998446434538,-7.1078644550559815
ETH_USDT,2025-05-11T00:00:00Z,2025-05-11T08:00:00Z,2025-05-12T08:00:00Z,2025,2025-05-05T00:00:00Z,0.821412667130157,-7.254120560202829,-6.893949528631994,-6.823421904626605,-6.817003180576675
SOL_USDT,2025-05-11T00:00:00Z,2025-05-11T08:00:00Z,2025-05-12T08:00:00Z,2025,2025-05-05T00:00:00Z,0.1519925316221082,-7.298205624387576,-7.054296460378773,-7.072614142207979,-6.99938670249772
LINK_USDT,2025-05-11T00:00:00Z,2025-05-11T08:00:00Z,2025-05-12T08:00:00Z,2025,2025-05-05T00:00:00Z,0.731767038563113,-6.533214719714116,-6.818753251140566,-6.7446959322784545,-6.751747219777331
ETH_USDT,2025-05-12T00:00:00Z,2025-05-12T08:00:00Z,2025-05-13T08:00:00Z,2025,2025-05-12T00:00:00Z,0.6362805778247427,-6.976769820533951,-6.908777241911019,-6.845338750402947,-6.87246355452327
SOL_USDT,2025-05-12T00:00:00Z,2025-05-12T08:00:00Z,2025-05-13T08:00:00Z,2025,2025-05-12T00:00:00Z,0.11003892293456534,-7.9797995451155055,-7.052390372118679,-7.075448032882524,-7.051802771498285
LINK_USDT,2025-05-12T00:00:00Z,2025-05-12T08:00:00Z,2025-05-13T08:00:00Z,2025,2025-05-12T00:00:00Z,0.6281756943138512,-6.241287932147601,-6.713493121604336,-6.662424388661338,-6.6716902415393715
ETH_USDT,2025-05-13T00:00:00Z,2025-05-13T08:00:00Z,2025-05-14T08:00:00Z,2025,2025-05-12T00:00:00Z,0.8399420096781305,-5.5599256665912,-7.001100379629613,-6.857883146611097,-6.981349703290505
SOL_USDT,2025-05-13T00:00:00Z,2025-05-13T08:00:00Z,2025-05-14T08:00:00Z,2025,2025-05-12T00:00:00Z,0.753566010451127,-5.936196028932993,-7.243372850720611,-7.066527748884618,-7.243074846637167
LINK_USDT,2025-05-13T00:00:00Z,2025-05-13T08:00:00Z,2025-05-14T08:00:00Z,2025,2025-05-12T00:00:00Z,0.8817578167555052,-6.319935230642649,-6.760102395709678,-6.625192400875147,-6.725426392867741
ETH_USDT,2025-05-14T00:00:00Z,2025-05-14T08:00:00Z,2025-05-15T08:00:00Z,2025,2025-05-12T00:00:00Z,0.7805543949146037,-6.697683003899807,-6.807220353203737,-6.729259540339561,-6.775050104751716
SOL_USDT,2025-05-14T00:00:00Z,2025-05-14T08:00:00Z,2025-05-15T08:00:00Z,2025,2025-05-12T00:00:00Z,0.4316634801222109,-6.265757572876479,-6.957939776240458,-6.942520788492047,-6.911091311514603
LINK_USDT,2025-05-14T00:00:00Z,2025-05-14T08:00:00Z,2025-05-15T08:00:00Z,2025,2025-05-12T00:00:00Z,0.6091302093996108,-5.9719261462628435,-6.740127457990375,-6.656277149698834,-6.684820409546431
ETH_USDT,2025-05-15T00:00:00Z,2025-05-15T08:00:00Z,2025-05-16T08:00:00Z,2025,2025-05-12T00:00:00Z,0.5510264182536433,-7.384597036541906,-7.023665945186615,-6.884785877386134,-6.9937413155102295
SOL_USDT,2025-05-15T00:00:00Z,2025-05-15T08:00:00Z,2025-05-16T08:00:00Z,2025,2025-05-12T00:00:00Z,0.20484328722771628,-7.208143063400097,-7.09860746017347,-7.06122399914393,-7.081528671031935
LINK_USDT,2025-05-15T00:00:00Z,2025-05-15T08:00:00Z,2025-05-16T08:00:00Z,2025,2025-05-12T00:00:00Z,0.282106708214031,-6.7345094804118135,-6.977704468717316,-6.850374811399208,-6.94153084709333
ETH_USDT,2025-05-16T00:00:00Z,2025-05-16T08:00:00Z,2025-05-17T08:00:00Z,2025,2025-05-12T00:00:00Z,0.4145170741365178,-7.102030813811165,-7.095615050246533,-7.032978430060603,-7.066177895651837
SOL_USDT,2025-05-16T00:00:00Z,2025-05-16T08:00:00Z,2025-05-17T08:00:00Z,2025,2025-05-12T00:00:00Z,0.12733768468240647,-7.1179180055832445,-7.076038599243724,-7.112531120513889,-7.067556582367343
LINK_USDT,2025-05-16T00:00:00Z,2025-05-16T08:00:00Z,2025-05-17T08:00:00Z,2025,2025-05-12T00:00:00Z,0.41699093302895057,-6.471373308996246,-6.751411731842086,-6.728816067854879,-6.737569006255275
ETH_USDT,2025-05-17T00:00:00Z,2025-05-17T08:00:00Z,2025-05-18T08:00:00Z,2025,2025-05-12T00:00:00Z,0.1744960102063459,-8.320416134777723,-7.234803656846684,-7.185236608959978,-7.208715753740063
SOL_USDT,2025-05-17T00:00:00Z,2025-05-17T08:00:00Z,2025-05-18T08:00:00Z,2025,2025-05-12T00:00:00Z,-0.10910534096162532,-6.996205760467958,-7.148238483956447,-7.198247030844805,-7.147146478851213
LINK_USDT,2025-05-17T00:00:00Z,2025-05-17T08:00:00Z,2025-05-18T08:00:00Z,2025,2025-05-12T00:00:00Z,-0.014865204461512953,-7.24112860535751,-6.820132513750281,-6.839256657652199,-6.797755172789569
ETH_USDT,2025-05-18T00:00:00Z,2025-05-18T08:00:00Z,2025-05-19T08:00:00Z,2025,2025-05-12T00:00:00Z,-0.08254012939349369,-5.729911138213324,-7.456820857134027,-7.397278312035927,-7.43711912562752
SOL_USDT,2025-05-18T00:00:00Z,2025-05-18T08:00:00Z,2025-05-19T08:00:00Z,2025,2025-05-12T00:00:00Z,-0.32444686437133113,-5.122635139080803,-7.410307212520508,-7.4091788956027935,-7.419684248595987
LINK_USDT,2025-05-18T00:00:00Z,2025-05-18T08:00:00Z,2025-05-19T08:00:00Z,2025,2025-05-12T00:00:00Z,-0.2162447899941799,-5.431265439739935,-6.984597709697477,-6.992423555663309,-6.989479463591479
ETH_USDT,2025-05-19T00:00:00Z,2025-05-19T08:00:00Z,2025-05-20T08:00:00Z,2025,2025-05-19T00:00:00Z,0.37224731508493336,-6.663693601080671,-7.267497561221984,-7.199455231581689,-7.267269725071492
SOL_USDT,2025-05-19T00:00:00Z,2025-05-19T08:00:00Z,2025-05-20T08:00:00Z,2025,2025-05-19T00:00:00Z,0.03584981079561703,-7.6694719136595015,-7.076758705648065,-7.131827103500044,-7.108049921451201
LINK_USDT,2025-05-19T00:00:00Z,2025-05-19T08:00:00Z,2025-05-20T08:00:00Z,2025,2025-05-19T00:00:00Z,0.26314392318558527,-7.095385574278156,-6.798234911780568,-6.78683966271382,-6.816609747935993
ETH_USDT,2025-05-20T00:00:00Z,2025-05-20T08:00:00Z,2025-05-21T08:00:00Z,2025,2025-05-19T00:00:00Z,0.38006032770459774,-7.153109103210247,-7.150066391450138,-7.109024779976922,-7.116283827631657
SOL_USDT,2025-05-20T00:00:00Z,2025-05-20T08:00:00Z,2025-05-21T08:00:00Z,2025,2025-05-19T00:00:00Z,0.21940152478607244,-8.757995040416802,-6.789408195769345,-6.862403985918033,-6.803624189794828
LINK_USDT,2025-05-20T00:00:00Z,2025-05-20T08:00:00Z,2025-05-21T08:00:00Z,2025,2025-05-19T00:00:00Z,0.22118586109214158,-7.074282938667555,-6.766742623231986,-6.769268385564094,-6.745087381179322
ETH_USDT,2025-05-21T00:00:00Z,2025-05-21T08:00:00Z,2025-05-22T08:00:00Z,2025,2025-05-19T00:00:00Z,0.13320630359000787,-6.786846064739153,-7.418875278473742,-7.335893023505161,-7.370031732698717
SOL_USDT,2025-05-21T00:00:00Z,2025-05-21T08:00:00Z,2025-05-22T08:00:00Z,2025,2025-05-19T00:00:00Z,-0.026481146517684278,-6.699086898689063,-7.233140419378883,-7.180526886719182,-7.218447242767461
LINK_USDT,2025-05-21T00:00:00Z,2025-05-21T08:00:00Z,2025-05-22T08:00:00Z,2025,2025-05-19T00:00:00Z,0.23025081620501817,-7.3329967119511625,-6.9209652116625895,-6.848290647450814,-6.8974344446806795
ETH_USDT,2025-05-22T00:00:00Z,2025-05-22T08:00:00Z,2025-05-23T08:00:00Z,2025,2025-05-19T00:00:00Z,0.5909710587195075,-8.90797538886774,-7.5638998397438915,-7.32738722032548,-7.5313298464535885
SOL_USDT,2025-05-22T00:00:00Z,2025-05-22T08:00:00Z,2025-05-23T08:00:00Z,2025,2025-05-19T00:00:00Z,0.3233094745403844,-8.205891010149559,-7.144639642828171,-7.065608199622763,-7.1513263219351995
LINK_USDT,2025-05-22T00:00:00Z,2025-05-22T08:00:00Z,2025-05-23T08:00:00Z,2025,2025-05-19T00:00:00Z,0.532556937310231,-7.441069553242244,-7.021107389493199,-6.843642925180077,-6.99435856698916
ETH_USDT,2025-05-23T00:00:00Z,2025-05-23T08:00:00Z,2025-05-24T08:00:00Z,2025,2025-05-19T00:00:00Z,0.36535537780945754,-6.543915549352985,-7.404505611070582,-7.302408835878238,-7.343799874432684
SOL_USDT,2025-05-23T00:00:00Z,2025-05-23T08:00:00Z,2025-05-24T08:00:00Z,2025,2025-05-19T00:00:00Z,0.17136709679324105,-6.4887985521827,-7.129557927041459,-7.105034549844137,-7.109055148550606
LINK_USDT,2025-05-23T00:00:00Z,2025-05-23T08:00:00Z,2025-05-24T08:00:00Z,2025,2025-05-19T00:00:00Z,0.264205110272498,-5.903818672405641,-6.997535764642391,-6.914215318844712,-6.9444609464550195
ETH_USDT,2025-05-24T00:00:00Z,2025-05-24T08:00:00Z,2025-05-25T08:00:00Z,2025,2025-05-19T00:00:00Z,0.46475196384947465,-8.061162753837975,-7.362353644703706,-7.261295020190164,-7.3205204568868325
SOL_USDT,2025-05-24T00:00:00Z,2025-05-24T08:00:00Z,2025-05-25T08:00:00Z,2025,2025-05-19T00:00:00Z,0.6877156312173702,-7.414669769336109,-7.0155131048065495,-6.923950373707618,-7.009002749741744
LINK_USDT,2025-05-24T00:00:00Z,2025-05-24T08:00:00Z,2025-05-25T08:00:00Z,2025,2025-05-19T00:00:00Z,0.5401686069617199,-7.781322601091266,-6.847745682673035,-6.767996892923408,-6.8217491364630805
ETH_USDT,2025-05-25T00:00:00Z,2025-05-25T08:00:00Z,2025-05-26T08:00:00Z,2025,2025-05-19T00:00:00Z,-0.8823907858579223,-7.764566114691082,-7.583159811239571,-7.676147774832492,-7.526417430996826
SOL_USDT,2025-05-25T00:00:00Z,2025-05-25T08:00:00Z,2025-05-26T08:00:00Z,2025,2025-05-19T00:00:00Z,-0.30185476412664064,-6.628230218646373,-7.249464291173732,-7.271034800942026,-7.195575371533463
LINK_USDT,2025-05-25T00:00:00Z,2025-05-25T08:00:00Z,2025-05-26T08:00:00Z,2025,2025-05-19T00:00:00Z,-0.3698347676603399,-6.170710942327168,-7.039751751951812,-7.084042955611269,-6.98846671451322
ETH_USDT,2025-05-26T00:00:00Z,2025-05-26T08:00:00Z,2025-05-27T08:00:00Z,2025,2025-05-26T00:00:00Z,-0.5587766384457576,-8.040874093723733,-7.546899172723612,-7.608030111157579,-7.598758967673684
SOL_USDT,2025-05-26T00:00:00Z,2025-05-26T08:00:00Z,2025-05-27T08:00:00Z,2025,2025-05-26T00:00:00Z,-0.21851385558517034,-8.344559218970977,-7.040540495785549,-7.132555862661367,-7.071895344957778
LINK_USDT,2025-05-26T00:00:00Z,2025-05-26T08:00:00Z,2025-05-27T08:00:00Z,2025,2025-05-26T00:00:00Z,-0.5335748193019271,-7.288468016868403,-6.970658351190288,-7.090036988669137,-6.992174766677788
ETH_USDT,2025-05-27T00:00:00Z,2025-05-27T08:00:00Z,2025-05-28T08:00:00Z,2025,2025-05-26T00:00:00Z,-0.5346170274321224,-7.384987986022561,-7.8229662140515455,-7.7988416806032195,-7.829105160176426
SOL_USDT,2025-05-27T00:00:00Z,2025-05-27T08:00:00Z,2025-05-28T08:00:00Z,2025,2025-05-26T00:00:00Z,-0.3334384009729035,-7.356638097442997,-7.388064141569224,-7.406564816143425,-7.386787343151782
LINK_USDT,2025-05-27T00:00:00Z,2025-05-27T08:00:00Z,2025-05-28T08:00:00Z,2025,2025-05-26T00:00:00Z,-0.5454312252405875,-8.97228371929596,-7.086223827992768,-7.166892355731993,-7.114869027698606
ETH_USDT,2025-05-28T00:00:00Z,2025-05-28T08:00:00Z,2025-05-29T08:00:00Z,2025,2025-05-26T00:00:00Z,0.2494012898848272,-7.1631955505048674,-7.643394809916075,-7.520496834723158,-7.652380629796588
SOL_USDT,2025-05-28T00:00:00Z,2025-05-28T08:00:00Z,2025-05-29T08:00:00Z,2025,2025-05-26T00:00:00Z,-0.20066398413962322,-7.116541282356841,-7.384489776952846,-7.374863639588987,-7.394925710623692
LINK_USDT,2025-05-28T00:00:00Z,2025-05-28T08:00:00Z,2025-05-29T08:00:00Z,2025,2025-05-26T00:00:00Z,-0.38081495724643133,-6.876687963833118,-7.169568961773676,-7.185809209161795,-7.196042255234313
ETH_USDT,2025-05-29T00:00:00Z,2025-05-29T08:00:00Z,2025-05-30T08:00:00Z,2025,2025-05-26T00:00:00Z,-0.10912705183636418,-6.8037246677610534,-7.667201417367027,-7.611644788341325,-7.605533204609571
SOL_USDT,2025-05-29T00:00:00Z,2025-05-29T08:00:00Z,2025-05-30T08:00:00Z,2025,2025-05-26T00:00:00Z,-0.23348233071487484,-6.778592855018206,-7.245988179500867,-7.30273639319043,-7.251318587501661
LINK_USDT,2025-05-29T00:00:00Z,2025-05-29T08:00:00Z,2025-05-30T08:00:00Z,2025,2025-05-26T00:00:00Z,-0.47797765069885456,-5.942630329008241,-7.080844904285873,-7.166250347097449,-7.0986145102056275
ETH_USDT,2025-05-30T00:00:00Z,2025-05-30T08:00:00Z,2025-05-31T08:00:00Z,2025,2025-05-26T00:00:00Z,0.2519581069940364,-7.1882191753867595,-7.536965189707858,-7.446079754293189,-7.513247151338285
SOL_USDT,2025-05-30T00:00:00Z,2025-05-30T08:00:00Z,2025-05-31T08:00:00Z,2025,2025-05-26T00:00:00Z,-0.20809450375818078,-6.758313949586272,-7.327680120997621,-7.342726326526445,-7.332071975882775
LINK_USDT,2025-05-30T00:00:00Z,2025-05-30T08:00:00Z,2025-05-31T08:00:00Z,2025,2025-05-26T00:00:00Z,-0.08191007688822605,-6.820632524539696,-7.044812613048862,-7.050983104442629,-7.072037890215079
ETH_USDT,2025-05-31T00:00:00Z,2025-05-31T08:00:00Z,2025-06-01T08:00:00Z,2025,2025-05-26T00:00:00Z,0.12849032157819218,-9.171870142873356,-7.641732389599403,-7.5445888466974935,-7.579397713523113
SOL_USDT,2025-05-31T00:00:00Z,2025-05-31T08:00:00Z,2025-06-01T08:00:00Z,2025,2025-05-26T00:00:00Z,0.07878798353627507,-8.432275997494283,-7.219097645341111,-7.224031673913673,-7.224194039159712
LINK_USDT,2025-05-31T00:00:00Z,2025-05-31T08:00:00Z,2025-06-01T08:00:00Z,2025,2025-05-26T00:00:00Z,0.371936627646613,-8.386139657098184,-6.978566199215325,-6.910272379854629,-6.9700966222418534
ETH_USDT,2025-06-01T00:00:00Z,2025-06-01T08:00:00Z,2025-06-02T08:00:00Z,2025,2025-05-26T00:00:00Z,-0.5561178445748278,-8.354529647024526,-7.920619872922054,-7.84922150973464,-7.863503461249106
SOL_USDT,2025-06-01T00:00:00Z,2025-06-01T08:00:00Z,2025-06-02T08:00:00Z,2025,2025-05-26T00:00:00Z,-0.42320773191594113,-7.275739180844493,-7.498601533071765,-7.485545335050978,-7.47311438557618
LINK_USDT,2025-06-01T00:00:00Z,2025-06-01T08:00:00Z,2025-06-02T08:00:00Z,2025,2025-05-26T00:00:00Z,-0.3037734755296883,-8.276099366687738,-7.193165931522363,-7.174867379312285,-7.141042629690242
ETH_USDT,2025-06-02T00:00:00Z,2025-06-02T08:00:00Z,2025-06-03T08:00:00Z,2025,2025-06-02T00:00:00Z,-0.7328724574534403,-7.106878311422533,-7.878342740252538,-7.87839429979991,-7.879636269778777
SOL_USDT,2025-06-02T00:00:00Z,2025-06-02T08:00:00Z,2025-06-03T08:00:00Z,2025,2025-06-02T00:00:00Z,-0.5667247714683304,-6.763523912249202,-7.380367661999844,-7.468234206351291,-7.39588026555277
LINK_USDT,2025-06-02T00:00:00Z,2025-06-02T08:00:00Z,2025-06-03T08:00:00Z,2025,2025-06-02T00:00:00Z,-0.947078111902284,-7.064973908062624,-7.3392567311080095,-7.4214119480799665,-7.336937009422395
ETH_USDT,2025-06-03T00:00:00Z,2025-06-03T08:00:00Z,2025-06-04T08:00:00Z,2025,2025-06-02T00:00:00Z,-0.3918869181812862,-8.002273933116008,-7.597387468399575,-7.629285453138838,-7.624138018444583
SOL_USDT,2025-06-03T00:00:00Z,2025-06-03T08:00:00Z,2025-06-04T08:00:00Z,2025,2025-06-02T00:00:00Z,-0.3732937879376902,-6.102930380829699,-7.288608052800146,-7.361771394858748,-7.318957035195982
LINK_USDT,2025-06-03T00:00:00Z,2025-06-03T08:00:00Z,2025-06-04T08:00:00Z,2025,2025-06-02T00:00:00Z,-0.8742066489080235,-7.480682418802797,-7.138843089089696,-7.293237130099074,-7.194263277241231
ETH_USDT,2025-06-04T00:00:00Z,2025-06-04T08:00:00Z,2025-06-05T08:00:00Z,2025,2025-06-02T00:00:00Z,-0.4094860078882657,-7.190422654218215,-7.831207493527325,-7.782730681731785,-7.818845022443015
SOL_USDT,2025-06-04T00:00:00Z,2025-06-04T08:00:00Z,2025-06-05T08:00:00Z,2025,2025-06-02T00:00:00Z,-0.22725374187757572,-7.3054280889627305,-7.058939043380252,-7.154308230640763,-7.084960725943829
LINK_USDT,2025-06-04T00:00:00Z,2025-06-04T08:00:00Z,2025-06-05T08:00:00Z,2025,2025-06-02T00:00:00Z,-0.5709784583580834,-7.261357334784796,-7.2171890400204015,-7.272837885771202,-7.26335495676342
ETH_USDT,2025-06-05T00:00:00Z,2025-06-05T08:00:00Z,2025-06-06T08:00:00Z,2025,2025-06-02T00:00:00Z,-0.3144615490750142,-5.250397637804213,-7.630041054134575,-7.62086635591471,-7.62939996925345
SOL_USDT,2025-06-05T00:00:00Z,2025-06-05T08:00:00Z,2025-06-06T08:00:00Z,2025,2025-06-02T00:00:00Z,-0.6109179380587941,-5.964959815895112,-7.22200104918142,-7.3216318109117475,-7.234089981075521
LINK_USDT,2025-06-05T00:00:00Z,2025-06-05T08:00:00Z,2025-06-06T08:00:00Z,2025,2025-06-02T00:00:00Z,-0.9172504247180312,-5.448345614436905,-7.191215823978983,-7.324811712125622,-7.215976948998417
ETH_USDT,2025-06-06T00:00:00Z,2025-06-06T08:00:00Z,2025-06-07T08:00:00Z,2025,2025-06-02T00:00:00Z,0.09434501441426663,-7.277170869471579,-7.219111049343989,-7.243511414612121,-7.230573909094882
SOL_USDT,2025-06-06T00:00:00Z,2025-06-06T08:00:00Z,2025-06-07T08:00:00Z,2025,2025-06-02T00:00:00Z,0.08882396286568399,-6.211135319005053,-7.021680489685859,-7.0550031617972575,-7.0764323452167925
LINK_USDT,2025-06-06T00:00:00Z,2025-06-06T08:00:00Z,2025-06-07T08:00:00Z,2025,2025-06-02T00:00:00Z,-0.054423448629767855,-6.322542558311862,-6.881400881880117,-6.94059322827275,-6.953176958129406
ETH_USDT,2025-06-07T00:00:00Z,2025-06-07T08:00:00Z,2025-06-08T08:00:00Z,2025,2025-06-02T00:00:00Z,-0.2725719638494738,-8.809479905056353,-7.37025821622372,-7.397530477088154,-7.339341188912755
SOL_USDT,2025-06-07T00:00:00Z,2025-06-07T08:00:00Z,2025-06-08T08:00:00Z,2025,2025-06-02T00:00:00Z,-0.5857208348075023,-8.821346430385072,-7.0548692800591715,-7.208271614098208,-7.042177724145988
LINK_USDT,2025-06-07T00:00:00Z,2025-06-07T08:00:00Z,2025-06-08T08:00:00Z,2025,2025-06-02T00:00:00Z,-0.4609584528695922,-9.04179831596423,-7.043190837242983,-7.1276798788377755,-7.026315082137763
ETH_USDT,2025-06-08T00:00:00Z,2025-06-08T08:00:00Z,2025-06-09T08:00:00Z,2025,2025-06-02T00:00:00Z,-0.9984080778076299,-9.797716056511952,-7.6329935381330465,-7.74910111903767,-7.6465476609286585
SOL_USDT,2025-06-08T00:00:00Z,2025-06-08T08:00:00Z,2025-06-09T08:00:00Z,2025,2025-06-02T00:00:00Z,-0.9595305211690045,-8.019118157384433,-7.099779924158974,-7.309265774292063,-7.156835246143873
LINK_USDT,2025-06-08T00:00:00Z,2025-06-08T08:00:00Z,2025-06-09T08:00:00Z,2025,2025-06-02T00:00:00Z,-0.8652587621688845,-10.555104091980128,-7.0634315834696455,-7.227561306487679,-7.094927167251447
ETH_USDT,2025-06-09T00:00:00Z,2025-06-09T08:00:00Z,2025-06-10T08:00:00Z,2025,2025-06-09T00:00:00Z,-0.9258393275019767,-5.677083833426464,-7.910968753239395,-7.929354978661276,-7.988488933593305
SOL_USDT,2025-06-09T00:00:00Z,2025-06-09T08:00:00Z,2025-06-10T08:00:00Z,2025,2025-06-09T00:00:00Z,-0.8011196822843291,-5.97844837019072,-7.272734218600789,-7.385054656709229,-7.357992935277189
LINK_USDT,2025-06-09T00:00:00Z,2025-06-09T08:00:00Z,2025-06-10T08:00:00Z,2025,2025-06-09T00:00:00Z,-1.1441130943347297,-6.588123732807844,-7.416625872198783,-7.491863645911333,-7.474259661903752
ETH_USDT,2025-06-10T00:00:00Z,2025-06-10T08:00:00Z,2025-06-11T08:00:00Z,2025,2025-06-09T00:00:00Z,-0.12660820742451473,-6.56762669949066,-7.283625023034621,-7.414313434211999,-7.378638678886156
SOL_USDT,2025-06-10T00:00:00Z,2025-06-10T08:00:00Z,2025-06-11T08:00:00Z,2025,2025-06-09T00:00:00Z,-0.08843750921169899,-6.205191451995022,-6.993527221324136,-7.095731978743783,-7.073341375315727
LINK_USDT,2025-06-10T00:00:00Z,2025-06-10T08:00:00Z,2025-06-11T08:00:00Z,2025,2025-06-09T00:00:00Z,-0.5982461870119546,-6.086342063647976,-7.065114692285261,-7.229183096125211,-7.158463728090995
ETH_USDT,2025-06-11T00:00:00Z,2025-06-11T08:00:00Z,2025-06-12T08:00:00Z,2025,2025-06-09T00:00:00Z,0.6093364625442553,-6.264043259355808,-7.366862441112136,-7.270366909780627,-7.393658834870036
SOL_USDT,2025-06-11T00:00:00Z,2025-06-11T08:00:00Z,2025-06-12T08:00:00Z,2025,2025-06-09T00:00:00Z,0.09486417579648165,-6.393053037826392,-7.0106437358827485,-7.047499259340379,-7.025706020429452
LINK_USDT,2025-06-11T00:00:00Z,2025-06-11T08:00:00Z,2025-06-12T08:00:00Z,2025,2025-06-09T00:00:00Z,0.24914423500594682,-5.6490141276497345,-6.962120139852474,-6.951283476333841,-7.016868037368473
ETH_USDT,2025-06-12T00:00:00Z,2025-06-12T08:00:00Z,2025-06-13T08:00:00Z,2025,2025-06-09T00:00:00Z,0.3503272020769807,-5.83942419801755,-7.294879150388017,-7.273808591536376,-7.265396057302878
SOL_USDT,2025-06-12T00:00:00Z,2025-06-12T08:00:00Z,2025-06-13T08:00:00Z,2025,2025-06-09T00:00:00Z,0.2632212956931988,-5.665742957362015,-7.00511145620808,-6.982151851799002,-7.005653515058767
LINK_USDT,2025-06-12T00:00:00Z,2025-06-12T08:00:00Z,2025-06-13T08:00:00Z,2025,2025-06-09T00:00:00Z,0.23707376572113142,-5.657278597524371,-6.897005798709162,-6.8955169445667615,-6.886387702887525
ETH_USDT,2025-06-13T00:00:00Z,2025-06-13T08:00:00Z,2025-06-14T08:00:00Z,2025,2025-06-09T00:00:00Z,0.13498623922237366,-7.642901744500697,-7.49988004812396,-7.496434904024488,-7.4771076038484665
SOL_USDT,2025-06-13T00:00:00Z,2025-06-13T08:00:00Z,2025-06-14T08:00:00Z,2025,2025-06-09T00:00:00Z,-0.09377417202057396,-7.451831964907473,-7.06272933091943,-7.117715806613703,-7.046320605069001
LINK_USDT,2025-06-13T00:00:00Z,2025-06-13T08:00:00Z,2025-06-14T08:00:00Z,2025,2025-06-09T00:00:00Z,0.09437517391908229,-7.617146702032608,-7.009974402576016,-7.0154306044292705,-6.99038090111361
ETH_USDT,2025-06-14T00:00:00Z,2025-06-14T08:00:00Z,2025-06-15T08:00:00Z,2025,2025-06-09T00:00:00Z,0.5923026607499343,-9.537945721265968,-7.349708616903887,-7.268990399922565,-7.351276916188734
SOL_USDT,2025-06-14T00:00:00Z,2025-06-14T08:00:00Z,2025-06-15T08:00:00Z,2025,2025-06-09T00:00:00Z,0.4409763109764955,-8.53295117722358,-6.924462996210712,-6.882431559571066,-6.94292054999314
LINK_USDT,2025-06-14T00:00:00Z,2025-06-14T08:00:00Z,2025-06-15T08:00:00Z,2025,2025-06-09T00:00:00Z,0.5103505379190157,-7.85345176088529,-6.854614140138597,-6.787912628676352,-6.853755262371798
ETH_USDT,2025-06-15T00:00:00Z,2025-06-15T08:00:00Z,2025-06-16T08:00:00Z,2025,2025-06-09T00:00:00Z,-0.6779500221696074,-6.8944575948783875,-7.554014994348076,-7.687913015841264,-7.513825793158788
SOL_USDT,2025-06-15T00:00:00Z,2025-06-15T08:00:00Z,2025-06-16T08:00:00Z,2025,2025-06-09T00:00:00Z,-0.6988338254949017,-6.170025943800413,-7.1606043916348865,-7.297799689231718,-7.128641587036691
LINK_USDT,2025-06-15T00:00:00Z,2025-06-15T08:00:00Z,2025-06-16T08:00:00Z,2025,2025-06-09T00:00:00Z,-0.7353434589091752,-7.039776463269096,-7.042960755931905,-7.206558058375923,-7.004527936789692
ETH_USDT,2025-06-16T00:00:00Z,2025-06-16T08:00:00Z,2025-06-17T08:00:00Z,2025,2025-06-16T00:00:00Z,-0.7602851816255507,-6.585123374020444,-7.820711413419271,-7.82548612802156,-7.884173538929689
SOL_USDT,2025-06-16T00:00:00Z,2025-06-16T08:00:00Z,2025-06-17T08:00:00Z,2025,2025-06-16T00:00:00Z,-0.1432765053612353,-6.4144081961042785,-7.014961434048615,-7.044679147887872,-7.08872574518807
LINK_USDT,2025-06-16T00:00:00Z,2025-06-16T08:00:00Z,2025-06-17T08:00:00Z,2025,2025-06-16T00:00:00Z,-0.9470910051535807,-7.797337472579113,-7.2907623933474675,-7.362981156515126,-7.35472117764649
ETH_USDT,2025-06-17T00:00:00Z,2025-06-17T08:00:00Z,2025-06-18T08:00:00Z,2025,2025-06-16T00:00:00Z,0.0745628093353755,-6.7417593064308345,-7.406101230941856,-7.4448054480611106,-7.4746515135833365
SOL_USDT,2025-06-17T00:00:00Z,2025-06-17T08:00:00Z,2025-06-18T08:00:00Z,2025,2025-06-16T00:00:00Z,0.11333650926395823,-6.777357790878963,-6.927083697703405,-6.957760929094364,-6.94809240833695
LINK_USDT,2025-06-17T00:00:00Z,2025-06-17T08:00:00Z,2025-06-18T08:00:00Z,2025,2025-06-16T00:00:00Z,-0.2701913932414731,-6.746957249638641,-6.992829201405119,-7.074574064013448,-7.073934461252289
ETH_USDT,2025-06-18T00:00:00Z,2025-06-18T08:00:00Z,2025-06-19T08:00:00Z,2025,2025-06-16T00:00:00Z,0.10220754992149157,-8.864358240728457,-7.4518317880583345,-7.47158643315177,-7.450847448354979
SOL_USDT,2025-06-18T00:00:00Z,2025-06-18T08:00:00Z,2025-06-19T08:00:00Z,2025,2025-06-16T00:00:00Z,0.02923579560045809,-8.020162223658184,-7.005177359071558,-7.035354368069485,-7.000848128467501
LINK_USDT,2025-06-18T00:00:00Z,2025-06-18T08:00:00Z,2025-06-19T08:00:00Z,2025,2025-06-16T00:00:00Z,0.013256528907400351,-7.604111051710805,-7.037567762285528,-7.061260605524854,-7.058844469728818
ETH_USDT,2025-06-19T00:00:00Z,2025-06-19T08:00:00Z,2025-06-20T08:00:00Z,2025,2025-06-16T00:00:00Z,-0.23742294169153444,-7.92846305841686,-7.737354987123789,-7.721024800885135,-7.730071100145482
SOL_USDT,2025-06-19T00:00:00Z,2025-06-19T08:00:00Z,2025-06-20T08:00:00Z,2025,2025-06-16T00:00:00Z,-0.16637507513340793,-7.0118537767463724,-7.264334551461201,-7.243022932732393,-7.266434021635787
LINK_USDT,2025-06-19T00:00:00Z,2025-06-19T08:00:00Z,2025-06-20T08:00:00Z,2025,2025-06-16T00:00:00Z,-0.3587616710049511,-8.030417872981012,-7.224308931119826,-7.261692059371779,-7.221608318553629
ETH_USDT,2025-06-20T00:00:00Z,2025-06-20T08:00:00Z,2025-06-21T08:00:00Z,2025,2025-06-16T00:00:00Z,-0.9057512984911404,-6.302763459339428,-7.768568455759575,-7.909328293645332,-7.781570333251809
SOL_USDT,2025-06-20T00:00:00Z,2025-06-20T08:00:00Z,2025-06-21T08:00:00Z,2025,2025-06-16T00:00:00Z,-0.363924455260691,-6.567682353753491,-7.1363546395926765,-7.224061984602649,-7.152730501310851
LINK_USDT,2025-06-20T00:00:00Z,2025-06-20T08:00:00Z,2025-06-21T08:00:00Z,2025,2025-06-16T00:00:00Z,-0.646284556641505,-6.505853395535111,-7.355952167857995,-7.426646555485318,-7.371955387400565
ETH_USDT,2025-06-21T00:00:00Z,2025-06-21T08:00:00Z,2025-06-22T08:00:00Z,2025,2025-06-16T00:00:00Z,0.01808479051019692,-5.789464119931137,-7.566165436382119,-7.603927433088761,-7.628569925907424
SOL_USDT,2025-06-21T00:00:00Z,2025-06-21T08:00:00Z,2025-06-22T08:00:00Z,2025,2025-06-16T00:00:00Z,0.028213094219246292,-6.669305208304274,-7.139613485964732,-7.164087182610452,-7.164046744118138
LINK_USDT,2025-06-21T00:00:00Z,2025-06-21T08:00:00Z,2025-06-22T08:00:00Z,2025,2025-06-16T00:00:00Z,-0.2320809227897336,-6.4648918661530415,-7.269934829110583,-7.327832093026626,-7.300229608238369
ETH_USDT,2025-06-22T00:00:00Z,2025-06-22T08:00:00Z,2025-06-23T08:00:00Z,2025,2025-06-16T00:00:00Z,-0.24712891197715436,-5.942341039354115,-7.375521659538629,-7.495197393696263,-7.381007622657551
SOL_USDT,2025-06-22T00:00:00Z,2025-06-22T08:00:00Z,2025-06-23T08:00:00Z,2025,2025-06-16T00:00:00Z,-0.16711752037530073,-5.727055727350004,-7.110828885717105,-7.169578911216457,-7.1097499050317
LINK_USDT,2025-06-22T00:00:00Z,2025-06-22T08:00:00Z,2025-06-23T08:00:00Z,2025,2025-06-16T00:00:00Z,-0.2935760970544418,-5.983629439097498,-7.204009401455959,-7.277054189712511,-7.208898211337157
ETH_USDT,2025-06-23T00:00:00Z,2025-06-23T08:00:00Z,2025-06-24T08:00:00Z,2025,2025-06-23T00:00:00Z,0.23688108885387837,-5.301370349283065,-7.276710944057042,-7.310680173022845,-7.302500100695324
SOL_USDT,2025-06-23T00:00:00Z,2025-06-23T08:00:00Z,2025-06-24T08:00:00Z,2025,2025-06-23T00:00:00Z,0.23270473633350988,-5.049284384086071,-6.9583048971727495,-6.9884619438467865,-6.973169961807529
LINK_USDT,2025-06-23T00:00:00Z,2025-06-23T08:00:00Z,2025-06-24T08:00:00Z,2025,2025-06-23T00:00:00Z,0.4996268613873995,-4.860641584346258,-7.06148064049665,-7.012248805305225,-7.077158047541873
ETH_USDT,2025-06-24T00:00:00Z,2025-06-24T08:00:00Z,2025-06-25T08:00:00Z,2025,2025-06-23T00:00:00Z,0.13092629255421837,-7.91760951667606,-7.080243345339567,-7.160808220374291,-7.078459727036374
SOL_USDT,2025-06-24T00:00:00Z,2025-06-24T08:00:00Z,2025-06-25T08:00:00Z,2025,2025-06-23T00:00:00Z,0.33714062018320895,-8.612637705801038,-6.68638108645311,-6.730317878006885,-6.682579355901172
LINK_USDT,2025-06-24T00:00:00Z,2025-06-24T08:00:00Z,2025-06-25T08:00:00Z,2025,2025-06-23T00:00:00Z,0.2407034781002608,-7.389700168703276,-6.671712711142623,-6.736898589954499,-6.64932899028188
ETH_USDT,2025-06-25T00:00:00Z,2025-06-25T08:00:00Z,2025-06-26T08:00:00Z,2025,2025-06-23T00:00:00Z,-0.19273586080917998,-6.784335938936393,-7.356093332812404,-7.372260326102419,-7.356985572852088
SOL_USDT,2025-06-25T00:00:00Z,2025-06-25T08:00:00Z,2025-06-26T08:00:00Z,2025,2025-06-23T00:00:00Z,-0.12384265704591797,-7.3503192828992585,-7.116629626863239,-7.069258419439621,-7.1005255321434815
LINK_USDT,2025-06-25T00:00:00Z,2025-06-25T08:00:00Z,2025-06-26T08:00:00Z,2025,2025-06-23T00:00:00Z,0.25910811689244506,-6.635356371426804,-6.9046541694024866,-6.850332642533186,-6.897740233642948
ETH_USDT,2025-06-26T00:00:00Z,2025-06-26T08:00:00Z,2025-06-27T08:00:00Z,2025,2025-06-23T00:00:00Z,-0.4143697713525727,-7.263321999852973,-7.39242411506756,-7.434443217930354,-7.414058794064149
SOL_USDT,2025-06-26T00:00:00Z,2025-06-26T08:00:00Z,2025-06-27T08:00:00Z,2025,2025-06-23T00:00:00Z,-0.3207122914620297,-6.8222031332806825,-6.965803090058745,-7.014674251310085,-6.982484925993755
LINK_USDT,2025-06-26T00:00:00Z,2025-06-26T08:00:00Z,2025-06-27T08:00:00Z,2025,2025-06-23T00:00:00Z,-0.2675140571739487,-7.41281774176399,-6.878721520443308,-6.936766134306287,-6.871876140283112
ETH_USDT,2025-06-27T00:00:00Z,2025-06-27T08:00:00Z,2025-06-28T08:00:00Z,2025,2025-06-23T00:00:00Z,-0.26946441232949075,-9.829925118043347,-7.196749378210624,-7.27922009248237,-7.237700640548835
SOL_USDT,2025-06-27T00:00:00Z,2025-06-27T08:00:00Z,2025-06-28T08:00:00Z,2025,2025-06-23T00:00:00Z,-0.20665766202559152,-6.471597570161054,-6.891298903685963,-6.943945117032326,-6.9216179351279195
LINK_USDT,2025-06-27T00:00:00Z,2025-06-27T08:00:00Z,2025-06-28T08:00:00Z,2025,2025-06-23T00:00:00Z,-0.5260990976055296,-9.488037319685048,-6.873033196029789,-6.981968202979251,-6.9005517703262695
ETH_USDT,2025-06-28T00:00:00Z,2025-06-28T08:00:00Z,2025-06-29T08:00:00Z,2025,2025-06-23T00:00:00Z,-0.46197661582742183,-11.842054692034688,-7.466114609941779,-7.483570042369645,-7.490322797895389
SOL_USDT,2025-06-28T00:00:00Z,2025-06-28T08:00:00Z,2025-06-29T08:00:00Z,2025,2025-06-23T00:00:00Z,-0.22939069211049673,-7.77464849031398,-6.970169261693996,-6.996327919047659,-6.991359114204793
LINK_USDT,2025-06-28T00:00:00Z,2025-06-28T08:00:00Z,2025-06-29T08:00:00Z,2025,2025-06-23T00:00:00Z,-0.7220074087676462,-8.916555470574856,-7.194275191486577,-7.21610372526916,-7.230837940360325
ETH_USDT,2025-06-29T00:00:00Z,2025-06-29T08:00:00Z,2025-06-30T08:00:00Z,2025,2025-06-23T00:00:00Z,-1.314985275585611,-7.231327648701758,-7.806773925136021,-7.896472709489045,-7.833918176978463
SOL_USDT,2025-06-29T00:00:00Z,2025-06-29T08:00:00Z,2025-06-30T08:00:00Z,2025,2025-06-23T00:00:00Z,-0.10999224878954175,-7.414796312922782,-6.900239514242573,-6.9286524282193245,-6.925600124273492
LINK_USDT,2025-06-29T00:00:00Z,2025-06-29T08:00:00Z,2025-06-30T08:00:00Z,2025,2025-06-23T00:00:00Z,-0.9351032515081467,-6.311615190064059,-7.122701481673198,-7.241668155210175,-7.1756165260779845
ETH_USDT,2025-06-30T00:00:00Z,2025-06-30T08:00:00Z,2025-07-01T08:00:00Z,2025,2025-06-30T00:00:00Z,-0.6704786246866844,-9.290226208239744,-7.532880191229653,-7.643130500327934,-7.625386813007414
SOL_USDT,2025-06-30T00:00:00Z,2025-06-30T08:00:00Z,2025-07-01T08:00:00Z,2025,2025-06-30T00:00:00Z,-0.27523185555411145,-5.648036468713881,-7.1370576890127495,-7.13553970455958,-7.1453647839521235
LINK_USDT,2025-06-30T00:00:00Z,2025-06-30T08:00:00Z,2025-07-01T08:00:00Z,2025,2025-06-30T00:00:00Z,-0.636133160902075,-9.02528511085852,-7.006090649136028,-7.140714713613978,-7.079620008201981
ETH_USDT,2025-07-01T00:00:00Z,2025-07-01T08:00:00Z,2025-07-02T08:00:00Z,2025,2025-06-30T00:00:00Z,-0.22785276463444332,-7.343062622193657,-8.0777207911584,-7.961237158942652,-8.085847601338859
SOL_USDT,2025-07-01T00:00:00Z,2025-07-01T08:00:00Z,2025-07-02T08:00:00Z,2025,2025-06-30T00:00:00Z,0.3165964500699497,-7.426111953523428,-7.05716080869183,-7.001329961201795,-7.065438567584569
LINK_USDT,2025-07-01T00:00:00Z,2025-07-01T08:00:00Z,2025-07-02T08:00:00Z,2025,2025-06-30T00:00:00Z,-0.11752014122902839,-7.662287645188366,-7.357029209908988,-7.323024384458327,-7.3768268538150386
ETH_USDT,2025-07-02T00:00:00Z,2025-07-02T08:00:00Z,2025-07-03T08:00:00Z,2025,2025-06-30T00:00:00Z,-0.4710199071277434,-6.593712357954873,-7.9165466955654855,-7.924673322214749,-7.894264160715756
SOL_USDT,2025-07-02T00:00:00Z,2025-07-02T08:00:00Z,2025-07-03T08:00:00Z,2025,2025-06-30T00:00:00Z,-0.06509235382517076,-7.230128471910394,-7.059358561184208,-7.065007315955125,-7.0250680827252445
LINK_USDT,2025-07-02T00:00:00Z,2025-07-02T08:00:00Z,2025-07-03T08:00:00Z,2025,2025-06-30T00:00:00Z,-0.5128084007956162,-6.580218954228655,-7.4265575670553154,-7.45872193588089,-7.40334117314794
ETH_USDT,2025-07-03T00:00:00Z,2025-07-03T08:00:00Z,2025-07-04T08:00:00Z,2025,2025-06-30T00:00:00Z,0.14305850285304317,-7.29373557131211,-7.651014499568915,-7.606137236645292,-7.66159009938625
SOL_USDT,2025-07-03T00:00:00Z,2025-07-03T08:00:00Z,2025-07-04T08:00:00Z,2025,2025-06-30T00:00:00Z,-0.09749257202583565,-6.424234987735799,-7.152936788901121,-7.130960142848653,-7.143486675724459
LINK_USDT,2025-07-03T00:00:00Z,2025-07-03T08:00:00Z,2025-07-04T08:00:00Z,2025,2025-06-30T00:00:00Z,0.12751617651286548,-7.052611555457419,-7.357033993950137,-7.285616690116432,-7.365114935602703
ETH_USDT,2025-07-04T00:00:00Z,2025-07-04T08:00:00Z,2025-07-05T08:00:00Z,2025,2025-06-30T00:00:00Z,-0.061485721177129464,-8.406831515823773,-7.9144585157835285,-7.803497061236751,-7.8599545199707705
SOL_USDT,2025-07-04T00:00:00Z,2025-07-04T08:00:00Z,2025-07-05T08:00:00Z,2025,2025-06-30T00:00:00Z,-0.06833863798670198,-7.189490781006508,-7.001347411202424,-7.017878743030471,-7.00465473865434
LINK_USDT,2025-07-04T00:00:00Z,2025-07-04T08:00:00Z,2025-07-05T08:00:00Z,2025,2025-06-30T00:00:00Z,0.08277600676982214,-7.55545422668563,-7.3533559053946815,-7.268081381981636,-7.3098208442766985
ETH_USDT,2025-07-05T00:00:00Z,2025-07-05T08:00:00Z,2025-07-06T08:00:00Z,2025,2025-06-30T00:00:00Z,-0.1927641234013301,-10.080297729038376,-7.7800940415236095,-7.759023907021595,-7.748789721210767
SOL_USDT,2025-07-05T00:00:00Z,2025-07-05T08:00:00Z,2025-07-06T08:00:00Z,2025,2025-06-30T00:00:00Z,-0.24860781871438517,-10.151134369632713,-7.055028032570266,-7.096849601375454,-7.053129769183208
LINK_USDT,2025-07-05T00:00:00Z,2025-07-05T08:00:00Z,2025-07-06T08:00:00Z,2025,2025-06-30T00:00:00Z,-0.31139140192779413,-9.006022141471833,-7.2698792063996045,-7.303236016681988,-7.234939337010394
ETH_USDT,2025-07-06T00:00:00Z,2025-07-06T08:00:00Z,2025-07-07T08:00:00Z,2025,2025-06-30T00:00:00Z,-1.213538226239784,-8.147351210840872,-8.07135826400423,-8.154279730296356,-8.055796134380515
SOL_USDT,2025-07-06T00:00:00Z,2025-07-06T08:00:00Z,2025-07-07T08:00:00Z,2025,2025-06-30T00:00:00Z,-0.8977536766231458,-7.405943485907423,-7.47369411226619,-7.4659109922366245,-7.47838907434455
LINK_USDT,2025-07-06T00:00:00Z,2025-07-06T08:00:00Z,2025-07-07T08:00:00Z,2025,2025-06-30T00:00:00Z,-1.1472313898691826,-7.515229496582367,-7.568889049919205,-7.651303809505324,-7.5687398222655915
ETH_USDT,2025-07-07T00:00:00Z,2025-07-07T08:00:00Z,2025-07-08T08:00:00Z,2025,2025-07-07T00:00:00Z,-0.6114788131785324,-8.005592964547454,-7.962225272980786,-8.00194797662308,-8.028132850106958
SOL_USDT,2025-07-07T00:00:00Z,2025-07-07T08:00:00Z,2025-07-08T08:00:00Z,2025,2025-07-07T00:00:00Z,-0.1298261377329262,-8.068460734930301,-7.168015558511525,-7.15487045711661,-7.232181839869871
LINK_USDT,2025-07-07T00:00:00Z,2025-07-07T08:00:00Z,2025-07-08T08:00:00Z,2025,2025-07-07T00:00:00Z,-0.7079411971828431,-9.06357553132767,-7.434670910248356,-7.524712252861782,-7.500643437470452
ETH_USDT,2025-07-08T00:00:00Z,2025-07-08T08:00:00Z,2025-07-09T08:00:00Z,2025,2025-07-07T00:00:00Z,-0.4863746688233639,-7.789456564298584,-7.923911783769571,-7.939993704174393,-7.943768235525059
SOL_USDT,2025-07-08T00:00:00Z,2025-07-08T08:00:00Z,2025-07-09T08:00:00Z,2025,2025-07-07T00:00:00Z,-0.27228037316119763,-8.399327341765725,-7.3820928643744805,-7.348146909396178,-7.369119555430636
LINK_USDT,2025-07-08T00:00:00Z,2025-07-08T08:00:00Z,2025-07-09T08:00:00Z,2025,2025-07-07T00:00:00Z,-0.3918857115160929,-6.563155423975952,-7.586923108483442,-7.549164082100865,-7.611037367436689
ETH_USDT,2025-07-09T00:00:00Z,2025-07-09T08:00:00Z,2025-07-10T08:00:00Z,2025,2025-07-07T00:00:00Z,-0.32204721945554365,-6.258996881996041,-7.891600328486843,-7.878524194497226,-7.90278791366355
SOL_USDT,2025-07-09T00:00:00Z,2025-07-09T08:00:00Z,2025-07-10T08:00:00Z,2025,2025-07-07T00:00:00Z,-0.06512915339444486,-7.691646220943086,-7.516749326458687,-7.395363212233768,-7.503620555730845
LINK_USDT,2025-07-09T00:00:00Z,2025-07-09T08:00:00Z,2025-07-10T08:00:00Z,2025,2025-07-07T00:00:00Z,-0.2765559775164161,-7.6848577918748076,-7.32284240466303,-7.352697998125886,-7.332688445051477
ETH_USDT,2025-07-10T00:00:00Z,2025-07-10T08:00:00Z,2025-07-11T08:00:00Z,2025,2025-07-07T00:00:00Z,0.32636562558291327,-5.485816746838019,-7.71615834423337,-7.654107973870594,-7.719854657080579
SOL_USDT,2025-07-10T00:00:00Z,2025-07-10T08:00:00Z,2025-07-11T08:00:00Z,2025,2025-07-07T00:00:00Z,0.030659001994731813,-5.969158048995613,-7.408959253868011,-7.34230613896817,-7.379232294578196
LINK_USDT,2025-07-10T00:00:00Z,2025-07-10T08:00:00Z,2025-07-11T08:00:00Z,2025,2025-07-07T00:00:00Z,0.23985712215366992,-5.613832032445233,-7.423604021378003,-7.311407463406423,-7.414722392609063
ETH_USDT,2025-07-11T00:00:00Z,2025-07-11T08:00:00Z,2025-07-12T08:00:00Z,2025,2025-07-07T00:00:00Z,0.722033621189125,-10.02861793881189,-7.361577636452093,-7.285783706770541,-7.329847580391578
SOL_USDT,2025-07-11T00:00:00Z,2025-07-11T08:00:00Z,2025-07-12T08:00:00Z,2025,2025-07-07T00:00:00Z,0.23414743601293014,-9.905894545603653,-7.201817119725817,-7.183454050339375,-7.172303820148458
LINK_USDT,2025-07-11T00:00:00Z,2025-07-11T08:00:00Z,2025-07-12T08:00:00Z,2025,2025-07-07T00:00:00Z,0.40394116807229685,-7.911794923336937,-7.046768898925504,-7.024516516783837,-7.012641833853713
ETH_USDT,2025-07-12T00:00:00Z,2025-07-12T08:00:00Z,2025-07-13T08:00:00Z,2025,2025-07-07T00:00:00Z,0.7069637318012606,-7.8647147752767825,-7.788140896640098,-7.4981086736776,-7.7122345458414685
SOL_USDT,2025-07-12T00:00:00Z,2025-07-12T08:00:00Z,2025-07-13T08:00:00Z,2025,2025-07-07T00:00:00Z,0.49111686271696264,-6.571151151176917,-7.5902154162077,-7.319061256581347,-7.531107832479902
LINK_USDT,2025-07-12T00:00:00Z,2025-07-12T08:00:00Z,2025-07-13T08:00:00Z,2025,2025-07-07T00:00:00Z,0.73626989866209,-6.616492800867387,-7.320447882921566,-7.083485191030903,-7.267548629026412
ETH_USDT,2025-07-13T00:00:00Z,2025-07-13T08:00:00Z,2025-07-14T08:00:00Z,2025,2025-07-07T00:00:00Z,-0.23658046350290238,-7.217727770790149,-7.650699191149961,-7.649110883900088,-7.5869062249125365
SOL_USDT,2025-07-13T00:00:00Z,2025-07-13T08:00:00Z,2025-07-14T08:00:00Z,2025,2025-07-07T00:00:00Z,-0.2743398849327281,-6.553009834070736,-7.2718484496295135,-7.309868902553253,-7.2112388692434495
LINK_USDT,2025-07-13T00:00:00Z,2025-07-13T08:00:00Z,2025-07-14T08:00:00Z,2025,2025-07-07T00:00:00Z,-0.16499132731936933,-6.557859149361912,-7.183829070682653,-7.209289446004461,-7.114921794690912
ETH_USDT,2025-07-14T00:00:00Z,2025-07-14T08:00:00Z,2025-07-15T08:00:00Z,2025,2025-07-14T00:00:00Z,-0.14816933453423614,-8.25138328321034,-7.728120514803697,-7.69183114368381,-7.74605991582173
SOL_USDT,2025-07-14T00:00:00Z,2025-07-14T08:00:00Z,2025-07-15T08:00:00Z,2025,2025-07-14T00:00:00Z,-0.2862995348970843,-7.146396634605366,-7.491077999090721,-7.454448960043736,-7.4905035391170545
LINK_USDT,2025-07-14T00:00:00Z,2025-07-14T08:00:00Z,2025-07-15T08:00:00Z,2025,2025-07-14T00:00:00Z,0.20181531494405203,-7.068104619170507,-7.236875156677311,-7.172044776080446,-7.247829376863036
ETH_USDT,2025-07-15T00:00:00Z,2025-07-15T08:00:00Z,2025-07-16T08:00:00Z,2025,2025-07-14T00:00:00Z,0.6494790452272486,-6.504278981627848,-7.574547828130273,-7.450069248559234,-7.587473355069695
SOL_USDT,2025-07-15T00:00:00Z,2025-07-15T08:00:00Z,2025-07-16T08:00:00Z,2025,2025-07-14T00:00:00Z,0.42125030491732357,-7.591257546183203,-7.162545614493487,-7.109316060942592,-7.17614477515449
LINK_USDT,2025-07-15T00:00:00Z,2025-07-15T08:00:00Z,2025-07-16T08:00:00Z,2025,2025-07-14T00:00:00Z,0.6722867541342773,-6.556153712912332,-7.111304381124209,-7.005564191623045,-7.093056103473213
ETH_USDT,2025-07-16T00:00:00Z,2025-07-16T08:00:00Z,2025-07-17T08:00:00Z,2025,2025-07-14T00:00:00Z,0.6654300674555791,-5.940187062608153,-7.436880894968143,-7.337899828488536,-7.379630961073948
SOL_USDT,2025-07-16T00:00:00Z,2025-07-16T08:00:00Z,2025-07-17T08:00:00Z,2025,2025-07-14T00:00:00Z,0.3040142471914485,-6.423370674006209,-7.21338120011897,-7.145553290255534,-7.161393111868287
LINK_USDT,2025-07-16T00:00:00Z,2025-07-16T08:00:00Z,2025-07-17T08:00:00Z,2025,2025-07-14T00:00:00Z,0.6345384467834789,-7.2871106392763725,-7.04426946025642,-6.950205415482982,-6.980638530940659
ETH_USDT,2025-07-17T00:00:00Z,2025-07-17T08:00:00Z,2025-07-18T08:00:00Z,2025,2025-07-14T00:00:00Z,0.963781388013773,-6.423828448710947,-7.403582438560033,-7.224288140162164,-7.347095905648072
SOL_USDT,2025-07-17T00:00:00Z,2025-07-17T08:00:00Z,2025-07-18T08:00:00Z,2025,2025-07-14T00:00:00Z,0.6458216353289223,-7.007689308982487,-7.1153383182174315,-6.984279984744275,-7.084470692468869
LINK_USDT,2025-07-17T00:00:00Z,2025-07-17T08:00:00Z,2025-07-18T08:00:00Z,2025,2025-07-14T00:00:00Z,0.7774527102025618,-5.730110721495398,-7.178320234793575,-6.967428892490089,-7.11559508010781
ETH_USDT,2025-07-18T00:00:00Z,2025-07-18T08:00:00Z,2025-07-19T08:00:00Z,2025,2025-07-14T00:00:00Z,0.823803258938267,-8.532297046159314,-7.6607114182189875,-7.436027225709702,-7.550107192701345
SOL_USDT,2025-07-18T00:00:00Z,2025-07-18T08:00:00Z,2025-07-19T08:00:00Z,2025,2025-07-14T00:00:00Z,0.5436148641225567,-7.6372605097625055,-7.497841027074823,-7.238641144075794,-7.4095145502327355
LINK_USDT,2025-07-18T00:00:00Z,2025-07-18T08:00:00Z,2025-07-19T08:00:00Z,2025,2025-07-14T00:00:00Z,0.8875834986013585,-6.794697142599364,-7.056880196645326,-6.877465726021638,-6.9763461683442625
ETH_USDT,2025-07-19T00:00:00Z,2025-07-19T08:00:00Z,2025-07-20T08:00:00Z,2025,2025-07-14T00:00:00Z,0.9801317499662048,-7.419743836712507,-7.5072761126872205,-7.28480876443688,-7.420527458740506
SOL_USDT,2025-07-19T00:00:00Z,2025-07-19T08:00:00Z,2025-07-20T08:00:00Z,2025,2025-07-14T00:00:00Z,0.6765433382374552,-10.085411729890392,-7.1884888800921685,-7.029996610932622,-7.12481687669826
LINK_USDT,2025-07-19T00:00:00Z,2025-07-19T08:00:00Z,2025-07-20T08:00:00Z,2025,2025-07-14T00:00:00Z,1.281038743846175,-6.785391685859033,-7.009676239863562,-6.725354007154182,-6.9222722332769795
ETH_USDT,2025-07-20T00:00:00Z,2025-07-20T08:00:00Z,2025-07-21T08:00:00Z,2025,2025-07-14T00:00:00Z,-0.15369463182863125,-6.791768312424473,-7.702920437924479,-7.633666365664049,-7.599912254280928
SOL_USDT,2025-07-20T00:00:00Z,2025-07-20T08:00:00Z,2025-07-21T08:00:00Z,2025,2025-07-14T00:00:00Z,-0.2620702622995624,-5.927686004915051,-7.6822850645935885,-7.50252767777276,-7.589943293572691
LINK_USDT,2025-07-20T00:00:00Z,2025-07-20T08:00:00Z,2025-07-21T08:00:00Z,2025,2025-07-14T00:00:00Z,0.32053967085995,-5.737189730232943,-7.120443061279917,-6.992908348305659,-6.99492116259628
ETH_USDT,2025-07-21T00:00:00Z,2025-07-21T08:00:00Z,2025-07-22T08:00:00Z,2025,2025-07-21T00:00:00Z,0.6610165637585026,-7.230867302129083,-7.4510735406374025,-7.332129595269005,-7.469401173424088
SOL_USDT,2025-07-21T00:00:00Z,2025-07-21T08:00:00Z,2025-07-22T08:00:00Z,2025,2025-07-21T00:00:00Z,0.3297959188406738,-6.580846885321303,-7.336729486124462,-7.231307971736128,-7.347642779100534
LINK_USDT,2025-07-21T00:00:00Z,2025-07-21T08:00:00Z,2025-07-22T08:00:00Z,2025,2025-07-21T00:00:00Z,0.9588357204176309,-7.233424793953535,-6.8791540518929875,-6.720278185816326,-6.859458423844148
ETH_USDT,2025-07-22T00:00:00Z,2025-07-22T08:00:00Z,2025-07-23T08:00:00Z,2025,2025-07-21T00:00:00Z,0.5896954179107758,-7.475474080210889,-7.652737987600325,-7.477707660825864,-7.589875098878814
SOL_USDT,2025-07-22T00:00:00Z,2025-07-22T08:00:00Z,2025-07-23T08:00:00Z,2025,2025-07-21T00:00:00Z,0.903520335453123,-6.401216284973964,-7.054771358315372,-6.905804787252458,-7.020884145073925
LINK_USDT,2025-07-22T00:00:00Z,2025-07-22T08:00:00Z,2025-07-23T08:00:00Z,2025,2025-07-21T00:00:00Z,0.7219016738440848,-6.726115302472873,-7.02427588790212,-6.855548320282923,-6.936457584112572
ETH_USDT,2025-07-23T00:00:00Z,2025-07-23T08:00:00Z,2025-07-24T08:00:00Z,2025,2025-07-21T00:00:00Z,0.6107364708771745,-8.600142061184961,-7.617978502943714,-7.4751403519519375,-7.56395543930547
SOL_USDT,2025-07-23T00:00:00Z,2025-07-23T08:00:00Z,2025-07-24T08:00:00Z,2025,2025-07-21T00:00:00Z,1.1518204835950399,-6.092800223542497,-7.201227883888981,-6.920349471956046,-7.111980389484966
LINK_USDT,2025-07-23T00:00:00Z,2025-07-23T08:00:00Z,2025-07-24T08:00:00Z,2025,2025-07-21T00:00:00Z,0.7143604958432015,-6.1539290932601975,-7.0384662611583515,-6.8707178661357045,-6.973122371811479
ETH_USDT,2025-07-24T00:00:00Z,2025-07-24T08:00:00Z,2025-07-25T08:00:00Z,2025,2025-07-21T00:00:00Z,0.48738407447638954,-6.265513781825073,-7.810979637609231,-7.688600036162423,-7.750019492355534
SOL_USDT,2025-07-24T00:00:00Z,2025-07-24T08:00:00Z,2025-07-25T08:00:00Z,2025,2025-07-21T00:00:00Z,0.6475947030418312,-6.048896147851505,-7.096375502026819,-7.015392021522056,-6.996189168709406
LINK_USDT,2025-07-24T00:00:00Z,2025-07-24T08:00:00Z,2025-07-25T08:00:00Z,2025,2025-07-21T00:00:00Z,0.49554448152178093,-5.750127307751663,-6.949752670969651,-6.905291235470376,-6.9008042917746355
ETH_USDT,2025-07-25T00:00:00Z,2025-07-25T08:00:00Z,2025-07-26T08:00:00Z,2025,2025-07-21T00:00:00Z,0.40227608781802043,-7.369572873154043,-7.623956829055545,-7.572615598337948,-7.581323310537617
SOL_USDT,2025-07-25T00:00:00Z,2025-07-25T08:00:00Z,2025-07-26T08:00:00Z,2025,2025-07-21T00:00:00Z,0.5138164966485803,-6.10820223678169,-6.998834033411968,-6.940818697746471,-6.9526122257889735
LINK_USDT,2025-07-25T00:00:00Z,2025-07-25T08:00:00Z,2025-07-26T08:00:00Z,2025,2025-07-21T00:00:00Z,0.34300760823619597,-6.53737112959811,-6.868799071335319,-6.864071708176045,-6.840084175232438
ETH_USDT,2025-07-26T00:00:00Z,2025-07-26T08:00:00Z,2025-07-27T08:00:00Z,2025,2025-07-21T00:00:00Z,0.38749433794630744,-9.782918488635016,-7.685360583911115,-7.637545112406469,-7.64344480221988
SOL_USDT,2025-07-26T00:00:00Z,2025-07-26T08:00:00Z,2025-07-27T08:00:00Z,2025,2025-07-21T00:00:00Z,0.301656235423798,-7.840772070965662,-6.886465188702679,-6.924844140355069,-6.856038814304984
LINK_USDT,2025-07-26T00:00:00Z,2025-07-26T08:00:00Z,2025-07-27T08:00:00Z,2025,2025-07-21T00:00:00Z,0.200836791102175,-7.634898104213517,-6.9064647597000315,-6.938946493366623,-6.888621157655337
ETH_USDT,2025-07-27T00:00:00Z,2025-07-27T08:00:00Z,2025-07-28T08:00:00Z,2025,2025-07-21T00:00:00Z,-0.2259529354353451,-7.822824091326066,-8.086557202727992,-7.9827318709405795,-8.036834440469
SOL_USDT,2025-07-27T00:00:00Z,2025-07-27T08:00:00Z,2025-07-28T08:00:00Z,2025,2025-07-21T00:00:00Z,-0.5872520491709343,-7.538634605955583,-7.14692805682175,-7.252120852037763,-7.133505121334158
LINK_USDT,2025-07-27T00:00:00Z,2025-07-27T08:00:00Z,2025-07-28T08:00:00Z,2025,2025-07-21T00:00:00Z,-0.45142745782752713,-7.737248695490772,-7.2309613842573714,-7.246668598814322,-7.218717967544816
ETH_USDT,2025-07-28T00:00:00Z,2025-07-28T08:00:00Z,2025-07-29T08:00:00Z,2025,2025-07-28T00:00:00Z,-0.10492800737695539,-7.003427303555257,-7.866709185999771,-7.85849514787492,-7.878314740984911
SOL_USDT,2025-07-28T00:00:00Z,2025-07-28T08:00:00Z,2025-07-29T08:00:00Z,2025,2025-07-28T00:00:00Z,-0.35574470636215666,-6.513073023760279,-7.130013625967638,-7.192359680929744,-7.202768577871399
LINK_USDT,2025-07-28T00:00:00Z,2025-07-28T08:00:00Z,2025-07-29T08:00:00Z,2025,2025-07-28T00:00:00Z,-0.08127154518947705,-5.752601932769638,-7.07709270646127,-7.09164458396334,-7.125199768316449
ETH_USDT,2025-07-29T00:00:00Z,2025-07-29T08:00:00Z,2025-07-30T08:00:00Z,2025,2025-07-28T00:00:00Z,0.17364292570427783,-6.894324690139102,-7.816048011240279,-7.744993809264751,-7.81827165726671
SOL_USDT,2025-07-29T00:00:00Z,2025-07-29T08:00:00Z,2025-07-30T08:00:00Z,2025,2025-07-28T00:00:00Z,0.2276013112539512,-7.082984474637933,-7.005815836639889,-6.991644865983475,-7.056435531933371
LINK_USDT,2025-07-29T00:00:00Z,2025-07-29T08:00:00Z,2025-07-30T08:00:00Z,2025,2025-07-28T00:00:00Z,0.11821898261639202,-5.956290471852378,-6.881657765418266,-6.900633116295572,-6.902302311364106
ETH_USDT,2025-07-30T00:00:00Z,2025-07-30T08:00:00Z,2025-07-31T08:00:00Z,2025,2025-07-28T00:00:00Z,0.07686743054411406,-8.413567630640056,-7.656894605589229,-7.682262071242105,-7.638787591390199
SOL_USDT,2025-07-30T00:00:00Z,2025-07-30T08:00:00Z,2025-07-31T08:00:00Z,2025,2025-07-28T00:00:00Z,-0.2808514601173325,-7.563088819461959,-7.039383037418558,-7.148791435416101,-7.030426345546471
LINK_USDT,2025-07-30T00:00:00Z,2025-07-30T08:00:00Z,2025-07-31T08:00:00Z,2025,2025-07-28T00:00:00Z,0.07294634763597936,-7.879383375582438,-6.786588702958849,-6.847619264941822,-6.791631146672702
ETH_USDT,2025-07-31T00:00:00Z,2025-07-31T08:00:00Z,2025-08-01T08:00:00Z,2025,2025-07-28T00:00:00Z,-0.04791694765183897,-6.781171688077878,-8.017752664946993,-7.853897449469473,-7.997891767493569
SOL_USDT,2025-07-31T00:00:00Z,2025-07-31T08:00:00Z,2025-08-01T08:00:00Z,2025,2025-07-28T00:00:00Z,-0.04568292720204653,-6.436755332306731,-7.318403505531009,-7.223830880037347,-7.3491311938959445
LINK_USDT,2025-07-31T00:00:00Z,2025-07-31T08:00:00Z,2025-08-01T08:00:00Z,2025,2025-07-28T00:00:00Z,-0.008810521208764827,-6.0732223194757,-7.149295412755899,-7.021465133064555,-7.145817122027741
ETH_USDT,2025-08-01T00:00:00Z,2025-08-01T08:00:00Z,2025-08-02T08:00:00Z,2025,2025-07-28T00:00:00Z,-0.0809028039784808,-6.5254823781506035,-7.734693937531338,-7.7880667577334775,-7.7282314739516185
SOL_USDT,2025-08-01T00:00:00Z,2025-08-01T08:00:00Z,2025-08-02T08:00:00Z,2025,2025-07-28T00:00:00Z,-0.2810757404057603,-6.5835380540166035,-7.1235474806516565,-7.2589562794875535,-7.132323769430912
LINK_USDT,2025-08-01T00:00:00Z,2025-08-01T08:00:00Z,2025-08-02T08:00:00Z,2025,2025-07-28T00:00:00Z,-0.06911719697203707,-6.731621513124332,-6.904250395752294,-6.977982522328885,-6.90794983741187
ETH_USDT,2025-08-02T00:00:00Z,2025-08-02T08:00:00Z,2025-08-03T08:00:00Z,2025,2025-07-28T00:00:00Z,0.26539916549389186,-6.918530521312476,-7.664664013820617,-7.646025969405382,-7.66702358511092
SOL_USDT,2025-08-02T00:00:00Z,2025-08-02T08:00:00Z,2025-08-03T08:00:00Z,2025,2025-07-28T00:00:00Z,0.14033528035318463,-6.899352755679061,-7.197810759622659,-7.2007841271736215,-7.218332962358959
LINK_USDT,2025-08-02T00:00:00Z,2025-08-02T08:00:00Z,2025-08-03T08:00:00Z,2025,2025-07-28T00:00:00Z,0.46644400643576656,-6.780006307913702,-6.961872478026239,-6.867341491792521,-6.967438088125766
ETH_USDT,2025-08-03T00:00:00Z,2025-08-03T08:00:00Z,2025-08-04T08:00:00Z,2025,2025-07-28T00:00:00Z,-0.24189426356293034,-8.067598584155872,-7.681507356511933,-7.748345043716791,-7.654726063304864
SOL_USDT,2025-08-03T00:00:00Z,2025-08-03T08:00:00Z,2025-08-04T08:00:00Z,2025,2025-07-28T00:00:00Z,-0.5657648140340434,-9.667217525204574,-7.2384844379883475,-7.385009200784114,-7.223447043128817
LINK_USDT,2025-08-03T00:00:00Z,2025-08-03T08:00:00Z,2025-08-04T08:00:00Z,2025,2025-07-28T00:00:00Z,-0.3536776213486301,-7.435623085840452,-7.0391699339985925,-7.099171351253921,-6.99506288803386
ETH_USDT,2025-08-04T00:00:00Z,2025-08-04T08:00:00Z,2025-08-05T08:00:00Z,2025,2025-08-04T00:00:00Z,-0.7492018279576131,-6.231482866884995,-7.747385235398967,-7.91140551617895,-7.766674544168222
SOL_USDT,2025-08-04T00:00:00Z,2025-08-04T08:00:00Z,2025-08-05T08:00:00Z,2025,2025-08-04T00:00:00Z,-0.523692301081677,-6.72264310210198,-7.32684720895788,-7.421092892073785,-7.377169921080066
LINK_USDT,2025-08-04T00:00:00Z,2025-08-04T08:00:00Z,2025-08-05T08:00:00Z,2025,2025-08-04T00:00:00Z,-0.9885614164345964,-6.342060713950691,-7.009033235156007,-7.243229569907907,-7.043146550538259
ETH_USDT,2025-08-05T00:00:00Z,2025-08-05T08:00:00Z,2025-08-06T08:00:00Z,2025,2025-08-04T00:00:00Z,-0.2763894694403258,-7.996812791002465,-7.5360920773527,-7.624761800803853,-7.613892988347925
SOL_USDT,2025-08-05T00:00:00Z,2025-08-05T08:00:00Z,2025-08-06T08:00:00Z,2025,2025-08-04T00:00:00Z,-0.3557013962508102,-8.414303144344737,-7.244941434815915,-7.313812153634155,-7.290740280240984
LINK_USDT,2025-08-05T00:00:00Z,2025-08-05T08:00:00Z,2025-08-06T08:00:00Z,2025,2025-08-04T00:00:00Z,-0.42294009690201395,-8.067607736753878,-7.030233249750088,-7.0947745459763185,-7.120195148332493
ETH_USDT,2025-08-06T00:00:00Z,2025-08-06T08:00:00Z,2025-08-07T08:00:00Z,2025,2025-08-04T00:00:00Z,-0.24121827420795028,-9.22253687825529,-7.58242997343792,-7.675727523226922,-7.607457558397134
SOL_USDT,2025-08-06T00:00:00Z,2025-08-06T08:00:00Z,2025-08-07T08:00:00Z,2025,2025-08-04T00:00:00Z,-0.40782090740325494,-6.92769504046554,-7.329093558933646,-7.419342815304004,-7.350941499843179
LINK_USDT,2025-08-06T00:00:00Z,2025-08-06T08:00:00Z,2025-08-07T08:00:00Z,2025,2025-08-04T00:00:00Z,-0.33716457538184996,-7.87888717129853,-7.044904629083985,-7.133443580252636,-7.06974201091108
ETH_USDT,2025-08-07T00:00:00Z,2025-08-07T08:00:00Z,2025-08-08T08:00:00Z,2025,2025-08-04T00:00:00Z,-0.5333564375734089,-6.415896082177087,-7.802260564350577,-7.851884553288847,-7.818942133898935
SOL_USDT,2025-08-07T00:00:00Z,2025-08-07T08:00:00Z,2025-08-08T08:00:00Z,2025,2025-08-04T00:00:00Z,-0.7529095903189345,-7.006456199912066,-7.2380048020991605,-7.427604690425448,-7.271675272223787
LINK_USDT,2025-08-07T00:00:00Z,2025-08-07T08:00:00Z,2025-08-08T08:00:00Z,2025,2025-08-04T00:00:00Z,-0.8377412506939327,-5.004148279428446,-7.185951808991881,-7.317438700541969,-7.19984536391858
ETH_USDT,2025-08-08T00:00:00Z,2025-08-08T08:00:00Z,2025-08-09T08:00:00Z,2025,2025-08-04T00:00:00Z,0.03703092160780024,-6.29860281790001,-7.508214199971518,-7.551442521819337,-7.563592055983161
SOL_USDT,2025-08-08T00:00:00Z,2025-08-08T08:00:00Z,2025-08-09T08:00:00Z,2025,2025-08-04T00:00:00Z,-0.21408999220056288,-7.33358558992763,-7.275666230769708,-7.333731704019703,-7.337666707336746
LINK_USDT,2025-08-08T00:00:00Z,2025-08-08T08:00:00Z,2025-08-09T08:00:00Z,2025,2025-08-04T00:00:00Z,0.29965778938139387,-5.729053040329552,-6.809952702131769,-6.79918455486412,-6.890423155946996
ETH_USDT,2025-08-09T00:00:00Z,2025-08-09T08:00:00Z,2025-08-10T08:00:00Z,2025,2025-08-04T00:00:00Z,0.19796191162560584,-7.503086586950188,-7.759238051552386,-7.651469638057529,-7.747170373503679
SOL_USDT,2025-08-09T00:00:00Z,2025-08-09T08:00:00Z,2025-08-10T08:00:00Z,2025,2025-08-04T00:00:00Z,0.004854627961930871,-10.08648907343754,-7.46191152938941,-7.3757046604584655,-7.4576144416091
LINK_USDT,2025-08-09T00:00:00Z,2025-08-09T08:00:00Z,2025-08-10T08:00:00Z,2025,2025-08-04T00:00:00Z,0.6581859455330413,-6.313908050275534,-6.753172243419951,-6.618892820839633,-6.725125548795127
ETH_USDT,2025-08-10T00:00:00Z,2025-08-10T08:00:00Z,2025-08-11T08:00:00Z,2025,2025-08-04T00:00:00Z,0.2072008988901089,-8.80617420037611,-7.5132933300562765,-7.496847079920657,-7.504664682750004
SOL_USDT,2025-08-10T00:00:00Z,2025-08-10T08:00:00Z,2025-08-11T08:00:00Z,2025,2025-08-04T00:00:00Z,-0.07612803077528682,-8.29960443569494,-7.431369365422939,-7.3736194892499025,-7.409011844966745
LINK_USDT,2025-08-10T00:00:00Z,2025-08-10T08:00:00Z,2025-08-11T08:00:00Z,2025,2025-08-04T00:00:00Z,0.6896395939357564,-6.767152244915097,-6.638176720169958,-6.496189727888957,-6.587741374504686
ETH_USDT,2025-08-11T00:00:00Z,2025-08-11T08:00:00Z,2025-08-12T08:00:00Z,2025,2025-08-11T00:00:00Z,-0.111755059818679,-6.6780806602623,-7.68599503966664,-7.710780187527307,-7.667797836597023
SOL_USDT,2025-08-11T00:00:00Z,2025-08-11T08:00:00Z,2025-08-12T08:00:00Z,2025,2025-08-11T00:00:00Z,0.15814167805318452,-6.742163905842895,-7.518238255926533,-7.4011260295623265,-7.496900683411562
LINK_USDT,2025-08-11T00:00:00Z,2025-08-11T08:00:00Z,2025-08-12T08:00:00Z,2025,2025-08-11T00:00:00Z,0.8258694938137982,-6.1651276689933985,-6.7877564503380015,-6.576038305682189,-6.724308626939172
ETH_USDT,2025-08-12T00:00:00Z,2025-08-12T08:00:00Z,2025-08-13T08:00:00Z,2025,2025-08-11T00:00:00Z,0.25041360341496943,-6.208323605702461,-7.65583910013083,-7.623201703309791,-7.6674215805521495
SOL_USDT,2025-08-12T00:00:00Z,2025-08-12T08:00:00Z,2025-08-13T08:00:00Z,2025,2025-08-11T00:00:00Z,0.07734348960661629,-5.251032058369496,-7.351305414666938,-7.345267995874885,-7.310461973346676
LINK_USDT,2025-08-12T00:00:00Z,2025-08-12T08:00:00Z,2025-08-13T08:00:00Z,2025,2025-08-11T00:00:00Z,0.5679426149444271,-4.351870950371242,-6.736330373102368,-6.6266632392562785,-6.656508689165777
ETH_USDT,2025-08-13T00:00:00Z,2025-08-13T08:00:00Z,2025-08-14T08:00:00Z,2025,2025-08-11T00:00:00Z,0.4528511921193693,-7.835948169943577,-7.419541310459968,-7.36248800582318,-7.402255298196649
SOL_USDT,2025-08-13T00:00:00Z,2025-08-13T08:00:00Z,2025-08-14T08:00:00Z,2025,2025-08-11T00:00:00Z,0.3112470228363306,-7.038965305011509,-6.968738448449631,-6.957959403517538,-6.963969592074057
LINK_USDT,2025-08-13T00:00:00Z,2025-08-13T08:00:00Z,2025-08-14T08:00:00Z,2025,2025-08-11T00:00:00Z,1.0134626605602506,-7.323195751314626,-6.263405781702829,-6.114825981410158,-6.234353725864724
ETH_USDT,2025-08-14T00:00:00Z,2025-08-14T08:00:00Z,2025-08-15T08:00:00Z,2025,2025-08-11T00:00:00Z,0.5250536195565093,-6.554009700813911,-7.619068305954516,-7.477759972530518,-7.570729181013911
SOL_USDT,2025-08-14T00:00:00Z,2025-08-14T08:00:00Z,2025-08-15T08:00:00Z,2025,2025-08-11T00:00:00Z,0.694290770797063,-5.625496506364209,-7.056529269971009,-6.925496398087871,-7.024074494736492
LINK_USDT,2025-08-14T00:00:00Z,2025-08-14T08:00:00Z,2025-08-15T08:00:00Z,2025,2025-08-11T00:00:00Z,0.9693393037958868,-6.623896956416697,-6.677695400189046,-6.368719087122679,-6.579135240529336
ETH_USDT,2025-08-15T00:00:00Z,2025-08-15T08:00:00Z,2025-08-16T08:00:00Z,2025,2025-08-11T00:00:00Z,0.7835823712792535,-6.146207282528019,-7.577273188414996,-7.415164282356001,-7.520221223842379
SOL_USDT,2025-08-15T00:00:00Z,2025-08-15T08:00:00Z,2025-08-16T08:00:00Z,2025,2025-08-11T00:00:00Z,0.8649320342675022,-5.550088730087586,-6.895206043457748,-6.770239431468229,-6.829423136821291
LINK_USDT,2025-08-15T00:00:00Z,2025-08-15T08:00:00Z,2025-08-16T08:00:00Z,2025,2025-08-11T00:00:00Z,0.838729209198986,-6.07114513646609,-6.567749554758228,-6.381192904896524,-6.47469954387976
ETH_USDT,2025-08-16T00:00:00Z,2025-08-16T08:00:00Z,2025-08-17T08:00:00Z,2025,2025-08-11T00:00:00Z,0.3917381096031208,-8.24732423903436,-7.371040561646849,-7.365541620972226,-7.30130988683702
SOL_USDT,2025-08-16T00:00:00Z,2025-08-16T08:00:00Z,2025-08-17T08:00:00Z,2025,2025-08-11T00:00:00Z,0.10200132692715154,-8.718904697289776,-6.7488488120088475,-6.8354160528392995,-6.675205499185833
LINK_USDT,2025-08-16T00:00:00Z,2025-08-16T08:00:00Z,2025-08-17T08:00:00Z,2025,2025-08-11T00:00:00Z,0.11230607366237232,-5.154350900792877,-6.522678821850812,-6.5274135418492225,-6.442300052213289
ETH_USDT,2025-08-17T00:00:00Z,2025-08-17T08:00:00Z,2025-08-18T08:00:00Z,2025,2025-08-11T00:00:00Z,-0.5008761351528973,-5.726064782650956,-7.6685143852553725,-7.713389900489101,-7.628543627350714
SOL_USDT,2025-08-17T00:00:00Z,2025-08-17T08:00:00Z,2025-08-18T08:00:00Z,2025,2025-08-11T00:00:00Z,-0.6199223983736757,-5.520462372528667,-6.954009882270133,-7.067006140946856,-6.964414364540785
LINK_USDT,2025-08-17T00:00:00Z,2025-08-17T08:00:00Z,2025-08-18T08:00:00Z,2025,2025-08-11T00:00:00Z,-0.01224462329256298,-4.797260822924144,-6.601995562797437,-6.556160123277248,-6.604345160424696
ETH_USDT,2025-08-18T00:00:00Z,2025-08-18T08:00:00Z,2025-08-19T08:00:00Z,2025,2025-08-18T00:00:00Z,-0.24817341156436085,-7.113517919726002,-7.509652667311633,-7.611772096607365,-7.582460960988334
SOL_USDT,2025-08-18T00:00:00Z,2025-08-18T08:00:00Z,2025-08-19T08:00:00Z,2025,2025-08-18T00:00:00Z,-0.4999936399100026,-7.755711339216492,-6.863488135306348,-7.030429833945018,-6.959659341959134
LINK_USDT,2025-08-18T00:00:00Z,2025-08-18T08:00:00Z,2025-08-19T08:00:00Z,2025,2025-08-18T00:00:00Z,0.9509828821080051,-5.39569256281228,-6.201917404446129,-6.0555061189990305,-6.238155690370363
ETH_USDT,2025-08-19T00:00:00Z,2025-08-19T08:00:00Z,2025-08-20T08:00:00Z,2025,2025-08-18T00:00:00Z,0.3055833346309236,-6.437704505544686,-7.316844288962038,-7.348731689852363,-7.370033152582136
SOL_USDT,2025-08-19T00:00:00Z,2025-08-19T08:00:00Z,2025-08-20T08:00:00Z,2025,2025-08-18T00:00:00Z,-0.16027646325434056,-7.099517372127125,-6.703120876611383,-6.856998849809539,-6.791321823754042
LINK_USDT,2025-08-19T00:00:00Z,2025-08-19T08:00:00Z,2025-08-20T08:00:00Z,2025,2025-08-18T00:00:00Z,1.1853188660954956,-6.109081503195398,-6.3638710547641235,-6.085003298950477,-6.281231011793749
ETH_USDT,2025-08-20T00:00:00Z,2025-08-20T08:00:00Z,2025-08-21T08:00:00Z,2025,2025-08-18T00:00:00Z,0.28238420550189625,-7.314278320885715,-7.436195880038956,-7.415952902837205,-7.416379190800646
SOL_USDT,2025-08-20T00:00:00Z,2025-08-20T08:00:00Z,2025-08-21T08:00:00Z,2025,2025-08-18T00:00:00Z,-0.2131433329899507,-6.991549542441468,-6.95529776188223,-6.999541054688382,-6.986878981603605
LINK_USDT,2025-08-20T00:00:00Z,2025-08-20T08:00:00Z,2025-08-21T08:00:00Z,2025,2025-08-18T00:00:00Z,0.8485676944594829,-5.3364925596453405,-6.386142812913441,-6.207438044940768,-6.258711530483216
ETH_USDT,2025-08-21T00:00:00Z,2025-08-21T08:00:00Z,2025-08-22T08:00:00Z,2025,2025-08-18T00:00:00Z,0.15883994079148228,-7.071582793228031,-7.367039537275164,-7.371843413283884,-7.354313233673926
SOL_USDT,2025-08-21T00:00:00Z,2025-08-21T08:00:00Z,2025-08-22T08:00:00Z,2025,2025-08-18T00:00:00Z,-0.1046494847349092,-6.642186577346685,-6.8434129776388755,-6.90908652514807,-6.88837089999052
LINK_USDT,2025-08-21T00:00:00Z,2025-08-21T08:00:00Z,2025-08-22T08:00:00Z,2025,2025-08-18T00:00:00Z,0.9872674000883112,-7.142439930901117,-6.268414010307206,-6.053650623596829,-6.190219320853534
ETH_USDT,2025-08-22T00:00:00Z,2025-08-22T08:00:00Z,2025-08-23T08:00:00Z,2025,2025-08-18T00:00:00Z,-0.3337614874893759,-4.9830875077238295,-7.540216354200095,-7.60044518775944,-7.533070429355547
SOL_USDT,2025-08-22T00:00:00Z,2025-08-22T08:00:00Z,2025-08-23T08:00:00Z,2025,2025-08-18T00:00:00Z,-0.2095070675165849,-5.434527341616807,-6.957190090098802,-7.01635546122264,-6.9776827950487155
LINK_USDT,2025-08-22T00:00:00Z,2025-08-22T08:00:00Z,2025-08-23T08:00:00Z,2025,2025-08-18T00:00:00Z,0.43237771147953197,-5.4130014837814375,-6.389801219898724,-6.259932645764807,-6.2882674033512425
ETH_USDT,2025-08-23T00:00:00Z,2025-08-23T08:00:00Z,2025-08-24T08:00:00Z,2025,2025-08-18T00:00:00Z,0.780289337307285,-9.10011700393732,-7.089697531874712,-7.036206003294296,-7.158430221176641
SOL_USDT,2025-08-23T00:00:00Z,2025-08-23T08:00:00Z,2025-08-24T08:00:00Z,2025,2025-08-18T00:00:00Z,0.6348623308126312,-7.8977840013592795,-6.822832531036723,-6.754708804517143,-6.857128191069987
LINK_USDT,2025-08-23T00:00:00Z,2025-08-23T08:00:00Z,2025-08-24T08:00:00Z,2025,2025-08-18T00:00:00Z,1.0811622034871877,-7.107371235157506,-6.332818221125102,-6.0963703895924555,-6.299846578088872
ETH_USDT,2025-08-24T00:00:00Z,2025-08-24T08:00:00Z,2025-08-25T08:00:00Z,2025,2025-08-18T00:00:00Z,-0.09598713108479923,-6.37309764931948,-7.274563726794365,-7.325255410013831,-7.208543858692858
SOL_USDT,2025-08-24T00:00:00Z,2025-08-24T08:00:00Z,2025-08-25T08:00:00Z,2025,2025-08-18T00:00:00Z,0.37299750013345545,-6.955043730647394,-6.972483320423511,-6.868024295969693,-6.905633559538371
LINK_USDT,2025-08-24T00:00:00Z,2025-08-24T08:00:00Z,2025-08-25T08:00:00Z,2025,2025-08-18T00:00:00Z,0.05282906102281306,-6.704485979097349,-6.394203840904943,-6.375952793098864,-6.2842598391952516
ETH_USDT,2025-08-25T00:00:00Z,2025-08-25T08:00:00Z,2025-08-26T08:00:00Z,2025,2025-08-25T00:00:00Z,0.3260739369637102,-5.830376366099215,-7.483972256272217,-7.308655274095662,-7.51454475829491
SOL_USDT,2025-08-25T00:00:00Z,2025-08-25T08:00:00Z,2025-08-26T08:00:00Z,2025,2025-08-25T00:00:00Z,0.7606384551768668,-5.900158322633797,-7.143053855776922,-6.859380053165447,-7.10220811407482
LINK_USDT,2025-08-25T00:00:00Z,2025-08-25T08:00:00Z,2025-08-26T08:00:00Z,2025,2025-08-25T00:00:00Z,0.17718018767140756,-5.9816465461294905,-6.5919975556637285,-6.477167483261966,-6.5794856816967435
ETH_USDT,2025-08-26T00:00:00Z,2025-08-26T08:00:00Z,2025-08-27T08:00:00Z,2025,2025-08-25T00:00:00Z,0.5261073065157439,-7.211403388657154,-7.081570671923412,-7.06828372003468,-7.071636057659544
SOL_USDT,2025-08-26T00:00:00Z,2025-08-26T08:00:00Z,2025-08-27T08:00:00Z,2025,2025-08-25T00:00:00Z,0.7630323366995581,-6.274858728238911,-6.851219744351741,-6.743793558987342,-6.767617163721705
LINK_USDT,2025-08-26T00:00:00Z,2025-08-26T08:00:00Z,2025-08-27T08:00:00Z,2025,2025-08-25T00:00:00Z,0.38923820448692587,-6.213679192263901,-6.449807624632672,-6.381061316184667,-6.425809336793568
ETH_USDT,2025-08-27T00:00:00Z,2025-08-27T08:00:00Z,2025-08-28T08:00:00Z,2025,2025-08-25T00:00:00Z,0.2637241627474828,-6.345325048551396,-7.232233979839726,-7.193394427095305,-7.1906616682104
SOL_USDT,2025-08-27T00:00:00Z,2025-08-27T08:00:00Z,2025-08-28T08:00:00Z,2025,2025-08-25T00:00:00Z,0.1860173250914754,-5.5036457629214,-6.953231052685293,-6.917925884673575,-6.867972419941393
LINK_USDT,2025-08-27T00:00:00Z,2025-08-27T08:00:00Z,2025-08-28T08:00:00Z,2025,2025-08-25T00:00:00Z,0.10268989590106649,-7.135951859406863,-6.532454472309867,-6.492878202200195,-6.4743651729836005
ETH_USDT,2025-08-28T00:00:00Z,2025-08-28T08:00:00Z,2025-08-29T08:00:00Z,2025,2025-08-25T00:00:00Z,-0.039020614993675456,-6.664139341708006,-7.173490045705899,-7.23124306271468,-7.164912861537598
SOL_USDT,2025-08-28T00:00:00Z,2025-08-28T08:00:00Z,2025-08-29T08:00:00Z,2025,2025-08-25T00:00:00Z,0.7227466855580853,-6.849545241188084,-6.794260863783841,-6.675299525526906,-6.78805675516749
LINK_USDT,2025-08-28T00:00:00Z,2025-08-28T08:00:00Z,2025-08-29T08:00:00Z,2025,2025-08-25T00:00:00Z,-0.00607495082449792,-5.243348230262969,-6.760580041879589,-6.658675773751129,-6.71639414177065
ETH_USDT,2025-08-29T00:00:00Z,2025-08-29T08:00:00Z,2025-08-30T08:00:00Z,2025,2025-08-25T00:00:00Z,-0.27478395486652357,-7.777424908604887,-7.21622567818879,-7.3131190664891825,-7.244448553110424
SOL_USDT,2025-08-29T00:00:00Z,2025-08-29T08:00:00Z,2025-08-30T08:00:00Z,2025,2025-08-25T00:00:00Z,0.6345125701710049,-7.71429283964492,-6.74094917877641,-6.6501423756343545,-6.675750605213548
LINK_USDT,2025-08-29T00:00:00Z,2025-08-29T08:00:00Z,2025-08-30T08:00:00Z,2025,2025-08-25T00:00:00Z,0.5484824469545815,-10.362339934358642,-6.713252885799812,-6.507097958769679,-6.68546507917692
ETH_USDT,2025-08-30T00:00:00Z,2025-08-30T08:00:00Z,2025-08-31T08:00:00Z,2025,2025-08-25T00:00:00Z,0.01339717954933014,-7.98302676949619,-7.342495799532051,-7.360742438225443,-7.374677741134404
SOL_USDT,2025-08-30T00:00:00Z,2025-08-30T08:00:00Z,2025-08-31T08:00:00Z,2025,2025-08-25T00:00:00Z,0.7421207340639345,-7.625327019582847,-6.912810480195824,-6.738959636263545,-6.830817541629779
LINK_USDT,2025-08-30T00:00:00Z,2025-08-30T08:00:00Z,2025-08-31T08:00:00Z,2025,2025-08-25T00:00:00Z,0.1870098865488309,-9.13478196556727,-6.550783001302024,-6.5196823578069765,-6.451944766760831
ETH_USDT,2025-08-31T00:00:00Z,2025-08-31T08:00:00Z,2025-09-01T08:00:00Z,2025,2025-08-25T00:00:00Z,-0.6728838658506376,-7.177996914813292,-7.511011230158686,-7.5449716794157595,-7.500945044511042
SOL_USDT,2025-08-31T00:00:00Z,2025-08-31T08:00:00Z,2025-09-01T08:00:00Z,2025,2025-08-25T00:00:00Z,-0.09044565125320625,-7.529526765412136,-6.944905205444106,-6.902089953413598,-6.855303871319323
LINK_USDT,2025-08-31T00:00:00Z,2025-08-31T08:00:00Z,2025-09-01T08:00:00Z,2025,2025-08-25T00:00:00Z,-1.0824984440622596,-7.02375993186558,-6.998548610235432,-6.992104343565069,-6.930315762520283
ETH_USDT,2025-09-01T00:00:00Z,2025-09-01T08:00:00Z,2025-09-02T08:00:00Z,2025,2025-09-01T00:00:00Z,-0.5925470909915215,-7.061923420821383,-7.334134551707516,-7.458802494557617,-7.421693430934927
SOL_USDT,2025-09-01T00:00:00Z,2025-09-01T08:00:00Z,2025-09-02T08:00:00Z,2025,2025-09-01T00:00:00Z,-0.2488805884560665,-6.79479275162922,-6.969389299432885,-6.977945815849903,-6.988274274293739
LINK_USDT,2025-09-01T00:00:00Z,2025-09-01T08:00:00Z,2025-09-02T08:00:00Z,2025,2025-09-01T00:00:00Z,-0.6417264475653881,-6.043161730312716,-6.7248720339702315,-6.77598418741331,-6.830026913649413
ETH_USDT,2025-09-02T00:00:00Z,2025-09-02T08:00:00Z,2025-09-03T08:00:00Z,2025,2025-09-01T00:00:00Z,-0.25047182782848837,-7.770851252907182,-7.509256798938567,-7.541751316296105,-7.5568220565654185
SOL_USDT,2025-09-02T00:00:00Z,2025-09-02T08:00:00Z,2025-09-03T08:00:00Z,2025,2025-09-01T00:00:00Z,0.011939505568641328,-6.133193236408973,-7.049914733354556,-7.017837549171712,-7.071492182677177
LINK_USDT,2025-09-02T00:00:00Z,2025-09-02T08:00:00Z,2025-09-03T08:00:00Z,2025,2025-09-01T00:00:00Z,-0.1910418621268364,-6.798233344852916,-6.727186837748502,-6.713650674171519,-6.766798309043618
ETH_USDT,2025-09-03T00:00:00Z,2025-09-03T08:00:00Z,2025-09-04T08:00:00Z,2025,2025-09-01T00:00:00Z,-0.25383421357301483,-6.2863572862712,-7.553100825703831,-7.5594868871332155,-7.555211701050448
SOL_USDT,2025-09-03T00:00:00Z,2025-09-03T08:00:00Z,2025-09-04T08:00:00Z,2025,2025-09-01T00:00:00Z,0.09693237885905029,-7.634724770888113,-6.83212280051473,-6.850377296679903,-6.835192838215314
LINK_USDT,2025-09-03T00:00:00Z,2025-09-03T08:00:00Z,2025-09-04T08:00:00Z,2025,2025-09-01T00:00:00Z,-0.4240601392694068,-7.04041982249526,-6.702745644178195,-6.752841054205433,-6.688064356618219
ETH_USDT,2025-09-04T00:00:00Z,2025-09-04T08:00:00Z,2025-09-05T08:00:00Z,2025,2025-09-01T00:00:00Z,-0.31497544089872026,-6.919966682970309,-7.463327190845345,-7.530491780657765,-7.470540926556977
SOL_USDT,2025-09-04T00:00:00Z,2025-09-04T08:00:00Z,2025-09-05T08:00:00Z,2025,2025-09-01T00:00:00Z,-0.06841378847653881,-6.922030533263423,-7.216094505520333,-7.099185380510869,-7.18221824996802
LINK_USDT,2025-09-04T00:00:00Z,2025-09-04T08:00:00Z,2025-09-05T08:00:00Z,2025,2025-09-01T00:00:00Z,-0.8212673489629748,-6.036517642413451,-6.805168481486366,-6.896792577980855,-6.8140682358640365
ETH_USDT,2025-09-05T00:00:00Z,2025-09-05T08:00:00Z,2025-09-06T08:00:00Z,2025,2025-09-01T00:00:00Z,-0.3624584503800761,-6.92785788493172,-7.583845771555383,-7.622420501297325,-7.590943398358704
SOL_USDT,2025-09-05T00:00:00Z,2025-09-05T08:00:00Z,2025-09-06T08:00:00Z,2025,2025-09-01T00:00:00Z,-0.4950694023137613,-7.722705033264641,-7.174577434900755,-7.24625453912645,-7.151220163150973
LINK_USDT,2025-09-05T00:00:00Z,2025-09-05T08:00:00Z,2025-09-06T08:00:00Z,2025,2025-09-01T00:00:00Z,-0.7946932259713605,-6.5798820110624545,-6.728529213444947,-6.870077541621145,-6.786391745115766
ETH_USDT,2025-09-06T00:00:00Z,2025-09-06T08:00:00Z,2025-09-07T08:00:00Z,2025,2025-09-01T00:00:00Z,-0.10095268277353565,-9.016641163078534,-7.459337357159687,-7.497801214066539,-7.4767698799657385
SOL_USDT,2025-09-06T00:00:00Z,2025-09-06T08:00:00Z,2025-09-07T08:00:00Z,2025,2025-09-01T00:00:00Z,-0.10427007685777133,-8.103698264503592,-7.137129965752353,-7.151035718342213,-7.163328391525938
LINK_USDT,2025-09-06T00:00:00Z,2025-09-06T08:00:00Z,2025-09-07T08:00:00Z,2025,2025-09-01T00:00:00Z,-0.2935238515541034,-9.264698658015366,-6.766598206841361,-6.800120719809863,-6.809936412725226
ETH_USDT,2025-09-07T00:00:00Z,2025-09-07T08:00:00Z,2025-09-08T08:00:00Z,2025,2025-09-01T00:00:00Z,-1.2805780028304266,-11.108378984050438,-7.649845604233017,-7.805618796992343,-7.6353466994947805
SOL_USDT,2025-09-07T00:00:00Z,2025-09-07T08:00:00Z,2025-09-08T08:00:00Z,2025,2025-09-01T00:00:00Z,-1.134605707459752,-8.493117747847883,-7.301167092445938,-7.413601252303012,-7.27826433253062
LINK_USDT,2025-09-07T00:00:00Z,2025-09-07T08:00:00Z,2025-09-08T08:00:00Z,2025,2025-09-01T00:00:00Z,-1.2970631038337908,-10.207202034731345,-7.005779113470924,-7.090057015015834,-6.989047154080273
ETH_USDT,2025-09-08T00:00:00Z,2025-09-08T08:00:00Z,2025-09-09T08:00:00Z,2025,2025-09-08T00:00:00Z,-1.371819727735291,-7.224866110301655,-7.816049999529562,-7.939977873180979,-7.926429156716004
SOL_USDT,2025-09-08T00:00:00Z,2025-09-08T08:00:00Z,2025-09-09T08:00:00Z,2025,2025-09-08T00:00:00Z,-0.7113850112035873,-6.36881579739471,-7.2264825419718,-7.299400461409254,-7.3250870066830185
LINK_USDT,2025-09-08T00:00:00Z,2025-09-08T08:00:00Z,2025-09-09T08:00:00Z,2025,2025-09-08T00:00:00Z,-1.5460425100498274,-6.17808399907184,-7.1062331810334145,-7.238058765700402,-7.201489046449247
ETH_USDT,2025-09-09T00:00:00Z,2025-09-09T08:00:00Z,2025-09-10T08:00:00Z,2025,2025-09-08T00:00:00Z,-0.5621448332802366,-7.9047177487260925,-7.624506062872085,-7.708015357263283,-7.750889617957684
SOL_USDT,2025-09-09T00:00:00Z,2025-09-09T08:00:00Z,2025-09-10T08:00:00Z,2025,2025-09-08T00:00:00Z,0.2534877685122671,-6.373212634132835,-7.106297107036827,-7.013341038832776,-7.16070277881373
LINK_USDT,2025-09-09T00:00:00Z,2025-09-09T08:00:00Z,2025-09-10T08:00:00Z,2025,2025-09-08T00:00:00Z,-0.8212264312683843,-6.6326018655677315,-6.875071535251387,-7.00826181201496,-7.007306757675952
ETH_USDT,2025-09-10T00:00:00Z,2025-09-10T08:00:00Z,2025-09-11T08:00:00Z,2025,2025-09-08T00:00:00Z,-0.4769135590316298,-7.028530320543159,-7.653637887521218,-7.717843093243195,-7.68236528176302
SOL_USDT,2025-09-10T00:00:00Z,2025-09-10T08:00:00Z,2025-09-11T08:00:00Z,2025,2025-09-08T00:00:00Z,0.11771454987396339,-9.956913446864936,-7.14246658169479,-7.09923557928576,-7.075600099773319
LINK_USDT,2025-09-10T00:00:00Z,2025-09-10T08:00:00Z,2025-09-11T08:00:00Z,2025,2025-09-08T00:00:00Z,-0.5833672006417647,-8.36215067587108,-6.872497980822533,-6.964782407278523,-6.9169003060197936
ETH_USDT,2025-09-11T00:00:00Z,2025-09-11T08:00:00Z,2025-09-12T08:00:00Z,2025,2025-09-08T00:00:00Z,-0.233103201288143,-7.8994693134165574,-7.731400938075762,-7.7073930379579165,-7.7392229404412705
SOL_USDT,2025-09-11T00:00:00Z,2025-09-11T08:00:00Z,2025-09-12T08:00:00Z,2025,2025-09-08T00:00:00Z,0.1019265077586875,-6.384715759762646,-7.197342319032698,-7.101061813319566,-7.148205382405696
LINK_USDT,2025-09-11T00:00:00Z,2025-09-11T08:00:00Z,2025-09-12T08:00:00Z,2025,2025-09-08T00:00:00Z,-0.8979509188184063,-6.357011922917358,-7.00064339208012,-7.089047613796506,-7.013339675839826
ETH_USDT,2025-09-12T00:00:00Z,2025-09-12T08:00:00Z,2025-09-13T08:00:00Z,2025,2025-09-08T00:00:00Z,-0.33506997189827786,-6.596173857881299,-7.7232187028855455,-7.7357150901696885,-7.708696434419368
SOL_USDT,2025-09-12T00:00:00Z,2025-09-12T08:00:00Z,2025-09-13T08:00:00Z,2025,2025-09-08T00:00:00Z,0.015430936591773166,-8.461340850265517,-7.276919836840061,-7.180870028746309,-7.230199643463746
LINK_USDT,2025-09-12T00:00:00Z,2025-09-12T08:00:00Z,2025-09-13T08:00:00Z,2025,2025-09-08T00:00:00Z,-0.6562128095190691,-7.304952540743533,-6.8962531563130876,-7.018259065644556,-6.964573829318217
ETH_USDT,2025-09-13T00:00:00Z,2025-09-13T08:00:00Z,2025-09-14T08:00:00Z,2025,2025-09-08T00:00:00Z,-0.12748144349762944,-8.672050659902146,-7.642799823430886,-7.639973752372086,-7.641248319896029
SOL_USDT,2025-09-13T00:00:00Z,2025-09-13T08:00:00Z,2025-09-14T08:00:00Z,2025,2025-09-08T00:00:00Z,0.3709455753656382,-7.458848827327504,-7.111869435892688,-6.999214783049364,-7.085285673266602
LINK_USDT,2025-09-13T00:00:00Z,2025-09-13T08:00:00Z,2025-09-14T08:00:00Z,2025,2025-09-08T00:00:00Z,-0.45136373329489193,-8.060883586656628,-7.061331052825536,-7.059597578605826,-7.0860760493258494
ETH_USDT,2025-09-14T00:00:00Z,2025-09-14T08:00:00Z,2025-09-15T08:00:00Z,2025,2025-09-08T00:00:00Z,-0.3120525919097322,-8.313598584311169,-7.79144266526347,-7.699398874927425,-7.763586362575621
SOL_USDT,2025-09-14T00:00:00Z,2025-09-14T08:00:00Z,2025-09-15T08:00:00Z,2025,2025-09-08T00:00:00Z,-0.15994806592684754,-7.712593309440092,-7.215522472376993,-7.14260789002239,-7.15192119031665
LINK_USDT,2025-09-14T00:00:00Z,2025-09-14T08:00:00Z,2025-09-15T08:00:00Z,2025,2025-09-08T00:00:00Z,-0.5226129056417704,-7.348883415718939,-7.126027201102044,-7.057116939340963,-7.129072949649419
ETH_USDT,2025-09-15T00:00:00Z,2025-09-15T08:00:00Z,2025-09-16T08:00:00Z,2025,2025-09-15T00:00:00Z,-0.6394146009134578,-7.6177941794318125,-7.772825969504072,-7.8142803932283815,-7.77318205987486
SOL_USDT,2025-09-15T00:00:00Z,2025-09-15T08:00:00Z,2025-09-16T08:00:00Z,2025,2025-09-15T00:00:00Z,0.07818667568897665,-7.567977529907788,-7.17668446647285,-7.113068781268294,-7.185275137694718
LINK_USDT,2025-09-15T00:00:00Z,2025-09-15T08:00:00Z,2025-09-16T08:00:00Z,2025,2025-09-15T00:00:00Z,-1.0061064660269516,-6.777796238505436,-7.021527469597868,-7.159986783908662,-7.042093682286226
ETH_USDT,2025-09-16T00:00:00Z,2025-09-16T08:00:00Z,2025-09-17T08:00:00Z,2025,2025-09-15T00:00:00Z,-0.2666225678472934,-8.323019009771965,-7.747153621070442,-7.740706113450675,-7.784736768455256
SOL_USDT,2025-09-16T00:00:00Z,2025-09-16T08:00:00Z,2025-09-17T08:00:00Z,2025,2025-09-15T00:00:00Z,0.14286924477180393,-9.267243499283706,-7.25212565005711,-7.170020539495386,-7.221027887552966
LINK_USDT,2025-09-16T00:00:00Z,2025-09-16T08:00:00Z,2025-09-17T08:00:00Z,2025,2025-09-15T00:00:00Z,-0.6841948534102128,-11.105787938125586,-6.998590870636803,-7.101081563092134,-7.075543110165338
ETH_USDT,2025-09-17T00:00:00Z,2025-09-17T08:00:00Z,2025-09-18T08:00:00Z,2025,2025-09-15T00:00:00Z,-0.6106998841962947,-7.334583765600392,-7.865765460538979,-7.883235393401867,-7.850783756196196
SOL_USDT,2025-09-17T00:00:00Z,2025-09-17T08:00:00Z,2025-09-18T08:00:00Z,2025,2025-09-15T00:00:00Z,-0.2604116515330696,-6.054184450476771,-7.485044584891555,-7.411956289505644,-7.4231345469633725
LINK_USDT,2025-09-17T00:00:00Z,2025-09-17T08:00:00Z,2025-09-18T08:00:00Z,2025,2025-09-15T00:00:00Z,-1.0075765738920606,-5.963171736605303,-7.495734751222551,-7.47053803264909,-7.513563902191992
ETH_USDT,2025-09-18T00:00:00Z,2025-09-18T08:00:00Z,2025-09-19T08:00:00Z,2025,2025-09-15T00:00:00Z,-0.0958674306147261,-8.813983692676285,-7.750384445175016,-7.735721238613506,-7.791479975073953
SOL_USDT,2025-09-18T00:00:00Z,2025-09-18T08:00:00Z,2025-09-19T08:00:00Z,2025,2025-09-15T00:00:00Z,0.13821216673164632,-7.742384752087939,-7.147174093593293,-7.152369111204461,-7.16835837057318
LINK_USDT,2025-09-18T00:00:00Z,2025-09-18T08:00:00Z,2025-09-19T08:00:00Z,2025,2025-09-15T00:00:00Z,-0.22107322359228143,-7.6417788177981425,-6.9854931519732295,-7.045087600751474,-7.086304970084632
ETH_USDT,2025-09-19T00:00:00Z,2025-09-19T08:00:00Z,2025-09-20T08:00:00Z,2025,2025-09-15T00:00:00Z,-0.5462680958889485,-8.44410519721264,-8.002884403186709,-7.953070146326325,-7.9625799375219835
SOL_USDT,2025-09-19T00:00:00Z,2025-09-19T08:00:00Z,2025-09-20T08:00:00Z,2025,2025-09-15T00:00:00Z,-0.03843941069330764,-7.231567523947003,-7.330562282421851,-7.251369702926547,-7.291649638920744
LINK_USDT,2025-09-19T00:00:00Z,2025-09-19T08:00:00Z,2025-09-20T08:00:00Z,2025,2025-09-15T00:00:00Z,-0.5550740430337752,-6.1283565060153125,-7.204154936330227,-7.255105412474053,-7.194146179363223
ETH_USDT,2025-09-20T00:00:00Z,2025-09-20T08:00:00Z,2025-09-21T08:00:00Z,2025,2025-09-15T00:00:00Z,-0.41102890155806265,-10.512644860719787,-8.050709635204775,-8.039509112917417,-8.051254467313004
SOL_USDT,2025-09-20T00:00:00Z,2025-09-20T08:00:00Z,2025-09-21T08:00:00Z,2025,2025-09-15T00:00:00Z,-0.21689584474280796,-11.378231732143611,-7.276266005880237,-7.31361655685488,-7.260389450969801
LINK_USDT,2025-09-20T00:00:00Z,2025-09-20T08:00:00Z,2025-09-21T08:00:00Z,2025,2025-09-15T00:00:00Z,-0.30376092451946235,-10.375912536336312,-7.02942455606395,-7.121311481906437,-7.089593214757457
ETH_USDT,2025-09-21T00:00:00Z,2025-09-21T08:00:00Z,2025-09-22T08:00:00Z,2025,2025-09-15T00:00:00Z,-1.3270505719615457,-5.664099727141857,-8.212160913178785,-8.306867374785513,-8.186683952613507
SOL_USDT,2025-09-21T00:00:00Z,2025-09-21T08:00:00Z,2025-09-22T08:00:00Z,2025,2025-09-15T00:00:00Z,-0.9980959569833985,-5.518416624084594,-7.516579072888109,-7.57316579057383,-7.512609487872024
LINK_USDT,2025-09-21T00:00:00Z,2025-09-21T08:00:00Z,2025-09-22T08:00:00Z,2025,2025-09-15T00:00:00Z,-1.2135575281500441,-5.138735338335767,-7.330438205814277,-7.426663352086895,-7.3441162725412665
ETH_USDT,2025-09-22T00:00:00Z,2025-09-22T08:00:00Z,2025-09-23T08:00:00Z,2025,2025-09-22T00:00:00Z,-1.1161049751091896,-9.2619742123367,-8.273473776795893,-8.380844598007048,-8.390547766178333
SOL_USDT,2025-09-22T00:00:00Z,2025-09-22T08:00:00Z,2025-09-23T08:00:00Z,2025,2025-09-22T00:00:00Z,-1.0782532346487315,-9.573434824577719,-7.514483034750852,-7.665358974248076,-7.625764042845603
LINK_USDT,2025-09-22T00:00:00Z,2025-09-22T08:00:00Z,2025-09-23T08:00:00Z,2025,2025-09-22T00:00:00Z,-1.358417297959543,-7.59960062074351,-7.268532929310802,-7.492097425704847,-7.416275551192813
ETH_USDT,2025-09-23T00:00:00Z,2025-09-23T08:00:00Z,2025-09-24T08:00:00Z,2025,2025-09-22T00:00:00Z,0.37273225685493666,-9.786162771205142,-7.63332102638293,-7.637450225907214,-7.783018393990957
SOL_USDT,2025-09-23T00:00:00Z,2025-09-23T08:00:00Z,2025-09-24T08:00:00Z,2025,2025-09-22T00:00:00Z,0.27490383337860386,-6.989919521701356,-7.047650369079505,-7.085593483020003,-7.206206993600103
LINK_USDT,2025-09-23T00:00:00Z,2025-09-23T08:00:00Z,2025-09-24T08:00:00Z,2025,2025-09-22T00:00:00Z,0.3899968144663389,-8.014747018053079,-6.801744724118781,-6.816903693303466,-7.003619893674129
ETH_USDT,2025-09-24T00:00:00Z,2025-09-24T08:00:00Z,2025-09-25T08:00:00Z,2025,2025-09-22T00:00:00Z,-0.40456723820617635,-6.681573556825331,-7.898123480054755,-7.867370877729736,-7.822969883494868
SOL_USDT,2025-09-24T00:00:00Z,2025-09-24T08:00:00Z,2025-09-25T08:00:00Z,2025,2025-09-22T00:00:00Z,-0.24915153825092165,-6.463111874690304,-7.106501496521543,-7.179675693732588,-7.0787644141148265
LINK_USDT,2025-09-24T00:00:00Z,2025-09-24T08:00:00Z,2025-09-25T08:00:00Z,2025,2025-09-22T00:00:00Z,-0.4662273727798701,-6.910203631953712,-6.980978547815387,-7.043332545885774,-6.932709825849084
ETH_USDT,2025-09-25T00:00:00Z,2025-09-25T08:00:00Z,2025-09-26T08:00:00Z,2025,2025-09-22T00:00:00Z,-0.2375729322766577,-6.615132161177502,-8.043398852230828,-7.946430579190735,-8.083248796296035
SOL_USDT,2025-09-25T00:00:00Z,2025-09-25T08:00:00Z,2025-09-26T08:00:00Z,2025,2025-09-22T00:00:00Z,-0.004510861162423964,-6.039171712098992,-7.253617474134756,-7.233099835756591,-7.2908444491752755
LINK_USDT,2025-09-25T00:00:00Z,2025-09-25T08:00:00Z,2025-09-26T08:00:00Z,2025,2025-09-22T00:00:00Z,-0.20368423362688612,-6.544180783533256,-7.124747630236142,-7.082530442669393,-7.190993950463539
ETH_USDT,2025-09-26T00:00:00Z,2025-09-26T08:00:00Z,2025-09-27T08:00:00Z,2025,2025-09-22T00:00:00Z,0.6861575930416506,-7.584630966969298,-7.5870064605530345,-7.531977363179197,-7.641009298524203
SOL_USDT,2025-09-26T00:00:00Z,2025-09-26T08:00:00Z,2025-09-27T08:00:00Z,2025,2025-09-22T00:00:00Z,0.3476978530609059,-6.067526833927221,-6.9740795027325735,-7.0019077004291175,-6.997634764063256
LINK_USDT,2025-09-26T00:00:00Z,2025-09-26T08:00:00Z,2025-09-27T08:00:00Z,2025,2025-09-22T00:00:00Z,0.17309873802285478,-7.262984241847368,-6.898014561788144,-6.930409187904504,-6.9410300320239156
ETH_USDT,2025-09-27T00:00:00Z,2025-09-27T08:00:00Z,2025-09-28T08:00:00Z,2025,2025-09-22T00:00:00Z,0.20913172172109398,-11.668764595457505,-7.617642860276492,-7.602800443522177,-7.551644277696792
SOL_USDT,2025-09-27T00:00:00Z,2025-09-27T08:00:00Z,2025-09-28T08:00:00Z,2025,2025-09-22T00:00:00Z,0.1664720900787628,-9.227699377945282,-6.922367992909957,-6.961066644825462,-6.913730231455953
LINK_USDT,2025-09-27T00:00:00Z,2025-09-27T08:00:00Z,2025-09-28T08:00:00Z,2025,2025-09-22T00:00:00Z,-0.2868748275941856,-9.32492031929408,-6.98982419059053,-7.046668246910031,-6.973615048528491
ETH_USDT,2025-09-28T00:00:00Z,2025-09-28T08:00:00Z,2025-09-29T08:00:00Z,2025,2025-09-22T00:00:00Z,-0.952906601243899,-6.9672617717440435,-7.775524811488669,-7.898843324231632,-7.770774448359342
SOL_USDT,2025-09-28T00:00:00Z,2025-09-28T08:00:00Z,2025-09-29T08:00:00Z,2025,2025-09-22T00:00:00Z,-0.7487827105606139,-6.571814064886641,-7.03837932559313,-7.194052033917099,-7.057534465672362
LINK_USDT,2025-09-28T00:00:00Z,2025-09-28T08:00:00Z,2025-09-29T08:00:00Z,2025,2025-09-22T00:00:00Z,-1.526202573971446,-6.443369821769507,-7.157850299439831,-7.3610253677130855,-7.198786077231711
ETH_USDT,2025-09-29T00:00:00Z,2025-09-29T08:00:00Z,2025-09-30T08:00:00Z,2025,2025-09-29T00:00:00Z,-0.5729509933864079,-7.8435404116659635,-7.597895736540133,-7.8195808554018615,-7.759566961177816
SOL_USDT,2025-09-29T00:00:00Z,2025-09-29T08:00:00Z,2025-09-30T08:00:00Z,2025,2025-09-29T00:00:00Z,-0.6472805822750538,-7.592178859485641,-6.937741758159579,-7.188103069960274,-7.080931117808251
LINK_USDT,2025-09-29T00:00:00Z,2025-09-29T08:00:00Z,2025-09-30T08:00:00Z,2025,2025-09-29T00:00:00Z,-0.9640916164260173,-7.589504280964716,-6.962413286386462,-7.253108831343778,-7.186136856447856
ETH_USDT,2025-09-30T00:00:00Z,2025-09-30T08:00:00Z,2025-10-01T08:00:00Z,2025,2025-09-29T00:00:00Z,-0.09116253466809146,-8.245954394826754,-7.827056221583301,-7.855562237953358,-7.90160025040027
SOL_USDT,2025-09-30T00:00:00Z,2025-09-30T08:00:00Z,2025-10-01T08:00:00Z,2025,2025-09-29T00:00:00Z,-0.23584166704436524,-7.758053019878653,-7.141172424403846,-7.189374324688962,-7.244370195190908
LINK_USDT,2025-09-30T00:00:00Z,2025-09-30T08:00:00Z,2025-10-01T08:00:00Z,2025,2025-09-29T00:00:00Z,-0.5009349724333335,-8.09945672605852,-7.2405499914671,-7.338594323649519,-7.342864796503792
ETH_USDT,2025-10-01T00:00:00Z,2025-10-01T08:00:00Z,2025-10-02T08:00:00Z,2025,2025-09-29T00:00:00Z,-0.06497602475925653,-6.266947763751556,-7.822553920297783,-7.830575005133178,-7.838512569429785
SOL_USDT,2025-10-01T00:00:00Z,2025-10-01T08:00:00Z,2025-10-02T08:00:00Z,2025,2025-09-29T00:00:00Z,-0.22878011034419182,-6.087385061206739,-7.101995516235775,-7.1794343290220795,-7.154441560008878
LINK_USDT,2025-10-01T00:00:00Z,2025-10-01T08:00:00Z,2025-10-02T08:00:00Z,2025,2025-09-29T00:00:00Z,-0.34591726596221456,-6.0104985499784185,-7.245370573332045,-7.284673567171435,-7.288840764496113
ETH_USDT,2025-10-02T00:00:00Z,2025-10-02T08:00:00Z,2025-10-03T08:00:00Z,2025,2025-09-29T00:00:00Z,0.2222823381193332,-8.016129462917377,-7.60564588725913,-7.661326610020214,-7.638667068951615
SOL_USDT,2025-10-02T00:00:00Z,2025-10-02T08:00:00Z,2025-10-03T08:00:00Z,2025,2025-09-29T00:00:00Z,0.023792744299192668,-6.236696877228376,-6.96458602504581,-7.064238234656058,-7.025562488197511
LINK_USDT,2025-10-02T00:00:00Z,2025-10-02T08:00:00Z,2025-10-03T08:00:00Z,2025,2025-09-29T00:00:00Z,-0.17333188343015377,-7.481775849686469,-7.035600048564005,-7.1458041632852405,-7.080129369146848
ETH_USDT,2025-10-03T00:00:00Z,2025-10-03T08:00:00Z,2025-10-04T08:00:00Z,2025,2025-09-29T00:00:00Z,0.2931770938608064,-8.13490819689461,-7.828943848626092,-7.7491770046140696,-7.796140214210942
SOL_USDT,2025-10-03T00:00:00Z,2025-10-03T08:00:00Z,2025-10-04T08:00:00Z,2025,2025-09-29T00:00:00Z,0.1984639960406357,-7.051994568711301,-7.0725388951165495,-7.082650732674791,-7.090441364327506
LINK_USDT,2025-10-03T00:00:00Z,2025-10-03T08:00:00Z,2025-10-04T08:00:00Z,2025,2025-09-29T00:00:00Z,0.027936247241025832,-7.304406620224895,-7.269675929284428,-7.194592615537501,-7.268911847198872
ETH_USDT,2025-10-04T00:00:00Z,2025-10-04T08:00:00Z,2025-10-05T08:00:00Z,2025,2025-09-29T00:00:00Z,0.23207509850313504,-7.096917985651682,-7.882907677635964,-7.827024963072921,-7.8342398004083424
SOL_USDT,2025-10-04T00:00:00Z,2025-10-04T08:00:00Z,2025-10-05T08:00:00Z,2025,2025-09-29T00:00:00Z,0.12962189945861535,-6.248329481099613,-7.134396535368628,-7.147415394549864,-7.1098461301159555
LINK_USDT,2025-10-04T00:00:00Z,2025-10-04T08:00:00Z,2025-10-05T08:00:00Z,2025,2025-09-29T00:00:00Z,0.11158937561966341,-6.550576189685444,-7.238208558926808,-7.193472449528096,-7.207579832483173
ETH_USDT,2025-10-05T00:00:00Z,2025-10-05T08:00:00Z,2025-10-06T08:00:00Z,2025,2025-09-29T00:00:00Z,-0.6399251261229962,-8.128999495165777,-7.909806823369695,-8.013346140197843,-7.876969867374562
SOL_USDT,2025-10-05T00:00:00Z,2025-10-05T08:00:00Z,2025-10-06T08:00:00Z,2025,2025-09-29T00:00:00Z,-0.7117263374593267,-6.951911637936182,-7.125167917181781,-7.30344510999,-7.119879606072927
LINK_USDT,2025-10-05T00:00:00Z,2025-10-05T08:00:00Z,2025-10-06T08:00:00Z,2025,2025-09-29T00:00:00Z,-0.5713474225978019,-7.31735511126917,-7.21470795890312,-7.314203387824923,-7.186776711593009
ETH_USDT,2025-10-06T00:00:00Z,2025-10-06T08:00:00Z,2025-10-07T08:00:00Z,2025,2025-10-06T00:00:00Z,0.3149989331436793,-6.975702828576121,-7.8157561303639085,-7.807935377219598,-7.912241206549869
SOL_USDT,2025-10-06T00:00:00Z,2025-10-06T08:00:00Z,2025-10-07T08:00:00Z,2025,2025-10-06T00:00:00Z,-0.16842759243827912,-7.477688580351368,-7.025251575947309,-7.1516738548007535,-7.14101506190557
LINK_USDT,2025-10-06T00:00:00Z,2025-10-06T08:00:00Z,2025-10-07T08:00:00Z,2025,2025-10-06T00:00:00Z,-0.2854295806138348,-5.938702135845126,-7.117749307525369,-7.245298701774316,-7.1924290552479455
ETH_USDT,2025-10-07T00:00:00Z,2025-10-07T08:00:00Z,2025-10-08T08:00:00Z,2025,2025-10-06T00:00:00Z,0.20089383499269198,-6.4843590828976705,-7.7580933706437305,-7.7646076938693245,-7.726333110464119
SOL_USDT,2025-10-07T00:00:00Z,2025-10-07T08:00:00Z,2025-10-08T08:00:00Z,2025,2025-10-06T00:00:00Z,-0.21682194584117162,-6.627077375635049,-7.056348301911224,-7.123484940559241,-7.094567059243159
LINK_USDT,2025-10-07T00:00:00Z,2025-10-07T08:00:00Z,2025-10-08T08:00:00Z,2025,2025-10-06T00:00:00Z,0.4492988890104716,-6.450809752767898,-7.02289382961011,-6.962842592666154,-7.069164127788163
ETH_USDT,2025-10-08T00:00:00Z,2025-10-08T08:00:00Z,2025-10-09T08:00:00Z,2025,2025-10-06T00:00:00Z,0.48647014126279964,-7.117784787384527,-7.627601011645057,-7.595497777242777,-7.621274965819634
SOL_USDT,2025-10-08T00:00:00Z,2025-10-08T08:00:00Z,2025-10-09T08:00:00Z,2025,2025-10-06T00:00:00Z,0.11962763490709555,-6.433210745965757,-6.980703292066192,-7.002882638115633,-7.027873608845827
LINK_USDT,2025-10-08T00:00:00Z,2025-10-08T08:00:00Z,2025-10-09T08:00:00Z,2025,2025-10-06T00:00:00Z,0.4529673729606025,-6.3830037273288225,-6.940008322405618,-6.886199243887442,-6.88699072978806
ETH_USDT,2025-10-09T00:00:00Z,2025-10-09T08:00:00Z,2025-10-10T08:00:00Z,2025,2025-10-06T00:00:00Z,-0.00828289282461935,-7.000873743209341,-7.805225268117639,-7.795318268197534,-7.7382447958405285
SOL_USDT,2025-10-09T00:00:00Z,2025-10-09T08:00:00Z,2025-10-10T08:00:00Z,2025,2025-10-06T00:00:00Z,-0.2229834514321858,-7.105358289114346,-7.020701459591564,-7.104175119251133,-7.016319538316078
LINK_USDT,2025-10-09T00:00:00Z,2025-10-09T08:00:00Z,2025-10-10T08:00:00Z,2025,2025-10-06T00:00:00Z,-0.29339527579521685,-6.735816339930466,-7.04545274502628,-7.111996826787978,-6.981158059760529
ETH_USDT,2025-10-10T00:00:00Z,2025-10-10T08:00:00Z,2025-10-11T08:00:00Z,2025,2025-10-06T00:00:00Z,0.2141055417411434,-4.84870669186349,-7.662526203492102,-7.674917507386789,-7.678310589601501
SOL_USDT,2025-10-10T00:00:00Z,2025-10-10T08:00:00Z,2025-10-11T08:00:00Z,2025,2025-10-06T00:00:00Z,-0.15868452003053768,-4.226316761778335,-7.051616112193474,-7.117540115613258,-7.091604084259703
LINK_USDT,2025-10-10T00:00:00Z,2025-10-10T08:00:00Z,2025-10-11T08:00:00Z,2025,2025-10-06T00:00:00Z,-0.11776375110792574,-3.0621834175270446,-6.938641547609551,-7.016494541956864,-6.992024527950779
ETH_USDT,2025-10-11T00:00:00Z,2025-10-11T08:00:00Z,2025-10-12T08:00:00Z,2025,2025-10-06T00:00:00Z,1.1168659492289361,-6.7307044893225,-7.205794694468923,-7.126136861728501,-7.2220315576121745
SOL_USDT,2025-10-11T00:00:00Z,2025-10-11T08:00:00Z,2025-10-12T08:00:00Z,2025,2025-10-06T00:00:00Z,0.7710978116396658,-6.260439344597123,-6.519022256282761,-6.523678755901077,-6.5875993855506
LINK_USDT,2025-10-11T00:00:00Z,2025-10-11T08:00:00Z,2025-10-12T08:00:00Z,2025,2025-10-06T00:00:00Z,1.4625390600057846,-6.077097304161718,-5.990468937558061,-5.860924003802935,-6.0745446803772545
ETH_USDT,2025-10-12T00:00:00Z,2025-10-12T08:00:00Z,2025-10-13T08:00:00Z,2025,2025-10-06T00:00:00Z,0.4114033665242066,-5.618744040067749,-7.265594988949847,-7.251310390940155,-7.1554974164892275
SOL_USDT,2025-10-12T00:00:00Z,2025-10-12T08:00:00Z,2025-10-13T08:00:00Z,2025,2025-10-06T00:00:00Z,0.4023489450849295,-5.7934421868291315,-6.576441827962072,-6.563994565451745,-6.512131879803822
LINK_USDT,2025-10-12T00:00:00Z,2025-10-12T08:00:00Z,2025-10-13T08:00:00Z,2025,2025-10-06T00:00:00Z,0.7489383300304807,-5.023973777914482,-6.114463494227088,-6.011544834831393,-5.971435679680083
ETH_USDT,2025-10-13T00:00:00Z,2025-10-13T08:00:00Z,2025-10-14T08:00:00Z,2025,2025-10-13T00:00:00Z,0.4748436449554491,-5.351797481204178,-7.104055074458326,-7.134398087245131,-7.105692798485904
SOL_USDT,2025-10-13T00:00:00Z,2025-10-13T08:00:00Z,2025-10-14T08:00:00Z,2025,2025-10-13T00:00:00Z,0.31998714056763267,-4.749519252754433,-6.510658562381536,-6.540156026264995,-6.502077125927384
LINK_USDT,2025-10-13T00:00:00Z,2025-10-13T08:00:00Z,2025-10-14T08:00:00Z,2025,2025-10-13T00:00:00Z,0.33017259483139383,-5.386717130832623,-6.037792109098918,-6.064150084534351,-5.9980081482894185
ETH_USDT,2025-10-14T00:00:00Z,2025-10-14T08:00:00Z,2025-10-15T08:00:00Z,2025,2025-10-13T00:00:00Z,0.2422639221323431,-7.180528968209171,-7.183749134464216,-7.177034638844852,-7.171485872039495
SOL_USDT,2025-10-14T00:00:00Z,2025-10-14T08:00:00Z,2025-10-15T08:00:00Z,2025,2025-10-13T00:00:00Z,0.3242333456997564,-6.406925518231472,-6.451164533501922,-6.464129350133991,-6.461637715488514
LINK_USDT,2025-10-14T00:00:00Z,2025-10-14T08:00:00Z,2025-10-15T08:00:00Z,2025,2025-10-13T00:00:00Z,0.4707935116038937,-7.086363430051978,-6.135740676733193,-6.025424944228407,-6.149552479559888
ETH_USDT,2025-10-15T00:00:00Z,2025-10-15T08:00:00Z,2025-10-16T08:00:00Z,2025,2025-10-13T00:00:00Z,0.6108758017965932,-6.696126934651665,-7.0018570224700305,-7.005256997732662,-7.027101777213335
SOL_USDT,2025-10-15T00:00:00Z,2025-10-15T08:00:00Z,2025-10-16T08:00:00Z,2025,2025-10-13T00:00:00Z,0.47129525441178755,-6.372021453869885,-6.337244774243434,-6.359539014403657,-6.347422473921721
LINK_USDT,2025-10-15T00:00:00Z,2025-10-15T08:00:00Z,2025-10-16T08:00:00Z,2025,2025-10-13T00:00:00Z,0.3353505687513594,-6.403239945793197,-6.025825518419746,-6.046334223376337,-6.020238247134639
ETH_USDT,2025-10-16T00:00:00Z,2025-10-16T08:00:00Z,2025-10-17T08:00:00Z,2025,2025-10-13T00:00:00Z,0.1667594158862138,-6.257887388854132,-7.054941204881058,-7.086131190251178,-7.025988248928257
SOL_USDT,2025-10-16T00:00:00Z,2025-10-16T08:00:00Z,2025-10-17T08:00:00Z,2025,2025-10-13T00:00:00Z,0.15914998505718334,-5.979014679443489,-6.397512027868771,-6.418118798192075,-6.3845301264580225
LINK_USDT,2025-10-16T00:00:00Z,2025-10-16T08:00:00Z,2025-10-17T08:00:00Z,2025,2025-10-13T00:00:00Z,-0.18968363752777823,-5.127493158704637,-6.075718658327125,-6.1583965994190635,-6.0905532150343085
ETH_USDT,2025-10-17T00:00:00Z,2025-10-17T08:00:00Z,2025-10-18T08:00:00Z,2025,2025-10-13T00:00:00Z,0.15062247584223917,-7.7148566668970116,-7.102728484560796,-7.106753887072994,-7.131971905030602
SOL_USDT,2025-10-17T00:00:00Z,2025-10-17T08:00:00Z,2025-10-18T08:00:00Z,2025,2025-10-13T00:00:00Z,0.10430218469375012,-6.627946410075779,-6.430356936049213,-6.438633294213065,-6.458671321054137
LINK_USDT,2025-10-17T00:00:00Z,2025-10-17T08:00:00Z,2025-10-18T08:00:00Z,2025,2025-10-13T00:00:00Z,-0.1311085095407722,-7.276197245729165,-6.139757232758861,-6.162318572426148,-6.22493217056455
ETH_USDT,2025-10-18T00:00:00Z,2025-10-18T08:00:00Z,2025-10-19T08:00:00Z,2025,2025-10-13T00:00:00Z,0.3494073455698651,-10.697551539152904,-7.190699526401821,-7.169976662393122,-7.196747115312986
SOL_USDT,2025-10-18T00:00:00Z,2025-10-18T08:00:00Z,2025-10-19T08:00:00Z,2025,2025-10-13T00:00:00Z,0.17903188374356388,-8.095339533834762,-6.548790838832983,-6.558618634125872,-6.5560909361705395
LINK_USDT,2025-10-18T00:00:00Z,2025-10-18T08:00:00Z,2025-10-19T08:00:00Z,2025,2025-10-13T00:00:00Z,0.2386816167381719,-10.543951894104874,-6.401078411394516,-6.3796042481138695,-6.4109342900017205
ETH_USDT,2025-10-19T00:00:00Z,2025-10-19T08:00:00Z,2025-10-20T08:00:00Z,2025,2025-10-13T00:00:00Z,-0.8192295048662223,-7.06199216953137,-7.3048177765840645,-7.441938731198363,-7.281044755382437
SOL_USDT,2025-10-19T00:00:00Z,2025-10-19T08:00:00Z,2025-10-20T08:00:00Z,2025,2025-10-13T00:00:00Z,-0.8379948651365209,-6.410170188676987,-6.625969993185246,-6.785137324987484,-6.6243971266677075
LINK_USDT,2025-10-19T00:00:00Z,2025-10-19T08:00:00Z,2025-10-20T08:00:00Z,2025,2025-10-13T00:00:00Z,-1.1392422618575837,-5.000801340372791,-6.709282219958575,-6.758682409828387,-6.647060855551831
ETH_USDT,2025-10-20T00:00:00Z,2025-10-20T08:00:00Z,2025-10-21T08:00:00Z,2025,2025-10-20T00:00:00Z,-0.31719225588451516,-7.2942376400001265,-7.400173592148581,-7.457558123972746,-7.524129329209836
SOL_USDT,2025-10-20T00:00:00Z,2025-10-20T08:00:00Z,2025-10-21T08:00:00Z,2025,2025-10-20T00:00:00Z,-0.645643029229849,-7.113130851460186,-6.688407305006423,-6.832234750093506,-6.821093630063576
LINK_USDT,2025-10-20T00:00:00Z,2025-10-20T08:00:00Z,2025-10-21T08:00:00Z,2025,2025-10-20T00:00:00Z,-0.39206266515212584,-6.791809066174904,-6.640738660784045,-6.66959687436924,-6.773913665766651
ETH_USDT,2025-10-21T00:00:00Z,2025-10-21T08:00:00Z,2025-10-22T08:00:00Z,2025,2025-10-20T00:00:00Z,-0.09779325490976017,-5.299478351914515,-7.412049754692108,-7.420487594749518,-7.455433814860198
SOL_USDT,2025-10-21T00:00:00Z,2025-10-21T08:00:00Z,2025-10-22T08:00:00Z,2025,2025-10-20T00:00:00Z,-0.3975034569329349,-5.031271875768446,-6.761272243055682,-6.836612366274755,-6.849758873073454
LINK_USDT,2025-10-21T00:00:00Z,2025-10-21T08:00:00Z,2025-10-22T08:00:00Z,2025,2025-10-20T00:00:00Z,0.28708520944565746,-5.1345424797238355,-6.456180664066038,-6.4052914925061755,-6.494904352099253
ETH_USDT,2025-10-22T00:00:00Z,2025-10-22T08:00:00Z,2025-10-23T08:00:00Z,2025,2025-10-20T00:00:00Z,0.009971694255059714,-7.55321562173152,-7.247643191187502,-7.351899149210295,-7.255343093503422
SOL_USDT,2025-10-22T00:00:00Z,2025-10-22T08:00:00Z,2025-10-23T08:00:00Z,2025,2025-10-20T00:00:00Z,-0.04045926117433863,-6.174164981373202,-6.632007047103691,-6.730823324744536,-6.679345785911675
LINK_USDT,2025-10-22T00:00:00Z,2025-10-22T08:00:00Z,2025-10-23T08:00:00Z,2025,2025-10-20T00:00:00Z,0.24811675265597102,-7.170828345096068,-6.423024124945004,-6.413332969731019,-6.351228585461128
ETH_USDT,2025-10-23T00:00:00Z,2025-10-23T08:00:00Z,2025-10-24T08:00:00Z,2025,2025-10-20T00:00:00Z,-0.010342160071019813,-7.437058484128266,-7.470888395800154,-7.365370269984126,-7.45853892977273
SOL_USDT,2025-10-23T00:00:00Z,2025-10-23T08:00:00Z,2025-10-24T08:00:00Z,2025,2025-10-20T00:00:00Z,-0.2107778794564801,-7.892745617237954,-6.79002047269413,-6.756979174623913,-6.78223985912836
LINK_USDT,2025-10-23T00:00:00Z,2025-10-23T08:00:00Z,2025-10-24T08:00:00Z,2025,2025-10-20T00:00:00Z,-0.21658815478974217,-8.276378344078708,-6.593496143656529,-6.506696373430771,-6.529716067243121
ETH_USDT,2025-10-24T00:00:00Z,2025-10-24T08:00:00Z,2025-10-25T08:00:00Z,2025,2025-10-20T00:00:00Z,-0.2247072522190218,-7.883047790776948,-7.4265904357798584,-7.435193308875125,-7.415222031654768
SOL_USDT,2025-10-24T00:00:00Z,2025-10-24T08:00:00Z,2025-10-25T08:00:00Z,2025,2025-10-20T00:00:00Z,-0.302317638984375,-7.306126102104186,-6.697980845670821,-6.766106557717306,-6.719341396250437
LINK_USDT,2025-10-24T00:00:00Z,2025-10-24T08:00:00Z,2025-10-25T08:00:00Z,2025,2025-10-20T00:00:00Z,-0.5571865224394217,-7.893694616804025,-6.5631110679216675,-6.598385243414517,-6.566520528305367
ETH_USDT,2025-10-25T00:00:00Z,2025-10-25T08:00:00Z,2025-10-26T08:00:00Z,2025,2025-10-20T00:00:00Z,-0.3254796549963706,-10.41838687580305,-7.409012089117139,-7.467672799569297,-7.4264235800423
SOL_USDT,2025-10-25T00:00:00Z,2025-10-25T08:00:00Z,2025-10-26T08:00:00Z,2025,2025-10-20T00:00:00Z,-0.3183828454802274,-8.424022507735195,-6.795881963339827,-6.811751629563008,-6.817799247144953
LINK_USDT,2025-10-25T00:00:00Z,2025-10-25T08:00:00Z,2025-10-26T08:00:00Z,2025,2025-10-20T00:00:00Z,-0.6055637493046125,-9.01034134773112,-6.688494367469976,-6.711030657847574,-6.719886749063348
ETH_USDT,2025-10-26T00:00:00Z,2025-10-26T08:00:00Z,2025-10-27T08:00:00Z,2025,2025-10-20T00:00:00Z,-1.398646184840076,-6.5266376835673,-7.598527514195409,-7.731521990097191,-7.624587049177395
SOL_USDT,2025-10-26T00:00:00Z,2025-10-26T08:00:00Z,2025-10-27T08:00:00Z,2025,2025-10-20T00:00:00Z,-0.9966216662363356,-6.915642233148173,-6.87520326100742,-6.972929513466366,-6.901476463613299
LINK_USDT,2025-10-26T00:00:00Z,2025-10-26T08:00:00Z,2025-10-27T08:00:00Z,2025,2025-10-20T00:00:00Z,-1.398721107104779,-6.835754799081292,-6.816610621229922,-6.887778023813181,-6.85197320774779
ETH_USDT,2025-10-27T00:00:00Z,2025-10-27T08:00:00Z,2025-10-28T08:00:00Z,2025,2025-10-27T00:00:00Z,-0.44349114088445535,-8.474837909151248,-7.379100993907402,-7.491696546086257,-7.560834198567279
SOL_USDT,2025-10-27T00:00:00Z,2025-10-27T08:00:00Z,2025-10-28T08:00:00Z,2025,2025-10-27T00:00:00Z,-0.489084978593641,-7.560778748813661,-6.824207684792777,-6.895904636011871,-6.939269005819772
LINK_USDT,2025-10-27T00:00:00Z,2025-10-27T08:00:00Z,2025-10-28T08:00:00Z,2025,2025-10-27T00:00:00Z,-0.4553255578523012,-7.32388185239325,-6.679465955303753,-6.697795930326616,-6.8232178566939945
ETH_USDT,2025-10-28T00:00:00Z,2025-10-28T08:00:00Z,2025-10-29T08:00:00Z,2025,2025-10-27T00:00:00Z,-0.09041788546649018,-6.902588455653867,-7.456496101697714,-7.417175241764383,-7.5047772245898114
SOL_USDT,2025-10-28T00:00:00Z,2025-10-28T08:00:00Z,2025-10-29T08:00:00Z,2025,2025-10-27T00:00:00Z,-0.17467012406863225,-6.970517285414393,-6.887239378498897,-6.8393700428825435,-6.9301748572511475
LINK_USDT,2025-10-28T00:00:00Z,2025-10-28T08:00:00Z,2025-10-29T08:00:00Z,2025,2025-10-27T00:00:00Z,-0.2951357967494522,-6.94682200585913,-6.824059539640679,-6.774584408963466,-6.8190264482023215
ETH_USDT,2025-10-29T00:00:00Z,2025-10-29T08:00:00Z,2025-10-30T08:00:00Z,2025,2025-10-27T00:00:00Z,-0.15970262741983082,-7.446739086419986,-7.692646541726936,-7.677018889787249,-7.64628150527816
SOL_USDT,2025-10-29T00:00:00Z,2025-10-29T08:00:00Z,2025-10-30T08:00:00Z,2025,2025-10-27T00:00:00Z,0.004347916923319842,-7.958458959875964,-7.094493337295496,-7.027380899048637,-7.0524249435813715
LINK_USDT,2025-10-29T00:00:00Z,2025-10-29T08:00:00Z,2025-10-30T08:00:00Z,2025,2025-10-27T00:00:00Z,-0.29163018309711347,-8.391660795426832,-7.163377120683973,-7.075806583029531,-7.076958773714945
ETH_USDT,2025-10-30T00:00:00Z,2025-10-30T08:00:00Z,2025-10-31T08:00:00Z,2025,2025-10-27T00:00:00Z,-0.16666481725190974,-6.221442383931384,-7.676701236761401,-7.662042427506802,-7.6429643417425135
SOL_USDT,2025-10-30T00:00:00Z,2025-10-30T08:00:00Z,2025-10-31T08:00:00Z,2025,2025-10-27T00:00:00Z,0.045280906464974235,-5.739224585580166,-7.189857898834755,-7.06344927497425,-7.111704846156107
LINK_USDT,2025-10-30T00:00:00Z,2025-10-30T08:00:00Z,2025-10-31T08:00:00Z,2025,2025-10-27T00:00:00Z,-0.03409341682537117,-4.891462248256385,-7.3228178199932294,-7.088034148202177,-7.220292757549483
ETH_USDT,2025-10-31T00:00:00Z,2025-10-31T08:00:00Z,2025-11-01T08:00:00Z,2025,2025-10-27T00:00:00Z,-0.11520253523094601,-9.417375787359354,-7.498265460113428,-7.5425387963645285,-7.484538063830981
SOL_USDT,2025-10-31T00:00:00Z,2025-10-31T08:00:00Z,2025-11-01T08:00:00Z,2025,2025-10-27T00:00:00Z,0.08983630375559534,-8.109406610735059,-6.989892008627221,-6.970293377579366,-6.924050757071516
LINK_USDT,2025-10-31T00:00:00Z,2025-10-31T08:00:00Z,2025-11-01T08:00:00Z,2025,2025-10-27T00:00:00Z,0.0790867294966061,-9.952751187139638,-6.725459995703966,-6.700390722359304,-6.659577741742748
ETH_USDT,2025-11-01T00:00:00Z,2025-11-01T08:00:00Z,2025-11-02T08:00:00Z,2025,2025-10-27T00:00:00Z,-0.20929987270207698,-8.620830460370408,-7.678727313936772,-7.598510375139025,-7.6450909888865795
SOL_USDT,2025-11-01T00:00:00Z,2025-11-01T08:00:00Z,2025-11-02T08:00:00Z,2025,2025-10-27T00:00:00Z,-0.36908425210736096,-9.637220095431429,-7.12411917255146,-7.0763457404237835,-7.043195663470743
LINK_USDT,2025-11-01T00:00:00Z,2025-11-01T08:00:00Z,2025-11-02T08:00:00Z,2025,2025-10-27T00:00:00Z,-0.47274660298533777,-7.482342994550247,-6.821497859499432,-6.797411249120275,-6.7347669130139245
ETH_USDT,2025-11-02T00:00:00Z,2025-11-02T08:00:00Z,2025-11-03T08:00:00Z,2025,2025-10-27T00:00:00Z,-1.317450704316483,-5.836965530773199,-7.664156034015566,-7.81268382228555,-7.652830906787334
SOL_USDT,2025-11-02T00:00:00Z,2025-11-02T08:00:00Z,2025-11-03T08:00:00Z,2025,2025-10-27T00:00:00Z,-1.1089120213146648,-5.3614626329548996,-7.186923755415232,-7.22874557849561,-7.175388540876278
LINK_USDT,2025-11-02T00:00:00Z,2025-11-02T08:00:00Z,2025-11-03T08:00:00Z,2025,2025-10-27T00:00:00Z,-1.2050206986641223,-4.739844092040235,-6.907946878834037,-6.9408159966153,-6.901517492813877
ETH_USDT,2025-11-03T00:00:00Z,2025-11-03T08:00:00Z,2025-11-04T08:00:00Z,2025,2025-11-03T00:00:00Z,-0.9505721266740804,-6.1424681431561865,-7.687408180866752,-7.813129208094148,-7.816156339003767
SOL_USDT,2025-11-03T00:00:00Z,2025-11-03T08:00:00Z,2025-11-04T08:00:00Z,2025,2025-11-03T00:00:00Z,-0.9120278436011983,-5.063193911623392,-7.078583608965741,-7.201734963107645,-7.175022968746809
LINK_USDT,2025-11-03T00:00:00Z,2025-11-03T08:00:00Z,2025-11-04T08:00:00Z,2025,2025-11-03T00:00:00Z,-0.9613171445938814,-5.383066377965156,-6.75347916117933,-6.875632636217057,-6.857818632532768
ETH_USDT,2025-11-04T00:00:00Z,2025-11-04T08:00:00Z,2025-11-05T08:00:00Z,2025,2025-11-03T00:00:00Z,0.36127727648280106,-5.424353626194357,-7.374096810754722,-7.347684838727762,-7.483435184553035
SOL_USDT,2025-11-04T00:00:00Z,2025-11-04T08:00:00Z,2025-11-05T08:00:00Z,2025,2025-11-03T00:00:00Z,0.39980879720755863,-5.979696409515975,-6.713820334311695,-6.68591317065792,-6.821536450993501
LINK_USDT,2025-11-04T00:00:00Z,2025-11-04T08:00:00Z,2025-11-05T08:00:00Z,2025,2025-11-03T00:00:00Z,0.2740501914483987,-6.168079555576904,-6.436960887468621,-6.411533724705796,-6.539590190113467
ETH_USDT,2025-11-05T00:00:00Z,2025-11-05T08:00:00Z,2025-11-06T08:00:00Z,2025,2025-11-03T00:00:00Z,0.8200469958280885,-7.379794778680247,-7.172547903060197,-7.076249662886889,-7.1287342565191745
SOL_USDT,2025-11-05T00:00:00Z,2025-11-05T08:00:00Z,2025-11-06T08:00:00Z,2025,2025-11-03T00:00:00Z,0.4149739018632828,-6.6734879693299085,-6.599448971533743,-6.5660291442420835,-6.546624777657021
LINK_USDT,2025-11-05T00:00:00Z,2025-11-05T08:00:00Z,2025-11-06T08:00:00Z,2025,2025-11-03T00:00:00Z,0.4184618393228846,-8.08946187666316,-6.42975647089227,-6.337609805677566,-6.371668063111535
ETH_USDT,2025-11-06T00:00:00Z,2025-11-06T08:00:00Z,2025-11-07T08:00:00Z,2025,2025-11-03T00:00:00Z,0.13455643031715933,-7.170895411108402,-7.254778869178146,-7.206168665520012,-7.153437525177178
SOL_USDT,2025-11-06T00:00:00Z,2025-11-06T08:00:00Z,2025-11-07T08:00:00Z,2025,2025-11-03T00:00:00Z,-0.16538312847263892,-7.385185605168463,-6.660736198305612,-6.663836139532112,-6.60637615397597
LINK_USDT,2025-11-06T00:00:00Z,2025-11-06T08:00:00Z,2025-11-07T08:00:00Z,2025,2025-11-03T00:00:00Z,-0.17030329493694488,-6.199897275975773,-6.51923527096739,-6.453142561885743,-6.443322847246539
ETH_USDT,2025-11-07T00:00:00Z,2025-11-07T08:00:00Z,2025-11-08T08:00:00Z,2025,2025-11-03T00:00:00Z,-0.20988421949763938,-6.194741803596118,-7.288290776897435,-7.308437233673116,-7.2669604031334325
SOL_USDT,2025-11-07T00:00:00Z,2025-11-07T08:00:00Z,2025-11-08T08:00:00Z,2025,2025-11-03T00:00:00Z,-0.4092290836518055,-6.285286924879097,-6.718468133230074,-6.759472334173257,-6.727250365843853
LINK_USDT,2025-11-07T00:00:00Z,2025-11-07T08:00:00Z,2025-11-08T08:00:00Z,2025,2025-11-03T00:00:00Z,-0.584943157437024,-5.9759786014672445,-6.569728753266627,-6.617086510282244,-6.55545126504899
ETH_USDT,2025-11-08T00:00:00Z,2025-11-08T08:00:00Z,2025-11-09T08:00:00Z,2025,2025-11-03T00:00:00Z,-0.03126121666595412,-7.549844067878825,-7.179517875973869,-7.220802866094745,-7.205811375064964
SOL_USDT,2025-11-08T00:00:00Z,2025-11-08T08:00:00Z,2025-11-09T08:00:00Z,2025,2025-11-03T00:00:00Z,-0.24795294743610785,-7.002867238496637,-6.6436846779493015,-6.703892150231746,-6.686042725797098
LINK_USDT,2025-11-08T00:00:00Z,2025-11-08T08:00:00Z,2025-11-09T08:00:00Z,2025,2025-11-03T00:00:00Z,-0.11721603881802617,-6.505376264216678,-6.484462725267179,-6.489726801478794,-6.524603324371397
ETH_USDT,2025-11-09T00:00:00Z,2025-11-09T08:00:00Z,2025-11-10T08:00:00Z,2025,2025-11-03T00:00:00Z,-0.8392024990935804,-6.784121175033883,-7.223140585703751,-7.35326275725121,-7.230406925917831
SOL_USDT,2025-11-09T00:00:00Z,2025-11-09T08:00:00Z,2025-11-10T08:00:00Z,2025,2025-11-03T00:00:00Z,-0.741700673458682,-7.070293585429044,-6.6527428619737226,-6.7616745591749545,-6.679679870932867
LINK_USDT,2025-11-09T00:00:00Z,2025-11-09T08:00:00Z,2025-11-10T08:00:00Z,2025,2025-11-03T00:00:00Z,-0.46753974198517256,-6.427996536354082,-6.488023118612832,-6.517395232145149,-6.478309864391962
ETH_USDT,2025-11-10T00:00:00Z,2025-11-10T08:00:00Z,2025-11-11T08:00:00Z,2025,2025-11-10T00:00:00Z,-0.2875955255194587,-7.0568755381876445,-7.19565912475551,-7.272508479799968,-7.303169293582548
SOL_USDT,2025-11-10T00:00:00Z,2025-11-10T08:00:00Z,2025-11-11T08:00:00Z,2025,2025-11-10T00:00:00Z,-0.41628221694730067,-7.623399801587413,-6.711413676009941,-6.772218224479236,-6.799682396382899
LINK_USDT,2025-11-10T00:00:00Z,2025-11-10T08:00:00Z,2025-11-11T08:00:00Z,2025,2025-11-10T00:00:00Z,-0.6375667406555537,-6.801066864357361,-6.58995929435417,-6.692769390315108,-6.642758222241121
ETH_USDT,2025-11-11T00:00:00Z,2025-11-11T08:00:00Z,2025-11-12T08:00:00Z,2025,2025-11-10T00:00:00Z,-0.004201281777403514,-7.30205544990644,-7.297260796719712,-7.302804669384472,-7.330521212522585
SOL_USDT,2025-11-11T00:00:00Z,2025-11-11T08:00:00Z,2025-11-12T08:00:00Z,2025,2025-11-10T00:00:00Z,-0.2358355828668738,-6.24595978423875,-6.925514114794837,-6.918521487168097,-6.95335459577448
LINK_USDT,2025-11-11T00:00:00Z,2025-11-11T08:00:00Z,2025-11-12T08:00:00Z,2025,2025-11-10T00:00:00Z,-0.11472008472187278,-6.653877412120769,-6.791619711732471,-6.7866221641724644,-6.836378579466751
ETH_USDT,2025-11-12T00:00:00Z,2025-11-12T08:00:00Z,2025-11-13T08:00:00Z,2025,2025-11-10T00:00:00Z,0.09966127282045005,-6.65851480564724,-7.507916291240767,-7.468631686833212,-7.489988717342837
SOL_USDT,2025-11-12T00:00:00Z,2025-11-12T08:00:00Z,2025-11-13T08:00:00Z,2025,2025-11-10T00:00:00Z,0.01403457573239751,-7.844366973838611,-6.9749010958298205,-6.968470584561233,-6.97365780061772
LINK_USDT,2025-11-12T00:00:00Z,2025-11-12T08:00:00Z,2025-11-13T08:00:00Z,2025,2025-11-10T00:00:00Z,-0.24258021605130325,-6.020164991298218,-6.84713923459961,-6.868917205427275,-6.832002688645222
ETH_USDT,2025-11-13T00:00:00Z,2025-11-13T08:00:00Z,2025-11-14T08:00:00Z,2025,2025-11-10T00:00:00Z,-0.08822919130131517,-5.484079784964198,-7.680089069186461,-7.545738086309608,-7.640303021139792
SOL_USDT,2025-11-13T00:00:00Z,2025-11-13T08:00:00Z,2025-11-14T08:00:00Z,2025,2025-11-10T00:00:00Z,-0.12821353588276657,-5.641845983282389,-7.102093327821092,-7.03708920592948,-7.069378933976709
LINK_USDT,2025-11-13T00:00:00Z,2025-11-13T08:00:00Z,2025-11-14T08:00:00Z,2025,2025-11-10T00:00:00Z,-0.1733270866207859,-5.527306879933222,-6.935852677843115,-6.863977689743951,-6.93096230044397
ETH_USDT,2025-11-14T00:00:00Z,2025-11-14T08:00:00Z,2025-11-15T08:00:00Z,2025,2025-11-10T00:00:00Z,0.4433776658309085,-6.754867392722337,-7.249716268213007,-7.248077298215344,-7.266097095608778
SOL_USDT,2025-11-14T00:00:00Z,2025-11-14T08:00:00Z,2025-11-15T08:00:00Z,2025,2025-11-10T00:00:00Z,0.13652724401790212,-6.635484013981252,-6.892413249510097,-6.909460663946425,-6.895914289912862
LINK_USDT,2025-11-14T00:00:00Z,2025-11-14T08:00:00Z,2025-11-15T08:00:00Z,2025,2025-11-10T00:00:00Z,0.12424026246171602,-6.368601737504009,-6.662564933231414,-6.684899920841873,-6.671558238064456
ETH_USDT,2025-11-15T00:00:00Z,2025-11-15T08:00:00Z,2025-11-16T08:00:00Z,2025,2025-11-10T00:00:00Z,0.3126457928509329,-8.10022302756264,-7.378947951509005,-7.3314761800948425,-7.326411145866054
SOL_USDT,2025-11-15T00:00:00Z,2025-11-15T08:00:00Z,2025-11-16T08:00:00Z,2025,2025-11-10T00:00:00Z,0.2148655168550367,-7.3429854396479435,-7.006070974130711,-6.953763104689714,-6.97079661508069
LINK_USDT,2025-11-15T00:00:00Z,2025-11-15T08:00:00Z,2025-11-16T08:00:00Z,2025,2025-11-10T00:00:00Z,0.15948531161185628,-8.325097227277553,-6.7721200441897285,-6.734261546925489,-6.738553741292681
ETH_USDT,2025-11-16T00:00:00Z,2025-11-16T08:00:00Z,2025-11-17T08:00:00Z,2025,2025-11-10T00:00:00Z,-0.6304199220339297,-6.037567036536082,-7.398626741008618,-7.4961993026043645,-7.3612594071516595
SOL_USDT,2025-11-16T00:00:00Z,2025-11-16T08:00:00Z,2025-11-17T08:00:00Z,2025,2025-11-10T00:00:00Z,-0.7155769009311249,-6.170756172991345,-6.988710670695554,-7.108155121103748,-6.948753530252364
LINK_USDT,2025-11-16T00:00:00Z,2025-11-16T08:00:00Z,2025-11-17T08:00:00Z,2025,2025-11-10T00:00:00Z,-0.7745520840032957,-6.036331620031018,-6.8418405918996665,-6.921204193326437,-6.800131138711237
ETH_USDT,2025-11-17T00:00:00Z,2025-11-17T08:00:00Z,2025-11-18T08:00:00Z,2025,2025-11-17T00:00:00Z,-0.10414967109831767,-6.533495981579642,-7.338674928957269,-7.379503033882171,-7.406881248726228
SOL_USDT,2025-11-17T00:00:00Z,2025-11-17T08:00:00Z,2025-11-18T08:00:00Z,2025,2025-11-17T00:00:00Z,-0.34215579133713125,-5.30452405830602,-6.937604992014505,-7.004525786834989,-7.003612671125006
LINK_USDT,2025-11-17T00:00:00Z,2025-11-17T08:00:00Z,2025-11-18T08:00:00Z,2025,2025-11-17T00:00:00Z,-0.016731338255939737,-6.368582139837688,-6.776103750373719,-6.771418312786374,-6.8441478507930436
ETH_USDT,2025-11-18T00:00:00Z,2025-11-18T08:00:00Z,2025-11-19T08:00:00Z,2025,2025-11-17T00:00:00Z,0.15784353989940397,-7.004872078754872,-7.260879752055549,-7.280580978965872,-7.277089813587293
SOL_USDT,2025-11-18T00:00:00Z,2025-11-18T08:00:00Z,2025-11-19T08:00:00Z,2025,2025-11-17T00:00:00Z,0.1307919438554894,-7.703002297539313,-6.784563501853664,-6.812098780123005,-6.822316993445356
LINK_USDT,2025-11-18T00:00:00Z,2025-11-18T08:00:00Z,2025-11-19T08:00:00Z,2025,2025-11-17T00:00:00Z,-0.05359986495949701,-6.805356876493994,-6.733738618131324,-6.755968838824954,-6.722986584660683
ETH_USDT,2025-11-19T00:00:00Z,2025-11-19T08:00:00Z,2025-11-20T08:00:00Z,2025,2025-11-17T00:00:00Z,0.13833674645899216,-6.383962174560196,-7.298910652994441,-7.2846563081005415,-7.2848432572207225
SOL_USDT,2025-11-19T00:00:00Z,2025-11-19T08:00:00Z,2025-11-20T08:00:00Z,2025,2025-11-17T00:00:00Z,0.10858090534295316,-5.403608870160138,-6.793917341263826,-6.808534062522513,-6.779848978928644
LINK_USDT,2025-11-19T00:00:00Z,2025-11-19T08:00:00Z,2025-11-20T08:00:00Z,2025,2025-11-17T00:00:00Z,-0.15599741009729826,-5.634343449805224,-6.819180325408742,-6.813195854773304,-6.805742748073309
ETH_USDT,2025-11-20T00:00:00Z,2025-11-20T08:00:00Z,2025-11-21T08:00:00Z,2025,2025-11-17T00:00:00Z,0.08072775709632429,-5.466143393645867,-7.206561139014306,-7.231418124204579,-7.20133844486871
SOL_USDT,2025-11-20T00:00:00Z,2025-11-20T08:00:00Z,2025-11-21T08:00:00Z,2025,2025-11-17T00:00:00Z,-0.1509671056289612,-5.326747948416694,-6.742742121454149,-6.800917792486259,-6.735690093486148
LINK_USDT,2025-11-20T00:00:00Z,2025-11-20T08:00:00Z,2025-11-21T08:00:00Z,2025,2025-11-17T00:00:00Z,-0.07141718271950485,-5.200366691936123,-6.685075096754757,-6.727206254646297,-6.697243728290342
ETH_USDT,2025-11-21T00:00:00Z,2025-11-21T08:00:00Z,2025-11-22T08:00:00Z,2025,2025-11-17T00:00:00Z,0.25735882751823047,-7.538895085296541,-7.293535075575104,-7.304365969995385,-7.286431640246586
SOL_USDT,2025-11-21T00:00:00Z,2025-11-21T08:00:00Z,2025-11-22T08:00:00Z,2025,2025-11-17T00:00:00Z,0.35269160072483513,-6.899920740960287,-6.682771362401839,-6.695390013988432,-6.709476067396486
LINK_USDT,2025-11-21T00:00:00Z,2025-11-21T08:00:00Z,2025-11-22T08:00:00Z,2025,2025-11-17T00:00:00Z,0.2678217773429938,-6.674171446844369,-6.75038894117762,-6.7451427394108805,-6.747951259056536
ETH_USDT,2025-11-22T00:00:00Z,2025-11-22T08:00:00Z,2025-11-23T08:00:00Z,2025,2025-11-17T00:00:00Z,0.43310281401594003,-8.335927123854384,-7.238361204618258,-7.213620714027898,-7.2157495250836305
SOL_USDT,2025-11-22T00:00:00Z,2025-11-22T08:00:00Z,2025-11-23T08:00:00Z,2025,2025-11-17T00:00:00Z,0.41534319438227674,-8.928837595916132,-6.635344814367395,-6.622037869110341,-6.612040016578971
LINK_USDT,2025-11-22T00:00:00Z,2025-11-22T08:00:00Z,2025-11-23T08:00:00Z,2025,2025-11-17T00:00:00Z,0.5100848626860613,-7.207154538745143,-6.6699029837506325,-6.626096933597321,-6.636786383913928
ETH_USDT,2025-11-23T00:00:00Z,2025-11-23T08:00:00Z,2025-11-24T08:00:00Z,2025,2025-11-17T00:00:00Z,-1.03738666129987,-7.643666386937772,-7.339674812298442,-7.453089211379986,-7.297743018465494
SOL_USDT,2025-11-23T00:00:00Z,2025-11-23T08:00:00Z,2025-11-24T08:00:00Z,2025,2025-11-17T00:00:00Z,-0.7199632248856204,-6.68673781793818,-6.785734004863197,-6.8251786789110245,-6.753144286337943
LINK_USDT,2025-11-23T00:00:00Z,2025-11-23T08:00:00Z,2025-11-24T08:00:00Z,2025,2025-11-17T00:00:00Z,-0.592063067021203,-7.149381024546991,-6.735585441935565,-6.787978173871676,-6.678712829381588
ETH_USDT,2025-11-24T00:00:00Z,2025-11-24T08:00:00Z,2025-11-25T08:00:00Z,2025,2025-11-24T00:00:00Z,-0.5688580245177708,-6.382538208518517,-7.347098145405442,-7.421606513859545,-7.454175935137107
SOL_USDT,2025-11-24T00:00:00Z,2025-11-24T08:00:00Z,2025-11-25T08:00:00Z,2025,2025-11-24T00:00:00Z,-0.6029114888274334,-5.912900668944649,-6.697105375526094,-6.8101474561048825,-6.785037443651358
LINK_USDT,2025-11-24T00:00:00Z,2025-11-24T08:00:00Z,2025-11-25T08:00:00Z,2025,2025-11-24T00:00:00Z,-0.3239267592685595,-7.047239024515725,-6.732351765784415,-6.7691219795156785,-6.786821521664271
ETH_USDT,2025-11-25T00:00:00Z,2025-11-25T08:00:00Z,2025-11-26T08:00:00Z,2025,2025-11-24T00:00:00Z,-0.017154298148454428,-7.5847243089455905,-7.341193898219991,-7.355245638821618,-7.394388541652859
SOL_USDT,2025-11-25T00:00:00Z,2025-11-25T08:00:00Z,2025-11-26T08:00:00Z,2025,2025-11-24T00:00:00Z,-0.07767259431775625,-6.850465860588167,-6.702294759805475,-6.741949671535976,-6.772230016652077
LINK_USDT,2025-11-25T00:00:00Z,2025-11-25T08:00:00Z,2025-11-26T08:00:00Z,2025,2025-11-24T00:00:00Z,-0.2861366885544418,-7.12129676674991,-6.7866266958657455,-6.802907332542879,-6.806093154917406
ETH_USDT,2025-11-26T00:00:00Z,2025-11-26T08:00:00Z,2025-11-27T08:00:00Z,2025,2025-11-24T00:00:00Z,-0.512847884002379,-6.768411219662595,-7.360566768215179,-7.4262197615377845,-7.358152946751185
SOL_USDT,2025-11-26T00:00:00Z,2025-11-26T08:00:00Z,2025-11-27T08:00:00Z,2025,2025-11-24T00:00:00Z,-0.510625417521425,-5.93962987292883,-6.7495863650029175,-6.8246949432494395,-6.761187372941279
LINK_USDT,2025-11-26T00:00:00Z,2025-11-26T08:00:00Z,2025-11-27T08:00:00Z,2025,2025-11-24T00:00:00Z,-0.2575862105137494,-6.104146242502644,-6.768292556573094,-6.77906231691736,-6.786163368341216
ETH_USDT,2025-11-27T00:00:00Z,2025-11-27T08:00:00Z,2025-11-28T08:00:00Z,2025,2025-11-24T00:00:00Z,-0.6414276842480807,-9.44470357898841,-7.3666070134774255,-7.481197544553908,-7.405227562627574
SOL_USDT,2025-11-27T00:00:00Z,2025-11-27T08:00:00Z,2025-11-28T08:00:00Z,2025,2025-11-24T00:00:00Z,-0.1862575105930846,-7.840722560808007,-6.704297303443645,-6.768788818412184,-6.75488274085468
LINK_USDT,2025-11-27T00:00:00Z,2025-11-27T08:00:00Z,2025-11-28T08:00:00Z,2025,2025-11-24T00:00:00Z,-0.6358393736530549,-8.495093944943832,-6.762458283927158,-6.8737769363518755,-6.770830143757192
ETH_USDT,2025-11-28T00:00:00Z,2025-11-28T08:00:00Z,2025-11-29T08:00:00Z,2025,2025-11-24T00:00:00Z,-0.8845266325682793,-7.093590615567135,-7.594361917266568,-7.6313601067087795,-7.630977825782304
SOL_USDT,2025-11-28T00:00:00Z,2025-11-28T08:00:00Z,2025-11-29T08:00:00Z,2025,2025-11-24T00:00:00Z,-0.6856150188436769,-6.647092615926011,-6.92293912747701,-6.963428878863055,-6.9267278447770195
LINK_USDT,2025-11-28T00:00:00Z,2025-11-28T08:00:00Z,2025-11-29T08:00:00Z,2025,2025-11-24T00:00:00Z,-1.1671033742665835,-7.24180440010385,-6.965321858924476,-7.057310450767498,-6.997556941935813
ETH_USDT,2025-11-29T00:00:00Z,2025-11-29T08:00:00Z,2025-11-30T08:00:00Z,2025,2025-11-24T00:00:00Z,-0.6333530043388641,-9.619468595265557,-7.6123231001319205,-7.687113323780916,-7.6657398601532645
SOL_USDT,2025-11-29T00:00:00Z,2025-11-29T08:00:00Z,2025-11-30T08:00:00Z,2025,2025-11-24T00:00:00Z,-0.2744507073191194,-8.65665137098111,-6.924483036182889,-6.958735289952561,-6.97213520322316
LINK_USDT,2025-11-29T00:00:00Z,2025-11-29T08:00:00Z,2025-11-30T08:00:00Z,2025,2025-11-24T00:00:00Z,-0.9211897386259092,-8.30311338625548,-7.070863648211122,-7.166505922278303,-7.140238851131631
ETH_USDT,2025-11-30T00:00:00Z,2025-11-30T08:00:00Z,2025-12-01T08:00:00Z,2025,2025-11-24T00:00:00Z,-1.0867476627200068,-5.8431185703557915,-7.681617163231527,-7.754717019265866,-7.71167234506277
SOL_USDT,2025-11-30T00:00:00Z,2025-11-30T08:00:00Z,2025-12-01T08:00:00Z,2025,2025-11-24T00:00:00Z,-0.8940137743465347,-5.623699720093867,-7.000033923005999,-7.051002591197192,-7.008670129082128
LINK_USDT,2025-11-30T00:00:00Z,2025-11-30T08:00:00Z,2025-12-01T08:00:00Z,2025,2025-11-24T00:00:00Z,-1.2970756634195098,-5.4587900786229495,-7.140078289147066,-7.246257768784078,-7.189703735225747
ETH_USDT,2025-12-01T00:00:00Z,2025-12-01T08:00:00Z,2025-12-02T08:00:00Z,2025,2025-12-01T00:00:00Z,-1.235993508682453,-6.488726478129298,-7.677348821044436,-7.812185397903518,-7.754863323260967
SOL_USDT,2025-12-01T00:00:00Z,2025-12-01T08:00:00Z,2025-12-02T08:00:00Z,2025,2025-12-01T00:00:00Z,-0.543269990930438,-7.589372180522214,-6.919816768650703,-6.994020847821901,-6.99774528107883
LINK_USDT,2025-12-01T00:00:00Z,2025-12-01T08:00:00Z,2025-12-02T08:00:00Z,2025,2025-12-01T00:00:00Z,-1.2146638062322777,-8.011470322504787,-7.124457540516945,-7.26604401879064,-7.214869987220233
ETH_USDT,2025-12-02T00:00:00Z,2025-12-02T08:00:00Z,2025-12-03T08:00:00Z,2025,2025-12-01T00:00:00Z,0.1979498693778766,-5.257450509928794,-7.399867092566792,-7.413541347210941,-7.506463901668725
SOL_USDT,2025-12-02T00:00:00Z,2025-12-02T08:00:00Z,2025-12-03T08:00:00Z,2025,2025-12-01T00:00:00Z,0.016452945037899413,-4.970548516802979,-6.895454599745971,-6.913705433589798,-6.928295983390087
LINK_USDT,2025-12-02T00:00:00Z,2025-12-02T08:00:00Z,2025-12-03T08:00:00Z,2025,2025-12-01T00:00:00Z,-0.0037794772658003494,-4.347910075398726,-6.904380686357509,-6.92709377371301,-6.997296754380496
ETH_USDT,2025-12-03T00:00:00Z,2025-12-03T08:00:00Z,2025-12-04T08:00:00Z,2025,2025-12-01T00:00:00Z,-0.25127756616295255,-6.7684362146927715,-7.215820130622729,-7.310360634000639,-7.1899568663215465
SOL_USDT,2025-12-03T00:00:00Z,2025-12-03T08:00:00Z,2025-12-04T08:00:00Z,2025,2025-12-01T00:00:00Z,0.0632812961273633,-7.170129393555035,-6.694338705206215,-6.736420429172666,-6.686447382338
LINK_USDT,2025-12-03T00:00:00Z,2025-12-03T08:00:00Z,2025-12-04T08:00:00Z,2025,2025-12-01T00:00:00Z,-0.05833372841125238,-8.045072343979824,-6.6269476921659,-6.69304421285504,-6.620019024316008
ETH_USDT,2025-12-04T00:00:00Z,2025-12-04T08:00:00Z,2025-12-05T08:00:00Z,2025,2025-12-01T00:00:00Z,-0.11644056537192668,-7.187253908790015,-7.236508104826514,-7.268988554470449,-7.258652840683252
SOL_USDT,2025-12-04T00:00:00Z,2025-12-04T08:00:00Z,2025-12-05T08:00:00Z,2025,2025-12-01T00:00:00Z,-0.08917173838732655,-7.003953264277286,-6.787508090676837,-6.797053284445038,-6.77529740838888
LINK_USDT,2025-12-04T00:00:00Z,2025-12-04T08:00:00Z,2025-12-05T08:00:00Z,2025,2025-12-01T00:00:00Z,0.5100000664329016,-8.204331686784961,-6.599528865216602,-6.556208469639548,-6.609137452900051
ETH_USDT,2025-12-05T00:00:00Z,2025-12-05T08:00:00Z,2025-12-06T08:00:00Z,2025,2025-12-01T00:00:00Z,-0.15388855568016935,-6.702614821531607,-7.266406485370814,-7.273189253355574,-7.283475972241763
SOL_USDT,2025-12-05T00:00:00Z,2025-12-05T08:00:00Z,2025-12-06T08:00:00Z,2025,2025-12-01T00:00:00Z,-0.4196402848204035,-6.630136248784727,-6.789498728195492,-6.839422377333672,-6.799645958719982
LINK_USDT,2025-12-05T00:00:00Z,2025-12-05T08:00:00Z,2025-12-06T08:00:00Z,2025,2025-12-01T00:00:00Z,-0.1660621747947028,-6.752569575800563,-6.693424773140646,-6.670846611614348,-6.651537163084314
ETH_USDT,2025-12-06T00:00:00Z,2025-12-06T08:00:00Z,2025-12-07T08:00:00Z,2025,2025-12-01T00:00:00Z,-0.07497928909696622,-10.5053816936548,-7.21830354611118,-7.251078947127571,-7.238862387593933
SOL_USDT,2025-12-06T00:00:00Z,2025-12-06T08:00:00Z,2025-12-07T08:00:00Z,2025,2025-12-01T00:00:00Z,-0.22729544819246178,-10.44682192657804,-6.782043787015452,-6.82294033834857,-6.819424183562921
LINK_USDT,2025-12-06T00:00:00Z,2025-12-06T08:00:00Z,2025-12-07T08:00:00Z,2025,2025-12-01T00:00:00Z,-0.26235863001365684,-8.117546521962444,-6.642200989533521,-6.6855334702131195,-6.6619292845717455
ETH_USDT,2025-12-07T00:00:00Z,2025-12-07T08:00:00Z,2025-12-08T08:00:00Z,2025,2025-12-01T00:00:00Z,-1.265662274383019,-7.256042712743255,-7.345478760552523,-7.432928845078572,-7.356776300467008
SOL_USDT,2025-12-07T00:00:00Z,2025-12-07T08:00:00Z,2025-12-08T08:00:00Z,2025,2025-12-01T00:00:00Z,-1.1485361852924643,-7.230657096989227,-6.894152561814284,-6.961906456899654,-6.912708436855285
LINK_USDT,2025-12-07T00:00:00Z,2025-12-07T08:00:00Z,2025-12-08T08:00:00Z,2025,2025-12-01T00:00:00Z,-0.8848887463040099,-6.699749896782529,-6.688063667510386,-6.770019896367169,-6.719893383278415
ETH_USDT,2025-12-08T00:00:00Z,2025-12-08T08:00:00Z,2025-12-09T08:00:00Z,2025,2025-12-08T00:00:00Z,-0.34957104819479995,-8.719255172471808,-7.315288011836622,-7.311965842261852,-7.4440285079552275
SOL_USDT,2025-12-08T00:00:00Z,2025-12-08T08:00:00Z,2025-12-09T08:00:00Z,2025,2025-12-08T00:00:00Z,-0.29137732266640864,-8.12741637294931,-7.02745589203422,-6.891182114111656,-7.125245701818444
LINK_USDT,2025-12-08T00:00:00Z,2025-12-08T08:00:00Z,2025-12-09T08:00:00Z,2025,2025-12-08T00:00:00Z,-0.2918769295764539,-7.8116934707880175,-6.68010809113234,-6.696938297327025,-6.774159215134711
ETH_USDT,2025-12-09T00:00:00Z,2025-12-09T08:00:00Z,2025-12-10T08:00:00Z,2025,2025-12-08T00:00:00Z,-0.18500533956579715,-6.224429721450383,-7.377333424208628,-7.401565175328408,-7.404382681871711
SOL_USDT,2025-12-09T00:00:00Z,2025-12-09T08:00:00Z,2025-12-10T08:00:00Z,2025,2025-12-08T00:00:00Z,-0.23417752157604318,-6.438755697438336,-6.901859204131494,-6.930361281804976,-6.919186948310916
LINK_USDT,2025-12-09T00:00:00Z,2025-12-09T08:00:00Z,2025-12-10T08:00:00Z,2025,2025-12-08T00:00:00Z,-0.47372583013725056,-6.2723587635770475,-6.719305463903097,-6.792190446746627,-6.748001532680894
ETH_USDT,2025-12-10T00:00:00Z,2025-12-10T08:00:00Z,2025-12-11T08:00:00Z,2025,2025-12-08T00:00:00Z,0.1392878100085902,-6.560969373908604,-7.480451460447725,-7.468194703494049,-7.476805856597628
SOL_USDT,2025-12-10T00:00:00Z,2025-12-10T08:00:00Z,2025-12-11T08:00:00Z,2025,2025-12-08T00:00:00Z,0.10766446276466997,-6.2062931944741635,-7.112027165012561,-7.0773344560488205,-7.097140283078319
LINK_USDT,2025-12-10T00:00:00Z,2025-12-10T08:00:00Z,2025-12-11T08:00:00Z,2025,2025-12-08T00:00:00Z,-0.11430670696160121,-6.363535692283381,-6.912660006745049,-6.922311423167161,-6.936571350541118
ETH_USDT,2025-12-11T00:00:00Z,2025-12-11T08:00:00Z,2025-12-12T08:00:00Z,2025,2025-12-08T00:00:00Z,0.06143942210123638,-7.861613245811768,-7.7657546053169835,-7.59604562632914,-7.713317708665653
SOL_USDT,2025-12-11T00:00:00Z,2025-12-11T08:00:00Z,2025-12-12T08:00:00Z,2025,2025-12-08T00:00:00Z,0.11098196734495631,-6.25845163633581,-7.194988808610736,-7.113092732265889,-7.145576061392036
LINK_USDT,2025-12-11T00:00:00Z,2025-12-11T08:00:00Z,2025-12-12T08:00:00Z,2025,2025-12-08T00:00:00Z,0.029422144311243334,-6.443677682066335,-7.183882650267341,-7.097691686768921,-7.149646948175321
ETH_USDT,2025-12-12T00:00:00Z,2025-12-12T08:00:00Z,2025-12-13T08:00:00Z,2025,2025-12-08T00:00:00Z,-0.03333883138079391,-5.77484144922453,-7.501500278677314,-7.516160858289093,-7.470174226865707
SOL_USDT,2025-12-12T00:00:00Z,2025-12-12T08:00:00Z,2025-12-13T08:00:00Z,2025,2025-12-08T00:00:00Z,0.05225125959928404,-6.322347781071808,-7.003331394035304,-7.009180194571518,-6.964876939638448
LINK_USDT,2025-12-12T00:00:00Z,2025-12-12T08:00:00Z,2025-12-13T08:00:00Z,2025,2025-12-08T00:00:00Z,-0.24096124035280722,-6.40680888689236,-6.942932377100325,-6.989010312849414,-6.910738097804796
ETH_USDT,2025-12-13T00:00:00Z,2025-12-13T08:00:00Z,2025-12-14T08:00:00Z,2025,2025-12-08T00:00:00Z,-0.1953729992003328,-10.567577087045311,-7.385890744714773,-7.437867600592048,-7.3725132262495965
SOL_USDT,2025-12-13T00:00:00Z,2025-12-13T08:00:00Z,2025-12-14T08:00:00Z,2025,2025-12-08T00:00:00Z,-0.015746093897206374,-11.453725251355102,-6.973511426126195,-6.9764546247108274,-6.943043227263048
LINK_USDT,2025-12-13T00:00:00Z,2025-12-13T08:00:00Z,2025-12-14T08:00:00Z,2025,2025-12-08T00:00:00Z,-0.4089327579055778,-10.328087444321293,-6.947248897987395,-6.994131076922557,-6.940849695223995
ETH_USDT,2025-12-14T00:00:00Z,2025-12-14T08:00:00Z,2025-12-15T08:00:00Z,2025,2025-12-08T00:00:00Z,-1.3063731546129862,-7.432494788816043,-7.552889700820593,-7.623442728970939,-7.55996257268867
SOL_USDT,2025-12-14T00:00:00Z,2025-12-14T08:00:00Z,2025-12-15T08:00:00Z,2025,2025-12-08T00:00:00Z,-0.9925259978526939,-6.913047879616099,-7.126263473957801,-7.130792854944817,-7.103927137405397
LINK_USDT,2025-12-14T00:00:00Z,2025-12-14T08:00:00Z,2025-12-15T08:00:00Z,2025,2025-12-08T00:00:00Z,-1.2528715250327185,-6.869482539556085,-7.053081369473239,-7.133325057131275,-7.070459982703731
ETH_USDT,2025-12-15T00:00:00Z,2025-12-15T08:00:00Z,2025-12-16T08:00:00Z,2025,2025-12-15T00:00:00Z,-0.5569588693615033,-6.262619851698133,-7.498529415582349,-7.526522512479914,-7.60757933375383
SOL_USDT,2025-12-15T00:00:00Z,2025-12-15T08:00:00Z,2025-12-16T08:00:00Z,2025,2025-12-15T00:00:00Z,-0.8038015797113289,-6.150064699369497,-7.016144640104689,-7.097835446447159,-7.088988597213816
LINK_USDT,2025-12-15T00:00:00Z,2025-12-15T08:00:00Z,2025-12-16T08:00:00Z,2025,2025-12-15T00:00:00Z,-0.9917230708902398,-5.573650534437876,-7.007250532967798,-7.117447009708822,-7.100830704363325
ETH_USDT,2025-12-16T00:00:00Z,2025-12-16T08:00:00Z,2025-12-17T08:00:00Z,2025,2025-12-15T00:00:00Z,0.03945250539163635,-8.511101910984022,-7.351792859643668,-7.37894103581961,-7.3987044080788005
SOL_USDT,2025-12-16T00:00:00Z,2025-12-16T08:00:00Z,2025-12-17T08:00:00Z,2025,2025-12-15T00:00:00Z,-0.015349522771862557,-6.776253831268335,-6.9149214429769295,-6.935488052056349,-6.975432124950828
LINK_USDT,2025-12-16T00:00:00Z,2025-12-16T08:00:00Z,2025-12-17T08:00:00Z,2025,2025-12-15T00:00:00Z,-0.0965393744148744,-6.928502830816566,-6.823187813064146,-6.870737237106183,-6.903437468379056
ETH_USDT,2025-12-17T00:00:00Z,2025-12-17T08:00:00Z,2025-12-18T08:00:00Z,2025,2025-12-15T00:00:00Z,-0.29513253881966167,-7.088246911023967,-7.475179840506627,-7.491558631595363,-7.45885176155938
SOL_USDT,2025-12-17T00:00:00Z,2025-12-17T08:00:00Z,2025-12-18T08:00:00Z,2025,2025-12-15T00:00:00Z,-0.3224754149185138,-6.98102133164406,-6.934292259181702,-6.977670830021125,-6.922274252536556
LINK_USDT,2025-12-17T00:00:00Z,2025-12-17T08:00:00Z,2025-12-18T08:00:00Z,2025,2025-12-15T00:00:00Z,-0.26388142839428264,-7.012146768649184,-6.8845730719011105,-6.908596383405503,-6.878328894639589
ETH_USDT,2025-12-18T00:00:00Z,2025-12-18T08:00:00Z,2025-12-19T08:00:00Z,2025,2025-12-15T00:00:00Z,-0.012369312765787475,-5.113989139128318,-7.421501417001487,-7.419087270342051,-7.443183334459528
SOL_USDT,2025-12-18T00:00:00Z,2025-12-18T08:00:00Z,2025-12-19T08:00:00Z,2025,2025-12-15T00:00:00Z,0.1317792623547347,-4.974822298524581,-6.938312663579104,-6.904130395161569,-6.9573328621275445
LINK_USDT,2025-12-18T00:00:00Z,2025-12-18T08:00:00Z,2025-12-19T08:00:00Z,2025,2025-12-15T00:00:00Z,0.09629907984970137,-5.1210136412732,-6.867789387298562,-6.836591149719075,-6.880689390570874
ETH_USDT,2025-12-19T00:00:00Z,2025-12-19T08:00:00Z,2025-12-20T08:00:00Z,2025,2025-12-15T00:00:00Z,0.1749435902793043,-10.024574722392257,-7.270783157591828,-7.3012591523334915,-7.273786808086775
SOL_USDT,2025-12-19T00:00:00Z,2025-12-19T08:00:00Z,2025-12-20T08:00:00Z,2025,2025-12-15T00:00:00Z,0.1718038903080854,-9.055331986404623,-6.80847270611878,-6.832543940341404,-6.793159371458015
LINK_USDT,2025-12-19T00:00:00Z,2025-12-19T08:00:00Z,2025-12-20T08:00:00Z,2025,2025-12-15T00:00:00Z,0.056434469461923785,-8.99188247476552,-6.76849355932912,-6.798756350063934,-6.751087723288015
ETH_USDT,2025-12-20T00:00:00Z,2025-12-20T08:00:00Z,2025-12-21T08:00:00Z,2025,2025-12-15T00:00:00Z,0.0991191335517164,-12.733318819971036,-7.338034525825029,-7.347979716030532,-7.319258585342606
SOL_USDT,2025-12-20T00:00:00Z,2025-12-20T08:00:00Z,2025-12-21T08:00:00Z,2025,2025-12-15T00:00:00Z,0.02926562082905359,-9.65539940481854,-6.854479295348867,-6.862556174124984,-6.833758063281367
LINK_USDT,2025-12-20T00:00:00Z,2025-12-20T08:00:00Z,2025-12-21T08:00:00Z,2025,2025-12-15T00:00:00Z,-0.20804753955280617,-10.445868203789843,-6.808171673431398,-6.842356422107105,-6.794479272846648
ETH_USDT,2025-12-21T00:00:00Z,2025-12-21T08:00:00Z,2025-12-22T08:00:00Z,2025,2025-12-15T00:00:00Z,-1.5896998377459017,-8.666438662973801,-7.519274644471826,-7.566493265767728,-7.504172146129248
SOL_USDT,2025-12-21T00:00:00Z,2025-12-21T08:00:00Z,2025-12-22T08:00:00Z,2025,2025-12-15T00:00:00Z,-1.1040004264209,-9.573609129748522,-6.959141004188865,-7.011658237547542,-6.955966310204878
LINK_USDT,2025-12-21T00:00:00Z,2025-12-21T08:00:00Z,2025-12-22T08:00:00Z,2025,2025-12-15T00:00:00Z,-1.3830895297146775,-7.790037392899809,-6.90330413039848,-6.994450039359869,-6.916212867537344
ETH_USDT,2025-12-22T00:00:00Z,2025-12-22T08:00:00Z,2025-12-23T08:00:00Z,2025,2025-12-22T00:00:00Z,-0.9485800471445984,-7.637814584160438,-7.43941071624042,-7.514458900318322,-7.568762209495871
SOL_USDT,2025-12-22T00:00:00Z,2025-12-22T08:00:00Z,2025-12-23T08:00:00Z,2025,2025-12-22T00:00:00Z,-0.6623860679861658,-7.306416960962612,-6.966662640018008,-6.985625528189458,-7.055520031296842
LINK_USDT,2025-12-22T00:00:00Z,2025-12-22T08:00:00Z,2025-12-23T08:00:00Z,2025,2025-12-22T00:00:00Z,-0.8636283986757417,-6.964060224183131,-6.878720418377827,-6.960191689570797,-6.989255706753704
ETH_USDT,2025-12-23T00:00:00Z,2025-12-23T08:00:00Z,2025-12-24T08:00:00Z,2025,2025-12-22T00:00:00Z,-0.32844538439578846,-7.763754127060861,-7.496814862607415,-7.517479441140434,-7.56618041356882
SOL_USDT,2025-12-23T00:00:00Z,2025-12-23T08:00:00Z,2025-12-24T08:00:00Z,2025,2025-12-22T00:00:00Z,-0.264830159070953,-7.488232425286816,-6.998744727237323,-7.01259998348741,-7.046104312429318
LINK_USDT,2025-12-23T00:00:00Z,2025-12-23T08:00:00Z,2025-12-24T08:00:00Z,2025,2025-12-22T00:00:00Z,-0.3890593525619994,-7.943617462416835,-6.984276324060707,-7.017329382360847,-7.040087902979242
ETH_USDT,2025-12-24T00:00:00Z,2025-12-24T08:00:00Z,2025-12-25T08:00:00Z,2025,2025-12-22T00:00:00Z,-0.09342988516064328,-9.629552110078027,-7.476931425890731,-7.46832061515778,-7.497285528538196
SOL_USDT,2025-12-24T00:00:00Z,2025-12-24T08:00:00Z,2025-12-25T08:00:00Z,2025,2025-12-22T00:00:00Z,-0.3693261175614892,-8.871348439172971,-7.067058268939059,-7.072962607102501,-7.077708788046372
LINK_USDT,2025-12-24T00:00:00Z,2025-12-24T08:00:00Z,2025-12-25T08:00:00Z,2025,2025-12-22T00:00:00Z,-0.19928059322559874,-9.465868586365364,-7.0207729365982114,-7.00549254734917,-7.035635004180541
ETH_USDT,2025-12-25T00:00:00Z,2025-12-25T08:00:00Z,2025-12-26T08:00:00Z,2025,2025-12-22T00:00:00Z,-0.7350842400505518,-7.194652036094978,-7.544606544609234,-7.6031941604818005,-7.543358283896461
SOL_USDT,2025-12-25T00:00:00Z,2025-12-25T08:00:00Z,2025-12-26T08:00:00Z,2025,2025-12-22T00:00:00Z,-0.7696299425922057,-6.503771711396611,-7.059762099075932,-7.152240660996549,-7.082594638720424
LINK_USDT,2025-12-25T00:00:00Z,2025-12-25T08:00:00Z,2025-12-26T08:00:00Z,2025,2025-12-22T00:00:00Z,-0.7282758685708127,-6.725775160589979,-7.065208149689939,-7.118063489525407,-7.062413712818193
ETH_USDT,2025-12-26T00:00:00Z,2025-12-26T08:00:00Z,2025-12-27T08:00:00Z,2025,2025-12-22T00:00:00Z,-0.7580128467121353,-8.896700152257571,-7.794494110775354,-7.86036117520885,-7.82061724265309
SOL_USDT,2025-12-26T00:00:00Z,2025-12-26T08:00:00Z,2025-12-27T08:00:00Z,2025,2025-12-22T00:00:00Z,-0.6317174106383573,-8.640849385217654,-7.3100743399842845,-7.374522280209825,-7.340397338344495
LINK_USDT,2025-12-26T00:00:00Z,2025-12-26T08:00:00Z,2025-12-27T08:00:00Z,2025,2025-12-22T00:00:00Z,-0.8828667094988081,-8.29773699698038,-7.30929315995541,-7.385236549821826,-7.32478706909675
ETH_USDT,2025-12-27T00:00:00Z,2025-12-27T08:00:00Z,2025-12-28T08:00:00Z,2025,2025-12-22T00:00:00Z,-0.24075930875387855,-9.485933114049114,-7.98460270937556,-7.963589474960282,-7.993133266196521
SOL_USDT,2025-12-27T00:00:00Z,2025-12-27T08:00:00Z,2025-12-28T08:00:00Z,2025,2025-12-22T00:00:00Z,-0.014097755224893935,-8.820193039115578,-7.4394132504712625,-7.395647650026733,-7.447190781432811
LINK_USDT,2025-12-27T00:00:00Z,2025-12-27T08:00:00Z,2025-12-28T08:00:00Z,2025,2025-12-22T00:00:00Z,-0.5015579766074673,-8.000776134003752,-7.3696225215244,-7.395785487040464,-7.392649121699398
ETH_USDT,2025-12-28T00:00:00Z,2025-12-28T08:00:00Z,2025-12-29T08:00:00Z,2025,2025-12-22T00:00:00Z,-1.4244062369298296,-7.522074335735096,-8.036940818199742,-8.116325183975732,-8.001783240595584
SOL_USDT,2025-12-28T00:00:00Z,2025-12-28T08:00:00Z,2025-12-29T08:00:00Z,2025,2025-12-22T00:00:00Z,-0.8860328555524472,-7.657965511892226,-7.464013200416352,-7.492408967081727,-7.421164065679306
LINK_USDT,2025-12-28T00:00:00Z,2025-12-28T08:00:00Z,2025-12-29T08:00:00Z,2025,2025-12-22T00:00:00Z,-1.0740157181525893,-7.344755108644159,-7.374858406852853,-7.437080603004748,-7.370442331138999
ETH_USDT,2025-12-29T00:00:00Z,2025-12-29T08:00:00Z,2025-12-30T08:00:00Z,2025,2025-12-29T00:00:00Z,-1.097207625935448,-7.1171691101091135,-8.083264257979648,-8.074109509709022,-8.151338455047394
SOL_USDT,2025-12-29T00:00:00Z,2025-12-29T08:00:00Z,2025-12-30T08:00:00Z,2025,2025-12-29T00:00:00Z,-0.558247598003814,-6.656213599511671,-7.504766865064973,-7.446272005890303,-7.53933661193265
LINK_USDT,2025-12-29T00:00:00Z,2025-12-29T08:00:00Z,2025-12-30T08:00:00Z,2025,2025-12-29T00:00:00Z,-0.8748562737554305,-6.860709304486891,-7.420624617171965,-7.417536241687307,-7.465088667006659
ETH_USDT,2025-12-30T00:00:00Z,2025-12-30T08:00:00Z,2025-12-31T08:00:00Z,2025,2025-12-29T00:00:00Z,0.21762868468499588,-8.50443134738276,-7.822429292218583,-7.777623578557679,-7.878499014522026
SOL_USDT,2025-12-30T00:00:00Z,2025-12-30T08:00:00Z,2025-12-31T08:00:00Z,2025,2025-12-29T00:00:00Z,0.2860533311627329,-8.83949084446519,-7.297260884225016,-7.252331995857982,-7.314047938574191
LINK_USDT,2025-12-30T00:00:00Z,2025-12-30T08:00:00Z,2025-12-31T08:00:00Z,2025,2025-12-29T00:00:00Z,-0.04209465344221059,-8.322799492237555,-7.268662119369813,-7.257397760056557,-7.302733043617417
ETH_USDT,2025-12-31T00:00:00Z,2025-12-31T08:00:00Z,2026-01-01T08:00:00Z,2025,2025-12-29T00:00:00Z,-0.3198979944518728,-10.217893196071698,-7.913124908216648,-7.888691087283541,-7.843028812873602
SOL_USDT,2025-12-31T00:00:00Z,2025-12-31T08:00:00Z,2026-01-01T08:00:00Z,2025,2025-12-29T00:00:00Z,-0.2729815561628347,-9.488777468142345,-7.389843355073605,-7.349983808945536,-7.325866579795629
LINK_USDT,2025-12-31T00:00:00Z,2025-12-31T08:00:00Z,2026-01-01T08:00:00Z,2025,2025-12-29T00:00:00Z,-0.6398071612877696,-8.31445171858898,-7.336389770773171,-7.359602276629203,-7.290884646293464
ETH_USDT,2026-01-01T00:00:00Z,2026-01-01T08:00:00Z,2026-01-02T08:00:00Z,2026,2025-12-29T00:00:00Z,-0.47027527779399664,-9.732135850128056,-7.997268396615881,-7.937192106608937,-7.977105513493531
SOL_USDT,2026-01-01T00:00:00Z,2026-01-01T08:00:00Z,2026-01-02T08:00:00Z,2026,2025-12-29T00:00:00Z,-0.06675989462727473,-8.203382032118824,-7.4348475493144575,-7.351251082350466,-7.421436975046707
LINK_USDT,2026-01-01T00:00:00Z,2026-01-01T08:00:00Z,2026-01-02T08:00:00Z,2026,2025-12-29T00:00:00Z,-0.6210052493154802,-7.0424013250644295,-7.350571904566415,-7.3590293170232135,-7.365104438138857
ETH_USDT,2026-01-02T00:00:00Z,2026-01-02T08:00:00Z,2026-01-03T08:00:00Z,2026,2025-12-29T00:00:00Z,-0.975224057063497,-7.151552816879906,-8.088698045956287,-8.128752155302756,-8.086038172977414
SOL_USDT,2026-01-02T00:00:00Z,2026-01-02T08:00:00Z,2026-01-03T08:00:00Z,2026,2025-12-29T00:00:00Z,-0.5641199140782902,-6.790268299832991,-7.528040659080588,-7.557797069533072,-7.499467339735542
LINK_USDT,2026-01-02T00:00:00Z,2026-01-02T08:00:00Z,2026-01-03T08:00:00Z,2026,2025-12-29T00:00:00Z,-0.7951262760954796,-6.9131789927421305,-7.367139664550578,-7.446605096324898,-7.389907217641218
ETH_USDT,2026-01-03T00:00:00Z,2026-01-03T08:00:00Z,2026-01-04T08:00:00Z,2026,2025-12-29T00:00:00Z,0.07189790022831838,-9.19776082556133,-7.962576692076749,-7.922741598876928,-8.015405733069493
SOL_USDT,2026-01-03T00:00:00Z,2026-01-03T08:00:00Z,2026-01-04T08:00:00Z,2026,2025-12-29T00:00:00Z,0.00656864520766836,-8.030414680215047,-7.462304443580578,-7.436661677185571,-7.483721669841706
LINK_USDT,2026-01-03T00:00:00Z,2026-01-03T08:00:00Z,2026-01-04T08:00:00Z,2026,2025-12-29T00:00:00Z,0.41570080002667126,-8.478889563322193,-7.343309539792682,-7.260183813749734,-7.389281656582768
ETH_USDT,2026-01-04T00:00:00Z,2026-01-04T08:00:00Z,2026-01-05T08:00:00Z,2026,2025-12-29T00:00:00Z,-0.8957637684458678,-10.487732300409222,-7.982706586453164,-8.060769893316817,-7.942223188637834
SOL_USDT,2026-01-04T00:00:00Z,2026-01-04T08:00:00Z,2026-01-05T08:00:00Z,2026,2025-12-29T00:00:00Z,-0.6143376956050695,-8.51660044089065,-7.429979094970346,-7.493874900130982,-7.404340739103938
LINK_USDT,2026-01-04T00:00:00Z,2026-01-04T08:00:00Z,2026-01-05T08:00:00Z,2026,2025-12-29T00:00:00Z,-0.313927753143391,-8.137598013110306,-7.340110495442375,-7.355295417060949,-7.277210573424248
ETH_USDT,2026-01-05T00:00:00Z,2026-01-05T08:00:00Z,2026-01-06T08:00:00Z,2026,2026-01-05T00:00:00Z,-0.5478502033361765,-8.365625324943437,-8.054220234253915,-8.037403187481306,-8.103672936778953
SOL_USDT,2026-01-05T00:00:00Z,2026-01-05T08:00:00Z,2026-01-06T08:00:00Z,2026,2026-01-05T00:00:00Z,-0.4004121380922055,-8.533796134664426,-7.490373957762632,-7.483558441330218,-7.5220835895631435
LINK_USDT,2026-01-05T00:00:00Z,2026-01-05T08:00:00Z,2026-01-06T08:00:00Z,2026,2026-01-05T00:00:00Z,-0.2244959241886505,-7.718039411024154,-7.374015883375238,-7.355628452012383,-7.379015732295306
ETH_USDT,2026-01-06T00:00:00Z,2026-01-06T08:00:00Z,2026-01-07T08:00:00Z,2026,2026-01-05T00:00:00Z,0.18833821823238597,-7.633729537615999,-8.23046140964289,-8.14785186724861,-8.226211573407081
SOL_USDT,2026-01-06T00:00:00Z,2026-01-06T08:00:00Z,2026-01-07T08:00:00Z,2026,2026-01-05T00:00:00Z,0.1980643699589995,-6.928591308831195,-7.664753602447611,-7.587032917084085,-7.657525172178915
LINK_USDT,2026-01-06T00:00:00Z,2026-01-06T08:00:00Z,2026-01-07T08:00:00Z,2026,2026-01-05T00:00:00Z,0.5402114584233343,-7.584918563784433,-7.4988938650379335,-7.382734408478594,-7.483480034917617
ETH_USDT,2026-01-07T00:00:00Z,2026-01-07T08:00:00Z,2026-01-08T08:00:00Z,2026,2026-01-05T00:00:00Z,0.2788536972862257,-6.944967049450617,-8.17109576549582,-8.068296014779632,-8.106747773154238
SOL_USDT,2026-01-07T00:00:00Z,2026-01-07T08:00:00Z,2026-01-08T08:00:00Z,2026,2026-01-05T00:00:00Z,0.3399433491986822,-7.184190231831021,-7.502729447727166,-7.422999251976155,-7.455544657216054
LINK_USDT,2026-01-07T00:00:00Z,2026-01-07T08:00:00Z,2026-01-08T08:00:00Z,2026,2026-01-05T00:00:00Z,0.6774654424940276,-6.5227786870466815,-7.434900323328395,-7.2936063438128125,-7.357972018150329
ETH_USDT,2026-01-08T00:00:00Z,2026-01-08T08:00:00Z,2026-01-09T08:00:00Z,2026,2026-01-05T00:00:00Z,0.023318297045503963,-9.680014468933193,-7.963534014429099,-7.960801344176765,-7.909169299229944
SOL_USDT,2026-01-08T00:00:00Z,2026-01-08T08:00:00Z,2026-01-09T08:00:00Z,2026,2026-01-05T00:00:00Z,-0.1525142111605281,-8.150981495566706,-7.429391274299771,-7.450569502054987,-7.376856206991413
LINK_USDT,2026-01-08T00:00:00Z,2026-01-08T08:00:00Z,2026-01-09T08:00:00Z,2026,2026-01-05T00:00:00Z,0.23530461344625797,-9.678560051410923,-7.294811533781249,-7.273291561218,-7.217236311375541
ETH_USDT,2026-01-09T00:00:00Z,2026-01-09T08:00:00Z,2026-01-10T08:00:00Z,2026,2026-01-05T00:00:00Z,0.09409350616756479,-9.714208418792381,-7.972160469101327,-7.915292857717837,-7.944191347935701
SOL_USDT,2026-01-09T00:00:00Z,2026-01-09T08:00:00Z,2026-01-10T08:00:00Z,2026,2026-01-05T00:00:00Z,0.15337718028622202,-7.6870504752348054,-7.465539976807026,-7.393581115068231,-7.456630630348873
LINK_USDT,2026-01-09T00:00:00Z,2026-01-09T08:00:00Z,2026-01-10T08:00:00Z,2026,2026-01-05T00:00:00Z,0.07685043597735698,-8.900572851806524,-7.392149439536076,-7.318131278900236,-7.346627489748804
ETH_USDT,2026-01-10T00:00:00Z,2026-01-10T08:00:00Z,2026-01-11T08:00:00Z,2026,2026-01-05T00:00:00Z,-0.09910264594507615,-10.987634338287691,-8.124565129026585,-8.048440718634716,-8.079309580629126
SOL_USDT,2026-01-10T00:00:00Z,2026-01-10T08:00:00Z,2026-01-11T08:00:00Z,2026,2026-01-05T00:00:00Z,0.36884348207044343,-10.393222943663211,-7.479773104125541,-7.3916484184120845,-7.443086632165299
LINK_USDT,2026-01-10T00:00:00Z,2026-01-10T08:00:00Z,2026-01-11T08:00:00Z,2026,2026-01-05T00:00:00Z,-0.07091318399321181,-9.668173621217978,-7.480814810150941,-7.421229816749032,-7.4452788562463255
ETH_USDT,2026-01-11T00:00:00Z,2026-01-11T08:00:00Z,2026-01-12T08:00:00Z,2026,2026-01-05T00:00:00Z,-1.2585114584969688,-9.545084266927589,-8.202666118110765,-8.233879812084878,-8.176904297472557
SOL_USDT,2026-01-11T00:00:00Z,2026-01-11T08:00:00Z,2026-01-12T08:00:00Z,2026,2026-01-05T00:00:00Z,-0.9332923585903619,-7.6097376989157794,-7.63209383272051,-7.635941704349249,-7.57549783940674
LINK_USDT,2026-01-11T00:00:00Z,2026-01-11T08:00:00Z,2026-01-12T08:00:00Z,2026,2026-01-05T00:00:00Z,-0.8284744050393211,-10.299474742867968,-7.614674188005866,-7.577542988903283,-7.591637632788943
ETH_USDT,2026-01-12T00:00:00Z,2026-01-12T08:00:00Z,2026-01-13T08:00:00Z,2026,2026-01-12T00:00:00Z,-0.6210718598892482,-8.535756719485258,-8.193873299699375,-8.202606825608619,-8.271677498353696
SOL_USDT,2026-01-12T00:00:00Z,2026-01-12T08:00:00Z,2026-01-13T08:00:00Z,2026,2026-01-12T00:00:00Z,-0.10036153497619597,-7.31558002469636,-7.558650108412839,-7.531432154312064,-7.61864236092265
LINK_USDT,2026-01-12T00:00:00Z,2026-01-12T08:00:00Z,2026-01-13T08:00:00Z,2026,2026-01-12T00:00:00Z,-0.6672186017808793,-8.408020426054373,-7.625647731498714,-7.626553753814657,-7.667087566511417
ETH_USDT,2026-01-13T00:00:00Z,2026-01-13T08:00:00Z,2026-01-14T08:00:00Z,2026,2026-01-12T00:00:00Z,0.049462162023202146,-6.079845357872618,-8.217029884606657,-8.163196489438002,-8.240646580831687
SOL_USDT,2026-01-13T00:00:00Z,2026-01-13T08:00:00Z,2026-01-14T08:00:00Z,2026,2026-01-12T00:00:00Z,0.5121930705538552,-7.086830420171322,-7.486778979643071,-7.411605396364395,-7.485184090811996
LINK_USDT,2026-01-13T00:00:00Z,2026-01-13T08:00:00Z,2026-01-14T08:00:00Z,2026,2026-01-12T00:00:00Z,-0.06617438555539774,-6.208339137391151,-7.654977437429759,-7.609583883844988,-7.679501764239539
ETH_USDT,2026-01-14T00:00:00Z,2026-01-14T08:00:00Z,2026-01-15T08:00:00Z,2026,2026-01-12T00:00:00Z,0.49285111771269663,-9.538934259830732,-7.811219949673755,-7.802393870105368,-7.806046982131327
SOL_USDT,2026-01-14T00:00:00Z,2026-01-14T08:00:00Z,2026-01-15T08:00:00Z,2026,2026-01-12T00:00:00Z,0.4985362964857383,-7.887227779589831,-7.507566215356502,-7.457644806482683,-7.455627335451753
LINK_USDT,2026-01-14T00:00:00Z,2026-01-14T08:00:00Z,2026-01-15T08:00:00Z,2026,2026-01-12T00:00:00Z,0.35425287623367263,-7.842053341674415,-7.394861221754182,-7.384509553072278,-7.388090536887344
ETH_USDT,2026-01-15T00:00:00Z,2026-01-15T08:00:00Z,2026-01-16T08:00:00Z,2026,2026-01-12T00:00:00Z,0.6180319291914506,-10.777684403755327,-8.102452288518814,-7.951785070213434,-8.05456625276504
SOL_USDT,2026-01-15T00:00:00Z,2026-01-15T08:00:00Z,2026-01-16T08:00:00Z,2026,2026-01-12T00:00:00Z,0.38915353670675545,-8.60896218728473,-7.624284167929813,-7.550282441507179,-7.571864887933024
LINK_USDT,2026-01-15T00:00:00Z,2026-01-15T08:00:00Z,2026-01-16T08:00:00Z,2026,2026-01-12T00:00:00Z,0.4170625422288099,-8.887988867088717,-7.623660235499484,-7.542885767144954,-7.579098053767359
ETH_USDT,2026-01-16T00:00:00Z,2026-01-16T08:00:00Z,2026-01-17T08:00:00Z,2026,2026-01-12T00:00:00Z,0.3499600811611845,-8.154887220532652,-8.079354052492054,-7.99031721326099,-8.027509207199312
SOL_USDT,2026-01-16T00:00:00Z,2026-01-16T08:00:00Z,2026-01-17T08:00:00Z,2026,2026-01-12T00:00:00Z,-0.03053802503649376,-6.774590550914882,-7.611716109832307,-7.601830846330958,-7.574039168951671
LINK_USDT,2026-01-16T00:00:00Z,2026-01-16T08:00:00Z,2026-01-17T08:00:00Z,2026,2026-01-12T00:00:00Z,0.2983754169809294,-7.060136251224482,-7.597923323529733,-7.539016154726924,-7.555874089233946
ETH_USDT,2026-01-17T00:00:00Z,2026-01-17T08:00:00Z,2026-01-18T08:00:00Z,2026,2026-01-12T00:00:00Z,-0.18906392024134788,-8.6824509345484,-8.01309276819509,-8.039274485911985,-7.988427097868404
SOL_USDT,2026-01-17T00:00:00Z,2026-01-17T08:00:00Z,2026-01-18T08:00:00Z,2026,2026-01-12T00:00:00Z,-0.2690721148958134,-8.683314683907097,-7.5093919571722845,-7.563913916389732,-7.506972211154544
LINK_USDT,2026-01-17T00:00:00Z,2026-01-17T08:00:00Z,2026-01-18T08:00:00Z,2026,2026-01-12T00:00:00Z,-0.19753391034234472,-8.206915373479394,-7.49237885255293,-7.533443801872261,-7.469410933728515
ETH_USDT,2026-01-18T00:00:00Z,2026-01-18T08:00:00Z,2026-01-19T08:00:00Z,2026,2026-01-12T00:00:00Z,-0.7203725574488954,-7.0711737336246125,-8.03015450193984,-8.12099689039989,-8.049883785357418
SOL_USDT,2026-01-18T00:00:00Z,2026-01-18T08:00:00Z,2026-01-19T08:00:00Z,2026,2026-01-12T00:00:00Z,-1.0367677317755999,-6.255564616024251,-7.608360525562195,-7.718597349341466,-7.629059102142547
LINK_USDT,2026-01-18T00:00:00Z,2026-01-18T08:00:00Z,2026-01-19T08:00:00Z,2026,2026-01-12T00:00:00Z,-0.8265625979195306,-5.866587801394775,-7.521413004365279,-7.622746346958034,-7.5379300362307875
ETH_USDT,2026-01-19T00:00:00Z,2026-01-19T08:00:00Z,2026-01-20T08:00:00Z,2026,2026-01-19T00:00:00Z,-0.34652236947741605,-7.568633268576654,-8.016603624028226,-8.095905302129177,-8.074288996134626
SOL_USDT,2026-01-19T00:00:00Z,2026-01-19T08:00:00Z,2026-01-20T08:00:00Z,2026,2026-01-19T00:00:00Z,-0.22306236797310333,-7.690235901805729,-7.483230203555506,-7.5588340632799955,-7.556804598127627
LINK_USDT,2026-01-19T00:00:00Z,2026-01-19T08:00:00Z,2026-01-20T08:00:00Z,2026,2026-01-19T00:00:00Z,-0.19230555451400114,-7.555913974273537,-7.392845981281634,-7.465011263203222,-7.45417758296092
ETH_USDT,2026-01-20T00:00:00Z,2026-01-20T08:00:00Z,2026-01-21T08:00:00Z,2026,2026-01-19T00:00:00Z,0.5143878434782427,-6.243681505682192,-7.89469159572143,-7.880780498895987,-7.930026963447966
SOL_USDT,2026-01-20T00:00:00Z,2026-01-20T08:00:00Z,2026-01-21T08:00:00Z,2026,2026-01-19T00:00:00Z,0.15898385437124446,-6.986843466946811,-7.423479193253936,-7.442487724522853,-7.446608576959484
LINK_USDT,2026-01-20T00:00:00Z,2026-01-20T08:00:00Z,2026-01-21T08:00:00Z,2026,2026-01-19T00:00:00Z,0.6690723668147169,-6.807983915785329,-7.222705381824734,-7.197130615461892,-7.248865735880234
ETH_USDT,2026-01-21T00:00:00Z,2026-01-21T08:00:00Z,2026-01-22T08:00:00Z,2026,2026-01-19T00:00:00Z,0.5757887441909414,-8.512620505451663,-7.851969521952406,-7.85822019294143,-7.8330815644532406
SOL_USDT,2026-01-21T00:00:00Z,2026-01-21T08:00:00Z,2026-01-22T08:00:00Z,2026,2026-01-19T00:00:00Z,0.27095741181297117,-7.543929602426605,-7.40470463311106,-7.425059278294707,-7.404513605285798
LINK_USDT,2026-01-21T00:00:00Z,2026-01-21T08:00:00Z,2026-01-22T08:00:00Z,2026,2026-01-19T00:00:00Z,0.03350838791161598,-9.113501707625753,-7.302078999028718,-7.3476050653482385,-7.273426802948459
ETH_USDT,2026-01-22T00:00:00Z,2026-01-22T08:00:00Z,2026-01-23T08:00:00Z,2026,2026-01-19T00:00:00Z,0.6299181245744377,-7.8030876892778585,-7.890847959660772,-7.843089757845663,-7.868943660142916
SOL_USDT,2026-01-22T00:00:00Z,2026-01-22T08:00:00Z,2026-01-23T08:00:00Z,2026,2026-01-19T00:00:00Z,0.1541686197605097,-7.750612973209628,-7.3662835615963855,-7.384124536148608,-7.361669367800248
LINK_USDT,2026-01-22T00:00:00Z,2026-01-22T08:00:00Z,2026-01-23T08:00:00Z,2026,2026-01-19T00:00:00Z,0.15680754614526785,-8.193522089179973,-7.331161085667784,-7.330892132548442,-7.33763075193595
ETH_USDT,2026-01-23T00:00:00Z,2026-01-23T08:00:00Z,2026-01-24T08:00:00Z,2026,2026-01-19T00:00:00Z,-0.04578172887902967,-12.505251686779951,-7.833988946293708,-7.869694795596349,-7.812784885794216
SOL_USDT,2026-01-23T00:00:00Z,2026-01-23T08:00:00Z,2026-01-24T08:00:00Z,2026,2026-01-19T00:00:00Z,-0.39705662737664305,-10.823261147177,-7.378608772390401,-7.4433781225662665,-7.380541456545355
LINK_USDT,2026-01-23T00:00:00Z,2026-01-23T08:00:00Z,2026-01-24T08:00:00Z,2026,2026-01-19T00:00:00Z,-0.3118650483085562,-11.175660890447435,-7.342446242146565,-7.386491368976478,-7.342882167815314
ETH_USDT,2026-01-24T00:00:00Z,2026-01-24T08:00:00Z,2026-01-25T08:00:00Z,2026,2026-01-19T00:00:00Z,0.0242277163658412,-10.664713620246202,-8.012761319937225,-7.929826912246909,-8.024254294205765
SOL_USDT,2026-01-24T00:00:00Z,2026-01-24T08:00:00Z,2026-01-25T08:00:00Z,2026,2026-01-19T00:00:00Z,-0.28997083996991174,-9.954509915523941,-7.545777226453246,-7.5220747946784945,-7.574006377570167
LINK_USDT,2026-01-24T00:00:00Z,2026-01-24T08:00:00Z,2026-01-25T08:00:00Z,2026,2026-01-19T00:00:00Z,-0.5971150029338161,-8.712929132052912,-7.496055887251588,-7.491703985626979,-7.518472065521278
ETH_USDT,2026-01-25T00:00:00Z,2026-01-25T08:00:00Z,2026-01-26T08:00:00Z,2026,2026-01-19T00:00:00Z,-1.2045501803067966,-6.024565885682839,-8.129672457341636,-8.177298610434796,-8.135734890809138
SOL_USDT,2026-01-25T00:00:00Z,2026-01-25T08:00:00Z,2026-01-26T08:00:00Z,2026,2026-01-19T00:00:00Z,-1.2114829836591114,-5.472659890682578,-7.635924095411572,-7.726037968553008,-7.658678419719877
LINK_USDT,2026-01-25T00:00:00Z,2026-01-25T08:00:00Z,2026-01-26T08:00:00Z,2026,2026-01-19T00:00:00Z,-1.045489994502903,-6.047334958027034,-7.525094919150512,-7.611320091095762,-7.565040495400689
ETH_USDT,2026-01-26T00:00:00Z,2026-01-26T08:00:00Z,2026-01-27T08:00:00Z,2026,2026-01-26T00:00:00Z,0.1752072231301062,-9.057810022440062,-7.775347100539147,-7.824396255184331,-7.86778790990464
SOL_USDT,2026-01-26T00:00:00Z,2026-01-26T08:00:00Z,2026-01-27T08:00:00Z,2026,2026-01-26T00:00:00Z,0.45517036528493016,-9.655741746215702,-7.28469554030175,-7.302685690519806,-7.3752468459692455
LINK_USDT,2026-01-26T00:00:00Z,2026-01-26T08:00:00Z,2026-01-27T08:00:00Z,2026,2026-01-26T00:00:00Z,0.11813970860508001,-9.82339055874779,-7.375391209116607,-7.415742913932954,-7.448889362726968
ETH_USDT,2026-01-27T00:00:00Z,2026-01-27T08:00:00Z,2026-01-28T08:00:00Z,2026,2026-01-26T00:00:00Z,0.39142312143101365,-6.951807510967993,-7.734487320100439,-7.74190382109238,-7.740876922946472
SOL_USDT,2026-01-27T00:00:00Z,2026-01-27T08:00:00Z,2026-01-28T08:00:00Z,2026,2026-01-26T00:00:00Z,-0.1983551685396673,-8.063873166741109,-7.29893537871848,-7.36519989273386,-7.285478077745212
LINK_USDT,2026-01-27T00:00:00Z,2026-01-27T08:00:00Z,2026-01-28T08:00:00Z,2026,2026-01-26T00:00:00Z,-0.25271461384295607,-9.634862232161165,-7.460794957122803,-7.516959344826257,-7.456109878287798
ETH_USDT,2026-01-28T00:00:00Z,2026-01-28T08:00:00Z,2026-01-29T08:00:00Z,2026,2026-01-26T00:00:00Z,0.3635266293712517,-8.203338632691692,-7.855344804877823,-7.848289635826571,-7.836192826472026
SOL_USDT,2026-01-28T00:00:00Z,2026-01-28T08:00:00Z,2026-01-29T08:00:00Z,2026,2026-01-26T00:00:00Z,-0.3289095155158293,-8.279386034308454,-7.417880419473778,-7.4643721160094145,-7.440251283400543
LINK_USDT,2026-01-28T00:00:00Z,2026-01-28T08:00:00Z,2026-01-29T08:00:00Z,2026,2026-01-26T00:00:00Z,-0.1854710639430317,-7.432027089061846,-7.745306484373786,-7.709969894419619,-7.749979011718975
ETH_USDT,2026-01-29T00:00:00Z,2026-01-29T08:00:00Z,2026-01-30T08:00:00Z,2026,2026-01-26T00:00:00Z,-0.07982495392499486,-5.766802392558314,-7.979287356138284,-7.953345731673039,-7.96175929035026
SOL_USDT,2026-01-29T00:00:00Z,2026-01-29T08:00:00Z,2026-01-30T08:00:00Z,2026,2026-01-26T00:00:00Z,-0.3124846475648673,-5.859852013403502,-7.506284392375836,-7.511957428851414,-7.536572692592527
LINK_USDT,2026-01-29T00:00:00Z,2026-01-29T08:00:00Z,2026-01-30T08:00:00Z,2026,2026-01-26T00:00:00Z,-0.45728880777232855,-5.683922223004448,-7.654322401459148,-7.688194958246667,-7.661537314112545
ETH_USDT,2026-01-30T00:00:00Z,2026-01-30T08:00:00Z,2026-01-31T08:00:00Z,2026,2026-01-26T00:00:00Z,0.47845249678290047,-8.600191713756386,-7.680552256347151,-7.701688851799461,-7.703063521913833
SOL_USDT,2026-01-30T00:00:00Z,2026-01-30T08:00:00Z,2026-01-31T08:00:00Z,2026,2026-01-26T00:00:00Z,0.24061483853994364,-8.977585644459237,-7.254249711185271,-7.296773395890737,-7.2912546925786526
LINK_USDT,2026-01-30T00:00:00Z,2026-01-30T08:00:00Z,2026-01-31T08:00:00Z,2026,2026-01-26T00:00:00Z,0.2529062676503573,-8.007944134015947,-7.328821568402584,-7.366943598275144,-7.3684416705882585
ETH_USDT,2026-01-31T00:00:00Z,2026-01-31T08:00:00Z,2026-02-01T08:00:00Z,2026,2026-01-26T00:00:00Z,0.7309429242900072,-5.403453962889325,-7.628639608016311,-7.596100763927352,-7.614568319056022
SOL_USDT,2026-01-31T00:00:00Z,2026-01-31T08:00:00Z,2026-02-01T08:00:00Z,2026,2026-01-26T00:00:00Z,0.44140925510070467,-4.9897305439523265,-7.279381422828268,-7.256058847012692,-7.277081550109695
LINK_USDT,2026-01-31T00:00:00Z,2026-01-31T08:00:00Z,2026-02-01T08:00:00Z,2026,2026-01-26T00:00:00Z,0.46334033632155497,-5.774946962620256,-7.310026140796788,-7.2909149673036735,-7.30186465286135
ETH_USDT,2026-02-01T00:00:00Z,2026-02-01T08:00:00Z,2026-02-02T08:00:00Z,2026,2026-01-26T00:00:00Z,0.9024790443348631,-6.044296042853496,-7.362771052231951,-7.344937067921082,-7.338023946671832
SOL_USDT,2026-02-01T00:00:00Z,2026-02-01T08:00:00Z,2026-02-02T08:00:00Z,2026,2026-01-26T00:00:00Z,0.8875886242732353,-6.665862521365876,-6.906587610353454,-6.892899335332058,-6.901800774755274
LINK_USDT,2026-02-01T00:00:00Z,2026-02-01T08:00:00Z,2026-02-02T08:00:00Z,2026,2026-01-26T00:00:00Z,1.0034015751801137,-6.293862962293242,-7.093585709034146,-7.051381879362192,-7.078970643968511
ETH_USDT,2026-02-02T00:00:00Z,2026-02-02T08:00:00Z,2026-02-03T08:00:00Z,2026,2026-02-02T00:00:00Z,0.7246461071050188,-5.489277909822226,-7.306661090148884,-7.277806247771893,-7.270816072901502
SOL_USDT,2026-02-02T00:00:00Z,2026-02-02T08:00:00Z,2026-02-03T08:00:00Z,2026,2026-02-02T00:00:00Z,0.1233965230401342,-6.890698968782932,-6.979532041505415,-6.997729640489934,-6.939190663744196
LINK_USDT,2026-02-02T00:00:00Z,2026-02-02T08:00:00Z,2026-02-03T08:00:00Z,2026,2026-02-02T00:00:00Z,0.3939951022857499,-5.706069966795477,-7.061692136907729,-7.058755827306032,-7.010445668104227
ETH_USDT,2026-02-03T00:00:00Z,2026-02-03T08:00:00Z,2026-02-04T08:00:00Z,2026,2026-02-02T00:00:00Z,0.8323455364317286,-6.498729678086858,-7.170159030457179,-7.148226709487238,-7.146435942341856
SOL_USDT,2026-02-03T00:00:00Z,2026-02-03T08:00:00Z,2026-02-04T08:00:00Z,2026,2026-02-02T00:00:00Z,0.3686636680501677,-5.952869278917436,-6.992668700945412,-6.989432622885066,-7.002849420453168
LINK_USDT,2026-02-03T00:00:00Z,2026-02-03T08:00:00Z,2026-02-04T08:00:00Z,2026,2026-02-02T00:00:00Z,0.6195297989700433,-6.823581198610388,-6.9493970670119145,-6.9416320164605425,-6.941696025670392
ETH_USDT,2026-02-04T00:00:00Z,2026-02-04T08:00:00Z,2026-02-05T08:00:00Z,2026,2026-02-02T00:00:00Z,0.8135374157330412,-5.456834767879531,-7.198781306936136,-7.149575586332426,-7.161828175866226
SOL_USDT,2026-02-04T00:00:00Z,2026-02-04T08:00:00Z,2026-02-05T08:00:00Z,2026,2026-02-02T00:00:00Z,0.12845412358575892,-5.733914682947719,-6.883805513016869,-6.92780585395454,-6.879490078728732
LINK_USDT,2026-02-04T00:00:00Z,2026-02-04T08:00:00Z,2026-02-05T08:00:00Z,2026,2026-02-02T00:00:00Z,0.39282640954398873,-5.840573593187175,-6.965894571982883,-6.95680726353881,-6.939409719033649
ETH_USDT,2026-02-05T00:00:00Z,2026-02-05T08:00:00Z,2026-02-06T08:00:00Z,2026,2026-02-02T00:00:00Z,0.6939273801281653,-4.538175981579183,-7.044774515916906,-7.035475436069155,-7.013890388507734
SOL_USDT,2026-02-05T00:00:00Z,2026-02-05T08:00:00Z,2026-02-06T08:00:00Z,2026,2026-02-02T00:00:00Z,0.37223372290265533,-4.531674811353472,-6.794914049359557,-6.8137377797566305,-6.811393718499261
LINK_USDT,2026-02-05T00:00:00Z,2026-02-05T08:00:00Z,2026-02-06T08:00:00Z,2026,2026-02-02T00:00:00Z,0.29309024410347884,-4.645711416287766,-6.844366386982784,-6.873173245217981,-6.839347311960598
ETH_USDT,2026-02-06T00:00:00Z,2026-02-06T08:00:00Z,2026-02-07T08:00:00Z,2026,2026-02-02T00:00:00Z,0.9727118517305835,-5.5876955732781655,-6.856136849847042,-6.838504568517548,-6.834032661564777
SOL_USDT,2026-02-06T00:00:00Z,2026-02-06T08:00:00Z,2026-02-07T08:00:00Z,2026,2026-02-02T00:00:00Z,0.7359317168641659,-5.224747736417616,-6.5688521983435,-6.5792133693248775,-6.569432818984112
LINK_USDT,2026-02-06T00:00:00Z,2026-02-06T08:00:00Z,2026-02-07T08:00:00Z,2026,2026-02-02T00:00:00Z,1.0062019079345603,-5.277146752555465,-6.628345859734267,-6.606372771043761,-6.632550347991872
ETH_USDT,2026-02-07T00:00:00Z,2026-02-07T08:00:00Z,2026-02-08T08:00:00Z,2026,2026-02-02T00:00:00Z,0.9662993946072709,-7.738993973833989,-6.787604014878338,-6.750810390841494,-6.743788362226372
SOL_USDT,2026-02-07T00:00:00Z,2026-02-07T08:00:00Z,2026-02-08T08:00:00Z,2026,2026-02-02T00:00:00Z,0.7757694315191128,-7.913985972058748,-6.49042432831529,-6.47500128309903,-6.463614477180238
LINK_USDT,2026-02-07T00:00:00Z,2026-02-07T08:00:00Z,2026-02-08T08:00:00Z,2026,2026-02-02T00:00:00Z,0.8636330133501796,-7.826589967935824,-6.541808789225187,-6.518138865622345,-6.492048389647337
ETH_USDT,2026-02-08T00:00:00Z,2026-02-08T08:00:00Z,2026-02-09T08:00:00Z,2026,2026-02-02T00:00:00Z,0.38298171828714733,-7.96368497439181,-6.880470981968504,-6.860447111632807,-6.829923203819613
SOL_USDT,2026-02-08T00:00:00Z,2026-02-08T08:00:00Z,2026-02-09T08:00:00Z,2026,2026-02-02T00:00:00Z,-0.11376104822260052,-7.831294391389592,-6.613993968846691,-6.6529755479856805,-6.574094684829655
LINK_USDT,2026-02-08T00:00:00Z,2026-02-08T08:00:00Z,2026-02-09T08:00:00Z,2026,2026-02-02T00:00:00Z,0.3491326434142726,-8.687250337850642,-6.6217917825053165,-6.608334761782413,-6.576571050637666
ETH_USDT,2026-02-09T00:00:00Z,2026-02-09T08:00:00Z,2026-02-10T08:00:00Z,2026,2026-02-09T00:00:00Z,-0.46138712029664536,-5.918327553580933,-6.9596086222074485,-7.001960133359876,-6.951963937814303
SOL_USDT,2026-02-09T00:00:00Z,2026-02-09T08:00:00Z,2026-02-10T08:00:00Z,2026,2026-02-09T00:00:00Z,-0.652238242569671,-6.980045013401981,-6.716104803202568,-6.763544797813338,-6.741542235108271
LINK_USDT,2026-02-09T00:00:00Z,2026-02-09T08:00:00Z,2026-02-10T08:00:00Z,2026,2026-02-09T00:00:00Z,-0.6037986061128444,-6.735726823290386,-6.7207042355858775,-6.770035834412007,-6.712447959479028
ETH_USDT,2026-02-10T00:00:00Z,2026-02-10T08:00:00Z,2026-02-11T08:00:00Z,2026,2026-02-09T00:00:00Z,-0.237013016109327,-6.5985071886902835,-6.996956657518279,-7.020591470918467,-7.045233051875427
SOL_USDT,2026-02-10T00:00:00Z,2026-02-10T08:00:00Z,2026-02-11T08:00:00Z,2026,2026-02-09T00:00:00Z,-0.3164056920394682,-7.069602144157479,-6.665669415855362,-6.701125705471584,-6.728909903794428
LINK_USDT,2026-02-10T00:00:00Z,2026-02-10T08:00:00Z,2026-02-11T08:00:00Z,2026,2026-02-09T00:00:00Z,-0.5252253470443796,-7.033382775681124,-6.775315590159852,-6.8110702349832355,-6.83070808728876
ETH_USDT,2026-02-11T00:00:00Z,2026-02-11T08:00:00Z,2026-02-12T08:00:00Z,2026,2026-02-09T00:00:00Z,-0.3579944661621514,-7.963559679907057,-6.919510796258935,-6.987132926515949,-6.953541241659851
SOL_USDT,2026-02-11T00:00:00Z,2026-02-11T08:00:00Z,2026-02-12T08:00:00Z,2026,2026-02-09T00:00:00Z,-0.5381206418495238,-7.394907139430314,-6.684003072636349,-6.753336448598256,-6.7212362123415765
LINK_USDT,2026-02-11T00:00:00Z,2026-02-11T08:00:00Z,2026-02-12T08:00:00Z,2026,2026-02-09T00:00:00Z,-0.6958057557680725,-7.702404801921297,-6.705982233045825,-6.8000374862065,-6.757467504598608
ETH_USDT,2026-02-12T00:00:00Z,2026-02-12T08:00:00Z,2026-02-13T08:00:00Z,2026,2026-02-09T00:00:00Z,-0.4788091630291826,-8.880225728163012,-6.992623437921392,-7.064885580367307,-7.031092667192241
SOL_USDT,2026-02-12T00:00:00Z,2026-02-12T08:00:00Z,2026-02-13T08:00:00Z,2026,2026-02-09T00:00:00Z,-0.3149368525564351,-7.418883889484094,-6.736378578072542,-6.782444771463152,-6.787607733465888
LINK_USDT,2026-02-12T00:00:00Z,2026-02-12T08:00:00Z,2026-02-13T08:00:00Z,2026,2026-02-09T00:00:00Z,-0.2255935629738299,-8.56997122187245,-6.746945284067966,-6.788914910706911,-6.8091542091069766
ETH_USDT,2026-02-13T00:00:00Z,2026-02-13T08:00:00Z,2026-02-14T08:00:00Z,2026,2026-02-09T00:00:00Z,-0.6824004239851167,-5.967966549093956,-7.319754853694056,-7.360625690783775,-7.347941688811731
SOL_USDT,2026-02-13T00:00:00Z,2026-02-13T08:00:00Z,2026-02-14T08:00:00Z,2026,2026-02-09T00:00:00Z,-0.4753141240890707,-5.816213195713127,-7.028045072883544,-7.065573426779908,-7.040884111962298
LINK_USDT,2026-02-13T00:00:00Z,2026-02-13T08:00:00Z,2026-02-14T08:00:00Z,2026,2026-02-09T00:00:00Z,-0.7494289533360785,-6.344751587605768,-7.0788129499218355,-7.137359565520095,-7.084288200309485
ETH_USDT,2026-02-14T00:00:00Z,2026-02-14T08:00:00Z,2026-02-15T08:00:00Z,2026,2026-02-09T00:00:00Z,-0.6411039153457212,-8.429703990033477,-7.3553722449897,-7.449367716420865,-7.393599019707347
SOL_USDT,2026-02-14T00:00:00Z,2026-02-14T08:00:00Z,2026-02-15T08:00:00Z,2026,2026-02-09T00:00:00Z,-0.3684074673808676,-6.420220824866622,-7.099241916434433,-7.159275330367899,-7.115792418851746
LINK_USDT,2026-02-14T00:00:00Z,2026-02-14T08:00:00Z,2026-02-15T08:00:00Z,2026,2026-02-09T00:00:00Z,-0.7005204829203575,-7.839112790728013,-7.252880271853984,-7.33943242496873,-7.283748695125116
ETH_USDT,2026-02-15T00:00:00Z,2026-02-15T08:00:00Z,2026-02-16T08:00:00Z,2026,2026-02-09T00:00:00Z,-1.2457985633144943,-6.196505437666571,-7.449183529806531,-7.5378976855162945,-7.478536079122975
SOL_USDT,2026-02-15T00:00:00Z,2026-02-15T08:00:00Z,2026-02-16T08:00:00Z,2026,2026-02-09T00:00:00Z,-0.524161267160825,-6.343031746733153,-7.128567425076483,-7.155811713622251,-7.134340427807147
LINK_USDT,2026-02-15T00:00:00Z,2026-02-15T08:00:00Z,2026-02-16T08:00:00Z,2026,2026-02-09T00:00:00Z,-0.44299609042919846,-6.509316136970167,-7.294036832738525,-7.2979917050192835,-7.317730604674879
ETH_USDT,2026-02-16T00:00:00Z,2026-02-16T08:00:00Z,2026-02-17T08:00:00Z,2026,2026-02-16T00:00:00Z,0.03793530947807199,-7.528297199459321,-7.297025902446953,-7.296599773281876,-7.388358017331385
SOL_USDT,2026-02-16T00:00:00Z,2026-02-16T08:00:00Z,2026-02-17T08:00:00Z,2026,2026-02-16T00:00:00Z,-0.14040971398250507,-6.240916790661179,-6.98328825610951,-7.010788205384608,-7.01263420146645
LINK_USDT,2026-02-16T00:00:00Z,2026-02-16T08:00:00Z,2026-02-17T08:00:00Z,2026,2026-02-16T00:00:00Z,-0.3658094012307581,-7.166656621078756,-7.155897608819882,-7.19948027038783,-7.16759020296761
ETH_USDT,2026-02-17T00:00:00Z,2026-02-17T08:00:00Z,2026-02-18T08:00:00Z,2026,2026-02-16T00:00:00Z,-0.857135372234325,-7.859764901666574,-7.347892803166723,-7.425317665540016,-7.325746348020017
SOL_USDT,2026-02-17T00:00:00Z,2026-02-17T08:00:00Z,2026-02-18T08:00:00Z,2026,2026-02-16T00:00:00Z,-0.29297125896358284,-6.710321826763886,-6.921513125879102,-6.963668456854019,-6.921496328349398
LINK_USDT,2026-02-17T00:00:00Z,2026-02-17T08:00:00Z,2026-02-18T08:00:00Z,2026,2026-02-16T00:00:00Z,-0.8672845548537174,-8.488746142488349,-7.146066619944867,-7.234445097051693,-7.152476691315962
ETH_USDT,2026-02-18T00:00:00Z,2026-02-18T08:00:00Z,2026-02-19T08:00:00Z,2026,2026-02-16T00:00:00Z,-0.713988390360208,-7.319359627433658,-7.467189462799702,-7.497757099441911,-7.511515946991731
SOL_USDT,2026-02-18T00:00:00Z,2026-02-18T08:00:00Z,2026-02-19T08:00:00Z,2026,2026-02-16T00:00:00Z,-0.5383556983795126,-6.804971906115412,-6.920602012631867,-6.974532526743649,-6.934043235978156
LINK_USDT,2026-02-18T00:00:00Z,2026-02-18T08:00:00Z,2026-02-19T08:00:00Z,2026,2026-02-16T00:00:00Z,-0.8988252600640995,-7.047418923487048,-7.260034856310061,-7.306801099066755,-7.302319077701408
ETH_USDT,2026-02-19T00:00:00Z,2026-02-19T08:00:00Z,2026-02-20T08:00:00Z,2026,2026-02-16T00:00:00Z,-0.7314497601085129,-6.926948109310265,-7.484857542509399,-7.541434691334849,-7.514031844281514
SOL_USDT,2026-02-19T00:00:00Z,2026-02-19T08:00:00Z,2026-02-20T08:00:00Z,2026,2026-02-16T00:00:00Z,-0.42336447778116726,-6.789375218048334,-6.9267433579247335,-6.967873348150725,-6.960865560705663
LINK_USDT,2026-02-19T00:00:00Z,2026-02-19T08:00:00Z,2026-02-20T08:00:00Z,2026,2026-02-16T00:00:00Z,-0.8803029473566849,-6.662969356194431,-7.2203096008916745,-7.3099671728035345,-7.26729716008487
ETH_USDT,2026-02-20T00:00:00Z,2026-02-20T08:00:00Z,2026-02-21T08:00:00Z,2026,2026-02-16T00:00:00Z,-1.0002525483031486,-10.898843422254537,-7.416334048068933,-7.521294887751916,-7.452960106289986
SOL_USDT,2026-02-20T00:00:00Z,2026-02-20T08:00:00Z,2026-02-21T08:00:00Z,2026,2026-02-16T00:00:00Z,-0.5244026007405205,-8.729529365965313,-6.914370157200761,-6.968155960786597,-6.939425397559033
LINK_USDT,2026-02-20T00:00:00Z,2026-02-20T08:00:00Z,2026-02-21T08:00:00Z,2026,2026-02-16T00:00:00Z,-0.9422715485740065,-7.283161305621233,-7.141181674496465,-7.250475625431472,-7.1921964232772675
ETH_USDT,2026-02-21T00:00:00Z,2026-02-21T08:00:00Z,2026-02-22T08:00:00Z,2026,2026-02-16T00:00:00Z,-0.7218405403595883,-8.408130425523801,-7.7022160906118655,-7.68362762458279,-7.740176412928513
SOL_USDT,2026-02-21T00:00:00Z,2026-02-21T08:00:00Z,2026-02-22T08:00:00Z,2026,2026-02-16T00:00:00Z,-0.21225136130003333,-6.883270027134832,-7.0689094572342785,-7.041049927106326,-7.090890305482381
LINK_USDT,2026-02-21T00:00:00Z,2026-02-21T08:00:00Z,2026-02-22T08:00:00Z,2026,2026-02-16T00:00:00Z,-0.30491584531636484,-8.820418068104175,-7.219249720899078,-7.2236928132406115,-7.2686632587715305
ETH_USDT,2026-02-22T00:00:00Z,2026-02-22T08:00:00Z,2026-02-23T08:00:00Z,2026,2026-02-16T00:00:00Z,-1.4686664752080043,-6.4729857535815105,-7.651330495323907,-7.770717767860165,-7.670115915296755
SOL_USDT,2026-02-22T00:00:00Z,2026-02-22T08:00:00Z,2026-02-23T08:00:00Z,2026,2026-02-16T00:00:00Z,-0.9315331508931944,-6.09274552087724,-7.009991701102011,-7.109014179958444,-7.008782473146056
LINK_USDT,2026-02-22T00:00:00Z,2026-02-22T08:00:00Z,2026-02-23T08:00:00Z,2026,2026-02-16T00:00:00Z,-0.7775733049931871,-6.2879947342386915,-7.2800555018153785,-7.320012313265794,-7.272397025688931
ETH_USDT,2026-02-23T00:00:00Z,2026-02-23T08:00:00Z,2026-02-24T08:00:00Z,2026,2026-02-23T00:00:00Z,-1.6062232721760332,-7.201962692471938,-7.86090895303054,-7.951976978505423,-7.928283031483581
SOL_USDT,2026-02-23T00:00:00Z,2026-02-23T08:00:00Z,2026-02-24T08:00:00Z,2026,2026-02-23T00:00:00Z,-0.9278978581216099,-7.505212269474054,-7.116330514047324,-7.17109407400864,-7.170221891989436
LINK_USDT,2026-02-23T00:00:00Z,2026-02-23T08:00:00Z,2026-02-24T08:00:00Z,2026,2026-02-23T00:00:00Z,-1.165262871723423,-7.420851244023633,-7.368432808840066,-7.438246601229167,-7.394138916174008
ETH_USDT,2026-02-24T00:00:00Z,2026-02-24T08:00:00Z,2026-02-25T08:00:00Z,2026,2026-02-23T00:00:00Z,-0.4003747610365311,-7.361192195857543,-7.630958002329285,-7.662117790959232,-7.7262143531051475
SOL_USDT,2026-02-24T00:00:00Z,2026-02-24T08:00:00Z,2026-02-25T08:00:00Z,2026,2026-02-23T00:00:00Z,0.04217245719420156,-6.17591576022509,-7.093353832852938,-7.080814036919044,-7.144792177587332
LINK_USDT,2026-02-24T00:00:00Z,2026-02-24T08:00:00Z,2026-02-25T08:00:00Z,2026,2026-02-23T00:00:00Z,-0.041844387864098456,-6.797499834414694,-7.214484562282745,-7.216678300381961,-7.28409079520381
ETH_USDT,2026-02-25T00:00:00Z,2026-02-25T08:00:00Z,2026-02-26T08:00:00Z,2026,2026-02-23T00:00:00Z,-0.6443017863465961,-5.456522237003386,-7.66620147843625,-7.6942308600637555,-7.65273182429187
SOL_USDT,2026-02-25T00:00:00Z,2026-02-25T08:00:00Z,2026-02-26T08:00:00Z,2026,2026-02-23T00:00:00Z,-0.32139571752988616,-5.918548002496501,-7.1661695654620265,-7.173293196237712,-7.127683360421534
LINK_USDT,2026-02-25T00:00:00Z,2026-02-25T08:00:00Z,2026-02-26T08:00:00Z,2026,2026-02-23T00:00:00Z,-0.5615540644488204,-4.8292386548809105,-7.281790053106318,-7.30271162559393,-7.248878461165527
ETH_USDT,2026-02-26T00:00:00Z,2026-02-26T08:00:00Z,2026-02-27T08:00:00Z,2026,2026-02-23T00:00:00Z,-0.1140714972092862,-9.116348571640636,-7.310484084924696,-7.344522944374389,-7.343153063026416
SOL_USDT,2026-02-26T00:00:00Z,2026-02-26T08:00:00Z,2026-02-27T08:00:00Z,2026,2026-02-23T00:00:00Z,0.2111941558764618,-7.872442932239363,-6.937954795739887,-6.93252651995686,-6.9467339087523
LINK_USDT,2026-02-26T00:00:00Z,2026-02-26T08:00:00Z,2026-02-27T08:00:00Z,2026,2026-02-23T00:00:00Z,0.2936293223603164,-8.703466953801748,-6.766593212476141,-6.780688595941114,-6.811650389320159
ETH_USDT,2026-02-27T00:00:00Z,2026-02-27T08:00:00Z,2026-02-28T08:00:00Z,2026,2026-02-23T00:00:00Z,-0.525271313757584,-5.814364597148499,-7.46621306589446,-7.438776129071843,-7.444222144984158
SOL_USDT,2026-02-27T00:00:00Z,2026-02-27T08:00:00Z,2026-02-28T08:00:00Z,2026,2026-02-23T00:00:00Z,-0.2934669820853221,-5.38824638561211,-7.054366321286589,-7.016106372492192,-7.0089884874424335
LINK_USDT,2026-02-27T00:00:00Z,2026-02-27T08:00:00Z,2026-02-28T08:00:00Z,2026,2026-02-23T00:00:00Z,-0.21759499079565878,-5.646731948136904,-6.915519734404256,-6.875846688077997,-6.877526825698223
ETH_USDT,2026-02-28T00:00:00Z,2026-02-28T08:00:00Z,2026-03-01T08:00:00Z,2026,2026-02-23T00:00:00Z,-0.579598636868758,-6.260909011510619,-7.296975107108104,-7.360783116480815,-7.3232554294428995
SOL_USDT,2026-02-28T00:00:00Z,2026-02-28T08:00:00Z,2026-03-01T08:00:00Z,2026,2026-02-23T00:00:00Z,-0.32710724840732,-5.738725952665877,-6.854964419202578,-6.904302905195034,-6.868040751996234
LINK_USDT,2026-02-28T00:00:00Z,2026-02-28T08:00:00Z,2026-03-01T08:00:00Z,2026,2026-02-23T00:00:00Z,-0.6743238065376229,-5.929316763858406,-6.817231398817431,-6.903181990730572,-6.830255942054797
ETH_USDT,2026-03-01T00:00:00Z,2026-03-01T08:00:00Z,2026-03-02T08:00:00Z,2026,2026-02-23T00:00:00Z,-0.5280143493307837,-7.138590225694899,-7.207080102647978,-7.28817640201883,-7.247592244714357
SOL_USDT,2026-03-01T00:00:00Z,2026-03-01T08:00:00Z,2026-03-02T08:00:00Z,2026,2026-02-23T00:00:00Z,-0.01877612283524207,-7.149526093617553,-6.770088647715696,-6.801240279182535,-6.793993676012559
LINK_USDT,2026-03-01T00:00:00Z,2026-03-01T08:00:00Z,2026-03-02T08:00:00Z,2026,2026-02-23T00:00:00Z,0.019997630820568088,-7.0477718351591445,-6.691891595819789,-6.72991271768117,-6.759084242924071
ETH_USDT,2026-03-02T00:00:00Z,2026-03-02T08:00:00Z,2026-03-03T08:00:00Z,2026,2026-03-02T00:00:00Z,-0.32563316224805094,-5.762705014493824,-7.1652386647639545,-7.189071134009854,-7.203042525201979
SOL_USDT,2026-03-02T00:00:00Z,2026-03-02T08:00:00Z,2026-03-03T08:00:00Z,2026,2026-03-02T00:00:00Z,-0.01396355940659411,-5.235113777609638,-6.754184358873429,-6.747321350297111,-6.750629913638905
LINK_USDT,2026-03-02T00:00:00Z,2026-03-02T08:00:00Z,2026-03-03T08:00:00Z,2026,2026-03-02T00:00:00Z,-0.17374154874896788,-5.8433374977859565,-6.6986613289292825,-6.712165465147399,-6.700499010273057
ETH_USDT,2026-03-03T00:00:00Z,2026-03-03T08:00:00Z,2026-03-04T08:00:00Z,2026,2026-03-02T00:00:00Z,-0.18692671714224046,-7.8865425711770225,-7.135907381444049,-7.179023051908065,-7.159427651439294
SOL_USDT,2026-03-03T00:00:00Z,2026-03-03T08:00:00Z,2026-03-04T08:00:00Z,2026,2026-03-02T00:00:00Z,0.18403673297295492,-7.460082798076771,-6.666310012014333,-6.682734006679839,-6.670797390458121
LINK_USDT,2026-03-03T00:00:00Z,2026-03-03T08:00:00Z,2026-03-04T08:00:00Z,2026,2026-03-02T00:00:00Z,-0.09117355350320946,-8.618881796601066,-6.68711417843485,-6.725664287789693,-6.708114220106826
ETH_USDT,2026-03-04T00:00:00Z,2026-03-04T08:00:00Z,2026-03-05T08:00:00Z,2026,2026-03-02T00:00:00Z,-0.29257267544672894,-5.296473565761005,-7.162410426425063,-7.166913298744754,-7.174194650909857
SOL_USDT,2026-03-04T00:00:00Z,2026-03-04T08:00:00Z,2026-03-05T08:00:00Z,2026,2026-03-02T00:00:00Z,-0.03439164695324802,-5.446297362424089,-6.698874395890602,-6.683880740678407,-6.684332911491408
LINK_USDT,2026-03-04T00:00:00Z,2026-03-04T08:00:00Z,2026-03-05T08:00:00Z,2026,2026-03-02T00:00:00Z,-0.47111412349153875,-5.390345068870943,-6.724718963611233,-6.75132045577971,-6.73856538199539
ETH_USDT,2026-03-05T00:00:00Z,2026-03-05T08:00:00Z,2026-03-06T08:00:00Z,2026,2026-03-02T00:00:00Z,0.16771621494959185,-8.854982346084302,-7.117951844116676,-7.137410719100366,-7.141067873552608
SOL_USDT,2026-03-05T00:00:00Z,2026-03-05T08:00:00Z,2026-03-06T08:00:00Z,2026,2026-03-02T00:00:00Z,0.4456073107665305,-8.982384837356888,-6.674201573249702,-6.656412678172476,-6.677757648326747
LINK_USDT,2026-03-05T00:00:00Z,2026-03-05T08:00:00Z,2026-03-06T08:00:00Z,2026,2026-03-02T00:00:00Z,0.15691049199668877,-9.380385160136846,-6.791164267294289,-6.809982187238199,-6.830111560151428
ETH_USDT,2026-03-06T00:00:00Z,2026-03-06T08:00:00Z,2026-03-07T08:00:00Z,2026,2026-03-02T00:00:00Z,-0.31243701273282837,-5.9252849625759545,-7.174438147216301,-7.167308581508553,-7.152960915375435
SOL_USDT,2026-03-06T00:00:00Z,2026-03-06T08:00:00Z,2026-03-07T08:00:00Z,2026,2026-03-02T00:00:00Z,-0.06949918916802143,-6.117636025709262,-6.739021729311134,-6.699460428370109,-6.696564748378173
LINK_USDT,2026-03-06T00:00:00Z,2026-03-06T08:00:00Z,2026-03-07T08:00:00Z,2026,2026-03-02T00:00:00Z,-0.031695754856492564,-5.82754399950058,-6.845642888571351,-6.80361052133419,-6.823680332209168
ETH_USDT,2026-03-07T00:00:00Z,2026-03-07T08:00:00Z,2026-03-08T08:00:00Z,2026,2026-03-02T00:00:00Z,-0.34912087110194984,-9.337245882640572,-7.114995027069437,-7.174749141391603,-7.146000043645134
SOL_USDT,2026-03-07T00:00:00Z,2026-03-07T08:00:00Z,2026-03-08T08:00:00Z,2026,2026-03-02T00:00:00Z,-0.2635570390359692,-9.225512455673632,-6.733358621653422,-6.7764827637513605,-6.740250986898148
LINK_USDT,2026-03-07T00:00:00Z,2026-03-07T08:00:00Z,2026-03-08T08:00:00Z,2026,2026-03-02T00:00:00Z,-0.4636011707023632,-9.062916861663094,-6.768171079878986,-6.8414672998910495,-6.770055370249073
ETH_USDT,2026-03-08T00:00:00Z,2026-03-08T08:00:00Z,2026-03-09T08:00:00Z,2026,2026-03-02T00:00:00Z,-1.0663411534334728,-7.39031552184162,-7.313278014277136,-7.36062344047859,-7.3473671105721765
SOL_USDT,2026-03-08T00:00:00Z,2026-03-08T08:00:00Z,2026-03-09T08:00:00Z,2026,2026-03-02T00:00:00Z,-0.9777232644379675,-7.567191276286113,-6.909229718240836,-6.960817837053551,-6.932843007687621
LINK_USDT,2026-03-08T00:00:00Z,2026-03-08T08:00:00Z,2026-03-09T08:00:00Z,2026,2026-03-02T00:00:00Z,-1.0077331185236578,-7.131569412979054,-7.001445281226041,-7.048420461009612,-7.039787915129803
ETH_USDT,2026-03-09T00:00:00Z,2026-03-09T08:00:00Z,2026-03-10T08:00:00Z,2026,2026-03-09T00:00:00Z,-0.21827092668621897,-6.560191211153191,-7.371167219409921,-7.354853203464147,-7.484065646872548
SOL_USDT,2026-03-09T00:00:00Z,2026-03-09T08:00:00Z,2026-03-10T08:00:00Z,2026,2026-03-09T00:00:00Z,-0.5538461525141718,-7.000754473781653,-6.987111327586083,-7.013402215474389,-7.0867171227437
LINK_USDT,2026-03-09T00:00:00Z,2026-03-09T08:00:00Z,2026-03-10T08:00:00Z,2026,2026-03-09T00:00:00Z,-0.2980890084290405,-6.900163939130363,-7.059829441192617,-7.053869947923289,-7.158853355854237
ETH_USDT,2026-03-10T00:00:00Z,2026-03-10T08:00:00Z,2026-03-11T08:00:00Z,2026,2026-03-09T00:00:00Z,0.19495724506142184,-7.179954441055847,-7.367068149381347,-7.355177241962821,-7.3861297559582875
SOL_USDT,2026-03-10T00:00:00Z,2026-03-10T08:00:00Z,2026-03-11T08:00:00Z,2026,2026-03-09T00:00:00Z,0.01863969894132639,-6.754647870263898,-7.122120406828608,-7.111595107572024,-7.160835057950286
LINK_USDT,2026-03-10T00:00:00Z,2026-03-10T08:00:00Z,2026-03-11T08:00:00Z,2026,2026-03-09T00:00:00Z,0.13909400245591427,-7.805295700884794,-7.058020571943207,-7.048177692872188,-7.078510449306191
ETH_USDT,2026-03-11T00:00:00Z,2026-03-11T08:00:00Z,2026-03-12T08:00:00Z,2026,2026-03-09T00:00:00Z,0.04846816879399871,-7.910757087505775,-7.320664192041162,-7.335319227021532,-7.298151192265263
SOL_USDT,2026-03-11T00:00:00Z,2026-03-11T08:00:00Z,2026-03-12T08:00:00Z,2026,2026-03-09T00:00:00Z,0.04883059367089307,-8.243096673997153,-7.065004971601921,-7.066907430956874,-7.045601262991456
LINK_USDT,2026-03-11T00:00:00Z,2026-03-11T08:00:00Z,2026-03-12T08:00:00Z,2026,2026-03-09T00:00:00Z,0.13182769378867953,-8.66597959090113,-7.053234473723861,-7.038634508117603,-7.027070858706704
ETH_USDT,2026-03-12T00:00:00Z,2026-03-12T08:00:00Z,2026-03-13T08:00:00Z,2026,2026-03-09T00:00:00Z,-0.21128055725294384,-7.847347535770893,-7.522665706466302,-7.509192749529353,-7.491755559257295
SOL_USDT,2026-03-12T00:00:00Z,2026-03-12T08:00:00Z,2026-03-13T08:00:00Z,2026,2026-03-09T00:00:00Z,-0.0900568138955944,-7.539070955276104,-7.303398160166068,-7.239927698276942,-7.254451361724118
LINK_USDT,2026-03-12T00:00:00Z,2026-03-12T08:00:00Z,2026-03-13T08:00:00Z,2026,2026-03-09T00:00:00Z,0.030819881644394358,-8.085477916881041,-7.2551242527950395,-7.191415353713832,-7.205801822675012
ETH_USDT,2026-03-13T00:00:00Z,2026-03-13T08:00:00Z,2026-03-14T08:00:00Z,2026,2026-03-09T00:00:00Z,-0.05533369779776593,-7.559334391968082,-7.545826844802223,-7.502792924601757,-7.544321207236774
SOL_USDT,2026-03-13T00:00:00Z,2026-03-13T08:00:00Z,2026-03-14T08:00:00Z,2026,2026-03-09T00:00:00Z,-0.17519157702614166,-7.844820319565146,-7.3172716009874526,-7.260913392032283,-7.284284767203638
LINK_USDT,2026-03-13T00:00:00Z,2026-03-13T08:00:00Z,2026-03-14T08:00:00Z,2026,2026-03-09T00:00:00Z,-0.06490224416092435,-7.477709999325993,-7.296184107863462,-7.228234769645835,-7.2578211348876565
ETH_USDT,2026-03-14T00:00:00Z,2026-03-14T08:00:00Z,2026-03-15T08:00:00Z,2026,2026-03-09T00:00:00Z,0.36832562163172017,-8.965043814563645,-7.73603153590397,-7.655190034079661,-7.702795452337853
SOL_USDT,2026-03-14T00:00:00Z,2026-03-14T08:00:00Z,2026-03-15T08:00:00Z,2026,2026-03-09T00:00:00Z,0.37282598725362814,-8.193276674486475,-7.444536095633145,-7.350075289629884,-7.40858673787857
LINK_USDT,2026-03-14T00:00:00Z,2026-03-14T08:00:00Z,2026-03-15T08:00:00Z,2026,2026-03-09T00:00:00Z,0.5260111268632393,-7.931619469163555,-7.516294638312044,-7.40095944904679,-7.467157448436812
ETH_USDT,2026-03-15T00:00:00Z,2026-03-15T08:00:00Z,2026-03-16T08:00:00Z,2026,2026-03-09T00:00:00Z,-1.0015888965625512,-5.945861632427436,-7.736364328281364,-7.79741424025033,-7.662876117608355
SOL_USDT,2026-03-15T00:00:00Z,2026-03-15T08:00:00Z,2026-03-16T08:00:00Z,2026,2026-03-09T00:00:00Z,-0.8295563129357072,-5.960008760539355,-7.410810965869093,-7.454083021194078,-7.326009239459817
LINK_USDT,2026-03-15T00:00:00Z,2026-03-15T08:00:00Z,2026-03-16T08:00:00Z,2026,2026-03-09T00:00:00Z,-0.4036302719605054,-6.287543648572151,-7.446906208227568,-7.442918117811198,-7.346996284701229
ETH_USDT,2026-03-16T00:00:00Z,2026-03-16T08:00:00Z,2026-03-17T08:00:00Z,2026,2026-03-16T00:00:00Z,-0.356339420859122,-6.566203471627715,-7.566998362347738,-7.616479622200012,-7.638720728724582
SOL_USDT,2026-03-16T00:00:00Z,2026-03-16T08:00:00Z,2026-03-17T08:00:00Z,2026,2026-03-16T00:00:00Z,-0.23984671010756584,-6.6034346117519185,-7.194950592636545,-7.226841249886903,-7.244624581631118
LINK_USDT,2026-03-16T00:00:00Z,2026-03-16T08:00:00Z,2026-03-17T08:00:00Z,2026,2026-03-16T00:00:00Z,0.09268954985542918,-7.421255744933341,-7.3063298680729485,-7.285241759509261,-7.310610240265913
ETH_USDT,2026-03-17T00:00:00Z,2026-03-17T08:00:00Z,2026-03-18T08:00:00Z,2026,2026-03-16T00:00:00Z,0.7559601936807602,-10.56059055376472,-7.47976013011702,-7.401937056223456,-7.49857206739132
SOL_USDT,2026-03-17T00:00:00Z,2026-03-17T08:00:00Z,2026-03-18T08:00:00Z,2026,2026-03-16T00:00:00Z,0.5381471578340102,-8.72114304790359,-7.202561350822033,-7.124953633584697,-7.198443730442185
LINK_USDT,2026-03-17T00:00:00Z,2026-03-17T08:00:00Z,2026-03-18T08:00:00Z,2026,2026-03-16T00:00:00Z,0.8781962661231516,-10.942430538970738,-7.3610534233364815,-7.2293706052886515,-7.3130922990843095
ETH_USDT,2026-03-18T00:00:00Z,2026-03-18T08:00:00Z,2026-03-19T08:00:00Z,2026,2026-03-16T00:00:00Z,0.260305096477723,-5.60776225496159,-7.617727388400609,-7.529918580873742,-7.528856532382973
SOL_USDT,2026-03-18T00:00:00Z,2026-03-18T08:00:00Z,2026-03-19T08:00:00Z,2026,2026-03-16T00:00:00Z,-0.13261467764284596,-5.946634168610124,-7.273783641000087,-7.2450002965051015,-7.197148767031249
LINK_USDT,2026-03-18T00:00:00Z,2026-03-18T08:00:00Z,2026-03-19T08:00:00Z,2026,2026-03-16T00:00:00Z,0.31848420425291035,-5.44479168397979,-7.434620939055318,-7.331876118017827,-7.317025151038296
ETH_USDT,2026-03-19T00:00:00Z,2026-03-19T08:00:00Z,2026-03-20T08:00:00Z,2026,2026-03-16T00:00:00Z,0.19055535902683327,-7.395467364626132,-7.405170380170863,-7.412820072651421,-7.377369804531266
SOL_USDT,2026-03-19T00:00:00Z,2026-03-19T08:00:00Z,2026-03-20T08:00:00Z,2026,2026-03-16T00:00:00Z,-0.01825859572405817,-7.360324881804986,-7.139057629590177,-7.155225545033802,-7.134633639571864
LINK_USDT,2026-03-19T00:00:00Z,2026-03-19T08:00:00Z,2026-03-20T08:00:00Z,2026,2026-03-16T00:00:00Z,0.16833249781205947,-8.026068005912983,-7.11524955800236,-7.122456498170322,-7.075300130772803
ETH_USDT,2026-03-20T00:00:00Z,2026-03-20T08:00:00Z,2026-03-21T08:00:00Z,2026,2026-03-16T00:00:00Z,0.14910806552082512,-9.102255178647276,-7.384768669253562,-7.364961627959457,-7.360736918208493
SOL_USDT,2026-03-20T00:00:00Z,2026-03-20T08:00:00Z,2026-03-21T08:00:00Z,2026,2026-03-16T00:00:00Z,-0.2769394741906386,-8.912252588218735,-7.12307123475792,-7.13795681773598,-7.109935421791547
LINK_USDT,2026-03-20T00:00:00Z,2026-03-20T08:00:00Z,2026-03-21T08:00:00Z,2026,2026-03-16T00:00:00Z,0.17966788694802663,-8.509620553290006,-7.126911948230235,-7.084808237452776,-7.094707796203444
ETH_USDT,2026-03-21T00:00:00Z,2026-03-21T08:00:00Z,2026-03-22T08:00:00Z,2026,2026-03-16T00:00:00Z,-0.339598880912291,-6.798669313157932,-7.4656614156039245,-7.461485424431014,-7.440850000486526
SOL_USDT,2026-03-21T00:00:00Z,2026-03-21T08:00:00Z,2026-03-22T08:00:00Z,2026,2026-03-16T00:00:00Z,-0.4342458745421862,-7.309519095573725,-7.198695609417024,-7.201767653289085,-7.203757953806988
LINK_USDT,2026-03-21T00:00:00Z,2026-03-21T08:00:00Z,2026-03-22T08:00:00Z,2026,2026-03-16T00:00:00Z,-0.11465789197956433,-6.856196761224092,-7.169479372207937,-7.14856315156436,-7.1345817220857874
ETH_USDT,2026-03-22T00:00:00Z,2026-03-22T08:00:00Z,2026-03-23T08:00:00Z,2026,2026-03-16T00:00:00Z,-1.1524589019095495,-8.319101996432028,-7.381537868732776,-7.5041676376508315,-7.405011620787879
SOL_USDT,2026-03-22T00:00:00Z,2026-03-22T08:00:00Z,2026-03-23T08:00:00Z,2026,2026-03-16T00:00:00Z,-0.9927808731413246,-8.251056304048824,-7.162078879058379,-7.252043398166181,-7.183499944845195
LINK_USDT,2026-03-22T00:00:00Z,2026-03-22T08:00:00Z,2026-03-23T08:00:00Z,2026,2026-03-16T00:00:00Z,-0.7278293732351646,-8.458701718099006,-7.116737250164508,-7.1888627398114195,-7.112749214133492
ETH_USDT,2026-03-23T00:00:00Z,2026-03-23T08:00:00Z,2026-03-24T08:00:00Z,2026,2026-03-23T00:00:00Z,-0.3134635581976426,-6.336136859519901,-7.44788387318796,-7.447312020380123,-7.534739800537574
SOL_USDT,2026-03-23T00:00:00Z,2026-03-23T08:00:00Z,2026-03-24T08:00:00Z,2026,2026-03-23T00:00:00Z,-0.459379043625925,-6.07978323596192,-7.285645079570786,-7.29115347954121,-7.3443064302481345
LINK_USDT,2026-03-23T00:00:00Z,2026-03-23T08:00:00Z,2026-03-24T08:00:00Z,2026,2026-03-23T00:00:00Z,-0.05178101362617128,-6.066062122830849,-7.197552338348905,-7.161275165573977,-7.238926991520929
ETH_USDT,2026-03-24T00:00:00Z,2026-03-24T08:00:00Z,2026-03-25T08:00:00Z,2026,2026-03-23T00:00:00Z,0.3427498949891757,-8.072154770664483,-7.468058557560858,-7.440339136544893,-7.480156232155403
SOL_USDT,2026-03-24T00:00:00Z,2026-03-24T08:00:00Z,2026-03-25T08:00:00Z,2026,2026-03-23T00:00:00Z,0.29095779659897747,-7.220015986242918,-7.1972086150353904,-7.175573845374837,-7.21666805957463
LINK_USDT,2026-03-24T00:00:00Z,2026-03-24T08:00:00Z,2026-03-25T08:00:00Z,2026,2026-03-23T00:00:00Z,0.6041878747574915,-7.795510344475462,-7.103940606669384,-7.050812086444466,-7.093721683905454
ETH_USDT,2026-03-25T00:00:00Z,2026-03-25T08:00:00Z,2026-03-26T08:00:00Z,2026,2026-03-23T00:00:00Z,-0.3180409087911198,-7.6912156954445505,-7.4817443934947905,-7.489873471805344,-7.439852777914654
SOL_USDT,2026-03-25T00:00:00Z,2026-03-25T08:00:00Z,2026-03-26T08:00:00Z,2026,2026-03-23T00:00:00Z,-0.09865394573626232,-7.0962658991948055,-7.202236490158159,-7.194582893674803,-7.160302739541433
LINK_USDT,2026-03-25T00:00:00Z,2026-03-25T08:00:00Z,2026-03-26T08:00:00Z,2026,2026-03-23T00:00:00Z,0.059183913801036186,-6.980795358602702,-7.092500410491252,-7.073065135575503,-7.031574698516637
ETH_USDT,2026-03-26T00:00:00Z,2026-03-26T08:00:00Z,2026-03-27T08:00:00Z,2026,2026-03-23T00:00:00Z,-0.43060694366470886,-7.299549230009303,-7.740626217469182,-7.693057623366963,-7.732343363865972
SOL_USDT,2026-03-26T00:00:00Z,2026-03-26T08:00:00Z,2026-03-27T08:00:00Z,2026,2026-03-23T00:00:00Z,-0.21523945841487263,-7.616104867129447,-7.376207768714822,-7.334683952991639,-7.3531056653942715
LINK_USDT,2026-03-26T00:00:00Z,2026-03-26T08:00:00Z,2026-03-27T08:00:00Z,2026,2026-03-23T00:00:00Z,-0.10053913645959374,-7.8988386040729095,-7.357713260546671,-7.298298363609781,-7.321111390138358
ETH_USDT,2026-03-27T00:00:00Z,2026-03-27T08:00:00Z,2026-03-28T08:00:00Z,2026,2026-03-23T00:00:00Z,-0.2609723085940716,-6.5600990420472804,-7.681581449464525,-7.697610137626454,-7.686725014780961
SOL_USDT,2026-03-27T00:00:00Z,2026-03-27T08:00:00Z,2026-03-28T08:00:00Z,2026,2026-03-23T00:00:00Z,0.03318140241852199,-6.939592538390306,-7.321993886815944,-7.309837349010809,-7.312154875894191
LINK_USDT,2026-03-27T00:00:00Z,2026-03-27T08:00:00Z,2026-03-28T08:00:00Z,2026,2026-03-23T00:00:00Z,-0.11064880120931411,-6.784396276787026,-7.283629193063059,-7.2858854993539826,-7.264260975944896
ETH_USDT,2026-03-28T00:00:00Z,2026-03-28T08:00:00Z,2026-03-29T08:00:00Z,2026,2026-03-23T00:00:00Z,-0.11970171676203045,-7.866403350224928,-7.608753773279175,-7.629163556934916,-7.61154522004607
SOL_USDT,2026-03-28T00:00:00Z,2026-03-28T08:00:00Z,2026-03-29T08:00:00Z,2026,2026-03-23T00:00:00Z,-0.2108444410588549,-7.661934460486678,-7.301348527312737,-7.322330486824087,-7.280179815756995
LINK_USDT,2026-03-28T00:00:00Z,2026-03-28T08:00:00Z,2026-03-29T08:00:00Z,2026,2026-03-23T00:00:00Z,-0.11123715378231043,-7.303196578537713,-7.27500565171111,-7.295348285384279,-7.269516889064853
ETH_USDT,2026-03-29T00:00:00Z,2026-03-29T08:00:00Z,2026-03-30T08:00:00Z,2026,2026-03-23T00:00:00Z,-1.035101135363994,-6.5470269466529585,-7.62758643821418,-7.701066700991854,-7.615862124824744
SOL_USDT,2026-03-29T00:00:00Z,2026-03-29T08:00:00Z,2026-03-30T08:00:00Z,2026,2026-03-23T00:00:00Z,-0.7384634517026606,-6.861385416941953,-7.265906147212045,-7.312745811023539,-7.262976212779131
LINK_USDT,2026-03-29T00:00:00Z,2026-03-29T08:00:00Z,2026-03-30T08:00:00Z,2026,2026-03-23T00:00:00Z,-0.49312484870265166,-6.442691718189943,-7.25838614411108,-7.289109683881369,-7.251224702656401
ETH_USDT,2026-03-30T00:00:00Z,2026-03-30T08:00:00Z,2026-03-31T08:00:00Z,2026,2026-03-30T00:00:00Z,-0.954346302093541,-7.118221668066958,-7.664983656897082,-7.703302710230568,-7.721883467378455
SOL_USDT,2026-03-30T00:00:00Z,2026-03-30T08:00:00Z,2026-03-31T08:00:00Z,2026,2026-03-30T00:00:00Z,-0.767129238003156,-7.36966320858925,-7.31136410778975,-7.333781121088138,-7.349245367650357
LINK_USDT,2026-03-30T00:00:00Z,2026-03-30T08:00:00Z,2026-03-31T08:00:00Z,2026,2026-03-30T00:00:00Z,-0.8325699990193075,-7.198992661392679,-7.268235573515128,-7.315716842092152,-7.290990412702696
ETH_USDT,2026-03-31T00:00:00Z,2026-03-31T08:00:00Z,2026-04-01T08:00:00Z,2026,2026-03-30T00:00:00Z,-0.20915984279960856,-7.212465977069184,-7.6336564995255145,-7.664548547772757,-7.688324301174689
SOL_USDT,2026-03-31T00:00:00Z,2026-03-31T08:00:00Z,2026-04-01T08:00:00Z,2026,2026-03-30T00:00:00Z,-0.10633703351040708,-6.428998276181243,-7.375055262409141,-7.39272285748423,-7.414858283944937
LINK_USDT,2026-03-31T00:00:00Z,2026-03-31T08:00:00Z,2026-04-01T08:00:00Z,2026,2026-03-30T00:00:00Z,-0.1007437592733974,-6.594709847083999,-7.277968013796329,-7.306959993737634,-7.32988479116533
ETH_USDT,2026-04-01T00:00:00Z,2026-04-01T08:00:00Z,2026-04-02T08:00:00Z,2026,2026-03-30T00:00:00Z,0.02893461266101747,-6.423575195729503,-7.618861152204559,-7.614183101141539,-7.619601342396527
SOL_USDT,2026-04-01T00:00:00Z,2026-04-01T08:00:00Z,2026-04-02T08:00:00Z,2026,2026-03-30T00:00:00Z,0.22489128354145677,-6.6846180679639975,-7.2943486432551845,-7.284342077811342,-7.290057794054146
LINK_USDT,2026-04-01T00:00:00Z,2026-04-01T08:00:00Z,2026-04-02T08:00:00Z,2026,2026-03-30T00:00:00Z,-0.2591333188998456,-6.233789824767338,-7.32692409923514,-7.344786218942826,-7.321840819753397
ETH_USDT,2026-04-02T00:00:00Z,2026-04-02T08:00:00Z,2026-04-03T08:00:00Z,2026,2026-03-30T00:00:00Z,0.0167644782693975,-10.725421548404467,-7.623463769610213,-7.590428787316389,-7.610250387401705
SOL_USDT,2026-04-02T00:00:00Z,2026-04-02T08:00:00Z,2026-04-03T08:00:00Z,2026,2026-03-30T00:00:00Z,0.33456185766100827,-8.41279977532107,-7.231380325829832,-7.204321702848109,-7.212822109364421
LINK_USDT,2026-04-02T00:00:00Z,2026-04-02T08:00:00Z,2026-04-03T08:00:00Z,2026,2026-03-30T00:00:00Z,-0.006205605093279529,-8.763666550417476,-7.207485667436768,-7.213539769998963,-7.222494939842797
ETH_USDT,2026-04-03T00:00:00Z,2026-04-03T08:00:00Z,2026-04-04T08:00:00Z,2026,2026-03-30T00:00:00Z,-0.14404890465113332,-9.869429859822812,-7.542416697123617,-7.567607615836816,-7.532959176748816
SOL_USDT,2026-04-03T00:00:00Z,2026-04-03T08:00:00Z,2026-04-04T08:00:00Z,2026,2026-03-30T00:00:00Z,0.18367298774004018,-10.687394256014642,-7.319859671882654,-7.291896212968139,-7.286569901424442
LINK_USDT,2026-04-03T00:00:00Z,2026-04-03T08:00:00Z,2026-04-04T08:00:00Z,2026,2026-03-30T00:00:00Z,0.003794553839108441,-9.977516936042647,-7.153711103060139,-7.17272135049693,-7.151916909887834
ETH_USDT,2026-04-04T00:00:00Z,2026-04-04T08:00:00Z,2026-04-05T08:00:00Z,2026,2026-03-30T00:00:00Z,-1.030470201759872,-8.464843694497304,-7.666555848473379,-7.7117101005393955,-7.667361139370855
SOL_USDT,2026-04-04T00:00:00Z,2026-04-04T08:00:00Z,2026-04-05T08:00:00Z,2026,2026-03-30T00:00:00Z,-0.3932082105191935,-7.976430855791815,-7.349763879363552,-7.352914413493717,-7.329959430260573
LINK_USDT,2026-04-04T00:00:00Z,2026-04-04T08:00:00Z,2026-04-05T08:00:00Z,2026,2026-03-30T00:00:00Z,-0.9432632128541232,-7.939154520867039,-7.220547901318547,-7.277223000404639,-7.218650639277946
ETH_USDT,2026-04-05T00:00:00Z,2026-04-05T08:00:00Z,2026-04-06T08:00:00Z,2026,2026-03-30T00:00:00Z,-1.4526158265868352,-6.976971081400078,-7.746298204366454,-7.81413977675503,-7.809090799001553
SOL_USDT,2026-04-05T00:00:00Z,2026-04-05T08:00:00Z,2026-04-06T08:00:00Z,2026,2026-03-30T00:00:00Z,-0.7133380069470654,-7.1155946085013655,-7.422092930819759,-7.449064895706351,-7.443032486450899
LINK_USDT,2026-04-05T00:00:00Z,2026-04-05T08:00:00Z,2026-04-06T08:00:00Z,2026,2026-03-30T00:00:00Z,-1.3913401911070629,-6.992822502551112,-7.340382816463192,-7.399201596459073,-7.403187982867407
ETH_USDT,2026-04-06T00:00:00Z,2026-04-06T08:00:00Z,2026-04-07T08:00:00Z,2026,2026-04-06T00:00:00Z,-0.8263779838251253,-6.993162174038457,-7.67574880853887,-7.77756230595103,-7.779022012754619
SOL_USDT,2026-04-06T00:00:00Z,2026-04-06T08:00:00Z,2026-04-07T08:00:00Z,2026,2026-04-06T00:00:00Z,-0.598972321425146,-7.128999041216927,-7.381263978715054,-7.464670144659431,-7.433108894494305
LINK_USDT,2026-04-06T00:00:00Z,2026-04-06T08:00:00Z,2026-04-07T08:00:00Z,2026,2026-04-06T00:00:00Z,-0.8215799290347686,-6.81253857264371,-7.279983929614643,-7.3877263425386195,-7.38478612859156
ETH_USDT,2026-04-07T00:00:00Z,2026-04-07T08:00:00Z,2026-04-08T08:00:00Z,2026,2026-04-06T00:00:00Z,0.004416225134380923,-5.174968135965753,-7.732981473529088,-7.741305758340005,-7.781239076945298
SOL_USDT,2026-04-07T00:00:00Z,2026-04-07T08:00:00Z,2026-04-08T08:00:00Z,2026,2026-04-06T00:00:00Z,-0.13913994347964376,-4.966606482161027,-7.427502093153491,-7.449782287502783,-7.463903845379085
LINK_USDT,2026-04-07T00:00:00Z,2026-04-07T08:00:00Z,2026-04-08T08:00:00Z,2026,2026-04-06T00:00:00Z,-0.11273950810586433,-5.1017235202478535,-7.311931889649028,-7.340857888410915,-7.366859950904013
ETH_USDT,2026-04-08T00:00:00Z,2026-04-08T08:00:00Z,2026-04-09T08:00:00Z,2026,2026-04-06T00:00:00Z,0.25877980817313123,-7.720238959789571,-7.399176655291211,-7.423360522219395,-7.402672816506003
SOL_USDT,2026-04-08T00:00:00Z,2026-04-08T08:00:00Z,2026-04-09T08:00:00Z,2026,2026-04-06T00:00:00Z,0.2988139237979447,-8.14896395995718,-7.078807166860923,-7.104692527745692,-7.0938009239307735
LINK_USDT,2026-04-08T00:00:00Z,2026-04-08T08:00:00Z,2026-04-09T08:00:00Z,2026,2026-04-06T00:00:00Z,0.5006270206798079,-6.7531847299191545,-6.994714798944788,-7.00343267217925,-7.009689192596342
ETH_USDT,2026-04-09T00:00:00Z,2026-04-09T08:00:00Z,2026-04-10T08:00:00Z,2026,2026-04-06T00:00:00Z,0.17178901617291148,-7.6742875794988565,-7.353969533206811,-7.332809491453048,-7.345716192472098
SOL_USDT,2026-04-09T00:00:00Z,2026-04-09T08:00:00Z,2026-04-10T08:00:00Z,2026,2026-04-06T00:00:00Z,-0.05109298093032409,-7.942113676494893,-7.064534398370382,-7.058449689474299,-7.054253327744361
LINK_USDT,2026-04-09T00:00:00Z,2026-04-09T08:00:00Z,2026-04-10T08:00:00Z,2026,2026-04-06T00:00:00Z,0.18540241353236575,-7.519990583390832,-6.94676963422515,-6.936527151275895,-6.929431163694713
ETH_USDT,2026-04-10T00:00:00Z,2026-04-10T08:00:00Z,2026-04-11T08:00:00Z,2026,2026-04-06T00:00:00Z,-0.21133833525801785,-7.533043441609472,-7.445325802254206,-7.458682837945913,-7.437986512504575
SOL_USDT,2026-04-10T00:00:00Z,2026-04-10T08:00:00Z,2026-04-11T08:00:00Z,2026,2026-04-06T00:00:00Z,-0.10863694588134892,-8.02395627491114,-7.106813835198633,-7.111120688806664,-7.113852863968327
LINK_USDT,2026-04-10T00:00:00Z,2026-04-10T08:00:00Z,2026-04-11T08:00:00Z,2026,2026-04-06T00:00:00Z,0.18973318227058933,-7.906310328385672,-7.0357585565082355,-7.024628305472326,-7.02974035040088
ETH_USDT,2026-04-11T00:00:00Z,2026-04-11T08:00:00Z,2026-04-12T08:00:00Z,2026,2026-04-06T00:00:00Z,-0.20662065145010225,-6.736538762195666,-7.421313875477335,-7.436479983188776,-7.435041481630529
SOL_USDT,2026-04-11T00:00:00Z,2026-04-11T08:00:00Z,2026-04-12T08:00:00Z,2026,2026-04-06T00:00:00Z,-0.32712189855037865,-6.858208717127218,-7.099743439086477,-7.118189571241085,-7.109644199149227
LINK_USDT,2026-04-11T00:00:00Z,2026-04-11T08:00:00Z,2026-04-12T08:00:00Z,2026,2026-04-06T00:00:00Z,-0.2855587662553233,-6.978986573764109,-7.034294024688663,-7.049007984360561,-7.028248019082315
ETH_USDT,2026-04-12T00:00:00Z,2026-04-12T08:00:00Z,2026-04-13T08:00:00Z,2026,2026-04-06T00:00:00Z,-0.407331429148077,-8.439148591188188,-7.375379441951468,-7.387864714073906,-7.390823066480479
SOL_USDT,2026-04-12T00:00:00Z,2026-04-12T08:00:00Z,2026-04-13T08:00:00Z,2026,2026-04-06T00:00:00Z,-0.6331927285437878,-8.942623213914262,-7.08387443642266,-7.094247659255688,-7.105358611510275
LINK_USDT,2026-04-12T00:00:00Z,2026-04-12T08:00:00Z,2026-04-13T08:00:00Z,2026,2026-04-06T00:00:00Z,-0.5602312809248287,-9.360820368897912,-7.010103105015937,-7.017181923376936,-7.0289985080454125
ETH_USDT,2026-04-13T00:00:00Z,2026-04-13T08:00:00Z,2026-04-14T08:00:00Z,2026,2026-04-13T00:00:00Z,-0.21532095465867437,-5.294566001082232,-7.400993321112284,-7.429129025260277,-7.4247178240182015
SOL_USDT,2026-04-13T00:00:00Z,2026-04-13T08:00:00Z,2026-04-14T08:00:00Z,2026,2026-04-13T00:00:00Z,-0.30192824480656627,-6.137739309435242,-7.094863848420944,-7.13064248731294,-7.1308647231633095
LINK_USDT,2026-04-13T00:00:00Z,2026-04-13T08:00:00Z,2026-04-14T08:00:00Z,2026,2026-04-13T00:00:00Z,-0.07284563093688572,-5.541112458481818,-7.032117300901136,-7.048512495730765,-7.063600577662315
ETH_USDT,2026-04-14T00:00:00Z,2026-04-14T08:00:00Z,2026-04-15T08:00:00Z,2026,2026-04-13T00:00:00Z,0.341809845533798,-7.924777453602003,-7.219749733755451,-7.232052959826913,-7.238939194565101
SOL_USDT,2026-04-14T00:00:00Z,2026-04-14T08:00:00Z,2026-04-15T08:00:00Z,2026,2026-04-13T00:00:00Z,0.006158961574171308,-7.151222747342773,-7.035561355589318,-7.06420781638207,-7.057255987335421
LINK_USDT,2026-04-14T00:00:00Z,2026-04-14T08:00:00Z,2026-04-15T08:00:00Z,2026,2026-04-13T00:00:00Z,0.20672364804862695,-8.40266550496012,-6.929929011352323,-6.948483657543008,-6.9399760379834685
ETH_USDT,2026-04-15T00:00:00Z,2026-04-15T08:00:00Z,2026-04-16T08:00:00Z,2026,2026-04-13T00:00:00Z,0.3725061137450168,-8.305900174520515,-7.45642045257332,-7.41856217410857,-7.4346352074758055
SOL_USDT,2026-04-15T00:00:00Z,2026-04-15T08:00:00Z,2026-04-16T08:00:00Z,2026,2026-04-13T00:00:00Z,0.1978880737094637,-8.130847603200946,-7.381155530161961,-7.363665744816231,-7.370634886352777
LINK_USDT,2026-04-15T00:00:00Z,2026-04-15T08:00:00Z,2026-04-16T08:00:00Z,2026,2026-04-13T00:00:00Z,0.1706982142797092,-7.732850377246694,-7.191394012709321,-7.170704423234869,-7.173506589242396
ETH_USDT,2026-04-16T00:00:00Z,2026-04-16T08:00:00Z,2026-04-17T08:00:00Z,2026,2026-04-13T00:00:00Z,-0.11745134189444406,-9.860678957009567,-7.480809515087875,-7.470310371087538,-7.458186197866342
SOL_USDT,2026-04-16T00:00:00Z,2026-04-16T08:00:00Z,2026-04-17T08:00:00Z,2026,2026-04-13T00:00:00Z,-0.08532857128652689,-6.770240760305728,-7.391649411978445,-7.384362298887068,-7.37106902468968
LINK_USDT,2026-04-16T00:00:00Z,2026-04-16T08:00:00Z,2026-04-17T08:00:00Z,2026,2026-04-13T00:00:00Z,-0.21248099445465404,-7.318512870175927,-7.228617832568469,-7.231224104206605,-7.211227381416695
ETH_USDT,2026-04-17T00:00:00Z,2026-04-17T08:00:00Z,2026-04-18T08:00:00Z,2026,2026-04-13T00:00:00Z,0.10246205711412733,-6.133830770238755,-7.489735880497915,-7.445772958044168,-7.492573164168179
SOL_USDT,2026-04-17T00:00:00Z,2026-04-17T08:00:00Z,2026-04-18T08:00:00Z,2026,2026-04-13T00:00:00Z,0.35541331613192134,-7.404940729654422,-7.307531577874659,-7.277014483426487,-7.306680817333347
LINK_USDT,2026-04-17T00:00:00Z,2026-04-17T08:00:00Z,2026-04-18T08:00:00Z,2026,2026-04-13T00:00:00Z,0.3720070122616956,-6.794722269996427,-7.21712810832269,-7.173121817138915,-7.22062864679145
ETH_USDT,2026-04-18T00:00:00Z,2026-04-18T08:00:00Z,2026-04-19T08:00:00Z,2026,2026-04-13T00:00:00Z,0.5312780765320275,-7.541391069384528,-7.43614361083632,-7.42274148535303,-7.4336520608034835
SOL_USDT,2026-04-18T00:00:00Z,2026-04-18T08:00:00Z,2026-04-19T08:00:00Z,2026,2026-04-13T00:00:00Z,0.44100149285286794,-7.348168907041058,-7.333422089208685,-7.310340932414235,-7.3125325717784
LINK_USDT,2026-04-18T00:00:00Z,2026-04-18T08:00:00Z,2026-04-19T08:00:00Z,2026,2026-04-13T00:00:00Z,0.13602005222517916,-7.019006361808194,-7.203716890218823,-7.208132133767103,-7.183103220602996
ETH_USDT,2026-04-19T00:00:00Z,2026-04-19T08:00:00Z,2026-04-20T08:00:00Z,2026,2026-04-13T00:00:00Z,-0.25394751278400624,-6.7703297658362285,-7.422911000934148,-7.433992173370891,-7.400874395343276
SOL_USDT,2026-04-19T00:00:00Z,2026-04-19T08:00:00Z,2026-04-20T08:00:00Z,2026,2026-04-13T00:00:00Z,-0.37588854061205795,-6.392567552310989,-7.285750460797678,-7.306682001406262,-7.26322711544287
LINK_USDT,2026-04-19T00:00:00Z,2026-04-19T08:00:00Z,2026-04-20T08:00:00Z,2026,2026-04-13T00:00:00Z,-0.06315024510299799,-6.738411656746101,-7.142164258380256,-7.145397042895575,-7.1348902081958725
ETH_USDT,2026-04-20T00:00:00Z,2026-04-20T08:00:00Z,2026-04-21T08:00:00Z,2026,2026-04-20T00:00:00Z,-0.13692626165669136,-9.967936676263164,-7.434213358167831,-7.458656708220647,-7.448099988390711
SOL_USDT,2026-04-20T00:00:00Z,2026-04-20T08:00:00Z,2026-04-21T08:00:00Z,2026,2026-04-20T00:00:00Z,-0.08894997441368177,-8.324597462551704,-7.257049261438404,-7.281715168025146,-7.273248461801428
LINK_USDT,2026-04-20T00:00:00Z,2026-04-20T08:00:00Z,2026-04-21T08:00:00Z,2026,2026-04-20T00:00:00Z,0.04089265026296594,-9.631009371180967,-7.162395961999087,-7.168459179545337,-7.163183902878589
ETH_USDT,2026-04-21T00:00:00Z,2026-04-21T08:00:00Z,2026-04-22T08:00:00Z,2026,2026-04-20T00:00:00Z,0.005355472714687615,-7.162339247732856,-7.73498937614957,-7.718044032463293,-7.7295324622546
SOL_USDT,2026-04-21T00:00:00Z,2026-04-21T08:00:00Z,2026-04-22T08:00:00Z,2026,2026-04-20T00:00:00Z,-0.22097661155226797,-7.507425190496855,-7.370701211728313,-7.378577440251753,-7.367724822737837
LINK_USDT,2026-04-21T00:00:00Z,2026-04-21T08:00:00Z,2026-04-22T08:00:00Z,2026,2026-04-20T00:00:00Z,-0.14170206238476588,-8.690385114160149,-7.380362013669842,-7.377179786836339,-7.366577517546237
ETH_USDT,2026-04-22T00:00:00Z,2026-04-22T08:00:00Z,2026-04-23T08:00:00Z,2026,2026-04-20T00:00:00Z,-0.2693765175593252,-7.967255408688441,-7.7533096044209335,-7.728605908395744,-7.739356181529021
SOL_USDT,2026-04-22T00:00:00Z,2026-04-22T08:00:00Z,2026-04-23T08:00:00Z,2026,2026-04-20T00:00:00Z,-0.2997941232092626,-7.9496025004781785,-7.426718037024803,-7.400024148101089,-7.426521140107548
LINK_USDT,2026-04-22T00:00:00Z,2026-04-22T08:00:00Z,2026-04-23T08:00:00Z,2026,2026-04-20T00:00:00Z,-0.12336871615852507,-7.607351761350103,-7.410606985027288,-7.377693666285109,-7.403165524481696
ETH_USDT,2026-04-23T00:00:00Z,2026-04-23T08:00:00Z,2026-04-24T08:00:00Z,2026,2026-04-20T00:00:00Z,0.2968838544887702,-9.327267442289967,-7.715902428542221,-7.698541457638616,-7.719457982309306
SOL_USDT,2026-04-23T00:00:00Z,2026-04-23T08:00:00Z,2026-04-24T08:00:00Z,2026,2026-04-20T00:00:00Z,0.14352576976213086,-9.380289858223053,-7.424899064530368,-7.419500480266204,-7.432074370844405
LINK_USDT,2026-04-23T00:00:00Z,2026-04-23T08:00:00Z,2026-04-24T08:00:00Z,2026,2026-04-20T00:00:00Z,-0.15058025097447525,-8.40686600584756,-7.436217411656941,-7.444426284980438,-7.42978841039716
ETH_USDT,2026-04-24T00:00:00Z,2026-04-24T08:00:00Z,2026-04-25T08:00:00Z,2026,2026-04-20T00:00:00Z,0.20375378324380328,-10.066075313408456,-7.654717255905412,-7.608941636364578,-7.633597668474685
SOL_USDT,2026-04-24T00:00:00Z,2026-04-24T08:00:00Z,2026-04-25T08:00:00Z,2026,2026-04-20T00:00:00Z,0.04017031733769158,-8.737227489079794,-7.461155396764442,-7.425312083311125,-7.4451832646277465
LINK_USDT,2026-04-24T00:00:00Z,2026-04-24T08:00:00Z,2026-04-25T08:00:00Z,2026,2026-04-20T00:00:00Z,-0.14895788380490038,-9.166451227760861,-7.4116216246319535,-7.390164367830379,-7.407119771925588
ETH_USDT,2026-04-25T00:00:00Z,2026-04-25T08:00:00Z,2026-04-26T08:00:00Z,2026,2026-04-20T00:00:00Z,-0.45672111315189984,-9.671443621368235,-7.924757195079184,-7.919716508539459,-7.897150473700417
SOL_USDT,2026-04-25T00:00:00Z,2026-04-25T08:00:00Z,2026-04-26T08:00:00Z,2026,2026-04-20T00:00:00Z,-0.4112525806894452,-10.497190523285155,-7.5551646144937,-7.56087965719195,-7.5409606092573105
LINK_USDT,2026-04-25T00:00:00Z,2026-04-25T08:00:00Z,2026-04-26T08:00:00Z,2026,2026-04-20T00:00:00Z,-0.7474229071853538,-9.188814991970938,-7.59025706230881,-7.610344129620776,-7.578651103151657
ETH_USDT,2026-04-26T00:00:00Z,2026-04-26T08:00:00Z,2026-04-27T08:00:00Z,2026,2026-04-20T00:00:00Z,-1.423925939470917,-7.332239716633062,-7.95929056833107,-7.9961136478567525,-7.960276718064392
SOL_USDT,2026-04-26T00:00:00Z,2026-04-26T08:00:00Z,2026-04-27T08:00:00Z,2026,2026-04-20T00:00:00Z,-0.9416293694531305,-7.8453112313613085,-7.61303373843464,-7.606489872963495,-7.61647775308858
LINK_USDT,2026-04-26T00:00:00Z,2026-04-26T08:00:00Z,2026-04-27T08:00:00Z,2026,2026-04-20T00:00:00Z,-1.106936688777425,-7.858184511346387,-7.689220164276568,-7.705530673855973,-7.6997889198739
ETH_USDT,2026-04-27T00:00:00Z,2026-04-27T08:00:00Z,2026-04-28T08:00:00Z,2026,2026-04-27T00:00:00Z,-0.5668966735313103,-7.560549220529842,-8.185132969850217,-8.186334368888001,-8.214160258834282
SOL_USDT,2026-04-27T00:00:00Z,2026-04-27T08:00:00Z,2026-04-28T08:00:00Z,2026,2026-04-27T00:00:00Z,-0.5802312425753268,-8.054809692714754,-7.952086025512866,-7.941503254587771,-7.964376852145091
LINK_USDT,2026-04-27T00:00:00Z,2026-04-27T08:00:00Z,2026-04-28T08:00:00Z,2026,2026-04-27T00:00:00Z,-0.6737128658954546,-7.596625566865031,-7.9116375267259755,-7.916129654657182,-7.9276823608608264
ETH_USDT,2026-04-28T00:00:00Z,2026-04-28T08:00:00Z,2026-04-29T08:00:00Z,2026,2026-04-27T00:00:00Z,0.06183545794495625,-8.285424387203076,-8.029152920160525,-8.019103484695977,-8.033329217964782
SOL_USDT,2026-04-28T00:00:00Z,2026-04-28T08:00:00Z,2026-04-29T08:00:00Z,2026,2026-04-27T00:00:00Z,0.11593895232123752,-8.779918436169574,-7.905981350036836,-7.885707066602632,-7.907547421327961
LINK_USDT,2026-04-28T00:00:00Z,2026-04-28T08:00:00Z,2026-04-29T08:00:00Z,2026,2026-04-27T00:00:00Z,-0.25275524939067545,-9.320797540385922,-7.815928665560115,-7.821279714711855,-7.820343822797697
ETH_USDT,2026-04-29T00:00:00Z,2026-04-29T08:00:00Z,2026-04-30T08:00:00Z,2026,2026-04-27T00:00:00Z,-0.4245864095293526,-7.4476735582664455,-8.041358684250007,-8.030551359992131,-8.022846159352795
SOL_USDT,2026-04-29T00:00:00Z,2026-04-29T08:00:00Z,2026-04-30T08:00:00Z,2026,2026-04-27T00:00:00Z,-0.49441012876255236,-8.055110153251205,-7.870659903740163,-7.874607240920613,-7.849018263950759
LINK_USDT,2026-04-29T00:00:00Z,2026-04-29T08:00:00Z,2026-04-30T08:00:00Z,2026,2026-04-27T00:00:00Z,-0.7970762422228554,-7.3768114609783835,-7.836595196756621,-7.843820817965226,-7.8250989938714826
ETH_USDT,2026-04-30T00:00:00Z,2026-04-30T08:00:00Z,2026-05-01T08:00:00Z,2026,2026-04-27T00:00:00Z,0.20528681799991655,-9.091807187288948,-8.064781297568688,-8.04355564912825,-8.06375374957707
SOL_USDT,2026-04-30T00:00:00Z,2026-04-30T08:00:00Z,2026-05-01T08:00:00Z,2026,2026-04-27T00:00:00Z,-0.05552360486500162,-9.036090681924861,-7.996438968365276,-7.980984916530226,-7.993057679799615
LINK_USDT,2026-04-30T00:00:00Z,2026-04-30T08:00:00Z,2026-05-01T08:00:00Z,2026,2026-04-27T00:00:00Z,-0.2758378429632477,-10.078650881444368,-7.819596517325676,-7.827094545771151,-7.829400921796519
ETH_USDT,2026-05-01T00:00:00Z,2026-05-01T08:00:00Z,2026-05-02T08:00:00Z,2026,2026-04-27T00:00:00Z,-0.5329614591279825,-8.604593573730263,-8.08916877796715,-8.070893349240139,-8.064873084535124
SOL_USDT,2026-05-01T00:00:00Z,2026-05-01T08:00:00Z,2026-05-02T08:00:00Z,2026,2026-04-27T00:00:00Z,-0.6547856828719717,-9.152116341050831,-8.030932564251593,-8.016642120428552,-8.011639738933642
LINK_USDT,2026-05-01T00:00:00Z,2026-05-01T08:00:00Z,2026-05-02T08:00:00Z,2026,2026-04-27T00:00:00Z,-0.7113397184184682,-8.373439315630785,-7.860775450594322,-7.841803687974895,-7.850279632918186
ETH_USDT,2026-05-02T00:00:00Z,2026-05-02T08:00:00Z,2026-05-03T08:00:00Z,2026,2026-04-27T00:00:00Z,-0.3622564653894109,-10.260519534255623,-8.097721827230671,-8.102419179168297,-8.100790493277373
SOL_USDT,2026-05-02T00:00:00Z,2026-05-02T08:00:00Z,2026-05-03T08:00:00Z,2026,2026-04-27T00:00:00Z,-0.33787162945312216,-10.103821785868067,-8.083844698176026,-8.083891450410043,-8.086700327636745
LINK_USDT,2026-05-02T00:00:00Z,2026-05-02T08:00:00Z,2026-05-03T08:00:00Z,2026,2026-04-27T00:00:00Z,-0.6009883231289782,-8.906251067796978,-7.882317024081625,-7.900098578620416,-7.889729399322927
ETH_USDT,2026-05-03T00:00:00Z,2026-05-03T08:00:00Z,2026-05-04T08:00:00Z,2026,2026-04-27T00:00:00Z,-1.1296619937308328,-7.906819517568426,-8.066905710389456,-8.084613640676691,-8.06509044740861
SOL_USDT,2026-05-03T00:00:00Z,2026-05-03T08:00:00Z,2026-05-04T08:00:00Z,2026,2026-04-27T00:00:00Z,-0.857377694622829,-8.809105585206986,-8.047729911476189,-8.043540368267125,-8.039773074026998
LINK_USDT,2026-05-03T00:00:00Z,2026-05-03T08:00:00Z,2026-05-04T08:00:00Z,2026,2026-04-27T00:00:00Z,-0.6100952722605402,-7.673571831952914,-7.83429079151769,-7.831414384209333,-7.839882532114581
ETH_USDT,2026-05-04T00:00:00Z,2026-05-04T08:00:00Z,2026-05-05T08:00:00Z,2026,2026-05-04T00:00:00Z,-0.5602352749901014,-8.375425401814582,-8.09383911281112,-8.09065056382727,-8.12035531283879
SOL_USDT,2026-05-04T00:00:00Z,2026-05-04T08:00:00Z,2026-05-05T08:00:00Z,2026,2026-05-04T00:00:00Z,-0.6344030762281758,-9.007373905577428,-8.07512465312291,-8.066932636454574,-8.086494795781793
LINK_USDT,2026-05-04T00:00:00Z,2026-05-04T08:00:00Z,2026-05-05T08:00:00Z,2026,2026-05-04T00:00:00Z,-0.5547559905163933,-7.069108101078887,-7.8664870954404975,-7.864826693954285,-7.872189909895429
ETH_USDT,2026-05-05T00:00:00Z,2026-05-05T08:00:00Z,2026-05-06T08:00:00Z,2026,2026-05-04T00:00:00Z,0.5030871298690296,-9.24496380402623,-8.29547914586492,-8.243485738383681,-8.294729690969787
SOL_USDT,2026-05-05T00:00:00Z,2026-05-05T08:00:00Z,2026-05-06T08:00:00Z,2026,2026-05-04T00:00:00Z,0.34906846823635973,-7.82338665983505,-8.279917116878448,-8.229325137635053,-8.277224392026511
LINK_USDT,2026-05-05T00:00:00Z,2026-05-05T08:00:00Z,2026-05-06T08:00:00Z,2026,2026-05-04T00:00:00Z,0.9192356073917562,-8.069920016297047,-7.94786520332425,-7.879316785892757,-7.949238124721362
ETH_USDT,2026-05-06T00:00:00Z,2026-05-06T08:00:00Z,2026-05-07T08:00:00Z,2026,2026-05-04T00:00:00Z,0.03635624858874289,-9.945469196758019,-8.251187304218824,-8.23202318142454,-8.215345398476845
SOL_USDT,2026-05-06T00:00:00Z,2026-05-06T08:00:00Z,2026-05-07T08:00:00Z,2026,2026-05-04T00:00:00Z,0.011777388383479935,-8.00920002088787,-8.273686416112932,-8.252064380305123,-8.23784111354873
LINK_USDT,2026-05-06T00:00:00Z,2026-05-06T08:00:00Z,2026-05-07T08:00:00Z,2026,2026-05-04T00:00:00Z,0.40973263541923055,-7.65269733117143,-7.772153451087845,-7.748344608796145,-7.727665007074823
ETH_USDT,2026-05-07T00:00:00Z,2026-05-07T08:00:00Z,2026-05-08T08:00:00Z,2026,2026-05-04T00:00:00Z,0.40583581562349125,-7.6394484877850735,-8.48743523498582,-8.427065166610696,-8.460958638254198
SOL_USDT,2026-05-07T00:00:00Z,2026-05-07T08:00:00Z,2026-05-08T08:00:00Z,2026,2026-05-04T00:00:00Z,0.37368536746005143,-7.736322669989454,-8.18847833217408,-8.153021439157005,-8.167026182870554
LINK_USDT,2026-05-07T00:00:00Z,2026-05-07T08:00:00Z,2026-05-08T08:00:00Z,2026,2026-05-04T00:00:00Z,0.6692417391348919,-7.332997569062576,-7.797988316284393,-7.751061067087129,-7.770826289483155
ETH_USDT,2026-05-08T00:00:00Z,2026-05-08T08:00:00Z,2026-05-09T08:00:00Z,2026,2026-05-04T00:00:00Z,0.4855190511977964,-9.51234532967027,-8.391894648617612,-8.364357669835844,-8.365014931516152
SOL_USDT,2026-05-08T00:00:00Z,2026-05-08T08:00:00Z,2026-05-09T08:00:00Z,2026,2026-05-04T00:00:00Z,0.20778537110291917,-6.6536054182454345,-8.105730993273232,-8.101064608735571,-8.085430291983654
LINK_USDT,2026-05-08T00:00:00Z,2026-05-08T08:00:00Z,2026-05-09T08:00:00Z,2026,2026-05-04T00:00:00Z,0.09525604234471066,-6.805514835548846,-7.737867704180175,-7.742646002025607,-7.712672753202965
ETH_USDT,2026-05-09T00:00:00Z,2026-05-09T08:00:00Z,2026-05-10T08:00:00Z,2026,2026-05-04T00:00:00Z,0.3654937326823243,-11.034620756650234,-8.41927897466529,-8.371483418038828,-8.385152812153887
SOL_USDT,2026-05-09T00:00:00Z,2026-05-09T08:00:00Z,2026-05-10T08:00:00Z,2026,2026-05-04T00:00:00Z,0.1314526747902647,-9.44041835370846,-7.867299772328039,-7.86764153795615,-7.856517474182639
LINK_USDT,2026-05-09T00:00:00Z,2026-05-09T08:00:00Z,2026-05-10T08:00:00Z,2026,2026-05-04T00:00:00Z,0.6420802852905689,-8.722569308683072,-7.582957419902613,-7.555722965516081,-7.579581589355556
ETH_USDT,2026-05-10T00:00:00Z,2026-05-10T08:00:00Z,2026-05-11T08:00:00Z,2026,2026-05-04T00:00:00Z,-0.22201419808117404,-7.65071950270289,-8.40776102293688,-8.3803922364675,-8.377286413171264
SOL_USDT,2026-05-10T00:00:00Z,2026-05-10T08:00:00Z,2026-05-11T08:00:00Z,2026,2026-05-04T00:00:00Z,-0.11743351406182685,-7.291741792811559,-7.772549600363048,-7.776155476377599,-7.7667139772723015
LINK_USDT,2026-05-10T00:00:00Z,2026-05-10T08:00:00Z,2026-05-11T08:00:00Z,2026,2026-05-04T00:00:00Z,0.04062041938994161,-7.186811850900261,-7.541039657365712,-7.533400106906989,-7.518544478723598
ETH_USDT,2026-05-11T00:00:00Z,2026-05-11T08:00:00Z,2026-05-12T08:00:00Z,2026,2026-05-11T00:00:00Z,0.3209203846285067,-7.873335386944547,-8.425157948155194,-8.400692044341671,-8.419382836554162
SOL_USDT,2026-05-11T00:00:00Z,2026-05-11T08:00:00Z,2026-05-12T08:00:00Z,2026,2026-05-11T00:00:00Z,0.14855692388892913,-7.699702034480359,-7.754060904054147,-7.754958437201742,-7.758404909810234
LINK_USDT,2026-05-11T00:00:00Z,2026-05-11T08:00:00Z,2026-05-12T08:00:00Z,2026,2026-05-11T00:00:00Z,0.2907161461049502,-8.379548592818288,-7.554718086884418,-7.547871121586187,-7.555291367963939
ETH_USDT,2026-05-12T00:00:00Z,2026-05-12T08:00:00Z,2026-05-13T08:00:00Z,2026,2026-05-11T00:00:00Z,-0.20647260388754513,-7.881362671068556,-8.44644199641852,-8.451482656109262,-8.422993399020827
SOL_USDT,2026-05-12T00:00:00Z,2026-05-12T08:00:00Z,2026-05-13T08:00:00Z,2026,2026-05-11T00:00:00Z,0.3238836009423039,-7.353648850008379,-7.734241566177806,-7.727451250022183,-7.730479397982108
LINK_USDT,2026-05-12T00:00:00Z,2026-05-12T08:00:00Z,2026-05-13T08:00:00Z,2026,2026-05-11T00:00:00Z,0.2546706164738062,-6.407343389508563,-7.599899216172396,-7.592643506931981,-7.5911523949017115
ETH_USDT,2026-05-13T00:00:00Z,2026-05-13T08:00:00Z,2026-05-14T08:00:00Z,2026,2026-05-11T00:00:00Z,-0.16339665144019203,-6.994691987932731,-8.311914846180093,-8.320000359987048,-8.30940770147744
SOL_USDT,2026-05-13T00:00:00Z,2026-05-13T08:00:00Z,2026-05-14T08:00:00Z,2026,2026-05-11T00:00:00Z,0.20606922727952084,-5.931495173250548,-7.650134335968318,-7.652444384811668,-7.6435755429229255
LINK_USDT,2026-05-13T00:00:00Z,2026-05-13T08:00:00Z,2026-05-14T08:00:00Z,2026,2026-05-11T00:00:00Z,0.2754689802964198,-5.901826560473169,-7.551515995749937,-7.551117431102928,-7.54538120939518
ETH_USDT,2026-05-14T00:00:00Z,2026-05-14T08:00:00Z,2026-05-15T08:00:00Z,2026,2026-05-11T00:00:00Z,-0.12748735651725265,-8.056933491379016,-8.173318894649636,-8.197768373393577,-8.180427907028594
SOL_USDT,2026-05-14T00:00:00Z,2026-05-14T08:00:00Z,2026-05-15T08:00:00Z,2026,2026-05-11T00:00:00Z,0.2992498025559973,-7.169187224531719,-7.457903333675252,-7.472853370486593,-7.460511680400813
LINK_USDT,2026-05-14T00:00:00Z,2026-05-14T08:00:00Z,2026-05-15T08:00:00Z,2026,2026-05-11T00:00:00Z,0.5947124984161831,-6.324056887911393,-7.326881952208986,-7.330441204361494,-7.327217568761139
ETH_USDT,2026-05-15T00:00:00Z,2026-05-15T08:00:00Z,2026-05-16T08:00:00Z,2026,2026-05-11T00:00:00Z,-0.10252721516944854,-7.5282013219351365,-8.19135033707283,-8.200226840413983,-8.195622931120301
SOL_USDT,2026-05-15T00:00:00Z,2026-05-15T08:00:00Z,2026-05-16T08:00:00Z,2026,2026-05-11T00:00:00Z,0.13799504167239632,-6.715839113496688,-7.424801790797951,-7.433201304378251,-7.424365843436338
LINK_USDT,2026-05-15T00:00:00Z,2026-05-15T08:00:00Z,2026-05-16T08:00:00Z,2026,2026-05-11T00:00:00Z,0.5994810368008902,-6.3343999892868705,-7.237986018460926,-7.234228133275458,-7.228522875460554
ETH_USDT,2026-05-16T00:00:00Z,2026-05-16T08:00:00Z,2026-05-17T08:00:00Z,2026,2026-05-11T00:00:00Z,-0.0033929015140742175,-9.841608888016227,-8.12310046920007,-8.131769711966895,-8.128135027906994
SOL_USDT,2026-05-16T00:00:00Z,2026-05-16T08:00:00Z,2026-05-17T08:00:00Z,2026,2026-05-11T00:00:00Z,0.10370633140336954,-8.819122575714111,-7.422678685431535,-7.432362400001143,-7.42670478692687
LINK_USDT,2026-05-16T00:00:00Z,2026-05-16T08:00:00Z,2026-05-17T08:00:00Z,2026,2026-05-11T00:00:00Z,0.04993229288947233,-8.484220684740151,-7.211702288808732,-7.224376218928504,-7.201542983319572
ETH_USDT,2026-05-17T00:00:00Z,2026-05-17T08:00:00Z,2026-05-18T08:00:00Z,2026,2026-05-11T00:00:00Z,-0.38175578407928273,-7.287244971625737,-8.05765446663765,-8.07207800134437,-8.060295273595786
SOL_USDT,2026-05-17T00:00:00Z,2026-05-17T08:00:00Z,2026-05-18T08:00:00Z,2026,2026-05-11T00:00:00Z,-0.21512154032788458,-8.222701861307613,-7.386522238071698,-7.401099869529851,-7.392408530164408
LINK_USDT,2026-05-17T00:00:00Z,2026-05-17T08:00:00Z,2026-05-18T08:00:00Z,2026,2026-05-11T00:00:00Z,-0.025493871900677336,-7.904424193615124,-7.152242632813968,-7.160765887551302,-7.160018762410378
ETH_USDT,2026-05-18T00:00:00Z,2026-05-18T08:00:00Z,2026-05-19T08:00:00Z,2026,2026-05-18T00:00:00Z,-0.4810952515744745,-8.625365135022554,-8.003709593209306,-8.035344158302212,-8.022548301231996
SOL_USDT,2026-05-18T00:00:00Z,2026-05-18T08:00:00Z,2026-05-19T08:00:00Z,2026,2026-05-18T00:00:00Z,-0.2198865556170167,-8.348943774356622,-7.420713790495889,-7.432724708349438,-7.436318486417213
LINK_USDT,2026-05-18T00:00:00Z,2026-05-18T08:00:00Z,2026-05-19T08:00:00Z,2026,2026-05-18T00:00:00Z,-0.04054363644171202,-7.205020588398013,-7.177487791044208,-7.182387578959273,-7.188156420197216
ETH_USDT,2026-05-19T00:00:00Z,2026-05-19T08:00:00Z,2026-05-20T08:00:00Z,2026,2026-05-18T00:00:00Z,0.26447403554281146,-8.177539469657335,-8.059006311666007,-8.053152592515364,-8.080057439875127
SOL_USDT,2026-05-19T00:00:00Z,2026-05-19T08:00:00Z,2026-05-20T08:00:00Z,2026,2026-05-18T00:00:00Z,0.1248047665228631,-8.458048493730647,-7.459399961519777,-7.459996824957096,-7.474787822301333
LINK_USDT,2026-05-19T00:00:00Z,2026-05-19T08:00:00Z,2026-05-20T08:00:00Z,2026,2026-05-18T00:00:00Z,0.056523558498505495,-6.6944707948991855,-7.195172097411487,-7.20146922548018,-7.206579432489309
ETH_USDT,2026-05-20T00:00:00Z,2026-05-20T08:00:00Z,2026-05-21T08:00:00Z,2026,2026-05-18T00:00:00Z,-0.43833140517008073,-10.43144129372929,-8.120066379141566,-8.148856897863135,-8.117626582587112
SOL_USDT,2026-05-20T00:00:00Z,2026-05-20T08:00:00Z,2026-05-21T08:00:00Z,2026,2026-05-18T00:00:00Z,-0.3728387929061452,-8.409250165042202,-7.521000850098105,-7.542259670392477,-7.526550442012701
LINK_USDT,2026-05-20T00:00:00Z,2026-05-20T08:00:00Z,2026-05-21T08:00:00Z,2026,2026-05-18T00:00:00Z,-0.2533994663650786,-9.661558445662283,-7.15693635417421,-7.18621898513876,-7.166685526839195
ETH_USDT,2026-05-21T00:00:00Z,2026-05-21T08:00:00Z,2026-05-22T08:00:00Z,2026,2026-05-18T00:00:00Z,-0.4065248921226303,-11.838515157835323,-8.286411684373018,-8.300252691936548,-8.30375103349186
SOL_USDT,2026-05-21T00:00:00Z,2026-05-21T08:00:00Z,2026-05-22T08:00:00Z,2026,2026-05-18T00:00:00Z,-0.011138577244229989,-8.943583615628215,-7.785833027021718,-7.784247957690356,-7.801082452195045
LINK_USDT,2026-05-21T00:00:00Z,2026-05-21T08:00:00Z,2026-05-22T08:00:00Z,2026,2026-05-18T00:00:00Z,-0.1193834503651254,-8.536393837657732,-7.3575200323979155,-7.358275805620178,-7.371967809982033
ETH_USDT,2026-05-22T00:00:00Z,2026-05-22T08:00:00Z,2026-05-23T08:00:00Z,2026,2026-05-18T00:00:00Z,-0.19504975697777607,-6.900407542042511,-8.429209275952813,-8.411134658807738,-8.44397236730592
SOL_USDT,2026-05-22T00:00:00Z,2026-05-22T08:00:00Z,2026-05-23T08:00:00Z,2026,2026-05-18T00:00:00Z,0.10836872159333567,-6.548507259709155,-7.941169646631772,-7.927905708051768,-7.939410198234904
LINK_USDT,2026-05-22T00:00:00Z,2026-05-22T08:00:00Z,2026-05-23T08:00:00Z,2026,2026-05-18T00:00:00Z,-0.048164047936705874,-5.94258870467267,-7.540565770528008,-7.535887925178081,-7.546155856537171
ETH_USDT,2026-05-23T00:00:00Z,2026-05-23T08:00:00Z,2026-05-24T08:00:00Z,2026,2026-05-18T00:00:00Z,-0.23270599328472444,-6.9096458697209275,-8.374607066565378,-8.414383179089263,-8.386350928136034
SOL_USDT,2026-05-23T00:00:00Z,2026-05-23T08:00:00Z,2026-05-24T08:00:00Z,2026,2026-05-18T00:00:00Z,-0.06764202087909804,-7.024379659290544,-7.980518302621064,-8.001449236324515,-7.972717005026888
LINK_USDT,2026-05-23T00:00:00Z,2026-05-23T08:00:00Z,2026-05-24T08:00:00Z,2026,2026-05-18T00:00:00Z,0.18395615218678632,-6.799916817613857,-7.508030070919497,-7.517289151619093,-7.511937502278316
ETH_USDT,2026-05-24T00:00:00Z,2026-05-24T08:00:00Z,2026-05-25T08:00:00Z,2026,2026-05-18T00:00:00Z,0.21461577565659193,-8.482934215927246,-8.143387669867964,-8.167607611139893,-8.162659021271601
SOL_USDT,2026-05-24T00:00:00Z,2026-05-24T08:00:00Z,2026-05-25T08:00:00Z,2026,2026-05-18T00:00:00Z,0.2053175451213174,-8.847499536930437,-7.784873197124909,-7.800656884882461,-7.789823393202167
LINK_USDT,2026-05-24T00:00:00Z,2026-05-24T08:00:00Z,2026-05-25T08:00:00Z,2026,2026-05-18T00:00:00Z,0.04098768493210023,-8.199555984088676,-7.376047151386506,-7.401312379608266,-7.371452057900735
ETH_USDT,2026-05-25T00:00:00Z,2026-05-25T08:00:00Z,2026-05-26T08:00:00Z,2026,2026-05-25T00:00:00Z,-0.34134917082401667,-8.882578888522204,-8.19906137114247,-8.223288423557946,-8.193115352056191
SOL_USDT,2026-05-25T00:00:00Z,2026-05-25T08:00:00Z,2026-05-26T08:00:00Z,2026,2026-05-25T00:00:00Z,-0.1370358153923428,-8.182593887445776,-7.791823938553135,-7.788581495447408,-7.782282888865568
LINK_USDT,2026-05-25T00:00:00Z,2026-05-25T08:00:00Z,2026-05-26T08:00:00Z,2026,2026-05-25T00:00:00Z,-0.4390745202115419,-8.625562082007786,-7.366065465653775,-7.385368522370333,-7.366756342777784
ETH_USDT,2026-05-26T00:00:00Z,2026-05-26T08:00:00Z,2026-05-27T08:00:00Z,2026,2026-05-25T00:00:00Z,-0.5186531797465317,-9.415976281532046,-8.193796272184953,-8.229788302026698,-8.214394492277755
SOL_USDT,2026-05-26T00:00:00Z,2026-05-26T08:00:00Z,2026-05-27T08:00:00Z,2026,2026-05-25T00:00:00Z,-0.43008319487277247,-9.037506003531476,-7.767702436767969,-7.797144089534279,-7.774871289266386
LINK_USDT,2026-05-26T00:00:00Z,2026-05-26T08:00:00Z,2026-05-27T08:00:00Z,2026,2026-05-25T00:00:00Z,-0.6574152236192022,-8.995903837063103,-7.362718081916435,-7.402730684981661,-7.386839346689945
ETH_USDT,2026-05-27T00:00:00Z,2026-05-27T08:00:00Z,2026-05-28T08:00:00Z,2026,2026-05-25T00:00:00Z,-0.013817841859318074,-7.176673543633449,-8.239944282851209,-8.239808873446538,-8.271957560438816
SOL_USDT,2026-05-27T00:00:00Z,2026-05-27T08:00:00Z,2026-05-28T08:00:00Z,2026,2026-05-25T00:00:00Z,-0.04449820775119269,-7.147221710932006,-7.800157483380972,-7.795198045502483,-7.823515718717227
LINK_USDT,2026-05-27T00:00:00Z,2026-05-27T08:00:00Z,2026-05-28T08:00:00Z,2026,2026-05-25T00:00:00Z,-0.26755570164796466,-6.3808862761004645,-7.514612965546801,-7.510643313615133,-7.547517578951388
ETH_USDT,2026-05-28T00:00:00Z,2026-05-28T08:00:00Z,2026-05-29T08:00:00Z,2026,2026-05-25T00:00:00Z,-0.07481720837813996,-9.210716357085598,-8.176855816772026,-8.21406761319787,-8.187042910179462
SOL_USDT,2026-05-28T00:00:00Z,2026-05-28T08:00:00Z,2026-05-29T08:00:00Z,2026,2026-05-25T00:00:00Z,-0.148636440982287,-8.855284873993067,-7.757405718585426,-7.788346242764529,-7.762674278195183
LINK_USDT,2026-05-28T00:00:00Z,2026-05-28T08:00:00Z,2026-05-29T08:00:00Z,2026,2026-05-25T00:00:00Z,-0.2861110486827483,-8.869541240302091,-7.438768732582039,-7.480297146960547,-7.455661947514635
ETH_USDT,2026-05-29T00:00:00Z,2026-05-29T08:00:00Z,2026-05-30T08:00:00Z,2026,2026-05-25T00:00:00Z,0.18374983558103197,-8.452363822163434,-8.125098092804008,-8.13125545614771,-8.138720042367938
SOL_USDT,2026-05-29T00:00:00Z,2026-05-29T08:00:00Z,2026-05-30T08:00:00Z,2026,2026-05-25T00:00:00Z,-0.09910467062274039,-9.482492785330203,-7.730248898795484,-7.749590590155755,-7.741094262669006
LINK_USDT,2026-05-29T00:00:00Z,2026-05-29T08:00:00Z,2026-05-30T08:00:00Z,2026,2026-05-25T00:00:00Z,-0.01714421251281331,-8.044549204215034,-7.386500176281919,-7.400869036516201,-7.4042116683984505
ETH_USDT,2026-05-30T00:00:00Z,2026-05-30T08:00:00Z,2026-05-31T08:00:00Z,2026,2026-05-25T00:00:00Z,-0.04352430957288339,-10.388080054226807,-8.191501124800913,-8.20076268339832,-8.189225244082763
SOL_USDT,2026-05-30T00:00:00Z,2026-05-30T08:00:00Z,2026-05-31T08:00:00Z,2026,2026-05-25T00:00:00Z,-0.19371402610984848,-11.022178543795919,-7.817461720335462,-7.802418762498595,-7.8210960936654175
LINK_USDT,2026-05-30T00:00:00Z,2026-05-30T08:00:00Z,2026-05-31T08:00:00Z,2026,2026-05-25T00:00:00Z,-0.5262616913119426,-10.807031779480992,-7.519604045388103,-7.52792179232892,-7.514983043957778
ETH_USDT,2026-05-31T00:00:00Z,2026-05-31T08:00:00Z,2026-06-01T08:00:00Z,2026,2026-05-25T00:00:00Z,-1.093131845752404,-8.167475274414427,-8.492069559198603,-8.557976906739585,-8.48711870970645
SOL_USDT,2026-05-31T00:00:00Z,2026-05-31T08:00:00Z,2026-06-01T08:00:00Z,2026,2026-05-25T00:00:00Z,-0.8895248172305911,-7.456124370105634,-8.146525120258172,-8.1743404305445,-8.139178743048397
LINK_USDT,2026-05-31T00:00:00Z,2026-05-31T08:00:00Z,2026-06-01T08:00:00Z,2026,2026-05-25T00:00:00Z,-0.5110579128439607,-7.45030902641711,-7.763834295572836,-7.780634087888416,-7.778110200399525
ETH_USDT,2026-06-01T00:00:00Z,2026-06-01T08:00:00Z,2026-06-02T08:00:00Z,2026,2026-06-01T00:00:00Z,-0.5768046883364162,-7.519237107412644,-8.541641019565985,-8.55840848853392,-8.601175259500907
SOL_USDT,2026-06-01T00:00:00Z,2026-06-01T08:00:00Z,2026-06-02T08:00:00Z,2026,2026-06-01T00:00:00Z,-0.9046351604811439,-6.874830160172508,-8.13953056711236,-8.189078579748536,-8.177583454656492
LINK_USDT,2026-06-01T00:00:00Z,2026-06-01T08:00:00Z,2026-06-02T08:00:00Z,2026,2026-06-01T00:00:00Z,-0.7099190891847121,-7.0731604289679435,-7.771478548414382,-7.793930802984707,-7.785471302022216
ETH_USDT,2026-06-02T00:00:00Z,2026-06-02T08:00:00Z,2026-06-03T08:00:00Z,2026,2026-06-01T00:00:00Z,0.2050948355796556,-6.150444724554367,-8.432336546188722,-8.445330735273826,-8.46625768771179
SOL_USDT,2026-06-02T00:00:00Z,2026-06-02T08:00:00Z,2026-06-03T08:00:00Z,2026,2026-06-01T00:00:00Z,-0.10059940659905556,-5.882674505246245,-7.979632800734953,-8.01539098083512,-8.027114880480067
LINK_USDT,2026-06-02T00:00:00Z,2026-06-02T08:00:00Z,2026-06-03T08:00:00Z,2026,2026-06-01T00:00:00Z,-0.2874697195875199,-6.227375543944118,-7.7483730906906025,-7.781051102092153,-7.776978087362968
ETH_USDT,2026-06-03T00:00:00Z,2026-06-03T08:00:00Z,2026-06-04T08:00:00Z,2026,2026-06-01T00:00:00Z,0.5292383760583436,-6.849477684697207,-8.050537982797895,-8.063135844807604,-8.047865323737492
SOL_USDT,2026-06-03T00:00:00Z,2026-06-03T08:00:00Z,2026-06-04T08:00:00Z,2026,2026-06-01T00:00:00Z,0.2777088782761556,-6.006942480648319,-7.579579854257024,-7.607210976759285,-7.590599239831644
LINK_USDT,2026-06-03T00:00:00Z,2026-06-03T08:00:00Z,2026-06-04T08:00:00Z,2026,2026-06-01T00:00:00Z,0.0652995207697368,-6.525771869111123,-7.501591581938897,-7.5295871387350335,-7.5135254109122505
ETH_USDT,2026-06-04T00:00:00Z,2026-06-04T08:00:00Z,2026-06-05T08:00:00Z,2026,2026-06-01T00:00:00Z,0.5358068567192191,-5.867277954885071,-8.005091592957472,-7.9949594827211765,-7.983655043706361
SOL_USDT,2026-06-04T00:00:00Z,2026-06-04T08:00:00Z,2026-06-05T08:00:00Z,2026,2026-06-01T00:00:00Z,0.24144149172190654,-6.344908219073214,-7.482450827148254,-7.49583545938048,-7.472021450046347
LINK_USDT,2026-06-04T00:00:00Z,2026-06-04T08:00:00Z,2026-06-05T08:00:00Z,2026,2026-06-01T00:00:00Z,0.14450329093886968,-5.998567107498656,-7.504891842990545,-7.504447564904269,-7.493757993702497
ETH_USDT,2026-06-05T00:00:00Z,2026-06-05T08:00:00Z,2026-06-06T08:00:00Z,2026,2026-06-01T00:00:00Z,0.5760727595885974,-5.658519873705267,-7.944999647553981,-7.907700857884345,-7.927054316836346
SOL_USDT,2026-06-05T00:00:00Z,2026-06-05T08:00:00Z,2026-06-06T08:00:00Z,2026,2026-06-01T00:00:00Z,0.46139054564684645,-6.758205243293843,-7.343644961339007,-7.322871027165409,-7.339222058263693
LINK_USDT,2026-06-05T00:00:00Z,2026-06-05T08:00:00Z,2026-06-06T08:00:00Z,2026,2026-06-01T00:00:00Z,0.628502969668633,-6.145363659143621,-7.42514732682455,-7.372652154682032,-7.413797097991327
ETH_USDT,2026-06-06T00:00:00Z,2026-06-06T08:00:00Z,2026-06-07T08:00:00Z,2026,2026-06-01T00:00:00Z,1.1021519242479654,-6.97052380448579,-7.477912441477447,-7.450618242010783,-7.465830895178338
SOL_USDT,2026-06-06T00:00:00Z,2026-06-06T08:00:00Z,2026-06-07T08:00:00Z,2026,2026-06-01T00:00:00Z,0.7321709121460134,-6.221503218858517,-7.22025113190547,-7.202456583934553,-7.20745852099479
LINK_USDT,2026-06-06T00:00:00Z,2026-06-06T08:00:00Z,2026-06-07T08:00:00Z,2026,2026-06-01T00:00:00Z,0.7487415007390954,-6.30682359946865,-7.1365763631176256,-7.11618234864068,-7.108882718546358
ETH_USDT,2026-06-07T00:00:00Z,2026-06-07T08:00:00Z,2026-06-08T08:00:00Z,2026,2026-06-01T00:00:00Z,0.25955039545780983,-6.4941786203319465,-7.429628541903278,-7.390623421572489,-7.388699691161841
SOL_USDT,2026-06-07T00:00:00Z,2026-06-07T08:00:00Z,2026-06-08T08:00:00Z,2026,2026-06-01T00:00:00Z,0.01715278422265255,-7.481676795679545,-7.152240625563391,-7.140194982466413,-7.125810877648301
LINK_USDT,2026-06-07T00:00:00Z,2026-06-07T08:00:00Z,2026-06-08T08:00:00Z,2026,2026-06-01T00:00:00Z,0.049851052792793484,-7.439333065331145,-7.115911259400072,-7.043916597767085,-7.078667010373747
ETH_USDT,2026-06-08T00:00:00Z,2026-06-08T08:00:00Z,2026-06-09T08:00:00Z,2026,2026-06-08T00:00:00Z,0.11839085155812534,-8.764040014855093,-7.35590798050829,-7.398643947609692,-7.362545482358871
SOL_USDT,2026-06-08T00:00:00Z,2026-06-08T08:00:00Z,2026-06-09T08:00:00Z,2026,2026-06-08T00:00:00Z,-0.12880221909967407,-8.131079968669878,-7.086572686197834,-7.146948677372586,-7.102348861319921
LINK_USDT,2026-06-08T00:00:00Z,2026-06-08T08:00:00Z,2026-06-09T08:00:00Z,2026,2026-06-08T00:00:00Z,-0.121129317013841,-8.121641539051453,-7.031769672390212,-7.080799183227883,-7.037816204583193
ETH_USDT,2026-06-09T00:00:00Z,2026-06-09T08:00:00Z,2026-06-10T08:00:00Z,2026,2026-06-08T00:00:00Z,0.18104347626244843,-7.277653061410311,-7.3498252829885535,-7.336116702445695,-7.3621067582703335
SOL_USDT,2026-06-09T00:00:00Z,2026-06-09T08:00:00Z,2026-06-10T08:00:00Z,2026,2026-06-08T00:00:00Z,-0.06567959447231056,-6.387649840657222,-7.1006602951900435,-7.109168108732862,-7.1214419673254685
LINK_USDT,2026-06-09T00:00:00Z,2026-06-09T08:00:00Z,2026-06-10T08:00:00Z,2026,2026-06-08T00:00:00Z,-0.2521680050490212,-6.917487900684326,-7.040999949262006,-7.050984776708459,-7.054316043171242
ETH_USDT,2026-06-10T00:00:00Z,2026-06-10T08:00:00Z,2026-06-11T08:00:00Z,2026,2026-06-08T00:00:00Z,-0.04425101652814466,-6.896613828989997,-7.4277303473533225,-7.463707762553597,-7.433272289311191
SOL_USDT,2026-06-10T00:00:00Z,2026-06-10T08:00:00Z,2026-06-11T08:00:00Z,2026,2026-06-08T00:00:00Z,-0.06976552533711984,-6.089667178024624,-7.1734366961688485,-7.2178867031763225,-7.1877558347532915
LINK_USDT,2026-06-10T00:00:00Z,2026-06-10T08:00:00Z,2026-06-11T08:00:00Z,2026,2026-06-08T00:00:00Z,-0.3401388924345373,-6.31431867946623,-7.106929407841168,-7.160249273170484,-7.1254241705736785
ETH_USDT,2026-06-11T00:00:00Z,2026-06-11T08:00:00Z,2026-06-12T08:00:00Z,2026,2026-06-08T00:00:00Z,-0.3305850658834891,-7.935913381401661,-7.421216465347042,-7.477353056598502,-7.438508635735735
SOL_USDT,2026-06-11T00:00:00Z,2026-06-11T08:00:00Z,2026-06-12T08:00:00Z,2026,2026-06-08T00:00:00Z,-0.11917444650615507,-7.465388848289669,-7.153119011754807,-7.194925172689282,-7.166622504086442
LINK_USDT,2026-06-11T00:00:00Z,2026-06-11T08:00:00Z,2026-06-12T08:00:00Z,2026,2026-06-08T00:00:00Z,-0.5074256876989902,-7.923177829005736,-7.08021409429339,-7.147188103215015,-7.103451439333558
ETH_USDT,2026-06-12T00:00:00Z,2026-06-12T08:00:00Z,2026-06-13T08:00:00Z,2026,2026-06-08T00:00:00Z,-0.35550272469451605,-9.87386496069681,-7.399650213889842,-7.460964922577678,-7.433761573304954
SOL_USDT,2026-06-12T00:00:00Z,2026-06-12T08:00:00Z,2026-06-13T08:00:00Z,2026,2026-06-08T00:00:00Z,-0.1081677054363074,-8.105870992524672,-7.146396601236001,-7.183602701822377,-7.161970974837969
LINK_USDT,2026-06-12T00:00:00Z,2026-06-12T08:00:00Z,2026-06-13T08:00:00Z,2026,2026-06-08T00:00:00Z,-0.5404871736279424,-8.562767799634926,-7.075066985363771,-7.143979499271495,-7.107895791028327
ETH_USDT,2026-06-13T00:00:00Z,2026-06-13T08:00:00Z,2026-06-14T08:00:00Z,2026,2026-06-08T00:00:00Z,-0.6581602270977831,-10.723249187015275,-7.79718444940815,-7.8254572290583635,-7.814775461819427
SOL_USDT,2026-06-13T00:00:00Z,2026-06-13T08:00:00Z,2026-06-14T08:00:00Z,2026,2026-06-08T00:00:00Z,-0.08134959913261562,-7.698273992520526,-7.278084857679091,-7.278727020575395,-7.2906352217560295
LINK_USDT,2026-06-13T00:00:00Z,2026-06-13T08:00:00Z,2026-06-14T08:00:00Z,2026,2026-06-08T00:00:00Z,-0.927432973985443,-8.587429731113112,-7.3549076813387035,-7.416646207819729,-7.381281097711492
ETH_USDT,2026-06-14T00:00:00Z,2026-06-14T08:00:00Z,2026-06-15T08:00:00Z,2026,2026-06-08T00:00:00Z,-1.2673788156929748,-6.531817113063935,-7.811561892979109,-7.90424115397081,-7.852986705355754
SOL_USDT,2026-06-14T00:00:00Z,2026-06-14T08:00:00Z,2026-06-15T08:00:00Z,2026,2026-06-08T00:00:00Z,-0.6653670696236508,-5.737679773850665,-7.276658095372982,-7.348100553874777,-7.290542833220173
LINK_USDT,2026-06-14T00:00:00Z,2026-06-14T08:00:00Z,2026-06-15T08:00:00Z,2026,2026-06-08T00:00:00Z,-1.008447202011844,-6.280666290675544,-7.34828323684101,-7.437401382650245,-7.409882307713978
ETH_USDT,2026-06-15T00:00:00Z,2026-06-15T08:00:00Z,2026-06-16T08:00:00Z,2026,2026-06-15T00:00:00Z,-0.7292949921266763,-5.094325750825569,-7.902184629890396,-8.017239067865226,-7.983980792260945
SOL_USDT,2026-06-15T00:00:00Z,2026-06-15T08:00:00Z,2026-06-16T08:00:00Z,2026,2026-06-15T00:00:00Z,-0.44051023919651494,-5.723740142017586,-7.219078005580258,-7.3246016604386766,-7.2767108189360235
LINK_USDT,2026-06-15T00:00:00Z,2026-06-15T08:00:00Z,2026-06-16T08:00:00Z,2026,2026-06-15T00:00:00Z,-0.8319941707508006,-5.81258097109327,-7.3936540944811755,-7.524166307680338,-7.460674551429488
ETH_USDT,2026-06-16T00:00:00Z,2026-06-16T08:00:00Z,2026-06-17T08:00:00Z,2026,2026-06-15T00:00:00Z,0.2637533600669193,-9.488723605066209,-7.423287649843364,-7.453923084355808,-7.483216877811089
SOL_USDT,2026-06-16T00:00:00Z,2026-06-16T08:00:00Z,2026-06-17T08:00:00Z,2026,2026-06-15T00:00:00Z,0.1303200959535311,-8.217261837893265,-7.067546271965392,-7.101650864954248,-7.111221212557412
LINK_USDT,2026-06-16T00:00:00Z,2026-06-16T08:00:00Z,2026-06-17T08:00:00Z,2026,2026-06-15T00:00:00Z,-0.04253681649447846,-8.469674433198524,-7.1938981956425385,-7.23893660553518,-7.253995901612176
ETH_USDT,2026-06-17T00:00:00Z,2026-06-17T08:00:00Z,2026-06-18T08:00:00Z,2026,2026-06-15T00:00:00Z,-0.021720729565573683,-8.46341799052767,-7.4388899280246115,-7.419664125678387,-7.429729738835754
SOL_USDT,2026-06-17T00:00:00Z,2026-06-17T08:00:00Z,2026-06-18T08:00:00Z,2026,2026-06-15T00:00:00Z,-0.21573064590808821,-7.3479069773889325,-7.104422998168186,-7.109197393766051,-7.1043506685827635
LINK_USDT,2026-06-17T00:00:00Z,2026-06-17T08:00:00Z,2026-06-18T08:00:00Z,2026,2026-06-15T00:00:00Z,-0.504623452587115,-7.330496015053051,-7.221231359740994,-7.2419931481852196,-7.222523614911071
ETH_USDT,2026-06-18T00:00:00Z,2026-06-18T08:00:00Z,2026-06-19T08:00:00Z,2026,2026-06-15T00:00:00Z,-0.07899797149894412,-6.254808616841137,-7.48068402712613,-7.4766579912207485,-7.485502270845489
SOL_USDT,2026-06-18T00:00:00Z,2026-06-18T08:00:00Z,2026-06-19T08:00:00Z,2026,2026-06-15T00:00:00Z,-0.10647880332392834,-5.816774390371693,-7.159235623799236,-7.174893681963264,-7.177284897220813
LINK_USDT,2026-06-18T00:00:00Z,2026-06-18T08:00:00Z,2026-06-19T08:00:00Z,2026,2026-06-15T00:00:00Z,-0.32221902250939366,-6.101058411809618,-7.266034661515103,-7.297040430218802,-7.293697906111685
ETH_USDT,2026-06-19T00:00:00Z,2026-06-19T08:00:00Z,2026-06-20T08:00:00Z,2026,2026-06-15T00:00:00Z,-0.18479251833383736,-8.976070712414598,-7.414410279698235,-7.468496858328578,-7.426102278968863
SOL_USDT,2026-06-19T00:00:00Z,2026-06-19T08:00:00Z,2026-06-20T08:00:00Z,2026,2026-06-15T00:00:00Z,-0.22729131093330252,-6.982612111403289,-7.091535837256521,-7.154104104325205,-7.105415886269415
LINK_USDT,2026-06-19T00:00:00Z,2026-06-19T08:00:00Z,2026-06-20T08:00:00Z,2026,2026-06-15T00:00:00Z,-0.37689030551863795,-9.352733685563237,-7.220795488014544,-7.290045960243893,-7.241604249154906
ETH_USDT,2026-06-20T00:00:00Z,2026-06-20T08:00:00Z,2026-06-21T08:00:00Z,2026,2026-06-15T00:00:00Z,-0.8237204514653297,-9.226572329480318,-7.402417181069502,-7.460581697132756,-7.420500054104335
SOL_USDT,2026-06-20T00:00:00Z,2026-06-20T08:00:00Z,2026-06-21T08:00:00Z,2026,2026-06-15T00:00:00Z,-0.41201198252642635,-8.102685952365434,-7.061984739912642,-7.102676717492919,-7.084544556104548
LINK_USDT,2026-06-20T00:00:00Z,2026-06-20T08:00:00Z,2026-06-21T08:00:00Z,2026,2026-06-15T00:00:00Z,-0.6972319880431679,-10.438244661559398,-7.181495272238491,-7.247944828354448,-7.207306285587954
ETH_USDT,2026-06-21T00:00:00Z,2026-06-21T08:00:00Z,2026-06-22T08:00:00Z,2026,2026-06-15T00:00:00Z,-0.8273378284733526,-7.246173529848715,-7.391908431264272,-7.451486381516198,-7.455314968565954
SOL_USDT,2026-06-21T00:00:00Z,2026-06-21T08:00:00Z,2026-06-22T08:00:00Z,2026,2026-06-15T00:00:00Z,-0.1740919204222213,-6.742716592474676,-7.0246137573161525,-7.046905144488186,-7.062406316393551
LINK_USDT,2026-06-21T00:00:00Z,2026-06-21T08:00:00Z,2026-06-22T08:00:00Z,2026,2026-06-15T00:00:00Z,-0.9041200139908764,-6.708451638053262,-7.2126629919045815,-7.216257977253795,-7.257135031772111
ETH_USDT,2026-06-22T00:00:00Z,2026-06-22T08:00:00Z,2026-06-23T08:00:00Z,2026,2026-06-22T00:00:00Z,-1.0731044541045094,-7.138995873278365,-7.470084315699582,-7.578657022967771,-7.533084104931277
SOL_USDT,2026-06-22T00:00:00Z,2026-06-22T08:00:00Z,2026-06-23T08:00:00Z,2026,2026-06-22T00:00:00Z,-0.21336682120435857,-6.733171082577087,-7.157910283148077,-7.179787263184169,-7.171201034925975
LINK_USDT,2026-06-22T00:00:00Z,2026-06-22T08:00:00Z,2026-06-23T08:00:00Z,2026,2026-06-22T00:00:00Z,-1.175386370817887,-6.949976932897025,-7.2921052546942535,-7.434076820561827,-7.3536529190705275
ETH_USDT,2026-06-23T00:00:00Z,2026-06-23T08:00:00Z,2026-06-24T08:00:00Z,2026,2026-06-22T00:00:00Z,-0.29559817462030674,-8.396177957451926,-7.902393440214802,-7.925137947333955,-7.954469192925934
SOL_USDT,2026-06-23T00:00:00Z,2026-06-23T08:00:00Z,2026-06-24T08:00:00Z,2026,2026-06-22T00:00:00Z,-0.013008332648315576,-7.8391138978983514,-7.2957630201527675,-7.3000135829245485,-7.303128216842675
LINK_USDT,2026-06-23T00:00:00Z,2026-06-23T08:00:00Z,2026-06-24T08:00:00Z,2026,2026-06-22T00:00:00Z,-0.34338114428477645,-10.054460129979931,-7.483282951933031,-7.523436871913676,-7.552094901619129
ETH_USDT,2026-06-24T00:00:00Z,2026-06-24T08:00:00Z,2026-06-25T08:00:00Z,2026,2026-06-22T00:00:00Z,-0.393256996396974,-6.4493208505029616,-7.804592115989836,-7.848186655941475,-7.806670446637621
SOL_USDT,2026-06-24T00:00:00Z,2026-06-24T08:00:00Z,2026-06-25T08:00:00Z,2026,2026-06-22T00:00:00Z,-0.21447854178794565,-6.564474225812497,-7.230627743817615,-7.261908247424525,-7.22656954898802
LINK_USDT,2026-06-24T00:00:00Z,2026-06-24T08:00:00Z,2026-06-25T08:00:00Z,2026,2026-06-22T00:00:00Z,-0.21852128113081373,-6.639833478191583,-7.421549109229698,-7.446582449330206,-7.433761900505
ETH_USDT,2026-06-25T00:00:00Z,2026-06-25T08:00:00Z,2026-06-26T08:00:00Z,2026,2026-06-22T00:00:00Z,-0.07382471708365926,-5.811156293958193,-7.722456427858177,-7.745260531740603,-7.735461102999404
SOL_USDT,2026-06-25T00:00:00Z,2026-06-25T08:00:00Z,2026-06-26T08:00:00Z,2026,2026-06-22T00:00:00Z,0.16817470977479346,-5.405791183350656,-7.219999600339636,-7.213592513178883,-7.2297188660365705
LINK_USDT,2026-06-25T00:00:00Z,2026-06-25T08:00:00Z,2026-06-26T08:00:00Z,2026,2026-06-22T00:00:00Z,0.10258459778010744,-6.198165292567935,-7.393408538600565,-7.398005823741452,-7.397801774263433
ETH_USDT,2026-06-26T00:00:00Z,2026-06-26T08:00:00Z,2026-06-27T08:00:00Z,2026,2026-06-22T00:00:00Z,0.11467734405391573,-10.772451207891757,-7.572232556815291,-7.597396166033944,-7.567056363876469
SOL_USDT,2026-06-26T00:00:00Z,2026-06-26T08:00:00Z,2026-06-27T08:00:00Z,2026,2026-06-22T00:00:00Z,0.24907765863796455,-7.919765716621583,-7.181415857915154,-7.184732736258123,-7.160932406773194
LINK_USDT,2026-06-26T00:00:00Z,2026-06-26T08:00:00Z,2026-06-27T08:00:00Z,2026,2026-06-22T00:00:00Z,-0.14001296139172623,-10.639935059561424,-7.353726008101708,-7.40238616523271,-7.3327138683235145
ETH_USDT,2026-06-27T00:00:00Z,2026-06-27T08:00:00Z,2026-06-28T08:00:00Z,2026,2026-06-22T00:00:00Z,0.051160965827313144,-7.4958858643081525,-7.577306241718239,-7.5058339470155095,-7.555094279170028
SOL_USDT,2026-06-27T00:00:00Z,2026-06-27T08:00:00Z,2026-06-28T08:00:00Z,2026,2026-06-22T00:00:00Z,0.4501220432750322,-6.742200770872926,-7.072540688354231,-7.031047068179057,-7.052709009942658
LINK_USDT,2026-06-27T00:00:00Z,2026-06-27T08:00:00Z,2026-06-28T08:00:00Z,2026,2026-06-22T00:00:00Z,-0.2262978739060487,-7.5007694321388305,-7.380287871517164,-7.35863502211966,-7.37655111349651
ETH_USDT,2026-06-28T00:00:00Z,2026-06-28T08:00:00Z,2026-06-29T08:00:00Z,2026,2026-06-22T00:00:00Z,-1.0761778573763536,-9.581606017899697,-7.543491277181434,-7.672395145339368,-7.5303145296681
SOL_USDT,2026-06-28T00:00:00Z,2026-06-28T08:00:00Z,2026-06-29T08:00:00Z,2026,2026-06-22T00:00:00Z,-0.35851951647088687,-7.357551887813075,-7.065525759663253,-7.114137755991475,-7.02787505379713
LINK_USDT,2026-06-28T00:00:00Z,2026-06-28T08:00:00Z,2026-06-29T08:00:00Z,2026,2026-06-22T00:00:00Z,-1.0948882643034359,-9.12789028017311,-7.341273492736924,-7.4754444864465714,-7.349401493689316
ETH_USDT,2026-06-29T00:00:00Z,2026-06-29T08:00:00Z,2026-06-30T08:00:00Z,2026,2026-06-29T00:00:00Z,-1.0028546686248438,-7.440740648441584,-7.557911791326674,-7.605513047973604,-7.630992977661533
SOL_USDT,2026-06-29T00:00:00Z,2026-06-29T08:00:00Z,2026-06-30T08:00:00Z,2026,2026-06-29T00:00:00Z,-0.47657179651759995,-7.225740256733588,-7.074986872115749,-7.1014732860243095,-7.099863300722935
LINK_USDT,2026-06-29T00:00:00Z,2026-06-29T08:00:00Z,2026-06-30T08:00:00Z,2026,2026-06-29T00:00:00Z,-0.7984915764003847,-8.733537644948465,-7.396579765224494,-7.421720257560924,-7.467547144013253
ETH_USDT,2026-06-30T00:00:00Z,2026-06-30T08:00:00Z,2026-07-01T08:00:00Z,2026,2026-06-29T00:00:00Z,-0.2159103241040345,-8.001793600574898,-7.561308756422207,-7.564085099617771,-7.629987044581074
SOL_USDT,2026-06-30T00:00:00Z,2026-06-30T08:00:00Z,2026-07-01T08:00:00Z,2026,2026-06-29T00:00:00Z,0.3369775466849973,-7.583425108965549,-7.073894551658439,-7.011949112714588,-7.107816082994058
LINK_USDT,2026-06-30T00:00:00Z,2026-06-30T08:00:00Z,2026-07-01T08:00:00Z,2026,2026-06-29T00:00:00Z,-0.13215949109885128,-7.757404701808671,-7.458945830102754,-7.411374559440215,-7.503128764107693
ETH_USDT,2026-07-01T00:00:00Z,2026-07-01T08:00:00Z,2026-07-02T08:00:00Z,2026,2026-06-29T00:00:00Z,-0.5575176640606777,-7.210134756846594,-7.599986481825828,-7.66166365339743,-7.602266642469722
SOL_USDT,2026-07-01T00:00:00Z,2026-07-01T08:00:00Z,2026-07-02T08:00:00Z,2026,2026-06-29T00:00:00Z,-0.04908572572481027,-6.744768277390838,-7.121883491085703,-7.104587528970009,-7.085396445846277
LINK_USDT,2026-07-01T00:00:00Z,2026-07-01T08:00:00Z,2026-07-02T08:00:00Z,2026,2026-06-29T00:00:00Z,-0.2721676666772348,-6.8683484632765435,-7.485507424886108,-7.5093920625971435,-7.475373587011549
ETH_USDT,2026-07-02T00:00:00Z,2026-07-02T08:00:00Z,2026-07-03T08:00:00Z,2026,2026-06-29T00:00:00Z,-0.20556879693154806,-5.990570069715551,-7.627779261986471,-7.648826916901708,-7.656270079031263
SOL_USDT,2026-07-02T00:00:00Z,2026-07-02T08:00:00Z,2026-07-03T08:00:00Z,2026,2026-06-29T00:00:00Z,0.2722179425396551,-6.616664372834053,-7.097435296112908,-7.065675394232962,-7.094667993615288
LINK_USDT,2026-07-02T00:00:00Z,2026-07-02T08:00:00Z,2026-07-03T08:00:00Z,2026,2026-06-29T00:00:00Z,-0.19050407062461341,-6.243374708065321,-7.50597273864459,-7.5298198338359335,-7.505893819270877
ETH_USDT,2026-07-03T00:00:00Z,2026-07-03T08:00:00Z,2026-07-04T08:00:00Z,2026,2026-06-29T00:00:00Z,0.05708095046834976,-8.111822566315917,-7.701871270300121,-7.711449841447498,-7.6971797002108735
SOL_USDT,2026-07-03T00:00:00Z,2026-07-03T08:00:00Z,2026-07-04T08:00:00Z,2026,2026-06-29T00:00:00Z,0.3532485183743454,-8.463122300383379,-7.1858008289482305,-7.141973066721502,-7.154320394728147
LINK_USDT,2026-07-03T00:00:00Z,2026-07-03T08:00:00Z,2026-07-04T08:00:00Z,2026,2026-06-29T00:00:00Z,0.12448132417192138,-7.820949205623589,-7.500524248233038,-7.50251175439803,-7.495367532539492
ETH_USDT,2026-07-04T00:00:00Z,2026-07-04T08:00:00Z,2026-07-05T08:00:00Z,2026,2026-06-29T00:00:00Z,-0.2908284751171905,-7.791228513453834,-7.670290642733345,-7.67410414892477,-7.6472935228148335
SOL_USDT,2026-07-04T00:00:00Z,2026-07-04T08:00:00Z,2026-07-05T08:00:00Z,2026,2026-06-29T00:00:00Z,-0.3571703375409301,-8.331860993828503,-7.325367815922951,-7.318578559607564,-7.278871874871091
LINK_USDT,2026-07-04T00:00:00Z,2026-07-04T08:00:00Z,2026-07-05T08:00:00Z,2026,2026-06-29T00:00:00Z,-0.1548668836860478,-7.366487691886526,-7.469170634252441,-7.45702643137834,-7.441646544644818
ETH_USDT,2026-07-05T00:00:00Z,2026-07-05T08:00:00Z,2026-07-06T08:00:00Z,2026,2026-06-29T00:00:00Z,-0.4643748333941952,-9.201008964159652,-7.684991322521326,-7.702796462377522,-7.6880190820956456
SOL_USDT,2026-07-05T00:00:00Z,2026-07-05T08:00:00Z,2026-07-06T08:00:00Z,2026,2026-06-29T00:00:00Z,-0.2688540353537736,-8.73877173866944,-7.426288506256613,-7.371808089225144,-7.428053756739275
LINK_USDT,2026-07-05T00:00:00Z,2026-07-05T08:00:00Z,2026-07-06T08:00:00Z,2026,2026-06-29T00:00:00Z,-0.6448686983206084,-7.919526837978253,-7.4707177440901384,-7.53093883438421,-7.4666872743299875
ETH_USDT,2026-07-06T00:00:00Z,2026-07-06T08:00:00Z,2026-07-07T08:00:00Z,2026,2026-07-06T00:00:00Z,0.333432515320345,-7.895433361528051,-7.7431491038076885,-7.637900008096716,-7.763798348821083
SOL_USDT,2026-07-06T00:00:00Z,2026-07-06T08:00:00Z,2026-07-07T08:00:00Z,2026,2026-07-06T00:00:00Z,-0.5025182921419473,-8.978255607909437,-7.462466477678695,-7.482458338764551,-7.45912892812744
LINK_USDT,2026-07-06T00:00:00Z,2026-07-06T08:00:00Z,2026-07-07T08:00:00Z,2026,2026-07-06T00:00:00Z,-0.6651044115501394,-8.18244808465239,-7.501143007338794,-7.568277803724991,-7.53927700796478
ETH_USDT,2026-07-07T00:00:00Z,2026-07-07T08:00:00Z,2026-07-08T08:00:00Z,2026,2026-07-06T00:00:00Z,0.12065947547768159,-7.604608305130159,-7.770285488924685,-7.712305238252297,-7.731018296081421
SOL_USDT,2026-07-07T00:00:00Z,2026-07-07T08:00:00Z,2026-07-08T08:00:00Z,2026,2026-07-06T00:00:00Z,0.03845270252625297,-6.68768421711313,-7.5421812318419335,-7.4775099411971855,-7.5510503836687315
LINK_USDT,2026-07-07T00:00:00Z,2026-07-07T08:00:00Z,2026-07-08T08:00:00Z,2026,2026-07-06T00:00:00Z,0.0338966901161294,-7.076576516878391,-7.4878648857158625,-7.45739405159226,-7.52681156790354
ETH_USDT,2026-07-08T00:00:00Z,2026-07-08T08:00:00Z,2026-07-09T08:00:00Z,2026,2026-07-06T00:00:00Z,-0.09360653832457447,-7.508783266058223,-7.7727263903860155,-7.787747417371464,-7.753524025280919
SOL_USDT,2026-07-08T00:00:00Z,2026-07-08T08:00:00Z,2026-07-09T08:00:00Z,2026,2026-07-06T00:00:00Z,-0.2066111735830302,-7.401991621508823,-7.565720665538272,-7.564729870134546,-7.537315514696026
LINK_USDT,2026-07-08T00:00:00Z,2026-07-08T08:00:00Z,2026-07-09T08:00:00Z,2026,2026-07-06T00:00:00Z,-0.4741237799212631,-7.335435719017676,-7.505773483440445,-7.5759593833683665,-7.496669931071841
ETH_USDT,2026-07-09T00:00:00Z,2026-07-09T08:00:00Z,2026-07-10T08:00:00Z,2026,2026-07-06T00:00:00Z,-0.1573114193796085,-8.026302365016528,-7.783275213935645,-7.802149997686222,-7.777877274203289
SOL_USDT,2026-07-09T00:00:00Z,2026-07-09T08:00:00Z,2026-07-10T08:00:00Z,2026,2026-07-06T00:00:00Z,-0.08945109914643463,-8.546092312846396,-7.553266204932943,-7.564130124993805,-7.543309364978166
LINK_USDT,2026-07-09T00:00:00Z,2026-07-09T08:00:00Z,2026-07-10T08:00:00Z,2026,2026-07-06T00:00:00Z,-0.28797291631562794,-7.642458664077196,-7.492375396032058,-7.546306132824998,-7.520006197841704
ETH_USDT,2026-07-10T00:00:00Z,2026-07-10T08:00:00Z,2026-07-11T08:00:00Z,2026,2026-07-06T00:00:00Z,-0.39096300254612953,-9.076666115921586,-8.089604160837744,-8.075149395489484,-8.068013506942547
SOL_USDT,2026-07-10T00:00:00Z,2026-07-10T08:00:00Z,2026-07-11T08:00:00Z,2026,2026-07-06T00:00:00Z,-0.47234284315828834,-9.318486007831646,-7.726534785189975,-7.711822227636024,-7.695652633646346
LINK_USDT,2026-07-10T00:00:00Z,2026-07-10T08:00:00Z,2026-07-11T08:00:00Z,2026,2026-07-06T00:00:00Z,-0.5384400188537284,-9.896520924745044,-7.707376149237672,-7.7349172501383645,-7.707123235344404
ETH_USDT,2026-07-11T00:00:00Z,2026-07-11T08:00:00Z,2026-07-12T08:00:00Z,2026,2026-07-06T00:00:00Z,-0.14650874750936702,-8.013799676323025,-8.100822035689951,-8.082624052566826,-8.098496922486621
SOL_USDT,2026-07-11T00:00:00Z,2026-07-11T08:00:00Z,2026-07-12T08:00:00Z,2026,2026-07-06T00:00:00Z,-0.21872694465860903,-7.676724130214121,-7.745219657107993,-7.71053485806502,-7.744664094135994
LINK_USDT,2026-07-11T00:00:00Z,2026-07-11T08:00:00Z,2026-07-12T08:00:00Z,2026,2026-07-06T00:00:00Z,-0.3594473592365377,-7.636864929919282,-7.694075661448566,-7.727576877350612,-7.714240038464197
ETH_USDT,2026-07-12T00:00:00Z,2026-07-12T08:00:00Z,2026-07-13T08:00:00Z,2026,2026-07-06T00:00:00Z,-0.31189356676978724,-8.031532505291205,-8.116803529025464,-8.105905685670391,-8.098741544173922
SOL_USDT,2026-07-12T00:00:00Z,2026-07-12T08:00:00Z,2026-07-13T08:00:00Z,2026,2026-07-06T00:00:00Z,-0.534009568324134,-8.338958617387057,-7.688677298627935,-7.714594916672652,-7.678112776768679
LINK_USDT,2026-07-12T00:00:00Z,2026-07-12T08:00:00Z,2026-07-13T08:00:00Z,2026,2026-07-06T00:00:00Z,-0.5688152354559476,-8.376783412969537,-7.7145736502632625,-7.765044465192399,-7.72372875129493
ETH_USDT,2026-07-13T00:00:00Z,2026-07-13T08:00:00Z,2026-07-14T08:00:00Z,2026,2026-07-13T00:00:00Z,-0.5404360733611823,-10.087524537678679,-8.086695276786456,-8.109848113228143,-8.08081730204269
SOL_USDT,2026-07-13T00:00:00Z,2026-07-13T08:00:00Z,2026-07-14T08:00:00Z,2026,2026-07-13T00:00:00Z,-0.7178373681914045,-8.587189126573223,-7.7003162342059746,-7.737382216938716,-7.709171270263315
LINK_USDT,2026-07-13T00:00:00Z,2026-07-13T08:00:00Z,2026-07-14T08:00:00Z,2026,2026-07-13T00:00:00Z,-0.5952866222860412,-9.410909176524065,-7.717228269673515,-7.764857700717779,-7.738872574284556
ETH_USDT,2026-07-14T00:00:00Z,2026-07-14T08:00:00Z,2026-07-15T08:00:00Z,2026,2026-07-13T00:00:00Z,0.15969512515997544,-5.857562951655305,-8.100121968069859,-8.018459947295895,-8.10726874334624
SOL_USDT,2026-07-14T00:00:00Z,2026-07-14T08:00:00Z,2026-07-15T08:00:00Z,2026,2026-07-13T00:00:00Z,-0.3643236988603521,-6.845242257679381,-7.707246542850148,-7.705278928892303,-7.727718938085903
LINK_USDT,2026-07-14T00:00:00Z,2026-07-14T08:00:00Z,2026-07-15T08:00:00Z,2026,2026-07-13T00:00:00Z,-0.21218900906307872,-6.1333313970848335,-7.7544847878476775,-7.718159477277574,-7.773376864895903
ETH_USDT,2026-07-15T00:00:00Z,2026-07-15T08:00:00Z,2026-07-16T08:00:00Z,2026,2026-07-13T00:00:00Z,0.38841337423391675,-6.7866631727378355,-7.820041296975423,-7.806163196652552,-7.796660912841502
SOL_USDT,2026-07-15T00:00:00Z,2026-07-15T08:00:00Z,2026-07-16T08:00:00Z,2026,2026-07-13T00:00:00Z,-0.24100733274729788,-8.123963936577077,-7.655083518493075,-7.6994715125216135,-7.660024946206333
LINK_USDT,2026-07-15T00:00:00Z,2026-07-15T08:00:00Z,2026-07-16T08:00:00Z,2026,2026-07-13T00:00:00Z,0.14248578677835336,-7.308650691972906,-7.5778689164636255,-7.604960878813973,-7.585394078684541
ETH_USDT,2026-07-16T00:00:00Z,2026-07-16T08:00:00Z,2026-07-17T08:00:00Z,2026,2026-07-13T00:00:00Z,0.2942739825686861,-7.266929609896265,-7.78160792864305,-7.7683997114607575,-7.754404631160841
SOL_USDT,2026-07-16T00:00:00Z,2026-07-16T08:00:00Z,2026-07-17T08:00:00Z,2026,2026-07-13T00:00:00Z,-0.21296989163342012,-7.831360541850151,-7.855363464407262,-7.83865793207338,-7.843110704098665
LINK_USDT,2026-07-16T00:00:00Z,2026-07-16T08:00:00Z,2026-07-17T08:00:00Z,2026,2026-07-13T00:00:00Z,0.3043009917753217,-7.340624559603594,-7.610872034002631,-7.5765857991769066,-7.595612087080544
ETH_USDT,2026-07-17T00:00:00Z,2026-07-17T08:00:00Z,2026-07-18T08:00:00Z,2026,2026-07-13T00:00:00Z,0.1298834613400761,-10.144073039065335,-7.751312482382199,-7.725529091325895,-7.728756838774227
SOL_USDT,2026-07-17T00:00:00Z,2026-07-17T08:00:00Z,2026-07-18T08:00:00Z,2026,2026-07-13T00:00:00Z,-0.38331832149196077,-10.985217455355444,-7.807898009964815,-7.841353221097235,-7.797777389349865
LINK_USDT,2026-07-17T00:00:00Z,2026-07-17T08:00:00Z,2026-07-18T08:00:00Z,2026,2026-07-13T00:00:00Z,0.12876494098116556,-9.113430570117798,-7.599898725018117,-7.561938674280928,-7.5713124441857556
ETH_USDT,2026-07-18T00:00:00Z,2026-07-18T08:00:00Z,2026-07-19T08:00:00Z,2026,2026-07-13T00:00:00Z,0.03878179941891419,-9.062236330390656,-7.748856466179432,-7.746636943238011,-7.738231239455397
SOL_USDT,2026-07-18T00:00:00Z,2026-07-18T08:00:00Z,2026-07-19T08:00:00Z,2026,2026-07-13T00:00:00Z,-0.5034134272880327,-9.02718912329698,-7.82430419718565,-7.8403002945697615,-7.824009391651771
LINK_USDT,2026-07-18T00:00:00Z,2026-07-18T08:00:00Z,2026-07-19T08:00:00Z,2026,2026-07-13T00:00:00Z,0.19103758289782444,-9.26288607449705,-7.605575267447032,-7.584709606897786,-7.590850483397397
ETH_USDT,2026-07-19T00:00:00Z,2026-07-19T08:00:00Z,2026-07-20T08:00:00Z,2026,2026-07-13T00:00:00Z,-0.9302511691549248,-10.80433749274235,-7.774097629610186,-7.8789781373971906,-7.771438428735729
SOL_USDT,2026-07-19T00:00:00Z,2026-07-19T08:00:00Z,2026-07-20T08:00:00Z,2026,2026-07-13T00:00:00Z,-1.213558513785952,-11.549677708404502,-7.929020199454543,-8.031867341929374,-7.936343448980551
LINK_USDT,2026-07-19T00:00:00Z,2026-07-19T08:00:00Z,2026-07-20T08:00:00Z,2026,2026-07-13T00:00:00Z,-0.48023163350829035,-10.753216198666829,-7.656338294860877,-7.684979530983562,-7.637963427897071
ETH_USDT,2026-07-20T00:00:00Z,2026-07-20T08:00:00Z,2026-07-21T08:00:00Z,2026,2026-07-20T00:00:00Z,-0.47820664163227267,-7.3378617131297075,-7.770495633299984,-7.734362730740639,-7.831940586839577
SOL_USDT,2026-07-20T00:00:00Z,2026-07-20T08:00:00Z,2026-07-21T08:00:00Z,2026,2026-07-20T00:00:00Z,-0.6001544067394932,-7.634228305779802,-7.950500268419178,-7.944040002277058,-8.006998146578914
LINK_USDT,2026-07-20T00:00:00Z,2026-07-20T08:00:00Z,2026-07-21T08:00:00Z,2026,2026-07-20T00:00:00Z,-1.0526897871735894,-7.078578632002401,-7.67332040641092,-7.727353548458151,-7.6994463647647775
ETH_USDT,2026-07-21T00:00:00Z,2026-07-21T08:00:00Z,2026-07-22T08:00:00Z,2026,2026-07-20T00:00:00Z,0.1465526588032268,-9.589491551130042,-7.806536797561652,-7.793604944430224,-7.8384552470036795
SOL_USDT,2026-07-21T00:00:00Z,2026-07-21T08:00:00Z,2026-07-22T08:00:00Z,2026,2026-07-20T00:00:00Z,-0.12182603188559944,-8.485797205442188,-7.983772207566096,-7.986716372543032,-8.000537179929843
LINK_USDT,2026-07-21T00:00:00Z,2026-07-21T08:00:00Z,2026-07-22T08:00:00Z,2026,2026-07-20T00:00:00Z,-0.05970960600607676,-8.990689427504105,-7.681071316387248,-7.7103496281078465,-7.747303103782911
ETH_USDT,2026-07-22T00:00:00Z,2026-07-22T08:00:00Z,2026-07-23T08:00:00Z,2026,2026-07-20T00:00:00Z,0.32634164339856575,-8.004624359908014,-8.1134862552803,-8.025580615815041,-8.087415670039626
SOL_USDT,2026-07-22T00:00:00Z,2026-07-22T08:00:00Z,2026-07-23T08:00:00Z,2026,2026-07-20T00:00:00Z,-0.4710976529714826,-7.697473585086984,-8.233738202128375,-8.2373054203969,-8.205839405280951
LINK_USDT,2026-07-22T00:00:00Z,2026-07-22T08:00:00Z,2026-07-23T08:00:00Z,2026,2026-07-20T00:00:00Z,0.00854334517600338,-8.057452474030743,-7.954972527850001,-7.93536951893501,-7.941399564044973
ETH_USDT,2026-07-23T00:00:00Z,2026-07-23T08:00:00Z,2026-07-24T08:00:00Z,2026,2026-07-20T00:00:00Z,0.06107889340255511,-8.175092272497047,-8.31746141869314,-8.265490464094844,-8.26885215541824
SOL_USDT,2026-07-23T00:00:00Z,2026-07-23T08:00:00Z,2026-07-24T08:00:00Z,2026,2026-07-20T00:00:00Z,-0.35426497306044397,-8.79350851079997,-8.128813289812905,-8.16187446412926,-8.1316138483895
LINK_USDT,2026-07-23T00:00:00Z,2026-07-23T08:00:00Z,2026-07-24T08:00:00Z,2026,2026-07-20T00:00:00Z,-0.25216230688060004,-8.831994344393053,-8.047438545929166,-8.056229865986046,-8.025078692953938
ETH_USDT,2026-07-24T00:00:00Z,2026-07-24T08:00:00Z,2026-07-25T08:00:00Z,2026,2026-07-20T00:00:00Z,-0.08841599980298216,-7.988621672997602,-8.335856621672958,-8.311685085954906,-8.306152680289518
SOL_USDT,2026-07-24T00:00:00Z,2026-07-24T08:00:00Z,2026-07-25T08:00:00Z,2026,2026-07-20T00:00:00Z,-0.415028021242326,-7.2009815845666205,-8.194915793795229,-8.218810899749144,-8.187859711319957
LINK_USDT,2026-07-24T00:00:00Z,2026-07-24T08:00:00Z,2026-07-25T08:00:00Z,2026,2026-07-20T00:00:00Z,-0.440177520052543,-7.482069377811623,-8.076194668913077,-8.10288822321119,-8.07045005811682
ETH_USDT,2026-07-25T00:00:00Z,2026-07-25T08:00:00Z,2026-07-26T08:00:00Z,2026,2026-07-20T00:00:00Z,-0.17889800018687566,-9.608058064079385,-8.360830446635577,-8.376752178773682,-8.340532643545604
SOL_USDT,2026-07-25T00:00:00Z,2026-07-25T08:00:00Z,2026-07-26T08:00:00Z,2026,2026-07-20T00:00:00Z,-0.3422040566204818,-9.575395852626157,-8.039428214806598,-8.105736238695556,-8.046613249586906
LINK_USDT,2026-07-25T00:00:00Z,2026-07-25T08:00:00Z,2026-07-26T08:00:00Z,2026,2026-07-20T00:00:00Z,-0.4593552732466779,-8.895200603422998,-8.065857905416355,-8.154595964641054,-8.075698617400757
ETH_USDT,2026-07-26T00:00:00Z,2026-07-26T08:00:00Z,2026-07-27T08:00:00Z,2026,2026-07-20T00:00:00Z,-0.963190200333339,-7.1861362131452635,-8.375692256803022,-8.449432035456102,-8.367874321167324
SOL_USDT,2026-07-26T00:00:00Z,2026-07-26T08:00:00Z,2026-07-27T08:00:00Z,2026,2026-07-20T00:00:00Z,-0.9966883156737695,-7.9185394150282065,-8.037195202064204,-8.11465046849569,-8.04440683934284
LINK_USDT,2026-07-26T00:00:00Z,2026-07-26T08:00:00Z,2026-07-27T08:00:00Z,2026,2026-07-20T00:00:00Z,-0.7675854816648872,-6.82112156358881,-8.03628654611545,-8.10936873825005,-8.052871491718703
ETH_USDT,2026-07-27T00:00:00Z,2026-07-27T08:00:00Z,2026-07-28T08:00:00Z,2026,2026-07-27T00:00:00Z,-0.3535279734188818,-7.243013072340046,-8.22116063234268,-8.292705570935892,-8.272079901080776
SOL_USDT,2026-07-27T00:00:00Z,2026-07-27T08:00:00Z,2026-07-28T08:00:00Z,2026,2026-07-27T00:00:00Z,-0.7132157302731954,-7.393872454928565,-8.030778280220648,-8.149783030060743,-8.08731279141724
LINK_USDT,2026-07-27T00:00:00Z,2026-07-27T08:00:00Z,2026-07-28T08:00:00Z,2026,2026-07-27T00:00:00Z,-0.11333801059936324,-6.638265698242465,-7.847379558055074,-7.898425109362859,-7.89277796237245
ETH_USDT,2026-07-28T00:00:00Z,2026-07-28T08:00:00Z,2026-07-29T08:00:00Z,2026,2026-07-27T00:00:00Z,0.42251117012941075,-7.9159221734419445,-8.16476905055729,-8.116383122877153,-8.17880031962259
SOL_USDT,2026-07-28T00:00:00Z,2026-07-28T08:00:00Z,2026-07-29T08:00:00Z,2026,2026-07-27T00:00:00Z,-0.119899055193336,-8.148462902175677,-8.028104265032338,-8.066323085456045,-8.06795788747531
LINK_USDT,2026-07-28T00:00:00Z,2026-07-28T08:00:00Z,2026-07-29T08:00:00Z,2026,2026-07-27T00:00:00Z,0.32782714880197783,-9.066550648663734,-7.7371959606533895,-7.7275117842357055,-7.7444948768527375
ETH_USDT,2026-07-29T00:00:00Z,2026-07-29T08:00:00Z,2026-07-30T08:00:00Z,2026,2026-07-27T00:00:00Z,0.20859319545939273,-7.8166767839867415,-8.102696847288327,-8.05960558129955,-8.070770249305589
SOL_USDT,2026-07-29T00:00:00Z,2026-07-29T08:00:00Z,2026-07-30T08:00:00Z,2026,2026-07-27T00:00:00Z,-0.09370808689759665,-8.09250785534169,-7.936659567093394,-7.95504045355462,-7.942743326089783
LINK_USDT,2026-07-29T00:00:00Z,2026-07-29T08:00:00Z,2026-07-30T08:00:00Z,2026,2026-07-27T00:00:00Z,-0.09098953858482886,-7.672981304616556,-7.732679975112665,-7.717663406037106,-7.710735850239425
ETH_USDT,2026-07-30T00:00:00Z,2026-07-30T08:00:00Z,2026-07-31T08:00:00Z,2026,2026-07-27T00:00:00Z,0.23845769805435435,-8.16253104007889,-8.112973482664634,-8.075950193795888,-8.09323528911014
SOL_USDT,2026-07-30T00:00:00Z,2026-07-30T08:00:00Z,2026-07-31T08:00:00Z,2026,2026-07-27T00:00:00Z,-0.11451842769791283,-7.804091358901192,-8.009131223309453,-8.034223209676933,-8.011907749532362
LINK_USDT,2026-07-30T00:00:00Z,2026-07-30T08:00:00Z,2026-07-31T08:00:00Z,2026,2026-07-27T00:00:00Z,-0.016801787076801848,-7.041450681460076,-7.727746479581462,-7.736729263063943,-7.731313515155836
ETH_USDT,2026-07-31T00:00:00Z,2026-07-31T08:00:00Z,2026-08-01T08:00:00Z,2026,2026-07-27T00:00:00Z,-0.28126565940863857,-8.39522722707037,-8.159585348046605,-8.155257940486592,-8.135894630652865
SOL_USDT,2026-07-31T00:00:00Z,2026-07-31T08:00:00Z,2026-08-01T08:00:00Z,2026,2026-07-27T00:00:00Z,-0.3492720710655265,-9.490784167564177,-7.997090754931638,-8.053057215852757,-8.002090220085119
LINK_USDT,2026-07-31T00:00:00Z,2026-07-31T08:00:00Z,2026-08-01T08:00:00Z,2026,2026-07-27T00:00:00Z,-0.1357088890406037,-7.438023489971789,-7.664882786846125,-7.699071339762195,-7.667241322109423
ETH_USDT,2026-08-01T00:00:00Z,2026-08-01T08:00:00Z,2026-08-02T08:00:00Z,2026,2026-07-27T00:00:00Z,0.020588452801937975,-7.6760123686327715,-8.17343847640861,-8.182713032382928,-8.182721910689907
SOL_USDT,2026-08-01T00:00:00Z,2026-08-01T08:00:00Z,2026-08-02T08:00:00Z,2026,2026-07-27T00:00:00Z,-0.21795455850399997,-7.466020552131563,-8.162568996360466,-8.200786406417334,-8.177716170982725
LINK_USDT,2026-08-01T00:00:00Z,2026-08-01T08:00:00Z,2026-08-02T08:00:00Z,2026,2026-07-27T00:00:00Z,0.05721503350229216,-6.523395764839227,-7.660471858993143,-7.691381801488241,-7.670987904162581
ETH_USDT,2026-08-02T00:00:00Z,2026-08-02T08:00:00Z,2026-08-03T08:00:00Z,2026,2026-07-27T00:00:00Z,-0.7612750000192974,-7.157042869648709,-8.123549110676995,-8.215963994472997,-8.122202641696664
SOL_USDT,2026-08-02T00:00:00Z,2026-08-02T08:00:00Z,2026-08-03T08:00:00Z,2026,2026-07-27T00:00:00Z,-0.35806568060275246,-7.99750764350881,-8.107221589538081,-8.138509978889514,-8.120639341241969
LINK_USDT,2026-08-02T00:00:00Z,2026-08-02T08:00:00Z,2026-08-03T08:00:00Z,2026,2026-07-27T00:00:00Z,-0.3471958073559462,-7.248404422256684,-7.658935324096468,-7.655008602291217,-7.660571391407842
ETH_USDT,2026-08-03T00:00:00Z,2026-08-03T08:00:00Z,2026-08-04T08:00:00Z,2026,2026-08-03T00:00:00Z,-0.6113105430561041,-9.071347329836648,-8.18973104589691,-8.307204834147166,-8.23225199525321
SOL_USDT,2026-08-03T00:00:00Z,2026-08-03T08:00:00Z,2026-08-04T08:00:00Z,2026,2026-08-03T00:00:00Z,-0.5959756489606803,-8.377627569649126,-8.09809603502925,-8.22380421870755,-8.120283497822918
LINK_USDT,2026-08-03T00:00:00Z,2026-08-03T08:00:00Z,2026-08-04T08:00:00Z,2026,2026-08-03T00:00:00Z,0.08560027353529819,-9.566709827734405,-7.583296952947444,-7.627387305792923,-7.611611538772958
ETH_USDT,2026-08-04T00:00:00Z,2026-08-04T08:00:00Z,2026-08-05T08:00:00Z,2026,2026-08-03T00:00:00Z,-0.26673815475039303,-10.445243758839013,-8.226654197358751,-8.296665657022315,-8.258175990376246
SOL_USDT,2026-08-04T00:00:00Z,2026-08-04T08:00:00Z,2026-08-05T08:00:00Z,2026,2026-08-03T00:00:00Z,-0.2033802608581576,-10.203153143407661,-8.115637078624369,-8.180176012331499,-8.149967865722976
LINK_USDT,2026-08-04T00:00:00Z,2026-08-04T08:00:00Z,2026-08-05T08:00:00Z,2026,2026-08-03T00:00:00Z,-0.17052777691931745,-9.644073053188206,-7.703028498377203,-7.751115740847129,-7.699425509301247
ETH_USDT,2026-08-05T00:00:00Z,2026-08-05T08:00:00Z,2026-08-06T08:00:00Z,2026,2026-08-03T00:00:00Z,-0.17998491145819123,-7.9773954083864265,-8.285057004539452,-8.234644439382388,-8.290967626128877
SOL_USDT,2026-08-05T00:00:00Z,2026-08-05T08:00:00Z,2026-08-06T08:00:00Z,2026,2026-08-03T00:00:00Z,-0.21261250836125925,-11.93973982446806,-8.192678343078946,-8.159633851952142,-8.198480333923232
LINK_USDT,2026-08-05T00:00:00Z,2026-08-05T08:00:00Z,2026-08-06T08:00:00Z,2026,2026-08-03T00:00:00Z,0.08762424011590346,-8.926961876833252,-7.701455754335962,-7.625363397264523,-7.712173292049561
ETH_USDT,2026-08-06T00:00:00Z,2026-08-06T08:00:00Z,2026-08-07T08:00:00Z,2026,2026-08-03T00:00:00Z,0.08803241099092708,-11.226552780984706,-8.275637857510683,-8.245399457003275,-8.278189094729084
SOL_USDT,2026-08-06T00:00:00Z,2026-08-06T08:00:00Z,2026-08-07T08:00:00Z,2026,2026-08-03T00:00:00Z,0.0721561616074517,-8.875316211213567,-8.30596107089919,-8.183607577199336,-8.307327979219579
LINK_USDT,2026-08-06T00:00:00Z,2026-08-06T08:00:00Z,2026-08-07T08:00:00Z,2026,2026-08-03T00:00:00Z,-0.34152492383253485,-10.422751355466836,-7.73965367566504,-7.757590015781074,-7.734336447292168
ETH_USDT,2026-08-07T00:00:00Z,2026-08-07T08:00:00Z,2026-08-08T08:00:00Z,2026,2026-08-03T00:00:00Z,-0.18673179422637715,-9.566387300709376,-8.353742732692494,-8.276045650049351,-8.336203512724842
SOL_USDT,2026-08-07T00:00:00Z,2026-08-07T08:00:00Z,2026-08-08T08:00:00Z,2026,2026-08-03T00:00:00Z,-0.11154186765826879,-7.773562738151849,-8.364570700703537,-8.349991013816018,-8.348987969687037
LINK_USDT,2026-08-07T00:00:00Z,2026-08-07T08:00:00Z,2026-08-08T08:00:00Z,2026,2026-08-03T00:00:00Z,-0.03093486657461062,-8.037701678727249,-7.8576673585371735,-7.790683753150406,-7.8751784979744635
ETH_USDT,2026-08-08T00:00:00Z,2026-08-08T08:00:00Z,2026-08-09T08:00:00Z,2026,2026-08-03T00:00:00Z,-0.013897644533970039,-10.55466824058446,-8.467391453084753,-8.419264871257544,-8.465131828188047
SOL_USDT,2026-08-08T00:00:00Z,2026-08-08T08:00:00Z,2026-08-09T08:00:00Z,2026,2026-08-03T00:00:00Z,0.10326733405898182,-7.647486315412282,-8.435817837618428,-8.415104176106544,-8.435431917647946
LINK_USDT,2026-08-08T00:00:00Z,2026-08-08T08:00:00Z,2026-08-09T08:00:00Z,2026,2026-08-03T00:00:00Z,-0.21779775220384381,-8.955864310748014,-7.99323939353032,-8.011650591934487,-7.988304927353807
ETH_USDT,2026-08-09T00:00:00Z,2026-08-09T08:00:00Z,2026-08-10T08:00:00Z,2026,2026-08-03T00:00:00Z,-1.303963894961201,-8.856440887434752,-8.469200337931454,-8.569426663262362,-8.456719213128736
SOL_USDT,2026-08-09T00:00:00Z,2026-08-09T08:00:00Z,2026-08-10T08:00:00Z,2026,2026-08-03T00:00:00Z,0.017945720032402704,-7.589159083505349,-8.18628503081713,-8.199911230010729,-8.182882652818385
LINK_USDT,2026-08-09T00:00:00Z,2026-08-09T08:00:00Z,2026-08-10T08:00:00Z,2026,2026-08-03T00:00:00Z,-0.3902402171555853,-7.7393235027881,-7.910435859871797,-7.930545333275368,-7.919055614481328
ETH_USDT,2026-08-10T00:00:00Z,2026-08-10T08:00:00Z,2026-08-11T08:00:00Z,2026,2026-08-10T00:00:00Z,-0.8507367751606792,-7.330635468473997,-8.687803704187075,-8.762032662623454,-8.738112380258764
SOL_USDT,2026-08-10T00:00:00Z,2026-08-10T08:00:00Z,2026-08-11T08:00:00Z,2026,2026-08-10T00:00:00Z,-0.2871716820647316,-8.525898056425223,-8.264944985433761,-8.326529384944529,-8.262409228219703
LINK_USDT,2026-08-10T00:00:00Z,2026-08-10T08:00:00Z,2026-08-11T08:00:00Z,2026,2026-08-10T00:00:00Z,-0.14459615708760906,-7.5442993821326825,-8.258052242049041,-8.264260834550294,-8.261681161550888
ETH_USDT,2026-08-11T00:00:00Z,2026-08-11T08:00:00Z,2026-08-12T08:00:00Z,2026,2026-08-10T00:00:00Z,0.0006527029115478313,-8.508814148549169,-8.641314554941335,-8.65270243118659,-8.669010110001716
SOL_USDT,2026-08-11T00:00:00Z,2026-08-11T08:00:00Z,2026-08-12T08:00:00Z,2026,2026-08-10T00:00:00Z,-0.025294377561660683,-7.74485478137165,-8.35424616487708,-8.370566022364308,-8.365071685459853
LINK_USDT,2026-08-11T00:00:00Z,2026-08-11T08:00:00Z,2026-08-12T08:00:00Z,2026,2026-08-10T00:00:00Z,-0.0024020617179089684,-7.229620494746349,-8.429368591540534,-8.380821534378146,-8.412526707498326
ETH_USDT,2026-08-12T00:00:00Z,2026-08-12T08:00:00Z,2026-08-13T08:00:00Z,2026,2026-08-10T00:00:00Z,-0.1013942331506692,-9.051958466303631,-8.567650678140991,-8.549425261576072,-8.552710317779145
SOL_USDT,2026-08-12T00:00:00Z,2026-08-12T08:00:00Z,2026-08-13T08:00:00Z,2026,2026-08-10T00:00:00Z,-0.010786590151098823,-8.751473906585996,-8.19877156324961,-8.217305700320022,-8.200713236372877
LINK_USDT,2026-08-12T00:00:00Z,2026-08-12T08:00:00Z,2026-08-13T08:00:00Z,2026,2026-08-10T00:00:00Z,1.056600482304102,-8.297791728201574,-8.030612954574432,-7.8921041114910615,-8.02275847896776
ETH_USDT,2026-08-13T00:00:00Z,2026-08-13T08:00:00Z,2026-08-14T08:00:00Z,2026,2026-08-10T00:00:00Z,-0.1950276997271895,-8.990017273539552,-8.67630537430404,-8.640184221794202,-8.660646695641967
SOL_USDT,2026-08-13T00:00:00Z,2026-08-13T08:00:00Z,2026-08-14T08:00:00Z,2026,2026-08-10T00:00:00Z,-0.12428795184285274,-8.23862214803253,-8.218741161518702,-8.196726477564361,-8.218769911420436
LINK_USDT,2026-08-13T00:00:00Z,2026-08-13T08:00:00Z,2026-08-14T08:00:00Z,2026,2026-08-10T00:00:00Z,0.5178394718401111,-7.744466373709523,-8.03899305288436,-7.9263001177299195,-7.974479919417541
ETH_USDT,2026-08-14T00:00:00Z,2026-08-14T08:00:00Z,2026-08-15T08:00:00Z,2026,2026-08-10T00:00:00Z,-0.27156483839248863,-10.823733219098106,-8.694660348525817,-8.712136956720522,-8.692300962228863
SOL_USDT,2026-08-14T00:00:00Z,2026-08-14T08:00:00Z,2026-08-15T08:00:00Z,2026,2026-08-10T00:00:00Z,-0.16087901817860972,-11.048760791067242,-8.198358857206623,-8.239934029194261,-8.208013690003275
LINK_USDT,2026-08-14T00:00:00Z,2026-08-14T08:00:00Z,2026-08-15T08:00:00Z,2026,2026-08-10T00:00:00Z,0.14248969240567128,-6.285623043275657,-8.022035141935277,-8.001249080780687,-7.993516535140058
ETH_USDT,2026-08-15T00:00:00Z,2026-08-15T08:00:00Z,2026-08-16T08:00:00Z,2026,2026-08-10T00:00:00Z,-0.5932094660011443,-11.794602193564044,-8.747607393775997,-8.799427921308567,-8.751137299001767
SOL_USDT,2026-08-15T00:00:00Z,2026-08-15T08:00:00Z,2026-08-16T08:00:00Z,2026,2026-08-10T00:00:00Z,-0.1746521606605646,-10.660637018920374,-8.237586575975907,-8.25178715539974,-8.246965714097525
LINK_USDT,2026-08-15T00:00:00Z,2026-08-15T08:00:00Z,2026-08-16T08:00:00Z,2026,2026-08-10T00:00:00Z,0.35061930042317857,-7.698153023107831,-7.997720236982102,-7.955357675088098,-7.990006630852833
ETH_USDT,2026-08-16T00:00:00Z,2026-08-16T08:00:00Z,2026-08-17T08:00:00Z,2026,2026-08-10T00:00:00Z,-1.3599217705166353,-8.546070033986807,-8.686390224897263,-8.761086857832048,-8.707650128253826
SOL_USDT,2026-08-16T00:00:00Z,2026-08-16T08:00:00Z,2026-08-17T08:00:00Z,2026,2026-08-10T00:00:00Z,-0.7201167204278066,-7.8051798892222095,-8.337963348101736,-8.352694351696988,-8.344969344449629
LINK_USDT,2026-08-16T00:00:00Z,2026-08-16T08:00:00Z,2026-08-17T08:00:00Z,2026,2026-08-10T00:00:00Z,1.1415318239398144,-11.907107318449022,-7.608524913787332,-7.454297407973871,-7.6015089158345095
ETH_USDT,2026-08-17T00:00:00Z,2026-08-17T08:00:00Z,2026-08-18T08:00:00Z,2026,2026-08-17T00:00:00Z,-0.9763904581226373,-9.195991760800734,-8.818030371283497,-8.891567943222348,-8.877160598893544
SOL_USDT,2026-08-17T00:00:00Z,2026-08-17T08:00:00Z,2026-08-18T08:00:00Z,2026,2026-08-17T00:00:00Z,-0.5821523732253291,-10.806951864323452,-8.503124644707704,-8.570753101992981,-8.532764314292935
LINK_USDT,2026-08-17T00:00:00Z,2026-08-17T08:00:00Z,2026-08-18T08:00:00Z,2026,2026-08-17T00:00:00Z,0.11342588170500169,-8.19205062441545,-7.772927704557421,-7.716773399808236,-7.720648680505771
ETH_USDT,2026-08-18T00:00:00Z,2026-08-18T08:00:00Z,2026-08-19T08:00:00Z,2026,2026-08-17T00:00:00Z,-0.03910914111371957,-9.22330441618444,-9.107956670689953,-9.106323018372017,-9.135558277703343
SOL_USDT,2026-08-18T00:00:00Z,2026-08-18T08:00:00Z,2026-08-19T08:00:00Z,2026,2026-08-17T00:00:00Z,0.03152404401232455,-8.480842269122403,-8.559416472738624,-8.56317668577487,-8.579376171814463
LINK_USDT,2026-08-18T00:00:00Z,2026-08-18T08:00:00Z,2026-08-19T08:00:00Z,2026,2026-08-17T00:00:00Z,0.15688719989901745,-7.993773283288461,-7.823533033179152,-7.795664792683192,-7.821399805763043
ETH_USDT,2026-08-19T00:00:00Z,2026-08-19T08:00:00Z,2026-08-20T08:00:00Z,2026,2026-08-17T00:00:00Z,-0.23282547736462447,-4.331940640210844,-9.126845888983006,-9.137480910642651,-9.10656093602541
SOL_USDT,2026-08-19T00:00:00Z,2026-08-19T08:00:00Z,2026-08-20T08:00:00Z,2026,2026-08-17T00:00:00Z,0.1704499993093149,-5.175541628399293,-8.665879502996606,-8.634351982280359,-8.65073002374116
LINK_USDT,2026-08-19T00:00:00Z,2026-08-19T08:00:00Z,2026-08-20T08:00:00Z,2026,2026-08-17T00:00:00Z,0.02621338126848182,-5.43575141972196,-7.9494724906654906,-7.934902270936123,-7.9395735341014895
ETH_USDT,2026-08-20T00:00:00Z,2026-08-20T08:00:00Z,2026-08-21T08:00:00Z,2026,2026-08-17T00:00:00Z,1.4787817043732263,-6.552572310096368,-7.398408288382026,-7.325147643120536,-7.431989920488209
SOL_USDT,2026-08-20T00:00:00Z,2026-08-20T08:00:00Z,2026-08-21T08:00:00Z,2026,2026-08-17T00:00:00Z,1.196762985405965,-6.756366255719692,-7.6718844138021325,-7.621212048293584,-7.677779680652313
LINK_USDT,2026-08-20T00:00:00Z,2026-08-20T08:00:00Z,2026-08-21T08:00:00Z,2026,2026-08-17T00:00:00Z,1.411799516410386,-5.103957130596762,-7.489906167792998,-7.392974444199195,-7.499612143865616
ETH_USDT,2026-08-21T00:00:00Z,2026-08-21T08:00:00Z,2026-08-22T08:00:00Z,2026,2026-08-17T00:00:00Z,1.2748215985942726,-5.597386534256978,-7.347893342131633,-7.23016669949185,-7.282870612890136
SOL_USDT,2026-08-21T00:00:00Z,2026-08-21T08:00:00Z,2026-08-22T08:00:00Z,2026,2026-08-17T00:00:00Z,1.0914976013932765,-7.1111322025011345,-7.6424843462515994,-7.5224896649620225,-7.585467064123014
LINK_USDT,2026-08-21T00:00:00Z,2026-08-21T08:00:00Z,2026-08-22T08:00:00Z,2026,2026-08-17T00:00:00Z,0.8485363092203597,-6.230588332524716,-7.4742332615533735,-7.373542823706186,-7.400321411050439
ETH_USDT,2026-08-22T00:00:00Z,2026-08-22T08:00:00Z,2026-08-23T08:00:00Z,2026,2026-08-17T00:00:00Z,1.3604760588611082,-8.098521399308572,-7.212913734055898,-7.105173258924923,-7.162379510105371
SOL_USDT,2026-08-22T00:00:00Z,2026-08-22T08:00:00Z,2026-08-23T08:00:00Z,2026,2026-08-17T00:00:00Z,1.4787474397410467,-7.622378946786068,-7.490420418075447,-7.35954163703469,-7.444572263204497
LINK_USDT,2026-08-22T00:00:00Z,2026-08-22T08:00:00Z,2026-08-23T08:00:00Z,2026,2026-08-17T00:00:00Z,1.6655713469326285,-6.842927516720038,-7.043536098775881,-6.907347153168769,-7.013197814623004
ETH_USDT,2026-08-23T00:00:00Z,2026-08-23T08:00:00Z,2026-08-24T08:00:00Z,2026,2026-08-17T00:00:00Z,0.8897705006825348,-7.528458961988552,-7.145500490711574,-7.0618105091461745,-7.085221268630853
SOL_USDT,2026-08-23T00:00:00Z,2026-08-23T08:00:00Z,2026-08-24T08:00:00Z,2026,2026-08-17T00:00:00Z,1.561956627628639,-6.778670770722892,-7.450118999776674,-7.238051406469733,-7.374920660051245
LINK_USDT,2026-08-23T00:00:00Z,2026-08-23T08:00:00Z,2026-08-24T08:00:00Z,2026,2026-08-17T00:00:00Z,1.4359905148781476,-8.297865145887876,-7.076992232853459,-6.875906611530612,-6.985479770544762
ETH_USDT,2026-08-24T00:00:00Z,2026-08-24T08:00:00Z,2026-08-25T08:00:00Z,2026,2026-08-24T00:00:00Z,0.6038281565247352,-8.574525849259881,-7.137997210036812,-7.093183777172164,-7.110131773491317
SOL_USDT,2026-08-24T00:00:00Z,2026-08-24T08:00:00Z,2026-08-25T08:00:00Z,2026,2026-08-24T00:00:00Z,0.875084525824624,-6.556674334279741,-7.39487167710625,-7.333579886950498,-7.320082660095362
LINK_USDT,2026-08-24T00:00:00Z,2026-08-24T08:00:00Z,2026-08-25T08:00:00Z,2026,2026-08-24T00:00:00Z,0.8842377993282986,-9.752760877756806,-7.03903516184283,-6.954136299726563,-6.967415298424975
ETH_USDT,2026-08-25T00:00:00Z,2026-08-25T08:00:00Z,2026-08-26T08:00:00Z,2026,2026-08-24T00:00:00Z,0.7688676351851578,-8.014905947870648,-7.145301140535388,-7.045704332929181,-7.135565202669658
SOL_USDT,2026-08-25T00:00:00Z,2026-08-25T08:00:00Z,2026-08-26T08:00:00Z,2026,2026-08-24T00:00:00Z,1.0062112201041673,-7.268340520122277,-7.311906124325549,-7.239234795649667,-7.283510259963737
LINK_USDT,2026-08-25T00:00:00Z,2026-08-25T08:00:00Z,2026-08-26T08:00:00Z,2026,2026-08-24T00:00:00Z,0.6034358708327466,-7.312969301298236,-7.060818071097899,-6.940522523402045,-7.024171240959734
ETH_USDT,2026-08-26T00:00:00Z,2026-08-26T08:00:00Z,2026-08-27T08:00:00Z,2026,2026-08-24T00:00:00Z,0.4199512707353258,-7.4767264479654365,-7.1522168057377415,-7.108289783430901,-7.135694520987738
SOL_USDT,2026-08-26T00:00:00Z,2026-08-26T08:00:00Z,2026-08-27T08:00:00Z,2026,2026-08-24T00:00:00Z,1.03325900572769,-5.52994971610194,-7.285401669222192,-7.190006607935585,-7.253378122241664
LINK_USDT,2026-08-26T00:00:00Z,2026-08-26T08:00:00Z,2026-08-27T08:00:00Z,2026,2026-08-24T00:00:00Z,0.48998602090669197,-6.710134110320989,-7.043462136013114,-7.003241466183567,-7.02931706617231
ETH_USDT,2026-08-27T00:00:00Z,2026-08-27T08:00:00Z,2026-08-28T08:00:00Z,2026,2026-08-24T00:00:00Z,0.11082105738515885,-8.825266791180868,-7.637825591901361,-7.631924174756415,-7.615566060530141
SOL_USDT,2026-08-27T00:00:00Z,2026-08-27T08:00:00Z,2026-08-28T08:00:00Z,2026,2026-08-24T00:00:00Z,0.359132138916105,-5.610746494362176,-7.30494132794704,-7.332888442183424,-7.262220670141
LINK_USDT,2026-08-27T00:00:00Z,2026-08-27T08:00:00Z,2026-08-28T08:00:00Z,2026,2026-08-24T00:00:00Z,-0.03702784641941881,-7.102384743740244,-7.172759353883346,-7.220459295470601,-7.158495242281015
ETH_USDT,2026-08-28T00:00:00Z,2026-08-28T08:00:00Z,2026-08-29T08:00:00Z,2026,2026-08-24T00:00:00Z,0.4085617424891175,-8.314721067364719,-7.716959028462995,-7.619177619173043,-7.707977581474681
SOL_USDT,2026-08-28T00:00:00Z,2026-08-28T08:00:00Z,2026-08-29T08:00:00Z,2026,2026-08-24T00:00:00Z,1.0327178030357222,-8.354749905669074,-7.149416593625945,-7.0667609435399665,-7.148467608475914
LINK_USDT,2026-08-28T00:00:00Z,2026-08-28T08:00:00Z,2026-08-29T08:00:00Z,2026,2026-08-24T00:00:00Z,0.34118701819732367,-7.923992626747529,-7.162783155004853,-7.128777559685075,-7.17977260507372
ETH_USDT,2026-08-29T00:00:00Z,2026-08-29T08:00:00Z,2026-08-30T08:00:00Z,2026,2026-08-24T00:00:00Z,0.44140683586314394,-10.115140788349862,-7.995695028635978,-7.901017237724381,-7.951514762691201
SOL_USDT,2026-08-29T00:00:00Z,2026-08-29T08:00:00Z,2026-08-30T08:00:00Z,2026,2026-08-24T00:00:00Z,0.8255145490197502,-8.344889930473085,-7.180354381996265,-7.0987940229568744,-7.132921363780608
LINK_USDT,2026-08-29T00:00:00Z,2026-08-29T08:00:00Z,2026-08-30T08:00:00Z,2026,2026-08-24T00:00:00Z,0.18030693687719745,-9.164652525382134,-7.579835684565734,-7.551089014880294,-7.548235016559371
ETH_USDT,2026-08-30T00:00:00Z,2026-08-30T08:00:00Z,2026-08-31T08:00:00Z,2026,2026-08-24T00:00:00Z,-0.8136191544427875,-7.0231538624825065,-8.195149518504207,-8.205774507037994,-8.135151946071636
SOL_USDT,2026-08-30T00:00:00Z,2026-08-30T08:00:00Z,2026-08-31T08:00:00Z,2026,2026-08-24T00:00:00Z,-0.32495450099027196,-6.101910368838482,-7.188462328947365,-7.216586435346191,-7.153019520086557
LINK_USDT,2026-08-30T00:00:00Z,2026-08-30T08:00:00Z,2026-08-31T08:00:00Z,2026,2026-08-24T00:00:00Z,-0.5744616522983502,-6.352102636501209,-7.623623481831034,-7.649664461969548,-7.59956160179413
ETH_USDT,2026-08-31T00:00:00Z,2026-08-31T08:00:00Z,2026-09-01T08:00:00Z,2026,2026-08-31T00:00:00Z,0.1301129413034475,-8.963575451625466,-8.16567387926857,-8.13227065732287,-8.186588159952457
SOL_USDT,2026-08-31T00:00:00Z,2026-08-31T08:00:00Z,2026-09-01T08:00:00Z,2026,2026-08-31T00:00:00Z,0.017432899379099438,-12.21416051068101,-7.120261457292893,-7.169329462135996,-7.156213605191823
LINK_USDT,2026-08-31T00:00:00Z,2026-08-31T08:00:00Z,2026-09-01T08:00:00Z,2026,2026-08-31T00:00:00Z,-0.2913029830829624,-8.108456293581932,-7.561341168758993,-7.618765725994248,-7.586409977547986
ETH_USDT,2026-09-01T00:00:00Z,2026-09-01T08:00:00Z,2026-09-02T08:00:00Z,2026,2026-08-31T00:00:00Z,0.09264052020108685,-8.297045292507562,-8.162029095093912,-8.09180727641601,-8.127704022117328
SOL_USDT,2026-09-01T00:00:00Z,2026-09-01T08:00:00Z,2026-09-02T08:00:00Z,2026,2026-08-31T00:00:00Z,0.02554069005817794,-7.543946210307612,-7.180162423013035,-7.151226801291444,-7.192670994083084
LINK_USDT,2026-09-01T00:00:00Z,2026-09-01T08:00:00Z,2026-09-02T08:00:00Z,2026,2026-08-31T00:00:00Z,0.2327903676982739,-8.042410709095906,-7.5423719165938525,-7.476009942349374,-7.551479659701589
ETH_USDT,2026-09-02T00:00:00Z,2026-09-02T08:00:00Z,2026-09-03T08:00:00Z,2026,2026-08-31T00:00:00Z,0.10512481573927779,-8.921447188757746,-8.169257375803236,-8.104976511825113,-8.133831087031737
SOL_USDT,2026-09-02T00:00:00Z,2026-09-02T08:00:00Z,2026-09-03T08:00:00Z,2026,2026-08-31T00:00:00Z,0.12651053931920148,-8.813943998281669,-7.202045729823129,-7.192713323871193,-7.214997889433188
LINK_USDT,2026-09-02T00:00:00Z,2026-09-02T08:00:00Z,2026-09-03T08:00:00Z,2026,2026-08-31T00:00:00Z,0.11044603109103703,-8.774808485706682,-7.575158504944354,-7.546177153422642,-7.55187092185399
ETH_USDT,2026-09-03T00:00:00Z,2026-09-03T08:00:00Z,2026-09-04T08:00:00Z,2026,2026-08-31T00:00:00Z,0.09889214281807476,-6.0675368076046965,-8.264152970567952,-8.156378155554943,-8.222582415631111
SOL_USDT,2026-09-03T00:00:00Z,2026-09-03T08:00:00Z,2026-09-04T08:00:00Z,2026,2026-08-31T00:00:00Z,-0.16403000613746757,-6.077034860926853,-7.394949923687604,-7.3610648767626214,-7.389436810419143
LINK_USDT,2026-09-03T00:00:00Z,2026-09-03T08:00:00Z,2026-09-04T08:00:00Z,2026,2026-08-31T00:00:00Z,-0.06832687423111704,-5.865377887917821,-7.682421594172551,-7.617809259256369,-7.660551618419363
ETH_USDT,2026-09-04T00:00:00Z,2026-09-04T08:00:00Z,2026-09-05T08:00:00Z,2026,2026-08-31T00:00:00Z,0.30789199152722696,-7.70572216366068,-7.897293197848437,-7.892263325737364,-7.875436162548363
SOL_USDT,2026-09-04T00:00:00Z,2026-09-04T08:00:00Z,2026-09-05T08:00:00Z,2026,2026-08-31T00:00:00Z,0.23086132241932644,-7.6614474205622445,-7.451075205550733,-7.464153471860134,-7.4581927941515875
LINK_USDT,2026-09-04T00:00:00Z,2026-09-04T08:00:00Z,2026-09-05T08:00:00Z,2026,2026-08-31T00:00:00Z,0.20042906336283514,-7.374370464411817,-7.457045028457272,-7.480072439962452,-7.4568390946138665
ETH_USDT,2026-09-05T00:00:00Z,2026-09-05T08:00:00Z,2026-09-06T08:00:00Z,2026,2026-08-31T00:00:00Z,0.44359227947259,-9.091414651632295,-7.872315653031912,-7.791451677996802,-7.834995981864238
SOL_USDT,2026-09-05T00:00:00Z,2026-09-05T08:00:00Z,2026-09-06T08:00:00Z,2026,2026-08-31T00:00:00Z,-0.03023697219920517,-7.722706058539689,-7.476645207224628,-7.469047256636412,-7.453316532717993
LINK_USDT,2026-09-05T00:00:00Z,2026-09-05T08:00:00Z,2026-09-06T08:00:00Z,2026,2026-08-31T00:00:00Z,0.11060884306281718,-7.498388692785614,-7.4482090391878,-7.429949485171532,-7.42808955832573
ETH_USDT,2026-09-06T00:00:00Z,2026-09-06T08:00:00Z,2026-09-07T08:00:00Z,2026,2026-08-31T00:00:00Z,-0.7148139743787318,-7.98443533250375,-7.82164968835447,-7.819658224651756,-7.776238484929031
SOL_USDT,2026-09-06T00:00:00Z,2026-09-06T08:00:00Z,2026-09-07T08:00:00Z,2026,2026-08-31T00:00:00Z,-0.3956822399673762,-7.671353222832941,-7.442311990473134,-7.39650054952527,-7.437633404497791
LINK_USDT,2026-09-06T00:00:00Z,2026-09-06T08:00:00Z,2026-09-07T08:00:00Z,2026,2026-08-31T00:00:00Z,-0.2727804984730847,-5.0587864202802155,-7.353484463985909,-7.343975858850891,-7.342927616572201
ETH_USDT,2026-09-07T00:00:00Z,2026-09-07T08:00:00Z,2026-09-08T08:00:00Z,2026,2026-09-07T00:00:00Z,-0.19457046190588134,-8.878755492173726,-7.912696331883249,-7.895101072832835,-7.942536641939354
SOL_USDT,2026-09-07T00:00:00Z,2026-09-07T08:00:00Z,2026-09-08T08:00:00Z,2026,2026-09-07T00:00:00Z,0.14863784241212463,-8.362897703735165,-7.623159280282043,-7.566837454180517,-7.632751454516935
LINK_USDT,2026-09-07T00:00:00Z,2026-09-07T08:00:00Z,2026-09-08T08:00:00Z,2026,2026-09-07T00:00:00Z,0.5247087493026195,-7.2228618582961595,-7.0502738970851535,-7.024875777720963,-7.076534049146816
ETH_USDT,2026-09-08T00:00:00Z,2026-09-08T08:00:00Z,2026-09-09T08:00:00Z,2026,2026-09-07T00:00:00Z,-0.0594569753330649,-8.559493304163846,-7.933790871036248,-7.899451821541833,-7.927637403283303
SOL_USDT,2026-09-08T00:00:00Z,2026-09-08T08:00:00Z,2026-09-09T08:00:00Z,2026,2026-09-07T00:00:00Z,-0.08403573342245886,-7.854796825203231,-7.59664952885109,-7.589374682245069,-7.57245976005557
LINK_USDT,2026-09-08T00:00:00Z,2026-09-08T08:00:00Z,2026-09-09T08:00:00Z,2026,2026-09-07T00:00:00Z,0.5303537910876384,-8.547523228279232,-7.067176669778683,-6.994275171136289,-7.038648903012049
ETH_USDT,2026-09-09T00:00:00Z,2026-09-09T08:00:00Z,2026-09-10T08:00:00Z,2026,2026-09-07T00:00:00Z,-0.13150312020860533,-8.810079716164381,-7.95491510869759,-7.906699547581735,-7.937960452224242
SOL_USDT,2026-09-09T00:00:00Z,2026-09-09T08:00:00Z,2026-09-10T08:00:00Z,2026,2026-09-07T00:00:00Z,-0.2260077304867972,-7.7446396541632785,-7.619178210300867,-7.613583653266728,-7.608852758693705
LINK_USDT,2026-09-09T00:00:00Z,2026-09-09T08:00:00Z,2026-09-10T08:00:00Z,2026,2026-09-07T00:00:00Z,-0.17903751886755226,-6.289534363665337,-7.088809149563977,-7.082416562229591,-7.058255162944068
ETH_USDT,2026-09-10T00:00:00Z,2026-09-10T08:00:00Z,2026-09-11T08:00:00Z,2026,2026-09-07T00:00:00Z,0.06467240467684168,-8.087033586274249,-7.941450796140058,-7.893137684105637,-7.931847538606945
SOL_USDT,2026-09-10T00:00:00Z,2026-09-10T08:00:00Z,2026-09-11T08:00:00Z,2026,2026-09-07T00:00:00Z,-0.15012019536152935,-7.650722646949182,-7.574710744212113,-7.577969454722393,-7.57642589506754
LINK_USDT,2026-09-10T00:00:00Z,2026-09-10T08:00:00Z,2026-09-11T08:00:00Z,2026,2026-09-07T00:00:00Z,0.2586828514855185,-7.790604742814258,-6.989810803733792,-6.98019781816196,-7.009908197465991
ETH_USDT,2026-09-11T00:00:00Z,2026-09-11T08:00:00Z,2026-09-12T08:00:00Z,2026,2026-09-07T00:00:00Z,0.1659898009906885,-6.417099409079017,-8.359608633454418,-8.25977682923177,-8.311277843481934
SOL_USDT,2026-09-11T00:00:00Z,2026-09-11T08:00:00Z,2026-09-12T08:00:00Z,2026,2026-09-07T00:00:00Z,-0.2571596944565997,-7.657914156598996,-7.830123328359263,-7.822574258679162,-7.811542524552005
LINK_USDT,2026-09-11T00:00:00Z,2026-09-11T08:00:00Z,2026-09-12T08:00:00Z,2026,2026-09-07T00:00:00Z,-0.45901542704512294,-7.446433751976147,-7.109512217952459,-7.160284711395529,-7.095299577335735
ETH_USDT,2026-09-12T00:00:00Z,2026-09-12T08:00:00Z,2026-09-13T08:00:00Z,2026,2026-09-07T00:00:00Z,0.7536010407799316,-10.086247134883928,-8.017576866216544,-7.905024406038254,-7.979397568487926
SOL_USDT,2026-09-12T00:00:00Z,2026-09-12T08:00:00Z,2026-09-13T08:00:00Z,2026,2026-09-07T00:00:00Z,0.202034394892792,-8.9354092955486,-7.805137396054339,-7.738015766270419,-7.793832322836409
LINK_USDT,2026-09-12T00:00:00Z,2026-09-12T08:00:00Z,2026-09-13T08:00:00Z,2026,2026-09-07T00:00:00Z,0.1859135629806572,-9.23457246764284,-7.097533329329659,-7.061090833513493,-7.130925094311634
ETH_USDT,2026-09-13T00:00:00Z,2026-09-13T08:00:00Z,2026-09-14T08:00:00Z,2026,2026-09-07T00:00:00Z,-0.6414073668283176,-7.619920686630719,-8.006504197397767,-7.970331128204487,-7.924067068981561
SOL_USDT,2026-09-13T00:00:00Z,2026-09-13T08:00:00Z,2026-09-14T08:00:00Z,2026,2026-09-07T00:00:00Z,-0.8817351515694033,-7.357587929694585,-7.764290173071106,-7.779619849746089,-7.720999670718533
LINK_USDT,2026-09-13T00:00:00Z,2026-09-13T08:00:00Z,2026-09-14T08:00:00Z,2026,2026-09-07T00:00:00Z,-1.3286907372124284,-7.426188696342544,-7.090357009161294,-7.185390792426391,-7.079058776194426
ETH_USDT,2026-09-14T00:00:00Z,2026-09-14T08:00:00Z,2026-09-15T08:00:00Z,2026,2026-09-14T00:00:00Z,-0.3664358983899434,-8.048732049273132,-8.03995882329018,-8.010620577851334,-8.054297499776135
SOL_USDT,2026-09-14T00:00:00Z,2026-09-14T08:00:00Z,2026-09-15T08:00:00Z,2026,2026-09-14T00:00:00Z,-0.6740448954566665,-7.659031643509449,-7.821850613962251,-7.840057530238807,-7.851634657408064
LINK_USDT,2026-09-14T00:00:00Z,2026-09-14T08:00:00Z,2026-09-15T08:00:00Z,2026,2026-09-14T00:00:00Z,-0.9741783033378911,-8.190782603766777,-7.525868973970549,-7.592939303904061,-7.592576962517776
ETH_USDT,2026-09-15T00:00:00Z,2026-09-15T08:00:00Z,2026-09-16T08:00:00Z,2026,2026-09-14T00:00:00Z,0.10763204029220073,-7.538219103628097,-8.041013934429467,-7.9887941759877386,-8.037082792529665
SOL_USDT,2026-09-15T00:00:00Z,2026-09-15T08:00:00Z,2026-09-16T08:00:00Z,2026,2026-09-14T00:00:00Z,-0.21350530937821208,-7.179642215181786,-7.844640660277906,-7.841455986532107,-7.85927467860781
LINK_USDT,2026-09-15T00:00:00Z,2026-09-15T08:00:00Z,2026-09-16T08:00:00Z,2026,2026-09-14T00:00:00Z,-0.4642249241950884,-6.569639915686484,-7.61998679659278,-7.643349636181698,-7.660602305803012
ETH_USDT,2026-09-16T00:00:00Z,2026-09-16T08:00:00Z,2026-09-17T08:00:00Z,2026,2026-09-14T00:00:00Z,0.2518101000372872,-8.374040874597656,-7.918421890658168,-7.872198239147169,-7.88882377176663
SOL_USDT,2026-09-16T00:00:00Z,2026-09-16T08:00:00Z,2026-09-17T08:00:00Z,2026,2026-09-14T00:00:00Z,-0.021192860535962373,-7.722553174387074,-7.687728265088694,-7.684967398450935,-7.678226925501184
LINK_USDT,2026-09-16T00:00:00Z,2026-09-16T08:00:00Z,2026-09-17T08:00:00Z,2026,2026-09-14T00:00:00Z,-0.2941938727023054,-6.592142856218858,-7.4563201727088035,-7.498612922528755,-7.468536026314468
ETH_USDT,2026-09-17T00:00:00Z,2026-09-17T08:00:00Z,2026-09-18T08:00:00Z,2026,2026-09-14T00:00:00Z,-0.09652648492981405,-7.604910209171246,-7.930906491467479,-7.863951931100797,-7.892084851341788
SOL_USDT,2026-09-17T00:00:00Z,2026-09-17T08:00:00Z,2026-09-18T08:00:00Z,2026,2026-09-14T00:00:00Z,-0.23995357493095054,-6.336157198073114,-7.717471522451394,-7.68414793649579,-7.693475961200244
LINK_USDT,2026-09-17T00:00:00Z,2026-09-17T08:00:00Z,2026-09-18T08:00:00Z,2026,2026-09-14T00:00:00Z,-0.44412075314258354,-6.341060911748607,-7.461349942416914,-7.4986588334488165,-7.459357736628464
ETH_USDT,2026-09-18T00:00:00Z,2026-09-18T08:00:00Z,2026-09-19T08:00:00Z,2026,2026-09-14T00:00:00Z,-0.39072154230933,-6.486514992521433,-7.902324357245944,-7.906949628902724,-7.888820653737139
SOL_USDT,2026-09-18T00:00:00Z,2026-09-18T08:00:00Z,2026-09-19T08:00:00Z,2026,2026-09-14T00:00:00Z,-0.3101865062478815,-5.897311833404255,-7.712476331053646,-7.7017763094837495,-7.703372147219039
LINK_USDT,2026-09-18T00:00:00Z,2026-09-18T08:00:00Z,2026-09-19T08:00:00Z,2026,2026-09-14T00:00:00Z,-0.5769298404346186,-7.131978783616751,-7.473040687115014,-7.5007292810715525,-7.4789597432579304
ETH_USDT,2026-09-19T00:00:00Z,2026-09-19T08:00:00Z,2026-09-20T08:00:00Z,2026,2026-09-14T00:00:00Z,0.42526283516610086,-7.59956047228492,-8.05515273234434,-8.050301213375063,-8.07387923280945
SOL_USDT,2026-09-19T00:00:00Z,2026-09-19T08:00:00Z,2026-09-20T08:00:00Z,2026,2026-09-14T00:00:00Z,0.5354168463547271,-7.443964437787201,-7.3740108910569635,-7.359321261235759,-7.390857413682128
LINK_USDT,2026-09-19T00:00:00Z,2026-09-19T08:00:00Z,2026-09-20T08:00:00Z,2026,2026-09-14T00:00:00Z,0.22732726893375646,-6.246004104299541,-7.369653829739582,-7.366596751412389,-7.39348242766996
ETH_USDT,2026-09-20T00:00:00Z,2026-09-20T08:00:00Z,2026-09-21T08:00:00Z,2026,2026-09-14T00:00:00Z,-0.5333755467370392,-7.865558045675956,-8.080364580024616,-8.107505651589953,-8.051080296949438
SOL_USDT,2026-09-20T00:00:00Z,2026-09-20T08:00:00Z,2026-09-21T08:00:00Z,2026,2026-09-14T00:00:00Z,-0.2781313241447156,-7.5208156602609835,-7.389820438574303,-7.376520220275789,-7.355093218340379
LINK_USDT,2026-09-20T00:00:00Z,2026-09-20T08:00:00Z,2026-09-21T08:00:00Z,2026,2026-09-14T00:00:00Z,-0.0810578884526999,-6.6973186660748825,-7.300914918522882,-7.2888416362301385,-7.2788622141090285
ETH_USDT,2026-09-21T00:00:00Z,2026-09-21T08:00:00Z,2026-09-22T08:00:00Z,2026,2026-09-21T00:00:00Z,-0.29347045144150424,-6.450093228175248,-8.017746401359394,-8.094453439079865,-8.054987527069503
SOL_USDT,2026-09-21T00:00:00Z,2026-09-21T08:00:00Z,2026-09-22T08:00:00Z,2026,2026-09-21T00:00:00Z,-0.08020687834461795,-5.769692769248172,-7.32760494141034,-7.351608216561596,-7.3460159135175624
LINK_USDT,2026-09-21T00:00:00Z,2026-09-21T08:00:00Z,2026-09-22T08:00:00Z,2026,2026-09-21T00:00:00Z,-0.0425411642691865,-6.241114929653407,-7.206171302621408,-7.248282447794402,-7.21483090119589
ETH_USDT,2026-09-22T00:00:00Z,2026-09-22T08:00:00Z,2026-09-23T08:00:00Z,2026,2026-09-21T00:00:00Z,0.6852460550850725,-9.582340051046588,-7.962352668661253,-7.939314518868501,-7.989897016294078
SOL_USDT,2026-09-22T00:00:00Z,2026-09-22T08:00:00Z,2026-09-23T08:00:00Z,2026,2026-09-21T00:00:00Z,0.6360975282120126,-8.439533905565668,-7.223778902430576,-7.19288447488425,-7.234033629478358
LINK_USDT,2026-09-22T00:00:00Z,2026-09-22T08:00:00Z,2026-09-23T08:00:00Z,2026,2026-09-21T00:00:00Z,0.6446349136263287,-8.541950281665079,-7.203310289358948,-7.156069773507717,-7.210350206748084
ETH_USDT,2026-09-23T00:00:00Z,2026-09-23T08:00:00Z,2026-09-24T08:00:00Z,2026,2026-09-21T00:00:00Z,0.058642958586049905,-6.762304181793333,-7.989380870351638,-8.007409500781494,-7.957562902185859
SOL_USDT,2026-09-23T00:00:00Z,2026-09-23T08:00:00Z,2026-09-24T08:00:00Z,2026,2026-09-21T00:00:00Z,0.23783723733835396,-6.619278644907334,-7.238870698478906,-7.213756653241997,-7.206150634570277
LINK_USDT,2026-09-23T00:00:00Z,2026-09-23T08:00:00Z,2026-09-24T08:00:00Z,2026,2026-09-21T00:00:00Z,0.30307185931653013,-5.566859490315873,-7.228784075878738,-7.1906704812110425,-7.194014470375027
ETH_USDT,2026-09-24T00:00:00Z,2026-09-24T08:00:00Z,2026-09-25T08:00:00Z,2026,2026-09-21T00:00:00Z,0.14430985333659066,-9.862299474514836,-7.875518558693523,-7.914208632417251,-7.88394996345783
SOL_USDT,2026-09-24T00:00:00Z,2026-09-24T08:00:00Z,2026-09-25T08:00:00Z,2026,2026-09-21T00:00:00Z,0.3946997818083214,-9.046296398785525,-7.191221115626695,-7.169803527093858,-7.184501613668289
LINK_USDT,2026-09-24T00:00:00Z,2026-09-24T08:00:00Z,2026-09-25T08:00:00Z,2026,2026-09-21T00:00:00Z,0.5267111330865767,-6.151497462289831,-7.066589754095096,-7.0475723957057514,-7.05464248070135
ETH_USDT,2026-09-25T00:00:00Z,2026-09-25T08:00:00Z,2026-09-26T08:00:00Z,2026,2026-09-21T00:00:00Z,-0.07781438373457408,-10.29507900069279,-7.8630250625635405,-7.8018388241198835,-7.865674807300559
SOL_USDT,2026-09-25T00:00:00Z,2026-09-25T08:00:00Z,2026-09-26T08:00:00Z,2026,2026-09-21T00:00:00Z,0.08342097188061237,-6.562718229719407,-7.143663570649832,-7.065879514519103,-7.127746860925977
LINK_USDT,2026-09-25T00:00:00Z,2026-09-25T08:00:00Z,2026-09-26T08:00:00Z,2026,2026-09-21T00:00:00Z,0.38221963422104993,-7.170209533570592,-6.901729807494252,-6.8475511971823355,-6.879059418196566
ETH_USDT,2026-09-26T00:00:00Z,2026-09-26T08:00:00Z,2026-09-27T08:00:00Z,2026,2026-09-21T00:00:00Z,-0.1994968817690224,-9.60060699224998,-8.084125933834793,-8.071723264200564,-8.091329189477637
SOL_USDT,2026-09-26T00:00:00Z,2026-09-26T08:00:00Z,2026-09-27T08:00:00Z,2026,2026-09-21T00:00:00Z,0.5296542630706201,-7.438566359571568,-7.332352411232073,-7.270628232745079,-7.330103263688566
LINK_USDT,2026-09-26T00:00:00Z,2026-09-26T08:00:00Z,2026-09-27T08:00:00Z,2026,2026-09-21T00:00:00Z,0.8777840916859547,-7.396918681583674,-7.014206361756673,-6.897093096812953,-6.996630623701174
ETH_USDT,2026-09-27T00:00:00Z,2026-09-27T08:00:00Z,2026-09-28T08:00:00Z,2026,2026-09-21T00:00:00Z,-1.1726214707283469,-7.854853901988904,-8.155993744555701,-8.178636189396148,-8.169282960121784
SOL_USDT,2026-09-27T00:00:00Z,2026-09-27T08:00:00Z,2026-09-28T08:00:00Z,2026,2026-09-21T00:00:00Z,-0.2067357099766826,-6.532035080909829,-7.373336809709106,-7.36673421770203,-7.346027182215726
LINK_USDT,2026-09-27T00:00:00Z,2026-09-27T08:00:00Z,2026-09-28T08:00:00Z,2026,2026-09-21T00:00:00Z,0.2584461885536073,-6.717770912806559,-7.035828557092987,-6.9629341912185145,-6.98560965041668
ETH_USDT,2026-09-28T00:00:00Z,2026-09-28T08:00:00Z,2026-09-29T08:00:00Z,2026,2026-09-28T00:00:00Z,-0.5747933532321835,-8.283662886838806,-8.167398756198256,-8.220011294681019,-8.240357131051546
SOL_USDT,2026-09-28T00:00:00Z,2026-09-28T08:00:00Z,2026-09-29T08:00:00Z,2026,2026-09-28T00:00:00Z,0.17459661284520067,-9.670670420507562,-7.3795070150305895,-7.362030520218085,-7.3992319650220555
LINK_USDT,2026-09-28T00:00:00Z,2026-09-28T08:00:00Z,2026-09-29T08:00:00Z,2026,2026-09-28T00:00:00Z,-0.1729330244360014,-4.847327152810107,-7.095560011477331,-7.110064074958448,-7.08098788444023
ETH_USDT,2026-09-29T00:00:00Z,2026-09-29T08:00:00Z,2026-09-30T08:00:00Z,2026,2026-09-28T00:00:00Z,0.03569898254540776,-8.495640853715024,-8.322351350201494,-8.324244690159185,-8.347794726523258
SOL_USDT,2026-09-29T00:00:00Z,2026-09-29T08:00:00Z,2026-09-30T08:00:00Z,2026,2026-09-28T00:00:00Z,0.10446434958244202,-8.429374444882178,-7.516821492716353,-7.521089820302802,-7.5019722604034085
LINK_USDT,2026-09-29T00:00:00Z,2026-09-29T08:00:00Z,2026-09-30T08:00:00Z,2026,2026-09-28T00:00:00Z,1.1938412176070459,-6.607035328921914,-6.800032098659056,-6.700799526791659,-6.822677318723397
