symbol,forecast_time,entry_time,exit_time,year,entry_index,exit_index,feature_latest_close_time,beta90,btc30_log_return,strength30,gross_bps,btc_gross_bps,target_bps,baseline_bps,extended_bps,delayed_bps
ETH_USDT,2022-11-21T00:00:00Z,2022-11-21T08:00:00Z,2022-11-28T08:00:00Z,2022,2497,2518,2022-11-21T00:00:00Z,1.276005066466771,-0.16310133762979334,0.07891117712588064,449.75923239192196,114.34018277223012,335.4190496196918,-126.23092333374123,-82.49348107735048,
SOL_USDT,2022-11-21T00:00:00Z,2022-11-21T08:00:00Z,2022-11-28T08:00:00Z,2022,2497,2518,2022-11-21T00:00:00Z,2.0159902246425223,-0.16310133762979334,-0.49980161532909706,1459.0443686006815,114.34018277223012,1344.7041858284515,-377.2675942468254,-429.4532699012773,
LINK_USDT,2022-11-21T00:00:00Z,2022-11-21T08:00:00Z,2022-11-28T08:00:00Z,2022,2497,2518,2022-11-21T00:00:00Z,1.267389669147084,-0.16310133762979334,0.040793083817888875,1694.178974804519,114.34018277223012,1579.838792032289,-193.9425021040254,-168.186294175281,
ETH_USDT,2022-11-28T00:00:00Z,2022-11-28T08:00:00Z,2022-12-05T08:00:00Z,2022,2518,2539,2022-11-28T00:00:00Z,1.2297534534107806,-0.22586020593629264,0.013864823234469359,1048.2785642493297,671.3452916456597,376.93327260367005,-178.84441303864452,-185.39396499052071,-179.20417543530397
SOL_USDT,2022-11-28T00:00:00Z,2022-11-28T08:00:00Z,2022-12-05T08:00:00Z,2022,2518,2539,2022-11-28T00:00:00Z,2.059773349120915,-0.22586020593629264,-0.3551079488254305,372.3008190618016,671.3452916456597,-299.0444725838581,-529.7328803556325,-508.51930885311214,-527.303330877578
LINK_USDT,2022-11-28T00:00:00Z,2022-11-28T08:00:00Z,2022-12-05T08:00:00Z,2022,2518,2539,2022-11-28T00:00:00Z,1.25037186825106,-0.22586020593629264,0.25285888538859697,1178.3060921248123,671.3452916456597,506.96080047915257,-249.73579129538922,-136.90448392218553,-249.68142459703716
ETH_USDT,2022-12-05T00:00:00Z,2022-12-05T08:00:00Z,2022-12-12T08:00:00Z,2022,2539,2560,2022-12-05T00:00:00Z,1.2486478454117516,-0.2121581853857547,0.01370325856386334,-390.41238464562866,-225.10387943631915,-165.30850520930952,-167.38005608824508,-167.3470943069481,-165.11481705439869
SOL_USDT,2022-12-05T00:00:00Z,2022-12-05T08:00:00Z,2022-12-12T08:00:00Z,2022,2539,2560,2022-12-05T00:00:00Z,2.0616211862412706,-0.2121581853857547,-0.46316877371782417,-681.9813352476667,-225.10387943631915,-456.87745581134755,-365.841058613698,-390.57710650891215,-368.157591318963
LINK_USDT,2022-12-05T00:00:00Z,2022-12-05T08:00:00Z,2022-12-12T08:00:00Z,2022,2539,2560,2022-12-05T00:00:00Z,1.24230995269402,-0.2121581853857547,0.10592888505824613,-1238.8674730825467,-225.10387943631915,-1013.7635936462275,-218.54058148201514,-178.02571524144642,-234.15590731610396
ETH_USDT,2022-12-12T00:00:00Z,2022-12-12T08:00:00Z,2022-12-19T08:00:00Z,2022,2560,2581,2022-12-12T00:00:00Z,1.3810083848969257,0.0008631149497511225,-0.021778131010198282,-534.2372337438339,-118.99352443125343,-415.2437093125805,-10.698890506373857,25.907357347111542,-23.348536709789528
SOL_USDT,2022-12-12T00:00:00Z,2022-12-12T08:00:00Z,2022-12-19T08:00:00Z,2022,2560,2581,2022-12-12T00:00:00Z,2.3044846959601277,0.0008631149497511225,-0.20556838086040097,-577.8120184899849,-118.99352443125343,-458.81849405873146,-221.50140307944946,-59.44326726582085,-235.94018470246027
LINK_USDT,2022-12-12T00:00:00Z,2022-12-12T08:00:00Z,2022-12-19T08:00:00Z,2022,2560,2581,2022-12-12T00:00:00Z,1.328782780624724,0.0008631149497511225,-0.05121555651996832,-993.7793961462604,-118.99352443125343,-874.785871715007,-37.67941021751071,-24.830173016410782,-57.22210786733609
ETH_USDT,2022-12-19T00:00:00Z,2022-12-19T08:00:00Z,2022-12-26T08:00:00Z,2022,2581,2602,2022-12-19T00:00:00Z,1.4211701234512488,0.0022584646663521197,-0.027855681320724274,345.97325106368703,72.67571370564774,273.2975373580393,-26.027402762978284,14.009436199603243,-40.68534004408832
SOL_USDT,2022-12-19T00:00:00Z,2022-12-19T08:00:00Z,2022-12-26T08:00:00Z,2022,2581,2602,2022-12-19T00:00:00Z,2.465163013609101,0.0022584646663521197,-0.07499106465070024,-744.0719542109564,72.67571370564774,-816.7476679166041,-290.45212463565684,-57.311039725642104,-353.1863838197885
LINK_USDT,2022-12-19T00:00:00Z,2022-12-19T08:00:00Z,2022-12-26T08:00:00Z,2022,2581,2602,2022-12-19T00:00:00Z,1.3919581504369505,0.0022584646663521197,-0.04172414067046581,50.539083557952225,72.67571370564774,-22.136630147695513,-69.75701760080875,-41.06435555094885,-78.83975443562557
ETH_USDT,2022-12-26T00:00:00Z,2022-12-26T08:00:00Z,2023-01-02T08:00:00Z,2022,2602,2623,2022-12-26T00:00:00Z,1.425206217428895,0.01858707205021717,-0.010599663044204722,-62.260379460629125,-72.72129263299787,10.460913172368748,-3.5452910915082043,30.06358561784205,-26.717651984737415
SOL_USDT,2022-12-26T00:00:00Z,2022-12-26T08:00:00Z,2023-01-02T08:00:00Z,2022,2602,2623,2022-12-26T00:00:00Z,2.5392296214129466,0.01858707205021717,-0.25653730934143265,-194.34628975265045,-72.72129263299787,-121.62499711965258,-314.08590081997454,-193.81080045452006,-447.76203402493115
LINK_USDT,2022-12-26T00:00:00Z,2022-12-26T08:00:00Z,2023-01-02T08:00:00Z,2022,2602,2623,2022-12-26T00:00:00Z,1.4163121930293339,0.01858707205021717,-0.1601903234895203,-472.67851156553854,-72.72129263299787,-399.9572189325407,-54.5010751922695,-64.08398709593081,-74.24162159451924
ETH_USDT,2023-01-02T00:00:00Z,2023-01-02T08:00:00Z,2023-01-09T08:00:00Z,2023,2623,2644,2023-01-02T00:00:00Z,1.4350887625254272,-0.028242589181097517,-0.03583071749924071,814.867939459889,285.1099228706899,529.7580165891991,-71.91208115828198,-63.080729971282096,-109.4726898033204
SOL_USDT,2023-01-02T00:00:00Z,2023-01-02T08:00:00Z,2023-01-09T08:00:00Z,2023,2623,2644,2023-01-02T00:00:00Z,2.571903193730032,-0.028242589181097517,-0.24390369559969097,4729.729729729733,285.1099228706899,4444.619806859043,-428.55814131987415,-384.49853447027954,-573.9610980120565
LINK_USDT,2023-01-02T00:00:00Z,2023-01-02T08:00:00Z,2023-01-09T08:00:00Z,2023,2623,2644,2023-01-02T00:00:00Z,1.4335590518057568,-0.028242589181097517,-0.2612216132544582,781.1400422237868,285.1099228706899,496.03011935309695,-108.596667921228,-125.0343479989686,-95.80636092311767
ETH_USDT,2023-01-09T00:00:00Z,2023-01-09T08:00:00Z,2023-01-16T08:00:00Z,2023,2644,2665,2023-01-09T00:00:00Z,1.4575457677212877,-4.2619785687304164e-05,0.021259345180580643,1936.3075773859873,2274.327087843304,-338.01951045731676,-56.46637749952677,-22.53808910536108,-81.75161428818976
SOL_USDT,2023-01-09T00:00:00Z,2023-01-09T08:00:00Z,2023-01-16T08:00:00Z,2023,2644,2665,2023-01-09T00:00:00Z,2.646695655280787,-4.2619785687304164e-05,0.06147298799699637,4831.804281345564,2274.327087843304,2557.47719350226,-414.29921102934645,-247.75980972138075,-529.2298647972397
LINK_USDT,2023-01-09T00:00:00Z,2023-01-09T08:00:00Z,2023-01-16T08:00:00Z,2023,2644,2665,2023-01-09T00:00:00Z,1.4425405526159871,-4.2619785687304164e-05,-0.1405094730163311,1168.407310704962,2274.327087843304,-1105.9197771383422,-66.34375429451009,-71.83568444168719,-29.872640084991588
ETH_USDT,2023-01-16T00:00:00Z,2023-01-16T08:00:00Z,2023-01-23T08:00:00Z,2023,2665,2686,2023-01-16T00:00:00Z,1.3751294869561528,0.22704882647206964,-0.026632789098522625,430.08761398758423,751.8972590409944,-321.8096450534102,357.8196783213963,380.40247940585016,337.16734792048135
SOL_USDT,2023-01-16T00:00:00Z,2023-01-16T08:00:00Z,2023-01-23T08:00:00Z,2023,2665,2686,2023-01-16T00:00:00Z,2.629266544570269,0.22704882647206964,0.02820231354678615,86.59793814433047,751.8972590409944,-665.299320896664,309.6664568005167,528.5035822701939,212.4923412765993
LINK_USDT,2023-01-16T00:00:00Z,2023-01-16T08:00:00Z,2023-01-23T08:00:00Z,2023,2665,2686,2023-01-16T00:00:00Z,1.3440787113410289,0.22704882647206964,-0.1777250971627137,281.99883109292665,751.8972590409944,-469.89842794806776,325.9942588111694,293.198330255564,328.02443043311564
ETH_USDT,2023-01-23T00:00:00Z,2023-01-23T08:00:00Z,2023-01-30T08:00:00Z,2023,2686,2707,2023-01-23T00:00:00Z,1.341373148822489,0.3026136959034239,-0.11775232007948788,-35.939288928616975,416.89045192211614,-452.8297408507331,403.7829053204514,378.6279864604824,409.91616161201256
SOL_USDT,2023-01-23T00:00:00Z,2023-01-23T08:00:00Z,2023-01-30T08:00:00Z,2023,2686,2707,2023-01-23T00:00:00Z,2.622967401007875,0.3026136959034239,-0.07338326672666473,372.0359771054782,416.89045192211614,-44.854474816637946,524.7877891646953,764.8351048200889,571.5161238297599
LINK_USDT,2023-01-23T00:00:00Z,2023-01-23T08:00:00Z,2023-01-30T08:00:00Z,2023,2686,2707,2023-01-23T00:00:00Z,1.3111804363658508,0.3026136959034239,-0.23503680868123752,255.7908199516845,416.89045192211614,-161.09963197043163,309.1784352490605,220.01755461229754,304.0761127620092
ETH_USDT,2023-01-30T00:00:00Z,2023-01-30T08:00:00Z,2023-02-06T08:00:00Z,2023,2707,2728,2023-01-30T00:00:00Z,1.3184199113649295,0.3574050711053823,-0.15595302863049232,48.97261957430121,-322.2544189967269,371.2270385710281,367.11302514329054,318.65120915091484,365.95980530374686
SOL_USDT,2023-01-30T00:00:00Z,2023-01-30T08:00:00Z,2023-02-06T08:00:00Z,2023,2707,2728,2023-01-30T00:00:00Z,2.6841041071966263,0.3574050711053823,0.008938051518007306,-796.2160031533306,-322.2544189967269,-473.9615841566037,405.3074588826339,656.250633220204,433.9595289665558
LINK_USDT,2023-01-30T00:00:00Z,2023-01-30T08:00:00Z,2023-02-06T08:00:00Z,2023,2707,2728,2023-01-30T00:00:00Z,1.3340577875287187,0.3574050711053823,-0.17930225430537827,-281.2803103782724,-322.2544189967269,40.974108618454466,276.7648944558962,222.69177410512742,269.9078953189849
ETH_USDT,2023-02-06T00:00:00Z,2023-02-06T08:00:00Z,2023-02-13T08:00:00Z,2023,2728,2749,2023-02-06T00:00:00Z,1.3043484695022372,0.3022668156247014,-0.14462215706216544,-691.0805241499074,-442.8014445229667,-248.27907962694076,321.45455769060595,272.4697288809291,318.1769301859458
SOL_USDT,2023-02-06T00:00:00Z,2023-02-06T08:00:00Z,2023-02-13T08:00:00Z,2023,2728,2749,2023-02-06T00:00:00Z,2.636025639902868,0.3022668156247014,-0.2437497516599576,-933.6188436830828,-442.8014445229667,-490.8173991601161,313.3223551372131,430.8733944879656,334.8804413358619
LINK_USDT,2023-02-06T00:00:00Z,2023-02-06T08:00:00Z,2023-02-13T08:00:00Z,2023,2728,2749,2023-02-06T00:00:00Z,1.317573595665068,0.3022668156247014,-0.19706300744122604,-346.44995722840076,-442.8014445229667,96.35148729456591,239.11458234350062,170.10226878668263,235.2960971411629
ETH_USDT,2023-02-13T00:00:00Z,2023-02-13T08:00:00Z,2023-02-20T08:00:00Z,2023,2749,2770,2023-02-13T00:00:00Z,1.2203261312278102,0.08892800275206204,-0.06560874449091483,1138.9985483351816,1205.3874794560393,-66.3889311208577,154.6992868276158,132.37610664061341,169.81818995866593
SOL_USDT,2023-02-13T00:00:00Z,2023-02-13T08:00:00Z,2023-02-20T08:00:00Z,2023,2749,2770,2023-02-13T00:00:00Z,2.2763931175333174,0.08892800275206204,-0.04120184516913325,2508.2664147378364,1205.3874794560393,1302.878935281797,216.4260850192651,306.12949306375015,207.32745047037633
LINK_USDT,2023-02-13T00:00:00Z,2023-02-13T08:00:00Z,2023-02-20T08:00:00Z,2023,2749,2770,2023-02-13T00:00:00Z,1.121666212555656,0.08892800275206204,-0.06947608274026003,2360.0649830158018,1205.3874794560393,1154.6775035597625,94.68226338148318,62.462349257361154,119.07625300777272
ETH_USDT,2023-02-20T00:00:00Z,2023-02-20T08:00:00Z,2023-02-27T08:00:00Z,2023,2770,2791,2023-02-20T00:00:00Z,1.097317789221453,0.0683941478116308,-0.062330780676020235,-350.69200785474595,-440.6568001093714,89.96479225462542,165.04334724872618,124.85906986275613,173.29541197249168
SOL_USDT,2023-02-20T00:00:00Z,2023-02-20T08:00:00Z,2023-02-27T08:00:00Z,2023,2770,2791,2023-02-20T00:00:00Z,1.9968606775834914,0.0683941478116308,-0.16318885943032063,-1355.7401812688818,-440.6568001093714,-915.0833811595104,203.8330343104364,209.3797134423235,191.80562378895524
LINK_USDT,2023-02-20T00:00:00Z,2023-02-20T08:00:00Z,2023-02-27T08:00:00Z,2023,2770,2791,2023-02-20T00:00:00Z,1.094500905955042,0.0683941478116308,0.06888669911465321,-1235.512008603178,-440.6568001093714,-794.8552084938066,77.89784727190954,96.58302915096978,85.70134743460312
ETH_USDT,2023-02-27T00:00:00Z,2023-02-27T08:00:00Z,2023-03-06T08:00:00Z,2023,2791,2812,2023-02-27T00:00:00Z,1.081294600862836,0.020618367364286076,0.0047156153469277845,-459.14002151168364,-440.208880851507,-18.931140660176652,151.4232714751899,135.1170081547102,154.53737470652584
SOL_USDT,2023-02-27T00:00:00Z,2023-02-27T08:00:00Z,2023-03-06T08:00:00Z,2023,2791,2812,2023-02-27T00:00:00Z,1.9386829936934604,0.020618367364286076,-0.08947923140314948,-934.9060725207514,-440.208880851507,-494.69719166924443,196.8739352957598,221.8321877636738,197.0284943043948
LINK_USDT,2023-02-27T00:00:00Z,2023-02-27T08:00:00Z,2023-03-06T08:00:00Z,2023,2791,2812,2023-02-27T00:00:00Z,1.0876447943186536,0.020618367364286076,-0.007238016610741513,-613.4969325153372,-440.208880851507,-173.28805166383023,78.86101115230957,65.55410244709617,77.59587033532566
ETH_USDT,2023-03-06T00:00:00Z,2023-03-06T08:00:00Z,2023-03-13T08:00:00Z,2023,2812,2833,2023-03-06T00:00:00Z,1.0463249052594077,-0.04368829341788996,-0.015606272408851977,292.4051524798377,29.531892926009107,262.8732595538286,118.94238831917325,99.07082585829679,129.19815907696142
SOL_USDT,2023-03-06T00:00:00Z,2023-03-06T08:00:00Z,2023-03-13T08:00:00Z,2023,2812,2833,2023-03-06T00:00:00Z,1.8838540852317802,-0.04368829341788996,-0.08100308841116302,-486.74698795180825,29.531892926009107,-516.2788808778173,123.67826100240184,135.43465479423344,117.5566229234106
LINK_USDT,2023-03-06T00:00:00Z,2023-03-06T08:00:00Z,2023-03-13T08:00:00Z,2023,2812,2833,2023-03-06T00:00:00Z,1.073286206450469,-0.04368829341788996,-0.0021400734713991273,-360.2033405954974,29.531892926009107,-389.73523352150653,31.261635292061598,21.829504373652654,39.26964883430084
ETH_USDT,2023-03-13T00:00:00Z,2023-03-13T08:00:00Z,2023-03-20T08:00:00Z,2023,2833,2854,2023-03-13T00:00:00Z,1.0232025093554968,0.01705224218648123,0.026051698662760785,1149.212118194718,2548.7747157359217,-1399.5625975412038,161.23443860687303,147.60440532018038,168.5449574895643
SOL_USDT,2023-03-13T00:00:00Z,2023-03-13T08:00:00Z,2023-03-20T08:00:00Z,2023,2833,2854,2023-03-13T00:00:00Z,1.781994860930827,0.01705224218648123,-0.025921607321058943,1702.1276595744705,2548.7747157359217,-846.6470561614512,174.32324508590096,204.33462148438434,172.04613924194078
LINK_USDT,2023-03-13T00:00:00Z,2023-03-13T08:00:00Z,2023-03-20T08:00:00Z,2023,2833,2854,2023-03-13T00:00:00Z,1.038524421007091,0.01705224218648123,-0.06816254521941598,804.5803827030306,2548.7747157359217,-1744.194333032891,82.22566552939013,39.642309513179725,86.00148478318162
ETH_USDT,2023-03-20T00:00:00Z,2023-03-20T08:00:00Z,2023-03-27T08:00:00Z,2023,2854,2875,2023-03-20T00:00:00Z,0.9009985835455575,0.12971014635792777,-0.06688919616079125,-219.36924365057232,-132.8205916092362,-86.54865204133611,324.4006920964106,264.59351177962344,326.8116340814746
SOL_USDT,2023-03-20T00:00:00Z,2023-03-20T08:00:00Z,2023-03-27T08:00:00Z,2023,2854,2875,2023-03-20T00:00:00Z,1.4670289523969693,0.12971014635792777,-0.24719277914386636,-1151.515151515151,-132.8205916092362,-1018.6945599059148,343.3384646962521,254.52116875401714,342.84183636985324
LINK_USDT,2023-03-20T00:00:00Z,2023-03-20T08:00:00Z,2023-03-27T08:00:00Z,2023,2854,2875,2023-03-20T00:00:00Z,0.9180404122173755,0.12971014635792777,-0.19636966340001571,-57.17473155766317,-132.8205916092362,75.64586005157304,253.57745230778897,152.78664995692498,260.26276395309657
ETH_USDT,2023-03-27T00:00:00Z,2023-03-27T08:00:00Z,2023-04-03T08:00:00Z,2023,2875,2896,2023-03-27T00:00:00Z,0.918131599935072,0.18754476137664,-0.07388831887740635,243.46535783586364,53.914588187911065,189.55076964795256,344.30584173722997,282.6672668751378,353.34144925655835
SOL_USDT,2023-03-27T00:00:00Z,2023-03-27T08:00:00Z,2023-04-03T08:00:00Z,2023,2875,2896,2023-03-27T00:00:00Z,1.4674800012314106,0.18754476137664,-0.37209005339920775,-83.17025440313208,53.914588187911065,-137.08484259104313,369.05172795641005,230.47523540368329,384.2869032954564
LINK_USDT,2023-03-27T00:00:00Z,2023-03-27T08:00:00Z,2023-04-03T08:00:00Z,2023,2875,2896,2023-03-27T00:00:00Z,0.9433990099041719,0.18754476137664,-0.20477136228971876,171.10799438990077,53.914588187911065,117.1934062019897,262.02368946340084,158.94198892548013,279.0326216873527
ETH_USDT,2023-04-03T00:00:00Z,2023-04-03T08:00:00Z,2023-04-10T08:00:00Z,2023,2896,2917,2023-04-03T00:00:00Z,0.9068861418016751,0.23130347670805207,-0.07575915291721769,362.86952742832443,116.54320493098336,246.32632249734107,373.9441407503918,309.78386529939144,386.13524158005794
SOL_USDT,2023-04-03T00:00:00Z,2023-04-03T08:00:00Z,2023-04-10T08:00:00Z,2023,2896,2917,2023-04-03T00:00:00Z,1.449071499197484,0.23130347670805207,-0.37810032047996134,-14.800197335964604,116.54320493098336,-131.34340226694798,381.2801442507364,236.58735056426485,413.18671980454303
LINK_USDT,2023-04-03T00:00:00Z,2023-04-03T08:00:00Z,2023-04-10T08:00:00Z,2023,2896,2917,2023-04-03T00:00:00Z,0.9724551886578778,0.23130347670805207,-0.18313345647295093,-31.71538885824554,116.54320493098336,-148.2585937892289,283.42299766175154,191.01430171396902,304.94261296531914
ETH_USDT,2023-04-10T00:00:00Z,2023-04-10T08:00:00Z,2023-04-17T08:00:00Z,2023,2917,2938,2023-04-10T00:00:00Z,0.9015348090801442,0.3404624973915756,-0.04212494845912451,1236.9958978274087,549.3207073680106,687.6751904593981,398.01778195137035,348.9898011217014,404.70127108942194
SOL_USDT,2023-04-10T00:00:00Z,2023-04-10T08:00:00Z,2023-04-17T08:00:00Z,2023,2917,2938,2023-04-10T00:00:00Z,1.4557051439577409,0.3404624973915756,-0.38574971246271295,2411.067193675891,549.3207073680106,1861.7464863078803,413.9447468087291,263.0322853875136,433.4045116433455
LINK_USDT,2023-04-10T00:00:00Z,2023-04-10T08:00:00Z,2023-04-17T08:00:00Z,2023,2917,2938,2023-04-10T00:00:00Z,0.9669144351431378,0.3404624973915756,-0.1816662224082458,1210.402545303637,549.3207073680106,661.0818379356264,313.6505495078604,220.02910851746847,324.915165949643
ETH_USDT,2023-04-17T00:00:00Z,2023-04-17T08:00:00Z,2023-04-24T08:00:00Z,2023,2938,2959,2023-04-17T00:00:00Z,0.9024600749020709,0.10093590571664202,0.07789019284640482,-1169.1952901099012,-799.7506560360346,-369.4446340738666,222.58430056363272,218.6509502690296,228.08300059584963
SOL_USDT,2023-04-17T00:00:00Z,2023-04-17T08:00:00Z,2023-04-24T08:00:00Z,2023,2938,2959,2023-04-17T00:00:00Z,1.3242502132492615,0.10093590571664202,0.02602646553310306,-1528.6624203821652,-799.7506560360346,-728.9117643461307,259.4292620048228,265.4864613042693,277.5457805075068
LINK_USDT,2023-04-17T00:00:00Z,2023-04-17T08:00:00Z,2023-04-24T08:00:00Z,2023,2938,2959,2023-04-17T00:00:00Z,0.9820295334840996,0.10093590571664202,0.022615363669436075,-1237.6604146100678,-799.7506560360346,-437.9097585740333,127.45400989779235,117.60589957554666,137.44290125862398
ETH_USDT,2023-04-24T00:00:00Z,2023-04-24T08:00:00Z,2023-05-01T08:00:00Z,2023,2959,2980,2023-04-24T00:00:00Z,0.9159974359929082,0.004946138774166526,0.05775048496266642,21.617814379368827,428.7851003825605,-407.16728600319163,145.32752924694057,133.46311579110358,146.43269073849223
SOL_USDT,2023-04-24T00:00:00Z,2023-04-24T08:00:00Z,2023-05-01T08:00:00Z,2023,2959,2980,2023-04-24T00:00:00Z,1.2093740927840886,0.004946138774166526,0.03247541610640518,498.12030075187863,428.7851003825605,69.33520036931816,223.073753392536,216.63355950056356,225.59347373624294
LINK_USDT,2023-04-24T00:00:00Z,2023-04-24T08:00:00Z,2023-05-01T08:00:00Z,2023,2959,2980,2023-04-24T00:00:00Z,1.013997396159895,0.004946138774166526,-0.020289262268695353,-150.68300239402976,428.7851003825605,-579.4681027765903,29.470139105691985,6.723107809337748,31.25114755909368
ETH_USDT,2023-05-01T00:00:00Z,2023-05-01T08:00:00Z,2023-05-08T08:00:00Z,2023,2980,3001,2023-05-01T00:00:00Z,0.8809090015390281,0.0266174823394059,0.002867660891748631,9.40698171044918,-228.30283054851907,237.70981225896824,114.50524947191043,102.99188926582528,121.29312275171587
SOL_USDT,2023-05-01T00:00:00Z,2023-05-01T08:00:00Z,2023-05-08T08:00:00Z,2023,2980,3001,2023-05-01T00:00:00Z,1.1427582299812409,0.0266174823394059,0.04159553432755486,-501.342882721576,-228.30283054851907,-273.04005217305695,161.09176888907737,158.93069042919714,167.09411167683902
LINK_USDT,2023-05-01T00:00:00Z,2023-05-01T08:00:00Z,2023-05-08T08:00:00Z,2023,2980,3001,2023-05-01T00:00:00Z,0.9852776248806944,0.0266174823394059,-0.10331844663263197,-523.3056905919353,-228.30283054851907,-295.00286004341626,20.170166973536574,1.4981624876194815,32.56700652011389
ETH_USDT,2023-05-08T00:00:00Z,2023-05-08T08:00:00Z,2023-05-15T08:00:00Z,2023,3001,3022,2023-05-08T00:00:00Z,0.8934017987434497,0.018594898253922704,-0.013034894199621855,-122.60793008647353,-203.03501603368912,80.42708594721559,88.35582598436649,72.71900608366613,103.71951469683671
SOL_USDT,2023-05-08T00:00:00Z,2023-05-08T08:00:00Z,2023-05-15T08:00:00Z,2023,3001,3022,2023-05-08T00:00:00Z,1.129122046117548,0.018594898253922704,0.03697756667352391,80.11310084825807,-203.03501603368912,283.1481168819472,166.78092029174078,164.598023169774,170.42259213659594
LINK_USDT,2023-05-08T00:00:00Z,2023-05-08T08:00:00Z,2023-05-15T08:00:00Z,2023,3001,3022,2023-05-08T00:00:00Z,0.9699803881739757,0.018594898253922704,-0.06826589315163721,76.94628847314533,-203.03501603368912,279.9813045068345,2.437695634387815,-15.28519500577837,29.534026447736448
ETH_USDT,2023-05-15T00:00:00Z,2023-05-15T08:00:00Z,2023-05-22T08:00:00Z,2023,3022,3043,2023-05-15T00:00:00Z,0.8656226909982513,-0.12386074231656916,-0.04736823406685546,-95.91355749618558,-205.91101623024798,109.9974587340624,-40.99350910441695,-58.408742791468036,-8.58686010116725
SOL_USDT,2023-05-15T00:00:00Z,2023-05-15T08:00:00Z,2023-05-22T08:00:00Z,2023,3022,3043,2023-05-15T00:00:00Z,1.0715647118923546,-0.12386074231656916,-0.033299682887382775,-794.7639083683966,-205.91101623024798,-588.8528921381487,70.26011941005882,57.51880275703161,85.1894815374925
LINK_USDT,2023-05-15T00:00:00Z,2023-05-15T08:00:00Z,2023-05-22T08:00:00Z,2023,3022,3043,2023-05-15T00:00:00Z,0.9887140411213048,-0.12386074231656916,-0.04531942487353258,-309.9266357239105,-205.91101623024798,-104.01561949366254,-129.21175620495538,-140.00296210338342,-96.54604490573259
ETH_USDT,2023-05-22T00:00:00Z,2023-05-22T08:00:00Z,2023-05-29T08:00:00Z,2023,3043,3064,2023-05-22T00:00:00Z,0.8722736776232448,-0.01907312354950632,-0.007378249423576549,489.51242001115116,396.6528481040954,92.85957190705574,-10.353467766152011,-13.189756002768224,42.66836100248531
SOL_USDT,2023-05-22T00:00:00Z,2023-05-22T08:00:00Z,2023-05-29T08:00:00Z,2023,3043,3064,2023-05-22T00:00:00Z,1.072042382396769,-0.01907312354950632,-0.059870058352410244,528.186896901981,396.6528481040954,131.53404879788553,80.11422288440193,76.09165009783621,118.26753568298369
LINK_USDT,2023-05-22T00:00:00Z,2023-05-22T08:00:00Z,2023-05-29T08:00:00Z,2023,3043,3064,2023-05-22T00:00:00Z,0.9983977144468038,-0.01907312354950632,-0.0819069945426616,203.95550061804713,396.6528481040954,-192.6973474860483,-85.27952576857699,-88.88240467927511,-55.64013000132894
ETH_USDT,2023-05-29T00:00:00Z,2023-05-29T08:00:00Z,2023-06-05T08:00:00Z,2023,3064,3085,2023-05-29T00:00:00Z,0.8730693011571952,-0.04346350532902484,0.04726353884580144,-139.22151748822165,-386.22094277382837,246.99942528560672,15.465484144647995,12.175083723666486,39.11531713066333
SOL_USDT,2023-05-29T00:00:00Z,2023-05-29T08:00:00Z,2023-06-05T08:00:00Z,2023,3064,3085,2023-05-29T00:00:00Z,1.04312546963313,-0.04346350532902484,-0.06939709704462588,448.6251808972508,-386.22094277382837,834.8461236710791,105.42835264221452,79.88629934041165,140.5761499307332
LINK_USDT,2023-05-29T00:00:00Z,2023-05-29T08:00:00Z,2023-06-05T08:00:00Z,2023,3064,3085,2023-05-29T00:00:00Z,0.9724254778150695,-0.04346350532902484,-0.017587527846125668,-310.41792852816496,-386.22094277382837,75.8030142456634,-58.59389726671562,-66.27110492881653,-27.423973947391048
ETH_USDT,2023-06-05T00:00:00Z,2023-06-05T08:00:00Z,2023-06-12T08:00:00Z,2023,3085,3106,2023-06-05T00:00:00Z,0.8597882470304583,-0.0844855897036345,0.01943028038688429,-729.689334899114,-382.7916511367868,-346.8976837623272,-22.617547632764026,-32.097040823917155,-9.023333026491734
SOL_USDT,2023-06-05T00:00:00Z,2023-06-05T08:00:00Z,2023-06-12T08:00:00Z,2023,3085,3106,2023-06-05T00:00:00Z,1.055216829977112,-0.0844855897036345,0.0443402521168113,-3033.240997229917,-382.7916511367868,-2650.4493460931303,67.91957177814861,65.91321851967054,124.96851129581822
LINK_USDT,2023-06-05T00:00:00Z,2023-06-05T08:00:00Z,2023-06-12T08:00:00Z,2023,3085,3106,2023-06-05T00:00:00Z,0.9626943941378298,-0.0844855897036345,-0.031961668869368354,-2069.073292701984,-382.7916511367868,-1686.281641565197,-109.96113107688502,-121.1324506486921,-87.92643463167812
ETH_USDT,2023-06-12T00:00:00Z,2023-06-12T08:00:00Z,2023-06-19T08:00:00Z,2023,3106,3127,2023-06-12T00:00:00Z,0.8748305481767846,-0.03298670721675024,-0.0018675445850266925,-70.36333275752926,242.23180509840515,-312.5951378559344,-9.436765877121507,-17.031554333217166,7.758896140395329
SOL_USDT,2023-06-12T00:00:00Z,2023-06-12T08:00:00Z,2023-06-19T08:00:00Z,2023,3106,3127,2023-06-12T00:00:00Z,1.2260623394289474,-0.03298670721675024,-0.2552447609252956,258.44930417495027,242.23180509840515,16.217499076545124,62.24828192055789,26.121397434376462,52.14704098818671
LINK_USDT,2023-06-12T00:00:00Z,2023-06-12T08:00:00Z,2023-06-19T08:00:00Z,2023,3106,3127,2023-06-12T00:00:00Z,1.136963661674291,-0.03298670721675024,-0.2092044129276755,139.90147783251138,242.23180509840515,-102.33032726589377,-82.24378856634259,-107.54692064569987,-74.84715045155842
ETH_USDT,2023-06-19T00:00:00Z,2023-06-19T08:00:00Z,2023-06-26T08:00:00Z,2023,3127,3148,2023-06-19T00:00:00Z,0.9469531949331963,-0.020304630864894493,-0.03250379346969062,973.2789014659483,1504.5709096412895,-531.2920081753413,7.44472747960527,-13.320712128958906,18.59368026055128
SOL_USDT,2023-06-19T00:00:00Z,2023-06-19T08:00:00Z,2023-06-26T08:00:00Z,2023,3127,3148,2023-06-19T00:00:00Z,1.2715855651355261,-0.020304630864894493,-0.2501441128253624,936.6925064599485,1504.5709096412895,-567.878403181341,67.24320169675603,-8.752368273353305,133.2266751801248
LINK_USDT,2023-06-19T00:00:00Z,2023-06-19T08:00:00Z,2023-06-26T08:00:00Z,2023,3127,3148,2023-06-19T00:00:00Z,1.1425879559240035,-0.020304630864894493,-0.2099785444678257,2011.2708900116604,1504.5709096412895,506.6999803703709,-68.0182965615471,-123.95150070379145,-20.668182690854277
ETH_USDT,2023-06-26T00:00:00Z,2023-06-26T08:00:00Z,2023-07-03T08:00:00Z,2023,3148,3169,2023-06-26T00:00:00Z,0.8745806751778445,0.1316164076212211,-0.07699464572971923,393.74947154815266,86.47137837172858,307.2780931764241,105.10742357475853,67.97121880833274,122.25484478545424
SOL_USDT,2023-06-26T00:00:00Z,2023-06-26T08:00:00Z,2023-07-03T08:00:00Z,2023,3148,3169,2023-06-26T00:00:00Z,1.1693348862687205,0.1316164076212211,-0.285738446148892,1470.7619610159495,86.47137837172858,1384.2905826442209,163.47215903705316,73.16232215088465,228.50041825499224
LINK_USDT,2023-06-26T00:00:00Z,2023-06-26T08:00:00Z,2023-07-03T08:00:00Z,2023,3148,3169,2023-06-26T00:00:00Z,1.061921123628417,0.1316164076212211,-0.16968608187253667,731.2732567545698,86.47137837172858,644.8018783828413,29.530291610837732,-17.358244123600155,76.26849238865488
ETH_USDT,2023-07-03T00:00:00Z,2023-07-03T08:00:00Z,2023-07-10T08:00:00Z,2023,3169,3190,2023-07-03T00:00:00Z,0.9136882419936656,0.11677483257234669,-0.0906711415768294,-562.478709395321,-181.001259000253,-381.477450395068,94.07143727820986,54.56083165221685,122.39719317550143
SOL_USDT,2023-07-03T00:00:00Z,2023-07-03T08:00:00Z,2023-07-10T08:00:00Z,2023,3169,3190,2023-07-03T00:00:00Z,1.2159671974893296,0.11677483257234669,-0.23097466874962874,674.5623069001017,-181.001259000253,855.5635659003547,150.54143297300644,78.92402055522852,225.31655665072196
LINK_USDT,2023-07-03T00:00:00Z,2023-07-03T08:00:00Z,2023-07-10T08:00:00Z,2023,3169,3190,2023-07-03T00:00:00Z,1.0526350247087515,0.11677483257234669,-0.1090642441087262,-811.0960349766327,-181.001259000253,-630.0947759763798,29.626917123755454,0.6347949075694608,68.83397043590233
ETH_USDT,2023-07-10T00:00:00Z,2023-07-10T08:00:00Z,2023-07-17T08:00:00Z,2023,3190,3211,2023-07-10T00:00:00Z,0.9291949482668568,0.13023306025556933,-0.10889780792286691,390.58291132421095,56.0903902117782,334.49252111243277,101.9039869542907,61.54764291808431,135.06528807052035
SOL_USDT,2023-07-10T00:00:00Z,2023-07-10T08:00:00Z,2023-07-17T08:00:00Z,2023,3190,3211,2023-07-10T00:00:00Z,1.2220036423632508,0.13023306025556933,0.044030119088742076,3328.5094066570186,56.0903902117782,3272.4190164452402,172.60372474390905,186.95700611269126,237.0207797523228
LINK_USDT,2023-07-10T00:00:00Z,2023-07-10T08:00:00Z,2023-07-17T08:00:00Z,2023,3190,3211,2023-07-10T00:00:00Z,1.0923325409777012,0.13023306025556933,-0.11639784928588981,954.8810500410166,56.0903902117782,898.7906598292384,52.516862989391406,26.086732512299193,73.90024422017876
ETH_USDT,2023-07-17T00:00:00Z,2023-07-17T08:00:00Z,2023-07-24T08:00:00Z,2023,3211,3232,2023-07-17T00:00:00Z,0.9662055445875175,0.13762213161054673,-0.020661982363394255,-278.4258827189301,-149.6020112935459,-128.8238714253842,109.66242861626185,97.8889499699169,146.3670358640728
SOL_USDT,2023-07-17T00:00:00Z,2023-07-17T08:00:00Z,2023-07-24T08:00:00Z,2023,3211,3232,2023-07-17T00:00:00Z,1.2440405481908143,0.13762213161054673,0.4115589524126031,-1107.4918566775239,-149.6020112935459,-957.8898453839779,190.22661844058783,306.8753690368122,169.7867008873952
LINK_USDT,2023-07-17T00:00:00Z,2023-07-17T08:00:00Z,2023-07-24T08:00:00Z,2023,3211,3232,2023-07-17T00:00:00Z,1.1899818091716963,0.13762213161054673,0.05213695935889981,1581.5485996705104,-149.6020112935459,1731.1506109640563,60.16540993348747,86.22665136584304,78.03585345538418
ETH_USDT,2023-07-24T00:00:00Z,2023-07-24T08:00:00Z,2023-07-31T08:00:00Z,2023,3232,3253,2023-07-24T00:00:00Z,0.9327856941807543,-0.019902832717376844,0.016502326990950115,-51.52000000000045,-152.3333780340619,100.81337803406144,2.0704878190316265,-3.157991382193181,25.733164114145147
SOL_USDT,2023-07-24T00:00:00Z,2023-07-24T08:00:00Z,2023-07-31T08:00:00Z,2023,3232,3253,2023-07-24T00:00:00Z,1.2534934678866991,-0.019902832717376844,0.3933462062840405,-32.560032560032816,-152.3333780340619,119.77334547402907,120.77345279575,232.0995109062897,-41.31478910908471
LINK_USDT,2023-07-24T00:00:00Z,2023-07-24T08:00:00Z,2023-07-31T08:00:00Z,2023,3232,3253,2023-07-24T00:00:00Z,1.0849738710621266,-0.019902832717376844,0.2838315832448503,-168.1106944264843,-152.3333780340619,-15.777316392422392,-45.394666973177266,38.443423085593366,-70.82701669192559
ETH_USDT,2023-07-31T00:00:00Z,2023-07-31T08:00:00Z,2023-08-07T08:00:00Z,2023,3253,3274,2023-07-31T00:00:00Z,0.9728566062512224,-0.03986631400013506,0.0008407895931832818,-152.6263308565734,-95.16361960153374,-57.46271125503965,-15.041583646466506,-21.813628020235754,-7.882702119651356
SOL_USDT,2023-07-31T00:00:00Z,2023-07-31T08:00:00Z,2023-08-07T08:00:00Z,2023,3253,3274,2023-07-31T00:00:00Z,1.3230570580935774,-0.03986631400013506,0.30411874829623436,-547.1621069824417,-95.16361960153374,-451.998487380908,104.82290670020973,181.42845623648486,-59.76219427795047
LINK_USDT,2023-07-31T00:00:00Z,2023-07-31T08:00:00Z,2023-08-07T08:00:00Z,2023,3253,3274,2023-07-31T00:00:00Z,1.1482601343665597,-0.03986631400013506,0.22537549540970883,-545.8371695383402,-95.16361960153374,-450.6735499368064,-41.83260675213603,19.164287412554135,-166.2004130884942
ETH_USDT,2023-08-07T00:00:00Z,2023-08-07T08:00:00Z,2023-08-14T08:00:00Z,2023,3274,3295,2023-08-07T00:00:00Z,0.9282429390719912,-0.042281716096762414,0.017291721516270245,70.39148116088745,112.71017584670861,-42.31869468582116,-19.613564404396776,-24.518289105470487,-3.300832238667816
SOL_USDT,2023-08-07T00:00:00Z,2023-08-07T08:00:00Z,2023-08-14T08:00:00Z,2023,3274,3295,2023-08-07T00:00:00Z,1.3119112823553414,-0.042281716096762414,0.1315692039233351,548.5961123110172,112.71017584670861,435.88593646430866,93.05896635723343,128.02339377288675,-27.655669090299796
LINK_USDT,2023-08-07T00:00:00Z,2023-08-07T08:00:00Z,2023-08-14T08:00:00Z,2023,3274,3295,2023-08-07T00:00:00Z,1.1315819855937244,-0.042281716096762414,0.19079444679934798,389.53811908736924,112.71017584670861,276.8279432406606,-56.28529803956484,-2.330621361059677,-151.60577173279677
ETH_USDT,2023-08-14T00:00:00Z,2023-08-14T08:00:00Z,2023-08-21T08:00:00Z,2023,3295,3316,2023-08-14T00:00:00Z,0.924636255652087,-0.03382543816244674,-0.0201303317632803,-961.6174721591519,-1155.1488154616206,193.5313433024687,-19.12312847061464,-32.14201156084031,-9.137281585834181
SOL_USDT,2023-08-14T00:00:00Z,2023-08-14T08:00:00Z,2023-08-21T08:00:00Z,2023,3295,3316,2023-08-14T00:00:00Z,1.3310544811001428,-0.03382543816244674,-0.05092430232418809,-1261.2612612612618,-1155.1488154616206,-106.11244579964114,98.81998755965071,88.00757042348881,41.260667932778844
LINK_USDT,2023-08-14T00:00:00Z,2023-08-14T08:00:00Z,2023-08-21T08:00:00Z,2023,3295,3316,2023-08-14T00:00:00Z,1.12864723269765,-0.03382543816244674,0.09556692223194296,-1716.6577396893413,-1155.1488154616206,-561.5089242277206,-46.01146739092261,-20.058477231411956,-132.947841244644
ETH_USDT,2023-08-21T00:00:00Z,2023-08-21T08:00:00Z,2023-08-28T08:00:00Z,2023,3316,3337,2023-08-21T00:00:00Z,0.9348869688158495,-0.13253872713132508,0.008324961439492282,-182.12593904014528,-34.27693534993392,-147.84900369021136,-61.867331670060544,-71.77125952686268,-36.2643248226305
SOL_USDT,2023-08-21T00:00:00Z,2023-08-21T08:00:00Z,2023-08-28T08:00:00Z,2023,3316,3337,2023-08-21T00:00:00Z,1.2364946085311481,-0.13253872713132508,0.005737844601540115,-445.17338331771293,-34.27693534993392,-410.896447967779,1.1187470743312478,-4.011855808718487,30.033932408265024
LINK_USDT,2023-08-21T00:00:00Z,2023-08-21T08:00:00Z,2023-08-28T08:00:00Z,2023,3316,3337,2023-08-21T00:00:00Z,1.1391754261759421,-0.13253872713132508,-0.11717509146890584,-441.3191076624634,-34.27693534993392,-407.0421723125295,-105.81501825586743,-140.93175113923738,-139.4930281285673
ETH_USDT,2023-08-28T00:00:00Z,2023-08-28T08:00:00Z,2023-09-04T08:00:00Z,2023,3337,3358,2023-08-28T00:00:00Z,0.9411018987914466,-0.11606686534751834,-0.013134746827995994,-15.230250933614409,11.891665538810159,-27.121916472424566,-50.034862806337976,-66.46928999621014,-36.26518798260968
SOL_USDT,2023-08-28T00:00:00Z,2023-08-28T08:00:00Z,2023-09-04T08:00:00Z,2023,3337,3358,2023-08-28T00:00:00Z,1.3113735153984702,-0.11606686534751834,-0.024970664674483695,-304.0706228543411,11.891665538810159,-315.96228839315125,-2.205619223184904,-12.538062771885699,1.8816935057033923
LINK_USDT,2023-08-28T00:00:00Z,2023-08-28T08:00:00Z,2023-09-04T08:00:00Z,2023,3337,3358,2023-08-28T00:00:00Z,1.2127678643684008,-0.11606686534751834,-0.11276098922901728,317.94351429054626,11.891665538810159,306.0518487517361,-93.05112705442207,-122.20300741718714,-58.79485191779339
ETH_USDT,2023-09-04T00:00:00Z,2023-09-04T08:00:00Z,2023-09-11T08:00:00Z,2023,3358,3379,2023-09-04T00:00:00Z,0.9165493767967148,-0.11423019785397776,-0.007587591474687294,-163.21226135926793,-58.27851909707582,-104.93374226219211,-45.227784253387405,-54.98472338061697,-21.23288148530235
SOL_USDT,2023-09-04T00:00:00Z,2023-09-04T08:00:00Z,2023-09-11T08:00:00Z,2023,3358,3379,2023-09-04T00:00:00Z,1.2383591980460302,-0.11423019785397776,-0.011304738345319032,-794.132524026303,-58.27851909707582,-735.8540049292272,-37.88902937431877,-43.46200927415891,-17.366817348353464
LINK_USDT,2023-09-04T00:00:00Z,2023-09-04T08:00:00Z,2023-09-11T08:00:00Z,2023,3358,3379,2023-09-04T00:00:00Z,1.0809432137155774,-0.11423019785397776,-0.04640712450028338,-183.57646287493924,-58.27851909707582,-125.29794377786342,-83.95128219329818,-93.076743732151,-38.83616399557854
ETH_USDT,2023-09-11T00:00:00Z,2023-09-11T08:00:00Z,2023-09-18T08:00:00Z,2023,3379,3400,2023-09-11T00:00:00Z,0.911435507602974,-0.12989367330681467,-0.01533642220668649,135.15525176464703,347.4983196874515,-212.34306792280447,-57.871542735880055,-52.5635564870295,-23.269080020076604
SOL_USDT,2023-09-11T00:00:00Z,2023-09-11T08:00:00Z,2023-09-18T08:00:00Z,2023,3379,3400,2023-09-11T00:00:00Z,1.2134114975572972,-0.12989367330681467,-0.14232765945968184,505.4945054945059,347.4983196874515,157.99618580705442,-73.29109319866454,-58.936091705737056,-48.309708301756416
LINK_USDT,2023-09-11T00:00:00Z,2023-09-11T08:00:00Z,2023-09-18T08:00:00Z,2023,3379,3400,2023-09-11T00:00:00Z,1.018969052032753,-0.12989367330681467,-0.08722180200070292,933.3778594089171,347.4983196874515,585.8795397214656,-110.21915499080589,-101.15100984229666,-71.79287033196997
ETH_USDT,2023-09-18T00:00:00Z,2023-09-18T08:00:00Z,2023-09-25T08:00:00Z,2023,3400,3421,2023-09-18T00:00:00Z,0.9088381426240857,0.018011000457463025,-0.040188216604859286,-322.8254417047627,-195.225353763121,-127.60008794164168,-17.457916020161544,-0.7802810449219066,10.69192484251747
SOL_USDT,2023-09-18T00:00:00Z,2023-09-18T08:00:00Z,2023-09-25T08:00:00Z,2023,3400,3421,2023-09-18T00:00:00Z,1.1880291698800576,0.018011000457463025,-0.14759219648285743,193.51464435146238,-195.225353763121,388.7399981145834,-63.929462690590796,-26.658781828897148,38.98861195583089
LINK_USDT,2023-09-18T00:00:00Z,2023-09-18T08:00:00Z,2023-09-25T08:00:00Z,2023,3400,3421,2023-09-18T00:00:00Z,1.0934556977030747,0.018011000457463025,-0.02456358008572778,1111.7898594990838,-195.225353763121,1307.0152132622047,-51.95230096839762,-51.10600148252104,-3.9542106805402355
ETH_USDT,2023-09-25T00:00:00Z,2023-09-25T08:00:00Z,2023-10-02T08:00:00Z,2023,3421,3442,2023-09-25T00:00:00Z,0.9520773502136441,0.0072023174210340555,-0.052058720399215136,943.3616230094999,810.5246397275833,132.83698328191656,-10.461682733562,2.073671804008267,28.006444121545847
SOL_USDT,2023-09-25T00:00:00Z,2023-09-25T08:00:00Z,2023-10-02T08:00:00Z,2023,3421,3442,2023-09-25T00:00:00Z,1.3670750715344264,0.0072023174210340555,-0.06315183949166245,2483.3247819394555,810.5246397275833,1672.8001422118723,-26.748930268938395,-24.354959593297313,50.06064115019738
LINK_USDT,2023-09-25T00:00:00Z,2023-09-25T08:00:00Z,2023-10-02T08:00:00Z,2023,3421,3442,2023-09-25T00:00:00Z,1.2025264243872467,0.0072023174210340555,0.13915106607581906,1050.0274876305648,810.5246397275833,239.50284790298144,-24.244077003526055,-59.20568792379031,-34.595392294183945
ETH_USDT,2023-10-02T00:00:00Z,2023-10-02T08:00:00Z,2023-10-09T08:00:00Z,2023,3442,3463,2023-10-02T00:00:00Z,0.9526070107927652,0.08136890861110671,-0.015242820777493088,-633.9464757314661,-176.12375851717488,-457.8227172142912,7.69871329930017,10.848678368893022,49.91301152905204
SOL_USDT,2023-10-02T00:00:00Z,2023-10-02T08:00:00Z,2023-10-09T08:00:00Z,2023,3442,3463,2023-10-02T00:00:00Z,1.4216065062111698,0.08136890861110671,0.09528957724564789,-550.7603781339909,-176.12375851717488,-374.636619616816,4.009235504198504,-36.46059901021336,-5.611150408935986
LINK_USDT,2023-10-02T00:00:00Z,2023-10-02T08:00:00Z,2023-10-09T08:00:00Z,2023,3442,3463,2023-10-02T00:00:00Z,1.0729318828809289,0.08136890861110671,0.2169880967315772,-600.7462686567144,-176.12375851717488,-424.6225101395395,-11.80950124674698,-71.53200959498274,-174.05019335149308
ETH_USDT,2023-10-09T00:00:00Z,2023-10-09T08:00:00Z,2023-10-16T08:00:00Z,2023,3463,3484,2023-10-09T00:00:00Z,0.953517911571457,0.07458932132974631,-0.0733245745668476,-259.14248517643233,12.864362946176655,-272.006848122609,5.412654848508186,28.740732165120978,15.154396026050222
SOL_USDT,2023-10-09T00:00:00Z,2023-10-09T08:00:00Z,2023-10-16T08:00:00Z,2023,3463,3484,2023-10-09T00:00:00Z,1.4073219642997667,0.07458932132974631,0.06400314585192536,-73.94519356241803,12.864362946176655,-86.80955650859468,5.525537445012752,-40.51213013438664,-181.10712557495484
LINK_USDT,2023-10-09T00:00:00Z,2023-10-09T08:00:00Z,2023-10-16T08:00:00Z,2023,3463,3484,2023-10-09T00:00:00Z,1.112903007972528,0.07458932132974631,0.11732701264491674,6.61638216223448,12.864362946176655,-6.247980783942175,-3.175365741731092,-54.13485582288426,-285.91602454243355
ETH_USDT,2023-10-16T00:00:00Z,2023-10-16T08:00:00Z,2023-10-23T08:00:00Z,2023,3484,3505,2023-10-16T00:00:00Z,0.8975005135484903,0.020618673423201096,-0.07073247660140432,617.0149423904037,958.3702137056749,-341.35527131527124,-9.727321731802007,14.537739374527643,63.215196624905126
SOL_USDT,2023-10-16T00:00:00Z,2023-10-16T08:00:00Z,2023-10-23T08:00:00Z,2023,3484,3505,2023-10-16T00:00:00Z,1.322572003018168,0.020618673423201096,0.1088054961960881,3190.1840490797563,958.3702137056749,2231.8138353740815,-4.2728528712009,-54.324579451175644,-116.35484741167399
LINK_USDT,2023-10-16T00:00:00Z,2023-10-16T08:00:00Z,2023-10-23T08:00:00Z,2023,3484,3505,2023-10-16T00:00:00Z,1.0000216012671357,0.020618673423201096,0.13283576828784785,3816.450674424756,958.3702137056749,2858.080460719081,-22.919765331601674,-67.16054845440306,-146.61655870513457
ETH_USDT,2023-10-23T00:00:00Z,2023-10-23T08:00:00Z,2023-10-30T08:00:00Z,2023,3505,3526,2023-10-23T00:00:00Z,0.8728944545208408,0.12078169634994462,-0.062054884646107186,662.3551731955569,1204.3507409720555,-541.9955677764987,19.713273456757875,43.66730399548653,74.24502769049177
SOL_USDT,2023-10-23T00:00:00Z,2023-10-23T08:00:00Z,2023-10-30T08:00:00Z,2023,3505,3526,2023-10-23T00:00:00Z,1.4205416021248614,0.12078169634994462,0.23062479546826273,813.9534883720922,1204.3507409720555,-390.3972525999633,48.39524644525285,-59.29651588234503,-127.2641610406903
LINK_USDT,2023-10-23T00:00:00Z,2023-10-23T08:00:00Z,2023-10-30T08:00:00Z,2023,3505,3526,2023-10-23T00:00:00Z,0.9932688341160653,0.12078169634994462,0.26154607578881306,483.34609494639966,1204.3507409720555,-721.0046460256558,20.353632531487214,-78.74761409819892,-129.5759742948715
ETH_USDT,2023-10-30T00:00:00Z,2023-10-30T08:00:00Z,2023-11-06T08:00:00Z,2023,3526,3547,2023-10-30T00:00:00Z,0.7891908420418894,0.24932448818366043,-0.12297710279410796,510.2509008706546,208.01053768761736,302.2403631830373,-29.391816291335303,-7.933988661443578,1.1825431441856118
SOL_USDT,2023-10-30T00:00:00Z,2023-10-30T08:00:00Z,2023-11-06T08:00:00Z,2023,3526,3547,2023-10-30T00:00:00Z,1.2429078015488646,0.24932448818366043,0.17182020130986952,2267.281105990784,208.01053768761736,2059.270568303167,-3.083062606041039,-40.909817510466986,-206.1082446713676
LINK_USDT,2023-10-30T00:00:00Z,2023-10-30T08:00:00Z,2023-11-06T08:00:00Z,2023,3526,3547,2023-10-30T00:00:00Z,0.80201395441712,0.24932448818366043,0.1326015538605792,1365.8358440609875,208.01053768761736,1157.82530637337,-27.841881441004716,-49.58578630049331,-214.7261514018287
ETH_USDT,2023-11-06T00:00:00Z,2023-11-06T08:00:00Z,2023-11-13T08:00:00Z,2023,3547,3568,2023-11-06T00:00:00Z,0.7884438957543803,0.22594702713564074,-0.03842399351608283,903.9848803471151,588.9060276088732,315.07885273824195,-66.79090209284055,-56.961151389868476,12.806125920898761
SOL_USDT,2023-11-06T00:00:00Z,2023-11-06T08:00:00Z,2023-11-13T08:00:00Z,2023,3547,3568,2023-11-06T00:00:00Z,1.2823998728166919,0.22594702713564074,0.27430620675820405,4583.020285499624,588.9060276088732,3994.114257890751,-24.82235466367109,-93.31330531838809,-188.50634384282642
LINK_USDT,2023-11-06T00:00:00Z,2023-11-06T08:00:00Z,2023-11-13T08:00:00Z,2023,3547,3568,2023-11-06T00:00:00Z,0.7904710950373093,0.22594702713564074,0.2921024139856688,2280.504458189414,588.9060276088732,1691.598430580541,-66.21912835579279,-124.72964053226757,-161.2748277539227
ETH_USDT,2023-11-13T00:00:00Z,2023-11-13T08:00:00Z,2023-11-20T08:00:00Z,2023,3568,3589,2023-11-13T00:00:00Z,0.8460092967238166,0.3219370070678916,0.003232087863297317,-141.8353147962803,76.89065126130102,-218.72596605758133,-24.059329498604217,-24.85054304162709,-12.523909111179806
SOL_USDT,2023-11-13T00:00:00Z,2023-11-13T08:00:00Z,2023-11-20T08:00:00Z,2023,3568,3589,2023-11-13T00:00:00Z,1.3524019510734029,0.3219370070678916,0.5112078448881356,285.0764210887857,76.89065126130102,208.1857698274847,29.73579665197994,-52.437527182960444,-176.57066006458257
LINK_USDT,2023-11-13T00:00:00Z,2023-11-13T08:00:00Z,2023-11-20T08:00:00Z,2023,3568,3589,2023-11-13T00:00:00Z,0.7717431782956503,0.3219370070678916,0.5438686009483342,-53.63683935112551,76.89065126130102,-130.52749061242653,-35.56743992405431,-111.4840046939759,-208.27695042077383
ETH_USDT,2023-11-20T00:00:00Z,2023-11-20T08:00:00Z,2023-11-27T08:00:00Z,2023,3589,3610,2023-11-20T00:00:00Z,0.8284825431487777,0.2304927881660794,0.03547461819700909,131.0980139666196,10.398859213192058,120.69915475342754,28.54679231494179,30.679863200927713,25.362664809392328
SOL_USDT,2023-11-20T00:00:00Z,2023-11-20T08:00:00Z,2023-11-27T08:00:00Z,2023,3589,3610,2023-11-20T00:00:00Z,1.536124058983682,0.2304927881660794,0.4614989885650495,-661.2122224077477,10.398859213192058,-671.6110816209398,148.67689887231134,185.93741025779372,-106.90862478363053
LINK_USDT,2023-11-20T00:00:00Z,2023-11-20T08:00:00Z,2023-11-27T08:00:00Z,2023,3589,3610,2023-11-20T00:00:00Z,0.8529003454338384,0.2304927881660794,0.4811175355207969,-457.7140602393792,10.398859213192058,-468.11291945257125,55.41884421672629,87.99267204978763,-176.3054568000288
ETH_USDT,2023-11-27T00:00:00Z,2023-11-27T08:00:00Z,2023-12-04T08:00:00Z,2023,3610,3631,2023-11-27T00:00:00Z,0.8559123848907175,0.09975849432952216,0.062175651963991746,981.3401643551667,1115.2207964981553,-133.8806321429886,-22.693603451561142,-19.81833000921623,-34.750638388455414
SOL_USDT,2023-11-27T00:00:00Z,2023-11-27T08:00:00Z,2023-12-04T08:00:00Z,2023,3610,3631,2023-11-27T00:00:00Z,1.5790613033923897,0.09975849432952216,0.43821421501217644,1387.4485964598593,1115.2207964981553,272.227799961704,110.99088240061627,141.27411900029455,-124.08305415150892
LINK_USDT,2023-11-27T00:00:00Z,2023-11-27T08:00:00Z,2023-12-04T08:00:00Z,2023,3610,3631,2023-11-27T00:00:00Z,0.8989163961094033,0.09975849432952216,0.18807909949088641,1080.634045485871,1115.2207964981553,-34.58675101228437,19.113011740855825,29.24933459400026,-185.91245878851404
ETH_USDT,2023-12-04T00:00:00Z,2023-12-04T08:00:00Z,2023-12-11T08:00:00Z,2023,3631,3652,2023-12-04T00:00:00Z,0.8846709829931907,0.14096256997570927,0.05474642825536173,-39.887637948458064,166.84402682361156,-206.73166477206962,-9.831144117648563,-10.008403423681127,-36.60507740317334
SOL_USDT,2023-12-04T00:00:00Z,2023-12-04T08:00:00Z,2023-12-11T08:00:00Z,2023,3631,3652,2023-12-04T00:00:00Z,1.6570316736141684,0.14096256997570927,0.23420372513719134,755.2205997801864,166.84402682361156,588.3765729565748,131.22255040595218,129.88238960863714,-112.62381040268677
LINK_USDT,2023-12-04T00:00:00Z,2023-12-04T08:00:00Z,2023-12-11T08:00:00Z,2023,3631,3652,2023-12-04T00:00:00Z,0.9984924765523734,0.14096256997570927,0.17436635610778314,-756.3129742505281,166.84402682361156,-923.1570010741397,53.62504168811918,52.927569010568355,-33.60535973050011
ETH_USDT,2023-12-11T00:00:00Z,2023-12-11T08:00:00Z,2023-12-18T08:00:00Z,2023,3652,3673,2023-12-11T00:00:00Z,0.8000312022989217,0.16035726555447957,-0.004130121993069377,-304.6461215276997,-238.8914786013263,-65.75464292637338,-41.029842154844346,-40.41071941035847,-59.41455177417481
SOL_USDT,2023-12-11T00:00:00Z,2023-12-11T08:00:00Z,2023-12-18T08:00:00Z,2023,3652,3673,2023-12-11T00:00:00Z,1.4053657596418971,0.16035726555447957,0.05314769574099748,64.23357664233632,-238.8914786013263,303.1250552436626,73.87612388659981,71.86782107859668,-56.51984633769544
LINK_USDT,2023-12-11T00:00:00Z,2023-12-11T08:00:00Z,2023-12-18T08:00:00Z,2023,3652,3673,2023-12-11T00:00:00Z,0.8953426438091789,0.16035726555447957,-0.08869589458596623,-660.7455255012784,-238.8914786013263,-421.8540468999521,40.733750558285294,43.32349137796983,-30.62835455087628
ETH_USDT,2023-12-18T00:00:00Z,2023-12-18T08:00:00Z,2023-12-25T08:00:00Z,2023,3673,3694,2023-12-18T00:00:00Z,0.8190015718169333,0.12223987847708427,0.0133968840775993,513.3713505963055,506.28300678816186,7.088343808143691,-46.93639090535936,-46.81814485606654,-39.0175893725944
SOL_USDT,2023-12-18T00:00:00Z,2023-12-18T08:00:00Z,2023-12-25T08:00:00Z,2023,3673,3694,2023-12-18T00:00:00Z,1.3993471432609539,0.12223987847708427,0.02059350828254594,6382.361473745286,506.28300678816186,5876.078466957124,71.4273266257913,70.56285810846803,29.659361123413788
LINK_USDT,2023-12-18T00:00:00Z,2023-12-18T08:00:00Z,2023-12-25T08:00:00Z,2023,3673,3694,2023-12-18T00:00:00Z,1.001626357780372,0.12223987847708427,-0.09999502164714381,1090.057636887607,506.28300678816186,583.7746300994452,41.27882366310088,43.190217825315486,84.09814918981243
ETH_USDT,2023-12-25T00:00:00Z,2023-12-25T08:00:00Z,2024-01-01T08:00:00Z,2023,3694,3715,2023-12-25T00:00:00Z,0.8049203316090394,0.13098244509659,-0.02104684658254831,18.10966652781021,-165.63773269626324,183.74739922407346,-52.91375618715805,-53.21651020369956,-51.72145039003892
SOL_USDT,2023-12-25T00:00:00Z,2023-12-25T08:00:00Z,2024-01-01T08:00:00Z,2023,3694,3715,2023-12-25T00:00:00Z,1.376820110574599,0.13098244509659,0.5015773076412526,-925.2700548964054,-165.63773269626324,-759.6323222001422,62.00927533475116,65.92524279734813,37.41551266295809
LINK_USDT,2023-12-25T00:00:00Z,2023-12-25T08:00:00Z,2024-01-01T08:00:00Z,2023,3694,3715,2023-12-25T00:00:00Z,0.9951759608178611,0.13098244509659,-0.07789100074845928,-113.03839407522997,-165.63773269626324,52.59933862103327,36.90168818840932,36.14947614241713,85.60694417081616
ETH_USDT,2024-01-01T00:00:00Z,2024-01-01T08:00:00Z,2024-01-08T08:00:00Z,2024,3715,3736,2024-01-01T00:00:00Z,0.8007269085786158,0.08901101261074928,0.01787915020004513,-265.28879317891165,348.78893808454546,-614.077731263457,-49.38698793669636,-49.3974920653351,-37.81694670975714
SOL_USDT,2024-01-01T00:00:00Z,2024-01-01T08:00:00Z,2024-01-08T08:00:00Z,2024,3715,3736,2024-01-01T00:00:00Z,1.3524994503881482,0.08901101261074928,0.4116674041077679,-1249.8780368816454,348.78893808454546,-1598.6669749661908,107.74668927660998,138.00312652371443,-59.93309269675061
LINK_USDT,2024-01-01T00:00:00Z,2024-01-01T08:00:00Z,2024-01-08T08:00:00Z,2024,3715,3736,2024-01-01T00:00:00Z,1.070469424649771,0.08901101261074928,-0.09842433651941543,-1135.4228267297462,348.78893808454546,-1484.2117648142917,49.5993895520797,41.73917506871854,77.64167460302977
ETH_USDT,2024-01-08T00:00:00Z,2024-01-08T08:00:00Z,2024-01-15T08:00:00Z,2024,3736,3757,2024-01-08T00:00:00Z,0.8131596821164062,-0.005493089238783306,-0.05550570927795533,1300.4087101575035,-286.47706457485157,1586.885774732355,-87.44214122756449,-88.70990074500278,-88.06701872081737
SOL_USDT,2024-01-08T00:00:00Z,2024-01-08T08:00:00Z,2024-01-15T08:00:00Z,2024,3736,3757,2024-01-08T00:00:00Z,1.3900369461370725,-0.005493089238783306,0.18451581303158454,657.894736842104,-286.47706457485157,944.3718014169556,70.22441079176087,74.17005642988553,-73.11154927453931
LINK_USDT,2024-01-08T00:00:00Z,2024-01-08T08:00:00Z,2024-01-15T08:00:00Z,2024,3736,3757,2024-01-08T00:00:00Z,1.0605384077732023,-0.005493089238783306,-0.24646838532345547,1448.3729894003416,-286.47706457485157,1734.850053975193,2.437265621013193,-2.3345523879514225,39.08922601133061
ETH_USDT,2024-01-15T00:00:00Z,2024-01-15T08:00:00Z,2024-01-22T08:00:00Z,2024,3757,3778,2024-01-15T00:00:00Z,0.7902227414384196,-0.004970571104039836,0.11157488200037624,-368.00369237135254,-391.21821533436463,23.214522963012087,-97.8068437058668,-104.08216572048748,-69.97443341167893
SOL_USDT,2024-01-15T00:00:00Z,2024-01-15T08:00:00Z,2024-01-22T08:00:00Z,2024,3757,3778,2024-01-15T00:00:00Z,1.3296485071192499,-0.004970571104039836,0.2641560892023748,-665.4111738857505,-391.21821533436463,-274.19295855138586,41.409808474155746,22.52567981462033,-38.00522919569539
LINK_USDT,2024-01-15T00:00:00Z,2024-01-15T08:00:00Z,2024-01-22T08:00:00Z,2024,3757,3778,2024-01-15T00:00:00Z,1.0545938913228652,-0.004970571104039836,0.03789395984681292,150.21042408546404,-391.21821533436463,541.4286394198286,-54.73875100810946,-56.3315171339533,45.05079164174354
ETH_USDT,2024-01-22T00:00:00Z,2024-01-22T08:00:00Z,2024-01-29T08:00:00Z,2024,3778,3799,2024-01-22T00:00:00Z,0.8341786086743308,-0.05585853098006344,0.10203526500570739,-666.7630535360225,246.0182683335077,-912.7813218695303,-87.85387177907546,-91.6264865247344,-121.7100662884247
SOL_USDT,2024-01-22T00:00:00Z,2024-01-22T08:00:00Z,2024-01-29T08:00:00Z,2024,3778,3799,2024-01-22T00:00:00Z,1.3949200806599953,-0.05585853098006344,0.005819665760512682,840.618695359785,246.0182683335077,594.6004270262772,47.82250544921219,46.525003202373085,-52.92561709298258
LINK_USDT,2024-01-22T00:00:00Z,2024-01-22T08:00:00Z,2024-01-29T08:00:00Z,2024,3778,3799,2024-01-22T00:00:00Z,1.200414903184384,-0.05585853098006344,0.0616768818882141,-692.0967021751601,246.0182683335077,-938.1149705086677,-10.312106574423662,-13.293367807974981,-23.647964805460855
ETH_USDT,2024-01-29T00:00:00Z,2024-01-29T08:00:00Z,2024-02-05T08:00:00Z,2024,3799,3820,2024-01-29T00:00:00Z,0.8467922344942892,-0.0008535279771507831,-0.01784628522749991,224.79518808173893,242.17275871539766,-17.377570633658735,-42.71159666959102,-43.018418228306274,-68.81511996000515
SOL_USDT,2024-01-29T00:00:00Z,2024-01-29T08:00:00Z,2024-02-05T08:00:00Z,2024,3799,3820,2024-01-29T00:00:00Z,1.4402021764275976,-0.0008535279771507831,-0.09967249374504776,92.01819685690671,242.17275871539766,-150.15456185849095,101.02832505723512,100.30528248977211,91.20818801724806
LINK_USDT,2024-01-29T00:00:00Z,2024-01-29T08:00:00Z,2024-02-05T08:00:00Z,2024,3799,3820,2024-01-29T00:00:00Z,1.1939701544390526,-0.0008535279771507831,-0.06962987105123424,2823.4649122807023,242.17275871539766,2581.2921535653045,34.86230159407212,34.30553099267212,14.536403674185888
ETH_USDT,2024-02-05T00:00:00Z,2024-02-05T08:00:00Z,2024-02-12T08:00:00Z,2024,3820,3841,2024-02-05T00:00:00Z,0.8475068001817708,-0.0360298675723922,0.03975342599755356,829.02630963821,1191.522448410065,-362.49613877185493,-66.51968747699233,-66.97707578046945,-56.064284076619536
SOL_USDT,2024-02-05T00:00:00Z,2024-02-05T08:00:00Z,2024-02-12T08:00:00Z,2024,3820,3841,2024-02-05T00:00:00Z,1.4266551542050923,-0.0360298675723922,0.005853720323532444,851.3471980329879,1191.522448410065,-340.1752503770771,89.52702301775136,89.01910694610217,114.16140592051687
LINK_USDT,2024-02-05T00:00:00Z,2024-02-05T08:00:00Z,2024-02-12T08:00:00Z,2024,3820,3841,2024-02-05T00:00:00Z,1.1964283355343213,-0.0360298675723922,0.2964066950844857,809.1064557503214,1191.522448410065,-382.41599265974355,5.474768004584298,-0.2985950153552537,23.826771641841894
ETH_USDT,2024-02-12T00:00:00Z,2024-02-12T08:00:00Z,2024-02-19T08:00:00Z,2024,3841,3862,2024-02-12T00:00:00Z,0.8081065494583629,0.12129683713423015,-0.10411651779634974,1697.5656553543606,869.2352789126545,828.3303764417061,-14.54198032833294,-20.258352787909303,-19.446457848195614
SOL_USDT,2024-02-12T00:00:00Z,2024-02-12T08:00:00Z,2024-02-19T08:00:00Z,2024,3841,3862,2024-02-12T00:00:00Z,1.326960320424272,0.12129683713423015,-0.006929479521897958,690.1435045317216,869.2352789126545,-179.09177438093286,121.86666485615217,121.69613616995056,117.95765463210778
LINK_USDT,2024-02-12T00:00:00Z,2024-02-12T08:00:00Z,2024-02-19T08:00:00Z,2024,3841,3862,2024-02-12T00:00:00Z,1.1418376224568223,0.12129683713423015,0.21471917242537333,-7.416196974191491,869.2352789126545,-876.651475886846,96.94567615125379,106.71788828524987,20.95157342000512
ETH_USDT,2024-02-19T00:00:00Z,2024-02-19T08:00:00Z,2024-02-26T08:00:00Z,2024,3862,3883,2024-02-19T00:00:00Z,0.8340016000222863,0.22436956829035481,-0.04200330584260145,549.5185177591421,-210.09641554650128,759.6149333056434,49.3809564370423,54.56375637649253,85.70657468743539
SOL_USDT,2024-02-19T00:00:00Z,2024-02-19T08:00:00Z,2024-02-26T08:00:00Z,2024,3862,3883,2024-02-19T00:00:00Z,1.249587558999188,0.22436956829035481,-0.0989740212313652,-876.9760664134951,-210.09641554650128,-666.8796508669939,173.1671719977827,181.57266293070268,175.70791999884156
LINK_USDT,2024-02-19T00:00:00Z,2024-02-19T08:00:00Z,2024-02-26T08:00:00Z,2024,3862,3883,2024-02-19T00:00:00Z,1.0573612421818033,0.22436956829035481,-0.015511703130504845,-866.8546830933643,-210.09641554650128,-656.7582675468631,141.91375903809598,144.03925496598276,77.25271529698631
ETH_USDT,2024-02-26T00:00:00Z,2024-02-26T08:00:00Z,2024-03-04T08:00:00Z,2024,3883,3904,2024-02-26T00:00:00Z,0.8009377553994332,0.2125570313425784,0.1464529430210771,1267.8843867724377,2490.260903674284,-1222.3765169018461,42.039649530563835,35.115031127297335,61.61085470302545
SOL_USDT,2024-02-26T00:00:00Z,2024-02-26T08:00:00Z,2024-03-04T08:00:00Z,2024,3883,3904,2024-02-26T00:00:00Z,1.1731898298532304,0.2125570313425784,-0.13491546512360092,2546.9506292352385,2490.260903674284,56.689725560954685,140.76893386902788,150.00393699991588,174.6507835513803
LINK_USDT,2024-02-26T00:00:00Z,2024-02-26T08:00:00Z,2024-03-04T08:00:00Z,2024,3883,3904,2024-02-26T00:00:00Z,1.0245749748090147,0.2125570313425784,0.059592635586403375,1034.1838669483705,2490.260903674284,-1456.0770367259133,115.68576295882146,113.46541159284475,123.19662699940646
ETH_USDT,2024-03-04T00:00:00Z,2024-03-04T08:00:00Z,2024-03-11T08:00:00Z,2024,3904,3925,2024-03-04T00:00:00Z,0.7370602816418227,0.3791016444046598,0.13301275198045542,1502.8703993836623,1085.334297329874,417.5361020537882,112.36616677372619,103.63381053570711,65.7605708953424
SOL_USDT,2024-03-04T00:00:00Z,2024-03-04T08:00:00Z,2024-03-11T08:00:00Z,2024,3904,3925,2024-03-04T00:00:00Z,1.1190979474335727,0.3791016444046598,-0.16644083995498332,1407.2988195355274,1085.334297329874,321.96452220565334,202.36499552930817,220.6717076857524,268.51987015225626
LINK_USDT,2024-03-04T00:00:00Z,2024-03-04T08:00:00Z,2024-03-11T08:00:00Z,2024,3904,3925,2024-03-04T00:00:00Z,0.8467357436278562,0.3791016444046598,-0.18100287659619926,473.29143754909705,1085.334297329874,-612.042859780777,152.3774607969849,173.27937331869853,144.10493214532403
ETH_USDT,2024-03-11T00:00:00Z,2024-03-11T08:00:00Z,2024-03-18T08:00:00Z,2024,3925,3946,2024-03-11T00:00:00Z,0.7100819281708851,0.3804983669776036,0.17435550269530148,-936.5472084770332,-394.48189164768996,-542.0653168293433,62.52287782742243,45.64252866344313,18.91136322132775
SOL_USDT,2024-03-11T00:00:00Z,2024-03-11T08:00:00Z,2024-03-18T08:00:00Z,2024,3925,3946,2024-03-11T00:00:00Z,1.0834318048036564,0.3804983669776036,-0.1119939899968469,3745.688197497463,-394.48189164768996,4140.170089145153,164.35862526335652,183.14418961219377,249.58055848295055
LINK_USDT,2024-03-11T00:00:00Z,2024-03-11T08:00:00Z,2024-03-18T08:00:00Z,2024,3925,3946,2024-03-11T00:00:00Z,0.7526372483990647,0.3804983669776036,-0.1261348615820642,-873.8046127882992,-394.48189164768996,-479.32272114060925,86.66520449479287,110.20398005414236,187.09453884684967
ETH_USDT,2024-03-18T00:00:00Z,2024-03-18T08:00:00Z,2024-03-25T08:00:00Z,2024,3946,3967,2024-03-18T00:00:00Z,0.7446080934655425,0.2716498928150121,0.060742024693968055,-502.0059834833801,-204.8113719499056,-297.1946115334745,27.53034351475067,24.000100593139006,-36.22872838206951
SOL_USDT,2024-03-18T00:00:00Z,2024-03-18T08:00:00Z,2024-03-25T08:00:00Z,2024,3946,3967,2024-03-18T00:00:00Z,0.9722844311135956,0.2716498928150121,0.3399775515407855,-859.6171825025833,-204.8113719499056,-654.8058105526777,97.54783774261563,61.91082016318741,165.0520512544695
LINK_USDT,2024-03-18T00:00:00Z,2024-03-18T08:00:00Z,2024-03-25T08:00:00Z,2024,3946,3967,2024-03-18T00:00:00Z,0.7327414956400551,0.2716498928150121,-0.2453718976265306,-437.6412574481203,-204.8113719499056,-232.8298854982147,29.013004749173973,64.53014865247914,108.05481797568055
ETH_USDT,2024-03-25T00:00:00Z,2024-03-25T08:00:00Z,2024-04-01T08:00:00Z,2024,3967,3988,2024-03-25T00:00:00Z,0.8359309720686444,0.2810255568527495,-0.06745174390436823,296.95841885391206,415.10035963142843,-118.14194077751637,86.13374850808299,99.7452563958684,63.71525636603481
SOL_USDT,2024-03-25T00:00:00Z,2024-03-25T08:00:00Z,2024-04-01T08:00:00Z,2024,3967,3988,2024-03-25T00:00:00Z,1.085624988232019,0.2810255568527495,0.30502531843235664,656.7614125753662,415.10035963142843,241.66105294393776,212.01683914404782,167.7202490142143,59.88184207560988
LINK_USDT,2024-03-25T00:00:00Z,2024-03-25T08:00:00Z,2024-04-01T08:00:00Z,2024,3967,3988,2024-03-25T00:00:00Z,0.7540958040550731,0.2810255568527495,-0.17993107221328933,13.429308122043793,415.10035963142843,-401.67105150938465,75.55956593549861,111.22665953535619,214.1589404048248
ETH_USDT,2024-04-01T00:00:00Z,2024-04-01T08:00:00Z,2024-04-08T08:00:00Z,2024,3988,4009,2024-04-01T00:00:00Z,0.8390566576425591,0.13324457713840362,-0.051923587715343604,-205.81468783832602,158.58911581790204,-364.4038036562281,-5.774679268161741,6.7066937075928195,33.71417448259291
SOL_USDT,2024-04-01T00:00:00Z,2024-04-01T08:00:00Z,2024-04-08T08:00:00Z,2024,3988,4009,2024-04-01T00:00:00Z,1.0634164388007987,0.13324457713840362,0.3056582743137838,-899.6767023641139,158.58911581790204,-1058.265818182016,99.66113466692264,53.360971957617,-27.942545152055757
LINK_USDT,2024-04-01T00:00:00Z,2024-04-01T08:00:00Z,2024-04-08T08:00:00Z,2024,3988,4009,2024-04-01T00:00:00Z,0.7226898321022523,0.13324457713840362,-0.14117480836334304,-362.6414891904928,158.58911581790204,-521.2306050083948,-27.06804168343617,5.5953070453150175,78.73664040192696
ETH_USDT,2024-04-08T00:00:00Z,2024-04-08T08:00:00Z,2024-04-15T08:00:00Z,2024,4009,4030,2024-04-08T00:00:00Z,0.8381151573901228,0.017983592289382816,-0.13218219762718628,-667.3805658226539,-627.2822221191243,-40.09834370352962,-75.05351569389265,-55.86228121540925,-43.98801206912035
SOL_USDT,2024-04-08T00:00:00Z,2024-04-08T08:00:00Z,2024-04-15T08:00:00Z,2024,4009,4030,2024-04-08T00:00:00Z,1.013045824878099,0.017983592289382816,0.19678400245593208,-1466.0005550929777,-627.2822221191243,-838.7183329738534,-2.678970412862963,-21.65008460419959,-111.72700104723845
LINK_USDT,2024-04-08T00:00:00Z,2024-04-08T08:00:00Z,2024-04-15T08:00:00Z,2024,4009,4030,2024-04-08T00:00:00Z,0.6660009575239484,0.017983592289382816,-0.1070182564857027,-1976.0645699972167,-627.2822221191243,-1348.7823478780924,-116.67586244263035,-96.22052797182064,-33.77563591508884
ETH_USDT,2024-04-15T00:00:00Z,2024-04-15T08:00:00Z,2024-04-22T08:00:00Z,2024,4030,4051,2024-04-15T00:00:00Z,0.9353254751036691,-0.05680665946467245,-0.11751492511810117,-118.59816658646993,-42.83331602877305,-75.76485055769689,-85.5925608146884,-71.79243442264954,-21.58591238241084
SOL_USDT,2024-04-15T00:00:00Z,2024-04-15T08:00:00Z,2024-04-22T08:00:00Z,2024,4030,4051,2024-04-15T00:00:00Z,1.1049022886057998,-0.05680665946467245,-0.1329640765892655,-7.1549369064660695,-42.83331602877305,35.67837912230698,-16.053858864291428,1.955379951018056,-86.66729348260003
LINK_USDT,2024-04-15T00:00:00Z,2024-04-15T08:00:00Z,2024-04-22T08:00:00Z,2024,4030,4051,2024-04-15T00:00:00Z,0.8002315743299868,-0.05680665946467245,-0.2855675824008435,819.9791883454743,-42.83331602877305,862.8125043742474,-115.59922361465655,-80.51627350722804,-48.80626205415019
ETH_USDT,2024-04-22T00:00:00Z,2024-04-22T08:00:00Z,2024-04-29T08:00:00Z,2024,4051,4072,2024-04-22T00:00:00Z,0.9171200811748473,0.017780950784931727,-0.07452216548982979,-45.573871812560895,-542.5931278276541,497.0192560150932,-61.26231752658285,-54.31364490451072,-7.643652216762444
SOL_USDT,2024-04-22T00:00:00Z,2024-04-22T08:00:00Z,2024-04-29T08:00:00Z,2024,4051,4072,2024-04-22T00:00:00Z,1.1093768118969793,0.017780950784931727,-0.1831079065942893,-1215.9083512334835,-542.5931278276541,-673.3152234058293,3.4600426252144523,21.408028741321274,72.48130896571081
LINK_USDT,2024-04-22T00:00:00Z,2024-04-22T08:00:00Z,2024-04-29T08:00:00Z,2024,4051,4072,2024-04-22T00:00:00Z,0.7920501789697116,0.017780950784931727,-0.20961316655921955,-1106.6230685388211,-542.5931278276541,-564.029940711167,-104.19190069671191,-83.50526875587977,31.254906674575324
ETH_USDT,2024-04-29T00:00:00Z,2024-04-29T08:00:00Z,2024-05-06T08:00:00Z,2024,4072,4093,2024-04-29T00:00:00Z,0.9140770519359456,-0.10134200334416653,0.019877356995391587,-26.497417677696646,343.07222534366133,-369.569643021358,-109.76361398029489,-111.21730926333991,-72.82410374573375
SOL_USDT,2024-04-29T00:00:00Z,2024-04-29T08:00:00Z,2024-05-06T08:00:00Z,2024,4072,4093,2024-04-29T00:00:00Z,1.1135653980827167,-0.10134200334416653,-0.21751528694491512,1021.8599481289381,343.07222534366133,678.7877227852767,-40.06508589901297,-11.53042226098157,52.696378407972645
LINK_USDT,2024-04-29T00:00:00Z,2024-04-29T08:00:00Z,2024-05-06T08:00:00Z,2024,4072,4093,2024-04-29T00:00:00Z,0.7971530527723949,-0.10134200334416653,-0.23659498615909863,627.2078437026885,343.07222534366133,284.13561835902715,-136.27860959265047,-104.72510883829868,-29.78326869794137
ETH_USDT,2024-05-06T00:00:00Z,2024-05-06T08:00:00Z,2024-05-13T08:00:00Z,2024,4093,4114,2024-05-06T00:00:00Z,0.9004236197483482,-0.05779571271802533,-0.004197524199864473,-712.3004269715216,-341.85998768220037,-370.4404392893212,-89.52448115383007,-88.63847837070054,-93.62276919803323
SOL_USDT,2024-05-06T00:00:00Z,2024-05-06T08:00:00Z,2024-05-13T08:00:00Z,2024,4093,4114,2024-05-06T00:00:00Z,1.057547468274008,-0.05779571271802533,-0.11830217412175764,-348.2587064676623,-341.85998768220037,-6.398718785461938,-37.66811471279867,-24.81097634791285,61.22324230241225
LINK_USDT,2024-05-06T00:00:00Z,2024-05-06T08:00:00Z,2024-05-13T08:00:00Z,2024,4093,4114,2024-05-06T00:00:00Z,0.7913552347312695,-0.05779571271802533,-0.14120131817942316,-850.688555728919,-341.85998768220037,-508.82856804671866,-112.75272356526963,-97.52926300869879,-5.931119641351266
ETH_USDT,2024-05-13T00:00:00Z,2024-05-13T08:00:00Z,2024-05-20T08:00:00Z,2024,4114,4135,2024-05-13T00:00:00Z,0.9014974734514969,-0.08765339765866789,-0.021000415796125577,466.25073206070454,720.4357275826667,-254.18499552196215,-99.97450221369738,-96.64580073429406,-95.69863557487099
SOL_USDT,2024-05-13T00:00:00Z,2024-05-13T08:00:00Z,2024-05-20T08:00:00Z,2024,4114,4135,2024-05-13T00:00:00Z,1.0653442478538298,-0.08765339765866789,0.02774502769753416,2400.3900808024528,720.4357275826667,1679.954353219786,-28.071900268047536,-28.677046283808217,30.859368736331085
LINK_USDT,2024-05-13T00:00:00Z,2024-05-13T08:00:00Z,2024-05-20T08:00:00Z,2024,4114,4135,2024-05-13T00:00:00Z,0.8013638965966212,-0.08765339765866789,-0.041103691378499105,2381.552606213391,720.4357275826667,1661.1168786307242,-110.81847127149811,-102.41165702298642,-41.35367788353967
ETH_USDT,2024-05-20T00:00:00Z,2024-05-20T08:00:00Z,2024-05-27T08:00:00Z,2024,4135,4156,2024-05-20T00:00:00Z,0.895845258147669,0.037762375388059495,-0.02902151982184916,2659.65223241432,272.0846866785953,2387.5675457357247,-52.479395531037355,-47.250260616150385,-40.64076292905083
SOL_USDT,2024-05-20T00:00:00Z,2024-05-20T08:00:00Z,2024-05-27T08:00:00Z,2024,4135,4156,2024-05-20T00:00:00Z,1.0978394744162618,0.037762375388059495,0.13458756148857204,-701.6065610605559,272.0846866785953,-973.6912477391512,44.40125398571032,26.07228038002507,40.34902572546565
LINK_USDT,2024-05-20T00:00:00Z,2024-05-20T08:00:00Z,2024-05-27T08:00:00Z,2024,4135,4156,2024-05-20T00:00:00Z,0.7943834214091681,0.037762375388059495,0.14179961519699055,232.94808072339634,272.0846866785953,-39.136605955198945,-56.330235825761065,-74.6015674356105,-25.84332016946285
ETH_USDT,2024-05-27T00:00:00Z,2024-05-27T08:00:00Z,2024-06-03T08:00:00Z,2024,4156,4177,2024-05-27T00:00:00Z,0.9606162303278659,0.07166269266212014,0.13165410770673244,-245.78373586168766,38.36350668149136,-284.147242543179,-27.56001494051757,-50.95591868424083,-13.709628513939784
SOL_USDT,2024-05-27T00:00:00Z,2024-05-27T08:00:00Z,2024-06-03T08:00:00Z,2024,4156,4177,2024-05-27T00:00:00Z,1.0981299997097924,0.07166269266212014,0.08144018547024176,-10.874161783362979,38.36350668149136,-49.23766846485434,87.4200527642088,76.14322258801306,26.631780729334523
LINK_USDT,2024-05-27T00:00:00Z,2024-05-27T08:00:00Z,2024-06-03T08:00:00Z,2024,4156,4177,2024-05-27T00:00:00Z,0.789170268783789,0.07166269266212014,0.1056680626432378,612.7106741573041,38.36350668149136,574.3471674758127,-20.241815109628398,-34.38995328486149,-80.67016076606214
ETH_USDT,2024-06-03T00:00:00Z,2024-06-03T08:00:00Z,2024-06-10T08:00:00Z,2024,4177,4198,2024-06-03T00:00:00Z,1.0485362110414658,0.07479502100049763,0.11929574072810291,-445.30765019736407,57.65767334671379,-502.9653235440779,18.500259536720158,-14.6854910724076,-61.80763196763719
SOL_USDT,2024-06-03T00:00:00Z,2024-06-03T08:00:00Z,2024-06-10T08:00:00Z,2024,4177,4198,2024-06-03T00:00:00Z,1.2186971994409614,0.07479502100049763,0.03585933917277999,-467.49319625037697,57.65767334671379,-525.1508695970907,113.08536360301186,106.2857510214314,70.2685636957761
LINK_USDT,2024-06-03T00:00:00Z,2024-06-03T08:00:00Z,2024-06-10T08:00:00Z,2024,4177,4198,2024-06-03T00:00:00Z,0.9310144037705582,0.07479502100049763,0.1829713492968674,-1278.1913427074721,57.65767334671379,-1335.849016054186,10.985810302743118,-32.03537198735317,-42.25754446242769
ETH_USDT,2024-06-10T00:00:00Z,2024-06-10T08:00:00Z,2024-06-17T08:00:00Z,2024,4198,4219,2024-06-10T00:00:00Z,1.0790039590372278,0.13586637041746943,0.09531105878845395,-260.75991008279067,-451.92196698603306,191.1620569032424,29.2028409489686,-3.6748646998561583,-50.44199814442722
SOL_USDT,2024-06-10T00:00:00Z,2024-06-10T08:00:00Z,2024-06-17T08:00:00Z,2024,4198,4219,2024-06-10T00:00:00Z,1.255481427047659,0.13586637041746943,-0.06591601537287513,-698.515416825275,-451.92196698603306,-246.59344983924194,137.9742648268662,158.65399346174053,117.94496949884726
LINK_USDT,2024-06-10T00:00:00Z,2024-06-10T08:00:00Z,2024-06-17T08:00:00Z,2024,4198,4219,2024-06-10T00:00:00Z,0.9440080735595053,0.13586637041746943,0.059894383767446796,-656.2559271669721,-451.92196698603306,-204.33396018093907,19.556744300909955,4.9725928233328744,-82.1614991837989
ETH_USDT,2024-06-17T00:00:00Z,2024-06-17T08:00:00Z,2024-06-24T08:00:00Z,2024,4219,4240,2024-06-17T00:00:00Z,1.097346231670105,-0.005192648035708454,0.16456828432110274,-516.4551831293562,-561.5668258477901,45.11164271843393,31.239822656707247,-45.57120696191289,-41.63359219138957
SOL_USDT,2024-06-17T00:00:00Z,2024-06-17T08:00:00Z,2024-06-24T08:00:00Z,2024,4219,4240,2024-06-17T00:00:00Z,1.3554001094947525,-0.005192648035708454,-0.10619614534261909,-1459.6548666530261,-561.5668258477901,-898.088040805236,156.53531485258355,210.44897242721413,207.65398467945926
LINK_USDT,2024-06-17T00:00:00Z,2024-06-17T08:00:00Z,2024-06-24T08:00:00Z,2024,4219,4240,2024-06-17T00:00:00Z,0.9705695590666976,-0.005192648035708454,-0.06427875390150577,-1182.7593206576892,-561.5668258477901,-621.192494809899,7.860797420969632,47.33082603318706,-22.017295187210337
ETH_USDT,2024-06-24T00:00:00Z,2024-06-24T08:00:00Z,2024-07-01T08:00:00Z,2024,4240,4261,2024-06-24T00:00:00Z,1.089788481116906,-0.08110058544238144,0.0023420800802302494,360.2932446871665,131.58703727424114,228.70620741292538,12.937883339282699,15.413395008175343,-73.93350859225926
SOL_USDT,2024-06-24T00:00:00Z,2024-06-24T08:00:00Z,2024-07-01T08:00:00Z,2024,4240,4261,2024-06-24T00:00:00Z,1.3387775515168363,-0.08110058544238144,-0.15619461411845625,1844.1019087932298,131.58703727424114,1712.5148715189887,113.91889372655822,177.0569059300264,180.89192669116187
LINK_USDT,2024-06-24T00:00:00Z,2024-06-24T08:00:00Z,2024-07-01T08:00:00Z,2024,4240,4261,2024-06-24T00:00:00Z,1.0234632199851559,-0.08110058544238144,-0.1850464963571486,1039.828102217788,131.58703727424114,908.2410649435469,-17.624731216999614,56.54729161808281,29.145580393314074
ETH_USDT,2024-07-01T00:00:00Z,2024-07-01T08:00:00Z,2024-07-08T08:00:00Z,2024,4261,4282,2024-07-01T00:00:00Z,1.0342220600025391,-0.07321088953466029,-0.014375053011645766,-1614.5408082874246,-1173.5293113671385,-441.01149692028616,-20.09352141360951,-10.046947004997087,-14.441175341036086
SOL_USDT,2024-07-01T00:00:00Z,2024-07-01T08:00:00Z,2024-07-08T08:00:00Z,2024,4261,4282,2024-07-01T00:00:00Z,1.286154702465832,-0.07321088953466029,-0.02794059894902179,-1058.664868509779,-1173.5293113671385,114.86444285735956,58.236183078640366,75.76653417020177,140.57685351416927
LINK_USDT,2024-07-01T00:00:00Z,2024-07-01T08:00:00Z,2024-07-08T08:00:00Z,2024,4261,4282,2024-07-01T00:00:00Z,0.9916443072941517,-0.07321088953466029,-0.18158210055587126,-1244.265257889614,-1173.5293113671385,-70.73594652247561,-48.95129951414408,20.176576963643363,46.56447727522302
ETH_USDT,2024-07-08T00:00:00Z,2024-07-08T08:00:00Z,2024-07-15T08:00:00Z,2024,4282,4303,2024-07-08T00:00:00Z,1.0578174238300164,-0.2164375387277624,0.0018389351619322036,1465.4495015408165,1251.1852753706232,214.2642261701933,-15.212904205753418,-10.741474083460318,5.734577688060924
SOL_USDT,2024-07-08T00:00:00Z,2024-07-08T08:00:00Z,2024-07-15T08:00:00Z,2024,4282,4303,2024-07-08T00:00:00Z,1.4323739792106909,-0.2164375387277624,0.09941242090339986,1555.8069381598782,1251.1852753706232,304.62166278925497,103.51474003750258,69.89414956949517,129.98474193398934
LINK_USDT,2024-07-08T00:00:00Z,2024-07-08T08:00:00Z,2024-07-15T08:00:00Z,2024,4282,4303,2024-07-08T00:00:00Z,1.145049939982536,-0.2164375387277624,-0.030619008993996083,979.6760876468725,1251.1852753706232,-271.50918772375076,-17.658605445193047,-5.628011309711006,81.36938835481095
ETH_USDT,2024-07-15T00:00:00Z,2024-07-15T08:00:00Z,2024-07-22T08:00:00Z,2024,4303,4324,2024-07-15T00:00:00Z,0.9916687792912477,-0.08276562177407838,0.011666684834455071,366.3333293603022,699.5355833184269,-333.20225395812474,-14.659153160201313,-17.07960584634813,-9.161955872066734
SOL_USDT,2024-07-15T00:00:00Z,2024-07-15T08:00:00Z,2024-07-22T08:00:00Z,2024,4303,4324,2024-07-15T00:00:00Z,1.314002465399423,-0.08276562177407838,0.14047234519635532,1641.9761143379242,699.5355833184269,942.4405310194973,102.01316928697851,51.457153711281265,60.09716139843609
LINK_USDT,2024-07-15T00:00:00Z,2024-07-15T08:00:00Z,2024-07-22T08:00:00Z,2024,4303,4324,2024-07-15T00:00:00Z,0.9866868738984762,-0.08276562177407838,-0.010342071646678608,332.61026753434567,699.5355833184269,-366.92531578408125,-22.481885251655136,-20.669669708546095,-3.594920789514056
ETH_USDT,2024-07-22T00:00:00Z,2024-07-22T08:00:00Z,2024-07-29T08:00:00Z,2024,4324,4345,2024-07-22T00:00:00Z,0.9973720728494091,0.06081252821202044,-0.055713959657431096,-321.940843370031,340.88875886597145,-662.8296022360025,-10.104608803563707,17.91161744878112,-11.909245070094059
SOL_USDT,2024-07-22T00:00:00Z,2024-07-22T08:00:00Z,2024-07-29T08:00:00Z,2024,4324,4345,2024-07-22T00:00:00Z,1.3063032537150936,0.06081252821202044,0.23584824078904337,782.555075957172,340.88875886597145,441.66631709120054,113.1397767737997,10.70614040086856,37.63915911437266
LINK_USDT,2024-07-22T00:00:00Z,2024-07-22T08:00:00Z,2024-07-29T08:00:00Z,2024,4324,4345,2024-07-22T00:00:00Z,0.9862320773401513,0.06081252821202044,0.007591594003067893,-279.9160251924415,340.88875886597145,-620.8047840584129,-4.21231447367267,-8.56747602946249,0.7199434851023199
ETH_USDT,2024-07-29T00:00:00Z,2024-07-29T08:00:00Z,2024-08-05T08:00:00Z,2024,4345,4366,2024-07-29T00:00:00Z,1.0012143377750435,0.12172574992296747,-0.15495473993198777,-2997.891235260923,-2424.0316960028053,-573.8595392581178,0.9819375693575623,69.28058403815197,34.24736135558908
SOL_USDT,2024-07-29T00:00:00Z,2024-07-29T08:00:00Z,2024-08-05T08:00:00Z,2024,4345,4366,2024-07-29T00:00:00Z,1.3066521226017336,0.12172574992296747,0.11890524351326026,-3610.0857811281517,-2424.0316960028053,-1186.0540851253463,148.42193053985804,100.95991135818987,28.610736731288945
LINK_USDT,2024-07-29T00:00:00Z,2024-07-29T08:00:00Z,2024-08-05T08:00:00Z,2024,4345,4366,2024-07-29T00:00:00Z,0.9794213102251224,0.12172574992296747,-0.15452987542098445,-3484.521238300936,-2424.0316960028053,-1060.4895422981308,8.684208112481642,73.33820852606856,4.324560403459806
ETH_USDT,2024-08-05T00:00:00Z,2024-08-05T08:00:00Z,2024-08-12T08:00:00Z,2024,4366,4387,2024-08-05T00:00:00Z,1.0567822062300012,0.026697513894470507,-0.13159426925852988,889.6137499257705,1139.1573104100305,-249.54356048425996,-29.1952765564915,22.236808025578014,53.33244247347396
SOL_USDT,2024-08-05T00:00:00Z,2024-08-05T08:00:00Z,2024-08-12T08:00:00Z,2024,4366,4387,2024-08-05T00:00:00Z,1.4414655679271011,0.026697513894470507,-0.009066424910696015,1873.7287446098771,1139.1573104100305,734.5714341998466,140.72261436073717,140.00797373413064,70.2541548004044
LINK_USDT,2024-08-05T00:00:00Z,2024-08-05T08:00:00Z,2024-08-12T08:00:00Z,2024,4366,4387,2024-08-05T00:00:00Z,1.064977231113351,0.026697513894470507,-0.15199917466262466,1314.9171270718218,1139.1573104100305,175.75981666179132,-18.105404216051767,38.46356750219575,58.31353928337333
ETH_USDT,2024-08-12T00:00:00Z,2024-08-12T08:00:00Z,2024-08-19T08:00:00Z,2024,4387,4408,2024-08-12T00:00:00Z,1.115452338991134,0.014125073001763393,-0.21982675861230402,183.22965640544143,-29.387493263697273,212.6171496691387,-28.093816017225297,52.07757393158439,41.91145670007137
SOL_USDT,2024-08-12T00:00:00Z,2024-08-12T08:00:00Z,2024-08-19T08:00:00Z,2024,4387,4408,2024-08-12T00:00:00Z,1.3626353982412363,0.014125073001763393,-0.004230851861403439,-248.73235576264196,-29.387493263697273,-219.34486249894468,118.45037596066156,118.87421526842226,121.46626174100216
LINK_USDT,2024-08-12T00:00:00Z,2024-08-12T08:00:00Z,2024-08-19T08:00:00Z,2024,4387,4408,2024-08-12T00:00:00Z,1.178399903737658,0.014125073001763393,-0.2588065418155369,-136.71875,-29.387493263697273,-107.33125673630272,-20.794277103636798,70.49013764257586,53.75426953208881
ETH_USDT,2024-08-19T00:00:00Z,2024-08-19T08:00:00Z,2024-08-26T08:00:00Z,2024,4408,4429,2024-08-19T00:00:00Z,0.9963740573912648,-0.13182097075608717,-0.16225439915189005,454.4985101231314,876.0048128112818,-421.5063026881504,-88.92575603051867,-26.030125434468758,36.25287073288053
SOL_USDT,2024-08-19T00:00:00Z,2024-08-19T08:00:00Z,2024-08-26T08:00:00Z,2024,4408,4429,2024-08-19T00:00:00Z,1.2963904155978305,-0.13182097075608717,-0.0009957683689786612,1181.2240882580284,876.0048128112818,305.21927544674656,82.1855840821053,80.8306686720469,84.396912989227
LINK_USDT,2024-08-19T00:00:00Z,2024-08-19T08:00:00Z,2024-08-26T08:00:00Z,2024,4408,4429,2024-08-19T00:00:00Z,1.2540585429848339,-0.13182097075608717,-0.16761517057259614,2247.524752475247,876.0048128112818,1371.5199396639655,-43.76583468112385,9.24835673407349,87.92569040359268
ETH_USDT,2024-08-26T00:00:00Z,2024-08-26T08:00:00Z,2024-09-02T08:00:00Z,2024,4429,4450,2024-08-26T00:00:00Z,1.0139197839548115,-0.05583901202895348,-0.11938985120107834,-1068.335571304695,-955.4134321257591,-112.92213917893582,-65.50350460508011,-24.9651079697051,19.938958820668596
SOL_USDT,2024-08-26T00:00:00Z,2024-08-26T08:00:00Z,2024-09-02T08:00:00Z,2024,4429,4450,2024-08-26T00:00:00Z,1.2629826742419528,-0.05583901202895348,-0.07088933227087887,-1977.752639517345,-955.4134321257591,-1022.3392073915859,95.51511505105174,125.14065234032407,99.87933107737211
LINK_USDT,2024-08-26T00:00:00Z,2024-08-26T08:00:00Z,2024-09-02T08:00:00Z,2024,4429,4450,2024-08-26T00:00:00Z,1.234619426941188,-0.05583901202895348,-0.04276406054785263,-1608.7308003233613,-955.4134321257591,-653.3173681976023,-25.079567809951804,-24.30499266983219,49.52111937050326
ETH_USDT,2024-09-02T00:00:00Z,2024-09-02T08:00:00Z,2024-09-09T08:00:00Z,2024,4450,4471,2024-09-02T00:00:00Z,1.0430254146724807,-0.07067693604539811,-0.13529671604838234,-519.4704113651816,-447.27705567526255,-72.19335568991903,-62.44653918177034,-16.55899831750797,-3.163365558218487
SOL_USDT,2024-09-02T00:00:00Z,2024-09-02T08:00:00Z,2024-09-09T08:00:00Z,2024,4450,4471,2024-09-02T00:00:00Z,1.2718373767331101,-0.07067693604539811,-0.08311504910684407,129.2596944770863,-447.27705567526255,576.5367501523489,107.40841595618636,142.90594504421065,151.63173942594705
LINK_USDT,2024-09-02T00:00:00Z,2024-09-02T08:00:00Z,2024-09-09T08:00:00Z,2024,4450,4471,2024-09-02T00:00:00Z,1.253634634258268,-0.07067693604539811,-0.05153615899862124,231.2138728323676,-447.27705567526255,678.4909285076301,-7.108022551757934,-5.536151971168358,-6.696311607108903
ETH_USDT,2024-09-09T00:00:00Z,2024-09-09T08:00:00Z,2024-09-16T08:00:00Z,2024,4471,4492,2024-09-09T00:00:00Z,1.0665550222320281,-0.10324858954428912,-0.013187282102175055,-15.72809409202569,716.1729697360619,-731.9010638280876,-96.04854766989523,-103.35396054492142,-29.215361750756127
SOL_USDT,2024-09-09T00:00:00Z,2024-09-09T08:00:00Z,2024-09-16T08:00:00Z,2024,4471,4492,2024-09-09T00:00:00Z,1.268624872634615,-0.10324858954428912,-0.051977909985968046,151.58546017014496,716.1729697360619,-564.5875095659169,64.57132851186078,86.73203114285944,117.57190692311534
LINK_USDT,2024-09-09T00:00:00Z,2024-09-09T08:00:00Z,2024-09-16T08:00:00Z,2024,4471,4492,2024-09-09T00:00:00Z,1.2560093232257277,-0.10324858954428912,0.11243938464302752,94.16195856873921,716.1729697360619,-622.0110111673226,-55.71842450126759,-123.23709033414823,-54.07351906293462
ETH_USDT,2024-09-16T00:00:00Z,2024-09-16T08:00:00Z,2024-09-23T08:00:00Z,2024,4492,4513,2024-09-16T00:00:00Z,1.0536385318540877,0.004362474780542968,-0.1174231094920721,1453.159013108638,787.2421326371426,665.9168804714953,-57.75623249739509,-19.065314950858955,-63.745385150578386
SOL_USDT,2024-09-16T00:00:00Z,2024-09-16T08:00:00Z,2024-09-23T08:00:00Z,2024,4492,4513,2024-09-16T00:00:00Z,1.220984439155439,0.004362474780542968,-0.062070405858916156,1086.3934176443713,787.2421326371426,299.1512850072287,104.25740691873715,136.36680642661304,145.68251084595295
LINK_USDT,2024-09-16T00:00:00Z,2024-09-16T08:00:00Z,2024-09-23T08:00:00Z,2024,4492,4513,2024-09-16T00:00:00Z,1.2242969408505606,0.004362474780542968,0.060617003263441105,550.3731343283591,787.2421326371426,-236.8689983087835,-12.508710171791247,-56.193772753692386,-108.40301375951736
ETH_USDT,2024-09-23T00:00:00Z,2024-09-23T08:00:00Z,2024-09-30T08:00:00Z,2024,4513,4534,2024-09-23T00:00:00Z,1.0797155923566086,-0.007185336831945637,-0.060193786048396286,-32.72283456831171,159.43330506635655,-192.15613963466825,-57.55818864232935,-45.308856512630086,-4.980932980761068
SOL_USDT,2024-09-23T00:00:00Z,2024-09-23T08:00:00Z,2024-09-30T08:00:00Z,2024,4513,4534,2024-09-23T00:00:00Z,1.2525396568459026,-0.007185336831945637,-0.04895714912681017,779.2743265530522,159.43330506635655,619.8410214866957,89.44731334401877,114.12687625925962,132.52282381233775
LINK_USDT,2024-09-23T00:00:00Z,2024-09-23T08:00:00Z,2024-09-30T08:00:00Z,2024,4513,4534,2024-09-23T00:00:00Z,1.267373119284044,-0.007185336831945637,-0.07031399189540101,848.8063660477452,159.43330506635655,689.3730609813887,-22.039307505399144,-12.378648250182927,-87.04866768020455
ETH_USDT,2024-09-30T00:00:00Z,2024-09-30T08:00:00Z,2024-10-07T08:00:00Z,2024,4534,4555,2024-09-30T00:00:00Z,1.0856586908272414,0.10396957151078405,-0.06208150738499446,-596.2142838187734,-159.5380936869839,-436.67619013178955,-2.510590877969996,14.468003700818812,19.369024103882516
SOL_USDT,2024-09-30T00:00:00Z,2024-09-30T08:00:00Z,2024-10-07T08:00:00Z,2024,4534,4555,2024-09-30T00:00:00Z,1.2418572569190933,0.10396957151078405,0.009205609894197053,-563.5598622975901,-159.5380936869839,-404.0217686106063,132.99436510720864,137.5182727879711,173.86095654611992
LINK_USDT,2024-09-30T00:00:00Z,2024-09-30T08:00:00Z,2024-10-07T08:00:00Z,2024,4534,4555,2024-09-30T00:00:00Z,1.2535196152429324,0.10396957151078405,-0.01564998756940203,-586.7970660146693,-159.5380936869839,-427.25897232768546,14.290884754564281,4.52115820869205,34.1094840506116
ETH_USDT,2024-10-07T00:00:00Z,2024-10-07T08:00:00Z,2024-10-14T08:00:00Z,2024,4555,4576,2024-10-07T00:00:00Z,1.074876380597921,0.1519739908489088,-0.07120319997953152,222.69344578196737,171.38922117987843,51.30422460208894,11.57494434693751,33.862507334183334,36.318912190077626
SOL_USDT,2024-10-07T00:00:00Z,2024-10-07T08:00:00Z,2024-10-14T08:00:00Z,2024,4555,4576,2024-10-07T00:00:00Z,1.1781154086707508,0.1519739908489088,-0.02086765729365994,339.1433590055382,171.38922117987843,167.75413782565974,146.38853186335405,167.3794317121898,158.05318887258602
LINK_USDT,2024-10-07T00:00:00Z,2024-10-07T08:00:00Z,2024-10-14T08:00:00Z,2024,4555,4576,2024-10-07T00:00:00Z,1.22748452081655,0.1519739908489088,-0.023034598746929563,-450.21645021645185,171.38922117987843,-621.6056713963303,39.858363053061964,35.596416444554094,30.790779417175465
ETH_USDT,2024-10-14T00:00:00Z,2024-10-14T08:00:00Z,2024-10-21T08:00:00Z,2024,4576,4597,2024-10-14T00:00:00Z,1.066468555076592,0.0384591138725346,-0.028904694886059394,734.4091364392801,602.4555224960615,131.95361394321867,-36.99652762334932,-35.77148899168613,-10.426634423804309
SOL_USDT,2024-10-14T00:00:00Z,2024-10-14T08:00:00Z,2024-10-21T08:00:00Z,2024,4576,4597,2024-10-14T00:00:00Z,1.1742437208803305,0.0384591138725346,0.01567579145280653,1019.9947726084702,602.4555224960615,417.5392501124087,99.32967479333159,100.63681725013971,123.6307356904925
LINK_USDT,2024-10-14T00:00:00Z,2024-10-14T08:00:00Z,2024-10-21T08:00:00Z,2024,4576,4597,2024-10-14T00:00:00Z,1.2373883615040329,0.0384591138725346,-0.11067283532620938,797.8241160471455,602.4555224960615,195.36859355108402,-10.693710041999935,17.474828060147658,-23.011009463173533
ETH_USDT,2024-10-21T00:00:00Z,2024-10-21T08:00:00Z,2024-10-28T08:00:00Z,2024,4597,4618,2024-10-21T00:00:00Z,1.0891452414626117,0.08824910540678874,-0.026193433664750493,-772.3704174488711,-14.372247186305032,-757.9981702625661,-18.395031939907078,-17.370586895598667,-15.965262626537733
SOL_USDT,2024-10-21T00:00:00Z,2024-10-21T08:00:00Z,2024-10-28T08:00:00Z,2024,4597,4618,2024-10-21T00:00:00Z,1.152151284625857,0.08824910540678874,0.03059285522820719,417.43255262377767,-14.372247186305032,431.8047998100827,123.91940081338684,121.14440849620306,129.12771268619022
LINK_USDT,2024-10-21T00:00:00Z,2024-10-21T08:00:00Z,2024-10-28T08:00:00Z,2024,4597,4618,2024-10-21T00:00:00Z,1.230762426031775,0.08824910540678874,-0.0624910763299416,-780.8564231738036,-14.372247186305032,-766.4841759874986,-0.36417449005510605,8.893357001836762,41.49350633663687
ETH_USDT,2024-10-28T00:00:00Z,2024-10-28T08:00:00Z,2024-11-04T08:00:00Z,2024,4618,4639,2024-10-28T00:00:00Z,1.1227662873500037,0.03366372482801501,-0.10957729977738331,-207.3836378330829,29.595623916911507,-236.9792617499944,-32.98959944466067,-0.4240882397321428,-36.35370276955908
SOL_USDT,2024-10-28T00:00:00Z,2024-10-28T08:00:00Z,2024-11-04T08:00:00Z,2024,4618,4639,2024-10-28T00:00:00Z,1.1630413492302472,0.03366372482801501,0.07459089289645884,-812.7952643861347,29.595623916911507,-842.3908883030463,120.1610310322082,96.62763863218501,112.68864195665985
LINK_USDT,2024-10-28T00:00:00Z,2024-10-28T08:00:00Z,2024-11-04T08:00:00Z,2024,4618,4639,2024-10-28T00:00:00Z,1.2603529721170452,0.03366372482801501,-0.18467940155703677,-327.8688524590179,29.595623916911507,-357.4644763759294,-10.17097147249849,46.88267081039723,-1.5943297265268086
ETH_USDT,2024-11-04T00:00:00Z,2024-11-04T08:00:00Z,2024-11-11T08:00:00Z,2024,4639,4660,2024-11-04T00:00:00Z,1.0794834393321127,0.10233418078333555,-0.0926848445642429,2766.5387367462445,1820.3838642921678,946.1548724540767,-37.41873132743742,-9.145944985126386,11.733845838449016
SOL_USDT,2024-11-04T00:00:00Z,2024-11-04T08:00:00Z,2024-11-11T08:00:00Z,2024,4639,4660,2024-11-04T00:00:00Z,1.1408870911721003,0.10233418078333555,0.00958930914347303,2886.438262808997,1820.3838642921678,1066.0543985168292,136.5904080040178,144.509299236522,109.39580151035989
LINK_USDT,2024-11-04T00:00:00Z,2024-11-04T08:00:00Z,2024-11-11T08:00:00Z,2024,4639,4660,2024-11-04T00:00:00Z,1.2138825322381406,0.10233418078333555,-0.15352780108929048,2994.350282485878,1820.3838642921678,1173.96641819371,-12.656365110926563,33.65711045596719,69.58646813450798
ETH_USDT,2024-11-11T00:00:00Z,2024-11-11T08:00:00Z,2024-11-18T08:00:00Z,2024,4660,4681,2024-11-11T00:00:00Z,1.0654419949532952,0.25083474461946054,-0.0011528493662283368,-30.571690614490386,1308.2118642406492,-1338.7835548551395,10.823943136298226,6.961797996560937,59.679141800858496
SOL_USDT,2024-11-11T00:00:00Z,2024-11-11T08:00:00Z,2024-11-18T08:00:00Z,2024,4660,4681,2024-11-11T00:00:00Z,1.1161302643179771,0.25083474461946054,0.08709430777010335,1637.5000000000007,1308.2118642406492,329.28813575935146,183.02906413232188,166.89554570205075,202.70109979159827
LINK_USDT,2024-11-11T00:00:00Z,2024-11-11T08:00:00Z,2024-11-18T08:00:00Z,2024,4660,4681,2024-11-11T00:00:00Z,1.2283116377056271,0.25083474461946054,-0.04102612908732217,768.115942028984,1308.2118642406492,-540.0959222116652,35.666026591969256,40.565735489332475,109.25108093187694
ETH_USDT,2024-11-18T00:00:00Z,2024-11-18T08:00:00Z,2024-11-25T08:00:00Z,2024,4681,4702,2024-11-18T00:00:00Z,0.9901252369720275,0.27242618008406577,-0.11770653369282838,858.7600940406826,689.8655580740942,168.89453596658836,26.768260584243848,83.64619880918607,26.0655336874921
SOL_USDT,2024-11-18T00:00:00Z,2024-11-18T08:00:00Z,2024-11-25T08:00:00Z,2024,4681,4702,2024-11-18T00:00:00Z,1.0460055958721506,0.27242618008406577,0.14204404567294748,463.521440965049,689.8655580740942,-226.34411710904521,244.89719469086089,203.8607348999633,223.561869415541
LINK_USDT,2024-11-18T00:00:00Z,2024-11-18T08:00:00Z,2024-11-25T08:00:00Z,2024,4681,4702,2024-11-18T00:00:00Z,1.1389484243260042,0.27242618008406577,-0.12766749385780699,2321.6689098250345,689.8655580740942,1631.8033517509402,52.11851269704879,105.78322028014068,66.91901342241394
ETH_USDT,2024-11-25T00:00:00Z,2024-11-25T08:00:00Z,2024-12-02T08:00:00Z,2024,4702,4723,2024-11-25T00:00:00Z,1.0019491128900844,0.38376704298968933,-0.06446910059628952,786.8447373065845,-208.81239613435577,995.6571334409402,10.152629518419843,50.331534270223536,85.84871156241945
SOL_USDT,2024-11-25T00:00:00Z,2024-11-25T08:00:00Z,2024-12-02T08:00:00Z,2024,4702,4723,2024-11-25T00:00:00Z,1.078428105718619,0.38376704298968933,0.013117330420832574,-973.6260265319008,-208.81239613435577,-764.813630397545,245.47491609031906,277.55611146987167,193.56682781492356
LINK_USDT,2024-11-25T00:00:00Z,2024-11-25T08:00:00Z,2024-12-02T08:00:00Z,2024,4702,4723,2024-11-25T00:00:00Z,1.0935861587466154,0.38376704298968933,0.05603272438852536,813.7629710540706,-208.81239613435577,1022.5753671884263,35.21215974468325,-1.892561706652657,111.17997864837292
ETH_USDT,2024-12-02T00:00:00Z,2024-12-02T08:00:00Z,2024-12-09T08:00:00Z,2024,4723,4744,2024-12-02T00:00:00Z,0.9223485414943803,0.3353488898552079,0.08020270221299469,686.0328126363546,372.55420547439576,313.47860716195885,38.89779117616047,-8.77000510423683,82.9914561451813
SOL_USDT,2024-12-02T00:00:00Z,2024-12-02T08:00:00Z,2024-12-09T08:00:00Z,2024,4723,4744,2024-12-02T00:00:00Z,1.0733680150092937,0.3353488898552079,-0.005326885848853324,129.909894147493,372.55420547439576,-242.64431132690277,278.8739875952235,320.7600527135627,307.80059078734706
LINK_USDT,2024-12-02T00:00:00Z,2024-12-02T08:00:00Z,2024-12-09T08:00:00Z,2024,4723,4744,2024-12-02T00:00:00Z,1.0598645841680254,0.3353488898552079,0.16442702327570435,3237.3737373737367,372.55420547439576,2864.819531899341,69.4076148706591,-37.95167967728894,27.90011664767378
ETH_USDT,2024-12-09T00:00:00Z,2024-12-09T08:00:00Z,2024-12-16T08:00:00Z,2024,4744,4765,2024-12-09T00:00:00Z,0.9183055493137067,0.2787864023069634,0.04553991312431388,141.7911209562983,543.9314954902508,-402.14037453395247,37.251056658565,5.176993757996787,-26.170286401984548
SOL_USDT,2024-12-09T00:00:00Z,2024-12-09T08:00:00Z,2024-12-16T08:00:00Z,2024,4744,4765,2024-12-09T00:00:00Z,1.017335563141829,0.2787864023069634,-0.11304188098426898,-365.73254458309947,543.9314954902508,-909.6640400733502,256.8628648690288,377.47946840489396,304.49451531101045
LINK_USDT,2024-12-09T00:00:00Z,2024-12-09T08:00:00Z,2024-12-16T08:00:00Z,2024,4744,4765,2024-12-09T00:00:00Z,0.9891179164401921,0.2787864023069634,0.36913383446655873,1171.3086608164813,543.9314954902508,627.3771653262305,60.95188734781826,-193.5706773165093,-69.70752019643061
ETH_USDT,2024-12-16T00:00:00Z,2024-12-16T08:00:00Z,2024-12-23T08:00:00Z,2024,4765,4786,2024-12-16T00:00:00Z,0.9465991281245391,0.1376305567027381,0.11755890875051078,-1682.9391041771523,-913.2798547405018,-769.6592494366505,-21.624562383846445,-103.85508318078638,-66.60112778224921
SOL_USDT,2024-12-16T00:00:00Z,2024-12-16T08:00:00Z,2024-12-23T08:00:00Z,2024,4765,4786,2024-12-16T00:00:00Z,1.0662159045784858,0.1376305567027381,-0.1204503607716976,-1832.197920401577,-913.2798547405018,-918.9180656610752,189.10096380884767,294.85780666214345,303.0977090230646
LINK_USDT,2024-12-16T00:00:00Z,2024-12-16T08:00:00Z,2024-12-23T08:00:00Z,2024,4765,4786,2024-12-16T00:00:00Z,1.0033573158474733,0.1376305567027381,0.610565819450602,-2267.75956284153,-913.2798547405018,-1354.4797081010283,32.29465427682772,-357.7768720119755,-247.97278548321793
ETH_USDT,2024-12-23T00:00:00Z,2024-12-23T08:00:00Z,2024-12-30T08:00:00Z,2024,4786,4807,2024-12-23T00:00:00Z,0.9972130206878862,-0.0381926368620949,0.024181973410650308,368.540481665256,-175.2913740208606,543.8318556861166,-97.49360436508806,-130.429539276581,-207.2061765602991
SOL_USDT,2024-12-23T00:00:00Z,2024-12-23T08:00:00Z,2024-12-30T08:00:00Z,2024,4786,4807,2024-12-23T00:00:00Z,1.1023040652229776,-0.0381926368620949,-0.3107454302823652,555.8604038630377,-175.2913740208606,731.1517778838984,87.39530011355102,277.9420163764804,197.7252564730707
LINK_USDT,2024-12-23T00:00:00Z,2024-12-23T08:00:00Z,2024-12-30T08:00:00Z,2024,4786,4807,2024-12-23T00:00:00Z,1.1223708655947577,-0.0381926368620949,0.3299446928646786,-640.4593639575972,-175.2913740208606,-465.16798993673666,-17.867957282512982,-226.28742307536046,-494.7479906954633
ETH_USDT,2024-12-30T00:00:00Z,2024-12-30T08:00:00Z,2025-01-06T08:00:00Z,2024,4807,4828,2024-12-30T00:00:00Z,0.9927269095323534,-0.03893624715338025,-0.02922174588624918,652.8723289398042,596.0675400392978,56.80478890050642,-100.84175772904493,-104.20578276751789,-146.28344520547626
SOL_USDT,2024-12-30T00:00:00Z,2024-12-30T08:00:00Z,2025-01-06T08:00:00Z,2024,4807,4828,2024-12-30T00:00:00Z,1.0882144299952925,-0.03893624715338025,-0.20533932793338522,1187.8151478920818,596.0675400392978,591.747607852784,69.02106576421085,217.43103062962393,339.7518852406077
LINK_USDT,2024-12-30T00:00:00Z,2024-12-30T08:00:00Z,2025-01-06T08:00:00Z,2024,4807,4828,2024-12-30T00:00:00Z,1.1329144528603787,-0.03893624715338025,0.18311031194686456,1104.2944785276077,596.0675400392978,508.2269384883099,-17.133783458868855,-157.87160990460268,-313.20457935605873
ETH_USDT,2025-01-06T00:00:00Z,2025-01-06T08:00:00Z,2025-01-13T08:00:00Z,2025,4828,4849,2025-01-06T00:00:00Z,0.9719442078536146,-0.013904303393605223,-0.08161618802517216,-1230.1307950421146,-576.7755719718436,-653.355223070271,-87.20122321488071,-51.93905871533253,-85.84327956443886
SOL_USDT,2025-01-06T00:00:00Z,2025-01-06T08:00:00Z,2025-01-13T08:00:00Z,2025,4828,4849,2025-01-06T00:00:00Z,1.0861623232451973,-0.013904303393605223,-0.08919393883150677,-1522.1633677167545,-576.7755719718436,-945.3877957449108,82.8081845900546,161.70769284696226,267.462545262238
LINK_USDT,2025-01-06T00:00:00Z,2025-01-06T08:00:00Z,2025-01-13T08:00:00Z,2025,4828,4849,2025-01-06T00:00:00Z,1.1125125539922558,-0.013904303393605223,-0.07721638900881002,-1882.7029324266887,-576.7755719718436,-1305.927360454845,-7.528227240107292,24.6517283408402,-175.95527539046375
ETH_USDT,2025-01-13T00:00:00Z,2025-01-13T08:00:00Z,2025-01-20T08:00:00Z,2025,4849,4870,2025-01-13T00:00:00Z,0.9866385007781507,-0.07023566818718177,-0.10945745446221884,565.0818637831634,1445.7073729055492,-880.6255091223858,-127.22685082381253,-84.34803526263401,-93.67265178523633
SOL_USDT,2025-01-13T00:00:00Z,2025-01-13T08:00:00Z,2025-01-20T08:00:00Z,2025,4849,4870,2025-01-13T00:00:00Z,1.0972302548784436,-0.07023566818718177,-0.09895087705892898,4354.379041981804,1445.7073729055492,2908.671669076255,94.60707934929493,160.64991928987968,166.6160289899792
LINK_USDT,2025-01-13T00:00:00Z,2025-01-13T08:00:00Z,2025-01-20T08:00:00Z,2025,4849,4870,2025-01-13T00:00:00Z,1.1693005130823193,-0.07023566818718177,-0.29712423822888623,3769.6335078534025,1445.7073729055492,2323.9261349478534,-57.67069786870314,94.33227492763834,-27.955441419265945
ETH_USDT,2025-01-20T00:00:00Z,2025-01-20T08:00:00Z,2025-01-27T08:00:00Z,2025,4870,4891,2025-01-20T00:00:00Z,1.0185459732965174,0.035417812055206645,-0.11300126665989854,-921.7224721957784,-753.6025966982085,-168.11987549756998,-94.163251329584,-44.1303247289414,-41.83108177085862
SOL_USDT,2025-01-20T00:00:00Z,2025-01-20T08:00:00Z,2025-01-27T08:00:00Z,2025,4870,4891,2025-01-20T00:00:00Z,1.1347274431511005,0.035417812055206645,0.2205754735072058,-1313.0464663434004,-753.6025966982085,-559.443869645192,138.49840707682517,19.58389567902219,211.72708829574094
LINK_USDT,2025-01-20T00:00:00Z,2025-01-20T08:00:00Z,2025-01-27T08:00:00Z,2025,4870,4891,2025-01-20T00:00:00Z,1.1817934247882178,0.035417812055206645,-0.0020440304439345997,-1311.7870722433456,-753.6025966982085,-558.1844755451372,-35.10232650073791,-48.62773475595682,137.0135570779114
ETH_USDT,2025-01-27T00:00:00Z,2025-01-27T08:00:00Z,2025-02-03T08:00:00Z,2025,4891,4912,2025-01-27T00:00:00Z,0.9991938422113587,0.08456194224756602,-0.11522971442677937,-1460.3686335808263,-375.07063493754214,-1085.2979986432842,-67.7765702906677,-3.1232536559832482,-7.8249276423518666
SOL_USDT,2025-01-27T00:00:00Z,2025-01-27T08:00:00Z,2025-02-03T08:00:00Z,2025,4891,4912,2025-01-27T00:00:00Z,1.1073981893049039,0.08456194224756602,0.1729456522566658,-1249.5604781997195,-375.07063493754214,-874.4898432621774,187.9754123391812,83.98183468418834,54.785155968452536
LINK_USDT,2025-01-27T00:00:00Z,2025-01-27T08:00:00Z,2025-02-03T08:00:00Z,2025,4891,4912,2025-01-27T00:00:00Z,1.1868010809883849,0.08456194224756602,0.042402603000025005,-1496.7177242888408,-375.07063493754214,-1121.6470893512987,26.18294432625015,-20.109037215211835,15.919298871959917
ETH_USDT,2025-02-03T00:00:00Z,2025-02-03T08:00:00Z,2025-02-10T08:00:00Z,2025,4912,4933,2025-02-03T00:00:00Z,1.0229148920405982,-0.004835650072231401,-0.22428651273858413,55.94218925772721,219.946899819905,-164.00471056217782,-106.78885923973996,35.22600237128736,-52.724013701369586
SOL_USDT,2025-02-03T00:00:00Z,2025-02-03T08:00:00Z,2025-02-10T08:00:00Z,2025,4912,4933,2025-02-03T00:00:00Z,1.150327252600042,-0.004835650072231401,-0.06317146639074167,184.84102667135406,219.946899819905,-35.105873148550955,127.87281425796996,187.50998786705873,26.902285200675763
LINK_USDT,2025-02-03T00:00:00Z,2025-02-03T08:00:00Z,2025-02-10T08:00:00Z,2025,4912,4933,2025-02-03T00:00:00Z,1.2179421797182226,-0.004835650072231401,-0.13178769224708708,-406.58775090066877,219.946899819905,-626.5346507205738,-14.977480190019548,61.36361919326476,-57.8916501823698
ETH_USDT,2025-02-10T00:00:00Z,2025-02-10T08:00:00Z,2025-02-17T08:00:00Z,2025,4933,4954,2025-02-10T00:00:00Z,1.054945005926682,0.01816724849362721,-0.23713879668285182,169.01654139900302,-139.75391314959617,308.7704545485992,-99.7582697308932,55.22197392364557,29.161252810543672
SOL_USDT,2025-02-10T00:00:00Z,2025-02-10T08:00:00Z,2025-02-17T08:00:00Z,2025,4933,4954,2025-02-10T00:00:00Z,1.2467703479975005,0.01816724849362721,0.04327583798466284,-1055.8761157962226,-139.75391314959617,-916.1222026466264,128.29472462936783,105.04069582726368,178.3232419758461
LINK_USDT,2025-02-10T00:00:00Z,2025-02-10T08:00:00Z,2025-02-17T08:00:00Z,2025,4933,4954,2025-02-10T00:00:00Z,1.4102567562573185,0.01816724849362721,-0.1285684541831856,85.83690987124415,-139.75391314959617,225.59082302084033,14.51868453584088,85.24306147613856,85.42893135260866
ETH_USDT,2025-02-17T00:00:00Z,2025-02-17T08:00:00Z,2025-02-24T08:00:00Z,2025,4954,4975,2025-02-17T00:00:00Z,1.1166736422174346,-0.0795577699743637,-0.17750403437228143,150.7687603250307,-20.421948113741315,171.19070843877202,-131.6255997679171,-27.396297661405136,3.637677742368197
SOL_USDT,2025-02-17T00:00:00Z,2025-02-17T08:00:00Z,2025-02-24T08:00:00Z,2025,4954,4975,2025-02-17T00:00:00Z,1.2764525708145076,-0.0795577699743637,-0.05196896681538199,-1123.1804146449053,-20.421948113741315,-1102.758466531164,69.5777539945862,106.61813181605548,42.363330302586256
LINK_USDT,2025-02-17T00:00:00Z,2025-02-17T08:00:00Z,2025-02-24T08:00:00Z,2025,4954,4975,2025-02-17T00:00:00Z,1.4403901375157315,-0.0795577699743637,-0.17988651167704073,-1031.914893617022,-20.421948113741315,-1011.4929455032807,10.248205988267696,127.54833560401254,78.47207601267812
ETH_USDT,2025-02-24T00:00:00Z,2025-02-24T08:00:00Z,2025-03-03T08:00:00Z,2025,4975,4996,2025-02-24T00:00:00Z,1.2222579696252165,-0.0856941690457161,-0.05560804845574631,-1230.7404060219974,-365.9503575704359,-864.7900484515615,-137.0566196592795,-133.32134734327877,-46.41335557042616
SOL_USDT,2025-02-24T00:00:00Z,2025-02-24T08:00:00Z,2025-03-03T08:00:00Z,2025,4975,4996,2025-02-24T00:00:00Z,1.2889749668356365,-0.0856941690457161,-0.30078645952187966,79.50804397788724,-365.9503575704359,445.4584015483232,52.484896577151204,288.3768221431721,86.86520967674076
LINK_USDT,2025-02-24T00:00:00Z,2025-02-24T08:00:00Z,2025-03-03T08:00:00Z,2025,4975,4996,2025-02-24T00:00:00Z,1.5889079935216595,-0.0856941690457161,-0.22085525791323285,-219.45432977461542,-365.9503575704359,146.4960277958205,-32.08554565669996,116.69495362067316,72.89764161173682
ETH_USDT,2025-03-03T00:00:00Z,2025-03-03T08:00:00Z,2025-03-10T08:00:00Z,2025,4996,5017,2025-03-03T00:00:00Z,1.2488185439310673,-0.08301233741463951,-0.16704645701034,-1305.8596319244575,-1087.5282227042305,-218.331409220227,-113.55462178561442,-19.366826992268784,-100.17177737801603
SOL_USDT,2025-03-03T00:00:00Z,2025-03-03T08:00:00Z,2025-03-10T08:00:00Z,2025,4996,5017,2025-03-03T00:00:00Z,1.4946655838543395,-0.08301233741463951,-0.13590543653679682,-2105.133419609293,-1087.5282227042305,-1017.6051969050625,86.2641139087913,192.04080487474982,284.16237410296407
LINK_USDT,2025-03-03T00:00:00Z,2025-03-03T08:00:00Z,2025-03-10T08:00:00Z,2025,4996,5017,2025-03-03T00:00:00Z,1.661226292918632,-0.08301233741463951,-0.23013156017303554,-1449.3632504548204,-1087.5282227042305,-361.8350277505899,20.77198736819574,179.65176872264232,154.50074766614838
ETH_USDT,2025-03-10T00:00:00Z,2025-03-10T08:00:00Z,2025-03-17T08:00:00Z,2025,5017,5038,2025-03-10T00:00:00Z,1.2551271821301941,-0.17844908918752678,-0.036698759859466384,-841.0832168843064,151.73937223073696,-992.8225891150433,-169.53034497345496,-198.3973146960423,-92.22987080424625
SOL_USDT,2025-03-10T00:00:00Z,2025-03-10T08:00:00Z,2025-03-17T08:00:00Z,2025,5017,5038,2025-03-10T00:00:00Z,1.607486661210709,-0.17844908918752678,-0.1302674003373367,89.76660682226134,151.73937223073696,-61.972765408475624,72.15148922869903,157.03707861976056,160.0338743897407
LINK_USDT,2025-03-10T00:00:00Z,2025-03-10T08:00:00Z,2025-03-17T08:00:00Z,2025,5017,5038,2025-03-10T00:00:00Z,1.6532999959226422,-0.17844908918752678,0.008615807231108275,-226.9503546099294,151.73937223073696,-378.68972684066637,-9.553177258405107,-63.47436290982071,122.74070346632385
ETH_USDT,2025-03-17T00:00:00Z,2025-03-17T08:00:00Z,2025-03-24T08:00:00Z,2025,5038,5059,2025-03-17T00:00:00Z,1.2347022105486225,-0.1661560216032888,-0.1626755176572843,886.1238984611331,395.6831261006033,490.44077236052976,-180.6469234857786,-113.36645824209826,-191.53263037126993
SOL_USDT,2025-03-17T00:00:00Z,2025-03-17T08:00:00Z,2025-03-24T08:00:00Z,2025,5038,5059,2025-03-17T00:00:00Z,1.6538334406367654,-0.1661560216032888,-0.18315519982902229,745.010057248956,395.6831261006033,349.3269311483526,78.10715004620414,196.86574510882173,150.20507701046054
LINK_USDT,2025-03-17T00:00:00Z,2025-03-17T08:00:00Z,2025-03-24T08:00:00Z,2025,5038,5059,2025-03-17T00:00:00Z,1.6778385735696892,-0.1661560216032888,-0.09244523307189184,899.8548621190139,395.6831261006033,504.17173601841057,-9.170637863098118,8.979481447645888,-38.27295860332617
ETH_USDT,2025-03-24T00:00:00Z,2025-03-24T08:00:00Z,2025-03-31T08:00:00Z,2025,5059,5080,2025-03-24T00:00:00Z,1.2255435781578992,-0.1109358832954474,-0.1473588429893325,-1306.1695937521133,-568.7524949778156,-737.4170987742978,-135.71093430360784,-69.76813221018432,-73.93694079184087
SOL_USDT,2025-03-24T00:00:00Z,2025-03-24T08:00:00Z,2025-03-31T08:00:00Z,2025,5059,5080,2025-03-24T00:00:00Z,1.663475632457186,-0.1109358832954474,-0.05585908716371371,-935.9925120599022,-568.7524949778156,-367.24001708208664,136.21260300164414,164.61335717775526,235.41369379087524
LINK_USDT,2025-03-24T00:00:00Z,2025-03-24T08:00:00Z,2025-03-31T08:00:00Z,2025,5059,5080,2025-03-24T00:00:00Z,1.6542739892554381,-0.1109358832954474,-0.00259697267780154,-1205.0599201065238,-568.7524949778156,-636.3074251287082,49.70125816432079,8.834647347113716,75.97117438254979
ETH_USDT,2025-03-31T00:00:00Z,2025-03-31T08:00:00Z,2025-04-07T08:00:00Z,2025,5080,5101,2025-03-31T00:00:00Z,1.2638013476542727,-0.02351014871631304,-0.18360978987111468,-1883.140346098471,-830.856629967397,-1052.283716131074,-15.096314425388059,100.80042248513297,45.49275940799508
SOL_USDT,2025-03-31T00:00:00Z,2025-03-31T08:00:00Z,2025-04-07T08:00:00Z,2025,5080,5101,2025-03-31T00:00:00Z,1.7055635450254822,-0.02351014871631304,-0.13145699889394283,-2283.7397728175392,-830.856629967397,-1452.8831428501421,282.4121150761836,392.3728189758622,315.47177187606644
LINK_USDT,2025-03-31T00:00:00Z,2025-03-31T08:00:00Z,2025-04-07T08:00:00Z,2025,5080,5101,2025-03-31T00:00:00Z,1.6870963409706667,-0.02351014871631304,-0.05963804511115229,-2165.0264950794863,-830.856629967397,-1334.1698651120892,201.94152676550874,220.08569577414013,184.47003433660828
ETH_USDT,2025-04-07T00:00:00Z,2025-04-07T08:00:00Z,2025-04-14T08:00:00Z,2025,5101,5122,2025-04-07T00:00:00Z,1.3310473630931454,-0.10142027552881587,-0.1686522788695961,1201.451905626134,1258.5201849532557,-57.06827932712167,-91.95481887249744,1.36862176945586,-21.08670087169047
SOL_USDT,2025-04-07T00:00:00Z,2025-04-07T08:00:00Z,2025-04-14T08:00:00Z,2025,5101,5122,2025-04-07T00:00:00Z,1.7259301855026254,-0.10142027552881587,-0.09964176792904053,3620.5476631665647,1258.5201849532557,2362.027478213309,186.43412362078482,263.16993331951255,253.47935878835773
LINK_USDT,2025-04-07T00:00:00Z,2025-04-07T08:00:00Z,2025-04-14T08:00:00Z,2025,5101,5122,2025-04-07T00:00:00Z,1.7349327850459741,-0.10142027552881587,-0.16984306620881753,2309.178743961353,1258.5201849532557,1050.6585590080974,94.6600141403625,206.04722623458161,100.17299626257797
ETH_USDT,2025-04-14T00:00:00Z,2025-04-14T08:00:00Z,2025-04-21T08:00:00Z,2025,5122,5143,2025-04-14T00:00:00Z,1.3641554448895616,-0.00266121227836512,-0.1757337879297576,63.21916384401938,337.43130974097204,-274.2121458969527,-105.21494459083704,16.650960207463434,-28.44968900114342
SOL_USDT,2025-04-14T00:00:00Z,2025-04-14T08:00:00Z,2025-04-21T08:00:00Z,2025,5122,5143,2025-04-14T00:00:00Z,1.7123400951235743,-0.00266121227836512,-0.034849542060210924,594.815206711512,337.43130974097204,257.38389697054,147.70794645557706,189.39392583231333,213.20427490026256
LINK_USDT,2025-04-14T00:00:00Z,2025-04-14T08:00:00Z,2025-04-21T08:00:00Z,2025,5122,5143,2025-04-14T00:00:00Z,1.7058331356116245,-0.00266121227836512,-0.0746494129442453,714.285714285714,337.43130974097204,376.85440454474195,14.162281672980098,61.67875542853581,101.89712185353119
ETH_USDT,2025-04-21T00:00:00Z,2025-04-21T08:00:00Z,2025-04-28T08:00:00Z,2025,5143,5164,2025-04-21T00:00:00Z,1.3609090797301961,0.012884477776508573,-0.23133619576366557,965.296004666083,830.0700442009435,135.22596046513956,-42.30793154411143,126.43077805781198,33.88608868080688
SOL_USDT,2025-04-21T00:00:00Z,2025-04-21T08:00:00Z,2025-04-28T08:00:00Z,2025,5143,5164,2025-04-21T00:00:00Z,1.7258929885109158,0.012884477776508573,0.04822819740395347,778.2850620630621,830.0700442009435,-51.78498213788134,232.55679924427315,207.54910180497302,261.18393282578944
LINK_USDT,2025-04-21T00:00:00Z,2025-04-21T08:00:00Z,2025-04-28T08:00:00Z,2025,5143,5164,2025-04-21T00:00:00Z,1.7111590477486043,0.012884477776508573,-0.07270041994337119,1003.6630036630023,830.0700442009435,173.59295946205884,115.79693713423606,166.02155501792163,148.01826584909844
ETH_USDT,2025-04-28T00:00:00Z,2025-04-28T08:00:00Z,2025-05-05T08:00:00Z,2025,5164,5185,2025-04-28T00:00:00Z,1.3906190301270538,0.10476797570758115,-0.20297728483187616,120.67819148936066,7.331098802028091,113.34709268733256,27.65005774931707,191.1264556437668,160.15159808659385
SOL_USDT,2025-04-28T00:00:00Z,2025-04-28T08:00:00Z,2025-05-05T08:00:00Z,2025,5164,5185,2025-04-28T00:00:00Z,1.711950223360073,0.10476797570758115,-0.04588408799692023,-278.6418690846526,7.331098802028091,-285.9729678866807,302.3592496299522,381.13985815713414,293.9939200141946
LINK_USDT,2025-04-28T00:00:00Z,2025-04-28T08:00:00Z,2025-05-05T08:00:00Z,2025,5164,5185,2025-04-28T00:00:00Z,1.670244560571507,0.10476797570758115,-0.1534670054937948,-599.2010652463387,7.331098802028091,-606.5321640483668,179.41888284718175,319.57410999683225,223.55560140123526
ETH_USDT,2025-05-05T00:00:00Z,2025-05-05T08:00:00Z,2025-05-12T08:00:00Z,2025,5185,5206,2025-05-05T00:00:00Z,1.3957314127397364,0.11673896658646392,-0.16735467051006037,3986.685499676994,1024.259641875096,2962.425857801898,33.8405836730328,163.92941348198514,144.9647350906074
SOL_USDT,2025-05-05T00:00:00Z,2025-05-05T08:00:00Z,2025-05-12T08:00:00Z,2025,5185,5206,2025-05-05T00:00:00Z,1.6946518743191896,0.11673896658646392,-0.038841470646072906,1988.0174291939002,1024.259641875096,963.7577873188043,296.9829488386316,369.9304213077558,347.0350997372545
LINK_USDT,2025-05-05T00:00:00Z,2025-05-05T08:00:00Z,2025-05-12T08:00:00Z,2025,5185,5206,2025-05-05T00:00:00Z,1.6421683358685644,0.11673896658646392,-0.12302132980130669,2400.8498583569417,1024.259641875096,1376.5902164818458,178.12606366191045,290.69019129492176,271.01437279717686
ETH_USDT,2025-05-12T00:00:00Z,2025-05-12T08:00:00Z,2025-05-19T08:00:00Z,2025,5206,5227,2025-05-12T00:00:00Z,1.504292860998007,0.2215907515004802,0.13969719475548675,-591.2055049749898,-118.8593750104705,-472.3461299645193,70.04317109237134,-49.32600415547776,167.52258543896562
SOL_USDT,2025-05-12T00:00:00Z,2025-05-12T08:00:00Z,2025-05-19T08:00:00Z,2025,5206,5227,2025-05-12T00:00:00Z,1.6978798340893937,0.2215907515004802,-0.021018458208311386,-805.3157655611087,-118.8593750104705,-686.4563905506382,319.436262542142,393.35789614346953,377.8312218677802
LINK_USDT,2025-05-12T00:00:00Z,2025-05-12T08:00:00Z,2025-05-19T08:00:00Z,2025,5206,5227,2025-05-12T00:00:00Z,1.6660205808539745,0.2215907515004802,-0.06696267773679587,-1324.9571673329542,-118.8593750104705,-1206.0977923224837,192.4303405021162,270.3743382359105,277.4073462997131
ETH_USDT,2025-05-19T00:00:00Z,2025-05-19T08:00:00Z,2025-05-26T08:00:00Z,2025,5227,5248,2025-05-19T00:00:00Z,1.4967696150621168,0.2312634464580719,0.10640111241870925,736.5605265128505,665.3663519244946,71.19417458835596,251.07635865658864,144.07529941457878,133.83552492346888
SOL_USDT,2025-05-19T00:00:00Z,2025-05-19T08:00:00Z,2025-05-26T08:00:00Z,2025,5227,5248,2025-05-19T00:00:00Z,1.7084842038483237,0.2312634464580719,-0.13822401134868756,1003.7059913526858,665.3663519244946,338.3396394281913,462.30351501388463,644.8858081757223,509.57223899856444
LINK_USDT,2025-05-19T00:00:00Z,2025-05-19T08:00:00Z,2025-05-26T08:00:00Z,2025,5227,5248,2025-05-19T00:00:00Z,1.6703372934428564,0.2312634464580719,-0.15174466445010565,487.1626069782753,665.3663519244946,-178.20374494621927,365.4591300277585,521.1833585942464,414.5251012250371
ETH_USDT,2025-05-26T00:00:00Z,2025-05-26T08:00:00Z,2025-06-02T08:00:00Z,2025,5248,5269,2025-05-26T00:00:00Z,1.459615400991852,0.1413200498753122,0.15110445438022904,-286.1526896802913,-427.53678608455135,141.38409640426005,59.86873710048081,-107.19879025684568,-46.361822753553206
SOL_USDT,2025-05-26T00:00:00Z,2025-05-26T08:00:00Z,2025-06-02T08:00:00Z,2025,5248,5269,2025-05-26T00:00:00Z,1.6217453146300125,0.1413200498753122,-0.07626657145537094,-1269.1552062868373,-427.53678608455135,-841.618420202286,281.4193220552413,383.52958603606163,387.2565361541914
LINK_USDT,2025-05-26T00:00:00Z,2025-05-26T08:00:00Z,2025-06-02T08:00:00Z,2025,5248,5269,2025-05-26T00:00:00Z,1.6234959718784767,0.1413200498753122,-0.18871778155434826,-1280.60263653484,-427.53678608455135,-853.0658504502887,161.39649140555377,325.0940021838461,244.44256916485247
ETH_USDT,2025-06-02T00:00:00Z,2025-06-02T08:00:00Z,2025-06-09T08:00:00Z,2025,5269,5290,2025-06-02T00:00:00Z,1.4547121365802473,0.08651802679934266,0.1950336758405429,-60.512018636266205,16.419378092333847,-76.93139672860005,16.252131017974627,-206.6697485833988,-124.53050313423131
SOL_USDT,2025-06-02T00:00:00Z,2025-06-02T08:00:00Z,2025-06-09T08:00:00Z,2025,5269,5290,2025-06-02T00:00:00Z,1.4682181871494402,0.08651802679934266,-0.06400973216621307,-300.244310145299,16.419378092333847,-316.6636882376328,217.4747008411835,295.00288299327696,280.85216642619616
LINK_USDT,2025-06-02T00:00:00Z,2025-06-02T08:00:00Z,2025-06-09T08:00:00Z,2025,5269,5290,2025-06-02T00:00:00Z,1.6645291960514639,0.08651802679934266,-0.1851182306728263,-165.58675305975547,16.419378092333847,-182.00613115208932,125.36101614247647,259.6051411145863,223.15409480144731
ETH_USDT,2025-06-09T00:00:00Z,2025-06-09T08:00:00Z,2025-06-16T08:00:00Z,2025,5290,5311,2025-06-09T00:00:00Z,1.5003119982986044,0.026469496743744273,0.02820005889068347,549.4889175164652,142.20158238799297,407.28733512847225,-31.714952994030206,-118.36124613344847,-197.90461817347443
SOL_USDT,2025-06-09T00:00:00Z,2025-06-09T08:00:00Z,2025-06-16T08:00:00Z,2025,5290,5311,2025-06-09T00:00:00Z,1.5303952305291353,0.026469496743744273,-0.16569122706760708,424.20627029893245,142.20158238799297,282.0046879109395,168.97257997126974,309.23539996320864,208.1712109261305
LINK_USDT,2025-06-09T00:00:00Z,2025-06-09T08:00:00Z,2025-06-16T08:00:00Z,2025,5290,5311,2025-06-09T00:00:00Z,1.6449383443758008,0.026469496743744273,-0.1971709973788591,14.641288433381305,142.20158238799297,-127.56029395461167,58.15532113469996,178.50412001448055,136.51666780072156
ETH_USDT,2025-06-16T00:00:00Z,2025-06-16T08:00:00Z,2025-06-23T08:00:00Z,2025,5311,5332,2025-06-16T00:00:00Z,1.6005415049448597,0.020378886585754544,-0.028491168493821963,-1406.860451403551,-479.23348944254764,-927.6269619610034,-81.33798235771002,-121.45121992035666,-151.8053219718725
SOL_USDT,2025-06-16T00:00:00Z,2025-06-16T08:00:00Z,2025-06-23T08:00:00Z,2025,5311,5332,2025-06-16T00:00:00Z,1.5365642987944423,0.020378886585754544,-0.1214578038970523,-1455.4587651809004,-479.23348944254764,-976.2252757383528,166.87416585630956,262.67275543310393,268.07883126041645
LINK_USDT,2025-06-16T00:00:00Z,2025-06-16T08:00:00Z,2025-06-23T08:00:00Z,2025,5311,5332,2025-06-16T00:00:00Z,1.694098082813818,0.020378886585754544,-0.20423488189683198,-1337.7192982456143,-479.23348944254764,-858.4858088030667,19.069423870789258,135.62024270221954,102.29971469700574
ETH_USDT,2025-06-23T00:00:00Z,2025-06-23T08:00:00Z,2025-06-30T08:00:00Z,2025,5332,5353,2025-06-23T00:00:00Z,1.6575655595943395,-0.061036454883955336,-0.024693357165757088,981.5969931868595,557.536742487863,424.0602506989966,-94.12471225777102,-160.86614659176908,-137.573823521222
SOL_USDT,2025-06-23T00:00:00Z,2025-06-23T08:00:00Z,2025-06-30T08:00:00Z,2025,5332,5353,2025-06-23T00:00:00Z,1.519382866108449,-0.061036454883955336,-0.1857724890578487,1209.2573299598164,557.536742487863,651.7205874719534,144.31236101446973,274.07889152276897,205.31391631317723
LINK_USDT,2025-06-23T00:00:00Z,2025-06-23T08:00:00Z,2025-06-30T08:00:00Z,2025,5332,5353,2025-06-23T00:00:00Z,1.7288239256615352,-0.061036454883955336,-0.18194617360794324,1257.3839662447251,557.536742487863,699.8472237568621,-1.902651383531385,74.86240074176152,70.77740139742093
ETH_USDT,2025-06-30T00:00:00Z,2025-06-30T08:00:00Z,2025-07-07T08:00:00Z,2025,5353,5374,2025-06-30T00:00:00Z,1.6598783356562599,0.041179411318294085,-0.08077488829232796,393.97726356526607,134.46197137604753,259.51529218921854,-120.3267713423563,-122.22181273332616,-153.6798846230676
SOL_USDT,2025-06-30T00:00:00Z,2025-06-30T08:00:00Z,2025-07-07T08:00:00Z,2025,5353,5374,2025-06-30T00:00:00Z,1.5283198910580313,0.041179411318294085,-0.08154531031304027,115.51483768173831,134.46197137604753,-18.947133694309215,154.89909419247007,222.89380197549758,263.2965066628572
LINK_USDT,2025-06-30T00:00:00Z,2025-06-30T08:00:00Z,2025-07-07T08:00:00Z,2025,5353,5374,2025-06-30T00:00:00Z,1.7315366375665675,0.041179411318294085,-0.08579666671361645,209.89505247376306,134.46197137604753,75.43308109771553,-31.45027566682726,-11.575368374792596,37.91701335747781
ETH_USDT,2025-07-07T00:00:00Z,2025-07-07T08:00:00Z,2025-07-14T08:00:00Z,2025,5374,5395,2025-07-07T00:00:00Z,1.6332478501389749,0.04605570579584132,-0.037863047801630974,1810.047588943231,1253.8818847091804,556.1657042340505,-74.08624718824501,-106.42321378941296,-75.07687603864696
SOL_USDT,2025-07-07T00:00:00Z,2025-07-07T08:00:00Z,2025-07-14T08:00:00Z,2025,5374,5395,2025-07-07T00:00:00Z,1.4709747916641884,0.04605570579584132,-0.04085070336589557,977.226488153835,1253.8818847091804,-276.6553965553454,164.81499301012784,202.89468364799262,212.8112592741644
LINK_USDT,2025-07-07T00:00:00Z,2025-07-07T08:00:00Z,2025-07-14T08:00:00Z,2025,5374,5395,2025-07-07T00:00:00Z,1.6998568170306816,0.04605570579584132,-0.08420528248830886,1864.9045521292228,1253.8818847091804,611.0226674200424,9.648209841952784,28.186450530383343,23.52920369331231
ETH_USDT,2025-07-14T00:00:00Z,2025-07-14T08:00:00Z,2025-07-21T08:00:00Z,2025,5395,5416,2025-07-14T00:00:00Z,1.6724539019561389,0.11578419100657507,-0.051873897168003336,2438.998758628843,-274.724522642249,2713.7232812710918,-41.94996180840364,-52.42163132671368,-60.166454547705946
SOL_USDT,2025-07-14T00:00:00Z,2025-07-14T08:00:00Z,2025-07-21T08:00:00Z,2025,5395,5416,2025-07-14T00:00:00Z,1.4420406829987378,0.11578419100657507,-0.08588803790178977,1363.1471959823039,-274.724522642249,1637.8717186245528,176.6677463067735,264.76790760795785,211.89166083113048
LINK_USDT,2025-07-14T00:00:00Z,2025-07-14T08:00:00Z,2025-07-21T08:00:00Z,2025,5395,5416,2025-07-14T00:00:00Z,1.7472562862132828,0.11578419100657507,-0.04943030011270419,2215.346534653464,-274.724522642249,2490.071057295713,41.79317753143816,45.90515176095221,58.81334564232367
ETH_USDT,2025-07-21T00:00:00Z,2025-07-21T08:00:00Z,2025-07-28T08:00:00Z,2025,5416,5437,2025-07-21T00:00:00Z,1.6428302139578617,0.1268194361896153,0.23702619471504066,278.03152308789157,-38.886875442867286,316.91839853075885,-9.798179024102257,-217.9498735741663,-16.19621176190749
SOL_USDT,2025-07-21T00:00:00Z,2025-07-21T08:00:00Z,2025-07-28T08:00:00Z,2025,5416,5437,2025-07-21T00:00:00Z,1.4224145799071768,0.1268194361896153,0.07805226094721493,121.01441650005373,-38.886875442867286,159.901291942921,147.86972688162993,120.34264707553076,192.2859852011082
LINK_USDT,2025-07-21T00:00:00Z,2025-07-21T08:00:00Z,2025-07-28T08:00:00Z,2025,5416,5437,2025-07-21T00:00:00Z,1.7296896519088425,0.1268194361896153,0.2126628915093639,-227.96352583586588,-38.886875442867286,-189.0766503929986,66.74206864629316,-109.54492827257842,67.48710657796082
ETH_USDT,2025-07-28T00:00:00Z,2025-07-28T08:00:00Z,2025-08-04T08:00:00Z,2025,5437,5458,2025-07-28T00:00:00Z,1.638625700276791,0.10933592504677873,0.28955973845121163,-875.9545955443226,-357.19340982393487,-518.7611857203877,136.07153082871625,-108.13483693784733,25.59069060251693
SOL_USDT,2025-07-28T00:00:00Z,2025-07-28T08:00:00Z,2025-08-04T08:00:00Z,2025,5437,5458,2025-07-28T00:00:00Z,1.4959696877800923,0.10933592504677873,0.11981654748369955,-1524.2254106882936,-357.19340982393487,-1167.0320008643587,217.55810906113447,150.74853689104538,197.92791577344437
LINK_USDT,2025-07-28T00:00:00Z,2025-07-28T08:00:00Z,2025-08-04T08:00:00Z,2025,5437,5458,2025-07-28T00:00:00Z,1.83267752171459,0.10933592504677873,0.1878258193197552,-1378.952825298082,-357.19340982393487,-1021.7594154741471,211.1210687187811,45.29097294131577,113.71331484654576
ETH_USDT,2025-08-04T00:00:00Z,2025-08-04T08:00:00Z,2025-08-11T08:00:00Z,2025,5458,5479,2025-08-04T00:00:00Z,1.714469738696993,0.05604306149638564,0.23624540126850666,2031.7849099099083,600.4344588339538,1431.3504510759544,132.06151843532956,-84.38117533970296,-6.536227946937309
SOL_USDT,2025-08-04T00:00:00Z,2025-08-04T08:00:00Z,2025-08-11T08:00:00Z,2025,5458,5479,2025-08-04T00:00:00Z,1.5622562149856305,0.05604306149638564,0.004674322231420808,1222.399411187438,600.4344588339538,621.9649523534843,212.70992319297812,213.06937917796236,169.17376221459426
LINK_USDT,2025-08-04T00:00:00Z,2025-08-04T08:00:00Z,2025-08-11T08:00:00Z,2025,5458,5479,2025-08-04T00:00:00Z,1.894996555760722,0.05604306149638564,0.10778177340560849,3205.0511124473855,600.4344588339538,2604.6166536134315,199.82422951869978,82.77387029717417,103.14575975269307
ETH_USDT,2025-08-11T00:00:00Z,2025-08-11T08:00:00Z,2025-08-18T08:00:00Z,2025,5479,5500,2025-08-11T00:00:00Z,1.432295631756965,0.014917408151287951,0.34109921695781775,-37.953150556074846,-520.9230692774236,482.96991872134873,11.07008369141898,-289.61426970234714,-110.9490026904092
SOL_USDT,2025-08-11T00:00:00Z,2025-08-11T08:00:00Z,2025-08-18T08:00:00Z,2025,5479,5500,2025-08-11T00:00:00Z,1.5707194575065464,0.014917408151287951,0.09087477730987453,-127.88981800295196,-520.9230692774236,393.0332512744716,174.23289823321156,100.89722575773516,169.07809922252912
LINK_USDT,2025-08-11T00:00:00Z,2025-08-11T08:00:00Z,2025-08-18T08:00:00Z,2025,5479,5500,2025-08-11T00:00:00Z,1.8149424106249028,0.014917408151287951,0.3401469933766078,1247.7231329690342,-520.9230692774236,1768.6462022464577,109.12943104769988,-189.14361050214194,38.52264061883411
ETH_USDT,2025-08-18T00:00:00Z,2025-08-18T08:00:00Z,2025-08-25T08:00:00Z,2025,5500,5521,2025-08-18T00:00:00Z,1.4666655427720297,-0.004417891274676525,0.23830947325521262,784.2685914404557,-320.6803743451192,1104.948965785575,75.91957649238955,-120.17949765046939,-32.75632824813168
SOL_USDT,2025-08-18T00:00:00Z,2025-08-18T08:00:00Z,2025-08-25T08:00:00Z,2025,5500,5521,2025-08-18T00:00:00Z,1.5666145666709486,-0.004417891274676525,0.08141179992102089,1061.8391186403153,-320.6803743451192,1382.5194929854345,199.2143995555678,137.8386605461161,171.95164291735642
LINK_USDT,2025-08-18T00:00:00Z,2025-08-18T08:00:00Z,2025-08-25T08:00:00Z,2025,5500,5521,2025-08-18T00:00:00Z,1.8358304376571961,-0.004417891274676525,0.3713816994497317,113.36032388663986,-320.6803743451192,434.04069823175905,212.30953458996746,-70.25480433484486,104.44424491467134
ETH_USDT,2025-08-25T00:00:00Z,2025-08-25T08:00:00Z,2025-09-01T08:00:00Z,2025,5521,5542,2025-08-25T00:00:00Z,1.6823331319459616,-0.03566435217942244,0.30941513454613473,-278.95813232216125,-186.39950871461198,-92.55862360754926,166.02128968074643,-24.746392831327157,105.77661471374896
SOL_USDT,2025-08-25T00:00:00Z,2025-08-25T08:00:00Z,2025-09-01T08:00:00Z,2025,5521,5542,2025-08-25T00:00:00Z,1.7095436352336928,-0.03566435217942244,0.158924472867984,155.6478654721971,-186.39950871461198,342.04737418680907,257.29224535775666,165.97381678779013,237.11169936422775
LINK_USDT,2025-08-25T00:00:00Z,2025-08-25T08:00:00Z,2025-09-01T08:00:00Z,2025,5521,5542,2025-08-25T00:00:00Z,1.9924334993386739,-0.03566435217942244,0.416400669406986,-552.44195356285,-186.39950871461198,-366.042444848238,312.32345759590555,69.16479437946312,226.66962567624003
ETH_USDT,2025-09-01T00:00:00Z,2025-09-01T08:00:00Z,2025-09-08T08:00:00Z,2025,5542,5563,2025-09-01T00:00:00Z,1.722401395744663,-0.04561124971830269,0.30892103304260987,-384.2681071586207,168.8165515718798,-553.0846587305005,209.43873241123748,52.64688111617281,172.53850676132683
SOL_USDT,2025-09-01T00:00:00Z,2025-09-01T08:00:00Z,2025-09-08T08:00:00Z,2025,5542,5563,2025-09-01T00:00:00Z,1.7343458166369594,-0.04561124971830269,0.28854877644463334,245.90971811551344,168.8165515718798,77.09316654363363,294.2930339281775,161.2735858816095,276.6582053693263
LINK_USDT,2025-09-01T00:00:00Z,2025-09-01T08:00:00Z,2025-09-08T08:00:00Z,2025,5542,5563,2025-09-01T00:00:00Z,2.0493235688237887,-0.04561124971830269,0.46067030797406816,-508.4745762711873,168.8165515718798,-677.2911278430671,362.60489248836154,144.28674097793754,315.5168920377603
ETH_USDT,2025-09-08T00:00:00Z,2025-09-08T08:00:00Z,2025-09-15T08:00:00Z,2025,5563,5584,2025-09-08T00:00:00Z,1.7092252726342227,-0.04862332963300031,0.15449520102959058,712.035565662732,406.7400907976615,305.2954748650705,180.5793328286956,95.01816588810803,130.69264833978508
SOL_USDT,2025-09-08T00:00:00Z,2025-09-08T08:00:00Z,2025-09-15T08:00:00Z,2025,5563,5584,2025-09-08T00:00:00Z,1.81816341250068,-0.04862332963300031,0.24307289349847022,1446.2988793227826,406.7400907976615,1039.5587885251211,315.98401874866863,202.758584299725,274.0859497714603
LINK_USDT,2025-09-08T00:00:00Z,2025-09-08T08:00:00Z,2025-09-15T08:00:00Z,2025,5563,5584,2025-09-08T00:00:00Z,2.130811395753648,-0.04862332963300031,0.22557113821284008,647.3214285714301,406.7400907976615,240.58133777376867,356.4932558123666,248.9839770333994,287.0599418244189
ETH_USDT,2025-09-15T00:00:00Z,2025-09-15T08:00:00Z,2025-09-22T08:00:00Z,2025,5584,5605,2025-09-15T00:00:00Z,1.6901925202086145,-0.017833235294856413,0.06663851534527106,-878.7415413595156,-283.80242856582805,-594.9391127936876,139.9190164996818,106.52591228608242,101.95625665203771
SOL_USDT,2025-09-15T00:00:00Z,2025-09-15T08:00:00Z,2025-09-22T08:00:00Z,2025,5584,5605,2025-09-15T00:00:00Z,1.8207477830401888,-0.017833235294856413,0.28786808348423054,-676.527439280612,-283.80242856582805,-392.725010714784,303.6173670295872,165.68607413043785,252.75791980992727
LINK_USDT,2025-09-15T00:00:00Z,2025-09-15T08:00:00Z,2025-09-22T08:00:00Z,2025,5584,5605,2025-09-15T00:00:00Z,2.105673455730526,-0.017833235294856413,0.1392743648292139,-1077.5681341719078,-283.80242856582805,-793.7657056060798,294.68847994614225,240.68742252836074,246.01536553919243
ETH_USDT,2025-09-22T00:00:00Z,2025-09-22T08:00:00Z,2025-09-29T08:00:00Z,2025,5605,5626,2025-09-22T00:00:00Z,1.6333113747191235,-0.014676686944787852,-0.05953022776569815,-202.98661223166036,-58.12655527906108,-144.86005695259928,137.57556515520807,173.24245786439826,125.66107037982066
SOL_USDT,2025-09-22T00:00:00Z,2025-09-22T08:00:00Z,2025-09-29T08:00:00Z,2025,5605,5626,2025-09-22T00:00:00Z,1.7734431443798795,-0.014676686944787852,0.18877638230595967,-583.1981251126739,-58.12655527906108,-525.0715698336128,305.67371083824366,229.49622203534562,257.187312772554
LINK_USDT,2025-09-22T00:00:00Z,2025-09-22T08:00:00Z,2025-09-29T08:00:00Z,2025,5605,5626,2025-09-22T00:00:00Z,2.0603430647618404,-0.014676686944787852,-0.12403610194477731,-9.398496240601295,-58.12655527906108,48.72805903845978,293.3625145822285,382.73760399404176,274.21653908229325
ETH_USDT,2025-09-29T00:00:00Z,2025-09-29T08:00:00Z,2025-10-06T08:00:00Z,2025,5626,5647,2025-09-29T00:00:00Z,1.6851763590053563,0.034342060028297705,-0.10916837768254502,1034.35517713095,1030.2070442161314,4.148132914818689,131.3793808177158,210.44121941097598,151.87865516529666
SOL_USDT,2025-09-29T00:00:00Z,2025-09-29T08:00:00Z,2025-10-06T08:00:00Z,2025,5626,5647,2025-09-29T00:00:00Z,1.8862077528007872,0.034342060028297705,-0.03712428525612299,1073.5139274432859,1030.2070442161314,43.30688322715446,318.885685954028,379.5420791649588,290.9082902492902
LINK_USDT,2025-09-29T00:00:00Z,2025-09-29T08:00:00Z,2025-10-06T08:00:00Z,2025,5626,5647,2025-09-29T00:00:00Z,2.0592771354119863,0.034342060028297705,-0.14834689494747824,315.14581373471185,1030.2070442161314,-715.0612304814196,241.4134802883685,361.980453537846,284.4211479445672
ETH_USDT,2025-10-06T00:00:00Z,2025-10-06T08:00:00Z,2025-10-13T08:00:00Z,2025,5647,5668,2025-10-06T00:00:00Z,1.581513605882727,0.10963555983889879,-0.12648164481988963,-782.9127327274332,-647.6034980659362,-135.30923466149704,116.48394146858456,211.54022200484457,151.36859035927054
SOL_USDT,2025-10-06T00:00:00Z,2025-10-06T08:00:00Z,2025-10-13T08:00:00Z,2025,5647,5668,2025-10-06T00:00:00Z,1.8317516373146734,0.10963555983889879,-0.08400416576144011,-1494.1435795479097,-647.6034980659362,-846.5400814819735,299.4866006444614,396.2182517215141,327.9270991387255
LINK_USDT,2025-10-06T00:00:00Z,2025-10-06T08:00:00Z,2025-10-13T08:00:00Z,2025,5647,5668,2025-10-06T00:00:00Z,1.9422965431968826,0.10963555983889879,-0.22559173058731552,-1089.8312813497491,-647.6034980659362,-442.227783283813,219.40896238175316,385.21484651311516,270.84869096636106
ETH_USDT,2025-10-13T00:00:00Z,2025-10-13T08:00:00Z,2025-10-20T08:00:00Z,2025,5668,5689,2025-10-13T00:00:00Z,1.7036545567251804,-0.009269976336801891,-0.11069357492135948,-295.00106502899473,-366.5305426376475,71.52947760865277,86.82266800858167,147.74547272500624,116.92898347006596
SOL_USDT,2025-10-13T00:00:00Z,2025-10-13T08:00:00Z,2025-10-20T08:00:00Z,2025,5668,5689,2025-10-13T00:00:00Z,2.0536141543512043,-0.009269976336801891,-0.18744056797247471,-192.07317073170694,-366.5305426376475,174.45737190594056,291.0118909174168,415.98275238979596,323.6493366812996
LINK_USDT,2025-10-13T00:00:00Z,2025-10-13T08:00:00Z,2025-10-20T08:00:00Z,2025,5668,5689,2025-10-13T00:00:00Z,2.2948699998778626,-0.009269976336801891,-0.2583499817941559,-470.8290685772765,-366.5305426376475,-104.29852593962897,223.5373474557169,380.2110681026308,284.56681614123136
ETH_USDT,2025-10-20T00:00:00Z,2025-10-20T08:00:00Z,2025-10-27T08:00:00Z,2025,5689,5710,2025-10-20T00:00:00Z,1.7286475757907003,-0.062350768238147836,-0.007360567775026694,360.8604621914013,394.4124808592542,-33.55201866785285,54.25676197079372,53.10248295778187,72.70368891162613
SOL_USDT,2025-10-20T00:00:00Z,2025-10-20T08:00:00Z,2025-10-27T08:00:00Z,2025,5689,5710,2025-10-20T00:00:00Z,2.064144727344911,-0.062350768238147836,-0.11009707451045497,491.1408144233742,394.4124808592542,96.72833356412002,243.06544955553352,308.39567565158364,282.63367069525
LINK_USDT,2025-10-20T00:00:00Z,2025-10-20T08:00:00Z,2025-10-27T08:00:00Z,2025,5689,5710,2025-10-20T00:00:00Z,2.3248164215861298,-0.062350768238147836,-0.16064062026917608,112.78195488721553,394.4124808592542,-281.63052597203864,167.67552229843722,249.98899720558933,217.78325908248135
ETH_USDT,2025-10-27T00:00:00Z,2025-10-27T08:00:00Z,2025-11-03T08:00:00Z,2025,5710,5731,2025-10-27T00:00:00Z,1.71510021851822,0.04385963700619401,-0.04440091239318092,-1158.7200335129567,-699.7870011048457,-458.933032408111,98.16317742751329,127.56727205840016,104.47041197132037
SOL_USDT,2025-10-27T00:00:00Z,2025-10-27T08:00:00Z,2025-11-03T08:00:00Z,2025,5710,5731,2025-10-27T00:00:00Z,2.007029249768634,0.04385963700619401,-0.11339912283461892,-1283.4567901234573,-699.7870011048457,-583.6697890186116,257.1096805293288,343.33346944984555,296.2217229131579
LINK_USDT,2025-10-27T00:00:00Z,2025-10-27T08:00:00Z,2025-11-03T08:00:00Z,2025,5710,5731,2025-10-27T00:00:00Z,2.2972600801662795,0.04385963700619401,-0.2281374319875667,-1433.8821030270842,-699.7870011048457,-734.0951019222385,185.32300243233718,320.970202809968,232.98477053926703
ETH_USDT,2025-11-03T00:00:00Z,2025-11-03T08:00:00Z,2025-11-10T08:00:00Z,2025,5731,5752,2025-11-03T00:00:00Z,1.6642570218233288,-0.10053728024489421,0.023048870779454222,-283.8844109903238,-93.68070917330496,-190.2037018170188,25.46249807935679,-3.2226088764551193,28.037250834591084
SOL_USDT,2025-11-03T00:00:00Z,2025-11-03T08:00:00Z,2025-11-10T08:00:00Z,2025,5731,5752,2025-11-03T00:00:00Z,1.9543967805520146,-0.10053728024489421,-0.018963566889075967,-517.2511472437824,-93.68070917330496,-423.5704380704774,182.8347909452333,192.2130709551296,206.33493871779046
LINK_USDT,2025-11-03T00:00:00Z,2025-11-03T08:00:00Z,2025-11-10T08:00:00Z,2025,5731,5752,2025-11-03T00:00:00Z,2.2359734010403534,-0.10053728024489421,-0.02195473251282043,148.79107253565004,-93.68070917330496,242.471781708955,98.75019893095242,100.14045912297863,140.07085284244783
ETH_USDT,2025-11-10T00:00:00Z,2025-11-10T08:00:00Z,2025-11-17T08:00:00Z,2025,5752,5773,2025-11-10T00:00:00Z,1.7236464845249257,-0.07407186262392397,0.061210826261460155,-1137.8214452950742,-1015.1730025118954,-122.64844278317878,35.12078117949011,-6.443681192879055,25.459742535589697
SOL_USDT,2025-11-10T00:00:00Z,2025-11-10T08:00:00Z,2025-11-17T08:00:00Z,2025,5752,5773,2025-11-10T00:00:00Z,1.9884424585557858,-0.07407186262392397,0.011653975889881374,-1556.3388696379488,-1015.1730025118954,-541.1658671260534,169.20878874167877,165.42815859764465,177.0838413331246
LINK_USDT,2025-11-10T00:00:00Z,2025-11-10T08:00:00Z,2025-11-17T08:00:00Z,2025,5752,5773,2025-11-10T00:00:00Z,2.166750214950511,-0.07407186262392397,0.07741497899601128,-1368.3567501527184,-1015.1730025118954,-353.18374764082296,64.33945276865559,18.000165338920716,66.99463896878132
ETH_USDT,2025-11-17T00:00:00Z,2025-11-17T08:00:00Z,2025-11-24T08:00:00Z,2025,5773,5794,2025-11-17T00:00:00Z,1.648924401631828,-0.12143107867879792,-0.013162370856312527,-1151.123672790485,-899.4302159308287,-251.6934568596563,47.54514593258897,28.458047072460623,18.871334643795844
SOL_USDT,2025-11-17T00:00:00Z,2025-11-17T08:00:00Z,2025-11-24T08:00:00Z,2025,5773,5794,2025-11-17T00:00:00Z,1.918061740759569,-0.12143107867879792,-0.04965354405852057,-778.3202434019665,-899.4302159308287,121.10997252886216,145.61612855250624,168.39745731362555,141.02349197750218
LINK_USDT,2025-11-17T00:00:00Z,2025-11-17T08:00:00Z,2025-11-24T08:00:00Z,2025,5773,5794,2025-11-17T00:00:00Z,2.0948358441349617,-0.12143107867879792,0.06395647236299487,-1096.956829440906,-899.4302159308287,-197.52661351007725,71.20664918245349,6.656822648495426,39.50183288064317
ETH_USDT,2025-11-24T00:00:00Z,2025-11-24T08:00:00Z,2025-12-01T08:00:00Z,2025,5794,5815,2025-11-24T00:00:00Z,1.4734279947030844,-0.2456220703234831,0.02241659703441795,35.1557807409919,-57.44833538367744,92.60411612466933,4.5854661981657365,-57.63444208100903,-12.484270297043594
SOL_USDT,2025-11-24T00:00:00Z,2025-11-24T08:00:00Z,2025-12-01T08:00:00Z,2025,5794,5815,2025-11-24T00:00:00Z,1.7629078038871295,-0.2456220703234831,0.03925260972281103,-224.04665080948516,-57.44833538367744,-166.59831542580773,96.43458039301245,41.572236242678954,99.44971852443011
LINK_USDT,2025-11-24T00:00:00Z,2025-11-24T08:00:00Z,2025-12-01T08:00:00Z,2025,5794,5815,2025-11-24T00:00:00Z,1.9014008527855581,-0.2456220703234831,0.1109098853633741,-302.0667726550086,-57.44833538367744,-244.61843727133117,15.852040422397874,-105.82308278334277,-23.14553993584224
ETH_USDT,2025-12-01T00:00:00Z,2025-12-01T08:00:00Z,2025-12-08T08:00:00Z,2025,5815,5836,2025-12-01T00:00:00Z,1.4726996252683195,-0.1931087641852173,0.03253497392296628,1035.4868125948435,579.450331194693,456.0364814001505,-10.815284883274224,-62.439843357746405,-27.589594159087394
SOL_USDT,2025-12-01T00:00:00Z,2025-12-01T08:00:00Z,2025-12-08T08:00:00Z,2025,5815,5836,2025-12-01T00:00:00Z,1.746380294707033,-0.1931087641852173,-0.0010379870287132165,662.4283808178321,579.450331194693,82.9780496231391,90.56981800722063,74.73521218484841,76.31411699741275
LINK_USDT,2025-12-01T00:00:00Z,2025-12-01T08:00:00Z,2025-12-08T08:00:00Z,2025,5815,5836,2025-12-01T00:00:00Z,1.8462035131222858,-0.1931087641852173,0.07038160176345093,1483.6065573770506,579.450331194693,904.1562261823576,-1.271825018225516,-81.45880031998448,-40.70315941001159
ETH_USDT,2025-12-08T00:00:00Z,2025-12-08T08:00:00Z,2025-12-15T08:00:00Z,2025,5836,5857,2025-12-08T00:00:00Z,1.4654860358551343,-0.13382323464665183,0.08015942098202301,-17.228672339366646,-197.89448990918723,180.66581756982058,-7.697399690499643,-81.95580142549119,-24.999218165314524
SOL_USDT,2025-12-08T00:00:00Z,2025-12-08T08:00:00Z,2025-12-15T08:00:00Z,2025,5836,5857,2025-12-08T00:00:00Z,1.6708947798676526,-0.13382323464665183,0.021923799691618118,-258.3732057416266,-197.89448990918723,-60.47871583243935,79.70913166734795,55.0827691467447,76.95054266265731
LINK_USDT,2025-12-08T00:00:00Z,2025-12-08T08:00:00Z,2025-12-15T08:00:00Z,2025,5836,5857,2025-12-08T00:00:00Z,1.829850823798056,-0.13382323464665183,0.0992392495249145,-314.0613847251961,-197.89448990918723,-116.16689481600886,-4.622144193308045,-96.88841703367471,-34.51299814898044
ETH_USDT,2025-12-15T00:00:00Z,2025-12-15T08:00:00Z,2025-12-22T08:00:00Z,2025,5857,5878,2025-12-15T00:00:00Z,1.4777056586179336,-0.07030266875728593,0.08805057186151782,-317.2031154619337,-64.99250223640286,-252.21061322553084,12.24904492227226,-54.169100506909956,-12.147373804704682
SOL_USDT,2025-12-15T00:00:00Z,2025-12-15T08:00:00Z,2025-12-22T08:00:00Z,2025,5857,5878,2025-12-15T00:00:00Z,1.6544348034477216,-0.07030266875728593,0.04532133615823769,-456.40018135106544,-64.99250223640286,-391.4076791146626,85.91404263937845,55.034483479463724,80.1971072192936
LINK_USDT,2025-12-15T00:00:00Z,2025-12-15T08:00:00Z,2025-12-22T08:00:00Z,2025,5857,5878,2025-12-15T00:00:00Z,1.8230883848068333,-0.07030266875728593,0.08903415545941723,-722.1812822402362,-64.99250223640286,-657.1887800038334,23.360007165427675,-49.88997308543164,-8.391309710559224
ETH_USDT,2025-12-22T00:00:00Z,2025-12-22T08:00:00Z,2025-12-29T08:00:00Z,2025,5878,5899,2025-12-22T00:00:00Z,1.4753515161718005,0.04062316689301869,0.022003942709799364,-33.50210914755958,50.197319505080884,-83.69942865264046,19.816583261872864,8.743439195194362,-1.8502300425253217
SOL_USDT,2025-12-22T00:00:00Z,2025-12-22T08:00:00Z,2025-12-29T08:00:00Z,2025,5878,5899,2025-12-22T00:00:00Z,1.6352035405715704,0.04062316689301869,-0.0872358748541192,125.09897070467125,50.197319505080884,74.90165119959036,86.50430353959436,152.452922363606,78.81650745580971
LINK_USDT,2025-12-22T00:00:00Z,2025-12-22T08:00:00Z,2025-12-29T08:00:00Z,2025,5878,5899,2025-12-22T00:00:00Z,1.8075001025571868,0.04062316689301869,-0.04654084857929651,158.85623510722758,50.197319505080884,108.65891560214669,28.886165791629303,55.669227493394956,4.194352614870886
ETH_USDT,2025-12-29T00:00:00Z,2025-12-29T08:00:00Z,2026-01-05T08:00:00Z,2025,5899,5920,2025-12-29T00:00:00Z,1.4720297415481836,-0.03285840204759341,0.021540056964542118,456.133611082592,323.9225818200442,132.2110292625478,12.753029191766252,-5.611238188087734,4.189759246288872
SOL_USDT,2025-12-29T00:00:00Z,2025-12-29T08:00:00Z,2026-01-05T08:00:00Z,2025,5899,5920,2025-12-29T00:00:00Z,1.6203144920972756,-0.03285840204759341,-0.038674435661215666,591.9612136377839,323.9225818200442,268.0386318177397,22.231954528433462,49.80922085969722,49.37842237206385
LINK_USDT,2025-12-29T00:00:00Z,2025-12-29T08:00:00Z,2026-01-05T08:00:00Z,2025,5899,5920,2025-12-29T00:00:00Z,1.8268698232934077,-0.03285840204759341,0.010856979135941226,617.6700547302594,323.9225818200442,293.7474729102152,11.76681582785346,-4.093508003451101,21.069927555319964
ETH_USDT,2026-01-05T00:00:00Z,2026-01-05T08:00:00Z,2026-01-12T08:00:00Z,2026,5920,5941,2026-01-05T00:00:00Z,1.4737820470566758,0.024326012048280155,0.004021194532153008,-69.39605478202382,-120.24777609058734,50.85172130856351,9.46120885977584,8.591076943494874,3.80543731711912
SOL_USDT,2026-01-05T00:00:00Z,2026-01-05T08:00:00Z,2026-01-12T08:00:00Z,2026,5920,5941,2026-01-05T00:00:00Z,1.6225079496956225,0.024326012048280155,-0.03326143195062489,440.75304540420746,-120.24777609058734,561.0008214947948,29.569136803671302,54.62119258682188,44.818388325006694
LINK_USDT,2026-01-05T00:00:00Z,2026-01-05T08:00:00Z,2026-01-12T08:00:00Z,2026,5920,5941,2026-01-05T00:00:00Z,1.8617828342974858,0.024326012048280155,-0.05713296928630794,-220.91310751104598,-120.24777609058734,-100.66533142045864,15.419713029587719,49.165491175406636,11.350402276122196
ETH_USDT,2026-01-12T00:00:00Z,2026-01-12T08:00:00Z,2026-01-19T08:00:00Z,2026,5941,5962,2026-01-12T00:00:00Z,1.3607286319925616,0.008221819157507764,0.001244219952583711,230.08742301448225,156.82747555495257,73.25994745952968,3.327253272357442,-0.8024457241566747,1.2779821092894446
SOL_USDT,2026-01-12T00:00:00Z,2026-01-12T08:00:00Z,2026-01-19T08:00:00Z,2026,5941,5962,2026-01-12T00:00:00Z,1.4493929484916865,0.008221819157507764,0.04273533151429436,-562.1552821383102,156.82747555495257,-718.9827576932628,30.3383457644673,1.7154812220259907,36.02171850441027
LINK_USDT,2026-01-12T00:00:00Z,2026-01-12T08:00:00Z,2026-01-19T08:00:00Z,2026,5941,5962,2026-01-12T00:00:00Z,1.5976119721518072,0.008221819157507764,-0.04443440389310872,-384.0361445783136,156.82747555495257,-540.8636201332662,4.4551036843902425,18.16104438774598,11.84749228422533
ETH_USDT,2026-01-19T00:00:00Z,2026-01-19T08:00:00Z,2026-01-26T08:00:00Z,2026,5962,5983,2026-01-19T00:00:00Z,1.370944547483734,0.06091974728163223,0.013798230174693352,-945.1374447773464,-521.423473653303,-423.7139711240435,-1.9543940222727123,-8.265618992842379,-1.8423187886649366
SOL_USDT,2026-01-19T00:00:00Z,2026-01-19T08:00:00Z,2026-01-26T08:00:00Z,2026,5962,5983,2026-01-19T00:00:00Z,1.4250637730332327,0.06091974728163223,0.0010742158195548163,-791.9382632801374,-521.423473653303,-270.5147896268345,27.48179614957801,24.10355206699235,15.0187182803055
LINK_USDT,2026-01-19T00:00:00Z,2026-01-19T08:00:00Z,2026-01-26T08:00:00Z,2026,5962,5983,2026-01-19T00:00:00Z,1.536609508240086,0.06091974728163223,-0.03326673300507078,-712.6076742364918,-521.423473653303,-191.18420058318884,-10.787143777854904,-0.7059667204144482,-2.9908644130412103
ETH_USDT,2026-01-26T00:00:00Z,2026-01-26T08:00:00Z,2026-02-02T08:00:00Z,2026,5983,6004,2026-01-26T00:00:00Z,1.3982725870500086,-0.008034981419733222,-0.027447647037497372,-2325.4668907007504,-1288.611082828489,-1036.8558078722613,-3.3889587929579896,7.175825903925073,-8.329875645149732
SOL_USDT,2026-01-26T00:00:00Z,2026-01-26T08:00:00Z,2026-02-02T08:00:00Z,2026,5983,6004,2026-01-26T00:00:00Z,1.4269234023751791,-0.008034981419733222,-0.016822427768909406,-1747.7624084621646,-1288.611082828489,-459.15132563367547,17.889975780617114,17.354856565343315,13.957708018022212
LINK_USDT,2026-01-26T00:00:00Z,2026-01-26T08:00:00Z,2026-02-02T08:00:00Z,2026,5983,6004,2026-01-26T00:00:00Z,1.540025861419786,-0.008034981419733222,-0.04415720904301838,-2082.630691399662,-1288.611082828489,-794.0196085711727,-26.269617251983522,-15.942179872152545,-24.046098310208468
ETH_USDT,2026-02-02T00:00:00Z,2026-02-02T08:00:00Z,2026-02-09T08:00:00Z,2026,6004,6025,2026-02-02T00:00:00Z,1.4091050469443853,-0.15636307829324303,-0.09940036143726608,-732.1450202563562,-813.7394375585538,81.5944173021976,-6.521006934796013,27.68310363362496,-7.227686491281062
SOL_USDT,2026-02-02T00:00:00Z,2026-02-02T08:00:00Z,2026-02-09T08:00:00Z,2026,6004,6025,2026-02-02T00:00:00Z,1.3999613174581105,-0.15636307829324303,-0.05305507701828793,-1569.710116347861,-813.7394375585538,-755.9706787893072,1.6492081405948813,6.252612506489168,-4.519572846223433
LINK_USDT,2026-02-02T00:00:00Z,2026-02-02T08:00:00Z,2026-02-09T08:00:00Z,2026,6004,6025,2026-02-02T00:00:00Z,1.4281484775533717,-0.15636307829324303,-0.12042320253677413,-702.8753993610226,-813.7394375585538,110.86403819753127,-38.867762947009,-6.566464025234465,-41.407321815284256
ETH_USDT,2026-02-09T00:00:00Z,2026-02-09T08:00:00Z,2026-02-16T08:00:00Z,2026,6025,6046,2026-02-09T00:00:00Z,1.2112895626036884,-0.25370588501556557,-0.08330221063775362,-457.94727313214435,-260.52719730983995,-197.4200758223044,-55.880127829835445,-44.524558217709234,-44.27837295299387
SOL_USDT,2026-02-09T00:00:00Z,2026-02-09T08:00:00Z,2026-02-16T08:00:00Z,2026,6025,6046,2026-02-09T00:00:00Z,1.2092088836951296,-0.25370588501556557,-0.13985769364158834,-50.29239766081939,-260.52719730983995,210.23479964902054,-42.35512225319219,-7.860130150700748,-47.41015492277576
LINK_USDT,2026-02-09T00:00:00Z,2026-02-09T08:00:00Z,2026-02-16T08:00:00Z,2026,6025,6046,2026-02-09T00:00:00Z,1.2161791744369639,-0.25370588501556557,-0.0889541846525661,45.81901489117968,-260.52719730983995,306.3462122010196,-114.91496609815724,-113.27313158170972,-104.64590577908857
ETH_USDT,2026-02-16T00:00:00Z,2026-02-16T08:00:00Z,2026-02-23T08:00:00Z,2026,6046,6067,2026-02-16T00:00:00Z,1.2341481994638088,-0.32798232905599667,-0.11171976555902063,-434.4693933459831,-383.2965265442623,-51.17286680172083,-56.44858706234329,-39.96693658278985,-52.245242387488304
SOL_USDT,2026-02-16T00:00:00Z,2026-02-16T08:00:00Z,2026-02-23T08:00:00Z,2026,6046,6067,2026-02-16T00:00:00Z,1.2317197662139616,-0.32798232905599667,-0.11578648331733477,-666.5099329963542,-383.2965265442623,-283.21340645209193,-49.847108869899714,-36.16619733407882,-31.79749447208305
LINK_USDT,2026-02-16T00:00:00Z,2026-02-16T08:00:00Z,2026-02-23T08:00:00Z,2026,6046,6067,2026-02-16T00:00:00Z,1.2098354196591856,-0.32798232905599667,-0.04916386936853534,-478.90535917901934,-383.2965265442623,-95.60883263475705,-117.44432234236535,-146.31863332001143,-119.53455692648899
ETH_USDT,2026-02-23T00:00:00Z,2026-02-23T08:00:00Z,2026-03-02T08:00:00Z,2026,6067,6088,2026-02-23T00:00:00Z,1.2204373621276836,-0.2811084328805832,-0.06906885077738967,297.7989923097324,7.407638752230383,290.39135355750204,-55.07038502297824,-55.80467486342576,-42.01147077821902
SOL_USDT,2026-02-23T00:00:00Z,2026-02-23T08:00:00Z,2026-03-02T08:00:00Z,2026,6067,6088,2026-02-23T00:00:00Z,1.2459103287846083,-0.2811084328805832,-0.0810240130390999,448.3627204030216,7.407638752230383,440.95508165079127,-30.550944123687493,-30.108364290912416,-18.43223397795033
LINK_USDT,2026-02-23T00:00:00Z,2026-02-23T08:00:00Z,2026-03-02T08:00:00Z,2026,6067,6088,2026-02-23T00:00:00Z,1.2128612422830345,-0.2811084328805832,4.450865363242462e-05,395.2095808383227,7.407638752230383,387.80194208609237,-91.92873420490116,-138.56220103752378,-103.5846286131613
ETH_USDT,2026-03-02T00:00:00Z,2026-03-02T08:00:00Z,2026-03-09T08:00:00Z,2026,6088,6109,2026-03-02T00:00:00Z,1.25821110866661,-0.24765089627406836,-0.021845791452646923,217.64993690932988,234.41623565699788,-16.766298747668003,-65.5118269874924,-84.49772838617932,-62.1850026586213
SOL_USDT,2026-03-02T00:00:00Z,2026-03-02T08:00:00Z,2026-03-09T08:00:00Z,2026,6088,6109,2026-03-02T00:00:00Z,1.296534416289054,-0.24765089627406836,-0.02007256750050823,26.518804243009786,234.41623565699788,-207.8974314139881,-28.299805077247495,-51.59637828742434,-24.065231633048164
LINK_USDT,2026-03-02T00:00:00Z,2026-03-02T08:00:00Z,2026-03-09T08:00:00Z,2026,6088,6109,2026-03-02T00:00:00Z,1.2608691285479545,-0.24765089627406836,0.09350438129161168,80.6451612903225,234.41623565699788,-153.77107436667538,-88.72943867160326,-174.80611580476335,-109.26848499707492
ETH_USDT,2026-03-09T00:00:00Z,2026-03-09T08:00:00Z,2026-03-16T08:00:00Z,2026,6109,6130,2026-03-09T00:00:00Z,1.2309125667716336,-0.06753221884769979,0.019972851262973712,1335.9476992403875,873.5916872634242,462.35601197696326,-35.91074859848975,-57.19754405309049,-37.78312792668785
SOL_USDT,2026-03-09T00:00:00Z,2026-03-09T08:00:00Z,2026-03-16T08:00:00Z,2026,6109,6130,2026-03-09T00:00:00Z,1.2278201212613882,-0.06753221884769979,0.013442576590567717,1247.896128877133,873.5916872634242,374.3044416137087,-8.310731380254232,-30.0602008919168,-13.049112816747485
LINK_USDT,2026-03-09T00:00:00Z,2026-03-09T08:00:00Z,2026-03-16T08:00:00Z,2026,6109,6130,2026-03-09T00:00:00Z,1.1788143730786065,-0.06753221884769979,0.03822273406070399,1074.2857142857142,873.5916872634242,200.69402702229002,-54.24963517563859,-96.31153433603617,-92.27068159082059
ETH_USDT,2026-03-16T00:00:00Z,2026-03-16T08:00:00Z,2026-03-23T08:00:00Z,2026,6130,6151,2026-03-16T00:00:00Z,1.2168090163425527,0.05593753409275082,-0.006735747657499944,-908.0682096089276,-697.4899086795227,-210.57830092940492,-30.347729105443662,-32.91290806058638,-38.08004516252363
SOL_USDT,2026-03-16T00:00:00Z,2026-03-16T08:00:00Z,2026-03-23T08:00:00Z,2026,6130,6151,2026-03-16T00:00:00Z,1.2299011833216997,0.05593753409275082,0.02150882854948412,-808.037622915776,-697.4899086795227,-110.54771423625323,-2.064721582141125,-17.90488332955057,-9.76562915142028
LINK_USDT,2026-03-16T00:00:00Z,2026-03-16T08:00:00Z,2026-03-23T08:00:00Z,2026,6130,6151,2026-03-16T00:00:00Z,1.1674835415325258,0.05593753409275082,0.014648841815202387,-1073.271413828688,-697.4899086795227,-375.78150514916535,-39.96626439627566,-63.58856470795578,-59.9756750853646
ETH_USDT,2026-03-23T00:00:00Z,2026-03-23T08:00:00Z,2026-03-30T08:00:00Z,2026,6151,6172,2026-03-23T00:00:00Z,1.2294986080614079,-0.002369903568749989,0.04518449601258146,72.62572564592729,-103.72270212587908,176.34842777180637,-22.801072825433813,-44.168417557127974,-24.3566066787487
SOL_USDT,2026-03-23T00:00:00Z,2026-03-23T08:00:00Z,2026-03-30T08:00:00Z,2026,6151,6172,2026-03-23T00:00:00Z,1.2199614716480218,-0.002369903568749989,0.02080002106085772,-231.39534883720893,-103.72270212587908,-127.67264671132985,-41.83900528708797,-55.964130037249895,-46.763082296805095
LINK_USDT,2026-03-23T00:00:00Z,2026-03-23T08:00:00Z,2026-03-30T08:00:00Z,2026,6151,6172,2026-03-23T00:00:00Z,1.168621582337899,-0.002369903568749989,-0.027862483156004265,115.6069364161838,-103.72270212587908,219.32963854206287,-36.56854941180616,-43.028676566889104,-43.3374746987401
ETH_USDT,2026-03-30T00:00:00Z,2026-03-30T08:00:00Z,2026-04-06T08:00:00Z,2026,6172,6193,2026-03-30T00:00:00Z,1.2231634775647706,0.0021053512537642675,0.02542525080297659,365.7541828916577,220.55947565663868,145.19470723501902,-23.74032824909382,-38.14414528826721,-31.673967293469797
SOL_USDT,2026-03-30T00:00:00Z,2026-03-30T08:00:00Z,2026-04-06T08:00:00Z,2026,6172,6193,2026-03-30T00:00:00Z,1.223976302662558,0.0021053512537642675,-0.00759865105831966,-259.4929175098215,220.55947565663868,-480.0523931664602,-36.27051802429449,-41.73852297396097,-41.42425792497964
LINK_USDT,2026-03-30T00:00:00Z,2026-03-30T08:00:00Z,2026-04-06T08:00:00Z,2026,6172,6193,2026-03-30T00:00:00Z,1.1656422571655658,0.0021053512537642675,-0.03631604899774034,240.00000000000023,220.55947565663868,19.440524343361545,-37.77469187664831,-40.39718233940186,-40.13393402526285
ETH_USDT,2026-04-06T00:00:00Z,2026-04-06T08:00:00Z,2026-04-13T08:00:00Z,2026,6193,6214,2026-04-06T00:00:00Z,1.2294839062147151,0.01341867858318287,0.04784050788343767,241.97741356778658,245.66991883634427,-3.6925052685576816,-22.229236879785482,-44.0692767487706,-28.99346093203122
SOL_USDT,2026-04-06T00:00:00Z,2026-04-06T08:00:00Z,2026-04-13T08:00:00Z,2026,6193,6214,2026-04-06T00:00:00Z,1.2115643694454317,0.01341867858318287,-0.049996311232336776,41.54955395331727,245.66991883634427,-204.12036488302698,-41.537587000802674,-34.081528689918414,-44.01970973162502
LINK_USDT,2026-04-06T00:00:00Z,2026-04-06T08:00:00Z,2026-04-13T08:00:00Z,2026,6193,6214,2026-04-06T00:00:00Z,1.1526212280318433,0.01341867858318287,-0.013196505252573758,-267.857142857143,245.66991883634427,-513.5270616934872,-33.40046136389764,-42.66866739843561,-34.50006500272558
ETH_USDT,2026-04-13T00:00:00Z,2026-04-13T08:00:00Z,2026-04-20T08:00:00Z,2026,6214,6235,2026-04-13T00:00:00Z,1.2331290039213876,-0.0026684379844157287,0.04971950988042822,513.3153752223785,568.1513285248574,-54.835953302478856,-14.899357939763485,-34.99455493225308,-22.43873956800109
SOL_USDT,2026-04-13T00:00:00Z,2026-04-13T08:00:00Z,2026-04-20T08:00:00Z,2026,6214,6235,2026-04-13T00:00:00Z,1.2188634579253212,-0.0026684379844157287,-0.07515666770602791,312.76621638067326,568.1513285248574,-255.38511214418412,-29.769422095568817,-17.628254502397763,-27.530483433096656
LINK_USDT,2026-04-13T00:00:00Z,2026-04-13T08:00:00Z,2026-04-20T08:00:00Z,2026,6214,6235,2026-04-13T00:00:00Z,1.1545260541208635,-0.0026684379844157287,-0.036228041584877274,607.7981651376141,568.1513285248574,39.646836612756715,-20.70311928349876,-22.789968196384496,-24.094048198295845
ETH_USDT,2026-04-20T00:00:00Z,2026-04-20T08:00:00Z,2026-04-27T08:00:00Z,2026,6235,6256,2026-04-20T00:00:00Z,1.2393407379180572,0.04561808923607847,-0.0034338414557038843,74.77781982851982,370.0580379966212,-295.2802181681013,-17.282196605826922,-19.4806096032212,-22.26763474545362
SOL_USDT,2026-04-20T00:00:00Z,2026-04-20T08:00:00Z,2026-04-27T08:00:00Z,2026,6235,6256,2026-04-20T00:00:00Z,1.213552796423706,0.04561808923607847,-0.1289029843274917,62.54425300920463,370.0580379966212,-307.51378498741656,-20.603615834957342,6.008095803530414,-16.723409455655023
LINK_USDT,2026-04-20T00:00:00Z,2026-04-20T08:00:00Z,2026-04-27T08:00:00Z,2026,6235,6256,2026-04-20T00:00:00Z,1.1471758010001039,0.04561808923607847,-0.058932652090844445,64.86486486486642,370.0580379966212,-305.19317313175475,-6.280855243307393,-0.23716624125100694,-6.391795018993259
ETH_USDT,2026-04-27T00:00:00Z,2026-04-27T08:00:00Z,2026-05-04T08:00:00Z,2026,6256,6277,2026-04-27T00:00:00Z,1.214223088536934,0.16929693078450858,-0.032426196195828844,202.02936096718415,269.32764343852836,-67.29828247134421,-26.49105402171475,-17.402992699181272,-25.813558005937168
SOL_USDT,2026-04-27T00:00:00Z,2026-04-27T08:00:00Z,2026-05-04T08:00:00Z,2026,6256,6277,2026-04-27T00:00:00Z,1.186100676864444,0.16929693078450858,-0.15586503866854057,-46.909815878971585,269.32764343852836,-316.23745931749994,-36.29383257123031,-2.4524255407514026,-27.175494465540694
LINK_USDT,2026-04-27T00:00:00Z,2026-04-27T08:00:00Z,2026-05-04T08:00:00Z,2026,6256,6277,2026-04-27T00:00:00Z,1.118392472029874,0.16929693078450858,-0.08842382926991499,10.741138560688146,269.32764343852836,-258.5865048778402,-29.16750075156297,-12.234049863657464,-26.140265398153304
ETH_USDT,2026-05-04T00:00:00Z,2026-05-04T08:00:00Z,2026-05-11T08:00:00Z,2026,6277,6298,2026-05-04T00:00:00Z,1.1779969671833577,0.15981210512856928,-0.06525574270965363,-136.44885918765448,130.95264235994497,-267.4015015475994,-35.50082477980372,-17.890556063203846,-31.791185328350394
SOL_USDT,2026-05-04T00:00:00Z,2026-05-04T08:00:00Z,2026-05-11T08:00:00Z,2026,6277,6298,2026-05-04T00:00:00Z,1.1516940717832291,0.15981210512856928,-0.14132403437871427,1233.6514669494525,130.95264235994497,1102.6988245895075,-32.85075673250454,0.2707668400598653,-18.013338655425674
LINK_USDT,2026-05-04T00:00:00Z,2026-05-04T08:00:00Z,2026-05-11T08:00:00Z,2026,6277,6298,2026-05-04T00:00:00Z,1.0927952401454641,0.15981210512856928,-0.1206355341390379,1298.283261802573,130.95264235994497,1167.330619442628,-25.796370286961107,0.930564730897224,-18.56226393176856
ETH_USDT,2026-05-11T00:00:00Z,2026-05-11T08:00:00Z,2026-05-18T08:00:00Z,2026,6298,6319,2026-05-11T00:00:00Z,1.2842675505880405,0.1193294489813053,-0.09855305521579462,-899.916328763597,-454.1357238755306,-445.7806048880664,-25.940683676634144,-5.262240746408935,-21.014368641735196
SOL_USDT,2026-05-11T00:00:00Z,2026-05-11T08:00:00Z,2026-05-18T08:00:00Z,2026,6298,6319,2026-05-11T00:00:00Z,1.2436864198264403,0.1193294489813053,-0.019825589820602674,-1109.7126075099638,-454.1357238755306,-655.5768836344332,-38.70137229855096,-37.255666647412674,-29.342003660155065
LINK_USDT,2026-05-11T00:00:00Z,2026-05-11T08:00:00Z,2026-05-18T08:00:00Z,2026,6298,6319,2026-05-11T00:00:00Z,1.2121642206055534,0.1193294489813053,0.020289358933554463,-997.1509971509962,-454.1357238755306,-543.0152732754657,-27.55949953853855,-34.960755787960274,-19.986163084879387
ETH_USDT,2026-05-18T00:00:00Z,2026-05-18T08:00:00Z,2026-05-25T08:00:00Z,2026,6319,6340,2026-05-18T00:00:00Z,1.2521315491203178,0.004991543705016029,-0.13301294786327356,-21.359662771948116,42.48142264889676,-63.84108542084488,-16.536685694699017,13.313180043782403,-6.1057842260397726
SOL_USDT,2026-05-18T00:00:00Z,2026-05-18T08:00:00Z,2026-05-25T08:00:00Z,2026,6319,6340,2026-05-18T00:00:00Z,1.2004319942988653,0.004991543705016029,-0.04645729959841919,140.39641340254815,42.48142264889676,97.91499075365138,-13.104332043388503,-9.12041513202197,-14.59531981144832
LINK_USDT,2026-05-18T00:00:00Z,2026-05-18T08:00:00Z,2026-05-25T08:00:00Z,2026,6319,6340,2026-05-18T00:00:00Z,1.2254778656628662,0.004991543705016029,-0.011328085538738047,44.30379746835467,42.48142264889676,1.822374819457906,6.5605554804799056,1.6300803019610708,-0.040351052077060245
ETH_USDT,2026-05-25T00:00:00Z,2026-05-25T08:00:00Z,2026-06-01T08:00:00Z,2026,6340,6361,2026-05-25T00:00:00Z,1.2735788838146622,-0.004817678774952805,-0.09140376031085118,-660.9207622773816,-592.1245832262612,-68.79617905112048,-19.55061798899563,0.9639236731653895,-13.567449810637257
SOL_USDT,2026-05-25T00:00:00Z,2026-05-25T08:00:00Z,2026-06-01T08:00:00Z,2026,6340,6361,2026-05-25T00:00:00Z,1.1843156867335536,-0.004817678774952805,-0.004909786886913999,-606.1663757998848,-592.1245832262612,-14.041792573623638,-52.52904751086936,-60.8236573366854,-51.86641422941008
LINK_USDT,2026-05-25T00:00:00Z,2026-05-25T08:00:00Z,2026-06-01T08:00:00Z,2026,6340,6361,2026-05-25T00:00:00Z,1.226284622982843,-0.004817678774952805,0.0113302179438097,-582.8607435412725,-592.1245832262612,9.263839684988625,-31.559289348331127,-43.78625849117305,-32.65789501405859
ETH_USDT,2026-06-01T00:00:00Z,2026-06-01T08:00:00Z,2026-06-08T08:00:00Z,2026,6361,6382,2026-06-01T00:00:00Z,1.2266082075836662,-0.0600124011960401,-0.06074955941881652,-1532.8725675716703,-1309.2916586558267,-223.58090891584357,-49.6191537377226,-41.572460770147245,-46.71885392378587
SOL_USDT,2026-06-01T00:00:00Z,2026-06-01T08:00:00Z,2026-06-08T08:00:00Z,2026,6361,6382,2026-06-01T00:00:00Z,1.1178912035507613,-0.0600124011960401,0.0512025248609892,-1813.227644290315,-1309.2916586558267,-503.93598563448836,-55.671526334757914,-81.55101250139285,-57.463121767964346
LINK_USDT,2026-06-01T00:00:00Z,2026-06-01T08:00:00Z,2026-06-08T08:00:00Z,2026,6361,6382,2026-06-01T00:00:00Z,1.1559724810170644,-0.0600124011960401,0.07463354694010838,-1180.9969889595184,-1309.2916586558267,128.29466969630835,-45.21953497530157,-76.61605915313221,-47.66076956551461
ETH_USDT,2026-06-08T00:00:00Z,2026-06-08T08:00:00Z,2026-06-15T08:00:00Z,2026,6382,6403,2026-06-08T00:00:00Z,1.2871933194198322,-0.2360474606139723,-0.007105013729489407,257.78925101286984,377.78269388786924,-119.9934428749994,-45.48204400314855,-57.44784973412375,-44.52015531753416
SOL_USDT,2026-06-08T00:00:00Z,2026-06-08T08:00:00Z,2026-06-15T08:00:00Z,2026,6382,6403,2026-06-08T00:00:00Z,1.221468502356841,-0.2360474606139723,-0.03637078093117729,783.6611195158861,377.78269388786924,405.8784256280168,-51.290572001514974,-59.57389826056914,-59.08467501920763
LINK_USDT,2026-06-08T00:00:00Z,2026-06-08T08:00:00Z,2026-06-15T08:00:00Z,2026,6382,6403,2026-06-08T00:00:00Z,1.1846363803273792,-0.2360474606139723,0.012749188930861521,349.0136570561453,377.78269388786924,-28.76903683172395,-55.55166754851095,-78.06246661765584,-65.08959146445035
ETH_USDT,2026-06-15T00:00:00Z,2026-06-15T08:00:00Z,2026-06-22T08:00:00Z,2026,6403,6424,2026-06-15T00:00:00Z,1.2375680545387429,-0.18507418741790005,-0.024975786687668616,173.24944658045015,-222.8496914187428,396.099137999193,-50.84127867702738,-55.58357004566787,-51.27957610051256
SOL_USDT,2026-06-15T00:00:00Z,2026-06-15T08:00:00Z,2026-06-22T08:00:00Z,2026,6403,6424,2026-06-15T00:00:00Z,1.2380274261750908,-0.18507418741790005,0.004413333498651334,395.6228956228958,-222.8496914187428,618.4725870416386,-47.77565929330717,-60.80927487270671,-48.0071009094175
LINK_USDT,2026-06-15T00:00:00Z,2026-06-15T08:00:00Z,2026-06-22T08:00:00Z,2026,6403,6424,2026-06-15T00:00:00Z,1.1784543433100083,-0.18507418741790005,0.010355165798284882,-266.3734115347005,-222.8496914187428,-43.5237201159577,-38.122586516361494,-53.594865216101596,-38.97172494079189
ETH_USDT,2026-06-22T00:00:00Z,2026-06-22T08:00:00Z,2026-06-29T08:00:00Z,2026,6424,6445,2026-06-22T00:00:00Z,1.2427226878092053,-0.17658097155749328,0.028601709403736353,-951.5329202789824,-651.7850468454089,-299.74787343357343,-49.400520993635226,-65.00140569063845,-49.38997887578863
SOL_USDT,2026-06-22T00:00:00Z,2026-06-22T08:00:00Z,2026-06-29T08:00:00Z,2026,6424,6445,2026-06-22T00:00:00Z,1.2499400668299323,-0.17658097155749328,0.06818291525448708,-186.23481781376404,-651.7850468454089,465.5502290316449,-35.47113763375778,-61.26905138077528,-35.435383107839186
LINK_USDT,2026-06-22T00:00:00Z,2026-06-22T08:00:00Z,2026-06-29T08:00:00Z,2026,6424,6445,2026-06-22T00:00:00Z,1.1454159619566338,-0.17658097155749328,0.011365442788742686,-804.6698468491087,-651.7850468454089,-152.88480000369975,-33.319983617856536,-49.107048907646835,-33.27497599082078
ETH_USDT,2026-06-29T00:00:00Z,2026-06-29T08:00:00Z,2026-07-06T08:00:00Z,2026,6445,6466,2026-06-29T00:00:00Z,1.2527917805859206,-0.20948189695843208,0.01436956558590799,1216.0084041590458,510.3470978664082,705.6613062926376,-35.278770055662406,-49.240341283841914,-34.630088015848855
SOL_USDT,2026-06-29T00:00:00Z,2026-06-29T08:00:00Z,2026-07-06T08:00:00Z,2026,6445,6466,2026-06-29T00:00:00Z,1.2241242611715402,-0.20948189695843208,0.11724265720088764,1115.2365236523653,510.3470978664082,604.8894257859572,-9.68383840956068,-48.26699493702884,-8.58757658626092
LINK_USDT,2026-06-29T00:00:00Z,2026-06-29T08:00:00Z,2026-07-06T08:00:00Z,2026,6445,6466,2026-06-29T00:00:00Z,1.1394314215621932,-0.20948189695843208,0.022505367190611636,855.9726962457325,510.3470978664082,345.62559837932434,-12.250382896085197,-31.700437853823935,-11.589447473656223
ETH_USDT,2026-07-06T00:00:00Z,2026-07-06T08:00:00Z,2026-07-13T08:00:00Z,2026,6466,6487,2026-07-06T00:00:00Z,1.2636608229381612,0.04160015135606939,0.06763957935276749,86.10183262616201,-16.46710335901025,102.56893598517226,-43.34768228814163,-57.582452803015585,-42.430507787449145
SOL_USDT,2026-07-06T00:00:00Z,2026-07-06T08:00:00Z,2026-07-13T08:00:00Z,2026,6466,6487,2026-07-06T00:00:00Z,1.262508972286123,0.04160015135606939,0.19594393763562434,-541.8780155882707,-16.46710335901025,-525.4109122292605,-26.05638909645431,-61.05112324192211,-22.482028329550733
LINK_USDT,2026-07-06T00:00:00Z,2026-07-06T08:00:00Z,2026-07-13T08:00:00Z,2026,6466,6487,2026-07-06T00:00:00Z,1.1609471591960334,0.04160015135606939,0.04211530014105777,33.95372233400362,-16.46710335901025,50.42082569301387,-32.08056923321023,-44.31296985089844,-30.588136578449486
ETH_USDT,2026-07-13T00:00:00Z,2026-07-13T08:00:00Z,2026-07-20T08:00:00Z,2026,6487,6508,2026-07-13T00:00:00Z,1.2177299651120719,0.003140548817103115,0.07706137249005503,427.22563465691144,205.5202202791673,221.70541437774415,-36.37063543060314,-49.300117167965254,-30.69019688659462
SOL_USDT,2026-07-13T00:00:00Z,2026-07-13T08:00:00Z,2026-07-20T08:00:00Z,2026,6487,6508,2026-07-13T00:00:00Z,1.240888137230495,0.003140548817103115,0.1368664140204321,-30.085022890778966,205.5202202791673,-235.60524316994625,-21.2524531416558,-41.55300957848278,-7.908190224052483
LINK_USDT,2026-07-13T00:00:00Z,2026-07-13T08:00:00Z,2026-07-20T08:00:00Z,2026,6487,6508,2026-07-13T00:00:00Z,1.1366496239964354,0.003140548817103115,0.012819972370544741,477.50344654718504,205.5202202791673,271.98322626801775,-25.232044938347222,-31.29972766323594,-20.4114455845275
ETH_USDT,2026-07-20T00:00:00Z,2026-07-20T08:00:00Z,2026-07-27T08:00:00Z,2026,6508,6529,2026-07-20T00:00:00Z,1.2260621356094585,0.01837835497443229,0.06740819369053569,538.7483569838247,146.54322549109588,392.2051314927288,-37.567921225241506,-51.403144204428436,-33.50861638915824
SOL_USDT,2026-07-20T00:00:00Z,2026-07-20T08:00:00Z,2026-07-27T08:00:00Z,2026,6508,6529,2026-07-20T00:00:00Z,1.2399709770476637,0.01837835497443229,0.06815821377568948,34.111781684598164,146.54322549109588,-112.43144380649773,-29.821930394867525,-43.77340971745416,-23.40999726061308
LINK_USDT,2026-07-20T00:00:00Z,2026-07-20T08:00:00Z,2026-07-27T08:00:00Z,2026,6508,6529,2026-07-20T00:00:00Z,1.146117359179815,0.01837835497443229,0.03220871493956597,540.6698564593304,146.54322549109588,394.1266309682345,-22.45726283769191,-32.25872508236154,-20.582071552938224
ETH_USDT,2026-07-27T00:00:00Z,2026-07-27T08:00:00Z,2026-08-03T08:00:00Z,2026,6529,6550,2026-07-27T00:00:00Z,1.2395560038062767,0.08455768934134035,0.10884391435869417,-612.9700616482636,-398.77501437781905,-214.19504727044455,-33.069300135422004,-54.99833778258704,-31.327315363706823
SOL_USDT,2026-07-27T00:00:00Z,2026-07-27T08:00:00Z,2026-08-03T08:00:00Z,2026,6529,6550,2026-07-27T00:00:00Z,1.2649216255081832,0.08455768934134035,-0.041551443438366004,-517.7824267782438,-398.77501437781905,-119.00741240042476,-40.13843555656645,-36.22640559143889,-38.39639571650076
LINK_USDT,2026-07-27T00:00:00Z,2026-07-27T08:00:00Z,2026-08-03T08:00:00Z,2026,6529,6550,2026-07-27T00:00:00Z,1.1993855566730167,0.08455768934134035,0.08092694863863263,-672.9459827507944,-398.77501437781905,-274.1709683729754,-12.504711249153363,-30.726554798618977,-11.342800528082194
ETH_USDT,2026-08-03T00:00:00Z,2026-08-03T08:00:00Z,2026-08-10T08:00:00Z,2026,6550,6571,2026-08-03T00:00:00Z,1.255734618986231,0.015643830743841517,0.0501780382052517,440.89893490097285,412.26040424074296,28.63853066022989,-18.5813839227075,-31.94306564604158,-15.464760099375075
SOL_USDT,2026-08-03T00:00:00Z,2026-08-03T08:00:00Z,2026-08-10T08:00:00Z,2026,6550,6571,2026-08-03T00:00:00Z,1.2923861747095966,0.015643830743841517,-0.132022335533971,616.381687810259,412.26040424074296,204.12128356951604,-38.55645453654913,-18.988434365278955,-38.97916509849843
LINK_USDT,2026-08-03T00:00:00Z,2026-08-03T08:00:00Z,2026-08-10T08:00:00Z,2026,6550,6571,2026-08-03T00:00:00Z,1.255233234033051,0.015643830743841517,0.030376822650520358,4.866772113396589,412.26040424074296,-407.3936321273464,7.91141488846856,-2.7612141945712896,10.468634144928085
ETH_USDT,2026-08-10T00:00:00Z,2026-08-10T08:00:00Z,2026-08-17T08:00:00Z,2026,6571,6592,2026-08-10T00:00:00Z,1.2628017749650364,0.011465351460545491,0.04692990026265555,-126.372541890446,-258.9263147304288,132.55377283998283,-13.063839348124175,-26.666396655913676,-7.479688885655459
SOL_USDT,2026-08-10T00:00:00Z,2026-08-10T08:00:00Z,2026-08-17T08:00:00Z,2026,6571,6592,2026-08-10T00:00:00Z,1.272660033241467,0.011465351460545491,-0.038685924403408706,-155.86439797376173,-258.9263147304288,103.0619167566671,-24.692820373214506,-22.348156270764346,-32.729234063172974
LINK_USDT,2026-08-10T00:00:00Z,2026-08-10T08:00:00Z,2026-08-17T08:00:00Z,2026,6571,6592,2026-08-10T00:00:00Z,1.2105346775014778,0.011465351460545491,0.012983832059454962,1442.295999027119,-258.9263147304288,1701.222313757548,21.396879877694236,13.232599017321588,26.058582562805057
ETH_USDT,2026-08-17T00:00:00Z,2026-08-17T08:00:00Z,2026-08-24T08:00:00Z,2026,6592,6613,2026-08-17T00:00:00Z,1.2768692674749151,-0.016268693052347655,0.03910090982509673,2912.9952181300723,2171.58300197829,741.4122161517821,-10.805304203185061,-23.482081643561315,-7.594317586479957
SOL_USDT,2026-08-17T00:00:00Z,2026-08-17T08:00:00Z,2026-08-24T08:00:00Z,2026,6592,6613,2026-08-17T00:00:00Z,1.2622134308970538,-0.016268693052347655,0.014787804659268499,2417.2054360733596,2171.58300197829,245.62243409506937,-30.65475592067689,-40.37428527885058,-31.08279518496814
LINK_USDT,2026-08-17T00:00:00Z,2026-08-17T08:00:00Z,2026-08-24T08:00:00Z,2026,6592,6613,2026-08-17T00:00:00Z,1.1776849760263537,-0.016268693052347655,0.1481067572771157,2240.4081198852155,2171.58300197829,68.82511790692524,14.309028010765664,-23.458496400498284,16.361453064479832
ETH_USDT,2026-08-24T00:00:00Z,2026-08-24T08:00:00Z,2026-08-31T08:00:00Z,2026,6613,6634,2026-08-24T00:00:00Z,1.332013516236879,0.19222470374473472,0.02415028366418731,-58.21556461764743,114.97903039745071,-173.19459501509814,-8.389800164898368,-12.536305554050239,-5.576724234549743
SOL_USDT,2026-08-24T00:00:00Z,2026-08-24T08:00:00Z,2026-08-31T08:00:00Z,2026,6613,6634,2026-08-24T00:00:00Z,1.1787905840945405,0.19222470374473472,0.028275917105582693,943.5766656040801,114.97903039745071,828.5976352066293,-21.118705137656367,-29.789014914601875,-18.807471460774057
LINK_USDT,2026-08-24T00:00:00Z,2026-08-24T08:00:00Z,2026-08-31T08:00:00Z,2026,6613,6634,2026-08-24T00:00:00Z,1.1822145942016808,0.19222470374473472,0.09764522924018046,-213.59729096118718,114.97903039745071,-328.57632135863787,40.58698411596188,19.813563512706835,51.275921733065374
ETH_USDT,2026-08-31T00:00:00Z,2026-08-31T08:00:00Z,2026-09-07T08:00:00Z,2026,6634,6655,2026-08-31T00:00:00Z,1.351711133173157,0.21127011196910922,-0.025072071396346596,200.62449290684236,153.6932638890409,46.931229017801456,9.910283450232738,15.039569094638534,12.989216987705214
SOL_USDT,2026-08-31T00:00:00Z,2026-08-31T08:00:00Z,2026-09-07T08:00:00Z,2026,6634,6655,2026-08-31T00:00:00Z,1.252650518471836,0.21127011196910922,0.06919417734480598,144.67424021749719,153.6932638890409,-9.01902367154372,-16.445995707919415,-29.76793425702816,-11.003996506767015
LINK_USDT,2026-08-31T00:00:00Z,2026-08-31T08:00:00Z,2026-09-07T08:00:00Z,2026,6634,6655,2026-08-31T00:00:00Z,1.21317916061399,0.21127011196910922,0.054001438973426685,1705.2612900363752,153.6932638890409,1551.5680261473342,32.74461002732479,23.767610720960278,45.500004891047645
ETH_USDT,2026-09-07T00:00:00Z,2026-09-07T08:00:00Z,2026-09-14T08:00:00Z,2026,6655,6676,2026-09-07T00:00:00Z,1.2867838480269689,0.21308552802533332,-0.001418325476675586,137.14478536479558,-189.62608927725054,326.7708746420461,6.520372777355585,7.755870447955053,4.276345380334493
SOL_USDT,2026-09-07T00:00:00Z,2026-09-07T08:00:00Z,2026-09-14T08:00:00Z,2026,6655,6676,2026-09-07T00:00:00Z,1.1548984094322803,0.21308552802533332,0.12306231013821195,-274.69372128637093,-189.62608927725054,-85.06763200912039,2.6127183116391226,-21.630166554123818,11.105862315234967
LINK_USDT,2026-09-07T00:00:00Z,2026-09-07T08:00:00Z,2026-09-14T08:00:00Z,2026,6655,6676,2026-09-07T00:00:00Z,1.205605645953837,0.21308552802533332,0.22302480384446477,-1349.9583112256487,-189.62608927725054,-1160.3322219483982,37.765687059861584,-1.7985478107940702,43.44778929732441
ETH_USDT,2026-09-14T00:00:00Z,2026-09-14T08:00:00Z,2026-09-21T08:00:00Z,2026,6676,6697,2026-09-14T00:00:00Z,1.2819480420424012,0.19792557977279177,0.020916906206967623,547.5771553568865,491.4186573656099,56.15849799127659,22.0574030461354,19.531423994723404,21.981231634417824
SOL_USDT,2026-09-14T00:00:00Z,2026-09-14T08:00:00Z,2026-09-21T08:00:00Z,2026,6676,6697,2026-09-14T00:00:00Z,1.13550468574358,0.19792557977279177,0.05059287277669666,1033.3628579864196,491.4186573656099,541.9442006208097,12.049121796963107,2.2177168590456926,30.632153981462544
LINK_USDT,2026-09-14T00:00:00Z,2026-09-14T08:00:00Z,2026-09-21T08:00:00Z,2026,6676,6697,2026-09-14T00:00:00Z,1.2352609610733545,0.19792557977279177,-0.022193818385258357,1004.206098843321,491.4186573656099,512.7874414777111,60.24967787672877,64.32936852805133,89.80461447791606
ETH_USDT,2026-09-21T00:00:00Z,2026-09-21T08:00:00Z,2026-09-28T08:00:00Z,2026,6697,6718,2026-09-21T00:00:00Z,1.2803033614420238,0.035611093371781075,0.004367886081204038,-65.18488462087579,152.47061276669083,-217.65549738756664,12.980906618815734,10.468573772032737,15.7698948337577
SOL_USDT,2026-09-21T00:00:00Z,2026-09-21T08:00:00Z,2026-09-28T08:00:00Z,2026,6697,6718,2026-09-21T00:00:00Z,1.2166813087784358,0.035611093371781075,0.12742159591531904,529.8367674605298,152.47061276669083,377.366154693839,-2.82401826774859,-31.34031414093663,3.932341949425907
LINK_USDT,2026-09-21T00:00:00Z,2026-09-21T08:00:00Z,2026-09-28T08:00:00Z,2026,6697,6718,2026-09-21T00:00:00Z,1.2750295972958061,0.035611093371781075,-0.0020709323936976276,887.880235706322,152.47061276669083,735.4096229396312,36.58287129974687,35.56698692038621,35.45722277166414
