timestamp,open,high,low,close,volume
2020-08-11T00:00:00Z,11892.90000000,11935.00000000,11705.00000000,11748.05000000,19923.69305400
2020-08-11T08:00:00Z,11748.05000000,11768.81000000,11372.00000000,11480.79000000,35452.33204600
2020-08-11T16:00:00Z,11480.78000000,11559.97000000,11125.00000000,11392.08000000,35372.25953400
2020-08-12T00:00:00Z,11392.09000000,11476.41000000,11150.00000000,11446.91000000,23183.00950600
2020-08-12T08:00:00Z,11446.91000000,11617.52000000,11419.99000000,11581.45000000,24940.96587700
2020-08-12T16:00:00Z,11581.54000000,11615.00000000,11470.00000000,11564.33000000,16785.63826100
2020-08-13T00:00:00Z,11564.34000000,11656.99000000,11490.52000000,11513.43000000,17527.11976600
2020-08-13T08:00:00Z,11513.43000000,11622.10000000,11270.36000000,11499.78000000,29019.24601800
2020-08-13T16:00:00Z,11499.79000000,11792.96000000,11442.34000000,11780.00000000,23586.12571800
2020-08-14T00:00:00Z,11779.77000000,11828.00000000,11634.03000000,11696.98000000,19722.25852000
2020-08-14T08:00:00Z,11697.36000000,11774.99000000,11635.02000000,11740.35000000,20851.43119700
2020-08-14T16:00:00Z,11740.35000000,11850.00000000,11701.00000000,11760.54000000,19245.16298000
2020-08-15T00:00:00Z,11760.55000000,11980.00000000,11759.69000000,11891.32000000,19077.67638700
2020-08-15T08:00:00Z,11891.32000000,11934.55000000,11680.00000000,11851.99000000,20275.12637000
2020-08-15T16:00:00Z,11851.98000000,11977.00000000,11745.00000000,11852.40000000,16885.10229300
2020-08-16T00:00:00Z,11852.40000000,11931.72000000,11768.78000000,11858.89000000,12010.86753700
2020-08-16T08:00:00Z,11858.89000000,11885.44000000,11686.00000000,11859.91000000,17697.50139400
2020-08-16T16:00:00Z,11859.91000000,11916.16000000,11790.03000000,11911.00000000,11659.86797500
2020-08-17T00:00:00Z,11910.99000000,11933.15000000,11769.78000000,11807.21000000,13330.19980200
2020-08-17T08:00:00Z,11806.94000000,12455.00000000,11780.00000000,12421.55000000,44202.49456300
2020-08-17T16:00:00Z,12421.84000000,12468.00000000,12210.00000000,12281.13000000,27201.51717500
2020-08-18T00:00:00Z,12281.15000000,12387.77000000,12192.00000000,12260.77000000,19708.19703800
2020-08-18T08:00:00Z,12260.91000000,12296.69000000,11817.93000000,11934.41000000,36494.47555400
2020-08-18T16:00:00Z,11934.41000000,12087.00000000,11850.02000000,11945.01000000,19721.16293500
2020-08-19T00:00:00Z,11945.10000000,12020.08000000,11612.71000000,11823.34000000,28169.62849200
2020-08-19T08:00:00Z,11823.34000000,11914.67000000,11700.00000000,11726.50000000,23725.24520400
2020-08-19T16:00:00Z,11726.38000000,11800.00000000,11561.00000000,11754.59000000,22045.29591000
2020-08-20T00:00:00Z,11754.38000000,11825.78000000,11668.00000000,11703.88000000,13487.18522500
2020-08-20T08:00:00Z,11703.88000000,11888.00000000,11685.00000000,11854.35000000,17867.75058900
2020-08-20T16:00:00Z,11854.34000000,11880.01000000,11804.67000000,11853.55000000,14730.31853700
2020-08-21T00:00:00Z,11853.54000000,11878.00000000,11778.44000000,11838.07000000,16940.32318500
2020-08-21T08:00:00Z,11838.08000000,11838.19000000,11626.00000000,11720.00000000,22463.19781900
2020-08-21T16:00:00Z,11720.01000000,11767.50000000,11485.81000000,11531.34000000,25044.78513800
2020-08-22T00:00:00Z,11531.23000000,11589.56000000,11376.81000000,11579.61000000,18068.26547700
2020-08-22T08:00:00Z,11579.60000000,11642.81000000,11544.00000000,11583.10000000,14048.27454500
2020-08-22T16:00:00Z,11583.10000000,11686.00000000,11553.77000000,11662.96000000,11562.16162400
2020-08-23T00:00:00Z,11663.51000000,11688.81000000,11555.26000000,11616.46000000,10801.51391100
2020-08-23T08:00:00Z,11616.46000000,11669.89000000,11514.13000000,11653.25000000,13497.32459400
2020-08-23T16:00:00Z,11653.26000000,11718.07000000,11619.61000000,11648.13000000,13601.16618500
2020-08-24T00:00:00Z,11648.12000000,11775.00000000,11585.09000000,11758.58000000,16137.80353400
2020-08-24T08:00:00Z,11758.57000000,11824.90000000,11726.42000000,11764.03000000,17980.10772600
2020-08-24T16:00:00Z,11764.04000000,11790.00000000,11699.04000000,11748.20000000,12094.48060700
2020-08-25T00:00:00Z,11748.19000000,11767.85000000,11550.00000000,11586.41000000,15107.39917000
2020-08-25T08:00:00Z,11586.41000000,11659.15000000,11328.03000000,11419.41000000,27483.19429200
2020-08-25T16:00:00Z,11419.42000000,11443.14000000,11117.64000000,11318.42000000,27000.32981000
2020-08-26T00:00:00Z,11318.42000000,11400.00000000,11250.00000000,11348.06000000,14718.77827800
2020-08-26T08:00:00Z,11348.05000000,11500.00000000,11244.00000000,11475.92000000,24406.82982800
2020-08-26T16:00:00Z,11475.92000000,11539.32000000,11428.93000000,11461.43000000,14872.62312500
2020-08-27T00:00:00Z,11461.42000000,11480.59000000,11332.48000000,11406.17000000,13732.48999800
2020-08-27T08:00:00Z,11406.17000000,11592.20000000,11256.06000000,11323.22000000,29834.82077300
2020-08-27T16:00:00Z,11323.21000000,11366.49000000,11125.00000000,11330.38000000,19678.72561200
2020-08-28T00:00:00Z,11330.38000000,11444.96000000,11276.89000000,11379.63000000,13620.95686100
2020-08-28T08:00:00Z,11379.63000000,11534.06000000,11354.63000000,11529.63000000,20405.31549300
2020-08-28T16:00:00Z,11529.30000000,11542.65000000,11457.23000000,11526.91000000,11927.63601100
2020-08-29T00:00:00Z,11526.90000000,11580.02000000,11462.51000000,11558.28000000,9829.10694600
2020-08-29T08:00:00Z,11558.28000000,11569.72000000,11417.04000000,11500.99000000,12478.63012400
2020-08-29T16:00:00Z,11500.98000000,11549.00000000,11458.09000000,11465.84000000,10666.06213000
2020-08-30T00:00:00Z,11465.84000000,11650.00000000,11458.00000000,11592.91000000,14141.01270600
2020-08-30T08:00:00Z,11592.90000000,11665.11000000,11548.78000000,11616.20000000,14911.63844600
2020-08-30T16:00:00Z,11616.21000000,11719.00000000,11580.00000000,11711.16000000,14125.22790200
2020-08-31T00:00:00Z,11711.17000000,11726.89000000,11594.06000000,11618.65000000,13314.62479300
2020-08-31T08:00:00Z,11618.64000000,11800.77000000,11570.00000000,11742.16000000,26190.01383400
2020-08-31T16:00:00Z,11742.15000000,11751.36000000,11614.90000000,11649.51000000,15848.97911700
2020-09-01T00:00:00Z,11649.51000000,11940.00000000,11515.00000000,11923.74000000,24644.83040000
2020-09-01T08:00:00Z,11923.74000000,12044.67000000,11797.26000000,12039.33000000,30602.82126600
2020-09-01T16:00:00Z,12039.33000000,12050.85000000,11851.00000000,11921.97000000,22900.54200200
2020-09-02T00:00:00Z,11921.97000000,11954.57000000,11718.16000000,11722.84000000,22402.04327700
2020-09-02T08:00:00Z,11723.59000000,11747.99000000,11160.10000000,11329.67000000,45647.26169300
2020-09-02T16:00:00Z,11329.66000000,11439.00000000,11234.65000000,11388.54000000,19172.54063200
2020-09-03T00:00:00Z,11388.54000000,11446.13000000,11237.00000000,11400.84000000,21275.46129600
2020-09-03T08:00:00Z,11400.44000000,11462.60000000,10460.00000000,10670.28000000,58220.07149300
2020-09-03T16:00:00Z,10670.28000000,10794.62000000,9960.80000000,10140.85000000,42454.57322600
2020-09-04T00:00:00Z,10138.29000000,10351.06000000,10068.00000000,10295.59000000,27867.43454700
2020-09-04T08:00:00Z,10295.59000000,10528.97000000,9875.50000000,10424.67000000,41277.80596100
2020-09-04T16:00:00Z,10424.67000000,10627.05000000,10303.56000000,10446.25000000,23588.35860500
2020-09-05T00:00:00Z,10446.25000000,10565.68000000,10362.20000000,10406.77000000,16248.19682500
2020-09-05T08:00:00Z,10406.77000000,10406.77000000,9975.00000000,10273.89000000,35261.43786400
2020-09-05T16:00:00Z,10274.13000000,10298.99000000,9825.00000000,10166.69000000,38491.97087900
2020-09-06T00:00:00Z,10166.69000000,10250.00000000,9994.86000000,10230.37000000,19659.05287600
2020-09-06T08:00:00Z,10230.36000000,10300.00000000,10120.19000000,10173.37000000,21533.76965400
2020-09-06T16:00:00Z,10173.44000000,10347.14000000,10141.28000000,10256.20000000,15175.96628500
2020-09-07T00:00:00Z,10255.89000000,10312.00000000,10052.38000000,10113.56000000,14903.18641100
2020-09-07T08:00:00Z,10113.81000000,10184.53000000,9875.00000000,10144.01000000,30380.52082900
2020-09-07T16:00:00Z,10144.00000000,10410.75000000,10086.28000000,10373.44000000,17336.52343600
2020-09-08T00:00:00Z,10373.45000000,10438.00000000,10220.00000000,10264.50000000,15762.40331100
2020-09-08T08:00:00Z,10264.29000000,10333.40000000,9920.32000000,10098.58000000,33919.95873400
2020-09-08T16:00:00Z,10098.58000000,10218.00000000,9850.00000000,10126.65000000,23809.51637300
2020-09-09T00:00:00Z,10126.66000000,10197.57000000,9981.01000000,10190.00000000,13685.41402300
2020-09-09T08:00:00Z,10190.00000000,10280.62000000,10140.22000000,10246.11000000,19164.69770100
2020-09-09T16:00:00Z,10246.11000000,10343.00000000,10169.91000000,10219.20000000,16497.00205200
2020-09-10T00:00:00Z,10219.29000000,10418.00000000,10070.83000000,10275.29000000,18792.13397500
2020-09-10T08:00:00Z,10275.22000000,10483.35000000,10230.31000000,10414.16000000,23053.46146700
2020-09-10T16:00:00Z,10414.15000000,10442.00000000,10250.02000000,10336.87000000,16408.15830800
2020-09-11T00:00:00Z,10336.86000000,10380.34000000,10200.00000000,10260.75000000,14619.27116000
2020-09-11T08:00:00Z,10260.76000000,10333.91000000,10250.00000000,10318.76000000,17249.92822200
2020-09-11T16:00:00Z,10318.77000000,10397.60000000,10267.67000000,10387.89000000,11961.05508500
2020-09-12T00:00:00Z,10387.89000000,10397.86000000,10306.34000000,10343.98000000,9218.79434200
2020-09-12T08:00:00Z,10343.97000000,10380.00000000,10269.25000000,10359.99000000,13120.70345100
2020-09-12T16:00:00Z,10360.00000000,10477.97000000,10348.89000000,10440.92000000,13039.65530300
2020-09-13T00:00:00Z,10440.67000000,10580.11000000,10400.04000000,10542.27000000,12050.78167200
2020-09-13T08:00:00Z,10542.27000000,10560.00000000,10258.00000000,10280.14000000,19115.94030100
2020-09-13T16:00:00Z,10280.15000000,10332.84000000,10200.00000000,10332.83000000,12670.88789200
2020-09-14T00:00:00Z,10332.84000000,10404.00000000,10240.34000000,10399.32000000,13282.53901500
2020-09-14T08:00:00Z,10399.31000000,10706.91000000,10212.34000000,10698.03000000,36004.94767500
2020-09-14T16:00:00Z,10698.03000000,10750.00000000,10618.82000000,10671.77000000,17771.80467100
2020-09-15T00:00:00Z,10671.77000000,10839.00000000,10650.00000000,10741.37000000,16348.80600200
2020-09-15T08:00:00Z,10741.37000000,10930.04000000,10606.48000000,10784.46000000,28814.08068200
2020-09-15T16:00:00Z,10785.23000000,10886.39000000,10700.00000000,10785.31000000,16659.56610200
2020-09-16T00:00:00Z,10785.23000000,10939.60000000,10661.22000000,10915.49000000,19091.53274200
2020-09-16T08:00:00Z,10916.09000000,11016.69000000,10827.00000000,11004.99000000,24780.16354300
2020-09-16T16:00:00Z,11004.99000000,11093.00000000,10941.35000000,10954.01000000,21119.81615500
2020-09-17T00:00:00Z,10954.01000000,11045.46000000,10842.77000000,10882.39000000,18876.63855700
2020-09-17T08:00:00Z,10882.38000000,10905.00000000,10745.83000000,10838.31000000,22117.80055100
2020-09-17T16:00:00Z,10838.30000000,10968.95000000,10794.23000000,10939.99000000,14607.17542100
2020-09-18T00:00:00Z,10940.00000000,10985.00000000,10870.01000000,10954.14000000,12958.52561600
2020-09-18T08:00:00Z,10954.14000000,11038.03000000,10870.37000000,10899.37000000,17935.66312400
2020-09-18T16:00:00Z,10899.42000000,10944.79000000,10812.84000000,10933.39000000,16372.53953500
2020-09-19T00:00:00Z,10933.40000000,10980.00000000,10898.11000000,10900.29000000,10221.11355600
2020-09-19T08:00:00Z,10900.28000000,11179.79000000,10887.37000000,11090.56000000,18262.40396500
2020-09-19T16:00:00Z,11090.57000000,11119.93000000,11011.31000000,11080.65000000,9956.51933700
2020-09-20T00:00:00Z,11080.64000000,11080.64000000,10899.33000000,10962.61000000,10554.82417000
2020-09-20T08:00:00Z,10962.60000000,10984.00000000,10775.00000000,10834.58000000,14522.69247800
2020-09-20T16:00:00Z,10834.62000000,10938.02000000,10723.00000000,10920.28000000,14080.40591700
2020-09-21T00:00:00Z,10920.28000000,10988.86000000,10889.00000000,10902.58000000,11486.88105400
2020-09-21T08:00:00Z,10902.58000000,10912.62000000,10296.35000000,10418.76000000,42287.46053300
2020-09-21T16:00:00Z,10418.77000000,10533.46000000,10356.54000000,10417.22000000,16909.08959200
2020-09-22T00:00:00Z,10417.22000000,10502.79000000,10353.00000000,10372.90000000,13796.19707800
2020-09-22T08:00:00Z,10372.91000000,10520.00000000,10372.90000000,10451.07000000,17431.02015800
2020-09-22T16:00:00Z,10451.06000000,10572.71000000,10447.53000000,10529.61000000,12764.01824000
2020-09-23T00:00:00Z,10529.61000000,10533.94000000,10380.47000000,10428.64000000,12568.45810600
2020-09-23T08:00:00Z,10428.63000000,10537.15000000,10403.95000000,10453.20000000,15288.13847700
2020-09-23T16:00:00Z,10453.02000000,10494.72000000,10136.82000000,10241.46000000,24019.97149600
2020-09-24T00:00:00Z,10241.46000000,10356.47000000,10190.93000000,10341.68000000,12811.06109600
2020-09-24T08:00:00Z,10341.69000000,10557.19000000,10283.89000000,10545.36000000,21579.32217200
2020-09-24T16:00:00Z,10545.07000000,10795.24000000,10540.02000000,10736.32000000,23286.23615900
2020-09-25T00:00:00Z,10736.33000000,10760.53000000,10614.58000000,10686.94000000,12281.17584600
2020-09-25T08:00:00Z,10686.93000000,10686.94000000,10556.24000000,10647.61000000,22905.74324400
2020-09-25T16:00:00Z,10647.62000000,10754.21000000,10625.16000000,10686.67000000,12914.19791800
2020-09-26T00:00:00Z,10686.57000000,10820.94000000,10644.68000000,10705.84000000,10630.87383800
2020-09-26T08:00:00Z,10705.84000000,10742.02000000,10661.70000000,10721.00000000,9803.84384900
2020-09-26T16:00:00Z,10721.00000000,10774.45000000,10682.78000000,10728.60000000,7986.11897200
2020-09-27T00:00:00Z,10728.59000000,10799.00000000,10620.00000000,10671.28000000,10692.44785100
2020-09-27T08:00:00Z,10671.28000000,10766.41000000,10594.82000000,10754.82000000,11263.21439000
2020-09-27T16:00:00Z,10754.82000000,10784.61000000,10700.73000000,10774.25000000,8593.82101200
2020-09-28T00:00:00Z,10774.26000000,10950.00000000,10774.26000000,10854.00000000,17686.06182300
2020-09-28T08:00:00Z,10854.00000000,10941.99000000,10830.00000000,10901.90000000,18416.07172500
2020-09-28T16:00:00Z,10901.89000000,10918.57000000,10626.00000000,10696.12000000,13993.11818600
2020-09-29T00:00:00Z,10696.11000000,10747.88000000,10656.82000000,10726.99000000,11847.53339500
2020-09-29T08:00:00Z,10727.00000000,10797.00000000,10707.00000000,10725.94000000,14918.60534000
2020-09-29T16:00:00Z,10725.94000000,10867.54000000,10635.87000000,10840.48000000,15108.75966400
2020-09-30T00:00:00Z,10840.58000000,10849.34000000,10675.29000000,10706.68000000,12786.59780400
2020-09-30T08:00:00Z,10706.56000000,10793.80000000,10665.13000000,10777.39000000,14216.29031500
2020-09-30T16:00:00Z,10777.39000000,10799.00000000,10681.73000000,10776.59000000,12593.13920300
2020-10-01T00:00:00Z,10776.59000000,10857.47000000,10776.59000000,10824.75000000,11202.96750700
2020-10-01T08:00:00Z,10824.75000000,10920.00000000,10712.00000000,10716.23000000,20927.23260500
2020-10-01T16:00:00Z,10716.23000000,10716.23000000,10437.00000000,10619.13000000,28736.13278100
2020-10-02T00:00:00Z,10619.13000000,10664.64000000,10385.02000000,10490.88000000,17926.22923500
2020-10-02T08:00:00Z,10490.88000000,10600.00000000,10374.00000000,10512.74000000,20760.33224800
2020-10-02T16:00:00Z,10512.74000000,10580.00000000,10463.02000000,10570.40000000,11443.83222200
2020-10-03T00:00:00Z,10570.40000000,10576.87000000,10496.46000000,10527.75000000,6804.46371700
2020-10-03T08:00:00Z,10527.75000000,10564.00000000,10498.97000000,10541.98000000,7623.95146000
2020-10-03T16:00:00Z,10541.97000000,10603.56000000,10530.00000000,10542.06000000,7869.80616400
2020-10-04T00:00:00Z,10542.07000000,10637.35000000,10517.87000000,10612.83000000,7044.01100600
2020-10-04T08:00:00Z,10612.83000000,10625.00000000,10570.47000000,10591.45000000,7016.52108800
2020-10-04T16:00:00Z,10591.45000000,10696.87000000,10581.26000000,10666.63000000,9151.46950100
2020-10-05T00:00:00Z,10666.62000000,10741.63000000,10615.64000000,10686.31000000,10419.86511600
2020-10-05T08:00:00Z,10686.31000000,10777.37000000,10654.96000000,10726.02000000,13346.73371400
2020-10-05T16:00:00Z,10726.01000000,10798.00000000,10680.00000000,10792.21000000,10259.16282300
2020-10-06T00:00:00Z,10792.20000000,10800.00000000,10705.27000000,10711.15000000,12714.37278700
2020-10-06T08:00:00Z,10711.15000000,10760.00000000,10621.00000000,10735.01000000,17915.39831000
2020-10-06T16:00:00Z,10735.01000000,10751.23000000,10525.00000000,10599.66000000,18044.96937400
2020-10-07T00:00:00Z,10599.65000000,10630.00000000,10546.17000000,10618.69000000,10927.10476600
2020-10-07T08:00:00Z,10618.69000000,10649.37000000,10569.99000000,10629.60000000,13254.52826300
2020-10-07T16:00:00Z,10629.70000000,10681.87000000,10601.00000000,10666.39000000,8630.35725000
2020-10-08T00:00:00Z,10666.40000000,10670.89000000,10563.01000000,10592.21000000,9505.52755400
2020-10-08T08:00:00Z,10592.22000000,10935.00000000,10530.41000000,10896.96000000,28285.21089600
2020-10-08T16:00:00Z,10896.96000000,10950.00000000,10842.65000000,10925.57000000,14168.95312200
2020-10-09T00:00:00Z,10925.44000000,10940.85000000,10829.00000000,10894.00000000,9527.57051400
2020-10-09T08:00:00Z,10893.99000000,11104.64000000,10864.05000000,11086.58000000,26947.57703900
2020-10-09T16:00:00Z,11086.15000000,11100.00000000,11012.19000000,11050.64000000,11764.92568400
2020-10-10T00:00:00Z,11050.64000000,11491.00000000,11050.51000000,11381.30000000,20242.41874700
2020-10-10T08:00:00Z,11381.35000000,11413.66000000,11215.00000000,11349.20000000,14731.41542100
2020-10-10T16:00:00Z,11349.20000000,11376.47000000,11262.25000000,11293.22000000,8674.20277500
2020-10-11T00:00:00Z,11293.22000000,11395.80000000,11270.70000000,11350.01000000,7494.72462800
2020-10-11T08:00:00Z,11350.01000000,11445.00000000,11327.05000000,11405.47000000,11061.88549100
2020-10-11T16:00:00Z,11405.46000000,11430.00000000,11221.00000000,11369.02000000,10487.24122000
2020-10-12T00:00:00Z,11369.02000000,11413.90000000,11330.40000000,11379.34000000,10619.61407800
2020-10-12T08:00:00Z,11379.34000000,11590.00000000,11172.00000000,11549.38000000,24935.79402600
2020-10-12T16:00:00Z,11549.39000000,11720.01000000,11477.00000000,11528.25000000,17269.87560600
2020-10-13T00:00:00Z,11528.24000000,11544.87000000,11413.00000000,11452.00000000,12079.90170400
2020-10-13T08:00:00Z,11452.21000000,11557.00000000,11300.00000000,11385.15000000,19247.59032800
2020-10-13T16:00:00Z,11385.15000000,11460.16000000,11340.78000000,11420.56000000,10877.79167700
2020-10-14T00:00:00Z,11420.57000000,11486.96000000,11361.00000000,11415.04000000,9619.19622800
2020-10-14T08:00:00Z,11415.03000000,11547.98000000,11280.00000000,11320.76000000,19627.85806000
2020-10-14T16:00:00Z,11320.76000000,11434.47000000,11287.01000000,11417.89000000,12168.05172700
2020-10-15T00:00:00Z,11417.89000000,11427.98000000,11354.46000000,11396.83000000,9554.26690300
2020-10-15T08:00:00Z,11396.82000000,11416.15000000,11250.83000000,11398.22000000,19023.50236400
2020-10-15T16:00:00Z,11398.60000000,11617.34000000,11363.37000000,11505.12000000,20182.94841200
2020-10-16T00:00:00Z,11505.13000000,11541.15000000,11200.00000000,11305.87000000,21405.70694500
2020-10-16T08:00:00Z,11305.87000000,11397.18000000,11212.00000000,11331.19000000,17843.18503700
2020-10-16T16:00:00Z,11331.19000000,11367.91000000,11273.75000000,11319.32000000,9548.85752000
2020-10-17T00:00:00Z,11319.24000000,11379.92000000,11272.48000000,11344.98000000,6511.34706800
2020-10-17T08:00:00Z,11344.99000000,11402.42000000,11255.00000000,11337.54000000,10114.08216400
2020-10-17T16:00:00Z,11337.54000000,11373.18000000,11300.00000000,11360.20000000,5743.48600900
2020-10-18T00:00:00Z,11360.31000000,11464.99000000,11346.22000000,11455.40000000,7242.88067900
2020-10-18T08:00:00Z,11455.40000000,11482.24000000,11398.41000000,11446.68000000,8792.54629600
2020-10-18T16:00:00Z,11447.05000000,11505.00000000,11413.96000000,11503.14000000,7248.61421600
2020-10-19T00:00:00Z,11503.14000000,11535.00000000,11407.96000000,11462.39000000,9243.71133600
2020-10-19T08:00:00Z,11462.39000000,11820.00000000,11447.23000000,11800.00000000,23210.54242200
2020-10-19T16:00:00Z,11800.00000000,11823.99000000,11660.47000000,11751.47000000,14960.28093400
2020-10-20T00:00:00Z,11751.46000000,11849.00000000,11677.59000000,11735.46000000,11964.87959300
2020-10-20T08:00:00Z,11735.45000000,11985.98000000,11702.13000000,11926.40000000,29149.71225300
2020-10-20T16:00:00Z,11926.02000000,12038.38000000,11855.00000000,11909.99000000,21020.15881700
2020-10-21T00:00:00Z,11910.00000000,12295.00000000,11886.95000000,12198.15000000,29192.92972500
2020-10-21T08:00:00Z,12198.14000000,12840.00000000,12129.72000000,12735.00000000,39279.79581900
2020-10-21T16:00:00Z,12735.00000000,13217.68000000,12617.48000000,12780.96000000,46111.73122300
2020-10-22T00:00:00Z,12780.75000000,12940.00000000,12678.08000000,12751.55000000,17832.96014000
2020-10-22T08:00:00Z,12751.54000000,13024.52000000,12700.00000000,12930.00000000,25442.31792000
2020-10-22T16:00:00Z,12930.00000000,13185.00000000,12915.00000000,12968.52000000,26763.54608400
2020-10-23T00:00:00Z,12968.84000000,13002.33000000,12831.13000000,12883.62000000,15522.52529400
2020-10-23T08:00:00Z,12883.61000000,13027.69000000,12851.11000000,12921.09000000,17673.94930200
2020-10-23T16:00:00Z,12921.10000000,12974.00000000,12720.08000000,12923.07000000,17190.52524500
2020-10-24T00:00:00Z,12923.06000000,13011.16000000,12870.00000000,12924.79000000,9502.48580100
2020-10-24T08:00:00Z,12924.79000000,13166.73000000,12906.42000000,13100.00000000,16151.80289800
2020-10-24T16:00:00Z,13100.00000000,13144.51000000,13025.42000000,13111.73000000,10297.92037100
2020-10-25T00:00:00Z,13111.73000000,13350.00000000,12888.00000000,13027.24000000,19410.82494500
2020-10-25T08:00:00Z,13027.24000000,13027.93000000,12895.09000000,12940.74000000,10949.14992800
2020-10-25T16:00:00Z,12940.51000000,13047.80000000,12910.54000000,13028.83000000,8121.60463100
2020-10-26T00:00:00Z,13029.64000000,13151.51000000,12971.00000000,13037.08000000,11806.51969000
2020-10-26T08:00:00Z,13037.08000000,13238.81000000,12900.00000000,12978.41000000,25385.33555100
2020-10-26T16:00:00Z,12978.40000000,13086.42000000,12765.00000000,13052.19000000,23759.81774500
2020-10-27T00:00:00Z,13052.15000000,13160.00000000,13019.87000000,13144.58000000,12264.29365700
2020-10-27T08:00:00Z,13144.59000000,13631.00000000,13084.72000000,13609.24000000,37352.33111300
2020-10-27T16:00:00Z,13609.24000000,13789.29000000,13500.00000000,13636.17000000,31194.39468000
2020-10-28T00:00:00Z,13636.16000000,13859.48000000,13506.00000000,13664.37000000,24204.63111600
2020-10-28T08:00:00Z,13664.36000000,13705.59000000,12888.00000000,13221.26000000,47968.22135500
2020-10-28T16:00:00Z,13221.26000000,13307.35000000,13000.01000000,13266.40000000,22267.70875500
2020-10-29T00:00:00Z,13266.40000000,13326.39000000,13120.88000000,13138.87000000,17851.81830100
2020-10-29T08:00:00Z,13138.87000000,13481.56000000,12920.77000000,13436.95000000,31717.40794900
2020-10-29T16:00:00Z,13436.94000000,13642.91000000,13380.50000000,13455.70000000,25303.37588200
2020-10-30T00:00:00Z,13455.69000000,13669.98000000,13115.00000000,13218.96000000,27857.47796400
2020-10-30T08:00:00Z,13218.96000000,13550.00000000,13147.66000000,13549.98000000,25474.61116000
2020-10-30T16:00:00Z,13549.60000000,13666.66000000,13462.41000000,13560.10000000,17325.68975700
2020-10-31T00:00:00Z,13560.10000000,13740.00000000,13411.50000000,13576.14000000,13819.08657700
2020-10-31T08:00:00Z,13576.14000000,14100.00000000,13572.40000000,13852.02000000,40772.12101800
2020-10-31T16:00:00Z,13852.01000000,13890.00000000,13675.13000000,13791.00000000,12748.03092000
2020-11-01T00:00:00Z,13791.00000000,13895.00000000,13603.00000000,13792.51000000,11610.74267200
2020-11-01T08:00:00Z,13792.51000000,13860.00000000,13655.01000000,13800.01000000,13775.90622100
2020-11-01T16:00:00Z,13800.00000000,13864.00000000,13639.55000000,13761.50000000,10898.99963300
2020-11-02T00:00:00Z,13761.49000000,13830.00000000,13640.00000000,13740.99000000,12925.17491200
2020-11-02T08:00:00Z,13740.99000000,13741.00000000,13195.05000000,13499.00000000,36967.22291100
2020-11-02T16:00:00Z,13498.60000000,13700.00000000,13447.81000000,13549.37000000,14674.02408500
2020-11-03T00:00:00Z,13549.63000000,13642.00000000,13284.99000000,13444.30000000,24007.62975300
2020-11-03T08:00:00Z,13443.30000000,13798.00000000,13404.45000000,13710.38000000,27468.63130800
2020-11-03T16:00:00Z,13710.39000000,14066.11000000,13650.00000000,14023.53000000,22639.36972600
2020-11-04T00:00:00Z,14023.53000000,14044.55000000,13525.00000000,13600.46000000,31575.82608900
2020-11-04T08:00:00Z,13600.46000000,13925.00000000,13569.51000000,13911.47000000,24187.28576600
2020-11-04T16:00:00Z,13911.47000000,14259.00000000,13881.05000000,14144.01000000,37253.87640700
2020-11-05T00:00:00Z,14144.01000000,14508.25000000,14093.56000000,14475.87000000,30007.57125900
2020-11-05T08:00:00Z,14476.18000000,15148.00000000,14337.45000000,15080.26000000,58417.31149100
2020-11-05T16:00:00Z,15080.25000000,15750.00000000,14550.00000000,15590.02000000,55316.63992300
2020-11-06T00:00:00Z,15590.02000000,15960.00000000,15388.00000000,15733.30000000,49316.73280200
2020-11-06T08:00:00Z,15731.56000000,15739.00000000,15274.05000000,15411.27000000,47217.81167100
2020-11-06T16:00:00Z,15410.42000000,15675.00000000,15166.00000000,15579.92000000,26083.65322200
2020-11-07T00:00:00Z,15579.93000000,15753.52000000,15415.00000000,15444.41000000,19728.20875700
2020-11-07T08:00:00Z,15444.33000000,15583.15000000,15170.00000000,15337.91000000,24759.23734900
2020-11-07T16:00:00Z,15338.47000000,15410.00000000,14344.22000000,14818.30000000,56943.76044700
2020-11-08T00:00:00Z,14818.30000000,15120.00000000,14703.88000000,14931.53000000,17530.02428900
2020-11-08T08:00:00Z,14931.71000000,15443.00000000,14848.00000000,15353.48000000,23166.25471700
2020-11-08T16:00:00Z,15353.49000000,15650.00000000,15239.08000000,15475.10000000,24850.89956800
2020-11-09T00:00:00Z,15475.10000000,15595.00000000,15282.35000000,15303.26000000,18371.38105100
2020-11-09T08:00:00Z,15303.27000000,15840.00000000,14940.54000000,15000.96000000,57577.36924400
2020-11-09T16:00:00Z,15000.96000000,15492.67000000,14805.54000000,15328.41000000,33027.58383900
2020-11-10T00:00:00Z,15328.41000000,15441.18000000,15182.06000000,15274.74000000,18287.06281300
2020-11-10T08:00:00Z,15274.75000000,15460.00000000,15072.46000000,15167.49000000,27295.79745200
2020-11-10T16:00:00Z,15167.12000000,15394.00000000,15111.20000000,15297.21000000,16099.05934100
2020-11-11T00:00:00Z,15297.21000000,15499.58000000,15272.68000000,15400.51000000,17082.96313800
2020-11-11T08:00:00Z,15400.50000000,15718.91000000,15363.37000000,15667.27000000,27252.57285800
2020-11-11T16:00:00Z,15667.50000000,15965.00000000,15576.04000000,15684.24000000,34134.21046200
2020-11-12T00:00:00Z,15684.25000000,15945.00000000,15440.64000000,15862.75000000,21936.75501400
2020-11-12T08:00:00Z,15862.75000000,16160.89000000,15600.00000000,16125.01000000,48018.07858200
2020-11-12T16:00:00Z,16125.00000000,16340.70000000,15882.00000000,16291.86000000,32241.52299600
2020-11-13T00:00:00Z,16291.85000000,16480.00000000,16172.41000000,16253.30000000,26046.87383300
2020-11-13T08:00:00Z,16253.31000000,16357.86000000,16066.09000000,16100.17000000,28506.50024300
2020-11-13T16:00:00Z,16100.16000000,16355.00000000,15952.35000000,16320.70000000,21138.50693800
2020-11-14T00:00:00Z,16320.04000000,16326.99000000,16023.00000000,16089.00000000,15259.29797600
2020-11-14T08:00:00Z,16088.99000000,16132.37000000,15750.00000000,15951.92000000,25308.85234500
2020-11-14T16:00:00Z,15951.92000000,16140.99000000,15670.00000000,16070.45000000,18548.19685800
2020-11-15T00:00:00Z,16069.56000000,16105.66000000,15868.31000000,16030.90000000,11938.70417800
2020-11-15T08:00:00Z,16030.90000000,16180.00000000,15923.00000000,16027.19000000,15910.41555600
2020-11-15T16:00:00Z,16027.19000000,16064.59000000,15774.72000000,15957.00000000,15747.72177900
2020-11-16T00:00:00Z,15957.00000000,16291.99000000,15864.00000000,16235.71000000,19088.67475600
2020-11-16T08:00:00Z,16235.71000000,16469.00000000,16164.55000000,16450.00000000,26396.11984600
2020-11-16T16:00:00Z,16450.00000000,16880.00000000,16434.89000000,16713.57000000,35815.88132200
2020-11-17T00:00:00Z,16713.08000000,16830.00000000,16538.00000000,16750.00000000,19226.28991900
2020-11-17T08:00:00Z,16750.00000000,17373.00000000,16633.37000000,17322.19000000,44922.51479100
2020-11-17T16:00:00Z,17321.55000000,17858.82000000,17231.53000000,17659.38000000,51072.59839200
2020-11-18T00:00:00Z,17659.38000000,18476.93000000,17214.45000000,18063.70000000,59285.45866100
2020-11-18T08:00:00Z,18063.69000000,18260.00000000,17271.02000000,17873.88000000,56832.71057600
2020-11-18T16:00:00Z,17873.89000000,18000.00000000,17490.00000000,17776.12000000,32901.61889700
2020-11-19T00:00:00Z,17777.75000000,18058.58000000,17573.31000000,17649.94000000,25387.31276100
2020-11-19T08:00:00Z,17650.03000000,18179.80000000,17335.65000000,18045.00000000,42807.28456100
2020-11-19T16:00:00Z,18045.01000000,18119.98000000,17681.36000000,17802.82000000,24814.96368600
2020-11-20T00:00:00Z,17802.81000000,18404.68000000,17740.04000000,18212.00000000,26838.53556200
2020-11-20T08:00:00Z,18210.00000000,18739.90000000,18101.05000000,18668.56000000,36378.28046500
2020-11-20T16:00:00Z,18668.56000000,18815.22000000,18401.00000000,18655.67000000,25206.20246200
2020-11-21T00:00:00Z,18655.66000000,18965.90000000,18444.74000000,18669.99000000,25550.42855200
2020-11-21T08:00:00Z,18670.00000000,18824.68000000,18308.58000000,18790.01000000,27481.59589100
2020-11-21T16:00:00Z,18790.00000000,18907.38000000,18525.00000000,18703.80000000,22545.43395100
2020-11-22T00:00:00Z,18703.80000000,18750.00000000,18255.93000000,18498.31000000,23402.42788500
2020-11-22T08:00:00Z,18498.31000000,18503.14000000,17610.86000000,18295.40000000,35736.45902400
2020-11-22T16:00:00Z,18295.41000000,18683.77000000,18258.11000000,18414.43000000,22506.85086900
2020-11-23T00:00:00Z,18413.88000000,18556.83000000,18000.00000000,18458.13000000,24945.54702500
2020-11-23T08:00:00Z,18458.12000000,18766.00000000,18222.22000000,18261.86000000,35833.06020500
2020-11-23T16:00:00Z,18261.86000000,18485.01000000,18134.11000000,18368.00000000,22182.89886300
2020-11-24T00:00:00Z,18368.01000000,18530.00000000,18018.00000000,18369.36000000,28334.08636100
2020-11-24T08:00:00Z,18369.35000000,19418.97000000,18369.35000000,19358.57000000,56531.20342600
2020-11-24T16:00:00Z,19358.56000000,19410.00000000,18842.31000000,19160.01000000,28716.21945400
2020-11-25T00:00:00Z,19160.00000000,19218.12000000,18625.00000000,18975.13000000,25445.19118300
2020-11-25T08:00:00Z,18975.12000000,19484.21000000,18970.01000000,19126.84000000,33224.18805200
2020-11-25T16:00:00Z,19126.84000000,19196.33000000,18500.27000000,18719.11000000,34597.19765200
2020-11-26T00:00:00Z,18718.83000000,18915.03000000,17200.00000000,17619.90000000,57627.48431800
2020-11-26T08:00:00Z,17610.92000000,17620.19000000,16334.00000000,16905.18000000,74490.89032700
2020-11-26T16:00:00Z,16906.23000000,17294.88000000,16188.00000000,17149.47000000,48886.87204800
2020-11-27T00:00:00Z,17149.47000000,17457.62000000,17012.56000000,17094.18000000,25213.12646500
2020-11-27T08:00:00Z,17095.47000000,17200.00000000,16438.08000000,16498.85000000,36238.30677600
2020-11-27T16:00:00Z,16501.10000000,17235.70000000,16465.48000000,17139.52000000,23845.59154600
2020-11-28T00:00:00Z,17139.53000000,17190.00000000,16872.00000000,17014.72000000,14219.60765200
2020-11-28T08:00:00Z,17014.72000000,17530.46000000,16865.56000000,17517.04000000,23896.03204700
2020-11-28T16:00:00Z,17517.04000000,17880.49000000,17516.52000000,17719.85000000,26795.06027100
2020-11-29T00:00:00Z,17719.84000000,17886.21000000,17517.00000000,17817.34000000,13044.26069600
2020-11-29T08:00:00Z,17817.34000000,18250.00000000,17803.78000000,18119.97000000,25283.26882100
2020-11-29T16:00:00Z,18119.97000000,18360.05000000,17926.00000000,18184.99000000,17001.48678600
2020-11-30T00:00:00Z,18185.00000000,18677.00000000,18184.99000000,18623.00000000,20231.91260300
2020-11-30T08:00:00Z,18623.05000000,19863.16000000,18326.03000000,19291.88000000,58911.66854500
2020-11-30T16:00:00Z,19291.88000000,19747.05000000,19011.10000000,19695.87000000,36319.88574000
2020-12-01T00:00:00Z,19695.87000000,19720.00000000,19281.38000000,19515.63000000,24731.64257900
2020-12-01T08:00:00Z,19515.62000000,19888.00000000,18001.12000000,19263.37000000,75150.59418500
2020-12-01T16:00:00Z,19263.36000000,19325.83000000,18611.88000000,18764.96000000,27816.52588800
2020-12-02T00:00:00Z,18764.96000000,19135.00000000,18330.00000000,19124.48000000,27195.11538600
2020-12-02T08:00:00Z,19124.49000000,19342.00000000,18728.38000000,18891.57000000,30978.86853700
2020-12-02T16:00:00Z,18891.57000000,19260.00000000,18770.00000000,19204.09000000,17737.02955500
2020-12-03T00:00:00Z,19204.08000000,19299.00000000,18867.20000000,19208.11000000,17173.44140900
2020-12-03T08:00:00Z,19208.11000000,19536.20000000,19097.60000000,19535.00000000,30090.00173700
2020-12-03T16:00:00Z,19535.00000000,19598.00000000,19194.06000000,19421.90000000,19425.94813300
2020-12-04T00:00:00Z,19422.34000000,19527.00000000,19122.48000000,19283.94000000,16607.20523300
2020-12-04T08:00:00Z,19283.94000000,19447.14000000,18686.38000000,18943.35000000,34466.60504900
2020-12-04T16:00:00Z,18944.06000000,19078.68000000,18565.31000000,18650.52000000,20209.85791800
2020-12-05T00:00:00Z,18650.51000000,18990.08000000,18500.00000000,18911.31000000,17663.36314200
2020-12-05T08:00:00Z,18911.30000000,19177.00000000,18911.30000000,19110.78000000,15576.87730200
2020-12-05T16:00:00Z,19111.13000000,19172.37000000,18977.16000000,19147.66000000,9682.50812900
2020-12-06T00:00:00Z,19147.66000000,19342.00000000,19105.00000000,19230.99000000,11483.72515600
2020-12-06T08:00:00Z,19230.99000000,19251.00000000,18857.00000000,19125.83000000,12701.57630300
2020-12-06T16:00:00Z,19125.84000000,19420.00000000,19018.00000000,19359.40000000,12857.79040200
2020-12-07T00:00:00Z,19358.67000000,19420.91000000,19157.55000000,19371.30000000,11575.38498900
2020-12-07T08:00:00Z,19371.24000000,19386.15000000,19090.00000000,19213.90000000,14802.16635100
2020-12-07T16:00:00Z,19213.90000000,19241.39000000,18902.88000000,19166.90000000,14994.74495300
2020-12-08T00:00:00Z,19166.90000000,19294.84000000,19091.00000000,19143.10000000,11748.22393200
2020-12-08T08:00:00Z,19143.10000000,19168.88000000,18610.00000000,18809.91000000,26729.10180700
2020-12-08T16:00:00Z,18809.91000000,18937.81000000,18200.00000000,18324.11000000,23149.62187500
2020-12-09T00:00:00Z,18324.11000000,18380.00000000,17830.00000000,17924.07000000,25535.21241200
2020-12-09T08:00:00Z,17924.06000000,18523.99000000,17650.00000000,18349.50000000,34710.49908100
2020-12-09T16:00:00Z,18349.50000000,18639.57000000,18165.00000000,18541.28000000,19339.84230800
2020-12-10T00:00:00Z,18541.29000000,18557.32000000,18278.44000000,18335.91000000,13340.59456500
2020-12-10T08:00:00Z,18335.91000000,18480.00000000,17911.12000000,18134.08000000,23849.57921100
2020-12-10T16:00:00Z,18132.11000000,18435.74000000,18076.07000000,18254.63000000,15700.50131800
2020-12-11T00:00:00Z,18254.81000000,18292.73000000,17700.51000000,17811.95000000,26405.89648200
2020-12-11T08:00:00Z,17811.96000000,18132.00000000,17572.33000000,18104.74000000,28759.36443900
2020-12-11T16:00:00Z,18104.74000000,18184.00000000,17852.00000000,18036.53000000,17445.46333800
2020-12-12T00:00:00Z,18036.53000000,18400.00000000,18020.70000000,18380.85000000,15033.66213900
2020-12-12T08:00:00Z,18380.85000000,18525.33000000,18308.82000000,18399.01000000,15085.32760000
2020-12-12T16:00:00Z,18399.01000000,18948.66000000,18362.42000000,18808.69000000,19400.98869300
2020-12-13T00:00:00Z,18808.69000000,19306.27000000,18711.12000000,19247.68000000,18126.37686700
2020-12-13T08:00:00Z,19249.21000000,19411.00000000,19080.00000000,19211.34000000,23348.15201100
2020-12-13T16:00:00Z,19211.34000000,19385.00000000,18971.00000000,19174.99000000,15086.29286600
2020-12-14T00:00:00Z,19174.99000000,19347.00000000,19000.00000000,19155.80000000,15614.50918600
2020-12-14T08:00:00Z,19155.80000000,19300.00000000,19028.97000000,19200.07000000,18385.04691500
2020-12-14T16:00:00Z,19200.00000000,19349.00000000,19113.08000000,19273.14000000,13257.64519300
2020-12-15T00:00:00Z,19273.69000000,19570.00000000,19050.00000000,19197.60000000,24081.83953000
2020-12-15T08:00:00Z,19197.59000000,19433.00000000,19074.00000000,19403.31000000,19563.31329400
2020-12-15T16:00:00Z,19403.31000000,19547.00000000,19276.00000000,19426.43000000,18189.21318700
2020-12-16T00:00:00Z,19426.43000000,19488.02000000,19278.60000000,19423.96000000,13751.03678400
2020-12-16T08:00:00Z,19423.95000000,20799.00000000,19370.62000000,20661.37000000,57621.85529500
2020-12-16T16:00:00Z,20661.37000000,21560.00000000,20550.00000000,21335.52000000,42933.44349100
2020-12-17T00:00:00Z,21335.52000000,22488.00000000,21230.00000000,22478.76000000,45025.13384400
2020-12-17T08:00:00Z,22478.75000000,23800.00000000,21801.00000000,23333.80000000,81588.73456700
2020-12-17T16:00:00Z,23333.81000000,23699.70000000,22311.10000000,22797.16000000,58268.60833700
2020-12-18T00:00:00Z,22797.15000000,23248.99000000,22470.35000000,23055.98000000,26049.61256300
2020-12-18T08:00:00Z,23055.98000000,23285.18000000,22350.00000000,22549.00000000,33290.58798400
2020-12-18T16:00:00Z,22549.00000000,23143.56000000,22463.59000000,23107.39000000,20305.93376800
2020-12-19T00:00:00Z,23107.39000000,23225.00000000,22821.00000000,22853.75000000,16926.12524200
2020-12-19T08:00:00Z,22853.75000000,23650.00000000,22750.00000000,23552.01000000,32451.44877200
2020-12-19T16:00:00Z,23552.00000000,24171.47000000,23456.55000000,23821.61000000,36667.49066300
2020-12-20T00:00:00Z,23821.60000000,23836.48000000,23060.00000000,23628.88000000,21189.69985100
2020-12-20T08:00:00Z,23628.89000000,23910.00000000,23296.00000000,23868.09000000,23126.86205000
2020-12-20T16:00:00Z,23868.08000000,24295.00000000,23090.00000000,23455.52000000,32373.58378400
2020-12-21T00:00:00Z,23455.54000000,24102.77000000,23287.94000000,23980.00000000,22507.55398400
2020-12-21T08:00:00Z,23979.99000000,24075.94000000,21815.00000000,22681.32000000,47125.32071300
2020-12-21T16:00:00Z,22693.65000000,23254.33000000,22621.44000000,22719.71000000,18397.42254600
2020-12-22T00:00:00Z,22719.88000000,23076.77000000,22428.86000000,22655.83000000,26130.31108900
2020-12-22T08:00:00Z,22655.82000000,23628.89000000,22353.40000000,23342.58000000,36259.11416900
2020-12-22T16:00:00Z,23342.68000000,23837.10000000,23224.40000000,23810.79000000,24643.70090200
2020-12-23T00:00:00Z,23810.79000000,24050.00000000,23319.11000000,23555.73000000,29602.20860200
2020-12-23T08:00:00Z,23555.54000000,24100.00000000,22810.00000000,23449.66000000,52851.14749700
2020-12-23T16:00:00Z,23449.66000000,23678.49000000,22600.00000000,23232.76000000,36593.90363400
2020-12-24T00:00:00Z,23232.39000000,23242.04000000,22703.42000000,23173.38000000,26856.47259500
2020-12-24T08:00:00Z,23173.38000000,23479.26000000,23012.29000000,23232.12000000,21719.24365400
2020-12-24T16:00:00Z,23232.12000000,23794.43000000,23108.01000000,23729.20000000,20438.11800300
2020-12-25T00:00:00Z,23728.99000000,23827.54000000,23433.60000000,23649.82000000,12512.30891600
2020-12-25T08:00:00Z,23650.99000000,24681.00000000,23600.00000000,24025.13000000,43078.79925500
2020-12-25T16:00:00Z,24025.13000000,24789.86000000,23987.16000000,24712.47000000,23928.83539800
2020-12-26T00:00:00Z,24712.47000000,25039.96000000,24500.00000000,24784.48000000,22208.37157300
2020-12-26T08:00:00Z,24784.48000000,25673.52000000,24562.50000000,25629.99000000,29088.18719900
2020-12-26T16:00:00Z,25629.99000000,26867.03000000,25575.00000000,26493.39000000,46509.95461400
2020-12-27T00:00:00Z,26493.40000000,27777.82000000,26427.16000000,27639.38000000,39404.62439200
2020-12-27T08:00:00Z,27639.39000000,28422.00000000,26566.00000000,27359.62000000,65210.88760600
2020-12-27T16:00:00Z,27360.09000000,27490.00000000,25700.00000000,26281.66000000,43840.07421600
2020-12-28T00:00:00Z,26281.54000000,27356.30000000,26101.00000000,27001.31000000,26673.10992900
2020-12-28T08:00:00Z,27001.32000000,27500.00000000,26557.73000000,26916.32000000,29585.01574700
2020-12-28T16:00:00Z,26916.32000000,27236.71000000,26415.09000000,27079.41000000,23463.61682000
2020-12-29T00:00:00Z,27079.42000000,27116.78000000,25880.00000000,26435.63000000,23370.43678000
2020-12-29T08:00:00Z,26436.53000000,27100.00000000,26433.00000000,26614.97000000,21118.91086000
2020-12-29T16:00:00Z,26615.28000000,27410.00000000,26204.99000000,27385.00000000,24922.24496600
2020-12-30T00:00:00Z,27385.00000000,28598.74000000,27374.87000000,28386.62000000,35607.94888600
2020-12-30T08:00:00Z,28389.02000000,28579.92000000,27320.00000000,28153.76000000,30667.36040200
2020-12-30T16:00:00Z,28153.75000000,28996.00000000,27887.00000000,28875.54000000,29080.74853800
2020-12-31T00:00:00Z,28875.55000000,29300.00000000,28120.67000000,29155.25000000,27247.81665700
2020-12-31T08:00:00Z,29155.24000000,29210.83000000,27850.00000000,28770.00000000,30105.63031900
2020-12-31T16:00:00Z,28782.01000000,29169.55000000,28311.00000000,28923.63000000,18155.05817600
2021-01-01T00:00:00Z,28923.63000000,29470.00000000,28690.17000000,29092.83000000,18869.36682700
2021-01-01T08:00:00Z,29092.84000000,29600.00000000,28872.24000000,29188.67000000,20078.65483400
2021-01-01T16:00:00Z,29188.67000000,29360.00000000,28624.57000000,29331.69000000,15234.90335000
2021-01-02T00:00:00Z,29331.70000000,29820.50000000,28946.53000000,29750.00000000,17258.67137100
2021-01-02T08:00:00Z,29751.47000000,31800.00000000,29473.91000000,31691.29000000,43255.77800700
2021-01-02T16:00:00Z,31691.09000000,33300.00000000,30300.00000000,32178.33000000,69479.42398400
2021-01-03T00:00:00Z,32176.45000000,34778.11000000,31962.99000000,34452.34000000,37176.42920300
2021-01-03T08:00:00Z,34451.78000000,34670.41000000,32727.00000000,33506.62000000,45891.61004400
2021-01-03T16:00:00Z,33505.15000000,33861.92000000,32267.00000000,33000.05000000,37889.52750300
2021-01-04T00:00:00Z,33000.05000000,33600.00000000,31505.00000000,32068.84000000,35935.66252900
2021-01-04T08:00:00Z,32068.84000000,32567.88000000,28130.00000000,31745.72000000,73184.01047800
2021-01-04T16:00:00Z,31745.71000000,32031.01000000,30626.36000000,31988.71000000,31780.21268300
2021-01-05T00:00:00Z,31989.75000000,32853.38000000,29900.00000000,30817.77000000,43832.13577800
2021-01-05T08:00:00Z,30817.78000000,32375.07000000,30817.78000000,32099.98000000,29498.87746900
2021-01-05T16:00:00Z,32099.97000000,34360.00000000,31763.23000000,33949.53000000,42718.98379100
2021-01-06T00:00:00Z,33949.53000000,35766.58000000,33288.00000000,34676.40000000,41932.31886900
2021-01-06T08:00:00Z,34666.80000000,35200.00000000,33357.90000000,34566.19000000,39707.36250600
2021-01-06T16:00:00Z,34566.18000000,36939.21000000,34280.00000000,36769.36000000,45499.51993500
2021-01-07T00:00:00Z,36769.36000000,37700.80000000,36422.71000000,36859.85000000,35977.42878400
2021-01-07T08:00:00Z,36863.04000000,38970.42000000,36300.00000000,38970.42000000,39859.67039500
2021-01-07T16:00:00Z,38970.41000000,40365.00000000,36500.00000000,39432.28000000,56988.60125800
2021-01-08T00:00:00Z,39432.48000000,39699.87000000,36500.00000000,38930.55000000,41241.61062700
2021-01-08T08:00:00Z,38929.56000000,41950.00000000,38222.00000000,40829.08000000,56562.17708900
2021-01-08T16:00:00Z,40829.07000000,41600.00000000,38652.00000000,40582.81000000,41986.16978300
2021-01-09T00:00:00Z,40586.96000000,40976.13000000,38720.00000000,39638.61000000,26339.84550400
2021-01-09T08:00:00Z,39639.21000000,41380.00000000,39290.86000000,40525.15000000,28331.82955100
2021-01-09T16:00:00Z,40525.16000000,40880.00000000,39869.00000000,40088.22000000,21114.30462000
2021-01-10T00:00:00Z,40088.22000000,41350.00000000,40050.00000000,40978.57000000,20997.29684400
2021-01-10T08:00:00Z,40978.57000000,41060.00000000,38450.00000000,39671.81000000,35971.95798700
2021-01-10T16:00:00Z,39671.82000000,39757.55000000,35111.11000000,38150.02000000,61240.28967200
2021-01-11T00:00:00Z,38150.02000000,38264.74000000,32538.00000000,34375.34000000,82425.88288300
2021-01-11T08:00:00Z,34372.25000000,36360.00000000,31115.00000000,31580.00000000,84617.06499700
2021-01-11T16:00:00Z,31582.82000000,35638.55000000,30420.00000000,35404.47000000,84113.19040700
2021-01-12T00:00:00Z,35410.37000000,36628.00000000,33677.03000000,36413.60000000,41976.98745600
2021-01-12T08:00:00Z,36413.60000000,36499.98000000,32531.00000000,33829.40000000,53060.12885500
2021-01-12T16:00:00Z,33829.40000000,35550.00000000,33260.74000000,34051.24000000,38911.03568500
2021-01-13T00:00:00Z,34049.15000000,35180.67000000,32380.00000000,34986.90000000,46171.29329900
2021-01-13T08:00:00Z,34986.90000000,35250.00000000,34017.00000000,34673.90000000,37314.13967600
2021-01-13T16:00:00Z,34673.90000000,37850.00000000,34388.53000000,37371.38000000,40992.48196300
2021-01-14T00:00:00Z,37371.38000000,38596.92000000,36701.23000000,38198.34000000,31902.82887100
2021-01-14T08:00:00Z,38199.52000000,40100.00000000,37707.00000000,39546.01000000,39635.00645100
2021-01-14T16:00:00Z,39546.01000000,40000.00000000,38259.25000000,39144.50000000,31412.55409900
2021-01-15T00:00:00Z,39145.21000000,39747.76000000,37554.94000000,38473.08000000,27291.54772000
2021-01-15T08:00:00Z,38473.07000000,38780.00000000,35258.00000000,35610.72000000,40552.83954700
2021-01-15T16:00:00Z,35610.79000000,36888.00000000,34408.00000000,36742.22000000,50456.53364900
2021-01-16T00:00:00Z,36737.43000000,37669.00000000,35520.00000000,36574.86000000,28785.25026600
2021-01-16T08:00:00Z,36565.74000000,37950.00000000,36375.88000000,37461.99000000,29451.23547900
2021-01-16T16:00:00Z,37463.46000000,37713.94000000,35357.80000000,35994.98000000,28111.94576300
2021-01-17T00:00:00Z,35994.98000000,36744.05000000,34518.04000000,34760.90000000,24608.90587700
2021-01-17T08:00:00Z,34760.91000000,35973.89000000,33850.00000000,35728.47000000,34862.31141500
2021-01-17T16:00:00Z,35728.47000000,36852.50000000,35506.00000000,35828.61000000,20686.51009200
2021-01-18T00:00:00Z,35824.99000000,36278.68000000,34800.00000000,36104.61000000,22796.78884400
2021-01-18T08:00:00Z,36100.55000000,37469.83000000,35771.60000000,36405.98000000,29825.67451400
2021-01-18T16:00:00Z,36405.99000000,36777.77000000,35400.00000000,36631.27000000,18075.65539200
2021-01-19T00:00:00Z,36622.46000000,37280.00000000,36002.01000000,37168.82000000,26631.61479400
2021-01-19T08:00:00Z,37167.92000000,37535.27000000,36610.00000000,37329.40000000,27137.44220400
2021-01-19T16:00:00Z,37329.40000000,37850.00000000,35844.06000000,35891.49000000,25842.25077100
2021-01-20T00:00:00Z,35901.94000000,36415.31000000,34737.00000000,35677.14000000,27784.09567100
2021-01-20T08:00:00Z,35672.86000000,35939.12000000,34000.00000000,34192.17000000,35219.51091800
2021-01-20T16:00:00Z,34193.11000000,35670.00000000,33400.00000000,35468.23000000,26364.81632900
2021-01-21T00:00:00Z,35468.23000000,35600.00000000,33971.41000000,34624.27000000,22640.74406800
2021-01-21T08:00:00Z,34624.27000000,34681.73000000,31037.00000000,31384.09000000,66668.43105000
2021-01-21T16:00:00Z,31384.19000000,32751.24000000,30071.00000000,30850.13000000,45694.90154000
2021-01-22T00:00:00Z,30851.99000000,32152.90000000,28850.00000000,30842.45000000,69586.21886900
2021-01-22T08:00:00Z,30846.59000000,32767.44000000,30500.00000000,32458.42000000,43652.94468200
2021-01-22T16:00:00Z,32462.79000000,33826.53000000,31955.67000000,32945.17000000,29732.52049800
2021-01-23T00:00:00Z,32950.00000000,33456.00000000,32053.33000000,32931.18000000,23676.03872100
2021-01-23T08:00:00Z,32931.17000000,33104.94000000,31390.16000000,31877.10000000,24308.54114400
2021-01-23T16:00:00Z,31877.10000000,32538.61000000,31759.65000000,32078.00000000,16610.70781000
2021-01-24T00:00:00Z,32078.00000000,33071.00000000,31630.00000000,32801.15000000,18901.74139200
2021-01-24T08:00:00Z,32797.21000000,33030.00000000,31858.68000000,31957.05000000,17540.18060600
2021-01-24T16:00:00Z,31956.90000000,32369.59000000,30900.00000000,32259.90000000,21536.11596800
2021-01-25T00:00:00Z,32259.45000000,33797.96000000,32175.61000000,33346.95000000,25671.26940700
2021-01-25T08:00:00Z,33347.19000000,34875.00000000,32750.09000000,34458.31000000,32498.05275800
2021-01-25T16:00:00Z,34458.31000000,34600.00000000,31910.00000000,32254.20000000,30329.90475600
2021-01-26T00:00:00Z,32254.19000000,32827.33000000,31100.00000000,31643.61000000,29375.79924000
2021-01-26T08:00:00Z,31643.61000000,32450.00000000,30837.37000000,31750.23000000,30837.46378200
2021-01-26T16:00:00Z,31750.24000000,32921.88000000,31300.69000000,32467.77000000,24758.94388800
2021-01-27T00:00:00Z,32464.01000000,32557.29000000,31350.00000000,31743.33000000,18469.03891800
2021-01-27T08:00:00Z,31743.33000000,31749.28000000,29241.72000000,30322.61000000,42483.19757700
2021-01-27T16:00:00Z,30322.59000000,31649.99000000,29500.00000000,30366.15000000,34959.72521600
2021-01-28T00:00:00Z,30362.19000000,31876.63000000,29842.10000000,31170.53000000,26640.21355200
2021-01-28T08:00:00Z,31170.20000000,32203.38000000,30812.26000000,31926.49000000,30270.96493700
2021-01-28T16:00:00Z,31926.49000000,33783.98000000,31650.00000000,33364.86000000,35709.96712800
2021-01-29T00:00:00Z,33368.18000000,34310.00000000,31915.40000000,32266.35000000,55110.86613000
2021-01-29T08:00:00Z,32266.36000000,38531.90000000,32006.91000000,37129.40000000,114300.14955700
2021-01-29T16:00:00Z,37129.40000000,37569.00000000,33500.00000000,34252.20000000,62415.98993900
2021-01-30T00:00:00Z,34246.28000000,34933.00000000,32825.00000000,34046.80000000,34489.07074200
2021-01-30T08:00:00Z,34046.82000000,34500.00000000,33410.63000000,34210.20000000,27886.01826400
2021-01-30T16:00:00Z,34210.18000000,34800.00000000,33520.00000000,34262.88000000,22514.59233400
2021-01-31T00:00:00Z,34262.89000000,34342.69000000,33450.00000000,33607.98000000,16872.64686600
2021-01-31T08:00:00Z,33607.68000000,34220.00000000,32554.00000000,32862.66000000,25646.65202000
2021-01-31T16:00:00Z,32862.65000000,33255.49000000,32171.67000000,33092.98000000,26222.98149800
2021-02-01T00:00:00Z,33092.97000000,34427.00000000,32296.16000000,33803.97000000,30024.86152900
2021-02-01T08:00:00Z,33802.60000000,34717.27000000,33160.00000000,33160.17000000,37000.21446900
2021-02-01T16:00:00Z,33160.00000000,34100.00000000,33133.26000000,33526.37000000,15693.20088400
2021-02-02T00:00:00Z,33517.09000000,34400.00000000,33418.00000000,34223.38000000,19533.32922200
2021-02-02T08:00:00Z,34223.38000000,35668.10000000,34080.00000000,34708.47000000,34778.09325500
2021-02-02T16:00:00Z,34708.47000000,35984.33000000,34556.85000000,35466.24000000,23745.23740300
2021-02-03T00:00:00Z,35472.71000000,36845.00000000,35362.38000000,36297.57000000,25481.22294200
2021-02-03T08:00:00Z,36297.58000000,36917.27000000,35511.00000000,36850.00000000,28236.81457300
2021-02-03T16:00:00Z,36850.00000000,37662.63000000,36643.07000000,37618.87000000,27066.29614800
2021-02-04T00:00:00Z,37620.26000000,38288.00000000,37326.83000000,37843.40000000,27715.62614800
2021-02-04T08:00:00Z,37843.40000000,38708.27000000,36161.95000000,36564.23000000,40728.15556600
2021-02-04T16:00:00Z,36564.23000000,37783.83000000,36399.79000000,36936.66000000,23636.95418400
2021-02-05T00:00:00Z,36936.65000000,37727.22000000,36570.00000000,37653.98000000,19954.36860700
2021-02-05T08:00:00Z,37659.64000000,38310.12000000,37200.00000000,37960.76000000,26518.75741900
2021-02-05T16:00:00Z,37960.76000000,38309.00000000,37230.00000000,38290.24000000,20208.20824900
2021-02-06T00:00:00Z,38289.32000000,39666.00000000,38215.94000000,39359.12000000,36127.99841400
2021-02-06T08:00:00Z,39362.27000000,40866.66000000,39297.75000000,40864.73000000,34020.98154900
2021-02-06T16:00:00Z,40865.12000000,40955.51000000,39035.33000000,39186.94000000,28608.33122000
2021-02-07T00:00:00Z,39181.01000000,39611.04000000,37923.00000000,39030.00000000,29053.98966100
2021-02-07T08:00:00Z,39030.00000000,39700.00000000,37580.00000000,37921.11000000,30291.96256400
2021-02-07T16:00:00Z,37921.12000000,39080.00000000,37351.00000000,38795.69000000,25017.72753800
2021-02-08T00:00:00Z,38795.69000000,39391.78000000,37988.89000000,39269.95000000,20809.43680800
2021-02-08T08:00:00Z,39269.78000000,44918.00000000,38844.75000000,43716.32000000,67804.49571500
2021-02-08T16:00:00Z,43703.23000000,46794.45000000,42521.62000000,46374.87000000,49983.60439100
2021-02-09T00:00:00Z,46374.86000000,48142.19000000,45500.00000000,47505.40000000,47035.58101100
2021-02-09T08:00:00Z,47505.39000000,47928.23000000,44961.09000000,46773.63000000,41257.03400600
2021-02-09T16:00:00Z,46773.63000000,47499.43000000,46011.00000000,46420.42000000,27207.24669500
2021-02-10T00:00:00Z,46420.42000000,46944.07000000,45589.98000000,46563.69000000,26566.10166300
2021-02-10T08:00:00Z,46565.11000000,47310.00000000,43727.00000000,44353.04000000,44298.42699600
2021-02-10T16:00:00Z,44354.50000000,45322.09000000,43800.00000000,44807.58000000,26289.65354100
2021-02-11T00:00:00Z,44807.58000000,45129.59000000,43994.02000000,44700.01000000,15129.10172500
2021-02-11T08:00:00Z,44700.00000000,48399.00000000,44500.00000000,47960.85000000,42243.39810800
2021-02-11T16:00:00Z,47960.86000000,48678.90000000,46542.29000000,47969.51000000,32188.58162100
2021-02-12T00:00:00Z,47968.66000000,48985.80000000,46789.00000000,47318.81000000,29948.30515100
2021-02-12T08:00:00Z,47318.02000000,48140.00000000,46125.00000000,47021.05000000,31447.37167000
2021-02-12T16:00:00Z,47021.05000000,48150.00000000,46915.32000000,47287.60000000,24474.35887600
2021-02-13T00:00:00Z,47298.15000000,48150.00000000,46990.00000000,46995.72000000,19375.90327400
2021-02-13T08:00:00Z,46995.01000000,47569.03000000,46202.53000000,47076.01000000,28888.50409600
2021-02-13T16:00:00Z,47076.02000000,47400.14000000,46653.58000000,47153.69000000,15503.69002900
2021-02-14T00:00:00Z,47156.78000000,49404.94000000,47014.17000000,48725.18000000,29030.25478100
2021-02-14T08:00:00Z,48725.18000000,49707.43000000,48101.38000000,48541.18000000,27536.46364100
2021-02-14T16:00:00Z,48537.96000000,49300.00000000,48400.31000000,48577.79000000,17168.75711100
2021-02-15T00:00:00Z,48580.47000000,49010.92000000,45570.79000000,47267.06000000,35699.31112100
2021-02-15T08:00:00Z,47270.50000000,48219.23000000,47112.38000000,47938.83000000,22364.46620900
2021-02-15T16:00:00Z,47938.84000000,48801.00000000,47643.00000000,47911.10000000,21334.37945400
2021-02-16T00:00:00Z,47911.10000000,49998.00000000,47003.62000000,49163.46000000,29458.73043800
2021-02-16T08:00:00Z,49161.75000000,50689.18000000,48403.21000000,48956.91000000,36610.64831600
2021-02-16T16:00:00Z,48956.91000000,49291.00000000,47750.00000000,49133.45000000,22743.88754400
2021-02-17T00:00:00Z,49133.45000000,51266.09000000,48947.00000000,51112.39000000,30491.69869600
2021-02-17T08:00:00Z,51116.77000000,51678.36000000,50542.30000000,51169.97000000,32742.95044000
2021-02-17T16:00:00Z,51169.97000000,52618.74000000,50780.00000000,52119.71000000,22508.98868200
2021-02-18T00:00:00Z,52117.67000000,52530.00000000,51295.00000000,51901.96000000,20235.59278500
2021-02-18T08:00:00Z,51901.95000000,52285.00000000,50901.90000000,51585.29000000,23673.39435000
2021-02-18T16:00:00Z,51585.29000000,52195.12000000,51450.00000000,51552.60000000,16849.05981900
2021-02-19T00:00:00Z,51552.61000000,51943.99000000,50710.20000000,51727.08000000,19937.17876400
2021-02-19T08:00:00Z,51727.09000000,53886.07000000,51649.82000000,53863.19000000,27861.17131400
2021-02-19T16:00:00Z,53863.82000000,56368.00000000,53605.58000000,55906.00000000,31861.42794200
2021-02-20T00:00:00Z,55906.00000000,56609.14000000,55185.98000000,55207.92000000,23961.14860300
2021-02-20T08:00:00Z,55207.93000000,57700.46000000,55030.00000000,56145.97000000,29449.39238600
2021-02-20T16:00:00Z,56136.55000000,57425.00000000,53863.93000000,55841.19000000,27537.66432500
2021-02-21T00:00:00Z,55841.19000000,56959.71000000,55477.59000000,56091.76000000,17610.87922700
2021-02-21T08:00:00Z,56092.02000000,57827.00000000,55821.03000000,57313.99000000,21305.52842500
2021-02-21T16:00:00Z,57313.99000000,58352.80000000,56935.03000000,57408.57000000,19250.30085900
2021-02-22T00:00:00Z,57412.35000000,57508.47000000,55102.77000000,56422.92000000,26774.71643300
2021-02-22T08:00:00Z,56422.23000000,56623.69000000,47622.00000000,53236.69000000,76306.44285100
2021-02-22T16:00:00Z,53236.69000000,54989.46000000,51570.00000000,54087.67000000,30938.27566000
2021-02-23T00:00:00Z,54087.67000000,54183.59000000,48615.00000000,49640.33000000,46333.78283400
2021-02-23T08:00:00Z,49642.92000000,50027.01000000,44892.56000000,48602.03000000,90440.12471500
2021-02-23T16:00:00Z,48602.02000000,49247.69000000,45251.00000000,48891.00000000,32601.11750200
2021-02-24T00:00:00Z,48891.00000000,51357.00000000,46988.69000000,50090.57000000,33003.37687600
2021-02-24T08:00:00Z,50090.61000000,51374.99000000,48450.00000000,49819.50000000,36092.39293100
2021-02-24T16:00:00Z,49819.49000000,50150.00000000,48028.18000000,49676.20000000,22785.43944500
2021-02-25T00:00:00Z,49676.21000000,50884.88000000,49517.01000000,50395.99000000,18413.74315000
2021-02-25T08:00:00Z,50395.58000000,52041.73000000,48581.71000000,50849.99000000,31486.22932500
2021-02-25T16:00:00Z,50850.00000000,51370.18000000,46674.34000000,47073.73000000,33410.70064600
2021-02-26T00:00:00Z,47073.73000000,47800.00000000,44106.78000000,44973.68000000,45865.24077000
2021-02-26T08:00:00Z,44986.99000000,47853.13000000,44939.19000000,47594.65000000,35611.06149500
2021-02-26T16:00:00Z,47590.66000000,48424.11000000,45000.00000000,46276.87000000,27946.89839800
2021-02-27T00:00:00Z,46276.88000000,48394.00000000,46156.24000000,47158.53000000,23348.95973800
2021-02-27T08:00:00Z,47153.01000000,47800.00000000,46224.84000000,46528.64000000,22295.62229700
2021-02-27T16:00:00Z,46528.82000000,47557.14000000,45000.00000000,46106.43000000,20416.25225700
2021-02-28T00:00:00Z,46103.67000000,46638.46000000,43738.65000000,44400.83000000,30199.68644000
2021-02-28T08:00:00Z,44400.83000000,45530.62000000,43168.00000000,43391.14000000,27504.98455400
2021-02-28T16:00:00Z,43391.14000000,45919.61000000,43000.00000000,45135.66000000,25350.69804800
2021-03-01T00:00:00Z,45134.11000000,46796.94000000,44950.53000000,46288.18000000,22006.68428000
2021-03-01T08:00:00Z,46291.87000000,49298.00000000,46272.10000000,49188.00000000,37074.71059800
2021-03-01T16:00:00Z,49187.99000000,49790.00000000,47876.00000000,49587.03000000,26004.71677000
2021-03-02T00:00:00Z,49595.76000000,50200.00000000,48301.36000000,48331.61000000,21211.23106000
2021-03-02T08:00:00Z,48331.60000000,49699.99000000,48270.69000000,48676.08000000,20714.08908800
2021-03-02T16:00:00Z,48676.09000000,48718.18000000,47047.60000000,48440.65000000,22295.74199200
2021-03-03T00:00:00Z,48436.61000000,49960.00000000,48100.71000000,49752.97000000,17619.78585900
2021-03-03T08:00:00Z,49752.97000000,52640.00000000,49752.97000000,50767.36000000,42575.19488800
2021-03-03T16:00:00Z,50767.35000000,51600.00000000,50260.00000000,50349.37000000,20840.93295800
2021-03-04T00:00:00Z,50349.37000000,51773.88000000,49010.10000000,49696.49000000,26077.44099200
2021-03-04T08:00:00Z,49701.37000000,50756.23000000,48524.86000000,49412.60000000,30572.20494800
2021-03-04T16:00:00Z,49412.60000000,50033.92000000,47500.00000000,48374.09000000,26000.07088900
2021-03-05T00:00:00Z,48374.09000000,48376.20000000,46300.00000000,47380.00000000,25649.29542300
2021-03-05T08:00:00Z,47380.00000000,48728.21000000,46418.12000000,47867.45000000,27958.39922900
2021-03-05T16:00:00Z,47867.45000000,49448.93000000,46885.00000000,48751.71000000,24584.80172000
2021-03-06T00:00:00Z,48746.81000000,49156.00000000,48115.83000000,48820.12000000,10739.23558100
2021-03-06T08:00:00Z,48820.13000000,49100.00000000,47070.00000000,47267.88000000,17374.03868700
2021-03-06T16:00:00Z,47267.88000000,49200.00000000,47104.85000000,48882.20000000,16285.95997400
2021-03-07T00:00:00Z,48882.20000000,50179.17000000,48882.20000000,50052.68000000,15375.02810000
2021-03-07T08:00:00Z,50041.84000000,51250.00000000,50041.84000000,50585.23000000,21987.51424700
2021-03-07T16:00:00Z,50585.23000000,51450.03000000,49758.01000000,50971.75000000,17872.48568500
2021-03-08T00:00:00Z,50959.11000000,51847.38000000,49521.20000000,49755.24000000,22524.47556200
2021-03-08T08:00:00Z,49755.24000000,51233.00000000,49274.67000000,51054.99000000,24353.47721900
2021-03-08T16:00:00Z,51055.00000000,52402.78000000,50550.01000000,52375.17000000,20109.40688300
2021-03-09T00:00:00Z,52375.18000000,54448.00000000,51789.41000000,53546.90000000,30804.38439400
2021-03-09T08:00:00Z,53546.89000000,54815.84000000,53274.96000000,54097.02000000,24916.59099000
2021-03-09T16:00:00Z,54097.03000000,54895.00000000,53626.97000000,54884.50000000,15935.76169200
2021-03-10T00:00:00Z,54874.67000000,55813.09000000,53005.00000000,54173.38000000,27771.49481900
2021-03-10T08:00:00Z,54177.47000000,56489.66000000,54032.38000000,56328.81000000,26737.87059800
2021-03-10T16:00:00Z,56328.81000000,57387.69000000,55530.01000000,55851.59000000,30239.87352600
2021-03-11T00:00:00Z,55851.59000000,56499.98000000,55005.00000000,55034.20000000,21214.55892200
2021-03-11T08:00:00Z,55034.21000000,57238.50000000,54272.82000000,56347.19000000,32738.65676300
2021-03-11T16:00:00Z,56347.19000000,58150.00000000,56269.76000000,57773.16000000,27961.59717400
2021-03-12T00:00:00Z,57773.15000000,58081.51000000,56350.00000000,56670.90000000,19432.18457800
2021-03-12T08:00:00Z,56670.90000000,57095.76000000,54962.84000000,56956.95000000,31616.86171800
2021-03-12T16:00:00Z,56956.96000000,57768.00000000,56262.14000000,57221.72000000,22356.35975100
2021-03-13T00:00:00Z,57221.72000000,57389.58000000,56078.23000000,57343.70000000,16095.60464100
2021-03-13T08:00:00Z,57343.70000000,60500.00000000,57126.20000000,59692.99000000,40743.03720800
2021-03-13T16:00:00Z,59693.00000000,61844.00000000,59458.67000000,61188.39000000,26406.44949700
2021-03-14T00:00:00Z,61188.38000000,61724.79000000,60455.28000000,60494.80000000,15371.03039900
2021-03-14T08:00:00Z,60494.80000000,61110.53000000,59354.62000000,59681.26000000,20876.89495900
2021-03-14T16:00:00Z,59681.21000000,60750.00000000,58966.78000000,58968.31000000,16353.12739200
2021-03-15T00:00:00Z,58976.08000000,60633.43000000,57253.00000000,57789.76000000,30168.90283700
2021-03-15T08:00:00Z,57789.75000000,58350.00000000,54600.00000000,56224.13000000,51014.37225200
2021-03-15T16:00:00Z,56224.14000000,56940.00000000,55478.01000000,55605.20000000,21588.15220900
2021-03-16T00:00:00Z,55605.20000000,56140.55000000,53271.34000000,55239.81000000,34204.00949000
2021-03-16T08:00:00Z,55239.81000000,56400.00000000,54596.89000000,55844.92000000,24580.19278400
2021-03-16T16:00:00Z,55844.92000000,56938.29000000,54950.16000000,56900.75000000,19202.49208100
2021-03-17T00:00:00Z,56900.74000000,57189.43000000,55185.42000000,55821.01000000,16147.74926100
2021-03-17T08:00:00Z,55819.23000000,56052.63000000,54123.69000000,54930.00000000,24864.84302800
2021-03-17T16:00:00Z,54930.00000000,58974.73000000,54740.00000000,58912.97000000,29409.02855200
2021-03-18T00:00:00Z,58912.97000000,59561.54000000,58119.00000000,58355.15000000,19153.03545200
2021-03-18T08:00:00Z,58355.14000000,59637.39000000,57500.00000000,59533.68000000,21766.38457400
2021-03-18T16:00:00Z,59533.67000000,60129.97000000,57023.00000000,57648.16000000,25660.98664900
2021-03-19T00:00:00Z,57641.00000000,58492.85000000,56270.74000000,57834.04000000,16333.68841400
2021-03-19T08:00:00Z,57834.04000000,59249.50000000,57499.63000000,58971.50000000,21076.08451900
2021-03-19T16:00:00Z,58977.04000000,59468.00000000,58000.00000000,58030.01000000,14982.88002800
2021-03-20T00:00:00Z,58030.01000000,58913.98000000,57820.17000000,58402.41000000,11153.32065600
2021-03-20T08:00:00Z,58402.41000000,59880.00000000,58402.40000000,59244.52000000,19345.43030700
2021-03-20T16:00:00Z,59244.51000000,59474.89000000,57966.85000000,58102.28000000,13978.19081300
2021-03-21T00:00:00Z,58100.02000000,58589.10000000,56668.00000000,56972.68000000,15131.17138900
2021-03-21T08:00:00Z,56972.68000000,57539.00000000,55450.11000000,57159.04000000,20183.62407500
2021-03-21T16:00:00Z,57159.04000000,58113.00000000,56750.00000000,57351.56000000,13249.67481000
2021-03-22T00:00:00Z,57351.56000000,57895.78000000,56289.00000000,57576.50000000,13161.93508300
2021-03-22T08:00:00Z,57576.51000000,58430.73000000,56521.01000000,57083.00000000,19525.26589700
2021-03-22T16:00:00Z,57082.99000000,57195.00000000,53650.00000000,54083.25000000,29894.42518900
2021-03-23T00:00:00Z,54083.25000000,55344.26000000,53000.00000000,54161.34000000,23868.78725600
2021-03-23T08:00:00Z,54166.12000000,55450.00000000,53821.79000000,55165.19000000,18149.42725600
2021-03-23T16:00:00Z,55165.20000000,55830.90000000,54190.10000000,54340.89000000,17771.15091500
2021-03-24T00:00:00Z,54342.80000000,55612.92000000,53511.39000000,55464.20000000,20498.34795000
2021-03-24T08:00:00Z,55464.46000000,57200.00000000,55452.14000000,56298.12000000,25465.54139600
2021-03-24T16:00:00Z,56298.12000000,56422.02000000,51700.00000000,52303.65000000,37573.57567500
2021-03-25T00:00:00Z,52303.66000000,53287.00000000,51500.00000000,52270.71000000,25027.67954100
2021-03-25T08:00:00Z,52270.72000000,53160.85000000,50427.56000000,50996.15000000,37809.27515600
2021-03-25T16:00:00Z,50996.15000000,52720.24000000,50550.00000000,51293.78000000,24563.57984100
2021-03-26T00:00:00Z,51293.78000000,53600.90000000,51214.60000000,53569.85000000,20200.51063000
2021-03-26T08:00:00Z,53569.24000000,53826.48000000,52508.19000000,53308.27000000,22614.10216400
2021-03-26T16:00:00Z,53315.54000000,55073.46000000,52888.81000000,55025.59000000,20999.16189800
2021-03-27T00:00:00Z,55025.59000000,55555.00000000,54495.12000000,54950.28000000,15472.79268300
2021-03-27T08:00:00Z,54950.27000000,55146.23000000,53950.00000000,54961.85000000,15646.93572600
2021-03-27T16:00:00Z,54961.85000000,56700.36000000,54949.27000000,55817.14000000,18985.74664600
2021-03-28T00:00:00Z,55817.14000000,56496.00000000,55572.00000000,56200.66000000,11202.63692500
2021-03-28T08:00:00Z,56200.66000000,56559.75000000,55291.13000000,56354.35000000,13137.58309800
2021-03-28T16:00:00Z,56356.98000000,56490.00000000,54691.84000000,55777.63000000,14710.16748800
2021-03-29T00:00:00Z,55777.65000000,56167.37000000,54800.01000000,55911.99000000,16023.59619200
2021-03-29T08:00:00Z,55911.99000000,58405.82000000,55911.99000000,57719.74000000,33711.12748200
2021-03-29T16:00:00Z,57719.74000000,58290.00000000,57103.43000000,57635.47000000,18123.21372400
2021-03-30T00:00:00Z,57635.46000000,58277.00000000,57071.35000000,58116.17000000,15709.86766300
2021-03-30T08:00:00Z,58116.16000000,59368.00000000,57726.72000000,58526.42000000,26666.67602000
2021-03-30T16:00:00Z,58526.43000000,59107.84000000,58380.02000000,58746.57000000,12745.89943900
2021-03-31T00:00:00Z,58746.57000000,59800.00000000,57500.18000000,58173.83000000,18850.54619800
2021-03-31T08:00:00Z,58173.82000000,59430.54000000,56769.00000000,59304.75000000,23255.94534000
2021-03-31T16:00:00Z,59304.76000000,59648.52000000,58328.55000000,58740.55000000,18869.05112800
2021-04-01T00:00:00Z,58739.46000000,59314.53000000,58500.20000000,58817.77000000,12601.42828700
2021-04-01T08:00:00Z,58817.78000000,59490.00000000,58115.00000000,58974.65000000,20367.23138100
2021-04-01T16:00:00Z,58974.66000000,59146.77000000,57935.45000000,58720.44000000,14446.95755200
2021-04-02T00:00:00Z,58720.45000000,60200.00000000,58455.10000000,59417.63000000,20779.94284100
2021-04-02T08:00:00Z,59421.21000000,59685.00000000,58827.66000000,59480.06000000,13807.51169700
2021-04-02T16:00:00Z,59480.06000000,59600.00000000,58428.57000000,58950.01000000,12794.96424300
2021-04-03T00:00:00Z,58950.01000000,59531.74000000,58931.30000000,59298.85000000,10318.39588900
2021-04-03T08:00:00Z,59301.80000000,59791.72000000,58750.96000000,58829.99000000,14677.74541500
2021-04-03T16:00:00Z,58829.99000000,59143.71000000,56880.00000000,57051.94000000,22413.71080900
2021-04-04T00:00:00Z,57051.95000000,57723.48000000,56388.00000000,57614.52000000,15685.52659500
2021-04-04T08:00:00Z,57614.52000000,58492.85000000,57000.00000000,57918.11000000,14708.22010800
2021-04-04T16:00:00Z,57918.11000000,58300.00000000,57684.29000000,58202.01000000,10920.33527000
2021-04-05T00:00:00Z,58202.01000000,58387.35000000,56790.57000000,57250.00000000,16236.23490600
2021-04-05T08:00:00Z,57250.00000000,59272.00000000,56777.77000000,59018.29000000,21017.76497600
2021-04-05T16:00:00Z,59020.00000000,59240.00000000,58479.59000000,59129.99000000,17004.01590800
2021-04-06T00:00:00Z,59129.99000000,59495.24000000,58349.00000000,58576.59000000,15476.85034300
2021-04-06T08:00:00Z,58576.59000000,59000.00000000,57413.02000000,57818.53000000,24767.41309500
2021-04-06T16:00:00Z,57818.54000000,58311.91000000,57483.71000000,57991.15000000,13956.73728900
2021-04-07T00:00:00Z,57990.03000000,58655.00000000,57161.86000000,57850.57000000,20438.81585700
2021-04-07T08:00:00Z,57850.57000000,57938.77000000,55612.00000000,56451.45000000,32752.90900800
2021-04-07T16:00:00Z,56451.46000000,56850.00000000,55473.00000000,55953.45000000,18036.68079400
2021-04-08T00:00:00Z,55953.44000000,57333.85000000,55700.00000000,57025.71000000,14204.17548300
2021-04-08T08:00:00Z,57023.63000000,57912.02000000,56311.77000000,57768.13000000,18517.24575600
2021-04-08T16:00:00Z,57769.00000000,58153.31000000,57449.04000000,58077.52000000,11561.72578000
2021-04-09T00:00:00Z,58077.52000000,58419.45000000,57654.00000000,58051.42000000,10882.00387000
2021-04-09T08:00:00Z,58048.70000000,58894.90000000,57669.58000000,58240.00000000,18541.14743600
2021-04-09T16:00:00Z,58239.99000000,58600.00000000,57870.57000000,58142.54000000,11408.73360500
2021-04-10T00:00:00Z,58142.55000000,61500.00000000,57900.01000000,60480.40000000,33811.21390700
2021-04-10T08:00:00Z,60480.40000000,60997.18000000,59811.74000000,60247.26000000,17822.77717400
2021-04-10T16:00:00Z,60247.26000000,60550.00000000,58374.61000000,59769.13000000,18272.43303600
2021-04-11T00:00:00Z,59769.13000000,60699.00000000,59339.83000000,59655.49000000,15343.33838700
2021-04-11T08:00:00Z,59655.50000000,60144.70000000,59232.52000000,59645.46000000,13137.30638800
2021-04-11T16:00:00Z,59645.45000000,60190.00000000,59405.18000000,60002.43000000,12676.07061600
2021-04-12T00:00:00Z,59998.80000000,61300.00000000,59586.01000000,60711.01000000,18246.10405300
2021-04-12T08:00:00Z,60711.00000000,60878.25000000,59350.59000000,59986.83000000,24803.94051100
2021-04-12T16:00:00Z,59986.82000000,60241.32000000,59680.90000000,59860.00000000,13324.99255300
2021-04-13T00:00:00Z,59860.01000000,61415.50000000,59805.15000000,61050.99000000,24144.67210500
2021-04-13T08:00:00Z,61050.99000000,63657.86000000,61046.45000000,63331.83000000,40333.62965500
2021-04-13T16:00:00Z,63331.83000000,63777.77000000,62530.00000000,63575.00000000,18370.38698600
2021-04-14T00:00:00Z,63575.01000000,64854.00000000,63063.32000000,64288.80000000,23613.36338400
2021-04-14T08:00:00Z,64288.80000000,64787.98000000,62345.67000000,63045.02000000,33670.73318700
2021-04-14T16:00:00Z,63045.03000000,63764.62000000,61301.00000000,62959.53000000,25332.24742200
2021-04-15T00:00:00Z,62959.53000000,63491.45000000,62333.55000000,62842.56000000,15729.83310700
2021-04-15T08:00:00Z,62842.56000000,63137.92000000,62020.00000000,62715.18000000,17028.93320000
2021-04-15T16:00:00Z,62715.17000000,63800.00000000,62308.00000000,63159.98000000,18890.93403300
2021-04-16T00:00:00Z,63158.74000000,63520.61000000,61025.00000000,61414.83000000,31961.76439600
2021-04-16T08:00:00Z,61414.88000000,61627.00000000,60000.00000000,61551.62000000,38685.62997900
2021-04-16T16:00:00Z,61551.62000000,62087.98000000,61105.00000000,61334.80000000,21116.74550900
2021-04-17T00:00:00Z,61334.81000000,62506.05000000,61114.14000000,62114.99000000,18022.83817700
2021-04-17T08:00:00Z,62114.99000000,62458.28000000,60094.00000000,60264.66000000,24694.98699900
2021-04-17T16:00:00Z,60264.65000000,60955.00000000,59580.91000000,60006.66000000,16194.43095200
2021-04-18T00:00:00Z,60006.67000000,60499.00000000,50931.30000000,56180.34000000,58680.91573800
2021-04-18T08:00:00Z,56184.51000000,56498.00000000,53064.66000000,55452.45000000,44254.88907100
2021-04-18T16:00:00Z,55452.45000000,56688.28000000,54859.75000000,56150.01000000,21946.32701500
2021-04-19T00:00:00Z,56150.01000000,57485.46000000,55690.62000000,57323.35000000,21227.50229800
2021-04-19T08:00:00Z,57323.34000000,57526.81000000,54221.58000000,54585.22000000,37407.23567100
2021-04-19T16:00:00Z,54581.82000000,56600.00000000,54351.67000000,55633.14000000,19594.30429800
2021-04-20T00:00:00Z,55633.14000000,55792.15000000,53329.96000000,54410.57000000,21865.66171700
2021-04-20T08:00:00Z,54410.57000000,56455.93000000,54230.38000000,55323.19000000,26817.96165100
2021-04-20T16:00:00Z,55323.18000000,57076.24000000,55099.63000000,56425.00000000,24060.85878300
2021-04-21T00:00:00Z,56425.00000000,56757.91000000,54968.69000000,55304.04000000,19389.85772000
2021-04-21T08:00:00Z,55304.04000000,56346.70000000,54276.85000000,56153.75000000,24682.36616300
2021-04-21T16:00:00Z,56149.93000000,56339.98000000,53536.02000000,53787.63000000,22912.53302600
2021-04-22T00:00:00Z,53787.62000000,54850.00000000,52561.00000000,54144.99000000,31799.97393300
2021-04-22T08:00:00Z,54146.01000000,55521.48000000,53080.00000000,54651.64000000,27907.53980700
2021-04-22T16:00:00Z,54651.63000000,55166.19000000,50500.00000000,51690.96000000,44949.11759700
2021-04-23T00:00:00Z,51690.95000000,52131.85000000,47700.00000000,47942.44000000,69766.99152200
2021-04-23T08:00:00Z,47936.00000000,50300.00000000,47500.00000000,49836.62000000,39943.39177700
2021-04-23T16:00:00Z,49836.63000000,51301.34000000,49470.26000000,51125.14000000,22520.39742000
2021-04-24T00:00:00Z,51110.56000000,51166.22000000,49304.06000000,49805.20000000,18052.48753000
2021-04-24T08:00:00Z,49798.96000000,50360.63000000,48657.14000000,50212.03000000,24209.85484600
2021-04-24T16:00:00Z,50210.01000000,51000.00000000,49650.00000000,50047.84000000,13099.17019700
2021-04-25T00:00:00Z,50047.84000000,50452.85000000,49600.00000000,49683.94000000,6426.89574700
2021-04-25T08:00:00Z,49683.95000000,50567.91000000,49161.94000000,50257.97000000,21112.22816100
2021-04-25T16:00:00Z,50257.97000000,50434.00000000,46930.00000000,49066.77000000,30716.52109600
2021-04-26T00:00:00Z,49066.76000000,53080.00000000,48753.44000000,52801.37000000,34306.03222500
2021-04-26T08:00:00Z,52801.37000000,53950.00000000,52275.00000000,53571.12000000,25545.23968800
2021-04-26T16:00:00Z,53571.13000000,54356.62000000,52600.36000000,54001.39000000,26459.53021100
2021-04-27T00:00:00Z,54001.38000000,54933.74000000,53222.00000000,54545.01000000,18287.75312600
2021-04-27T08:00:00Z,54545.00000000,55300.00000000,54248.92000000,54981.87000000,22012.40922700
2021-04-27T16:00:00Z,54981.86000000,55460.00000000,54258.40000000,55011.97000000,13763.87232200
2021-04-28T00:00:00Z,55011.97000000,55738.00000000,53813.16000000,54255.98000000,20184.37539500
2021-04-28T08:00:00Z,54255.98000000,55327.00000000,53917.64000000,54338.14000000,16858.52508900
2021-04-28T16:00:00Z,54338.14000000,56428.00000000,54002.00000000,54846.22000000,18087.55853100
2021-04-29T00:00:00Z,54846.23000000,55195.84000000,53482.22000000,54465.14000000,15860.70209500
2021-04-29T08:00:00Z,54465.27000000,54739.43000000,53303.68000000,53703.11000000,19047.81539000
2021-04-29T16:00:00Z,53703.11000000,53816.19000000,52330.94000000,53555.00000000,17577.50197000
2021-04-30T00:00:00Z,53555.00000000,54558.80000000,53013.01000000,54343.11000000,17801.82856000
2021-04-30T08:00:00Z,54343.11000000,57258.15000000,54051.11000000,57180.06000000,29678.58383900
2021-04-30T16:00:00Z,57180.05000000,57963.00000000,56277.39000000,57694.27000000,21098.49764600
2021-05-01T00:00:00Z,57697.25000000,58458.07000000,57421.05000000,57725.14000000,16826.83664800
2021-05-01T08:00:00Z,57725.14000000,58043.01000000,56956.14000000,57356.58000000,14566.66645500
2021-05-01T16:00:00Z,57356.59000000,57998.97000000,57218.00000000,57800.37000000,11206.84873300
2021-05-02T00:00:00Z,57797.35000000,57911.02000000,56171.31000000,56633.02000000,13347.55995600
2021-05-02T08:00:00Z,56633.03000000,57286.96000000,56035.25000000,56595.20000000,13155.23760500
2021-05-02T16:00:00Z,56595.20000000,57141.05000000,56212.00000000,56578.21000000,10310.08130200
2021-05-03T00:00:00Z,56578.21000000,58848.00000000,56525.00000000,58787.87000000,18743.26328400
2021-05-03T08:00:00Z,58787.88000000,58981.44000000,57260.00000000,57601.83000000,20603.88801500
2021-05-03T16:00:00Z,57603.33000000,58170.00000000,56435.00000000,57169.39000000,18302.77998700
2021-05-04T00:00:00Z,57169.39000000,57200.00000000,54580.00000000,55917.97000000,25496.76948500
2021-05-04T08:00:00Z,55917.98000000,56637.89000000,53526.00000000,53799.33000000,36181.74330000
2021-05-04T16:00:00Z,53802.54000000,54824.00000000,53046.69000000,53200.01000000,23646.11311800
2021-05-05T00:00:00Z,53205.05000000,55415.83000000,52900.00000000,54858.35000000,23208.39187700
2021-05-05T08:00:00Z,54858.35000000,57712.06000000,54679.13000000,57636.74000000,29294.35510100
2021-05-05T16:00:00Z,57635.89000000,58069.82000000,56576.04000000,57436.11000000,24761.17646100
2021-05-06T00:00:00Z,57436.11000000,57570.00000000,56331.66000000,56814.79000000,19369.43368200
2021-05-06T08:00:00Z,56814.79000000,58360.00000000,56763.00000000,57088.49000000,24552.85507300
2021-05-06T16:00:00Z,57088.48000000,57475.00000000,55200.00000000,56393.68000000,26259.38315300
2021-05-07T00:00:00Z,56393.68000000,57122.17000000,55241.63000000,55766.34000000,22910.94732200
2021-05-07T08:00:00Z,55766.33000000,57680.00000000,55570.35000000,57519.24000000,25220.21341400
2021-05-07T16:00:00Z,57519.25000000,58650.00000000,56749.75000000,57314.75000000,26411.58709300
2021-05-08T00:00:00Z,57315.49000000,58599.99000000,56900.00000000,58463.06000000,18335.42014900
2021-05-08T08:00:00Z,58463.06000000,59438.64000000,57472.95000000,57599.87000000,29743.89926100
2021-05-08T16:00:00Z,57599.86000000,59500.00000000,57560.63000000,58862.05000000,21630.58661800
2021-05-09T00:00:00Z,58866.53000000,59300.00000000,57575.00000000,57965.59000000,28027.54036900
2021-05-09T08:00:00Z,57965.59000000,58400.00000000,56235.66000000,57379.58000000,24795.60303200
2021-05-09T16:00:00Z,57379.58000000,58439.70000000,57048.96000000,58240.84000000,16982.97650900
2021-05-10T00:00:00Z,58240.83000000,59500.00000000,58009.96000000,58370.17000000,20791.20840300
2021-05-10T08:00:00Z,58370.17000000,58593.79000000,56700.00000000,58296.36000000,28975.49517100
2021-05-10T16:00:00Z,58296.35000000,58593.70000000,53400.00000000,55816.14000000,39819.64567600
2021-05-11T00:00:00Z,55816.14000000,56435.48000000,54370.00000000,55740.09000000,23788.29862800
2021-05-11T08:00:00Z,55737.89000000,56190.00000000,54766.44000000,56052.82000000,24895.68618700
2021-05-11T16:00:00Z,56052.83000000,56862.43000000,55750.00000000,56670.02000000,15645.55573500
2021-05-12T00:00:00Z,56670.02000000,58000.01000000,56555.12000000,57101.07000000,19815.68934600
2021-05-12T08:00:00Z,57101.08000000,57195.50000000,55232.56000000,55479.13000000,28344.90989800
2021-05-12T16:00:00Z,55479.13000000,55677.31000000,48600.00000000,49631.32000000,51682.19059200
2021-05-13T00:00:00Z,49537.15000000,51367.19000000,46000.00000000,50879.72000000,58910.80087500
2021-05-13T08:00:00Z,50879.73000000,50950.00000000,48457.12000000,49627.64000000,45446.03116000
2021-05-13T16:00:00Z,49627.63000000,50429.99000000,47000.00000000,49670.97000000,42975.17008600
2021-05-14T00:00:00Z,49671.92000000,50390.70000000,48799.75000000,49987.20000000,27897.21214500
2021-05-14T08:00:00Z,49987.19000000,51483.00000000,49880.00000000,51211.98000000,28782.75040800
2021-05-14T16:00:00Z,51211.98000000,51322.41000000,49030.00000000,49841.45000000,23402.24175300
2021-05-15T00:00:00Z,49844.16000000,50700.00000000,48400.00000000,48469.28000000,25292.64638000
2021-05-15T08:00:00Z,48469.71000000,49697.63000000,47721.84000000,48982.99000000,31049.85593100
2021-05-15T16:00:00Z,48983.00000000,48994.27000000,46555.00000000,46762.99000000,33094.94704800
2021-05-16T00:00:00Z,46762.99000000,49500.00000000,46467.00000000,49375.28000000,23603.13475700
2021-05-16T08:00:00Z,49375.28000000,49795.89000000,47566.01000000,47727.26000000,25122.96857800
2021-05-16T16:00:00Z,47727.26000000,48097.59000000,43825.39000000,46431.50000000,65543.70944000
2021-05-17T00:00:00Z,46426.83000000,46686.00000000,42196.97000000,45149.18000000,68729.31661700
2021-05-17T08:00:00Z,45143.28000000,45800.00000000,43156.00000000,43362.75000000,46989.49682500
2021-05-17T16:00:00Z,43357.00000000,44939.20000000,42001.00000000,43538.04000000,50938.35929400
2021-05-18T00:00:00Z,43538.02000000,45799.29000000,43150.79000000,45172.70000000,36471.35000200
2021-05-18T08:00:00Z,45172.69000000,45662.14000000,42507.00000000,42969.47000000,42676.01319000
2021-05-18T16:00:00Z,42969.46000000,43825.65000000,42250.02000000,42849.78000000,37832.49759200
2021-05-19T00:00:00Z,42849.78000000,43584.90000000,38550.00000000,40371.44000000,85194.67802500
2021-05-19T08:00:00Z,40354.98000000,40888.00000000,30000.00000000,37318.52000000,168694.17433500
2021-05-19T16:00:00Z,37310.14000000,40442.00000000,36111.00000000,36690.09000000,100458.39080100
2021-05-20T00:00:00Z,36671.23000000,40780.87000000,34850.00000000,39959.68000000,80747.72680100
2021-05-20T08:00:00Z,39959.67000000,42451.67000000,38700.00000000,41432.88000000,67994.93042300
2021-05-20T16:00:00Z,41432.88000000,41900.00000000,38110.00000000,40526.64000000,54274.93969900
2021-05-21T00:00:00Z,40525.39000000,42200.00000000,39222.00000000,39842.57000000,36057.81455000
2021-05-21T08:00:00Z,39842.58000000,41789.40000000,36444.44000000,36794.57000000,82511.62180300
2021-05-21T16:00:00Z,36803.28000000,37825.75000000,33488.00000000,37252.01000000,83531.45190500
2021-05-22T00:00:00Z,37263.35000000,38100.00000000,35200.62000000,36269.28000000,48902.57361800
2021-05-22T08:00:00Z,36266.36000000,38829.00000000,36258.96000000,38162.40000000,47658.60055700
2021-05-22T16:00:00Z,38161.92000000,38600.00000000,37158.14000000,37449.73000000,29981.06951400
2021-05-23T00:00:00Z,37458.51000000,38270.64000000,35530.00000000,35927.69000000,34747.70998200
2021-05-23T08:00:00Z,35927.70000000,35930.89000000,32600.00000000,33318.09000000,102164.52840600
2021-05-23T16:00:00Z,33316.42000000,35000.00000000,31111.01000000,34655.25000000,80223.80820500
2021-05-24T00:00:00Z,34681.44000000,36887.00000000,34031.00000000,36645.79000000,48019.09522000
2021-05-24T08:00:00Z,36645.79000000,38637.70000000,35877.52000000,37539.63000000,64778.78688300
2021-05-24T16:00:00Z,37539.64000000,39920.00000000,36818.55000000,38796.29000000,48833.01186800
2021-05-25T00:00:00Z,38810.99000000,39791.77000000,37608.00000000,38985.06000000,38026.40295100
2021-05-25T08:00:00Z,38993.91000000,39110.00000000,36419.62000000,38277.57000000,50546.55435500
2021-05-25T16:00:00Z,38277.55000000,38753.98000000,37011.00000000,38324.72000000,23423.27109800
2021-05-26T00:00:00Z,38324.72000000,40755.00000000,37800.44000000,40445.79000000,35158.72740000
2021-05-26T08:00:00Z,40445.79000000,40841.00000000,38440.00000000,38758.61000000,40515.88349300
2021-05-26T16:00:00Z,38758.62000000,39450.69000000,37900.03000000,39241.91000000,29106.16250300
2021-05-27T00:00:00Z,39241.92000000,39243.10000000,37134.27000000,38275.47000000,27301.45481000
2021-05-27T08:00:00Z,38275.47000000,40411.14000000,37826.08000000,39667.00000000,34613.02472700
2021-05-27T16:00:00Z,39666.99000000,39721.28000000,38195.19000000,38529.98000000,24632.67925700
2021-05-28T00:00:00Z,38529.99000000,38877.83000000,36442.00000000,36975.93000000,37481.04380100
2021-05-28T08:00:00Z,36975.65000000,37279.98000000,35100.00000000,36749.31000000,53127.90544500
2021-05-28T16:00:00Z,36751.59000000,36845.93000000,34684.00000000,35663.49000000,44768.68047400
2021-05-29T00:00:00Z,35661.79000000,37338.58000000,35604.30000000,36145.02000000,28440.19937500
2021-05-29T08:00:00Z,36145.00000000,36350.00000000,33800.00000000,34416.27000000,48188.54537700
2021-05-29T16:00:00Z,34416.26000000,35100.00000000,33632.76000000,34605.15000000,36034.34793700
2021-05-30T00:00:00Z,34605.15000000,36232.09000000,33379.00000000,35998.33000000,30771.40823800
2021-05-30T08:00:00Z,35996.12000000,36488.00000000,35100.00000000,35477.00000000,25289.02170800
2021-05-30T16:00:00Z,35477.00000000,36350.00000000,35300.00000000,35641.27000000,17474.95702100
2021-05-31T00:00:00Z,35641.26000000,36000.00000000,34153.84000000,35850.17000000,30284.33398400
2021-05-31T08:00:00Z,35850.17000000,37278.03000000,35588.08000000,36961.16000000,41524.24600000
2021-05-31T16:00:00Z,36961.16000000,37499.00000000,36510.01000000,37253.81000000,22352.15530500
2021-06-01T00:00:00Z,37253.82000000,37894.81000000,36478.00000000,36831.58000000,24742.40624100
2021-06-01T08:00:00Z,36831.58000000,37440.00000000,35666.00000000,36235.29000000,35849.71337600
2021-06-01T16:00:00Z,36235.28000000,36800.00000000,35716.66000000,36693.09000000,20642.54415300
2021-06-02T00:00:00Z,36694.85000000,37400.00000000,35920.00000000,37220.00000000,20462.75407500
2021-06-02T08:00:00Z,37219.99000000,38225.00000000,36851.45000000,38040.70000000,30389.03657500
2021-06-02T16:00:00Z,38040.69000000,38200.00000000,37320.00000000,37568.68000000,16735.58184500
2021-06-03T00:00:00Z,37568.68000000,39039.19000000,37170.00000000,38634.09000000,24676.37264900
2021-06-03T08:00:00Z,38634.77000000,39476.00000000,38288.00000000,38535.61000000,33681.10660200
2021-06-03T16:00:00Z,38535.60000000,39450.00000000,38431.03000000,39246.79000000,17531.62676000
2021-06-04T00:00:00Z,39246.78000000,39289.07000000,36218.21000000,36610.29000000,40537.53853700
2021-06-04T08:00:00Z,36606.80000000,37139.00000000,35555.15000000,36948.85000000,34169.75751200
2021-06-04T16:00:00Z,36948.86000000,37248.94000000,36462.42000000,36829.00000000,16610.50319600
2021-06-05T00:00:00Z,36829.15000000,37925.00000000,36613.22000000,37582.14000000,15963.88053300
2021-06-05T08:00:00Z,37582.13000000,37850.00000000,35250.00000000,36321.42000000,33251.43394000
2021-06-05T16:00:00Z,36321.42000000,36324.20000000,34800.00000000,35513.20000000,21244.30701700
2021-06-06T00:00:00Z,35516.07000000,36480.00000000,35405.61000000,36132.57000000,15452.13913400
2021-06-06T08:00:00Z,36132.52000000,36429.28000000,35450.00000000,36157.47000000,16675.38754000
2021-06-06T16:00:00Z,36157.47000000,36317.81000000,35222.00000000,35796.31000000,15522.67996300
2021-06-07T00:00:00Z,35796.31000000,36900.00000000,35498.62000000,36139.99000000,19542.74564900
2021-06-07T08:00:00Z,36139.99000000,36777.47000000,35860.50000000,36035.51000000,21244.67200400
2021-06-07T16:00:00Z,36035.35000000,36079.63000000,33300.00000000,33552.79000000,36787.53492000
2021-06-08T00:00:00Z,33556.96000000,34068.01000000,32123.00000000,32966.70000000,45288.53306300
2021-06-08T08:00:00Z,32966.70000000,33373.01000000,31000.00000000,31705.24000000,45036.95853000
2021-06-08T16:00:00Z,31705.25000000,33841.98000000,31563.52000000,33380.81000000,32925.69744400
2021-06-09T00:00:00Z,33380.80000000,34512.95000000,32396.82000000,34169.05000000,35991.82183200
2021-06-09T08:00:00Z,34168.11000000,36736.00000000,33808.00000000,36357.11000000,59795.24884400
2021-06-09T16:00:00Z,36356.42000000,37534.79000000,35650.16000000,37388.05000000,40820.52684100
2021-06-10T00:00:00Z,37388.05000000,37666.11000000,36500.00000000,36962.14000000,27156.55880700
2021-06-10T08:00:00Z,36962.12000000,38491.00000000,36242.57000000,36896.75000000,53152.86334700
2021-06-10T16:00:00Z,36896.65000000,37150.00000000,35782.00000000,36675.72000000,29217.86278900
2021-06-11T00:00:00Z,36677.83000000,37435.00000000,35936.77000000,37147.55000000,27525.47505400
2021-06-11T08:00:00Z,37147.56000000,37680.40000000,36747.62000000,36818.41000000,26758.53378800
2021-06-11T16:00:00Z,36818.42000000,37498.58000000,36511.52000000,37331.98000000,24181.99645800
2021-06-12T00:00:00Z,37331.98000000,37463.63000000,35000.00000000,35289.06000000,39870.85732300
2021-06-12T08:00:00Z,35289.06000000,36238.00000000,34600.36000000,35384.96000000,32259.09100700
2021-06-12T16:00:00Z,35384.96000000,36143.93000000,35300.00000000,35546.11000000,15587.60166000
2021-06-13T00:00:00Z,35546.12000000,35926.96000000,34757.00000000,35280.02000000,18622.84144800
2021-06-13T08:00:00Z,35282.02000000,36150.00000000,35171.55000000,36034.97000000,20107.02692300
2021-06-13T16:00:00Z,36034.96000000,39380.00000000,35970.00000000,39020.57000000,48191.15718400
2021-06-14T00:00:00Z,39020.56000000,39800.00000000,38730.00000000,39555.24000000,31655.39877200
2021-06-14T08:00:00Z,39555.25000000,41064.05000000,38820.00000000,40685.37000000,45751.27149500
2021-06-14T16:00:00Z,40685.37000000,40740.03000000,39323.10000000,40516.29000000,31115.72168200
2021-06-15T00:00:00Z,40516.28000000,40900.00000000,39856.60000000,40365.74000000,21026.46966400
2021-06-15T08:00:00Z,40367.41000000,40450.00000000,39531.00000000,40065.01000000,26533.26303900
2021-06-15T16:00:00Z,40065.01000000,41330.00000000,39506.40000000,40144.04000000,33119.89013500
2021-06-16T00:00:00Z,40143.80000000,40527.14000000,39610.00000000,40126.87000000,21861.01881700
2021-06-16T08:00:00Z,40126.87000000,40260.14000000,38565.00000000,38775.66000000,32625.41451600
2021-06-16T16:00:00Z,38775.66000000,39735.52000000,38116.01000000,38349.01000000,33285.54360400
2021-06-17T00:00:00Z,38349.00000000,39400.00000000,38213.23000000,39207.36000000,20379.88727900
2021-06-17T08:00:00Z,39208.67000000,39559.88000000,38411.39000000,39007.91000000,26808.29401600
2021-06-17T16:00:00Z,39008.01000000,39111.56000000,37365.00000000,38092.97000000,32353.12582400
2021-06-18T00:00:00Z,38092.97000000,38202.84000000,37213.00000000,37715.03000000,21998.17761200
2021-06-18T08:00:00Z,37715.04000000,38029.99000000,36278.50000000,36355.10000000,39346.31965900
2021-06-18T16:00:00Z,36355.97000000,36818.44000000,35129.29000000,35819.84000000,33883.54566400
2021-06-19T00:00:00Z,35820.48000000,36297.30000000,34803.52000000,35785.96000000,26743.10487200
2021-06-19T08:00:00Z,35785.95000000,36457.00000000,35550.00000000,36114.85000000,23986.22293100
2021-06-19T16:00:00Z,36114.85000000,36210.00000000,35360.08000000,35483.72000000,17983.12165800
2021-06-20T00:00:00Z,35483.72000000,35922.00000000,35119.21000000,35637.71000000,15359.17631500
2021-06-20T08:00:00Z,35637.72000000,35693.88000000,33336.00000000,34422.71000000,48041.43015700
2021-06-20T16:00:00Z,34422.11000000,36137.72000000,34289.00000000,35600.16000000,26477.56437800
2021-06-21T00:00:00Z,35600.17000000,35750.00000000,32266.00000000,33025.50000000,50411.63219800
2021-06-21T08:00:00Z,33025.50000000,33577.12000000,31710.00000000,32687.99000000,73837.47677200
2021-06-21T16:00:00Z,32685.84000000,33000.00000000,31251.23000000,31608.93000000,44529.76418900
2021-06-22T00:00:00Z,31614.12000000,33260.00000000,31168.00000000,32648.98000000,34748.62862300
2021-06-22T08:00:00Z,32647.96000000,32658.63000000,28805.00000000,31708.08000000,117170.41388000
2021-06-22T16:00:00Z,31707.56000000,33298.78000000,31620.00000000,32509.56000000,52289.13725900
2021-06-23T00:00:00Z,32509.56000000,34444.00000000,31683.00000000,33982.26000000,51143.06999000
2021-06-23T08:00:00Z,33982.26000000,34881.00000000,33400.30000000,33490.14000000,46607.63831400
2021-06-23T16:00:00Z,33490.14000000,33947.17000000,32749.01000000,33678.07000000,29215.39225900
2021-06-24T00:00:00Z,33675.07000000,33879.99000000,32286.57000000,32853.74000000,27785.44278600
2021-06-24T08:00:00Z,32853.74000000,34583.58000000,32820.61000000,33886.52000000,32237.13169600
2021-06-24T16:00:00Z,33888.81000000,35298.00000000,33751.00000000,34663.09000000,26603.22977800
2021-06-25T00:00:00Z,34663.08000000,35500.00000000,33961.48000000,34283.82000000,27128.66080300
2021-06-25T08:00:00Z,34281.37000000,34480.00000000,32351.00000000,32607.07000000,46113.71342800
2021-06-25T16:00:00Z,32607.07000000,32910.64000000,31275.00000000,31584.45000000,42818.75612500
2021-06-26T00:00:00Z,31576.09000000,32730.00000000,30573.77000000,30720.37000000,33126.85092000
2021-06-26T08:00:00Z,30713.54000000,31985.00000000,30151.00000000,31523.50000000,50678.68048300
2021-06-26T16:00:00Z,31526.88000000,32300.24000000,30776.63000000,32283.65000000,24014.84388400
2021-06-27T00:00:00Z,32283.65000000,33499.00000000,31973.45000000,33283.17000000,33799.82517800
2021-06-27T08:00:00Z,33291.81000000,33574.32000000,32268.00000000,33200.02000000,31732.85676500
2021-06-27T16:00:00Z,33200.06000000,34749.00000000,32357.13000000,34700.34000000,31080.56226800
2021-06-28T00:00:00Z,34702.49000000,35297.71000000,34254.75000000,35028.69000000,26443.35742900
2021-06-28T08:00:00Z,35028.69000000,35172.21000000,33862.72000000,34969.99000000,35091.03474700
2021-06-28T16:00:00Z,34969.98000000,35030.92000000,33931.00000000,34494.89000000,20687.87564300
2021-06-29T00:00:00Z,34494.89000000,35448.00000000,34225.43000000,34849.27000000,24562.71209800
2021-06-29T08:00:00Z,34849.20000000,36428.00000000,34730.00000000,36248.99000000,42879.20120500
2021-06-29T16:00:00Z,36248.99000000,36600.00000000,35700.01000000,35911.73000000,23346.88291700
2021-06-30T00:00:00Z,35911.72000000,36100.00000000,34666.00000000,35250.54000000,25030.75672000
2021-06-30T08:00:00Z,35250.54000000,35333.33000000,34083.92000000,34193.44000000,27821.83798500
2021-06-30T16:00:00Z,34193.44000000,35194.04000000,34017.55000000,35045.00000000,24299.60292900
2021-07-01T00:00:00Z,35045.00000000,35057.57000000,33312.52000000,33348.30000000,24699.85501700
2021-07-01T08:00:00Z,33350.00000000,33917.93000000,33001.00000000,33432.54000000,26650.79728200
2021-07-01T16:00:00Z,33432.54000000,33654.49000000,32711.00000000,33504.69000000,20357.61381300
2021-07-02T00:00:00Z,33502.33000000,33977.04000000,32699.00000000,33358.26000000,18965.18300300
2021-07-02T08:00:00Z,33358.32000000,33724.34000000,32770.00000000,33704.91000000,23549.97719200
2021-07-02T16:00:00Z,33704.90000000,33898.95000000,33041.65000000,33786.55000000,13657.02118300
2021-07-03T00:00:00Z,33786.54000000,34663.48000000,33316.73000000,34499.54000000,14587.73004000
2021-07-03T08:00:00Z,34499.53000000,34816.50000000,34406.00000000,34608.48000000,15668.52094400
2021-07-03T16:00:00Z,34608.48000000,34945.61000000,34250.48000000,34669.13000000,12788.32765700
2021-07-04T00:00:00Z,34669.12000000,35727.00000000,34357.15000000,35600.63000000,17498.51770200
2021-07-04T08:00:00Z,35603.02000000,35687.18000000,35230.76000000,35513.29000000,12287.26306100
2021-07-04T16:00:00Z,35513.28000000,35967.85000000,35135.00000000,35286.51000000,13917.69502600
2021-07-05T00:00:00Z,35288.13000000,35293.78000000,34000.00000000,34256.17000000,22131.47286300
2021-07-05T08:00:00Z,34257.37000000,34558.99000000,33300.00000000,33585.91000000,23550.19841600
2021-07-05T16:00:00Z,33585.89000000,34274.33000000,33125.55000000,33690.14000000,18442.20296600
2021-07-06T00:00:00Z,33690.15000000,34959.73000000,33634.76000000,34874.85000000,17495.13007500
2021-07-06T08:00:00Z,34874.85000000,35118.88000000,33730.00000000,34042.43000000,26978.73395500
2021-07-06T16:00:00Z,34042.44000000,34323.77000000,33532.00000000,34220.01000000,13736.73231900
2021-07-07T00:00:00Z,34220.02000000,34919.28000000,33941.00000000,34710.38000000,22230.31337200
2021-07-07T08:00:00Z,34710.40000000,35059.09000000,34457.11000000,34528.60000000,17847.34538700
2021-07-07T16:00:00Z,34528.60000000,34784.00000000,33777.77000000,33862.12000000,13729.86291600
2021-07-08T00:00:00Z,33862.11000000,33929.64000000,32242.07000000,32487.57000000,30463.16798400
2021-07-08T08:00:00Z,32487.56000000,32988.87000000,32077.00000000,32900.01000000,25536.62540800
2021-07-08T16:00:00Z,32900.05000000,33177.06000000,32508.00000000,32875.71000000,14136.68692800
2021-07-09T00:00:00Z,32875.71000000,33310.00000000,32261.07000000,32910.21000000,17824.23810100
2021-07-09T08:00:00Z,32902.13000000,33682.43000000,32598.00000000,33558.67000000,18097.27602500
2021-07-09T16:00:00Z,33558.81000000,34100.00000000,33287.00000000,33815.81000000,11232.42577300
2021-07-10T00:00:00Z,33815.81000000,34262.00000000,33458.84000000,33766.01000000,11933.64933900
2021-07-10T08:00:00Z,33766.01000000,33950.00000000,33565.00000000,33862.54000000,9915.83434500
2021-07-10T16:00:00Z,33862.55000000,34192.00000000,33004.78000000,33502.87000000,12911.69178400
2021-07-11T00:00:00Z,33502.87000000,33817.83000000,33306.47000000,33508.83000000,7794.73045900
2021-07-11T08:00:00Z,33508.82000000,33994.69000000,33424.84000000,33948.68000000,10107.02370100
2021-07-11T16:00:00Z,33948.68000000,34666.00000000,33710.94000000,34258.99000000,13670.89328800
2021-07-12T00:00:00Z,34259.00000000,34678.43000000,34006.92000000,34281.74000000,13037.39943300
2021-07-12T08:00:00Z,34281.74000000,34488.27000000,33316.20000000,33337.49000000,17438.01284800
2021-07-12T16:00:00Z,33337.49000000,33441.00000000,32658.34000000,33086.63000000,17705.99148100
2021-07-13T00:00:00Z,33086.94000000,33333.33000000,32742.01000000,33180.08000000,11443.61951000
2021-07-13T08:00:00Z,33180.11000000,33340.00000000,32280.00000000,32790.08000000,18164.49182400
2021-07-13T16:00:00Z,32791.71000000,32956.26000000,32202.25000000,32729.77000000,11518.24967400
2021-07-14T00:00:00Z,32729.12000000,32807.41000000,31650.61000000,31920.01000000,16437.07177900
2021-07-14T08:00:00Z,31920.01000000,32959.21000000,31550.00000000,32786.00000000,20282.76916300
2021-07-14T16:00:00Z,32786.01000000,33114.03000000,32564.44000000,32820.02000000,10057.98254200
2021-07-15T00:00:00Z,32820.03000000,33185.25000000,32359.65000000,32469.50000000,11858.84011900
2021-07-15T08:00:00Z,32468.30000000,32620.31000000,31455.00000000,31677.01000000,22466.85332900
2021-07-15T16:00:00Z,31678.50000000,31898.00000000,31133.00000000,31880.00000000,17313.88290500
2021-07-16T00:00:00Z,31874.49000000,32049.45000000,31548.15000000,31774.49000000,13503.16498000
2021-07-16T08:00:00Z,31779.98000000,32212.52000000,31020.00000000,32127.39000000,22272.43162500
2021-07-16T16:00:00Z,32127.40000000,32249.18000000,31336.98000000,31383.87000000,12724.26754900
2021-07-17T00:00:00Z,31383.86000000,31642.64000000,31164.31000000,31513.64000000,10894.78187100
2021-07-17T08:00:00Z,31513.64000000,31955.92000000,31250.00000000,31764.75000000,14301.90561800
2021-07-17T16:00:00Z,31763.98000000,31920.00000000,31480.66000000,31520.07000000,8815.55464300
2021-07-18T00:00:00Z,31520.07000000,32435.00000000,31463.00000000,31712.10000000,13761.20430000
2021-07-18T08:00:00Z,31712.10000000,31868.53000000,31108.97000000,31365.60000000,12714.28645800
2021-07-18T16:00:00Z,31365.60000000,31943.00000000,31290.00000000,31778.56000000,9448.22542800
2021-07-19T00:00:00Z,31778.57000000,31899.00000000,31431.87000000,31604.33000000,10010.31039500
2021-07-19T08:00:00Z,31604.32000000,31669.73000000,30407.44000000,30687.96000000,27105.36283400
2021-07-19T16:00:00Z,30687.84000000,30984.40000000,30520.01000000,30839.65000000,10224.79527000
2021-07-20T00:00:00Z,30839.65000000,31063.07000000,29501.00000000,29821.73000000,27625.73953900
2021-07-20T08:00:00Z,29821.72000000,29988.00000000,29278.00000000,29888.36000000,21463.65711800
2021-07-20T16:00:00Z,29890.80000000,29994.41000000,29500.00000000,29790.35000000,11944.65236000
2021-07-21T00:00:00Z,29790.34000000,30942.42000000,29482.61000000,30817.84000000,20099.14600600
2021-07-21T08:00:00Z,30817.84000000,31969.99000000,30716.37000000,31933.00000000,26921.68915700
2021-07-21T16:00:00Z,31934.54000000,32858.00000000,31516.30000000,32144.51000000,35775.42996500
2021-07-22T00:00:00Z,32144.51000000,32376.78000000,31777.00000000,32129.75000000,14372.53252300
2021-07-22T08:00:00Z,32129.74000000,32584.06000000,31708.00000000,32504.82000000,20008.89078900
2021-07-22T16:00:00Z,32504.83000000,32591.35000000,32051.85000000,32287.83000000,11766.66912100
2021-07-23T00:00:00Z,32287.58000000,32915.00000000,32201.02000000,32490.00000000,15015.14055900
2021-07-23T08:00:00Z,32489.99000000,32599.86000000,32210.00000000,32315.00000000,13649.58086700
2021-07-23T16:00:00Z,32314.99000000,33650.00000000,31924.32000000,33634.09000000,21448.14220000
2021-07-24T00:00:00Z,33634.10000000,33934.25000000,33401.14000000,33806.50000000,16578.80189100
2021-07-24T08:00:00Z,33806.49000000,34065.71000000,33542.40000000,33847.51000000,14354.13987900
2021-07-24T16:00:00Z,33847.51000000,34500.00000000,33667.01000000,34258.14000000,17044.60836800
2021-07-25T00:00:00Z,34261.51000000,34785.33000000,33851.12000000,34695.51000000,15061.03299600
2021-07-25T08:00:00Z,34695.51000000,34800.00000000,33862.45000000,34174.08000000,16688.93199900
2021-07-25T16:00:00Z,34174.08000000,35398.00000000,34090.63000000,35381.02000000,16102.96331800
2021-07-26T00:00:00Z,35381.02000000,39799.97000000,35205.78000000,38150.00000000,65018.83362000
2021-07-26T08:00:00Z,38149.99000000,38880.00000000,37661.70000000,38562.21000000,29566.86740700
2021-07-26T16:00:00Z,38562.21000000,40550.00000000,36764.93000000,37237.60000000,57866.81169700
2021-07-27T00:00:00Z,37241.33000000,37523.75000000,36383.00000000,37115.11000000,27651.78509100
2021-07-27T08:00:00Z,37115.10000000,38771.91000000,36969.52000000,38209.58000000,33939.52207900
2021-07-27T16:00:00Z,38209.58000000,39542.61000000,37350.00000000,39457.87000000,26805.95984500
2021-07-28T00:00:00Z,39456.61000000,40350.00000000,38904.11000000,39895.88000000,31781.02151900
2021-07-28T08:00:00Z,39897.97000000,40900.00000000,39329.40000000,39689.04000000,38738.84933100
2021-07-28T16:00:00Z,39689.04000000,40680.07000000,38772.00000000,40019.56000000,30824.65759100
2021-07-29T00:00:00Z,40019.57000000,40278.48000000,39200.00000000,39934.62000000,15828.85377000
2021-07-29T08:00:00Z,39935.00000000,40640.00000000,39450.00000000,39939.33000000,22502.83591000
2021-07-29T16:00:00Z,39939.32000000,40419.30000000,39390.00000000,40016.48000000,15666.74960300
2021-07-30T00:00:00Z,40018.49000000,40250.00000000,39582.96000000,39726.01000000,13951.08226300
2021-07-30T08:00:00Z,39726.00000000,39763.14000000,38313.23000000,39073.85000000,24902.22463300
2021-07-30T16:00:00Z,39072.65000000,42316.71000000,38871.74000000,42206.37000000,34749.47790900
2021-07-31T00:00:00Z,42206.36000000,42448.00000000,41181.00000000,41540.32000000,18486.98236900
2021-07-31T08:00:00Z,41540.31000000,41980.00000000,41000.15000000,41537.83000000,13526.51949000
2021-07-31T16:00:00Z,41535.71000000,41984.73000000,41033.00000000,41461.83000000,12836.28915300
2021-08-01T00:00:00Z,41461.84000000,42599.00000000,41120.00000000,41701.26000000,16582.71911700
2021-08-01T08:00:00Z,41701.25000000,41948.00000000,41160.00000000,41286.98000000,12239.94840400
2021-08-01T16:00:00Z,41286.99000000,41500.00000000,39422.01000000,39845.44000000,25130.51880500
2021-08-02T00:00:00Z,39850.27000000,40480.01000000,39250.00000000,40104.45000000,16126.49050800
2021-08-02T08:00:00Z,40104.45000000,40171.87000000,38907.51000000,39705.12000000,19593.72771600
2021-08-02T16:00:00Z,39705.12000000,39975.96000000,38690.00000000,39147.82000000,15117.13373000
2021-08-03T00:00:00Z,39146.86000000,39780.00000000,37955.52000000,38593.44000000,21225.84356900
2021-08-03T08:00:00Z,38593.43000000,38809.00000000,37703.75000000,38169.44000000,20664.62082800
2021-08-03T16:00:00Z,38169.45000000,38643.00000000,37642.03000000,38207.05000000,15226.97145600
2021-08-04T00:00:00Z,38207.04000000,38566.82000000,37674.18000000,37828.84000000,12837.28267400
2021-08-04T08:00:00Z,37828.84000000,39472.47000000,37508.56000000,39302.00000000,24002.54889400
2021-08-04T16:00:00Z,39302.00000000,39969.66000000,39240.20000000,39723.18000000,15489.52086200
2021-08-05T00:00:00Z,39723.17000000,39849.61000000,38722.00000000,38870.59000000,14819.45635400
2021-08-05T08:00:00Z,38870.58000000,39370.00000000,37332.70000000,38750.01000000,37150.06611200
2021-08-05T16:00:00Z,38750.00000000,41350.00000000,38737.31000000,40862.46000000,32374.23315500
2021-08-06T00:00:00Z,40862.46000000,41199.99000000,39853.86000000,40729.59000000,20651.44402100
2021-08-06T08:00:00Z,40731.00000000,42455.73000000,40300.00000000,42199.98000000,26482.52392700
2021-08-06T16:00:00Z,42199.97000000,43392.43000000,42199.97000000,42836.87000000,28619.97339900
2021-08-07T00:00:00Z,42836.87000000,43930.40000000,42579.16000000,43207.89000000,20958.88493100
2021-08-07T08:00:00Z,43207.89000000,44555.00000000,43000.00000000,43370.23000000,28938.97953000
2021-08-07T16:00:00Z,43370.23000000,44700.00000000,42446.41000000,44572.54000000,23498.87634700
2021-08-08T00:00:00Z,44572.54000000,45310.00000000,43785.00000000,44804.51000000,24914.19471800
2021-08-08T08:00:00Z,44804.51000000,45198.27000000,43737.00000000,43984.55000000,24370.13016700
2021-08-08T16:00:00Z,43988.88000000,44581.00000000,43261.00000000,43794.37000000,20044.76781300
2021-08-09T00:00:00Z,43794.36000000,43960.84000000,42779.00000000,43800.74000000,16516.80117300
2021-08-09T08:00:00Z,43800.74000000,46250.00000000,43600.92000000,45870.75000000,34309.09845800
2021-08-09T16:00:00Z,45870.76000000,46454.15000000,44900.00000000,46253.40000000,23761.98521400
2021-08-10T00:00:00Z,46248.87000000,46700.00000000,45300.00000000,45948.00000000,15585.61409400
2021-08-10T08:00:00Z,45948.00000000,46171.42000000,44856.00000000,45165.73000000,22761.53964300
2021-08-10T16:00:00Z,45161.75000000,45906.54000000,44589.46000000,45584.99000000,15467.48968400
2021-08-11T00:00:00Z,45585.00000000,46433.67000000,45341.14000000,46349.25000000,14921.34689200
2021-08-11T08:00:00Z,46349.26000000,46743.47000000,45800.00000000,46456.02000000,20831.98992200
2021-08-11T16:00:00Z,46456.91000000,46680.00000000,45510.66000000,45511.00000000,16981.56516300
2021-08-12T00:00:00Z,45510.67000000,46218.12000000,44833.40000000,45243.61000000,19303.72195700
2021-08-12T08:00:00Z,45243.61000000,45662.74000000,43920.00000000,44196.19000000,21840.74272500
2021-08-12T16:00:00Z,44196.19000000,44549.99000000,43770.00000000,44399.00000000,14121.64409900
2021-08-13T00:00:00Z,44400.06000000,46336.00000000,44217.39000000,46103.51000000,11866.04461200
2021-08-13T08:00:00Z,46103.50000000,46666.00000000,45959.90000000,46357.15000000,18579.43194400
2021-08-13T16:00:00Z,46357.15000000,47886.00000000,46222.31000000,47800.00000000,17793.89387500
2021-08-14T00:00:00Z,47799.99000000,47834.12000000,47382.00000000,47616.12000000,9868.87161400
2021-08-14T08:00:00Z,47616.12000000,48144.00000000,45971.03000000,46944.47000000,26143.79565300
2021-08-14T16:00:00Z,46944.47000000,47374.67000000,46331.28000000,47068.51000000,10101.69175500
2021-08-15T00:00:00Z,47068.50000000,47372.27000000,45519.00000000,45742.92000000,12973.14939400
2021-08-15T08:00:00Z,45738.34000000,46498.89000000,45500.00000000,46167.90000000,15167.91823600
2021-08-15T16:00:00Z,46173.49000000,47299.15000000,45649.82000000,46973.82000000,13969.64370400
2021-08-16T00:00:00Z,46973.82000000,48053.83000000,46741.44000000,47309.85000000,18334.21213600
2021-08-16T08:00:00Z,47309.85000000,47709.12000000,45951.73000000,46344.03000000,20442.00844700
2021-08-16T16:00:00Z,46344.03000000,46666.00000000,45660.00000000,45901.29000000,13704.35343100
2021-08-17T00:00:00Z,45901.30000000,46620.00000000,45239.45000000,45947.49000000,14831.24399900
2021-08-17T08:00:00Z,45947.49000000,47160.00000000,45659.00000000,45730.00000000,20321.99981600
2021-08-17T16:00:00Z,45730.00000000,46222.40000000,44376.00000000,44695.95000000,21886.09781400
2021-08-18T00:00:00Z,44695.95000000,45500.00000000,44203.28000000,44951.32000000,19862.68491400
2021-08-18T08:00:00Z,44951.31000000,45833.00000000,44650.00000000,45820.00000000,17062.37229100
2021-08-18T16:00:00Z,45820.00000000,46000.00000000,44401.00000000,44705.29000000,17174.35878000
2021-08-19T00:00:00Z,44699.37000000,45234.56000000,43927.70000000,44660.01000000,16896.71256100
2021-08-19T08:00:00Z,44660.01000000,45800.00000000,44123.65000000,45779.58000000,18544.26487200
2021-08-19T16:00:00Z,45779.59000000,47033.00000000,45405.86000000,46760.62000000,17970.77648700
2021-08-20T00:00:00Z,46760.62000000,47390.00000000,46622.99000000,46833.48000000,15632.75762200
2021-08-20T08:00:00Z,46833.48000000,48720.29000000,46720.00000000,48718.38000000,23468.20552300
2021-08-20T16:00:00Z,48718.38000000,49382.99000000,48289.43000000,49322.47000000,17749.38908300
2021-08-21T00:00:00Z,49322.47000000,49357.62000000,48555.00000000,48944.23000000,11425.48598800
2021-08-21T08:00:00Z,48944.22000000,49405.52000000,48222.00000000,49180.98000000,21157.54899400
2021-08-21T16:00:00Z,49180.98000000,49757.04000000,48765.00000000,48821.87000000,14162.10160200
2021-08-22T00:00:00Z,48821.88000000,49272.70000000,48601.00000000,49195.01000000,8759.74088800
2021-08-22T08:00:00Z,49195.01000000,49500.00000000,48050.00000000,48526.61000000,15793.63970900
2021-08-22T16:00:00Z,48526.62000000,49489.73000000,48168.01000000,49239.22000000,12454.50719800
2021-08-23T00:00:00Z,49239.22000000,50399.00000000,49070.01000000,50130.05000000,21615.66415400
2021-08-23T08:00:00Z,50130.05000000,50500.00000000,49309.07000000,49537.97000000,17488.32075500
2021-08-23T16:00:00Z,49536.85000000,49799.55000000,49029.00000000,49488.85000000,13358.55704500
2021-08-24T00:00:00Z,49488.85000000,49860.00000000,48776.26000000,49770.13000000,13381.58613100
2021-08-24T08:00:00Z,49770.13000000,49846.00000000,48210.98000000,48310.74000000,19672.33252900
2021-08-24T16:00:00Z,48310.73000000,48422.12000000,47600.00000000,47674.01000000,17960.67608800
2021-08-25T00:00:00Z,47674.01000000,48603.84000000,47652.36000000,48144.58000000,11025.05765900
2021-08-25T08:00:00Z,48144.58000000,48900.00000000,47126.28000000,48822.49000000,22622.89986800
2021-08-25T16:00:00Z,48817.41000000,49264.30000000,48507.71000000,48973.32000000,11007.87281500
2021-08-26T00:00:00Z,48973.32000000,49352.84000000,46560.01000000,46891.75000000,20691.67891000
2021-08-26T08:00:00Z,46891.75000000,47431.17000000,46250.00000000,46800.00000000,18169.84534400
2021-08-26T16:00:00Z,46800.00000000,47439.00000000,46485.16000000,46843.87000000,10509.75352000
2021-08-27T00:00:00Z,46843.86000000,47665.48000000,46348.00000000,47483.44000000,13989.36979500
2021-08-27T08:00:00Z,47479.77000000,48451.51000000,46989.48000000,48184.67000000,17037.16534800
2021-08-27T16:00:00Z,48184.66000000,49149.93000000,47969.42000000,49069.90000000,11041.56982200
2021-08-28T00:00:00Z,49069.90000000,49299.00000000,48626.49000000,48950.00000000,9427.22183600
2021-08-28T08:00:00Z,48949.03000000,49200.00000000,48346.88000000,48811.12000000,10037.70050000
2021-08-28T16:00:00Z,48811.12000000,49172.31000000,48500.00000000,48895.35000000,7216.14145000
2021-08-29T00:00:00Z,48895.35000000,49632.27000000,47762.54000000,48480.10000000,14798.65394300
2021-08-29T08:00:00Z,48480.11000000,48650.84000000,48105.03000000,48474.95000000,8752.24979000
2021-08-29T16:00:00Z,48474.96000000,49385.42000000,48329.22000000,48767.83000000,9101.37974000
2021-08-30T00:00:00Z,48767.84000000,48888.61000000,47610.60000000,47930.40000000,12200.17068000
2021-08-30T08:00:00Z,47933.16000000,48200.00000000,47370.00000000,48019.64000000,12379.71961000
2021-08-30T16:00:00Z,48012.78000000,48696.87000000,46853.00000000,46982.91000000,15708.46054000
2021-08-31T00:00:00Z,46982.91000000,47900.00000000,46700.00000000,47761.26000000,16107.66098000
2021-08-31T08:00:00Z,47761.26000000,48246.11000000,47137.00000000,47397.13000000,20204.90403000
2021-08-31T16:00:00Z,47397.13000000,47568.85000000,46744.57000000,47100.89000000,12332.96236000
2021-09-01T00:00:00Z,47100.89000000,47473.28000000,46512.00000000,47171.01000000,13334.32710000
2021-09-01T08:00:00Z,47171.00000000,47836.69000000,47111.25000000,47488.49000000,14390.33221000
2021-09-01T16:00:00Z,47488.50000000,49156.00000000,47386.66000000,48810.52000000,22179.99597000
2021-09-02T00:00:00Z,48810.51000000,50450.00000000,48584.06000000,49846.27000000,23291.08888900
2021-09-02T08:00:00Z,49846.27000000,50450.13000000,49244.35000000,49540.70000000,20597.96485000
2021-09-02T16:00:00Z,49540.70000000,49841.41000000,49186.00000000,49246.64000000,10521.71679900
2021-09-03T00:00:00Z,49246.63000000,49755.00000000,48316.84000000,49305.11000000,16005.82747000
2021-09-03T08:00:00Z,49305.10000000,51000.00000000,49255.57000000,50550.44000000,30325.33830700
2021-09-03T16:00:00Z,50550.45000000,50720.00000000,49570.00000000,49999.14000000,12694.47838000
2021-09-04T00:00:00Z,49998.00000000,50463.08000000,49575.83000000,50187.29000000,10928.29381000
2021-09-04T08:00:00Z,50187.30000000,50535.69000000,49690.00000000,49873.53000000,12657.08543000
2021-09-04T16:00:00Z,49873.52000000,50262.95000000,49370.00000000,49915.64000000,11079.28035000
2021-09-05T00:00:00Z,49917.54000000,50299.31000000,49450.00000000,49857.14000000,9449.28951000
2021-09-05T08:00:00Z,49857.14000000,50494.11000000,49810.00000000,50214.95000000,12743.10300000
2021-09-05T16:00:00Z,50214.95000000,51900.00000000,50120.00000000,51756.88000000,18352.44336300
2021-09-06T00:00:00Z,51756.88000000,51994.37000000,51447.89000000,51796.19000000,14152.18028700
2021-09-06T08:00:00Z,51796.18000000,52188.80000000,50969.33000000,51604.45000000,20402.56101200
2021-09-06T16:00:00Z,51604.45000000,52780.00000000,51478.63000000,52663.90000000,14694.92578200
2021-09-07T00:00:00Z,52666.20000000,52920.00000000,52061.42000000,52344.08000000,16504.27753900
2021-09-07T08:00:00Z,52344.08000000,52366.46000000,42843.05000000,46656.07000000,72614.11516000
2021-09-07T16:00:00Z,46656.07000000,47544.93000000,45901.57000000,46863.73000000,33930.41002000
2021-09-08T00:00:00Z,46868.57000000,47340.99000000,45007.00000000,45080.30000000,23586.38192000
2021-09-08T08:00:00Z,45075.72000000,46900.00000000,44412.02000000,46087.35000000,26331.57616000
2021-09-08T16:00:00Z,46082.90000000,46779.00000000,45827.90000000,46048.31000000,15151.35712000
2021-09-09T00:00:00Z,46048.31000000,46374.23000000,45513.08000000,46275.00000000,14757.19174000
2021-09-09T08:00:00Z,46275.01000000,47240.68000000,45599.00000000,47001.65000000,23066.83901000
2021-09-09T16:00:00Z,47001.65000000,47399.97000000,46051.21000000,46395.14000000,12827.62927000
2021-09-10T00:00:00Z,46395.14000000,47033.00000000,45900.00000000,46160.55000000,11658.84057000
2021-09-10T08:00:00Z,46160.55000000,46494.99000000,44738.90000000,45420.86000000,22805.82906000
2021-09-10T16:00:00Z,45420.86000000,45831.00000000,44132.29000000,44850.91000000,14583.59655000
2021-09-11T00:00:00Z,44842.20000000,45498.27000000,44722.22000000,45043.97000000,10689.61004000
2021-09-11T08:00:00Z,45043.97000000,45796.93000000,44835.29000000,45573.99000000,10378.54189000
2021-09-11T16:00:00Z,45573.99000000,45987.93000000,44974.79000000,45173.69000000,9372.25617000
2021-09-12T00:00:00Z,45173.68000000,45500.00000000,44742.06000000,45357.02000000,8158.36854000
2021-09-12T08:00:00Z,45357.03000000,46270.56000000,45301.10000000,45886.99000000,11825.86485000
2021-09-12T16:00:00Z,45890.61000000,46460.00000000,44900.00000000,46025.24000000,12110.04713000
2021-09-13T00:00:00Z,46025.23000000,46285.71000000,44174.00000000,44470.63000000,18710.74210000
2021-09-13T08:00:00Z,44470.62000000,46880.00000000,43370.00000000,44361.31000000,35504.08870000
2021-09-13T16:00:00Z,44361.97000000,45500.00000000,44167.01000000,44940.73000000,11214.31976000
2021-09-14T00:00:00Z,44940.72000000,45881.60000000,44594.44000000,45720.02000000,10794.39451000
2021-09-14T08:00:00Z,45720.03000000,46950.00000000,45678.01000000,46754.42000000,20131.27319000
2021-09-14T16:00:00Z,46754.43000000,47250.00000000,46331.01000000,47111.52000000,13930.18329000
2021-09-15T00:00:00Z,47103.28000000,47470.00000000,46682.32000000,47172.84000000,12119.31023000
2021-09-15T08:00:00Z,47172.84000000,48370.31000000,47013.00000000,48288.00000000,19181.02720000
2021-09-15T16:00:00Z,48287.99000000,48500.00000000,47835.36000000,48121.41000000,11904.37431000
2021-09-16T00:00:00Z,48121.40000000,48557.00000000,47337.58000000,48343.52000000,13683.49376000
2021-09-16T08:00:00Z,48343.52000000,48356.01000000,47211.35000000,48020.24000000,15928.77873000
2021-09-16T16:00:00Z,48020.24000000,48166.66000000,47021.10000000,47737.82000000,11112.81646000
2021-09-17T00:00:00Z,47737.81000000,48150.00000000,47450.44000000,47719.73000000,9206.58448000
2021-09-17T08:00:00Z,47719.73000000,47989.20000000,47126.10000000,47527.52000000,13145.40192000
2021-09-17T16:00:00Z,47527.52000000,47730.00000000,46699.56000000,47299.98000000,12109.94136000
2021-09-18T00:00:00Z,47299.98000000,48843.20000000,47035.56000000,48622.01000000,13413.57645000
2021-09-18T08:00:00Z,48622.01000000,48824.54000000,48249.16000000,48414.99000000,8569.30954000
2021-09-18T16:00:00Z,48414.99000000,48518.99000000,47800.51000000,48292.74000000,8923.58439000
2021-09-19T00:00:00Z,48292.75000000,48372.83000000,47591.83000000,48157.70000000,7288.56380000
2021-09-19T08:00:00Z,48157.70000000,48333.00000000,47069.01000000,47646.72000000,12342.43149000
2021-09-19T16:00:00Z,47646.71000000,47785.00000000,46829.18000000,47241.75000000,10216.24820000
2021-09-20T00:00:00Z,47241.75000000,47347.25000000,44444.00000000,44824.89000000,21263.25025000
2021-09-20T08:00:00Z,44830.01000000,45295.00000000,42500.00000000,43844.88000000,37322.26188300
2021-09-20T16:00:00Z,43844.88000000,44250.00000000,42551.11000000,43015.62000000,19418.01231000
2021-09-21T00:00:00Z,43016.64000000,43340.00000000,40200.00000000,43301.07000000,28658.94167300
2021-09-21T08:00:00Z,43301.08000000,43639.00000000,42146.13000000,43072.81000000,18544.82304000
2021-09-21T16:00:00Z,43072.81000000,43295.66000000,39600.00000000,40734.38000000,37330.31577200
2021-09-22T00:00:00Z,40734.09000000,42749.40000000,40565.39000000,42540.00000000,21184.68270000
2021-09-22T08:00:00Z,42541.23000000,43296.00000000,41841.46000000,43222.96000000,17657.73193000
2021-09-22T16:00:00Z,43222.96000000,44000.55000000,42855.01000000,43543.61000000,19506.64079000
2021-09-23T00:00:00Z,43546.37000000,44386.60000000,43069.09000000,44229.99000000,14103.83779000
2021-09-23T08:00:00Z,44229.99000000,44297.25000000,43361.00000000,43747.63000000,17284.00410000
2021-09-23T16:00:00Z,43747.63000000,44978.00000000,43602.00000000,44865.26000000,17311.73466000
2021-09-24T00:00:00Z,44865.26000000,45200.00000000,43889.64000000,44818.46000000,17096.11211200
2021-09-24T08:00:00Z,44818.46000000,45075.00000000,40675.00000000,41944.01000000,53739.88501000
2021-09-24T16:00:00Z,41944.00000000,43200.00000000,41742.01000000,42810.57000000,13277.42917000
2021-09-25T00:00:00Z,42810.58000000,42950.00000000,42024.54000000,42372.02000000,10464.67083000
2021-09-25T08:00:00Z,42369.52000000,42966.84000000,41646.28000000,42669.96000000,15517.06247000
2021-09-25T16:00:00Z,42669.97000000,42813.34000000,42348.39000000,42670.64000000,7612.83859000
2021-09-26T00:00:00Z,42670.63000000,42735.05000000,40750.00000000,41231.34000000,15204.79972000
2021-09-26T08:00:00Z,41227.07000000,43746.90000000,41037.13000000,43343.73000000,23032.86980000
2021-09-26T16:00:00Z,43343.73000000,43950.00000000,42673.67000000,43160.90000000,11642.32813000
2021-09-27T00:00:00Z,43160.90000000,44350.00000000,42933.00000000,43688.03000000,12674.03904000
2021-09-27T08:00:00Z,43685.34000000,44129.28000000,43045.53000000,43293.26000000,14409.86065000
2021-09-27T16:00:00Z,43293.27000000,43416.42000000,42098.00000000,42147.35000000,12692.94414000
2021-09-28T00:00:00Z,42147.35000000,42787.38000000,41650.00000000,41775.25000000,12723.14477000
2021-09-28T08:00:00Z,41777.79000000,42593.69000000,41278.49000000,41447.18000000,19260.95509000
2021-09-28T16:00:00Z,41447.18000000,42017.33000000,40888.00000000,41026.54000000,11388.16254000
2021-09-29T00:00:00Z,41025.01000000,42476.26000000,40753.88000000,42450.25000000,11416.43853000
2021-09-29T08:00:00Z,42442.00000000,42590.00000000,41619.99000000,41698.98000000,11444.62775000
2021-09-29T16:00:00Z,41698.97000000,41824.01000000,40900.00000000,41524.28000000,10650.46859000
2021-09-30T00:00:00Z,41524.29000000,43830.00000000,41410.17000000,43286.88000000,16597.48196000
2021-09-30T08:00:00Z,43286.88000000,43777.00000000,42697.01000000,43149.02000000,16975.54346000
2021-09-30T16:00:00Z,43149.02000000,44141.37000000,42819.86000000,43824.10000000,12808.20239000
2021-10-01T00:00:00Z,43820.01000000,44836.00000000,43283.03000000,44788.42000000,14136.01554000
2021-10-01T08:00:00Z,44788.42000000,47886.11000000,44700.00000000,47363.68000000,36433.41334000
2021-10-01T16:00:00Z,47363.69000000,48495.00000000,47232.98000000,48141.61000000,15675.44604000
2021-10-02T00:00:00Z,48141.60000000,48224.01000000,47430.18000000,47725.01000000,10573.51925000
2021-10-02T08:00:00Z,47725.00000000,48336.59000000,47478.44000000,47828.52000000,10553.38245000
2021-10-02T16:00:00Z,47831.94000000,48300.00000000,47500.00000000,47634.90000000,9382.07961000
2021-10-03T00:00:00Z,47634.89000000,48100.00000000,47088.00000000,47895.99000000,7784.13183000
2021-10-03T08:00:00Z,47896.00000000,48150.00000000,47600.00000000,47879.82000000,8127.49157000
2021-10-03T16:00:00Z,47879.81000000,49228.08000000,47601.89000000,48200.01000000,14913.43261000
2021-10-04T00:00:00Z,48200.01000000,48280.71000000,47234.21000000,47838.54000000,10463.00081000
2021-10-04T08:00:00Z,47838.54000000,48500.00000000,46891.00000000,47758.23000000,15453.97935000
2021-10-04T16:00:00Z,47758.22000000,49536.12000000,47694.41000000,49224.94000000,20879.51356000
2021-10-05T00:00:00Z,49224.93000000,49799.00000000,49022.40000000,49476.51000000,11854.22508000
2021-10-05T08:00:00Z,49476.52000000,50388.00000000,49376.06000000,49793.57000000,20289.84231000
2021-10-05T16:00:00Z,49793.57000000,51886.30000000,49640.36000000,51471.99000000,19981.60054000
2021-10-06T00:00:00Z,51471.99000000,51828.00000000,50917.73000000,51449.99000000,16813.82045000
2021-10-06T08:00:00Z,51450.00000000,55555.00000000,50382.41000000,54984.19000000,43823.84472700
2021-10-06T16:00:00Z,54984.20000000,55750.00000000,54446.54000000,55315.00000000,19239.88000400
2021-10-07T00:00:00Z,55315.00000000,55332.31000000,54112.00000000,54755.92000000,19224.76589000
2021-10-07T08:00:00Z,54755.91000000,54778.91000000,53357.00000000,53899.99000000,22758.40264000
2021-10-07T16:00:00Z,53902.39000000,54640.30000000,53400.00000000,53785.22000000,12934.20913000
2021-10-08T00:00:00Z,53785.22000000,54967.97000000,53617.61000000,54829.39000000,13415.51273000
2021-10-08T08:00:00Z,54829.38000000,56100.00000000,54024.84000000,54324.84000000,23062.21134000
2021-10-08T16:00:00Z,54324.83000000,54774.35000000,53775.83000000,53951.43000000,9682.53378000
2021-10-09T00:00:00Z,53955.67000000,55100.00000000,53661.67000000,54917.55000000,9731.37930000
2021-10-09T08:00:00Z,54917.56000000,55489.00000000,54490.55000000,54977.29000000,23855.17016000
2021-10-09T16:00:00Z,54977.29000000,55165.00000000,54323.00000000,54949.72000000,21590.53067000
2021-10-10T00:00:00Z,54949.72000000,56074.43000000,54080.00000000,55668.81000000,29217.66278000
2021-10-10T08:00:00Z,55668.81000000,55928.00000000,54638.00000000,55373.01000000,26978.72581000
2021-10-10T16:00:00Z,55370.28000000,56561.31000000,54333.85000000,54659.00000000,33041.44753800
2021-10-11T00:00:00Z,54659.01000000,57049.00000000,54415.06000000,56789.76000000,21382.55730800
2021-10-11T08:00:00Z,56789.76000000,57678.00000000,55862.78000000,57490.18000000,18814.45538600
2021-10-11T16:00:00Z,57490.17000000,57839.04000000,56800.00000000,57471.35000000,12736.15305700
2021-10-12T00:00:00Z,57471.35000000,57680.00000000,56400.00000000,57342.79000000,14233.23454000
2021-10-12T08:00:00Z,57342.79000000,57618.99000000,56010.00000000,56303.20000000,18322.60612000
2021-10-12T16:00:00Z,56300.66000000,56548.99000000,53879.00000000,55996.93000000,20915.44484000
2021-10-13T00:00:00Z,55996.91000000,56599.99000000,54562.34000000,54612.61000000,16663.02782000
2021-10-13T08:00:00Z,54612.60000000,56440.75000000,54167.19000000,56168.85000000,20294.60932000
2021-10-13T16:00:00Z,56168.85000000,57777.00000000,56072.75000000,57367.00000000,18850.80778000
2021-10-14T00:00:00Z,57370.83000000,58532.54000000,57138.72000000,57367.30000000,14955.48825100
2021-10-14T08:00:00Z,57367.30000000,58150.00000000,56947.59000000,57331.31000000,16561.61404000
2021-10-14T16:00:00Z,57331.30000000,58086.98000000,56818.05000000,57347.94000000,11536.23449000
2021-10-15T00:00:00Z,57347.94000000,59998.00000000,56850.00000000,59231.50000000,26906.61140100
2021-10-15T08:00:00Z,59231.50000000,60361.50000000,58739.17000000,60038.36000000,23846.46474600
2021-10-15T16:00:00Z,60038.36000000,62933.00000000,60001.91000000,61672.42000000,31759.83187500
2021-10-16T00:00:00Z,61672.42000000,62378.42000000,61120.00000000,61733.96000000,11100.00039000
2021-10-16T08:00:00Z,61733.96000000,62062.55000000,60398.73000000,60941.04000000,16290.74715000
2021-10-16T16:00:00Z,60941.04000000,61300.00000000,60150.00000000,60875.57000000,8077.13342000
2021-10-17T00:00:00Z,60875.57000000,61405.94000000,60299.33000000,60329.54000000,8573.14272000
2021-10-17T08:00:00Z,60329.54000000,61465.90000000,60322.85000000,60764.12000000,11136.96025000
2021-10-17T16:00:00Z,60764.13000000,61718.39000000,58963.00000000,61528.33000000,19389.13827000
2021-10-18T00:00:00Z,61528.32000000,62695.78000000,61406.27000000,61885.42000000,14971.12197000
2021-10-18T08:00:00Z,61885.43000000,62464.01000000,59844.45000000,62003.03000000,25050.22561000
2021-10-18T16:00:00Z,62003.04000000,62377.73000000,61034.05000000,62009.84000000,11777.10086000
2021-10-19T00:00:00Z,62005.60000000,62998.00000000,61526.62000000,62297.06000000,12758.43308800
2021-10-19T08:00:00Z,62297.06000000,63278.61000000,61322.22000000,62395.99000000,20478.72532600
2021-10-19T16:00:00Z,62395.99000000,64486.00000000,62311.02000000,64280.59000000,20390.94933000
2021-10-20T00:00:00Z,64280.59000000,64375.34000000,63481.40000000,63999.97000000,8927.08925000
2021-10-20T08:00:00Z,63999.98000000,67000.00000000,63697.69000000,66875.83000000,27297.56317600
2021-10-20T16:00:00Z,66875.84000000,66940.73000000,65462.00000000,66001.41000000,15204.28243000
2021-10-21T00:00:00Z,66001.40000000,66033.64000000,64062.82000000,65100.70000000,19641.76194000
2021-10-21T08:00:00Z,65100.70000000,66639.74000000,62000.00000000,62971.20000000,31940.38305000
2021-10-21T16:00:00Z,62971.20000000,63645.10000000,62000.00000000,62193.15000000,16956.50038000
2021-10-22T00:00:00Z,62193.15000000,63408.85000000,62000.00000000,63371.33000000,14663.43927000
2021-10-22T08:00:00Z,63371.33000000,63732.39000000,60478.10000000,60690.94000000,21798.77158000
2021-10-22T16:00:00Z,60690.94000000,61390.07000000,60000.00000000,60688.22000000,15657.14801000
2021-10-23T00:00:00Z,60688.23000000,61567.11000000,60358.00000000,60880.00000000,7012.01651000
2021-10-23T08:00:00Z,60879.99000000,61747.64000000,59562.15000000,61446.87000000,13602.48781000
2021-10-23T16:00:00Z,61449.99000000,61632.29000000,60817.46000000,61286.75000000,7012.43246000
2021-10-24T00:00:00Z,61286.75000000,61500.00000000,60572.20000000,60687.82000000,5552.74512000
2021-10-24T08:00:00Z,60687.82000000,61273.69000000,59632.47000000,59859.97000000,14725.88106000
2021-10-24T16:00:00Z,59859.98000000,61400.00000000,59510.63000000,60852.22000000,10947.95058000
2021-10-25T00:00:00Z,60852.22000000,62900.00000000,60650.00000000,62660.65000000,12390.47066000
2021-10-25T08:00:00Z,62660.65000000,63638.00000000,62450.91000000,63606.87000000,14535.49004000
2021-10-25T16:00:00Z,63606.86000000,63710.63000000,62530.00000000,63078.78000000,9927.87736000
2021-10-26T00:00:00Z,63078.78000000,63293.48000000,62184.01000000,62432.54000000,8950.42437000
2021-10-26T08:00:00Z,62432.54000000,63110.00000000,61800.00000000,62514.59000000,13615.24022000
2021-10-26T16:00:00Z,62514.59000000,62743.86000000,59817.55000000,60328.81000000,17651.83624000
2021-10-27T00:00:00Z,60328.81000000,61496.00000000,59908.61000000,59949.93000000,17451.86853000
2021-10-27T08:00:00Z,59949.99000000,59953.94000000,58000.00000000,58819.14000000,29702.92006000
2021-10-27T16:00:00Z,58819.15000000,59587.35000000,58101.00000000,58413.44000000,14969.70157000
2021-10-28T00:00:00Z,58413.44000000,59248.60000000,58075.62000000,58993.71000000,14550.04571000
2021-10-28T08:00:00Z,58993.71000000,61800.00000000,58988.04000000,61138.62000000,20089.07090000
2021-10-28T16:00:00Z,61138.61000000,62499.00000000,57820.00000000,60575.89000000,26417.23640000
2021-10-29T00:00:00Z,60575.90000000,62100.00000000,60174.81000000,60569.05000000,14492.48414000
2021-10-29T08:00:00Z,60569.81000000,62553.96000000,60420.01000000,62299.99000000,18018.67529000
2021-10-29T16:00:00Z,62299.99000000,62980.00000000,61905.55000000,62253.71000000,11462.74471000
2021-10-30T00:00:00Z,62253.70000000,62359.25000000,61272.15000000,61597.19000000,8670.04646000
2021-10-30T08:00:00Z,61597.19000000,62253.00000000,60673.00000000,61377.19000000,12986.82016000
2021-10-30T16:00:00Z,61377.20000000,61960.00000000,61074.51000000,61859.19000000,9821.25904000
2021-10-31T00:00:00Z,61859.19000000,62405.30000000,61065.76000000,61362.61000000,12794.59345000
2021-10-31T08:00:00Z,61362.60000000,61369.36000000,59945.36000000,60460.23000000,17624.90485000
2021-10-31T16:00:00Z,60460.23000000,61620.06000000,60200.00000000,61299.80000000,8848.13964000
2021-11-01T00:00:00Z,61299.81000000,62298.00000000,59405.00000000,62178.31000000,18988.09603000
2021-11-01T08:00:00Z,62176.29000000,62437.74000000,61300.01000000,61550.89000000,14722.40725000
2021-11-01T16:00:00Z,61550.88000000,61571.46000000,60322.67000000,60911.11000000,10977.16344000
2021-11-02T00:00:00Z,60911.12000000,61824.66000000,60624.68000000,61521.13000000,10683.36336000
2021-11-02T08:00:00Z,61521.13000000,64270.00000000,61356.45000000,64018.73000000,22796.83591000
2021-11-02T16:00:00Z,64018.74000000,64267.36000000,62584.50000000,63219.99000000,12888.08483000
2021-11-03T00:00:00Z,63220.57000000,63500.00000000,62722.40000000,63394.63000000,10947.83522000
2021-11-03T08:00:00Z,63394.62000000,63399.71000000,61579.57000000,62190.00000000,15677.75500000
2021-11-03T16:00:00Z,62189.99000000,63333.00000000,60382.76000000,62896.48000000,16710.50027000
2021-11-04T00:00:00Z,62896.49000000,63086.31000000,61819.51000000,61853.79000000,10234.48428000
2021-11-04T08:00:00Z,61853.78000000,62370.00000000,60775.00000000,61035.01000000,15946.22417000
2021-11-04T16:00:00Z,61035.01000000,61530.27000000,60677.01000000,61395.01000000,9750.22469000
2021-11-05T00:00:00Z,61395.01000000,62595.72000000,60820.00000000,62128.71000000,10099.37752000
2021-11-05T08:00:00Z,62128.70000000,62229.45000000,60750.00000000,60782.17000000,13288.64777000
2021-11-05T16:00:00Z,60782.99000000,61431.29000000,60721.00000000,60937.12000000,8216.46220000
2021-11-06T00:00:00Z,60940.18000000,61560.49000000,60511.01000000,60790.88000000,7647.35181000
2021-11-06T08:00:00Z,60790.87000000,61350.00000000,60050.00000000,60648.59000000,11832.53236000
2021-11-06T16:00:00Z,60648.58000000,61489.63000000,60400.00000000,61470.61000000,6110.68991000
2021-11-07T00:00:00Z,61470.62000000,62328.06000000,61322.78000000,61759.87000000,8242.17375000
2021-11-07T08:00:00Z,61759.87000000,62350.00000000,61468.48000000,61938.01000000,7695.19129000
2021-11-07T16:00:00Z,61938.00000000,63286.35000000,61931.68000000,63273.59000000,9578.32326000
2021-11-08T00:00:00Z,63273.58000000,66342.58000000,63273.58000000,65941.89000000,23899.65812000
2021-11-08T08:00:00Z,65941.88000000,66524.43000000,65122.00000000,66379.41000000,15906.37335000
2021-11-08T16:00:00Z,66382.01000000,67789.00000000,65500.00000000,67525.83000000,14636.06308400
2021-11-09T00:00:00Z,67525.82000000,68524.25000000,67015.20000000,67852.56000000,16002.86287800
2021-11-09T08:00:00Z,67852.56000000,68238.00000000,66610.00000000,66771.10000000,16682.71413000
2021-11-09T16:00:00Z,66771.11000000,67800.27000000,66222.40000000,66947.66000000,11975.80106000
2021-11-10T00:00:00Z,66947.67000000,67378.70000000,66233.00000000,66426.43000000,9985.46817000
2021-11-10T08:00:00Z,66426.42000000,69000.00000000,65888.00000000,68348.63000000,19050.86973600
2021-11-10T16:00:00Z,68349.42000000,68775.51000000,62822.90000000,64882.43000000,36135.16614000
2021-11-11T00:00:00Z,64882.42000000,65414.94000000,64100.00000000,65228.40000000,14632.46243000
2021-11-11T08:00:00Z,65228.41000000,65600.07000000,64402.49000000,64799.60000000,14849.41432000
2021-11-11T16:00:00Z,64799.59000000,65309.13000000,64573.99000000,64774.26000000,7756.10383000
2021-11-12T00:00:00Z,64774.25000000,65450.70000000,64052.00000000,64488.12000000,10046.63793000
2021-11-12T08:00:00Z,64488.11000000,64957.97000000,62900.00000000,63155.94000000,20148.62383000
2021-11-12T16:00:00Z,63155.95000000,64890.00000000,62278.00000000,64122.23000000,14294.84640000
2021-11-13T00:00:00Z,64122.22000000,64455.00000000,63510.00000000,64029.99000000,6089.59703000
2021-11-13T08:00:00Z,64029.99000000,64843.00000000,63360.22000000,64688.99000000,9493.22605000
2021-11-13T16:00:00Z,64689.00000000,65000.00000000,63829.01000000,64380.00000000,6922.15075000
2021-11-14T00:00:00Z,64380.01000000,65320.00000000,64380.00000000,64627.58000000,7862.50387000
2021-11-14T08:00:00Z,64627.58000000,64800.00000000,64000.00000000,64070.41000000,7330.96662000
2021-11-14T16:00:00Z,64070.41000000,65550.51000000,63576.27000000,65519.10000000,10511.60298000
2021-11-15T00:00:00Z,65519.11000000,66200.00000000,65475.01000000,65579.71000000,11032.18279000
2021-11-15T08:00:00Z,65579.71000000,66401.82000000,63993.17000000,64288.16000000,15009.55906000
2021-11-15T16:00:00Z,64288.16000000,64444.61000000,63400.00000000,63606.74000000,11787.62939000
2021-11-16T00:00:00Z,63606.73000000,63617.31000000,60293.06000000,60805.27000000,32901.61334000
2021-11-16T08:00:00Z,60804.07000000,61470.41000000,58574.07000000,60669.14000000,30755.24759000
2021-11-16T16:00:00Z,60669.15000000,61199.65000000,59105.26000000,60058.87000000,13798.29516000
2021-11-17T00:00:00Z,60058.87000000,60437.68000000,58553.12000000,59688.00000000,17122.86898000
2021-11-17T08:00:00Z,59691.90000000,60840.23000000,58373.00000000,59664.49000000,18225.52624000
2021-11-17T16:00:00Z,59664.50000000,60672.13000000,59404.75000000,60344.87000000,10940.98969000
2021-11-18T00:00:00Z,60344.86000000,60976.00000000,59500.00000000,59734.20000000,13436.21836000
2021-11-18T08:00:00Z,59734.21000000,59970.82000000,57650.00000000,58100.04000000,23736.51240000
2021-11-18T16:00:00Z,58100.05000000,58486.09000000,56474.26000000,56891.62000000,24974.26855000
2021-11-19T00:00:00Z,56891.62000000,57517.14000000,55600.00000000,55987.83000000,18606.47476000
2021-11-19T08:00:00Z,55987.83000000,58173.94000000,55986.05000000,57887.98000000,20064.67577000
2021-11-19T16:00:00Z,57887.96000000,58320.00000000,57531.13000000,58052.24000000,12044.73673000
2021-11-20T00:00:00Z,58057.10000000,58979.97000000,57932.61000000,58380.06000000,10075.00091000
2021-11-20T08:00:00Z,58380.06000000,58834.98000000,57483.42000000,57588.37000000,10372.03952000
2021-11-20T16:00:00Z,57588.38000000,59845.00000000,57353.00000000,59707.51000000,13364.54967000
2021-11-21T00:00:00Z,59707.52000000,59770.78000000,58500.00000000,58982.74000000,9116.91483000
2021-11-21T08:00:00Z,58982.74000000,59409.61000000,58486.65000000,59199.26000000,10949.89423000
2021-11-21T16:00:00Z,59199.26000000,60029.76000000,58500.00000000,58622.02000000,11835.41879000
2021-11-22T00:00:00Z,58617.70000000,58757.14000000,56766.58000000,57259.54000000,16485.06703000
2021-11-22T08:00:00Z,57259.54000000,59444.00000000,56580.01000000,58194.79000000,17867.75440000
2021-11-22T16:00:00Z,58194.78000000,58250.00000000,55610.00000000,56247.18000000,17371.49904000
2021-11-23T00:00:00Z,56243.83000000,57258.56000000,55809.45000000,56006.74000000,14862.55839000
2021-11-23T08:00:00Z,56006.74000000,58009.99000000,55317.00000000,56883.07000000,23505.27345000
2021-11-23T16:00:00Z,56883.07000000,57854.39000000,56883.06000000,57541.27000000,11550.01833000
2021-11-24T00:00:00Z,57541.26000000,57735.00000000,56136.00000000,56497.47000000,11341.19154000
2021-11-24T08:00:00Z,56497.46000000,57560.00000000,55837.00000000,56727.53000000,16691.92193000
2021-11-24T16:00:00Z,56727.53000000,57476.03000000,56477.01000000,57138.29000000,11578.93617000
2021-11-25T00:00:00Z,57138.29000000,58270.00000000,57000.00000000,57648.89000000,13419.32997000
2021-11-25T08:00:00Z,57648.90000000,59137.76000000,57329.75000000,59048.50000000,17375.00910000
2021-11-25T16:00:00Z,59048.50000000,59398.90000000,58519.54000000,58960.36000000,11359.17615000
2021-11-26T00:00:00Z,58960.37000000,59150.00000000,56636.57000000,56957.86000000,13723.04458000
2021-11-26T08:00:00Z,56966.32000000,56966.32000000,53500.00000000,54341.55000000,40999.53751000
2021-11-26T16:00:00Z,54341.54000000,54648.93000000,53521.00000000,53726.53000000,11205.28857000
2021-11-27T00:00:00Z,53723.72000000,54641.99000000,53610.00000000,54394.56000000,10151.10485000
2021-11-27T08:00:00Z,54394.55000000,55280.00000000,54300.00000000,54898.22000000,10127.19527000
2021-11-27T16:00:00Z,54898.23000000,55224.44000000,54011.01000000,54721.03000000,9438.69945000
2021-11-28T00:00:00Z,54716.47000000,54821.00000000,53666.60000000,54515.61000000,10781.45981000
2021-11-28T08:00:00Z,54515.60000000,54933.80000000,54029.99000000,54296.14000000,7220.14686000
2021-11-28T16:00:00Z,54296.14000000,57445.05000000,53256.64000000,57274.88000000,18162.10703000
2021-11-29T00:00:00Z,57274.89000000,58242.09000000,57136.56000000,57515.13000000,13431.54057000
2021-11-29T08:00:00Z,57512.17000000,57642.85000000,56666.67000000,57125.93000000,11077.96908000
2021-11-29T16:00:00Z,57125.93000000,58865.97000000,57000.01000000,57776.25000000,15615.77044000
2021-11-30T00:00:00Z,57776.25000000,57964.18000000,55875.55000000,56510.08000000,12504.63423000
2021-11-30T08:00:00Z,56510.08000000,59176.99000000,56236.54000000,57238.84000000,21310.45341000
2021-11-30T16:00:00Z,57233.80000000,58380.41000000,56500.00000000,56950.56000000,15345.96430000
2021-12-01T00:00:00Z,56950.56000000,57686.12000000,56630.00000000,57163.87000000,10816.12428000
2021-12-01T08:00:00Z,57163.87000000,58819.45000000,56717.22000000,58614.49000000,18575.37868000
2021-12-01T16:00:00Z,58614.49000000,59053.55000000,56458.01000000,57184.07000000,15565.13360000
2021-12-02T00:00:00Z,57184.07000000,57375.47000000,55777.77000000,56810.43000000,13854.28750000
2021-12-02T08:00:00Z,56810.42000000,57367.67000000,56012.82000000,56520.81000000,13238.11550000
2021-12-02T16:00:00Z,56516.95000000,57221.00000000,56001.00000000,56480.34000000,10481.65676000
2021-12-03T00:00:00Z,56484.26000000,57045.44000000,56050.81000000,56733.69000000,9608.13185000
2021-12-03T08:00:00Z,56733.70000000,57600.00000000,55722.00000000,55975.32000000,15332.58019000
2021-12-03T16:00:00Z,55975.33000000,55975.33000000,51680.00000000,53601.05000000,33986.97823000
2021-12-04T00:00:00Z,53601.05000000,53859.10000000,42000.30000000,47242.74000000,65101.66377800
2021-12-04T08:00:00Z,47242.75000000,48573.78000000,46131.71000000,48203.73000000,31718.20705000
2021-12-04T16:00:00Z,48203.74000000,49487.76000000,47742.09000000,49152.47000000,17383.50292000
2021-12-05T00:00:00Z,49152.46000000,49699.00000000,48315.41000000,49289.18000000,14000.25132000
2021-12-05T08:00:00Z,49289.17000000,49699.05000000,47727.21000000,47951.57000000,17422.38394000
2021-12-05T16:00:00Z,47951.57000000,49546.69000000,47894.84000000,49396.33000000,14158.18486000
2021-12-06T00:00:00Z,49396.32000000,49438.18000000,47731.00000000,48412.66000000,13666.44786000
2021-12-06T08:00:00Z,48412.66000000,49409.79000000,47100.00000000,48942.68000000,27492.82501000
2021-12-06T16:00:00Z,48942.67000000,50891.11000000,48653.05000000,50441.92000000,17411.94288000
2021-12-07T00:00:00Z,50441.91000000,51430.00000000,50332.62000000,50907.27000000,11386.59297000
2021-12-07T08:00:00Z,50907.27000000,51936.33000000,50611.04000000,51734.15000000,15003.96361000
2021-12-07T16:00:00Z,51734.15000000,51866.88000000,50039.74000000,50588.95000000,11862.91219000
2021-12-08T00:00:00Z,50588.95000000,50795.45000000,50077.00000000,50480.93000000,7915.34744000
2021-12-08T08:00:00Z,50480.92000000,51200.00000000,48600.00000000,50640.10000000,20954.42360000
2021-12-08T16:00:00Z,50640.09000000,50896.08000000,50052.12000000,50471.19000000,9556.15362000
2021-12-09T00:00:00Z,50471.19000000,50797.76000000,49184.49000000,50016.89000000,9534.23300000
2021-12-09T08:00:00Z,50016.86000000,50016.89000000,48048.00000000,48464.09000000,14365.53114000
2021-12-09T16:00:00Z,48462.08000000,48838.29000000,47320.00000000,47545.59000000,13792.92251000
2021-12-10T00:00:00Z,47535.90000000,48788.29000000,47439.29000000,47694.62000000,11626.52141000
2021-12-10T08:00:00Z,47694.62000000,50125.00000000,47587.39000000,47979.22000000,18416.24343000
2021-12-10T16:00:00Z,47979.23000000,48522.50000000,46852.00000000,47140.54000000,14190.80907000
2021-12-11T00:00:00Z,47140.54000000,48881.99000000,46751.00000000,48021.76000000,12586.95386000
2021-12-11T08:00:00Z,48021.75000000,48943.92000000,47843.10000000,48747.02000000,8234.94675000
2021-12-11T16:00:00Z,48745.11000000,49485.71000000,48385.98000000,49389.99000000,8067.29297000
2021-12-12T00:00:00Z,49389.99000000,49699.95000000,48824.09000000,49301.21000000,6726.07302000
2021-12-12T08:00:00Z,49301.20000000,49934.59000000,48638.00000000,49623.26000000,8995.33595000
2021-12-12T16:00:00Z,49623.26000000,50777.00000000,49501.69000000,50053.90000000,10296.52524000
2021-12-13T00:00:00Z,50053.90000000,50189.97000000,48430.13000000,48740.01000000,10675.81463000
2021-12-13T08:00:00Z,48740.01000000,49171.57000000,47012.03000000,47252.02000000,14066.06691000
2021-12-13T16:00:00Z,47252.02000000,47932.19000000,45672.75000000,46702.75000000,26127.63939000
2021-12-14T00:00:00Z,46702.76000000,47226.32000000,46290.00000000,47000.00000000,10171.33587000
2021-12-14T08:00:00Z,46999.99000000,47959.77000000,46617.25000000,46853.86000000,16075.44670000
2021-12-14T16:00:00Z,46853.87000000,48700.41000000,46429.88000000,48343.28000000,13709.20188000
2021-12-15T00:00:00Z,48336.95000000,48761.00000000,47836.00000000,48209.51000000,10063.15820000
2021-12-15T08:00:00Z,48209.51000000,48850.00000000,46587.00000000,46632.31000000,14096.03570000
2021-12-15T16:00:00Z,46632.30000000,49500.00000000,46547.00000000,48864.98000000,27469.98710000
2021-12-16T00:00:00Z,48864.98000000,49269.03000000,48502.26000000,48712.23000000,8484.60877000
2021-12-16T08:00:00Z,48712.23000000,49436.43000000,48243.58000000,48585.81000000,12142.74374000
2021-12-16T16:00:00Z,48578.61000000,48717.43000000,47511.00000000,47632.38000000,11322.51488000
2021-12-17T00:00:00Z,47632.38000000,47995.96000000,46749.55000000,47007.25000000,9036.42489000
2021-12-17T08:00:00Z,47007.25000000,47363.36000000,45456.00000000,46528.83000000,20623.67546000
2021-12-17T16:00:00Z,46528.83000000,47440.10000000,45565.58000000,46131.20000000,13444.38835000
2021-12-18T00:00:00Z,46133.83000000,46858.27000000,45500.00000000,46364.08000000,9652.05212000
2021-12-18T08:00:00Z,46364.09000000,47392.37000000,46194.44000000,46858.55000000,8643.89985000
2021-12-18T16:00:00Z,46858.56000000,47100.00000000,46325.61000000,46834.48000000,6724.10074000
2021-12-19T00:00:00Z,46834.47000000,48074.16000000,46406.91000000,47515.09000000,10006.08267000
2021-12-19T08:00:00Z,47515.09000000,48300.01000000,46807.27000000,47239.80000000,11423.81518000
2021-12-19T16:00:00Z,47239.81000000,47550.00000000,46482.90000000,46681.23000000,7875.80880000
2021-12-20T00:00:00Z,46681.24000000,47200.00000000,46103.00000000,46429.19000000,10357.31501000
2021-12-20T08:00:00Z,46429.19000000,46554.00000000,45558.85000000,45974.08000000,12904.25802000
2021-12-20T16:00:00Z,45974.09000000,47537.57000000,45863.72000000,46914.16000000,12586.93306000
2021-12-21T00:00:00Z,46914.17000000,48824.16000000,46630.00000000,48579.77000000,15395.67745000
2021-12-21T08:00:00Z,48579.77000000,49328.96000000,48265.24000000,48418.49000000,14348.15848000
2021-12-21T16:00:00Z,48418.48000000,49287.93000000,48332.50000000,48889.88000000,7970.09331000
2021-12-22T00:00:00Z,48887.59000000,49576.13000000,48600.00000000,49206.42000000,8289.92709000
2021-12-22T08:00:00Z,49206.43000000,49535.00000000,48421.87000000,48879.28000000,10666.75304000
2021-12-22T16:00:00Z,48879.28000000,49245.81000000,48506.01000000,48588.16000000,8047.52207000
2021-12-23T00:00:00Z,48588.17000000,48731.71000000,47920.42000000,48129.60000000,8730.37205000
2021-12-23T08:00:00Z,48129.61000000,48859.61000000,48060.00000000,48819.33000000,8497.83772000
2021-12-23T16:00:00Z,48819.33000000,51375.00000000,48677.52000000,50838.81000000,17964.33069000
2021-12-24T00:00:00Z,50838.82000000,51527.58000000,50644.48000000,50994.75000000,11038.33041000
2021-12-24T08:00:00Z,50994.75000000,51550.00000000,50384.43000000,50956.68000000,10272.08072000
2021-12-24T16:00:00Z,50956.68000000,51810.00000000,50500.00000000,50820.00000000,10374.43156000
2021-12-25T00:00:00Z,50819.99000000,51131.25000000,50600.00000000,50919.17000000,5044.61580000
2021-12-25T08:00:00Z,50919.18000000,51009.29000000,50555.00000000,50659.91000000,5796.76471000
2021-12-25T16:00:00Z,50659.91000000,51156.23000000,50142.32000000,50399.66000000,8294.13562000
2021-12-26T00:00:00Z,50399.67000000,50672.93000000,49600.95000000,49930.39000000,8875.05967000
2021-12-26T08:00:00Z,49930.39000000,50281.08000000,49412.00000000,50049.34000000,6657.76222000
2021-12-26T16:00:00Z,50049.34000000,51280.00000000,49914.73000000,50775.49000000,7037.06725000
2021-12-27T00:00:00Z,50775.48000000,51150.00000000,50449.00000000,50694.83000000,7354.48972000
2021-12-27T08:00:00Z,50694.83000000,51677.00000000,50499.77000000,51450.57000000,10318.62937000
2021-12-27T16:00:00Z,51450.58000000,52088.00000000,50622.00000000,50701.44000000,11119.09657000
2021-12-28T00:00:00Z,50701.44000000,50704.05000000,48657.12000000,49227.13000000,17530.37415000
2021-12-28T08:00:00Z,49227.14000000,49444.46000000,48301.88000000,48937.48000000,14066.73959000
2021-12-28T16:00:00Z,48937.47000000,48974.85000000,47313.01000000,47543.74000000,14256.22550000
2021-12-29T00:00:00Z,47543.74000000,48139.08000000,47450.01000000,47570.03000000,8744.26905000
2021-12-29T08:00:00Z,47570.03000000,48092.10000000,46586.62000000,47959.36000000,17989.49239000
2021-12-29T16:00:00Z,47959.36000000,48038.92000000,46096.99000000,46464.66000000,12765.10856000
2021-12-30T00:00:00Z,46464.66000000,47105.37000000,45900.00000000,46980.71000000,10998.33154000
2021-12-30T08:00:00Z,46980.71000000,47719.37000000,46659.13000000,47159.41000000,10539.52802000
2021-12-30T16:00:00Z,47159.42000000,47900.00000000,46729.00000000,47120.87000000,8814.43613000
2021-12-31T00:00:00Z,47120.88000000,47550.00000000,46825.38000000,47191.09000000,6896.44835000
2021-12-31T08:00:00Z,47191.08000000,48548.26000000,47065.30000000,48005.37000000,13406.79983000
2021-12-31T16:00:00Z,48005.37000000,48118.45000000,45678.00000000,46216.93000000,14634.74978000
2022-01-01T00:00:00Z,46216.93000000,47555.55000000,46208.37000000,47194.73000000,7018.00353000
2022-01-01T08:00:00Z,47194.73000000,47491.14000000,46715.39000000,47219.04000000,5785.58757000
2022-01-01T16:00:00Z,47219.04000000,47954.63000000,47186.07000000,47722.65000000,6800.87215000
2022-01-02T00:00:00Z,47722.66000000,47750.00000000,46770.23000000,47173.45000000,5406.37551000
2022-01-02T08:00:00Z,47173.44000000,47499.45000000,46970.05000000,47340.47000000,4900.17739000
2022-01-02T16:00:00Z,47340.47000000,47990.00000000,46654.00000000,47286.18000000,8033.90750000
2022-01-03T00:00:00Z,47286.18000000,47289.11000000,46722.39000000,47051.37000000,5833.29645000
2022-01-03T08:00:00Z,47051.36000000,47570.00000000,46575.25000000,46693.45000000,9726.11124000
2022-01-03T16:00:00Z,46693.44000000,46790.00000000,45696.00000000,46446.10000000,12102.66941000
2022-01-04T00:00:00Z,46446.10000000,46600.21000000,45934.50000000,46550.00000000,9339.11439000
2022-01-04T08:00:00Z,46549.99000000,47557.54000000,46300.00000000,46925.35000000,12752.43554000
2022-01-04T16:00:00Z,46925.34000000,46984.99000000,45500.00000000,45832.01000000,13399.86367000
2022-01-05T00:00:00Z,45832.01000000,46549.00000000,45722.21000000,46407.51000000,5219.67501000
2022-01-05T08:00:00Z,46407.50000000,47070.00000000,45803.67000000,46622.53000000,11680.06784000
2022-01-05T16:00:00Z,46622.53000000,46674.37000000,42500.00000000,43451.13000000,34884.37572000
2022-01-06T00:00:00Z,43451.14000000,43816.00000000,42600.05000000,43245.25000000,15055.68714000
2022-01-06T08:00:00Z,43245.26000000,43273.87000000,42430.58000000,42950.01000000,15166.03015000
2022-01-06T16:00:00Z,42950.02000000,43581.30000000,42725.09000000,43082.31000000,8658.65576000
2022-01-07T00:00:00Z,43082.30000000,43145.83000000,41000.00000000,41706.71000000,21932.86723000
2022-01-07T08:00:00Z,41706.71000000,42883.47000000,40610.00000000,41319.11000000,21573.25621000
2022-01-07T16:00:00Z,41310.85000000,42315.85000000,40917.66000000,41566.48000000,11330.38474000
2022-01-08T00:00:00Z,41566.48000000,42246.37000000,41558.00000000,41913.58000000,5681.73531000
2022-01-08T08:00:00Z,41913.59000000,42200.00000000,41400.00000000,41613.33000000,7492.48077000
2022-01-08T16:00:00Z,41609.60000000,42300.00000000,40501.00000000,41679.74000000,19778.51503000
2022-01-09T00:00:00Z,41679.74000000,42170.11000000,41388.13000000,41791.51000000,6716.50078000
2022-01-09T08:00:00Z,41791.50000000,41990.00000000,41200.02000000,41621.11000000,6505.30948000
2022-01-09T16:00:00Z,41621.11000000,42786.70000000,41556.49000000,41864.62000000,9502.58400000
2022-01-10T00:00:00Z,41864.62000000,42248.50000000,41601.00000000,42042.38000000,6306.16152000
2022-01-10T08:00:00Z,42042.38000000,42116.61000000,39650.00000000,40984.33000000,26752.58776000
2022-01-10T16:00:00Z,40984.34000000,42121.63000000,40564.89000000,41822.49000000,17670.42091000
2022-01-11T00:00:00Z,41822.49000000,42400.01000000,41544.64000000,42211.05000000,8817.27787000
2022-01-11T08:00:00Z,42212.21000000,42627.66000000,41268.93000000,41733.93000000,13417.76345000
2022-01-11T16:00:00Z,41733.92000000,43100.00000000,41680.44000000,42729.29000000,15061.39597000
2022-01-12T00:00:00Z,42729.29000000,42965.00000000,42450.00000000,42561.67000000,6423.41459000
2022-01-12T08:00:00Z,42561.66000000,44078.40000000,42508.69000000,43560.29000000,18522.03159000
2022-01-12T16:00:00Z,43560.29000000,44322.00000000,43317.00000000,43902.66000000,8997.84662000
2022-01-13T00:00:00Z,43902.65000000,44075.42000000,43422.72000000,43699.99000000,7311.44142000
2022-01-13T08:00:00Z,43699.99000000,44500.00000000,42871.01000000,43200.00000000,16159.53670000
2022-01-13T16:00:00Z,43200.01000000,43500.00000000,42311.22000000,42560.11000000,11439.89950000
2022-01-14T00:00:00Z,42558.35000000,42978.10000000,42362.91000000,42660.01000000,8550.75052000
2022-01-14T08:00:00Z,42660.00000000,43347.42000000,41725.95000000,43109.00000000,16625.73485000
2022-01-14T16:00:00Z,43109.00000000,43448.78000000,42777.00000000,43059.96000000,7464.39755000
2022-01-15T00:00:00Z,43059.96000000,43174.00000000,42712.94000000,43088.12000000,5833.97234000
2022-01-15T08:00:00Z,43088.12000000,43406.96000000,42555.00000000,43401.21000000,7580.25603000
2022-01-15T16:00:00Z,43401.21000000,43800.00000000,43071.11000000,43084.29000000,8521.82779000
2022-01-16T00:00:00Z,43084.29000000,43253.68000000,42838.00000000,43202.21000000,5047.40646000
2022-01-16T08:00:00Z,43202.21000000,43416.05000000,42581.79000000,43219.53000000,10033.74637000
2022-01-16T16:00:00Z,43219.54000000,43475.00000000,42750.25000000,43071.66000000,5521.19988000
2022-01-17T00:00:00Z,43071.66000000,43176.18000000,42300.00000000,42656.03000000,7383.23822000
2022-01-17T08:00:00Z,42656.03000000,42900.00000000,42385.00000000,42477.66000000,7699.64153000
2022-01-17T16:00:00Z,42477.67000000,42538.47000000,41540.42000000,42201.62000000,12479.20638000
2022-01-18T00:00:00Z,42201.63000000,42436.66000000,41886.25000000,42061.94000000,8685.47618000
2022-01-18T08:00:00Z,42065.42000000,42065.42000000,41250.00000000,41587.27000000,12303.89044000
2022-01-18T16:00:00Z,41587.26000000,42691.00000000,41381.66000000,42352.12000000,8334.71595000
2022-01-19T00:00:00Z,42352.12000000,42500.00000000,41161.20000000,41287.10000000,9375.88625000
2022-01-19T08:00:00Z,41287.10000000,42559.13000000,41138.56000000,41981.27000000,13704.26680000
2022-01-19T16:00:00Z,41981.27000000,42355.90000000,41548.00000000,41660.01000000,8605.56854000
2022-01-20T00:00:00Z,41660.00000000,42148.00000000,41639.88000000,42058.31000000,6843.50513000
2022-01-20T08:00:00Z,42058.31000000,43456.00000000,41807.94000000,43308.69000000,14021.53795000
2022-01-20T16:00:00Z,43308.70000000,43505.00000000,40553.31000000,40680.91000000,21465.29645000
2022-01-21T00:00:00Z,40680.92000000,41100.00000000,38220.00000000,39134.55000000,31227.02276200
2022-01-21T08:00:00Z,39136.31000000,39320.00000000,37710.00000000,38857.26000000,23076.36438300
2022-01-21T16:00:00Z,38857.24000000,39071.13000000,35440.45000000,36445.31000000,34557.50485400
2022-01-22T00:00:00Z,36445.31000000,36835.22000000,35112.84000000,35400.02000000,28670.71691800
2022-01-22T08:00:00Z,35400.01000000,36192.76000000,34008.00000000,34838.68000000,41633.82038300
2022-01-22T16:00:00Z,34838.69000000,35729.03000000,34243.38000000,35071.42000000,20166.80166000
2022-01-23T00:00:00Z,35071.42000000,35758.64000000,34811.00000000,35571.19000000,13268.50591000
2022-01-23T08:00:00Z,35571.19000000,36150.76000000,35050.40000000,35287.58000000,16193.99720000
2022-01-23T16:00:00Z,35282.66000000,36499.00000000,34601.01000000,36244.55000000,14817.02043000
2022-01-24T00:00:00Z,36244.55000000,36251.50000000,34811.87000000,34888.81000000,12143.22864000
2022-01-24T08:00:00Z,34887.90000000,35562.15000000,32917.17000000,34233.95000000,46300.61441100
2022-01-24T16:00:00Z,34237.31000000,37550.00000000,33803.13000000,36660.35000000,33460.91016000
2022-01-25T00:00:00Z,36660.35000000,36691.87000000,35701.00000000,36044.01000000,12198.62081000
2022-01-25T08:00:00Z,36044.01000000,37149.42000000,35967.33000000,36530.00000000,21794.73798000
2022-01-25T16:00:00Z,36530.00000000,37545.14000000,36421.56000000,36958.32000000,15239.04304000
2022-01-26T00:00:00Z,36958.32000000,37974.43000000,36550.20000000,37338.59000000,15216.63590000
2022-01-26T08:00:00Z,37338.60000000,38499.00000000,37324.58000000,37985.00000000,22100.98833000
2022-01-26T16:00:00Z,37985.01000000,38919.98000000,36234.63000000,36809.34000000,32512.53613000
2022-01-27T00:00:00Z,36807.24000000,37080.00000000,35507.01000000,36173.87000000,19617.79714000
2022-01-27T08:00:00Z,36177.17000000,37199.00000000,35815.80000000,36639.43000000,16164.85845000
2022-01-27T16:00:00Z,36639.43000000,37234.47000000,35538.75000000,37160.10000000,17238.22375000
2022-01-28T00:00:00Z,37160.11000000,37500.00000000,36500.00000000,36799.82000000,14692.58441000
2022-01-28T08:00:00Z,36799.82000000,37300.00000000,36155.01000000,37188.98000000,16453.53482000
2022-01-28T16:00:00Z,37188.99000000,38000.00000000,36765.05000000,37716.56000000,11008.15033000
2022-01-29T00:00:00Z,37716.57000000,37983.41000000,37448.58000000,37836.99000000,7543.14684000
2022-01-29T08:00:00Z,37836.98000000,38198.82000000,37268.44000000,37566.82000000,9224.79535000
2022-01-29T16:00:00Z,37567.98000000,38720.74000000,37317.37000000,38166.84000000,9361.55463000
2022-01-30T00:00:00Z,38166.83000000,38300.00000000,37737.49000000,38244.98000000,6056.95963000
2022-01-30T08:00:00Z,38244.98000000,38359.26000000,37712.05000000,37980.09000000,7647.00354000
2022-01-30T16:00:00Z,37977.47000000,38230.00000000,37351.63000000,37881.76000000,7726.70210000
2022-01-31T00:00:00Z,37881.75000000,37951.07000000,36632.61000000,37121.83000000,10286.72825000
2022-01-31T08:00:00Z,37121.84000000,37900.00000000,36724.00000000,37722.91000000,13011.51341000
2022-01-31T16:00:00Z,37722.91000000,38744.00000000,37671.46000000,38466.90000000,13557.00414000
2022-02-01T00:00:00Z,38466.90000000,38649.90000000,38175.86000000,38440.77000000,6966.49210000
2022-02-01T08:00:00Z,38440.76000000,39100.00000000,38000.00000000,38630.33000000,17021.82106000
2022-02-01T16:00:00Z,38630.32000000,39265.20000000,38341.06000000,38694.59000000,10586.13347000
2022-02-02T00:00:00Z,38694.59000000,38855.92000000,38196.42000000,38284.69000000,7044.47880000
2022-02-02T08:00:00Z,38282.14000000,38773.41000000,37361.49000000,37429.78000000,13902.53289000
2022-02-02T16:00:00Z,37429.78000000,37674.34000000,36586.95000000,36896.36000000,14847.66961000
2022-02-03T00:00:00Z,36896.37000000,37093.03000000,36720.01000000,37024.16000000,9220.74455000
2022-02-03T08:00:00Z,37024.16000000,37106.91000000,36250.00000000,36910.05000000,13247.34734000
2022-02-03T16:00:00Z,36910.06000000,37387.00000000,36270.00000000,37311.61000000,9613.01810000
2022-02-04T00:00:00Z,37311.98000000,38222.00000000,37026.73000000,37869.31000000,13082.60402000
2022-02-04T08:00:00Z,37869.31000000,39819.91000000,37290.20000000,39490.87000000,26090.21578000
2022-02-04T16:00:00Z,39490.88000000,41772.33000000,39442.89000000,41574.25000000,25531.13894000
2022-02-05T00:00:00Z,41571.70000000,41913.69000000,41173.36000000,41379.99000000,12820.03770000
2022-02-05T08:00:00Z,41379.99000000,41899.54000000,41099.92000000,41761.85000000,11237.34702000
2022-02-05T16:00:00Z,41761.87000000,41854.81000000,40843.01000000,41382.59000000,8474.95900000
2022-02-06T00:00:00Z,41382.60000000,41714.18000000,41305.29000000,41612.33000000,4332.18876000
2022-02-06T08:00:00Z,41612.32000000,42168.00000000,41116.56000000,41519.49000000,9394.88679000
2022-02-06T16:00:00Z,41519.48000000,42656.00000000,41417.23000000,42380.87000000,8678.09149000
2022-02-07T00:00:00Z,42380.87000000,43000.00000000,41645.85000000,42723.92000000,15830.22279000
2022-02-07T08:00:00Z,42723.91000000,43895.02000000,42234.09000000,43835.59000000,17131.37659000
2022-02-07T16:00:00Z,43835.59000000,44500.50000000,43484.91000000,43839.99000000,18099.02068000
2022-02-08T00:00:00Z,43839.99000000,45492.00000000,43555.72000000,44855.00000000,18571.53321000
2022-02-08T08:00:00Z,44855.00000000,44919.77000000,42854.81000000,43429.31000000,29137.65397000
2022-02-08T16:00:00Z,43429.32000000,44393.36000000,42666.00000000,44042.99000000,17171.10669000
2022-02-09T00:00:00Z,44043.00000000,44341.88000000,43117.92000000,43807.75000000,10954.05424000
2022-02-09T08:00:00Z,43807.75000000,44471.40000000,43181.91000000,43867.63000000,13069.68991000
2022-02-09T16:00:00Z,43867.63000000,44799.00000000,43579.66000000,44372.72000000,10404.42314000
2022-02-10T00:00:00Z,44372.71000000,44400.00000000,43542.14000000,44092.42000000,8704.16008000
2022-02-10T08:00:00Z,44092.43000000,45669.71000000,43174.01000000,44947.10000000,32224.43923000
2022-02-10T16:00:00Z,44947.12000000,45821.00000000,43333.42000000,43495.44000000,21428.69160000
2022-02-11T00:00:00Z,43495.44000000,43749.86000000,42600.00000000,43359.25000000,14052.66536000
2022-02-11T08:00:00Z,43359.24000000,43920.00000000,42851.00000000,43669.01000000,13056.57539000
2022-02-11T16:00:00Z,43669.02000000,43767.16000000,41938.51000000,42373.73000000,17865.92795000
2022-02-12T00:00:00Z,42373.73000000,42485.66000000,41688.88000000,42103.94000000,7655.99310000
2022-02-12T08:00:00Z,42103.94000000,42459.06000000,41800.13000000,42123.93000000,8435.33760000
2022-02-12T16:00:00Z,42123.92000000,43079.49000000,41700.00000000,42217.87000000,10465.52611000
2022-02-13T00:00:00Z,42217.87000000,42508.47000000,42057.26000000,42412.40000000,4108.23547000
2022-02-13T08:00:00Z,42412.39000000,42760.00000000,42138.17000000,42559.97000000,6253.35817000
2022-02-13T16:00:00Z,42559.97000000,42580.00000000,41870.00000000,42053.66000000,7370.48749000
2022-02-14T00:00:00Z,42053.65000000,42368.21000000,41550.56000000,42314.42000000,8890.38605000
2022-02-14T08:00:00Z,42314.42000000,42842.40000000,41922.48000000,42584.97000000,13385.24131000
2022-02-14T16:00:00Z,42584.97000000,42818.35000000,41803.17000000,42535.94000000,11734.50324000
2022-02-15T00:00:00Z,42535.94000000,43781.97000000,42427.03000000,43691.57000000,11698.95188000
2022-02-15T08:00:00Z,43691.57000000,44500.00000000,43608.67000000,44198.96000000,16472.90402000
2022-02-15T16:00:00Z,44198.97000000,44751.40000000,43846.07000000,44544.86000000,9923.33986000
2022-02-16T00:00:00Z,44544.85000000,44549.97000000,43673.92000000,44184.20000000,8604.05097000
2022-02-16T08:00:00Z,44184.19000000,44327.55000000,43307.00000000,43598.63000000,10819.02292000
2022-02-16T16:00:00Z,43598.62000000,44376.58000000,43350.00000000,43873.56000000,9048.79881000
2022-02-17T00:00:00Z,43873.56000000,44164.71000000,43350.00000000,43919.46000000,7603.70169000
2022-02-17T08:00:00Z,43919.46000000,44022.36000000,41700.00000000,41925.44000000,19906.46099000
2022-02-17T16:00:00Z,41925.44000000,42111.00000000,40073.21000000,40515.70000000,19735.83226000
2022-02-18T00:00:00Z,40515.71000000,40950.00000000,40300.00000000,40665.81000000,8764.53825000
2022-02-18T08:00:00Z,40665.81000000,40959.88000000,39616.72000000,39832.03000000,21693.24494000
2022-02-18T16:00:00Z,39832.02000000,40438.27000000,39450.00000000,39974.44000000,13388.13922000
2022-02-19T00:00:00Z,39974.45000000,40444.32000000,39915.89000000,40263.71000000,4864.20342000
2022-02-19T08:00:00Z,40263.70000000,40301.11000000,39639.03000000,39969.93000000,8187.52229000
2022-02-19T16:00:00Z,39969.92000000,40345.62000000,39800.00000000,40079.17000000,4990.32939000
2022-02-20T00:00:00Z,40079.17000000,40125.44000000,38581.10000000,38796.64000000,11769.35806000
2022-02-20T08:00:00Z,38796.63000000,38836.18000000,38000.00000000,38335.04000000,13940.47068000
2022-02-20T16:00:00Z,38337.20000000,38979.12000000,38048.49000000,38386.89000000,7729.46137000
2022-02-21T00:00:00Z,38386.89000000,39494.35000000,38182.98000000,39294.07000000,10661.17384000
2022-02-21T08:00:00Z,39294.06000000,39362.15000000,37213.63000000,38827.94000000,27362.42825000
2022-02-21T16:00:00Z,38827.93000000,39141.41000000,36800.00000000,37008.16000000,24324.08287000
2022-02-22T00:00:00Z,37008.16000000,37468.35000000,36350.00000000,36771.66000000,19703.84546000
2022-02-22T08:00:00Z,36771.65000000,38298.48000000,36756.53000000,37759.90000000,19731.52408000
2022-02-22T16:00:00Z,37759.90000000,38429.00000000,37380.00000000,38230.33000000,14350.57635000
2022-02-23T00:00:00Z,38230.33000000,38354.56000000,37528.33000000,38151.17000000,9733.55685000
2022-02-23T08:00:00Z,38151.16000000,39249.93000000,38081.12000000,38512.51000000,17204.33135000
2022-02-23T16:00:00Z,38512.51000000,38780.00000000,37036.79000000,37250.01000000,16622.84380000
2022-02-24T00:00:00Z,37250.02000000,37427.81000000,34322.28000000,35312.05000000,47731.71388000
2022-02-24T08:00:00Z,35312.04000000,36100.00000000,34818.09000000,35919.96000000,37548.54271000
2022-02-24T16:00:00Z,35919.96000000,39843.00000000,35721.96000000,38327.21000000,35196.03799000
2022-02-25T00:00:00Z,38328.68000000,39030.01000000,38138.54000000,38466.24000000,16180.02625000
2022-02-25T08:00:00Z,38466.25000000,39683.53000000,38014.37000000,39410.92000000,26120.15118000
2022-02-25T16:00:00Z,39415.46000000,39600.00000000,38537.91000000,39219.17000000,14274.39382000
2022-02-26T00:00:00Z,39219.16000000,40348.45000000,38910.11000000,39200.00000000,11130.19743000
2022-02-26T08:00:00Z,39200.00000000,39546.00000000,38573.18000000,39215.66000000,10391.52480000
2022-02-26T16:00:00Z,39215.66000000,39700.00000000,38823.08000000,39116.72000000,7839.53457000
2022-02-27T00:00:00Z,39116.73000000,39256.58000000,38189.19000000,38790.93000000,8523.28743000
2022-02-27T08:00:00Z,38790.92000000,39855.70000000,38565.14000000,39357.03000000,16590.67262000
2022-02-27T16:00:00Z,39357.03000000,39450.94000000,37000.00000000,37699.07000000,21115.48714000
2022-02-28T00:00:00Z,37699.08000000,38483.53000000,37450.17000000,38347.58000000,13254.44528000
2022-02-28T08:00:00Z,38347.58000000,40898.00000000,37934.89000000,40824.96000000,27800.61920000
2022-02-28T16:00:00Z,40824.96000000,44225.84000000,40693.18000000,43160.00000000,32890.57410000
2022-03-01T00:00:00Z,43160.00000000,43750.00000000,42855.20000000,43492.96000000,15578.18952000
2022-03-01T08:00:00Z,43492.96000000,44949.00000000,42809.98000000,43643.69000000,31018.29885000
2022-03-01T16:00:00Z,43643.69000000,44506.65000000,43111.46000000,44421.20000000,15146.61036000
2022-03-02T00:00:00Z,44421.20000000,44750.00000000,43653.63000000,43973.09000000,16300.12878000
2022-03-02T08:00:00Z,43973.09000000,45400.00000000,43334.09000000,44126.52000000,28512.48215000
2022-03-02T16:00:00Z,44126.51000000,44498.02000000,43433.00000000,43892.98000000,12970.03988000
2022-03-03T00:00:00Z,43892.99000000,44063.15000000,42915.06000000,43477.05000000,13009.33603000
2022-03-03T08:00:00Z,43477.04000000,44101.12000000,42348.56000000,42547.34000000,21292.50998000
2022-03-03T16:00:00Z,42547.34000000,42750.00000000,41832.28000000,42454.00000000,16638.76420000
2022-03-04T00:00:00Z,42454.00000000,42527.30000000,41069.91000000,41436.98000000,15878.15511000
2022-03-04T08:00:00Z,41436.98000000,41904.88000000,40550.04000000,40694.32000000,23215.59494000
2022-03-04T16:00:00Z,40694.32000000,40958.66000000,38550.00000000,39148.66000000,22870.93493000
2022-03-05T00:00:00Z,39148.65000000,39197.94000000,38407.59000000,39016.73000000,12194.53871000
2022-03-05T08:00:00Z,39016.74000000,39371.15000000,38784.69000000,39160.01000000,9540.26164000
2022-03-05T16:00:00Z,39160.00000000,39613.24000000,39122.33000000,39397.96000000,8628.33306000
2022-03-06T00:00:00Z,39397.97000000,39693.87000000,38814.73000000,39387.57000000,8685.85948000
2022-03-06T08:00:00Z,39387.56000000,39387.57000000,38088.57000000,38862.61000000,17000.39328000
2022-03-06T16:00:00Z,38862.62000000,39368.40000000,38127.00000000,38420.81000000,13991.00882000
2022-03-07T00:00:00Z,38420.80000000,38555.85000000,37578.03000000,37895.24000000,16507.63712000
2022-03-07T08:00:00Z,37895.24000000,39285.00000000,37649.46000000,39071.48000000,20150.43945000
2022-03-07T16:00:00Z,39071.49000000,39547.57000000,37155.00000000,37988.00000000,27336.03902000
2022-03-08T00:00:00Z,37988.01000000,38972.08000000,37867.65000000,38547.79000000,15861.11221000
2022-03-08T08:00:00Z,38547.79000000,39226.99000000,38307.07000000,38658.34000000,21688.29215000
2022-03-08T16:00:00Z,38658.34000000,39362.08000000,38139.84000000,38730.63000000,18033.66202000
2022-03-09T00:00:00Z,38730.63000000,41884.00000000,38656.45000000,41791.10000000,27575.94059000
2022-03-09T08:00:00Z,41791.10000000,42594.06000000,41626.28000000,42520.99000000,25967.48538000
2022-03-09T16:00:00Z,42520.99000000,42558.96000000,41683.06000000,41941.71000000,13849.16202000
2022-03-10T00:00:00Z,41941.70000000,42039.63000000,38848.48000000,39238.90000000,30530.48191000
2022-03-10T08:00:00Z,39238.90000000,40292.44000000,38539.73000000,39179.54000000,29203.08837000
2022-03-10T16:00:00Z,39179.55000000,39680.00000000,38904.63000000,39422.00000000,12229.36126000
2022-03-11T00:00:00Z,39422.01000000,39439.65000000,38223.60000000,39132.09000000,18067.46911000
2022-03-11T08:00:00Z,39132.10000000,40236.26000000,38806.86000000,39080.26000000,26901.80897000
2022-03-11T16:00:00Z,39080.26000000,39177.48000000,38308.83000000,38729.57000000,14049.48612000
2022-03-12T00:00:00Z,38729.57000000,39327.99000000,38660.52000000,39104.99000000,7148.92565000
2022-03-12T08:00:00Z,39104.99000000,39284.46000000,38678.22000000,39042.04000000,9024.65373000
2022-03-12T16:00:00Z,39042.05000000,39486.71000000,38730.67000000,38807.36000000,7860.78494000
2022-03-13T00:00:00Z,38807.35000000,39310.00000000,38703.73000000,39089.77000000,5610.90719000
2022-03-13T08:00:00Z,39089.76000000,39129.22000000,38370.00000000,38936.00000000,13439.21026000
2022-03-13T16:00:00Z,38936.00000000,39067.00000000,37578.51000000,37777.34000000,13741.70614000
2022-03-14T00:00:00Z,37777.35000000,39184.66000000,37555.00000000,39078.92000000,16182.19498000
2022-03-14T08:00:00Z,39078.91000000,39299.98000000,38612.01000000,38964.25000000,15405.83097000
2022-03-14T16:00:00Z,38964.26000000,39947.12000000,38415.40000000,39671.37000000,15357.42780000
2022-03-15T00:00:00Z,39671.37000000,39804.68000000,38098.33000000,38439.50000000,13475.83329000
2022-03-15T08:00:00Z,38439.50000000,39270.24000000,38254.35000000,39017.11000000,16096.05628000
2022-03-15T16:00:00Z,39017.11000000,39887.61000000,38926.15000000,39280.33000000,16443.65969000
2022-03-16T00:00:00Z,39280.33000000,41718.00000000,38828.48000000,39581.00000000,32047.92753000
2022-03-16T08:00:00Z,39581.01000000,41194.60000000,39563.63000000,40611.67000000,23764.06885000
2022-03-16T16:00:00Z,40611.67000000,41471.36000000,39311.53000000,41114.00000000,32308.76529000
2022-03-17T00:00:00Z,41114.01000000,41478.82000000,40543.52000000,40726.05000000,13377.30403000
2022-03-17T08:00:00Z,40726.06000000,41233.27000000,40500.00000000,40798.56000000,14661.85244000
2022-03-17T16:00:00Z,40798.56000000,41068.90000000,40565.39000000,40917.90000000,9150.22440000
2022-03-18T00:00:00Z,40917.89000000,40933.11000000,40215.59000000,40570.67000000,10019.96814000
2022-03-18T08:00:00Z,40570.67000000,41072.96000000,40135.04000000,40931.08000000,16852.32973000
2022-03-18T16:00:00Z,40931.08000000,42325.02000000,40904.98000000,41757.51000000,18535.71182000
2022-03-19T00:00:00Z,41757.51000000,42000.00000000,41499.29000000,41610.00000000,9454.04424000
2022-03-19T08:00:00Z,41609.99000000,42085.62000000,41575.06000000,41937.68000000,8988.18051000
2022-03-19T16:00:00Z,41937.68000000,42400.00000000,41715.43000000,42201.13000000,10624.95633000
2022-03-20T00:00:00Z,42201.13000000,42296.26000000,41751.99000000,41863.99000000,7902.55782000
2022-03-20T08:00:00Z,41863.99000000,41937.99000000,41252.67000000,41340.30000000,11367.82037000
2022-03-20T16:00:00Z,41340.30000000,41677.65000000,40911.00000000,41262.11000000,11382.95649000
2022-03-21T00:00:00Z,41262.11000000,41451.51000000,40467.94000000,41102.01000000,12125.23789000
2022-03-21T08:00:00Z,41102.00000000,41544.22000000,40738.48000000,41224.48000000,15374.75455000
2022-03-21T16:00:00Z,41224.48000000,41370.00000000,40759.18000000,41002.25000000,11926.25633000
2022-03-22T00:00:00Z,41002.26000000,43361.00000000,40875.51000000,42215.94000000,29799.14765000
2022-03-22T08:00:00Z,42215.95000000,43199.00000000,42085.74000000,42573.81000000,19389.47749000
2022-03-22T16:00:00Z,42573.80000000,42872.17000000,42258.68000000,42364.13000000,10266.31780000
2022-03-23T00:00:00Z,42364.13000000,42529.99000000,41751.47000000,42107.74000000,12236.73975000
2022-03-23T08:00:00Z,42107.73000000,42737.39000000,41878.82000000,42618.18000000,16173.92967000
2022-03-23T16:00:00Z,42618.18000000,43025.96000000,42050.37000000,42882.76000000,12418.20097000
2022-03-24T00:00:00Z,42882.76000000,43478.00000000,42650.00000000,43077.74000000,16130.38775000
2022-03-24T08:00:00Z,43077.75000000,44036.93000000,42560.46000000,44000.01000000,26152.31431000
2022-03-24T16:00:00Z,44000.00000000,44220.89000000,43757.10000000,43991.46000000,13912.42168000
2022-03-25T00:00:00Z,43991.46000000,44398.53000000,43854.38000000,43904.97000000,14080.40580000
2022-03-25T08:00:00Z,43904.97000000,45094.14000000,43579.00000000,44318.21000000,26469.07829000
2022-03-25T16:00:00Z,44318.21000000,44646.06000000,44013.11000000,44313.16000000,14064.95239000
2022-03-26T00:00:00Z,44313.16000000,44548.24000000,44071.97000000,44510.07000000,7221.93105000
2022-03-26T08:00:00Z,44510.07000000,44578.00000000,44153.94000000,44205.31000000,6980.73994000
2022-03-26T16:00:00Z,44205.30000000,44792.99000000,44140.76000000,44511.27000000,8838.94642000
2022-03-27T00:00:00Z,44511.27000000,44950.00000000,44484.11000000,44734.06000000,6790.44596000
2022-03-27T08:00:00Z,44734.06000000,44933.45000000,44421.46000000,44857.52000000,8021.99595000
2022-03-27T16:00:00Z,44857.53000000,46999.00000000,44678.12000000,46827.76000000,27062.46880000
2022-03-28T00:00:00Z,46827.76000000,47650.00000000,46663.56000000,46989.24000000,22562.50590000
2022-03-28T08:00:00Z,46989.24000000,47908.05000000,46845.98000000,47422.51000000,18782.25097000
2022-03-28T16:00:00Z,47422.51000000,48189.84000000,46885.44000000,47122.21000000,17604.50453000
2022-03-29T00:00:00Z,47122.21000000,47753.75000000,47050.00000000,47344.44000000,9390.22498000
2022-03-29T08:00:00Z,47344.45000000,48096.47000000,47334.69000000,47440.00000000,14495.47212000
2022-03-29T16:00:00Z,47440.00000000,47871.02000000,46950.85000000,47434.80000000,12886.58747000
2022-03-30T00:00:00Z,47434.79000000,47580.00000000,46445.42000000,47384.44000000,13665.08179000
2022-03-30T08:00:00Z,47384.44000000,47500.00000000,46869.00000000,47160.81000000,12704.77255000
2022-03-30T16:00:00Z,47160.82000000,47700.22000000,46831.81000000,47067.99000000,14577.35416000
2022-03-31T00:00:00Z,47067.99000000,47425.21000000,46898.12000000,47160.76000000,8703.31051000
2022-03-31T08:00:00Z,47160.75000000,47600.00000000,46230.00000000,46453.81000000,20888.81343000
2022-03-31T16:00:00Z,46453.81000000,46492.65000000,45200.00000000,45510.34000000,19053.00273000
2022-04-01T00:00:00Z,45510.35000000,45644.86000000,44200.00000000,45015.69000000,21592.38959000
2022-04-01T08:00:00Z,45015.68000000,46720.09000000,44701.01000000,46532.00000000,23359.02559000
2022-04-01T16:00:00Z,46531.99000000,46602.00000000,45893.98000000,46283.49000000,11319.64956000
2022-04-02T00:00:00Z,46283.49000000,47213.00000000,46081.93000000,46584.49000000,12876.72986000
2022-04-02T08:00:00Z,46584.49000000,46941.11000000,46130.03000000,46295.06000000,12286.82004000
2022-04-02T16:00:00Z,46295.06000000,46487.01000000,45620.00000000,45811.00000000,11909.98592000
2022-04-03T00:00:00Z,45810.99000000,46570.00000000,45530.92000000,46363.82000000,9095.80962000
2022-04-03T08:00:00Z,46363.83000000,46723.00000000,46076.92000000,46412.49000000,8928.84068000
2022-04-03T16:00:00Z,46412.49000000,47444.11000000,46220.16000000,46407.35000000,15370.02764000
2022-04-04T00:00:00Z,46407.36000000,46461.14000000,45744.77000000,46173.99000000,11372.58071000
2022-04-04T08:00:00Z,46174.00000000,46359.00000000,45555.00000000,45633.88000000,14373.79403000
2022-04-04T16:00:00Z,45633.88000000,46890.71000000,45118.00000000,46580.51000000,18895.50040000
2022-04-05T00:00:00Z,46580.50000000,46884.49000000,46412.62000000,46709.99000000,8028.49990000
2022-04-05T08:00:00Z,46710.00000000,47200.00000000,45667.40000000,45763.72000000,20142.59680000
2022-04-05T16:00:00Z,45763.73000000,46191.00000000,45353.81000000,45497.55000000,14021.65182000
2022-04-06T00:00:00Z,45497.54000000,45507.14000000,44412.00000000,45276.04000000,13908.44285000
2022-04-06T08:00:00Z,45276.04000000,45453.94000000,43705.64000000,44168.35000000,24894.64974000
2022-04-06T16:00:00Z,44168.36000000,44298.61000000,43121.00000000,43170.47000000,22046.23677000
2022-04-07T00:00:00Z,43170.47000000,43559.09000000,42727.35000000,43445.33000000,13008.36589000
2022-04-07T08:00:00Z,43445.34000000,43900.99000000,43024.86000000,43331.81000000,14734.03509000
2022-04-07T16:00:00Z,43331.82000000,43819.99000000,43208.00000000,43444.19000000,9654.14058000
2022-04-08T00:00:00Z,43444.20000000,43780.32000000,43305.57000000,43763.52000000,7258.30129000
2022-04-08T08:00:00Z,43763.53000000,43970.62000000,42751.01000000,43648.01000000,18041.56763000
2022-04-08T16:00:00Z,43648.01000000,43714.97000000,42107.14000000,42252.01000000,17075.17311000
2022-04-09T00:00:00Z,42252.02000000,42640.00000000,42125.48000000,42481.09000000,6820.77508000
2022-04-09T08:00:00Z,42481.08000000,42540.00000000,42158.67000000,42260.77000000,5743.19118000
2022-04-09T16:00:00Z,42253.02000000,42800.00000000,42183.60000000,42753.97000000,5327.69421000
2022-04-10T00:00:00Z,42753.96000000,42896.64000000,42575.40000000,42633.59000000,3939.13869000
2022-04-10T08:00:00Z,42633.59000000,42850.00000000,42433.49000000,42747.47000000,5401.93728000
2022-04-10T16:00:00Z,42747.48000000,43410.30000000,41868.00000000,42158.85000000,13430.01806000
2022-04-11T00:00:00Z,42158.85000000,42414.71000000,41755.00000000,42305.75000000,12440.81108000
2022-04-11T08:00:00Z,42305.74000000,42350.00000000,40560.00000000,40581.51000000,25421.72992000
2022-04-11T16:00:00Z,40581.52000000,40896.83000000,39200.00000000,39530.45000000,25697.90621000
2022-04-12T00:00:00Z,39530.45000000,40196.39000000,39290.00000000,40183.97000000,17974.68022000
2022-04-12T08:00:00Z,40183.97000000,40699.00000000,39800.00000000,40179.13000000,23367.06390000
2022-04-12T16:00:00Z,40179.12000000,40376.80000000,39254.63000000,40074.94000000,16409.27366000
2022-04-13T00:00:00Z,40074.95000000,40275.00000000,39588.54000000,40130.00000000,8647.83726000
2022-04-13T08:00:00Z,40129.99000000,41411.00000000,39622.87000000,41158.18000000,19994.06952000
2022-04-13T16:00:00Z,41158.18000000,41561.31000000,40829.00000000,41147.79000000,12700.36576000
2022-04-14T00:00:00Z,41147.78000000,41500.00000000,41064.35000000,41271.66000000,8226.19610000
2022-04-14T08:00:00Z,41271.66000000,41324.93000000,39925.21000000,39964.02000000,17802.17139000
2022-04-14T16:00:00Z,39964.01000000,40069.00000000,39551.94000000,39942.38000000,10778.64652000
2022-04-15T00:00:00Z,39942.37000000,40449.96000000,39766.40000000,40239.43000000,7899.07290000
2022-04-15T08:00:00Z,40239.43000000,40870.36000000,39900.00000000,40412.20000000,10558.36120000
2022-04-15T16:00:00Z,40412.21000000,40650.01000000,40203.68000000,40551.90000000,5568.92329000
2022-04-16T00:00:00Z,40551.90000000,40709.35000000,40353.54000000,40393.77000000,4191.72657000
2022-04-16T08:00:00Z,40393.77000000,40577.57000000,39991.55000000,40062.68000000,6829.90965000
2022-04-16T16:00:00Z,40062.67000000,40699.55000000,40005.78000000,40378.71000000,4783.81096000
2022-04-17T00:00:00Z,40378.70000000,40430.00000000,40122.05000000,40285.15000000,3187.17978000
2022-04-17T08:00:00Z,40285.15000000,40595.67000000,40200.00000000,40445.30000000,5696.52902000
2022-04-17T16:00:00Z,40445.30000000,40476.07000000,39546.17000000,39678.12000000,11104.78379000
2022-04-18T00:00:00Z,39678.11000000,39896.98000000,38536.51000000,38919.85000000,15694.16348000
2022-04-18T08:00:00Z,38919.85000000,39620.80000000,38799.00000000,39254.50000000,15558.17510000
2022-04-18T16:00:00Z,39254.50000000,41116.73000000,39000.00000000,40801.13000000,22991.15717000
2022-04-19T00:00:00Z,40801.13000000,41263.43000000,40571.00000000,40683.14000000,8836.86713000
2022-04-19T08:00:00Z,40683.13000000,41760.00000000,40580.00000000,41445.87000000,17635.95349000
2022-04-19T16:00:00Z,41445.88000000,41547.65000000,41167.92000000,41493.18000000,9316.03781000
2022-04-20T00:00:00Z,41493.19000000,41631.47000000,41229.96000000,41340.05000000,8383.61950000
2022-04-20T08:00:00Z,41340.04000000,42199.00000000,41054.10000000,41261.73000000,21297.58276000
2022-04-20T16:00:00Z,41261.72000000,41645.09000000,40820.00000000,41358.19000000,11196.14815000
2022-04-21T00:00:00Z,41358.19000000,41940.00000000,41320.47000000,41855.69000000,9575.17541000
2022-04-21T08:00:00Z,41855.69000000,42976.00000000,41741.10000000,42135.33000000,26458.55970000
2022-04-21T16:00:00Z,42135.34000000,42184.04000000,39751.00000000,40480.01000000,23282.54146000
2022-04-22T00:00:00Z,40480.01000000,40795.06000000,40232.63000000,40709.59000000,13312.14762000
2022-04-22T08:00:00Z,40709.60000000,40783.54000000,39320.02000000,39433.60000000,20445.75747000
2022-04-22T16:00:00Z,39433.60000000,39835.23000000,39177.00000000,39709.18000000,12906.11451000
2022-04-23T00:00:00Z,39709.19000000,39872.64000000,39285.00000000,39600.98000000,7051.75067000
2022-04-23T08:00:00Z,39600.98000000,39820.62000000,39501.41000000,39792.65000000,6785.94612000
2022-04-23T16:00:00Z,39792.65000000,39980.00000000,39327.58000000,39441.60000000,6453.72696000
2022-04-24T00:00:00Z,39441.61000000,39828.00000000,39414.18000000,39751.38000000,6150.71137000
2022-04-24T08:00:00Z,39751.38000000,39940.00000000,39351.58000000,39656.49000000,8255.64205000
2022-04-24T16:00:00Z,39656.49000000,39807.94000000,38929.62000000,39450.13000000,12297.25844000
2022-04-25T00:00:00Z,39450.12000000,39500.84000000,38200.00000000,38453.92000000,18722.04755000
2022-04-25T08:00:00Z,38453.92000000,39420.00000000,38209.36000000,38976.76000000,24036.24096000
2022-04-25T16:00:00Z,38976.76000000,40616.00000000,38911.57000000,40426.08000000,20278.83933000
2022-04-26T00:00:00Z,40426.08000000,40773.65000000,40374.23000000,40584.50000000,11180.53810000
2022-04-26T08:00:00Z,40584.50000000,40797.31000000,38550.00000000,38563.94000000,24678.00873000
2022-04-26T16:00:00Z,38563.94000000,38886.51000000,37702.26000000,38112.65000000,30791.71117000
2022-04-27T00:00:00Z,38112.64000000,39113.72000000,37881.31000000,39112.74000000,12720.73190000
2022-04-27T08:00:00Z,39113.06000000,39474.72000000,38435.95000000,39005.76000000,29448.64698000
2022-04-27T16:00:00Z,39005.77000000,39399.99000000,38668.20000000,39235.72000000,14913.74384000
2022-04-28T00:00:00Z,39235.72000000,39689.49000000,39152.96000000,39385.01000000,10737.21143000
2022-04-28T08:00:00Z,39385.01000000,40300.00000000,38881.43000000,39438.01000000,26354.26814000
2022-04-28T16:00:00Z,39438.12000000,40372.63000000,39314.05000000,39742.07000000,18995.19193000
2022-04-29T00:00:00Z,39742.06000000,39925.25000000,39286.01000000,39610.14000000,10801.61442000
2022-04-29T08:00:00Z,39610.14000000,39634.12000000,38616.46000000,39004.86000000,22958.77785000
2022-04-29T16:00:00Z,39004.87000000,39078.30000000,38175.00000000,38596.11000000,17693.26488000
2022-04-30T00:00:00Z,38596.11000000,38795.38000000,38493.52000000,38650.34000000,6500.31449000
2022-04-30T08:00:00Z,38650.35000000,38688.72000000,38156.04000000,38466.56000000,12877.92827000
2022-04-30T16:00:00Z,38466.56000000,38610.15000000,37578.20000000,37630.80000000,15942.94713000
2022-05-01T00:00:00Z,37630.80000000,38165.12000000,37386.38000000,37970.27000000,12989.45006000
2022-05-01T08:00:00Z,37970.27000000,38641.46000000,37841.90000000,38490.00000000,9646.54913000
2022-05-01T16:00:00Z,38490.01000000,38675.00000000,37686.26000000,38468.35000000,16176.24185000
2022-05-02T00:00:00Z,38468.35000000,39167.34000000,38376.38000000,38881.47000000,12560.27334000
2022-05-02T08:00:00Z,38881.46000000,39155.47000000,38242.51000000,38696.05000000,24317.48873000
2022-05-02T16:00:00Z,38696.05000000,38908.56000000,38052.00000000,38525.16000000,16323.16421000
2022-05-03T00:00:00Z,38525.16000000,38625.00000000,38317.06000000,38559.99000000,9051.40009000
2022-05-03T08:00:00Z,38559.99000000,38651.51000000,38152.00000000,38326.36000000,14119.25879000
2022-05-03T16:00:00Z,38326.37000000,38396.05000000,37517.80000000,37728.95000000,17145.79470000
2022-05-04T00:00:00Z,37728.95000000,38757.27000000,37670.00000000,38701.32000000,13508.04480000
2022-05-04T08:00:00Z,38701.32000000,39182.00000000,38658.96000000,38973.20000000,20012.28564000
2022-05-04T16:00:00Z,38973.20000000,40023.77000000,38590.97000000,39690.00000000,29054.28692000
2022-05-05T00:00:00Z,39690.00000000,39845.51000000,39516.92000000,39588.84000000,9408.84111000
2022-05-05T08:00:00Z,39588.85000000,39629.85000000,36514.29000000,36909.67000000,40140.46107000
2022-05-05T16:00:00Z,36909.67000000,37322.00000000,35571.90000000,36552.97000000,39173.13137000
2022-05-06T00:00:00Z,36552.97000000,36675.63000000,35833.01000000,36371.94000000,15929.20745000
2022-05-06T08:00:00Z,36371.94000000,36514.63000000,35258.00000000,36004.34000000,38472.84989000
2022-05-06T16:00:00Z,36004.33000000,36239.40000000,35834.03000000,36013.77000000,14035.74453000
2022-05-07T00:00:00Z,36013.77000000,36077.98000000,35722.24000000,35921.60000000,7565.50411000
2022-05-07T08:00:00Z,35921.60000000,36146.30000000,35866.00000000,35962.47000000,8299.20506000
2022-05-07T16:00:00Z,35962.47000000,35997.14000000,34785.00000000,35472.39000000,18416.99765000
2022-05-08T00:00:00Z,35472.40000000,35514.22000000,34210.00000000,34596.55000000,30358.11174000
2022-05-08T08:00:00Z,34596.55000000,34870.88000000,34301.01000000,34357.92000000,16249.42362000
2022-05-08T16:00:00Z,34357.91000000,34763.34000000,33713.95000000,34038.40000000,25838.10808000
2022-05-09T00:00:00Z,34038.39000000,34243.15000000,33267.26000000,33523.27000000,31184.06116000
2022-05-09T08:00:00Z,33523.27000000,33777.00000000,32061.29000000,32341.53000000,59532.30100500
2022-05-09T16:00:00Z,32341.53000000,32588.20000000,30033.33000000,30076.31000000,101160.56426300
2022-05-10T00:00:00Z,30074.23000000,32658.99000000,29730.40000000,31609.78000000,75424.96433000
2022-05-10T08:00:00Z,31609.79000000,32383.80000000,30819.98000000,31320.00000000,57846.14241000
2022-05-10T16:00:00Z,31320.00000000,31805.15000000,30147.78000000,31017.10000000,32260.89637000
2022-05-11T00:00:00Z,31017.11000000,31888.85000000,30200.00000000,30614.99000000,43823.24671000
2022-05-11T08:00:00Z,30614.99000000,32162.59000000,29039.54000000,30977.61000000,108769.93886700
2022-05-11T16:00:00Z,30977.61000000,31131.58000000,27785.00000000,29103.94000000,54470.55370100
2022-05-12T00:00:00Z,29103.94000000,30243.00000000,26700.00000000,28193.40000000,103273.77118800
2022-05-12T08:00:00Z,28193.40000000,29813.00000000,27477.70000000,29021.27000000,65689.41176000
2022-05-12T16:00:00Z,29021.26000000,29967.03000000,28001.00000000,29029.75000000,35544.08019000
2022-05-13T00:00:00Z,29029.74000000,31083.37000000,28751.67000000,30171.13000000,40090.69288000
2022-05-13T08:00:00Z,30171.13000000,31033.00000000,30171.13000000,30339.99000000,31457.30867000
2022-05-13T16:00:00Z,30340.00000000,30537.78000000,29200.00000000,29287.05000000,26324.36802000
2022-05-14T00:00:00Z,29287.05000000,29824.69000000,29200.00000000,29431.59000000,12781.57196000
2022-05-14T08:00:00Z,29431.58000000,29599.51000000,28660.76000000,28818.06000000,19268.01592000
2022-05-14T16:00:00Z,28818.05000000,30343.27000000,28630.00000000,30086.74000000,19046.29075000
2022-05-15T00:00:00Z,30086.74000000,30273.21000000,29480.00000000,29825.99000000,11224.70867000
2022-05-15T08:00:00Z,29826.00000000,30561.37000000,29547.48000000,30013.47000000,15854.97025000
2022-05-15T16:00:00Z,30013.46000000,31460.00000000,29936.49000000,31328.89000000,19195.99020000
2022-05-16T00:00:00Z,31328.89000000,31328.90000000,29258.00000000,29593.89000000,23076.17110000
2022-05-16T08:00:00Z,29593.89000000,30252.77000000,29313.48000000,29676.56000000,30249.38549000
2022-05-16T16:00:00Z,29676.56000000,30259.78000000,29087.04000000,29874.01000000,19756.63999000
2022-05-17T00:00:00Z,29874.01000000,30578.14000000,29780.97000000,30412.06000000,12571.72588000
2022-05-17T08:00:00Z,30412.05000000,30788.37000000,29944.48000000,30153.74000000,21251.26262000
2022-05-17T16:00:00Z,30153.74000000,30669.00000000,29450.38000000,30444.93000000,22901.14457000
2022-05-18T00:00:00Z,30444.93000000,30709.99000000,29682.97000000,29910.25000000,15215.12009000
2022-05-18T08:00:00Z,29910.25000000,30046.79000000,28875.00000000,28984.99000000,23479.31280000
2022-05-18T16:00:00Z,28984.98000000,29538.19000000,28654.47000000,28715.32000000,21054.72510000
2022-05-19T00:00:00Z,28715.33000000,29432.80000000,28691.38000000,29192.13000000,16177.01158000
2022-05-19T08:00:00Z,29192.13000000,30545.18000000,28855.42000000,30389.45000000,31109.19779000
2022-05-19T16:00:00Z,30389.45000000,30486.57000000,29950.45000000,30319.23000000,20591.15478000
2022-05-20T00:00:00Z,30319.22000000,30777.33000000,29850.51000000,30256.74000000,16536.66290000
2022-05-20T08:00:00Z,30256.74000000,30535.40000000,29071.39000000,29152.90000000,24789.53372000
2022-05-20T16:00:00Z,29152.90000000,29391.40000000,28730.00000000,29201.01000000,19191.05663000
2022-05-21T00:00:00Z,29201.01000000,29566.00000000,28947.28000000,29423.18000000,7075.47545000
2022-05-21T08:00:00Z,29423.18000000,29645.70000000,29168.68000000,29552.47000000,7535.16641000
2022-05-21T16:00:00Z,29552.47000000,29656.18000000,29311.07000000,29445.06000000,6376.48938000
2022-05-22T00:00:00Z,29445.07000000,29545.75000000,29255.11000000,29441.78000000,5086.38852000
2022-05-22T08:00:00Z,29441.78000000,30311.31000000,29421.53000000,29844.01000000,19684.90271000
2022-05-22T16:00:00Z,29844.01000000,30487.99000000,29738.57000000,30293.94000000,11387.69625000
2022-05-23T00:00:00Z,30293.93000000,30670.51000000,30048.77000000,30457.01000000,12225.39740000
2022-05-23T08:00:00Z,30457.01000000,30625.98000000,29967.07000000,30373.53000000,22023.46407000
2022-05-23T16:00:00Z,30373.53000000,30529.90000000,28866.35000000,29109.15000000,29652.63785000
2022-05-24T00:00:00Z,29109.14000000,29439.26000000,29056.70000000,29404.55000000,11537.85495000
2022-05-24T08:00:00Z,29404.54000000,29650.00000000,28669.00000000,29382.31000000,26996.74861000
2022-05-24T16:00:00Z,29382.32000000,29845.86000000,29101.00000000,29654.58000000,20908.35680000
2022-05-25T00:00:00Z,29654.58000000,30223.74000000,29557.36000000,29701.46000000,16064.44143000
2022-05-25T08:00:00Z,29701.47000000,29941.41000000,29294.21000000,29629.36000000,24472.71042000
2022-05-25T16:00:00Z,29629.35000000,30034.37000000,29430.54000000,29542.15000000,19000.23474000
2022-05-26T00:00:00Z,29542.14000000,29886.64000000,29337.77000000,29733.70000000,12369.20129000
2022-05-26T08:00:00Z,29733.71000000,29744.25000000,28019.56000000,29393.10000000,62727.90228000
2022-05-26T16:00:00Z,29393.10000000,29787.69000000,29174.00000000,29201.35000000,19484.55106000
2022-05-27T00:00:00Z,29201.35000000,29390.34000000,28643.89000000,28992.99000000,34832.17312000
2022-05-27T08:00:00Z,28993.00000000,29397.66000000,28639.26000000,28850.45000000,28161.63705000
2022-05-27T16:00:00Z,28850.46000000,29056.00000000,28282.90000000,28629.80000000,28004.70993000
2022-05-28T00:00:00Z,28629.81000000,28949.39000000,28450.00000000,28885.72000000,16151.80876000
2022-05-28T08:00:00Z,28885.71000000,29266.00000000,28766.68000000,28988.21000000,11291.51181000
2022-05-28T16:00:00Z,28988.20000000,29154.61000000,28784.48000000,29031.33000000,7036.03070000
2022-05-29T00:00:00Z,29031.33000000,29060.32000000,28839.21000000,29008.35000000,5747.15596000
2022-05-29T08:00:00Z,29008.35000000,29489.00000000,28952.70000000,29215.98000000,12872.32999000
2022-05-29T16:00:00Z,29215.97000000,29587.78000000,29077.98000000,29468.10000000,8947.86169000
2022-05-30T00:00:00Z,29468.10000000,30928.71000000,29299.62000000,30636.12000000,30132.28164000
2022-05-30T08:00:00Z,30636.12000000,30931.00000000,30269.22000000,30634.08000000,22884.35278000
2022-05-30T16:00:00Z,30634.08000000,32222.00000000,30500.00000000,31734.22000000,43769.31318000
2022-05-31T00:00:00Z,31734.23000000,31861.55000000,31434.66000000,31573.77000000,17627.25119000
2022-05-31T08:00:00Z,31573.76000000,32181.37000000,31200.01000000,32058.53000000,23942.65221000
2022-05-31T16:00:00Z,32058.52000000,32399.00000000,31570.53000000,31801.04000000,20863.21292000
2022-06-01T00:00:00Z,31801.05000000,31982.97000000,31371.45000000,31482.43000000,13676.93896000
2022-06-01T08:00:00Z,31482.42000000,31901.34000000,30600.00000000,30742.59000000,30606.04796000
2022-06-01T16:00:00Z,30742.59000000,30744.19000000,29301.00000000,29805.83000000,59112.64690000
2022-06-02T00:00:00Z,29805.84000000,30123.35000000,29594.55000000,29968.26000000,14346.72089000
2022-06-02T08:00:00Z,29968.27000000,30387.84000000,29597.01000000,30212.73000000,26931.63623000
2022-06-02T16:00:00Z,30212.73000000,30689.00000000,29977.45000000,30452.62000000,15683.07216000
2022-06-03T00:00:00Z,30452.63000000,30699.00000000,30282.29000000,30443.74000000,11129.53297000
2022-06-03T08:00:00Z,30443.70000000,30529.07000000,29282.36000000,29506.24000000,31862.67122000
2022-06-03T16:00:00Z,29506.25000000,29887.56000000,29401.00000000,29700.21000000,11075.24308000
2022-06-04T00:00:00Z,29700.21000000,29763.35000000,29500.00000000,29700.96000000,8496.64475000
2022-06-04T08:00:00Z,29700.96000000,29988.88000000,29485.00000000,29858.80000000,9820.83816000
2022-06-04T16:00:00Z,29858.79000000,29977.99000000,29613.26000000,29864.04000000,7300.41822000
2022-06-05T00:00:00Z,29864.03000000,29897.18000000,29645.67000000,29645.67000000,4841.51812000
2022-06-05T08:00:00Z,29645.68000000,29981.00000000,29531.42000000,29972.22000000,6668.70308000
2022-06-05T16:00:00Z,29972.23000000,30189.00000000,29761.00000000,29919.21000000,11629.70690000
2022-06-06T00:00:00Z,29919.20000000,31434.75000000,29890.23000000,31292.77000000,27373.15142000
2022-06-06T08:00:00Z,31292.76000000,31765.64000000,31162.55000000,31541.42000000,25900.99420000
2022-06-06T16:00:00Z,31541.41000000,31599.85000000,31000.01000000,31373.10000000,15562.77894000
2022-06-07T00:00:00Z,31373.10000000,31381.03000000,29218.96000000,29585.12000000,44411.01803000
2022-06-07T08:00:00Z,29585.12000000,30041.25000000,29345.00000000,29891.17000000,22753.32483000
2022-06-07T16:00:00Z,29891.17000000,31589.60000000,29747.62000000,31125.33000000,43510.17372000
2022-06-08T00:00:00Z,31125.32000000,31327.22000000,29843.88000000,30561.77000000,32968.06412000
2022-06-08T08:00:00Z,30561.77000000,30901.67000000,30051.16000000,30476.77000000,21872.65916000
2022-06-08T16:00:00Z,30476.77000000,30552.64000000,29916.45000000,30204.77000000,13701.88948000
2022-06-09T00:00:00Z,30204.77000000,30487.54000000,30070.24000000,30487.54000000,9714.33045000
2022-06-09T08:00:00Z,30487.53000000,30700.00000000,29944.10000000,30302.24000000,23386.67962000
2022-06-09T16:00:00Z,30302.23000000,30450.00000000,29970.51000000,30109.93000000,13190.17643000
2022-06-10T00:00:00Z,30109.93000000,30382.80000000,29578.96000000,30052.43000000,20426.56817000
2022-06-10T08:00:00Z,30052.44000000,30184.40000000,29222.67000000,29454.53000000,34539.70421000
2022-06-10T16:00:00Z,29454.52000000,29484.45000000,28850.00000000,29091.88000000,21237.97742000
2022-06-11T00:00:00Z,29091.87000000,29440.41000000,29047.93000000,29326.83000000,8055.01566000
2022-06-11T08:00:00Z,29326.83000000,29345.11000000,28251.00000000,28405.54000000,37227.55467000
2022-06-11T16:00:00Z,28405.55000000,28794.46000000,28099.99000000,28424.70000000,20618.82862000
2022-06-12T00:00:00Z,28424.71000000,28544.96000000,27190.00000000,27645.89000000,33147.51992000
2022-06-12T08:00:00Z,27645.88000000,28347.89000000,26890.00000000,28094.42000000,31324.81084000
2022-06-12T16:00:00Z,28094.42000000,28238.58000000,26560.00000000,26574.53000000,28002.26804900
2022-06-13T00:00:00Z,26574.53000000,26895.84000000,24555.00000000,24811.59000000,91780.84417600
2022-06-13T08:00:00Z,24811.59000000,24941.17000000,22600.00000000,23271.54000000,112242.94558200
2022-06-13T16:00:00Z,23271.53000000,24204.55000000,21925.77000000,22487.41000000,50587.24520800
2022-06-14T00:00:00Z,22485.27000000,23362.88000000,20846.00000000,22877.52000000,108032.51736000
2022-06-14T08:00:00Z,22877.52000000,22979.96000000,21725.22000000,22680.38000000,51659.28133000
2022-06-14T16:00:00Z,22680.38000000,22777.07000000,21358.00000000,22136.41000000,27509.84802000
2022-06-15T00:00:00Z,22136.42000000,22297.37000000,20652.18000000,20722.92000000,52452.13232300
2022-06-15T08:00:00Z,20722.92000000,21798.95000000,20111.62000000,21419.10000000,79293.17869400
2022-06-15T16:00:00Z,21419.09000000,22800.00000000,20250.00000000,22583.72000000,69029.18245000
2022-06-16T00:00:00Z,22583.72000000,22995.73000000,21646.64000000,21764.17000000,27191.58741000
2022-06-16T08:00:00Z,21764.18000000,21888.00000000,20745.00000000,21074.77000000,41183.33200000
2022-06-16T16:00:00Z,21074.77000000,21500.00000000,20232.00000000,20401.31000000,31298.67488000
2022-06-17T00:00:00Z,20400.60000000,21286.01000000,20246.66000000,21100.64000000,33108.34893000
2022-06-17T08:00:00Z,21100.65000000,21365.43000000,20386.93000000,20663.70000000,32725.38566000
2022-06-17T16:00:00Z,20661.95000000,20791.96000000,20368.20000000,20468.81000000,20860.60204000
2022-06-18T00:00:00Z,20468.81000000,20792.06000000,19066.80000000,19258.58000000,48977.49491900
2022-06-18T08:00:00Z,19258.58000000,19540.00000000,18742.50000000,18953.76000000,52828.99711900
2022-06-18T16:00:00Z,18953.76000000,19493.23000000,17622.00000000,18970.79000000,94635.16348600
2022-06-19T00:00:00Z,18970.79000000,19198.00000000,17960.41000000,18306.93000000,36227.49129000
2022-06-19T08:00:00Z,18307.39000000,20150.00000000,18264.67000000,19824.97000000,55072.72501000
2022-06-19T16:00:00Z,19824.96000000,20815.95000000,19350.08000000,20574.00000000,37020.65965000
2022-06-20T00:00:00Z,20574.00000000,20687.99000000,19637.03000000,20086.63000000,32900.78538000
2022-06-20T08:00:00Z,20086.62000000,21090.00000000,20023.14000000,20824.74000000,47403.54358000
2022-06-20T16:00:00Z,20824.74000000,20832.82000000,19832.95000000,20573.89000000,28724.61258000
2022-06-21T00:00:00Z,20573.90000000,21333.00000000,20348.40000000,21120.28000000,35302.25827000
2022-06-21T08:00:00Z,21120.28000000,21723.00000000,20853.36000000,21392.19000000,44239.26833000
2022-06-21T16:00:00Z,21392.18000000,21550.39000000,20551.00000000,20723.52000000,24829.54830000
2022-06-22T00:00:00Z,20723.51000000,20736.68000000,19950.34000000,20099.62000000,28111.69045000
2022-06-22T08:00:00Z,20099.62000000,20900.00000000,20035.54000000,20080.10000000,35983.97802000
2022-06-22T16:00:00Z,20080.85000000,20380.00000000,19770.51000000,19987.99000000,28038.31091000
2022-06-23T00:00:00Z,19988.00000000,20657.14000000,19890.07000000,20461.83000000,25390.35455000
2022-06-23T08:00:00Z,20461.83000000,20829.21000000,20287.41000000,20351.91000000,28973.44741000
2022-06-23T16:00:00Z,20351.91000000,21233.00000000,20170.00000000,21110.13000000,28763.28520000
2022-06-24T00:00:00Z,21110.12000000,21369.85000000,20736.72000000,20913.72000000,22805.76401000
2022-06-24T08:00:00Z,20913.73000000,21457.00000000,20745.01000000,20884.17000000,31554.12229000
2022-06-24T16:00:00Z,20884.17000000,21558.41000000,20784.76000000,21237.69000000,23070.47992000
2022-06-25T00:00:00Z,21237.68000000,21614.50000000,21121.72000000,21508.13000000,17808.91133000
2022-06-25T08:00:00Z,21508.09000000,21555.71000000,20906.62000000,20961.89000000,19085.31403000
2022-06-25T16:00:00Z,20961.89000000,21588.43000000,20915.00000000,21491.19000000,14537.45258000
2022-06-26T00:00:00Z,21491.18000000,21544.49000000,21282.13000000,21396.52000000,11012.36033000
2022-06-26T08:00:00Z,21396.52000000,21888.00000000,21197.12000000,21326.11000000,24588.76950000
2022-06-26T16:00:00Z,21325.98000000,21445.88000000,20964.73000000,21038.07000000,17676.97481000
2022-06-27T00:00:00Z,21038.08000000,21404.52000000,20926.01000000,21363.22000000,16402.41739000
2022-06-27T08:00:00Z,21363.23000000,21539.85000000,20590.00000000,20754.73000000,29777.61126000
2022-06-27T16:00:00Z,20754.74000000,20966.73000000,20510.00000000,20742.56000000,18294.97265000
2022-06-28T00:00:00Z,20742.57000000,20933.00000000,20510.00000000,20879.39000000,16895.32064000
2022-06-28T08:00:00Z,20879.39000000,21212.10000000,20588.00000000,20606.40000000,25326.06563000
2022-06-28T16:00:00Z,20606.40000000,20771.80000000,20202.01000000,20281.29000000,21579.69693000
2022-06-29T00:00:00Z,20281.28000000,20398.00000000,19889.00000000,20093.75000000,24585.80959000
2022-06-29T08:00:00Z,20093.74000000,20254.20000000,19854.92000000,20084.48000000,30355.27773000
2022-06-29T16:00:00Z,20084.48000000,20432.31000000,19921.85000000,20123.01000000,22367.95647000
2022-06-30T00:00:00Z,20123.00000000,20179.08000000,19310.00000000,19435.90000000,22549.48297000
2022-06-30T08:00:00Z,19435.89000000,19440.73000000,18756.71000000,19143.98000000,39812.48866000
2022-06-30T16:00:00Z,19143.97000000,19980.00000000,18626.00000000,19942.21000000,31484.67643000
2022-07-01T00:00:00Z,19942.21000000,20918.35000000,19315.91000000,19579.11000000,50314.26954000
2022-07-01T08:00:00Z,19579.11000000,19821.28000000,18975.00000000,19290.94000000,39816.24544000
2022-07-01T16:00:00Z,19290.95000000,19686.71000000,19221.03000000,19279.80000000,21714.07996000
2022-07-02T00:00:00Z,19279.80000000,19387.44000000,19063.52000000,19126.81000000,17164.02880000
2022-07-02T08:00:00Z,19126.81000000,19467.39000000,18977.01000000,19229.39000000,17319.34270000
2022-07-02T16:00:00Z,19229.39000000,19408.01000000,19191.91000000,19252.81000000,11696.93060000
2022-07-03T00:00:00Z,19252.82000000,19400.00000000,18781.00000000,19139.74000000,20103.37107000
2022-07-03T08:00:00Z,19139.75000000,19155.44000000,18930.19000000,19046.78000000,12297.95800000
2022-07-03T16:00:00Z,19046.78000000,19647.63000000,19011.66000000,19315.83000000,18686.13724000
2022-07-04T00:00:00Z,19315.83000000,19343.43000000,19055.31000000,19120.60000000,12319.86375000
2022-07-04T08:00:00Z,19120.60000000,20143.02000000,19110.04000000,19801.47000000,37084.25259000
2022-07-04T16:00:00Z,19801.48000000,20354.01000000,19676.90000000,20236.71000000,25409.92967000
2022-07-05T00:00:00Z,20236.71000000,20478.40000000,20159.59000000,20215.69000000,21507.00981000
2022-07-05T08:00:00Z,20215.68000000,20215.69000000,19304.40000000,19519.98000000,35674.51755000
2022-07-05T16:00:00Z,19519.98000000,20750.00000000,19479.53000000,20175.83000000,38859.61020000
2022-07-06T00:00:00Z,20175.84000000,20414.01000000,19761.25000000,20162.22000000,28273.91962000
2022-07-06T08:00:00Z,20162.21000000,20366.20000000,19961.02000000,20148.86000000,27950.45657000
2022-07-06T16:00:00Z,20148.85000000,20675.22000000,20133.55000000,20564.51000000,26215.20461000
2022-07-07T00:00:00Z,20564.51000000,20594.77000000,20251.68000000,20440.01000000,15320.67923000
2022-07-07T08:00:00Z,20440.01000000,21035.00000000,20378.16000000,20888.44000000,28722.01697000
2022-07-07T16:00:00Z,20888.44000000,21838.10000000,20837.67000000,21624.98000000,40971.88641000
2022-07-08T00:00:00Z,21624.99000000,22527.37000000,21578.14000000,21797.64000000,27185.01895000
2022-07-08T08:00:00Z,21797.65000000,22130.00000000,21189.26000000,21962.52000000,231533.94667000
2022-07-08T16:00:00Z,21964.30000000,22045.91000000,21550.00000000,21594.75000000,144362.60787000
2022-07-09T00:00:00Z,21594.75000000,21728.63000000,21403.24000000,21654.72000000,66586.00266000
2022-07-09T08:00:00Z,21654.72000000,21778.73000000,21322.12000000,21546.90000000,63082.05389000
2022-07-09T16:00:00Z,21545.89000000,21980.00000000,21517.87000000,21591.83000000,48749.78813000
2022-07-10T00:00:00Z,21592.15000000,21607.65000000,21091.81000000,21338.12000000,67356.22325000
2022-07-10T08:00:00Z,21339.46000000,21424.67000000,20835.73000000,20899.76000000,68327.18120000
2022-07-10T16:00:00Z,20898.44000000,21180.92000000,20655.00000000,20862.47000000,56504.81111000
2022-07-11T00:00:00Z,20861.11000000,20868.48000000,20353.72000000,20439.91000000,41960.42258000
2022-07-11T08:00:00Z,20439.17000000,20762.02000000,20271.10000000,20437.44000000,48481.68330000
2022-07-11T16:00:00Z,20440.00000000,20716.29000000,19875.23000000,19963.61000000,47093.30136000
2022-07-12T00:00:00Z,19963.61000000,20059.42000000,19620.00000000,19730.99000000,44282.38311000
2022-07-12T08:00:00Z,19731.00000000,20010.00000000,19558.12000000,19886.33000000,50761.98870000
2022-07-12T16:00:00Z,19886.33000000,20007.23000000,19240.00000000,19328.75000000,44462.08681000
2022-07-13T00:00:00Z,19331.28000000,19875.00000000,19265.40000000,19705.25000000,38232.49843000
2022-07-13T08:00:00Z,19707.06000000,20128.39000000,18910.94000000,19456.20000000,104159.07937000
2022-07-13T16:00:00Z,19454.99000000,20366.61000000,19230.00000000,20234.87000000,66858.67108000
2022-07-14T00:00:00Z,20234.87000000,20435.72000000,19894.76000000,19990.72000000,49918.11145000
2022-07-14T08:00:00Z,19990.72000000,20466.00000000,19616.07000000,20390.50000000,70587.72067000
2022-07-14T16:00:00Z,20390.00000000,20900.00000000,20143.96000000,20588.84000000,54303.38484000
2022-07-15T00:00:00Z,20588.84000000,20936.00000000,20382.29000000,20835.38000000,44282.69666000
2022-07-15T08:00:00Z,20835.38000000,21090.00000000,20720.16000000,20792.19000000,59067.89214000
2022-07-15T16:00:00Z,20792.19000000,21200.00000000,20636.70000000,20830.04000000,39992.71610000
2022-07-16T00:00:00Z,20830.04000000,20865.38000000,20478.61000000,20546.18000000,29240.12625000
2022-07-16T08:00:00Z,20546.18000000,20957.46000000,20539.85000000,20943.02000000,30270.51111000
2022-07-16T16:00:00Z,20943.02000000,21588.94000000,20911.64000000,21195.60000000,61501.03657000
2022-07-17T00:00:00Z,21195.60000000,21684.54000000,21082.80000000,21467.61000000,37866.12528000
2022-07-17T08:00:00Z,21467.61000000,21549.00000000,21075.07000000,21170.09000000,44428.81704000
2022-07-17T16:00:00Z,21170.09000000,21355.00000000,20750.01000000,20798.16000000,35934.51018000
2022-07-18T00:00:00Z,20799.58000000,22400.00000000,20762.45000000,22245.93000000,75575.66043000
2022-07-18T08:00:00Z,22245.93000000,22777.63000000,21898.00000000,22675.83000000,87074.15837000
2022-07-18T16:00:00Z,22675.83000000,22713.28000000,21388.00000000,22432.58000000,77292.91252000
2022-07-19T00:00:00Z,22432.58000000,22961.72000000,21579.54000000,21764.88000000,91455.14668000
2022-07-19T08:00:00Z,21764.88000000,23199.90000000,21696.60000000,23136.08000000,92044.57621000
2022-07-19T16:00:00Z,23128.31000000,23800.00000000,22950.21000000,23396.62000000,80271.04285000
2022-07-20T00:00:00Z,23398.48000000,23864.15000000,22922.00000000,23381.18000000,67757.24105000
2022-07-20T08:00:00Z,23381.18000000,24276.74000000,23313.90000000,24172.63000000,89187.01375000
2022-07-20T16:00:00Z,24172.64000000,24201.94000000,22906.19000000,23223.30000000,81817.91614000
2022-07-21T00:00:00Z,23223.30000000,23442.77000000,22638.53000000,22931.56000000,57856.52579000
2022-07-21T08:00:00Z,22929.28000000,23074.12000000,22341.46000000,22642.34000000,68188.16809000
2022-07-21T16:00:00Z,22639.37000000,23308.80000000,22632.72000000,23152.19000000,58772.98803000
2022-07-22T00:00:00Z,23152.19000000,23352.53000000,22805.89000000,23118.79000000,41409.78546000
2022-07-22T08:00:00Z,23121.63000000,23756.49000000,23068.00000000,23290.68000000,77607.54614000
2022-07-22T16:00:00Z,23290.71000000,23344.62000000,22500.00000000,22684.83000000,52581.10806000
2022-07-23T00:00:00Z,22684.83000000,23000.77000000,22550.14000000,22770.52000000,32762.18785000
2022-07-23T08:00:00Z,22771.94000000,22877.26000000,22039.89000000,22215.61000000,51105.76453000
2022-07-23T16:00:00Z,22216.90000000,22559.00000000,21934.57000000,22451.07000000,38269.82137000
2022-07-24T00:00:00Z,22448.58000000,22839.99000000,22257.15000000,22701.60000000,35843.59832000
2022-07-24T08:00:00Z,22704.09000000,22911.31000000,22444.00000000,22847.08000000,42594.45173000
2022-07-24T16:00:00Z,22847.08000000,23014.64000000,22513.70000000,22579.68000000,36751.62272000
2022-07-25T00:00:00Z,22577.13000000,22666.00000000,21737.82000000,21962.33000000,55707.82991000
2022-07-25T08:00:00Z,21962.33000000,22110.98000000,21683.40000000,21895.79000000,54207.28435000
2022-07-25T16:00:00Z,21893.94000000,22259.98000000,21250.00000000,21310.90000000,70429.65217000
2022-07-26T00:00:00Z,21310.90000000,21347.82000000,20856.48000000,21066.86000000,62537.82350000
2022-07-26T08:00:00Z,21066.86000000,21196.58000000,20706.50000000,20746.81000000,58412.73168000
2022-07-26T16:00:00Z,20746.81000000,21300.00000000,20734.79000000,21254.67000000,56866.68808000
2022-07-27T00:00:00Z,21254.67000000,21451.33000000,21042.53000000,21347.36000000,44724.43988000
2022-07-27T08:00:00Z,21346.11000000,21547.53000000,21129.65000000,21530.86000000,52567.79836000
2022-07-27T16:00:00Z,21530.86000000,23112.63000000,21455.25000000,22952.45000000,113678.95972000
2022-07-28T00:00:00Z,22954.31000000,23460.58000000,22701.44000000,22925.10000000,60557.34876000
2022-07-28T08:00:00Z,22925.10000000,23992.00000000,22582.13000000,23745.57000000,98943.33121000
2022-07-28T16:00:00Z,23747.85000000,24199.72000000,23662.52000000,23842.93000000,76528.39413000
2022-07-29T00:00:00Z,23845.25000000,24442.66000000,23701.00000000,23943.26000000,56197.60302000
2022-07-29T08:00:00Z,23941.63000000,24222.00000000,23414.03000000,24010.74000000,87377.36822000
2022-07-29T16:00:00Z,24012.76000000,24138.69000000,23606.18000000,23773.75000000,54723.53499000
2022-07-30T00:00:00Z,23777.28000000,23968.90000000,23650.00000000,23880.76000000,37591.56850000
2022-07-30T08:00:00Z,23878.58000000,24668.00000000,23732.56000000,24529.10000000,62668.19858000
2022-07-30T16:00:00Z,24526.57000000,24593.02000000,23502.25000000,23643.51000000,50800.36503000
2022-07-31T00:00:00Z,23644.64000000,23886.92000000,23520.00000000,23713.10000000,33235.09135000
2022-07-31T08:00:00Z,23713.10000000,23861.83000000,23558.21000000,23774.97000000,38044.17866000
2022-07-31T16:00:00Z,23774.97000000,24194.82000000,23227.31000000,23293.32000000,56464.05482000
2022-08-01T00:00:00Z,23296.36000000,23466.55000000,23112.00000000,23322.05000000,34389.92776000
2022-08-01T08:00:00Z,23323.26000000,23509.68000000,22939.57000000,23326.73000000,61253.87581000
2022-08-01T16:00:00Z,23325.19000000,23417.11000000,22850.00000000,23268.01000000,48566.35862000
2022-08-02T00:00:00Z,23266.90000000,23447.62000000,22715.61000000,22887.80000000,43418.70947000
2022-08-02T08:00:00Z,22889.62000000,23151.24000000,22654.37000000,22979.50000000,63977.18811000
2022-08-02T16:00:00Z,22977.78000000,23459.89000000,22870.10000000,22987.79000000,50677.38467000
2022-08-03T00:00:00Z,22985.93000000,23079.39000000,22681.22000000,22989.96000000,38123.37853000
2022-08-03T08:00:00Z,22989.16000000,23647.68000000,22987.46000000,23352.76000000,61621.60663000
2022-08-03T16:00:00Z,23352.76000000,23574.98000000,22720.00000000,22818.37000000,46203.82479000
2022-08-04T00:00:00Z,22816.91000000,23223.32000000,22791.46000000,22947.92000000,44525.42892000
2022-08-04T08:00:00Z,22947.92000000,23148.99000000,22750.00000000,22931.68000000,60308.84945000
2022-08-04T16:00:00Z,22931.68000000,22980.00000000,22400.00000000,22622.98000000,50020.39179000
2022-08-05T00:00:00Z,22622.41000000,23432.51000000,22586.95000000,23186.08000000,53175.07994000
2022-08-05T08:00:00Z,23185.08000000,23472.86000000,22879.42000000,22988.25000000,74277.54019000
2022-08-05T16:00:00Z,22988.26000000,23329.00000000,22754.13000000,23312.42000000,47799.07736000
2022-08-06T00:00:00Z,23313.56000000,23354.36000000,23140.02000000,23205.87000000,28530.07635000
2022-08-06T08:00:00Z,23204.77000000,23258.61000000,23100.00000000,23202.21000000,23547.55710000
2022-08-06T16:00:00Z,23201.18000000,23256.37000000,22909.52000000,22954.21000000,31834.16962000
2022-08-07T00:00:00Z,22954.21000000,23051.92000000,22844.62000000,23015.95000000,26253.18971000
2022-08-07T08:00:00Z,23014.60000000,23184.21000000,22890.52000000,23023.14000000,31071.80509000
2022-08-07T16:00:00Z,23021.97000000,23402.00000000,22994.00000000,23174.39000000,31565.01397000
2022-08-08T00:00:00Z,23174.39000000,23852.43000000,23154.25000000,23807.68000000,48168.98522000
2022-08-08T08:00:00Z,23807.53000000,24245.00000000,23771.01000000,23991.38000000,73002.83926000
2022-08-08T16:00:00Z,23991.38000000,24104.55000000,23670.88000000,23810.00000000,49786.61704000
2022-08-09T00:00:00Z,23810.98000000,23933.25000000,23626.87000000,23878.12000000,31999.21498000
2022-08-09T08:00:00Z,23878.12000000,23890.47000000,22865.00000000,23075.00000000,71590.29669000
2022-08-09T16:00:00Z,23075.00000000,23265.00000000,22970.00000000,23149.95000000,39592.99691000
2022-08-10T00:00:00Z,23151.32000000,23151.32000000,22664.69000000,22963.67000000,46046.85630000
2022-08-10T08:00:00Z,22963.67000000,24178.00000000,22961.96000000,23997.10000000,97906.34624000
2022-08-10T16:00:00Z,23997.10000000,24226.00000000,23475.40000000,23954.05000000,64963.34699000
2022-08-11T00:00:00Z,23954.05000000,24745.00000000,23912.39000000,24431.88000000,86002.19122000
2022-08-11T08:00:00Z,24431.88000000,24918.54000000,24280.18000000,24343.68000000,99502.99645000
2022-08-11T16:00:00Z,24343.68000000,24418.50000000,23852.13000000,23934.39000000,64254.60790000
2022-08-12T00:00:00Z,23933.09000000,24097.97000000,23761.84000000,23960.99000000,49833.09131000
2022-08-12T08:00:00Z,23960.99000000,24143.00000000,23583.00000000,23980.66000000,71485.58478000
2022-08-12T16:00:00Z,23979.58000000,24456.50000000,23952.03000000,24403.68000000,52888.89431000
2022-08-13T00:00:00Z,24401.70000000,24888.00000000,24334.37000000,24572.12000000,62581.39492000
2022-08-13T08:00:00Z,24574.03000000,24653.48000000,24291.22000000,24512.66000000,52389.39193000
2022-08-13T16:00:00Z,24512.66000000,24593.37000000,24319.09000000,24441.38000000,37881.46750000
2022-08-14T00:00:00Z,24443.06000000,25047.56000000,24343.30000000,24873.32000000,51498.43297000
2022-08-14T08:00:00Z,24873.32000000,24883.24000000,24400.00000000,24524.54000000,50220.77839000
2022-08-14T16:00:00Z,24525.51000000,24568.74000000,24144.00000000,24305.24000000,49486.93337000
2022-08-15T00:00:00Z,24305.25000000,25211.32000000,23944.62000000,24027.05000000,102659.56717000
2022-08-15T08:00:00Z,24027.05000000,24314.28000000,23869.46000000,24226.00000000,82099.85112000
2022-08-15T16:00:00Z,24226.00000000,24281.10000000,23773.22000000,24094.82000000,57780.12929000
2022-08-16T00:00:00Z,24093.04000000,24247.49000000,23795.67000000,24066.93000000,58459.05490000
2022-08-16T08:00:00Z,24067.77000000,24150.00000000,23671.22000000,23901.27000000,66292.56673000
2022-08-16T16:00:00Z,23901.00000000,24058.00000000,23691.06000000,23854.74000000,54573.32658000
2022-08-17T00:00:00Z,23856.15000000,24446.71000000,23759.30000000,23786.42000000,69637.17959000
2022-08-17T08:00:00Z,23788.32000000,23924.97000000,23321.60000000,23391.90000000,80144.19657000
2022-08-17T16:00:00Z,23391.90000000,23638.84000000,23180.40000000,23342.66000000,60887.31150000
2022-08-18T00:00:00Z,23342.66000000,23516.44000000,23285.23000000,23414.21000000,38821.05959000
2022-08-18T08:00:00Z,23414.21000000,23600.00000000,23344.20000000,23452.28000000,54793.62005000
2022-08-18T16:00:00Z,23451.45000000,23469.27000000,23111.04000000,23191.20000000,50571.29047000
2022-08-19T00:00:00Z,23191.45000000,23208.67000000,21447.76000000,21905.88000000,93729.26147000
2022-08-19T08:00:00Z,21907.37000000,21915.88000000,21261.96000000,21443.36000000,103261.74264000
2022-08-19T16:00:00Z,21443.36000000,21660.73000000,20783.57000000,20834.39000000,87004.87336000
2022-08-20T00:00:00Z,20834.39000000,21370.00000000,20792.92000000,21307.25000000,63590.36969000
2022-08-20T08:00:00Z,21307.99000000,21382.85000000,21118.50000000,21299.44000000,48602.30923000
2022-08-20T16:00:00Z,21300.50000000,21360.00000000,20761.90000000,21140.07000000,70849.00471000
2022-08-21T00:00:00Z,21140.07000000,21330.55000000,21069.11000000,21251.38000000,43625.59330000
2022-08-21T08:00:00Z,21250.21000000,21587.74000000,21224.48000000,21420.20000000,59534.30174000
2022-08-21T16:00:00Z,21419.00000000,21800.00000000,21277.73000000,21515.61000000,56040.78906000
2022-08-22T00:00:00Z,21516.70000000,21530.03000000,21058.62000000,21097.72000000,59290.64311000
2022-08-22T08:00:00Z,21098.01000000,21444.72000000,20890.18000000,21400.47000000,101287.88633000
2022-08-22T16:00:00Z,21400.47000000,21548.71000000,20963.00000000,21399.83000000,61643.51582000
2022-08-23T00:00:00Z,21400.75000000,21468.51000000,20890.14000000,21305.34000000,59976.15662000
2022-08-23T08:00:00Z,21305.34000000,21684.87000000,21286.00000000,21474.67000000,89792.92499000
2022-08-23T16:00:00Z,21473.01000000,21654.91000000,21358.38000000,21529.12000000,51198.69003000
2022-08-24T00:00:00Z,21529.11000000,21555.84000000,21145.00000000,21317.85000000,59459.49399000
2022-08-24T08:00:00Z,21319.27000000,21645.65000000,21261.00000000,21618.45000000,62136.45788000
2022-08-24T16:00:00Z,21618.46000000,21900.00000000,21361.60000000,21368.08000000,52787.26859000
2022-08-25T00:00:00Z,21368.05000000,21762.00000000,21310.15000000,21743.29000000,53382.16567000
2022-08-25T08:00:00Z,21744.22000000,21819.88000000,21483.38000000,21565.12000000,71752.42897000
2022-08-25T16:00:00Z,21563.92000000,21685.00000000,21422.43000000,21559.04000000,44781.18837000
2022-08-26T00:00:00Z,21559.04000000,21614.89000000,21326.66000000,21452.90000000,48687.32451000
2022-08-26T08:00:00Z,21452.90000000,21886.77000000,20635.12000000,20781.08000000,143727.96807000
2022-08-26T16:00:00Z,20780.86000000,20832.23000000,20107.90000000,20241.05000000,81396.32697000
2022-08-27T00:00:00Z,20239.14000000,20402.93000000,19920.00000000,20272.25000000,60728.92415000
2022-08-27T08:00:00Z,20269.90000000,20279.61000000,19800.00000000,19977.36000000,54620.95137000
2022-08-27T16:00:00Z,19976.08000000,20103.57000000,19838.80000000,20037.60000000,47232.58480000
2022-08-28T00:00:00Z,20037.60000000,20171.18000000,19926.78000000,20056.62000000,34968.25023000
2022-08-28T08:00:00Z,20055.85000000,20107.52000000,19811.00000000,20022.03000000,47117.27445000
2022-08-28T16:00:00Z,20022.03000000,20155.62000000,19520.00000000,19555.61000000,57222.43508000
2022-08-29T00:00:00Z,19555.61000000,19966.56000000,19550.79000000,19897.01000000,62640.76515000
2022-08-29T08:00:00Z,19897.01000000,20384.25000000,19762.30000000,20262.28000000,86369.55856000
2022-08-29T16:00:00Z,20263.62000000,20433.62000000,20075.00000000,20285.73000000,61499.17174000
2022-08-30T00:00:00Z,20287.20000000,20576.25000000,20110.00000000,20434.16000000,68621.74982000
2022-08-30T08:00:00Z,20433.65000000,20511.30000000,19650.00000000,19756.24000000,94943.38817000
2022-08-30T16:00:00Z,19756.24000000,20099.81000000,19540.00000000,19811.66000000,93069.21730000
2022-08-31T00:00:00Z,19813.03000000,20490.00000000,19797.94000000,20258.09000000,83993.77057000
2022-08-31T08:00:00Z,20258.09000000,20423.38000000,19870.00000000,20140.63000000,115660.72054000
2022-08-31T16:00:00Z,20142.26000000,20328.46000000,19881.22000000,20050.02000000,77292.11654000
2022-09-01T00:00:00Z,20048.44000000,20208.37000000,19801.38000000,19895.66000000,71478.51730000
2022-09-01T08:00:00Z,19894.97000000,20126.23000000,19652.79000000,19782.59000000,99155.34140000
2022-09-01T16:00:00Z,19783.03000000,20180.00000000,19565.66000000,20131.46000000,74656.11393000
2022-09-02T00:00:00Z,20132.64000000,20298.00000000,19957.78000000,20111.24000000,59973.38396000
2022-09-02T08:00:00Z,20111.24000000,20441.26000000,19991.00000000,20355.85000000,98379.82732000
2022-09-02T16:00:00Z,20355.85000000,20387.30000000,19755.29000000,19951.86000000,87633.39202000
2022-09-03T00:00:00Z,19950.98000000,20055.93000000,19754.77000000,19815.63000000,49389.60677000
2022-09-03T08:00:00Z,19815.63000000,19904.68000000,19726.10000000,19772.95000000,51761.87549000
2022-09-03T16:00:00Z,19772.95000000,19850.00000000,19652.72000000,19831.90000000,45487.54978000
2022-09-04T00:00:00Z,19832.45000000,19861.94000000,19615.00000000,19632.40000000,35757.06317000
2022-09-04T08:00:00Z,19630.95000000,19940.00000000,19583.10000000,19789.90000000,58496.88398000
2022-09-04T16:00:00Z,19790.84000000,20029.23000000,19722.00000000,20000.30000000,51334.83178000
2022-09-05T00:00:00Z,20000.30000000,20057.27000000,19681.22000000,19750.00000000,73666.39434000
2022-09-05T08:00:00Z,19750.51000000,19950.70000000,19633.83000000,19854.59000000,80494.82260000
2022-09-05T16:00:00Z,19854.59000000,19912.40000000,19670.14000000,19796.84000000,68381.79363000
2022-09-06T00:00:00Z,19795.34000000,20180.00000000,19673.44000000,19905.79000000,113359.97716000
2022-09-06T08:00:00Z,19906.88000000,20030.82000000,19663.70000000,19818.37000000,112079.45978000
2022-09-06T16:00:00Z,19818.37000000,19855.00000000,18649.51000000,18790.61000000,130875.62024000
2022-09-07T00:00:00Z,18790.61000000,18873.17000000,18510.77000000,18800.43000000,91070.45700000
2022-09-07T08:00:00Z,18799.61000000,18968.58000000,18674.33000000,18871.35000000,90295.36746000
2022-09-07T16:00:00Z,18870.60000000,19464.06000000,18850.42000000,19292.84000000,106028.95434000
2022-09-08T00:00:00Z,19292.85000000,19391.22000000,19056.00000000,19171.66000000,75505.85912000
2022-09-08T08:00:00Z,19171.60000000,19397.71000000,19012.00000000,19250.81000000,111824.91659000
2022-09-08T16:00:00Z,19250.81000000,19458.25000000,19093.13000000,19319.77000000,75482.50702000
2022-09-09T00:00:00Z,19320.54000000,20800.00000000,19291.75000000,20631.76000000,130131.53636000
2022-09-09T08:00:00Z,20631.76000000,21337.72000000,20625.26000000,21266.79000000,167842.99511000
2022-09-09T16:00:00Z,21266.76000000,21597.22000000,21129.00000000,21360.11000000,130945.21505000
2022-09-10T00:00:00Z,21361.62000000,21672.24000000,21163.25000000,21283.87000000,105648.15064000
2022-09-10T08:00:00Z,21283.89000000,21393.99000000,21111.13000000,21219.36000000,95230.85223000
2022-09-10T16:00:00Z,21220.18000000,21810.80000000,21171.44000000,21648.34000000,107118.33217000
2022-09-11T00:00:00Z,21647.21000000,21682.60000000,21350.00000000,21611.49000000,81076.72200000
2022-09-11T08:00:00Z,21610.82000000,21753.75000000,21455.00000000,21643.16000000,96186.58409000
2022-09-11T16:00:00Z,21642.07000000,21860.00000000,21456.67000000,21826.87000000,103439.24540000
2022-09-12T00:00:00Z,21826.87000000,22374.00000000,21538.51000000,22193.64000000,149594.35178000
2022-09-12T08:00:00Z,22195.78000000,22488.00000000,21970.43000000,22114.50000000,148306.53517000
2022-09-12T16:00:00Z,22112.59000000,22480.71000000,22010.96000000,22395.74000000,97494.73133000
2022-09-13T00:00:00Z,22395.44000000,22627.00000000,22054.07000000,22273.09000000,117191.03635000
2022-09-13T08:00:00Z,22271.59000000,22799.00000000,20751.00000000,20829.77000000,192636.41286000
2022-09-13T16:00:00Z,20829.77000000,20927.73000000,19860.00000000,20173.57000000,122087.58412000
2022-09-14T00:00:00Z,20173.62000000,20541.48000000,20042.15000000,20243.89000000,95126.45917000
2022-09-14T08:00:00Z,20243.22000000,20419.83000000,20070.00000000,20178.79000000,133716.10900000
2022-09-14T16:00:00Z,20178.16000000,20393.37000000,19617.62000000,20226.71000000,111983.83334000
2022-09-15T00:00:00Z,20227.17000000,20330.24000000,19920.00000000,20204.23000000,117296.36009000
2022-09-15T08:00:00Z,20204.23000000,20225.00000000,19497.00000000,19737.36000000,129393.75074000
2022-09-15T16:00:00Z,19737.36000000,19947.56000000,19578.00000000,19701.88000000,86379.64993000
2022-09-16T00:00:00Z,19701.88000000,19859.99000000,19582.05000000,19739.10000000,72498.49541000
2022-09-16T08:00:00Z,19739.10000000,19890.00000000,19442.76000000,19661.24000000,112482.31180000
2022-09-16T16:00:00Z,19661.24000000,19819.22000000,19320.01000000,19803.30000000,98810.26343000
2022-09-17T00:00:00Z,19803.30000000,20071.09000000,19770.00000000,19842.09000000,60737.94001000
2022-09-17T08:00:00Z,19842.22000000,20037.99000000,19748.08000000,19963.34000000,58836.76350000
2022-09-17T16:00:00Z,19963.34000000,20189.00000000,19935.08000000,20113.62000000,59775.53987000
2022-09-18T00:00:00Z,20112.61000000,20117.26000000,19949.95000000,20053.17000000,51463.54122000
2022-09-18T08:00:00Z,20052.57000000,20102.16000000,19725.00000000,19814.63000000,89692.25630000
2022-09-18T16:00:00Z,19814.63000000,19879.44000000,19335.62000000,19416.18000000,113061.67152000
2022-09-19T00:00:00Z,19417.45000000,19518.17000000,18232.56000000,18468.74000000,126303.52189000
2022-09-19T08:00:00Z,18468.74000000,19433.48000000,18367.88000000,19080.49000000,149974.86851000
2022-09-19T16:00:00Z,19081.24000000,19686.20000000,18877.00000000,19537.02000000,104234.01266000
2022-09-20T00:00:00Z,19537.02000000,19634.62000000,19174.74000000,19357.93000000,85803.99084000
2022-09-20T08:00:00Z,19358.87000000,19424.29000000,18777.00000000,19238.10000000,125849.43449000
2022-09-20T16:00:00Z,19238.09000000,19319.28000000,18711.87000000,18875.00000000,112444.90327000
2022-09-21T00:00:00Z,18874.31000000,19135.57000000,18791.20000000,18947.82000000,71394.46973000
2022-09-21T08:00:00Z,18946.80000000,19477.77000000,18823.53000000,19191.17000000,112290.23752000
2022-09-21T16:00:00Z,19191.81000000,19956.00000000,18125.98000000,18461.36000000,201349.39296000
2022-09-22T00:00:00Z,18461.36000000,18969.87000000,18356.39000000,18934.29000000,113839.37223000
2022-09-22T08:00:00Z,18934.29000000,19317.66000000,18794.06000000,18986.89000000,145858.41307000
2022-09-22T16:00:00Z,18985.96000000,19550.17000000,18780.01000000,19401.63000000,119623.93581000
2022-09-23T00:00:00Z,19401.63000000,19500.00000000,19200.00000000,19223.27000000,91841.42731000
2022-09-23T08:00:00Z,19223.27000000,19273.52000000,18531.42000000,18711.86000000,153315.97621000
2022-09-23T16:00:00Z,18712.08000000,19406.73000000,18572.55000000,19289.91000000,140729.51477000
2022-09-24T00:00:00Z,19288.57000000,19316.14000000,18925.94000000,18997.14000000,88643.01629000
2022-09-24T08:00:00Z,18996.63000000,19225.92000000,18940.23000000,19124.14000000,79029.51341000
2022-09-24T16:00:00Z,19124.14000000,19195.00000000,18805.34000000,18920.50000000,71824.03776000
2022-09-25T00:00:00Z,18921.99000000,19132.21000000,18913.43000000,19098.09000000,54589.69079000
2022-09-25T08:00:00Z,19098.09000000,19180.21000000,18841.91000000,18988.74000000,62168.38474000
2022-09-25T16:00:00Z,18988.74000000,19123.27000000,18629.20000000,18807.38000000,74433.37367000
2022-09-26T00:00:00Z,18809.13000000,18948.11000000,18680.72000000,18911.18000000,127414.14201000
2022-09-26T08:00:00Z,18911.18000000,19318.96000000,18803.13000000,19113.48000000,193647.92560000
2022-09-26T16:00:00Z,19113.48000000,19269.69000000,18967.59000000,19227.82000000,118177.15182000
2022-09-27T00:00:00Z,19226.68000000,20350.00000000,19187.63000000,20183.74000000,189745.53135000
2022-09-27T08:00:00Z,20183.74000000,20385.86000000,19865.00000000,19887.73000000,195092.25168000
2022-09-27T16:00:00Z,19887.78000000,19954.49000000,18816.32000000,19079.13000000,208422.95858000
2022-09-28T00:00:00Z,19078.10000000,19238.28000000,18471.28000000,18781.48000000,160982.69611000
2022-09-28T08:00:00Z,18782.49000000,19500.00000000,18565.00000000,19487.79000000,208805.19696000
2022-09-28T16:00:00Z,19487.79000000,19790.00000000,19256.07000000,19412.82000000,151597.56240000
2022-09-29T00:00:00Z,19412.82000000,19629.00000000,19267.00000000,19359.71000000,127535.24699000
2022-09-29T08:00:00Z,19360.40000000,19550.00000000,18843.01000000,19288.85000000,158864.26376000
2022-09-29T16:00:00Z,19288.78000000,19645.52000000,19117.50000000,19591.51000000,120025.42181000
2022-09-30T00:00:00Z,19590.54000000,19700.00000000,19311.99000000,19571.35000000,112055.55767000
2022-09-30T08:00:00Z,19570.74000000,20185.00000000,19155.36000000,19756.01000000,200700.27764000
2022-09-30T16:00:00Z,19756.02000000,19873.50000000,19240.44000000,19422.61000000,131567.11809000
2022-10-01T00:00:00Z,19422.61000000,19484.00000000,19258.53000000,19309.84000000,59885.20839000
2022-10-01T08:00:00Z,19309.84000000,19400.02000000,19159.42000000,19330.95000000,58167.30769000
2022-10-01T16:00:00Z,19332.42000000,19353.81000000,19200.00000000,19310.95000000,47572.62351000
2022-10-02T00:00:00Z,19312.24000000,19395.91000000,19227.73000000,19285.26000000,53496.36781000
2022-10-02T08:00:00Z,19284.93000000,19300.55000000,19036.00000000,19143.94000000,69193.54215000
2022-10-02T16:00:00Z,19143.97000000,19341.58000000,18920.35000000,19056.80000000,84122.56036000
2022-10-03T00:00:00Z,19057.74000000,19315.00000000,18959.68000000,19197.73000000,95163.20790000
2022-10-03T08:00:00Z,19197.73000000,19498.00000000,19122.67000000,19335.92000000,106217.57392000
2022-10-03T16:00:00Z,19336.75000000,19719.10000000,19310.00000000,19629.08000000,92204.97030000
2022-10-04T00:00:00Z,19629.08000000,19975.43000000,19490.60000000,19968.01000000,84445.05844000
2022-10-04T08:00:00Z,19967.69000000,20270.00000000,19808.00000000,20099.70000000,133198.42265000
2022-10-04T16:00:00Z,20099.71000000,20475.00000000,19872.02000000,20337.82000000,109368.52018000
2022-10-05T00:00:00Z,20337.82000000,20365.60000000,20074.91000000,20226.58000000,71679.81118000
2022-10-05T08:00:00Z,20227.20000000,20245.58000000,19730.00000000,20001.70000000,129390.85152000
2022-10-05T16:00:00Z,20001.70000000,20350.00000000,19950.05000000,20158.26000000,111169.08954000
2022-10-06T00:00:00Z,20158.26000000,20456.60000000,20140.38000000,20218.43000000,109990.15947000
2022-10-06T08:00:00Z,20218.43000000,20324.94000000,19874.81000000,20010.00000000,129774.91046000
2022-10-06T16:00:00Z,20010.00000000,20256.00000000,19853.00000000,19960.67000000,80357.10027000
2022-10-07T00:00:00Z,19960.67000000,20054.41000000,19810.00000000,19928.00000000,48352.58966000
2022-10-07T08:00:00Z,19928.00000000,20068.82000000,19474.71000000,19577.65000000,107463.91494000
2022-10-07T16:00:00Z,19577.34000000,19645.00000000,19320.00000000,19530.09000000,65058.33453000
2022-10-08T00:00:00Z,19530.09000000,19627.38000000,19415.60000000,19499.94000000,33408.46759000
2022-10-08T08:00:00Z,19500.64000000,19548.00000000,19415.00000000,19487.88000000,33008.41452000
2022-10-08T16:00:00Z,19487.88000000,19535.91000000,19237.14000000,19417.96000000,36063.21631000
2022-10-09T00:00:00Z,19416.52000000,19455.00000000,19316.04000000,19407.96000000,31874.89576000
2022-10-09T08:00:00Z,19407.96000000,19558.00000000,19373.49000000,19535.77000000,39448.29335000
2022-10-09T16:00:00Z,19535.77000000,19555.89000000,19353.00000000,19439.02000000,42577.63770000
2022-10-10T00:00:00Z,19439.96000000,19525.00000000,19368.08000000,19412.25000000,45570.20057000
2022-10-10T08:00:00Z,19412.25000000,19441.99000000,19107.00000000,19269.02000000,93932.33981000
2022-10-10T16:00:00Z,19269.02000000,19358.76000000,19020.25000000,19131.87000000,73006.55811000
2022-10-11T00:00:00Z,19131.87000000,19133.52000000,18950.01000000,19084.10000000,65340.64109000
2022-10-11T08:00:00Z,19082.28000000,19268.09000000,18860.00000000,19147.60000000,88391.23879000
2022-10-11T16:00:00Z,19147.60000000,19185.52000000,18918.01000000,19060.00000000,89741.96298000
2022-10-12T00:00:00Z,19060.00000000,19203.14000000,19024.65000000,19112.41000000,60432.44361000
2022-10-12T08:00:00Z,19111.50000000,19201.82000000,18965.88000000,19137.32000000,91766.73586000
2022-10-12T16:00:00Z,19137.36000000,19238.31000000,19041.74000000,19155.53000000,61627.08784000
2022-10-13T00:00:00Z,19155.10000000,19175.13000000,18950.00000000,19005.29000000,65077.88755000
2022-10-13T08:00:00Z,19005.29000000,19049.99000000,18190.00000000,18958.59000000,205375.12923000
2022-10-13T16:00:00Z,18958.59000000,19513.79000000,18895.08000000,19375.13000000,129303.66659000
2022-10-14T00:00:00Z,19375.58000000,19951.87000000,19338.07000000,19642.35000000,120062.47401000
2022-10-14T08:00:00Z,19642.20000000,19854.48000000,19301.00000000,19358.59000000,153862.93540000
2022-10-14T16:00:00Z,19358.59000000,19403.60000000,19070.37000000,19176.93000000,77708.91660000
2022-10-15T00:00:00Z,19176.93000000,19227.68000000,19133.16000000,19169.79000000,34094.26525000
2022-10-15T08:00:00Z,19170.43000000,19199.00000000,19037.39000000,19127.95000000,44270.01279000
2022-10-15T16:00:00Z,19127.95000000,19163.39000000,18975.18000000,19069.39000000,35483.36428000
2022-10-16T00:00:00Z,19068.40000000,19170.82000000,19063.74000000,19134.31000000,30746.36849000
2022-10-16T08:00:00Z,19134.31000000,19195.00000000,19087.37000000,19158.49000000,38081.33571000
2022-10-16T16:00:00Z,19158.49000000,19425.84000000,19101.00000000,19262.98000000,63066.91465000
2022-10-17T00:00:00Z,19262.98000000,19318.28000000,19152.03000000,19295.58000000,49602.84613000
2022-10-17T08:00:00Z,19295.58000000,19676.96000000,19244.03000000,19535.19000000,110474.35523000
2022-10-17T16:00:00Z,19535.19000000,19626.91000000,19441.87000000,19549.86000000,62736.67498000
2022-10-18T00:00:00Z,19548.48000000,19706.66000000,19480.00000000,19664.92000000,67234.18659000
2022-10-18T08:00:00Z,19665.95000000,19680.49000000,19280.11000000,19375.01000000,108401.22491000
2022-10-18T16:00:00Z,19375.71000000,19442.00000000,19091.00000000,19327.44000000,84677.66698000
2022-10-19T00:00:00Z,19327.44000000,19360.16000000,19146.80000000,19218.11000000,55676.43070000
2022-10-19T08:00:00Z,19218.59000000,19301.69000000,19065.97000000,19266.43000000,79217.62958000
2022-10-19T16:00:00Z,19267.94000000,19279.31000000,19084.23000000,19123.97000000,51243.23510000
2022-10-20T00:00:00Z,19123.35000000,19210.00000000,18900.00000000,19145.94000000,61481.89162000
2022-10-20T08:00:00Z,19145.10000000,19347.82000000,19105.99000000,19253.30000000,82269.17891000
2022-10-20T16:00:00Z,19253.88000000,19256.55000000,18929.38000000,19041.92000000,79779.06015000
2022-10-21T00:00:00Z,19041.92000000,19131.39000000,18991.69000000,19027.86000000,50371.26105000
2022-10-21T08:00:00Z,19028.68000000,19174.16000000,18650.00000000,19168.25000000,143741.57197000
2022-10-21T16:00:00Z,19168.44000000,19250.00000000,19089.00000000,19164.37000000,75197.92467000
2022-10-22T00:00:00Z,19164.37000000,19183.39000000,19112.72000000,19163.58000000,32004.17823000
2022-10-22T08:00:00Z,19163.58000000,19257.00000000,19140.00000000,19235.65000000,44152.04019000
2022-10-22T16:00:00Z,19234.80000000,19248.85000000,19134.00000000,19204.35000000,34247.68995000
2022-10-23T00:00:00Z,19204.29000000,19221.71000000,19148.01000000,19162.37000000,31554.35369000
2022-10-23T08:00:00Z,19162.16000000,19213.14000000,19070.11000000,19190.14000000,37595.39043000
2022-10-23T16:00:00Z,19190.14000000,19695.00000000,19169.18000000,19570.40000000,97907.45772000
2022-10-24T00:00:00Z,19570.40000000,19601.15000000,19250.59000000,19322.40000000,91347.70251000
2022-10-24T08:00:00Z,19322.40000000,19450.90000000,19157.00000000,19301.96000000,109821.23009000
2022-10-24T16:00:00Z,19301.96000000,19425.05000000,19223.00000000,19329.72000000,54999.21207000
2022-10-25T00:00:00Z,19330.60000000,19377.10000000,19250.00000000,19306.75000000,44578.20366000
2022-10-25T08:00:00Z,19306.34000000,19811.00000000,19237.00000000,19748.48000000,111714.78341000
2022-10-25T16:00:00Z,19748.48000000,20415.87000000,19718.00000000,20080.07000000,170077.68354000
2022-10-26T00:00:00Z,20079.02000000,20382.56000000,20050.41000000,20344.76000000,93711.98966000
2022-10-26T08:00:00Z,20344.05000000,21020.00000000,20281.79000000,20846.66000000,183154.91766000
2022-10-26T16:00:00Z,20846.66000000,20997.13000000,20639.98000000,20771.59000000,103625.78844000
2022-10-27T00:00:00Z,20771.61000000,20872.21000000,20581.49000000,20710.02000000,81039.34963000
2022-10-27T08:00:00Z,20711.12000000,20780.00000000,20430.00000000,20563.09000000,143239.50008000
2022-10-27T16:00:00Z,20564.08000000,20679.51000000,20200.00000000,20295.11000000,104364.72820000
2022-10-28T00:00:00Z,20295.11000000,20337.80000000,20060.00000000,20080.01000000,80710.18585000
2022-10-28T08:00:00Z,20080.01000000,20588.88000000,20000.09000000,20484.59000000,130369.67995000
2022-10-28T16:00:00Z,20483.96000000,20750.00000000,20450.50000000,20591.84000000,75960.07989000
2022-10-29T00:00:00Z,20591.84000000,20823.81000000,20554.01000000,20772.27000000,61534.09154000
2022-10-29T08:00:00Z,20772.27000000,21085.00000000,20650.21000000,20923.33000000,119913.77261000
2022-10-29T16:00:00Z,20922.25000000,20982.86000000,20704.12000000,20809.67000000,73433.91340000
2022-10-30T00:00:00Z,20809.68000000,20931.21000000,20701.15000000,20850.85000000,56734.49033000
2022-10-30T08:00:00Z,20850.84000000,20887.34000000,20589.18000000,20676.70000000,76836.12977000
2022-10-30T16:00:00Z,20676.72000000,20739.00000000,20515.00000000,20627.48000000,59224.98876000
2022-10-31T00:00:00Z,20627.48000000,20675.00000000,20427.23000000,20546.65000000,68309.72538000
2022-10-31T08:00:00Z,20547.08000000,20845.92000000,20237.95000000,20401.53000000,148483.50311000
2022-10-31T16:00:00Z,20402.60000000,20533.00000000,20328.68000000,20490.74000000,86774.38779000
2022-11-01T00:00:00Z,20490.74000000,20662.80000000,20440.64000000,20599.51000000,84227.55685000
2022-11-01T08:00:00Z,20598.74000000,20700.00000000,20330.74000000,20444.00000000,127094.36931000
2022-11-01T16:00:00Z,20444.00000000,20517.77000000,20372.85000000,20483.62000000,68610.51155000
2022-11-02T00:00:00Z,20482.81000000,20563.36000000,20356.75000000,20421.64000000,75943.45884000
2022-11-02T08:00:00Z,20421.64000000,20539.90000000,20339.99000000,20409.03000000,92516.17876000
2022-11-02T16:00:00Z,20409.03000000,20800.00000000,20048.04000000,20151.84000000,205256.63539000
2022-11-03T00:00:00Z,20151.84000000,20393.32000000,20120.00000000,20303.09000000,84922.10577000
2022-11-03T08:00:00Z,20302.35000000,20339.86000000,20031.24000000,20248.62000000,150346.58852000
2022-11-03T16:00:00Z,20249.18000000,20315.80000000,20157.86000000,20207.82000000,83916.46011000
2022-11-04T00:00:00Z,20207.12000000,20688.00000000,20180.96000000,20611.56000000,111773.27406000
2022-11-04T08:00:00Z,20611.56000000,21302.05000000,20350.00000000,20838.70000000,208561.36848000
2022-11-04T16:00:00Z,20837.54000000,21209.16000000,20669.57000000,21148.52000000,133359.74911000
2022-11-05T00:00:00Z,21148.52000000,21480.65000000,21080.65000000,21384.42000000,96486.72628000
2022-11-05T08:00:00Z,21384.92000000,21427.34000000,21210.98000000,21299.22000000,89998.27283000
2022-11-05T16:00:00Z,21299.22000000,21380.00000000,21233.33000000,21299.37000000,59136.98614000
2022-11-06T00:00:00Z,21299.37000000,21365.27000000,21143.27000000,21194.49000000,65619.69408000
2022-11-06T08:00:00Z,21193.88000000,21310.00000000,21173.03000000,21241.10000000,74830.06368000
2022-11-06T16:00:00Z,21241.85000000,21282.19000000,20886.13000000,20905.58000000,89587.21441000
2022-11-07T00:00:00Z,20905.58000000,21069.77000000,20612.67000000,20635.74000000,127532.86309000
2022-11-07T08:00:00Z,20635.10000000,20811.92000000,20571.52000000,20764.95000000,145631.16527000
2022-11-07T16:00:00Z,20764.95000000,20892.04000000,20384.89000000,20591.13000000,113813.57501000
2022-11-08T00:00:00Z,20590.67000000,20673.38000000,19344.00000000,19796.90000000,224756.10351000
2022-11-08T08:00:00Z,19796.90000000,19801.39000000,19229.00000000,19520.97000000,158495.25191000
2022-11-08T16:00:00Z,19522.00000000,20700.88000000,17166.83000000,18547.23000000,377454.00736300
2022-11-09T00:00:00Z,18545.38000000,18587.76000000,18000.00000000,18240.72000000,165294.13290000
2022-11-09T08:00:00Z,18239.34000000,18256.85000000,16918.83000000,17116.08000000,307471.16086400
2022-11-09T16:00:00Z,17119.61000000,17333.33000000,15588.00000000,15922.81000000,259161.63596500
2022-11-10T00:00:00Z,15922.68000000,16920.00000000,15754.26000000,16752.10000000,201447.10788000
2022-11-10T08:00:00Z,16752.36000000,17960.04000000,16258.74000000,17554.06000000,250228.69323000
2022-11-10T16:00:00Z,17556.12000000,18199.00000000,17120.94000000,17601.15000000,156772.56321000
2022-11-11T00:00:00Z,17602.45000000,17695.00000000,16888.76000000,17404.08000000,136140.97608000
2022-11-11T08:00:00Z,17404.09000000,17544.90000000,16361.60000000,16871.27000000,157770.72298000
2022-11-11T16:00:00Z,16871.27000000,17148.96000000,16543.95000000,17070.31000000,99641.16586000
2022-11-12T00:00:00Z,17069.98000000,17119.10000000,16631.39000000,16822.02000000,74839.16419000
2022-11-12T08:00:00Z,16822.02000000,16996.35000000,16727.13000000,16935.74000000,59036.51071000
2022-11-12T16:00:00Z,16935.74000000,16964.37000000,16760.00000000,16812.08000000,33944.28545000
2022-11-13T00:00:00Z,16813.16000000,16954.28000000,16562.82000000,16774.99000000,50701.87067000
2022-11-13T08:00:00Z,16774.99000000,16795.92000000,16435.23000000,16580.79000000,72969.95105000
2022-11-13T16:00:00Z,16579.49000000,16621.23000000,16229.00000000,16329.85000000,61288.96674000
2022-11-14T00:00:00Z,16331.78000000,16889.97000000,15815.21000000,16824.78000000,140963.99252000
2022-11-14T08:00:00Z,16822.96000000,17190.00000000,16425.67000000,16595.84000000,144957.40723000
2022-11-14T16:00:00Z,16593.77000000,16765.00000000,16181.00000000,16619.46000000,94289.37775000
2022-11-15T00:00:00Z,16617.72000000,16946.32000000,16527.72000000,16844.63000000,79764.45946000
2022-11-15T08:00:00Z,16845.34000000,17134.69000000,16708.31000000,16987.03000000,111654.22602000
2022-11-15T16:00:00Z,16988.07000000,17071.43000000,16614.61000000,16900.57000000,91043.15843000
2022-11-16T00:00:00Z,16900.57000000,17015.92000000,16765.64000000,16824.69000000,75976.75556000
2022-11-16T08:00:00Z,16824.69000000,16850.27000000,16378.61000000,16431.70000000,120992.17607000
2022-11-16T16:00:00Z,16431.70000000,16773.09000000,16401.00000000,16662.76000000,64524.47646000
2022-11-17T00:00:00Z,16661.61000000,16751.00000000,16410.74000000,16611.90000000,71048.27908000
2022-11-17T08:00:00Z,16611.90000000,16717.49000000,16430.00000000,16536.71000000,90448.59125000
2022-11-17T16:00:00Z,16534.61000000,16749.00000000,16517.36000000,16692.56000000,66542.10840000
2022-11-18T00:00:00Z,16692.56000000,17011.00000000,16682.06000000,16745.10000000,76999.96034000
2022-11-18T08:00:00Z,16745.84000000,16854.33000000,16608.80000000,16696.86000000,79049.57734000
2022-11-18T16:00:00Z,16695.06000000,16732.85000000,16546.04000000,16700.45000000,58174.64416000
2022-11-19T00:00:00Z,16699.43000000,16708.77000000,16553.53000000,16599.31000000,36663.65683000
2022-11-19T08:00:00Z,16598.98000000,16686.86000000,16580.00000000,16655.65000000,33522.20386000
2022-11-19T16:00:00Z,16655.65000000,16822.41000000,16608.35000000,16700.68000000,34777.29489000
2022-11-20T00:00:00Z,16700.68000000,16753.33000000,16666.47000000,16722.90000000,29032.66204000
2022-11-20T08:00:00Z,16722.20000000,16736.41000000,16461.00000000,16580.53000000,65292.51051000
2022-11-20T16:00:00Z,16580.53000000,16613.35000000,16180.00000000,16280.23000000,60516.96223000
2022-11-21T00:00:00Z,16279.50000000,16319.00000000,15897.15000000,16039.73000000,113378.81892000
2022-11-21T08:00:00Z,16040.73000000,16284.00000000,15964.00000000,16130.45000000,86798.35497000
2022-11-21T16:00:00Z,16130.45000000,16139.19000000,15476.00000000,15781.29000000,123919.82386300
2022-11-22T00:00:00Z,15781.29000000,15967.76000000,15616.63000000,15760.42000000,72136.09527000
2022-11-22T08:00:00Z,15760.42000000,16315.00000000,15660.00000000,16241.30000000,104307.48733000
2022-11-22T16:00:00Z,16241.30000000,16290.27000000,16049.87000000,16226.94000000,63104.48363000
2022-11-23T00:00:00Z,16227.96000000,16662.10000000,16160.20000000,16583.84000000,90654.91414000
2022-11-23T08:00:00Z,16583.84000000,16677.25000000,16342.98000000,16427.11000000,92393.11438000
2022-11-23T16:00:00Z,16427.09000000,16706.00000000,16320.02000000,16603.11000000,81879.67556000
2022-11-24T00:00:00Z,16603.11000000,16812.63000000,16533.65000000,16623.90000000,78818.42465000
2022-11-24T08:00:00Z,16622.38000000,16642.18000000,16458.05000000,16558.11000000,74073.08771000
2022-11-24T16:00:00Z,16559.01000000,16676.00000000,16517.99000000,16598.95000000,53674.41110000
2022-11-25T00:00:00Z,16599.55000000,16622.64000000,16342.81000000,16461.66000000,63541.26696000
2022-11-25T08:00:00Z,16462.22000000,16591.43000000,16407.72000000,16513.00000000,70582.46621000
2022-11-25T16:00:00Z,16513.00000000,16666.00000000,16458.46000000,16522.14000000,47965.76216000
2022-11-26T00:00:00Z,16521.35000000,16701.99000000,16509.60000000,16583.75000000,70373.22902000
2022-11-26T08:00:00Z,16584.13000000,16680.57000000,16483.25000000,16512.86000000,64366.98161000
2022-11-26T16:00:00Z,16512.35000000,16549.66000000,16385.00000000,16458.57000000,47064.60603000
2022-11-27T00:00:00Z,16457.61000000,16600.00000000,16446.59000000,16562.98000000,61300.29136000
2022-11-27T08:00:00Z,16562.98000000,16593.91000000,16513.00000000,16574.28000000,51981.26570000
2022-11-27T16:00:00Z,16573.76000000,16597.36000000,16401.00000000,16428.78000000,48743.91901000
2022-11-28T00:00:00Z,16428.77000000,16487.04000000,16051.90000000,16222.06000000,94081.28585000
2022-11-28T08:00:00Z,16224.14000000,16310.43000000,16120.38000000,16146.26000000,78324.71758000
2022-11-28T16:00:00Z,16146.26000000,16399.69000000,15995.27000000,16212.91000000,80289.40024000
2022-11-29T00:00:00Z,16212.18000000,16541.59000000,16100.00000000,16463.31000000,87468.95231000
2022-11-29T08:00:00Z,16463.95000000,16548.71000000,16328.84000000,16393.48000000,102728.30954000
2022-11-29T16:00:00Z,16394.34000000,16526.91000000,16342.59000000,16442.53000000,57908.98824000
2022-11-30T00:00:00Z,16442.91000000,17162.20000000,16428.30000000,16884.18000000,109582.13773000
2022-11-30T08:00:00Z,16883.87000000,16930.66000000,16766.68000000,16865.64000000,78269.02214000
2022-11-30T16:00:00Z,16865.64000000,17249.00000000,16705.00000000,17163.64000000,115168.64732000
2022-12-01T00:00:00Z,17165.53000000,17236.29000000,17059.58000000,17070.21000000,67385.79335000
2022-12-01T08:00:00Z,17070.21000000,17324.00000000,16895.02000000,16977.67000000,106618.14610000
2022-12-01T16:00:00Z,16977.60000000,17000.00000000,16855.01000000,16977.37000000,58814.24273000
2022-12-02T00:00:00Z,16978.00000000,17048.99000000,16857.89000000,16955.82000000,63347.76793000
2022-12-02T08:00:00Z,16955.42000000,17105.73000000,16787.85000000,16938.94000000,89266.73776000
2022-12-02T16:00:00Z,16938.94000000,17099.00000000,16902.10000000,17092.74000000,49757.70051000
2022-12-03T00:00:00Z,17092.13000000,17188.98000000,16925.55000000,16964.51000000,53953.41824000
2022-12-03T08:00:00Z,16964.51000000,16987.00000000,16880.88000000,16961.49000000,55161.53798000
2022-12-03T16:00:00Z,16961.04000000,16983.65000000,16858.74000000,16885.20000000,45427.61684000
2022-12-04T00:00:00Z,16885.20000000,17068.00000000,16878.25000000,16996.39000000,57839.74158000
2022-12-04T08:00:00Z,16996.39000000,17067.45000000,16905.01000000,17029.88000000,60186.28399000
2022-12-04T16:00:00Z,17029.88000000,17202.84000000,16972.36000000,17105.70000000,60593.10830000
2022-12-05T00:00:00Z,17106.65000000,17424.25000000,17076.85000000,17313.93000000,93694.20107000
2022-12-05T08:00:00Z,17313.34000000,17386.00000000,17015.32000000,17083.92000000,73084.94061000
2022-12-05T16:00:00Z,17083.92000000,17129.72000000,16867.00000000,16966.35000000,66924.15057000
2022-12-06T00:00:00Z,16966.35000000,17102.97000000,16955.13000000,17001.17000000,60908.31197000
2022-12-06T08:00:00Z,17001.17000000,17041.96000000,16906.37000000,16985.27000000,86262.93003000
2022-12-06T16:00:00Z,16985.27000000,17107.01000000,16912.24000000,17088.96000000,71559.52683000
2022-12-07T00:00:00Z,17088.96000000,17142.21000000,16729.35000000,16763.03000000,81403.17810000
2022-12-07T08:00:00Z,16763.03000000,16897.38000000,16678.83000000,16837.48000000,86237.02070000
2022-12-07T16:00:00Z,16837.48000000,16865.81000000,16778.21000000,16836.64000000,53017.21454000
2022-12-08T00:00:00Z,16836.64000000,16890.01000000,16777.00000000,16825.55000000,65212.26345000
2022-12-08T08:00:00Z,16825.55000000,16957.79000000,16733.49000000,16917.40000000,77146.15802000
2022-12-08T16:00:00Z,16917.39000000,17299.00000000,16909.46000000,17224.10000000,94059.55657000
2022-12-09T00:00:00Z,17224.10000000,17300.00000000,17186.50000000,17211.93000000,67950.46040000
2022-12-09T08:00:00Z,17211.65000000,17360.00000000,17058.21000000,17181.50000000,108964.79541000
2022-12-09T16:00:00Z,17181.50000000,17187.51000000,17067.10000000,17128.56000000,61506.80884000
2022-12-10T00:00:00Z,17128.56000000,17178.00000000,17116.40000000,17154.06000000,44754.76823000
2022-12-10T08:00:00Z,17154.06000000,17225.12000000,17112.52000000,17207.70000000,52638.75716000
2022-12-10T16:00:00Z,17207.69000000,17227.72000000,17092.00000000,17127.49000000,43180.45398000
2022-12-11T00:00:00Z,17127.49000000,17200.00000000,17121.92000000,17180.88000000,45456.97118000
2022-12-11T08:00:00Z,17180.88000000,17187.67000000,17127.96000000,17153.52000000,47671.37923000
2022-12-11T16:00:00Z,17153.52000000,17270.99000000,17071.00000000,17085.05000000,62158.12830000
2022-12-12T00:00:00Z,17085.05000000,17087.67000000,16871.85000000,16923.94000000,89674.68661000
2022-12-12T08:00:00Z,16923.61000000,17054.79000000,16903.49000000,17010.81000000,77459.75973000
2022-12-12T16:00:00Z,17010.19000000,17241.89000000,16981.03000000,17209.83000000,59093.05060000
2022-12-13T00:00:00Z,17208.93000000,17238.70000000,17080.14000000,17165.17000000,69661.85703000
2022-12-13T08:00:00Z,17164.82000000,18000.00000000,17155.00000000,17752.94000000,146613.66442000
2022-12-13T16:00:00Z,17753.54000000,17840.00000000,17618.38000000,17774.70000000,68187.39245000
2022-12-14T00:00:00Z,17775.82000000,17845.00000000,17734.19000000,17806.01000000,48463.18372000
2022-12-14T08:00:00Z,17805.54000000,18116.00000000,17785.00000000,18061.83000000,86625.47537000
2022-12-14T16:00:00Z,18061.83000000,18387.95000000,17660.94000000,17803.15000000,131592.56300000
2022-12-15T00:00:00Z,17804.01000000,17854.82000000,17561.00000000,17691.45000000,52250.27891000
2022-12-15T08:00:00Z,17690.84000000,17726.00000000,17374.89000000,17429.05000000,93546.65517000
2022-12-15T16:00:00Z,17428.43000000,17474.38000000,17275.51000000,17356.34000000,77905.03474000
2022-12-16T00:00:00Z,17356.96000000,17531.73000000,17345.15000000,17503.35000000,42407.87558000
2022-12-16T08:00:00Z,17503.36000000,17519.64000000,16890.46000000,16972.34000000,108406.47368000
2022-12-16T16:00:00Z,16972.33000000,16979.02000000,16527.32000000,16632.12000000,102564.69190000
2022-12-17T00:00:00Z,16631.50000000,16772.00000000,16579.85000000,16745.54000000,67278.93675000
2022-12-17T08:00:00Z,16746.15000000,16757.42000000,16642.00000000,16700.26000000,47806.04719000
2022-12-17T16:00:00Z,16700.78000000,16796.82000000,16647.15000000,16776.52000000,29740.68290000
2022-12-18T00:00:00Z,16777.54000000,16804.70000000,16702.23000000,16750.83000000,34085.67368000
2022-12-18T08:00:00Z,16750.83000000,16767.58000000,16663.07000000,16683.84000000,40499.77094000
2022-12-18T16:00:00Z,16683.83000000,16863.26000000,16676.15000000,16738.21000000,38033.87184000
2022-12-19T00:00:00Z,16739.00000000,16815.99000000,16627.35000000,16722.23000000,49363.21890000
2022-12-19T08:00:00Z,16722.23000000,16784.00000000,16665.03000000,16669.08000000,51379.89537000
2022-12-19T16:00:00Z,16668.23000000,16702.83000000,16256.30000000,16438.88000000,78351.16878000
2022-12-20T00:00:00Z,16438.88000000,16880.58000000,16397.20000000,16802.83000000,100721.28445000
2022-12-20T08:00:00Z,16802.23000000,17061.27000000,16710.12000000,16918.83000000,84167.36463000
2022-12-20T16:00:00Z,16918.15000000,16936.32000000,16767.00000000,16895.56000000,63920.27416000
2022-12-21T00:00:00Z,16896.15000000,16925.00000000,16767.53000000,16816.18000000,48139.37694000
2022-12-21T08:00:00Z,16816.18000000,16914.72000000,16723.00000000,16861.13000000,60277.06948000
2022-12-21T16:00:00Z,16860.51000000,16866.40000000,16728.09000000,16824.67000000,48394.51720000
2022-12-22T00:00:00Z,16824.68000000,16860.77000000,16783.43000000,16826.87000000,39314.11300000
2022-12-22T08:00:00Z,16826.23000000,16868.52000000,16610.92000000,16636.54000000,68415.32858000
2022-12-22T16:00:00Z,16636.54000000,16852.79000000,16559.85000000,16821.43000000,68314.83077000
2022-12-23T00:00:00Z,16821.90000000,16893.90000000,16770.00000000,16848.01000000,43597.70872000
2022-12-23T08:00:00Z,16848.45000000,16955.14000000,16731.13000000,16832.16000000,73941.55806000
2022-12-23T16:00:00Z,16832.15000000,16860.07000000,16765.67000000,16778.50000000,44072.74269000
2022-12-24T00:00:00Z,16778.52000000,16857.37000000,16776.62000000,16848.26000000,35345.28614000
2022-12-24T08:00:00Z,16848.26000000,16859.44000000,16815.09000000,16836.35000000,31183.09325000
2022-12-24T16:00:00Z,16835.93000000,16869.99000000,16808.15000000,16836.12000000,33695.91157000
2022-12-25T00:00:00Z,16835.73000000,16852.95000000,16802.00000000,16821.97000000,33212.79630000
2022-12-25T08:00:00Z,16821.97000000,16857.96000000,16721.00000000,16793.09000000,48540.88326000
2022-12-25T16:00:00Z,16793.49000000,16846.00000000,16727.00000000,16832.11000000,43687.39246000
2022-12-26T00:00:00Z,16832.11000000,16924.00000000,16820.75000000,16843.65000000,40885.19138000
2022-12-26T08:00:00Z,16843.76000000,16873.15000000,16791.00000000,16809.51000000,42268.19622000
2022-12-26T16:00:00Z,16809.51000000,16944.52000000,16798.38000000,16919.39000000,41410.61896000
2022-12-27T00:00:00Z,16919.39000000,16972.83000000,16839.00000000,16869.19000000,48534.47837000
2022-12-27T08:00:00Z,16869.68000000,16882.03000000,16733.21000000,16799.78000000,64843.46533000
2022-12-27T16:00:00Z,16799.92000000,16804.98000000,16592.37000000,16706.36000000,60371.64246000
2022-12-28T00:00:00Z,16706.06000000,16755.20000000,16559.79000000,16647.16000000,63124.56349000
2022-12-28T08:00:00Z,16647.16000000,16785.19000000,16569.94000000,16578.52000000,67227.22201000
2022-12-28T16:00:00Z,16578.02000000,16668.00000000,16465.33000000,16547.31000000,62685.78027000
2022-12-29T00:00:00Z,16547.32000000,16594.00000000,16488.91000000,16556.37000000,44767.64151000
2022-12-29T08:00:00Z,16556.37000000,16664.41000000,16517.54000000,16616.60000000,62508.09523000
2022-12-29T16:00:00Z,16616.60000000,16654.54000000,16555.57000000,16633.47000000,53722.73484000
2022-12-30T00:00:00Z,16633.47000000,16648.77000000,16429.00000000,16474.93000000,49803.51551000
2022-12-30T08:00:00Z,16475.10000000,16580.70000000,16333.00000000,16555.26000000,65195.85673000
2022-12-30T16:00:00Z,16555.26000000,16677.35000000,16515.45000000,16607.48000000,49916.93950000
2022-12-31T00:00:00Z,16607.48000000,16616.37000000,16531.00000000,16565.09000000,31464.99726000
2022-12-31T08:00:00Z,16564.81000000,16644.09000000,16540.01000000,16590.10000000,48617.06952000
2022-12-31T16:00:00Z,16590.10000000,16613.30000000,16470.00000000,16542.40000000,34408.36186000
2023-01-01T00:00:00Z,16541.77000000,16559.77000000,16499.01000000,16526.19000000,32048.06442000
2023-01-01T08:00:00Z,16525.70000000,16572.94000000,16505.20000000,16558.73000000,30962.05797000
2023-01-01T16:00:00Z,16558.73000000,16628.00000000,16558.00000000,16616.75000000,33915.29135000
2023-01-02T00:00:00Z,16617.17000000,16769.51000000,16548.70000000,16721.28000000,45490.35688000
2023-01-02T08:00:00Z,16721.27000000,16772.01000000,16669.15000000,16734.66000000,45015.15610000
2023-01-02T16:00:00Z,16734.66000000,16799.23000000,16660.51000000,16672.87000000,31383.05893000
2023-01-03T00:00:00Z,16672.78000000,16778.40000000,16647.81000000,16729.74000000,41617.79929000
2023-01-03T08:00:00Z,16730.15000000,16773.00000000,16617.79000000,16676.94000000,67707.94758000
2023-01-03T16:00:00Z,16677.54000000,16695.00000000,16605.28000000,16675.18000000,50215.79046000
2023-01-04T00:00:00Z,16675.65000000,16910.98000000,16652.66000000,16869.44000000,72174.82564000
2023-01-04T08:00:00Z,16869.49000000,16919.00000000,16765.30000000,16854.05000000,71163.69957000
2023-01-04T16:00:00Z,16853.55000000,16991.87000000,16777.00000000,16850.36000000,77023.66341000
2023-01-05T00:00:00Z,16850.36000000,16878.18000000,16789.87000000,16823.64000000,42977.32556000
2023-01-05T08:00:00Z,16823.05000000,16879.82000000,16753.00000000,16842.94000000,68259.45553000
2023-01-05T16:00:00Z,16842.94000000,16875.50000000,16800.50000000,16831.85000000,52236.78532000
2023-01-06T00:00:00Z,16831.85000000,16872.57000000,16779.96000000,16794.06000000,47656.08285000
2023-01-06T08:00:00Z,16794.33000000,16849.00000000,16679.00000000,16840.82000000,82561.47269000
2023-01-06T16:00:00Z,16840.10000000,17041.00000000,16805.04000000,16950.65000000,77183.72861000
2023-01-07T00:00:00Z,16950.31000000,16981.91000000,16922.14000000,16948.09000000,33423.43615000
2023-01-07T08:00:00Z,16948.18000000,16954.95000000,16908.00000000,16940.42000000,39586.81741000
2023-01-07T16:00:00Z,16940.60000000,16951.92000000,16916.00000000,16943.57000000,31516.31524000
2023-01-08T00:00:00Z,16943.83000000,16957.12000000,16911.00000000,16953.77000000,32963.40740000
2023-01-08T08:00:00Z,16953.77000000,17019.79000000,16920.37000000,17000.43000000,43520.94860000
2023-01-08T16:00:00Z,17000.43000000,17176.99000000,16916.10000000,17127.83000000,58671.54095000
2023-01-09T00:00:00Z,17127.83000000,17262.56000000,17104.66000000,17198.48000000,84345.51299000
2023-01-09T08:00:00Z,17198.01000000,17335.35000000,17186.95000000,17268.49000000,88982.22890000
2023-01-09T16:00:00Z,17268.49000000,17398.80000000,17128.00000000,17178.26000000,92883.78534000
2023-01-10T00:00:00Z,17179.04000000,17235.00000000,17146.34000000,17203.20000000,56935.74215000
2023-01-10T08:00:00Z,17203.20000000,17375.00000000,17187.73000000,17327.70000000,88606.37231000
2023-01-10T16:00:00Z,17327.70000000,17499.00000000,17282.00000000,17440.66000000,75840.31135000
2023-01-11T00:00:00Z,17440.64000000,17510.00000000,17366.58000000,17446.65000000,61673.37560000
2023-01-11T08:00:00Z,17447.02000000,17472.15000000,17315.60000000,17332.43000000,79048.76030000
2023-01-11T16:00:00Z,17331.90000000,18000.00000000,17320.42000000,17943.26000000,121499.47063000
2023-01-12T00:00:00Z,17943.26000000,18385.71000000,17907.25000000,18138.22000000,119750.71610000
2023-01-12T08:00:00Z,18138.21000000,18380.47000000,17892.05000000,18086.62000000,164960.59236000
2023-01-12T16:00:00Z,18087.28000000,19117.04000000,18054.61000000,18846.62000000,169857.01332000
2023-01-13T00:00:00Z,18846.62000000,18887.00000000,18714.12000000,18824.25000000,75365.64828000
2023-01-13T08:00:00Z,18825.00000000,19310.91000000,18810.01000000,19261.19000000,138597.65863000
2023-01-13T16:00:00Z,19261.19000000,20000.00000000,19060.15000000,19930.01000000,154652.57132000
2023-01-14T00:00:00Z,19930.01000000,21258.00000000,19888.05000000,20897.36000000,177582.87335000
2023-01-14T08:00:00Z,20897.36000000,21200.00000000,20225.06000000,20786.74000000,150527.59158000
2023-01-14T16:00:00Z,20785.85000000,21072.27000000,20660.00000000,20954.92000000,65803.28458000
2023-01-15T00:00:00Z,20952.76000000,21001.84000000,20551.01000000,20735.69000000,58312.86690000
2023-01-15T08:00:00Z,20735.69000000,20994.05000000,20573.13000000,20908.28000000,61154.56620000
2023-01-15T16:00:00Z,20906.97000000,21050.74000000,20665.00000000,20871.50000000,59074.79239000
2023-01-16T00:00:00Z,20872.99000000,21439.59000000,20770.20000000,21109.23000000,98628.41589000
2023-01-16T08:00:00Z,21109.40000000,21113.22000000,20611.48000000,20994.17000000,99469.04462000
2023-01-16T16:00:00Z,20995.37000000,21474.05000000,20916.43000000,21185.65000000,94980.62211000
2023-01-17T00:00:00Z,21185.65000000,21299.04000000,20841.31000000,21133.65000000,71175.26357000
2023-01-17T08:00:00Z,21133.65000000,21647.45000000,21030.00000000,21176.06000000,119871.41854000
2023-01-17T16:00:00Z,21176.06000000,21413.15000000,21084.00000000,21134.81000000,84361.06198000
2023-01-18T00:00:00Z,21132.29000000,21377.44000000,21103.15000000,21307.94000000,66998.62627000
2023-01-18T08:00:00Z,21307.94000000,21650.00000000,20842.00000000,21042.73000000,130764.22179000
2023-01-18T16:00:00Z,21042.73000000,21136.80000000,20407.15000000,20677.47000000,153153.17143000
2023-01-19T00:00:00Z,20677.47000000,20874.81000000,20659.19000000,20818.95000000,66116.14015000
2023-01-19T08:00:00Z,20818.94000000,20960.23000000,20660.80000000,20876.44000000,96854.20056000
2023-01-19T16:00:00Z,20876.44000000,21192.00000000,20791.13000000,21071.59000000,88415.50854000
2023-01-20T00:00:00Z,21071.59000000,21219.60000000,20861.28000000,20959.44000000,75616.76072000
2023-01-20T08:00:00Z,20958.43000000,21247.55000000,20898.79000000,21144.77000000,97011.43604000
2023-01-20T16:00:00Z,21145.05000000,22755.93000000,21140.99000000,22667.21000000,165450.93983000
2023-01-21T00:00:00Z,22666.00000000,22792.86000000,22422.00000000,22638.36000000,77694.12683000
2023-01-21T08:00:00Z,22638.36000000,23335.77000000,22595.23000000,22998.90000000,162868.26346000
2023-01-21T16:00:00Z,22998.90000000,23371.80000000,22680.73000000,22783.55000000,105883.09403000
2023-01-22T00:00:00Z,22783.35000000,22979.88000000,22602.55000000,22895.20000000,72862.35227000
2023-01-22T08:00:00Z,22895.49000000,23078.71000000,22645.59000000,22794.51000000,81010.51986000
2023-01-22T16:00:00Z,22794.63000000,22959.71000000,22292.37000000,22707.88000000,99704.88073000
2023-01-23T00:00:00Z,22706.02000000,22826.46000000,22600.14000000,22695.90000000,69334.26304000
2023-01-23T08:00:00Z,22696.61000000,23115.00000000,22500.00000000,22853.14000000,118633.80333000
2023-01-23T16:00:00Z,22855.44000000,23180.00000000,22654.00000000,22916.45000000,105620.31301000
2023-01-24T00:00:00Z,22917.81000000,23162.20000000,22864.67000000,23054.08000000,75882.76804000
2023-01-24T08:00:00Z,23054.70000000,23090.25000000,22711.00000000,22931.36000000,110776.14504000
2023-01-24T16:00:00Z,22931.36000000,23080.45000000,22462.93000000,22632.89000000,106499.86946000
2023-01-25T00:00:00Z,22631.94000000,22772.00000000,22300.00000000,22712.45000000,86194.33741000
2023-01-25T08:00:00Z,22711.85000000,22745.00000000,22335.00000000,22577.86000000,109514.36521000
2023-01-25T16:00:00Z,22578.79000000,23816.73000000,22510.00000000,23060.94000000,150334.12961000
2023-01-26T00:00:00Z,23060.42000000,23282.47000000,22897.17000000,22966.73000000,94452.16420000
2023-01-26T08:00:00Z,22965.81000000,23250.00000000,22850.01000000,22958.02000000,120514.48016000
2023-01-26T16:00:00Z,22955.16000000,23195.00000000,22853.81000000,23009.65000000,73957.79145000
2023-01-27T00:00:00Z,23009.65000000,23100.00000000,22534.88000000,23072.77000000,84907.74482000
2023-01-27T08:00:00Z,23072.29000000,23148.00000000,22841.19000000,22933.96000000,96365.39435000
2023-01-27T16:00:00Z,22932.20000000,23500.00000000,22924.01000000,23074.16000000,99560.72398000
2023-01-28T00:00:00Z,23074.16000000,23189.00000000,22951.01000000,22991.51000000,49043.43870000
2023-01-28T08:00:00Z,22991.86000000,23044.12000000,22878.46000000,23012.54000000,59126.70182000
2023-01-28T16:00:00Z,23012.02000000,23052.82000000,22942.00000000,23022.60000000,39945.57033000
2023-01-29T00:00:00Z,23021.40000000,23492.00000000,22967.76000000,23203.86000000,77568.92423000
2023-01-29T08:00:00Z,23203.39000000,23666.00000000,23153.64000000,23525.09000000,110463.23971000
2023-01-29T16:00:00Z,23525.09000000,23960.54000000,23472.00000000,23742.30000000,107656.62810000
2023-01-30T00:00:00Z,23743.37000000,23800.51000000,23567.10000000,23642.81000000,68250.21917000
2023-01-30T08:00:00Z,23642.81000000,23676.98000000,22962.68000000,23178.51000000,130933.27575000
2023-01-30T16:00:00Z,23178.51000000,23248.86000000,22500.00000000,22826.15000000,103222.40629000
2023-01-31T00:00:00Z,22827.38000000,22989.48000000,22714.77000000,22978.24000000,70597.68289000
2023-01-31T08:00:00Z,22978.24000000,23206.84000000,22810.03000000,23121.80000000,100045.14067000
2023-01-31T16:00:00Z,23121.80000000,23320.00000000,22812.69000000,23125.13000000,94006.52553000
2023-02-01T00:00:00Z,23125.13000000,23184.29000000,22997.10000000,23076.68000000,68223.42608000
2023-02-01T08:00:00Z,23076.67000000,23144.85000000,22919.33000000,22979.73000000,91065.02063000
2023-02-01T16:00:00Z,22979.73000000,23812.66000000,22760.23000000,23732.66000000,151501.97600000
2023-02-02T00:00:00Z,23731.41000000,24255.00000000,23658.20000000,23781.12000000,98200.78948000
2023-02-02T08:00:00Z,23780.65000000,23945.68000000,23525.00000000,23839.50000000,117827.34093000
2023-02-02T16:00:00Z,23839.50000000,24144.62000000,23363.27000000,23488.94000000,148149.07710000
2023-02-03T00:00:00Z,23489.33000000,23590.11000000,23411.47000000,23456.23000000,76597.81033000
2023-02-03T08:00:00Z,23456.22000000,23710.80000000,23227.16000000,23603.36000000,150122.09008000
2023-02-03T16:00:00Z,23604.62000000,23715.70000000,23204.62000000,23431.90000000,105851.12863000
2023-02-04T00:00:00Z,23431.90000000,23465.15000000,23253.96000000,23329.18000000,50039.83104000
2023-02-04T08:00:00Z,23329.18000000,23587.78000000,23292.19000000,23421.45000000,64994.37886000
2023-02-04T16:00:00Z,23421.45000000,23472.50000000,23259.62000000,23326.84000000,51092.26305000
2023-02-05T00:00:00Z,23327.66000000,23433.33000000,23230.00000000,23377.40000000,47525.54352000
2023-02-05T08:00:00Z,23377.03000000,23419.74000000,23000.01000000,23096.16000000,75679.92378000
2023-02-05T16:00:00Z,23096.92000000,23157.75000000,22743.00000000,22932.91000000,86045.87187000
2023-02-06T00:00:00Z,22932.91000000,23094.92000000,22628.13000000,22879.69000000,68788.89628000
2023-02-06T08:00:00Z,22880.91000000,23054.66000000,22735.46000000,23041.39000000,98704.92476000
2023-02-06T16:00:00Z,23042.86000000,23158.25000000,22638.00000000,22762.52000000,97877.78586000
2023-02-07T00:00:00Z,22762.52000000,22986.71000000,22745.78000000,22910.91000000,69996.71867000
2023-02-07T08:00:00Z,22910.91000000,23064.56000000,22862.85000000,22904.89000000,96712.34357000
2023-02-07T16:00:00Z,22904.89000000,23350.25000000,22769.05000000,23240.46000000,141297.66258000
2023-02-08T00:00:00Z,23242.42000000,23452.00000000,23183.17000000,23232.68000000,71709.15908000
2023-02-08T08:00:00Z,23233.23000000,23239.44000000,22857.00000000,22872.28000000,99601.23144000
2023-02-08T16:00:00Z,22871.28000000,23042.95000000,22665.85000000,22963.00000000,108745.91665000
2023-02-09T00:00:00Z,22961.85000000,23011.39000000,22353.71000000,22676.41000000,120229.76896000
2023-02-09T08:00:00Z,22676.41000000,22831.41000000,22556.32000000,22610.94000000,116045.73491000
2023-02-09T16:00:00Z,22610.94000000,22623.41000000,21688.00000000,21796.35000000,166619.19163000
2023-02-10T00:00:00Z,21797.83000000,21938.16000000,21622.40000000,21911.71000000,101152.80150000
2023-02-10T08:00:00Z,21910.61000000,21926.91000000,21520.00000000,21654.09000000,133164.59538000
2023-02-10T16:00:00Z,21652.75000000,21799.00000000,21451.00000000,21625.19000000,104274.54559000
2023-02-11T00:00:00Z,21625.19000000,21725.95000000,21599.78000000,21692.63000000,59520.59042000
2023-02-11T08:00:00Z,21692.63000000,21777.54000000,21658.01000000,21735.78000000,60011.51938000
2023-02-11T16:00:00Z,21735.78000000,21906.32000000,21618.23000000,21862.55000000,57489.47453000
2023-02-12T00:00:00Z,21862.02000000,21890.16000000,21761.04000000,21798.42000000,50479.11603000
2023-02-12T08:00:00Z,21798.42000000,21995.60000000,21756.04000000,21945.30000000,74222.89444000
2023-02-12T16:00:00Z,21944.14000000,22090.00000000,21630.00000000,21783.54000000,79733.64116000
2023-02-13T00:00:00Z,21782.37000000,21894.99000000,21622.47000000,21867.69000000,74936.27433000
2023-02-13T08:00:00Z,21867.74000000,21874.97000000,21433.00000000,21563.02000000,122698.77445000
2023-02-13T16:00:00Z,21561.84000000,21845.79000000,21351.07000000,21773.97000000,98095.71913000
2023-02-14T00:00:00Z,21774.63000000,21816.62000000,21677.47000000,21768.48000000,62964.33949000
2023-02-14T08:00:00Z,21767.56000000,22319.08000000,21532.77000000,22041.45000000,181788.01720000
2023-02-14T16:00:00Z,22040.52000000,22285.00000000,21917.31000000,22199.84000000,117206.04440000
2023-02-15T00:00:00Z,22199.84000000,22200.88000000,22047.28000000,22109.89000000,68650.70934000
2023-02-15T08:00:00Z,22109.89000000,22916.98000000,22089.11000000,22809.46000000,150042.44215000
2023-02-15T16:00:00Z,22809.46000000,24380.00000000,22745.03000000,24324.05000000,156976.00962000
2023-02-16T00:00:00Z,24322.87000000,24905.00000000,24278.58000000,24612.95000000,106901.36845000
2023-02-16T08:00:00Z,24611.51000000,25091.00000000,24283.35000000,25072.67000000,141279.34551000
2023-02-16T16:00:00Z,25072.67000000,25250.00000000,23505.25000000,23517.72000000,201899.96970000
2023-02-17T00:00:00Z,23517.72000000,23914.58000000,23339.37000000,23637.04000000,113017.17585000
2023-02-17T08:00:00Z,23635.84000000,24280.00000000,23532.69000000,24130.50000000,176669.55665000
2023-02-17T16:00:00Z,24130.50000000,25021.11000000,23917.65000000,24569.97000000,207126.48126000
2023-02-18T00:00:00Z,24568.24000000,24787.50000000,24430.00000000,24519.01000000,69341.40734000
2023-02-18T08:00:00Z,24519.01000000,24734.32000000,24436.46000000,24668.26000000,78958.23357000
2023-02-18T16:00:00Z,24667.02000000,24877.00000000,24514.03000000,24631.95000000,68617.61122000
2023-02-19T00:00:00Z,24632.05000000,24850.00000000,24563.23000000,24582.62000000,62832.69132000
2023-02-19T08:00:00Z,24582.62000000,25046.00000000,24560.47000000,24922.21000000,89871.03683000
2023-02-19T16:00:00Z,24922.21000000,25192.00000000,24192.57000000,24271.76000000,147692.26727000
2023-02-20T00:00:00Z,24272.51000000,24555.00000000,23840.83000000,24503.65000000,101398.07380000
2023-02-20T08:00:00Z,24503.65000000,25121.23000000,24373.33000000,24942.87000000,160610.61657000
2023-02-20T16:00:00Z,24942.87000000,24957.32000000,24622.00000000,24842.20000000,84929.87960000
2023-02-21T00:00:00Z,24843.89000000,25093.23000000,24781.50000000,24999.95000000,85356.93326000
2023-02-21T08:00:00Z,24999.77000000,25250.00000000,24408.00000000,24558.09000000,165782.58698000
2023-02-21T16:00:00Z,24556.81000000,24745.78000000,24148.34000000,24452.16000000,124861.30844000
2023-02-22T00:00:00Z,24450.67000000,24476.05000000,23855.55000000,24060.95000000,120212.34854000
2023-02-22T08:00:00Z,24059.73000000,24235.37000000,23627.08000000,23713.61000000,144665.03182000
2023-02-22T16:00:00Z,23714.94000000,24218.92000000,23574.69000000,24182.21000000,114548.37329000
2023-02-23T00:00:00Z,24182.21000000,24599.59000000,24124.33000000,24376.27000000,98921.02168000
2023-02-23T08:00:00Z,24377.12000000,24494.28000000,23608.00000000,23950.92000000,187888.86446000
2023-02-23T16:00:00Z,23951.83000000,24069.87000000,23725.10000000,23940.20000000,111590.56823000
2023-02-24T00:00:00Z,23940.20000000,24132.35000000,23766.60000000,23830.32000000,75050.38255000
2023-02-24T08:00:00Z,23831.22000000,24027.44000000,23322.01000000,23351.31000000,126658.70264000
2023-02-24T16:00:00Z,23349.25000000,23353.10000000,22841.19000000,23185.29000000,141873.48934000
2023-02-25T00:00:00Z,23184.04000000,23219.13000000,23023.23000000,23117.16000000,51519.20260000
2023-02-25T08:00:00Z,23117.10000000,23158.16000000,22858.35000000,23006.18000000,68869.81106000
2023-02-25T16:00:00Z,23006.18000000,23185.99000000,22722.00000000,23157.07000000,70922.79644000
2023-02-26T00:00:00Z,23157.07000000,23250.00000000,23059.18000000,23154.57000000,48135.62079000
2023-02-26T08:00:00Z,23154.57000000,23331.26000000,23112.35000000,23247.23000000,63424.44360000
2023-02-26T16:00:00Z,23247.96000000,23689.99000000,23137.00000000,23554.85000000,90763.67184000
2023-02-27T00:00:00Z,23554.85000000,23644.65000000,23346.16000000,23423.31000000,61076.46125000
2023-02-27T08:00:00Z,23423.88000000,23897.99000000,23332.65000000,23559.40000000,112111.88087000
2023-02-27T16:00:00Z,23557.66000000,23618.30000000,23106.77000000,23492.09000000,110517.74378000
2023-02-28T00:00:00Z,23492.09000000,23549.99000000,23212.80000000,23236.68000000,55030.41152000
2023-02-28T08:00:00Z,23235.63000000,23579.12000000,23200.00000000,23518.30000000,101465.11252000
2023-02-28T16:00:00Z,23519.08000000,23600.00000000,23020.97000000,23141.57000000,107645.47490000
2023-03-01T00:00:00Z,23141.57000000,23847.00000000,23020.03000000,23716.06000000,96600.77505000
2023-03-01T08:00:00Z,23716.06000000,24000.00000000,23550.80000000,23711.09000000,117121.59641000
2023-03-01T16:00:00Z,23711.09000000,23746.24000000,23300.00000000,23628.97000000,101565.04591000
2023-03-02T00:00:00Z,23629.76000000,23796.93000000,23335.41000000,23391.87000000,66872.60419000
2023-03-02T08:00:00Z,23391.87000000,23468.50000000,23195.90000000,23361.11000000,95641.72766000
2023-03-02T16:00:00Z,23361.10000000,23567.52000000,23231.29000000,23465.32000000,76801.12034000
2023-03-03T00:00:00Z,23465.32000000,23476.95000000,21971.13000000,22360.78000000,144526.99130000
2023-03-03T08:00:00Z,22360.78000000,22498.99000000,22172.65000000,22336.33000000,97927.42278000
2023-03-03T16:00:00Z,22335.84000000,22448.25000000,22147.00000000,22354.34000000,77499.78377000
2023-03-04T00:00:00Z,22354.34000000,22410.00000000,22269.94000000,22359.09000000,37801.71246000
2023-03-04T08:00:00Z,22359.44000000,22398.00000000,22307.98000000,22317.87000000,34858.44465000
2023-03-04T16:00:00Z,22317.38000000,22359.00000000,22157.08000000,22346.57000000,48597.22421000
2023-03-05T00:00:00Z,22346.57000000,22662.09000000,22189.22000000,22375.70000000,67122.59455000
2023-03-05T08:00:00Z,22375.70000000,22494.96000000,22316.63000000,22436.18000000,42518.04613000
2023-03-05T16:00:00Z,22436.70000000,22560.00000000,22331.00000000,22430.24000000,45201.11718000
2023-03-06T00:00:00Z,22430.24000000,22508.00000000,22258.00000000,22392.74000000,59111.84430000
2023-03-06T08:00:00Z,22392.74000000,22602.19000000,22355.00000000,22553.42000000,72306.78579000
2023-03-06T16:00:00Z,22554.43000000,22586.98000000,22320.01000000,22410.00000000,72333.19948000
2023-03-07T00:00:00Z,22409.41000000,22557.91000000,22377.69000000,22419.71000000,49098.67678000
2023-03-07T08:00:00Z,22420.29000000,22489.88000000,21927.00000000,22320.90000000,132819.97492000
2023-03-07T16:00:00Z,22321.98000000,22394.08000000,21943.00000000,22197.96000000,110601.15742000
2023-03-08T00:00:00Z,22198.56000000,22287.00000000,21840.13000000,21971.03000000,77227.09412000
2023-03-08T08:00:00Z,21971.83000000,22229.04000000,21876.66000000,22140.80000000,122209.11994000
2023-03-08T16:00:00Z,22139.97000000,22218.30000000,21580.00000000,21705.44000000,102024.35866000
2023-03-09T00:00:00Z,21704.37000000,21806.68000000,21629.43000000,21688.54000000,63293.82211000
2023-03-09T08:00:00Z,21688.54000000,21834.99000000,21527.00000000,21648.57000000,124158.74891000
2023-03-09T16:00:00Z,21647.42000000,21675.22000000,20042.72000000,20362.22000000,256205.71482000
2023-03-10T00:00:00Z,20362.21000000,20367.78000000,19776.22000000,19953.58000000,195140.29147000
2023-03-10T08:00:00Z,19953.58000000,20321.19000000,19549.09000000,20004.96000000,249596.77421000
2023-03-10T16:00:00Z,20004.96000000,20307.73000000,19824.06000000,20150.69000000,173719.40142000
2023-03-11T00:00:00Z,20150.69000000,20686.51000000,19823.82000000,19850.81000000,174925.61948000
2023-03-11T08:00:00Z,19850.81000000,20208.36000000,19765.03000000,20061.98000000,131893.76653000
2023-03-11T16:00:00Z,20062.77000000,20529.91000000,19992.24000000,20455.73000000,121012.43532000
2023-03-12T00:00:00Z,20455.73000000,20502.46000000,20270.60000000,20346.71000000,87359.12925000
2023-03-12T08:00:00Z,20346.71000000,20497.34000000,20284.39000000,20358.96000000,89497.67603000
2023-03-12T16:00:00Z,20359.59000000,22150.00000000,20341.85000000,21997.11000000,254088.13760000
2023-03-13T00:00:00Z,21998.05000000,22600.00000000,21860.74000000,22458.72000000,179617.91522000
2023-03-13T08:00:00Z,22458.87000000,24500.00000000,21813.88000000,23981.72000000,328727.82997000
2023-03-13T16:00:00Z,23981.72000000,24393.83000000,23755.00000000,24113.48000000,179543.56740000
2023-03-14T00:00:00Z,24112.27000000,24820.00000000,23986.02000000,24247.64000000,149209.99271000
2023-03-14T08:00:00Z,24246.75000000,26386.87000000,24118.28000000,25894.67000000,301273.97696000
2023-03-14T16:00:00Z,25894.67000000,26001.81000000,23976.42000000,24670.41000000,248876.96456000
2023-03-15T00:00:00Z,24670.41000000,25074.24000000,24284.60000000,24871.28000000,124543.69971000
2023-03-15T08:00:00Z,24872.54000000,25196.97000000,24255.00000000,24471.01000000,265615.40172000
2023-03-15T16:00:00Z,24471.01000000,24633.02000000,23896.95000000,24285.66000000,191291.62841000
2023-03-16T00:00:00Z,24285.66000000,24685.00000000,24123.00000000,24614.27000000,110646.11088000
2023-03-16T08:00:00Z,24615.79000000,25066.32000000,24374.35000000,24888.44000000,199497.16153000
2023-03-16T16:00:00Z,24889.94000000,25167.40000000,24620.00000000,24998.78000000,129278.05757000
2023-03-17T00:00:00Z,24998.78000000,26196.40000000,24890.00000000,26058.45000000,175626.13988000
2023-03-17T08:00:00Z,26060.07000000,26970.00000000,25918.02000000,26421.34000000,251642.93426000
2023-03-17T16:00:00Z,26419.28000000,27756.84000000,26264.00000000,27395.13000000,197191.60677000
2023-03-18T00:00:00Z,27395.13000000,27724.85000000,27060.00000000,27359.89000000,124731.46998000
2023-03-18T08:00:00Z,27360.43000000,27637.20000000,27055.83000000,27226.23000000,116531.32880000
2023-03-18T16:00:00Z,27227.63000000,27489.94000000,26578.00000000,26907.49000000,129976.17296000
2023-03-19T00:00:00Z,26907.49000000,27291.40000000,26827.22000000,26974.81000000,72447.81460000
2023-03-19T08:00:00Z,26973.76000000,27750.00000000,26872.00000000,27546.62000000,113734.49526000
2023-03-19T16:00:00Z,27546.62000000,28390.10000000,27470.00000000,27972.87000000,185884.68068000
2023-03-20T00:00:00Z,27972.87000000,28268.00000000,27124.47000000,28183.13000000,152326.00069000
2023-03-20T08:00:00Z,28183.13000000,28472.00000000,27620.00000000,27694.46000000,194880.03263000
2023-03-20T16:00:00Z,27698.15000000,28186.71000000,27461.35000000,27717.01000000,130172.20041000
2023-03-21T00:00:00Z,27717.01000000,27968.00000000,27303.10000000,27505.25000000,117284.40368000
2023-03-21T08:00:00Z,27505.25000000,28244.87000000,27393.52000000,28041.06000000,182491.92715000
2023-03-21T16:00:00Z,28041.06000000,28438.55000000,27900.00000000,28105.47000000,121153.41137000
2023-03-22T00:00:00Z,28107.81000000,28288.00000000,27945.44000000,28103.69000000,59588.41426000
2023-03-22T08:00:00Z,28103.68000000,28736.00000000,28000.00000000,28595.07000000,51957.83352000
2023-03-22T16:00:00Z,28595.06000000,28868.05000000,26601.80000000,27250.97000000,112567.16518000
2023-03-23T00:00:00Z,27250.97000000,27700.00000000,27105.00000000,27631.93000000,28231.74563000
2023-03-23T08:00:00Z,27631.93000000,28750.00000000,27275.92000000,28580.87000000,52087.67523000
2023-03-23T16:00:00Z,28580.86000000,28647.05000000,27772.22000000,28295.41000000,48330.18732000
2023-03-24T00:00:00Z,28295.42000000,28374.30000000,28102.15000000,28274.59000000,17885.46433000
2023-03-24T08:00:00Z,28274.58000000,28295.72000000,27835.00000000,28018.04000000,28750.92476000
2023-03-24T16:00:00Z,28018.04000000,28059.63000000,27000.00000000,27454.47000000,39605.67635000
2023-03-25T00:00:00Z,27454.46000000,27658.20000000,27375.90000000,27485.36000000,14807.78569000
2023-03-25T08:00:00Z,27485.37000000,27787.33000000,27309.80000000,27647.43000000,17754.61620000
2023-03-25T16:00:00Z,27647.44000000,27730.00000000,27156.09000000,27462.95000000,18281.67913000
2023-03-26T00:00:00Z,27462.96000000,27650.00000000,27417.76000000,27504.94000000,9135.17339000
2023-03-26T08:00:00Z,27504.94000000,28194.40000000,27480.01000000,27803.89000000,25879.75029000
2023-03-26T16:00:00Z,27803.89000000,28143.00000000,27635.18000000,27968.05000000,14656.77985000
2023-03-27T00:00:00Z,27968.05000000,28023.86000000,27666.00000000,27808.81000000,15710.20228000
2023-03-27T08:00:00Z,27808.80000000,27996.28000000,26508.14000000,26903.62000000,46683.04210000
2023-03-27T16:00:00Z,26903.63000000,27313.42000000,26858.79000000,27124.91000000,25646.22460000
2023-03-28T00:00:00Z,27124.90000000,27176.05000000,26800.00000000,26962.88000000,20508.47539000
2023-03-28T08:00:00Z,26962.89000000,27210.00000000,26631.78000000,26998.63000000,31664.01967000
2023-03-28T16:00:00Z,26998.63000000,27520.00000000,26745.00000000,27261.07000000,26429.94835000
2023-03-29T00:00:00Z,27261.06000000,28164.48000000,27240.10000000,28086.82000000,29569.82274000
2023-03-29T08:00:00Z,28086.82000000,28650.00000000,28040.34000000,28442.79000000,39863.97573000
2023-03-29T16:00:00Z,28442.80000000,28500.00000000,28135.82000000,28348.60000000,20052.36161000
2023-03-30T00:00:00Z,28348.60000000,29184.68000000,28090.06000000,28725.01000000,40424.48212000
2023-03-30T08:00:00Z,28725.00000000,28748.76000000,28169.50000000,28300.33000000,27834.39651000
2023-03-30T16:00:00Z,28300.32000000,28301.01000000,27686.00000000,28028.53000000,30606.55393000
2023-03-31T00:00:00Z,28028.53000000,28375.00000000,27511.71000000,27738.48000000,27295.22397000
2023-03-31T08:00:00Z,27738.48000000,28656.69000000,27688.00000000,28494.99000000,34866.21978000
2023-03-31T16:00:00Z,28495.00000000,28632.94000000,28262.87000000,28465.36000000,16036.67764000
2023-04-01T00:00:00Z,28465.36000000,28819.71000000,28351.35000000,28424.99000000,13267.31982000
2023-04-01T08:00:00Z,28424.98000000,28485.11000000,28220.27000000,28400.07000000,9321.73885000
2023-04-01T16:00:00Z,28400.07000000,28577.00000000,28280.00000000,28452.73000000,7649.38886000
2023-04-02T00:00:00Z,28452.74000000,28530.00000000,28355.00000000,28416.38000000,6445.44031000
2023-04-02T08:00:00Z,28416.37000000,28450.90000000,28037.59000000,28124.81000000,13892.91021000
2023-04-02T16:00:00Z,28124.80000000,28229.90000000,27856.43000000,28171.87000000,17027.30640000
2023-04-03T00:00:00Z,28171.87000000,28182.17000000,27560.00000000,27958.74000000,18890.70475000
2023-04-03T08:00:00Z,27958.73000000,28500.99000000,27945.19000000,28051.48000000,29595.99396000
2023-04-03T16:00:00Z,28051.48000000,28238.53000000,27200.24000000,27800.00000000,30693.31534000
2023-04-04T00:00:00Z,27800.00000000,28145.00000000,27662.79000000,28021.30000000,14780.14327000
2023-04-04T08:00:00Z,28021.31000000,28444.44000000,27931.20000000,28030.04000000,23155.45562000
2023-04-04T16:00:00Z,28030.05000000,28305.00000000,27971.07000000,28165.47000000,11786.95802000
2023-04-05T00:00:00Z,28165.47000000,28775.00000000,28099.68000000,28525.21000000,20404.94191000
2023-04-05T08:00:00Z,28525.20000000,28750.00000000,27860.00000000,28031.09000000,25253.03140000
2023-04-05T16:00:00Z,28031.09000000,28308.04000000,27805.10000000,28170.01000000,15079.67401000
2023-04-06T00:00:00Z,28170.01000000,28182.05000000,27878.60000000,27910.97000000,11339.85169000
2023-04-06T08:00:00Z,27910.97000000,28181.05000000,27711.00000000,28090.39000000,19430.30385000
2023-04-06T16:00:00Z,28090.39000000,28165.88000000,27900.00000000,28033.82000000,9348.79409000
2023-04-07T00:00:00Z,28033.83000000,28100.00000000,27766.94000000,27839.78000000,8112.06650000
2023-04-07T08:00:00Z,27839.79000000,27984.75000000,27785.00000000,27944.10000000,11325.29235000
2023-04-07T16:00:00Z,27944.09000000,27980.74000000,27839.02000000,27906.33000000,5324.73502000
2023-04-08T00:00:00Z,27906.34000000,28154.99000000,27859.02000000,28086.22000000,7648.83653000
2023-04-08T08:00:00Z,28086.22000000,28114.94000000,27950.00000000,28014.70000000,5666.91209000
2023-04-08T16:00:00Z,28014.71000000,28020.00000000,27872.11000000,27938.38000000,6164.21873000
2023-04-09T00:00:00Z,27938.38000000,28083.45000000,27840.51000000,27903.02000000,8690.82732000
2023-04-09T08:00:00Z,27903.01000000,27973.39000000,27800.00000000,27891.91000000,7288.29834000
2023-04-09T16:00:00Z,27891.91000000,28530.00000000,27876.68000000,28323.76000000,16552.03535000
2023-04-10T00:00:00Z,28323.76000000,28425.43000000,28196.61000000,28284.57000000,10367.50729000
2023-04-10T08:00:00Z,28284.57000000,28575.04000000,28170.00000000,28439.38000000,15371.72453000
2023-04-10T16:00:00Z,28439.39000000,29770.00000000,28356.51000000,29637.34000000,42014.83038000
2023-04-11T00:00:00Z,29637.35000000,30430.00000000,29590.00000000,30106.89000000,31113.69941000
2023-04-11T08:00:00Z,30106.90000000,30280.00000000,29974.00000000,30194.22000000,18653.64902000
2023-04-11T16:00:00Z,30194.23000000,30550.00000000,29940.00000000,30200.42000000,18222.72778000
2023-04-12T00:00:00Z,30200.43000000,30350.07000000,29811.82000000,29987.00000000,17464.45600000
2023-04-12T08:00:00Z,29986.99000000,30486.00000000,29637.40000000,29964.02000000,31892.96338000
2023-04-12T16:00:00Z,29964.03000000,30091.01000000,29760.13000000,29888.07000000,12692.06513000
2023-04-13T00:00:00Z,29888.07000000,30200.00000000,29854.59000000,30068.60000000,10573.06245000
2023-04-13T08:00:00Z,30068.60000000,30595.00000000,30039.00000000,30441.43000000,25521.08604000
2023-04-13T16:00:00Z,30441.43000000,30535.76000000,30205.00000000,30373.84000000,15839.96882000
2023-04-14T00:00:00Z,30373.84000000,31000.00000000,30310.03000000,30733.72000000,30434.14667000
2023-04-14T08:00:00Z,30733.73000000,30850.00000000,30101.00000000,30237.89000000,27261.48049000
2023-04-14T16:00:00Z,30237.88000000,30522.07000000,29966.00000000,30466.93000000,18288.56736000
2023-04-15T00:00:00Z,30466.93000000,30595.60000000,30278.08000000,30433.30000000,9901.34356000
2023-04-15T08:00:00Z,30433.29000000,30470.00000000,30285.00000000,30325.27000000,7940.29532000
2023-04-15T16:00:00Z,30325.27000000,30360.19000000,30202.00000000,30295.09000000,7588.17359000
2023-04-16T00:00:00Z,30295.10000000,30399.40000000,30120.00000000,30344.97000000,6305.55476000
2023-04-16T08:00:00Z,30344.97000000,30362.00000000,30160.40000000,30332.98000000,8318.72236000
2023-04-16T16:00:00Z,30332.98000000,30549.99000000,30192.00000000,30304.65000000,11807.71610000
2023-04-17T00:00:00Z,30304.66000000,30316.06000000,29740.64000000,29838.30000000,18678.11195000
2023-04-17T08:00:00Z,29838.30000000,29922.50000000,29240.65000000,29358.31000000,25708.40147000
2023-04-17T16:00:00Z,29358.30000000,29580.17000000,29330.85000000,29430.27000000,12055.29785000
2023-04-18T00:00:00Z,29430.27000000,29803.00000000,29096.78000000,29775.62000000,15343.40681000
2023-04-18T08:00:00Z,29775.61000000,30485.00000000,29693.10000000,30184.86000000,30209.54975000
2023-04-18T16:00:00Z,30184.85000000,30450.00000000,29945.58000000,30380.01000000,16451.93778000
2023-04-19T00:00:00Z,30380.01000000,30413.53000000,29980.00000000,30077.76000000,12802.25424000
2023-04-19T08:00:00Z,30077.76000000,30077.76000000,29000.00000000,29260.44000000,45602.97213000
2023-04-19T16:00:00Z,29260.43000000,29370.00000000,28520.00000000,28797.10000000,28170.26019000
2023-04-20T00:00:00Z,28797.10000000,29088.30000000,28549.00000000,28869.66000000,18999.40560000
2023-04-20T08:00:00Z,28869.66000000,28978.69000000,28334.00000000,28506.69000000,27196.13764000
2023-04-20T16:00:00Z,28506.70000000,28658.81000000,28010.00000000,28243.65000000,30683.55048000
2023-04-21T00:00:00Z,28243.65000000,28374.02000000,27815.89000000,28155.03000000,22101.13862000
2023-04-21T08:00:00Z,28155.02000000,28308.45000000,27919.69000000,28040.70000000,23581.85840000
2023-04-21T16:00:00Z,28040.70000000,28090.54000000,27125.00000000,27262.84000000,32001.77088000
2023-04-22T00:00:00Z,27262.84000000,27397.63000000,27140.35000000,27277.76000000,9600.41159000
2023-04-22T08:00:00Z,27277.75000000,27562.17000000,27184.24000000,27488.93000000,11717.45917000
2023-04-22T16:00:00Z,27488.93000000,27882.72000000,27484.63000000,27816.85000000,14705.82610000
2023-04-23T00:00:00Z,27816.85000000,27816.85000000,27415.56000000,27718.90000000,10655.72858000
2023-04-23T08:00:00Z,27718.89000000,27777.00000000,27311.25000000,27474.47000000,11132.69169000
2023-04-23T16:00:00Z,27474.47000000,27689.83000000,27330.00000000,27590.60000000,13023.67554000
2023-04-24T00:00:00Z,27590.59000000,28000.00000000,27350.00000000,27451.97000000,14379.32650000
2023-04-24T08:00:00Z,27451.98000000,27720.57000000,27157.14000000,27267.05000000,21734.13729000
2023-04-24T16:00:00Z,27267.06000000,27579.80000000,26942.82000000,27510.93000000,16998.10495000
2023-04-25T00:00:00Z,27510.93000000,27590.28000000,27240.80000000,27266.54000000,10450.37982000
2023-04-25T08:00:00Z,27266.54000000,27482.71000000,27192.00000000,27345.00000000,15479.58091000
2023-04-25T16:00:00Z,27345.00000000,28399.99000000,27316.20000000,28300.79000000,26395.18564000
2023-04-26T00:00:00Z,28300.80000000,28599.00000000,28244.62000000,28376.18000000,18235.93113000
2023-04-26T08:00:00Z,28376.19000000,30036.00000000,28371.99000000,29820.03000000,50895.82816000
2023-04-26T16:00:00Z,29820.02000000,29900.00000000,27235.00000000,28415.29000000,60096.64474000
2023-04-27T00:00:00Z,28415.29000000,29480.50000000,28378.86000000,28893.83000000,34876.52046000
2023-04-27T08:00:00Z,28893.84000000,29555.00000000,28661.58000000,29149.73000000,29020.22073000
2023-04-27T16:00:00Z,29149.74000000,29890.00000000,29013.44000000,29472.77000000,31534.08312000
2023-04-28T00:00:00Z,29472.77000000,29599.54000000,29330.00000000,29488.83000000,16611.48361000
2023-04-28T08:00:00Z,29488.83000000,29495.34000000,28891.00000000,29146.89000000,25600.93087000
2023-04-28T16:00:00Z,29146.88000000,29437.81000000,29101.28000000,29311.70000000,12085.75130000
2023-04-29T00:00:00Z,29311.69000000,29448.88000000,29195.58000000,29345.54000000,7752.14048000
2023-04-29T08:00:00Z,29345.54000000,29393.39000000,29210.24000000,29271.21000000,6850.27017000
2023-04-29T16:00:00Z,29271.21000000,29309.05000000,29031.00000000,29230.45000000,5864.41993000
2023-04-30T00:00:00Z,29230.45000000,29295.96000000,29079.59000000,29266.43000000,4453.60249000
2023-04-30T08:00:00Z,29266.43000000,29969.39000000,29160.53000000,29655.18000000,15558.59172000
2023-04-30T16:00:00Z,29655.18000000,29870.22000000,29160.96000000,29233.21000000,19740.34299000
2023-05-01T00:00:00Z,29233.20000000,29337.34000000,28250.15000000,28629.09000000,24560.09340000
2023-05-01T08:00:00Z,28629.08000000,28670.10000000,28075.36000000,28170.64000000,16896.71408000
2023-05-01T16:00:00Z,28170.64000000,28410.95000000,27666.95000000,28068.26000000,22976.85210000
2023-05-02T00:00:00Z,28068.26000000,28164.55000000,27872.00000000,28057.47000000,9372.24134000
2023-05-02T08:00:00Z,28057.47000000,28767.08000000,27910.00000000,28540.68000000,25175.03088000
2023-05-02T16:00:00Z,28540.69000000,28879.88000000,28431.48000000,28669.86000000,16277.25018000
2023-05-03T00:00:00Z,28669.85000000,28689.35000000,28336.30000000,28653.80000000,11362.40799000
2023-05-03T08:00:00Z,28653.81000000,28767.93000000,28113.69000000,28311.51000000,19785.72630000
2023-05-03T16:00:00Z,28311.52000000,29266.66000000,28211.08000000,29026.16000000,33467.65784000
2023-05-04T00:00:00Z,29026.16000000,29237.73000000,28950.98000000,29058.19000000,11877.95186000
2023-05-04T08:00:00Z,29058.20000000,29379.83000000,28663.64000000,28866.19000000,20723.70439000
2023-05-04T16:00:00Z,28866.20000000,28972.92000000,28673.59000000,28838.16000000,9973.81876000
2023-05-05T00:00:00Z,28838.16000000,29531.00000000,28819.77000000,29062.29000000,18970.24390000
2023-05-05T08:00:00Z,29062.29000000,29439.99000000,28800.00000000,29356.45000000,21979.39029000
2023-05-05T16:00:00Z,29356.44000000,29677.00000000,29315.78000000,29505.61000000,17466.19629000
2023-05-06T00:00:00Z,29505.60000000,29820.00000000,29250.65000000,29363.35000000,12561.87663000
2023-05-06T08:00:00Z,29363.34000000,29367.20000000,28300.00000000,28576.61000000,25143.04525000
2023-05-06T16:00:00Z,28576.62000000,28964.68000000,28535.26000000,28848.20000000,11544.36271000
2023-05-07T00:00:00Z,28848.19000000,29138.29000000,28744.08000000,28910.41000000,9791.05530000
2023-05-07T08:00:00Z,28910.42000000,29095.88000000,28705.12000000,28942.67000000,9562.55818000
2023-05-07T16:00:00Z,28942.66000000,29029.11000000,28395.23000000,28430.10000000,10649.79680000
2023-05-08T00:00:00Z,28430.09000000,28631.01000000,27830.85000000,27975.48000000,23249.16974000
2023-05-08T08:00:00Z,27975.47000000,28082.14000000,27577.01000000,27887.58000000,23802.18561000
2023-05-08T16:00:00Z,27887.58000000,27930.21000000,27262.00000000,27668.79000000,21193.00644000
2023-05-09T00:00:00Z,27668.80000000,27749.34000000,27437.32000000,27666.64000000,12349.25634000
2023-05-09T08:00:00Z,27666.63000000,27818.00000000,27370.01000000,27400.39000000,16617.55100000
2023-05-09T16:00:00Z,27400.39000000,27775.18000000,27353.00000000,27628.27000000,11146.50335000
2023-05-10T00:00:00Z,27628.28000000,27849.94000000,27529.88000000,27542.26000000,9660.63946000
2023-05-10T08:00:00Z,27542.26000000,28331.42000000,27474.91000000,28153.20000000,24514.31845000
2023-05-10T16:00:00Z,28153.21000000,28299.15000000,26777.00000000,27598.75000000,36980.15564000
2023-05-11T00:00:00Z,27598.74000000,27622.68000000,27367.76000000,27450.07000000,9819.59080000
2023-05-11T08:00:00Z,27450.07000000,27630.14000000,26952.00000000,27179.42000000,19518.71697000
2023-05-11T16:00:00Z,27179.43000000,27219.52000000,26702.05000000,26968.62000000,18297.00588000
2023-05-12T00:00:00Z,26968.61000000,27091.12000000,26120.74000000,26311.52000000,25579.72927000
2023-05-12T08:00:00Z,26311.51000000,26614.67000000,26234.79000000,26320.84000000,16895.91331000
2023-05-12T16:00:00Z,26320.83000000,26894.90000000,25811.46000000,26795.01000000,24732.29236000
2023-05-13T00:00:00Z,26795.01000000,26983.98000000,26692.03000000,26771.88000000,8651.48115000
2023-05-13T08:00:00Z,26771.87000000,26904.98000000,26736.00000000,26816.25000000,6850.36555000
2023-05-13T16:00:00Z,26816.25000000,27045.45000000,26750.00000000,26775.28000000,7313.05751000
2023-05-14T00:00:00Z,26775.27000000,26898.87000000,26560.53000000,26855.21000000,6050.88725000
2023-05-14T08:00:00Z,26855.22000000,27200.00000000,26744.70000000,27082.02000000,8836.42111000
2023-05-14T16:00:00Z,27082.01000000,27135.04000000,26827.23000000,26917.62000000,6707.49524000
2023-05-15T00:00:00Z,26917.61000000,27550.03000000,26726.00000000,27407.48000000,18140.48124000
2023-05-15T08:00:00Z,27407.47000000,27534.00000000,27221.20000000,27396.80000000,11011.32806000
2023-05-15T16:00:00Z,27396.81000000,27663.59000000,27126.73000000,27162.14000000,11278.27403000
2023-05-16T00:00:00Z,27162.15000000,27296.89000000,26852.11000000,27252.58000000,11497.08113000
2023-05-16T08:00:00Z,27252.58000000,27286.08000000,26900.00000000,27038.02000000,13704.72472000
2023-05-16T16:00:00Z,27038.01000000,27151.51000000,26880.00000000,27033.84000000,8068.64866000
2023-05-17T00:00:00Z,27033.85000000,27238.55000000,26760.00000000,26845.14000000,9508.95609000
2023-05-17T08:00:00Z,26845.14000000,26914.30000000,26544.71000000,26796.93000000,15895.54406000
2023-05-17T16:00:00Z,26796.93000000,27500.00000000,26741.36000000,27405.61000000,17554.47770000
2023-05-18T00:00:00Z,27405.62000000,27485.33000000,27152.29000000,27391.61000000,10481.92483000
2023-05-18T08:00:00Z,27391.61000000,27472.14000000,27021.95000000,27086.77000000,16312.63621000
2023-05-18T16:00:00Z,27086.78000000,27118.36000000,26361.20000000,26821.28000000,22404.09039000
2023-05-19T00:00:00Z,26821.28000000,26960.24000000,26749.33000000,26851.38000000,7180.76932000
2023-05-19T08:00:00Z,26851.39000000,27183.60000000,26630.00000000,26883.65000000,14565.45736000
2023-05-19T16:00:00Z,26883.65000000,26973.56000000,26780.73000000,26880.26000000,7007.90876000
2023-05-20T00:00:00Z,26880.26000000,26908.42000000,26825.11000000,26854.98000000,3046.46615000
2023-05-20T08:00:00Z,26854.98000000,26976.00000000,26854.97000000,26945.66000000,4428.04516000
2023-05-20T16:00:00Z,26945.67000000,27150.00000000,26913.25000000,27102.43000000,6960.03587000
2023-05-21T00:00:00Z,27102.42000000,27277.55000000,27047.88000000,27054.99000000,5381.96125000
2023-05-21T08:00:00Z,27055.00000000,27085.81000000,26776.23000000,26898.97000000,9396.23775000
2023-05-21T16:00:00Z,26898.97000000,26933.33000000,26666.03000000,26747.78000000,6569.67379000
2023-05-22T00:00:00Z,26747.78000000,26913.14000000,26538.21000000,26843.13000000,9237.75050000
2023-05-22T08:00:00Z,26843.12000000,27099.89000000,26702.91000000,26877.18000000,11038.32813000
2023-05-22T16:00:00Z,26877.17000000,26959.52000000,26781.99000000,26849.27000000,6182.75965000
2023-05-23T00:00:00Z,26849.28000000,27495.83000000,26798.11000000,27304.40000000,21113.95820000
2023-05-23T08:00:00Z,27304.40000000,27386.26000000,27175.19000000,27320.05000000,10016.98126000
2023-05-23T16:00:00Z,27320.04000000,27328.48000000,27100.79000000,27219.61000000,7569.89912000
2023-05-24T00:00:00Z,27219.61000000,27219.61000000,26613.00000000,26678.67000000,15626.41472000
2023-05-24T08:00:00Z,26678.67000000,26839.02000000,26080.50000000,26314.69000000,24256.09849000
2023-05-24T16:00:00Z,26314.69000000,26486.46000000,26159.97000000,26329.01000000,14510.55249000
2023-05-25T00:00:00Z,26329.00000000,26394.37000000,25871.89000000,26131.27000000,12913.64884000
2023-05-25T08:00:00Z,26131.27000000,26499.99000000,26128.37000000,26226.12000000,13888.44885000
2023-05-25T16:00:00Z,26226.12000000,26631.98000000,26207.47000000,26473.79000000,10633.35126000
2023-05-26T00:00:00Z,26473.80000000,26539.34000000,26327.24000000,26501.33000000,8416.92332000
2023-05-26T08:00:00Z,26501.34000000,26932.16000000,26355.81000000,26750.21000000,17872.55937000
2023-05-26T16:00:00Z,26750.22000000,26837.34000000,26610.49000000,26705.92000000,8771.70444000
2023-05-27T00:00:00Z,26705.93000000,26786.51000000,26633.00000000,26722.80000000,4827.54992000
2023-05-27T08:00:00Z,26722.80000000,26777.77000000,26551.00000000,26690.05000000,5417.15070000
2023-05-27T16:00:00Z,26690.06000000,26895.00000000,26620.35000000,26854.27000000,4850.98608000
2023-05-28T00:00:00Z,26854.28000000,27285.52000000,26764.36000000,27226.37000000,13622.59909000
2023-05-28T08:00:00Z,27226.38000000,27344.23000000,27100.02000000,27272.17000000,8173.61854000
2023-05-28T16:00:00Z,27272.17000000,28261.32000000,27212.91000000,28065.00000000,22119.79092000
2023-05-29T00:00:00Z,28065.01000000,28447.14000000,27841.00000000,27907.87000000,18829.83179000
2023-05-29T08:00:00Z,27907.86000000,27971.01000000,27588.00000000,27630.51000000,12571.05392000
2023-05-29T16:00:00Z,27630.50000000,27818.00000000,27524.60000000,27736.40000000,10984.53374000
2023-05-30T00:00:00Z,27736.39000000,27940.55000000,27584.45000000,27733.22000000,7608.88690000
2023-05-30T08:00:00Z,27733.22000000,28038.59000000,27615.00000000,27673.08000000,15892.60498000
2023-05-30T16:00:00Z,27673.08000000,27862.84000000,27554.00000000,27694.40000000,9185.26183000
2023-05-31T00:00:00Z,27694.39000000,27835.51000000,26968.49000000,27167.90000000,19442.46889000
2023-05-31T08:00:00Z,27167.91000000,27231.34000000,26851.00000000,26911.54000000,17576.13924000
2023-05-31T16:00:00Z,26911.55000000,27299.99000000,26839.01000000,27210.35000000,9570.19760000
2023-06-01T00:00:00Z,27210.36000000,27350.00000000,26605.05000000,26802.67000000,15826.96228000
2023-06-01T08:00:00Z,26802.66000000,26981.34000000,26782.53000000,26894.48000000,10757.24328000
2023-06-01T16:00:00Z,26894.47000000,27175.00000000,26656.00000000,26817.93000000,12633.60324000
2023-06-02T00:00:00Z,26817.93000000,27213.00000000,26505.00000000,27049.65000000,13872.68614000
2023-06-02T08:00:00Z,27049.65000000,27240.00000000,26860.71000000,27095.92000000,12677.80076000
2023-06-02T16:00:00Z,27095.93000000,27300.00000000,27006.22000000,27242.59000000,9830.41579000
2023-06-03T00:00:00Z,27242.59000000,27242.60000000,27092.00000000,27174.42000000,4538.35050000
2023-06-03T08:00:00Z,27174.42000000,27333.29000000,27112.73000000,27305.26000000,5109.30789000
2023-06-03T16:00:00Z,27305.27000000,27318.63000000,26914.93000000,27069.22000000,6947.68278000
2023-06-04T00:00:00Z,27069.22000000,27163.94000000,26951.00000000,27150.45000000,4475.87751000
2023-06-04T08:00:00Z,27150.46000000,27298.00000000,27123.81000000,27179.00000000,6184.72275000
2023-06-04T16:00:00Z,27179.00000000,27455.02000000,27043.65000000,27115.21000000,8597.81023000
2023-06-05T00:00:00Z,27115.20000000,27129.33000000,26740.38000000,26829.99000000,11871.89806000
2023-06-05T08:00:00Z,26830.00000000,26840.77000000,26000.00000000,26007.53000000,19443.17253000
2023-06-05T16:00:00Z,26007.53000000,26074.51000000,25388.00000000,25728.20000000,34490.53246000
2023-06-06T00:00:00Z,25728.20000000,25821.41000000,25601.00000000,25722.33000000,10299.74021000
2023-06-06T08:00:00Z,25722.34000000,26143.69000000,25351.02000000,26066.11000000,23286.04650000
2023-06-06T16:00:00Z,26066.12000000,27355.33000000,26066.11000000,27230.08000000,34806.81767000
2023-06-07T00:00:00Z,27230.07000000,27391.77000000,26720.47000000,26795.87000000,16769.20490000
2023-06-07T08:00:00Z,26795.87000000,26968.00000000,26236.00000000,26349.52000000,28428.52791000
2023-06-07T16:00:00Z,26349.52000000,26553.78000000,26125.01000000,26339.34000000,14421.71083000
2023-06-08T00:00:00Z,26339.34000000,26523.93000000,26210.00000000,26444.69000000,8943.99316000
2023-06-08T08:00:00Z,26444.68000000,26810.00000000,26300.00000000,26721.68000000,13862.47663000
2023-06-08T16:00:00Z,26721.69000000,26732.24000000,26414.02000000,26498.61000000,8269.04104000
2023-06-09T00:00:00Z,26498.62000000,26596.58000000,26269.91000000,26493.43000000,8938.45233000
2023-06-09T08:00:00Z,26493.44000000,26783.33000000,26452.86000000,26477.37000000,12092.80274000
2023-06-09T16:00:00Z,26477.36000000,26529.54000000,26383.05000000,26477.81000000,6903.45463000
2023-06-10T00:00:00Z,26477.80000000,26533.87000000,25456.41000000,25651.09000000,33115.71576000
2023-06-10T08:00:00Z,25651.08000000,25750.25000000,25561.25000000,25628.80000000,12434.23955000
2023-06-10T16:00:00Z,25628.81000000,26154.00000000,25358.00000000,25841.21000000,19394.64577000
2023-06-11T00:00:00Z,25841.22000000,25864.32000000,25634.70000000,25741.33000000,7887.08060000
2023-06-11T08:00:00Z,25741.32000000,25842.44000000,25672.68000000,25751.36000000,7858.79285000
2023-06-11T16:00:00Z,25751.36000000,26206.88000000,25738.07000000,25925.55000000,14268.42250000
2023-06-12T00:00:00Z,25925.54000000,26028.50000000,25602.11000000,25802.98000000,10562.00852000
2023-06-12T08:00:00Z,25802.97000000,26106.48000000,25734.47000000,25824.63000000,11301.42983000
2023-06-12T16:00:00Z,25824.63000000,25970.05000000,25652.04000000,25905.19000000,8037.07058000
2023-06-13T00:00:00Z,25905.20000000,26157.99000000,25818.07000000,26073.92000000,10301.14634000
2023-06-13T08:00:00Z,26073.91000000,26433.21000000,25712.57000000,25759.54000000,23221.63911000
2023-06-13T16:00:00Z,25759.54000000,25978.37000000,25739.38000000,25934.25000000,7542.82308000
2023-06-14T00:00:00Z,25934.24000000,26055.99000000,25837.13000000,25897.72000000,6366.38160000
2023-06-14T08:00:00Z,25897.71000000,26085.33000000,25885.35000000,25986.75000000,7823.22815000
2023-06-14T16:00:00Z,25986.74000000,26098.00000000,24820.56000000,25128.60000000,30887.70633000
2023-06-15T00:00:00Z,25128.60000000,25206.52000000,24872.35000000,24983.80000000,11988.52290000
2023-06-15T08:00:00Z,24983.81000000,25108.54000000,24800.00000000,24959.95000000,17219.81205000
2023-06-15T16:00:00Z,24959.96000000,25759.01000000,24929.00000000,25598.49000000,19456.52568000
2023-06-16T00:00:00Z,25598.49000000,25629.73000000,25440.39000000,25537.01000000,7985.68847000
2023-06-16T08:00:00Z,25537.00000000,25896.78000000,25175.56000000,25840.01000000,18048.29715000
2023-06-16T16:00:00Z,25840.00000000,26518.00000000,25774.02000000,26345.00000000,25562.93100000
2023-06-17T00:00:00Z,26345.01000000,26839.99000000,26181.00000000,26593.57000000,13063.03294000
2023-06-17T08:00:00Z,26593.58000000,26657.09000000,26311.00000000,26410.82000000,10091.14542000
2023-06-17T16:00:00Z,26410.82000000,26595.13000000,26378.95000000,26516.99000000,4688.04114000
2023-06-18T00:00:00Z,26516.99000000,26680.00000000,26378.98000000,26584.98000000,6466.76805000
2023-06-18T08:00:00Z,26584.99000000,26596.00000000,26444.00000000,26562.09000000,6085.07721000
2023-06-18T16:00:00Z,26562.09000000,26700.00000000,26255.85000000,26339.97000000,8986.46496000
2023-06-19T00:00:00Z,26339.98000000,26478.87000000,26256.61000000,26428.01000000,5744.01101000
2023-06-19T08:00:00Z,26428.00000000,26576.87000000,26348.01000000,26444.00000000,8271.81256000
2023-06-19T16:00:00Z,26443.99000000,27068.09000000,26308.45000000,26844.35000000,21856.83617000
2023-06-20T00:00:00Z,26844.35000000,27179.03000000,26755.00000000,26832.44000000,12635.91963000
2023-06-20T08:00:00Z,26832.45000000,27134.73000000,26652.00000000,27071.93000000,13486.18662000
2023-06-20T16:00:00Z,27071.94000000,28402.74000000,27001.73000000,28307.99000000,43544.84900000
2023-06-21T00:00:00Z,28308.00000000,29088.09000000,28257.99000000,28872.28000000,28412.73535000
2023-06-21T08:00:00Z,28872.28000000,30000.00000000,28787.70000000,29851.58000000,39050.27498000
2023-06-21T16:00:00Z,29851.58000000,30800.00000000,29763.37000000,29993.89000000,41463.39379000
2023-06-22T00:00:00Z,29993.89000000,30500.00000000,29891.15000000,30100.75000000,17793.78490000
2023-06-22T08:00:00Z,30100.75000000,30351.14000000,29525.61000000,29850.65000000,27578.11382000
2023-06-22T16:00:00Z,29850.65000000,30256.76000000,29821.50000000,29884.92000000,13682.66588000
2023-06-23T00:00:00Z,29884.92000000,30082.25000000,29800.00000000,29931.99000000,8936.35221000
2023-06-23T08:00:00Z,29932.00000000,31400.00000000,29906.71000000,31238.00000000,32140.60365000
2023-06-23T16:00:00Z,31238.01000000,31431.94000000,30453.10000000,30688.50000000,32854.94049000
2023-06-24T00:00:00Z,30688.51000000,30794.11000000,30410.00000000,30567.58000000,9636.22615000
2023-06-24T08:00:00Z,30567.58000000,30800.00000000,30282.07000000,30398.71000000,10897.43175000
2023-06-24T16:00:00Z,30398.72000000,30709.36000000,30250.00000000,30527.43000000,9979.64345000
2023-06-25T00:00:00Z,30527.44000000,31046.01000000,30465.41000000,30723.78000000,12056.80080000
2023-06-25T08:00:00Z,30723.78000000,30761.70000000,30462.00000000,30585.16000000,9761.78074000
2023-06-25T16:00:00Z,30585.16000000,30655.11000000,30277.49000000,30462.66000000,8404.86647000
2023-06-26T00:00:00Z,30462.67000000,30580.00000000,29963.60000000,30404.29000000,16014.42711000
2023-06-26T08:00:00Z,30404.28000000,30666.00000000,30130.00000000,30419.62000000,14530.54004000
2023-06-26T16:00:00Z,30419.63000000,30432.00000000,29930.00000000,30267.99000000,14635.44774000
2023-06-27T00:00:00Z,30267.99000000,30496.88000000,30226.17000000,30411.22000000,9042.85991000
2023-06-27T08:00:00Z,30411.23000000,30994.97000000,30336.00000000,30498.74000000,22337.20925000
2023-06-27T16:00:00Z,30498.74000000,30769.96000000,30455.50000000,30692.44000000,11319.57241000
2023-06-28T00:00:00Z,30692.44000000,30709.74000000,30155.75000000,30186.13000000,11592.71931000
2023-06-28T08:00:00Z,30186.14000000,30490.86000000,30009.00000000,30411.06000000,15427.82772000
2023-06-28T16:00:00Z,30411.07000000,30466.36000000,29858.80000000,30077.41000000,13442.97234000
2023-06-29T00:00:00Z,30077.40000000,30421.48000000,30049.98000000,30340.29000000,6601.01986000
2023-06-29T08:00:00Z,30340.29000000,30843.98000000,30337.23000000,30478.80000000,19569.79098000
2023-06-29T16:00:00Z,30478.79000000,30663.37000000,30250.00000000,30447.31000000,10159.81819000
2023-06-30T00:00:00Z,30447.31000000,31282.00000000,30347.17000000,30765.09000000,23222.32631000
2023-06-30T08:00:00Z,30765.10000000,31137.36000000,29500.00000000,30067.72000000,43178.91229000
2023-06-30T16:00:00Z,30067.72000000,30748.08000000,29925.50000000,30472.00000000,23017.83758000
2023-07-01T00:00:00Z,30471.99000000,30534.74000000,30320.57000000,30459.88000000,7293.55910000
2023-07-01T08:00:00Z,30459.87000000,30661.60000000,30420.77000000,30572.58000000,6577.03101000
2023-07-01T16:00:00Z,30572.59000000,30633.92000000,30543.99000000,30585.90000000,3631.16064000
2023-07-02T00:00:00Z,30585.90000000,30649.99000000,30463.16000000,30513.01000000,5511.82807000
2023-07-02T08:00:00Z,30513.01000000,30628.00000000,30155.00000000,30498.01000000,7657.36935000
2023-07-02T16:00:00Z,30498.00000000,30791.00000000,30366.65000000,30617.03000000,10117.21277000
2023-07-03T00:00:00Z,30617.02000000,30800.01000000,30587.77000000,30667.19000000,8146.79917000
2023-07-03T08:00:00Z,30667.19000000,31170.00000000,30570.27000000,31068.64000000,17158.08583000
2023-07-03T16:00:00Z,31068.64000000,31380.00000000,30800.80000000,31156.20000000,18456.75811000
2023-07-04T00:00:00Z,31156.20000000,31350.69000000,30879.29000000,30911.41000000,12139.66531000
2023-07-04T08:00:00Z,30911.40000000,31080.00000000,30867.68000000,30964.37000000,9397.45460000
2023-07-04T16:00:00Z,30964.38000000,31130.00000000,30620.00000000,30766.51000000,11668.99952000
2023-07-05T00:00:00Z,30766.52000000,30878.07000000,30752.00000000,30774.25000000,5616.60973000
2023-07-05T08:00:00Z,30774.24000000,30810.34000000,30200.00000000,30356.11000000,19560.82532000
2023-07-05T16:00:00Z,30356.11000000,30591.57000000,30333.70000000,30504.81000000,8038.23617000
2023-07-06T00:00:00Z,30504.80000000,30857.89000000,30327.00000000,30803.19000000,8941.94451000
2023-07-06T08:00:00Z,30803.20000000,31500.00000000,29888.00000000,30407.01000000,47596.15801000
2023-07-06T16:00:00Z,30407.00000000,30464.13000000,29850.45000000,29895.43000000,14781.52358000
2023-07-07T00:00:00Z,29895.42000000,30300.00000000,29701.02000000,30007.40000000,14494.90479000
2023-07-07T08:00:00Z,30007.41000000,30443.75000000,29970.00000000,30390.83000000,13246.19503000
2023-07-07T16:00:00Z,30390.83000000,30449.00000000,30116.00000000,30344.70000000,6329.43913000
2023-07-08T00:00:00Z,30344.70000000,30386.81000000,30145.21000000,30193.36000000,4362.45734000
2023-07-08T08:00:00Z,30193.36000000,30313.98000000,30152.19000000,30208.00000000,3718.82091000
2023-07-08T16:00:00Z,30208.01000000,30318.25000000,30044.47000000,30284.63000000,5013.31217000
2023-07-09T00:00:00Z,30284.63000000,30402.98000000,30233.33000000,30265.00000000,4559.29553000
2023-07-09T08:00:00Z,30265.00000000,30445.52000000,30190.00000000,30349.47000000,5762.18708000
2023-07-09T16:00:00Z,30349.47000000,30349.74000000,30061.12000000,30160.71000000,5067.01935000
2023-07-10T00:00:00Z,30160.71000000,30240.00000000,29950.00000000,30112.10000000,8284.50625000
2023-07-10T08:00:00Z,30112.11000000,30362.00000000,30000.02000000,30312.81000000,10610.49420000
2023-07-10T16:00:00Z,30312.82000000,31045.78000000,30190.00000000,30411.57000000,22367.87607000
2023-07-11T00:00:00Z,30411.57000000,30658.00000000,30363.29000000,30535.38000000,9097.70838000
2023-07-11T08:00:00Z,30535.38000000,30813.63000000,30300.00000000,30596.45000000,12147.97327000
2023-07-11T16:00:00Z,30596.44000000,30693.87000000,30405.00000000,30622.10000000,7231.15146000
2023-07-12T00:00:00Z,30622.10000000,30849.01000000,30497.95000000,30740.00000000,7842.48042000
2023-07-12T08:00:00Z,30740.00000000,30983.25000000,30461.59000000,30524.63000000,19374.36657000
2023-07-12T16:00:00Z,30524.63000000,30538.44000000,30210.00000000,30380.00000000,10892.14970000
2023-07-13T00:00:00Z,30380.00000000,30433.25000000,30251.00000000,30366.02000000,6921.28641000
2023-07-13T08:00:00Z,30366.01000000,31170.00000000,30345.05000000,30917.48000000,20466.87454000
2023-07-13T16:00:00Z,30917.48000000,31804.20000000,30718.27000000,31454.23000000,43384.35741000
2023-07-14T00:00:00Z,31454.23000000,31630.00000000,31075.25000000,31098.74000000,14353.49030000
2023-07-14T08:00:00Z,31098.75000000,31360.11000000,31050.00000000,31240.48000000,10114.14437000
2023-07-14T16:00:00Z,31240.49000000,31275.50000000,29900.00000000,30312.01000000,36281.84957000
2023-07-15T00:00:00Z,30312.00000000,30390.90000000,30200.00000000,30338.00000000,6274.43633000
2023-07-15T08:00:00Z,30338.00000000,30371.67000000,30250.99000000,30303.41000000,4814.30516000
2023-07-15T16:00:00Z,30303.40000000,30358.18000000,30256.89000000,30289.52000000,3029.81180000
2023-07-16T00:00:00Z,30289.52000000,30335.00000000,30064.29000000,30265.22000000,6048.23221000
2023-07-16T08:00:00Z,30265.23000000,30441.46000000,30265.22000000,30379.95000000,5122.80404000
2023-07-16T16:00:00Z,30379.96000000,30403.13000000,30122.95000000,30231.99000000,4589.09185000
2023-07-17T00:00:00Z,30232.00000000,30336.96000000,30176.03000000,30281.00000000,4346.93617000
2023-07-17T08:00:00Z,30281.01000000,30328.00000000,29965.39000000,30174.83000000,12171.71523000
2023-07-17T16:00:00Z,30174.84000000,30285.71000000,29659.20000000,30138.00000000,14364.11699000
2023-07-18T00:00:00Z,30138.01000000,30239.78000000,29921.54000000,29968.13000000,7021.12053000
2023-07-18T08:00:00Z,29968.13000000,30111.68000000,29675.00000000,29912.00000000,13365.52195000
2023-07-18T16:00:00Z,29912.01000000,29964.99000000,29512.00000000,29859.13000000,9617.21762000
2023-07-19T00:00:00Z,29859.14000000,30189.09000000,29839.50000000,30000.68000000,8158.61559000
2023-07-19T08:00:00Z,30000.68000000,30128.00000000,29761.96000000,29956.46000000,9935.54536000
2023-07-19T16:00:00Z,29956.46000000,30100.00000000,29830.36000000,29909.21000000,7563.20042000
2023-07-20T00:00:00Z,29909.21000000,30246.98000000,29881.29000000,30202.77000000,7568.05600000
2023-07-20T08:00:00Z,30202.78000000,30417.46000000,29627.04000000,29810.18000000,19602.13762000
2023-07-20T16:00:00Z,29810.17000000,29888.00000000,29570.96000000,29800.00000000,10370.48831000
2023-07-21T00:00:00Z,29800.00000000,29953.01000000,29726.34000000,29766.81000000,7565.85718000
2023-07-21T08:00:00Z,29766.81000000,29913.94000000,29729.76000000,29866.00000000,7906.06637000
2023-07-21T16:00:00Z,29866.00000000,30061.70000000,29770.00000000,29901.72000000,8409.48510000
2023-07-22T00:00:00Z,29901.72000000,29999.00000000,29848.00000000,29944.77000000,4988.73806000
2023-07-22T08:00:00Z,29944.78000000,29979.92000000,29828.77000000,29900.24000000,4491.50405000
2023-07-22T16:00:00Z,29900.23000000,29908.71000000,29625.10000000,29794.00000000,5180.16256000
2023-07-23T00:00:00Z,29793.99000000,29980.88000000,29730.00000000,29916.00000000,5135.04290000
2023-07-23T08:00:00Z,29916.00000000,29959.00000000,29852.29000000,29897.64000000,3423.74291000
2023-07-23T16:00:00Z,29897.64000000,30350.00000000,29897.63000000,30083.75000000,9734.00056000
2023-07-24T00:00:00Z,30083.75000000,30099.58000000,29660.00000000,29828.00000000,8795.46355000
2023-07-24T08:00:00Z,29828.00000000,29832.54000000,28861.90000000,29093.78000000,24475.03798000
2023-07-24T16:00:00Z,29093.78000000,29210.00000000,29000.00000000,29176.50000000,6358.49538000
2023-07-25T00:00:00Z,29176.50000000,29183.34000000,29047.65000000,29142.46000000,5939.84581000
2023-07-25T08:00:00Z,29142.46000000,29340.57000000,29082.84000000,29181.51000000,10239.16886000
2023-07-25T16:00:00Z,29181.50000000,29376.00000000,29181.50000000,29228.91000000,5386.73313000
2023-07-26T00:00:00Z,29228.91000000,29412.88000000,29096.94000000,29216.61000000,7605.15791000
2023-07-26T08:00:00Z,29216.61000000,29354.00000000,29160.33000000,29324.00000000,7998.74141000
2023-07-26T16:00:00Z,29324.01000000,29690.00000000,29195.00000000,29351.96000000,18327.73434000
2023-07-27T00:00:00Z,29351.95000000,29499.41000000,29302.01000000,29412.17000000,5920.88951000
2023-07-27T08:00:00Z,29412.18000000,29567.49000000,29236.78000000,29292.01000000,8687.71508000
2023-07-27T16:00:00Z,29292.00000000,29333.22000000,29083.85000000,29222.78000000,7867.87167000
2023-07-28T00:00:00Z,29222.78000000,29305.30000000,29135.15000000,29140.80000000,6792.77001000
2023-07-28T08:00:00Z,29140.79000000,29542.22000000,29123.12000000,29387.99000000,11058.95785000
2023-07-28T16:00:00Z,29387.99000000,29399.98000000,29194.05000000,29314.14000000,6141.88841000
2023-07-29T00:00:00Z,29314.14000000,29406.92000000,29295.00000000,29295.01000000,4706.87374000
2023-07-29T08:00:00Z,29295.00000000,29335.25000000,29256.18000000,29292.34000000,3923.56902000
2023-07-29T16:00:00Z,29292.34000000,29380.92000000,29290.60000000,29352.90000000,2220.92568000
2023-07-30T00:00:00Z,29352.90000000,29352.92000000,29268.65000000,29294.31000000,2345.25975000
2023-07-30T08:00:00Z,29294.30000000,29449.00000000,29232.22000000,29349.37000000,6022.37790000
2023-07-30T16:00:00Z,29349.36000000,29405.66000000,29033.24000000,29281.09000000,7339.33676000
2023-07-31T00:00:00Z,29281.09000000,29530.00000000,29264.00000000,29373.61000000,7085.56178000
2023-07-31T08:00:00Z,29373.62000000,29473.97000000,29225.97000000,29247.98000000,7913.47831000
2023-07-31T16:00:00Z,29247.99000000,29295.24000000,29101.80000000,29232.25000000,7606.44955000
2023-08-01T00:00:00Z,29232.26000000,29347.16000000,28720.00000000,28937.30000000,13637.87688000
2023-08-01T08:00:00Z,28937.31000000,28995.59000000,28585.70000000,28954.00000000,13226.06105000
2023-08-01T16:00:00Z,28953.99000000,29739.25000000,28864.01000000,29705.99000000,17855.71369000
2023-08-02T00:00:00Z,29705.99000000,30047.50000000,29564.00000000,29577.26000000,18088.37716000
2023-08-02T08:00:00Z,29577.25000000,29603.80000000,29169.04000000,29321.40000000,16358.83167000
2023-08-02T16:00:00Z,29321.39000000,29364.00000000,28927.50000000,29186.01000000,13734.44258000
2023-08-03T00:00:00Z,29186.00000000,29275.80000000,29013.04000000,29044.17000000,7208.00735000
2023-08-03T08:00:00Z,29044.16000000,29433.33000000,28968.00000000,29259.07000000,10792.00891000
2023-08-03T16:00:00Z,29259.07000000,29368.86000000,29137.55000000,29193.64000000,8476.90368000
2023-08-04T00:00:00Z,29193.65000000,29253.02000000,29100.00000000,29212.92000000,5545.15458000
2023-08-04T08:00:00Z,29212.91000000,29333.08000000,29130.00000000,29274.28000000,8495.78513000
2023-08-04T16:00:00Z,29274.28000000,29286.70000000,28807.54000000,29113.99000000,9511.01246000
2023-08-05T00:00:00Z,29114.00000000,29152.23000000,29035.00000000,29052.81000000,4476.84646000
2023-08-05T08:00:00Z,29052.81000000,29090.39000000,28978.64000000,29041.49000000,4913.20454000
2023-08-05T16:00:00Z,29041.49000000,29099.00000000,29009.37000000,29072.13000000,2255.46918000
2023-08-06T00:00:00Z,29072.13000000,29107.48000000,29036.00000000,29092.68000000,4284.95568000
2023-08-06T08:00:00Z,29092.68000000,29142.00000000,28991.88000000,29012.93000000,4748.73506000
2023-08-06T16:00:00Z,29012.92000000,29205.09000000,29000.52000000,29088.42000000,4144.50646000
2023-08-07T00:00:00Z,29088.43000000,29229.62000000,29018.25000000,29094.09000000,6620.78795000
2023-08-07T08:00:00Z,29094.09000000,29153.86000000,28788.73000000,28858.44000000,10913.86527000
2023-08-07T16:00:00Z,28858.45000000,29276.78000000,28701.03000000,29211.06000000,13432.22424000
2023-08-08T00:00:00Z,29211.06000000,29331.24000000,29146.45000000,29187.62000000,6598.46764000
2023-08-08T08:00:00Z,29187.62000000,29674.70000000,29171.47000000,29535.39000000,16904.16922000
2023-08-08T16:00:00Z,29535.38000000,30244.00000000,29535.38000000,29770.42000000,22197.89706000
2023-08-09T00:00:00Z,29770.41000000,29883.10000000,29613.00000000,29818.00000000,10321.80514000
2023-08-09T08:00:00Z,29818.01000000,30160.00000000,29676.86000000,29761.70000000,16256.14637000
2023-08-09T16:00:00Z,29761.70000000,29774.00000000,29376.67000000,29581.99000000,11425.93574000
2023-08-10T00:00:00Z,29581.99000000,29660.06000000,29491.11000000,29512.00000000,6611.39502000
2023-08-10T08:00:00Z,29511.99000000,29738.00000000,29400.00000000,29466.00000000,11566.26300000
2023-08-10T16:00:00Z,29465.99000000,29488.29000000,29320.20000000,29455.75000000,5285.79571000
2023-08-11T00:00:00Z,29455.76000000,29498.17000000,29352.47000000,29417.28000000,6250.87899000
2023-08-11T08:00:00Z,29417.28000000,29564.52000000,29350.00000000,29395.89000000,9672.92056000
2023-08-11T16:00:00Z,29395.90000000,29444.73000000,29252.45000000,29426.03000000,4713.24475000
2023-08-12T00:00:00Z,29426.02000000,29460.73000000,29381.56000000,29421.49000000,3292.81021000
2023-08-12T08:00:00Z,29421.48000000,29458.10000000,29390.57000000,29438.81000000,3580.14868000
2023-08-12T16:00:00Z,29438.81000000,29481.35000000,29400.00000000,29430.17000000,2098.52179000
2023-08-13T00:00:00Z,29430.18000000,29455.21000000,29363.00000000,29396.36000000,3004.80165000
2023-08-13T08:00:00Z,29396.37000000,29416.53000000,29362.00000000,29374.20000000,3363.09307000
2023-08-13T16:00:00Z,29374.19000000,29474.65000000,29272.32000000,29303.84000000,4733.81475000
2023-08-14T00:00:00Z,29303.85000000,29469.63000000,29102.45000000,29422.01000000,12346.41381000
2023-08-14T08:00:00Z,29422.01000000,29672.00000000,29332.61000000,29599.99000000,10304.35928000
2023-08-14T16:00:00Z,29600.00000000,29695.32000000,29257.00000000,29430.93000000,8792.34223000
2023-08-15T00:00:00Z,29430.92000000,29454.23000000,29351.33000000,29408.84000000,6747.94942000
2023-08-15T08:00:00Z,29408.83000000,29499.26000000,29315.00000000,29332.66000000,10108.52510000
2023-08-15T16:00:00Z,29332.67000000,29369.23000000,29059.60000000,29200.00000000,10647.40239000
2023-08-16T00:00:00Z,29200.01000000,29259.85000000,29111.00000000,29197.67000000,7881.16314000
2023-08-16T08:00:00Z,29197.67000000,29216.46000000,29047.09000000,29106.55000000,9889.43663000
2023-08-16T16:00:00Z,29106.55000000,29235.00000000,28723.08000000,28730.51000000,15226.09877000
2023-08-17T00:00:00Z,28730.51000000,28783.48000000,28342.00000000,28621.99000000,13968.91187000
2023-08-17T08:00:00Z,28622.00000000,28635.30000000,27888.00000000,27934.02000000,24882.13600000
2023-08-17T16:00:00Z,27934.02000000,28089.78000000,25166.00000000,26623.41000000,61420.49246000
2023-08-18T00:00:00Z,26623.41000000,26832.60000000,26157.71000000,26429.99000000,25126.56965000
2023-08-18T08:00:00Z,26430.00000000,26609.65000000,25931.95000000,26002.00000000,22830.41631000
2023-08-18T16:00:00Z,26001.99000000,26313.33000000,25619.00000000,26054.00000000,21833.67115000
2023-08-19T00:00:00Z,26054.00000000,26154.57000000,25801.09000000,25917.99000000,8453.22339000
2023-08-19T08:00:00Z,25918.00000000,26226.04000000,25872.06000000,26216.01000000,10130.32911000
2023-08-19T16:00:00Z,26216.01000000,26281.00000000,26026.96000000,26100.01000000,7577.20093000
2023-08-20T00:00:00Z,26100.01000000,26207.88000000,26046.40000000,26088.44000000,5576.97557000
2023-08-20T08:00:00Z,26088.44000000,26217.52000000,25971.05000000,26106.83000000,7463.85481000
2023-08-20T16:00:00Z,26106.83000000,26299.00000000,26002.51000000,26189.99000000,6016.08171000
2023-08-21T00:00:00Z,26190.00000000,26195.12000000,26000.00000000,26023.34000000,7106.29691000
2023-08-21T08:00:00Z,26023.33000000,26198.89000000,25812.00000000,25939.59000000,15092.61277000
2023-08-21T16:00:00Z,25939.59000000,26258.42000000,25937.60000000,26126.92000000,8068.33265000
2023-08-22T00:00:00Z,26126.92000000,26139.42000000,26000.00000000,26106.69000000,5465.50720000
2023-08-22T08:00:00Z,26106.69000000,26112.44000000,25914.03000000,25936.61000000,7928.45123000
2023-08-22T16:00:00Z,25936.62000000,26070.04000000,25300.00000000,26056.00000000,20853.10845000
2023-08-23T00:00:00Z,26055.99000000,26187.99000000,25976.72000000,26057.13000000,9802.90883000
2023-08-23T08:00:00Z,26057.12000000,26185.00000000,25812.82000000,26144.00000000,11914.97069000
2023-08-23T16:00:00Z,26143.99000000,26819.27000000,26127.24000000,26432.72000000,22305.82026000
2023-08-24T00:00:00Z,26432.71000000,26547.89000000,26345.76000000,26477.38000000,7680.79579000
2023-08-24T08:00:00Z,26477.39000000,26577.87000000,25990.72000000,25996.34000000,12696.57282000
2023-08-24T16:00:00Z,25996.35000000,26207.15000000,25864.00000000,26180.05000000,9827.85255000
2023-08-25T00:00:00Z,26180.05000000,26187.34000000,25974.22000000,25980.50000000,6213.03964000
2023-08-25T08:00:00Z,25980.50000000,26314.05000000,25777.15000000,25932.01000000,14304.79955000
2023-08-25T16:00:00Z,25932.01000000,26085.20000000,25832.25000000,26060.01000000,7235.49853000
2023-08-26T00:00:00Z,26060.00000000,26125.77000000,26027.20000000,26050.81000000,3773.24458000
2023-08-26T08:00:00Z,26050.82000000,26078.00000000,25985.92000000,26054.00000000,3235.27118000
2023-08-26T16:00:00Z,26054.00000000,26060.00000000,25988.20000000,26017.37000000,3013.70746000
2023-08-27T00:00:00Z,26017.38000000,26055.54000000,25966.11000000,26043.61000000,3493.20852000
2023-08-27T08:00:00Z,26043.61000000,26182.23000000,26033.78000000,26122.15000000,4943.42984000
2023-08-27T16:00:00Z,26122.14000000,26179.00000000,26037.27000000,26101.77000000,3663.00380000
2023-08-28T00:00:00Z,26101.78000000,26105.00000000,25872.05000000,25934.12000000,7074.58776000
2023-08-28T08:00:00Z,25934.13000000,26253.99000000,25864.50000000,26104.17000000,9362.69077000
2023-08-28T16:00:00Z,26104.16000000,26191.79000000,25918.00000000,26120.00000000,6255.34802000
2023-08-29T00:00:00Z,26120.00000000,26206.24000000,25990.58000000,26004.20000000,6791.27397000
2023-08-29T08:00:00Z,26004.20000000,27692.00000000,25922.00000000,27423.44000000,36984.35578000
2023-08-29T16:00:00Z,27423.44000000,28142.85000000,27350.01000000,27716.34000000,30476.36513000
2023-08-30T00:00:00Z,27716.34000000,27768.57000000,27280.99000000,27436.25000000,10846.42785000
2023-08-30T08:00:00Z,27436.25000000,27499.00000000,27017.24000000,27201.63000000,16731.44666000
2023-08-30T16:00:00Z,27201.63000000,27337.78000000,27067.90000000,27299.99000000,7870.38397000
2023-08-31T00:00:00Z,27299.99000000,27303.36000000,27178.88000000,27261.03000000,4365.56494000
2023-08-31T08:00:00Z,27261.03000000,27587.51000000,26803.73000000,26922.01000000,17454.59848000
2023-08-31T16:00:00Z,26922.01000000,26924.87000000,25655.01000000,25940.78000000,29212.64059000
2023-09-01T00:00:00Z,25940.77000000,26100.00000000,25931.11000000,25990.92000000,6492.95870000
2023-09-01T08:00:00Z,25990.92000000,26156.00000000,25566.53000000,25811.00000000,15723.76572000
2023-09-01T16:00:00Z,25811.00000000,25964.17000000,25333.75000000,25805.05000000,18815.42614000
2023-09-02T00:00:00Z,25805.04000000,25853.03000000,25752.47000000,25795.47000000,4336.29371000
2023-09-02T08:00:00Z,25795.46000000,25987.50000000,25774.81000000,25894.76000000,6996.86439000
2023-09-02T16:00:00Z,25894.77000000,25937.91000000,25763.20000000,25869.51000000,4917.61888000
2023-09-03T00:00:00Z,25869.52000000,25956.24000000,25826.29000000,25956.22000000,3882.15909000
2023-09-03T08:00:00Z,25956.23000000,26085.01000000,25807.32000000,25873.50000000,6223.60976000
2023-09-03T16:00:00Z,25873.50000000,26135.00000000,25800.00000000,25971.21000000,7368.70782000
2023-09-04T00:00:00Z,25971.21000000,26108.02000000,25877.66000000,25964.96000000,5248.45737000
2023-09-04T08:00:00Z,25964.97000000,26011.24000000,25717.04000000,25814.23000000,9059.23109000
2023-09-04T16:00:00Z,25814.24000000,25948.15000000,25631.21000000,25826.02000000,7469.90763000
2023-09-05T00:00:00Z,25826.03000000,25844.48000000,25562.62000000,25735.56000000,5866.05078000
2023-09-05T08:00:00Z,25735.57000000,25915.49000000,25625.03000000,25759.37000000,9924.35856000
2023-09-05T16:00:00Z,25759.38000000,25845.00000000,25675.00000000,25792.10000000,5532.98403000
2023-09-06T00:00:00Z,25792.11000000,25870.51000000,25723.65000000,25728.93000000,4674.25215000
2023-09-06T08:00:00Z,25728.93000000,25778.00000000,25540.00000000,25588.02000000,7754.28267000
2023-09-06T16:00:00Z,25588.01000000,26040.00000000,25372.51000000,25759.95000000,14833.98904000
2023-09-07T00:00:00Z,25759.95000000,25850.00000000,25724.78000000,25762.89000000,3865.57182000
2023-09-07T08:00:00Z,25762.89000000,25834.52000000,25615.38000000,25779.35000000,7009.35333000
2023-09-07T16:00:00Z,25779.35000000,26443.14000000,25773.52000000,26255.00000000,16812.57052000
2023-09-08T00:00:00Z,26255.00000000,26445.50000000,26190.00000000,26256.22000000,8798.88135000
2023-09-08T08:00:00Z,26256.21000000,26266.93000000,25647.26000000,25844.64000000,13500.18357000
2023-09-08T16:00:00Z,25844.64000000,25934.36000000,25719.80000000,25910.50000000,6700.69979000
2023-09-09T00:00:00Z,25910.50000000,25910.50000000,25836.49000000,25886.15000000,3371.40873000
2023-09-09T08:00:00Z,25886.14000000,25928.66000000,25796.64000000,25894.09000000,4696.18681000
2023-09-09T16:00:00Z,25894.10000000,25945.09000000,25845.70000000,25901.61000000,2913.02723000
2023-09-10T00:00:00Z,25901.60000000,25902.68000000,25750.35000000,25852.25000000,4180.40870000
2023-09-10T08:00:00Z,25852.25000000,25872.11000000,25712.60000000,25775.01000000,4743.10272000
2023-09-10T16:00:00Z,25775.02000000,26033.66000000,25570.57000000,25841.61000000,9814.75772000
2023-09-11T00:00:00Z,25841.60000000,25900.69000000,25652.78000000,25813.65000000,5773.17305000
2023-09-11T08:00:00Z,25813.65000000,25830.95000000,24951.00000000,25115.97000000,24624.52563000
2023-09-11T16:00:00Z,25115.98000000,25250.49000000,24901.00000000,25162.52000000,11284.62132000
2023-09-12T00:00:00Z,25162.53000000,25990.00000000,25131.48000000,25822.71000000,20115.38536000
2023-09-12T08:00:00Z,25822.71000000,26392.00000000,25735.29000000,26205.97000000,21907.07634000
2023-09-12T16:00:00Z,26205.98000000,26567.00000000,25790.00000000,25840.10000000,14411.92367000
2023-09-13T00:00:00Z,25840.10000000,26109.94000000,25764.17000000,25879.91000000,8483.80718000
2023-09-13T08:00:00Z,25879.91000000,26387.76000000,25866.17000000,26241.31000000,14222.76751000
2023-09-13T16:00:00Z,26241.31000000,26405.22000000,26055.00000000,26222.00000000,8904.25284000
2023-09-14T00:00:00Z,26222.00000000,26541.77000000,26126.77000000,26344.45000000,10717.01536000
2023-09-14T08:00:00Z,26344.44000000,26798.50000000,26270.00000000,26693.97000000,18828.35597000
2023-09-14T16:00:00Z,26693.97000000,26860.49000000,26473.00000000,26522.73000000,8787.80117000
2023-09-15T00:00:00Z,26522.73000000,26655.84000000,26448.19000000,26565.69000000,5722.15857000
2023-09-15T08:00:00Z,26565.69000000,26690.00000000,26224.00000000,26321.21000000,11730.73431000
2023-09-15T16:00:00Z,26321.20000000,26888.00000000,26315.02000000,26600.00000000,8774.40081000
2023-09-16T00:00:00Z,26599.99000000,26777.00000000,26467.45000000,26494.50000000,6250.58091000
2023-09-16T08:00:00Z,26494.50000000,26581.98000000,26445.00000000,26507.12000000,4539.99592000
2023-09-16T16:00:00Z,26507.12000000,26622.22000000,26496.14000000,26559.67000000,3170.35668000
2023-09-17T00:00:00Z,26559.67000000,26570.00000000,26416.16000000,26495.93000000,4236.34056000
2023-09-17T08:00:00Z,26495.94000000,26623.25000000,26493.13000000,26549.98000000,4552.85417000
2023-09-17T16:00:00Z,26549.98000000,26551.00000000,26399.00000000,26527.51000000,4208.90804000
2023-09-18T00:00:00Z,26527.50000000,26800.00000000,26377.35000000,26710.67000000,8134.60906000
2023-09-18T08:00:00Z,26710.67000000,27409.00000000,26684.02000000,27269.42000000,21310.10217000
2023-09-18T16:00:00Z,27269.43000000,27310.00000000,26631.00000000,26762.51000000,13555.72133000
2023-09-19T00:00:00Z,26762.50000000,26874.73000000,26667.79000000,26847.21000000,5553.73479000
2023-09-19T08:00:00Z,26847.21000000,27480.00000000,26847.21000000,27422.24000000,21163.62136000
2023-09-19T16:00:00Z,27422.24000000,27483.57000000,26990.01000000,27210.26000000,9473.16572000
2023-09-20T00:00:00Z,27210.25000000,27388.63000000,26936.79000000,27105.62000000,9515.73946000
2023-09-20T08:00:00Z,27105.61000000,27237.87000000,26950.00000000,27180.63000000,11486.28368000
2023-09-20T16:00:00Z,27180.62000000,27300.00000000,26800.00000000,27125.00000000,13205.19553000
2023-09-21T00:00:00Z,27125.01000000,27159.60000000,26936.66000000,26990.11000000,6608.03896000
2023-09-21T08:00:00Z,26990.11000000,27017.00000000,26377.70000000,26584.02000000,21277.71486000
2023-09-21T16:00:00Z,26584.01000000,26696.60000000,26497.94000000,26568.08000000,6591.07280000
2023-09-22T00:00:00Z,26568.08000000,26705.46000000,26468.77000000,26674.80000000,6429.46587000
2023-09-22T08:00:00Z,26674.80000000,26743.38000000,26556.60000000,26631.01000000,7027.11219000
2023-09-22T16:00:00Z,26631.01000000,26644.98000000,26488.00000000,26580.14000000,4741.65114000
2023-09-23T00:00:00Z,26580.14000000,26614.98000000,26509.00000000,26585.31000000,3537.53591000
2023-09-23T08:00:00Z,26585.32000000,26594.78000000,26546.20000000,26581.55000000,3251.45456000
2023-09-23T16:00:00Z,26581.55000000,26632.81000000,26558.07000000,26575.96000000,2651.71213000
2023-09-24T00:00:00Z,26575.97000000,26590.01000000,26549.31000000,26563.44000000,2445.83878000
2023-09-24T08:00:00Z,26563.43000000,26628.80000000,26563.43000000,26578.06000000,3108.93438000
2023-09-24T16:00:00Z,26578.06000000,26738.54000000,26122.08000000,26248.38000000,10151.88455000
2023-09-25T00:00:00Z,26248.39000000,26343.10000000,26000.00000000,26189.21000000,9380.67845000
2023-09-25T08:00:00Z,26189.21000000,26300.00000000,25990.46000000,26243.72000000,8974.57735000
2023-09-25T16:00:00Z,26243.73000000,26446.15000000,26222.32000000,26304.81000000,7910.94810000
2023-09-26T00:00:00Z,26304.80000000,26397.46000000,26234.37000000,26272.01000000,4558.67867000
2023-09-26T08:00:00Z,26272.00000000,26334.75000000,26088.34000000,26126.66000000,8076.82354000
2023-09-26T16:00:00Z,26126.66000000,26295.99000000,26100.00000000,26221.67000000,5859.84845000
2023-09-27T00:00:00Z,26221.68000000,26289.50000000,26202.96000000,26246.34000000,3643.46999000
2023-09-27T08:00:00Z,26246.35000000,26850.00000000,26169.38000000,26304.42000000,23981.64167000
2023-09-27T16:00:00Z,26304.42000000,26385.00000000,26112.06000000,26372.99000000,7146.46812000
2023-09-28T00:00:00Z,26373.00000000,26557.75000000,26342.40000000,26459.99000000,8120.71930000
2023-09-28T08:00:00Z,26459.99000000,27064.00000000,26389.29000000,27020.00000000,18332.76446000
2023-09-28T16:00:00Z,27019.99000000,27308.48000000,26848.71000000,27021.39000000,18064.35115000
2023-09-29T00:00:00Z,27021.39000000,27244.89000000,26859.70000000,27179.98000000,9894.15130000
2023-09-29T08:00:00Z,27179.99000000,27179.99000000,26665.16000000,26888.57000000,13088.74400000
2023-09-29T16:00:00Z,26888.57000000,26984.99000000,26750.00000000,26906.96000000,5495.86689000
2023-09-30T00:00:00Z,26906.96000000,26958.04000000,26886.31000000,26931.75000000,2958.91525000
2023-09-30T08:00:00Z,26931.76000000,27094.99000000,26903.01000000,26996.29000000,5572.22515000
2023-09-30T16:00:00Z,26996.29000000,27081.78000000,26946.73000000,26962.56000000,4273.48267000
2023-10-01T00:00:00Z,26962.57000000,27158.59000000,26954.09000000,27107.95000000,4004.62832000
2023-10-01T08:00:00Z,27107.94000000,27289.08000000,27083.24000000,27153.18000000,6999.05049000
2023-10-01T16:00:00Z,27153.17000000,28065.51000000,27033.10000000,27992.57000000,13599.13587000
2023-10-02T00:00:00Z,27992.58000000,28430.00000000,27826.65000000,28311.91000000,17071.81853000
2023-10-02T08:00:00Z,28311.91000000,28580.00000000,27983.00000000,28026.31000000,21232.74666000
2023-10-02T16:00:00Z,28026.30000000,28123.39000000,27281.44000000,27494.51000000,18766.57722000
2023-10-03T00:00:00Z,27494.51000000,27676.52000000,27381.48000000,27540.64000000,8503.07192000
2023-10-03T08:00:00Z,27540.65000000,27642.83000000,27234.55000000,27345.00000000,11893.49153000
2023-10-03T16:00:00Z,27345.00000000,27486.20000000,27160.50000000,27426.46000000,8532.40210000
2023-10-04T00:00:00Z,27426.45000000,27510.29000000,27202.00000000,27453.78000000,9094.36544000
2023-10-04T08:00:00Z,27453.77000000,27643.09000000,27329.85000000,27404.22000000,10528.52309000
2023-10-04T16:00:00Z,27404.21000000,27839.72000000,27400.94000000,27778.57000000,10193.25347000
2023-10-05T00:00:00Z,27778.57000000,27896.07000000,27550.77000000,27607.98000000,5801.54364000
2023-10-05T08:00:00Z,27607.98000000,28120.39000000,27403.59000000,27555.00000000,16039.51719000
2023-10-05T16:00:00Z,27555.00000000,27617.57000000,27352.00000000,27410.39000000,8840.43536000
2023-10-06T00:00:00Z,27410.39000000,27651.00000000,27389.99000000,27638.52000000,6217.40180000
2023-10-06T08:00:00Z,27638.51000000,28044.86000000,27175.94000000,27941.12000000,19778.74065000
2023-10-06T16:00:00Z,27941.12000000,28295.00000000,27789.14000000,27931.09000000,11987.10032000
2023-10-07T00:00:00Z,27931.10000000,27955.90000000,27842.08000000,27890.80000000,4527.99454000
2023-10-07T08:00:00Z,27890.79000000,28029.67000000,27880.01000000,27939.80000000,4790.33418000
2023-10-07T16:00:00Z,27939.80000000,27964.20000000,27850.00000000,27956.67000000,4030.50953000
2023-10-08T00:00:00Z,27956.67000000,28095.14000000,27878.06000000,27905.61000000,7760.99519000
2023-10-08T08:00:00Z,27905.61000000,27999.72000000,27687.50000000,27892.74000000,7134.96241000
2023-10-08T16:00:00Z,27892.74000000,27980.00000000,27800.00000000,27917.05000000,4797.61161000
2023-10-09T00:00:00Z,27917.06000000,27987.93000000,27796.53000000,27813.27000000,5076.33085000
2023-10-09T08:00:00Z,27813.27000000,27842.03000000,27374.73000000,27443.31000000,16073.10425000
2023-10-09T16:00:00Z,27443.32000000,27750.03000000,27260.00000000,27590.12000000,10385.31129000
2023-10-10T00:00:00Z,27590.12000000,27706.34000000,27492.60000000,27651.45000000,4743.20209000
2023-10-10T08:00:00Z,27651.46000000,27735.00000000,27338.87000000,27408.01000000,10860.65001000
2023-10-10T16:00:00Z,27408.01000000,27511.96000000,27298.00000000,27390.12000000,7172.99173000
2023-10-11T00:00:00Z,27390.12000000,27477.39000000,26964.89000000,27021.95000000,11157.88188000
2023-10-11T08:00:00Z,27021.95000000,27332.00000000,26727.56000000,26779.46000000,13664.35147000
2023-10-11T16:00:00Z,26779.45000000,26885.41000000,26538.66000000,26875.52000000,12527.21371000
2023-10-12T00:00:00Z,26875.52000000,26947.04000000,26735.83000000,26810.66000000,6833.94086000
2023-10-12T08:00:00Z,26810.66000000,26867.14000000,26621.76000000,26675.00000000,9580.95615000
2023-10-12T16:00:00Z,26674.99000000,26804.99000000,26555.00000000,26759.63000000,7013.74411000
2023-10-13T00:00:00Z,26759.63000000,26943.00000000,26750.00000000,26875.00000000,4952.45532000
2023-10-13T08:00:00Z,26874.99000000,26966.85000000,26685.96000000,26706.83000000,8889.28624000
2023-10-13T16:00:00Z,26706.83000000,27130.00000000,26685.00000000,26862.00000000,10274.02343000
2023-10-14T00:00:00Z,26862.00000000,26989.58000000,26841.76000000,26868.80000000,4867.65374000
2023-10-14T08:00:00Z,26868.80000000,26943.39000000,26847.87000000,26942.56000000,2738.62680000
2023-10-14T16:00:00Z,26942.56000000,26953.18000000,26789.00000000,26852.48000000,2810.97522000
2023-10-15T00:00:00Z,26852.48000000,26916.77000000,26815.76000000,26882.52000000,2079.70766000
2023-10-15T08:00:00Z,26882.51000000,26965.28000000,26808.25000000,26898.87000000,3962.04341000
2023-10-15T16:00:00Z,26898.87000000,27293.33000000,26893.41000000,27154.15000000,9232.94063000
2023-10-16T00:00:00Z,27154.14000000,27980.00000000,27112.66000000,27849.06000000,19062.35538000
2023-10-16T08:00:00Z,27849.05000000,30000.00000000,27641.72000000,28064.16000000,42693.80232000
2023-10-16T16:00:00Z,28064.16000000,28808.51000000,28064.16000000,28500.78000000,16643.06675000
2023-10-17T00:00:00Z,28500.77000000,28549.34000000,28069.32000000,28430.63000000,13656.08286000
2023-10-17T08:00:00Z,28430.62000000,28609.38000000,28135.35000000,28461.72000000,15615.45261000
2023-10-17T16:00:00Z,28461.72000000,28613.65000000,28306.42000000,28395.91000000,9156.90985000
2023-10-18T00:00:00Z,28395.91000000,28982.36000000,28320.29000000,28494.55000000,12064.28170000
2023-10-18T08:00:00Z,28494.55000000,28599.00000000,28142.87000000,28247.45000000,12029.78713000
2023-10-18T16:00:00Z,28247.46000000,28437.41000000,28190.81000000,28320.00000000,8068.40708000
2023-10-19T00:00:00Z,28320.00000000,28418.00000000,28100.66000000,28330.82000000,8202.78769000
2023-10-19T08:00:00Z,28330.82000000,28814.14000000,28280.96000000,28680.09000000,15424.44240000
2023-10-19T16:00:00Z,28680.09000000,28916.89000000,28457.56000000,28713.71000000,12268.27170000
2023-10-20T00:00:00Z,28713.71000000,29400.00000000,28578.29000000,29240.51000000,19003.09239000
2023-10-20T08:00:00Z,29240.52000000,30207.55000000,29227.75000000,29550.98000000,31564.80755000
2023-10-20T16:00:00Z,29550.98000000,29790.59000000,29321.00000000,29669.04000000,8854.19926000
2023-10-21T00:00:00Z,29669.05000000,29730.88000000,29464.77000000,29695.80000000,5573.39279000
2023-10-21T08:00:00Z,29695.80000000,29980.00000000,29634.56000000,29937.36000000,10049.85413000
2023-10-21T16:00:00Z,29937.37000000,30379.99000000,29846.00000000,29909.80000000,11894.27205000
2023-10-22T00:00:00Z,29909.80000000,30248.00000000,29640.00000000,29816.26000000,10274.80175000
2023-10-22T08:00:00Z,29816.27000000,29991.05000000,29780.11000000,29825.60000000,6461.18129000
2023-10-22T16:00:00Z,29825.61000000,30051.79000000,29714.28000000,29992.46000000,6116.56259000
2023-10-23T00:00:00Z,29992.46000000,30985.12000000,29883.60000000,30518.02000000,23682.98111000
2023-10-23T08:00:00Z,30518.02000000,30970.00000000,30355.06000000,30883.33000000,16474.39949000
2023-10-23T16:00:00Z,30883.33000000,34741.91000000,30777.00000000,33069.99000000,53356.26186000
2023-10-24T00:00:00Z,33069.99000000,35280.00000000,32832.34000000,33999.98000000,52264.67683000
2023-10-24T08:00:00Z,33999.98000000,34876.40000000,33200.00000000,33668.90000000,40413.16835000
2023-10-24T16:00:00Z,33668.89000000,34386.12000000,33380.01000000,33922.73000000,22587.17900000
2023-10-25T00:00:00Z,33922.73000000,34399.82000000,33679.05000000,33857.53000000,14766.85916000
2023-10-25T08:00:00Z,33857.53000000,35000.00000000,33783.00000000,34839.80000000,22842.44359000
2023-10-25T16:00:00Z,34839.80000000,35132.85000000,34250.00000000,34496.05000000,17277.72254000
2023-10-26T00:00:00Z,34496.05000000,34824.13000000,34410.02000000,34647.34000000,11021.98870000
2023-10-26T08:00:00Z,34647.35000000,34745.86000000,33862.00000000,34044.43000000,19387.53867000
2023-10-26T16:00:00Z,34044.44000000,34278.00000000,33751.00000000,34151.66000000,9335.13518000
2023-10-27T00:00:00Z,34151.66000000,34245.00000000,33780.00000000,33942.00000000,8786.14331000
2023-10-27T08:00:00Z,33941.99000000,34195.21000000,33820.48000000,33999.48000000,12809.05074000
2023-10-27T16:00:00Z,33999.48000000,34033.48000000,33390.95000000,33892.02000000,10735.20701000
2023-10-28T00:00:00Z,33892.01000000,34185.00000000,33860.00000000,34044.99000000,4627.11616000
2023-10-28T08:00:00Z,34045.00000000,34493.33000000,33907.79000000,34192.98000000,8791.89455000
2023-10-28T16:00:00Z,34192.97000000,34219.58000000,34060.78000000,34081.00000000,3461.12073000
2023-10-29T00:00:00Z,34081.01000000,34136.28000000,33930.00000000,34076.61000000,3411.56118000
2023-10-29T08:00:00Z,34076.60000000,34559.22000000,34074.44000000,34449.99000000,8219.93337000
2023-10-29T16:00:00Z,34449.99000000,34750.11000000,34372.00000000,34525.89000000,9054.02721000
2023-10-30T00:00:00Z,34525.88000000,34570.51000000,34114.74000000,34193.46000000,8177.31177000
2023-10-30T08:00:00Z,34193.46000000,34856.00000000,34161.10000000,34656.32000000,14934.13585000
2023-10-30T16:00:00Z,34656.33000000,34656.33000000,34062.84000000,34474.73000000,10546.51214000
2023-10-31T00:00:00Z,34474.74000000,34600.00000000,34082.89000000,34145.21000000,10109.13988000
2023-10-31T08:00:00Z,34145.22000000,34535.75000000,34025.00000000,34272.19000000,12520.58205000
2023-10-31T16:00:00Z,34272.19000000,34720.49000000,34223.26000000,34639.77000000,10108.17629000
2023-11-01T00:00:00Z,34639.78000000,34668.05000000,34316.00000000,34451.28000000,6964.59853000
2023-11-01T08:00:00Z,34451.28000000,35200.00000000,34097.39000000,34291.94000000,22337.69431000
2023-11-01T16:00:00Z,34291.94000000,35582.00000000,34280.02000000,35421.43000000,24170.98881000
2023-11-02T00:00:00Z,35421.43000000,35984.99000000,35063.25000000,35279.85000000,16335.21817000
2023-11-02T08:00:00Z,35279.86000000,35478.02000000,34537.99000000,34640.01000000,17999.18102000
2023-11-02T16:00:00Z,34640.01000000,35097.19000000,34300.00000000,34941.59000000,13681.17813000
2023-11-03T00:00:00Z,34941.58000000,34946.50000000,34310.00000000,34464.97000000,11407.71935000
2023-11-03T08:00:00Z,34464.98000000,34848.79000000,34120.00000000,34763.71000000,17924.47461000
2023-11-03T16:00:00Z,34763.71000000,34822.15000000,34323.37000000,34716.78000000,9739.01248000
2023-11-04T00:00:00Z,34716.78000000,35000.00000000,34585.18000000,34767.99000000,6411.65411000
2023-11-04T08:00:00Z,34767.99000000,34884.93000000,34644.00000000,34709.91000000,5504.93288000
2023-11-04T16:00:00Z,34709.91000000,35255.00000000,34692.52000000,35062.07000000,6460.96846000
2023-11-05T00:00:00Z,35062.06000000,35305.75000000,34935.00000000,35162.46000000,7232.31859000
2023-11-05T08:00:00Z,35162.46000000,35188.68000000,34757.47000000,34882.92000000,7834.32418000
2023-11-05T16:00:00Z,34882.92000000,35380.00000000,34448.00000000,35011.88000000,9462.09099000
2023-11-06T00:00:00Z,35011.89000000,35118.71000000,34725.90000000,34904.72000000,6690.86899000
2023-11-06T08:00:00Z,34904.72000000,35276.33000000,34827.01000000,35080.95000000,9713.14880000
2023-11-06T16:00:00Z,35080.95000000,35150.00000000,34810.64000000,35046.09000000,5942.45307000
2023-11-07T00:00:00Z,35046.09000000,35053.41000000,34790.64000000,34937.71000000,5846.38693000
2023-11-07T08:00:00Z,34937.71000000,34975.90000000,34523.06000000,34721.23000000,10990.24975000
2023-11-07T16:00:00Z,34721.23000000,35888.00000000,34560.00000000,35399.12000000,21852.10024000
2023-11-08T00:00:00Z,35399.13000000,35419.29000000,35167.78000000,35226.40000000,5553.28026000
2023-11-08T08:00:00Z,35226.39000000,35469.29000000,35100.00000000,35225.68000000,9376.12880000
2023-11-08T16:00:00Z,35225.67000000,36106.00000000,35185.00000000,35624.72000000,18471.93231000
2023-11-09T00:00:00Z,35624.72000000,36863.91000000,35534.05000000,36533.04000000,21682.00953000
2023-11-09T08:00:00Z,36533.05000000,37972.24000000,36530.00000000,37084.02000000,32923.98297000
2023-11-09T16:00:00Z,37084.03000000,37211.10000000,35600.00000000,36701.09000000,27931.89635000
2023-11-10T00:00:00Z,36701.10000000,36919.06000000,36427.61000000,36439.98000000,12175.13897000
2023-11-10T08:00:00Z,36439.98000000,37260.19000000,36324.71000000,37082.14000000,16515.96237000
2023-11-10T16:00:00Z,37082.13000000,37526.00000000,37070.19000000,37301.63000000,14722.94764000
2023-11-11T00:00:00Z,37301.63000000,37408.26000000,36900.10000000,37006.40000000,8842.23687000
2023-11-11T08:00:00Z,37006.40000000,37274.30000000,36910.00000000,37050.77000000,6745.27692000
2023-11-11T16:00:00Z,37050.78000000,37175.00000000,36666.93000000,37130.00000000,7397.45856000
2023-11-12T00:00:00Z,37129.99000000,37180.00000000,36731.10000000,37127.95000000,6362.83258000
2023-11-12T08:00:00Z,37127.95000000,37222.22000000,36931.10000000,37152.11000000,6700.69576000
2023-11-12T16:00:00Z,37152.10000000,37202.09000000,36938.23000000,37064.13000000,4623.66040000
2023-11-13T00:00:00Z,37064.13000000,37417.99000000,36755.00000000,36960.29000000,9723.68347000
2023-11-13T08:00:00Z,36960.28000000,37050.00000000,36534.04000000,36841.91000000,11645.77805000
2023-11-13T16:00:00Z,36841.90000000,37031.45000000,36333.00000000,36462.93000000,11428.72100000
2023-11-14T00:00:00Z,36462.93000000,36714.11000000,36190.17000000,36683.86000000,7573.82353000
2023-11-14T08:00:00Z,36683.86000000,36744.00000000,35889.00000000,36147.09000000,16462.72883000
2023-11-14T16:00:00Z,36147.09000000,36417.23000000,34800.00000000,35551.19000000,21467.13180000
2023-11-15T00:00:00Z,35551.20000000,35665.45000000,35360.00000000,35576.88000000,8403.74566000
2023-11-15T08:00:00Z,35576.88000000,36416.51000000,35576.88000000,36402.42000000,14942.42983000
2023-11-15T16:00:00Z,36402.43000000,37980.00000000,36254.00000000,37858.20000000,30222.95836000
2023-11-16T00:00:00Z,37858.20000000,37929.54000000,37307.55000000,37437.25000000,9645.27967000
2023-11-16T08:00:00Z,37437.25000000,37544.00000000,36256.15000000,36406.00000000,18915.84771000
2023-11-16T16:00:00Z,36406.00000000,36642.31000000,35500.00000000,36163.51000000,18929.26828000
2023-11-17T00:00:00Z,36163.51000000,36673.69000000,36101.44000000,36239.76000000,11250.52319000
2023-11-17T08:00:00Z,36239.76000000,36620.00000000,35861.10000000,36044.80000000,13564.86633000
2023-11-17T16:00:00Z,36044.79000000,36800.00000000,35909.17000000,36613.92000000,13468.22160000
2023-11-18T00:00:00Z,36613.91000000,36613.92000000,36178.58000000,36417.16000000,5113.90311000
2023-11-18T08:00:00Z,36417.15000000,36682.20000000,36347.69000000,36664.16000000,5794.97101000
2023-11-18T16:00:00Z,36664.17000000,36845.49000000,36443.10000000,36568.10000000,6193.36774000
2023-11-19T00:00:00Z,36568.11000000,36669.00000000,36388.27000000,36611.50000000,4167.30133000
2023-11-19T08:00:00Z,36611.49000000,36716.00000000,36384.02000000,36568.27000000,5262.75685000
2023-11-19T16:00:00Z,36568.27000000,37500.00000000,36511.11000000,37359.86000000,11816.28830000
2023-11-20T00:00:00Z,37359.85000000,37382.68000000,37038.30000000,37244.47000000,6893.76619000
2023-11-20T08:00:00Z,37244.47000000,37493.20000000,36677.00000000,37461.61000000,13659.28522000
2023-11-20T16:00:00Z,37461.62000000,37750.00000000,36812.13000000,37448.78000000,15469.65150000
2023-11-21T00:00:00Z,37448.79000000,37649.44000000,37241.25000000,37279.91000000,6288.33083000
2023-11-21T08:00:00Z,37279.91000000,37418.00000000,36250.00000000,36975.04000000,18442.65355000
2023-11-21T16:00:00Z,36975.03000000,37500.00000000,35735.00000000,35741.65000000,22915.56366000
2023-11-22T00:00:00Z,35741.65000000,36558.87000000,35632.01000000,36439.81000000,12691.84744000
2023-11-22T08:00:00Z,36439.80000000,36773.53000000,36239.20000000,36481.14000000,11299.06628000
2023-11-22T16:00:00Z,36481.15000000,37861.10000000,36372.58000000,37408.34000000,21060.39325000
2023-11-23T00:00:00Z,37408.35000000,37535.10000000,37240.00000000,37369.21000000,6814.51110000
2023-11-23T08:00:00Z,37369.22000000,37653.44000000,36870.00000000,36951.34000000,11339.33956000
2023-11-23T16:00:00Z,36951.34000000,37385.00000000,36917.00000000,37294.28000000,5674.07816000
2023-11-24T00:00:00Z,37294.27000000,37567.99000000,37251.51000000,37522.99000000,5178.16066000
2023-11-24T08:00:00Z,37522.99000000,38414.00000000,37423.90000000,38221.11000000,24165.83611000
2023-11-24T16:00:00Z,38221.10000000,38349.00000000,37550.32000000,37713.57000000,15336.80969000
2023-11-25T00:00:00Z,37713.57000000,37839.44000000,37676.03000000,37802.40000000,3848.48308000
2023-11-25T08:00:00Z,37802.40000000,37828.93000000,37591.10000000,37704.38000000,4094.42897000
2023-11-25T16:00:00Z,37704.38000000,37888.00000000,37699.99000000,37780.67000000,3453.23259000
2023-11-26T00:00:00Z,37780.67000000,37793.67000000,37662.18000000,37789.78000000,2675.42753000
2023-11-26T08:00:00Z,37789.77000000,37814.63000000,37287.00000000,37437.11000000,8810.30439000
2023-11-26T16:00:00Z,37437.11000000,37748.00000000,37150.00000000,37447.43000000,9778.80531000
2023-11-27T00:00:00Z,37447.42000000,37569.23000000,37051.00000000,37283.19000000,6226.71674000
2023-11-27T08:00:00Z,37283.20000000,37466.00000000,36715.00000000,36751.02000000,14652.49876000
2023-11-27T16:00:00Z,36751.01000000,37284.00000000,36707.00000000,37242.70000000,9121.85826000
2023-11-28T00:00:00Z,37242.70000000,37343.57000000,36868.41000000,37105.11000000,6535.61628000
2023-11-28T08:00:00Z,37105.11000000,37568.28000000,36931.10000000,37513.19000000,8706.89170000
2023-11-28T16:00:00Z,37513.20000000,38377.00000000,37513.19000000,37818.87000000,22301.95869000
2023-11-29T00:00:00Z,37818.88000000,38235.36000000,37677.96000000,38096.69000000,8711.96854000
2023-11-29T08:00:00Z,38096.70000000,38450.00000000,37570.00000000,37830.75000000,16677.35212000
2023-11-29T16:00:00Z,37830.74000000,37932.77000000,37580.85000000,37854.64000000,7604.87041000
2023-11-30T00:00:00Z,37854.65000000,38145.85000000,37686.84000000,37792.98000000,8063.23931000
2023-11-30T08:00:00Z,37792.98000000,37966.94000000,37500.00000000,37619.84000000,11426.92646000
2023-11-30T16:00:00Z,37619.85000000,37809.99000000,37535.00000000,37723.96000000,5250.12570000
2023-12-01T00:00:00Z,37723.97000000,38348.00000000,37615.86000000,38244.08000000,11945.74966000
2023-12-01T08:00:00Z,38244.08000000,38833.00000000,38215.00000000,38413.50000000,17952.58163000
2023-12-01T16:00:00Z,38413.51000000,38999.00000000,38395.00000000,38682.52000000,13517.33195000
2023-12-02T00:00:00Z,38682.51000000,38826.94000000,38641.61000000,38702.48000000,4275.16151000
2023-12-02T08:00:00Z,38702.48000000,38869.36000000,38651.10000000,38811.75000000,5374.56450000
2023-12-02T16:00:00Z,38811.76000000,39717.14000000,38703.44000000,39450.35000000,17047.19560000
2023-12-03T00:00:00Z,39450.35000000,39555.53000000,39274.86000000,39478.72000000,5413.27144000
2023-12-03T08:00:00Z,39478.71000000,39805.93000000,39381.34000000,39760.42000000,7744.66621000
2023-12-03T16:00:00Z,39760.42000000,40250.00000000,39430.01000000,39972.26000000,13552.71570000
2023-12-04T00:00:00Z,39972.26000000,41750.00000000,39972.26000000,41441.10000000,26480.56314000
2023-12-04T08:00:00Z,41441.10000000,42154.83000000,41144.87000000,41270.33000000,33671.21752000
2023-12-04T16:00:00Z,41270.32000000,42420.00000000,41179.55000000,41991.10000000,19120.54993000
2023-12-05T00:00:00Z,41991.10000000,41991.10000000,41414.00000000,41528.00000000,12071.33597000
2023-12-05T08:00:00Z,41528.00000000,42497.00000000,41420.00000000,42268.29000000,16385.80836000
2023-12-05T16:00:00Z,42268.28000000,44488.00000000,42133.66000000,44073.32000000,39033.60211000
2023-12-06T00:00:00Z,44073.82000000,44146.08000000,43444.00000000,43688.87000000,15251.16829000
2023-12-06T08:00:00Z,43688.87000000,44297.21000000,43335.28000000,43785.20000000,23256.36069000
2023-12-06T16:00:00Z,43785.20000000,44146.71000000,43600.78000000,43762.69000000,12923.57594000
2023-12-07T00:00:00Z,43762.69000000,44047.33000000,43710.00000000,43884.01000000,6932.12293000
2023-12-07T08:00:00Z,43884.01000000,43925.00000000,42821.10000000,43659.99000000,23869.78023000
2023-12-07T16:00:00Z,43659.99000000,43755.26000000,43058.42000000,43273.14000000,16301.36529000
2023-12-08T00:00:00Z,43273.15000000,43550.00000000,43117.38000000,43166.01000000,11338.12739000
2023-12-08T08:00:00Z,43166.01000000,44030.16000000,43081.10000000,43760.94000000,16534.98704000
2023-12-08T16:00:00Z,43760.94000000,44700.00000000,43638.68000000,44170.99000000,15027.26113000
2023-12-09T00:00:00Z,44171.00000000,44358.02000000,44043.61000000,44180.22000000,7251.54959000
2023-12-09T08:00:00Z,44180.21000000,44191.58000000,43720.00000000,44045.10000000,10827.57238000
2023-12-09T16:00:00Z,44045.09000000,44084.55000000,43584.51000000,43713.60000000,6846.84811000
2023-12-10T00:00:00Z,43713.59000000,44016.00000000,43672.00000000,43966.44000000,4629.30167000
2023-12-10T08:00:00Z,43966.44000000,44049.00000000,43603.88000000,43903.73000000,7081.31224000
2023-12-10T16:00:00Z,43903.74000000,44046.00000000,43563.00000000,43789.51000000,7246.00367000
2023-12-11T00:00:00Z,43789.50000000,43804.50000000,40400.00000000,42132.51000000,30992.13037000
2023-12-11T08:00:00Z,42132.52000000,42481.10000000,41655.18000000,41803.44000000,17615.90339000
2023-12-11T16:00:00Z,41803.43000000,41857.08000000,40222.00000000,41253.40000000,28055.86428000
2023-12-12T00:00:00Z,41253.41000000,42068.91000000,41178.28000000,41916.27000000,13496.05551000
2023-12-12T08:00:00Z,41916.26000000,42104.12000000,41161.10000000,41348.00000000,14789.37314000
2023-12-12T16:00:00Z,41347.99000000,41555.00000000,40680.00000000,41492.39000000,14437.26908000
2023-12-13T00:00:00Z,41492.38000000,41506.00000000,40555.00000000,41115.27000000,12171.84422000
2023-12-13T08:00:00Z,41115.28000000,41955.22000000,40953.17000000,41939.18000000,12418.88402000
2023-12-13T16:00:00Z,41939.17000000,43475.20000000,41715.70000000,42869.03000000,21275.26949000
2023-12-14T00:00:00Z,42869.03000000,43110.00000000,42648.95000000,42898.98000000,9467.32714000
2023-12-14T08:00:00Z,42898.98000000,43367.83000000,41400.00000000,42448.28000000,19353.14816000
2023-12-14T16:00:00Z,42448.28000000,43420.00000000,42448.28000000,43022.26000000,13226.58179000
2023-12-15T00:00:00Z,43022.26000000,43080.81000000,42479.14000000,42699.99000000,8634.96216000
2023-12-15T08:00:00Z,42699.99000000,43026.33000000,41666.00000000,41909.56000000,14953.46184000
2023-12-15T16:00:00Z,41909.56000000,42264.03000000,41696.09000000,41940.30000000,9833.36920000
2023-12-16T00:00:00Z,41940.29000000,42410.99000000,41605.00000000,42222.67000000,7071.20633000
2023-12-16T08:00:00Z,42222.67000000,42611.08000000,42097.18000000,42604.00000000,7688.84224000
2023-12-16T16:00:00Z,42603.99000000,42724.43000000,42118.45000000,42278.03000000,9358.80890000
2023-12-17T00:00:00Z,42278.02000000,42298.82000000,41771.62000000,41886.75000000,6799.83958000
2023-12-17T08:00:00Z,41886.75000000,42020.17000000,41510.00000000,41811.37000000,8755.18475000
2023-12-17T16:00:00Z,41811.37000000,42424.07000000,41252.00000000,41374.65000000,12167.09019000
2023-12-18T00:00:00Z,41374.64000000,41470.10000000,40801.00000000,41126.02000000,13065.23169000
2023-12-18T08:00:00Z,41126.01000000,41750.00000000,40542.93000000,41265.96000000,19412.98413000
2023-12-18T16:00:00Z,41265.95000000,42757.81000000,41146.83000000,42657.80000000,14255.87668000
2023-12-19T00:00:00Z,42657.80000000,43497.00000000,42567.69000000,43036.16000000,14101.18899000
2023-12-19T08:00:00Z,43036.17000000,43268.74000000,42232.00000000,42486.86000000,14833.57085000
2023-12-19T16:00:00Z,42486.85000000,42646.66000000,41811.10000000,42275.99000000,11993.10460000
2023-12-20T00:00:00Z,42275.99000000,43041.00000000,42206.00000000,42924.23000000,9431.35315000
2023-12-20T08:00:00Z,42924.23000000,44283.00000000,42675.00000000,44027.20000000,22672.07135000
2023-12-20T16:00:00Z,44027.20000000,44250.00000000,43230.17000000,43668.93000000,16606.87020000
2023-12-21T00:00:00Z,43668.92000000,43877.75000000,43286.72000000,43764.50000000,8729.39829000
2023-12-21T08:00:00Z,43764.49000000,44242.35000000,43380.00000000,43823.99000000,15377.51616000
2023-12-21T16:00:00Z,43824.00000000,44119.20000000,43370.40000000,43861.80000000,10517.37939000
2023-12-22T00:00:00Z,43861.79000000,44398.26000000,43534.47000000,43584.37000000,12249.40011000
2023-12-22T08:00:00Z,43584.37000000,43839.22000000,43412.54000000,43671.10000000,11572.68554000
2023-12-22T16:00:00Z,43671.10000000,44048.16000000,43481.14000000,43969.04000000,8961.11073000
2023-12-23T00:00:00Z,43969.04000000,43988.68000000,43291.10000000,43562.32000000,6835.62698000
2023-12-23T08:00:00Z,43562.31000000,43856.00000000,43490.01000000,43756.24000000,5188.15923000
2023-12-23T16:00:00Z,43756.24000000,43850.00000000,43632.77000000,43702.16000000,4533.34309000
2023-12-24T00:00:00Z,43702.15000000,43946.00000000,43401.00000000,43651.17000000,7600.03834000
2023-12-24T08:00:00Z,43651.17000000,43864.08000000,43405.00000000,43680.23000000,6573.64857000
2023-12-24T16:00:00Z,43680.23000000,43713.86000000,42500.00000000,42991.50000000,10970.64805000
2023-12-25T00:00:00Z,42991.50000000,43335.13000000,42720.43000000,43208.15000000,6699.31676000
2023-12-25T08:00:00Z,43208.15000000,43802.32000000,43045.43000000,43618.00000000,10773.76923000
2023-12-25T16:00:00Z,43618.01000000,43720.96000000,43328.14000000,43576.13000000,9548.15393000
2023-12-26T00:00:00Z,43576.12000000,43592.68000000,42545.00000000,42774.12000000,12242.07296000
2023-12-26T08:00:00Z,42774.12000000,42827.68000000,42150.00000000,42391.50000000,14471.14987000
2023-12-26T16:00:00Z,42391.51000000,42591.89000000,41637.60000000,42508.93000000,14296.81999000
2023-12-27T00:00:00Z,42508.93000000,42542.00000000,42098.69000000,42455.83000000,6940.59561000
2023-12-27T08:00:00Z,42455.82000000,43220.00000000,42399.72000000,42980.65000000,15835.19341000
2023-12-27T16:00:00Z,42980.64000000,43677.00000000,42862.56000000,43428.85000000,13415.42234000
2023-12-28T00:00:00Z,43428.86000000,43787.57000000,42794.11000000,43049.17000000,12298.25557000
2023-12-28T08:00:00Z,43049.17000000,43192.17000000,42401.01000000,42445.99000000,13004.71158000
2023-12-28T16:00:00Z,42445.99000000,42745.97000000,42241.79000000,42563.76000000,9847.55770000
2023-12-29T00:00:00Z,42563.76000000,42800.00000000,42088.92000000,42273.34000000,12256.46487000
2023-12-29T08:00:00Z,42273.35000000,43111.00000000,42106.64000000,42271.09000000,13153.21870000
2023-12-29T16:00:00Z,42271.09000000,42351.10000000,41300.00000000,42066.95000000,17187.50555000
2023-12-30T00:00:00Z,42066.94000000,42209.22000000,41820.00000000,41947.16000000,5554.02507000
2023-12-30T08:00:00Z,41947.16000000,42430.00000000,41520.30000000,42374.96000000,9258.12698000
2023-12-30T16:00:00Z,42374.97000000,42612.32000000,42079.97000000,42140.28000000,8094.42613000
2023-12-31T00:00:00Z,42140.29000000,42693.00000000,41965.84000000,42537.10000000,7059.64183000
2023-12-31T08:00:00Z,42537.10000000,42899.00000000,42352.76000000,42457.17000000,8029.77274000
2023-12-31T16:00:00Z,42457.17000000,42719.80000000,42056.00000000,42283.58000000,8496.50146000
2024-01-01T00:00:00Z,42283.58000000,42775.00000000,42180.77000000,42492.46000000,6655.08215000
2024-01-01T08:00:00Z,42492.46000000,42847.07000000,42452.58000000,42783.05000000,5885.24680000
2024-01-01T16:00:00Z,42783.05000000,44184.10000000,42664.42000000,44179.55000000,14633.97008000
2024-01-02T00:00:00Z,44179.55000000,45643.75000000,44148.34000000,45455.53000000,25481.70961000
2024-01-02T08:00:00Z,45455.52000000,45879.63000000,44833.33000000,45184.82000000,23263.52373000
2024-01-02T16:00:00Z,45184.83000000,45399.84000000,44600.00000000,44946.91000000,16401.17327000
2024-01-03T00:00:00Z,44946.91000000,45410.91000000,44862.11000000,45011.77000000,9441.80113000
2024-01-03T08:00:00Z,45011.77000000,45500.00000000,40750.00000000,43000.01000000,48721.67988000
2024-01-03T16:00:00Z,43000.01000000,43567.92000000,42000.00000000,42845.23000000,23031.07072000
2024-01-04T00:00:00Z,42845.23000000,43273.08000000,42613.77000000,42763.08000000,10931.53484000
2024-01-04T08:00:00Z,42763.08000000,44329.99000000,42616.28000000,44051.10000000,18345.41972000
2024-01-04T16:00:00Z,44051.10000000,44729.58000000,43777.86000000,44151.10000000,18761.10878000
2024-01-05T00:00:00Z,44151.10000000,44284.00000000,42450.00000000,43777.47000000,16671.11295000
2024-01-05T08:00:00Z,43777.48000000,44324.80000000,43100.00000000,43500.01000000,17099.91763000
2024-01-05T16:00:00Z,43500.01000000,44357.46000000,43100.46000000,44145.11000000,14304.22269000
2024-01-06T00:00:00Z,44145.12000000,44214.42000000,43397.05000000,43653.20000000,7366.25949000
2024-01-06T08:00:00Z,43653.20000000,43920.08000000,43527.27000000,43867.17000000,5059.68835000
2024-01-06T16:00:00Z,43867.17000000,44148.58000000,43611.19000000,43968.32000000,5409.11360000
2024-01-07T00:00:00Z,43968.32000000,44259.29000000,43833.40000000,44080.00000000,5744.55564000
2024-01-07T08:00:00Z,44080.00000000,44480.59000000,43880.65000000,44047.57000000,8996.72412000
2024-01-07T16:00:00Z,44047.57000000,44269.92000000,43572.09000000,43929.02000000,8282.57104000
2024-01-08T00:00:00Z,43929.01000000,44341.80000000,43175.00000000,43974.55000000,14529.42319000
2024-01-08T08:00:00Z,43974.55000000,45333.00000000,43641.73000000,44963.04000000,23848.80645000
2024-01-08T16:00:00Z,44963.04000000,47248.99000000,44793.97000000,46951.04000000,34436.34625000
2024-01-09T00:00:00Z,46951.04000000,47150.00000000,46230.00000000,46825.51000000,14809.53912000
2024-01-09T08:00:00Z,46825.52000000,47051.21000000,45450.00000000,46868.09000000,21830.65849000
2024-01-09T16:00:00Z,46868.08000000,47972.00000000,44748.67000000,46110.00000000,33287.46856000
2024-01-10T00:00:00Z,46110.00000000,46249.14000000,45622.00000000,45757.98000000,11405.82763000
2024-01-10T08:00:00Z,45757.98000000,45861.10000000,44300.36000000,45546.40000000,25890.46284000
2024-01-10T16:00:00Z,45546.39000000,47695.93000000,44800.00000000,46653.99000000,52615.12156000
2024-01-11T00:00:00Z,46654.00000000,46750.00000000,45618.10000000,46101.40000000,15516.78835000
2024-01-11T08:00:00Z,46101.40000000,48969.48000000,46052.00000000,46783.78000000,44857.29088000
2024-01-11T16:00:00Z,46783.77000000,47022.07000000,45606.06000000,46339.16000000,27096.25037000
2024-01-12T00:00:00Z,46339.16000000,46515.53000000,45742.49000000,46008.19000000,11143.70872000
2024-01-12T08:00:00Z,46008.19000000,46267.00000000,44333.44000000,44462.01000000,26234.92221000
2024-01-12T16:00:00Z,44462.00000000,44675.88000000,41500.00000000,42782.73000000,48949.30614000
2024-01-13T00:00:00Z,42782.74000000,43254.03000000,42436.12000000,43102.97000000,16183.35651000
2024-01-13T08:00:00Z,43102.97000000,43257.00000000,42505.00000000,43154.48000000,13025.65669000
2024-01-13T16:00:00Z,43154.48000000,43185.00000000,42699.52000000,42847.99000000,6909.46144000
2024-01-14T00:00:00Z,42847.99000000,43060.00000000,42562.56000000,43011.44000000,5805.92637000
2024-01-14T08:00:00Z,43011.44000000,43079.00000000,42710.00000000,42904.38000000,6521.14283000
2024-01-14T16:00:00Z,42904.39000000,43010.84000000,41720.00000000,41732.35000000,15901.33974000
2024-01-15T00:00:00Z,41732.35000000,42824.68000000,41718.05000000,42714.78000000,10211.81510000
2024-01-15T08:00:00Z,42714.78000000,42958.03000000,42163.32000000,42278.99000000,12408.25813000
2024-01-15T16:00:00Z,42278.99000000,43400.43000000,42249.00000000,42511.10000000,17649.81980000
2024-01-16T00:00:00Z,42511.10000000,42946.05000000,42466.88000000,42791.13000000,7673.52888000
2024-01-16T08:00:00Z,42791.14000000,43314.73000000,42050.00000000,43252.67000000,22817.23161000
2024-01-16T16:00:00Z,43252.45000000,43578.01000000,42834.29000000,43137.95000000,14554.98540000
2024-01-17T00:00:00Z,43137.94000000,43198.00000000,42619.60000000,42655.94000000,7324.18864000
2024-01-17T08:00:00Z,42655.95000000,42926.02000000,42365.58000000,42482.79000000,13955.64906000
2024-01-17T16:00:00Z,42482.80000000,42876.48000000,42200.69000000,42776.10000000,11986.37618000
2024-01-18T00:00:00Z,42776.09000000,42922.00000000,42502.19000000,42915.33000000,6170.36575000
2024-01-18T08:00:00Z,42915.32000000,42930.00000000,42353.80000000,42619.32000000,10153.66789000
2024-01-18T16:00:00Z,42619.31000000,42619.32000000,40683.28000000,41327.50000000,27583.48277000
2024-01-19T00:00:00Z,41327.51000000,41576.00000000,40752.26000000,41284.25000000,10999.82532000
2024-01-19T08:00:00Z,41284.26000000,41509.69000000,40718.00000000,40894.71000000,13693.65898000
2024-01-19T16:00:00Z,40894.71000000,42196.86000000,40280.00000000,41659.03000000,23649.26129000
2024-01-20T00:00:00Z,41659.03000000,41774.00000000,41456.30000000,41650.95000000,5097.82132000
2024-01-20T08:00:00Z,41650.95000000,41700.00000000,41459.02000000,41570.11000000,6014.99482000
2024-01-20T16:00:00Z,41570.10000000,41872.56000000,41526.36000000,41696.04000000,4811.17879000
2024-01-21T00:00:00Z,41696.05000000,41730.00000000,41564.29000000,41648.51000000,2799.53049000
2024-01-21T08:00:00Z,41648.50000000,41881.39000000,41605.00000000,41656.28000000,4783.07931000
2024-01-21T16:00:00Z,41656.27000000,41811.10000000,41500.98000000,41580.33000000,4147.55321000
2024-01-22T00:00:00Z,41580.32000000,41689.65000000,40684.00000000,41043.70000000,11915.17795000
2024-01-22T08:00:00Z,41043.70000000,41244.06000000,40350.00000000,40771.99000000,18113.56187000
2024-01-22T16:00:00Z,40772.00000000,40874.99000000,39431.58000000,39568.02000000,25397.45929000
2024-01-23T00:00:00Z,39568.02000000,40176.74000000,39511.10000000,39780.00000000,8299.18134000
2024-01-23T08:00:00Z,39780.01000000,39860.00000000,38555.00000000,39204.00000000,30550.71881000
2024-01-23T16:00:00Z,39204.00000000,39907.23000000,38925.20000000,39897.60000000,19106.73336000
2024-01-24T00:00:00Z,39897.59000000,40250.00000000,39557.01000000,39981.09000000,14017.17396000
2024-01-24T08:00:00Z,39981.09000000,40555.00000000,39766.00000000,40050.71000000,14553.84382000
2024-01-24T16:00:00Z,40050.72000000,40207.00000000,39484.19000000,40084.88000000,10722.81083000
2024-01-25T00:00:00Z,40084.89000000,40178.84000000,39792.01000000,40130.00000000,7132.82951000
2024-01-25T08:00:00Z,40130.00000000,40300.24000000,39623.40000000,39804.24000000,12776.81791000
2024-01-25T16:00:00Z,39804.23000000,40044.91000000,39550.00000000,39961.09000000,11112.47111000
2024-01-26T00:00:00Z,39961.09000000,40245.00000000,39822.52000000,39969.99000000,6575.57237000
2024-01-26T08:00:00Z,39970.00000000,41588.00000000,39962.14000000,41422.99000000,23675.46873000
2024-01-26T16:00:00Z,41422.98000000,42246.82000000,41405.31000000,41823.51000000,17133.92616000
2024-01-27T00:00:00Z,41823.51000000,41933.17000000,41602.01000000,41710.14000000,5161.43354000
2024-01-27T08:00:00Z,41710.15000000,41894.87000000,41394.34000000,41814.00000000,5853.96154000
2024-01-27T16:00:00Z,41813.99000000,42200.00000000,41745.26000000,42120.63000000,5209.02159000
2024-01-28T00:00:00Z,42120.63000000,42842.68000000,41925.00000000,42388.82000000,11785.80467000
2024-01-28T08:00:00Z,42388.82000000,42698.00000000,42155.55000000,42258.01000000,8426.65621000
2024-01-28T16:00:00Z,42258.00000000,42354.70000000,41620.81000000,42031.06000000,7082.53750000
2024-01-29T00:00:00Z,42031.05000000,42504.00000000,41874.94000000,42053.46000000,6173.53823000
2024-01-29T08:00:00Z,42053.45000000,42647.27000000,41804.88000000,42641.75000000,9968.01012000
2024-01-29T16:00:00Z,42641.75000000,43333.00000000,42518.00000000,43302.70000000,15401.19372000
2024-01-30T00:00:00Z,43302.71000000,43787.35000000,43133.90000000,43358.25000000,10114.87793000
2024-01-30T08:00:00Z,43358.24000000,43882.36000000,43114.13000000,43375.50000000,13944.40876000
2024-01-30T16:00:00Z,43375.50000000,43760.00000000,42683.99000000,42941.10000000,13559.95877000
2024-01-31T00:00:00Z,42941.10000000,43107.77000000,42655.07000000,43050.01000000,7752.98547000
2024-01-31T08:00:00Z,43050.01000000,43465.02000000,42355.00000000,43361.10000000,14254.98538000
2024-01-31T16:00:00Z,43361.11000000,43745.11000000,42276.84000000,42580.00000000,17863.16603000
2024-02-01T00:00:00Z,42580.00000000,42687.63000000,41884.28000000,42190.16000000,10972.01455000
2024-02-01T08:00:00Z,42190.15000000,42946.60000000,41944.89000000,42516.12000000,11861.09449000
2024-02-01T16:00:00Z,42516.12000000,43285.13000000,42364.00000000,43082.94000000,12397.93760000
2024-02-02T00:00:00Z,43082.95000000,43432.63000000,42943.71000000,43086.89000000,8310.69788000
2024-02-02T08:00:00Z,43086.90000000,43250.00000000,42546.79000000,43242.09000000,12588.30086000
2024-02-02T16:00:00Z,43242.10000000,43488.00000000,42783.09000000,43200.00000000,8773.14544000
2024-02-03T00:00:00Z,43199.99000000,43380.01000000,43040.00000000,43053.05000000,3569.33903000
2024-02-03T08:00:00Z,43053.05000000,43190.00000000,42880.00000000,43119.06000000,4316.38705000
2024-02-03T16:00:00Z,43119.06000000,43270.00000000,42953.33000000,43011.09000000,4147.68390000
2024-02-04T00:00:00Z,43011.10000000,43068.79000000,42720.07000000,42845.03000000,3665.28790000
2024-02-04T08:00:00Z,42845.03000000,43119.04000000,42741.60000000,42943.21000000,5122.66685000
2024-02-04T16:00:00Z,42943.20000000,42985.73000000,42222.00000000,42582.88000000,8278.93929000
2024-02-05T00:00:00Z,42582.88000000,43176.39000000,42258.10000000,43071.88000000,7891.31275000
2024-02-05T08:00:00Z,43071.87000000,43569.76000000,42600.11000000,42644.03000000,12084.60276000
2024-02-05T16:00:00Z,42644.04000000,42869.66000000,42330.52000000,42708.70000000,9491.84354000
2024-02-06T00:00:00Z,42708.70000000,42960.01000000,42574.00000000,42890.00000000,5098.45850000
2024-02-06T08:00:00Z,42889.99000000,43270.89000000,42658.00000000,43244.89000000,11529.41103000
2024-02-06T16:00:00Z,43244.89000000,43399.98000000,43000.00000000,43098.95000000,8047.98480000
2024-02-07T00:00:00Z,43098.96000000,43192.00000000,42788.00000000,42918.03000000,5441.35114000
2024-02-07T08:00:00Z,42918.02000000,43325.03000000,42838.01000000,43071.08000000,8476.05394000
2024-02-07T16:00:00Z,43071.08000000,44396.50000000,43013.75000000,44349.60000000,20475.19407000
2024-02-08T00:00:00Z,44349.60000000,44780.00000000,44331.10000000,44513.24000000,12310.71195000
2024-02-08T08:00:00Z,44513.25000000,45467.14000000,44513.24000000,45432.30000000,17771.68081000
2024-02-08T16:00:00Z,45432.30000000,45614.30000000,44890.00000000,45288.65000000,15357.22955000
2024-02-09T00:00:00Z,45288.66000000,46425.03000000,45242.12000000,46202.00000000,16293.77284000
2024-02-09T08:00:00Z,46202.01000000,47719.44000000,46201.53000000,47159.99000000,32770.57298000
2024-02-09T16:00:00Z,47159.99000000,48200.00000000,47035.92000000,47132.77000000,24439.13518000
2024-02-10T00:00:00Z,47132.78000000,47504.00000000,47044.88000000,47151.72000000,6056.32984000
2024-02-10T08:00:00Z,47151.72000000,47378.41000000,46800.00000000,47353.48000000,8171.81411000
2024-02-10T16:00:00Z,47353.48000000,48170.00000000,47154.52000000,47751.09000000,10574.21541000
2024-02-11T00:00:00Z,47751.08000000,48592.66000000,47557.16000000,48179.52000000,11205.37388000
2024-02-11T08:00:00Z,48179.51000000,48469.07000000,47922.33000000,48150.43000000,9373.21021000
2024-02-11T16:00:00Z,48150.43000000,48394.29000000,47948.38000000,48299.99000000,9380.22428000
2024-02-12T00:00:00Z,48300.00000000,48826.81000000,47755.81000000,48203.98000000,12168.60539000
2024-02-12T08:00:00Z,48203.98000000,49950.00000000,47710.01000000,49917.80000000,22166.32143000
2024-02-12T16:00:00Z,49917.80000000,50334.82000000,49372.22000000,49917.27000000,24675.04023000
2024-02-13T00:00:00Z,49917.28000000,50368.61000000,49724.33000000,49983.09000000,10230.27828000
2024-02-13T08:00:00Z,49983.09000000,50247.00000000,48400.00000000,48727.47000000,28183.36700000
2024-02-13T16:00:00Z,48727.47000000,49775.00000000,48300.95000000,49699.59000000,17137.92178000
2024-02-14T00:00:00Z,49699.60000000,49877.22000000,49225.01000000,49838.93000000,7205.37782000
2024-02-14T08:00:00Z,49838.93000000,52043.71000000,49741.19000000,51590.00000000,35335.67553000
2024-02-14T16:00:00Z,51590.00000000,51888.00000000,51200.24000000,51795.17000000,14505.32066000
2024-02-15T00:00:00Z,51795.17000000,52500.00000000,51634.01000000,51776.61000000,15643.85257000
2024-02-15T08:00:00Z,51776.60000000,52816.62000000,51650.00000000,51948.23000000,20696.80299000
2024-02-15T16:00:00Z,51948.24000000,52380.00000000,51314.00000000,51880.00000000,17475.37499000
2024-02-16T00:00:00Z,51880.01000000,52343.28000000,51700.00000000,51731.99000000,10836.17494000
2024-02-16T08:00:00Z,51732.00000000,52572.08000000,51566.00000000,51888.01000000,19215.47081000
2024-02-16T16:00:00Z,51888.01000000,52245.00000000,51655.00000000,52124.11000000,7720.60743000
2024-02-17T00:00:00Z,52124.10000000,52162.82000000,51792.00000000,51911.33000000,3562.54080000
2024-02-17T08:00:00Z,51911.34000000,51911.34000000,50625.00000000,50984.56000000,13475.84858000
2024-02-17T16:00:00Z,50984.56000000,52030.18000000,50741.10000000,51642.64000000,8635.61684000
2024-02-18T00:00:00Z,51642.64000000,51798.99000000,51163.28000000,51671.10000000,6011.11553000
2024-02-18T08:00:00Z,51671.10000000,52069.00000000,51535.01000000,51773.99000000,6969.00946000
2024-02-18T16:00:00Z,51774.00000000,52377.00000000,51587.40000000,52137.67000000,9011.97864000
2024-02-19T00:00:00Z,52137.68000000,52488.77000000,51904.83000000,52394.04000000,9047.04701000
2024-02-19T08:00:00Z,52394.04000000,52454.11000000,52027.00000000,52127.99000000,10342.41476000
2024-02-19T16:00:00Z,52127.99000000,52230.00000000,51677.00000000,51774.73000000,10145.53255000
2024-02-20T00:00:00Z,51774.74000000,52039.91000000,51311.00000000,51839.28000000,8982.98504000
2024-02-20T08:00:00Z,51839.28000000,52985.00000000,51340.00000000,51680.00000000,24748.76634000
2024-02-20T16:00:00Z,51679.99000000,52517.30000000,50760.37000000,52258.82000000,15882.72180000
2024-02-21T00:00:00Z,52258.82000000,52366.80000000,51452.45000000,51568.64000000,7433.60094000
2024-02-21T08:00:00Z,51568.64000000,51787.04000000,50625.00000000,51156.00000000,21033.92544000
2024-02-21T16:00:00Z,51156.00000000,51950.01000000,50649.28000000,51849.39000000,14611.87411000
2024-02-22T00:00:00Z,51849.38000000,51910.32000000,51153.69000000,51827.63000000,9111.52468000
2024-02-22T08:00:00Z,51827.63000000,52034.12000000,50940.78000000,51602.40000000,14110.34943000
2024-02-22T16:00:00Z,51602.41000000,52065.78000000,51184.04000000,51288.42000000,12087.57163000
2024-02-23T00:00:00Z,51288.42000000,51548.54000000,50889.00000000,50915.96000000,8654.45423000
2024-02-23T08:00:00Z,50915.95000000,51333.47000000,50800.32000000,50911.11000000,13064.92135000
2024-02-23T16:00:00Z,50911.10000000,51195.18000000,50521.00000000,50744.15000000,8826.41986000
2024-02-24T00:00:00Z,50744.15000000,51103.87000000,50585.00000000,51068.70000000,5199.79506000
2024-02-24T08:00:00Z,51068.70000000,51180.41000000,50953.00000000,51099.34000000,4440.77582000
2024-02-24T16:00:00Z,51099.35000000,51698.00000000,51094.99000000,51568.22000000,6919.85022000
2024-02-25T00:00:00Z,51568.21000000,51898.72000000,51438.88000000,51719.28000000,5909.07190000
2024-02-25T08:00:00Z,51719.28000000,51780.00000000,51436.67000000,51524.02000000,5013.25859000
2024-02-25T16:00:00Z,51524.02000000,51958.55000000,51279.80000000,51728.85000000,7799.30110000
2024-02-26T00:00:00Z,51728.85000000,51796.50000000,51288.18000000,51293.26000000,5815.17774000
2024-02-26T08:00:00Z,51293.26000000,52847.84000000,50901.44000000,52842.32000000,17190.06939000
2024-02-26T16:00:00Z,52842.33000000,54910.00000000,52753.28000000,54476.47000000,28251.47486000
2024-02-27T00:00:00Z,54476.48000000,57073.84000000,54450.13000000,56059.08000000,26036.10034000
2024-02-27T08:00:00Z,56059.09000000,57416.93000000,56023.80000000,56745.66000000,23965.85507000
2024-02-27T16:00:00Z,56745.66000000,57588.15000000,56209.00000000,57037.34000000,17193.03021000
2024-02-28T00:00:00Z,57037.35000000,58379.57000000,56691.85000000,58241.10000000,11240.41749000
2024-02-28T08:00:00Z,58241.09000000,61360.00000000,58171.11000000,60966.22000000,45593.12114000
2024-02-28T16:00:00Z,60966.22000000,64000.00000000,58700.00000000,62432.10000000,61929.93121000
2024-02-29T00:00:00Z,62432.11000000,63676.35000000,61021.10000000,62707.17000000,25015.18308000
2024-02-29T08:00:00Z,62707.17000000,63531.88000000,62051.11000000,62768.02000000,24895.54637000
2024-02-29T16:00:00Z,62768.01000000,62879.30000000,60364.70000000,61130.98000000,28514.34658000
2024-03-01T00:00:00Z,61130.99000000,61772.82000000,60777.00000000,61434.00000000,12064.98145000
2024-03-01T08:00:00Z,61434.00000000,62677.06000000,61131.01000000,61263.99000000,18423.55896000
2024-03-01T16:00:00Z,61263.98000000,63114.23000000,61234.00000000,62387.90000000,17249.39432000
2024-03-02T00:00:00Z,62387.90000000,62433.19000000,61752.30000000,62011.85000000,10288.26836000
2024-03-02T08:00:00Z,62011.85000000,62167.79000000,61561.12000000,61771.20000000,8712.92273000
2024-03-02T16:00:00Z,61771.21000000,62200.00000000,61625.00000000,61987.28000000,6533.54550000
2024-03-03T00:00:00Z,61987.28000000,62100.00000000,61320.00000000,61598.00000000,7958.55667000
2024-03-03T08:00:00Z,61598.01000000,62640.18000000,61393.83000000,62164.63000000,10628.75876000
2024-03-03T16:00:00Z,62164.63000000,63231.88000000,62088.00000000,63113.97000000,10407.59360000
2024-03-04T00:00:00Z,63113.97000000,64300.00000000,62300.00000000,64066.62000000,19218.67528000
2024-03-04T08:00:00Z,64066.62000000,66580.29000000,64000.11000000,66451.65000000,32692.28306000
2024-03-04T16:00:00Z,66451.65000000,68499.00000000,66039.31000000,68245.71000000,32924.20171000
2024-03-05T00:00:00Z,68245.71000000,68686.80000000,65089.00000000,66129.64000000,29228.55376000
2024-03-05T08:00:00Z,66129.64000000,69000.00000000,65515.15000000,66773.05000000,34447.13949000
2024-03-05T16:00:00Z,66773.05000000,66996.36000000,59005.00000000,63724.01000000,69021.08805000
2024-03-06T00:00:00Z,63724.01000000,66761.10000000,62779.14000000,66676.46000000,24704.04754000
2024-03-06T08:00:00Z,66676.46000000,67641.10000000,64664.92000000,66481.12000000,35716.84169000
2024-03-06T16:00:00Z,66481.12000000,67465.00000000,65714.17000000,66074.04000000,18317.96568000
2024-03-07T00:00:00Z,66074.04000000,66469.05000000,65551.00000000,66387.78000000,14428.10931000
2024-03-07T08:00:00Z,66387.77000000,67899.00000000,66341.11000000,67260.01000000,22168.12875000
2024-03-07T16:00:00Z,67260.01000000,67980.00000000,66810.32000000,66823.17000000,16463.64884000
2024-03-08T00:00:00Z,66823.18000000,67640.45000000,66757.00000000,67223.02000000,11164.96909000
2024-03-08T08:00:00Z,67223.02000000,69990.00000000,67038.71000000,67617.60000000,29162.22593200
2024-03-08T16:00:00Z,67617.60000000,69379.00000000,66082.66000000,68124.19000000,33934.73782000
2024-03-09T00:00:00Z,68124.20000000,68541.10000000,67861.10000000,68288.64000000,7368.22823000
2024-03-09T08:00:00Z,68288.64000000,68521.10000000,67933.93000000,68288.20000000,7320.38351000
2024-03-09T16:00:00Z,68288.19000000,68433.17000000,68000.00000000,68313.27000000,5184.28569000
2024-03-10T00:00:00Z,68313.28000000,69659.47000000,68200.00000000,69347.16000000,12541.09556000
2024-03-10T08:00:00Z,69347.16000000,69887.61000000,68641.10000000,69194.83000000,15952.77834000
2024-03-10T16:00:00Z,69194.83000000,69768.58000000,68094.75000000,68955.88000000,9910.79445000
2024-03-11T00:00:00Z,68955.88000000,71298.00000000,67024.96000000,71019.99000000,26470.79359800
2024-03-11T08:00:00Z,71019.99000000,72661.10000000,71019.99000000,72010.00000000,31605.22233600
2024-03-11T16:00:00Z,72010.01000000,72800.00000000,71760.00000000,72078.10000000,17216.80979200
2024-03-12T00:00:00Z,72078.10000000,72470.41000000,71301.00000000,72121.10000000,13864.02633000
2024-03-12T08:00:00Z,72121.10000000,73000.00000000,70800.00000000,71703.41000000,24439.90804100
2024-03-12T16:00:00Z,71703.41000000,71829.11000000,68620.82000000,71452.01000000,30479.61232000
2024-03-13T00:00:00Z,71452.00000000,73182.22000000,71333.31000000,72855.16000000,14813.13099200
2024-03-13T08:00:00Z,72855.15000000,73650.25000000,71634.52000000,72634.95000000,23628.10841500
2024-03-13T16:00:00Z,72634.95000000,73410.22000000,72350.00000000,73072.41000000,14218.47224000
2024-03-14T00:00:00Z,73072.40000000,73777.00000000,72500.00000000,73224.00000000,13204.47653600
2024-03-14T08:00:00Z,73224.00000000,73528.11000000,70543.64000000,70844.01000000,24964.62619000
2024-03-14T16:00:00Z,70844.00000000,71709.90000000,68555.00000000,71388.94000000,33588.52602000
2024-03-15T00:00:00Z,71388.94000000,72419.71000000,66699.00000000,68448.29000000,39652.15895000
2024-03-15T08:00:00Z,68448.28000000,68746.69000000,65600.00000000,68157.07000000,35203.33555000
2024-03-15T16:00:00Z,68157.07000000,70650.00000000,67413.80000000,69499.85000000,28478.54096000
2024-03-16T00:00:00Z,69499.84000000,70043.00000000,68600.00000000,69432.45000000,12258.38265000
2024-03-16T08:00:00Z,69432.45000000,69436.24000000,67524.00000000,68385.58000000,16464.69904000
2024-03-16T16:00:00Z,68385.58000000,68407.94000000,64780.00000000,65300.63000000,27203.87167000
2024-03-17T00:00:00Z,65300.64000000,66576.39000000,64533.00000000,65636.67000000,19775.48844000
2024-03-17T08:00:00Z,65636.68000000,68111.45000000,65290.00000000,67965.50000000,17304.04606000
2024-03-17T16:00:00Z,67965.51000000,68904.40000000,67769.86000000,68393.48000000,12662.68139000
2024-03-18T00:00:00Z,68393.47000000,68956.00000000,66800.00000000,68218.38000000,15828.18216000
2024-03-18T08:00:00Z,68218.38000000,68627.81000000,66628.68000000,67467.19000000,21230.29117000
2024-03-18T16:00:00Z,67467.19000000,68079.52000000,66565.20000000,67609.99000000,18632.60755000
2024-03-19T00:00:00Z,67610.00000000,68124.11000000,63577.00000000,64704.22000000,32359.13366000
2024-03-19T08:00:00Z,64704.23000000,64710.69000000,62410.78000000,64051.85000000,41581.34678000
2024-03-19T16:00:00Z,64051.85000000,65756.00000000,61555.00000000,61937.40000000,27064.84443000
2024-03-20T00:00:00Z,61937.41000000,63466.21000000,60775.00000000,62957.85000000,30665.22850000
2024-03-20T08:00:00Z,62957.85000000,64395.00000000,62640.00000000,63600.37000000,25679.25622000
2024-03-20T16:00:00Z,63600.37000000,68100.00000000,62022.00000000,67840.51000000,34076.10120000
2024-03-21T00:00:00Z,67840.51000000,68240.47000000,66072.20000000,66985.19000000,17323.84606000
2024-03-21T08:00:00Z,66985.19000000,67693.60000000,65885.96000000,66557.77000000,17070.40741000
2024-03-21T16:00:00Z,66557.77000000,67000.00000000,64529.01000000,65501.27000000,18963.22655000
2024-03-22T00:00:00Z,65501.28000000,66649.62000000,65120.01000000,66178.01000000,11865.79075000
2024-03-22T08:00:00Z,66178.01000000,66363.10000000,62601.11000000,63877.04000000,24143.80092000
2024-03-22T16:00:00Z,63877.04000000,64126.09000000,62260.00000000,63796.64000000,15472.78654000
2024-03-23T00:00:00Z,63796.64000000,64856.01000000,63000.00000000,64575.41000000,9025.50365000
2024-03-23T08:00:00Z,64575.41000000,65414.69000000,64186.21000000,65104.05000000,9065.57304000
2024-03-23T16:00:00Z,65104.06000000,65999.00000000,63861.66000000,63990.01000000,8319.03740000
2024-03-24T00:00:00Z,63990.02000000,64723.16000000,63772.29000000,64583.43000000,5619.83826000
2024-03-24T08:00:00Z,64583.44000000,65925.19000000,64476.00000000,65673.36000000,9838.28915000
2024-03-24T16:00:00Z,65673.36000000,67628.69000000,64600.01000000,67209.99000000,15937.65274000
2024-03-25T00:00:00Z,67210.00000000,67740.00000000,66385.06000000,66821.19000000,10298.68506000
2024-03-25T08:00:00Z,66821.19000000,70000.00000000,66747.65000000,69792.05000000,22955.00594000
2024-03-25T16:00:00Z,69792.06000000,71150.00000000,69440.18000000,69880.01000000,20177.45386000
2024-03-26T00:00:00Z,69880.00000000,71561.10000000,69732.80000000,70486.38000000,10888.09289000
2024-03-26T08:00:00Z,70486.38000000,71280.00000000,69280.00000000,70250.00000000,17097.82282000
2024-03-26T16:00:00Z,70250.01000000,70499.00000000,69401.72000000,69988.00000000,10948.46846000
2024-03-27T00:00:00Z,69987.99000000,70739.65000000,69640.00000000,69725.99000000,8566.10548000
2024-03-27T08:00:00Z,69726.00000000,71769.54000000,68534.01000000,68874.00000000,27501.24593000
2024-03-27T16:00:00Z,68873.99000000,69637.66000000,68359.18000000,69469.99000000,13052.00544000
2024-03-28T00:00:00Z,69469.99000000,70469.82000000,68903.62000000,70399.03000000,9147.93767000
2024-03-28T08:00:00Z,70399.04000000,71552.06000000,70292.44000000,71290.39000000,18108.46004000
2024-03-28T16:00:00Z,71290.38000000,71320.00000000,70404.00000000,70780.60000000,8182.63468000
2024-03-29T00:00:00Z,70780.60000000,70916.16000000,69746.33000000,69794.00000000,7051.00755000
2024-03-29T08:00:00Z,69794.01000000,70636.04000000,69009.00000000,69180.00000000,11752.63561000
2024-03-29T16:00:00Z,69179.99000000,69916.50000000,69078.62000000,69850.54000000,6641.44037000
2024-03-30T00:00:00Z,69850.53000000,70321.10000000,69710.00000000,69852.18000000,5202.98921000
2024-03-30T08:00:00Z,69852.18000000,70269.15000000,69811.37000000,69999.99000000,4034.06385000
2024-03-30T16:00:00Z,69999.99000000,70280.06000000,69540.00000000,69582.18000000,4407.55836000
2024-03-31T00:00:00Z,69582.17000000,70460.00000000,69562.99000000,70301.73000000,6462.99523000
2024-03-31T08:00:00Z,70301.72000000,70759.10000000,70147.77000000,70381.13000000,5553.41996000
2024-03-31T16:00:00Z,70381.13000000,71366.00000000,70321.86000000,71280.01000000,7379.92914000
2024-04-01T00:00:00Z,71280.00000000,71288.23000000,68888.00000000,69594.94000000,13117.31279000
2024-04-01T08:00:00Z,69594.94000000,70080.00000000,68161.48000000,68237.15000000,15796.64962000
2024-04-01T16:00:00Z,68237.15000000,69900.00000000,68062.86000000,69649.80000000,12531.35798000
2024-04-02T00:00:00Z,69649.81000000,69674.23000000,66000.00000000,66455.50000000,23555.95881000
2024-04-02T08:00:00Z,66455.50000000,66705.08000000,64588.58000000,64890.00000000,30701.64172000
2024-04-02T16:00:00Z,64889.99000000,66200.00000000,64550.00000000,65463.99000000,17542.22740000
2024-04-03T00:00:00Z,65463.99000000,66483.87000000,64493.07000000,66135.99000000,13872.93911000
2024-04-03T08:00:00Z,66135.98000000,66903.63000000,65538.06000000,65836.01000000,13813.36890000
2024-04-03T16:00:00Z,65836.02000000,66550.00000000,65451.62000000,65963.28000000,12200.90977000
2024-04-04T00:00:00Z,65963.27000000,66354.83000000,65064.52000000,66091.60000000,8509.45158000
2024-04-04T08:00:00Z,66091.59000000,67927.69000000,66028.00000000,67647.99000000,14223.94166000
2024-04-04T16:00:00Z,67648.00000000,69309.91000000,67320.00000000,68487.79000000,18777.09129000
2024-04-05T00:00:00Z,68487.80000000,68756.67000000,66380.00000000,66930.74000000,11432.56450000
2024-04-05T08:00:00Z,66930.75000000,68566.66000000,65952.56000000,68190.62000000,17701.88531000
2024-04-05T16:00:00Z,68190.62000000,68380.00000000,67316.00000000,67820.62000000,8780.78092000
2024-04-06T00:00:00Z,67820.63000000,68232.14000000,67447.83000000,67992.02000000,6247.20849000
2024-04-06T08:00:00Z,67992.02000000,68299.00000000,67527.78000000,68104.00000000,6211.12961000
2024-04-06T16:00:00Z,68104.01000000,69692.00000000,67948.83000000,68896.00000000,7675.95109000
2024-04-07T00:00:00Z,68896.00000000,69777.00000000,68824.00000000,69364.01000000,6577.14846000
2024-04-07T08:00:00Z,69364.00000000,69886.03000000,69199.01000000,69543.74000000,5917.83358000
2024-04-07T16:00:00Z,69543.73000000,70326.29000000,68849.77000000,69360.39000000,9039.76229000
2024-04-08T00:00:00Z,69360.38000000,70850.00000000,69043.24000000,70698.63000000,8527.45364000
2024-04-08T08:00:00Z,70698.64000000,72797.99000000,70642.00000000,71773.98000000,28977.79936000
2024-04-08T16:00:00Z,71773.98000000,72104.05000000,71300.00000000,71620.00000000,8218.62324000
2024-04-09T00:00:00Z,71620.00000000,71758.19000000,70110.00000000,70383.99000000,10482.14921000
2024-04-09T08:00:00Z,70383.98000000,70977.00000000,68535.03000000,69264.00000000,19128.91511000
2024-04-09T16:00:00Z,69264.00000000,69439.60000000,68210.00000000,69146.00000000,9682.83810000
2024-04-10T00:00:00Z,69146.00000000,69594.15000000,68466.63000000,69336.28000000,7184.08856000
2024-04-10T08:00:00Z,69336.27000000,69336.28000000,67518.00000000,68657.32000000,18558.40777000
2024-04-10T16:00:00Z,68657.31000000,71172.08000000,68556.00000000,70631.08000000,16263.52744000
2024-04-11T00:00:00Z,70631.08000000,71305.89000000,70285.13000000,70735.99000000,7790.79898000
2024-04-11T08:00:00Z,70736.00000000,71256.27000000,69567.21000000,70000.00000000,16498.73145000
2024-04-11T16:00:00Z,70000.00000000,70746.09000000,69574.88000000,70006.23000000,7627.72552000
2024-04-12T00:00:00Z,70006.22000000,71227.46000000,70002.22000000,70764.01000000,8232.67771000
2024-04-12T08:00:00Z,70764.00000000,70975.54000000,69236.95000000,69347.30000000,14596.73634000
2024-04-12T16:00:00Z,69347.30000000,69580.00000000,65086.86000000,67116.52000000,33243.44824000
2024-04-13T00:00:00Z,67116.52000000,67929.00000000,65731.27000000,67446.52000000,13623.39856000
2024-04-13T08:00:00Z,67446.53000000,67926.00000000,67090.83000000,67676.00000000,6830.31763000
2024-04-13T16:00:00Z,67675.99000000,67752.85000000,60660.57000000,63924.51000000,50941.50400000
2024-04-14T00:00:00Z,63924.52000000,64872.96000000,62134.00000000,64464.30000000,24103.25488000
2024-04-14T08:00:00Z,64464.30000000,64887.99000000,63437.55000000,64180.97000000,17921.57515000
2024-04-14T16:00:00Z,64180.98000000,65840.00000000,62573.66000000,65661.84000000,19574.34815000
2024-04-15T00:00:00Z,65661.85000000,66582.84000000,64683.01000000,66263.84000000,15110.84283000
2024-04-15T08:00:00Z,66263.84000000,66867.07000000,63810.00000000,64568.81000000,18493.42697000
2024-04-15T16:00:00Z,64568.80000000,64868.28000000,62274.40000000,63419.99000000,18785.26089000
2024-04-16T00:00:00Z,63419.99000000,63899.69000000,61680.00000000,63516.19000000,17673.77007000
2024-04-16T08:00:00Z,63516.18000000,63660.00000000,61600.00000000,61762.20000000,20936.44411000
2024-04-16T16:00:00Z,61762.19000000,64365.00000000,61694.02000000,63793.39000000,14825.07913000
2024-04-17T00:00:00Z,63793.40000000,64499.00000000,63181.81000000,63297.84000000,9178.94942000
2024-04-17T08:00:00Z,63297.85000000,63587.88000000,59888.00000000,60304.95000000,24230.41998000
2024-04-17T16:00:00Z,60304.95000000,61956.42000000,59678.16000000,61277.37000000,17201.17569000
2024-04-18T00:00:00Z,61277.38000000,62229.90000000,60803.35000000,61178.08000000,10501.67396000
2024-04-18T08:00:00Z,61178.08000000,64117.09000000,60864.00000000,63498.70000000,22033.28078000
2024-04-18T16:00:00Z,63498.69000000,63866.19000000,62310.03000000,63470.08000000,11066.65444000
2024-04-19T00:00:00Z,63470.09000000,65179.00000000,59600.01000000,64547.18000000,35224.97053000
2024-04-19T08:00:00Z,64547.18000000,65450.00000000,63820.57000000,64437.17000000,21456.23816000
2024-04-19T16:00:00Z,64437.18000000,64808.54000000,62953.90000000,63818.01000000,13093.09402000
2024-04-20T00:00:00Z,63818.01000000,64268.58000000,63090.07000000,63961.22000000,7595.93918000
2024-04-20T08:00:00Z,63961.22000000,64960.37000000,63277.00000000,64808.35000000,6944.67752000
2024-04-20T16:00:00Z,64808.35000000,65419.00000000,64456.54000000,64940.59000000,8596.81305000
2024-04-21T00:00:00Z,64940.58000000,65695.56000000,64608.00000000,65150.66000000,6094.25826000
2024-04-21T08:00:00Z,65150.67000000,65440.95000000,64763.15000000,65043.69000000,6145.74831000
2024-04-21T16:00:00Z,65043.70000000,65167.19000000,64237.50000000,64941.15000000,7076.41495000
2024-04-22T00:00:00Z,64941.15000000,66479.80000000,64500.00000000,65980.00000000,14018.33840000
2024-04-22T08:00:00Z,65980.01000000,66477.53000000,65626.87000000,65994.38000000,8866.98542000
2024-04-22T16:00:00Z,65994.39000000,67232.35000000,65913.52000000,66819.32000000,8512.66989000
2024-04-23T00:00:00Z,66819.32000000,67183.01000000,66020.00000000,66099.79000000,6748.29441000
2024-04-23T08:00:00Z,66099.79000000,67130.00000000,65765.81000000,66419.56000000,11001.10347000
2024-04-23T16:00:00Z,66419.56000000,66905.99000000,65980.00000000,66414.00000000,4850.50216000
2024-04-24T00:00:00Z,66414.00000000,67070.43000000,66390.00000000,66630.90000000,6280.23522000
2024-04-24T08:00:00Z,66630.89000000,66743.01000000,64519.03000000,64610.11000000,14427.57624000
2024-04-24T16:00:00Z,64610.10000000,65156.95000000,63606.06000000,64289.59000000,12887.88491000
2024-04-25T00:00:00Z,64289.58000000,64741.47000000,63824.07000000,64017.99000000,6334.19144000
2024-04-25T08:00:00Z,64017.99000000,64302.99000000,62794.00000000,64135.94000000,15325.60770000
2024-04-25T16:00:00Z,64135.93000000,65297.94000000,63971.48000000,64498.34000000,9681.66424000
2024-04-26T00:00:00Z,64498.33000000,64662.53000000,63890.82000000,64276.95000000,8321.69754000
2024-04-26T08:00:00Z,64276.94000000,64820.01000000,63297.48000000,63503.22000000,13253.34480000
2024-04-26T16:00:00Z,63503.22000000,64162.50000000,63318.75000000,63770.01000000,5510.15112000
2024-04-27T00:00:00Z,63770.00000000,63923.41000000,62391.24000000,62966.83000000,8900.17360000
2024-04-27T08:00:00Z,62966.84000000,63408.53000000,62673.37000000,62951.75000000,5583.54716000
2024-04-27T16:00:00Z,62951.75000000,63650.00000000,62750.00000000,63461.98000000,6449.33976000
2024-04-28T00:00:00Z,63461.98000000,64370.00000000,63456.86000000,63915.50000000,5691.31088000
2024-04-28T08:00:00Z,63915.50000000,63979.27000000,63345.55000000,63540.00000000,5175.78984000
2024-04-28T16:00:00Z,63540.00000000,63976.00000000,62781.00000000,63118.62000000,6082.09933000
2024-04-29T00:00:00Z,63118.62000000,63367.05000000,61923.13000000,62399.98000000,9160.27750000
2024-04-29T08:00:00Z,62399.98000000,63112.29000000,61765.53000000,63039.07000000,11246.42478000
2024-04-29T16:00:00Z,63039.07000000,64228.35000000,62546.37000000,63866.00000000,7743.52719000
2024-04-30T00:00:00Z,63866.00000000,64734.00000000,62995.70000000,63148.74000000,9677.07147000
2024-04-30T08:00:00Z,63148.74000000,63244.00000000,60546.22000000,60796.85000000,24572.99890000
2024-04-30T16:00:00Z,60796.86000000,61070.71000000,59191.60000000,60672.00000000,20697.58498000
2024-05-01T00:00:00Z,60672.01000000,60841.63000000,57100.00000000,57499.99000000,22268.09768000
2024-05-01T08:00:00Z,57500.00000000,58275.87000000,56552.82000000,56886.00000000,30293.30919000
2024-05-01T16:00:00Z,56886.00000000,59468.00000000,56625.09000000,58364.97000000,28605.06136000
2024-05-02T00:00:00Z,58364.97000000,58610.55000000,56911.84000000,57681.08000000,15242.57632000
2024-05-02T08:00:00Z,57681.08000000,59455.00000000,57561.14000000,59264.15000000,22298.23140000
2024-05-02T16:00:00Z,59264.16000000,59625.00000000,58637.62000000,59060.61000000,10043.01189000
2024-05-03T00:00:00Z,59060.60000000,59999.00000000,58811.32000000,59190.74000000,9018.44277000
2024-05-03T08:00:00Z,59190.74000000,62115.64000000,58849.94000000,61690.74000000,22832.57788000
2024-05-03T16:00:00Z,61690.74000000,63333.00000000,61533.20000000,62882.01000000,11777.38078000
2024-05-04T00:00:00Z,62882.01000000,63595.14000000,62541.03000000,62959.03000000,8012.05319000
2024-05-04T08:00:00Z,62959.03000000,64540.00000000,62924.37000000,63609.17000000,10358.67884000
2024-05-04T16:00:00Z,63609.17000000,64240.76000000,63300.58000000,63892.04000000,5997.96079000
2024-05-05T00:00:00Z,63892.03000000,64188.00000000,62822.17000000,63736.87000000,6008.76785000
2024-05-05T08:00:00Z,63736.86000000,64646.00000000,63539.53000000,64428.65000000,7837.17365000
2024-05-05T16:00:00Z,64428.64000000,64554.68000000,63582.08000000,64012.00000000,4680.80879000
2024-05-06T00:00:00Z,64012.00000000,64588.00000000,63708.58000000,64540.75000000,7291.57036000
2024-05-06T08:00:00Z,64540.75000000,65500.00000000,62909.61000000,63632.01000000,20136.38273000
2024-05-06T16:00:00Z,63632.01000000,63747.59000000,62700.00000000,63165.19000000,7246.96640000
2024-05-07T00:00:00Z,63165.18000000,63967.19000000,62832.60000000,63669.69000000,6877.32823000
2024-05-07T08:00:00Z,63669.69000000,64422.41000000,63050.77000000,63740.48000000,10422.12338000
2024-05-07T16:00:00Z,63740.48000000,63895.46000000,62261.00000000,62312.08000000,8299.34311000
2024-05-08T00:00:00Z,62312.07000000,63020.22000000,62020.09000000,62208.00000000,7197.72140000
2024-05-08T08:00:00Z,62208.00000000,62828.00000000,61761.00000000,62273.08000000,9671.70431000
2024-05-08T16:00:00Z,62273.07000000,62760.00000000,60888.00000000,61193.03000000,9251.76433000
2024-05-09T00:00:00Z,61193.03000000,61806.98000000,61129.00000000,61253.16000000,5626.96952000
2024-05-09T08:00:00Z,61253.16000000,62285.00000000,60630.00000000,62159.06000000,13650.70572000
2024-05-09T16:00:00Z,62159.06000000,63429.03000000,61750.00000000,63074.01000000,11383.13086000
2024-05-10T00:00:00Z,63074.00000000,63380.00000000,62660.42000000,63078.02000000,7565.26346000
2024-05-10T08:00:00Z,63078.01000000,63469.13000000,60690.00000000,60928.02000000,16617.38903000
2024-05-10T16:00:00Z,60928.02000000,61294.82000000,60187.12000000,60799.99000000,12346.68776000
2024-05-11T00:00:00Z,60799.99000000,61096.27000000,60650.00000000,61018.52000000,4321.69102000
2024-05-11T08:00:00Z,61018.53000000,61515.00000000,60487.09000000,61174.18000000,5605.41680000
2024-05-11T16:00:00Z,61174.18000000,61410.09000000,60743.51000000,60825.99000000,3447.46154000
2024-05-12T00:00:00Z,60825.99000000,61120.00000000,60610.00000000,60820.00000000,2681.08344000
2024-05-12T08:00:00Z,60819.99000000,61587.12000000,60790.94000000,61419.00000000,4389.07227000
2024-05-12T16:00:00Z,61419.01000000,61888.00000000,60910.58000000,61483.99000000,5682.97665000
2024-05-13T00:00:00Z,61484.00000000,62450.00000000,60749.21000000,62334.37000000,10116.85104000
2024-05-13T08:00:00Z,62334.36000000,63295.48000000,62334.36000000,63002.00000000,15056.22894000
2024-05-13T16:00:00Z,63002.00000000,63450.00000000,62566.36000000,62940.08000000,7560.33841000
2024-05-14T00:00:00Z,62940.09000000,63118.36000000,61404.34000000,62035.39000000,10315.58611000
2024-05-14T08:00:00Z,62035.39000000,62300.00000000,61142.77000000,61787.61000000,12349.84663000
2024-05-14T16:00:00Z,61787.60000000,61816.34000000,61159.34000000,61577.49000000,6423.28767000
2024-05-15T00:00:00Z,61577.49000000,62280.01000000,61319.47000000,62195.04000000,4651.48678000
2024-05-15T08:00:00Z,62195.04000000,65057.26000000,61923.20000000,64725.11000000,24324.61970000
2024-05-15T16:00:00Z,64725.12000000,66444.16000000,64720.00000000,66206.50000000,14583.64071000
2024-05-16T00:00:00Z,66206.51000000,66666.00000000,65652.92000000,66142.62000000,8084.94422000
2024-05-16T08:00:00Z,66142.62000000,66752.01000000,65361.51000000,65818.88000000,12124.88333000
2024-05-16T16:00:00Z,65818.89000000,65827.47000000,64602.77000000,65235.21000000,10896.53955000
2024-05-17T00:00:00Z,65235.21000000,66500.00000000,65106.38000000,66386.94000000,7981.51417000
2024-05-17T08:00:00Z,66386.93000000,67451.20000000,65828.03000000,67195.10000000,11446.85526000
2024-05-17T16:00:00Z,67195.09000000,67300.00000000,66214.67000000,67024.00000000,6863.86466000
2024-05-18T00:00:00Z,67024.00000000,67240.69000000,66725.53000000,66887.00000000,4562.90145000
2024-05-18T08:00:00Z,66887.01000000,67400.01000000,66600.00000000,66823.63000000,7082.66781000
2024-05-18T16:00:00Z,66823.63000000,67039.92000000,66722.00000000,66915.20000000,2795.68848000
2024-05-19T00:00:00Z,66915.20000000,67329.45000000,66837.39000000,67324.44000000,3739.61922000
2024-05-19T08:00:00Z,67324.44000000,67700.00000000,66677.00000000,66889.88000000,7732.49249000
2024-05-19T16:00:00Z,66889.88000000,66990.00000000,65857.25000000,66274.01000000,6553.19238000
2024-05-20T00:00:00Z,66274.00000000,67295.99000000,66060.31000000,66825.14000000,7329.49925000
2024-05-20T08:00:00Z,66825.15000000,67487.00000000,66750.00000000,67419.99000000,9737.25946000
2024-05-20T16:00:00Z,67420.00000000,71515.56000000,67374.42000000,71446.62000000,33749.94239000
2024-05-21T00:00:00Z,71446.62000000,71979.00000000,70706.00000000,70878.29000000,19690.23086000
2024-05-21T08:00:00Z,70878.30000000,71474.92000000,69685.01000000,69826.99000000,18484.34743000
2024-05-21T16:00:00Z,69827.00000000,70377.77000000,69162.94000000,70148.34000000,11432.85531000
2024-05-22T00:00:00Z,70148.34000000,70368.60000000,69165.00000000,69715.00000000,7273.92862000
2024-05-22T08:00:00Z,69715.00000000,70591.00000000,69435.30000000,70455.90000000,9454.38770000
2024-05-22T16:00:00Z,70455.89000000,70666.00000000,68842.19000000,69166.62000000,10944.86394000
2024-05-23T00:00:00Z,69166.62000000,69862.44000000,69166.61000000,69734.04000000,5160.37652000
2024-05-23T08:00:00Z,69734.05000000,70096.12000000,67610.95000000,68076.00000000,16500.94374000
2024-05-23T16:00:00Z,68075.99000000,68365.81000000,66312.16000000,67969.65000000,18851.85348000
2024-05-24T00:00:00Z,67969.66000000,68017.56000000,66816.21000000,67155.93000000,9437.89224000
2024-05-24T08:00:00Z,67155.93000000,68420.00000000,66600.12000000,68326.46000000,10687.53133000
2024-05-24T16:00:00Z,68326.46000000,69250.00000000,67924.39000000,68549.99000000,7970.41307000
2024-05-25T00:00:00Z,68549.99000000,68910.00000000,68500.00000000,68753.92000000,3060.48690000
2024-05-25T08:00:00Z,68753.93000000,69610.00000000,68749.20000000,68930.40000000,6435.73519000
2024-05-25T16:00:00Z,68930.39000000,69356.60000000,68849.50000000,69290.57000000,2634.17209000
2024-05-26T00:00:00Z,69290.56000000,69435.36000000,68808.37000000,69340.15000000,2989.12366000
2024-05-26T08:00:00Z,69340.16000000,69562.23000000,68668.60000000,68847.99000000,5122.41822000
2024-05-26T16:00:00Z,68847.98000000,68973.15000000,68128.01000000,68507.67000000,3760.57609000
2024-05-27T00:00:00Z,68507.67000000,69298.00000000,68321.95000000,68643.36000000,5668.17161000
2024-05-27T08:00:00Z,68643.36000000,70520.30000000,68250.00000000,70373.85000000,9992.70256000
2024-05-27T16:00:00Z,70373.86000000,70687.56000000,69069.00000000,69436.43000000,7476.05320000
2024-05-28T00:00:00Z,69436.43000000,69591.81000000,67486.65000000,67694.00000000,11759.37903000
2024-05-28T08:00:00Z,67694.01000000,68902.71000000,67529.62000000,68374.08000000,13069.12461000
2024-05-28T16:00:00Z,68374.08000000,68661.28000000,67277.91000000,68398.39000000,7794.46678000
2024-05-29T00:00:00Z,68398.40000000,68935.68000000,67936.35000000,67946.90000000,6376.22483000
2024-05-29T08:00:00Z,67946.89000000,68280.00000000,67262.34000000,67379.13000000,11030.96655000
2024-05-29T16:00:00Z,67379.13000000,67826.09000000,67124.65000000,67652.42000000,5752.64011000
2024-05-30T00:00:00Z,67652.41000000,68422.89000000,67471.67000000,67584.56000000,7117.63465000
2024-05-30T08:00:00Z,67584.57000000,68826.31000000,67128.00000000,68530.76000000,11648.65248000
2024-05-30T16:00:00Z,68530.77000000,69500.00000000,68050.01000000,68352.17000000,9711.93127000
2024-05-31T00:00:00Z,68352.17000000,68729.73000000,68075.99000000,68174.99000000,4886.45443000
2024-05-31T08:00:00Z,68175.00000000,69044.10000000,67200.00000000,67215.58000000,13135.60345000
2024-05-31T16:00:00Z,67215.58000000,67999.00000000,66670.00000000,67540.01000000,8668.26396000
2024-06-01T00:00:00Z,67540.01000000,67810.00000000,67428.44000000,67632.08000000,3028.08527000
2024-06-01T08:00:00Z,67632.07000000,67872.50000000,67611.61000000,67691.28000000,2821.14728000
2024-06-01T16:00:00Z,67691.28000000,67900.00000000,67556.72000000,67766.85000000,2988.42878000
2024-06-02T00:00:00Z,67766.84000000,67910.55000000,67643.33000000,67721.00000000,2343.76362000
2024-06-02T08:00:00Z,67721.01000000,68460.00000000,67367.20000000,68142.17000000,7174.18889000
2024-06-02T16:00:00Z,68142.18000000,68200.00000000,67257.47000000,67765.63000000,5908.37278000
2024-06-03T00:00:00Z,67765.62000000,69221.00000000,67612.48000000,68906.70000000,9334.25601000
2024-06-03T08:00:00Z,68906.70000000,70288.00000000,68500.00000000,69615.28000000,14057.94664000
2024-06-03T16:00:00Z,69615.27000000,69715.61000000,68730.51000000,68809.90000000,6241.17135000
2024-06-04T00:00:00Z,68809.89000000,69370.01000000,68629.90000000,69013.63000000,4746.74497000
2024-06-04T08:00:00Z,69013.62000000,70480.00000000,68567.32000000,70445.00000000,13144.96677000
2024-06-04T16:00:00Z,70445.00000000,71063.45000000,70092.50000000,70537.84000000,11728.07315000
2024-06-05T00:00:00Z,70537.83000000,71379.21000000,70423.51000000,71200.00000000,9439.92462000
2024-06-05T08:00:00Z,71199.99000000,71731.35000000,70383.66000000,71580.00000000,11179.92690000
2024-06-05T16:00:00Z,71580.01000000,71758.00000000,70700.00000000,71108.00000000,8083.32930000
2024-06-06T00:00:00Z,71108.00000000,71237.02000000,70800.00000000,71021.47000000,4280.09077000
2024-06-06T08:00:00Z,71021.46000000,71700.00000000,70862.50000000,71300.00000000,8728.47845000
2024-06-06T16:00:00Z,71300.00000000,71379.93000000,70117.64000000,70799.06000000,8833.43527000
2024-06-07T00:00:00Z,70799.06000000,71449.98000000,70663.59000000,71110.00000000,5996.04727000
2024-06-07T08:00:00Z,71110.01000000,71997.02000000,70633.21000000,71111.54000000,13032.58590000
2024-06-07T16:00:00Z,71111.55000000,71208.89000000,68420.00000000,69355.60000000,16569.81728000
2024-06-08T00:00:00Z,69355.60000000,69582.20000000,69232.15000000,69582.20000000,3512.97404000
2024-06-08T08:00:00Z,69582.20000000,69582.20000000,69168.02000000,69430.01000000,3744.56612000
2024-06-08T16:00:00Z,69430.01000000,69490.00000000,69290.28000000,69310.46000000,2516.28951000
2024-06-09T00:00:00Z,69310.46000000,69425.70000000,69130.24000000,69295.64000000,2216.15706000
2024-06-09T08:00:00Z,69295.64000000,69777.00000000,69250.01000000,69508.64000000,4647.39667000
2024-06-09T16:00:00Z,69508.64000000,69857.14000000,69500.00000000,69648.14000000,3027.01336000
2024-06-10T00:00:00Z,69648.15000000,69801.34000000,69249.99000000,69303.99000000,4097.95551000
2024-06-10T08:00:00Z,69304.00000000,70195.94000000,69172.29000000,70066.12000000,6421.88305000
2024-06-10T16:00:00Z,70066.12000000,70141.10000000,69334.46000000,69540.00000000,6602.83085000
2024-06-11T00:00:00Z,69540.00000000,69590.01000000,67325.00000000,67570.18000000,15866.46733000
2024-06-11T08:00:00Z,67570.18000000,67662.49000000,66051.00000000,66244.48000000,16632.12249000
2024-06-11T16:00:00Z,66244.48000000,67588.22000000,66161.26000000,67314.24000000,8937.42606000
2024-06-12T00:00:00Z,67314.23000000,67624.89000000,66905.00000000,67453.63000000,5634.77143000
2024-06-12T08:00:00Z,67453.64000000,69999.00000000,67353.02000000,69734.00000000,15762.35624000
2024-06-12T16:00:00Z,69734.00000000,69862.40000000,67250.00000000,68263.99000000,15778.19589000
2024-06-13T00:00:00Z,68263.98000000,68393.63000000,66969.98000000,67724.81000000,8132.40838000
2024-06-13T08:00:00Z,67724.80000000,68449.30000000,66368.76000000,66470.01000000,13934.13286000
2024-06-13T16:00:00Z,66470.01000000,67080.13000000,66251.78000000,66773.01000000,7013.01447000
2024-06-14T00:00:00Z,66773.01000000,67221.32000000,66480.00000000,66904.98000000,5647.98224000
2024-06-14T08:00:00Z,66904.98000000,67370.24000000,66344.67000000,66392.00000000,9114.39192000
2024-06-14T16:00:00Z,66392.00000000,66627.52000000,65078.00000000,66043.99000000,13645.81381000
2024-06-15T00:00:00Z,66043.99000000,66416.66000000,65967.50000000,66076.99000000,4899.72090000
2024-06-15T08:00:00Z,66076.99000000,66478.48000000,66076.98000000,66316.02000000,3594.32516000
2024-06-15T16:00:00Z,66316.02000000,66360.00000000,65857.10000000,66228.25000000,2957.75636000
2024-06-16T00:00:00Z,66228.25000000,66360.18000000,66034.50000000,66266.30000000,1970.55637000
2024-06-16T08:00:00Z,66266.30000000,66793.72000000,66172.50000000,66712.80000000,4250.10544000
2024-06-16T16:00:00Z,66712.80000000,66998.70000000,66460.00000000,66676.87000000,3171.86042000
2024-06-17T00:00:00Z,66676.86000000,66913.69000000,65939.67000000,66172.00000000,6150.43509000
2024-06-17T08:00:00Z,66172.00000000,66317.64000000,65130.00000000,65368.00000000,9449.16580000
2024-06-17T16:00:00Z,65368.00000000,67298.81000000,65138.00000000,66504.33000000,11786.56762000
2024-06-18T00:00:00Z,66504.33000000,66588.23000000,64569.00000000,65672.51000000,15381.69423000
2024-06-18T08:00:00Z,65672.51000000,65750.01000000,64261.12000000,64706.00000000,15127.66739000
2024-06-18T16:00:00Z,64705.99000000,65305.00000000,64060.00000000,65175.32000000,11840.74082000
2024-06-19T00:00:00Z,65175.32000000,65727.54000000,64810.62000000,65326.89000000,8861.37570000
2024-06-19T08:00:00Z,65326.89000000,65544.00000000,64756.28000000,64922.00000000,7082.42264000
2024-06-19T16:00:00Z,64921.99000000,65284.37000000,64666.00000000,64974.37000000,4116.99742000
2024-06-20T00:00:00Z,64974.37000000,65967.39000000,64818.72000000,65858.84000000,5982.61587000
2024-06-20T08:00:00Z,65858.84000000,66482.94000000,64658.06000000,64831.23000000,11048.46419000
2024-06-20T16:00:00Z,64831.24000000,65217.21000000,64559.15000000,64869.99000000,7234.21025000
2024-06-21T00:00:00Z,64869.99000000,65066.66000000,64190.76000000,64201.63000000,6168.19463000
2024-06-21T08:00:00Z,64201.63000000,64372.15000000,63379.35000000,63732.02000000,14034.78408000
2024-06-21T16:00:00Z,63732.02000000,64460.14000000,63465.17000000,64143.56000000,5790.58571000
2024-06-22T00:00:00Z,64143.56000000,64540.26000000,63943.82000000,64520.00000000,3736.74003000
2024-06-22T08:00:00Z,64519.99000000,64546.81000000,64214.43000000,64307.08000000,2306.73968000
2024-06-22T16:00:00Z,64307.09000000,64362.00000000,64218.50000000,64262.01000000,1265.47571000
2024-06-23T00:00:00Z,64262.01000000,64521.00000000,64262.00000000,64415.27000000,1749.32563000
2024-06-23T08:00:00Z,64415.27000000,64437.28000000,64049.41000000,64094.00000000,2328.86181000
2024-06-23T16:00:00Z,64094.01000000,64187.62000000,63178.32000000,63210.01000000,4146.26703000
2024-06-24T00:00:00Z,63210.01000000,63369.80000000,62160.72000000,62456.00000000,9694.70293000
2024-06-24T08:00:00Z,62456.00000000,62975.60000000,60567.01000000,60843.99000000,17933.74878000
2024-06-24T16:00:00Z,60843.99000000,61044.44000000,58402.00000000,60293.30000000,24532.90243000
2024-06-25T00:00:00Z,60293.30000000,61598.87000000,60257.06000000,60685.16000000,8896.04343000
2024-06-25T08:00:00Z,60685.16000000,62134.00000000,60668.01000000,61810.00000000,13414.87255000
2024-06-25T16:00:00Z,61810.00000000,62420.00000000,61135.37000000,61806.01000000,8878.32763000
2024-06-26T00:00:00Z,61806.01000000,62487.81000000,61520.00000000,61720.02000000,7030.93804000
2024-06-26T08:00:00Z,61720.02000000,61980.00000000,61149.64000000,61467.86000000,8207.31042000
2024-06-26T16:00:00Z,61467.85000000,61547.02000000,60712.00000000,60864.99000000,7247.41617000
2024-06-27T00:00:00Z,60864.98000000,61300.00000000,60606.63000000,60794.01000000,5105.74080000
2024-06-27T08:00:00Z,60794.01000000,62389.22000000,60736.62000000,61576.00000000,8875.11644000
2024-06-27T16:00:00Z,61576.00000000,62015.52000000,61338.56000000,61706.47000000,4363.42907000
2024-06-28T00:00:00Z,61706.46000000,62225.31000000,61236.00000000,61350.01000000,6629.96471000
2024-06-28T08:00:00Z,61350.01000000,61875.00000000,60751.00000000,61062.01000000,11043.35876000
2024-06-28T16:00:00Z,61062.00000000,61119.58000000,60063.00000000,60427.84000000,7147.86908000
2024-06-29T00:00:00Z,60427.84000000,61146.64000000,60383.77000000,61052.30000000,4768.07142000
2024-06-29T08:00:00Z,61052.30000000,61224.00000000,60890.03000000,61106.00000000,4287.25151000
2024-06-29T16:00:00Z,61106.00000000,61124.00000000,60839.51000000,60986.68000000,2454.23611000
2024-06-30T00:00:00Z,60986.68000000,61782.00000000,60712.21000000,61528.01000000,4949.90721000
2024-06-30T08:00:00Z,61528.01000000,61860.00000000,61346.00000000,61717.90000000,5018.48729000
2024-06-30T16:00:00Z,61717.90000000,63058.76000000,61590.01000000,62772.01000000,7357.90686000
2024-07-01T00:00:00Z,62772.01000000,63818.33000000,62573.32000000,63277.84000000,8808.19225000
2024-07-01T08:00:00Z,63277.84000000,63314.99000000,62497.20000000,63132.90000000,8259.82088000
2024-07-01T16:00:00Z,63132.90000000,63861.76000000,62804.60000000,62899.99000000,7479.09225000
2024-07-02T00:00:00Z,62900.00000000,63288.83000000,62580.00000000,62629.99000000,4197.44952000
2024-07-02T08:00:00Z,62630.00000000,63152.00000000,61823.74000000,61948.08000000,10105.61963000
2024-07-02T16:00:00Z,61948.08000000,62368.81000000,61806.28000000,62135.47000000,4270.04960000
2024-07-03T00:00:00Z,62135.46000000,62285.94000000,60600.00000000,60870.01000000,7502.17985000
2024-07-03T08:00:00Z,60870.01000000,60978.19000000,59600.00000000,60186.25000000,16046.05372000
2024-07-03T16:00:00Z,60186.25000000,60655.56000000,59400.00000000,60208.58000000,8611.87770000
2024-07-04T00:00:00Z,60208.57000000,60498.19000000,57800.01000000,58219.99000000,18486.93426000
2024-07-04T08:00:00Z,58219.99000000,58506.18000000,56771.00000000,58140.00000000,25357.70592000
2024-07-04T16:00:00Z,58140.00000000,58813.13000000,56866.00000000,57050.01000000,10724.13258000
2024-07-05T00:00:00Z,57050.02000000,57546.00000000,53485.93000000,54415.05000000,37191.42061000
2024-07-05T08:00:00Z,54415.04000000,56678.19000000,53900.00000000,56662.00000000,30658.43706000
2024-07-05T16:00:00Z,56662.99000000,57040.02000000,55779.33000000,56628.79000000,13498.38989000
2024-07-06T00:00:00Z,56628.79000000,56998.00000000,56018.00000000,56606.00000000,7520.56870000
2024-07-06T08:00:00Z,56606.00000000,57441.10000000,56436.78000000,57317.98000000,7240.51896000
2024-07-06T16:00:00Z,57317.99000000,58475.00000000,57185.76000000,58230.13000000,6890.22792000
2024-07-07T00:00:00Z,58230.13000000,58449.46000000,57073.36000000,57369.99000000,6686.07166000
2024-07-07T08:00:00Z,57369.99000000,57911.71000000,56563.46000000,56825.42000000,6242.28555000
2024-07-07T16:00:00Z,56825.42000000,57392.00000000,55724.37000000,55857.81000000,6190.58197000
2024-07-08T00:00:00Z,55857.81000000,56023.07000000,54260.16000000,55852.01000000,15956.24416000
2024-07-08T08:00:00Z,55852.00000000,58236.73000000,54800.00000000,55761.52000000,24765.76086000
2024-07-08T16:00:00Z,55761.52000000,56971.94000000,55425.74000000,56714.62000000,7368.19988000
2024-07-09T00:00:00Z,56714.61000000,57754.00000000,56289.45000000,57116.84000000,8471.21922000
2024-07-09T08:00:00Z,57116.84000000,58131.09000000,56903.00000000,57477.01000000,12599.20175000
2024-07-09T16:00:00Z,57477.00000000,58296.00000000,57362.08000000,58050.00000000,6661.78691000
2024-07-10T00:00:00Z,58050.00000000,59470.00000000,57309.09000000,58977.99000000,8828.72650000
2024-07-10T08:00:00Z,58977.99000000,59032.82000000,57471.12000000,57699.69000000,10947.69798000
2024-07-10T16:00:00Z,57699.69000000,58019.89000000,57157.79000000,57725.85000000,5175.31351000
2024-07-11T00:00:00Z,57725.85000000,58407.05000000,57050.00000000,58191.50000000,7616.76850000
2024-07-11T08:00:00Z,58191.50000000,59650.00000000,57266.58000000,57402.01000000,16150.31461000
2024-07-11T16:00:00Z,57402.01000000,58000.61000000,57150.00000000,57339.89000000,5993.97424000
2024-07-12T00:00:00Z,57339.89000000,57571.86000000,56542.47000000,57106.94000000,6664.82522000
2024-07-12T08:00:00Z,57106.95000000,58278.00000000,56767.05000000,58214.00000000,9846.91784000
2024-07-12T16:00:00Z,58213.99000000,58526.68000000,57150.06000000,57889.10000000,7140.71384000
2024-07-13T00:00:00Z,57889.09000000,58216.08000000,57756.63000000,58170.32000000,3079.00828000
2024-07-13T08:00:00Z,58170.33000000,58899.46000000,57900.57000000,58830.63000000,6001.85409000
2024-07-13T16:00:00Z,58830.62000000,59850.00000000,58288.19000000,59204.02000000,6276.88282000
2024-07-14T00:00:00Z,59204.01000000,60324.61000000,59194.01000000,60062.01000000,8015.98902000
2024-07-14T08:00:00Z,60062.01000000,60400.00000000,59466.67000000,60084.00000000,6126.18398000
2024-07-14T16:00:00Z,60084.00000000,61420.69000000,59880.00000000,60797.91000000,7036.16607000
2024-07-15T00:00:00Z,60797.91000000,63084.00000000,60632.30000000,62840.12000000,13145.57349000
2024-07-15T08:00:00Z,62840.12000000,63328.00000000,62290.00000000,63026.00000000,10791.20347000
2024-07-15T16:00:00Z,63026.01000000,64900.00000000,62852.00000000,64724.14000000,14754.20124000
2024-07-16T00:00:00Z,64724.06000000,64993.95000000,62721.79000000,62895.01000000,14372.44948000
2024-07-16T08:00:00Z,62895.01000000,64960.86000000,62373.24000000,64878.24000000,15210.83278000
2024-07-16T16:00:00Z,64878.24000000,65388.97000000,64111.56000000,65043.99000000,12947.24689000
2024-07-17T00:00:00Z,65044.00000000,66128.63000000,64932.31000000,65258.00000000,10264.80251000
2024-07-17T08:00:00Z,65258.01000000,65500.00000000,64537.41000000,64724.01000000,10824.92651000
2024-07-17T16:00:00Z,64724.01000000,64766.99000000,63854.00000000,64087.99000000,8477.80052000
2024-07-18T00:00:00Z,64087.99000000,65133.30000000,63910.00000000,64668.00000000,7021.84853000
2024-07-18T08:00:00Z,64668.00000000,65111.29000000,63400.00000000,63538.12000000,9362.31560000
2024-07-18T16:00:00Z,63538.12000000,64122.43000000,63238.48000000,63987.92000000,6184.55837000
2024-07-19T00:00:00Z,63987.92000000,64486.00000000,63300.67000000,63694.01000000,7184.12749000
2024-07-19T08:00:00Z,63694.01000000,65888.00000000,63409.01000000,65836.77000000,13838.64226000
2024-07-19T16:00:00Z,65836.76000000,67386.00000000,65827.62000000,66660.00000000,14611.95764000
2024-07-20T00:00:00Z,66660.01000000,66822.22000000,66222.46000000,66562.28000000,4665.56303000
2024-07-20T08:00:00Z,66562.27000000,66832.00000000,66273.62000000,66825.00000000,2919.29929000
2024-07-20T16:00:00Z,66824.99000000,67598.00000000,66679.01000000,67139.96000000,6802.06202000
2024-07-21T00:00:00Z,67139.97000000,67436.22000000,66592.10000000,66701.99000000,3431.05858000
2024-07-21T08:00:00Z,66702.00000000,67499.99000000,66616.00000000,67164.00000000,4101.89309000
2024-07-21T16:00:00Z,67164.00000000,68366.66000000,65777.00000000,68165.34000000,14286.16024000
2024-07-22T00:00:00Z,68165.35000000,68474.55000000,67122.22000000,67236.00000000,5881.11142000
2024-07-22T08:00:00Z,67236.01000000,67952.39000000,66559.97000000,67063.87000000,7959.04422000
2024-07-22T16:00:00Z,67063.87000000,68256.00000000,66798.36000000,67532.01000000,7610.88739000
2024-07-23T00:00:00Z,67532.00000000,67750.98000000,66256.39000000,66576.00000000,7780.94313000
2024-07-23T08:00:00Z,66576.00000000,67349.03000000,65962.00000000,66584.01000000,13449.32351000
2024-07-23T16:00:00Z,66584.01000000,66780.01000000,65441.08000000,65936.01000000,10175.88652000
2024-07-24T00:00:00Z,65936.00000000,66146.01000000,65476.84000000,66078.00000000,4860.52429000
2024-07-24T08:00:00Z,66078.00000000,67102.01000000,66008.00000000,66176.00000000,9189.97893000
2024-07-24T16:00:00Z,66176.00000000,66709.55000000,65111.00000000,65376.00000000,9032.05955000
2024-07-25T00:00:00Z,65376.01000000,65620.00000000,63800.00000000,64134.00000000,13352.77555000
2024-07-25T08:00:00Z,64134.00000000,65005.00000000,63456.70000000,64790.88000000,11952.74237000
2024-07-25T16:00:00Z,64790.89000000,66175.49000000,64388.46000000,65799.95000000,9820.91142000
2024-07-26T00:00:00Z,65799.95000000,67480.00000000,65722.63000000,66890.56000000,9192.38576000
2024-07-26T08:00:00Z,66890.56000000,68000.00000000,66890.56000000,67560.01000000,9242.27399000
2024-07-26T16:00:00Z,67560.00000000,68200.00000000,67303.07000000,67907.99000000,5809.70048000
2024-07-27T00:00:00Z,67908.00000000,68295.39000000,67630.00000000,68036.68000000,3461.81816000
2024-07-27T08:00:00Z,68036.68000000,69399.99000000,67892.24000000,68844.00000000,8029.41799000
2024-07-27T16:00:00Z,68844.00000000,69182.94000000,66650.00000000,67896.50000000,20218.98306000
2024-07-28T00:00:00Z,67896.49000000,68285.43000000,67066.66000000,67560.86000000,4614.02751000
2024-07-28T08:00:00Z,67560.86000000,68123.32000000,67220.00000000,67645.00000000,3539.77129000
2024-07-28T16:00:00Z,67645.00000000,68318.43000000,67624.00000000,68249.88000000,2714.89514000
2024-07-29T00:00:00Z,68249.88000000,69888.00000000,68168.00000000,69528.01000000,10119.77942000
2024-07-29T08:00:00Z,69528.01000000,70079.99000000,67668.34000000,68104.00000000,14400.47546000
2024-07-29T16:00:00Z,68103.99000000,68118.00000000,66428.00000000,66784.69000000,11947.04145000
2024-07-30T00:00:00Z,66784.68000000,67000.00000000,65862.00000000,66952.00000000,8486.01214000
2024-07-30T08:00:00Z,66952.00000000,66999.92000000,65555.00000000,66216.01000000,8413.45469000
2024-07-30T16:00:00Z,66216.01000000,66550.01000000,65302.67000000,66188.00000000,6232.78758000
2024-07-31T00:00:00Z,66188.00000000,66554.40000000,65496.00000000,66224.00000000,5102.03121000
2024-07-31T08:00:00Z,66224.00000000,66849.24000000,65954.54000000,66379.99000000,6197.12633000
2024-07-31T16:00:00Z,66379.99000000,66836.30000000,64530.00000000,64628.00000000,11326.28151000
2024-08-01T00:00:00Z,64628.01000000,64841.29000000,63584.00000000,64328.59000000,9875.95518000
2024-08-01T08:00:00Z,64328.60000000,64949.58000000,62666.07000000,62906.60000000,10661.59242000
2024-08-01T16:00:00Z,62907.44000000,65659.78000000,62302.00000000,65354.02000000,15004.72094000
2024-08-02T00:00:00Z,65354.02000000,65596.14000000,63668.00000000,64164.07000000,7986.23653000
2024-08-02T08:00:00Z,64164.07000000,65524.01000000,62432.90000000,63416.01000000,17685.38957000
2024-08-02T16:00:00Z,63416.00000000,63611.24000000,61230.01000000,61498.33000000,13148.80327000
2024-08-03T00:00:00Z,61498.34000000,61981.43000000,60505.00000000,61662.01000000,9085.10969000
2024-08-03T08:00:00Z,61662.02000000,62198.22000000,60833.33000000,60879.00000000,5677.61324000
2024-08-03T16:00:00Z,60879.01000000,61288.00000000,59850.00000000,60697.99000000,13271.99274000
2024-08-04T00:00:00Z,60697.99000000,61117.63000000,60260.00000000,60373.99000000,4474.99403000
2024-08-04T08:00:00Z,60374.00000000,61097.55000000,58960.00000000,59086.01000000,9575.84078000
2024-08-04T16:00:00Z,59086.01000000,59583.00000000,57122.77000000,58161.00000000,17565.68522000
2024-08-05T00:00:00Z,58161.00000000,58305.59000000,49000.00000000,52674.19000000,79521.39300000
2024-08-05T08:00:00Z,52674.20000000,54980.00000000,49542.83000000,54321.09000000,58983.96254000
2024-08-05T16:00:00Z,54321.08000000,55600.00000000,52555.00000000,54018.81000000,23560.23632000
2024-08-06T00:00:00Z,54018.82000000,56276.00000000,53950.00000000,55999.99000000,18237.23540000
2024-08-06T08:00:00Z,55998.02000000,56605.55000000,54371.94000000,56405.99000000,23119.95540000
2024-08-06T16:00:00Z,56405.99000000,57040.99000000,55800.00000000,56022.01000000,14527.58596000
2024-08-07T00:00:00Z,56022.00000000,57287.99000000,55557.88000000,56920.91000000,12203.78798000
2024-08-07T08:00:00Z,56920.91000000,57736.05000000,55650.00000000,56094.50000000,16607.01014000
2024-08-07T16:00:00Z,56094.51000000,56300.00000000,54558.62000000,55134.16000000,15458.57872000
2024-08-08T00:00:00Z,55133.76000000,57636.36000000,54730.00000000,57193.49000000,12318.70400000
2024-08-08T08:00:00Z,57193.48000000,59505.00000000,56700.00000000,59428.03000000,18004.35210000
2024-08-08T16:00:00Z,59428.03000000,62745.14000000,59237.59000000,61685.99000000,18026.47339000
2024-08-09T00:00:00Z,61686.00000000,61744.37000000,60588.63000000,60863.57000000,9849.09926000
2024-08-09T08:00:00Z,60863.58000000,61210.31000000,59535.00000000,59810.23000000,12994.82453000
2024-08-09T16:00:00Z,59810.24000000,60986.03000000,59700.00000000,60837.99000000,8128.55638000
2024-08-10T00:00:00Z,60837.99000000,61470.58000000,60242.00000000,60842.00000000,4018.56405000
2024-08-10T08:00:00Z,60842.01000000,61116.65000000,60400.00000000,60515.89000000,3147.72227000
2024-08-10T16:00:00Z,60515.90000000,61196.63000000,60400.00000000,60923.51000000,2828.91989000
2024-08-11T00:00:00Z,60923.51000000,61382.73000000,60881.36000000,61257.00000000,2611.13428000
2024-08-11T08:00:00Z,61257.00000000,61858.00000000,59941.00000000,60127.29000000,7542.51311000
2024-08-11T16:00:00Z,60127.29000000,60350.00000000,58286.73000000,58712.59000000,9036.19773000
2024-08-12T00:00:00Z,58712.59000000,59088.33000000,57642.21000000,58674.61000000,8597.22771000
2024-08-12T08:00:00Z,58674.62000000,60711.09000000,57800.00000000,60207.37000000,18683.02478000
2024-08-12T16:00:00Z,60207.38000000,60420.34000000,58440.54000000,59346.64000000,9729.66494000
2024-08-13T00:00:00Z,59346.64000000,59923.28000000,58830.23000000,59238.05000000,6886.09698000
2024-08-13T08:00:00Z,59238.05000000,59776.70000000,58392.88000000,59472.26000000,9062.02736000
2024-08-13T16:00:00Z,59472.25000000,61578.10000000,59446.22000000,60587.15000000,11910.83417000
2024-08-14T00:00:00Z,60587.16000000,61302.88000000,60425.01000000,60914.02000000,4191.87190000
2024-08-14T08:00:00Z,60914.02000000,61800.00000000,58823.52000000,59435.69000000,16974.66925000
2024-08-14T16:00:00Z,59435.69000000,59462.61000000,58433.18000000,58683.39000000,7256.22211000
2024-08-15T00:00:00Z,58683.39000000,59044.44000000,57713.88000000,58060.37000000,9143.00961000
2024-08-15T08:00:00Z,58060.36000000,59787.37000000,57964.85000000,59682.84000000,11068.71989000
2024-08-15T16:00:00Z,59682.85000000,59849.38000000,56078.54000000,57541.06000000,17474.44672000
2024-08-16T00:00:00Z,57541.05000000,58666.77000000,57098.62000000,58456.99000000,7390.98117000
2024-08-16T08:00:00Z,58456.99000000,58915.18000000,57526.31000000,58071.06000000,10699.19313000
2024-08-16T16:00:00Z,58071.07000000,59817.76000000,58000.00000000,58874.60000000,9520.66914000
2024-08-17T00:00:00Z,58874.59000000,59389.18000000,58785.05000000,59248.00000000,2876.80267000
2024-08-17T08:00:00Z,59248.00000000,59654.90000000,59060.00000000,59388.11000000,2817.87548000
2024-08-17T16:00:00Z,59388.11000000,59700.00000000,59113.68000000,59491.99000000,2027.05116000
2024-08-18T00:00:00Z,59491.99000000,60259.01000000,59256.56000000,59573.39000000,4372.04246000
2024-08-18T08:00:00Z,59573.39000000,60284.99000000,59436.00000000,59863.99000000,4785.95547000
2024-08-18T16:00:00Z,59863.99000000,59945.83000000,58408.92000000,58427.35000000,4476.85924000
2024-08-19T00:00:00Z,58427.35000000,58763.83000000,58210.03000000,58502.19000000,7064.59150000
2024-08-19T08:00:00Z,58502.19000000,58970.00000000,57787.30000000,58539.24000000,9372.37719000
2024-08-19T16:00:00Z,58539.25000000,59617.63000000,58380.00000000,59438.50000000,6372.34382000
2024-08-20T00:00:00Z,59438.50000000,61400.00000000,59363.31000000,60924.33000000,11668.28270000
2024-08-20T08:00:00Z,60924.33000000,60975.00000000,58680.01000000,58825.53000000,13653.62220000
2024-08-20T16:00:00Z,58825.53000000,59722.72000000,58548.23000000,59013.80000000,6155.54058000
2024-08-21T00:00:00Z,59013.80000000,59739.52000000,58783.47000000,59712.00000000,4381.76787000
2024-08-21T08:00:00Z,59711.99000000,60201.98000000,58850.00000000,59511.80000000,10939.44637000
2024-08-21T16:00:00Z,59511.79000000,61820.93000000,59375.00000000,61156.03000000,12662.42796000
2024-08-22T00:00:00Z,61156.03000000,61229.00000000,59724.87000000,60984.31000000,6786.41691000
2024-08-22T08:00:00Z,60984.31000000,61400.00000000,60100.00000000,60407.40000000,9948.91694000
2024-08-22T16:00:00Z,60407.39000000,60707.88000000,60131.00000000,60375.84000000,4505.87203000
2024-08-23T00:00:00Z,60375.83000000,61367.74000000,60342.14000000,61069.27000000,5121.62548000
2024-08-23T08:00:00Z,61069.26000000,62320.36000000,60691.11000000,61533.05000000,13940.43038000
2024-08-23T16:00:00Z,61533.04000000,64955.00000000,61349.99000000,64037.24000000,19056.01503000
2024-08-24T00:00:00Z,64037.24000000,64332.00000000,63626.58000000,64315.00000000,5934.60262000
2024-08-24T08:00:00Z,64315.00000000,64494.50000000,63868.00000000,63976.00000000,4651.86240000
2024-08-24T16:00:00Z,63976.00000000,64444.00000000,63531.00000000,64157.01000000,5270.69114000
2024-08-25T00:00:00Z,64157.02000000,64507.04000000,63785.76000000,63868.26000000,4268.68870000
2024-08-25T08:00:00Z,63868.27000000,64288.00000000,63773.27000000,64132.16000000,3562.89682000
2024-08-25T16:00:00Z,64132.17000000,65000.00000000,64000.00000000,64220.00000000,4473.89425000
2024-08-26T00:00:00Z,64219.99000000,64481.00000000,63420.00000000,63627.01000000,5250.08147000
2024-08-26T08:00:00Z,63627.01000000,64039.20000000,63061.00000000,63532.53000000,7840.61742000
2024-08-26T16:00:00Z,63532.54000000,63878.78000000,62800.00000000,62834.00000000,6379.35387000
2024-08-27T00:00:00Z,62834.00000000,63212.00000000,62657.00000000,62902.31000000,6681.52451000
2024-08-27T08:00:00Z,62902.32000000,63000.00000000,61473.03000000,61709.13000000,12447.73198000
2024-08-27T16:00:00Z,61709.13000000,62196.75000000,58034.01000000,59415.00000000,16006.68529000
2024-08-28T00:00:00Z,59415.00000000,59661.00000000,58516.00000000,58600.98000000,10166.50482000
2024-08-28T08:00:00Z,58600.98000000,60234.98000000,58443.07000000,59000.00000000,14687.33191000
2024-08-28T16:00:00Z,59000.00000000,59849.99000000,57860.00000000,59034.90000000,12014.70602000
2024-08-29T00:00:00Z,59034.90000000,59764.00000000,58878.46000000,59583.88000000,5065.76139000
2024-08-29T08:00:00Z,59583.88000000,61166.99000000,59374.00000000,60779.99000000,11738.25834000
2024-08-29T16:00:00Z,60779.99000000,60960.00000000,58713.09000000,59359.01000000,10216.88770000
2024-08-30T00:00:00Z,59359.00000000,59582.86000000,58685.00000000,59271.10000000,6888.00535000
2024-08-30T08:00:00Z,59271.11000000,59944.07000000,57946.01000000,58094.99000000,13542.57235000
2024-08-30T16:00:00Z,58095.00000000,59371.00000000,57701.10000000,59123.99000000,8088.74425000
2024-08-31T00:00:00Z,59123.99000000,59462.38000000,59043.12000000,59095.00000000,2878.47553000
2024-08-31T08:00:00Z,59095.01000000,59244.04000000,58831.88000000,59006.54000000,3179.07389000
2024-08-31T16:00:00Z,59006.54000000,59141.72000000,58744.00000000,58973.99000000,2740.85958000
2024-09-01T00:00:00Z,58974.00000000,59076.59000000,57777.00000000,58478.64000000,5680.16396000
2024-09-01T08:00:00Z,58478.64000000,58504.81000000,57201.00000000,58217.00000000,8431.99366000
2024-09-01T16:00:00Z,58217.00000000,58788.93000000,57205.00000000,57301.86000000,6592.99979000
2024-09-02T00:00:00Z,57301.77000000,57987.99000000,57128.00000000,57547.99000000,7221.48592000
2024-09-02T08:00:00Z,57548.00000000,58808.00000000,57520.12000000,58537.99000000,9096.22036000
2024-09-02T16:00:00Z,58537.99000000,59425.69000000,58293.12000000,59132.13000000,6577.30833000
2024-09-03T00:00:00Z,59132.12000000,59809.65000000,58872.00000000,59112.00000000,5975.28855000
2024-09-03T08:00:00Z,59112.01000000,59350.00000000,57568.00000000,57725.00000000,10624.12111000
2024-09-03T16:00:00Z,57725.01000000,58251.09000000,57415.00000000,57487.73000000,6228.77481000
2024-09-04T00:00:00Z,57487.74000000,57943.53000000,55606.00000000,56746.00000000,15578.64991000
2024-09-04T08:00:00Z,56746.00000000,58181.43000000,56187.61000000,58134.00000000,12916.79477000
2024-09-04T16:00:00Z,58134.00000000,58519.00000000,57646.00000000,57970.90000000,7065.37678000
2024-09-05T00:00:00Z,57970.90000000,58327.07000000,56541.68000000,57155.10000000,8055.59411000
2024-09-05T08:00:00Z,57155.10000000,57350.00000000,55817.51000000,55976.01000000,13025.06757000
2024-09-05T16:00:00Z,55976.01000000,56710.00000000,55643.65000000,56180.00000000,6726.25245000
2024-09-06T00:00:00Z,56180.00000000,56858.88000000,55280.00000000,55804.29000000,9033.00596000
2024-09-06T08:00:00Z,55804.28000000,57008.00000000,53808.00000000,54045.01000000,25253.22479000
2024-09-06T16:00:00Z,54045.00000000,54435.00000000,52550.00000000,53962.97000000,20161.53751000
2024-09-07T00:00:00Z,53962.97000000,54405.37000000,53745.54000000,54286.00000000,6494.01731000
2024-09-07T08:00:00Z,54286.00000000,54829.00000000,54168.23000000,54780.00000000,4800.74049000
2024-09-07T16:00:00Z,54780.00000000,54850.00000000,53814.01000000,54160.86000000,5399.28994000
2024-09-08T00:00:00Z,54160.86000000,54575.00000000,53964.00000000,54436.25000000,3701.73378000
2024-09-08T08:00:00Z,54436.25000000,54722.85000000,53640.00000000,53687.00000000,5266.14771000
2024-09-08T16:00:00Z,53686.99000000,55318.00000000,53629.01000000,54869.95000000,7306.26630000
2024-09-09T00:00:00Z,54869.95000000,55370.23000000,54591.96000000,54974.01000000,7990.75323000
2024-09-09T08:00:00Z,54974.01000000,55799.00000000,54804.00000000,55386.00000000,9971.65859000
2024-09-09T16:00:00Z,55385.99000000,58088.00000000,55348.54000000,57042.00000000,14422.10555000
2024-09-10T00:00:00Z,57042.01000000,57290.00000000,56386.40000000,57218.57000000,6559.25121000
2024-09-10T08:00:00Z,57218.56000000,57468.98000000,56502.31000000,56596.00000000,9660.76971000
2024-09-10T16:00:00Z,56596.01000000,58044.36000000,56566.00000000,57635.99000000,7406.76034000
2024-09-11T00:00:00Z,57635.99000000,57750.00000000,56100.00000000,56712.00000000,8996.22594000
2024-09-11T08:00:00Z,56712.01000000,57166.66000000,55545.19000000,56701.23000000,15120.07421000
2024-09-11T16:00:00Z,56701.22000000,57981.71000000,56646.00000000,57338.00000000,8910.26742000
2024-09-12T00:00:00Z,57338.00000000,58470.01000000,57324.00000000,58138.16000000,8730.27918000
2024-09-12T08:00:00Z,58138.15000000,58588.00000000,57345.23000000,57512.03000000,12551.03001000
2024-09-12T16:00:00Z,57512.03000000,58450.99000000,57494.01000000,58132.32000000,9793.09712000
2024-09-13T00:00:00Z,58132.31000000,58290.40000000,57742.00000000,58109.31000000,4392.80703000
2024-09-13T08:00:00Z,58109.31000000,59723.97000000,57632.62000000,59667.38000000,12873.00204000
2024-09-13T16:00:00Z,59666.01000000,60625.00000000,59312.01000000,60498.00000000,12559.42426000
2024-09-14T00:00:00Z,60497.99000000,60610.45000000,59900.00000000,60138.14000000,4796.27968000
2024-09-14T08:00:00Z,60138.14000000,60156.00000000,59605.98000000,59876.00000000,3908.19131000
2024-09-14T16:00:00Z,59875.99000000,60134.13000000,59400.00000000,59993.03000000,3433.43802000
2024-09-15T00:00:00Z,59993.02000000,60280.06000000,59986.01000000,60196.00000000,2257.72209000
2024-09-15T08:00:00Z,60195.99000000,60395.80000000,59871.00000000,60335.41000000,3276.35777000
2024-09-15T16:00:00Z,60335.41000000,60352.65000000,58691.05000000,59132.00000000,8223.84375000
2024-09-16T00:00:00Z,59132.00000000,59210.70000000,58112.00000000,58911.10000000,8804.28871000
2024-09-16T08:00:00Z,58911.10000000,59179.35000000,57553.38000000,57881.69000000,10220.63659000
2024-09-16T16:00:00Z,57881.70000000,58410.00000000,57493.30000000,58213.99000000,7452.63890000
2024-09-17T00:00:00Z,58213.99000000,58779.08000000,57610.01000000,58695.39000000,4801.39486000
2024-09-17T08:00:00Z,58695.39000000,61320.00000000,58636.36000000,61135.50000000,17921.56129000
2024-09-17T16:00:00Z,61135.49000000,61261.00000000,59618.26000000,60313.99000000,10393.30263000
2024-09-18T00:00:00Z,60313.99000000,60769.00000000,59854.60000000,60428.01000000,5825.16214000
2024-09-18T08:00:00Z,60428.01000000,60428.01000000,59308.61000000,59429.18000000,9646.04043000
2024-09-18T16:00:00Z,59429.19000000,61786.24000000,59174.80000000,61759.99000000,20615.82212000
2024-09-19T00:00:00Z,61759.98000000,62589.52000000,61555.00000000,62093.99000000,11704.54072000
2024-09-19T08:00:00Z,62094.00000000,63500.84000000,61888.18000000,63154.04000000,13852.20394000
2024-09-19T16:00:00Z,63154.03000000,63850.00000000,62650.00000000,62947.99000000,8775.78142000
2024-09-20T00:00:00Z,62948.00000000,64133.32000000,62606.00000000,63524.80000000,10260.16996000
2024-09-20T08:00:00Z,63524.81000000,63700.00000000,62553.90000000,63153.99000000,10333.67940000
2024-09-20T16:00:00Z,63153.99000000,63300.00000000,62350.00000000,63201.05000000,4872.52858000
2024-09-21T00:00:00Z,63201.05000000,63310.37000000,62758.00000000,63091.02000000,2850.97308000
2024-09-21T08:00:00Z,63091.02000000,63306.00000000,62966.01000000,63167.98000000,2638.39724000
2024-09-21T16:00:00Z,63167.98000000,63559.90000000,63058.00000000,63348.96000000,2885.97576000
2024-09-22T00:00:00Z,63348.97000000,63450.00000000,62830.01000000,62936.00000000,2831.66008000
2024-09-22T08:00:00Z,62936.00000000,63034.99000000,62429.16000000,62652.12000000,4112.28097000
2024-09-22T16:00:00Z,62652.12000000,64000.00000000,62357.93000000,63578.76000000,7298.25787000
2024-09-23T00:00:00Z,63578.76000000,64745.88000000,62538.75000000,63548.82000000,10584.00863000
2024-09-23T08:00:00Z,63548.83000000,63806.00000000,63059.93000000,63618.00000000,8610.38106000
2024-09-23T16:00:00Z,63617.99000000,63825.96000000,63088.69000000,63339.99000000,4883.66318000
2024-09-24T00:00:00Z,63339.99000000,63569.99000000,62700.00000000,63559.92000000,6657.50709000
2024-09-24T08:00:00Z,63559.93000000,63948.00000000,62731.10000000,63159.99000000,8685.13822000
2024-09-24T16:00:00Z,63159.99000000,64688.00000000,63088.02000000,64262.70000000,7842.40228000
2024-09-25T00:00:00Z,64262.70000000,64817.99000000,63645.49000000,63843.33000000,5807.37258000
2024-09-25T08:00:00Z,63843.34000000,63999.00000000,63283.37000000,63495.66000000,6355.05313000
2024-09-25T16:00:00Z,63495.66000000,63670.00000000,62947.08000000,63152.01000000,5650.68597000
2024-09-26T00:00:00Z,63152.01000000,63874.41000000,62670.00000000,63852.07000000,5161.49486000
2024-09-26T08:00:00Z,63852.07000000,65550.00000000,63595.67000000,65229.03000000,15238.11442000
2024-09-26T16:00:00Z,65229.03000000,65839.00000000,64633.52000000,65173.99000000,7973.69665000
2024-09-27T00:00:00Z,65173.99000000,65550.00000000,64819.90000000,65460.02000000,5967.18706000
2024-09-27T08:00:00Z,65460.02000000,66498.00000000,65314.31000000,66006.01000000,11139.13619000
2024-09-27T16:00:00Z,66006.01000000,66360.00000000,65524.00000000,65769.95000000,4942.48162000
2024-09-28T00:00:00Z,65769.95000000,66260.00000000,65720.00000000,65824.01000000,2929.03201000
2024-09-28T08:00:00Z,65824.01000000,65824.01000000,65422.23000000,65619.13000000,3272.31726000
2024-09-28T16:00:00Z,65619.14000000,65982.16000000,65432.00000000,65858.00000000,2925.88389000
2024-09-29T00:00:00Z,65858.00000000,65984.00000000,65432.00000000,65477.01000000,2459.94410000
2024-09-29T08:00:00Z,65477.01000000,65850.00000000,65433.00000000,65751.34000000,2966.14354000
2024-09-29T16:00:00Z,65751.34000000,66076.12000000,65528.00000000,65602.01000000,2911.65347000
2024-09-30T00:00:00Z,65602.01000000,65618.80000000,64190.00000000,64562.01000000,9258.00862000
2024-09-30T08:00:00Z,64562.01000000,64576.01000000,63249.68000000,63561.41000000,12132.72480000
2024-09-30T16:00:00Z,63561.42000000,63860.00000000,62856.30000000,63327.59000000,8620.35410000
2024-10-01T00:00:00Z,63327.60000000,64130.63000000,63006.70000000,64045.92000000,7394.74553000
2024-10-01T08:00:00Z,64045.92000000,64118.00000000,61814.01000000,62628.85000000,15860.20574000
2024-10-01T16:00:00Z,62628.85000000,62778.73000000,60164.00000000,60805.78000000,20416.52981000
2024-10-02T00:00:00Z,60804.92000000,61940.00000000,60733.81000000,61727.40000000,7113.24493000
2024-10-02T08:00:00Z,61727.39000000,61926.90000000,60524.21000000,61874.01000000,11392.87261000
2024-10-02T16:00:00Z,61874.01000000,62390.31000000,60000.00000000,60649.28000000,13028.58364000
2024-10-03T00:00:00Z,60649.27000000,61477.19000000,60536.00000000,60926.00000000,7008.50922000
2024-10-03T08:00:00Z,60926.00000000,61070.47000000,59828.11000000,60641.50000000,12979.14592000
2024-10-03T16:00:00Z,60641.50000000,61100.00000000,59917.02000000,60752.71000000,6233.77958000
2024-10-04T00:00:00Z,60752.72000000,61544.98000000,60459.90000000,61443.64000000,4827.60169000
2024-10-04T08:00:00Z,61443.64000000,62004.48000000,60753.97000000,61873.04000000,10844.65051000
2024-10-04T16:00:00Z,61873.05000000,62484.85000000,61644.01000000,62086.00000000,5622.40774000
2024-10-05T00:00:00Z,62086.00000000,62268.28000000,61689.26000000,62076.19000000,2543.41255000
2024-10-05T08:00:00Z,62076.20000000,62370.56000000,62076.19000000,62167.66000000,2840.49680000
2024-10-05T16:00:00Z,62167.65000000,62180.00000000,61700.00000000,62058.00000000,2423.55206000
2024-10-06T00:00:00Z,62058.01000000,62150.00000000,61798.97000000,61949.01000000,1789.71173000
2024-10-06T08:00:00Z,61949.01000000,62777.00000000,61922.00000000,62720.01000000,3999.78780000
2024-10-06T16:00:00Z,62720.01000000,62975.00000000,62302.00000000,62819.91000000,3117.36224000
2024-10-07T00:00:00Z,62819.91000000,63970.19000000,62657.44000000,63531.99000000,6571.04179000
2024-10-07T08:00:00Z,63532.00000000,64478.19000000,62649.95000000,63651.60000000,12059.70419000
2024-10-07T16:00:00Z,63651.59000000,63906.57000000,62128.00000000,62224.00000000,7335.43922000
2024-10-08T00:00:00Z,62224.01000000,62820.00000000,62005.00000000,62319.99000000,5348.06031000
2024-10-08T08:00:00Z,62319.99000000,63200.00000000,61864.89000000,62288.01000000,9218.17759000
2024-10-08T16:00:00Z,62288.01000000,62598.00000000,61860.31000000,62160.49000000,5135.98581000
2024-10-09T00:00:00Z,62160.50000000,62543.75000000,62002.50000000,62276.78000000,4260.50268000
2024-10-09T08:00:00Z,62276.79000000,62412.09000000,61634.61000000,62316.00000000,6948.02925000
2024-10-09T16:00:00Z,62316.00000000,62350.00000000,60301.00000000,60636.02000000,8802.62491000
2024-10-10T00:00:00Z,60636.01000000,61149.58000000,60355.00000000,60900.00000000,4354.95170000
2024-10-10T08:00:00Z,60900.01000000,61321.68000000,60444.99000000,60789.36000000,7787.58351000
2024-10-10T16:00:00Z,60789.36000000,61030.31000000,58946.00000000,60326.39000000,11825.38960000
2024-10-11T00:00:00Z,60326.40000000,60925.16000000,60087.64000000,60674.69000000,4449.24145000
2024-10-11T08:00:00Z,60674.68000000,62450.00000000,60650.44000000,62259.05000000,9662.86172000
2024-10-11T16:00:00Z,62259.04000000,63417.56000000,62123.00000000,62540.00000000,9529.24892000
2024-10-12T00:00:00Z,62539.99000000,63073.78000000,62487.23000000,62767.57000000,3709.61465000
2024-10-12T08:00:00Z,62767.57000000,63480.00000000,62672.34000000,63157.49000000,4689.63700000
2024-10-12T16:00:00Z,63157.50000000,63400.00000000,62911.00000000,63206.22000000,2512.04951000
2024-10-13T00:00:00Z,63206.23000000,63285.72000000,62654.91000000,62843.48000000,2955.80233000
2024-10-13T08:00:00Z,62843.48000000,62962.00000000,62050.00000000,62229.31000000,4954.55042000
2024-10-13T16:00:00Z,62229.32000000,63125.00000000,62177.67000000,62870.02000000,3998.86720000
2024-10-14T00:00:00Z,62870.02000000,64686.00000000,62457.81000000,64620.87000000,11742.90352000
2024-10-14T08:00:00Z,64620.87000000,66299.93000000,64340.98000000,65870.00000000,16504.79680000
2024-10-14T16:00:00Z,65870.00000000,66500.00000000,65459.00000000,66083.99000000,9422.25190000
2024-10-15T00:00:00Z,66084.00000000,66330.00000000,65201.00000000,65638.74000000,6894.19552000
2024-10-15T08:00:00Z,65638.74000000,67950.00000000,64800.01000000,66022.00000000,24365.97193000
2024-10-15T16:00:00Z,66022.01000000,67390.89000000,65982.55000000,67074.14000000,12423.78678000
2024-10-16T00:00:00Z,67074.14000000,67561.04000000,66750.49000000,66972.53000000,6578.81843000
2024-10-16T08:00:00Z,66972.53000000,68424.00000000,66917.52000000,67749.99000000,18013.31556000
2024-10-16T16:00:00Z,67750.00000000,68100.00000000,67482.00000000,67620.01000000,5346.12145000
2024-10-17T00:00:00Z,67620.00000000,67939.40000000,67087.35000000,67303.18000000,6056.68620000
2024-10-17T08:00:00Z,67303.18000000,67680.00000000,66666.00000000,67590.66000000,11484.72102000
2024-10-17T16:00:00Z,67590.67000000,67590.67000000,66720.00000000,67421.78000000,7786.82139000
2024-10-18T00:00:00Z,67421.78000000,68378.95000000,67192.36000000,67969.70000000,9251.71750000
2024-10-18T08:00:00Z,67969.69000000,68870.68000000,67642.71000000,68735.35000000,12586.39382000
2024-10-18T16:00:00Z,68735.34000000,69000.00000000,68204.10000000,68428.00000000,6887.52368000
2024-10-19T00:00:00Z,68427.99000000,68693.26000000,68302.31000000,68346.54000000,2490.40942000
2024-10-19T08:00:00Z,68346.54000000,68475.70000000,68088.00000000,68226.93000000,3002.27167000
2024-10-19T16:00:00Z,68226.94000000,68413.96000000,68010.00000000,68378.00000000,2700.98628000
2024-10-20T00:00:00Z,68377.99000000,68446.00000000,68100.00000000,68378.00000000,2495.76329000
2024-10-20T08:00:00Z,68378.01000000,68772.70000000,68198.22000000,68625.99000000,4155.42405000
2024-10-20T16:00:00Z,68625.99000000,69400.00000000,68422.00000000,69031.99000000,5791.28644000
2024-10-21T00:00:00Z,69032.00000000,69519.52000000,68488.33000000,68514.00000000,6682.39217000
2024-10-21T08:00:00Z,68513.99000000,68661.00000000,66840.67000000,67341.02000000,17058.87488000
2024-10-21T16:00:00Z,67341.02000000,67941.17000000,66894.00000000,67377.50000000,7633.15479000
2024-10-22T00:00:00Z,67377.50000000,67800.00000000,66571.42000000,67402.00000000,7112.92365000
2024-10-22T08:00:00Z,67402.00000000,67693.34000000,66644.18000000,67282.27000000,12186.51514000
2024-10-22T16:00:00Z,67282.27000000,67836.01000000,66920.00000000,67426.00000000,5299.52389000
2024-10-23T00:00:00Z,67426.01000000,67472.83000000,66800.00000000,66852.34000000,4397.09447000
2024-10-23T08:00:00Z,66852.33000000,67048.00000000,65923.01000000,66223.44000000,11233.61954000
2024-10-23T16:00:00Z,66223.45000000,66807.37000000,65260.00000000,66668.65000000,9899.52669000
2024-10-24T00:00:00Z,66668.65000000,67612.12000000,66510.00000000,67123.08000000,6237.37914000
2024-10-24T08:00:00Z,67123.09000000,67998.00000000,66700.00000000,67701.22000000,9184.26683000
2024-10-24T16:00:00Z,67701.21000000,68850.00000000,67350.01000000,68198.28000000,7168.19280000
2024-10-25T00:00:00Z,68198.27000000,68286.56000000,67250.00000000,67531.97000000,5342.71600000
2024-10-25T08:00:00Z,67531.96000000,68771.49000000,67286.28000000,67690.01000000,9496.39617000
2024-10-25T16:00:00Z,67690.01000000,67890.52000000,65596.29000000,66698.33000000,19640.59908000
2024-10-26T00:00:00Z,66698.32000000,67240.02000000,66439.90000000,67007.99000000,5313.87064000
2024-10-26T08:00:00Z,67007.99000000,67264.34000000,66744.00000000,66886.49000000,4102.65744000
2024-10-26T16:00:00Z,66886.49000000,67454.55000000,66788.00000000,67092.76000000,2426.37962000
2024-10-27T00:00:00Z,67092.76000000,67325.46000000,66913.73000000,67204.01000000,1654.99551000
2024-10-27T08:00:00Z,67204.00000000,67858.00000000,67036.85000000,67791.99000000,3150.91949000
2024-10-27T16:00:00Z,67792.00000000,68332.05000000,67540.88000000,68021.70000000,3847.28092000
2024-10-28T00:00:00Z,68021.69000000,68680.00000000,67618.00000000,68415.52000000,4976.95376000
2024-10-28T08:00:00Z,68415.52000000,69280.00000000,68238.81000000,68494.20000000,10288.38163000
2024-10-28T16:00:00Z,68494.20000000,70270.00000000,68452.54000000,69962.21000000,13781.41920000
2024-10-29T00:00:00Z,69962.21000000,71587.88000000,69760.00000000,71017.97000000,14651.41292000
2024-10-29T08:00:00Z,71017.96000000,72429.99000000,70929.00000000,72402.01000000,15843.83357000
2024-10-29T16:00:00Z,72402.00000000,73620.12000000,71864.65000000,72736.42000000,19633.35945000
2024-10-30T00:00:00Z,72736.41000000,72785.72000000,72000.01000000,72227.99000000,6619.62989000
2024-10-30T08:00:00Z,72227.99000000,72604.97000000,71436.00000000,72061.34000000,11036.04718000
2024-10-30T16:00:00Z,72061.34000000,72961.00000000,71641.77000000,72344.74000000,9230.31349000
2024-10-31T00:00:00Z,72344.75000000,72599.99000000,72030.08000000,72417.19000000,5256.38209000
2024-10-31T08:00:00Z,72417.19000000,72700.00000000,70431.77000000,70620.00000000,13520.57457000
2024-10-31T16:00:00Z,70620.01000000,70949.51000000,69685.76000000,70292.01000000,10575.14631000
2024-11-01T00:00:00Z,70292.01000000,70470.00000000,68830.00000000,69273.70000000,10576.21597000
2024-11-01T08:00:00Z,69273.70000000,71632.95000000,69044.00000000,69387.77000000,16841.88018000
2024-11-01T16:00:00Z,69387.78000000,70515.16000000,68820.14000000,69496.01000000,10883.77140000
2024-11-02T00:00:00Z,69496.00000000,69914.37000000,69446.00000000,69813.91000000,3187.12709000
2024-11-02T08:00:00Z,69813.91000000,69838.62000000,69000.14000000,69393.17000000,4644.73134000
2024-11-02T16:00:00Z,69393.18000000,69616.00000000,69149.00000000,69374.74000000,2689.81400000
2024-11-03T00:00:00Z,69374.74000000,69391.00000000,67864.16000000,68397.42000000,7808.05110000
2024-11-03T08:00:00Z,68397.42000000,68603.58000000,67478.73000000,68090.90000000,8503.58323000
2024-11-03T16:00:00Z,68090.91000000,69358.00000000,67667.21000000,68775.99000000,8684.06810000
2024-11-04T00:00:00Z,68775.99000000,69500.00000000,68240.61000000,68618.00000000,6285.07699000
2024-11-04T08:00:00Z,68618.00000000,69264.52000000,68202.99000000,68646.01000000,9564.57973000
2024-11-04T16:00:00Z,68646.01000000,68814.32000000,66835.00000000,67850.01000000,13950.73515000
2024-11-05T00:00:00Z,67850.01000000,68976.00000000,67476.63000000,68893.99000000,7158.98800000
2024-11-05T08:00:00Z,68894.00000000,70325.06000000,68615.11000000,69639.99000000,12378.96709000
2024-11-05T16:00:00Z,69640.00000000,70577.91000000,68732.77000000,69372.01000000,13817.11379000
2024-11-06T00:00:00Z,69372.01000000,75407.10000000,69298.00000000,73370.89000000,55496.09495800
2024-11-06T08:00:00Z,73370.89000000,74757.58000000,72656.31000000,74298.00000000,27970.43786000
2024-11-06T16:00:00Z,74297.99000000,76400.00000000,74150.00000000,75571.99000000,20660.46196900
2024-11-07T00:00:00Z,75571.99000000,76022.79000000,74416.00000000,74757.58000000,12605.36722000
2024-11-07T08:00:00Z,74757.58000000,76059.69000000,74512.19000000,76059.69000000,11366.37463000
2024-11-07T16:00:00Z,76059.68000000,76849.99000000,75494.00000000,75857.89000000,20897.68049500
2024-11-08T00:00:00Z,75857.89000000,76358.00000000,75555.00000000,76148.49000000,9417.93871000
2024-11-08T08:00:00Z,76148.49000000,76584.60000000,75630.76000000,76427.72000000,12582.61069000
2024-11-08T16:00:00Z,76427.72000000,77199.99000000,75822.07000000,76509.78000000,14520.55018300
2024-11-09T00:00:00Z,76509.78000000,76795.69000000,76136.00000000,76529.08000000,5323.18028000
2024-11-09T08:00:00Z,76529.07000000,76735.59000000,76272.72000000,76319.90000000,4532.98521000
2024-11-09T16:00:00Z,76319.91000000,76900.00000000,75714.66000000,76677.46000000,7085.91366000
2024-11-10T00:00:00Z,76677.46000000,79788.96000000,76492.00000000,78832.37000000,21799.19046700
2024-11-10T08:00:00Z,78832.36000000,80080.00000000,78832.36000000,79694.03000000,16376.19090200
2024-11-10T16:00:00Z,79694.03000000,81500.00000000,78473.13000000,80370.01000000,23654.71906600
2024-11-11T00:00:00Z,80370.01000000,81846.71000000,80216.01000000,81109.10000000,13885.64998200
2024-11-11T08:00:00Z,81109.11000000,84263.51000000,81023.29000000,84059.54000000,25604.68763700
2024-11-11T16:00:00Z,84059.53000000,89530.54000000,83831.84000000,88647.99000000,42833.32815700
2024-11-12T00:00:00Z,88648.00000000,89940.00000000,86561.35000000,88983.35000000,32860.35807100
2024-11-12T08:00:00Z,88983.35000000,89372.00000000,85072.00000000,86632.00000000,40635.88458000
2024-11-12T16:00:00Z,86632.00000000,89876.94000000,85730.35000000,87952.01000000,23803.64526000
2024-11-13T00:00:00Z,87952.00000000,88562.94000000,86127.99000000,87356.00000000,19553.15052000
2024-11-13T08:00:00Z,87356.01000000,92690.00000000,87082.42000000,92540.01000000,31127.24505300
2024-11-13T16:00:00Z,92540.00000000,93265.64000000,87970.98000000,90375.20000000,36083.45855400
2024-11-14T00:00:00Z,90375.21000000,90850.00000000,89104.54000000,90769.42000000,13551.45712000
2024-11-14T08:00:00Z,90769.42000000,91790.00000000,87829.57000000,87947.99000000,23250.04912000
2024-11-14T16:00:00Z,87947.99000000,89775.24000000,86668.21000000,87325.59000000,19928.00462000
2024-11-15T00:00:00Z,87325.59000000,88473.70000000,87073.38000000,87612.00000000,12916.49795000
2024-11-15T08:00:00Z,87612.01000000,90709.74000000,87368.00000000,88445.41000000,18544.28409000
2024-11-15T16:00:00Z,88445.40000000,91850.00000000,88386.99000000,91032.07000000,16467.16864000
2024-11-16T00:00:00Z,91032.08000000,91779.66000000,90850.00000000,91117.53000000,7278.22904000
2024-11-16T08:00:00Z,91117.52000000,91598.13000000,90056.17000000,90521.20000000,9394.89950000
2024-11-16T16:00:00Z,90521.20000000,91396.03000000,90186.64000000,90586.92000000,6044.74835000
2024-11-17T00:00:00Z,90587.98000000,90888.00000000,89364.00000000,90550.80000000,7924.83961000
2024-11-17T08:00:00Z,90550.80000000,91449.99000000,89925.91000000,90260.01000000,8095.90933000
2024-11-17T16:00:00Z,90260.01000000,90640.18000000,88722.00000000,89855.99000000,7846.80715000
2024-11-18T00:00:00Z,89855.98000000,92300.00000000,89617.96000000,91719.90000000,9630.89737000
2024-11-18T08:00:00Z,91719.90000000,92594.00000000,89376.90000000,92309.51000000,19362.56962000
2024-11-18T16:00:00Z,92309.51000000,92584.95000000,89667.66000000,90464.08000000,17551.56749000
2024-11-19T00:00:00Z,90464.07000000,92000.00000000,90357.00000000,91620.01000000,7469.07081000
2024-11-19T08:00:00Z,91620.00000000,92788.00000000,90975.80000000,92391.99000000,17554.57487000
2024-11-19T16:00:00Z,92391.99000000,93905.51000000,91320.00000000,92310.79000000,18636.40114000
2024-11-20T00:00:00Z,92310.80000000,92851.09000000,91500.00000000,92850.38000000,7573.40254000
2024-11-20T08:00:00Z,92850.38000000,94807.62000000,92720.00000000,94739.97000000,18919.29331200
2024-11-20T16:00:00Z,94739.98000000,94831.97000000,93138.00000000,94286.56000000,15710.50286000
2024-11-21T00:00:00Z,94286.56000000,97852.00000000,94040.00000000,96912.01000000,22559.24132400
2024-11-21T08:00:00Z,96912.01000000,98384.86000000,95600.00000000,96672.00000000,26899.02001000
2024-11-21T16:00:00Z,96672.00000000,98988.00000000,96276.69000000,98317.12000000,19770.09914300
2024-11-22T00:00:00Z,98317.12000000,99419.99000000,97840.00000000,99173.70000000,14165.34050300
2024-11-22T08:00:00Z,99173.70000000,99267.19000000,97122.11000000,98664.00000000,17554.68354000
2024-11-22T16:00:00Z,98663.99000000,99588.01000000,98220.00000000,98892.00000000,14469.28520000
2024-11-23T00:00:00Z,98892.00000000,98908.85000000,98284.61000000,98560.85000000,7278.69468000
2024-11-23T08:00:00Z,98560.84000000,98847.68000000,98300.00000000,98400.00000000,7315.44087000
2024-11-23T16:00:00Z,98400.01000000,98459.56000000,97136.00000000,97672.40000000,10163.70812000
2024-11-24T00:00:00Z,97672.40000000,98564.00000000,97620.74000000,98431.05000000,7572.93153000
2024-11-24T08:00:00Z,98431.05000000,98472.98000000,95900.01000000,95901.51000000,12989.24093000
2024-11-24T16:00:00Z,95901.52000000,98369.46000000,95734.77000000,97900.04000000,10638.80592000
2024-11-25T00:00:00Z,97900.05000000,98376.99000000,96888.00000000,98047.34000000,9068.97901000
2024-11-25T08:00:00Z,98047.34000000,98871.80000000,94525.00000000,96000.56000000,19541.21960000
2024-11-25T16:00:00Z,96000.57000000,96500.00000000,92600.19000000,93010.01000000,22237.25235000
2024-11-26T00:00:00Z,93010.01000000,94973.37000000,92727.90000000,93785.71000000,10967.68627000
2024-11-26T08:00:00Z,93785.72000000,93785.72000000,91466.52000000,92813.00000000,26772.06603000
2024-11-26T16:00:00Z,92812.99000000,94685.60000000,90791.10000000,91965.16000000,20118.97908000
2024-11-27T00:00:00Z,91965.16000000,93648.00000000,91792.14000000,93597.16000000,10395.85230000
2024-11-27T08:00:00Z,93597.16000000,95850.00000000,92847.84000000,95556.01000000,13862.61082000
2024-11-27T16:00:00Z,95556.00000000,97208.21000000,95184.79000000,95863.11000000,16894.96422000
2024-11-28T00:00:00Z,95863.11000000,96564.00000000,94822.54000000,95299.66000000,11290.70169000
2024-11-28T08:00:00Z,95299.66000000,96221.80000000,94640.00000000,95007.14000000,10300.31392000
2024-11-28T16:00:00Z,95007.15000000,96023.48000000,94698.00000000,95643.98000000,7223.52796000
2024-11-29T00:00:00Z,95643.99000000,96859.00000000,95364.99000000,95625.05000000,6125.75950000
2024-11-29T08:00:00Z,95625.05000000,98619.99000000,95616.00000000,98019.47000000,13022.01110000
2024-11-29T16:00:00Z,98019.46000000,98440.00000000,96853.82000000,97460.00000000,8554.01171000
2024-11-30T00:00:00Z,97460.00000000,97463.95000000,96309.85000000,96783.38000000,6449.96554000
2024-11-30T08:00:00Z,96783.38000000,96968.78000000,96092.01000000,96645.41000000,4506.03926000
2024-11-30T16:00:00Z,96645.42000000,97062.50000000,96320.99000000,96407.99000000,3547.82826000
2024-12-01T00:00:00Z,96407.99000000,96672.49000000,95693.88000000,96472.97000000,4906.93633000
2024-12-01T08:00:00Z,96472.97000000,97388.78000000,96424.99000000,97028.02000000,6063.44823000
2024-12-01T16:00:00Z,97028.02000000,97836.00000000,96800.01000000,97185.18000000,5968.21996000
2024-12-02T00:00:00Z,97185.17000000,98130.00000000,95749.97000000,95999.99000000,10771.40090000
2024-12-02T08:00:00Z,95999.99000000,97214.77000000,94766.00000000,97048.00000000,14597.53553000
2024-12-02T16:00:00Z,97048.01000000,97356.69000000,94395.00000000,95840.62000000,12589.73338000
2024-12-03T00:00:00Z,95840.61000000,96305.52000000,95277.35000000,95550.00000000,7181.84698000
2024-12-03T08:00:00Z,95550.00000000,96250.00000000,93578.17000000,95682.54000000,17599.56740000
2024-12-03T16:00:00Z,95682.54000000,96169.99000000,94860.00000000,95849.69000000,11045.90845000
2024-12-04T00:00:00Z,95849.69000000,96714.41000000,95224.17000000,96588.81000000,8395.74591000
2024-12-04T08:00:00Z,96588.81000000,96950.00000000,95352.41000000,95742.81000000,11739.30129000
2024-12-04T16:00:00Z,95742.80000000,99000.00000000,94587.83000000,98587.32000000,23715.49008000
2024-12-05T00:00:00Z,98587.32000000,104088.00000000,97888.89000000,102236.10000000,44842.06270200
2024-12-05T08:00:00Z,102236.10000000,103550.00000000,100925.97000000,101292.01000000,24255.68390000
2024-12-05T16:00:00Z,101292.00000000,101999.00000000,90500.00000000,96945.63000000,40823.98306000
2024-12-06T00:00:00Z,96945.63000000,98828.70000000,95981.72000000,98138.54000000,15102.95172000
2024-12-06T08:00:00Z,98138.53000000,99483.81000000,97512.26000000,99309.99000000,14876.69337000
2024-12-06T16:00:00Z,99310.00000000,101898.99000000,98762.60000000,99740.84000000,15069.88801000
2024-12-07T00:00:00Z,99740.84000000,100428.00000000,98844.00000000,99405.20000000,6057.40133000
2024-12-07T08:00:00Z,99405.20000000,99821.83000000,99036.01000000,99756.01000000,4699.37768000
2024-12-07T16:00:00Z,99756.00000000,100439.18000000,99460.37000000,99831.99000000,4175.16689000
2024-12-08T00:00:00Z,99831.99000000,100328.88000000,99336.00000000,99675.11000000,3278.57042000
2024-12-08T08:00:00Z,99675.11000000,100500.00000000,98657.70000000,99912.01000000,5945.83918000
2024-12-08T16:00:00Z,99912.01000000,101351.00000000,99480.00000000,101109.59000000,5388.58728000
2024-12-09T00:00:00Z,101109.60000000,101215.93000000,98328.00000000,99576.51000000,10772.62618000
2024-12-09T08:00:00Z,99576.51000000,100421.80000000,97508.58000000,97812.00000000,16320.53863000
2024-12-09T16:00:00Z,97812.00000000,98398.00000000,94150.05000000,97276.47000000,26855.95114000
2024-12-10T00:00:00Z,97276.48000000,98138.00000000,95565.41000000,97196.44000000,12819.20378000
2024-12-10T08:00:00Z,97196.44000000,98270.00000000,95555.00000000,95658.79000000,15322.23666000
2024-12-10T16:00:00Z,95658.79000000,97200.70000000,94256.54000000,96593.00000000,23567.24889000
2024-12-11T00:00:00Z,96593.00000000,97790.36000000,95658.24000000,97334.60000000,8984.44472000
2024-12-11T08:00:00Z,97334.59000000,100800.00000000,97316.78000000,100361.64000000,14561.33989000
2024-12-11T16:00:00Z,100361.64000000,101888.00000000,99608.23000000,101125.00000000,14207.99830000
2024-12-12T00:00:00Z,101125.00000000,101829.00000000,100331.61000000,100499.99000000,7602.30361000
2024-12-12T08:00:00Z,100499.99000000,101861.60000000,100178.32000000,101797.14000000,10120.81380000
2024-12-12T16:00:00Z,101797.14000000,102540.00000000,99311.64000000,100004.29000000,11508.97004000
2024-12-13T00:00:00Z,100004.29000000,100356.85000000,99205.00000000,100130.00000000,5892.13041000
2024-12-13T08:00:00Z,100130.01000000,101375.26000000,99700.00000000,99873.16000000,6655.16190000
2024-12-13T16:00:00Z,99873.16000000,101895.26000000,99800.00000000,101424.25000000,9356.74692000
2024-12-14T00:00:00Z,101424.24000000,102650.00000000,101148.35000000,101824.00000000,6457.82049000
2024-12-14T08:00:00Z,101824.00000000,101863.64000000,100826.38000000,101625.12000000,3984.02233000
2024-12-14T16:00:00Z,101625.12000000,101737.70000000,100609.41000000,101420.00000000,3749.86044000
2024-12-15T00:00:00Z,101420.00000000,102850.00000000,101237.14000000,101732.09000000,5808.25648000
2024-12-15T08:00:00Z,101732.09000000,103359.97000000,101581.07000000,102704.01000000,6718.79111000
2024-12-15T16:00:00Z,102704.00000000,105250.00000000,102583.65000000,104463.99000000,9701.87418500
2024-12-16T00:00:00Z,104463.99000000,106648.00000000,104259.48000000,104992.79000000,11887.12090600
2024-12-16T08:00:00Z,104992.79000000,106499.99000000,103333.00000000,106332.01000000,13261.56947000
2024-12-16T16:00:00Z,106332.00000000,107793.07000000,105480.02000000,106058.66000000,16153.71236400
2024-12-17T00:00:00Z,106058.65000000,107143.29000000,105657.34000000,106805.75000000,6820.70350000
2024-12-17T08:00:00Z,106805.75000000,108353.00000000,105725.99000000,106478.47000000,12562.12829600
2024-12-17T16:00:00Z,106478.48000000,107633.00000000,105321.49000000,106133.74000000,9682.10467000
2024-12-18T00:00:00Z,106133.74000000,106524.98000000,103137.82000000,104250.75000000,13041.57637000
2024-12-18T08:00:00Z,104250.75000000,105350.00000000,103650.00000000,104428.54000000,10170.50831000
2024-12-18T16:00:00Z,104428.54000000,104999.98000000,100000.00000000,100204.01000000,27095.91287000
2024-12-19T00:00:00Z,100204.01000000,101727.28000000,98802.00000000,101656.57000000,14210.22543000
2024-12-19T08:00:00Z,101656.57000000,102800.11000000,99500.00000000,100679.86000000,14571.67413000
2024-12-19T16:00:00Z,100679.86000000,101200.00000000,95700.00000000,97461.86000000,26365.49844000
2024-12-20T00:00:00Z,97461.86000000,98233.00000000,96000.00000000,97832.53000000,15583.42748000
2024-12-20T08:00:00Z,97832.52000000,97864.91000000,92232.54000000,96991.62000000,35352.49891000
2024-12-20T16:00:00Z,96991.63000000,97816.44000000,95393.84000000,97805.44000000,11948.20931000
2024-12-21T00:00:00Z,97805.44000000,99540.61000000,97188.09000000,99040.00000000,8346.61871000
2024-12-21T08:00:00Z,99040.00000000,99187.95000000,96398.39000000,97527.97000000,9364.22434000
2024-12-21T16:00:00Z,97527.96000000,98057.51000000,96539.91000000,97291.99000000,5772.69838000
2024-12-22T00:00:00Z,97292.00000000,97448.08000000,95890.28000000,96210.24000000,4829.94421000
2024-12-22T08:00:00Z,96210.25000000,97351.57000000,95109.13000000,95377.72000000,6629.89554000
2024-12-22T16:00:00Z,95377.71000000,96444.45000000,94250.35000000,95186.27000000,7893.99061000
2024-12-23T00:00:00Z,95186.28000000,96509.98000000,93700.42000000,95404.01000000,9947.57720000
2024-12-23T08:00:00Z,95404.01000000,96538.92000000,93107.52000000,93250.37000000,11337.84270000
2024-12-23T16:00:00Z,93250.38000000,95509.09000000,92520.00000000,94881.47000000,11525.34713000
2024-12-24T00:00:00Z,94881.47000000,94881.47000000,93569.02000000,94233.19000000,5135.31698000
2024-12-24T08:00:00Z,94233.20000000,98300.00000000,93840.00000000,98300.00000000,8906.46540000
2024-12-24T16:00:00Z,98299.99000000,99487.99000000,97250.00000000,98663.58000000,9632.44250000
2024-12-25T00:00:00Z,98663.58000000,98878.44000000,97725.27000000,98084.33000000,3801.66432000
2024-12-25T08:00:00Z,98084.33000000,99349.31000000,97632.02000000,98519.98000000,5869.72192000
2024-12-25T16:00:00Z,98519.99000000,99569.15000000,98134.40000000,99429.60000000,4802.77886000
2024-12-26T00:00:00Z,99429.61000000,99963.70000000,97711.17000000,97719.99000000,5877.96815000
2024-12-26T08:00:00Z,97719.99000000,97772.13000000,95199.14000000,96042.88000000,10323.82600000
2024-12-26T16:00:00Z,96042.89000000,96621.95000000,95302.00000000,95791.60000000,4990.57312000
2024-12-27T00:00:00Z,95791.60000000,96604.24000000,94646.03000000,95104.76000000,7535.77312000
2024-12-27T08:00:00Z,95104.76000000,97544.58000000,94011.11000000,94573.75000000,11389.24193000
2024-12-27T16:00:00Z,94573.75000000,94996.16000000,93500.01000000,94299.03000000,7576.24924000
2024-12-28T00:00:00Z,94299.03000000,94800.00000000,94135.66000000,94381.99000000,2312.71008000
2024-12-28T08:00:00Z,94381.98000000,95340.36000000,94312.67000000,94447.29000000,3076.82057000
2024-12-28T16:00:00Z,94447.28000000,95733.99000000,94389.45000000,95300.00000000,2996.36225000
2024-12-29T00:00:00Z,95300.00000000,95340.00000000,94808.00000000,95272.04000000,1929.04250000
2024-12-29T08:00:00Z,95272.05000000,95315.50000000,94010.00000000,94511.12000000,3669.71708000
2024-12-29T16:00:00Z,94511.11000000,94578.89000000,93009.52000000,93738.20000000,7977.24620000
2024-12-30T00:00:00Z,93738.19000000,94274.29000000,93240.03000000,93731.65000000,5338.61265000
2024-12-30T08:00:00Z,93731.66000000,94277.23000000,91530.45000000,92130.21000000,10979.86519000
2024-12-30T16:00:00Z,92130.21000000,95024.50000000,91800.00000000,92792.05000000,11300.94466000
2024-12-31T00:00:00Z,92792.05000000,93040.10000000,92033.73000000,92860.75000000,4584.03957000
2024-12-31T08:00:00Z,92860.75000000,96250.00000000,92842.88000000,95412.00000000,9650.82074000
2024-12-31T16:00:00Z,95412.00000000,95590.52000000,93189.59000000,93576.00000000,5377.17358000
2025-01-01T00:00:00Z,93576.00000000,94509.42000000,93489.03000000,93684.10000000,2799.15966000
2025-01-01T08:00:00Z,93684.11000000,94500.00000000,92888.00000000,94432.94000000,3945.19455000
2025-01-01T16:00:00Z,94432.94000000,95151.15000000,93760.93000000,94591.79000000,3628.97192000
2025-01-02T00:00:00Z,94591.78000000,96000.00000000,94392.00000000,95822.00000000,5668.89961000
2025-01-02T08:00:00Z,95822.01000000,97440.91000000,95640.05000000,96455.01000000,9775.92864000
2025-01-02T16:00:00Z,96455.01000000,97839.50000000,96040.04000000,96984.79000000,6525.66123000
2025-01-03T00:00:00Z,96984.79000000,97342.44000000,96280.65000000,96304.00000000,2813.01551000
2025-01-03T08:00:00Z,96304.00000000,97660.00000000,96100.01000000,97521.35000000,5871.75629000
2025-01-03T16:00:00Z,97521.36000000,98976.91000000,97406.54000000,98174.18000000,6569.05756000
2025-01-04T00:00:00Z,98174.17000000,98350.04000000,97800.00000000,98271.88000000,2621.69411000
2025-01-04T08:00:00Z,98271.87000000,98306.22000000,97514.79000000,97657.94000000,3452.48737000
2025-01-04T16:00:00Z,97657.95000000,98778.43000000,97549.99000000,98220.50000000,2915.87503000
2025-01-05T00:00:00Z,98220.51000000,98522.76000000,98050.00000000,98268.77000000,1549.80027000
2025-01-05T08:00:00Z,98268.77000000,98281.89000000,97276.79000000,98028.98000000,3238.69102000
2025-01-05T16:00:00Z,98028.98000000,98836.85000000,97577.46000000,98363.61000000,3307.14594000
2025-01-06T00:00:00Z,98363.61000000,99892.00000000,97920.00000000,99318.70000000,6141.85657000
2025-01-06T08:00:00Z,99318.70000000,102468.92000000,98709.28000000,102147.95000000,10723.68202000
2025-01-06T16:00:00Z,102147.95000000,102480.00000000,101250.00000000,102235.60000000,8397.89516000
2025-01-07T00:00:00Z,102235.60000000,102724.38000000,101512.91000000,101664.81000000,3850.18337000
2025-01-07T08:00:00Z,101664.81000000,101995.64000000,97153.50000000,97952.26000000,15886.90277000
2025-01-07T16:00:00Z,97952.26000000,98347.81000000,96181.81000000,96954.61000000,12322.78923000
2025-01-08T00:00:00Z,96954.60000000,97268.65000000,95250.76000000,95657.09000000,8512.12480000
2025-01-08T08:00:00Z,95657.09000000,96132.47000000,94543.86000000,95493.77000000,11604.17594000
2025-01-08T16:00:00Z,95493.77000000,95555.25000000,92500.90000000,95060.61000000,13588.37820000
2025-01-09T00:00:00Z,95060.61000000,95382.32000000,93186.38000000,93221.59000000,8244.00522000
2025-01-09T08:00:00Z,93221.59000000,94588.23000000,91800.00000000,94244.02000000,13682.73725000
2025-01-09T16:00:00Z,94244.02000000,94685.25000000,91203.67000000,92552.49000000,12618.09438000
2025-01-10T00:00:00Z,92552.49000000,95000.00000000,92431.73000000,94492.63000000,6530.32444000
2025-01-10T08:00:00Z,94492.62000000,95293.40000000,92206.02000000,93730.92000000,14854.67634000
2025-01-10T16:00:00Z,93730.93000000,95836.00000000,93177.40000000,94726.11000000,10097.86346000
2025-01-11T00:00:00Z,94726.10000000,94746.37000000,93831.73000000,94246.36000000,2265.39337000
2025-01-11T08:00:00Z,94246.36000000,94791.67000000,94031.22000000,94410.26000000,1901.47100000
2025-01-11T16:00:00Z,94410.26000000,95050.94000000,93984.55000000,94599.99000000,2881.03993000
2025-01-12T00:00:00Z,94599.99000000,94699.00000000,94274.01000000,94323.85000000,1539.66215000
2025-01-12T08:00:00Z,94323.85000000,95450.10000000,93711.19000000,95071.90000000,3670.45830000
2025-01-12T16:00:00Z,95071.91000000,95314.12000000,93800.00000000,94545.06000000,3396.74577000
2025-01-13T00:00:00Z,94545.07000000,95940.00000000,93281.00000000,93590.24000000,6138.39623000
2025-01-13T08:00:00Z,93590.24000000,93661.55000000,89256.69000000,92123.75000000,25839.47154000
2025-01-13T16:00:00Z,92123.75000000,94727.15000000,91250.00000000,94536.10000000,10641.69646000
2025-01-14T00:00:00Z,94536.11000000,95464.71000000,94346.22000000,94864.00000000,5662.04398000
2025-01-14T08:00:00Z,94863.99000000,97371.00000000,94860.11000000,96471.65000000,14890.15934000
2025-01-14T16:00:00Z,96471.65000000,97088.57000000,95351.76000000,96560.86000000,7294.41421000
2025-01-15T00:00:00Z,96560.85000000,97724.96000000,96500.00000000,97301.35000000,6349.82810000
2025-01-15T08:00:00Z,97301.35000000,99799.98000000,96521.00000000,98992.42000000,14241.65465000
2025-01-15T16:00:00Z,98992.42000000,100681.94000000,98602.05000000,100497.35000000,9918.50904000
2025-01-16T00:00:00Z,100497.35000000,100866.66000000,99170.00000000,99799.99000000,6736.61187000
2025-01-16T08:00:00Z,99800.00000000,99820.00000000,97335.13000000,99296.17000000,12177.42606000
2025-01-16T16:00:00Z,99296.17000000,100641.99000000,99079.05000000,99987.30000000,8918.81524000
2025-01-17T00:00:00Z,99987.30000000,102148.13000000,99950.77000000,101440.50000000,10090.02944000
2025-01-17T08:00:00Z,101440.51000000,104254.19000000,101439.77000000,104000.00000000,14678.85825000
2025-01-17T16:00:00Z,104000.00000000,105865.22000000,103841.18000000,104077.48000000,14402.96523000
2025-01-18T00:00:00Z,104077.47000000,104656.87000000,102602.48000000,102821.75000000,8455.95698000
2025-01-18T08:00:00Z,102821.75000000,104988.88000000,102277.55000000,104568.96000000,9116.29349000
2025-01-18T16:00:00Z,104568.96000000,104750.00000000,103156.02000000,104556.23000000,6735.57951000
2025-01-19T00:00:00Z,104556.23000000,105634.78000000,104013.51000000,105167.12000000,8056.84754000
2025-01-19T08:00:00Z,105167.11000000,105706.48000000,103450.69000000,104936.35000000,13921.98889000
2025-01-19T16:00:00Z,104936.35000000,106422.43000000,99651.60000000,101331.57000000,21418.44655000
2025-01-20T00:00:00Z,101331.57000000,109588.00000000,99550.00000000,107120.65000000,35143.84790200
2025-01-20T08:00:00Z,107120.65000000,109193.23000000,104480.00000000,104957.99000000,22722.14098000
2025-01-20T16:00:00Z,104957.99000000,107050.00000000,100333.00000000,102260.01000000,31663.24285000
2025-01-21T00:00:00Z,102260.00000000,103260.10000000,100119.04000000,101989.05000000,15533.85157000
2025-01-21T08:00:00Z,101989.06000000,105320.00000000,101740.82000000,103943.00000000,16134.91139000
2025-01-21T16:00:00Z,103942.99000000,107240.81000000,103822.02000000,106143.82000000,14272.25706000
2025-01-22T00:00:00Z,106143.82000000,106394.46000000,105043.88000000,105084.77000000,5913.85108000
2025-01-22T08:00:00Z,105084.77000000,105584.23000000,103662.58000000,104180.01000000,9015.86328000
2025-01-22T16:00:00Z,104180.01000000,104830.12000000,103339.12000000,103706.66000000,7318.97818000
2025-01-23T00:00:00Z,103706.66000000,103819.99000000,101575.50000000,102710.27000000,8882.46217000
2025-01-23T08:00:00Z,102710.28000000,106050.86000000,101262.28000000,105263.52000000,20454.98986000
2025-01-23T16:00:00Z,105263.52000000,106850.00000000,102195.70000000,103910.34000000,24615.66828000
2025-01-24T00:00:00Z,103910.35000000,105355.00000000,102750.00000000,105046.80000000,6927.73060000
2025-01-24T08:00:00Z,105046.79000000,106321.66000000,104669.17000000,105859.98000000,7902.70923000
2025-01-24T16:00:00Z,105859.99000000,107120.00000000,104456.89000000,104870.50000000,8778.80034000
2025-01-25T00:00:00Z,104870.51000000,105280.82000000,104216.81000000,104385.98000000,3437.06291000
2025-01-25T08:00:00Z,104385.99000000,105111.11000000,104106.09000000,104897.79000000,2718.71352000
2025-01-25T16:00:00Z,104897.79000000,105286.52000000,104449.75000000,104746.85000000,2912.54734000
2025-01-26T00:00:00Z,104746.86000000,105500.00000000,104503.70000000,104998.35000000,2544.55451000
2025-01-26T08:00:00Z,104998.36000000,105221.36000000,104444.01000000,104967.01000000,2477.52485000
2025-01-26T16:00:00Z,104967.02000000,105260.36000000,102520.44000000,102620.00000000,4790.43302000
2025-01-27T00:00:00Z,102620.01000000,103260.00000000,97777.77000000,99048.02000000,21005.52138000
2025-01-27T08:00:00Z,99048.01000000,102317.94000000,98263.49000000,101112.03000000,18136.46379000
2025-01-27T16:00:00Z,101112.03000000,102405.00000000,98864.00000000,102082.83000000,11616.14893000
2025-01-28T00:00:00Z,102082.83000000,103371.24000000,101334.55000000,102789.72000000,6324.69383000
2025-01-28T08:00:00Z,102789.72000000,103800.00000000,101815.26000000,102777.99000000,7158.05314000
2025-01-28T16:00:00Z,102777.99000000,103108.00000000,100272.68000000,101335.52000000,8539.31068000
2025-01-29T00:00:00Z,101335.52000000,102853.53000000,101328.01000000,102755.82000000,3460.58979000
2025-01-29T08:00:00Z,102755.81000000,103000.00000000,101582.37000000,101980.78000000,6592.37654000
2025-01-29T16:00:00Z,101980.78000000,104782.68000000,101400.01000000,103733.24000000,13102.39169000
2025-01-30T00:00:00Z,103733.25000000,105595.81000000,103278.54000000,105132.07000000,6671.98811000
2025-01-30T08:00:00Z,105132.07000000,106457.44000000,104660.00000000,105564.00000000,7277.02731000
2025-01-30T16:00:00Z,105563.99000000,106013.01000000,104693.82000000,104722.94000000,5425.05930000
2025-01-31T00:00:00Z,104722.94000000,105029.72000000,103930.09000000,104188.56000000,4379.48654000
2025-01-31T08:00:00Z,104188.57000000,106012.00000000,103936.54000000,105464.01000000,6822.46242000
2025-01-31T16:00:00Z,105464.00000000,105574.40000000,101560.00000000,102429.56000000,10781.23297000
2025-02-01T00:00:00Z,102429.56000000,102783.71000000,102118.56000000,102166.49000000,2862.56086000
2025-02-01T08:00:00Z,102166.49000000,102329.01000000,101412.00000000,102073.89000000,3733.82023000
2025-02-01T16:00:00Z,102073.89000000,102297.99000000,100279.51000000,100635.65000000,5694.57638000
2025-02-02T00:00:00Z,100635.66000000,101456.60000000,99031.19000000,99643.30000000,8044.12976000
2025-02-02T08:00:00Z,99643.30000000,100100.00000000,98157.00000000,99346.87000000,9372.60922000
2025-02-02T16:00:00Z,99346.87000000,99361.97000000,96150.00000000,97700.59000000,17202.76041000
2025-02-03T00:00:00Z,97700.59000000,97782.79000000,91231.00000000,95333.01000000,37512.80910000
2025-02-03T08:00:00Z,95333.01000000,99500.00000000,94131.14000000,98842.00000000,20441.18678000
2025-02-03T16:00:00Z,98842.00000000,102500.01000000,98038.58000000,101328.52000000,17210.74262000
2025-02-04T00:00:00Z,101328.51000000,101732.31000000,98229.82000000,98448.02000000,11323.00808000
2025-02-04T08:00:00Z,98448.01000000,100415.00000000,97860.00000000,99347.19000000,12961.60116000
2025-02-04T16:00:00Z,99347.18000000,100777.93000000,96150.00000000,97763.13000000,15983.37773000
2025-02-05T00:00:00Z,97763.14000000,98930.44000000,97131.43000000,97864.43000000,7272.88598000
2025-02-05T08:00:00Z,97864.43000000,99149.00000000,97257.05000000,98116.24000000,8320.60180000
2025-02-05T16:00:00Z,98116.24000000,98277.02000000,96155.00000000,96612.43000000,10639.81666000
2025-02-06T00:00:00Z,96612.44000000,98436.61000000,96430.78000000,98195.61000000,4627.61257000
2025-02-06T08:00:00Z,98195.60000000,99120.00000000,96930.17000000,97333.09000000,8931.00584000
2025-02-06T16:00:00Z,97333.09000000,97547.71000000,95676.64000000,96554.35000000,9956.58564000
2025-02-07T00:00:00Z,96554.35000000,97883.12000000,96409.65000000,96757.05000000,5630.17548000
2025-02-07T08:00:00Z,96757.04000000,100137.99000000,96613.24000000,98283.98000000,14617.89787000
2025-02-07T16:00:00Z,98283.98000000,98563.55000000,95620.34000000,96506.80000000,11546.14730000
2025-02-08T00:00:00Z,96506.80000000,96880.00000000,95785.09000000,96209.92000000,3795.86727000
2025-02-08T08:00:00Z,96209.92000000,96517.52000000,95688.00000000,95843.74000000,3663.54961000
2025-02-08T16:00:00Z,95843.74000000,96750.00000000,95749.88000000,96444.74000000,2687.82606000
2025-02-09T00:00:00Z,96444.75000000,97323.09000000,96360.14000000,97057.83000000,3194.55866000
2025-02-09T08:00:00Z,97057.83000000,97294.46000000,95700.00000000,96488.15000000,5026.64533000
2025-02-09T16:00:00Z,96488.14000000,96760.00000000,94713.00000000,96462.75000000,5899.71214000
2025-02-10T00:00:00Z,96462.75000000,97640.02000000,95256.00000000,97429.83000000,8158.14540000
2025-02-10T08:00:00Z,97429.83000000,98345.00000000,96866.66000000,97218.69000000,8056.81010000
2025-02-10T16:00:00Z,97218.68000000,97643.29000000,96866.39000000,97430.82000000,4357.91987000
2025-02-11T00:00:00Z,97430.82000000,98478.42000000,97416.62000000,98268.97000000,4611.60310000
2025-02-11T08:00:00Z,98268.98000000,98330.00000000,96595.33000000,97007.53000000,5948.80271000
2025-02-11T16:00:00Z,97007.54000000,97045.53000000,94876.88000000,95778.20000000,8087.35798000
2025-02-12T00:00:00Z,95778.21000000,96263.99000000,95100.00000000,96069.58000000,4347.12685000
2025-02-12T08:00:00Z,96069.58000000,96631.66000000,94088.23000000,95816.18000000,14101.99778000
2025-02-12T16:00:00Z,95816.18000000,98119.99000000,95120.30000000,97869.99000000,10702.04162000
2025-02-13T00:00:00Z,97870.00000000,98083.91000000,95800.00000000,96070.23000000,5511.27530000
2025-02-13T08:00:00Z,96070.23000000,96480.06000000,95336.00000000,95998.00000000,8583.25197000
2025-02-13T16:00:00Z,95998.00000000,96774.71000000,95217.36000000,96608.14000000,5827.24889000
2025-02-14T00:00:00Z,96608.13000000,97248.60000000,96356.41000000,96944.09000000,3588.32773000
2025-02-14T08:00:00Z,96944.09000000,97568.28000000,96252.82000000,96924.39000000,5757.75295000
2025-02-14T16:00:00Z,96924.57000000,98826.00000000,96494.17000000,97500.48000000,8826.94578000
2025-02-15T00:00:00Z,97500.47000000,97972.26000000,97223.58000000,97346.26000000,2535.86211000
2025-02-15T08:00:00Z,97346.27000000,97962.51000000,97301.77000000,97633.22000000,2883.53655000
2025-02-15T16:00:00Z,97633.21000000,97741.35000000,97304.38000000,97569.66000000,1929.97817000
2025-02-16T00:00:00Z,97569.67000000,97704.47000000,97212.00000000,97248.98000000,1681.81196000
2025-02-16T08:00:00Z,97248.98000000,97388.89000000,96645.35000000,96911.01000000,3070.04391000
2025-02-16T16:00:00Z,96911.01000000,97282.38000000,96046.18000000,96118.12000000,3439.56903000
2025-02-17T00:00:00Z,96118.12000000,96638.05000000,95800.00000000,96068.22000000,4592.55357000
2025-02-17T08:00:00Z,96068.21000000,97046.59000000,95564.00000000,95659.46000000,6717.18441000
2025-02-17T16:00:00Z,95659.45000000,96413.43000000,95205.00000000,95780.00000000,5182.30712000
2025-02-18T00:00:00Z,95780.01000000,96322.97000000,95254.12000000,95456.93000000,4778.82916000
2025-02-18T08:00:00Z,95456.92000000,96753.91000000,95050.00000000,95546.48000000,6957.22581000
2025-02-18T16:00:00Z,95546.49000000,95685.00000000,93388.09000000,95671.74000000,11632.13974000
2025-02-19T00:00:00Z,95671.74000000,95961.54000000,95029.99000000,95687.71000000,5599.81774000
2025-02-19T08:00:00Z,95687.71000000,96700.00000000,95536.36000000,95943.74000000,5962.04866000
2025-02-19T16:00:00Z,95943.74000000,96899.99000000,95407.41000000,96644.37000000,4876.64314000
2025-02-20T00:00:00Z,96644.37000000,97362.83000000,96415.09000000,96867.92000000,5064.42645000
2025-02-20T08:00:00Z,96867.92000000,98062.15000000,96799.42000000,96903.77000000,5990.95001000
2025-02-20T16:00:00Z,96903.76000000,98711.36000000,96888.00000000,98305.00000000,6002.01531000
2025-02-21T00:00:00Z,98305.01000000,98610.17000000,98084.06000000,98179.76000000,4360.12128000
2025-02-21T08:00:00Z,98179.77000000,99475.00000000,97177.31000000,98104.04000000,12390.51952000
2025-02-21T16:00:00Z,98104.04000000,98757.00000000,94871.95000000,96181.98000000,15498.64060000
2025-02-22T00:00:00Z,96181.99000000,96578.99000000,95770.49000000,96288.09000000,3642.88639000
2025-02-22T08:00:00Z,96288.09000000,96980.00000000,96151.00000000,96592.00000000,4350.48946000
2025-02-22T16:00:00Z,96592.01000000,96823.53000000,96345.49000000,96551.01000000,3274.80123000
2025-02-23T00:00:00Z,96551.01000000,96650.00000000,96143.99000000,96508.85000000,2572.16061000
2025-02-23T08:00:00Z,96508.85000000,96508.86000000,95414.25000000,95436.18000000,3976.20000000
2025-02-23T16:00:00Z,95436.19000000,96332.44000000,95227.94000000,96258.00000000,4336.48852000
2025-02-24T00:00:00Z,96258.00000000,96500.00000000,95078.01000000,95872.02000000,5719.05011000
2025-02-24T08:00:00Z,95872.02000000,96177.18000000,93817.06000000,94323.95000000,10857.68935000
2025-02-24T16:00:00Z,94323.95000000,95194.59000000,91349.26000000,91552.88000000,14973.36353000
2025-02-25T00:00:00Z,91552.88000000,92540.69000000,88200.00000000,89320.01000000,23487.01734000
2025-02-25T08:00:00Z,89320.01000000,90000.00000000,86050.99000000,87231.26000000,35742.41913000
2025-02-25T16:00:00Z,87231.63000000,89460.17000000,86157.69000000,88680.40000000,19103.67464000
2025-02-26T00:00:00Z,88680.39000000,89414.15000000,88148.48000000,88720.02000000,7348.84790000
2025-02-26T08:00:00Z,88720.01000000,89314.45000000,85418.72000000,87567.53000000,17401.88859000
2025-02-26T16:00:00Z,87567.53000000,87806.62000000,82256.01000000,84250.09000000,32142.80760000
2025-02-27T00:00:00Z,84250.09000000,86737.00000000,84026.96000000,86272.01000000,12395.04247000
2025-02-27T08:00:00Z,86272.01000000,87078.46000000,84640.75000000,85500.84000000,16485.37902000
2025-02-27T16:00:00Z,85500.84000000,85691.51000000,82716.49000000,84708.58000000,13625.03290000
2025-02-28T00:00:00Z,84708.57000000,84892.85000000,78820.06000000,79204.59000000,42102.08170000
2025-02-28T08:00:00Z,79204.60000000,84425.89000000,78258.52000000,84005.05000000,27578.90628000
2025-02-28T16:00:00Z,84005.05000000,85120.00000000,83196.71000000,84349.94000000,13967.05171000
2025-03-01T00:00:00Z,84349.95000000,86558.00000000,83824.78000000,84740.15000000,12276.18953000
2025-03-01T08:00:00Z,84740.16000000,85508.79000000,84334.39000000,84800.00000000,8394.45844000
2025-03-01T16:00:00Z,84800.01000000,86262.74000000,84700.00000000,86064.53000000,5114.40667000
2025-03-02T00:00:00Z,86064.54000000,86589.97000000,85531.87000000,86232.42000000,4619.98138000
2025-03-02T08:00:00Z,86232.42000000,88673.09000000,85050.60000000,87427.99000000,12024.11938000
2025-03-02T16:00:00Z,87428.00000000,95000.00000000,87278.51000000,94270.00000000,38244.98969000
2025-03-03T00:00:00Z,94269.99000000,94416.46000000,91181.00000000,92363.58000000,12475.28337000
2025-03-03T08:00:00Z,92363.58000000,93721.37000000,89117.00000000,90035.37000000,20862.50471000
2025-03-03T16:00:00Z,90035.38000000,91000.00000000,85117.11000000,86220.61000000,25833.31410000
2025-03-04T00:00:00Z,86221.16000000,86807.98000000,82464.84000000,83186.40000000,18223.60497000
2025-03-04T08:00:00Z,83186.40000000,84977.65000000,81500.00000000,82985.06000000,18734.49673000
2025-03-04T16:00:00Z,82985.05000000,88967.52000000,82013.11000000,87281.98000000,18651.00536000
2025-03-05T00:00:00Z,87281.98000000,87888.88000000,86334.53000000,87619.49000000,8653.62383000
2025-03-05T08:00:00Z,87619.49000000,90933.82000000,87600.00000000,88344.25000000,18975.57061000
2025-03-05T16:00:00Z,88344.25000000,91000.00000000,87600.00000000,90606.01000000,10634.81719000
2025-03-06T00:00:00Z,90606.00000000,92810.64000000,89986.73000000,91346.48000000,9831.19621000
2025-03-06T08:00:00Z,91346.49000000,91667.50000000,89117.68000000,90820.69000000,12328.91742000
2025-03-06T16:00:00Z,90820.69000000,91066.44000000,87836.00000000,89931.89000000,12182.33539000
2025-03-07T00:00:00Z,89931.88000000,91283.02000000,84667.03000000,88365.18000000,22644.06995000
2025-03-07T08:00:00Z,88365.19000000,91100.00000000,87985.30000000,88457.99000000,15702.23423000
2025-03-07T16:00:00Z,88457.99000000,89023.41000000,85573.07000000,86801.75000000,19634.05295000
2025-03-08T00:00:00Z,86801.74000000,86897.25000000,85218.47000000,86197.14000000,5401.36812000
2025-03-08T08:00:00Z,86197.14000000,86627.51000000,85762.72000000,86400.00000000,4222.49655000
2025-03-08T16:00:00Z,86400.00000000,86500.00000000,85661.76000000,86222.45000000,3365.36587000
2025-03-09T00:00:00Z,86222.46000000,86500.00000000,85809.48000000,86004.61000000,2598.80457000
2025-03-09T08:00:00Z,86004.61000000,86098.00000000,82711.50000000,83080.41000000,9707.67931000
2025-03-09T16:00:00Z,83080.40000000,83758.22000000,80000.00000000,80734.37000000,13808.90957000
2025-03-10T00:00:00Z,80734.48000000,82797.95000000,80037.62000000,82318.77000000,9492.99472000
2025-03-10T08:00:00Z,82318.78000000,84123.46000000,79177.03000000,80043.85000000,19553.64115000
2025-03-10T16:00:00Z,80043.84000000,80250.00000000,77459.91000000,78595.86000000,18586.74818000
2025-03-11T00:00:00Z,78595.86000000,80614.89000000,76606.00000000,80424.95000000,15689.60272000
2025-03-11T08:00:00Z,80424.94000000,82225.21000000,79058.00000000,81232.24000000,22232.01201000
2025-03-11T16:00:00Z,81232.23000000,83617.40000000,80609.96000000,82932.99000000,10848.45380000
2025-03-12T00:00:00Z,82932.99000000,83783.26000000,81296.00000000,82447.79000000,8777.43904000
2025-03-12T08:00:00Z,82447.78000000,84539.85000000,80607.65000000,81738.97000000,16688.22751000
2025-03-12T16:00:00Z,81738.97000000,83887.26000000,81626.64000000,83680.12000000,6468.31945000
2025-03-13T00:00:00Z,83680.12000000,84336.33000000,82851.00000000,83151.99000000,6851.88257000
2025-03-13T08:00:00Z,83152.00000000,83900.00000000,80954.29000000,81044.72000000,10830.67015000
2025-03-13T16:00:00Z,81044.72000000,81484.23000000,79939.90000000,81115.78000000,9863.72140000
2025-03-14T00:00:00Z,81115.78000000,82454.50000000,80818.84000000,82170.85000000,4768.20382000
2025-03-14T08:00:00Z,82170.84000000,85309.71000000,82170.84000000,84724.58000000,14757.31092000
2025-03-14T16:00:00Z,84724.58000000,84950.00000000,83717.69000000,83983.20000000,7333.01281000
2025-03-15T00:00:00Z,83983.19000000,84676.28000000,83791.09000000,83827.31000000,3588.59552000
2025-03-15T08:00:00Z,83827.32000000,84499.74000000,83618.00000000,84346.02000000,5347.59633000
2025-03-15T16:00:00Z,84346.03000000,84498.72000000,84076.92000000,84338.44000000,2388.54135000
2025-03-16T00:00:00Z,84338.44000000,84418.00000000,83733.86000000,84273.96000000,2178.70260000
2025-03-16T08:00:00Z,84273.95000000,84335.43000000,82381.46000000,83320.83000000,6765.09934000
2025-03-16T16:00:00Z,83320.83000000,85117.04000000,81981.12000000,82574.53000000,8652.32337000
2025-03-17T00:00:00Z,82574.52000000,83869.77000000,82523.00000000,83567.87000000,4576.99022000
2025-03-17T08:00:00Z,83567.88000000,84000.00000000,82456.00000000,83531.06000000,7377.33596000
2025-03-17T16:00:00Z,83531.07000000,84756.83000000,83103.60000000,84010.03000000,5260.41740000
2025-03-18T00:00:00Z,84010.02000000,84021.74000000,82244.68000000,83163.81000000,6018.98397000
2025-03-18T08:00:00Z,83163.81000000,83452.30000000,81134.66000000,81610.21000000,7102.48604000
2025-03-18T16:00:00Z,81610.22000000,82810.95000000,81245.65000000,82715.03000000,4489.42882000
2025-03-19T00:00:00Z,82715.03000000,83364.16000000,82547.16000000,83190.00000000,4640.47164000
2025-03-19T08:00:00Z,83190.00000000,84888.00000000,83178.74000000,84733.05000000,9389.51150000
2025-03-19T16:00:00Z,84733.05000000,87000.00000000,83578.32000000,86845.94000000,14121.07060000
2025-03-20T00:00:00Z,86845.93000000,87453.67000000,85430.38000000,85816.39000000,6695.79854000
2025-03-20T08:00:00Z,85816.39000000,86532.04000000,84565.16000000,84691.76000000,8987.05606000
2025-03-20T16:00:00Z,84691.27000000,84908.00000000,83655.23000000,84223.39000000,6407.45003000
2025-03-21T00:00:00Z,84223.38000000,84850.33000000,83700.47000000,83937.98000000,3559.71748000
2025-03-21T08:00:00Z,83937.99000000,84358.51000000,83175.25000000,83565.48000000,4960.27400000
2025-03-21T16:00:00Z,83565.47000000,84584.00000000,83379.00000000,84088.79000000,3436.98295000
2025-03-22T00:00:00Z,84088.79000000,84429.09000000,83989.58000000,84274.72000000,1761.93836000
2025-03-22T08:00:00Z,84274.71000000,84539.17000000,83975.42000000,84109.09000000,1889.12808000
2025-03-22T16:00:00Z,84109.08000000,84320.00000000,83625.10000000,83840.59000000,1769.15470000
2025-03-23T00:00:00Z,83840.59000000,84328.24000000,83809.75000000,84279.82000000,1272.27974000
2025-03-23T08:00:00Z,84279.82000000,85254.17000000,84263.05000000,85189.41000000,3603.69465000
2025-03-23T16:00:00Z,85189.41000000,86129.64000000,84800.00000000,86082.50000000,3586.00374000
2025-03-24T00:00:00Z,86082.50000000,87300.00000000,85519.09000000,86874.52000000,7748.91072000
2025-03-24T08:00:00Z,86874.52000000,88765.43000000,86838.76000000,88350.01000000,12079.77973000
2025-03-24T16:00:00Z,88350.01000000,88536.00000000,87050.60000000,87498.16000000,10286.93066000
2025-03-25T00:00:00Z,87498.16000000,87679.25000000,86310.00000000,86436.82000000,5893.69785000
2025-03-25T08:00:00Z,86436.82000000,88258.80000000,86406.49000000,87774.37000000,8310.62369000
2025-03-25T16:00:00Z,87774.37000000,88539.63000000,87132.65000000,87392.87000000,8438.93094000
2025-03-26T00:00:00Z,87392.88000000,88275.00000000,87030.56000000,88140.45000000,5230.93522000
2025-03-26T08:00:00Z,88140.45000000,88259.81000000,86434.36000000,86752.52000000,8051.83529000
2025-03-26T16:00:00Z,86752.52000000,87404.34000000,85860.00000000,86909.17000000,5126.01434000
2025-03-27T00:00:00Z,86909.17000000,87756.39000000,86796.26000000,87399.99000000,3666.28212000
2025-03-27T08:00:00Z,87399.99000000,87597.60000000,85800.00000000,86974.07000000,9736.54222000
2025-03-27T16:00:00Z,86974.07000000,87728.27000000,86796.00000000,87232.01000000,3695.21463000
2025-03-28T00:00:00Z,87232.01000000,87515.67000000,85162.48000000,85212.99000000,7582.81673000
2025-03-28T08:00:00Z,85212.98000000,85609.74000000,83953.86000000,84051.16000000,13333.39809000
2025-03-28T16:00:00Z,84051.15000000,84538.69000000,83585.00000000,84424.38000000,6266.51687000
2025-03-29T00:00:00Z,84424.38000000,84624.73000000,83662.86000000,83731.82000000,2629.53543000
2025-03-29T08:00:00Z,83731.83000000,83947.42000000,82007.00000000,82414.23000000,5599.64916000
2025-03-29T16:00:00Z,82414.22000000,82787.29000000,81644.81000000,82648.54000000,3467.21405000
2025-03-30T00:00:00Z,82648.53000000,83503.53000000,82500.00000000,83076.59000000,2844.08042000
2025-03-30T08:00:00Z,83076.58000000,83534.64000000,82543.83000000,82729.57000000,3360.55755000
2025-03-30T16:00:00Z,82729.57000000,82908.11000000,81565.00000000,82389.99000000,3659.85711000
2025-03-31T00:00:00Z,82390.00000000,82444.89000000,81278.52000000,81933.51000000,5565.30870000
2025-03-31T08:00:00Z,81933.51000000,83943.08000000,81290.88000000,83418.78000000,10380.85914000
2025-03-31T16:00:00Z,83418.78000000,83694.29000000,82265.10000000,82550.01000000,4622.97101000
2025-04-01T00:00:00Z,82550.00000000,83597.07000000,82432.74000000,83445.50000000,3838.05429000
2025-04-01T08:00:00Z,83445.50000000,85499.55000000,82544.00000000,85280.87000000,10901.03416000
2025-04-01T16:00:00Z,85280.88000000,85579.46000000,84720.00000000,85158.34000000,5451.30852000
2025-04-02T00:00:00Z,85158.35000000,85255.95000000,83904.72000000,84426.33000000,4681.55617000
2025-04-02T08:00:00Z,84426.32000000,87333.00000000,84262.73000000,86757.67000000,13685.04009000
2025-04-02T16:00:00Z,86757.67000000,88500.00000000,82320.00000000,82516.29000000,21564.86074000
2025-04-03T00:00:00Z,82516.28000000,83998.02000000,82175.98000000,83456.75000000,8075.75082000
2025-04-03T08:00:00Z,83456.76000000,83788.23000000,81211.24000000,82039.31000000,12031.85866000
2025-04-03T16:00:00Z,82039.32000000,83332.20000000,81540.00000000,83213.09000000,7230.23187000
2025-04-04T00:00:00Z,83213.09000000,84000.00000000,82577.63000000,83992.85000000,6133.56469000
2025-04-04T08:00:00Z,83992.85000000,84720.00000000,81659.00000000,82860.00000000,19775.14012000
2025-04-04T16:00:00Z,82860.00000000,84620.01000000,82736.00000000,83889.87000000,7006.83495000
2025-04-05T00:00:00Z,83889.87000000,84266.00000000,83297.66000000,83525.34000000,2986.70280000
2025-04-05T08:00:00Z,83525.33000000,83894.70000000,82379.95000000,82618.26000000,3810.26291000
2025-04-05T16:00:00Z,82618.25000000,83688.00000000,82607.05000000,83537.99000000,2563.43897000
2025-04-06T00:00:00Z,83537.99000000,83817.63000000,83024.96000000,83024.96000000,2214.65568000
2025-04-06T08:00:00Z,83024.97000000,83172.00000000,82217.83000000,82548.36000000,3738.98032000
2025-04-06T16:00:00Z,82548.36000000,82554.15000000,77153.83000000,78430.00000000,21989.07836000
2025-04-07T00:00:00Z,78430.00000000,79347.46000000,74508.00000000,75126.01000000,27258.71551000
2025-04-07T08:00:00Z,75126.01000000,81243.58000000,75085.74000000,78479.90000000,37753.50464000
2025-04-07T16:00:00Z,78479.91000000,80218.88000000,77313.20000000,79163.24000000,13375.31074000
2025-04-08T00:00:00Z,79163.24000000,80867.99000000,78772.14000000,79496.00000000,8244.09002000
2025-04-08T08:00:00Z,79496.01000000,80375.00000000,78175.14000000,78497.99000000,13115.45476000
2025-04-08T16:00:00Z,78498.00000000,78522.72000000,76239.90000000,76322.42000000,13957.77585000
2025-04-09T00:00:00Z,76322.42000000,77979.30000000,74620.00000000,77694.12000000,18919.95697000
2025-04-09T08:00:00Z,77694.12000000,78318.46000000,75756.86000000,77258.00000000,17734.03098000
2025-04-09T16:00:00Z,77258.01000000,83588.00000000,77136.00000000,82615.22000000,38834.29977000
2025-04-10T00:00:00Z,82615.22000000,82753.21000000,81292.99000000,81595.81000000,9057.51849000
2025-04-10T08:00:00Z,81595.81000000,82466.35000000,78606.06000000,78757.00000000,15295.26020000
2025-04-10T16:00:00Z,78757.24000000,80058.96000000,78464.36000000,79607.30000000,8932.02849000
2025-04-11T00:00:00Z,79607.30000000,81440.73000000,78969.58000000,81266.76000000,8355.42879000
2025-04-11T08:00:00Z,81266.76000000,83333.00000000,80782.43000000,82521.74000000,16253.48864000
2025-04-11T16:00:00Z,82521.74000000,84300.00000000,82015.08000000,83423.84000000,9826.52054000
2025-04-12T00:00:00Z,83423.83000000,83830.62000000,82792.95000000,83724.92000000,4316.82260000
2025-04-12T08:00:00Z,83724.92000000,85402.90000000,83305.91000000,85008.40000000,9528.20470000
2025-04-12T16:00:00Z,85008.40000000,85905.00000000,84421.95000000,85276.90000000,4625.71707000
2025-04-13T00:00:00Z,85276.91000000,86100.00000000,84399.42000000,84413.10000000,11421.09354000
2025-04-13T08:00:00Z,84413.10000000,84949.86000000,83480.67000000,83849.66000000,5862.14782000
2025-04-13T16:00:00Z,83849.66000000,84990.22000000,83034.23000000,83760.00000000,7396.80045000
2025-04-14T00:00:00Z,83760.00000000,85544.30000000,83678.00000000,84580.76000000,12771.60848000
2025-04-14T08:00:00Z,84580.77000000,85799.99000000,83709.25000000,84101.16000000,9584.61445000
2025-04-14T16:00:00Z,84101.16000000,85208.10000000,83863.63000000,84591.58000000,6302.87055000
2025-04-15T00:00:00Z,84591.58000000,85879.10000000,84347.97000000,85716.77000000,5938.01744000
2025-04-15T08:00:00Z,85716.77000000,86496.42000000,84623.73000000,84918.14000000,9831.42021000
2025-04-15T16:00:00Z,84918.15000000,85146.55000000,83600.00000000,83643.99000000,5141.55763000
2025-04-16T00:00:00Z,83643.99000000,83960.00000000,83111.64000000,83363.17000000,5535.12356000
2025-04-16T08:00:00Z,83363.17000000,85270.27000000,83140.89000000,84846.58000000,7419.87191000
2025-04-16T16:00:00Z,84846.58000000,85500.00000000,83275.00000000,84030.38000000,7912.24972000
2025-04-17T00:00:00Z,84030.38000000,85053.38000000,83814.48000000,84669.98000000,3459.16332000
2025-04-17T08:00:00Z,84669.98000000,84862.93000000,83736.26000000,84531.71000000,5055.02578000
2025-04-17T16:00:00Z,84531.72000000,85470.01000000,84393.59000000,84947.91000000,5214.65862000
2025-04-18T00:00:00Z,84947.92000000,85132.08000000,84413.23000000,84654.68000000,2771.20733000
2025-04-18T08:00:00Z,84654.68000000,84769.95000000,84338.00000000,84374.59000000,2401.39076000
2025-04-18T16:00:00Z,84374.60000000,84684.49000000,84303.96000000,84474.69000000,1357.36506000
2025-04-19T00:00:00Z,84474.70000000,85300.00000000,84364.45000000,85217.39000000,3365.15766000
2025-04-19T08:00:00Z,85217.38000000,85677.99000000,85070.00000000,85191.19000000,3962.82606000
2025-04-19T16:00:00Z,85191.18000000,85367.93000000,84694.49000000,85077.01000000,2338.59781000
2025-04-20T00:00:00Z,85077.00000000,85320.76000000,84678.18000000,84784.01000000,2050.23966000
2025-04-20T08:00:00Z,84784.01000000,84785.00000000,83949.52000000,84344.66000000,3606.42096000
2025-04-20T16:00:00Z,84344.65000000,85298.00000000,84272.74000000,85179.24000000,2435.01663000
2025-04-21T00:00:00Z,85179.24000000,87738.00000000,85144.76000000,87434.78000000,12393.07502000
2025-04-21T08:00:00Z,87434.79000000,88465.99000000,86644.29000000,88044.80000000,11634.39185000
2025-04-21T16:00:00Z,88044.81000000,88270.88000000,86389.78000000,87516.23000000,7745.90575000
2025-04-22T00:00:00Z,87516.22000000,88877.00000000,87076.03000000,88476.83000000,8669.84824000
2025-04-22T08:00:00Z,88476.82000000,91439.46000000,88241.33000000,90934.61000000,18012.01649000
2025-04-22T16:00:00Z,90934.61000000,93888.00000000,90624.03000000,93442.99000000,17190.88232000
2025-04-23T00:00:00Z,93442.99000000,94264.00000000,92580.18000000,94133.82000000,8968.47924000
2025-04-23T08:00:00Z,94133.82000000,94696.05000000,91935.41000000,93195.28000000,12854.58030000
2025-04-23T16:00:00Z,93195.28000000,94219.93000000,92913.04000000,93691.08000000,5581.10854000
2025-04-24T00:00:00Z,93691.07000000,93787.65000000,92101.63000000,92203.55000000,6197.98137000
2025-04-24T08:00:00Z,92203.54000000,93450.00000000,91660.01000000,93202.51000000,8387.82431000
2025-04-24T16:00:00Z,93202.52000000,94005.00000000,92666.62000000,93980.47000000,4911.25503000
2025-04-25T00:00:00Z,93980.47000000,94444.00000000,92855.96000000,93772.26000000,7956.00914000
2025-04-25T08:00:00Z,93772.27000000,95758.04000000,93539.82000000,95061.22000000,14370.98905000
2025-04-25T16:00:00Z,95061.21000000,95554.99000000,94370.35000000,94638.68000000,5173.66829000
2025-04-26T00:00:00Z,94638.68000000,95199.00000000,94380.72000000,94570.31000000,3952.76007000
2025-04-26T08:00:00Z,94570.31000000,94733.54000000,93870.69000000,94373.24000000,3386.31759000
2025-04-26T16:00:00Z,94373.24000000,94888.00000000,94041.00000000,94628.00000000,2075.99109000
2025-04-27T00:00:00Z,94628.00000000,95369.00000000,93655.00000000,94065.98000000,5784.59406000
2025-04-27T08:00:00Z,94065.99000000,94331.85000000,93602.58000000,93901.08000000,2775.67109000
2025-04-27T16:00:00Z,93901.09000000,94545.45000000,93641.70000000,93749.30000000,2602.57585000
2025-04-28T00:00:00Z,93749.29000000,94800.00000000,92800.01000000,94692.49000000,7002.70983000
2025-04-28T08:00:00Z,94692.49000000,95630.00000000,93583.90000000,93833.51000000,11282.67177000
2025-04-28T16:00:00Z,93833.50000000,95180.00000000,93444.00000000,95011.18000000,3872.15191000
2025-04-29T00:00:00Z,95011.18000000,95461.53000000,94200.00000000,94917.61000000,5452.33049000
2025-04-29T08:00:00Z,94917.61000000,95300.00000000,94531.85000000,94843.10000000,5243.15661000
2025-04-29T16:00:00Z,94843.10000000,95459.99000000,93742.54000000,94256.82000000,6259.85310000
2025-04-30T00:00:00Z,94256.82000000,95180.00000000,94136.48000000,94620.99000000,3612.61404000
2025-04-30T08:00:00Z,94620.99000000,95228.45000000,92910.00000000,94004.63000000,9918.40757000
2025-04-30T16:00:00Z,94004.63000000,94784.10000000,93528.71000000,94172.00000000,4130.25349000
2025-05-01T00:00:00Z,94172.00000000,95180.00000000,94130.43000000,95025.84000000,4757.78665000
2025-05-01T08:00:00Z,95025.84000000,97424.02000000,94913.04000000,96854.30000000,11636.57803000
2025-05-01T16:00:00Z,96854.31000000,97367.26000000,96184.19000000,96489.91000000,4986.08875000
2025-05-02T00:00:00Z,96489.90000000,97309.78000000,96350.00000000,96350.00000000,4567.07174000
2025-05-02T08:00:00Z,96350.01000000,97895.68000000,96350.00000000,97330.19000000,6907.45253000
2025-05-02T16:00:00Z,97330.19000000,97783.02000000,96561.57000000,96887.14000000,3431.22384000
2025-05-03T00:00:00Z,96887.13000000,96935.67000000,96132.67000000,96322.68000000,3567.59890000
2025-05-03T08:00:00Z,96322.68000000,96509.44000000,95852.29000000,96418.68000000,4070.40135000
2025-05-03T16:00:00Z,96418.68000000,96441.49000000,95753.01000000,95856.42000000,2085.34813000
2025-05-04T00:00:00Z,95856.42000000,96304.48000000,95588.00000000,95879.99000000,3303.35461000
2025-05-04T08:00:00Z,95879.99000000,95923.54000000,95209.07000000,95467.60000000,4128.91099000
2025-05-04T16:00:00Z,95467.60000000,95758.08000000,94151.38000000,94277.62000000,3604.11782000
2025-05-05T00:00:00Z,94277.61000000,94825.46000000,93514.10000000,94761.91000000,6475.88399000
2025-05-05T08:00:00Z,94761.91000000,94798.01000000,93613.66000000,93770.31000000,6725.82234000
2025-05-05T16:00:00Z,93770.32000000,95199.00000000,93759.63000000,94733.68000000,4049.47556000
2025-05-06T00:00:00Z,94733.68000000,94926.99000000,94012.78000000,94400.99000000,2896.96028000
2025-05-06T08:00:00Z,94400.98000000,94733.38000000,93377.00000000,94558.95000000,6589.22122000
2025-05-06T16:00:00Z,94558.94000000,96920.65000000,94216.00000000,96834.02000000,6636.46363000
2025-05-07T00:00:00Z,96834.02000000,97732.00000000,96208.10000000,96994.82000000,7351.36875000
2025-05-07T08:00:00Z,96994.82000000,97478.27000000,96713.14000000,96923.91000000,4090.34240000
2025-05-07T16:00:00Z,96923.91000000,97390.00000000,95784.61000000,97030.50000000,5203.12739000
2025-05-08T00:00:00Z,97030.50000000,99419.00000000,96876.29000000,99252.34000000,10539.33568000
2025-05-08T08:00:00Z,99252.34000000,101525.03000000,99090.66000000,100758.08000000,11666.10654000
2025-05-08T16:00:00Z,100758.08000000,104145.76000000,100596.00000000,103261.60000000,12756.58625000
2025-05-09T00:00:00Z,103261.61000000,104361.30000000,102364.00000000,103628.77000000,9705.35287000
2025-05-09T08:00:00Z,103628.76000000,103930.00000000,102411.99000000,102895.99000000,14244.31151000
2025-05-09T16:00:00Z,102895.99000000,103408.00000000,102315.14000000,102971.99000000,3667.73469000
2025-05-10T00:00:00Z,102971.99000000,104100.00000000,102818.76000000,103759.71000000,4261.61936000
2025-05-10T08:00:00Z,103759.71000000,104079.37000000,103100.00000000,103138.77000000,4809.81031000
2025-05-10T16:00:00Z,103138.76000000,104984.57000000,103005.33000000,104809.53000000,6253.35644000
2025-05-11T00:00:00Z,104809.53000000,104972.00000000,103345.06000000,103385.47000000,6808.34153000
2025-05-11T08:00:00Z,103385.46000000,104888.00000000,103380.95000000,104150.00000000,6973.16800000
2025-05-11T16:00:00Z,104150.00000000,104832.82000000,103569.77000000,104118.00000000,4205.61244000
2025-05-12T00:00:00Z,104118.00000000,105819.45000000,103702.15000000,104467.99000000,11002.91567000
2025-05-12T08:00:00Z,104467.99000000,104736.45000000,102388.00000000,102527.26000000,12077.84693000
2025-05-12T16:00:00Z,102527.27000000,103127.92000000,100718.37000000,102791.32000000,8192.01532000
2025-05-13T00:00:00Z,102791.32000000,102943.28000000,101429.70000000,102665.50000000,6899.23373000
2025-05-13T08:00:00Z,102665.50000000,103966.00000000,102540.18000000,103682.55000000,7248.84869000
2025-05-13T16:00:00Z,103682.54000000,104976.25000000,103532.18000000,104103.72000000,7105.34167000
2025-05-14T00:00:00Z,104103.72000000,104115.86000000,103381.02000000,103716.55000000,5112.97236000
2025-05-14T08:00:00Z,103716.55000000,104356.95000000,102833.55000000,103514.24000000,8737.80747000
2025-05-14T16:00:00Z,103514.24000000,103720.44000000,102602.05000000,103507.82000000,2602.12827000
2025-05-15T00:00:00Z,103507.83000000,103866.51000000,101724.17000000,101779.99000000,4151.45950000
2025-05-15T08:00:00Z,101779.99000000,103291.99000000,101383.07000000,103251.35000000,6924.65656000
2025-05-15T16:00:00Z,103251.36000000,104192.70000000,102552.35000000,103763.71000000,6922.86998000
2025-05-16T00:00:00Z,103763.71000000,104466.01000000,103467.91000000,103710.17000000,5633.10993000
2025-05-16T08:00:00Z,103710.17000000,104286.00000000,103100.49000000,104183.33000000,6622.35837000
2025-05-16T16:00:00Z,104183.32000000,104550.33000000,103397.50000000,103463.90000000,3428.41194000
2025-05-17T00:00:00Z,103463.90000000,103709.86000000,102612.50000000,103451.14000000,4177.76651000
2025-05-17T08:00:00Z,103451.13000000,103568.58000000,102640.02000000,102939.53000000,3992.96889000
2025-05-17T16:00:00Z,102939.52000000,103477.87000000,102761.90000000,103126.65000000,3080.16082000
2025-05-18T00:00:00Z,103126.65000000,103988.00000000,103105.09000000,103919.39000000,2328.64593000
2025-05-18T08:00:00Z,103919.39000000,105680.00000000,103701.40000000,105518.00000000,6556.66005000
2025-05-18T16:00:00Z,105518.00000000,106660.00000000,103285.71000000,106454.26000000,12714.68128000
2025-05-19T00:00:00Z,106454.27000000,107108.62000000,102000.00000000,103226.29000000,13729.45178000
2025-05-19T08:00:00Z,103226.29000000,104968.75000000,102126.16000000,104786.41000000,8755.17019000
2025-05-19T16:00:00Z,104786.42000000,105829.99000000,104491.53000000,105573.74000000,7775.41327000
2025-05-20T00:00:00Z,105573.73000000,106853.27000000,104928.44000000,105021.71000000,8786.10661000
2025-05-20T08:00:00Z,105021.70000000,105416.66000000,104184.72000000,105333.68000000,6126.24436000
2025-05-20T16:00:00Z,105333.67000000,107320.00000000,105090.90000000,106849.99000000,8793.13178000
2025-05-21T00:00:00Z,106850.00000000,107985.05000000,106186.79000000,106527.16000000,8375.27848000
2025-05-21T08:00:00Z,106527.17000000,109458.00000000,106100.01000000,108973.35000000,14687.62421000
2025-05-21T16:00:00Z,108973.34000000,110797.38000000,106117.67000000,109643.99000000,22468.13765500
2025-05-22T00:00:00Z,109643.99000000,111880.00000000,109177.37000000,111045.45000000,16121.13506000
2025-05-22T08:00:00Z,111045.45000000,111626.43000000,110272.72000000,111290.86000000,10100.44806000
2025-05-22T16:00:00Z,111290.85000000,111980.00000000,110763.27000000,111696.21000000,5409.19001000
2025-05-23T00:00:00Z,111696.22000000,111800.00000000,110407.89000000,110715.42000000,6060.80982000
2025-05-23T08:00:00Z,110715.41000000,111381.61000000,107316.00000000,108940.00000000,17367.44442000
2025-05-23T16:00:00Z,108940.00000000,109809.53000000,106800.00000000,107318.30000000,8309.46885000
2025-05-24T00:00:00Z,107318.30000000,108582.33000000,106875.41000000,107587.75000000,4303.59439000
2025-05-24T08:00:00Z,107587.75000000,109506.03000000,107587.74000000,108929.70000000,8083.22421000
2025-05-24T16:00:00Z,108929.71000000,109200.00000000,107500.00000000,107761.91000000,4395.71269000
2025-05-25T00:00:00Z,107761.90000000,108288.69000000,107206.00000000,107681.81000000,3789.59246000
2025-05-25T08:00:00Z,107681.82000000,107743.34000000,106600.64000000,106967.97000000,8492.50471000
2025-05-25T16:00:00Z,106967.97000000,109299.99000000,106640.52000000,109004.19000000,5427.94978000
2025-05-26T00:00:00Z,109004.20000000,110228.11000000,108670.58000000,110094.62000000,5563.20550000
2025-05-26T08:00:00Z,110094.62000000,110420.74000000,109494.74000000,110009.82000000,4767.49675000
2025-05-26T16:00:00Z,110009.83000000,110422.22000000,108858.28000000,109434.79000000,4318.41368000
2025-05-27T00:00:00Z,109434.78000000,109666.00000000,107516.57000000,109547.16000000,8044.46680000
2025-05-27T08:00:00Z,109540.00000000,110718.00000000,108670.29000000,110140.11000000,8664.34561000
2025-05-27T16:00:00Z,110140.11000000,110499.64000000,108600.00000000,108938.17000000,4567.84394000
2025-05-28T00:00:00Z,108938.17000000,109284.70000000,108400.00000000,108816.44000000,3395.37336000
2025-05-28T08:00:00Z,108816.44000000,109130.44000000,107045.45000000,107107.31000000,7642.28723000
2025-05-28T16:00:00Z,107107.31000000,108043.95000000,106769.43000000,107781.78000000,4596.12770000
2025-05-29T00:00:00Z,107781.78000000,108484.61000000,106948.01000000,107880.72000000,5299.13013000
2025-05-29T08:00:00Z,107880.73000000,108891.91000000,106474.00000000,107019.89000000,7696.18435000
2025-05-29T16:00:00Z,107019.90000000,107168.23000000,105322.86000000,105589.75000000,6839.38668000
2025-05-30T00:00:00Z,105589.75000000,106313.12000000,104600.50000000,105028.02000000,8578.10477000
2025-05-30T08:00:00Z,105028.03000000,106000.00000000,104606.01000000,105543.00000000,7639.93914000
2025-05-30T16:00:00Z,105543.00000000,105560.98000000,103621.00000000,103985.48000000,7488.45408000
2025-05-31T00:00:00Z,103985.47000000,104292.69000000,103068.55000000,103747.02000000,4671.09723000
2025-05-31T08:00:00Z,103747.03000000,104846.15000000,103285.71000000,104556.08000000,4324.34456000
2025-05-31T16:00:00Z,104556.08000000,104900.00000000,104261.39000000,104591.88000000,2293.91743000
2025-06-01T00:00:00Z,104591.88000000,104729.99000000,103924.52000000,104275.95000000,2267.78002000
2025-06-01T08:00:00Z,104275.95000000,104809.53000000,103752.49000000,104715.10000000,3384.55476000
2025-06-01T16:00:00Z,104715.10000000,105866.91000000,104319.79000000,105642.93000000,4057.36528000
2025-06-02T00:00:00Z,105642.93000000,105735.42000000,104571.42000000,105387.67000000,3212.20297000
2025-06-02T08:00:00Z,105387.67000000,105935.63000000,103659.88000000,104438.79000000,6591.45487000
2025-06-02T16:00:00Z,104438.79000000,105931.44000000,104030.01000000,105857.99000000,3650.33029000
2025-06-03T00:00:00Z,105858.00000000,106500.00000000,105116.20000000,105170.75000000,4179.13734000
2025-06-03T08:00:00Z,105170.76000000,106794.67000000,104872.50000000,106610.66000000,5525.58442000
2025-06-03T16:00:00Z,106610.66000000,106666.67000000,105266.02000000,105376.89000000,3554.80458000
2025-06-04T00:00:00Z,105376.90000000,105839.63000000,105132.27000000,105320.75000000,3711.88207000
2025-06-04T08:00:00Z,105320.75000000,106000.00000000,104179.00000000,105298.27000000,7747.24313000
2025-06-04T16:00:00Z,105298.26000000,105483.14000000,104407.16000000,104696.86000000,2575.76962000
2025-06-05T00:00:00Z,104696.86000000,105240.84000000,104380.00000000,104518.05000000,2720.23885000
2025-06-05T08:00:00Z,104518.05000000,105909.71000000,103900.00000000,104531.49000000,6129.54062000
2025-06-05T16:00:00Z,104531.50000000,104598.87000000,100372.26000000,101508.68000000,13471.72207000
2025-06-06T00:00:00Z,101508.69000000,103468.66000000,101095.80000000,103150.44000000,5031.06456000
2025-06-06T08:00:00Z,103150.44000000,105333.00000000,103150.43000000,105092.28000000,6878.59875000
2025-06-06T16:00:00Z,105092.28000000,105284.00000000,104013.21000000,104288.44000000,3929.41054000
2025-06-07T00:00:00Z,104288.43000000,105319.13000000,103871.09000000,104867.04000000,2709.22889000
2025-06-07T08:00:00Z,104867.03000000,105800.00000000,104689.81000000,105558.11000000,3378.08329000
2025-06-07T16:00:00Z,105558.11000000,105900.00000000,105279.06000000,105552.15000000,2257.61988000
2025-06-08T00:00:00Z,105552.15000000,105786.33000000,105394.03000000,105426.45000000,1707.74544000
2025-06-08T08:00:00Z,105426.46000000,106160.19000000,104964.14000000,105984.52000000,3872.99453000
2025-06-08T16:00:00Z,105984.53000000,106488.14000000,105545.71000000,105734.00000000,2467.32308000
2025-06-09T00:00:00Z,105734.01000000,105966.33000000,105318.37000000,105560.71000000,3265.38956000
2025-06-09T08:00:00Z,105560.71000000,108020.00000000,105473.57000000,107635.91000000,7969.37511000
2025-06-09T16:00:00Z,107635.91000000,110530.17000000,107635.91000000,110263.02000000,8740.60984000
2025-06-10T00:00:00Z,110263.02000000,110311.82000000,109095.67000000,109205.14000000,4673.69362000
2025-06-10T08:00:00Z,109205.14000000,109900.81000000,108331.03000000,109015.42000000,7591.91238000
2025-06-10T16:00:00Z,109015.41000000,110400.00000000,108518.86000000,110274.39000000,4806.22239000
2025-06-11T00:00:00Z,110274.39000000,110274.40000000,109373.67000000,109446.74000000,2394.08746000
2025-06-11T08:00:00Z,109446.74000000,110392.01000000,109008.82000000,109735.70000000,6033.02285000
2025-06-11T16:00:00Z,109735.70000000,109815.84000000,108064.00000000,108645.12000000,4688.80607000
2025-06-12T00:00:00Z,108645.13000000,108813.55000000,107320.00000000,107633.53000000,6094.51540000
2025-06-12T08:00:00Z,107633.53000000,107835.83000000,106600.00000000,107020.95000000,5067.71376000
2025-06-12T16:00:00Z,107020.96000000,108450.16000000,105671.72000000,105671.73000000,6616.44302000
2025-06-13T00:00:00Z,105671.74000000,105694.00000000,102664.31000000,104895.00000000,14890.39086000
2025-06-13T08:00:00Z,104895.01000000,105747.47000000,104118.00000000,105436.87000000,7047.81722000
2025-06-13T16:00:00Z,105436.87000000,106179.53000000,104668.73000000,106066.59000000,4242.60926000
2025-06-14T00:00:00Z,106066.59000000,106252.00000000,104792.98000000,105076.59000000,4020.16830000
2025-06-14T08:00:00Z,105076.59000000,105132.36000000,104615.38000000,104841.30000000,1831.90838000
2025-06-14T16:00:00Z,104841.29000000,105480.00000000,104300.00000000,105414.64000000,2946.86301000
2025-06-15T00:00:00Z,105414.63000000,106128.57000000,105200.00000000,105428.00000000,2140.94709000
2025-06-15T08:00:00Z,105428.00000000,105838.24000000,104867.64000000,105564.00000000,2302.55417000
2025-06-15T16:00:00Z,105563.99000000,105777.09000000,104494.53000000,105594.01000000,2720.69921000
2025-06-16T00:00:00Z,105594.02000000,107262.31000000,104980.37000000,107061.80000000,4458.24969000
2025-06-16T08:00:00Z,107061.80000000,107784.26000000,106495.09000000,107424.96000000,4687.28351000
2025-06-16T16:00:00Z,107424.96000000,108952.38000000,106700.00000000,106794.53000000,5777.13220000
2025-06-17T00:00:00Z,106794.53000000,107771.34000000,106115.35000000,106758.52000000,4722.90670000
2025-06-17T08:00:00Z,106758.52000000,106822.78000000,104130.95000000,104241.63000000,6716.80927000
2025-06-17T16:00:00Z,104241.62000000,105336.82000000,103371.02000000,104551.17000000,6426.61428000
2025-06-18T00:00:00Z,104551.17000000,105550.27000000,104379.52000000,104973.24000000,3105.31163000
2025-06-18T08:00:00Z,104973.24000000,105325.83000000,103814.04000000,104801.01000000,5924.93410000
2025-06-18T16:00:00Z,104801.01000000,105139.87000000,103500.00000000,104886.78000000,4938.39594000
2025-06-19T00:00:00Z,104886.79000000,105226.17000000,104457.12000000,104642.85000000,2611.36266000
2025-06-19T08:00:00Z,104642.85000000,105073.53000000,104078.00000000,104096.93000000,2545.08413000
2025-06-19T16:00:00Z,104096.94000000,104898.31000000,103929.27000000,104658.59000000,2522.16058000
2025-06-20T00:00:00Z,104658.59000000,105825.66000000,104238.02000000,105811.74000000,2904.52752000
2025-06-20T08:00:00Z,105811.74000000,106524.65000000,103888.00000000,104217.99000000,6531.65595000
2025-06-20T16:00:00Z,104218.00000000,104269.64000000,102345.00000000,103297.99000000,6982.87936000
2025-06-21T00:00:00Z,103297.98000000,103691.67000000,103127.48000000,103458.50000000,1437.34529000
2025-06-21T08:00:00Z,103458.50000000,103982.64000000,103281.82000000,103560.90000000,2637.83641000
2025-06-21T16:00:00Z,103560.90000000,103640.00000000,100837.90000000,102120.01000000,7079.03162000
2025-06-22T00:00:00Z,102120.02000000,103399.62000000,101839.96000000,102424.61000000,5821.63991000
2025-06-22T08:00:00Z,102424.61000000,102831.00000000,98889.35000000,98906.21000000,14223.89230000
2025-06-22T16:00:00Z,98906.21000000,101034.65000000,98200.00000000,100963.87000000,8700.87851000
2025-06-23T00:00:00Z,100963.87000000,102137.00000000,100494.25000000,101931.04000000,5439.29297000
2025-06-23T08:00:00Z,101931.04000000,102613.09000000,100792.16000000,101420.70000000,6979.18551000
2025-06-23T16:00:00Z,101420.71000000,106074.20000000,99613.33000000,105333.93000000,15248.02761000
2025-06-24T00:00:00Z,105333.94000000,105811.00000000,104704.91000000,104933.74000000,6041.12243000
2025-06-24T08:00:00Z,104933.74000000,105731.92000000,104622.02000000,105244.73000000,5150.59512000
2025-06-24T16:00:00Z,105244.72000000,106290.00000000,105172.64000000,106083.00000000,3459.97580000
2025-06-25T00:00:00Z,106083.00000000,106791.18000000,105808.03000000,106600.01000000,3702.71784000
2025-06-25T08:00:00Z,106600.00000000,108135.30000000,106343.13000000,107028.00000000,9769.81883000
2025-06-25T16:00:00Z,107027.99000000,108000.00000000,106931.00000000,107340.58000000,3228.61884000
2025-06-26T00:00:00Z,107340.59000000,108272.45000000,107105.43000000,107813.99000000,3187.65577000
2025-06-26T08:00:00Z,107813.99000000,108174.86000000,106562.50000000,107313.60000000,4633.57210000
2025-06-26T16:00:00Z,107313.61000000,108000.00000000,106850.00000000,106947.06000000,2752.04492000
2025-06-27T00:00:00Z,106947.06000000,107735.34000000,106438.33000000,106869.71000000,3418.36390000
2025-06-27T08:00:00Z,106869.72000000,107407.14000000,106356.76000000,107308.25000000,6022.60410000
2025-06-27T16:00:00Z,107308.25000000,107709.22000000,106446.45000000,107047.59000000,2791.47242000
2025-06-28T00:00:00Z,107047.58000000,107496.12000000,106811.51000000,107485.00000000,1272.66863000
2025-06-28T08:00:00Z,107485.01000000,107577.75000000,107084.15000000,107449.28000000,1131.17232000
2025-06-28T16:00:00Z,107449.28000000,107542.50000000,107154.62000000,107296.79000000,878.33257000
2025-06-29T00:00:00Z,107296.79000000,107500.00000000,107172.52000000,107402.18000000,874.61116000
2025-06-29T08:00:00Z,107402.17000000,108528.50000000,107402.17000000,107750.72000000,3309.38661000
2025-06-29T16:00:00Z,107750.72000000,108436.47000000,107250.00000000,108356.93000000,2647.73863000
2025-06-30T00:00:00Z,108356.93000000,108789.99000000,107481.31000000,107614.08000000,3145.44380000
2025-06-30T08:00:00Z,107614.07000000,107964.33000000,106733.33000000,107580.46000000,4222.23879000
2025-06-30T16:00:00Z,107580.47000000,107807.94000000,106900.02000000,107146.50000000,2386.44232000
2025-07-01T00:00:00Z,107146.51000000,107540.00000000,106615.97000000,107178.99000000,2241.43836000
2025-07-01T08:00:00Z,107178.99000000,107179.99000000,105623.39000000,105955.18000000,5409.51201000
2025-07-01T16:00:00Z,105955.19000000,106287.95000000,105250.85000000,105681.14000000,2854.67400000
2025-07-02T00:00:00Z,105681.13000000,107186.78000000,105100.19000000,107080.00000000,3357.15341000
2025-07-02T08:00:00Z,107080.00000000,108759.20000000,107080.00000000,108737.74000000,5374.82201000
2025-07-02T16:00:00Z,108737.75000000,109730.00000000,108650.97000000,108849.60000000,8959.92050000
2025-07-03T00:00:00Z,108849.59000000,109548.00000000,108530.40000000,109280.00000000,3000.58530000
2025-07-03T08:00:00Z,109279.99000000,110529.18000000,108749.99000000,109127.84000000,7451.27470000
2025-07-03T16:00:00Z,109127.85000000,110000.00000000,109020.80000000,109584.78000000,2595.22225000
2025-07-04T00:00:00Z,109584.77000000,109767.59000000,108700.00000000,108700.00000000,2611.78341000
2025-07-04T08:00:00Z,108700.00000000,109111.00000000,107505.00000000,107573.29000000,4702.48067000
2025-07-04T16:00:00Z,107573.29000000,108279.33000000,107245.00000000,107984.24000000,4479.60207000
2025-07-05T00:00:00Z,107984.25000000,108420.56000000,107756.31000000,108053.46000000,1426.76827000
2025-07-05T08:00:00Z,108053.46000000,108232.29000000,107870.42000000,108058.00000000,1239.85054000
2025-07-05T16:00:00Z,108058.00000000,108250.00000000,107864.75000000,108198.12000000,1070.35689000
2025-07-06T00:00:00Z,108198.12000000,108268.35000000,107930.45000000,108040.31000000,895.15148000
2025-07-06T08:00:00Z,108040.31000000,109127.03000000,107800.01000000,108905.99000000,2934.35209000
2025-07-06T16:00:00Z,108906.00000000,109700.00000000,108266.67000000,109203.84000000,2618.10343000
2025-07-07T00:00:00Z,109203.85000000,109700.00000000,108654.94000000,109061.08000000,2382.55451000
2025-07-07T08:00:00Z,109061.07000000,109087.86000000,107970.00000000,108292.59000000,4309.83557000
2025-07-07T16:00:00Z,108292.59000000,108493.56000000,107513.20000000,108262.94000000,2712.98593000
2025-07-08T00:00:00Z,108262.94000000,108525.00000000,107429.57000000,108484.61000000,3021.62568000
2025-07-08T08:00:00Z,108484.61000000,109216.56000000,108217.07000000,108268.35000000,3162.68848000
2025-07-08T16:00:00Z,108268.35000000,109147.56000000,108096.55000000,108922.98000000,3031.70664000
2025-07-09T00:00:00Z,108922.99000000,109136.00000000,108324.53000000,108714.39000000,1996.40141000
2025-07-09T08:00:00Z,108714.39000000,109769.39000000,108503.00000000,109071.32000000,5384.38747000
2025-07-09T16:00:00Z,109071.32000000,111999.79000000,109047.49000000,111233.99000000,9901.49762000
2025-07-10T00:00:00Z,111234.00000000,111581.00000000,110880.00000000,111230.00000000,3354.84879000
2025-07-10T08:00:00Z,111229.99000000,111408.41000000,110500.00000000,111408.40000000,3629.01034000
2025-07-10T16:00:00Z,111408.40000000,116868.00000000,111322.32000000,116010.00000000,17899.59153500
2025-07-11T00:00:00Z,116010.01000000,118404.22000000,115222.22000000,117526.88000000,12396.84467800
2025-07-11T08:00:00Z,117526.88000000,118869.98000000,116724.66000000,116902.59000000,9375.43569000
2025-07-11T16:00:00Z,116902.58000000,118138.75000000,116604.87000000,117527.66000000,4101.24078000
2025-07-12T00:00:00Z,117527.66000000,118054.79000000,117141.13000000,117731.99000000,2426.51557000
2025-07-12T08:00:00Z,117731.99000000,118200.00000000,116900.05000000,117100.01000000,4346.75493000
2025-07-12T16:00:00Z,117100.00000000,117639.98000000,117000.01000000,117420.00000000,1673.33387000
2025-07-13T00:00:00Z,117420.00000000,118054.79000000,117224.79000000,117999.00000000,1564.39130000
2025-07-13T08:00:00Z,117998.99000000,119376.00000000,117689.63000000,118672.24000000,4576.55324700
2025-07-13T16:00:00Z,118672.23000000,119488.00000000,118243.68000000,119086.64000000,3409.84840000
2025-07-14T00:00:00Z,119086.65000000,123218.00000000,118905.18000000,122736.04000000,12400.33310700
2025-07-14T08:00:00Z,122736.04000000,122769.19000000,119611.70000000,119878.23000000,9327.04779000
2025-07-14T16:00:00Z,119878.22000000,120526.03000000,119202.00000000,119841.18000000,5541.96798000
2025-07-15T00:00:00Z,119841.17000000,119940.83000000,116250.00000000,116779.12000000,12102.20747000
2025-07-15T08:00:00Z,116779.13000000,118490.71000000,115736.92000000,116391.43000000,12274.61997000
2025-07-15T16:00:00Z,116391.43000000,117972.86000000,116019.05000000,117758.09000000,7641.63339000
2025-07-16T00:00:00Z,117758.08000000,118300.00000000,117017.29000000,118189.25000000,3714.43724000
2025-07-16T08:00:00Z,118189.24000000,119794.80000000,118113.82000000,119095.76000000,7509.54018000
2025-07-16T16:00:00Z,119095.76000000,120063.84000000,118420.00000000,118630.43000000,5815.93109000
2025-07-17T00:00:00Z,118630.44000000,119158.28000000,117683.53000000,118311.75000000,4314.69586000
2025-07-17T08:00:00Z,118311.75000000,119192.00000000,117453.57000000,118881.99000000,5217.67799000
2025-07-17T16:00:00Z,118881.99000000,120998.71000000,118333.60000000,119177.56000000,6196.20266000
2025-07-18T00:00:00Z,119177.56000000,120820.71000000,119020.48000000,119339.51000000,6322.04869000
2025-07-18T08:00:00Z,119339.51000000,119531.48000000,117315.69000000,117860.25000000,8835.27327000
2025-07-18T16:00:00Z,117860.24000000,118054.92000000,116812.76000000,117924.84000000,4767.34070000
2025-07-19T00:00:00Z,117924.84000000,118371.42000000,117613.35000000,118163.06000000,2151.72995000
2025-07-19T08:00:00Z,118163.07000000,118499.90000000,117627.71000000,118058.11000000,2780.09462000
2025-07-19T16:00:00Z,118058.10000000,118161.51000000,117277.34000000,117840.00000000,1703.97849000
2025-07-20T00:00:00Z,117840.01000000,118218.00000000,117650.00000000,118029.49000000,2156.76340000
2025-07-20T08:00:00Z,118029.49000000,118799.80000000,117723.23000000,118671.11000000,5080.38699000
2025-07-20T16:00:00Z,118671.12000000,118856.80000000,116467.02000000,117265.12000000,5725.77850000
2025-07-21T00:00:00Z,117265.11000000,119676.73000000,116515.00000000,119362.67000000,5578.28802000
2025-07-21T08:00:00Z,119364.18000000,119500.00000000,117778.70000000,118313.16000000,6017.27278000
2025-07-21T16:00:00Z,118313.16000000,118399.10000000,116656.88000000,117380.36000000,5511.77048000
2025-07-22T00:00:00Z,117380.36000000,118594.55000000,116128.00000000,117983.68000000,7987.30588000
2025-07-22T08:00:00Z,117983.69000000,119573.53000000,117488.19000000,118912.04000000,7974.03066000
2025-07-22T16:00:00Z,118912.04000000,120247.80000000,118368.19000000,119954.42000000,4997.79319000
2025-07-23T00:00:00Z,119954.43000000,120090.00000000,118288.20000000,118350.35000000,3632.35282000
2025-07-23T08:00:00Z,118350.35000000,118708.24000000,117301.00000000,118567.39000000,5838.29183000
2025-07-23T16:00:00Z,118567.39000000,118756.00000000,117331.63000000,118755.99000000,5088.10618000
2025-07-24T00:00:00Z,118756.00000000,119273.36000000,117103.10000000,118416.21000000,5665.21579000
2025-07-24T08:00:00Z,118416.21000000,119450.00000000,117832.32000000,119092.65000000,6543.45025000
2025-07-24T16:00:00Z,119092.65000000,119395.81000000,118166.94000000,118340.99000000,3598.22439000
2025-07-25T00:00:00Z,118340.98000000,118451.57000000,114723.16000000,115320.01000000,19962.45656000
2025-07-25T08:00:00Z,115320.01000000,116782.13000000,114908.00000000,115727.08000000,13578.00471000
2025-07-25T16:00:00Z,115727.07000000,117630.00000000,115455.46000000,117614.31000000,4865.88746000
2025-07-26T00:00:00Z,117614.31000000,117750.00000000,117138.38000000,117304.47000000,2228.72282000
2025-07-26T08:00:00Z,117304.47000000,118220.00000000,117304.46000000,118130.10000000,2852.90692000
2025-07-26T16:00:00Z,118130.10000000,118297.35000000,117883.86000000,117919.99000000,1910.04232000
2025-07-27T00:00:00Z,117919.99000000,118438.83000000,117825.50000000,118095.95000000,1815.71909000
2025-07-27T08:00:00Z,118095.95000000,118588.00000000,117859.98000000,118585.74000000,2422.02125000
2025-07-27T16:00:00Z,118585.75000000,119766.65000000,118585.75000000,119415.55000000,5090.56885000
2025-07-28T00:00:00Z,119415.56000000,119800.00000000,118774.31000000,118900.00000000,4184.59388000
2025-07-28T08:00:00Z,118900.01000000,119102.69000000,117895.73000000,118174.90000000,5852.79248000
2025-07-28T16:00:00Z,118174.89000000,118376.61000000,117427.50000000,118062.32000000,3924.36118000
2025-07-29T00:00:00Z,118062.32000000,119273.36000000,117450.00000000,118882.37000000,4822.87039000
2025-07-29T08:00:00Z,118882.37000000,119080.81000000,117272.00000000,117400.01000000,6136.90989000
2025-07-29T16:00:00Z,117400.02000000,118057.05000000,116950.75000000,117950.76000000,4178.15417000
2025-07-30T00:00:00Z,117950.75000000,118412.11000000,117412.53000000,118123.01000000,2458.47469000
2025-07-30T08:00:00Z,118123.00000000,118792.00000000,117358.84000000,118000.01000000,6022.93407000
2025-07-30T16:00:00Z,118000.01000000,118037.18000000,115796.23000000,117840.30000000,7105.32755000
2025-07-31T00:00:00Z,117840.29000000,118922.45000000,117781.87000000,118665.97000000,4215.54066000
2025-07-31T08:00:00Z,118665.98000000,118770.07000000,117807.35000000,118306.18000000,4747.48726000
2025-07-31T16:00:00Z,118306.18000000,118879.14000000,115500.00000000,115764.08000000,8046.97938000
2025-08-01T00:00:00Z,115764.07000000,116052.00000000,114313.13000000,115081.77000000,8392.83305000
2025-08-01T08:00:00Z,115081.76000000,116019.30000000,113988.47000000,115357.82000000,8664.49203000
2025-08-01T16:00:00Z,115357.82000000,115695.52000000,112722.58000000,113297.93000000,7429.77698000
2025-08-02T00:00:00Z,113297.92000000,114063.49000000,113198.63000000,113982.49000000,3097.36262000
2025-08-02T08:00:00Z,113982.49000000,114040.29000000,112802.31000000,112840.71000000,3058.09098000
2025-08-02T16:00:00Z,112840.70000000,113420.00000000,112003.00000000,112546.35000000,5351.88068000
2025-08-03T00:00:00Z,112546.35000000,113740.69000000,111920.00000000,113700.00000000,2870.82107000
2025-08-03T08:00:00Z,113700.00000000,114260.31000000,113551.00000000,113959.06000000,2391.77563000
2025-08-03T16:00:00Z,113959.06000000,114799.97000000,113775.55000000,114208.80000000,2135.16376000
2025-08-04T00:00:00Z,114208.81000000,115000.00000000,114107.60000000,114652.97000000,2746.27893000
2025-08-04T08:00:00Z,114652.98000000,115466.00000000,114121.00000000,114826.00000000,4074.10620000
2025-08-04T16:00:00Z,114826.01000000,115720.00000000,114616.33000000,115055.03000000,2847.29403000
2025-08-05T00:00:00Z,115055.03000000,115127.81000000,113725.72000000,113969.70000000,3524.46718000
2025-08-05T08:00:00Z,113969.70000000,115096.73000000,112650.00000000,112934.00000000,6184.03072000
2025-08-05T16:00:00Z,112934.00000000,114228.88000000,112815.68000000,114129.75000000,2334.29288000
2025-08-06T00:00:00Z,114129.75000000,114417.02000000,113355.13000000,114227.91000000,2498.56835000
2025-08-06T08:00:00Z,114227.90000000,115515.09000000,113579.90000000,115413.87000000,4789.97777000
2025-08-06T16:00:00Z,115413.87000000,115716.00000000,114793.01000000,114992.27000000,2472.60706000
2025-08-07T00:00:00Z,114992.27000000,115185.58000000,114259.00000000,114787.99000000,2483.87548000
2025-08-07T08:00:00Z,114787.99000000,116828.93000000,114787.98000000,116689.81000000,6444.84062000
2025-08-07T16:00:00Z,116689.80000000,117621.00000000,115632.31000000,117472.01000000,4539.84653000
2025-08-08T00:00:00Z,117472.02000000,117630.00000000,116401.00000000,116817.19000000,3850.19465000
2025-08-08T08:00:00Z,116817.20000000,117271.73000000,115878.71000000,116207.69000000,3649.79859000
2025-08-08T16:00:00Z,116207.70000000,116980.00000000,116006.14000000,116674.74000000,2545.31954000
2025-08-09T00:00:00Z,116674.74000000,116980.00000000,116299.13000000,116756.01000000,2992.90495000
2025-08-09T08:00:00Z,116756.00000000,117944.05000000,116700.01000000,116892.47000000,3736.03577000
2025-08-09T16:00:00Z,116892.48000000,117021.16000000,116359.89000000,116462.25000000,2785.19072000
2025-08-10T00:00:00Z,116462.25000000,118741.77000000,116460.63000000,117808.30000000,6336.76704000
2025-08-10T08:00:00Z,117808.29000000,119113.94000000,117608.01000000,118815.00000000,4315.55263000
2025-08-10T16:00:00Z,118815.00000000,119311.11000000,118074.99000000,119294.01000000,3670.45106000
2025-08-11T00:00:00Z,119294.27000000,122335.16000000,118972.59000000,121537.15000000,11906.08047000
2025-08-11T08:00:00Z,121537.14000000,121823.00000000,119382.91000000,120314.40000000,9452.52955000
2025-08-11T16:00:00Z,120314.40000000,120794.05000000,118050.11000000,118686.00000000,5135.72427000
2025-08-12T00:00:00Z,118686.00000000,119275.46000000,118424.86000000,118986.72000000,5030.01925000
2025-08-12T08:00:00Z,118986.73000000,119960.00000000,118207.47000000,119933.00000000,7260.43341000
2025-08-12T16:00:00Z,119933.00000000,120324.43000000,119172.62000000,120134.08000000,4429.65627000
2025-08-13T00:00:00Z,120134.09000000,120192.10000000,118920.92000000,119580.40000000,4685.10433000
2025-08-13T08:00:00Z,119580.40000000,122200.00000000,119446.22000000,120920.62000000,10441.85725000
2025-08-13T16:00:00Z,120920.61000000,123667.79000000,120920.61000000,123306.43000000,8083.10944000
2025-08-14T00:00:00Z,123306.44000000,124474.00000000,121313.86000000,121725.31000000,7237.33375600
2025-08-14T08:00:00Z,121725.31000000,122045.90000000,117632.00000000,118257.25000000,15073.35635000
2025-08-14T16:00:00Z,118257.26000000,118535.00000000,117180.00000000,118295.09000000,5670.25748000
2025-08-15T00:00:00Z,118295.09000000,119216.82000000,118032.32000000,118956.45000000,3616.46127000
2025-08-15T08:00:00Z,118956.45000000,119144.50000000,116827.29000000,117275.22000000,6258.71967000
2025-08-15T16:00:00Z,117275.23000000,117882.35000000,116803.99000000,117342.05000000,3748.15780000
2025-08-16T00:00:00Z,117342.04000000,117898.99000000,117231.14000000,117596.07000000,2345.78146000
2025-08-16T08:00:00Z,117596.07000000,117825.00000000,117143.98000000,117676.70000000,2397.54157000
2025-08-16T16:00:00Z,117676.70000000,117817.65000000,117219.34000000,117380.66000000,1650.35814000
2025-08-17T00:00:00Z,117380.66000000,118230.82000000,117172.21000000,118005.98000000,1880.21426000
2025-08-17T08:00:00Z,118005.98000000,118575.00000000,117922.00000000,118246.16000000,1981.94820000
2025-08-17T16:00:00Z,118246.15000000,118316.01000000,117321.53000000,117405.01000000,2036.47946000
2025-08-18T00:00:00Z,117405.01000000,117543.75000000,114878.71000000,115205.98000000,9234.84713000
2025-08-18T08:00:00Z,115205.99000000,116186.97000000,114640.14000000,116145.34000000,5566.16929000
2025-08-18T16:00:00Z,116145.34000000,116980.00000000,115818.86000000,116227.05000000,2944.92312000
2025-08-19T00:00:00Z,116227.05000000,116725.69000000,114366.00000000,114978.14000000,4890.02069000
2025-08-19T08:00:00Z,114978.15000000,115875.84000000,113587.68000000,113786.38000000,6765.50593000
2025-08-19T16:00:00Z,113786.39000000,113897.58000000,112732.58000000,112872.94000000,6409.94762000
2025-08-20T00:00:00Z,112872.95000000,113837.93000000,112566.01000000,113490.13000000,4484.12058000
2025-08-20T08:00:00Z,113490.14000000,114326.35000000,112380.00000000,113353.94000000,6957.93842000
2025-08-20T16:00:00Z,113353.94000000,114615.38000000,113264.01000000,114271.24000000,4194.28294000
2025-08-21T00:00:00Z,114271.23000000,114821.76000000,113582.43000000,113896.03000000,3239.09102000
2025-08-21T08:00:00Z,113896.03000000,113995.11000000,112608.64000000,112792.08000000,4030.76134000
2025-08-21T16:00:00Z,112792.08000000,112969.47000000,112015.67000000,112500.00000000,3569.83999000
2025-08-22T00:00:00Z,112500.00000000,113525.00000000,112335.60000000,113094.83000000,3266.45245000
2025-08-22T08:00:00Z,113094.83000000,117296.12000000,111684.79000000,116370.75000000,13437.69701000
2025-08-22T16:00:00Z,116370.75000000,117429.05000000,116116.00000000,116935.99000000,6423.94091000
2025-08-23T00:00:00Z,116936.00000000,117030.00000000,115458.20000000,115799.47000000,4905.76781000
2025-08-23T08:00:00Z,115799.46000000,115861.80000000,114560.00000000,114812.87000000,4341.45557000
2025-08-23T16:00:00Z,114812.88000000,115454.12000000,114684.11000000,115438.05000000,2082.13859000
2025-08-24T00:00:00Z,115438.06000000,115666.68000000,114846.14000000,114888.19000000,3711.61163000
2025-08-24T08:00:00Z,114888.19000000,115060.99000000,114350.57000000,114400.00000000,4885.49830000
2025-08-24T16:00:00Z,114400.01000000,114917.10000000,110680.00000000,113493.59000000,12578.87469000
2025-08-25T00:00:00Z,113493.59000000,113667.28000000,111284.05000000,111511.55000000,6438.99811000
2025-08-25T08:00:00Z,111511.56000000,112580.00000000,110588.00000000,112200.64000000,8621.57848000
2025-08-25T16:00:00Z,112200.65000000,112937.26000000,109274.10000000,110111.98000000,10122.21720000
2025-08-26T00:00:00Z,110111.98000000,110547.31000000,108666.66000000,110303.20000000,6065.44438000
2025-08-26T08:00:00Z,110303.20000000,110818.60000000,109393.93000000,109666.33000000,6411.78677000
2025-08-26T16:00:00Z,109666.34000000,112371.00000000,109450.00000000,111763.22000000,5975.20762000
2025-08-27T00:00:00Z,111763.22000000,111825.16000000,110622.50000000,110725.18000000,3982.07607000
2025-08-27T08:00:00Z,110725.19000000,112625.00000000,110345.42000000,112000.00000000,4904.36813000
2025-08-27T16:00:00Z,111999.99000000,112600.00000000,110921.79000000,111262.01000000,4506.16455000
2025-08-28T00:00:00Z,111262.01000000,113360.00000000,110862.42000000,113114.11000000,3685.69644000
2025-08-28T08:00:00Z,113114.11000000,113485.90000000,112391.56000000,112678.53000000,4507.97686000
2025-08-28T16:00:00Z,112678.53000000,113186.56000000,111872.06000000,112566.90000000,2910.60414000
2025-08-29T00:00:00Z,112566.90000000,112638.64000000,109899.99000000,110019.38000000,6383.97801000
2025-08-29T08:00:00Z,110019.38000000,111517.07000000,108103.00000000,108386.23000000,10577.59066000
2025-08-29T16:00:00Z,108386.23000000,108832.00000000,107463.90000000,108377.40000000,5618.74178000
2025-08-30T00:00:00Z,108377.40000000,108697.28000000,107350.10000000,108524.26000000,6296.46259000
2025-08-30T08:00:00Z,108524.26000000,108926.15000000,108190.52000000,108869.98000000,2957.49362000
2025-08-30T16:00:00Z,108869.98000000,108900.00000000,108468.77000000,108816.33000000,1454.43538000
2025-08-31T00:00:00Z,108816.33000000,109480.02000000,108523.49000000,108708.26000000,2934.09075000
2025-08-31T08:00:00Z,108708.25000000,109100.00000000,108191.29000000,108818.69000000,4032.78367000
2025-08-31T16:00:00Z,108818.69000000,109237.51000000,108076.93000000,108246.35000000,2522.64154000
2025-09-01T00:00:00Z,108246.36000000,109432.99000000,107255.00000000,109432.99000000,6110.51377000
2025-09-01T08:00:00Z,109432.99000000,109912.40000000,108186.41000000,108784.33000000,5377.63638000
2025-09-01T16:00:00Z,108784.33000000,109442.95000000,107459.49000000,109237.42000000,4565.45204000
2025-09-02T00:00:00Z,109237.43000000,110623.97000000,108883.80000000,110233.92000000,5118.73616000
2025-09-02T08:00:00Z,110233.91000000,111771.52000000,108393.39000000,110829.17000000,9230.90908000
2025-09-02T16:00:00Z,110829.16000000,111538.17000000,110200.00000000,111240.01000000,4160.64232000
2025-09-03T00:00:00Z,111240.01000000,111782.21000000,110528.71000000,111099.88000000,3803.31666000
2025-09-03T08:00:00Z,111099.87000000,112500.00000000,110889.29000000,112222.74000000,5064.84195000
2025-09-03T16:00:00Z,112222.73000000,112575.27000000,111613.98000000,111705.71000000,2905.56223000
2025-09-04T00:00:00Z,111705.72000000,112180.00000000,110279.68000000,110463.36000000,3778.48707000
2025-09-04T08:00:00Z,110463.36000000,111154.93000000,109329.12000000,109510.31000000,4308.95188000
2025-09-04T16:00:00Z,109510.32000000,111765.31000000,109363.26000000,110730.87000000,4115.69641000
2025-09-05T00:00:00Z,110730.87000000,112999.00000000,110435.75000000,112954.32000000,5146.75111000
2025-09-05T08:00:00Z,112954.32000000,113384.62000000,110286.91000000,110716.82000000,11762.71871000
2025-09-05T16:00:00Z,110716.82000000,111700.00000000,110206.96000000,110659.99000000,4677.93906000
2025-09-06T00:00:00Z,110660.00000000,111307.70000000,110552.56000000,110825.60000000,1488.16624000
2025-09-06T08:00:00Z,110825.59000000,110999.83000000,110358.11000000,110384.15000000,1507.91153000
2025-09-06T16:00:00Z,110384.16000000,110402.00000000,109977.00000000,110187.97000000,2004.22120000
2025-09-07T00:00:00Z,110187.98000000,110911.42000000,110180.00000000,110753.42000000,1821.38503000
2025-09-07T08:00:00Z,110753.41000000,111412.00000000,110720.01000000,111329.99000000,2051.93691000
2025-09-07T16:00:00Z,111329.99000000,111600.00000000,110861.20000000,111137.34000000,1807.97750000
2025-09-08T00:00:00Z,111137.35000000,111609.04000000,110621.78000000,111280.39000000,3031.59598000
2025-09-08T08:00:00Z,111280.40000000,112924.37000000,111252.90000000,112631.75000000,5741.91134000
2025-09-08T16:00:00Z,112631.74000000,112670.06000000,111896.00000000,112065.23000000,2808.89479000
2025-09-09T00:00:00Z,112065.23000000,113293.29000000,111111.00000000,112991.11000000,4998.36478000
2025-09-09T08:00:00Z,112991.11000000,113176.51000000,110766.66000000,110880.76000000,6511.05263000
2025-09-09T16:00:00Z,110880.76000000,111745.69000000,110788.00000000,111546.39000000,3869.86507000
2025-09-10T00:00:00Z,111546.38000000,112602.35000000,110917.45000000,112553.65000000,4144.30132000
2025-09-10T08:00:00Z,112553.65000000,114313.13000000,112097.20000000,113853.99000000,9210.31810000
2025-09-10T16:00:00Z,113853.99000000,114074.46000000,113155.03000000,113960.00000000,4162.79881000
2025-09-11T00:00:00Z,113960.00000000,114459.65000000,113669.82000000,114083.58000000,3550.77164000
2025-09-11T08:00:00Z,114083.58000000,114715.02000000,113430.00000000,114180.31000000,6656.29670000
2025-09-11T16:00:00Z,114180.32000000,115488.09000000,114102.00000000,115482.69000000,3469.66285000
2025-09-12T00:00:00Z,115482.69000000,116331.81000000,115045.45000000,115086.70000000,5333.41914000
2025-09-12T08:00:00Z,115086.70000000,115500.95000000,114740.99000000,115121.18000000,4000.92876000
2025-09-12T16:00:00Z,115121.18000000,116665.63000000,115030.30000000,116029.42000000,5989.75929000
2025-09-13T00:00:00Z,116029.41000000,116298.78000000,115576.26000000,115778.71000000,3316.51696000
2025-09-13T08:00:00Z,115778.72000000,116166.71000000,115603.98000000,115768.68000000,2602.24070000
2025-09-13T16:00:00Z,115768.68000000,115991.29000000,115127.27000000,115918.29000000,2350.64628000
2025-09-14T00:00:00Z,115918.29000000,116109.00000000,115449.59000000,115805.39000000,1794.42552000
2025-09-14T08:00:00Z,115805.39000000,116165.19000000,115141.80000000,115224.01000000,2876.91983000
2025-09-14T16:00:00Z,115224.01000000,116087.35000000,115135.00000000,115268.01000000,2036.25662000
2025-09-15T00:00:00Z,115268.01000000,116757.99000000,114825.00000000,115806.62000000,3936.95102000
2025-09-15T08:00:00Z,115806.62000000,115806.62000000,114384.00000000,114842.90000000,6492.69512000
2025-09-15T16:00:00Z,114842.90000000,115605.07000000,114600.00000000,115349.71000000,2782.86535000
2025-09-16T00:00:00Z,115349.71000000,116009.62000000,114930.00000000,115840.00000000,2764.47578000
2025-09-16T08:00:00Z,115839.99000000,115981.17000000,114737.11000000,115905.88000000,3968.19070000
2025-09-16T16:00:00Z,115905.88000000,116964.27000000,115608.28000000,116788.96000000,4194.24292000
2025-09-17T00:00:00Z,116788.96000000,117286.73000000,116160.22000000,117162.48000000,4142.78616000
2025-09-17T08:00:00Z,117162.48000000,117189.86000000,115432.00000000,115875.32000000,4503.41871000
2025-09-17T16:00:00Z,115875.33000000,116990.68000000,114720.81000000,116447.59000000,8108.04053000
2025-09-18T00:00:00Z,116447.60000000,117896.00000000,116092.76000000,117086.01000000,4871.30867000
2025-09-18T08:00:00Z,117086.01000000,117843.83000000,116977.59000000,117583.56000000,3582.08423000
2025-09-18T16:00:00Z,117583.56000000,117900.00000000,116612.03000000,117073.53000000,3203.84075000
2025-09-19T00:00:00Z,117073.53000000,117459.99000000,116633.86000000,116909.97000000,2864.47890000
2025-09-19T08:00:00Z,116909.98000000,117090.36000000,115464.19000000,115884.03000000,3901.70396000
2025-09-19T16:00:00Z,115884.03000000,116136.00000000,115100.00000000,115632.38000000,2225.90779000
2025-09-20T00:00:00Z,115632.39000000,115985.20000000,115408.47000000,115968.56000000,1476.52424000
2025-09-20T08:00:00Z,115968.56000000,116121.81000000,115664.11000000,115986.69000000,1629.96010000
2025-09-20T16:00:00Z,115986.70000000,116079.46000000,115603.42000000,115685.63000000,1568.44318000
2025-09-21T00:00:00Z,115685.63000000,115815.98000000,115441.83000000,115815.97000000,1725.99902000
2025-09-21T08:00:00Z,115815.98000000,115819.06000000,115329.03000000,115531.61000000,1458.17335000
2025-09-21T16:00:00Z,115531.62000000,115665.52000000,115188.00000000,115232.29000000,1327.34982000
2025-09-22T00:00:00Z,115232.29000000,115379.25000000,111800.00000000,112519.99000000,10369.39342000
2025-09-22T08:00:00Z,112520.00000000,113432.76000000,112173.52000000,112815.50000000,6365.73290000
2025-09-22T16:00:00Z,112815.50000000,112977.41000000,111936.40000000,112650.99000000,4046.58724000
2025-09-23T00:00:00Z,112650.99000000,113114.01000000,111478.00000000,113090.13000000,4902.91220000
2025-09-23T08:00:00Z,113090.13000000,113290.50000000,112496.61000000,112882.19000000,3763.40900000
2025-09-23T16:00:00Z,112882.20000000,112958.58000000,111458.73000000,111998.80000000,3634.99910000
2025-09-24T00:00:00Z,111998.80000000,112779.37000000,111042.66000000,112583.54000000,5753.72293000
2025-09-24T08:00:00Z,112583.54000000,113890.00000000,112405.62000000,113346.41000000,4102.77941000
2025-09-24T16:00:00Z,113346.40000000,113940.00000000,113163.21000000,113307.00000000,2512.75733000
2025-09-25T00:00:00Z,113307.01000000,113510.23000000,111450.42000000,111766.72000000,5979.82368000
2025-09-25T08:00:00Z,111766.73000000,112246.46000000,110629.99000000,111580.77000000,7022.52063000
2025-09-25T16:00:00Z,111580.77000000,111672.58000000,108631.51000000,108994.49000000,8228.80526000
2025-09-26T00:00:00Z,108994.49000000,109798.84000000,108809.24000000,109320.02000000,5379.09378000
2025-09-26T08:00:00Z,109320.02000000,109779.73000000,108620.07000000,109027.78000000,5917.38654000
2025-09-26T16:00:00Z,109027.79000000,110300.00000000,109027.78000000,109643.46000000,2946.53559000
2025-09-27T00:00:00Z,109643.46000000,109743.91000000,109324.42000000,109411.20000000,1950.50035000
2025-09-27T08:00:00Z,109411.19000000,109477.69000000,109064.40000000,109402.24000000,2507.67372000
2025-09-27T16:00:00Z,109402.25000000,109699.98000000,109243.89000000,109635.85000000,1043.61236000
2025-09-28T00:00:00Z,109635.85000000,109787.75000000,109260.00000000,109513.06000000,1391.19903000
2025-09-28T08:00:00Z,109513.06000000,110037.93000000,109189.99000000,110037.93000000,2212.13752000
2025-09-28T16:00:00Z,110037.92000000,112350.00000000,110008.54000000,112163.95000000,3938.99505000
2025-09-29T00:00:00Z,112163.96000000,112310.00000000,111560.65000000,111865.95000000,4128.83378000
2025-09-29T08:00:00Z,111865.96000000,114231.56000000,111865.95000000,113815.57000000,7191.04047000
2025-09-29T16:00:00Z,113815.57000000,114400.00000000,113449.74000000,114311.96000000,4221.24580000
2025-09-30T00:00:00Z,114311.97000000,114792.00000000,113585.00000000,113699.23000000,4821.20235000
2025-09-30T08:00:00Z,113699.24000000,113741.37000000,112656.27000000,113106.16000000,5709.57833000
2025-09-30T16:00:00Z,113106.15000000,114754.87000000,112800.00000000,114048.93000000,4513.37565000
2025-10-01T00:00:00Z,114048.94000000,114740.00000000,113966.67000000,114539.02000000,4039.00480000
2025-10-01T08:00:00Z,114539.02000000,117649.99000000,114484.43000000,117423.73000000,9736.27636000
2025-10-01T16:00:00Z,117423.73000000,118649.10000000,116724.56000000,118594.99000000,6261.11400000
2025-10-02T00:00:00Z,118594.99000000,119456.92000000,118279.31000000,118489.76000000,5959.71213000
2025-10-02T08:00:00Z,118489.76000000,119910.79000000,118354.61000000,119910.78000000,6559.17471000
2025-10-02T16:00:00Z,119910.78000000,121022.07000000,119359.63000000,120529.35000000,7151.94819000
2025-10-03T00:00:00Z,120529.35000000,120550.90000000,119610.59000000,119640.21000000,4562.57046000
2025-10-03T08:00:00Z,119640.22000000,122366.00000000,119248.30000000,122258.05000000,8396.82632000
2025-10-03T16:00:00Z,122258.04000000,123894.99000000,121466.25000000,122232.00000000,10976.93122000
2025-10-04T00:00:00Z,122232.21000000,122800.00000000,121684.97000000,122324.08000000,3246.75251000
2025-10-04T08:00:00Z,122324.08000000,122539.83000000,121698.88000000,121791.31000000,2732.79299000
2025-10-04T16:00:00Z,121791.31000000,122410.00000000,121510.00000000,122391.00000000,2228.62128000
2025-10-05T00:00:00Z,122390.99000000,125708.42000000,122136.00000000,124713.63000000,11554.57535300
2025-10-05T08:00:00Z,124713.63000000,124838.37000000,122520.24000000,122803.17000000,6688.39968000
2025-10-05T16:00:00Z,122803.17000000,123548.83000000,122301.63000000,123482.31000000,3800.12252000
2025-10-06T00:00:00Z,123482.32000000,124358.46000000,123084.00000000,123390.47000000,5235.91278000
2025-10-06T08:00:00Z,123390.47000000,125408.29000000,123390.46000000,125000.00000000,7335.90661000
2025-10-06T16:00:00Z,125000.00000000,126199.63000000,124511.15000000,124658.54000000,6922.80940300
2025-10-07T00:00:00Z,124658.54000000,125082.27000000,123567.60000000,123667.99000000,4228.83569000
2025-10-07T08:00:00Z,123668.00000000,125126.00000000,121172.89000000,121846.01000000,9804.74870000
2025-10-07T16:00:00Z,121846.01000000,122292.62000000,120574.94000000,121332.95000000,7600.40946000
2025-10-08T00:00:00Z,121332.96000000,122229.66000000,121066.14000000,121597.06000000,5077.62770000
2025-10-08T08:00:00Z,121597.05000000,123350.00000000,121524.01000000,122189.72000000,6782.10874000
2025-10-08T16:00:00Z,122189.72000000,124197.25000000,122110.08000000,123306.00000000,5152.88156000
2025-10-09T00:00:00Z,123306.01000000,123348.32000000,121475.98000000,121906.10000000,3770.32629000
2025-10-09T08:00:00Z,121906.09000000,123762.94000000,120673.99000000,121147.14000000,9255.50306000
2025-10-09T16:00:00Z,121147.15000000,121900.00000000,119651.47000000,121662.40000000,8533.53072000
2025-10-10T00:00:00Z,121662.41000000,121874.13000000,120855.41000000,120932.05000000,4661.23124000
2025-10-10T08:00:00Z,120932.05000000,122550.00000000,118500.00000000,119018.98000000,9321.42947000
2025-10-10T16:00:00Z,119018.99000000,119456.28000000,102000.00000000,112774.50000000,50189.27856000
2025-10-11T00:00:00Z,112774.49000000,113322.39000000,110090.29000000,110384.61000000,18676.28941000
2025-10-11T08:00:00Z,110384.60000000,112500.00000000,110162.23000000,111793.20000000,9610.38343000
2025-10-11T16:00:00Z,111793.21000000,112185.53000000,109561.59000000,110644.40000000,7161.84368000
2025-10-12T00:00:00Z,110644.40000000,112125.51000000,109565.06000000,111525.20000000,7516.88185000
2025-10-12T08:00:00Z,111525.19000000,113745.84000000,111139.87000000,113198.20000000,11831.23759000
2025-10-12T16:00:00Z,113198.20000000,115770.00000000,113198.20000000,114958.80000000,12907.18328000
2025-10-13T00:00:00Z,114958.81000000,115963.81000000,114398.24000000,115399.67000000,7560.62171000
2025-10-13T08:00:00Z,115399.66000000,115530.00000000,113616.50000000,114312.10000000,10098.99133000
2025-10-13T16:00:00Z,114312.09000000,115891.30000000,114215.79000000,115166.00000000,4897.62729000
2025-10-14T00:00:00Z,115166.00000000,115409.96000000,111355.01000000,111724.41000000,9743.14376000
2025-10-14T08:00:00Z,111724.41000000,112943.82000000,109866.00000000,112900.43000000,12468.82209000
2025-10-14T16:00:00Z,112900.44000000,113577.00000000,111692.31000000,113028.14000000,9658.36389000
2025-10-15T00:00:00Z,113028.13000000,113612.35000000,111746.76000000,112584.50000000,6968.75286000
2025-10-15T08:00:00Z,112584.49000000,113520.88000000,110400.00000000,110798.01000000,10289.58372000
2025-10-15T16:00:00Z,110798.01000000,111557.70000000,110164.00000000,110763.28000000,5728.15153000
2025-10-16T00:00:00Z,110763.28000000,111867.17000000,110361.00000000,110584.20000000,5812.56728000
2025-10-16T08:00:00Z,110584.21000000,111982.45000000,108361.69000000,108549.21000000,13534.92977000
2025-10-16T16:00:00Z,108549.21000000,109254.00000000,107427.00000000,108194.28000000,10509.67547000
2025-10-17T00:00:00Z,108194.27000000,109240.00000000,105542.09000000,105633.75000000,10437.96842000
2025-10-17T08:00:00Z,105633.75000000,106852.14000000,103528.23000000,106803.53000000,21755.67635000
2025-10-17T16:00:00Z,106803.52000000,107575.60000000,106071.42000000,106431.68000000,5727.02361000
2025-10-18T00:00:00Z,106431.68000000,107499.00000000,106322.20000000,106665.00000000,5644.63847000
2025-10-18T08:00:00Z,106665.01000000,107300.00000000,106605.93000000,106948.75000000,3762.34682000
2025-10-18T16:00:00Z,106948.75000000,107339.03000000,106484.00000000,107185.01000000,1716.20237000
2025-10-19T00:00:00Z,107185.00000000,107367.16000000,106558.61000000,106786.00000000,2305.30799000
2025-10-19T08:00:00Z,106786.00000000,108621.68000000,106103.36000000,108486.70000000,8696.03175000
2025-10-19T16:00:00Z,108486.71000000,109450.07000000,108240.00000000,108642.78000000,4479.32449000
2025-10-20T00:00:00Z,108642.77000000,111445.67000000,107402.52000000,111169.92000000,7651.53180000
2025-10-20T08:00:00Z,111169.91000000,111705.56000000,110588.23000000,111144.55000000,6459.07208000
2025-10-20T16:00:00Z,111144.55000000,111303.05000000,109855.83000000,110532.09000000,5082.83772000
2025-10-21T00:00:00Z,110532.09000000,110532.09000000,107473.72000000,108086.37000000,7336.14022000
2025-10-21T08:00:00Z,108086.38000000,113557.62000000,107484.22000000,113422.61000000,12991.83394000
2025-10-21T16:00:00Z,113422.60000000,114000.00000000,108045.81000000,108297.67000000,16900.04243000
2025-10-22T00:00:00Z,108297.66000000,108678.21000000,107610.00000000,108321.63000000,8734.72423000
2025-10-22T08:00:00Z,108321.64000000,109163.88000000,106708.18000000,108416.50000000,11938.33313000
2025-10-22T16:00:00Z,108416.50000000,108796.42000000,106666.69000000,107567.44000000,7937.72715000
2025-10-23T00:00:00Z,107567.45000000,110298.29000000,107500.00000000,109269.90000000,5688.28902000
2025-10-23T08:00:00Z,109269.90000000,110109.99000000,108685.72000000,109908.28000000,6488.60128000
2025-10-23T16:00:00Z,109908.29000000,111293.61000000,109341.28000000,110078.18000000,5396.20264000
2025-10-24T00:00:00Z,110078.19000000,111522.30000000,109983.93000000,111054.61000000,4244.07889000
2025-10-24T08:00:00Z,111054.61000000,112104.98000000,109700.01000000,110046.91000000,7514.76915000
2025-10-24T16:00:00Z,110046.92000000,111138.62000000,109797.13000000,111004.89000000,3246.32109000
2025-10-25T00:00:00Z,111004.90000000,111820.87000000,110672.86000000,111489.60000000,2246.43942000
2025-10-25T08:00:00Z,111489.59000000,111943.19000000,111311.19000000,111385.18000000,2632.27151000
2025-10-25T16:00:00Z,111385.18000000,111731.78000000,111164.39000000,111646.27000000,1529.25771000
2025-10-26T00:00:00Z,111646.27000000,111899.56000000,111260.45000000,111723.98000000,1692.29177000
2025-10-26T08:00:00Z,111723.98000000,114000.00000000,111708.63000000,113694.97000000,6493.88369000
2025-10-26T16:00:00Z,113694.97000000,115466.80000000,112901.00000000,114559.40000000,5268.30191000
2025-10-27T00:00:00Z,114559.41000000,116400.00000000,114362.26000000,115554.60000000,8760.59817000
2025-10-27T08:00:00Z,115554.59000000,115607.48000000,114503.99000000,114969.68000000,8195.36259000
2025-10-27T16:00:00Z,114969.68000000,115790.00000000,113830.01000000,114107.65000000,4494.27165000
2025-10-28T00:00:00Z,114107.65000000,114547.20000000,113483.30000000,114188.37000000,4374.82149000
2025-10-28T08:00:00Z,114188.38000000,116086.00000000,114113.30000000,114641.38000000,5245.44624000
2025-10-28T16:00:00Z,114641.38000000,115591.41000000,112211.00000000,112898.45000000,5903.15484000
2025-10-29T00:00:00Z,112898.44000000,113577.90000000,112100.00000000,113577.90000000,4112.85467000
2025-10-29T08:00:00Z,113577.90000000,113643.73000000,111401.50000000,111509.74000000,6577.38937000
2025-10-29T16:00:00Z,111509.74000000,112030.23000000,109200.00000000,110021.29000000,10389.46972000
2025-10-30T00:00:00Z,110021.30000000,111592.00000000,107925.06000000,111366.72000000,8923.95217000
2025-10-30T08:00:00Z,111366.72000000,111467.01000000,107328.00000000,107711.56000000,9514.65301000
2025-10-30T16:00:00Z,107711.56000000,108334.53000000,106304.34000000,108322.88000000,7550.22320000
2025-10-31T00:00:00Z,108322.87000000,110215.00000000,108275.28000000,109449.31000000,7772.75052000
2025-10-31T08:00:00Z,109449.32000000,111190.00000000,109214.13000000,110202.90000000,8553.13984000
2025-10-31T16:00:00Z,110202.90000000,110300.00000000,108635.00000000,109608.01000000,5192.31403000
2025-11-01T00:00:00Z,109608.01000000,110564.49000000,109394.81000000,110071.40000000,2603.44254000
2025-11-01T08:00:00Z,110071.40000000,110348.00000000,109702.66000000,110310.65000000,2654.99255000
2025-11-01T16:00:00Z,110310.65000000,110529.99000000,109858.44000000,110098.10000000,2120.06922000
2025-11-02T00:00:00Z,110098.10000000,111045.09000000,109879.39000000,110895.53000000,5285.47625000
2025-11-02T08:00:00Z,110895.53000000,111250.01000000,110096.32000000,110117.48000000,4117.67786000
2025-11-02T16:00:00Z,110117.49000000,110742.26000000,109471.34000000,110540.68000000,2703.84676000
2025-11-03T00:00:00Z,110540.69000000,110750.00000000,107006.05000000,107468.23000000,7830.05246000
2025-11-03T08:00:00Z,107468.23000000,108333.00000000,105511.00000000,105745.71000000,9634.72117000
2025-11-03T16:00:00Z,105745.71000000,107783.20000000,105306.56000000,106583.04000000,11216.41416000
2025-11-04T00:00:00Z,106583.05000000,107299.00000000,104200.00000000,104490.72000000,12118.84527000
2025-11-04T08:00:00Z,104490.73000000,104842.63000000,102915.05000000,103197.01000000,12743.99937000
2025-11-04T16:00:00Z,103197.02000000,103500.05000000,98944.36000000,101497.22000000,25672.02912000
2025-11-05T00:00:00Z,101497.23000000,102370.00000000,98966.80000000,101993.02000000,15674.68539000
2025-11-05T08:00:00Z,101993.03000000,103798.37000000,101176.47000000,103728.30000000,9923.42014000
2025-11-05T16:00:00Z,103728.30000000,104534.74000000,103057.56000000,103885.16000000,8180.67018000
2025-11-06T00:00:00Z,103885.16000000,104200.00000000,102716.26000000,103185.48000000,6752.65989000
2025-11-06T08:00:00Z,103184.75000000,103626.46000000,101630.00000000,102014.48000000,9337.79942000
2025-11-06T16:00:00Z,102014.49000000,102393.51000000,100300.95000000,101346.04000000,9724.16208000
2025-11-07T00:00:00Z,101346.04000000,102527.00000000,100749.94000000,102010.00000000,7028.22471000
2025-11-07T08:00:00Z,102009.99000000,102050.00000000,99260.86000000,100797.95000000,15233.42788000
2025-11-07T16:00:00Z,100797.95000000,104096.36000000,100517.06000000,103339.08000000,9797.85683000
2025-11-08T00:00:00Z,103339.09000000,103406.22000000,101902.64000000,102352.96000000,4443.76902000
2025-11-08T08:00:00Z,102352.96000000,102687.72000000,101454.00000000,101711.45000000,4901.34213000
2025-11-08T16:00:00Z,101711.46000000,102482.20000000,101522.08000000,102312.94000000,3045.66870000
2025-11-09T00:00:00Z,102312.95000000,102337.89000000,101400.00000000,101944.59000000,3257.99945000
2025-11-09T08:00:00Z,101944.60000000,104168.00000000,101500.00000000,103762.17000000,6513.21862000
2025-11-09T16:00:00Z,103762.18000000,105495.62000000,103316.23000000,104722.96000000,6567.75289000
2025-11-10T00:00:00Z,104722.95000000,106670.11000000,104265.02000000,106461.45000000,9185.48201000
2025-11-10T08:00:00Z,106461.46000000,106599.47000000,104667.00000000,105079.99000000,8077.22302000
2025-11-10T16:00:00Z,105079.99000000,106299.22000000,104784.36000000,106011.13000000,5419.55170000
2025-11-11T00:00:00Z,106011.13000000,107500.00000000,104741.20000000,104783.98000000,8251.26186000
2025-11-11T08:00:00Z,104783.99000000,105500.00000000,103170.33000000,103455.99000000,10655.69799000
2025-11-11T16:00:00Z,103455.99000000,103730.00000000,102476.09000000,103058.99000000,5289.54733000
2025-11-12T00:00:00Z,103059.00000000,103654.38000000,102687.72000000,103112.66000000,4837.68007000
2025-11-12T08:00:00Z,103112.65000000,105333.33000000,101961.97000000,102173.51000000,8735.71004000
2025-11-12T16:00:00Z,102173.51000000,102285.18000000,100813.59000000,101654.37000000,6884.24895000
2025-11-13T00:00:00Z,101654.37000000,104085.01000000,100922.55000000,103475.66000000,7912.29499000
2025-11-13T08:00:00Z,103475.66000000,103811.49000000,101184.14000000,101382.64000000,9403.07220000
2025-11-13T16:00:00Z,101382.63000000,101540.93000000,98000.40000000,99692.02000000,18883.14052000
2025-11-14T00:00:00Z,99692.03000000,99866.02000000,95933.75000000,97151.98000000,16956.54761000
2025-11-14T08:00:00Z,97151.97000000,97553.70000000,94560.48000000,96796.14000000,19568.32210000
2025-11-14T16:00:00Z,96796.14000000,97411.11000000,94012.45000000,94594.00000000,10763.27510000
2025-11-15T00:00:00Z,94594.00000000,96846.68000000,94558.49000000,96333.86000000,6920.73439000
2025-11-15T08:00:00Z,96333.87000000,96471.22000000,95565.17000000,96260.00000000,4323.51216000
2025-11-15T16:00:00Z,96259.99000000,96419.65000000,95119.94000000,95596.24000000,3866.64736000
2025-11-16T00:00:00Z,95596.23000000,96192.00000000,94841.62000000,96099.99000000,3176.00938000
2025-11-16T08:00:00Z,96099.98000000,96635.11000000,94368.24000000,94573.46000000,5131.69928000
2025-11-16T16:00:00Z,94573.46000000,95567.79000000,93005.55000000,94261.44000000,15581.69644000
2025-11-17T00:00:00Z,94261.45000000,95880.00000000,93767.27000000,95653.77000000,7964.38381000
2025-11-17T08:00:00Z,95653.78000000,96043.00000000,93571.30000000,93959.67000000,11501.29594000
2025-11-17T16:00:00Z,93959.68000000,94419.88000000,91220.00000000,92215.14000000,19752.91831000
2025-11-18T00:00:00Z,92215.14000000,92357.51000000,89253.78000000,90512.10000000,19675.30296000
2025-11-18T08:00:00Z,90512.10000000,93049.91000000,90509.79000000,92910.10000000,12874.97971000
2025-11-18T16:00:00Z,92910.10000000,93836.01000000,92462.72000000,92960.83000000,7284.86502000
2025-11-19T00:00:00Z,92960.83000000,92980.22000000,90025.06000000,91863.64000000,8700.39328000
2025-11-19T08:00:00Z,91863.64000000,92384.61000000,89880.00000000,89951.70000000,8554.95436000
2025-11-19T16:00:00Z,89951.70000000,91594.00000000,88608.00000000,91554.96000000,15031.28996000
2025-11-20T00:00:00Z,91554.96000000,93160.00000000,91185.26000000,92320.18000000,7720.94974000
2025-11-20T08:00:00Z,92320.18000000,92541.92000000,89835.34000000,89869.88000000,9363.69160000
2025-11-20T16:00:00Z,89869.88000000,89911.73000000,86100.00000000,86637.23000000,22648.54939000
2025-11-21T00:00:00Z,86637.22000000,87498.94000000,82000.00000000,84049.39000000,20634.01018000
2025-11-21T08:00:00Z,84049.38000000,85496.00000000,80600.00000000,82932.47000000,39226.28023000
2025-11-21T16:00:00Z,82932.46000000,85572.82000000,82333.00000000,85129.43000000,12395.83638000
2025-11-22T00:00:00Z,85129.42000000,85620.00000000,83832.91000000,84580.06000000,5141.53401000
2025-11-22T08:00:00Z,84580.06000000,84755.83000000,83500.00000000,84284.01000000,6010.90273000
2025-11-22T16:00:00Z,84284.01000000,85260.00000000,84219.62000000,84739.74000000,3041.49589000
2025-11-23T00:00:00Z,84739.75000000,86860.00000000,84667.57000000,85782.19000000,6917.16488000
2025-11-23T08:00:00Z,85782.18000000,87244.51000000,85768.22000000,87087.44000000,5558.77033000
2025-11-23T16:00:00Z,87087.44000000,88127.64000000,86502.47000000,86830.00000000,7258.52897000
2025-11-24T00:00:00Z,86830.00000000,88059.44000000,85946.65000000,87050.39000000,7594.50054000
2025-11-24T08:00:00Z,87050.39000000,87050.39000000,85272.00000000,86616.44000000,8120.01901000
2025-11-24T16:00:00Z,86616.44000000,89228.00000000,86616.43000000,88300.01000000,8948.60840000
2025-11-25T00:00:00Z,88300.01000000,88519.99000000,87300.00000000,87384.81000000,5539.00334000
2025-11-25T08:00:00Z,87384.81000000,87792.20000000,86116.00000000,86988.94000000,8299.74011000
2025-11-25T16:00:00Z,86988.93000000,88155.65000000,86182.49000000,87369.96000000,5728.29765000
2025-11-26T00:00:00Z,87369.97000000,88224.00000000,86909.99000000,87935.05000000,4063.92489000
2025-11-26T08:00:00Z,87935.05000000,87941.58000000,86306.77000000,86978.00000000,6397.79364000
2025-11-26T16:00:00Z,86977.99000000,90656.08000000,86956.61000000,90484.02000000,11214.10386000
2025-11-27T00:00:00Z,90484.01000000,91950.00000000,90089.91000000,91408.34000000,8187.60080000
2025-11-27T08:00:00Z,91408.34000000,91940.18000000,90438.43000000,90958.30000000,5275.50142000
2025-11-27T16:00:00Z,90958.29000000,91843.59000000,90850.77000000,91333.95000000,3370.40710000
2025-11-28T00:00:00Z,91333.94000000,91707.79000000,90652.55000000,90910.87000000,3803.97770000
2025-11-28T08:00:00Z,90910.87000000,93092.00000000,90907.98000000,92362.49000000,8221.93297000
2025-11-28T16:00:00Z,92362.50000000,92376.00000000,90180.63000000,90890.70000000,6804.94945000
2025-11-29T00:00:00Z,90890.71000000,91119.99000000,90311.92000000,90567.67000000,2170.36770000
2025-11-29T08:00:00Z,90567.66000000,91110.36000000,90376.37000000,91063.50000000,2105.47503000
2025-11-29T16:00:00Z,91063.50000000,91165.65000000,90155.47000000,90802.44000000,3154.04018000
2025-11-30T00:00:00Z,90802.44000000,91055.50000000,90471.00000000,90968.16000000,1665.08843000
2025-11-30T08:00:00Z,90968.16000000,92000.01000000,90927.16000000,91435.31000000,5144.84190000
2025-11-30T16:00:00Z,91435.31000000,91850.00000000,90336.90000000,90360.00000000,2877.81142000
2025-12-01T00:00:00Z,90360.01000000,90417.00000000,85604.00000000,86550.30000000,15186.82673000
2025-12-01T08:00:00Z,86550.30000000,86938.01000000,83822.76000000,84677.87000000,11130.14028000
2025-12-01T16:00:00Z,84677.87000000,86860.00000000,84030.95000000,86286.01000000,8192.04526000
2025-12-02T00:00:00Z,86286.01000000,87350.00000000,86184.39000000,87012.65000000,4979.05138000
2025-12-02T08:00:00Z,87012.64000000,91200.00000000,86296.21000000,90850.01000000,12661.53586000
2025-12-02T16:00:00Z,90850.01000000,92307.65000000,90201.00000000,91277.88000000,10569.64008000
2025-12-03T00:00:00Z,91277.88000000,93958.58000000,90990.23000000,92999.99000000,8971.53573000
2025-12-03T08:00:00Z,93000.00000000,93700.00000000,91697.00000000,92373.30000000,9293.34231000
2025-12-03T16:00:00Z,92373.30000000,94150.00000000,91786.99000000,93429.95000000,7447.64781000
2025-12-04T00:00:00Z,93429.95000000,94080.00000000,92669.82000000,93397.67000000,6915.20806000
2025-12-04T08:00:00Z,93397.67000000,93621.31000000,91801.00000000,92971.49000000,6213.18164000
2025-12-04T16:00:00Z,92971.49000000,93174.55000000,90889.00000000,92078.06000000,6675.55089000
2025-12-05T00:00:00Z,92078.06000000,92692.36000000,91813.37000000,92258.65000000,3138.48343000
2025-12-05T08:00:00Z,92258.64000000,92258.65000000,89874.70000000,90459.35000000,7775.86069000
2025-12-05T16:00:00Z,90459.34000000,90498.59000000,88056.00000000,89330.04000000,8878.62806000
2025-12-06T00:00:00Z,89330.04000000,89806.43000000,89030.67000000,89597.13000000,2300.55651000
2025-12-06T08:00:00Z,89597.14000000,90289.97000000,89217.59000000,89758.77000000,3556.78568000
2025-12-06T16:00:00Z,89758.77000000,89981.20000000,88908.01000000,89236.79000000,2552.15797000
2025-12-07T00:00:00Z,89236.80000000,89799.96000000,89176.52000000,89379.72000000,1451.54919000
2025-12-07T08:00:00Z,89379.73000000,89707.54000000,87719.28000000,89554.52000000,4703.52132000
2025-12-07T16:00:00Z,89554.52000000,91760.00000000,88995.33000000,90395.31000000,6866.04134000
2025-12-08T00:00:00Z,90395.32000000,91868.76000000,89860.00000000,91565.46000000,4046.09237000
2025-12-08T08:00:00Z,91565.46000000,92287.15000000,89612.00000000,89961.37000000,7176.20910000
2025-12-08T16:00:00Z,89961.36000000,91374.00000000,89679.79000000,90634.34000000,4571.33740000
2025-12-09T00:00:00Z,90634.35000000,90846.26000000,89500.00000000,90496.80000000,4223.03062000
2025-12-09T08:00:00Z,90496.80000000,92876.92000000,89912.48000000,92707.51000000,6480.15838000
2025-12-09T16:00:00Z,92707.50000000,94588.99000000,92254.92000000,92678.80000000,10537.24114000
2025-12-10T00:00:00Z,92678.81000000,92786.35000000,91976.00000000,92782.91000000,3360.84918000
2025-12-10T08:00:00Z,92782.91000000,93291.50000000,91563.15000000,92063.69000000,5146.20958000
2025-12-10T16:00:00Z,92063.69000000,94476.00000000,91684.39000000,92015.37000000,10491.62207000
2025-12-11T00:00:00Z,92015.38000000,92080.32000000,89389.63000000,90272.75000000,6326.47789000
2025-12-11T08:00:00Z,90272.76000000,90653.33000000,89260.63000000,89872.51000000,5045.01790000
2025-12-11T16:00:00Z,89872.51000000,93555.00000000,89333.00000000,92513.38000000,8601.09179000
2025-12-12T00:00:00Z,92513.38000000,92754.00000000,91448.31000000,92425.34000000,3658.91532000
2025-12-12T08:00:00Z,92425.33000000,92660.74000000,89780.00000000,89935.14000000,7184.13820000
2025-12-12T16:00:00Z,89935.13000000,90666.00000000,89480.00000000,90268.42000000,5836.13817000
2025-12-13T00:00:00Z,90268.43000000,90469.71000000,90120.00000000,90329.97000000,1100.29854000
2025-12-13T08:00:00Z,90329.98000000,90634.55000000,89932.99000000,90092.16000000,3432.86212000
2025-12-13T16:00:00Z,90092.17000000,90280.76000000,89766.39000000,90240.01000000,1362.54722000
2025-12-14T00:00:00Z,90240.00000000,90472.40000000,90050.74000000,90245.60000000,1400.77715000
2025-12-14T08:00:00Z,90245.60000000,90280.01000000,88687.27000000,89022.91000000,3765.83434000
2025-12-14T16:00:00Z,89022.92000000,89398.71000000,87577.36000000,88172.17000000,4250.32855000
2025-12-15T00:00:00Z,88172.16000000,90052.64000000,88074.37000000,89753.42000000,4016.59854000
2025-12-15T08:00:00Z,89753.43000000,89986.68000000,86621.91000000,87033.22000000,7412.41908000
2025-12-15T16:00:00Z,87033.21000000,87220.00000000,85146.64000000,86432.08000000,8349.67428000
2025-12-16T00:00:00Z,86432.08000000,86615.38000000,85266.00000000,86021.51000000,4705.92518000
2025-12-16T08:00:00Z,86021.51000000,88175.98000000,85930.97000000,87977.43000000,9147.37791000
2025-12-16T16:00:00Z,87977.44000000,88050.17000000,87061.23000000,87863.42000000,4602.74708000
2025-12-17T00:00:00Z,87863.43000000,87950.00000000,86209.11000000,87045.59000000,3274.46229000
2025-12-17T08:00:00Z,87045.59000000,90365.85000000,86238.91000000,87233.44000000,9813.51001000
2025-12-17T16:00:00Z,87233.44000000,87769.23000000,85314.00000000,86243.22000000,6746.14499000
2025-12-18T00:00:00Z,86243.23000000,86901.40000000,85863.93000000,86833.84000000,3267.20295000
2025-12-18T08:00:00Z,86833.83000000,89477.61000000,86685.14000000,88513.44000000,9209.90495000
2025-12-18T16:00:00Z,88513.43000000,88533.61000000,84450.01000000,85516.41000000,12928.30973000
2025-12-19T00:00:00Z,85516.41000000,88449.06000000,85110.24000000,87953.40000000,7025.26439000
2025-12-19T08:00:00Z,87953.39000000,89399.97000000,87514.59000000,87951.87000000,7786.54016000
2025-12-19T16:00:00Z,87951.86000000,88882.55000000,86846.16000000,88136.94000000,6444.84549000
2025-12-20T00:00:00Z,88136.95000000,88573.07000000,87961.60000000,88275.41000000,1782.31907000
2025-12-20T08:00:00Z,88275.41000000,88428.00000000,87795.76000000,88178.71000000,2137.39840000
2025-12-20T16:00:00Z,88178.72000000,88443.44000000,88103.54000000,88360.90000000,1203.41447000
2025-12-21T00:00:00Z,88360.91000000,88433.64000000,87869.35000000,88174.79000000,1446.99006000
2025-12-21T08:00:00Z,88174.79000000,89081.77000000,87600.04000000,88067.95000000,3646.32486000
2025-12-21T16:00:00Z,88067.96000000,88823.52000000,87950.00000000,88658.86000000,2039.55766000
2025-12-22T00:00:00Z,88658.87000000,89627.24000000,87900.00000000,89170.10000000,3910.68334000
2025-12-22T08:00:00Z,89170.10000000,90588.23000000,89093.44000000,89726.92000000,6565.62414000
2025-12-22T16:00:00Z,89726.93000000,90127.00000000,87911.79000000,88620.79000000,4196.91222000
2025-12-23T00:00:00Z,88620.79000000,88940.00000000,87051.52000000,87574.79000000,3502.13545000
2025-12-23T08:00:00Z,87574.78000000,87963.03000000,86601.90000000,87443.45000000,4840.37165000
2025-12-23T16:00:00Z,87443.45000000,88372.35000000,87162.39000000,87486.00000000,5567.82194000
2025-12-24T00:00:00Z,87486.00000000,87839.66000000,86796.65000000,86911.53000000,2948.52628000
2025-12-24T08:00:00Z,86911.53000000,87478.59000000,86420.00000000,87049.99000000,3488.89902000
2025-12-24T16:00:00Z,87050.00000000,88049.89000000,86917.25000000,87669.45000000,2703.41790000
2025-12-25T00:00:00Z,87669.44000000,87967.50000000,87508.52000000,87837.59000000,1221.54648000
2025-12-25T08:00:00Z,87837.59000000,88592.74000000,87251.60000000,88371.27000000,3137.22468000
2025-12-25T16:00:00Z,88371.27000000,88478.00000000,86934.72000000,87225.27000000,2737.81119000
2025-12-26T00:00:00Z,87225.27000000,89567.75000000,86891.70000000,88470.75000000,8119.10186000
2025-12-26T08:00:00Z,88470.75000000,89050.00000000,86655.08000000,87137.81000000,7182.69983000
2025-12-26T16:00:00Z,87137.81000000,87792.70000000,86818.18000000,87369.56000000,3042.81336000
2025-12-27T00:00:00Z,87369.56000000,87702.00000000,87253.05000000,87539.26000000,1190.70369000
2025-12-27T08:00:00Z,87539.26000000,87677.00000000,87308.05000000,87551.25000000,1827.14517000
2025-12-27T16:00:00Z,87551.26000000,87984.00000000,87442.08000000,87877.01000000,1451.70270000
2025-12-28T00:00:00Z,87877.00000000,87961.37000000,87614.79000000,87730.85000000,1114.31675000
2025-12-28T08:00:00Z,87730.86000000,88088.75000000,87720.00000000,87836.27000000,1581.30038000
2025-12-28T16:00:00Z,87836.27000000,88049.53000000,87435.00000000,87952.71000000,1750.67572000
2025-12-29T00:00:00Z,87952.71000000,90406.08000000,87813.17000000,89617.71000000,8262.04382000
2025-12-29T08:00:00Z,89617.71000000,89825.01000000,86806.50000000,87691.62000000,8787.12084000
2025-12-29T16:00:00Z,87691.62000000,87996.22000000,87071.49000000,87237.13000000,2845.82109000
2025-12-30T00:00:00Z,87237.13000000,87600.00000000,86845.66000000,87502.85000000,2598.16142000
2025-12-30T08:00:00Z,87502.85000000,89159.52000000,87502.84000000,89016.35000000,6350.69612000
2025-12-30T16:00:00Z,89016.36000000,89400.00000000,87886.46000000,88485.49000000,4157.05247000
2025-12-31T00:00:00Z,88485.50000000,88819.80000000,88172.15000000,88613.12000000,2104.39259000
2025-12-31T08:00:00Z,88613.11000000,89200.00000000,87766.59000000,87953.97000000,4936.52359000
2025-12-31T16:00:00Z,87953.97000000,88053.49000000,87250.00000000,87648.22000000,4517.70429000
2026-01-01T00:00:00Z,87648.21000000,88088.10000000,87550.43000000,87631.88000000,1942.26897000
2026-01-01T08:00:00Z,87631.88000000,88113.45000000,87631.87000000,88032.18000000,1825.71697000
2026-01-01T16:00:00Z,88032.17000000,88919.45000000,87879.03000000,88839.04000000,2511.58539000
2026-01-02T00:00:00Z,88839.05000000,89120.01000000,88379.88000000,88857.61000000,2805.37856000
2026-01-02T08:00:00Z,88857.60000000,90135.00000000,88459.96000000,89418.11000000,7908.40991000
2026-01-02T16:00:00Z,89418.10000000,90961.81000000,89205.92000000,89995.13000000,6683.18454000
2026-01-03T00:00:00Z,89995.14000000,90480.62000000,89314.01000000,89577.13000000,2803.61089000
2026-01-03T08:00:00Z,89577.13000000,90249.99000000,89420.75000000,89969.31000000,2416.26036000
2026-01-03T16:00:00Z,89969.31000000,90741.16000000,89918.59000000,90628.01000000,1837.59591000
2026-01-04T00:00:00Z,90628.01000000,91810.00000000,90628.00000000,91532.00000000,4553.09830000
2026-01-04T08:00:00Z,91532.00000000,91620.50000000,91014.10000000,91334.94000000,3912.57740000
2026-01-04T16:00:00Z,91334.94000000,91590.00000000,90863.47000000,91529.73000000,1960.85400000
2026-01-05T00:00:00Z,91529.74000000,93388.00000000,91514.81000000,92520.63000000,7387.42941000
2026-01-05T08:00:00Z,92520.63000000,94000.00000000,92320.17000000,93957.73000000,6722.28470000
2026-01-05T16:00:00Z,93957.74000000,94789.08000000,93250.00000000,93859.71000000,6563.88173000
2026-01-06T00:00:00Z,93859.71000000,94161.86000000,93137.98000000,93255.08000000,3565.34156000
2026-01-06T08:00:00Z,93255.08000000,94444.44000000,93167.29000000,93648.99000000,5107.89363000
2026-01-06T16:00:00Z,93649.00000000,93845.03000000,91262.94000000,93747.97000000,9873.18310000
2026-01-07T00:00:00Z,93747.97000000,93747.97000000,92236.07000000,92879.13000000,3716.78876000
2026-01-07T08:00:00Z,92879.14000000,92961.53000000,91024.00000000,91349.96000000,6225.12522000
2026-01-07T16:00:00Z,91349.95000000,91790.00000000,90675.52000000,91364.16000000,4334.57627000
2026-01-08T00:00:00Z,91364.16000000,91687.99000000,89641.84000000,90548.02000000,4902.61835000
2026-01-08T08:00:00Z,90548.02000000,90917.22000000,89311.00000000,90781.57000000,6815.53959000
2026-01-08T16:00:00Z,90781.57000000,91493.00000000,90312.89000000,91099.99000000,4414.63323000
2026-01-09T00:00:00Z,91100.00000000,91632.10000000,90738.34000000,90741.84000000,3067.42456000
2026-01-09T08:00:00Z,90741.85000000,92082.55000000,89694.66000000,91176.47000000,8281.08433000
2026-01-09T16:00:00Z,91176.48000000,91783.32000000,90113.87000000,90641.28000000,4241.77050000
2026-01-10T00:00:00Z,90641.27000000,90782.23000000,90408.23000000,90678.50000000,1020.61616000
2026-01-10T08:00:00Z,90678.50000000,90832.00000000,90538.46000000,90665.75000000,1061.87795000
2026-01-10T16:00:00Z,90665.76000000,90746.00000000,90404.00000000,90504.70000000,1021.62311000
2026-01-11T00:00:00Z,90504.70000000,90850.00000000,90451.10000000,90710.79000000,1010.72381000
2026-01-11T08:00:00Z,90710.80000000,91191.50000000,90610.27000000,90875.79000000,1838.40430000
2026-01-11T16:00:00Z,90875.79000000,91283.89000000,90236.00000000,91013.65000000,2628.00783000
2026-01-12T00:00:00Z,91013.66000000,92519.95000000,90700.29000000,91408.09000000,5492.70263000
2026-01-12T08:00:00Z,91408.09000000,91665.00000000,90128.44000000,91665.00000000,5665.21199000
2026-01-12T16:00:00Z,91664.99000000,92332.00000000,90938.20000000,91296.20000000,5030.16806000
2026-01-13T00:00:00Z,91296.20000000,92275.38000000,91042.66000000,91942.00000000,3881.11468000
2026-01-13T08:00:00Z,91941.99000000,93450.00000000,91787.61000000,93449.99000000,6882.11219000
2026-01-13T16:00:00Z,93449.99000000,96495.00000000,93078.31000000,95414.00000000,12258.28795000
2026-01-14T00:00:00Z,95413.99000000,95799.22000000,94559.28000000,95205.10000000,5255.53412000
2026-01-14T08:00:00Z,95205.11000000,97084.68000000,94680.67000000,96764.57000000,7787.66012000
2026-01-14T16:00:00Z,96764.57000000,97924.49000000,96246.56000000,96951.78000000,9808.70004000
2026-01-15T00:00:00Z,96951.78000000,97000.00000000,95777.00000000,96630.48000000,4877.97455000
2026-01-15T08:00:00Z,96630.47000000,97193.34000000,95435.91000000,96737.04000000,7611.52550000
2026-01-15T16:00:00Z,96737.04000000,97163.00000000,95134.48000000,95604.80000000,9236.31364000
2026-01-16T00:00:00Z,95604.81000000,95855.12000000,95133.03000000,95653.16000000,3502.06710000
2026-01-16T08:00:00Z,95653.16000000,95871.47000000,94293.46000000,94585.98000000,4628.52077000
2026-01-16T16:00:00Z,94585.99000000,95600.00000000,94508.00000000,95550.94000000,3037.12673000
2026-01-17T00:00:00Z,95550.94000000,95578.20000000,95041.70000000,95101.67000000,1079.51723000
2026-01-17T08:00:00Z,95101.67000000,95639.45000000,95021.67000000,95573.64000000,2065.83030000
2026-01-17T16:00:00Z,95573.65000000,95576.14000000,95050.00000000,95147.77000000,1135.45384000
2026-01-18T00:00:00Z,95147.77000000,95260.00000000,94876.33000000,95028.27000000,1426.32716000
2026-01-18T08:00:00Z,95028.27000000,95376.24000000,94910.00000000,95119.28000000,2137.18504000
2026-01-18T16:00:00Z,95119.27000000,95531.12000000,93615.40000000,93673.14000000,3331.66599000
2026-01-19T00:00:00Z,93673.14000000,93673.14000000,91910.20000000,92841.62000000,7853.77957000
2026-01-19T08:00:00Z,92841.62000000,93368.44000000,92700.00000000,93068.62000000,3707.81055000
2026-01-19T16:00:00Z,93068.62000000,93420.00000000,92158.48000000,92631.00000000,2733.93735000
2026-01-20T00:00:00Z,92630.99000000,92870.00000000,90771.78000000,91177.98000000,5908.27396000
2026-01-20T08:00:00Z,91177.99000000,91442.88000000,89859.06000000,90684.95000000,7292.43685000
2026-01-20T16:00:00Z,90684.95000000,90974.49000000,87895.98000000,88427.66000000,8806.61529000
2026-01-21T00:00:00Z,88427.66000000,90120.44000000,88250.00000000,89213.95000000,5030.17913000
2026-01-21T08:00:00Z,89213.96000000,90574.00000000,88196.72000000,90288.04000000,6695.13036000
2026-01-21T16:00:00Z,90288.04000000,90450.00000000,87263.53000000,89454.73000000,8892.19423000
2026-01-22T00:00:00Z,89454.73000000,90359.99000000,89454.72000000,89818.79000000,2775.48191000
2026-01-22T08:00:00Z,89818.79000000,90340.00000000,88515.37000000,89000.01000000,4638.16304000
2026-01-22T16:00:00Z,89000.00000000,89946.13000000,88676.95000000,89559.67000000,3411.85997000
2026-01-23T00:00:00Z,89559.68000000,90088.94000000,89400.00000000,89549.45000000,2873.85863000
2026-01-23T08:00:00Z,89549.45000000,89865.53000000,88578.36000000,89761.61000000,4829.62096000
2026-01-23T16:00:00Z,89761.61000000,91224.99000000,89200.68000000,89600.26000000,6215.00960000
2026-01-24T00:00:00Z,89600.26000000,89957.39000000,89424.39000000,89620.10000000,1715.92369000
2026-01-24T08:00:00Z,89620.11000000,89686.43000000,89171.75000000,89275.77000000,1530.51095000
2026-01-24T16:00:00Z,89275.77000000,89489.84000000,89162.08000000,89225.34000000,980.13273000
2026-01-25T00:00:00Z,89225.34000000,89319.13000000,88635.84000000,88659.99000000,2314.86566000
2026-01-25T08:00:00Z,88659.99000000,88971.89000000,88136.00000000,88446.50000000,2548.01925000
2026-01-25T16:00:00Z,88446.51000000,88448.85000000,86074.72000000,86670.36000000,9563.33528000
2026-01-26T00:00:00Z,86670.36000000,88074.48000000,86509.63000000,88000.64000000,7564.22905000
2026-01-26T08:00:00Z,88000.64000000,88860.00000000,87325.03000000,87641.41000000,6257.67295000
2026-01-26T16:00:00Z,87641.41000000,88659.09000000,87035.51000000,88347.08000000,3944.61253000
2026-01-27T00:00:00Z,88347.08000000,89010.00000000,88194.82000000,88320.41000000,3097.55690000
2026-01-27T08:00:00Z,88320.41000000,88474.23000000,87578.67000000,88047.46000000,3962.58258000
2026-01-27T16:00:00Z,88047.46000000,89523.16000000,87304.33000000,89250.00000000,6065.26477000
2026-01-28T00:00:00Z,89249.99000000,89497.96000000,88840.00000000,89134.35000000,2444.30944000
2026-01-28T08:00:00Z,89134.35000000,90488.00000000,88833.65000000,89479.66000000,7215.96066000
2026-01-28T16:00:00Z,89479.66000000,90600.00000000,88878.01000000,89299.99000000,4671.91492000
2026-01-29T00:00:00Z,89300.00000000,89348.00000000,87704.00000000,88352.97000000,4400.02099000
2026-01-29T08:00:00Z,88352.96000000,88500.00000000,84366.56000000,84934.02000000,12406.59490000
2026-01-29T16:00:00Z,84934.02000000,85638.30000000,83383.33000000,84650.16000000,13624.76612000
2026-01-30T00:00:00Z,84650.16000000,84735.75000000,81118.00000000,82816.98000000,17034.54135000
2026-01-30T08:00:00Z,82816.98000000,83797.99000000,82160.00000000,82883.94000000,8006.95664000
2026-01-30T16:00:00Z,82882.84000000,84621.16000000,81871.37000000,84260.49000000,10154.34994000
2026-01-31T00:00:00Z,84260.50000000,84270.02000000,83404.67000000,83546.81000000,3077.28528000
2026-01-31T08:00:00Z,83546.82000000,83629.08000000,80825.76000000,81302.15000000,9220.61821000
2026-01-31T16:00:00Z,81302.16000000,82200.00000000,75719.90000000,78741.09000000,27193.98784000
2026-02-01T00:00:00Z,78741.10000000,79424.00000000,77967.69000000,78343.00000000,6821.53604000
2026-02-01T08:00:00Z,78343.00000000,79220.72000000,76761.98000000,77593.40000000,7257.93845000
2026-02-01T16:00:00Z,77593.40000000,78443.10000000,75700.00000000,76968.21000000,11316.00719000
2026-02-02T00:00:00Z,76968.22000000,78231.26000000,74604.00000000,76660.79000000,21018.16416000
2026-02-02T08:00:00Z,76660.78000000,79360.00000000,76628.28000000,78850.06000000,13174.32563000
2026-02-02T16:00:00Z,78850.06000000,79288.28000000,77888.00000000,78738.61000000,8081.10037000
2026-02-03T00:00:00Z,78738.60000000,79186.81000000,77644.09000000,78794.67000000,6899.37635000
2026-02-03T08:00:00Z,78794.67000000,79084.29000000,77055.54000000,78132.33000000,8338.59285000
2026-02-03T16:00:00Z,78132.34000000,78134.53000000,72945.50000000,75770.21000000,23882.13969000
2026-02-04T00:00:00Z,75770.21000000,76971.52000000,75467.22000000,76514.30000000,6410.73371000
2026-02-04T08:00:00Z,76514.30000000,76607.69000000,73794.11000000,74136.36000000,11865.60611000
2026-02-04T16:00:00Z,74136.48000000,74249.83000000,71888.00000000,73165.83000000,20099.02018000
2026-02-05T00:00:00Z,73165.84000000,73341.18000000,70140.00000000,70756.85000000,21585.44125000
2026-02-05T08:00:00Z,70756.86000000,71978.58000000,66720.15000000,67489.07000000,34597.59721000
2026-02-05T16:00:00Z,67489.08000000,68681.81000000,62345.00000000,62909.86000000,50115.79053000
2026-02-06T00:00:00Z,62909.87000000,66826.50000000,60000.00000000,64856.00000000,42184.76654000
2026-02-06T08:00:00Z,64856.00000000,69192.00000000,64500.00000000,68626.00000000,27259.67050000
2026-02-06T16:00:00Z,68625.99000000,71751.33000000,68428.19000000,70580.26000000,23094.77827000
2026-02-07T00:00:00Z,70580.26000000,71690.07000000,67300.00000000,68087.14000000,17959.09530000
2026-02-07T08:00:00Z,68087.13000000,69999.99000000,67582.48000000,69151.50000000,17979.85613000
2026-02-07T16:00:00Z,69151.50000000,69898.00000000,68531.50000000,69289.38000000,8316.52893000
2026-02-08T00:00:00Z,69289.37000000,69719.07000000,68888.00000000,69710.69000000,4904.58078000
2026-02-08T08:00:00Z,69710.69000000,71554.95000000,69514.15000000,71188.99000000,8968.53279000
2026-02-08T16:00:00Z,71188.99000000,72271.41000000,70000.00000000,70330.38000000,7547.41811000
2026-02-09T00:00:00Z,70330.38000000,71453.53000000,70068.18000000,70422.59000000,6951.91981000
2026-02-09T08:00:00Z,70422.59000000,70608.83000000,68308.00000000,69563.37000000,12972.68554000
2026-02-09T16:00:00Z,69563.37000000,71126.00000000,69100.00000000,70138.00000000,9228.12307000
2026-02-10T00:00:00Z,70138.00000000,70527.59000000,68682.00000000,68919.66000000,5603.11551000
2026-02-10T08:00:00Z,68919.66000000,69591.20000000,67800.00000000,69293.37000000,9432.57735000
2026-02-10T16:00:00Z,69293.37000000,69993.65000000,68362.00000000,68841.29000000,5338.07786000
2026-02-11T00:00:00Z,68841.28000000,69292.88000000,66557.99000000,67032.72000000,7093.26051000
2026-02-11T08:00:00Z,67032.71000000,68834.34000000,65756.00000000,66519.73000000,13062.67145000
2026-02-11T16:00:00Z,66519.72000000,68369.77000000,65876.00000000,67082.52000000,8562.31406000
2026-02-12T00:00:00Z,67082.52000000,68047.48000000,66670.45000000,67217.72000000,4811.57226000
2026-02-12T08:00:00Z,67217.71000000,68410.52000000,66891.60000000,67134.74000000,8492.29846000
2026-02-12T16:00:00Z,67134.74000000,67232.04000000,65118.00000000,66272.17000000,10967.87211000
2026-02-13T00:00:00Z,66272.17000000,66814.00000000,65872.46000000,66208.96000000,5011.81210000
2026-02-13T08:00:00Z,66208.96000000,69309.80000000,66191.52000000,68692.12000000,9088.13570000
2026-02-13T16:00:00Z,68692.12000000,69482.97000000,68540.83000000,68853.96000000,6144.60175000
2026-02-14T00:00:00Z,68853.97000000,69343.00000000,68730.13000000,69219.26000000,3480.30382000
2026-02-14T08:00:00Z,69219.27000000,70560.01000000,69064.60000000,69778.28000000,10634.59833000
2026-02-14T16:00:00Z,69778.28000000,70250.46000000,69283.02000000,69822.95000000,3999.88178000
2026-02-15T00:00:00Z,69822.94000000,70926.42000000,69251.50000000,70828.42000000,6512.08551000
2026-02-15T08:00:00Z,70828.43000000,70983.00000000,68772.20000000,69099.99000000,5925.81942000
2026-02-15T16:00:00Z,69100.00000000,69100.00000000,68000.00000000,68832.58000000,9852.14715000
2026-02-16T00:00:00Z,68832.59000000,69065.50000000,68143.22000000,68587.90000000,3178.95914000
2026-02-16T08:00:00Z,68587.89000000,70126.67000000,67294.11000000,67539.52000000,8172.66666000
2026-02-16T16:00:00Z,67539.53000000,68978.88000000,67513.94000000,68892.43000000,4164.13954000
2026-02-17T00:00:00Z,68892.43000000,69241.50000000,67892.00000000,68388.12000000,3477.99895000
2026-02-17T08:00:00Z,68388.12000000,68479.17000000,66621.06000000,67392.05000000,7664.72515000
2026-02-17T16:00:00Z,67392.06000000,68235.39000000,66881.08000000,67503.52000000,5346.34511000
2026-02-18T00:00:00Z,67503.52000000,68219.81000000,66892.03000000,68106.44000000,2660.70720000
2026-02-18T08:00:00Z,68106.44000000,68476.22000000,66717.30000000,67694.01000000,6252.29153000
2026-02-18T16:00:00Z,67694.01000000,67706.94000000,65870.00000000,66461.00000000,6579.43966000
2026-02-19T00:00:00Z,66461.00000000,67320.00000000,66345.00000000,67206.45000000,2930.39280000
2026-02-19T08:00:00Z,67206.45000000,67206.45000000,65631.83000000,66398.00000000,6330.92953000
2026-02-19T16:00:00Z,66398.01000000,67198.10000000,65899.25000000,67003.73000000,5280.94755000
2026-02-20T00:00:00Z,67003.73000000,68006.00000000,66949.41000000,67825.91000000,3884.39941000
2026-02-20T08:00:00Z,67825.91000000,68318.39000000,66280.20000000,67582.95000000,19503.08611000
2026-02-20T16:00:00Z,67582.95000000,68233.99000000,66952.11000000,68020.01000000,11964.38539000
2026-02-21T00:00:00Z,68020.00000000,68099.54000000,67534.69000000,67856.01000000,2298.32758000
2026-02-21T08:00:00Z,67856.01000000,68698.70000000,67807.30000000,68615.00000000,3202.80308000
2026-02-21T16:00:00Z,68615.01000000,68658.50000000,67900.00000000,67975.93000000,2531.71065000
2026-02-22T00:00:00Z,67975.93000000,68222.16000000,67809.78000000,68005.30000000,2038.27402000
2026-02-22T08:00:00Z,68005.30000000,68245.00000000,67303.50000000,67684.14000000,3264.37468000
2026-02-22T16:00:00Z,67684.15000000,67751.44000000,67190.00000000,67643.40000000,2872.48614000
2026-02-23T00:00:00Z,67643.39000000,67684.86000000,64290.71000000,65958.94000000,15142.49227000
2026-02-23T08:00:00Z,65958.94000000,66600.00000000,65529.73000000,65660.10000000,6990.34101000
2026-02-23T16:00:00Z,65660.10000000,65724.28000000,63888.79000000,64656.02000000,10943.07595000
2026-02-24T00:00:00Z,64656.01000000,65026.75000000,62700.80000000,63192.96000000,9692.65362000
2026-02-24T08:00:00Z,63192.79000000,64031.76000000,62510.28000000,63973.97000000,7774.24758000
2026-02-24T16:00:00Z,63973.98000000,64743.11000000,63689.54000000,64058.15000000,5635.93502000
2026-02-25T00:00:00Z,64058.15000000,66310.00000000,63913.27000000,65028.30000000,7819.64246000
2026-02-25T08:00:00Z,65028.30000000,67578.00000000,64955.79000000,67412.33000000,9877.73503000
2026-02-25T16:00:00Z,67412.32000000,69988.83000000,67404.00000000,67988.04000000,13052.61510000
2026-02-26T00:00:00Z,67988.04000000,68860.00000000,67727.52000000,67825.04000000,5528.62652000
2026-02-26T08:00:00Z,67825.05000000,68722.64000000,66761.16000000,67382.00000000,8474.81267000
2026-02-26T16:00:00Z,67382.00000000,67903.12000000,66500.00000000,67485.18000000,6734.33873000
2026-02-27T00:00:00Z,67485.19000000,68216.80000000,66885.00000000,67690.60000000,5185.10718000
2026-02-27T08:00:00Z,67690.60000000,68149.93000000,65649.34000000,66095.40000000,10399.63364000
2026-02-27T16:00:00Z,66095.40000000,66121.03000000,64914.46000000,65872.10000000,5643.84342000
2026-02-28T00:00:00Z,65872.09000000,66025.52000000,63030.00000000,63826.00000000,6960.65857000
2026-02-28T08:00:00Z,63825.99000000,65360.51000000,63372.10000000,64841.18000000,9020.80622000
2026-02-28T16:00:00Z,64841.17000000,67760.00000000,64681.81000000,66973.26000000,6567.25170000
2026-03-01T00:00:00Z,66973.26000000,68199.99000000,66042.72000000,67141.39000000,7857.75762000
2026-03-01T08:00:00Z,67141.40000000,67360.57000000,66132.27000000,66842.42000000,6890.95300000
2026-03-01T16:00:00Z,66842.42000000,67112.37000000,65056.00000000,65776.47000000,8453.14797000
2026-03-02T00:00:00Z,65776.48000000,67079.00000000,65542.60000000,66007.52000000,6551.05369000
2026-03-02T08:00:00Z,66007.80000000,69617.74000000,65259.21000000,69130.20000000,15193.37877000
2026-03-02T16:00:00Z,69130.20000000,70096.00000000,68576.18000000,68830.06000000,10265.95185000
2026-03-03T00:00:00Z,68830.06000000,69258.08000000,67800.00000000,68172.80000000,5699.21007000
2026-03-03T08:00:00Z,68172.79000000,68311.83000000,66158.00000000,67725.81000000,11526.04792000
2026-03-03T16:00:00Z,67725.82000000,68999.00000000,67473.09000000,68338.00000000,7746.98381000
2026-03-04T00:00:00Z,68338.01000000,69668.00000000,67400.00000000,69493.13000000,8903.70419000
2026-03-04T08:00:00Z,69493.14000000,73479.75000000,69098.91000000,73396.88000000,23524.34121000
2026-03-04T16:00:00Z,73396.87000000,74050.00000000,72313.04000000,72666.77000000,12491.03070000
2026-03-05T00:00:00Z,72666.77000000,73306.82000000,71759.95000000,72055.50000000,7468.98941000
2026-03-05T08:00:00Z,72055.50000000,73558.15000000,71168.65000000,71652.77000000,11869.93867000
2026-03-05T16:00:00Z,71652.77000000,71654.65000000,70645.47000000,70890.72000000,7251.58445000
2026-03-06T00:00:00Z,70891.02000000,71419.98000000,70143.19000000,71056.44000000,6120.24374000
2026-03-06T08:00:00Z,71056.44000000,71067.58000000,68176.47000000,68504.71000000,10995.51360000
2026-03-06T16:00:00Z,68504.71000000,68795.44000000,67744.78000000,68114.02000000,5514.12988000
2026-03-07T00:00:00Z,68114.02000000,68551.04000000,67446.41000000,67842.67000000,4110.39433000
2026-03-07T08:00:00Z,67842.67000000,68232.27000000,67609.44000000,67877.45000000,3218.47152000
2026-03-07T16:00:00Z,67877.45000000,67935.01000000,66915.26000000,67262.91000000,5390.67730000
2026-03-08T00:00:00Z,67262.91000000,67481.96000000,66547.15000000,67319.91000000,5749.53756000
2026-03-08T08:00:00Z,67319.90000000,68200.00000000,66761.68000000,67218.23000000,7767.88824000
2026-03-08T16:00:00Z,67218.23000000,67609.08000000,65618.49000000,65971.20000000,8076.21321000
2026-03-09T00:00:00Z,65971.20000000,68069.29000000,65821.97000000,67555.13000000,9050.35822000
2026-03-09T08:00:00Z,67555.13000000,69480.00000000,67344.45000000,68863.66000000,11908.55782000
2026-03-09T16:00:00Z,68863.67000000,69516.65000000,68179.12000000,68432.16000000,7937.80526000
2026-03-10T00:00:00Z,68432.16000000,70578.29000000,68391.41000000,70406.01000000,10221.85465000
2026-03-10T08:00:00Z,70406.01000000,71777.00000000,69266.06000000,71346.16000000,13270.62478000
2026-03-10T16:00:00Z,71346.17000000,71700.00000000,69452.42000000,69948.63000000,9110.09783000
2026-03-11T00:00:00Z,69948.64000000,70281.87000000,69420.00000000,69648.29000000,7483.01261000
2026-03-11T08:00:00Z,69648.28000000,71091.18000000,68977.91000000,70227.91000000,11328.16673000
2026-03-11T16:00:00Z,70227.92000000,71321.00000000,70125.83000000,70191.86000000,8438.09608000
2026-03-12T00:00:00Z,70191.86000000,70353.87000000,69205.91000000,69826.19000000,5298.14739000
2026-03-12T08:00:00Z,69826.19000000,70800.00000000,69355.34000000,70334.88000000,10746.86053000
2026-03-12T16:00:00Z,70334.89000000,70734.25000000,69770.85000000,70541.34000000,5952.15258000
2026-03-13T00:00:00Z,70541.34000000,72000.00000000,70386.01000000,71612.22000000,9937.33150000
2026-03-13T08:00:00Z,71612.23000000,73913.74000000,71385.28000000,71831.46000000,17408.99014000
2026-03-13T16:00:00Z,71831.46000000,72249.99000000,70559.02000000,70930.00000000,8650.29514000
2026-03-14T00:00:00Z,70930.01000000,71307.92000000,70317.00000000,70596.68000000,6443.03593000
2026-03-14T08:00:00Z,70596.68000000,70941.17000000,70389.08000000,70580.09000000,5032.53606000
2026-03-14T16:00:00Z,70580.09000000,71253.17000000,70500.00000000,71211.95000000,1541.67538000
2026-03-15T00:00:00Z,71211.95000000,71800.68000000,70858.82000000,71453.59000000,4969.25820000
2026-03-15T08:00:00Z,71453.59000000,71940.49000000,71263.99000000,71481.24000000,4265.49490000
2026-03-15T16:00:00Z,71481.24000000,73199.00000000,71320.08000000,72815.24000000,4802.55394000
2026-03-16T00:00:00Z,72815.25000000,74451.03000000,72270.41000000,73456.68000000,10830.38205000
2026-03-16T08:00:00Z,73456.69000000,74509.52000000,72888.80000000,73274.76000000,9557.35383000
2026-03-16T16:00:00Z,73274.75000000,74909.08000000,73160.66000000,74884.67000000,8021.79431000
2026-03-17T00:00:00Z,74884.67000000,76000.00000000,73784.00000000,74249.32000000,11844.13585000
2026-03-17T08:00:00Z,74249.32000000,74893.94000000,73399.19000000,73914.39000000,7530.39991000
2026-03-17T16:00:00Z,73914.40000000,74800.00000000,73855.24000000,73909.36000000,5146.73060000
2026-03-18T00:00:00Z,73909.37000000,74672.34000000,73535.36000000,73883.80000000,4513.05567000
2026-03-18T08:00:00Z,73883.80000000,74281.33000000,70857.21000000,71467.82000000,11812.47448000
2026-03-18T16:00:00Z,71467.82000000,72000.50000000,70500.00000000,71246.54000000,7067.35078000
2026-03-19T00:00:00Z,71246.55000000,71613.79000000,69478.51000000,70191.17000000,6920.77896000
2026-03-19T08:00:00Z,70191.16000000,70560.91000000,68793.35000000,69412.51000000,10141.57343000
2026-03-19T16:00:00Z,69412.52000000,70695.60000000,69122.03000000,69930.00000000,5302.46580000
2026-03-20T00:00:00Z,69930.01000000,70969.71000000,69837.10000000,70854.66000000,5032.98165000
2026-03-20T08:00:00Z,70854.66000000,71367.00000000,69480.00000000,69860.09000000,7828.05159000
2026-03-20T16:00:00Z,69860.09000000,70923.75000000,69388.00000000,70510.73000000,5260.13421000
2026-03-21T00:00:00Z,70510.73000000,70879.76000000,70431.67000000,70727.33000000,3911.57036000
2026-03-21T08:00:00Z,70727.33000000,71100.94000000,70453.09000000,70630.02000000,3689.48340000
2026-03-21T16:00:00Z,70630.02000000,70652.64000000,68571.42000000,68918.12000000,5796.11374000
2026-03-22T00:00:00Z,68918.12000000,69588.79000000,68228.50000000,68919.38000000,5908.41626000
2026-03-22T08:00:00Z,68919.37000000,69005.71000000,68110.55000000,68847.96000000,4391.10392000
2026-03-22T16:00:00Z,68847.97000000,68885.53000000,67360.66000000,67859.00000000,4544.26664000
2026-03-23T00:00:00Z,67859.00000000,68915.40000000,67445.18000000,68333.16000000,7310.01686000
2026-03-23T08:00:00Z,68333.16000000,71817.09000000,67916.14000000,70131.48000000,16509.03247000
2026-03-23T16:00:00Z,70131.48000000,71246.01000000,70131.47000000,70906.45000000,4516.04186000
2026-03-24T00:00:00Z,70906.45000000,71400.00000000,70119.06000000,71291.70000000,5968.44121000
2026-03-24T08:00:00Z,71291.70000000,71368.61000000,69507.34000000,69873.04000000,8061.06383000
2026-03-24T16:00:00Z,69873.04000000,70832.54000000,68923.07000000,70556.74000000,6672.91740000
2026-03-25T00:00:00Z,70556.74000000,71345.00000000,70408.00000000,70926.88000000,5383.67537000
2026-03-25T08:00:00Z,70926.88000000,72026.09000000,70530.47000000,70832.99000000,7497.99698000
2026-03-25T16:00:00Z,70832.99000000,71752.88000000,70646.34000000,71336.53000000,4837.82831000
2026-03-26T00:00:00Z,71336.53000000,71436.82000000,69805.00000000,70087.44000000,5591.12322000
2026-03-26T08:00:00Z,70087.44000000,70144.44000000,68632.40000000,69082.64000000,8021.58395000
2026-03-26T16:00:00Z,69082.64000000,69478.42000000,68153.00000000,68820.31000000,7207.75051000
2026-03-27T00:00:00Z,68820.31000000,69179.05000000,68304.14000000,68540.48000000,6649.03939000
2026-03-27T08:00:00Z,68540.49000000,68635.07000000,65730.17000000,66112.82000000,15599.00395000
2026-03-27T16:00:00Z,66112.82000000,66420.75000000,65548.25000000,66407.28000000,6355.65223000
2026-03-28T00:00:00Z,66407.28000000,66573.61000000,65932.09000000,66561.48000000,4661.24846000
2026-03-28T08:00:00Z,66561.49000000,67288.94000000,66124.40000000,67014.91000000,4598.85807000
2026-03-28T16:00:00Z,67014.92000000,67096.77000000,66283.38000000,66377.03000000,2202.29194000
2026-03-29T00:00:00Z,66377.04000000,67130.50000000,66281.40000000,66671.00000000,2887.01544000
2026-03-29T08:00:00Z,66671.00000000,66988.01000000,66334.37000000,66523.00000000,2521.21851000
2026-03-29T16:00:00Z,66523.01000000,66793.83000000,65000.00000000,66010.93000000,4644.62189000
2026-03-30T00:00:00Z,66010.93000000,67800.00000000,65800.59000000,67624.39000000,6444.59758000
2026-03-30T08:00:00Z,67624.39000000,68169.65000000,67088.73000000,67629.40000000,7561.01619000
2026-03-30T16:00:00Z,67629.40000000,67641.65000000,66233.13000000,66797.37000000,4347.77598000
2026-03-31T00:00:00Z,66797.38000000,68408.37000000,66544.51000000,67367.69000000,6834.64028000
2026-03-31T08:00:00Z,67367.70000000,67767.87000000,65998.05000000,66736.80000000,8325.18005000
2026-03-31T16:00:00Z,66736.79000000,68589.49000000,66729.28000000,68284.48000000,6945.58629000
2026-04-01T00:00:00Z,68284.49000000,69310.00000000,67578.75000000,68692.00000000,7483.84687000
2026-04-01T08:00:00Z,68692.00000000,68965.00000000,67918.83000000,68918.52000000,7578.70025000
2026-04-01T16:00:00Z,68918.52000000,69171.77000000,67939.28000000,68113.92000000,3957.64278000
2026-04-02T00:00:00Z,68113.92000000,68653.38000000,66217.07000000,66930.79000000,7284.90699000
2026-04-02T08:00:00Z,66930.79000000,67104.86000000,65712.12000000,66852.91000000,7823.63595000
2026-04-02T16:00:00Z,66852.91000000,67430.99000000,66596.80000000,66901.99000000,5094.93622000
2026-04-03T00:00:00Z,66901.99000000,67247.38000000,66282.00000000,67042.08000000,5081.79588000
2026-04-03T08:00:00Z,67042.08000000,67370.42000000,66508.10000000,66827.15000000,3798.58794000
2026-04-03T16:00:00Z,66827.15000000,67069.00000000,66751.86000000,66964.30000000,2548.74749000
2026-04-04T00:00:00Z,66964.29000000,67052.99000000,66775.91000000,67014.96000000,2531.48404000
2026-04-04T08:00:00Z,67014.95000000,67562.93000000,66918.00000000,67383.66000000,2854.61512000
2026-04-04T16:00:00Z,67383.66000000,67543.60000000,67186.62000000,67300.42000000,1987.41697000
2026-04-05T00:00:00Z,67300.42000000,67307.28000000,66611.66000000,66820.64000000,3120.29836000
2026-04-05T08:00:00Z,66820.64000000,67856.16000000,66680.57000000,67306.64000000,3798.84425000
2026-04-05T16:00:00Z,67306.65000000,69136.20000000,67173.40000000,69034.18000000,4814.32491000
2026-04-06T00:00:00Z,69034.18000000,69588.00000000,68776.61000000,69115.91000000,7317.74282000
2026-04-06T08:00:00Z,69115.91000000,70283.32000000,69081.88000000,69968.87000000,7408.40671000
2026-04-06T16:00:00Z,69968.87000000,70351.46000000,68300.00000000,68853.66000000,5555.46091000
2026-04-07T00:00:00Z,68853.66000000,69128.20000000,68273.34000000,68624.61000000,4245.95140000
2026-04-07T08:00:00Z,68624.60000000,69247.90000000,67732.01000000,68168.10000000,6314.87970000
2026-04-07T16:00:00Z,68168.11000000,72761.00000000,68085.01000000,71924.22000000,13189.66551000
2026-04-08T00:00:00Z,71924.22000000,72110.65000000,71240.99000000,71627.59000000,6668.02081000
2026-04-08T08:00:00Z,71627.59000000,72857.00000000,70707.23000000,71310.00000000,9030.68869000
2026-04-08T16:00:00Z,71309.99000000,71963.94000000,70901.89000000,71069.93000000,4103.97677000
2026-04-09T00:00:00Z,71069.93000000,71198.80000000,70466.00000000,70982.01000000,4906.68053000
2026-04-09T08:00:00Z,70982.01000000,72358.00000000,70522.77000000,72141.99000000,5827.08500000
2026-04-09T16:00:00Z,72142.00000000,73145.00000000,71585.25000000,71787.97000000,7424.65606000
2026-04-10T00:00:00Z,71787.98000000,72387.00000000,71428.00000000,71481.85000000,5000.14279000
2026-04-10T08:00:00Z,71481.85000000,73289.96000000,71426.15000000,72460.51000000,6659.08529000
2026-04-10T16:00:00Z,72460.52000000,73434.00000000,72387.41000000,72962.70000000,5713.40480000
2026-04-11T00:00:00Z,72962.71000000,73094.89000000,72612.16000000,72745.38000000,3069.59357000
2026-04-11T08:00:00Z,72745.38000000,72982.40000000,72513.09000000,72858.17000000,2038.87706000
2026-04-11T16:00:00Z,72858.18000000,73790.00000000,72812.94000000,73043.16000000,3962.47311000
2026-04-12T00:00:00Z,73043.16000000,73137.24000000,71310.00000000,71665.00000000,6061.84636000
2026-04-12T08:00:00Z,71664.99000000,71805.85000000,70604.07000000,70892.03000000,4142.13790000
2026-04-12T16:00:00Z,70892.04000000,71452.00000000,70505.88000000,70740.98000000,3268.48375000
2026-04-13T00:00:00Z,70741.56000000,71271.78000000,70615.30000000,70813.88000000,4560.74869000
2026-04-13T08:00:00Z,70813.88000000,72464.28000000,70566.99000000,71866.59000000,6468.49388000
2026-04-13T16:00:00Z,71866.59000000,74900.00000000,71679.80000000,74417.99000000,13200.97368000
2026-04-14T00:00:00Z,74418.00000000,74924.64000000,73954.86000000,74546.00000000,6979.88266000
2026-04-14T08:00:00Z,74545.99000000,76038.00000000,74277.19000000,75317.07000000,12477.17572000
2026-04-14T16:00:00Z,75317.06000000,75688.00000000,73795.47000000,74131.55000000,7075.88618000
2026-04-15T00:00:00Z,74131.55000000,74786.72000000,73514.00000000,73730.43000000,5216.15597000
2026-04-15T08:00:00Z,73730.43000000,74506.84000000,73580.85000000,73844.08000000,4634.53433000
2026-04-15T16:00:00Z,73844.07000000,75425.00000000,73762.89000000,74809.99000000,4574.35137000
2026-04-16T00:00:00Z,74809.99000000,75267.85000000,74451.49000000,74707.03000000,4123.40371000
2026-04-16T08:00:00Z,74707.02000000,75030.39000000,73309.85000000,74697.19000000,7897.29729000
2026-04-16T16:00:00Z,74697.20000000,75534.76000000,73912.23000000,75154.29000000,5067.98677000
2026-04-17T00:00:00Z,75154.28000000,75154.77000000,74529.40000000,75074.77000000,3500.35983000
2026-04-17T08:00:00Z,75074.76000000,78052.49000000,74993.24000000,77785.02000000,16823.44153000
2026-04-17T16:00:00Z,77785.03000000,78333.00000000,76911.00000000,77072.00000000,5617.56558000
2026-04-18T00:00:00Z,77072.01000000,77420.08000000,76884.10000000,76997.80000000,2254.33614000
2026-04-18T08:00:00Z,76997.79000000,77048.00000000,75763.76000000,76167.34000000,4342.72961000
2026-04-18T16:00:00Z,76167.33000000,76211.57000000,75445.16000000,75691.76000000,2544.77881000
2026-04-19T00:00:00Z,75691.76000000,75847.42000000,74867.72000000,75252.34000000,2632.54987000
2026-04-19T08:00:00Z,75252.33000000,76240.66000000,74921.74000000,75846.63000000,4307.58508000
2026-04-19T16:00:00Z,75846.63000000,75853.26000000,73762.90000000,73801.79000000,4429.68737000
2026-04-20T00:00:00Z,73801.80000000,75572.00000000,73724.31000000,74837.17000000,4978.98973000
2026-04-20T08:00:00Z,74837.18000000,75772.72000000,74619.41000000,75716.77000000,5363.64137000
2026-04-20T16:00:00Z,75716.78000000,76558.62000000,75289.92000000,75840.97000000,6650.77924000
2026-04-21T00:00:00Z,75840.97000000,76300.00000000,75474.77000000,76084.34000000,3839.21833000
2026-04-21T08:00:00Z,76084.34000000,76927.57000000,75430.62000000,75834.65000000,6258.14117000
2026-04-21T16:00:00Z,75834.66000000,76425.37000000,74821.57000000,76336.15000000,4815.21182000
2026-04-22T00:00:00Z,76336.14000000,78452.18000000,76132.95000000,78012.79000000,7818.98211000
2026-04-22T08:00:00Z,78012.78000000,79400.00000000,77941.59000000,79272.90000000,7782.27453000
2026-04-22T16:00:00Z,79272.91000000,79472.82000000,78155.83000000,78178.23000000,4136.25561000
2026-04-23T00:00:00Z,78178.22000000,78574.44000000,77453.43000000,78048.62000000,5194.40295000
2026-04-23T08:00:00Z,78048.61000000,78662.50000000,77174.01000000,78376.76000000,6726.12741000
2026-04-23T16:00:00Z,78376.77000000,78509.82000000,76960.00000000,78257.48000000,5050.26465000
2026-04-24T00:00:00Z,78257.48000000,78581.93000000,77457.00000000,77644.60000000,4057.22133000
2026-04-24T08:00:00Z,77644.59000000,78479.37000000,77402.01000000,78038.62000000,5769.23972000
2026-04-24T16:00:00Z,78038.63000000,78060.29000000,77264.08000000,77437.13000000,2848.68210000
2026-04-25T00:00:00Z,77437.13000000,77711.87000000,77309.92000000,77501.19000000,1837.02578000
2026-04-25T08:00:00Z,77501.19000000,77885.35000000,77299.89000000,77330.26000000,1759.79373000
2026-04-25T16:00:00Z,77330.25000000,77650.00000000,77140.23000000,77625.00000000,2088.29469000
2026-04-26T00:00:00Z,77625.00000000,78200.00000000,77326.51000000,78102.53000000,2076.94477000
2026-04-26T08:00:00Z,78102.53000000,78210.00000000,77770.00000000,78049.00000000,1852.24088000
2026-04-26T16:00:00Z,78049.00000000,78961.00000000,77843.75000000,78657.55000000,4034.37597000
2026-04-27T00:00:00Z,78657.55000000,79485.66000000,77465.05000000,77606.60000000,6651.39243000
2026-04-27T08:00:00Z,77606.59000000,78265.34000000,76564.33000000,76793.09000000,5412.71891000
2026-04-27T16:00:00Z,76793.10000000,77450.00000000,76459.64000000,77371.32000000,3982.81284000
2026-04-28T00:00:00Z,77371.32000000,77478.00000000,76424.90000000,76879.28000000,4330.97602000
2026-04-28T08:00:00Z,76879.28000000,77013.63000000,75666.60000000,76066.38000000,6619.50421000
2026-04-28T16:00:00Z,76066.37000000,76481.30000000,75881.28000000,76342.77000000,2260.24360000
2026-04-29T00:00:00Z,76342.78000000,77455.71000000,76187.75000000,77053.64000000,4866.50434000
2026-04-29T08:00:00Z,77053.65000000,77904.93000000,75705.32000000,75924.25000000,7960.72998000
2026-04-29T16:00:00Z,75924.24000000,76274.80000000,74937.52000000,75780.00000000,5452.69590000
2026-04-30T00:00:00Z,75780.00000000,76473.26000000,75323.65000000,76161.67000000,3421.02622000
2026-04-30T08:00:00Z,76161.67000000,76669.14000000,75876.29000000,76473.60000000,5218.22980000
2026-04-30T16:00:00Z,76473.60000000,76568.90000000,76111.00000000,76346.57000000,1742.56005000
2026-05-01T00:00:00Z,76346.58000000,77453.74000000,76320.42000000,77130.54000000,4602.78236000
2026-05-01T08:00:00Z,77130.54000000,78914.12000000,77048.00000000,78445.89000000,8699.46875000
2026-05-01T16:00:00Z,78445.88000000,78683.23000000,77752.00000000,78231.13000000,4013.21391000
2026-05-02T00:00:00Z,78231.13000000,78514.82000000,78040.00000000,78220.00000000,2671.17510000
2026-05-02T08:00:00Z,78220.00000000,78487.68000000,78094.43000000,78487.67000000,1594.21384000
2026-05-02T16:00:00Z,78487.67000000,79199.48000000,78310.54000000,78686.85000000,1885.48748000
2026-05-03T00:00:00Z,78686.84000000,78754.55000000,78084.08000000,78363.25000000,1841.93292000
2026-05-03T08:00:00Z,78363.24000000,78878.77000000,78354.53000000,78668.36000000,2086.63144000
2026-05-03T16:00:00Z,78668.36000000,79447.00000000,78484.42000000,78568.57000000,3497.22854000
2026-05-04T00:00:00Z,78568.58000000,80635.51000000,78288.88000000,79696.75000000,8724.02568000
2026-05-04T08:00:00Z,79696.75000000,80545.17000000,78202.00000000,80028.85000000,11907.17815000
2026-05-04T16:00:00Z,80028.85000000,80776.99000000,79619.33000000,79861.01000000,5411.75752000
2026-05-05T00:00:00Z,79861.01000000,81323.52000000,79808.72000000,80855.59000000,5376.73440000
2026-05-05T08:00:00Z,80855.59000000,81712.32000000,80527.76000000,81525.19000000,7045.76395000
2026-05-05T16:00:00Z,81525.19000000,81791.48000000,80790.00000000,80905.52000000,4524.68160000
2026-05-06T00:00:00Z,80905.53000000,81760.84000000,80731.14000000,81359.82000000,5312.44997000
2026-05-06T08:00:00Z,81359.82000000,82850.00000000,81136.00000000,81704.25000000,9697.59206000
2026-05-06T16:00:00Z,81704.25000000,81907.51000000,81000.00000000,81447.01000000,3788.73193000
2026-05-07T00:00:00Z,81447.01000000,81708.32000000,80725.09000000,81518.58000000,4107.01279000
2026-05-07T08:00:00Z,81518.57000000,81590.00000000,79699.52000000,79890.63000000,7190.75999000
2026-05-07T16:00:00Z,79890.00000000,80371.23000000,79500.00000000,80006.00000000,4857.03060000
2026-05-08T00:00:00Z,80006.00000000,80142.84000000,79181.48000000,79682.40000000,5504.30182000
2026-05-08T08:00:00Z,79682.40000000,80500.00000000,79549.54000000,80142.14000000,6089.59866000
2026-05-08T16:00:00Z,80142.13000000,80409.09000000,79738.75000000,80193.17000000,4407.40961000
2026-05-09T00:00:00Z,80193.18000000,80666.66000000,80129.85000000,80228.89000000,2574.59733000
2026-05-09T08:00:00Z,80228.88000000,80600.00000000,80166.26000000,80527.92000000,2449.65897000
2026-05-09T16:00:00Z,80527.92000000,81080.00000000,80487.40000000,80678.40000000,2524.16547000
2026-05-10T00:00:00Z,80678.41000000,80887.15000000,80572.77000000,80736.03000000,2570.68431000
2026-05-10T08:00:00Z,80736.03000000,81442.81000000,80691.00000000,81418.01000000,2751.38842000
2026-05-10T16:00:00Z,81418.01000000,82479.32000000,80279.77000000,82210.07000000,6712.24609000
2026-05-11T00:00:00Z,82210.07000000,82380.00000000,80525.00000000,80740.40000000,4734.95350000
2026-05-11T08:00:00Z,80740.40000000,81458.00000000,80462.97000000,81445.90000000,4307.62778000
2026-05-11T16:00:00Z,81445.89000000,82137.26000000,81344.72000000,81745.65000000,3909.17928000
2026-05-12T00:00:00Z,81745.66000000,81788.00000000,80714.28000000,80865.40000000,3640.22355000
2026-05-12T08:00:00Z,80865.40000000,80999.00000000,80188.65000000,80336.01000000,5178.80198000
2026-05-12T16:00:00Z,80336.01000000,80896.25000000,79843.59000000,80504.47000000,3567.23123000
2026-05-13T00:00:00Z,80504.47000000,81299.99000000,80412.15000000,81026.92000000,3071.68184000
2026-05-13T08:00:00Z,81026.92000000,81324.64000000,78807.22000000,78827.21000000,6914.74539000
2026-05-13T16:00:00Z,78827.21000000,79800.00000000,78754.65000000,79313.61000000,4823.62920000
2026-05-14T00:00:00Z,79313.61000000,79998.00000000,78922.00000000,79745.98000000,4278.53418000
2026-05-14T08:00:00Z,79745.99000000,81332.23000000,79230.31000000,81301.23000000,7548.55943000
2026-05-14T16:00:00Z,81301.22000000,82048.13000000,81059.93000000,81089.99000000,7900.77446000
2026-05-15T00:00:00Z,81090.00000000,81664.45000000,80314.00000000,80814.88000000,5544.82699000
2026-05-15T08:00:00Z,80814.88000000,80822.95000000,78659.00000000,79150.27000000,7914.82908000
2026-05-15T16:00:00Z,79150.26000000,79561.94000000,78911.42000000,79113.21000000,3891.61472000
2026-05-16T00:00:00Z,79113.20000000,79227.77000000,78066.00000000,78369.77000000,3653.01238000
2026-05-16T08:00:00Z,78369.78000000,78530.52000000,77640.00000000,78238.67000000,6530.45729000
2026-05-16T16:00:00Z,78238.68000000,78364.65000000,78119.72000000,78148.05000000,1949.39225000
2026-05-17T00:00:00Z,78148.05000000,78323.96000000,77721.19000000,78180.01000000,2237.02473000
2026-05-17T08:00:00Z,78180.00000000,78599.99000000,77850.00000000,78051.41000000,2252.09937000
2026-05-17T16:00:00Z,78051.42000000,78485.36000000,76735.16000000,77457.67000000,3953.57810000
2026-05-18T00:00:00Z,77457.67000000,77477.99000000,76583.33000000,77073.69000000,5590.67881000
2026-05-18T08:00:00Z,77073.69000000,77800.00000000,76051.00000000,76409.46000000,8268.65125000
2026-05-18T16:00:00Z,76409.46000000,77222.79000000,76144.24000000,77001.87000000,4886.18672000
2026-05-19T00:00:00Z,77001.88000000,77414.62000000,76487.83000000,77233.69000000,3515.21968000
2026-05-19T08:00:00Z,77233.68000000,77317.02000000,76144.71000000,76521.23000000,5109.45859000
2026-05-19T16:00:00Z,76521.24000000,77065.80000000,76407.72000000,76834.36000000,2400.18151000
2026-05-20T00:00:00Z,76834.36000000,77472.21000000,76516.74000000,77282.64000000,3779.89289000
2026-05-20T08:00:00Z,77282.65000000,77853.04000000,76891.61000000,77455.46000000,4722.17998000
2026-05-20T16:00:00Z,77455.45000000,77766.60000000,77018.38000000,77552.23000000,2794.19020000
2026-05-21T00:00:00Z,77552.24000000,78180.01000000,77521.00000000,77889.01000000,3718.04924000
2026-05-21T08:00:00Z,77889.01000000,78200.00000000,76719.47000000,77259.46000000,4288.77842000
2026-05-21T16:00:00Z,77259.45000000,78098.16000000,77008.75000000,77615.52000000,3311.43075000
2026-05-22T00:00:00Z,77615.52000000,77900.00000000,77288.77000000,77408.06000000,2641.14514000
2026-05-22T08:00:00Z,77408.07000000,77584.94000000,76570.00000000,76790.59000000,4050.37118000
2026-05-22T16:00:00Z,76790.60000000,77093.72000000,75359.18000000,75539.50000000,4580.84502000
2026-05-23T00:00:00Z,75539.50000000,75664.62000000,74289.60000000,74609.36000000,4587.09940000
2026-05-23T08:00:00Z,74609.37000000,75726.30000000,74303.56000000,75520.00000000,5452.59633000
2026-05-23T16:00:00Z,75519.99000000,77404.18000000,75371.72000000,76752.01000000,5047.19241000
2026-05-24T00:00:00Z,76752.00000000,77065.94000000,76629.02000000,76799.99000000,1869.37230000
2026-05-24T08:00:00Z,76799.99000000,77543.15000000,76195.36000000,76371.59000000,3728.50339000
2026-05-24T16:00:00Z,76371.59000000,77225.97000000,76108.00000000,77064.96000000,2800.12587000
2026-05-25T00:00:00Z,77064.96000000,77650.00000000,76914.25000000,77401.12000000,2716.93385000
2026-05-25T08:00:00Z,77401.11000000,77905.52000000,77280.32000000,77628.82000000,2777.84399000
2026-05-25T16:00:00Z,77628.82000000,77807.29000000,77019.82000000,77322.01000000,2177.54413000
2026-05-26T00:00:00Z,77322.01000000,77345.00000000,76475.59000000,76730.84000000,4189.01699000
2026-05-26T08:00:00Z,76730.84000000,78080.00000000,76272.63000000,76518.10000000,6731.08092000
2026-05-26T16:00:00Z,76518.10000000,76710.01000000,75677.97000000,75930.01000000,6033.37838000
2026-05-27T00:00:00Z,75930.01000000,76104.02000000,75310.90000000,75977.17000000,4628.65961000
2026-05-27T08:00:00Z,75977.16000000,76174.15000000,74758.33000000,75326.01000000,6477.87213000
2026-05-27T16:00:00Z,75326.02000000,75415.81000000,74243.99000000,74449.30000000,5771.24309000
2026-05-28T00:00:00Z,74449.31000000,74590.77000000,72728.85000000,73498.00000000,10527.55423000
2026-05-28T08:00:00Z,73498.00000000,73616.00000000,72582.82000000,72928.73000000,6626.76865000
2026-05-28T16:00:00Z,72928.73000000,73949.22000000,72741.40000000,73617.51000000,4119.69738000
2026-05-29T00:00:00Z,73617.52000000,73939.19000000,73189.11000000,73528.56000000,4765.11106000
2026-05-29T08:00:00Z,73528.55000000,74200.00000000,72512.49000000,73808.26000000,6822.72502000
2026-05-29T16:00:00Z,73808.25000000,74514.10000000,73187.25000000,73460.78000000,7098.90533000
2026-05-30T00:00:00Z,73460.78000000,73796.43000000,73216.00000000,73548.60000000,3027.51283000
2026-05-30T08:00:00Z,73548.60000000,74100.00000000,73500.02000000,73930.14000000,2561.57727000
2026-05-30T16:00:00Z,73930.13000000,74143.76000000,73781.30000000,73884.38000000,1926.31899000
2026-05-31T00:00:00Z,73884.38000000,74275.66000000,73836.00000000,73871.24000000,1968.95367000
2026-05-31T08:00:00Z,73871.25000000,74024.00000000,73483.05000000,73655.21000000,2599.92462000
2026-05-31T16:00:00Z,73655.20000000,74198.00000000,73400.00000000,73674.39000000,2417.57878000
2026-06-01T00:00:00Z,73674.39000000,74092.00000000,72704.00000000,72818.00000000,4111.75083000
2026-06-01T08:00:00Z,72818.00000000,73095.64000000,71066.33000000,71129.62000000,12673.26368000
2026-06-01T16:00:00Z,71129.62000000,71800.73000000,70686.68000000,71408.90000000,7136.07733000
2026-06-02T00:00:00Z,71408.90000000,71408.90000000,69733.00000000,70118.42000000,7743.08055000
2026-06-02T08:00:00Z,70118.42000000,70172.00000000,67076.00000000,67304.28000000,13301.01191000
2026-06-02T16:00:00Z,67304.29000000,68146.30000000,66193.00000000,66760.83000000,11814.10340000
2026-06-03T00:00:00Z,66760.84000000,67516.00000000,65426.34000000,67220.03000000,11576.25050000
2026-06-03T08:00:00Z,67220.03000000,67476.69000000,66076.00000000,66076.01000000,8378.41147000
2026-06-03T16:00:00Z,66076.01000000,66373.18000000,64092.49000000,64142.75000000,10183.64453000
2026-06-04T00:00:00Z,64142.75000000,64764.32000000,61383.56000000,63603.15000000,21957.92174000
2026-06-04T08:00:00Z,63603.15000000,64494.92000000,62205.00000000,63896.17000000,14781.48055000
2026-06-04T16:00:00Z,63896.16000000,64163.93000000,62944.91000000,63885.99000000,6837.77342000
2026-06-05T00:00:00Z,63885.99000000,63978.00000000,61126.01000000,63115.99000000,14896.42163000
2026-06-05T08:00:00Z,63115.99000000,63259.90000000,60000.00000000,60438.01000000,19098.17748000
2026-06-05T16:00:00Z,60438.00000000,62000.00000000,59130.91000000,61056.47000000,21032.68896000
2026-06-06T00:00:00Z,61056.47000000,61530.05000000,59500.00000000,61004.95000000,10007.65300000
2026-06-06T08:00:00Z,61004.95000000,61500.00000000,60198.00000000,60784.00000000,5765.05285000
2026-06-06T16:00:00Z,60784.01000000,61000.00000000,60393.96000000,60884.62000000,4022.88292000
2026-06-07T00:00:00Z,60884.62000000,62416.26000000,60746.00000000,62404.73000000,7862.39306000
2026-06-07T08:00:00Z,62404.72000000,62960.00000000,61577.12000000,62093.99000000,9277.20125000
2026-06-07T16:00:00Z,62093.99000000,64234.68000000,61184.00000000,63332.01000000,9472.51012000
2026-06-08T00:00:00Z,63332.01000000,63863.06000000,62408.00000000,63283.99000000,6149.64632000
2026-06-08T08:00:00Z,63284.00000000,64200.00000000,62718.30000000,63774.48000000,11879.28179000
2026-06-08T16:00:00Z,63774.48000000,64046.86000000,62978.66000000,63085.99000000,5024.45813000
2026-06-09T00:00:00Z,63086.00000000,63526.01000000,62423.07000000,63198.44000000,7467.29584000
2026-06-09T08:00:00Z,63198.44000000,63208.86000000,61037.00000000,61131.84000000,8712.08271000
2026-06-09T16:00:00Z,61131.85000000,62272.00000000,60780.00000000,61730.00000000,5456.84104000
2026-06-10T00:00:00Z,61730.00000000,61974.70000000,61080.00000000,61687.56000000,3941.92786000
2026-06-10T08:00:00Z,61687.56000000,62857.99000000,60755.00000000,62639.23000000,7597.04295000
2026-06-10T16:00:00Z,62639.23000000,62646.00000000,61104.24000000,61510.99000000,4459.74571000
2026-06-11T00:00:00Z,61510.99000000,62997.53000000,61510.99000000,62719.39000000,5335.16686000
2026-06-11T08:00:00Z,62719.39000000,63257.21000000,62500.00000000,62749.44000000,6516.40808000
2026-06-11T16:00:00Z,62749.44000000,63933.02000000,62348.00000000,63625.99000000,5529.37148000
2026-06-12T00:00:00Z,63626.00000000,63863.98000000,62829.81000000,63100.80000000,5879.80252000
2026-06-12T08:00:00Z,63100.80000000,64394.44000000,63045.29000000,63593.02000000,6480.82337000
2026-06-12T16:00:00Z,63593.02000000,64111.10000000,63400.00000000,63580.01000000,4036.42651000
2026-06-13T00:00:00Z,63580.00000000,63883.47000000,63418.66000000,63846.00000000,3347.21683000
2026-06-13T08:00:00Z,63845.99000000,64350.00000000,63726.57000000,64296.15000000,3366.37958000
2026-06-13T16:00:00Z,64296.15000000,64762.77000000,63920.05000000,64458.01000000,3247.14522000
2026-06-14T00:00:00Z,64458.01000000,64710.00000000,64214.00000000,64429.39000000,3611.95132000
2026-06-14T08:00:00Z,64429.39000000,64664.00000000,63866.66000000,64025.07000000,2633.21678000
2026-06-14T16:00:00Z,64025.06000000,65800.00000000,63678.83000000,65746.45000000,6957.86565000
2026-06-15T00:00:00Z,65746.45000000,66000.00000000,65354.00000000,65674.76000000,5235.39438000
2026-06-15T08:00:00Z,65674.76000000,67292.15000000,65512.00000000,67292.14000000,7860.16114000
2026-06-15T16:00:00Z,67292.15000000,67292.15000000,66076.56000000,66328.74000000,5464.24550000
2026-06-16T00:00:00Z,66328.74000000,66572.99000000,65650.00000000,66372.00000000,5057.37399000
2026-06-16T08:00:00Z,66372.00000000,66992.00000000,65360.92000000,65859.76000000,6334.93557000
2026-06-16T16:00:00Z,65859.76000000,66248.69000000,65560.00000000,65675.01000000,2909.74845000
2026-06-17T00:00:00Z,65675.02000000,66200.00000000,65251.00000000,65539.50000000,4505.71507000
2026-06-17T08:00:00Z,65539.51000000,65855.66000000,64565.00000000,65752.00000000,6582.30126000
2026-06-17T16:00:00Z,65751.99000000,66445.93000000,63915.77000000,64509.40000000,7960.63776000
2026-06-18T00:00:00Z,64509.40000000,64806.00000000,63696.29000000,64510.44000000,4373.78806000
2026-06-18T08:00:00Z,64510.45000000,64646.75000000,62293.76000000,62369.44000000,7032.58876000
2026-06-18T16:00:00Z,62369.43000000,63274.19000000,62272.07000000,62958.01000000,5529.21979000
2026-06-19T00:00:00Z,62958.01000000,63110.29000000,62386.90000000,62629.99000000,4110.87047000
2026-06-19T08:00:00Z,62630.00000000,63419.27000000,62316.44000000,63214.01000000,6018.17805000
2026-06-19T16:00:00Z,63214.01000000,63666.00000000,62866.99000000,63543.91000000,4118.37548000
2026-06-20T00:00:00Z,63543.90000000,63907.07000000,63320.14000000,63655.21000000,2962.80618000
2026-06-20T08:00:00Z,63655.21000000,64388.00000000,63184.21000000,64160.04000000,4204.73691000
2026-06-20T16:00:00Z,64160.04000000,64350.00000000,63730.21000000,64298.01000000,2354.56015000
2026-06-21T00:00:00Z,64298.01000000,64588.00000000,64173.08000000,64191.07000000,2542.02418000
2026-06-21T08:00:00Z,64191.06000000,64483.95000000,63900.17000000,64224.00000000,2374.71867000
2026-06-21T16:00:00Z,64224.00000000,64298.84000000,63270.00000000,63311.99000000,3117.92048000
2026-06-22T00:00:00Z,63312.00000000,64823.52000000,63312.00000000,64211.19000000,5397.00757000
2026-06-22T08:00:00Z,64211.20000000,65622.83000000,64044.00000000,64836.95000000,6085.99552000
2026-06-22T16:00:00Z,64836.95000000,64862.00000000,63804.59000000,64020.01000000,3940.10542000
2026-06-23T00:00:00Z,64020.01000000,64275.38000000,62568.90000000,62886.03000000,5730.64320000
2026-06-23T08:00:00Z,62886.04000000,62945.08000000,61938.00000000,62487.79000000,10546.89248000
2026-06-23T16:00:00Z,62487.79000000,62846.00000000,62104.70000000,62734.57000000,3945.45724000
2026-06-24T00:00:00Z,62734.57000000,63119.45000000,62461.87000000,62657.99000000,4587.76416000
2026-06-24T08:00:00Z,62658.00000000,63239.06000000,60249.82000000,60250.00000000,11684.81593000
2026-06-24T16:00:00Z,60250.00000000,61276.00000000,59102.70000000,61077.99000000,14405.70534000
2026-06-25T00:00:00Z,61078.00000000,61962.40000000,60684.94000000,61911.04000000,5678.41292000
2026-06-25T08:00:00Z,61911.03000000,61920.00000000,58115.01000000,59557.99000000,17936.44144000
2026-06-25T16:00:00Z,59557.99000000,60273.81000000,59139.96000000,59794.00000000,6771.15258000
2026-06-26T00:00:00Z,59794.64000000,60759.99000000,58337.00000000,60532.00000000,11614.24900000
2026-06-26T08:00:00Z,60532.00000000,60580.00000000,58500.10000000,60328.32000000,11504.22612000
2026-06-26T16:00:00Z,60328.18000000,60583.00000000,59556.00000000,60097.27000000,4285.08211000
2026-06-27T00:00:00Z,60097.27000000,60574.00000000,59876.22000000,60548.07000000,3895.85638000
2026-06-27T08:00:00Z,60548.06000000,60941.17000000,60198.94000000,60840.06000000,2887.84311000
2026-06-27T16:00:00Z,60840.06000000,60855.03000000,59855.16000000,60029.00000000,2803.52967000
2026-06-28T00:00:00Z,60029.01000000,60339.99000000,59753.48000000,60219.99000000,2505.54376000
2026-06-28T08:00:00Z,60220.00000000,60545.01000000,59817.28000000,59890.00000000,2488.24188000
2026-06-28T16:00:00Z,59890.35000000,59943.90000000,58905.00000000,59577.01000000,3913.35232000
2026-06-29T00:00:00Z,59577.01000000,60346.27000000,58900.01000000,60026.00000000,5279.44742000
2026-06-29T08:00:00Z,60026.01000000,60780.57000000,59011.00000000,59824.01000000,10366.82656000
2026-06-29T16:00:00Z,59824.01000000,60683.84000000,59584.48000000,60260.21000000,4556.86780000
2026-06-30T00:00:00Z,60260.20000000,60276.54000000,59360.00000000,59524.01000000,4911.10785000
2026-06-30T08:00:00Z,59524.01000000,59551.03000000,58201.00000000,58381.99000000,9980.52006000
2026-06-30T16:00:00Z,58382.00000000,58874.99000000,58241.79000000,58624.71000000,4748.19996000
2026-07-01T00:00:00Z,58624.71000000,59457.00000000,57800.19000000,58768.65000000,7252.37409000
2026-07-01T08:00:00Z,58768.64000000,60536.55000000,58326.00000000,60147.15000000,11688.79932000
2026-07-01T16:00:00Z,60147.15000000,61334.00000000,59787.35000000,60024.00000000,6152.27321000
2026-07-02T00:00:00Z,60024.00000000,61121.78000000,59588.00000000,60149.99000000,5966.84053000
2026-07-02T08:00:00Z,60149.99000000,62200.00000000,60132.51000000,61612.93000000,10772.63498000
2026-07-02T16:00:00Z,61612.93000000,61962.43000000,61108.99000000,61560.00000000,4642.66612000
2026-07-03T00:00:00Z,61560.00000000,61864.99000000,61248.86000000,61750.47000000,5643.08971000
2026-07-03T08:00:00Z,61750.47000000,62400.00000000,61510.01000000,61922.72000000,4523.85491000
2026-07-03T16:00:00Z,61922.71000000,62979.86000000,61911.65000000,62583.26000000,3882.04165000
2026-07-04T00:00:00Z,62583.26000000,62946.00000000,62328.24000000,62576.00000000,3232.21666000
2026-07-04T08:00:00Z,62576.00000000,63075.46000000,62415.87000000,62943.29000000,2435.63282000
2026-07-04T16:00:00Z,62943.29000000,63461.99000000,62786.00000000,63144.01000000,3471.97792000
2026-07-05T00:00:00Z,63144.01000000,63144.01000000,62596.08000000,63020.21000000,2580.04290000
2026-07-05T08:00:00Z,63020.21000000,63104.00000000,62436.59000000,62740.01000000,2446.43638000
2026-07-05T16:00:00Z,62740.01000000,63999.00000000,62590.02000000,63650.00000000,4145.59830000
2026-07-06T00:00:00Z,63650.01000000,63920.00000000,62890.00000000,63089.42000000,4239.45505000
2026-07-06T08:00:00Z,63089.42000000,63550.00000000,61306.84000000,63545.98000000,11441.68399000
2026-07-06T16:00:00Z,63545.98000000,64700.00000000,63386.01000000,64042.02000000,5754.14533000
2026-07-07T00:00:00Z,64042.93000000,64314.00000000,62800.00000000,63083.18000000,5017.60745000
2026-07-07T08:00:00Z,63083.19000000,64105.00000000,62671.39000000,63930.51000000,7147.69049000
2026-07-07T16:00:00Z,63930.50000000,64243.75000000,63218.00000000,63363.99000000,4668.91029000
2026-07-08T00:00:00Z,63364.00000000,63761.99000000,62477.04000000,62888.35000000,5038.38140000
2026-07-08T08:00:00Z,62888.34000000,62941.46000000,61544.56000000,61704.01000000,9757.29811000
2026-07-08T16:00:00Z,61704.01000000,62394.32000000,61692.00000000,62290.00000000,3824.41845000
2026-07-09T00:00:00Z,62290.01000000,63283.26000000,61705.29000000,63000.00000000,5584.01955000
2026-07-09T08:00:00Z,62999.99000000,63261.00000000,62465.39000000,62868.05000000,7409.21603000
2026-07-09T16:00:00Z,62868.06000000,63500.00000000,62559.59000000,63230.00000000,3749.57114000
2026-07-10T00:00:00Z,63230.01000000,64200.00000000,62926.01000000,63963.00000000,5279.50369000
2026-07-10T08:00:00Z,63963.00000000,64692.83000000,63793.43000000,64040.00000000,6720.22979000
2026-07-10T16:00:00Z,64039.99000000,64222.61000000,63656.00000000,64161.72000000,5589.26774000
2026-07-11T00:00:00Z,64161.72000000,64310.00000000,63984.07000000,64162.18000000,2586.50743000
2026-07-11T08:00:00Z,64162.18000000,64504.11000000,63896.18000000,64175.75000000,3852.90191000
2026-07-11T16:00:00Z,64175.75000000,64463.83000000,63819.00000000,63819.00000000,2712.56498000
2026-07-12T00:00:00Z,63819.01000000,64245.87000000,63640.83000000,63885.27000000,5831.77427000
2026-07-12T08:00:00Z,63885.28000000,64290.11000000,63764.00000000,64176.00000000,6030.43713000
2026-07-12T16:00:00Z,64176.00000000,64270.00000000,63668.00000000,63780.00000000,2052.62563000
2026-07-13T00:00:00Z,63780.00000000,64425.00000000,62500.76000000,62985.52000000,7287.08933000
2026-07-13T08:00:00Z,62985.53000000,63302.88000000,62101.00000000,62618.01000000,9674.97135000
2026-07-13T16:00:00Z,62618.00000000,62629.35000000,61824.97000000,62334.52000000,4720.44136000
2026-07-14T00:00:00Z,62334.52000000,62872.00000000,62272.20000000,62560.92000000,4337.63872000
2026-07-14T08:00:00Z,62560.92000000,64966.43000000,62500.00000000,64743.99000000,10529.15782000
2026-07-14T16:00:00Z,64744.00000000,65100.00000000,64231.77000000,65043.98000000,5685.61730000
2026-07-15T00:00:00Z,65043.99000000,65277.37000000,64485.00000000,64549.34000000,4853.00548000
2026-07-15T08:00:00Z,64549.33000000,65600.00000000,64549.33000000,65427.61000000,8437.30546000
2026-07-15T16:00:00Z,65427.60000000,65470.00000000,64691.89000000,64756.28000000,5111.58647000
2026-07-16T00:00:00Z,64756.28000000,64997.52000000,64086.12000000,64238.00000000,4502.23420000
2026-07-16T08:00:00Z,64238.00000000,64896.00000000,63838.28000000,64704.73000000,11253.45244000
2026-07-16T16:00:00Z,64704.73000000,64712.00000000,63748.74000000,63830.20000000,3008.84015000
2026-07-17T00:00:00Z,63830.20000000,64067.69000000,62710.00000000,62828.11000000,6835.59272000
2026-07-17T08:00:00Z,62828.11000000,63518.00000000,62537.56000000,63452.00000000,6495.75102000
2026-07-17T16:00:00Z,63452.00000000,64387.99000000,63312.01000000,63931.67000000,4858.55015000
2026-07-18T00:00:00Z,63931.67000000,64032.60000000,63886.65000000,64002.75000000,2319.45658000
2026-07-18T08:00:00Z,64002.75000000,64274.47000000,63887.73000000,64123.12000000,2345.08822000
2026-07-18T16:00:00Z,64123.13000000,64865.00000000,64091.48000000,64834.22000000,3366.63532000
2026-07-19T00:00:00Z,64834.21000000,64967.25000000,64610.89000000,64711.05000000,2745.94571000
2026-07-19T08:00:00Z,64711.04000000,64743.00000000,64285.24000000,64585.32000000,3003.44139000
2026-07-19T16:00:00Z,64585.33000000,64900.00000000,64280.00000000,64722.54000000,2630.52764000
2026-07-20T00:00:00Z,64722.55000000,65107.99000000,63765.83000000,64280.01000000,5019.08448000
2026-07-20T08:00:00Z,64280.01000000,65666.80000000,63100.00000000,65598.75000000,11637.27113000
2026-07-20T16:00:00Z,65598.75000000,65799.00000000,65041.05000000,65255.51000000,4667.13141000
2026-07-21T00:00:00Z,65255.51000000,66245.64000000,65148.75000000,66186.86000000,5823.13536000
2026-07-21T08:00:00Z,66186.86000000,66956.15000000,66129.19000000,66676.54000000,8468.96671000
2026-07-21T16:00:00Z,66676.53000000,66764.00000000,66052.63000000,66556.16000000,4326.17880000
2026-07-22T00:00:00Z,66556.15000000,66739.89000000,65701.00000000,65843.48000000,7007.35500000
2026-07-22T08:00:00Z,65843.48000000,66204.98000000,65553.67000000,66047.39000000,8173.40841000
2026-07-22T16:00:00Z,66047.38000000,66384.00000000,65691.93000000,66114.49000000,2894.10261000
2026-07-23T00:00:00Z,66114.50000000,66313.14000000,65351.02000000,65442.13000000,4493.93385000
2026-07-23T08:00:00Z,65442.12000000,65792.09000000,64728.00000000,64958.36000000,6007.40923000
2026-07-23T16:00:00Z,64958.37000000,65235.43000000,64650.00000000,65098.97000000,4196.88365000
2026-07-24T00:00:00Z,65098.98000000,65808.59000000,64762.18000000,65499.95000000,4630.74944000
2026-07-24T08:00:00Z,65499.94000000,65508.17000000,63739.75000000,64093.85000000,8297.91277000
2026-07-24T16:00:00Z,64093.86000000,64292.44000000,63881.46000000,64139.99000000,3892.60959000
2026-07-25T00:00:00Z,64140.00000000,64205.67000000,63964.57000000,64003.20000000,2902.64724000
2026-07-25T08:00:00Z,64003.20000000,64272.00000000,63810.00000000,64182.00000000,3677.24662000
2026-07-25T16:00:00Z,64182.01000000,64475.28000000,64123.00000000,64375.00000000,2283.15644000
2026-07-26T00:00:00Z,64375.01000000,64599.95000000,64293.81000000,64370.00000000,2193.94662000
2026-07-26T08:00:00Z,64370.00000000,64827.00000000,64353.00000000,64768.00000000,2137.42465000
2026-07-26T16:00:00Z,64768.00000000,65577.00000000,64631.57000000,65399.99000000,3601.68962000
2026-07-27T00:00:00Z,65400.00000000,65744.60000000,64892.03000000,65221.99000000,4489.35419000
2026-07-27T08:00:00Z,65221.99000000,65718.00000000,64418.01000000,64554.01000000,6295.62625000
2026-07-27T16:00:00Z,64554.00000000,65090.00000000,63605.56000000,63755.86000000,4006.92499000
2026-07-28T00:00:00Z,63755.86000000,63827.49000000,63059.39000000,63505.99000000,5294.37512000
2026-07-28T08:00:00Z,63506.00000000,64026.62000000,62742.47000000,63928.47000000,5289.41421000
2026-07-28T16:00:00Z,63928.46000000,64100.00000000,63504.00000000,63915.00000000,3306.04063000
2026-07-29T00:00:00Z,63915.00000000,64575.99000000,63598.00000000,64561.00000000,5066.63368000
2026-07-29T08:00:00Z,64561.01000000,64744.81000000,63886.00000000,63964.01000000,4523.35609000
2026-07-29T16:00:00Z,63964.01000000,64648.79000000,63267.34000000,63984.28000000,7190.12935000
2026-07-30T00:00:00Z,63984.29000000,64411.76000000,63603.92000000,64026.00000000,5380.64948000
2026-07-30T08:00:00Z,64026.00000000,65176.60000000,63980.54000000,64730.30000000,8529.92773000
2026-07-30T16:00:00Z,64730.29000000,65086.40000000,64668.91000000,64780.02000000,3221.00765000
2026-07-31T00:00:00Z,64780.03000000,65409.56000000,63878.11000000,63950.01000000,7794.40646000
2026-07-31T08:00:00Z,63950.01000000,64011.99000000,62466.00000000,62716.57000000,8628.20754000
2026-07-31T16:00:00Z,62716.57000000,63302.00000000,62709.01000000,62887.88000000,4052.99286000
2026-08-01T00:00:00Z,62887.88000000,63142.85000000,62887.87000000,63050.46000000,2909.38808000
2026-08-01T08:00:00Z,63050.45000000,63150.00000000,62986.31000000,63007.06000000,1892.48290000
2026-08-01T16:00:00Z,63007.06000000,63027.65000000,62275.00000000,62823.64000000,2761.21806000
2026-08-02T00:00:00Z,62823.65000000,63634.00000000,62806.58000000,63506.24000000,3206.22308000
2026-08-02T08:00:00Z,63506.23000000,63530.00000000,62982.38000000,63109.14000000,2408.65518000
2026-08-02T16:00:00Z,63109.13000000,63796.33000000,63064.01000000,63570.00000000,2772.13328000
2026-08-03T00:00:00Z,63570.01000000,63596.00000000,62552.04000000,62621.10000000,4108.44679000
2026-08-03T08:00:00Z,62621.10000000,63992.71000000,62300.00000000,63694.91000000,7283.80166000
2026-08-03T16:00:00Z,63694.90000000,64080.00000000,63392.01000000,63520.00000000,4151.04898000
2026-08-04T00:00:00Z,63520.00000000,64243.81000000,63322.01000000,63685.74000000,4487.66351000
2026-08-04T08:00:00Z,63685.73000000,64238.00000000,63451.80000000,64125.14000000,5195.93165000
2026-08-04T16:00:00Z,64125.14000000,64549.16000000,63892.00000000,64106.56000000,4006.88393000
2026-08-05T00:00:00Z,64106.55000000,64525.97000000,63950.00000000,64163.99000000,3689.45910000
2026-08-05T08:00:00Z,64164.00000000,64744.00000000,63880.00000000,64388.01000000,5260.39371000
2026-08-05T16:00:00Z,64388.01000000,65025.22000000,64388.00000000,64665.23000000,3793.00247000
2026-08-06T00:00:00Z,64665.24000000,64996.00000000,64439.34000000,64809.70000000,3283.93623000
2026-08-06T08:00:00Z,64809.70000000,64999.00000000,64172.00000000,64631.87000000,4068.22913000
2026-08-06T16:00:00Z,64631.88000000,64834.00000000,64200.00000000,64323.61000000,2512.26748000
2026-08-07T00:00:00Z,64323.61000000,64544.00000000,64166.00000000,64319.84000000,2603.89480000
2026-08-07T08:00:00Z,64319.84000000,65390.99000000,64304.22000000,64912.72000000,6500.39580000
2026-08-07T16:00:00Z,64912.71000000,65102.00000000,64525.00000000,64923.19000000,2703.11343000
2026-08-08T00:00:00Z,64923.20000000,65074.18000000,64784.19000000,64960.00000000,2096.71122000
2026-08-08T08:00:00Z,64959.99000000,65192.54000000,64924.00000000,65080.82000000,1742.06247000
2026-08-08T16:00:00Z,65080.83000000,65150.00000000,64936.01000000,64962.60000000,1921.36929000
2026-08-09T00:00:00Z,64962.60000000,65002.00000000,64730.08000000,64826.14000000,1859.42145000
2026-08-09T08:00:00Z,64826.15000000,65300.00000000,64792.10000000,65228.68000000,2097.20328000
2026-08-09T16:00:00Z,65228.68000000,65474.46000000,64842.59000000,64901.59000000,3074.61133000
2026-08-10T00:00:00Z,64901.59000000,65391.14000000,64826.78000000,65202.73000000,3356.13206000
2026-08-10T08:00:00Z,65202.72000000,65328.73000000,64203.15000000,64299.99000000,4934.99536000
2026-08-10T16:00:00Z,64299.99000000,64354.00000000,63806.27000000,63970.01000000,5347.28135000
2026-08-11T00:00:00Z,63970.01000000,64176.00000000,63852.00000000,64065.99000000,3472.91573000
2026-08-11T08:00:00Z,64066.00000000,64515.43000000,63451.00000000,63609.87000000,5944.89765000
2026-08-11T16:00:00Z,63609.86000000,63768.58000000,63238.00000000,63600.00000000,3473.81910000
2026-08-12T00:00:00Z,63600.01000000,63908.01000000,63534.01000000,63837.99000000,4029.03193000
2026-08-12T08:00:00Z,63838.00000000,64500.00000000,63316.00000000,63441.47000000,6226.53169000
2026-08-12T16:00:00Z,63441.48000000,63661.24000000,63310.34000000,63479.99000000,3371.50460000
2026-08-13T00:00:00Z,63479.99000000,64010.00000000,63380.00000000,63865.84000000,3097.20432000
2026-08-13T08:00:00Z,63865.84000000,63999.00000000,63350.00000000,63420.01000000,3571.95597000
2026-08-13T16:00:00Z,63420.01000000,63640.00000000,62802.27000000,63490.86000000,4124.69824000
2026-08-14T00:00:00Z,63490.86000000,63617.45000000,62920.00000000,62920.78000000,3565.29646000
2026-08-14T08:00:00Z,62920.78000000,63089.18000000,62535.24000000,62990.95000000,5897.74973000
2026-08-14T16:00:00Z,62990.94000000,63247.05000000,62800.00000000,63043.56000000,2877.78280000
2026-08-15T00:00:00Z,63043.56000000,63187.98000000,62992.91000000,63075.43000000,2569.95756000
2026-08-15T08:00:00Z,63075.43000000,63120.09000000,62920.00000000,63100.55000000,1317.72713000
2026-08-15T16:00:00Z,63100.55000000,63175.00000000,63044.37000000,63086.01000000,1517.47569000
2026-08-16T00:00:00Z,63086.01000000,63158.80000000,63012.00000000,63061.02000000,1419.12618000
2026-08-16T08:00:00Z,63061.03000000,63146.40000000,62968.45000000,63146.39000000,1304.89868000
2026-08-16T16:00:00Z,63146.39000000,63390.00000000,62716.00000000,62900.00000000,2013.20649000
2026-08-17T00:00:00Z,62900.00000000,63717.17000000,62751.10000000,63514.45000000,4664.23672000
2026-08-17T08:00:00Z,63514.45000000,64227.27000000,63295.00000000,64200.00000000,4873.48637000
2026-08-17T16:00:00Z,64200.00000000,64610.01000000,63979.30000000,64532.10000000,4717.92404000
2026-08-18T00:00:00Z,64532.11000000,64568.46000000,64047.73000000,64198.97000000,4883.21407000
2026-08-18T08:00:00Z,64198.97000000,65058.81000000,64027.85000000,64855.06000000,4889.40617000
2026-08-18T16:00:00Z,64855.06000000,64891.81000000,64562.25000000,64725.42000000,2017.29288000
2026-08-19T00:00:00Z,64725.42000000,64736.27000000,64166.00000000,64296.00000000,3191.17481000
2026-08-19T08:00:00Z,64296.01000000,69500.00000000,64255.00000000,68554.00000000,15191.30109000
2026-08-19T16:00:00Z,68554.00000000,70000.00000000,67825.03000000,69334.79000000,10671.82386000
2026-08-20T00:00:00Z,69334.78000000,70022.00000000,68902.22000000,69816.45000000,9555.57639000
2026-08-20T08:00:00Z,69816.45000000,72830.00000000,69772.36000000,72470.83000000,19145.17693000
2026-08-20T16:00:00Z,72470.84000000,73400.00000000,72205.88000000,73025.15000000,7204.03955000
2026-08-21T00:00:00Z,73027.02000000,76916.95000000,73027.02000000,76308.65000000,14971.08926000
2026-08-21T08:00:00Z,76308.66000000,79500.00000000,76235.76000000,77221.98000000,20400.29460000
2026-08-21T16:00:00Z,77221.98000000,78760.68000000,76643.72000000,78338.03000000,8968.18182000
2026-08-22T00:00:00Z,78338.03000000,78828.15000000,76500.00000000,77289.18000000,9162.40578000
2026-08-22T08:00:00Z,77289.18000000,77445.60000000,76533.87000000,76978.83000000,5748.77100000
2026-08-22T16:00:00Z,76978.83000000,77547.96000000,76772.00000000,77074.93000000,3613.33169000
2026-08-23T00:00:00Z,77074.94000000,77400.00000000,75545.67000000,76007.13000000,6003.77127000
2026-08-23T08:00:00Z,76007.12000000,77765.80000000,75952.09000000,77156.13000000,5418.77074000
2026-08-23T16:00:00Z,77156.14000000,78052.85000000,77116.00000000,77734.00000000,3944.68984000
2026-08-24T00:00:00Z,77734.00000000,77790.19000000,76670.01000000,77307.15000000,7167.23685000
2026-08-24T08:00:00Z,77307.14000000,80000.00000000,76838.00000000,79100.01000000,15937.76653000
2026-08-24T16:00:00Z,79100.01000000,79877.87000000,78468.61000000,78992.75000000,7074.29053000
2026-08-25T00:00:00Z,78992.76000000,81272.62000000,78715.63000000,79705.79000000,10821.05957000
2026-08-25T08:00:00Z,79705.79000000,80249.00000000,78120.74000000,79502.01000000,8469.45249000
2026-08-25T16:00:00Z,79502.01000000,79563.71000000,77851.00000000,78539.14000000,5482.00188000
2026-08-26T00:00:00Z,78539.13000000,79251.60000000,78312.00000000,78925.56000000,4185.85252000
2026-08-26T08:00:00Z,78925.57000000,79119.37000000,77632.58000000,78011.65000000,6059.08014000
2026-08-26T16:00:00Z,78011.64000000,79174.12000000,77858.00000000,79023.75000000,4368.82621000
2026-08-27T00:00:00Z,79023.75000000,79095.99000000,78546.13000000,79082.17000000,3058.89095000
2026-08-27T08:00:00Z,79082.18000000,80799.91000000,78920.00000000,80302.32000000,8672.11672000
2026-08-27T16:00:00Z,80302.32000000,80848.74000000,79749.70000000,80249.58000000,4534.52928000
2026-08-28T00:00:00Z,80249.59000000,81478.87000000,79558.11000000,79660.00000000,5967.23515000
2026-08-28T08:00:00Z,79660.00000000,79840.00000000,78312.64000000,78331.13000000,7439.22710000
2026-08-28T16:00:00Z,78331.13000000,78404.00000000,76888.00000000,77845.87000000,6349.97421000
2026-08-29T00:00:00Z,77845.88000000,77963.92000000,77382.37000000,77626.01000000,2827.54838000
2026-08-29T08:00:00Z,77626.01000000,78150.00000000,77487.73000000,77865.36000000,2275.23200000
2026-08-29T16:00:00Z,77865.36000000,78330.00000000,77858.29000000,78230.00000000,1913.52219000
2026-08-30T00:00:00Z,78230.00000000,78330.00000000,77990.00000000,78118.00000000,1539.31725000
2026-08-30T08:00:00Z,78118.00000000,78966.76000000,77962.49000000,78823.63000000,2945.37084000
2026-08-30T16:00:00Z,78823.62000000,79400.00000000,77000.00000000,77682.00000000,4600.73596000
2026-08-31T00:00:00Z,77682.00000000,78322.56000000,77392.00000000,78196.01000000,4877.02359000
2026-08-31T08:00:00Z,78196.01000000,78802.00000000,77675.04000000,78580.42000000,6854.78981000
2026-08-31T16:00:00Z,78580.43000000,79250.00000000,78405.01000000,78581.29000000,3572.09262000
2026-09-01T00:00:00Z,78581.30000000,79220.61000000,78189.93000000,78632.37000000,3892.26281000
2026-09-01T08:00:00Z,78632.37000000,78658.01000000,77510.00000000,77919.06000000,5772.17268000
2026-09-01T16:00:00Z,77919.07000000,77976.00000000,76420.00000000,77439.00000000,4466.20400000
2026-09-02T00:00:00Z,77439.01000000,77792.00000000,76718.48000000,77473.85000000,3624.38235000
2026-09-02T08:00:00Z,77473.86000000,77546.00000000,76264.00000000,77288.98000000,6082.90601000
2026-09-02T16:00:00Z,77288.97000000,77582.00000000,76950.56000000,77340.01000000,3363.68984000
2026-09-03T00:00:00Z,77340.01000000,78183.91000000,76968.00000000,77663.15000000,3868.10120000
2026-09-03T08:00:00Z,77663.14000000,81370.33000000,77478.00000000,81348.00000000,9109.77882000
2026-09-03T16:00:00Z,81348.00000000,82300.00000000,80613.52000000,81270.37000000,6828.54245000
2026-09-04T00:00:00Z,81270.37000000,81427.75000000,80573.21000000,80656.87000000,4444.00667000
2026-09-04T08:00:00Z,80656.86000000,81423.03000000,78660.00000000,79429.33000000,11097.31457000
2026-09-04T16:00:00Z,79429.33000000,79877.07000000,79378.19000000,79660.77000000,3657.30425000
2026-09-05T00:00:00Z,79660.77000000,79763.41000000,79442.00000000,79709.96000000,2179.10660000
2026-09-05T08:00:00Z,79709.96000000,79816.00000000,79545.96000000,79806.01000000,2832.45834000
2026-09-05T16:00:00Z,79806.00000000,80200.00000000,79694.00000000,79831.75000000,4105.67526000
2026-09-06T00:00:00Z,79831.75000000,80107.99000000,79577.00000000,79805.00000000,2594.01114000
2026-09-06T08:00:00Z,79804.68000000,80020.00000000,79233.00000000,79716.50000000,3401.78091000
2026-09-06T16:00:00Z,79716.51000000,80559.99000000,79584.73000000,80341.83000000,2859.02622000
2026-09-07T00:00:00Z,80341.83000000,80443.99000000,79001.10000000,79397.83000000,4475.49516000
2026-09-07T08:00:00Z,79397.83000000,79643.50000000,78680.00000000,78821.99000000,3750.68683000
2026-09-07T16:00:00Z,78822.00000000,79419.17000000,78781.07000000,79112.01000000,2346.27296000
2026-09-08T00:00:00Z,79112.00000000,79485.00000000,78179.98000000,78482.00000000,9067.69669000
2026-09-08T08:00:00Z,78482.00000000,78994.50000000,77620.01000000,78904.00000000,7282.92274000
2026-09-08T16:00:00Z,78904.00000000,78978.39000000,78271.49000000,78455.80000000,2884.44662000
2026-09-09T00:00:00Z,78455.80000000,79400.00000000,78455.79000000,79277.43000000,3583.02027000
2026-09-09T08:00:00Z,79277.44000000,79760.00000000,78060.03000000,78596.70000000,7126.46204000
2026-09-09T16:00:00Z,78596.70000000,78938.55000000,77770.00000000,78306.43000000,3420.43796000
2026-09-10T00:00:00Z,78306.43000000,78564.39000000,77906.48000000,78112.00000000,3753.09384000
2026-09-10T08:00:00Z,78112.00000000,78229.22000000,76676.07000000,77250.00000000,8243.07106000
2026-09-10T16:00:00Z,77250.00000000,77544.00000000,76464.00000000,76568.72000000,3324.20414000
2026-09-11T00:00:00Z,76568.73000000,77431.48000000,76563.01000000,77230.70000000,3686.30652000
2026-09-11T08:00:00Z,77230.70000000,79890.00000000,76046.58000000,77732.25000000,11007.91729000
2026-09-11T16:00:00Z,77732.25000000,78068.01000000,76883.00000000,77225.70000000,5019.05348000
2026-09-12T00:00:00Z,77225.71000000,77378.37000000,77164.06000000,77269.55000000,2919.01164000
2026-09-12T08:00:00Z,77269.54000000,77505.67000000,77255.19000000,77380.37000000,2780.56340000
2026-09-12T16:00:00Z,77380.38000000,77414.01000000,77059.75000000,77278.73000000,2360.86951000
2026-09-13T00:00:00Z,77278.73000000,77341.37000000,77058.42000000,77127.99000000,2047.50074000
2026-09-13T08:00:00Z,77127.99000000,77254.45000000,76500.00000000,77134.83000000,2884.70211000
2026-09-13T16:00:00Z,77134.82000000,77450.00000000,76622.97000000,76842.01000000,2027.48081000
2026-09-14T00:00:00Z,76842.01000000,77895.35000000,76388.72000000,77892.24000000,4937.45385000
2026-09-14T08:00:00Z,77892.24000000,78712.29000000,77481.98000000,78578.02000000,5718.84952000
2026-09-14T16:00:00Z,78578.02000000,79600.00000000,78131.30000000,78189.21000000,4757.18634000
2026-09-15T00:00:00Z,78189.20000000,78250.46000000,76889.22000000,76930.01000000,4074.35260000
2026-09-15T08:00:00Z,76930.00000000,77223.32000000,75605.00000000,76512.00000000,9002.48967000
2026-09-15T16:00:00Z,76512.01000000,77343.44000000,74967.97000000,75644.48000000,8605.87507000
2026-09-16T00:00:00Z,75644.48000000,76111.00000000,75457.52000000,75766.63000000,3428.05816000
2026-09-16T08:00:00Z,75766.62000000,76304.01000000,75350.00000000,75788.41000000,4556.23162000
2026-09-16T16:00:00Z,75788.41000000,76560.76000000,75064.82000000,76206.01000000,6903.69453000
2026-09-17T00:00:00Z,76206.00000000,76774.08000000,76055.34000000,76462.76000000,3153.85406000
2026-09-17T08:00:00Z,76462.77000000,77179.47000000,76000.00000000,76780.01000000,4941.63494000
2026-09-17T16:00:00Z,76780.01000000,76970.01000000,76259.98000000,76417.01000000,2829.53319000
2026-09-18T00:00:00Z,76417.01000000,77850.00000000,76296.00000000,77798.01000000,5774.09680000
2026-09-18T08:00:00Z,77798.00000000,81154.67000000,77660.00000000,80725.60000000,12452.08460000
2026-09-18T16:00:00Z,80725.60000000,81400.00000000,80555.54000000,80883.87000000,5681.59822000
2026-09-19T00:00:00Z,80883.86000000,81741.00000000,80844.58000000,81100.16000000,2978.10539000
2026-09-19T08:00:00Z,81100.17000000,81951.00000000,81075.28000000,81636.01000000,3999.05512000
2026-09-19T16:00:00Z,81636.01000000,81914.01000000,80904.46000000,81249.99000000,3686.60655000
2026-09-20T00:00:00Z,81249.99000000,81330.01000000,80126.04000000,80311.61000000,4869.77682000
2026-09-20T08:00:00Z,80311.60000000,80969.84000000,80165.49000000,80912.00000000,2775.99631000
2026-09-20T16:00:00Z,80912.00000000,81497.33000000,80579.43000000,81178.00000000,3347.90980000
2026-09-21T00:00:00Z,81178.01000000,82100.00000000,80850.22000000,81720.01000000,4958.47746000
2026-09-21T08:00:00Z,81720.01000000,86344.70000000,81720.00000000,85927.71000000,19927.43101000
2026-09-21T16:00:00Z,85927.71000000,87395.67000000,85607.42000000,86620.00000000,7077.27025000
2026-09-22T00:00:00Z,86620.01000000,86625.82000000,85114.00000000,85344.00000000,6688.12831000
2026-09-22T08:00:00Z,85344.01000000,86717.60000000,85327.42000000,86413.12000000,8268.31125000
2026-09-22T16:00:00Z,86413.11000000,86660.00000000,86000.00000000,86208.56000000,6372.01857000
2026-09-23T00:00:00Z,86208.57000000,87278.54000000,86000.00000000,86124.77000000,5690.11400000
2026-09-23T08:00:00Z,86124.77000000,86264.01000000,83864.07000000,83996.01000000,11087.72666000
2026-09-23T16:00:00Z,83996.00000000,84670.01000000,83500.01000000,84397.60000000,5373.09211000
2026-09-24T00:00:00Z,84397.60000000,84612.01000000,83744.70000000,84524.02000000,4253.78500000
2026-09-24T08:00:00Z,84524.02000000,84942.45000000,82874.93000000,84418.00000000,9603.75513000
2026-09-24T16:00:00Z,84418.01000000,84924.01000000,83888.00000000,84410.24000000,4846.07958000
2026-09-25T00:00:00Z,84410.24000000,84888.00000000,83750.50000000,84043.96000000,4678.60079000
2026-09-25T08:00:00Z,84043.96000000,85255.00000000,83183.00000000,83796.01000000,9893.36600000
2026-09-25T16:00:00Z,83796.01000000,84193.39000000,83628.00000000,84099.99000000,3484.29840000
2026-09-26T00:00:00Z,84100.00000000,84145.26000000,83798.00000000,84116.80000000,2489.44667000
2026-09-26T08:00:00Z,84116.79000000,84336.96000000,83856.23000000,84155.99000000,2463.09795000
2026-09-26T16:00:00Z,84156.00000000,84473.58000000,83838.00000000,84433.10000000,3105.52003000
2026-09-27T00:00:00Z,84433.11000000,84791.00000000,84257.07000000,84791.00000000,2380.97110000
2026-09-27T08:00:00Z,84790.99000000,85159.03000000,84364.00000000,84463.37000000,4933.10386000
2026-09-27T16:00:00Z,84463.38000000,84843.00000000,84132.00000000,84472.00000000,2301.05467000
2026-09-28T00:00:00Z,84472.01000000,84999.00000000,82705.02000000,82966.01000000,7067.15600000
2026-09-28T08:00:00Z,82966.00000000,83820.00000000,82563.00000000,83370.00000000,10094.82557000
2026-09-28T16:00:00Z,83370.00000000,84381.30000000,83100.00000000,83500.01000000,3798.74305000
2026-09-29T00:00:00Z,83500.01000000,84200.00000000,82775.94000000,83980.97000000,4039.07253000
2026-09-29T08:00:00Z,83980.97000000,84563.99000000,82910.00000000,83068.00000000,6525.71447000
2026-09-29T16:00:00Z,83068.00000000,83849.00000000,82900.00000000,83663.66000000,2896.76631000
2026-09-30T00:00:00Z,83663.66000000,83731.46000000,82956.11000000,83304.92000000,3372.20555000
2026-09-30T08:00:00Z,83304.92000000,85649.95000000,83023.69000000,84134.43000000,11423.27178000
2026-09-30T16:00:00Z,84134.43000000,84490.01000000,83503.18000000,83623.60000000,3727.34268000
