timestamp,open,high,low,close,volume
2020-08-11T00:00:00Z,395.43000000,398.21000000,388.68000000,390.98000000,227993.13255000
2020-08-11T08:00:00Z,390.98000000,392.40000000,377.40000000,382.28000000,375861.78570000
2020-08-11T16:00:00Z,382.26000000,386.56000000,367.00000000,379.00000000,388557.68405000
2020-08-12T00:00:00Z,378.99000000,380.68000000,365.85000000,379.09000000,293960.03307000
2020-08-12T08:00:00Z,379.10000000,386.99000000,377.45000000,385.01000000,263155.69909000
2020-08-12T16:00:00Z,385.09000000,389.23000000,380.06000000,387.18000000,194733.06614000
2020-08-13T00:00:00Z,387.18000000,396.10000000,386.48000000,389.55000000,316150.19736000
2020-08-13T08:00:00Z,389.55000000,397.50000000,376.59000000,392.59000000,531086.77390000
2020-08-13T16:00:00Z,392.57000000,431.49000000,387.66000000,424.54000000,664093.80194000
2020-08-14T00:00:00Z,424.54000000,430.00000000,417.05000000,422.22000000,366364.78743000
2020-08-14T08:00:00Z,422.20000000,437.45000000,421.40000000,436.40000000,350709.87741000
2020-08-14T16:00:00Z,436.50000000,444.71000000,433.74000000,438.11000000,392596.27840000
2020-08-15T00:00:00Z,438.12000000,442.94000000,435.45000000,437.02000000,193251.53271000
2020-08-15T08:00:00Z,437.07000000,438.65000000,427.02000000,435.59000000,300534.37361000
2020-08-15T16:00:00Z,435.59000000,439.10000000,428.56000000,432.32000000,187912.69078000
2020-08-16T00:00:00Z,432.30000000,433.30000000,421.48000000,426.65000000,177924.37522000
2020-08-16T08:00:00Z,426.64000000,432.04000000,412.47000000,430.34000000,330421.02429000
2020-08-16T16:00:00Z,430.33000000,436.99000000,426.52000000,433.62000000,208320.85307000
2020-08-17T00:00:00Z,433.61000000,435.00000000,420.37000000,423.60000000,206867.56864000
2020-08-17T08:00:00Z,423.60000000,440.88000000,422.35000000,440.87000000,375417.57625000
2020-08-17T16:00:00Z,440.87000000,446.00000000,428.00000000,430.89000000,286585.50507000
2020-08-18T00:00:00Z,430.89000000,433.81000000,426.18000000,429.50000000,194252.34150000
2020-08-18T08:00:00Z,429.50000000,431.92000000,415.00000000,420.12000000,353858.76545000
2020-08-18T16:00:00Z,420.13000000,429.28000000,416.83000000,421.95000000,195143.46323000
2020-08-19T00:00:00Z,421.92000000,426.75000000,402.00000000,413.40000000,379382.91455000
2020-08-19T08:00:00Z,413.37000000,416.23000000,406.07000000,409.59000000,244493.05032000
2020-08-19T16:00:00Z,409.59000000,412.00000000,393.25000000,407.46000000,354463.72734000
2020-08-20T00:00:00Z,407.46000000,415.27000000,402.07000000,404.30000000,189496.65210000
2020-08-20T08:00:00Z,404.30000000,416.09000000,403.22000000,415.37000000,247295.33779000
2020-08-20T16:00:00Z,415.36000000,418.98000000,413.57000000,415.94000000,226763.74456000
2020-08-21T00:00:00Z,415.94000000,418.68000000,409.50000000,412.80000000,207257.88217000
2020-08-21T08:00:00Z,412.81000000,412.81000000,399.44000000,404.27000000,304471.73757000
2020-08-21T16:00:00Z,404.21000000,406.70000000,385.10000000,387.97000000,349269.10586000
2020-08-22T00:00:00Z,387.93000000,392.50000000,379.92000000,391.11000000,273600.56107000
2020-08-22T08:00:00Z,391.10000000,395.29000000,388.20000000,390.31000000,210489.11882000
2020-08-22T16:00:00Z,390.33000000,397.04000000,387.33000000,395.24000000,159146.08554000
2020-08-23T00:00:00Z,395.23000000,396.95000000,387.35000000,390.93000000,139413.27686000
2020-08-23T08:00:00Z,390.94000000,392.97000000,383.15000000,392.61000000,189544.87313000
2020-08-23T16:00:00Z,392.66000000,395.25000000,388.84000000,390.71000000,116359.66990000
2020-08-24T00:00:00Z,390.72000000,398.97000000,387.44000000,398.44000000,201513.81948000
2020-08-24T08:00:00Z,398.48000000,408.53000000,398.43000000,403.10000000,281486.97132000
2020-08-24T16:00:00Z,403.10000000,410.42000000,398.08000000,407.68000000,234403.02797000
2020-08-25T00:00:00Z,407.68000000,409.06000000,392.00000000,395.30000000,207746.58309000
2020-08-25T08:00:00Z,395.30000000,398.87000000,380.40000000,385.56000000,375373.54929000
2020-08-25T16:00:00Z,385.56000000,386.77000000,370.00000000,382.93000000,387325.25157000
2020-08-26T00:00:00Z,382.91000000,387.95000000,377.45000000,381.39000000,223781.07536000
2020-08-26T08:00:00Z,381.39000000,390.00000000,377.37000000,389.86000000,314300.99136000
2020-08-26T16:00:00Z,389.86000000,392.91000000,385.22000000,385.81000000,200608.71268000
2020-08-27T00:00:00Z,385.81000000,389.13000000,380.55000000,385.89000000,187210.16987000
2020-08-27T08:00:00Z,385.88000000,397.10000000,380.95000000,383.79000000,385863.99647000
2020-08-27T16:00:00Z,383.75000000,386.70000000,371.48000000,383.27000000,304689.57024000
2020-08-28T00:00:00Z,383.31000000,391.75000000,379.75000000,387.28000000,225103.89388000
2020-08-28T08:00:00Z,387.30000000,397.00000000,386.25000000,396.23000000,287264.70231000
2020-08-28T16:00:00Z,396.23000000,398.00000000,390.85000000,395.11000000,220232.87286000
2020-08-29T00:00:00Z,395.10000000,404.15000000,391.88000000,403.32000000,211107.73896000
2020-08-29T08:00:00Z,403.32000000,404.22000000,395.72000000,402.47000000,244495.09600000
2020-08-29T16:00:00Z,402.49000000,405.69000000,398.30000000,398.65000000,204199.79848000
2020-08-30T00:00:00Z,398.65000000,407.00000000,398.30000000,405.39000000,215694.29972000
2020-08-30T08:00:00Z,405.39000000,418.63000000,402.80000000,416.81000000,328543.64032000
2020-08-30T16:00:00Z,416.81000000,429.89000000,415.06000000,428.94000000,350741.77784000
2020-08-31T00:00:00Z,428.94000000,430.55000000,418.04000000,420.92000000,275923.36998000
2020-08-31T08:00:00Z,420.92000000,439.00000000,418.56000000,434.14000000,448035.61836000
2020-08-31T16:00:00Z,434.15000000,438.70000000,428.90000000,433.79000000,316789.70047000
2020-09-01T00:00:00Z,433.80000000,466.68000000,429.03000000,463.40000000,641135.81054000
2020-09-01T08:00:00Z,463.40000000,486.05000000,456.77000000,481.96000000,652966.82995000
2020-09-01T16:00:00Z,481.92000000,488.84000000,471.18000000,475.40000000,457251.93670000
2020-09-02T00:00:00Z,475.40000000,481.39000000,464.85000000,466.97000000,447472.75812000
2020-09-02T08:00:00Z,466.98000000,472.00000000,420.00000000,432.49000000,989999.20729000
2020-09-02T16:00:00Z,432.50000000,444.99000000,421.00000000,439.50000000,443170.50312000
2020-09-03T00:00:00Z,439.50000000,450.70000000,423.70000000,436.89000000,551167.59893000
2020-09-03T08:00:00Z,436.90000000,438.76000000,391.01000000,403.64000000,1001230.37705000
2020-09-03T16:00:00Z,403.56000000,407.72000000,372.00000000,381.40000000,856171.36553000
2020-09-04T00:00:00Z,381.35000000,391.48000000,373.71000000,386.01000000,563952.94147000
2020-09-04T08:00:00Z,386.00000000,400.21000000,357.00000000,384.34000000,800720.91184000
2020-09-04T16:00:00Z,384.34000000,393.10000000,376.27000000,385.26000000,441814.37143000
2020-09-05T00:00:00Z,385.30000000,395.00000000,378.31000000,380.61000000,352724.50204000
2020-09-05T08:00:00Z,380.60000000,380.60000000,335.01000000,357.31000000,1084476.43184000
2020-09-05T16:00:00Z,357.31000000,359.58000000,308.42000000,335.01000000,1339965.58001000
2020-09-06T00:00:00Z,335.04000000,343.08000000,316.10000000,340.03000000,684923.53103000
2020-09-06T08:00:00Z,340.00000000,358.50000000,336.38000000,344.49000000,816794.56141000
2020-09-06T16:00:00Z,344.49000000,360.00000000,340.68000000,352.80000000,516093.05477000
2020-09-07T00:00:00Z,352.85000000,358.51000000,338.15000000,343.50000000,455929.60552000
2020-09-07T08:00:00Z,343.51000000,349.54000000,323.00000000,346.19000000,856418.01485000
2020-09-07T16:00:00Z,346.14000000,355.42000000,342.20000000,353.59000000,428270.80425000
2020-09-08T00:00:00Z,353.59000000,356.58000000,343.86000000,346.74000000,324520.67097000
2020-09-08T08:00:00Z,346.74000000,350.96000000,330.20000000,341.27000000,636900.03582000
2020-09-08T16:00:00Z,341.34000000,346.38000000,325.38000000,337.39000000,438826.12283000
2020-09-09T00:00:00Z,337.41000000,342.84000000,330.51000000,342.40000000,240256.23788000
2020-09-09T08:00:00Z,342.35000000,354.85000000,339.67000000,352.46000000,367253.59740000
2020-09-09T16:00:00Z,352.48000000,359.00000000,348.55000000,350.85000000,272250.72727000
2020-09-10T00:00:00Z,350.85000000,375.48000000,349.91000000,363.83000000,436591.24229000
2020-09-10T08:00:00Z,363.94000000,377.25000000,360.00000000,370.91000000,444692.57749000
2020-09-10T16:00:00Z,370.96000000,373.10000000,361.41000000,367.93000000,253003.79159000
2020-09-11T00:00:00Z,367.93000000,372.00000000,355.49000000,362.30000000,291731.38168000
2020-09-11T08:00:00Z,362.29000000,370.82000000,361.00000000,369.94000000,316599.02958000
2020-09-11T16:00:00Z,369.93000000,375.27000000,364.75000000,373.63000000,235687.18840000
2020-09-12T00:00:00Z,373.62000000,374.54000000,364.73000000,368.41000000,205084.07057000
2020-09-12T08:00:00Z,368.39000000,374.80000000,365.99000000,373.20000000,242750.06332000
2020-09-12T16:00:00Z,373.23000000,388.57000000,371.82000000,387.78000000,318708.18246000
2020-09-13T00:00:00Z,387.78000000,390.43000000,382.00000000,387.29000000,221239.44766000
2020-09-13T08:00:00Z,387.30000000,388.80000000,359.74000000,360.75000000,455213.06388000
2020-09-13T16:00:00Z,360.76000000,366.84000000,350.00000000,366.42000000,312743.17893000
2020-09-14T00:00:00Z,366.43000000,370.25000000,355.73000000,369.38000000,279518.17528000
2020-09-14T08:00:00Z,369.36000000,384.00000000,361.59000000,383.11000000,444308.05857000
2020-09-14T16:00:00Z,383.11000000,384.64000000,370.57000000,377.12000000,318233.38880000
2020-09-15T00:00:00Z,377.12000000,382.47000000,372.00000000,375.59000000,242554.06661000
2020-09-15T08:00:00Z,375.59000000,379.00000000,363.01000000,366.00000000,422298.23587000
2020-09-15T16:00:00Z,366.00000000,369.27000000,362.34000000,364.06000000,219004.02757000
2020-09-16T00:00:00Z,364.05000000,366.49000000,355.00000000,365.63000000,318230.53902000
2020-09-16T08:00:00Z,365.65000000,370.96000000,360.91000000,370.51000000,290583.71335000
2020-09-16T16:00:00Z,370.52000000,373.45000000,363.61000000,365.11000000,232895.73702000
2020-09-17T00:00:00Z,365.04000000,385.00000000,363.30000000,379.90000000,519083.54587000
2020-09-17T08:00:00Z,379.91000000,384.22000000,374.61000000,380.22000000,395614.02423000
2020-09-17T16:00:00Z,380.22000000,394.14000000,378.53000000,389.36000000,341602.84090000
2020-09-18T00:00:00Z,389.35000000,392.58000000,382.26000000,386.10000000,273729.46659000
2020-09-18T08:00:00Z,386.10000000,388.74000000,379.76000000,382.19000000,263193.89708000
2020-09-18T16:00:00Z,382.18000000,384.70000000,375.33000000,384.39000000,267271.10852000
2020-09-19T00:00:00Z,384.40000000,385.30000000,377.67000000,377.77000000,168167.05297000
2020-09-19T08:00:00Z,377.76000000,388.72000000,377.00000000,384.59000000,225237.10664000
2020-09-19T16:00:00Z,384.59000000,386.60000000,381.57000000,385.25000000,177504.17592000
2020-09-20T00:00:00Z,385.25000000,385.45000000,379.42000000,380.90000000,173154.23438000
2020-09-20T08:00:00Z,380.88000000,382.15000000,370.15000000,370.75000000,260300.32168000
2020-09-20T16:00:00Z,370.74000000,373.39000000,365.00000000,371.04000000,259709.84538000
2020-09-21T00:00:00Z,371.04000000,376.80000000,368.62000000,369.78000000,207217.44098000
2020-09-21T08:00:00Z,369.79000000,370.87000000,331.00000000,340.22000000,751694.10719000
2020-09-21T16:00:00Z,340.21000000,350.00000000,336.25000000,340.36000000,325034.48281000
2020-09-22T00:00:00Z,340.31000000,346.78000000,335.34000000,336.12000000,323792.21333000
2020-09-22T08:00:00Z,336.11000000,344.44000000,336.01000000,341.23000000,315998.24801000
2020-09-22T16:00:00Z,341.25000000,346.91000000,340.36000000,344.21000000,202940.66744000
2020-09-23T00:00:00Z,344.18000000,344.65000000,333.07000000,335.72000000,237945.34620000
2020-09-23T08:00:00Z,335.69000000,343.45000000,334.18000000,338.53000000,266640.82623000
2020-09-23T16:00:00Z,338.53000000,341.46000000,313.29000000,320.72000000,436318.32513000
2020-09-24T00:00:00Z,320.72000000,329.17000000,316.67000000,328.00000000,277795.22482000
2020-09-24T08:00:00Z,327.99000000,345.00000000,325.00000000,344.54000000,438773.14074000
2020-09-24T16:00:00Z,344.49000000,353.10000000,343.13000000,348.97000000,355136.73165000
2020-09-25T00:00:00Z,348.97000000,350.42000000,339.80000000,343.00000000,281879.17404000
2020-09-25T08:00:00Z,343.01000000,348.61000000,337.58000000,347.12000000,318745.06684000
2020-09-25T16:00:00Z,347.14000000,358.00000000,345.00000000,351.92000000,260019.53836000
2020-09-26T00:00:00Z,351.93000000,356.40000000,348.97000000,350.82000000,183874.46664000
2020-09-26T08:00:00Z,350.82000000,354.72000000,345.88000000,352.34000000,219447.48726000
2020-09-26T16:00:00Z,352.34000000,355.90000000,350.42000000,353.92000000,127557.25365000
2020-09-27T00:00:00Z,353.95000000,362.14000000,352.50000000,354.34000000,257984.15667000
2020-09-27T08:00:00Z,354.34000000,356.71000000,347.24000000,355.58000000,185294.67154000
2020-09-27T16:00:00Z,355.58000000,357.80000000,351.50000000,357.49000000,126289.72220000
2020-09-28T00:00:00Z,357.58000000,360.69000000,354.85000000,357.37000000,230574.18712000
2020-09-28T08:00:00Z,357.37000000,367.16000000,356.00000000,364.90000000,301162.96930000
2020-09-28T16:00:00Z,364.91000000,368.20000000,351.70000000,353.96000000,226021.27398000
2020-09-29T00:00:00Z,353.91000000,356.08000000,350.45000000,355.02000000,199338.63213000
2020-09-29T08:00:00Z,355.01000000,359.73000000,354.17000000,355.30000000,200522.43203000
2020-09-29T16:00:00Z,355.30000000,360.63000000,351.80000000,359.79000000,185282.10476000
2020-09-30T00:00:00Z,359.78000000,359.98000000,353.50000000,355.05000000,154310.40696000
2020-09-30T08:00:00Z,355.05000000,358.00000000,351.56000000,357.31000000,183963.38692000
2020-09-30T16:00:00Z,357.40000000,361.50000000,354.59000000,359.83000000,160669.43838000
2020-10-01T00:00:00Z,359.83000000,364.05000000,358.76000000,363.93000000,157058.51323000
2020-10-01T08:00:00Z,363.97000000,370.45000000,361.00000000,361.11000000,219212.86045000
2020-10-01T16:00:00Z,361.11000000,361.11000000,345.51000000,352.85000000,382077.94591000
2020-10-02T00:00:00Z,352.83000000,354.55000000,340.25000000,342.17000000,262752.04362000
2020-10-02T08:00:00Z,342.20000000,346.64000000,334.24000000,343.12000000,324398.17188000
2020-10-02T16:00:00Z,343.16000000,347.62000000,341.36000000,345.60000000,146421.62661000
2020-10-03T00:00:00Z,345.60000000,349.20000000,343.70000000,346.14000000,103441.59301000
2020-10-03T08:00:00Z,346.11000000,349.92000000,344.40000000,347.28000000,96621.08759000
2020-10-03T16:00:00Z,347.27000000,351.00000000,345.62000000,345.95000000,103533.03841000
2020-10-04T00:00:00Z,345.94000000,349.93000000,343.81000000,348.36000000,98017.00525000
2020-10-04T08:00:00Z,348.36000000,349.65000000,344.91000000,346.69000000,103035.55089000
2020-10-04T16:00:00Z,346.69000000,354.45000000,346.44000000,352.37000000,142880.36098000
2020-10-05T00:00:00Z,352.34000000,356.10000000,348.54000000,350.93000000,144366.84076000
2020-10-05T08:00:00Z,350.92000000,354.70000000,349.65000000,352.83000000,134495.24383000
2020-10-05T16:00:00Z,352.84000000,354.14000000,349.51000000,353.62000000,97878.22233000
2020-10-06T00:00:00Z,353.63000000,355.10000000,350.65000000,350.71000000,111897.43494000
2020-10-06T08:00:00Z,350.69000000,352.95000000,341.00000000,351.34000000,263140.89139000
2020-10-06T16:00:00Z,351.35000000,352.23000000,336.80000000,340.75000000,265024.94318000
2020-10-07T00:00:00Z,340.80000000,342.42000000,332.18000000,341.31000000,231165.21915000
2020-10-07T08:00:00Z,341.31000000,342.85000000,337.00000000,340.66000000,157025.83902000
2020-10-07T16:00:00Z,340.67000000,342.82000000,337.16000000,341.58000000,153737.80559000
2020-10-08T00:00:00Z,341.58000000,342.44000000,334.61000000,336.18000000,152359.15432000
2020-10-08T08:00:00Z,336.21000000,351.00000000,334.21000000,349.20000000,319057.07932000
2020-10-08T16:00:00Z,349.19000000,353.32000000,348.91000000,350.95000000,160378.64196000
2020-10-09T00:00:00Z,350.94000000,351.63000000,347.32000000,350.55000000,136316.93447000
2020-10-09T08:00:00Z,350.56000000,365.68000000,349.23000000,365.13000000,333912.73230000
2020-10-09T16:00:00Z,365.13000000,368.33000000,362.00000000,365.02000000,180248.52661000
2020-10-10T00:00:00Z,365.01000000,378.40000000,364.71000000,374.87000000,250538.85686000
2020-10-10T08:00:00Z,374.89000000,376.18000000,368.30000000,372.78000000,210143.42186000
2020-10-10T16:00:00Z,372.79000000,375.60000000,369.42000000,370.52000000,130323.04257000
2020-10-11T00:00:00Z,370.51000000,373.61000000,368.87000000,372.13000000,108648.56824000
2020-10-11T08:00:00Z,372.14000000,377.60000000,371.03000000,375.13000000,153087.48157000
2020-10-11T16:00:00Z,375.11000000,376.31000000,371.33000000,374.16000000,111582.18798000
2020-10-12T00:00:00Z,374.17000000,375.43000000,370.36000000,374.14000000,152127.64452000
2020-10-12T08:00:00Z,374.18000000,387.17000000,365.58000000,385.56000000,426707.98953000
2020-10-12T16:00:00Z,385.57000000,394.80000000,384.72000000,386.51000000,265587.02039000
2020-10-13T00:00:00Z,386.51000000,387.75000000,380.59000000,382.86000000,207374.20945000
2020-10-13T08:00:00Z,382.85000000,387.20000000,374.51000000,379.14000000,302549.53807000
2020-10-13T16:00:00Z,379.14000000,382.99000000,375.86000000,381.04000000,135218.16642000
2020-10-14T00:00:00Z,381.05000000,385.11000000,379.84000000,382.26000000,136629.89590000
2020-10-14T08:00:00Z,382.27000000,387.41000000,375.00000000,375.84000000,240991.91057000
2020-10-14T16:00:00Z,375.82000000,379.63000000,373.13000000,378.69000000,191936.02289000
2020-10-15T00:00:00Z,378.69000000,380.95000000,375.36000000,378.78000000,135264.27602000
2020-10-15T08:00:00Z,378.79000000,379.53000000,369.85000000,376.62000000,311550.53790000
2020-10-15T16:00:00Z,376.63000000,381.79000000,374.12000000,377.64000000,187223.28061000
2020-10-16T00:00:00Z,377.63000000,379.83000000,365.00000000,368.80000000,272666.69529000
2020-10-16T08:00:00Z,368.80000000,371.37000000,361.18000000,367.09000000,261617.89273000
2020-10-16T16:00:00Z,367.10000000,369.19000000,364.05000000,365.50000000,119744.77602000
2020-10-17T00:00:00Z,365.50000000,369.20000000,363.36000000,367.79000000,97228.47349000
2020-10-17T08:00:00Z,367.79000000,370.46000000,364.40000000,367.69000000,117515.38187000
2020-10-17T16:00:00Z,367.70000000,368.84000000,365.72000000,368.32000000,70834.39001000
2020-10-18T00:00:00Z,368.31000000,374.39000000,367.10000000,373.96000000,113815.70507000
2020-10-18T08:00:00Z,373.96000000,377.30000000,371.42000000,375.69000000,122283.27303000
2020-10-18T16:00:00Z,375.66000000,378.64000000,374.81000000,378.11000000,87369.49285000
2020-10-19T00:00:00Z,378.12000000,380.00000000,372.50000000,375.03000000,151295.21239000
2020-10-19T08:00:00Z,375.02000000,383.95000000,374.28000000,383.53000000,235310.67137000
2020-10-19T16:00:00Z,383.54000000,384.32000000,376.40000000,379.30000000,190647.01889000
2020-10-20T00:00:00Z,379.30000000,380.73000000,374.50000000,375.41000000,139630.26161000
2020-10-20T08:00:00Z,375.45000000,377.50000000,365.27000000,371.04000000,313825.12317000
2020-10-20T16:00:00Z,371.03000000,372.76000000,366.50000000,368.52000000,163854.43199000
2020-10-21T00:00:00Z,368.53000000,382.42000000,367.74000000,379.13000000,298499.44189000
2020-10-21T08:00:00Z,379.13000000,392.00000000,376.01000000,391.90000000,419713.35298000
2020-10-21T16:00:00Z,391.90000000,401.49000000,388.33000000,390.38000000,503450.84297000
2020-10-22T00:00:00Z,390.31000000,397.70000000,390.21000000,395.09000000,214246.41153000
2020-10-22T08:00:00Z,395.08000000,416.88000000,392.97000000,414.50000000,504034.09802000
2020-10-22T16:00:00Z,414.49000000,420.73000000,411.15000000,413.98000000,377616.69712000
2020-10-23T00:00:00Z,413.94000000,416.86000000,409.22000000,412.84000000,223848.41802000
2020-10-23T08:00:00Z,412.85000000,419.33000000,410.69000000,412.00000000,269545.37313000
2020-10-23T16:00:00Z,412.01000000,413.40000000,401.30000000,409.11000000,234438.53125000
2020-10-24T00:00:00Z,409.19000000,413.99000000,407.00000000,410.17000000,108162.89496000
2020-10-24T08:00:00Z,410.16000000,416.66000000,407.80000000,414.00000000,176846.23502000
2020-10-24T16:00:00Z,414.00000000,414.79000000,408.00000000,412.14000000,134227.74108000
2020-10-25T00:00:00Z,412.14000000,417.40000000,405.00000000,409.55000000,201558.55741000
2020-10-25T08:00:00Z,409.55000000,409.60000000,405.00000000,406.01000000,126650.47448000
2020-10-25T16:00:00Z,406.00000000,408.73000000,402.50000000,405.86000000,87377.94421000
2020-10-26T00:00:00Z,405.85000000,411.11000000,402.88000000,404.99000000,204021.81698000
2020-10-26T08:00:00Z,404.94000000,407.67000000,391.50000000,393.62000000,320181.25259000
2020-10-26T16:00:00Z,393.62000000,395.69000000,382.30000000,392.52000000,370939.60309000
2020-10-27T00:00:00Z,392.52000000,395.92000000,391.59000000,394.20000000,136694.52444000
2020-10-27T08:00:00Z,394.23000000,406.79000000,389.90000000,405.96000000,347373.53732000
2020-10-27T16:00:00Z,405.98000000,410.25000000,401.27000000,403.45000000,270193.67938000
2020-10-28T00:00:00Z,403.41000000,409.20000000,394.23000000,396.93000000,245344.32114000
2020-10-28T08:00:00Z,396.91000000,398.60000000,380.52000000,387.54000000,407751.26005000
2020-10-28T16:00:00Z,387.54000000,390.15000000,380.64000000,388.23000000,202179.88763000
2020-10-29T00:00:00Z,388.22000000,392.27000000,386.36000000,387.21000000,144460.83981000
2020-10-29T08:00:00Z,387.20000000,392.68000000,380.52000000,390.68000000,245668.60755000
2020-10-29T16:00:00Z,390.71000000,393.72000000,383.46000000,387.13000000,182966.56680000
2020-10-30T00:00:00Z,387.12000000,391.97000000,375.06000000,378.72000000,343605.92802000
2020-10-30T08:00:00Z,378.76000000,384.19000000,373.29000000,382.17000000,287948.51443000
2020-10-30T16:00:00Z,382.15000000,384.78000000,379.66000000,382.49000000,140196.30501000
2020-10-31T00:00:00Z,382.59000000,387.86000000,379.90000000,384.03000000,112050.47380000
2020-10-31T08:00:00Z,384.03000000,394.88000000,383.93000000,390.10000000,241412.22559000
2020-10-31T16:00:00Z,390.09000000,391.35000000,384.10000000,386.46000000,113991.11111000
2020-11-01T00:00:00Z,386.44000000,390.65000000,384.61000000,388.94000000,108945.89339000
2020-11-01T08:00:00Z,388.96000000,390.20000000,385.74000000,388.42000000,141353.27248000
2020-11-01T16:00:00Z,388.41000000,398.29000000,387.94000000,396.67000000,188653.78978000
2020-11-02T00:00:00Z,396.68000000,404.50000000,396.44000000,399.26000000,242653.95847000
2020-11-02T08:00:00Z,399.26000000,399.33000000,377.92000000,385.09000000,391896.18063000
2020-11-02T16:00:00Z,385.04000000,388.63000000,381.20000000,383.02000000,145418.44047000
2020-11-03T00:00:00Z,383.01000000,385.59000000,370.23000000,375.52000000,284098.30137000
2020-11-03T08:00:00Z,375.52000000,384.98000000,374.30000000,381.46000000,276397.84378000
2020-11-03T16:00:00Z,381.48000000,390.00000000,380.00000000,387.88000000,192458.22599000
2020-11-04T00:00:00Z,387.88000000,388.42000000,376.47000000,378.27000000,299767.81450000
2020-11-04T08:00:00Z,378.25000000,384.60000000,376.89000000,383.74000000,197334.51719000
2020-11-04T16:00:00Z,383.75000000,408.39000000,383.06000000,402.49000000,659962.01907000
2020-11-05T00:00:00Z,402.50000000,406.88000000,400.33000000,402.83000000,351119.82391000
2020-11-05T08:00:00Z,402.83000000,415.35000000,396.14000000,414.18000000,674879.85057000
2020-11-05T16:00:00Z,414.18000000,420.40000000,406.61000000,416.69000000,449140.09894000
2020-11-06T00:00:00Z,416.73000000,441.61000000,414.76000000,435.97000000,661535.30178000
2020-11-06T08:00:00Z,435.93000000,446.58000000,426.00000000,435.23000000,623482.10070000
2020-11-06T16:00:00Z,435.23000000,458.27000000,435.09000000,455.91000000,397423.55778000
2020-11-07T00:00:00Z,455.91000000,468.28000000,454.80000000,456.31000000,422321.05698000
2020-11-07T08:00:00Z,456.31000000,465.16000000,438.20000000,447.88000000,585146.25961000
2020-11-07T16:00:00Z,447.88000000,454.29000000,424.14000000,435.21000000,645949.27951000
2020-11-08T00:00:00Z,435.20000000,443.30000000,431.99000000,435.45000000,223308.47703000
2020-11-08T08:00:00Z,435.43000000,456.77000000,435.43000000,454.11000000,323715.69636000
2020-11-08T16:00:00Z,454.11000000,460.10000000,446.27000000,454.30000000,293884.29502000
2020-11-09T00:00:00Z,454.29000000,457.86000000,443.67000000,444.85000000,245219.82899000
2020-11-09T08:00:00Z,444.80000000,459.10000000,437.00000000,437.71000000,560886.77620000
2020-11-09T16:00:00Z,437.71000000,450.39000000,433.09000000,444.32000000,293106.64122000
2020-11-10T00:00:00Z,444.32000000,452.99000000,438.70000000,449.04000000,264359.00744000
2020-11-10T08:00:00Z,449.04000000,455.00000000,440.30000000,443.12000000,360369.26090000
2020-11-10T16:00:00Z,443.08000000,454.60000000,441.86000000,450.34000000,242144.14274000
2020-11-11T00:00:00Z,450.34000000,466.41000000,449.28000000,462.14000000,464237.32365000
2020-11-11T08:00:00Z,462.15000000,464.20000000,455.31000000,461.99000000,294925.52326000
2020-11-11T16:00:00Z,462.00000000,476.25000000,460.11000000,463.09000000,446619.99571000
2020-11-12T00:00:00Z,463.09000000,466.20000000,451.20000000,464.80000000,282598.60543000
2020-11-12T08:00:00Z,464.80000000,470.00000000,455.01000000,461.16000000,449384.48984000
2020-11-12T16:00:00Z,461.16000000,464.74000000,452.18000000,462.39000000,258793.53385000
2020-11-13T00:00:00Z,462.48000000,467.18000000,457.12000000,460.21000000,266410.04856000
2020-11-13T08:00:00Z,460.21000000,474.27000000,458.02000000,469.33000000,434014.94188000
2020-11-13T16:00:00Z,469.32000000,478.01000000,464.68000000,476.43000000,276240.10708000
2020-11-14T00:00:00Z,476.42000000,477.47000000,465.02000000,467.08000000,223263.30493000
2020-11-14T08:00:00Z,467.06000000,467.89000000,453.65000000,458.77000000,321753.92412000
2020-11-14T16:00:00Z,458.77000000,463.47000000,452.00000000,460.89000000,190235.55635000
2020-11-15T00:00:00Z,460.90000000,462.89000000,456.51000000,460.80000000,137069.21773000
2020-11-15T08:00:00Z,460.81000000,462.73000000,454.30000000,456.25000000,191264.93352000
2020-11-15T16:00:00Z,456.25000000,457.04000000,440.19000000,448.08000000,336883.41546000
2020-11-16T00:00:00Z,448.07000000,456.40000000,445.45000000,454.57000000,219745.04522000
2020-11-16T08:00:00Z,454.57000000,460.80000000,449.64000000,459.40000000,280169.23634000
2020-11-16T16:00:00Z,459.39000000,466.00000000,456.63000000,460.55000000,312146.16482000
2020-11-17T00:00:00Z,460.51000000,468.85000000,459.80000000,465.98000000,234363.43365000
2020-11-17T08:00:00Z,465.99000000,474.12000000,461.80000000,473.66000000,397222.84912000
2020-11-17T16:00:00Z,473.63000000,484.88000000,471.70000000,482.15000000,519987.09179000
2020-11-18T00:00:00Z,482.11000000,495.31000000,456.60000000,477.32000000,738415.34871000
2020-11-18T08:00:00Z,477.31000000,482.60000000,463.50000000,473.99000000,501761.09948000
2020-11-18T16:00:00Z,473.99000000,480.59000000,468.79000000,478.41000000,237519.84297000
2020-11-19T00:00:00Z,478.43000000,480.75000000,470.50000000,471.76000000,222119.52692000
2020-11-19T08:00:00Z,471.76000000,478.44000000,464.86000000,475.52000000,407181.66616000
2020-11-19T16:00:00Z,475.51000000,477.04000000,468.63000000,471.25000000,188117.33377000
2020-11-20T00:00:00Z,471.26000000,493.98000000,470.65000000,491.47000000,435705.02577000
2020-11-20T08:00:00Z,491.48000000,511.10000000,490.00000000,504.73000000,702522.22960000
2020-11-20T16:00:00Z,504.73000000,514.40000000,503.32000000,510.12000000,378134.65199000
2020-11-21T00:00:00Z,510.12000000,518.68000000,502.82000000,510.25000000,393533.84860000
2020-11-21T08:00:00Z,510.28000000,539.57000000,506.45000000,537.10000000,580417.63954000
2020-11-21T16:00:00Z,537.11000000,553.32000000,531.20000000,552.35000000,574899.80253000
2020-11-22T00:00:00Z,552.42000000,561.59000000,533.20000000,542.32000000,547750.21230000
2020-11-22T08:00:00Z,542.32000000,545.37000000,511.28000000,534.39000000,591430.15429000
2020-11-22T16:00:00Z,534.36000000,580.88000000,532.51000000,560.03000000,711137.56922000
2020-11-23T00:00:00Z,560.03000000,587.73000000,550.12000000,580.85000000,672868.30357000
2020-11-23T08:00:00Z,580.94000000,606.35000000,575.39000000,589.90000000,893737.46641000
2020-11-23T16:00:00Z,589.90000000,610.85000000,581.18000000,608.58000000,509403.07848000
2020-11-24T00:00:00Z,608.58000000,621.06000000,585.00000000,604.88000000,656033.64397000
2020-11-24T08:00:00Z,604.87000000,623.00000000,592.00000000,606.96000000,641111.46645000
2020-11-24T16:00:00Z,606.97000000,613.69000000,596.99000000,604.97000000,309305.38151000
2020-11-25T00:00:00Z,604.98000000,606.00000000,579.34000000,592.82000000,404429.93154000
2020-11-25T08:00:00Z,592.82000000,604.63000000,590.00000000,593.67000000,337935.36612000
2020-11-25T16:00:00Z,593.67000000,597.04000000,553.83000000,569.50000000,477074.72961000
2020-11-26T00:00:00Z,569.38000000,577.14000000,505.00000000,516.01000000,939349.34223000
2020-11-26T08:00:00Z,515.88000000,526.32000000,482.00000000,508.00000000,1088913.45549000
2020-11-26T16:00:00Z,508.00000000,523.38000000,481.00000000,519.83000000,655197.94399000
2020-11-27T00:00:00Z,519.83000000,530.62000000,515.00000000,517.48000000,384199.99883000
2020-11-27T08:00:00Z,517.50000000,517.68000000,494.10000000,496.33000000,449897.25772000
2020-11-27T16:00:00Z,496.33000000,518.76000000,493.72000000,518.68000000,253967.02459000
2020-11-28T00:00:00Z,518.59000000,520.60000000,509.36000000,514.07000000,204765.83848000
2020-11-28T08:00:00Z,514.07000000,533.68000000,506.59000000,533.51000000,334733.24905000
2020-11-28T16:00:00Z,533.51000000,547.94000000,533.36000000,537.52000000,361009.52678000
2020-11-29T00:00:00Z,537.50000000,543.80000000,530.32000000,541.35000000,220654.46120000
2020-11-29T08:00:00Z,541.33000000,558.75000000,540.60000000,554.42000000,335940.75306000
2020-11-29T16:00:00Z,554.40000000,576.90000000,549.04000000,576.30000000,298681.25238000
2020-11-30T00:00:00Z,576.32000000,593.08000000,576.27000000,585.17000000,324351.18801000
2020-11-30T08:00:00Z,585.17000000,612.84000000,570.07000000,596.33000000,690906.99737000
2020-11-30T16:00:00Z,596.37000000,616.85000000,595.09000000,616.66000000,486731.26870000
2020-12-01T00:00:00Z,616.65000000,617.49000000,601.32000000,610.80000000,344431.55586000
2020-12-01T08:00:00Z,610.80000000,635.70000000,560.00000000,603.94000000,1356096.67536000
2020-12-01T16:00:00Z,603.81000000,608.77000000,582.17000000,585.26000000,463347.58254000
2020-12-02T00:00:00Z,585.26000000,598.50000000,575.00000000,597.63000000,402330.16926000
2020-12-02T08:00:00Z,597.62000000,604.93000000,585.10000000,589.51000000,408913.01700000
2020-12-02T16:00:00Z,589.50000000,601.77000000,583.41000000,596.89000000,258295.46993000
2020-12-03T00:00:00Z,596.88000000,600.00000000,585.82000000,598.47000000,215048.55394000
2020-12-03T08:00:00Z,598.48000000,619.01000000,595.29000000,618.92000000,438699.53881000
2020-12-03T16:00:00Z,618.92000000,623.44000000,607.55000000,615.85000000,281939.82448000
2020-12-04T00:00:00Z,615.84000000,620.00000000,600.00000000,604.28000000,254272.39835000
2020-12-04T08:00:00Z,604.28000000,613.00000000,580.88000000,586.89000000,451897.48812000
2020-12-04T16:00:00Z,586.89000000,593.28000000,565.82000000,567.24000000,346282.90019000
2020-12-05T00:00:00Z,567.24000000,589.00000000,560.88000000,585.01000000,289745.51766000
2020-12-05T08:00:00Z,585.00000000,597.11000000,583.90000000,592.50000000,246265.03071000
2020-12-05T16:00:00Z,592.43000000,597.10000000,589.33000000,596.80000000,165557.40727000
2020-12-06T00:00:00Z,596.82000000,607.50000000,594.68000000,600.54000000,214969.72133000
2020-12-06T08:00:00Z,600.56000000,601.74000000,583.00000000,594.88000000,217471.32838000
2020-12-06T16:00:00Z,594.89000000,604.00000000,590.23000000,601.54000000,170055.91368000
2020-12-07T00:00:00Z,601.59000000,603.15000000,591.41000000,600.70000000,147343.80755000
2020-12-07T08:00:00Z,600.69000000,600.89000000,590.00000000,594.37000000,155199.41182000
2020-12-07T16:00:00Z,594.41000000,595.65000000,584.22000000,591.28000000,195786.15652000
2020-12-08T00:00:00Z,591.27000000,595.00000000,585.55000000,588.13000000,127431.04558000
2020-12-08T08:00:00Z,588.13000000,589.10000000,568.21000000,574.13000000,356750.10238000
2020-12-08T16:00:00Z,574.13000000,577.89000000,549.22000000,554.94000000,320261.85921000
2020-12-09T00:00:00Z,554.92000000,556.78000000,537.00000000,538.34000000,311944.27795000
2020-12-09T08:00:00Z,538.43000000,576.87000000,530.43000000,567.73000000,482277.04888000
2020-12-09T16:00:00Z,567.72000000,578.08000000,562.25000000,573.09000000,202970.84055000
2020-12-10T00:00:00Z,573.20000000,575.70000000,559.74000000,563.51000000,173772.10222000
2020-12-10T08:00:00Z,563.52000000,568.79000000,548.11000000,557.64000000,269709.05634000
2020-12-10T16:00:00Z,557.64000000,568.50000000,555.08000000,558.99000000,164933.35610000
2020-12-11T00:00:00Z,558.99000000,560.80000000,535.50000000,541.68000000,327420.35672000
2020-12-11T08:00:00Z,541.63000000,554.76000000,536.00000000,554.20000000,268469.85527000
2020-12-11T16:00:00Z,554.19000000,554.39000000,543.00000000,544.43000000,173031.57118000
2020-12-12T00:00:00Z,544.46000000,560.92000000,543.10000000,558.98000000,187008.76012000
2020-12-12T08:00:00Z,558.95000000,560.65000000,551.28000000,554.54000000,166010.92517000
2020-12-12T16:00:00Z,554.53000000,574.00000000,551.68000000,568.04000000,220894.26782000
2020-12-13T00:00:00Z,568.09000000,580.00000000,563.22000000,579.02000000,173114.58137000
2020-12-13T08:00:00Z,579.07000000,589.71000000,577.24000000,585.22000000,284695.30959000
2020-12-13T16:00:00Z,585.22000000,595.00000000,583.81000000,590.70000000,199984.57062000
2020-12-14T00:00:00Z,590.81000000,591.48000000,581.75000000,585.99000000,171766.19122000
2020-12-14T08:00:00Z,585.99000000,589.31000000,575.60000000,583.82000000,192699.05977000
2020-12-14T16:00:00Z,583.82000000,588.77000000,580.00000000,586.29000000,128546.77607000
2020-12-15T00:00:00Z,586.29000000,597.20000000,578.58000000,585.74000000,234662.54722000
2020-12-15T08:00:00Z,585.75000000,589.21000000,580.11000000,585.82000000,175889.30997000
2020-12-15T16:00:00Z,585.82000000,593.17000000,583.80000000,588.64000000,158718.66292000
2020-12-16T00:00:00Z,588.78000000,589.43000000,580.71000000,585.02000000,139821.74171000
2020-12-16T08:00:00Z,585.01000000,625.00000000,583.80000000,620.20000000,582491.13879000
2020-12-16T16:00:00Z,620.19000000,640.00000000,616.01000000,637.18000000,463275.17028000
2020-12-17T00:00:00Z,637.18000000,652.12000000,633.39000000,648.06000000,502194.09173000
2020-12-17T08:00:00Z,648.00000000,670.21000000,635.00000000,665.31000000,800487.93968000
2020-12-17T16:00:00Z,665.32000000,676.25000000,625.76000000,642.70000000,703447.98834000
2020-12-18T00:00:00Z,642.71000000,654.24000000,629.40000000,645.64000000,342497.18748000
2020-12-18T08:00:00Z,645.64000000,664.61000000,632.18000000,637.85000000,439288.88159000
2020-12-18T16:00:00Z,637.85000000,655.18000000,634.29000000,653.85000000,218226.91111000
2020-12-19T00:00:00Z,653.76000000,659.75000000,645.42000000,648.65000000,205308.87956000
2020-12-19T08:00:00Z,648.62000000,660.53000000,645.68000000,655.39000000,334368.81022000
2020-12-19T16:00:00Z,655.33000000,669.95000000,653.62000000,658.03000000,319126.19481000
2020-12-20T00:00:00Z,658.05000000,658.06000000,640.28000000,656.87000000,228715.99806000
2020-12-20T08:00:00Z,656.82000000,661.39000000,642.36000000,654.19000000,247266.57218000
2020-12-20T16:00:00Z,654.19000000,657.89000000,621.01000000,638.18000000,347975.65819000
2020-12-21T00:00:00Z,638.10000000,648.00000000,633.87000000,646.68000000,201791.34787000
2020-12-21T08:00:00Z,646.68000000,647.98000000,595.90000000,610.45000000,516810.27582000
2020-12-21T16:00:00Z,609.84000000,618.50000000,602.96000000,607.58000000,124649.54196000
2020-12-22T00:00:00Z,607.68000000,616.12000000,591.46000000,595.73000000,266188.66662000
2020-12-22T08:00:00Z,595.74000000,633.99000000,588.00000000,626.29000000,394974.02824000
2020-12-22T16:00:00Z,626.34000000,637.73000000,618.22000000,636.45000000,257688.56168000
2020-12-23T00:00:00Z,636.41000000,638.44000000,608.24000000,615.92000000,313090.04417000
2020-12-23T08:00:00Z,615.92000000,622.79000000,591.97000000,605.82000000,455992.62756000
2020-12-23T16:00:00Z,605.74000000,613.20000000,551.28000000,585.56000000,439724.69345000
2020-12-24T00:00:00Z,585.48000000,587.04000000,565.43000000,580.52000000,363821.11902000
2020-12-24T08:00:00Z,580.49000000,599.81000000,574.17000000,592.62000000,273485.18326000
2020-12-24T16:00:00Z,592.63000000,615.02000000,585.59000000,612.31000000,249029.56105000
2020-12-25T00:00:00Z,612.31000000,616.00000000,604.28000000,612.92000000,169965.14184000
2020-12-25T08:00:00Z,612.98000000,634.24000000,612.10000000,613.42000000,386188.65315000
2020-12-25T16:00:00Z,613.42000000,628.00000000,607.78000000,626.82000000,241855.83416000
2020-12-26T00:00:00Z,626.78000000,637.00000000,621.01000000,624.95000000,230384.11870000
2020-12-26T08:00:00Z,624.95000000,633.75000000,615.26000000,628.51000000,286276.82158000
2020-12-26T16:00:00Z,628.51000000,652.91000000,627.57000000,637.44000000,441924.56619000
2020-12-27T00:00:00Z,637.44000000,655.99000000,635.05000000,650.07000000,316954.02810000
2020-12-27T08:00:00Z,650.07000000,698.77000000,625.00000000,697.81000000,832437.58593000
2020-12-27T16:00:00Z,697.74000000,717.13000000,660.10000000,685.11000000,710576.53626000
2020-12-28T00:00:00Z,685.10000000,739.00000000,681.04000000,733.47000000,573332.20224000
2020-12-28T08:00:00Z,733.50000000,741.60000000,715.18000000,729.40000000,650509.51435000
2020-12-28T16:00:00Z,729.40000000,748.09000000,714.23000000,730.41000000,403312.67607000
2020-12-29T00:00:00Z,730.40000000,740.78000000,689.20000000,709.84000000,461901.58386000
2020-12-29T08:00:00Z,709.84000000,739.85000000,709.53000000,719.14000000,358060.64250000
2020-12-29T16:00:00Z,719.13000000,737.30000000,704.97000000,732.00000000,286914.13219000
2020-12-30T00:00:00Z,732.00000000,747.50000000,725.00000000,733.24000000,355669.49578000
2020-12-30T08:00:00Z,733.24000000,737.30000000,716.62000000,734.05000000,301732.48783000
2020-12-30T16:00:00Z,734.05000000,758.74000000,727.10000000,752.17000000,351172.11545000
2020-12-31T00:00:00Z,752.17000000,755.74000000,727.32000000,749.72000000,309271.16349000
2020-12-31T08:00:00Z,749.72000000,753.01000000,722.00000000,736.00000000,369743.59183000
2020-12-31T16:00:00Z,736.00000000,745.00000000,724.48000000,736.42000000,184360.82449000
2021-01-01T00:00:00Z,736.42000000,749.00000000,729.33000000,737.38000000,203367.29933000
2021-01-01T08:00:00Z,737.37000000,743.33000000,725.10000000,735.39000000,249612.23631000
2021-01-01T16:00:00Z,735.39000000,737.73000000,714.29000000,728.91000000,222134.55765000
2021-01-02T00:00:00Z,728.91000000,740.49000000,714.91000000,735.12000000,217122.72673000
2021-01-02T08:00:00Z,735.12000000,772.80000000,723.01000000,768.43000000,548713.18951000
2021-01-02T16:00:00Z,768.45000000,787.69000000,750.12000000,774.56000000,586782.66044000
2021-01-03T00:00:00Z,774.44000000,805.74000000,768.71000000,799.78000000,399721.36740000
2021-01-03T08:00:00Z,799.74000000,921.73000000,791.50000000,917.72000000,1032383.61834000
2021-01-03T16:00:00Z,917.95000000,1011.07000000,888.93000000,978.28000000,1381498.90041000
2021-01-04T00:00:00Z,978.33000000,1162.97000000,954.22000000,1044.31000000,1429173.91534000
2021-01-04T08:00:00Z,1044.30000000,1078.93000000,890.00000000,1040.01000000,1991457.20178000
2021-01-04T16:00:00Z,1040.00000000,1049.70000000,982.05000000,1041.43000000,824379.82292000
2021-01-05T00:00:00Z,1041.45000000,1134.60000000,974.45000000,1003.45000000,1278863.79060000
2021-01-05T08:00:00Z,1003.52000000,1064.00000000,1001.00000000,1052.82000000,650623.20453000
2021-01-05T16:00:00Z,1052.83000000,1120.00000000,1036.29000000,1099.56000000,777508.68012000
2021-01-06T00:00:00Z,1100.16000000,1135.02000000,1057.26000000,1106.59000000,670013.47461000
2021-01-06T08:00:00Z,1106.61000000,1166.58000000,1091.00000000,1143.89000000,783216.20601000
2021-01-06T16:00:00Z,1144.01000000,1213.00000000,1116.61000000,1208.42000000,936906.91272000
2021-01-07T00:00:00Z,1208.75000000,1224.11000000,1179.91000000,1186.21000000,500355.07293000
2021-01-07T08:00:00Z,1186.39000000,1249.98000000,1159.03000000,1249.83000000,560092.32510000
2021-01-07T16:00:00Z,1249.84000000,1289.00000000,1131.00000000,1224.87000000,912475.42256000
2021-01-08T00:00:00Z,1224.86000000,1233.00000000,1065.00000000,1208.42000000,774496.36849000
2021-01-08T08:00:00Z,1208.20000000,1273.75000000,1171.72000000,1216.77000000,753421.22254000
2021-01-08T16:00:00Z,1216.93000000,1242.18000000,1135.51000000,1216.93000000,603255.33238000
2021-01-09T00:00:00Z,1216.72000000,1234.67000000,1171.36000000,1196.49000000,451116.32948000
2021-01-09T08:00:00Z,1196.50000000,1237.00000000,1184.64000000,1219.95000000,398738.55681000
2021-01-09T16:00:00Z,1219.96000000,1304.37000000,1194.08000000,1276.00000000,599016.22885000
2021-01-10T00:00:00Z,1276.00000000,1345.69000000,1273.82000000,1344.70000000,503358.12236000
2021-01-10T08:00:00Z,1344.77000000,1348.33000000,1237.00000000,1303.18000000,648333.81126000
2021-01-10T16:00:00Z,1303.40000000,1325.00000000,1170.00000000,1254.25000000,799487.41641000
2021-01-11T00:00:00Z,1254.24000000,1260.00000000,1010.91000000,1071.84000000,1352171.00721000
2021-01-11T08:00:00Z,1071.98000000,1149.99000000,950.00000000,977.21000000,1403039.84584000
2021-01-11T16:00:00Z,977.21000000,1094.00000000,915.00000000,1087.01000000,1344240.04741000
2021-01-12T00:00:00Z,1087.00000000,1150.02000000,1038.34000000,1139.05000000,702129.74622000
2021-01-12T08:00:00Z,1139.25000000,1144.11000000,1006.33000000,1053.34000000,1004611.96258000
2021-01-12T16:00:00Z,1053.54000000,1126.88000000,1025.00000000,1050.16000000,595903.63172000
2021-01-13T00:00:00Z,1050.36000000,1080.75000000,987.48000000,1076.35000000,630918.59545000
2021-01-13T08:00:00Z,1076.33000000,1096.64000000,1045.07000000,1071.50000000,478645.77841000
2021-01-13T16:00:00Z,1071.14000000,1137.65000000,1060.78000000,1129.89000000,454638.01695000
2021-01-14T00:00:00Z,1129.79000000,1162.57000000,1086.70000000,1148.00000000,476549.20091000
2021-01-14T08:00:00Z,1147.85000000,1220.63000000,1141.78000000,1212.80000000,569692.49240000
2021-01-14T16:00:00Z,1212.99000000,1247.55000000,1163.68000000,1231.62000000,509495.69225000
2021-01-15T00:00:00Z,1231.89000000,1256.98000000,1175.41000000,1240.97000000,539533.84619000
2021-01-15T08:00:00Z,1240.99000000,1247.88000000,1126.44000000,1141.52000000,642536.41080000
2021-01-15T16:00:00Z,1141.66000000,1175.34000000,1069.42000000,1168.53000000,761968.58039000
2021-01-16T00:00:00Z,1168.48000000,1198.10000000,1151.77000000,1182.90000000,364904.07843000
2021-01-16T08:00:00Z,1182.88000000,1278.00000000,1177.00000000,1276.27000000,637636.99762000
2021-01-16T16:00:00Z,1276.29000000,1298.00000000,1200.00000000,1227.83000000,572843.36192000
2021-01-17T00:00:00Z,1227.83000000,1258.00000000,1170.00000000,1182.60000000,453981.93868000
2021-01-17T08:00:00Z,1182.45000000,1246.92000000,1165.00000000,1241.17000000,531193.05002000
2021-01-17T16:00:00Z,1241.35000000,1269.02000000,1210.54000000,1232.45000000,332110.01709000
2021-01-18T00:00:00Z,1232.50000000,1247.73000000,1182.58000000,1219.62000000,363086.04609000
2021-01-18T08:00:00Z,1219.68000000,1255.50000000,1209.00000000,1240.36000000,381786.76192000
2021-01-18T16:00:00Z,1240.21000000,1260.75000000,1211.66000000,1258.45000000,253177.30272000
2021-01-19T00:00:00Z,1258.52000000,1379.64000000,1251.49000000,1375.00000000,753854.26269000
2021-01-19T08:00:00Z,1374.73000000,1438.30000000,1362.77000000,1413.95000000,818584.99211000
2021-01-19T16:00:00Z,1414.09000000,1437.59000000,1334.41000000,1365.36000000,706413.30278000
2021-01-20T00:00:00Z,1365.36000000,1407.93000000,1316.25000000,1369.92000000,617959.92340000
2021-01-20T08:00:00Z,1369.94000000,1373.46000000,1235.42000000,1273.29000000,1024285.77297000
2021-01-20T16:00:00Z,1273.17000000,1389.42000000,1248.59000000,1376.99000000,576891.92507000
2021-01-21T00:00:00Z,1376.72000000,1390.00000000,1278.99000000,1309.62000000,509115.46086000
2021-01-21T08:00:00Z,1309.53000000,1312.38000000,1185.75000000,1188.68000000,1064163.30659000
2021-01-21T16:00:00Z,1188.54000000,1238.90000000,1086.00000000,1110.96000000,736929.80553000
2021-01-22T00:00:00Z,1111.98000000,1189.00000000,1042.31000000,1143.58000000,985913.14319000
2021-01-22T08:00:00Z,1143.57000000,1242.01000000,1121.49000000,1232.88000000,623841.18457000
2021-01-22T16:00:00Z,1233.14000000,1273.79000000,1214.87000000,1232.62000000,410838.88897000
2021-01-23T00:00:00Z,1232.61000000,1268.49000000,1205.70000000,1259.62000000,317798.78517000
2021-01-23T08:00:00Z,1259.61000000,1272.44000000,1195.90000000,1230.26000000,393147.34823000
2021-01-23T16:00:00Z,1230.26000000,1264.00000000,1223.75000000,1233.60000000,298598.94918000
2021-01-24T00:00:00Z,1233.46000000,1334.88000000,1220.00000000,1314.74000000,508541.85010000
2021-01-24T08:00:00Z,1314.74000000,1350.04000000,1298.22000000,1320.50000000,466922.77799000
2021-01-24T16:00:00Z,1320.50000000,1398.83000000,1304.00000000,1392.51000000,535414.91008000
2021-01-25T00:00:00Z,1392.19000000,1475.00000000,1383.12000000,1424.61000000,712119.78518000
2021-01-25T08:00:00Z,1424.65000000,1444.36000000,1379.08000000,1434.87000000,535877.76500000
2021-01-25T16:00:00Z,1434.95000000,1442.72000000,1293.69000000,1317.88000000,637443.76271000
2021-01-26T00:00:00Z,1317.60000000,1378.49000000,1297.00000000,1317.41000000,506386.20014000
2021-01-26T08:00:00Z,1317.34000000,1344.82000000,1244.56000000,1279.95000000,626519.96998000
2021-01-26T16:00:00Z,1279.94000000,1374.22000000,1267.02000000,1365.97000000,550017.48787000
2021-01-27T00:00:00Z,1366.54000000,1373.90000000,1273.13000000,1293.36000000,429226.11748000
2021-01-27T08:00:00Z,1293.37000000,1302.38000000,1207.00000000,1281.08000000,895355.39999000
2021-01-27T16:00:00Z,1281.40000000,1307.76000000,1222.17000000,1239.03000000,685190.56611000
2021-01-28T00:00:00Z,1238.93000000,1325.00000000,1217.23000000,1284.88000000,417847.79144000
2021-01-28T08:00:00Z,1284.93000000,1358.61000000,1260.00000000,1350.43000000,554796.72775000
2021-01-28T16:00:00Z,1350.43000000,1360.00000000,1320.00000000,1329.69000000,392625.20043000
2021-01-29T00:00:00Z,1329.44000000,1374.13000000,1285.35000000,1315.90000000,524785.54753000
2021-01-29T08:00:00Z,1315.86000000,1436.90000000,1295.01000000,1396.18000000,1122702.21814000
2021-01-29T16:00:00Z,1396.48000000,1409.99000000,1313.12000000,1379.50000000,606475.42115000
2021-01-30T00:00:00Z,1379.56000000,1406.00000000,1326.41000000,1346.87000000,421452.29289000
2021-01-30T08:00:00Z,1347.07000000,1380.30000000,1330.25000000,1371.27000000,317622.49256000
2021-01-30T16:00:00Z,1371.26000000,1390.00000000,1345.00000000,1378.05000000,300967.45085000
2021-01-31T00:00:00Z,1378.04000000,1380.74000000,1342.00000000,1346.28000000,223495.75003000
2021-01-31T08:00:00Z,1346.28000000,1371.85000000,1291.68000000,1311.10000000,403348.95908000
2021-01-31T16:00:00Z,1311.01000000,1321.93000000,1281.12000000,1312.55000000,331860.14660000
2021-02-01T00:00:00Z,1312.45000000,1337.83000000,1269.99000000,1316.67000000,434993.52609000
2021-02-01T08:00:00Z,1316.65000000,1345.52000000,1301.51000000,1301.73000000,372545.76134000
2021-02-01T16:00:00Z,1301.96000000,1377.99000000,1300.00000000,1374.17000000,288858.63119000
2021-02-02T00:00:00Z,1374.09000000,1425.99000000,1360.28000000,1415.00000000,473393.65876000
2021-02-02T08:00:00Z,1415.00000000,1458.00000000,1405.62000000,1427.87000000,640759.95362000
2021-02-02T16:00:00Z,1427.88000000,1547.90000000,1421.56000000,1511.87000000,830074.38640000
2021-02-03T00:00:00Z,1511.93000000,1571.00000000,1508.39000000,1547.09000000,428616.16250000
2021-02-03T08:00:00Z,1547.15000000,1599.86000000,1512.38000000,1597.25000000,544840.63135000
2021-02-03T16:00:00Z,1597.56000000,1669.35000000,1580.10000000,1664.49000000,562413.09416000
2021-02-04T00:00:00Z,1664.67000000,1695.20000000,1632.51000000,1662.83000000,449046.95017000
2021-02-04T08:00:00Z,1662.52000000,1684.66000000,1554.44000000,1580.88000000,709849.81481000
2021-02-04T16:00:00Z,1580.80000000,1670.67000000,1565.00000000,1595.67000000,487605.56464000
2021-02-05T00:00:00Z,1595.53000000,1669.50000000,1591.00000000,1662.36000000,321112.13973000
2021-02-05T08:00:00Z,1662.60000000,1748.00000000,1641.22000000,1741.99000000,482019.30002000
2021-02-05T16:00:00Z,1742.00000000,1760.49000000,1682.00000000,1719.19000000,390991.85971000
2021-02-06T00:00:00Z,1718.95000000,1743.67000000,1642.94000000,1673.32000000,469107.32047000
2021-02-06T08:00:00Z,1673.21000000,1718.47000000,1663.00000000,1673.04000000,369887.03993000
2021-02-06T16:00:00Z,1673.04000000,1719.99000000,1655.23000000,1676.35000000,310813.97061000
2021-02-07T00:00:00Z,1676.35000000,1693.00000000,1585.44000000,1632.00000000,385186.05933000
2021-02-07T08:00:00Z,1632.01000000,1655.77000000,1525.01000000,1538.21000000,451319.76730000
2021-02-07T16:00:00Z,1538.19000000,1621.46000000,1490.46000000,1611.62000000,445229.04151000
2021-02-08T00:00:00Z,1611.46000000,1647.73000000,1563.89000000,1639.59000000,289113.48630000
2021-02-08T08:00:00Z,1639.52000000,1757.00000000,1625.39000000,1734.79000000,576120.80079000
2021-02-08T16:00:00Z,1734.86000000,1775.57000000,1679.65000000,1750.15000000,474542.80827000
2021-02-09T00:00:00Z,1749.68000000,1770.00000000,1708.49000000,1750.82000000,361134.67925000
2021-02-09T08:00:00Z,1750.50000000,1821.88000000,1712.19000000,1749.00000000,521811.27723000
2021-02-09T16:00:00Z,1749.01000000,1791.58000000,1720.38000000,1769.13000000,302125.93945000
2021-02-10T00:00:00Z,1769.14000000,1825.00000000,1758.24000000,1810.84000000,362992.21018000
2021-02-10T08:00:00Z,1810.84000000,1837.86000000,1680.00000000,1714.37000000,573484.77087000
2021-02-10T16:00:00Z,1714.21000000,1758.73000000,1690.80000000,1740.78000000,283455.27369000
2021-02-11T00:00:00Z,1740.76000000,1749.01000000,1703.44000000,1737.44000000,158171.29212000
2021-02-11T08:00:00Z,1737.18000000,1819.00000000,1731.03000000,1796.17000000,331414.18780000
2021-02-11T16:00:00Z,1796.40000000,1810.00000000,1754.41000000,1785.62000000,245494.34707000
2021-02-12T00:00:00Z,1785.83000000,1808.00000000,1739.88000000,1768.28000000,232675.53462000
2021-02-12T08:00:00Z,1768.38000000,1802.00000000,1749.50000000,1789.03000000,292910.82611000
2021-02-12T16:00:00Z,1789.20000000,1864.88000000,1787.08000000,1840.26000000,384013.84580000
2021-02-13T00:00:00Z,1840.24000000,1871.72000000,1805.54000000,1806.60000000,251450.09375000
2021-02-13T08:00:00Z,1806.22000000,1838.90000000,1765.00000000,1816.54000000,331566.93514000
2021-02-13T16:00:00Z,1816.43000000,1823.99000000,1782.63000000,1814.96000000,184572.04396000
2021-02-14T00:00:00Z,1815.25000000,1850.00000000,1800.00000000,1831.70000000,242656.34655000
2021-02-14T08:00:00Z,1831.63000000,1847.54000000,1784.11000000,1799.05000000,252251.98342000
2021-02-14T16:00:00Z,1799.04000000,1832.20000000,1789.03000000,1800.42000000,180353.44876000
2021-02-15T00:00:00Z,1800.03000000,1813.02000000,1655.67000000,1749.67000000,502903.52768000
2021-02-15T08:00:00Z,1749.68000000,1814.68000000,1740.52000000,1810.28000000,280502.08817000
2021-02-15T16:00:00Z,1810.32000000,1835.72000000,1762.65000000,1779.25000000,270068.96294000
2021-02-16T00:00:00Z,1779.33000000,1827.28000000,1744.92000000,1797.57000000,239854.95936000
2021-02-16T08:00:00Z,1797.79000000,1825.00000000,1761.08000000,1773.22000000,305936.72787000
2021-02-16T16:00:00Z,1773.23000000,1784.53000000,1724.00000000,1781.99000000,271701.78790000
2021-02-17T00:00:00Z,1781.99000000,1808.00000000,1733.01000000,1806.21000000,230863.09940000
2021-02-17T08:00:00Z,1806.15000000,1842.32000000,1789.25000000,1812.00000000,313527.13384000
2021-02-17T16:00:00Z,1812.18000000,1855.00000000,1800.00000000,1849.88000000,251321.39987000
2021-02-18T00:00:00Z,1849.70000000,1919.22000000,1849.69000000,1898.85000000,336121.38029000
2021-02-18T08:00:00Z,1898.90000000,1929.00000000,1881.07000000,1907.91000000,352720.88995000
2021-02-18T16:00:00Z,1908.16000000,1950.50000000,1906.44000000,1939.61000000,248384.83167000
2021-02-19T00:00:00Z,1938.91000000,1952.00000000,1891.00000000,1919.10000000,264970.58059000
2021-02-19T08:00:00Z,1919.10000000,1942.77000000,1904.02000000,1929.91000000,281580.43564000
2021-02-19T16:00:00Z,1930.07000000,1972.82000000,1930.07000000,1955.00000000,246853.39527000
2021-02-20T00:00:00Z,1955.46000000,2042.34000000,1922.51000000,1984.73000000,449664.44836000
2021-02-20T08:00:00Z,1984.80000000,2036.90000000,1959.07000000,1978.79000000,377432.02877000
2021-02-20T16:00:00Z,1978.69000000,2022.00000000,1803.14000000,1913.00000000,434219.33566000
2021-02-21T00:00:00Z,1912.90000000,1956.00000000,1883.01000000,1912.69000000,271350.80572000
2021-02-21T08:00:00Z,1913.08000000,1975.32000000,1900.19000000,1959.90000000,262980.03187000
2021-02-21T16:00:00Z,1959.82000000,1976.31000000,1901.20000000,1933.53000000,222237.35984000
2021-02-22T00:00:00Z,1933.54000000,1936.29000000,1835.00000000,1886.63000000,359113.16489000
2021-02-22T08:00:00Z,1886.61000000,1889.74000000,1551.00000000,1733.29000000,973699.99724000
2021-02-22T16:00:00Z,1733.33000000,1803.59000000,1659.00000000,1777.58000000,474431.81886000
2021-02-23T00:00:00Z,1777.42000000,1782.39000000,1555.00000000,1586.64000000,715548.34224000
2021-02-23T08:00:00Z,1586.64000000,1601.04000000,1355.00000000,1573.99000000,1406035.33954000
2021-02-23T16:00:00Z,1573.99000000,1608.37000000,1434.20000000,1577.89000000,426254.13890000
2021-02-24T00:00:00Z,1577.79000000,1653.69000000,1500.20000000,1642.33000000,447004.23186000
2021-02-24T08:00:00Z,1642.33000000,1712.70000000,1588.81000000,1660.45000000,566654.66821000
2021-02-24T16:00:00Z,1660.46000000,1677.18000000,1555.00000000,1623.39000000,370729.91720000
2021-02-25T00:00:00Z,1623.16000000,1657.89000000,1586.64000000,1633.80000000,296235.19608000
2021-02-25T08:00:00Z,1633.69000000,1671.59000000,1577.88000000,1627.57000000,346716.46790000
2021-02-25T16:00:00Z,1627.37000000,1636.99000000,1459.16000000,1481.75000000,389719.13011000
2021-02-26T00:00:00Z,1482.08000000,1530.76000000,1400.00000000,1430.39000000,608981.08475000
2021-02-26T08:00:00Z,1430.59000000,1541.39000000,1430.39000000,1532.48000000,389496.35061000
2021-02-26T16:00:00Z,1532.46000000,1562.25000000,1410.33000000,1444.59000000,357495.85842000
2021-02-27T00:00:00Z,1444.56000000,1529.00000000,1438.40000000,1490.30000000,331228.98456000
2021-02-27T08:00:00Z,1490.32000000,1494.98000000,1445.00000000,1453.55000000,300089.50824000
2021-02-27T16:00:00Z,1453.57000000,1523.48000000,1425.00000000,1458.13000000,296104.55470000
2021-02-28T00:00:00Z,1458.27000000,1468.75000000,1313.74000000,1342.50000000,523677.16564000
2021-02-28T08:00:00Z,1342.43000000,1384.53000000,1293.18000000,1318.22000000,442390.01018000
2021-02-28T16:00:00Z,1318.29000000,1442.00000000,1301.71000000,1419.18000000,444140.38702000
2021-03-01T00:00:00Z,1418.67000000,1456.88000000,1409.91000000,1437.74000000,268834.52226000
2021-03-01T08:00:00Z,1437.74000000,1555.32000000,1437.70000000,1551.73000000,512906.25047000
2021-03-01T16:00:00Z,1551.75000000,1572.00000000,1502.49000000,1569.86000000,312954.40566000
2021-03-02T00:00:00Z,1570.00000000,1602.90000000,1530.35000000,1539.03000000,298683.97370000
2021-03-02T08:00:00Z,1538.90000000,1592.84000000,1538.23000000,1553.48000000,270291.37211000
2021-03-02T16:00:00Z,1553.30000000,1563.94000000,1455.52000000,1486.78000000,492167.04162000
2021-03-03T00:00:00Z,1486.79000000,1576.20000000,1475.47000000,1566.35000000,238021.59751000
2021-03-03T08:00:00Z,1566.35000000,1656.94000000,1566.35000000,1600.57000000,496061.48301000
2021-03-03T16:00:00Z,1600.58000000,1635.96000000,1564.58000000,1567.69000000,320763.23419000
2021-03-04T00:00:00Z,1567.68000000,1624.87000000,1535.21000000,1571.53000000,292265.92467000
2021-03-04T08:00:00Z,1571.56000000,1602.53000000,1528.01000000,1577.22000000,353102.03639000
2021-03-04T16:00:00Z,1576.40000000,1599.84000000,1506.36000000,1539.23000000,300997.70982000
2021-03-05T00:00:00Z,1539.22000000,1541.65000000,1445.45000000,1474.17000000,319272.09139000
2021-03-05T08:00:00Z,1474.04000000,1514.00000000,1441.66000000,1481.41000000,307663.11739000
2021-03-05T16:00:00Z,1481.27000000,1548.96000000,1448.52000000,1528.31000000,283851.08098000
2021-03-06T00:00:00Z,1528.08000000,1592.77000000,1518.29000000,1589.31000000,202404.84166000
2021-03-06T08:00:00Z,1589.70000000,1598.00000000,1513.03000000,1544.41000000,306141.78101000
2021-03-06T16:00:00Z,1544.00000000,1671.58000000,1540.62000000,1650.35000000,504754.31661000
2021-03-07T00:00:00Z,1650.68000000,1687.41000000,1636.09000000,1684.54000000,285094.37048000
2021-03-07T08:00:00Z,1684.54000000,1696.00000000,1630.35000000,1652.00000000,304653.71907000
2021-03-07T16:00:00Z,1651.99000000,1734.16000000,1633.00000000,1726.16000000,258722.69181000
2021-03-08T00:00:00Z,1726.46000000,1755.22000000,1681.41000000,1690.11000000,420139.47365000
2021-03-08T08:00:00Z,1690.25000000,1751.21000000,1664.96000000,1742.06000000,393099.77630000
2021-03-08T16:00:00Z,1742.10000000,1843.59000000,1722.35000000,1833.18000000,336472.14992000
2021-03-09T00:00:00Z,1833.22000000,1859.61000000,1807.14000000,1811.44000000,350743.67119000
2021-03-09T08:00:00Z,1812.26000000,1841.33000000,1798.20000000,1832.38000000,276773.34668000
2021-03-09T16:00:00Z,1832.37000000,1870.77000000,1809.77000000,1870.51000000,229712.46068000
2021-03-10T00:00:00Z,1870.50000000,1877.69000000,1757.00000000,1806.51000000,342374.07887000
2021-03-10T08:00:00Z,1806.39000000,1850.00000000,1797.44000000,1831.00000000,275846.58780000
2021-03-10T16:00:00Z,1831.04000000,1870.20000000,1762.83000000,1795.12000000,319009.96164000
2021-03-11T00:00:00Z,1795.28000000,1816.49000000,1764.00000000,1766.37000000,240131.45295000
2021-03-11T08:00:00Z,1766.79000000,1821.00000000,1725.00000000,1795.16000000,365052.80495000
2021-03-11T16:00:00Z,1795.30000000,1846.70000000,1779.06000000,1825.78000000,303827.23820000
2021-03-12T00:00:00Z,1825.78000000,1841.88000000,1786.00000000,1794.36000000,218460.24810000
2021-03-12T08:00:00Z,1794.21000000,1804.49000000,1719.72000000,1775.47000000,381638.76384000
2021-03-12T16:00:00Z,1775.56000000,1785.48000000,1723.22000000,1766.10000000,269465.62416000
2021-03-13T00:00:00Z,1766.13000000,1790.61000000,1727.75000000,1790.17000000,178865.04517000
2021-03-13T08:00:00Z,1790.17000000,1900.00000000,1779.67000000,1876.06000000,460620.85460000
2021-03-13T16:00:00Z,1876.06000000,1944.30000000,1871.91000000,1922.35000000,286797.32665000
2021-03-14T00:00:00Z,1922.35000000,1933.10000000,1880.00000000,1886.12000000,205703.57421000
2021-03-14T08:00:00Z,1886.11000000,1907.87000000,1846.51000000,1858.01000000,242184.40246000
2021-03-14T16:00:00Z,1858.01000000,1893.95000000,1836.00000000,1848.10000000,190075.65960000
2021-03-15T00:00:00Z,1848.10000000,1891.76000000,1771.48000000,1793.82000000,324855.97306000
2021-03-15T08:00:00Z,1793.82000000,1809.92000000,1730.00000000,1765.84000000,465797.16791000
2021-03-15T16:00:00Z,1765.84000000,1809.65000000,1752.00000000,1793.48000000,234673.65561000
2021-03-16T00:00:00Z,1793.99000000,1804.45000000,1711.68000000,1799.26000000,334542.92653000
2021-03-16T08:00:00Z,1799.56000000,1819.50000000,1765.46000000,1803.91000000,244662.85267000
2021-03-16T16:00:00Z,1803.91000000,1813.76000000,1761.92000000,1805.12000000,185787.62227000
2021-03-17T00:00:00Z,1805.01000000,1812.81000000,1758.53000000,1785.61000000,169370.41893000
2021-03-17T08:00:00Z,1785.54000000,1794.96000000,1741.18000000,1772.79000000,229213.34307000
2021-03-17T16:00:00Z,1772.78000000,1838.88000000,1767.19000000,1823.58000000,259765.68643000
2021-03-18T00:00:00Z,1823.58000000,1850.00000000,1808.87000000,1815.34000000,189489.72338000
2021-03-18T08:00:00Z,1815.24000000,1825.91000000,1782.00000000,1822.22000000,209438.05026000
2021-03-18T16:00:00Z,1822.22000000,1832.09000000,1759.04000000,1776.08000000,204793.83692000
2021-03-19T00:00:00Z,1775.92000000,1809.76000000,1733.47000000,1793.46000000,169504.18628000
2021-03-19T08:00:00Z,1793.47000000,1827.60000000,1785.28000000,1821.72000000,184040.58366000
2021-03-19T16:00:00Z,1821.72000000,1840.61000000,1804.01000000,1809.10000000,146713.65881000
2021-03-20T00:00:00Z,1809.01000000,1842.98000000,1800.86000000,1822.15000000,138241.78056000
2021-03-20T08:00:00Z,1822.31000000,1868.83000000,1822.31000000,1855.24000000,177468.92334000
2021-03-20T16:00:00Z,1855.39000000,1859.28000000,1802.02000000,1806.10000000,135845.40249000
2021-03-21T00:00:00Z,1806.57000000,1817.16000000,1766.21000000,1779.33000000,178873.34964000
2021-03-21T08:00:00Z,1779.33000000,1797.36000000,1747.00000000,1789.44000000,169307.35308000
2021-03-21T16:00:00Z,1789.43000000,1809.25000000,1776.00000000,1782.98000000,117773.28477000
2021-03-22T00:00:00Z,1783.23000000,1796.85000000,1752.95000000,1789.16000000,134137.62432000
2021-03-22T08:00:00Z,1789.17000000,1807.51000000,1766.32000000,1778.63000000,153247.14021000
2021-03-22T16:00:00Z,1778.79000000,1783.43000000,1655.15000000,1680.97000000,295342.72628000
2021-03-23T00:00:00Z,1681.17000000,1714.00000000,1650.00000000,1679.36000000,214614.19363000
2021-03-23T08:00:00Z,1679.34000000,1717.03000000,1666.66000000,1702.93000000,176424.09902000
2021-03-23T16:00:00Z,1702.93000000,1721.17000000,1658.50000000,1668.08000000,186175.70324000
2021-03-24T00:00:00Z,1668.20000000,1701.00000000,1647.52000000,1695.16000000,173450.34445000
2021-03-24T08:00:00Z,1695.19000000,1740.86000000,1695.00000000,1721.33000000,193632.29247000
2021-03-24T16:00:00Z,1721.33000000,1726.02000000,1536.92000000,1581.84000000,386751.88701000
2021-03-25T00:00:00Z,1581.88000000,1599.00000000,1549.40000000,1573.96000000,221210.56750000
2021-03-25T08:00:00Z,1573.95000000,1622.00000000,1554.32000000,1594.95000000,294157.48942000
2021-03-25T16:00:00Z,1594.95000000,1619.00000000,1570.00000000,1585.74000000,186328.94566000
2021-03-26T00:00:00Z,1585.83000000,1636.51000000,1585.79000000,1629.54000000,173861.26668000
2021-03-26T08:00:00Z,1629.32000000,1651.00000000,1612.32000000,1641.28000000,180652.76895000
2021-03-26T16:00:00Z,1641.28000000,1699.93000000,1634.31000000,1698.84000000,160956.89344000
2021-03-27T00:00:00Z,1698.84000000,1718.48000000,1682.51000000,1692.06000000,141897.92471000
2021-03-27T08:00:00Z,1692.11000000,1701.26000000,1666.41000000,1682.50000000,144762.61986000
2021-03-27T16:00:00Z,1682.54000000,1732.67000000,1682.33000000,1712.63000000,157184.95500000
2021-03-28T00:00:00Z,1712.52000000,1722.86000000,1700.66000000,1718.06000000,94458.55926000
2021-03-28T08:00:00Z,1717.91000000,1725.66000000,1682.06000000,1709.00000000,129790.54802000
2021-03-28T16:00:00Z,1709.01000000,1714.47000000,1661.40000000,1687.01000000,124646.40586000
2021-03-29T00:00:00Z,1687.16000000,1707.85000000,1677.85000000,1704.24000000,108271.37234000
2021-03-29T08:00:00Z,1704.24000000,1789.99000000,1704.24000000,1787.86000000,268389.72409000
2021-03-29T16:00:00Z,1787.86000000,1841.00000000,1775.98000000,1816.74000000,271063.36744000
2021-03-30T00:00:00Z,1816.76000000,1828.00000000,1786.30000000,1818.01000000,174550.78891000
2021-03-30T08:00:00Z,1818.00000000,1849.74000000,1804.30000000,1830.61000000,246338.78129000
2021-03-30T16:00:00Z,1830.61000000,1859.13000000,1827.78000000,1840.46000000,147952.43506000
2021-03-31T00:00:00Z,1840.41000000,1862.55000000,1801.00000000,1813.89000000,194475.20238000
2021-03-31T08:00:00Z,1814.04000000,1853.92000000,1768.15000000,1849.09000000,224912.40989000
2021-03-31T16:00:00Z,1849.10000000,1947.29000000,1838.28000000,1919.37000000,327608.24683000
2021-04-01T00:00:00Z,1919.37000000,1944.66000000,1899.88000000,1926.31000000,195502.52223000
2021-04-01T08:00:00Z,1926.30000000,1967.83000000,1906.00000000,1944.39000000,259129.11305000
2021-04-01T16:00:00Z,1944.39000000,1984.77000000,1885.02000000,1968.05000000,286953.43738000
2021-04-02T00:00:00Z,1968.05000000,2010.45000000,1948.48000000,1994.71000000,280492.24534000
2021-04-02T08:00:00Z,1994.66000000,2083.50000000,1982.01000000,2073.89000000,300742.96406000
2021-04-02T16:00:00Z,2073.74000000,2146.00000000,2031.11000000,2133.69000000,264962.72275000
2021-04-03T00:00:00Z,2133.69000000,2138.12000000,2079.89000000,2111.35000000,200426.16667000
2021-04-03T08:00:00Z,2111.37000000,2130.00000000,2067.28000000,2070.98000000,226050.70289000
2021-04-03T16:00:00Z,2071.00000000,2095.69000000,1996.30000000,2008.52000000,343699.45236000
2021-04-04T00:00:00Z,2008.59000000,2034.59000000,1975.24000000,2034.58000000,207340.31755000
2021-04-04T08:00:00Z,2034.59000000,2091.83000000,2028.39000000,2077.34000000,180340.20952000
2021-04-04T16:00:00Z,2077.33000000,2086.16000000,2051.24000000,2075.69000000,126665.23847000
2021-04-05T00:00:00Z,2075.70000000,2085.00000000,2002.15000000,2028.16000000,201393.33792000
2021-04-05T08:00:00Z,2028.19000000,2125.00000000,2010.99000000,2113.18000000,266916.77841000
2021-04-05T16:00:00Z,2112.91000000,2130.64000000,2084.12000000,2107.38000000,216613.49861000
2021-04-06T00:00:00Z,2107.43000000,2151.00000000,2090.00000000,2099.45000000,190275.80030000
2021-04-06T08:00:00Z,2099.42000000,2130.37000000,2044.65000000,2084.67000000,292665.50416000
2021-04-06T16:00:00Z,2084.84000000,2129.35000000,2074.88000000,2112.21000000,190444.75129000
2021-04-07T00:00:00Z,2112.22000000,2129.01000000,2067.70000000,2074.89000000,181399.86717000
2021-04-07T08:00:00Z,2074.78000000,2074.78000000,1930.01000000,1977.04000000,440115.77638000
2021-04-07T16:00:00Z,1976.91000000,2013.97000000,1937.28000000,1963.47000000,271469.26067000
2021-04-08T00:00:00Z,1963.46000000,2034.00000000,1947.35000000,2027.76000000,172055.74846000
2021-04-08T08:00:00Z,2027.79000000,2059.92000000,1982.64000000,2059.50000000,188650.87597000
2021-04-08T16:00:00Z,2059.49000000,2084.61000000,2043.23000000,2080.46000000,140649.37357000
2021-04-09T00:00:00Z,2080.39000000,2097.73000000,2057.86000000,2077.89000000,111323.92363000
2021-04-09T08:00:00Z,2077.75000000,2100.00000000,2053.46000000,2062.24000000,186838.38532000
2021-04-09T16:00:00Z,2062.25000000,2084.00000000,2047.57000000,2066.87000000,128225.12895000
2021-04-10T00:00:00Z,2067.19000000,2200.00000000,2058.00000000,2162.93000000,332604.63628000
2021-04-10T08:00:00Z,2162.94000000,2176.83000000,2130.84000000,2156.07000000,169985.30161000
2021-04-10T16:00:00Z,2156.36000000,2167.57000000,2083.53000000,2133.49000000,152868.27105000
2021-04-11T00:00:00Z,2133.49000000,2157.13000000,2113.40000000,2130.89000000,129366.28470000
2021-04-11T08:00:00Z,2131.00000000,2160.52000000,2123.38000000,2148.40000000,145772.14981000
2021-04-11T16:00:00Z,2148.60000000,2165.02000000,2125.24000000,2151.36000000,117127.07322000
2021-04-12T00:00:00Z,2151.42000000,2203.46000000,2130.00000000,2181.10000000,199203.59630000
2021-04-12T08:00:00Z,2181.10000000,2191.16000000,2115.85000000,2121.74000000,234500.77129000
2021-04-12T16:00:00Z,2121.74000000,2152.00000000,2102.00000000,2137.69000000,145388.98935000
2021-04-13T00:00:00Z,2137.86000000,2191.85000000,2135.53000000,2163.84000000,184572.77850000
2021-04-13T08:00:00Z,2163.90000000,2277.00000000,2163.90000000,2275.70000000,341777.80038000
2021-04-13T16:00:00Z,2275.69000000,2318.00000000,2250.00000000,2299.19000000,256258.04202000
2021-04-14T00:00:00Z,2299.19000000,2400.00000000,2281.33000000,2370.50000000,279070.74009000
2021-04-14T08:00:00Z,2370.49000000,2394.08000000,2293.09000000,2348.71000000,365435.03224000
2021-04-14T16:00:00Z,2349.39000000,2447.29000000,2301.89000000,2432.60000000,328425.83633000
2021-04-15T00:00:00Z,2432.59000000,2481.00000000,2400.00000000,2469.10000000,224329.87571000
2021-04-15T08:00:00Z,2468.66000000,2487.38000000,2405.08000000,2461.49000000,212596.70459000
2021-04-15T16:00:00Z,2461.42000000,2543.47000000,2433.44000000,2514.04000000,245024.38615000
2021-04-16T00:00:00Z,2514.04000000,2548.29000000,2367.10000000,2426.59000000,372847.84850000
2021-04-16T08:00:00Z,2426.59000000,2450.00000000,2300.00000000,2428.92000000,416236.04216000
2021-04-16T16:00:00Z,2428.39000000,2461.94000000,2400.73000000,2422.67000000,210079.86139000
2021-04-17T00:00:00Z,2422.38000000,2495.00000000,2422.38000000,2461.40000000,185790.92508000
2021-04-17T08:00:00Z,2461.55000000,2475.65000000,2330.06000000,2345.00000000,244032.07001000
2021-04-17T16:00:00Z,2345.00000000,2395.54000000,2310.00000000,2317.60000000,194409.26059000
2021-04-18T00:00:00Z,2317.65000000,2340.00000000,1946.80000000,2210.29000000,681467.86725000
2021-04-18T08:00:00Z,2210.10000000,2223.00000000,2038.00000000,2144.30000000,547033.44247000
2021-04-18T16:00:00Z,2143.75000000,2248.98000000,2135.00000000,2235.64000000,246882.38232000
2021-04-19T00:00:00Z,2235.65000000,2300.00000000,2198.06000000,2268.60000000,218648.44060000
2021-04-19T08:00:00Z,2268.58000000,2277.84000000,2080.00000000,2095.32000000,370704.63600000
2021-04-19T16:00:00Z,2095.58000000,2220.00000000,2082.27000000,2161.12000000,231239.18895000
2021-04-20T00:00:00Z,2161.12000000,2177.04000000,2055.00000000,2092.03000000,269254.93149000
2021-04-20T08:00:00Z,2092.54000000,2230.00000000,2087.02000000,2186.65000000,339523.14922000
2021-04-20T16:00:00Z,2187.14000000,2346.62000000,2172.48000000,2330.03000000,383462.72829000
2021-04-21T00:00:00Z,2330.26000000,2362.98000000,2272.94000000,2294.18000000,330880.34464000
2021-04-21T08:00:00Z,2294.18000000,2450.00000000,2235.16000000,2442.80000000,479171.97033000
2021-04-21T16:00:00Z,2442.79000000,2469.54000000,2335.00000000,2357.06000000,367833.54673000
2021-04-22T00:00:00Z,2357.06000000,2496.00000000,2313.46000000,2471.44000000,636166.21524000
2021-04-22T08:00:00Z,2471.02000000,2612.14000000,2409.97000000,2610.58000000,718511.24909000
2021-04-22T16:00:00Z,2610.76000000,2644.47000000,2303.44000000,2397.94000000,866075.63313000
2021-04-23T00:00:00Z,2397.94000000,2442.89000000,2116.00000000,2132.45000000,1293382.51832000
2021-04-23T08:00:00Z,2132.22000000,2339.00000000,2107.00000000,2333.84000000,809260.94705000
2021-04-23T16:00:00Z,2333.69000000,2378.03000000,2278.91000000,2367.39000000,429598.97648000
2021-04-24T00:00:00Z,2367.39000000,2368.74000000,2227.21000000,2273.34000000,348532.96344000
2021-04-24T08:00:00Z,2273.22000000,2302.70000000,2154.80000000,2250.60000000,407556.81194000
2021-04-24T16:00:00Z,2250.60000000,2297.38000000,2198.68000000,2213.35000000,241599.17085000
2021-04-25T00:00:00Z,2214.08000000,2250.27000000,2181.35000000,2193.43000000,118485.10933000
2021-04-25T08:00:00Z,2193.33000000,2356.64000000,2192.26000000,2341.59000000,340348.71711000
2021-04-25T16:00:00Z,2341.59000000,2355.32000000,2168.00000000,2320.49000000,398683.55574000
2021-04-26T00:00:00Z,2320.44000000,2488.58000000,2303.64000000,2450.00000000,465895.22201000
2021-04-26T08:00:00Z,2450.00000000,2525.00000000,2414.65000000,2508.19000000,315556.34317000
2021-04-26T16:00:00Z,2508.20000000,2542.80000000,2430.00000000,2532.60000000,295017.44849000
2021-04-27T00:00:00Z,2532.06000000,2566.81000000,2480.29000000,2545.63000000,197864.95579000
2021-04-27T08:00:00Z,2545.66000000,2670.00000000,2531.27000000,2663.01000000,339374.36081000
2021-04-27T16:00:00Z,2663.01000000,2680.00000000,2602.00000000,2666.13000000,234489.14791000
2021-04-28T00:00:00Z,2666.13000000,2716.00000000,2559.44000000,2612.24000000,328136.76728000
2021-04-28T08:00:00Z,2612.25000000,2734.96000000,2577.73000000,2681.02000000,372258.47099000
2021-04-28T16:00:00Z,2681.02000000,2760.00000000,2665.55000000,2748.24000000,298987.94693000
2021-04-29T00:00:00Z,2748.23000000,2756.41000000,2668.00000000,2730.63000000,246886.12972000
2021-04-29T08:00:00Z,2730.63000000,2798.00000000,2705.00000000,2777.39000000,324921.85500000
2021-04-29T16:00:00Z,2777.30000000,2787.37000000,2681.00000000,2757.04000000,292082.02597000
2021-04-30T00:00:00Z,2757.04000000,2792.00000000,2725.93000000,2774.48000000,214699.30579000
2021-04-30T08:00:00Z,2774.48000000,2798.30000000,2723.09000000,2736.46000000,299077.72670000
2021-04-30T16:00:00Z,2736.47000000,2785.00000000,2731.67000000,2772.42000000,181562.17233000
2021-05-01T00:00:00Z,2772.42000000,2870.00000000,2743.41000000,2858.74000000,236726.94197000
2021-05-01T08:00:00Z,2858.77000000,2880.83000000,2805.24000000,2866.37000000,201020.22740000
2021-05-01T16:00:00Z,2866.37000000,2954.28000000,2866.07000000,2944.77000000,252512.90804000
2021-05-02T00:00:00Z,2944.83000000,2954.70000000,2871.50000000,2892.90000000,205659.56128000
2021-05-02T08:00:00Z,2892.90000000,2940.09000000,2852.26000000,2929.15000000,200818.46942000
2021-05-02T16:00:00Z,2929.14000000,2985.00000000,2920.00000000,2949.56000000,165504.51380000
2021-05-03T00:00:00Z,2949.33000000,3147.00000000,2949.32000000,3146.95000000,344011.19237000
2021-05-03T08:00:00Z,3146.95000000,3204.04000000,3085.06000000,3163.66000000,433084.25590000
2021-05-03T16:00:00Z,3163.65000000,3454.00000000,3150.89000000,3431.04000000,551992.61453000
2021-05-04T00:00:00Z,3431.04000000,3450.00000000,3180.61000000,3313.63000000,552187.32729000
2021-05-04T08:00:00Z,3314.00000000,3527.00000000,3213.35000000,3228.49000000,750138.07080000
2021-05-04T16:00:00Z,3228.36000000,3429.31000000,3160.00000000,3239.01000000,523713.98749000
2021-05-05T00:00:00Z,3239.01000000,3385.00000000,3200.23000000,3339.51000000,367442.52317000
2021-05-05T08:00:00Z,3339.51000000,3407.63000000,3281.63000000,3305.90000000,401111.49856000
2021-05-05T16:00:00Z,3305.79000000,3549.34000000,3280.62000000,3524.26000000,406262.71415000
2021-05-06T00:00:00Z,3524.33000000,3539.20000000,3376.47000000,3439.20000000,257663.07322000
2021-05-06T08:00:00Z,3439.14000000,3577.76000000,3419.21000000,3551.25000000,289367.17849000
2021-05-06T16:00:00Z,3551.26000000,3605.40000000,3400.20000000,3489.73000000,373562.32535000
2021-05-07T00:00:00Z,3489.74000000,3536.18000000,3353.23000000,3434.17000000,301168.00146000
2021-05-07T08:00:00Z,3434.09000000,3570.00000000,3408.04000000,3560.93000000,234983.99815000
2021-05-07T16:00:00Z,3560.93000000,3587.00000000,3421.11000000,3479.53000000,224392.64820000
2021-05-08T00:00:00Z,3479.79000000,3580.00000000,3449.27000000,3527.87000000,208529.44283000
2021-05-08T08:00:00Z,3527.87000000,3680.12000000,3523.03000000,3631.16000000,400074.95529000
2021-05-08T16:00:00Z,3632.01000000,3958.33000000,3631.75000000,3910.26000000,521863.15040000
2021-05-09T00:00:00Z,3910.26000000,3983.65000000,3815.02000000,3937.76000000,355085.45139000
2021-05-09T08:00:00Z,3937.62000000,3966.57000000,3726.08000000,3878.46000000,404494.90063000
2021-05-09T16:00:00Z,3878.76000000,3970.00000000,3841.19000000,3923.95000000,240820.65618000
2021-05-10T00:00:00Z,3923.95000000,4142.85000000,3885.91000000,4105.85000000,346391.77111000
2021-05-10T08:00:00Z,4105.90000000,4169.53000000,3979.00000000,4156.37000000,491415.20616000
2021-05-10T16:00:00Z,4155.88000000,4208.00000000,3650.00000000,3945.88000000,668090.94885000
2021-05-11T00:00:00Z,3946.63000000,4030.49000000,3771.64000000,3961.68000000,438062.53823000
2021-05-11T08:00:00Z,3961.68000000,4084.13000000,3893.77000000,4020.99000000,376660.55966000
2021-05-11T16:00:00Z,4021.00000000,4180.22000000,3990.00000000,4173.45000000,281204.00614000
2021-05-12T00:00:00Z,4173.46000000,4370.00000000,4146.62000000,4306.42000000,365336.61741000
2021-05-12T08:00:00Z,4306.42000000,4372.72000000,4126.10000000,4189.07000000,419642.09766000
2021-05-12T16:00:00Z,4188.94000000,4245.00000000,3701.58000000,3823.21000000,816864.02510000
2021-05-13T00:00:00Z,3810.15000000,4034.77000000,3500.00000000,3968.00000000,684342.79246000
2021-05-13T08:00:00Z,3968.00000000,3986.85000000,3596.02000000,3747.02000000,816722.66763000
2021-05-13T16:00:00Z,3747.01000000,3874.12000000,3541.51000000,3717.91000000,567642.71418000
2021-05-14T00:00:00Z,3717.92000000,3903.52000000,3691.35000000,3881.66000000,382444.21038000
2021-05-14T08:00:00Z,3882.09000000,4162.40000000,3856.18000000,4131.29000000,458148.92611000
2021-05-14T16:00:00Z,4131.30000000,4173.28000000,3967.08000000,4075.01000000,312797.28982000
2021-05-15T00:00:00Z,4075.02000000,4134.05000000,3886.81000000,3907.66000000,317495.44912000
2021-05-15T08:00:00Z,3907.66000000,3962.11000000,3778.69000000,3875.52000000,365681.87908000
2021-05-15T16:00:00Z,3875.52000000,3875.52000000,3632.00000000,3646.68000000,355997.55262000
2021-05-16T00:00:00Z,3646.24000000,3879.00000000,3620.15000000,3866.75000000,268339.96943000
2021-05-16T08:00:00Z,3866.62000000,3867.99000000,3630.37000000,3633.45000000,306342.94953000
2021-05-16T16:00:00Z,3633.53000000,3671.23000000,3343.06000000,3582.10000000,749382.73979000
2021-05-17T00:00:00Z,3581.81000000,3587.06000000,3102.00000000,3520.85000000,787178.21330000
2021-05-17T08:00:00Z,3520.87000000,3575.24000000,3266.66000000,3284.75000000,527978.05629000
2021-05-17T16:00:00Z,3284.99000000,3453.00000000,3121.48000000,3282.51000000,588856.17039000
2021-05-18T00:00:00Z,3282.25000000,3559.16000000,3240.00000000,3510.02000000,411053.23533000
2021-05-18T08:00:00Z,3510.07000000,3565.71000000,3255.71000000,3345.50000000,529292.07783000
2021-05-18T16:00:00Z,3345.49000000,3464.02000000,3310.06000000,3375.07000000,346765.52827000
2021-05-19T00:00:00Z,3375.08000000,3441.73000000,2857.41000000,2985.00000000,1022528.06143000
2021-05-19T08:00:00Z,2985.00000000,3006.00000000,1888.00000000,2742.61000000,2161820.51520000
2021-05-19T16:00:00Z,2741.44000000,2920.44000000,2427.50000000,2438.92000000,1125487.74276000
2021-05-20T00:00:00Z,2438.92000000,2779.00000000,2155.00000000,2712.69000000,1338816.97088000
2021-05-20T08:00:00Z,2712.68000000,2990.05000000,2567.06000000,2903.99000000,876560.62059000
2021-05-20T16:00:00Z,2903.97000000,2905.70000000,2581.00000000,2768.62000000,727400.33863000
2021-05-21T00:00:00Z,2767.87000000,2938.54000000,2679.79000000,2686.96000000,514730.98833000
2021-05-21T08:00:00Z,2687.44000000,2783.21000000,2378.00000000,2420.69000000,1005007.39206000
2021-05-21T16:00:00Z,2420.39000000,2518.86000000,2101.00000000,2430.98000000,1207293.55475000
2021-05-22T00:00:00Z,2430.98000000,2485.00000000,2145.00000000,2248.57000000,711819.60374000
2021-05-22T08:00:00Z,2248.56000000,2483.30000000,2246.56000000,2367.21000000,600740.22572000
2021-05-22T16:00:00Z,2367.21000000,2397.00000000,2251.16000000,2294.87000000,371758.18211000
2021-05-23T00:00:00Z,2295.45000000,2381.57000000,2127.63000000,2157.64000000,453051.92565000
2021-05-23T08:00:00Z,2158.01000000,2174.82000000,1866.29000000,1924.79000000,1396908.15792000
2021-05-23T16:00:00Z,1924.95000000,2150.00000000,1728.74000000,2096.39000000,1064588.64768000
2021-05-24T00:00:00Z,2096.63000000,2297.00000000,2079.94000000,2291.10000000,607893.07925000
2021-05-24T08:00:00Z,2291.44000000,2529.87000000,2221.19000000,2509.07000000,904723.08895000
2021-05-24T16:00:00Z,2509.61000000,2675.00000000,2416.10000000,2648.43000000,674016.75425000
2021-05-25T00:00:00Z,2647.92000000,2750.00000000,2520.48000000,2660.48000000,653377.01201000
2021-05-25T08:00:00Z,2660.39000000,2674.31000000,2378.54000000,2610.47000000,978325.28429000
2021-05-25T16:00:00Z,2610.60000000,2735.00000000,2484.62000000,2705.11000000,483647.20815000
2021-05-26T00:00:00Z,2705.10000000,2898.00000000,2643.00000000,2890.62000000,554177.42465000
2021-05-26T08:00:00Z,2890.61000000,2910.00000000,2688.07000000,2744.78000000,584031.95233000
2021-05-26T16:00:00Z,2744.79000000,2887.15000000,2665.56000000,2884.94000000,445590.21553000
2021-05-27T00:00:00Z,2884.82000000,2889.74000000,2633.68000000,2735.02000000,476701.74385000
2021-05-27T08:00:00Z,2735.03000000,2867.96000000,2683.93000000,2803.99000000,377158.14759000
2021-05-27T16:00:00Z,2803.85000000,2814.63000000,2701.77000000,2742.23000000,245170.02062000
2021-05-28T00:00:00Z,2742.23000000,2762.45000000,2513.00000000,2566.13000000,427997.03719000
2021-05-28T08:00:00Z,2566.69000000,2617.78000000,2419.46000000,2558.36000000,651217.49761000
2021-05-28T16:00:00Z,2558.92000000,2572.50000000,2327.38000000,2412.10000000,475370.07882000
2021-05-29T00:00:00Z,2412.34000000,2574.27000000,2394.40000000,2488.96000000,393429.53587000
2021-05-29T08:00:00Z,2488.76000000,2497.18000000,2285.77000000,2328.92000000,484933.66445000
2021-05-29T16:00:00Z,2328.84000000,2390.02000000,2204.10000000,2278.74000000,501063.98819000
2021-05-30T00:00:00Z,2278.74000000,2463.54000000,2180.53000000,2452.33000000,526718.49765000
2021-05-30T08:00:00Z,2452.32000000,2476.42000000,2340.00000000,2382.48000000,371943.14582000
2021-05-30T16:00:00Z,2382.04000000,2465.90000000,2363.90000000,2385.98000000,252451.55536000
2021-05-31T00:00:00Z,2385.82000000,2455.31000000,2271.44000000,2450.42000000,399819.78797000
2021-05-31T08:00:00Z,2450.30000000,2643.56000000,2425.04000000,2637.48000000,572903.97114000
2021-05-31T16:00:00Z,2637.47000000,2720.00000000,2572.65000000,2706.15000000,335234.28157000
2021-06-01T00:00:00Z,2706.15000000,2740.00000000,2612.63000000,2652.53000000,357431.54533000
2021-06-01T08:00:00Z,2652.37000000,2672.60000000,2523.74000000,2568.49000000,557861.42946000
2021-06-01T16:00:00Z,2568.62000000,2650.00000000,2528.00000000,2634.57000000,264284.13327000
2021-06-02T00:00:00Z,2634.31000000,2708.00000000,2550.00000000,2692.60000000,300886.59740000
2021-06-02T08:00:00Z,2692.60000000,2798.98000000,2660.54000000,2791.24000000,424188.29321000
2021-06-02T16:00:00Z,2791.07000000,2802.99000000,2672.07000000,2706.22000000,244995.64502000
2021-06-03T00:00:00Z,2706.21000000,2849.00000000,2662.40000000,2820.32000000,303682.15132000
2021-06-03T08:00:00Z,2820.03000000,2891.95000000,2762.17000000,2788.11000000,506645.74468000
2021-06-03T16:00:00Z,2788.11000000,2875.00000000,2778.72000000,2857.25000000,213962.99823000
2021-06-04T00:00:00Z,2857.25000000,2860.00000000,2586.02000000,2619.69000000,517163.97027000
2021-06-04T08:00:00Z,2619.69000000,2674.86000000,2552.00000000,2658.01000000,436855.57443000
2021-06-04T16:00:00Z,2658.01000000,2739.00000000,2647.10000000,2689.51000000,234294.56721000
2021-06-05T00:00:00Z,2689.54000000,2812.95000000,2672.33000000,2781.06000000,222595.60616000
2021-06-05T08:00:00Z,2781.44000000,2816.87000000,2582.07000000,2654.99000000,503472.46011000
2021-06-05T16:00:00Z,2654.85000000,2655.31000000,2552.23000000,2627.73000000,235756.05786000
2021-06-06T00:00:00Z,2627.63000000,2709.84000000,2614.00000000,2689.43000000,218144.89480000
2021-06-06T08:00:00Z,2689.44000000,2745.00000000,2653.00000000,2721.00000000,276836.36722000
2021-06-06T16:00:00Z,2721.01000000,2737.49000000,2665.49000000,2711.92000000,178811.43167000
2021-06-07T00:00:00Z,2711.92000000,2800.00000000,2691.24000000,2764.42000000,272946.04210000
2021-06-07T08:00:00Z,2764.61000000,2847.55000000,2743.86000000,2783.00000000,374363.06502000
2021-06-07T16:00:00Z,2782.99000000,2790.00000000,2570.00000000,2592.05000000,504818.97144000
2021-06-08T00:00:00Z,2592.05000000,2620.99000000,2427.28000000,2516.15000000,660655.17173000
2021-06-08T08:00:00Z,2516.05000000,2559.89000000,2304.91000000,2375.36000000,625503.27179000
2021-06-08T16:00:00Z,2375.37000000,2550.00000000,2357.58000000,2507.23000000,407588.98407000
2021-06-09T00:00:00Z,2507.43000000,2548.84000000,2405.28000000,2503.09000000,390361.56215000
2021-06-09T08:00:00Z,2503.08000000,2581.49000000,2446.74000000,2566.92000000,561313.17128000
2021-06-09T16:00:00Z,2566.94000000,2626.63000000,2548.47000000,2610.18000000,325043.50668000
2021-06-10T00:00:00Z,2610.20000000,2624.46000000,2521.00000000,2548.12000000,201581.84722000
2021-06-10T08:00:00Z,2548.12000000,2605.00000000,2492.23000000,2512.02000000,329686.94252000
2021-06-10T16:00:00Z,2512.01000000,2524.40000000,2425.11000000,2471.09000000,209968.70952000
2021-06-11T00:00:00Z,2471.01000000,2497.99000000,2402.51000000,2446.08000000,195420.16794000
2021-06-11T08:00:00Z,2446.08000000,2485.83000000,2411.00000000,2416.04000000,179784.22899000
2021-06-11T16:00:00Z,2416.27000000,2429.52000000,2321.37000000,2354.01000000,212159.87665000
2021-06-12T00:00:00Z,2354.09000000,2365.44000000,2256.22000000,2322.12000000,296647.25792000
2021-06-12T08:00:00Z,2322.12000000,2454.53000000,2297.10000000,2393.08000000,327959.52557000
2021-06-12T16:00:00Z,2393.05000000,2426.78000000,2363.00000000,2370.74000000,142832.71491000
2021-06-13T00:00:00Z,2370.64000000,2419.00000000,2308.41000000,2324.25000000,194442.05767000
2021-06-13T08:00:00Z,2324.25000000,2383.00000000,2320.23000000,2351.60000000,167998.11273000
2021-06-13T16:00:00Z,2351.43000000,2548.41000000,2344.39000000,2509.33000000,353508.58946000
2021-06-14T00:00:00Z,2509.33000000,2543.36000000,2466.87000000,2499.73000000,202488.06342000
2021-06-14T08:00:00Z,2499.73000000,2580.28000000,2461.00000000,2577.17000000,258559.13021000
2021-06-14T16:00:00Z,2576.66000000,2609.17000000,2520.31000000,2580.77000000,223136.36259000
2021-06-15T00:00:00Z,2580.58000000,2640.00000000,2565.89000000,2622.58000000,220523.41715000
2021-06-15T08:00:00Z,2622.62000000,2624.99000000,2528.00000000,2551.31000000,191687.63181000
2021-06-15T16:00:00Z,2551.31000000,2614.00000000,2507.70000000,2543.54000000,187615.60037000
2021-06-16T00:00:00Z,2543.55000000,2556.19000000,2500.00000000,2528.10000000,140343.10379000
2021-06-16T08:00:00Z,2528.09000000,2542.29000000,2406.32000000,2415.95000000,235906.64611000
2021-06-16T16:00:00Z,2416.44000000,2458.70000000,2351.18000000,2367.89000000,248492.03368000
2021-06-17T00:00:00Z,2368.02000000,2460.50000000,2359.17000000,2441.01000000,160834.46930000
2021-06-17T08:00:00Z,2441.01000000,2454.99000000,2365.30000000,2417.24000000,175731.23436000
2021-06-17T16:00:00Z,2417.29000000,2425.00000000,2306.00000000,2373.28000000,224101.88200000
2021-06-18T00:00:00Z,2373.28000000,2378.00000000,2312.00000000,2341.62000000,139477.35350000
2021-06-18T08:00:00Z,2341.62000000,2357.73000000,2210.00000000,2215.00000000,341193.03596000
2021-06-18T16:00:00Z,2214.99000000,2245.68000000,2139.00000000,2234.09000000,298234.81251000
2021-06-19T00:00:00Z,2234.09000000,2255.00000000,2168.08000000,2245.51000000,181852.08686000
2021-06-19T08:00:00Z,2245.49000000,2278.82000000,2218.48000000,2246.66000000,167209.86651000
2021-06-19T16:00:00Z,2246.66000000,2254.00000000,2161.67000000,2164.67000000,147810.29660000
2021-06-20T00:00:00Z,2165.34000000,2222.22000000,2143.00000000,2203.97000000,134417.78386000
2021-06-20T08:00:00Z,2203.92000000,2210.33000000,2040.68000000,2111.21000000,385683.28557000
2021-06-20T16:00:00Z,2111.20000000,2280.01000000,2102.69000000,2243.47000000,223782.57798000
2021-06-21T00:00:00Z,2243.49000000,2260.16000000,1973.02000000,2012.43000000,490384.03843000
2021-06-21T08:00:00Z,2012.53000000,2055.00000000,1891.24000000,1983.84000000,746378.72814000
2021-06-21T16:00:00Z,1983.89000000,2000.44000000,1865.54000000,1885.49000000,393056.89919000
2021-06-22T00:00:00Z,1885.27000000,1998.00000000,1857.94000000,1944.71000000,334122.58475000
2021-06-22T08:00:00Z,1944.71000000,1945.80000000,1700.48000000,1861.01000000,958613.55138000
2021-06-22T16:00:00Z,1861.23000000,1954.00000000,1847.76000000,1879.28000000,402601.94439000
2021-06-23T00:00:00Z,1879.29000000,2045.00000000,1821.95000000,2005.36000000,406149.76884000
2021-06-23T08:00:00Z,2005.57000000,2040.66000000,1966.45000000,1974.67000000,298227.43167000
2021-06-23T16:00:00Z,1974.72000000,2002.00000000,1907.83000000,1968.14000000,214235.10443000
2021-06-24T00:00:00Z,1967.95000000,1981.99000000,1884.79000000,1919.49000000,213243.70142000
2021-06-24T08:00:00Z,1919.54000000,2019.89000000,1915.21000000,1985.77000000,268189.63903000
2021-06-24T16:00:00Z,1985.76000000,2036.61000000,1970.00000000,1989.52000000,219798.33433000
2021-06-25T00:00:00Z,1989.53000000,2019.99000000,1927.18000000,1944.06000000,188900.50923000
2021-06-25T08:00:00Z,1944.02000000,1947.37000000,1791.22000000,1827.07000000,382369.68583000
2021-06-25T16:00:00Z,1827.45000000,1869.81000000,1791.79000000,1808.82000000,287538.35261000
2021-06-26T00:00:00Z,1808.97000000,1852.80000000,1745.00000000,1752.00000000,234268.19785000
2021-06-26T08:00:00Z,1751.96000000,1814.39000000,1717.32000000,1779.00000000,397741.03851000
2021-06-26T16:00:00Z,1779.00000000,1835.00000000,1728.99000000,1829.64000000,200305.91268000
2021-06-27T00:00:00Z,1829.84000000,1894.82000000,1811.73000000,1867.33000000,238003.93054000
2021-06-27T08:00:00Z,1867.33000000,1875.62000000,1811.60000000,1844.05000000,190081.24209000
2021-06-27T16:00:00Z,1844.11000000,1984.50000000,1804.26000000,1982.28000000,267970.62044000
2021-06-28T00:00:00Z,1982.27000000,2055.00000000,1960.52000000,2048.99000000,280345.99419000
2021-06-28T08:00:00Z,2048.99000000,2119.61000000,1976.02000000,2117.39000000,446081.60731000
2021-06-28T16:00:00Z,2116.98000000,2145.00000000,2061.77000000,2084.41000000,317817.08158000
2021-06-29T00:00:00Z,2084.42000000,2171.35000000,2073.57000000,2130.86000000,260543.71241000
2021-06-29T08:00:00Z,2130.86000000,2235.00000000,2113.98000000,2218.29000000,355495.26211000
2021-06-29T16:00:00Z,2218.28000000,2245.00000000,2155.94000000,2165.33000000,215218.25825000
2021-06-30T00:00:00Z,2165.46000000,2186.89000000,2087.99000000,2161.76000000,278024.77639000
2021-06-30T08:00:00Z,2161.88000000,2167.02000000,2089.41000000,2103.00000000,266811.07052000
2021-06-30T16:00:00Z,2103.00000000,2287.78000000,2094.21000000,2275.68000000,365747.75629000
2021-07-01T00:00:00Z,2275.68000000,2275.93000000,2128.00000000,2129.01000000,260903.78101000
2021-07-01T08:00:00Z,2129.01000000,2147.01000000,2073.12000000,2118.23000000,327395.93282000
2021-07-01T16:00:00Z,2118.50000000,2140.00000000,2075.51000000,2106.41000000,199565.53754000
2021-07-02T00:00:00Z,2106.41000000,2139.00000000,2018.50000000,2061.49000000,225508.26838000
2021-07-02T08:00:00Z,2061.49000000,2129.00000000,2018.52000000,2124.15000000,279375.41037000
2021-07-02T16:00:00Z,2124.14000000,2160.00000000,2082.09000000,2154.13000000,167398.69601000
2021-07-03T00:00:00Z,2153.95000000,2207.41000000,2112.01000000,2195.95000000,189674.00138000
2021-07-03T08:00:00Z,2195.62000000,2240.00000000,2187.14000000,2224.75000000,228819.88861000
2021-07-03T16:00:00Z,2224.89000000,2237.72000000,2187.12000000,2226.99000000,150770.91101000
2021-07-04T00:00:00Z,2226.99000000,2347.75000000,2189.58000000,2334.96000000,219503.46839000
2021-07-04T08:00:00Z,2334.47000000,2346.29000000,2306.61000000,2330.77000000,156594.40112000
2021-07-04T16:00:00Z,2330.85000000,2389.93000000,2300.00000000,2322.69000000,214558.38118000
2021-07-05T00:00:00Z,2322.69000000,2324.64000000,2243.00000000,2273.77000000,236980.84694000
2021-07-05T08:00:00Z,2273.77000000,2308.91000000,2175.00000000,2206.24000000,292485.46342000
2021-07-05T16:00:00Z,2206.25000000,2255.00000000,2157.32000000,2196.53000000,252340.00569000
2021-07-06T00:00:00Z,2196.85000000,2343.71000000,2193.00000000,2336.72000000,225432.06574000
2021-07-06T08:00:00Z,2336.77000000,2350.00000000,2253.82000000,2305.73000000,381680.27465000
2021-07-06T16:00:00Z,2305.91000000,2336.28000000,2273.10000000,2322.50000000,178217.83113000
2021-07-07T00:00:00Z,2322.51000000,2409.00000000,2291.90000000,2376.82000000,304315.62928000
2021-07-07T08:00:00Z,2377.06000000,2399.00000000,2320.00000000,2341.97000000,214593.86670000
2021-07-07T16:00:00Z,2341.96000000,2371.52000000,2306.08000000,2316.57000000,147591.85974000
2021-07-08T00:00:00Z,2316.25000000,2325.60000000,2165.00000000,2182.08000000,338980.94501000
2021-07-08T08:00:00Z,2182.08000000,2195.00000000,2124.21000000,2174.38000000,327480.69911000
2021-07-08T16:00:00Z,2174.38000000,2179.47000000,2084.79000000,2116.33000000,213803.39712000
2021-07-09T00:00:00Z,2116.32000000,2160.00000000,2046.51000000,2126.22000000,275690.20571000
2021-07-09T08:00:00Z,2126.14000000,2189.40000000,2064.22000000,2171.63000000,313729.25913000
2021-07-09T16:00:00Z,2171.86000000,2184.17000000,2121.16000000,2146.99000000,149191.89820000
2021-07-10T00:00:00Z,2146.99000000,2194.82000000,2096.01000000,2121.91000000,179691.86658000
2021-07-10T08:00:00Z,2122.16000000,2139.02000000,2085.66000000,2118.80000000,149309.14666000
2021-07-10T16:00:00Z,2118.80000000,2160.00000000,2074.16000000,2110.69000000,170070.84580000
2021-07-11T00:00:00Z,2110.68000000,2138.61000000,2081.02000000,2099.84000000,99479.76786000
2021-07-11T08:00:00Z,2099.74000000,2150.50000000,2090.28000000,2145.01000000,129035.59856000
2021-07-11T16:00:00Z,2145.01000000,2174.00000000,2123.73000000,2140.45000000,113779.03660000
2021-07-12T00:00:00Z,2140.54000000,2167.83000000,2125.82000000,2146.17000000,111603.48362000
2021-07-12T08:00:00Z,2146.17000000,2157.66000000,2083.88000000,2087.50000000,163321.87638000
2021-07-12T16:00:00Z,2087.51000000,2097.30000000,2006.68000000,2031.58000000,265704.74742000
2021-07-13T00:00:00Z,2031.57000000,2043.91000000,1976.91000000,2027.72000000,202947.89997000
2021-07-13T08:00:00Z,2027.73000000,2047.35000000,1960.18000000,1998.94000000,245915.64365000
2021-07-13T16:00:00Z,1998.93000000,2007.57000000,1918.00000000,1940.15000000,198524.70607000
2021-07-14T00:00:00Z,1940.44000000,1945.55000000,1865.00000000,1899.70000000,240245.84079000
2021-07-14T08:00:00Z,1899.70000000,2019.18000000,1871.44000000,1995.82000000,311444.19949000
2021-07-14T16:00:00Z,1995.40000000,2014.97000000,1971.58000000,1994.58000000,138815.56909000
2021-07-15T00:00:00Z,1994.41000000,2042.88000000,1942.61000000,1954.02000000,197112.69134000
2021-07-15T08:00:00Z,1954.01000000,1978.41000000,1884.34000000,1913.79000000,282549.79513000
2021-07-15T16:00:00Z,1913.86000000,1935.81000000,1881.00000000,1919.51000000,165608.83916000
2021-07-16T00:00:00Z,1919.54000000,1965.00000000,1895.86000000,1912.47000000,156622.14556000
2021-07-16T08:00:00Z,1912.47000000,1935.00000000,1850.00000000,1934.47000000,278863.49876000
2021-07-16T16:00:00Z,1934.47000000,1940.00000000,1870.11000000,1876.26000000,141583.25292000
2021-07-17T00:00:00Z,1876.47000000,1900.56000000,1857.57000000,1877.98000000,138045.08185000
2021-07-17T08:00:00Z,1877.94000000,1909.46000000,1844.45000000,1886.86000000,167415.57886000
2021-07-17T16:00:00Z,1886.86000000,1919.19000000,1880.43000000,1899.59000000,124839.85507000
2021-07-18T00:00:00Z,1899.50000000,1993.79000000,1896.55000000,1959.00000000,231549.66808000
2021-07-18T08:00:00Z,1959.00000000,1973.77000000,1880.23000000,1890.86000000,169026.40551000
2021-07-18T16:00:00Z,1891.00000000,1928.57000000,1877.10000000,1891.64000000,134261.56295000
2021-07-19T00:00:00Z,1891.65000000,1919.00000000,1865.47000000,1891.56000000,136604.93564000
2021-07-19T08:00:00Z,1891.56000000,1900.77000000,1805.00000000,1820.25000000,301361.10518000
2021-07-19T16:00:00Z,1820.25000000,1832.63000000,1808.00000000,1818.73000000,109453.89689000
2021-07-20T00:00:00Z,1818.73000000,1841.34000000,1706.00000000,1762.07000000,388242.17028000
2021-07-20T08:00:00Z,1762.06000000,1812.00000000,1718.64000000,1805.29000000,266839.85381000
2021-07-20T16:00:00Z,1805.16000000,1819.88000000,1765.43000000,1786.03000000,131175.24791000
2021-07-21T00:00:00Z,1786.03000000,1881.23000000,1747.55000000,1875.25000000,289759.83123000
2021-07-21T08:00:00Z,1875.25000000,1958.91000000,1860.01000000,1954.50000000,348482.87251000
2021-07-21T16:00:00Z,1954.83000000,2035.23000000,1931.29000000,1995.50000000,477707.11659000
2021-07-22T00:00:00Z,1995.50000000,2024.47000000,1959.88000000,1991.88000000,259599.88396000
2021-07-22T08:00:00Z,1991.88000000,2043.45000000,1947.62000000,2033.56000000,346179.56546000
2021-07-22T16:00:00Z,2033.57000000,2046.00000000,1989.45000000,2024.56000000,163074.91648000
2021-07-23T00:00:00Z,2024.27000000,2094.28000000,2014.45000000,2064.95000000,230774.85094000
2021-07-23T08:00:00Z,2064.95000000,2078.00000000,2039.22000000,2047.75000000,183866.98347000
2021-07-23T16:00:00Z,2047.75000000,2130.90000000,1993.22000000,2124.25000000,293519.07881000
2021-07-24T00:00:00Z,2124.26000000,2146.01000000,2105.58000000,2132.30000000,181202.88771000
2021-07-24T08:00:00Z,2132.30000000,2180.00000000,2115.60000000,2150.59000000,230179.28695000
2021-07-24T16:00:00Z,2150.56000000,2199.50000000,2126.99000000,2184.75000000,221693.01126000
2021-07-25T00:00:00Z,2184.90000000,2194.80000000,2136.50000000,2175.30000000,165477.55053000
2021-07-25T08:00:00Z,2175.47000000,2183.70000000,2105.93000000,2138.18000000,208326.72392000
2021-07-25T16:00:00Z,2138.19000000,2197.41000000,2121.54000000,2189.79000000,161825.99555000
2021-07-26T00:00:00Z,2189.82000000,2390.00000000,2171.57000000,2325.59000000,638547.73962000
2021-07-26T08:00:00Z,2325.60000000,2360.12000000,2296.58000000,2341.58000000,262041.28803000
2021-07-26T16:00:00Z,2341.66000000,2433.65000000,2205.47000000,2228.08000000,493149.13535000
2021-07-27T00:00:00Z,2227.81000000,2241.30000000,2150.50000000,2202.02000000,326699.43596000
2021-07-27T08:00:00Z,2201.87000000,2319.26000000,2193.02000000,2277.35000000,340663.31239000
2021-07-27T16:00:00Z,2277.35000000,2311.72000000,2201.66000000,2299.49000000,238996.48643000
2021-07-28T00:00:00Z,2299.47000000,2335.00000000,2243.15000000,2296.14000000,259831.16822000
2021-07-28T08:00:00Z,2296.00000000,2345.00000000,2268.15000000,2292.30000000,249106.52028000
2021-07-28T16:00:00Z,2292.31000000,2328.97000000,2251.02000000,2300.90000000,209264.88877000
2021-07-29T00:00:00Z,2300.90000000,2307.77000000,2266.12000000,2295.13000000,120440.67435000
2021-07-29T08:00:00Z,2295.13000000,2335.00000000,2283.23000000,2323.91000000,182329.44053000
2021-07-29T16:00:00Z,2323.92000000,2400.00000000,2302.00000000,2382.92000000,196594.72008000
2021-07-30T00:00:00Z,2382.93000000,2450.00000000,2366.14000000,2404.31000000,268504.75631000
2021-07-30T08:00:00Z,2404.49000000,2406.17000000,2315.92000000,2346.66000000,232355.42364000
2021-07-30T16:00:00Z,2346.64000000,2471.70000000,2334.00000000,2461.81000000,261717.10802000
2021-07-31T00:00:00Z,2461.77000000,2483.38000000,2420.68000000,2442.16000000,164785.45069000
2021-07-31T08:00:00Z,2442.03000000,2477.63000000,2432.00000000,2458.01000000,153045.86722000
2021-07-31T16:00:00Z,2458.01000000,2553.86000000,2434.50000000,2531.05000000,189769.73235000
2021-08-01T00:00:00Z,2531.10000000,2636.91000000,2511.24000000,2586.18000000,272911.47252000
2021-08-01T08:00:00Z,2586.42000000,2611.61000000,2561.64000000,2583.21000000,182454.84012000
2021-08-01T16:00:00Z,2583.21000000,2697.61000000,2528.05000000,2555.69000000,398129.62814000
2021-08-02T00:00:00Z,2555.50000000,2639.47000000,2507.00000000,2617.74000000,235707.95255000
2021-08-02T08:00:00Z,2617.75000000,2658.80000000,2557.49000000,2633.26000000,270671.78665000
2021-08-02T16:00:00Z,2633.40000000,2666.00000000,2582.32000000,2606.93000000,220322.11032000
2021-08-03T00:00:00Z,2606.92000000,2632.44000000,2442.32000000,2493.22000000,320208.51761000
2021-08-03T08:00:00Z,2493.10000000,2540.55000000,2451.00000000,2496.57000000,284471.69666000
2021-08-03T16:00:00Z,2496.62000000,2530.19000000,2451.14000000,2509.04000000,188280.62948000
2021-08-04T00:00:00Z,2508.51000000,2538.24000000,2465.00000000,2478.71000000,174755.41882000
2021-08-04T08:00:00Z,2478.82000000,2697.12000000,2457.68000000,2672.58000000,418010.96925000
2021-08-04T16:00:00Z,2672.57000000,2772.71000000,2665.00000000,2724.78000000,361824.36553000
2021-08-05T00:00:00Z,2724.55000000,2742.00000000,2660.84000000,2681.70000000,242740.77059000
2021-08-05T08:00:00Z,2681.81000000,2820.00000000,2529.91000000,2755.08000000,718722.88206000
2021-08-05T16:00:00Z,2755.19000000,2843.98000000,2746.55000000,2826.99000000,346256.55389000
2021-08-06T00:00:00Z,2827.01000000,2844.44000000,2750.00000000,2767.67000000,228722.66872000
2021-08-06T08:00:00Z,2767.65000000,2848.00000000,2720.06000000,2838.27000000,246385.84693000
2021-08-06T16:00:00Z,2838.27000000,2946.75000000,2836.99000000,2891.58000000,350290.97072000
2021-08-07T00:00:00Z,2891.54000000,2982.95000000,2865.50000000,2955.76000000,248497.84420000
2021-08-07T08:00:00Z,2955.76000000,3171.00000000,2942.52000000,3082.97000000,573552.35413000
2021-08-07T16:00:00Z,3082.97000000,3170.00000000,2993.27000000,3160.31000000,383226.90262000
2021-08-08T00:00:00Z,3160.48000000,3189.99000000,3072.55000000,3137.84000000,362497.12171000
2021-08-08T08:00:00Z,3137.85000000,3160.00000000,3014.70000000,3030.77000000,293006.11878000
2021-08-08T16:00:00Z,3030.77000000,3069.98000000,2949.03000000,3011.85000000,310846.46530000
2021-08-09T00:00:00Z,3011.84000000,3035.00000000,2893.23000000,2944.11000000,334315.26930000
2021-08-09T08:00:00Z,2944.11000000,3172.00000000,2932.11000000,3166.61000000,477106.96042000
2021-08-09T16:00:00Z,3166.62000000,3186.00000000,3036.25000000,3160.52000000,318162.38642000
2021-08-10T00:00:00Z,3160.51000000,3200.00000000,3089.42000000,3141.21000000,240043.36312000
2021-08-10T08:00:00Z,3141.20000000,3233.00000000,3093.00000000,3121.05000000,374315.35844000
2021-08-10T16:00:00Z,3121.04000000,3190.00000000,3051.22000000,3141.66000000,266317.02287000
2021-08-11T00:00:00Z,3141.14000000,3248.78000000,3120.27000000,3231.74000000,273488.39778000
2021-08-11T08:00:00Z,3231.75000000,3274.00000000,3204.05000000,3245.22000000,243102.84197000
2021-08-11T16:00:00Z,3245.23000000,3264.80000000,3150.00000000,3160.50000000,215955.36458000
2021-08-12T00:00:00Z,3160.40000000,3239.00000000,3093.14000000,3141.63000000,233398.58446000
2021-08-12T08:00:00Z,3141.64000000,3171.70000000,3020.00000000,3029.76000000,279733.56101000
2021-08-12T16:00:00Z,3029.83000000,3073.95000000,2979.29000000,3045.96000000,224496.31261000
2021-08-13T00:00:00Z,3046.11000000,3231.83000000,3033.80000000,3222.99000000,136607.01066000
2021-08-13T08:00:00Z,3222.99000000,3260.25000000,3179.49000000,3214.04000000,231014.37434000
2021-08-13T16:00:00Z,3214.04000000,3327.83000000,3197.82000000,3322.32000000,211712.01823000
2021-08-14T00:00:00Z,3322.33000000,3326.00000000,3277.04000000,3307.39000000,130622.15936000
2021-08-14T08:00:00Z,3307.82000000,3330.98000000,3200.00000000,3270.71000000,241740.97895000
2021-08-14T16:00:00Z,3270.41000000,3289.00000000,3215.01000000,3263.16000000,113739.39956000
2021-08-15T00:00:00Z,3263.16000000,3289.80000000,3155.00000000,3161.50000000,151224.03876000
2021-08-15T08:00:00Z,3161.50000000,3197.63000000,3132.69000000,3156.70000000,196891.81861000
2021-08-15T16:00:00Z,3156.98000000,3320.00000000,3111.13000000,3307.09000000,217463.82028000
2021-08-16T00:00:00Z,3307.35000000,3335.00000000,3258.68000000,3276.16000000,201460.45446000
2021-08-16T08:00:00Z,3276.16000000,3310.00000000,3182.73000000,3223.84000000,244055.42297000
2021-08-16T16:00:00Z,3223.84000000,3245.00000000,3135.22000000,3146.53000000,190151.17679000
2021-08-17T00:00:00Z,3147.18000000,3215.65000000,3115.63000000,3171.00000000,189904.62654000
2021-08-17T08:00:00Z,3170.81000000,3290.00000000,3159.92000000,3165.82000000,263828.17853000
2021-08-17T16:00:00Z,3165.83000000,3190.68000000,2991.89000000,3011.72000000,351263.26464000
2021-08-18T00:00:00Z,3011.73000000,3085.21000000,2950.00000000,3030.37000000,223689.62421000
2021-08-18T08:00:00Z,3030.37000000,3114.83000000,2989.60000000,3111.23000000,208243.23683000
2021-08-18T16:00:00Z,3111.24000000,3125.81000000,2998.02000000,3014.55000000,193170.39464000
2021-08-19T00:00:00Z,3014.18000000,3051.70000000,2958.33000000,2995.37000000,243936.71920000
2021-08-19T08:00:00Z,2995.36000000,3077.88000000,2963.37000000,3067.67000000,186296.77786000
2021-08-19T16:00:00Z,3067.66000000,3188.00000000,3023.59000000,3184.12000000,204536.42468000
2021-08-20T00:00:00Z,3184.11000000,3243.60000000,3177.16000000,3216.59000000,189375.30119000
2021-08-20T08:00:00Z,3216.59000000,3300.00000000,3188.06000000,3283.38000000,215826.69170000
2021-08-20T16:00:00Z,3283.37000000,3298.00000000,3218.30000000,3284.82000000,152925.46251000
2021-08-21T00:00:00Z,3284.81000000,3304.83000000,3233.92000000,3293.56000000,134779.85622000
2021-08-21T08:00:00Z,3293.56000000,3309.16000000,3238.11000000,3271.22000000,171631.01297000
2021-08-21T16:00:00Z,3271.22000000,3292.10000000,3207.00000000,3223.43000000,114745.22165000
2021-08-22T00:00:00Z,3223.36000000,3271.00000000,3217.00000000,3261.83000000,83597.27907000
2021-08-22T08:00:00Z,3261.69000000,3272.00000000,3154.42000000,3181.54000000,170176.49436000
2021-08-22T16:00:00Z,3181.54000000,3253.45000000,3126.42000000,3238.00000000,152705.30311000
2021-08-23T00:00:00Z,3238.00000000,3355.00000000,3230.02000000,3323.86000000,273521.59232000
2021-08-23T08:00:00Z,3323.86000000,3377.89000000,3296.58000000,3325.98000000,196650.90187000
2021-08-23T16:00:00Z,3325.97000000,3355.58000000,3280.00000000,3321.28000000,131930.95195000
2021-08-24T00:00:00Z,3321.28000000,3357.85000000,3281.96000000,3346.60000000,124949.00030000
2021-08-24T08:00:00Z,3346.61000000,3352.98000000,3200.01000000,3211.54000000,215882.41490000
2021-08-24T16:00:00Z,3211.54000000,3230.00000000,3147.31000000,3170.62000000,199648.66333000
2021-08-25T00:00:00Z,3170.63000000,3222.26000000,3160.06000000,3183.60000000,121079.54662000
2021-08-25T08:00:00Z,3183.38000000,3224.00000000,3080.00000000,3217.17000000,250410.96219000
2021-08-25T16:00:00Z,3217.17000000,3248.00000000,3198.30000000,3226.87000000,112207.18563000
2021-08-26T00:00:00Z,3226.88000000,3250.00000000,3061.01000000,3105.16000000,175013.16215000
2021-08-26T08:00:00Z,3105.16000000,3148.20000000,3053.30000000,3104.77000000,168441.98237000
2021-08-26T16:00:00Z,3104.76000000,3147.00000000,3075.09000000,3093.20000000,98843.32920000
2021-08-27T00:00:00Z,3093.06000000,3144.99000000,3060.18000000,3127.11000000,128189.91240000
2021-08-27T08:00:00Z,3126.17000000,3250.81000000,3102.50000000,3238.97000000,191528.85963000
2021-08-27T16:00:00Z,3238.96000000,3280.00000000,3220.16000000,3273.45000000,131309.03508000
2021-08-28T00:00:00Z,3273.89000000,3287.00000000,3223.30000000,3230.16000000,89886.42581000
2021-08-28T08:00:00Z,3230.28000000,3259.00000000,3210.31000000,3246.15000000,100337.09780000
2021-08-28T16:00:00Z,3246.38000000,3265.00000000,3220.00000000,3244.48000000,72136.82560000
2021-08-29T00:00:00Z,3244.75000000,3285.00000000,3152.34000000,3206.30000000,166143.52770000
2021-08-29T08:00:00Z,3206.30000000,3219.33000000,3165.57000000,3186.99000000,82359.36320000
2021-08-29T16:00:00Z,3186.99000000,3258.37000000,3180.83000000,3223.47000000,87303.89180000
2021-08-30T00:00:00Z,3223.47000000,3229.71000000,3143.00000000,3180.11000000,138076.41280000
2021-08-30T08:00:00Z,3180.12000000,3224.56000000,3149.14000000,3217.64000000,141592.95930000
2021-08-30T16:00:00Z,3217.86000000,3347.95000000,3211.19000000,3229.64000000,345677.90331000
2021-08-31T00:00:00Z,3229.14000000,3368.58000000,3188.77000000,3358.12000000,247166.76637000
2021-08-31T08:00:00Z,3358.11000000,3476.00000000,3310.26000000,3386.63000000,398984.72495000
2021-08-31T16:00:00Z,3386.84000000,3445.00000000,3339.01000000,3429.20000000,216919.63960000
2021-09-01T00:00:00Z,3429.19000000,3545.05000000,3382.22000000,3516.86000000,253942.52047000
2021-09-01T08:00:00Z,3516.85000000,3585.00000000,3512.35000000,3580.56000000,237284.34790000
2021-09-01T16:00:00Z,3580.56000000,3842.00000000,3575.87000000,3826.82000000,354533.09031000
2021-09-02T00:00:00Z,3826.82000000,3836.80000000,3721.42000000,3733.41000000,198304.76730000
2021-09-02T08:00:00Z,3733.42000000,3833.96000000,3717.04000000,3756.31000000,198019.42580000
2021-09-02T16:00:00Z,3756.31000000,3830.74000000,3755.00000000,3785.82000000,128841.60650000
2021-09-03T00:00:00Z,3785.82000000,3826.67000000,3705.05000000,3797.92000000,167755.14940000
2021-09-03T08:00:00Z,3797.93000000,4027.88000000,3788.98000000,3968.80000000,358651.84359000
2021-09-03T16:00:00Z,3968.67000000,3984.82000000,3867.16000000,3938.11000000,129496.76440000
2021-09-04T00:00:00Z,3938.11000000,3970.00000000,3892.52000000,3916.75000000,100354.01700000
2021-09-04T08:00:00Z,3916.75000000,3953.29000000,3878.41000000,3917.72000000,132815.61670000
2021-09-04T16:00:00Z,3917.72000000,3924.78000000,3832.50000000,3885.52000000,131308.48560000
2021-09-05T00:00:00Z,3885.61000000,3913.54000000,3830.00000000,3870.71000000,90642.26230000
2021-09-05T08:00:00Z,3870.63000000,3955.18000000,3860.83000000,3907.68000000,146638.51470000
2021-09-05T16:00:00Z,3907.69000000,3980.00000000,3900.00000000,3950.29000000,128479.08270000
2021-09-06T00:00:00Z,3950.28000000,3961.94000000,3897.22000000,3943.76000000,128537.66750000
2021-09-06T08:00:00Z,3943.77000000,3970.00000000,3864.30000000,3924.98000000,167309.07300000
2021-09-06T16:00:00Z,3924.98000000,3969.00000000,3912.04000000,3926.77000000,101921.83780000
2021-09-07T00:00:00Z,3926.67000000,3947.15000000,3878.37000000,3883.85000000,140518.94650000
2021-09-07T08:00:00Z,3883.85000000,3883.85000000,3005.00000000,3452.70000000,693633.10959000
2021-09-07T16:00:00Z,3453.89000000,3576.00000000,3316.97000000,3434.57000000,369383.94600000
2021-09-08T00:00:00Z,3434.84000000,3541.64000000,3246.92000000,3258.22000000,292621.56370000
2021-09-08T08:00:00Z,3258.65000000,3455.00000000,3215.16000000,3419.35000000,290235.38200000
2021-09-08T16:00:00Z,3419.44000000,3560.00000000,3400.00000000,3499.00000000,197754.82000000
2021-09-09T00:00:00Z,3499.01000000,3522.00000000,3426.99000000,3499.42000000,172397.24730000
2021-09-09T08:00:00Z,3499.64000000,3567.06000000,3390.40000000,3523.75000000,300429.15910000
2021-09-09T16:00:00Z,3523.76000000,3558.00000000,3414.96000000,3424.93000000,155727.47670000
2021-09-10T00:00:00Z,3424.94000000,3514.11000000,3392.51000000,3403.12000000,141015.19350000
2021-09-10T08:00:00Z,3402.61000000,3430.00000000,3208.60000000,3298.99000000,289844.37800000
2021-09-10T16:00:00Z,3299.00000000,3344.24000000,3150.00000000,3208.86000000,202166.69440000
2021-09-11T00:00:00Z,3208.85000000,3296.69000000,3200.00000000,3248.03000000,148463.27230000
2021-09-11T08:00:00Z,3248.07000000,3348.37000000,3218.60000000,3311.00000000,157329.87380000
2021-09-11T16:00:00Z,3311.00000000,3342.67000000,3242.93000000,3267.21000000,107731.03000000
2021-09-12T00:00:00Z,3267.10000000,3339.95000000,3231.10000000,3320.98000000,111101.01480000
2021-09-12T08:00:00Z,3320.99000000,3474.16000000,3315.36000000,3416.55000000,169425.44820000
2021-09-12T16:00:00Z,3416.55000000,3448.00000000,3303.24000000,3404.21000000,128332.49650000
2021-09-13T00:00:00Z,3404.30000000,3430.30000000,3175.62000000,3203.57000000,199131.11640000
2021-09-13T08:00:00Z,3203.56000000,3388.22000000,3108.49000000,3202.62000000,325196.55550000
2021-09-13T16:00:00Z,3202.63000000,3310.14000000,3184.26000000,3285.35000000,123528.04800000
2021-09-14T00:00:00Z,3285.09000000,3338.53000000,3269.95000000,3311.86000000,99816.66380000
2021-09-14T08:00:00Z,3312.16000000,3407.99000000,3292.03000000,3388.34000000,160215.42530000
2021-09-14T16:00:00Z,3388.55000000,3437.05000000,3330.04000000,3434.37000000,113602.81350000
2021-09-15T00:00:00Z,3434.37000000,3450.00000000,3357.78000000,3404.19000000,112405.22000000
2021-09-15T08:00:00Z,3404.00000000,3510.00000000,3379.56000000,3498.14000000,163541.63170000
2021-09-15T16:00:00Z,3498.07000000,3616.16000000,3495.45000000,3613.55000000,152560.67610000
2021-09-16T00:00:00Z,3613.55000000,3676.28000000,3524.76000000,3634.08000000,167192.85450000
2021-09-16T08:00:00Z,3634.09000000,3644.48000000,3535.32000000,3618.20000000,167897.26280000
2021-09-16T16:00:00Z,3618.09000000,3635.00000000,3481.14000000,3567.98000000,132895.37460000
2021-09-17T00:00:00Z,3567.97000000,3594.17000000,3513.27000000,3520.13000000,100906.14280000
2021-09-17T08:00:00Z,3520.35000000,3542.58000000,3404.00000000,3450.78000000,163335.37620000
2021-09-17T16:00:00Z,3451.00000000,3470.61000000,3350.07000000,3399.81000000,134646.85150000
2021-09-18T00:00:00Z,3399.89000000,3524.00000000,3368.88000000,3503.01000000,112331.31410000
2021-09-18T08:00:00Z,3503.22000000,3541.96000000,3463.86000000,3474.61000000,95644.84890000
2021-09-18T16:00:00Z,3474.62000000,3489.99000000,3377.00000000,3435.64000000,107186.59970000
2021-09-19T00:00:00Z,3435.64000000,3456.53000000,3373.72000000,3440.72000000,68421.35560000
2021-09-19T08:00:00Z,3440.82000000,3452.98000000,3302.00000000,3363.34000000,137065.28290000
2021-09-19T16:00:00Z,3363.34000000,3381.84000000,3277.74000000,3328.62000000,107461.36280000
2021-09-20T00:00:00Z,3328.57000000,3347.82000000,3100.00000000,3127.15000000,228706.70570000
2021-09-20T08:00:00Z,3126.83000000,3178.34000000,2913.39000000,3087.55000000,445839.34359000
2021-09-20T16:00:00Z,3087.55000000,3124.10000000,2946.60000000,2977.28000000,243393.52920000
2021-09-21T00:00:00Z,2977.32000000,3074.45000000,2807.18000000,3073.95000000,284623.65076000
2021-09-21T08:00:00Z,3073.95000000,3105.83000000,2964.08000000,3035.24000000,210742.18360000
2021-09-21T16:00:00Z,3035.26000000,3047.76000000,2652.00000000,2765.90000000,476154.05505000
2021-09-22T00:00:00Z,2766.72000000,2960.87000000,2737.54000000,2942.07000000,252772.59825000
2021-09-22T08:00:00Z,2942.31000000,3017.13000000,2881.57000000,3007.22000000,200619.86610000
2021-09-22T16:00:00Z,3006.85000000,3088.88000000,2990.85000000,3076.92000000,224065.18390000
2021-09-23T00:00:00Z,3076.92000000,3148.03000000,3033.85000000,3145.95000000,154139.36940000
2021-09-23T08:00:00Z,3145.80000000,3149.00000000,3041.87000000,3092.37000000,164363.48780000
2021-09-23T16:00:00Z,3092.38000000,3174.50000000,3085.06000000,3152.50000000,140791.02860000
2021-09-24T00:00:00Z,3152.41000000,3158.52000000,3038.55000000,3087.82000000,135452.37820000
2021-09-24T08:00:00Z,3087.68000000,3114.00000000,2733.00000000,2877.13000000,644534.04590000
2021-09-24T16:00:00Z,2877.08000000,2979.99000000,2862.08000000,2928.53000000,152104.46150000
2021-09-25T00:00:00Z,2928.22000000,2955.46000000,2873.33000000,2887.38000000,124460.25640000
2021-09-25T08:00:00Z,2887.39000000,2967.52000000,2801.57000000,2922.23000000,246011.17330000
2021-09-25T16:00:00Z,2921.98000000,2946.14000000,2852.00000000,2921.73000000,121502.59290000
2021-09-26T00:00:00Z,2921.84000000,2931.60000000,2738.17000000,2772.77000000,196755.09770000
2021-09-26T08:00:00Z,2773.06000000,3056.76000000,2738.45000000,3053.17000000,356596.70510000
2021-09-26T16:00:00Z,3053.36000000,3115.51000000,3011.00000000,3059.37000000,150242.67520000
2021-09-27T00:00:00Z,3059.36000000,3164.94000000,3027.30000000,3091.29000000,177713.87020000
2021-09-27T08:00:00Z,3091.10000000,3137.80000000,3032.00000000,3059.13000000,168817.92870000
2021-09-27T16:00:00Z,3059.49000000,3062.46000000,2922.71000000,2925.59000000,163598.93300000
2021-09-28T00:00:00Z,2924.76000000,2970.82000000,2883.22000000,2894.34000000,145639.18530000
2021-09-28T08:00:00Z,2894.18000000,2959.69000000,2840.53000000,2844.40000000,219019.30190000
2021-09-28T16:00:00Z,2844.40000000,2889.20000000,2789.00000000,2804.91000000,146666.97710000
2021-09-29T00:00:00Z,2805.15000000,2931.82000000,2791.08000000,2928.33000000,136382.10810000
2021-09-29T08:00:00Z,2927.06000000,2950.00000000,2850.00000000,2861.19000000,138439.84240000
2021-09-29T16:00:00Z,2861.20000000,2872.36000000,2782.00000000,2850.45000000,136483.13880000
2021-09-30T00:00:00Z,2850.45000000,3048.42000000,2837.19000000,3001.59000000,210998.28180000
2021-09-30T08:00:00Z,3001.60000000,3031.10000000,2941.93000000,2985.67000000,169738.00120000
2021-09-30T16:00:00Z,2985.67000000,3048.00000000,2955.70000000,3000.61000000,126160.47820000
2021-10-01T00:00:00Z,3000.62000000,3097.00000000,2969.07000000,3091.46000000,140379.42220000
2021-10-01T08:00:00Z,3091.46000000,3278.40000000,3091.45000000,3235.70000000,345404.44330000
2021-10-01T16:00:00Z,3235.70000000,3330.00000000,3223.99000000,3309.91000000,162930.74960000
2021-10-02T00:00:00Z,3309.91000000,3344.00000000,3257.00000000,3279.90000000,113696.63350000
2021-10-02T08:00:00Z,3279.90000000,3398.59000000,3265.00000000,3386.54000000,147122.09660000
2021-10-02T16:00:00Z,3386.55000000,3469.00000000,3366.20000000,3387.76000000,161732.45100000
2021-10-03T00:00:00Z,3387.77000000,3425.62000000,3342.51000000,3393.07000000,118366.81960000
2021-10-03T08:00:00Z,3393.08000000,3446.95000000,3369.60000000,3404.75000000,95720.59970000
2021-10-03T16:00:00Z,3404.75000000,3488.00000000,3384.07000000,3417.73000000,146499.47120000
2021-10-04T00:00:00Z,3417.73000000,3426.49000000,3322.11000000,3378.24000000,121790.20910000
2021-10-04T08:00:00Z,3378.24000000,3425.00000000,3270.00000000,3322.51000000,191921.72280000
2021-10-04T16:00:00Z,3322.46000000,3437.19000000,3310.00000000,3386.31000000,171492.71010000
2021-10-05T00:00:00Z,3386.31000000,3417.99000000,3363.78000000,3389.00000000,93537.01580000
2021-10-05T08:00:00Z,3389.00000000,3473.89000000,3381.36000000,3418.35000000,162962.24890000
2021-10-05T16:00:00Z,3418.67000000,3545.00000000,3407.14000000,3515.27000000,137401.61710000
2021-10-06T00:00:00Z,3515.48000000,3538.70000000,3439.91000000,3456.12000000,115393.96780000
2021-10-06T08:00:00Z,3456.13000000,3632.11000000,3342.00000000,3613.01000000,354693.19160000
2021-10-06T16:00:00Z,3613.01000000,3622.92000000,3547.56000000,3574.89000000,148178.38080000
2021-10-07T00:00:00Z,3574.88000000,3613.77000000,3470.80000000,3611.40000000,156285.21830000
2021-10-07T08:00:00Z,3611.40000000,3642.29000000,3520.00000000,3584.99000000,204249.83990000
2021-10-07T16:00:00Z,3584.80000000,3653.98000000,3555.78000000,3587.47000000,125567.30090000
2021-10-08T00:00:00Z,3587.47000000,3618.02000000,3547.09000000,3602.70000000,102950.40890000
2021-10-08T08:00:00Z,3602.45000000,3695.00000000,3580.00000000,3620.96000000,190177.74090000
2021-10-08T16:00:00Z,3620.95000000,3646.86000000,3532.00000000,3563.13000000,110468.99390000
2021-10-09T00:00:00Z,3563.13000000,3624.25000000,3538.07000000,3606.30000000,82773.12620000
2021-10-09T08:00:00Z,3606.31000000,3635.00000000,3568.93000000,3600.76000000,147504.63000000
2021-10-09T16:00:00Z,3600.75000000,3609.66000000,3556.00000000,3574.82000000,131628.99520000
2021-10-10T00:00:00Z,3574.83000000,3604.00000000,3480.00000000,3582.18000000,214342.41790000
2021-10-10T08:00:00Z,3582.18000000,3598.41000000,3523.48000000,3557.65000000,164553.10790000
2021-10-10T16:00:00Z,3557.66000000,3572.17000000,3405.00000000,3414.22000000,201328.10440000
2021-10-11T00:00:00Z,3414.22000000,3585.00000000,3371.00000000,3577.07000000,178666.14730000
2021-10-11T08:00:00Z,3577.07000000,3623.80000000,3532.69000000,3593.57000000,189037.54630000
2021-10-11T16:00:00Z,3593.58000000,3599.99000000,3465.70000000,3542.12000000,125818.18840000
2021-10-12T00:00:00Z,3542.12000000,3543.19000000,3447.32000000,3481.59000000,117831.28450000
2021-10-12T08:00:00Z,3481.59000000,3547.11000000,3403.21000000,3505.02000000,189811.87660000
2021-10-12T16:00:00Z,3505.02000000,3526.13000000,3418.00000000,3491.46000000,101734.03070000
2021-10-13T00:00:00Z,3491.43000000,3532.37000000,3426.04000000,3427.76000000,122811.82900000
2021-10-13T08:00:00Z,3428.07000000,3513.48000000,3412.70000000,3485.52000000,128004.41620000
2021-10-13T16:00:00Z,3485.53000000,3613.00000000,3480.00000000,3607.42000000,142646.87700000
2021-10-14T00:00:00Z,3607.41000000,3662.80000000,3586.04000000,3630.01000000,128585.89990000
2021-10-14T08:00:00Z,3630.00000000,3819.00000000,3620.00000000,3808.42000000,234433.50640000
2021-10-14T16:00:00Z,3808.41000000,3824.00000000,3752.40000000,3790.82000000,118874.74100000
2021-10-15T00:00:00Z,3790.82000000,3859.60000000,3734.10000000,3805.05000000,183821.66280000
2021-10-15T08:00:00Z,3805.05000000,3833.45000000,3744.01000000,3791.09000000,159471.01070000
2021-10-15T16:00:00Z,3791.09000000,3907.77000000,3788.88000000,3868.99000000,161029.05850000
2021-10-16T00:00:00Z,3868.38000000,3872.98000000,3823.04000000,3853.72000000,81572.98990000
2021-10-16T08:00:00Z,3853.71000000,3971.00000000,3850.15000000,3907.64000000,200443.98860000
2021-10-16T16:00:00Z,3907.64000000,3914.75000000,3803.56000000,3829.96000000,91710.87640000
2021-10-17T00:00:00Z,3829.96000000,3919.19000000,3805.12000000,3877.48000000,90707.41460000
2021-10-17T08:00:00Z,3877.47000000,3910.00000000,3765.96000000,3788.21000000,106940.11140000
2021-10-17T16:00:00Z,3788.21000000,3862.92000000,3640.00000000,3846.85000000,171251.45710000
2021-10-18T00:00:00Z,3847.00000000,3893.14000000,3832.00000000,3837.52000000,94735.43150000
2021-10-18T08:00:00Z,3837.81000000,3861.60000000,3676.00000000,3761.00000000,213360.55030000
2021-10-18T16:00:00Z,3761.00000000,3779.81000000,3695.17000000,3744.96000000,93723.99160000
2021-10-19T00:00:00Z,3744.96000000,3847.00000000,3732.00000000,3809.51000000,96466.61490000
2021-10-19T08:00:00Z,3809.57000000,3860.00000000,3741.55000000,3774.98000000,130920.96550000
2021-10-19T16:00:00Z,3774.99000000,3886.89000000,3774.49000000,3877.03000000,113880.79190000
2021-10-20T00:00:00Z,3876.98000000,3901.36000000,3828.05000000,3858.27000000,87409.40710000
2021-10-20T08:00:00Z,3858.27000000,4081.00000000,3845.00000000,4080.99000000,272570.45781000
2021-10-20T16:00:00Z,4081.00000000,4169.00000000,4053.62000000,4161.15000000,177403.23241000
2021-10-21T00:00:00Z,4161.37000000,4241.29000000,4120.01000000,4162.55000000,217411.78971000
2021-10-21T08:00:00Z,4162.54000000,4375.00000000,4013.13000000,4090.00000000,429278.22894000
2021-10-21T16:00:00Z,4090.00000000,4137.88000000,4041.00000000,4052.99000000,151876.53940000
2021-10-22T00:00:00Z,4053.00000000,4167.41000000,4051.31000000,4142.15000000,113216.11240000
2021-10-22T08:00:00Z,4142.15000000,4156.30000000,3961.11000000,3966.52000000,192822.35660000
2021-10-22T16:00:00Z,3966.53000000,3998.18000000,3888.00000000,3972.20000000,157184.07380000
2021-10-23T00:00:00Z,3972.19000000,4052.89000000,3945.04000000,4012.84000000,82201.84800000
2021-10-23T08:00:00Z,4012.84000000,4097.50000000,3937.51000000,4086.60000000,132612.22450000
2021-10-23T16:00:00Z,4086.61000000,4172.00000000,4065.00000000,4167.12000000,111762.88760000
2021-10-24T00:00:00Z,4167.13000000,4186.57000000,4076.89000000,4094.13000000,79802.20760000
2021-10-24T08:00:00Z,4094.13000000,4122.31000000,3983.75000000,4000.11000000,147816.82400000
2021-10-24T16:00:00Z,4000.11000000,4099.98000000,3961.50000000,4082.33000000,122496.80700000
2021-10-25T00:00:00Z,4082.33000000,4177.62000000,4067.71000000,4149.33000000,105790.82510000
2021-10-25T08:00:00Z,4149.33000000,4213.00000000,4105.41000000,4210.11000000,124121.65690000
2021-10-25T16:00:00Z,4210.11000000,4236.00000000,4169.29000000,4220.37000000,117526.17140000
2021-10-26T00:00:00Z,4220.36000000,4257.43000000,4175.67000000,4198.76000000,90750.24460000
2021-10-26T08:00:00Z,4198.77000000,4234.11000000,4133.35000000,4187.64000000,122881.86900000
2021-10-26T16:00:00Z,4187.64000000,4297.00000000,4090.21000000,4131.52000000,200866.04630000
2021-10-27T00:00:00Z,4131.52000000,4307.00000000,4117.48000000,4136.34000000,235902.60800000
2021-10-27T08:00:00Z,4136.34000000,4136.66000000,3931.59000000,3993.47000000,323524.13260000
2021-10-27T16:00:00Z,3993.65000000,4024.42000000,3909.00000000,3922.00000000,145177.50940000
2021-10-28T00:00:00Z,3921.99000000,4040.70000000,3890.17000000,4009.86000000,168223.72330000
2021-10-28T08:00:00Z,4009.85000000,4205.00000000,4009.00000000,4151.21000000,205885.33700000
2021-10-28T16:00:00Z,4151.21000000,4295.00000000,4115.95000000,4286.02000000,252269.44520000
2021-10-29T00:00:00Z,4286.01000000,4405.50000000,4265.97000000,4307.56000000,221141.78366000
2021-10-29T08:00:00Z,4308.00000000,4449.47000000,4278.70000000,4440.30000000,209507.83798000
2021-10-29T16:00:00Z,4440.77000000,4460.47000000,4344.55000000,4418.89000000,128581.45527000
2021-10-30T00:00:00Z,4418.89000000,4434.06000000,4328.00000000,4349.72000000,85170.54060000
2021-10-30T08:00:00Z,4349.72000000,4357.85000000,4232.20000000,4282.45000000,152599.78270000
2021-10-30T16:00:00Z,4282.44000000,4344.29000000,4241.00000000,4322.68000000,102452.74570000
2021-10-31T00:00:00Z,4322.68000000,4399.14000000,4299.23000000,4318.16000000,129954.63210000
2021-10-31T08:00:00Z,4317.61000000,4320.00000000,4164.35000000,4214.36000000,192142.02040000
2021-10-31T16:00:00Z,4214.35000000,4329.46000000,4191.68000000,4287.21000000,90759.63680000
2021-11-01T00:00:00Z,4287.48000000,4325.00000000,4146.30000000,4302.93000000,164753.49040000
2021-11-01T08:00:00Z,4302.94000000,4386.58000000,4294.52000000,4349.98000000,148246.06230000
2021-11-01T16:00:00Z,4349.97000000,4366.00000000,4264.63000000,4319.43000000,104621.15460000
2021-11-02T00:00:00Z,4319.43000000,4387.81000000,4284.43000000,4340.81000000,97940.84980000
2021-11-02T08:00:00Z,4340.82000000,4519.69000000,4330.02000000,4511.42000000,216454.57179000
2021-11-02T16:00:00Z,4511.43000000,4599.60000000,4473.45000000,4589.89000000,153789.37142000
2021-11-03T00:00:00Z,4589.68000000,4639.98000000,4508.16000000,4610.62000000,145106.87587000
2021-11-03T08:00:00Z,4610.62000000,4620.45000000,4455.00000000,4545.68000000,148000.88040000
2021-11-03T16:00:00Z,4545.67000000,4665.87000000,4500.00000000,4603.35000000,155550.59498000
2021-11-04T00:00:00Z,4603.35000000,4606.65000000,4513.73000000,4516.16000000,100829.93850000
2021-11-04T08:00:00Z,4516.16000000,4580.82000000,4459.21000000,4480.33000000,161028.08400000
2021-11-04T16:00:00Z,4480.33000000,4537.00000000,4420.08000000,4532.32000000,106360.23445000
2021-11-05T00:00:00Z,4532.31000000,4570.05000000,4468.23000000,4529.35000000,91008.37760000
2021-11-05T08:00:00Z,4529.35000000,4544.71000000,4450.72000000,4462.04000000,124294.11890000
2021-11-05T16:00:00Z,4462.04000000,4510.12000000,4438.80000000,4474.24000000,90349.22790000
2021-11-06T00:00:00Z,4474.24000000,4515.00000000,4455.88000000,4471.72000000,71906.44330000
2021-11-06T08:00:00Z,4471.72000000,4495.67000000,4326.17000000,4398.57000000,144319.25190000
2021-11-06T16:00:00Z,4398.57000000,4530.00000000,4382.53000000,4518.00000000,105928.40210000
2021-11-07T00:00:00Z,4518.00000000,4571.83000000,4502.37000000,4541.50000000,82177.56280000
2021-11-07T08:00:00Z,4541.50000000,4626.02000000,4518.61000000,4604.05000000,99411.47840000
2021-11-07T16:00:00Z,4604.04000000,4637.98000000,4587.13000000,4612.59000000,62007.55400000
2021-11-08T00:00:00Z,4612.59000000,4764.64000000,4612.00000000,4723.29000000,159883.90664000
2021-11-08T08:00:00Z,4723.30000000,4777.22000000,4703.83000000,4763.77000000,114833.02915000
2021-11-08T16:00:00Z,4763.78000000,4822.97000000,4732.01000000,4807.98000000,116385.38227000
2021-11-09T00:00:00Z,4807.98000000,4838.28000000,4775.77000000,4783.96000000,103070.80918000
2021-11-09T08:00:00Z,4783.96000000,4833.29000000,4753.46000000,4790.99000000,114089.79780000
2021-11-09T16:00:00Z,4790.98000000,4801.67000000,4713.89000000,4732.33000000,94106.97300000
2021-11-10T00:00:00Z,4732.33000000,4758.60000000,4677.91000000,4714.60000000,90263.16950000
2021-11-10T08:00:00Z,4714.60000000,4868.00000000,4693.62000000,4846.71000000,139083.07503000
2021-11-10T16:00:00Z,4846.94000000,4864.84000000,4461.93000000,4628.78000000,324250.74710000
2021-11-11T00:00:00Z,4628.68000000,4697.66000000,4576.47000000,4691.34000000,100440.52760000
2021-11-11T08:00:00Z,4691.35000000,4760.56000000,4653.86000000,4719.81000000,124799.85350000
2021-11-11T16:00:00Z,4719.82000000,4779.00000000,4713.00000000,4719.00000000,78448.59540000
2021-11-12T00:00:00Z,4719.00000000,4809.71000000,4691.00000000,4711.39000000,120242.63400000
2021-11-12T08:00:00Z,4711.40000000,4739.28000000,4540.00000000,4571.06000000,209651.63590000
2021-11-12T16:00:00Z,4571.07000000,4693.05000000,4507.85000000,4665.46000000,131685.77160000
2021-11-13T00:00:00Z,4665.47000000,4707.60000000,4611.30000000,4645.55000000,65752.54870000
2021-11-13T08:00:00Z,4645.78000000,4698.00000000,4584.08000000,4680.23000000,86878.18780000
2021-11-13T16:00:00Z,4680.24000000,4701.97000000,4620.00000000,4644.28000000,68089.92460000
2021-11-14T00:00:00Z,4644.27000000,4696.05000000,4593.84000000,4598.40000000,69226.26200000
2021-11-14T08:00:00Z,4598.77000000,4634.64000000,4567.02000000,4583.91000000,66695.03750000
2021-11-14T16:00:00Z,4583.91000000,4631.75000000,4514.12000000,4626.50000000,109387.76790000
2021-11-15T00:00:00Z,4626.50000000,4735.16000000,4625.99000000,4680.25000000,103209.20060000
2021-11-15T08:00:00Z,4680.24000000,4772.01000000,4628.82000000,4648.08000000,167405.30600000
2021-11-15T16:00:00Z,4648.08000000,4659.90000000,4540.00000000,4563.78000000,104807.15350000
2021-11-16T00:00:00Z,4563.77000000,4563.77000000,4252.78000000,4312.11000000,314740.64180000
2021-11-16T08:00:00Z,4312.42000000,4345.78000000,4103.00000000,4285.82000000,294275.84750000
2021-11-16T16:00:00Z,4285.82000000,4330.00000000,4162.67000000,4209.76000000,126840.57370000
2021-11-17T00:00:00Z,4209.59000000,4242.76000000,4063.48000000,4183.67000000,193375.91830000
2021-11-17T08:00:00Z,4183.62000000,4262.00000000,4101.73000000,4174.76000000,166495.15780000
2021-11-17T16:00:00Z,4174.77000000,4299.91000000,4147.03000000,4287.80000000,112981.10810000
2021-11-18T00:00:00Z,4288.07000000,4344.81000000,4225.10000000,4247.99000000,138502.14220000
2021-11-18T08:00:00Z,4248.00000000,4260.82000000,4050.01000000,4071.77000000,200858.97460000
2021-11-18T16:00:00Z,4071.76000000,4092.60000000,3956.44000000,3996.90000000,237584.06690000
2021-11-19T00:00:00Z,3996.90000000,4104.61000000,3973.01000000,4062.04000000,154144.46800000
2021-11-19T08:00:00Z,4062.04000000,4238.50000000,4061.41000000,4216.17000000,164170.92510000
2021-11-19T16:00:00Z,4216.72000000,4308.97000000,4207.27000000,4294.76000000,101729.69660000
2021-11-20T00:00:00Z,4294.75000000,4332.95000000,4262.06000000,4279.99000000,97722.88990000
2021-11-20T08:00:00Z,4279.98000000,4334.12000000,4211.38000000,4213.06000000,100876.37650000
2021-11-20T16:00:00Z,4213.05000000,4435.88000000,4199.86000000,4412.17000000,166985.31160000
2021-11-21T00:00:00Z,4412.17000000,4415.64000000,4326.19000000,4348.13000000,81161.36530000
2021-11-21T08:00:00Z,4348.13000000,4385.00000000,4303.07000000,4366.21000000,106845.76540000
2021-11-21T16:00:00Z,4366.41000000,4451.00000000,4242.41000000,4258.31000000,152199.18960000
2021-11-22T00:00:00Z,4259.70000000,4266.62000000,4094.73000000,4188.17000000,171562.00910000
2021-11-22T08:00:00Z,4188.17000000,4320.00000000,4126.91000000,4236.60000000,177116.63230000
2021-11-22T16:00:00Z,4236.59000000,4246.69000000,4022.74000000,4085.97000000,169822.69240000
2021-11-23T00:00:00Z,4086.28000000,4192.86000000,4062.61000000,4107.09000000,112001.00590000
2021-11-23T08:00:00Z,4107.10000000,4329.37000000,4059.62000000,4269.55000000,235978.77820000
2021-11-23T16:00:00Z,4270.20000000,4385.59000000,4269.86000000,4339.44000000,154832.00610000
2021-11-24T00:00:00Z,4339.45000000,4373.94000000,4216.75000000,4269.37000000,154837.93560000
2021-11-24T08:00:00Z,4269.37000000,4342.27000000,4167.65000000,4252.35000000,182291.70990000
2021-11-24T16:00:00Z,4252.35000000,4282.19000000,4198.84000000,4269.36000000,111597.38510000
2021-11-25T00:00:00Z,4270.10000000,4336.00000000,4248.27000000,4295.39000000,123238.93200000
2021-11-25T08:00:00Z,4295.40000000,4500.00000000,4270.65000000,4475.65000000,195066.05750000
2021-11-25T16:00:00Z,4475.65000000,4550.00000000,4459.79000000,4524.85000000,127563.25390000
2021-11-26T00:00:00Z,4524.48000000,4551.00000000,4313.00000000,4343.45000000,156398.80970000
2021-11-26T08:00:00Z,4343.45000000,4343.45000000,3913.00000000,4063.94000000,449775.63890000
2021-11-26T16:00:00Z,4063.95000000,4127.78000000,4023.00000000,4041.20000000,114070.71260000
2021-11-27T00:00:00Z,4041.20000000,4149.00000000,4028.34000000,4123.82000000,88276.10300000
2021-11-27T08:00:00Z,4123.81000000,4183.66000000,4104.94000000,4132.82000000,96555.13930000
2021-11-27T16:00:00Z,4133.08000000,4159.31000000,4031.91000000,4095.29000000,90495.27790000
2021-11-28T00:00:00Z,4095.29000000,4096.18000000,3976.75000000,4069.31000000,94097.25250000
2021-11-28T08:00:00Z,4069.32000000,4130.78000000,4033.33000000,4077.74000000,72935.15230000
2021-11-28T16:00:00Z,4077.74000000,4298.51000000,3964.00000000,4294.78000000,179438.95030000
2021-11-29T00:00:00Z,4294.77000000,4375.00000000,4282.07000000,4350.74000000,164288.47160000
2021-11-29T08:00:00Z,4350.66000000,4390.00000000,4276.89000000,4336.08000000,112166.26360000
2021-11-29T16:00:00Z,4336.07000000,4458.92000000,4328.32000000,4444.53000000,130426.49320000
2021-11-30T00:00:00Z,4444.54000000,4502.60000000,4346.36000000,4412.82000000,172149.33900000
2021-11-30T08:00:00Z,4412.81000000,4753.00000000,4390.94000000,4613.85000000,336912.37910000
2021-11-30T16:00:00Z,4613.85000000,4694.46000000,4520.01000000,4630.26000000,233962.74810000
2021-12-01T00:00:00Z,4630.25000000,4778.75000000,4598.77000000,4766.69000000,185685.74690000
2021-12-01T08:00:00Z,4766.69000000,4769.51000000,4651.46000000,4725.57000000,173695.46260000
2021-12-01T16:00:00Z,4725.58000000,4758.00000000,4523.99000000,4582.95000000,148817.10100000
2021-12-02T00:00:00Z,4582.95000000,4621.35000000,4451.00000000,4560.11000000,159500.77690000
2021-12-02T08:00:00Z,4560.11000000,4634.83000000,4480.00000000,4543.06000000,169651.33370000
2021-12-02T16:00:00Z,4543.05000000,4558.11000000,4433.00000000,4511.21000000,122709.84390000
2021-12-03T00:00:00Z,4511.35000000,4592.82000000,4470.00000000,4568.57000000,120654.73390000
2021-12-03T08:00:00Z,4568.56000000,4654.88000000,4456.41000000,4468.15000000,154265.41200000
2021-12-03T16:00:00Z,4468.14000000,4468.74000000,4032.50000000,4215.73000000,403054.72000000
2021-12-04T00:00:00Z,4215.01000000,4238.59000000,3503.68000000,3893.51000000,656408.96800000
2021-12-04T08:00:00Z,3893.51000000,4070.00000000,3823.98000000,4036.54000000,300187.47700000
2021-12-04T16:00:00Z,4036.55000000,4135.56000000,3975.46000000,4117.25000000,155176.70010000
2021-12-05T00:00:00Z,4117.25000000,4229.63000000,4064.20000000,4199.52000000,186759.09450000
2021-12-05T08:00:00Z,4199.52000000,4248.19000000,4031.39000000,4070.07000000,203264.40250000
2021-12-05T16:00:00Z,4070.07000000,4204.27000000,4063.36000000,4196.44000000,146301.94430000
2021-12-06T00:00:00Z,4196.44000000,4202.16000000,4014.50000000,4071.98000000,151867.32040000
2021-12-06T08:00:00Z,4071.99000000,4149.20000000,3921.00000000,4125.41000000,339708.43040000
2021-12-06T16:00:00Z,4125.41000000,4376.15000000,4096.38000000,4347.59000000,235167.21300000
2021-12-07T00:00:00Z,4347.57000000,4386.91000000,4298.59000000,4352.90000000,142430.53910000
2021-12-07T08:00:00Z,4352.91000000,4425.00000000,4330.59000000,4386.59000000,163201.34250000
2021-12-07T16:00:00Z,4386.59000000,4405.00000000,4255.92000000,4306.40000000,115117.86940000
2021-12-08T00:00:00Z,4306.40000000,4379.03000000,4275.06000000,4367.31000000,120554.82260000
2021-12-08T08:00:00Z,4367.32000000,4450.49000000,4222.95000000,4403.22000000,205397.42530000
2021-12-08T16:00:00Z,4403.22000000,4442.00000000,4360.00000000,4436.91000000,103451.68720000
2021-12-09T00:00:00Z,4436.91000000,4488.00000000,4339.45000000,4379.22000000,122576.03410000
2021-12-09T08:00:00Z,4379.22000000,4379.22000000,4137.91000000,4201.35000000,175635.95670000
2021-12-09T16:00:00Z,4201.36000000,4234.63000000,4076.16000000,4105.64000000,163961.72020000
2021-12-10T00:00:00Z,4105.64000000,4199.87000000,4021.49000000,4031.01000000,132468.26020000
2021-12-10T08:00:00Z,4031.35000000,4231.08000000,3985.00000000,4022.90000000,227763.24010000
2021-12-10T16:00:00Z,4022.91000000,4057.75000000,3887.37000000,3897.94000000,203005.06680000
2021-12-11T00:00:00Z,3898.31000000,4071.57000000,3828.22000000,3977.79000000,198134.24260000
2021-12-11T08:00:00Z,3978.11000000,4086.90000000,3964.61000000,4058.08000000,142233.72830000
2021-12-11T16:00:00Z,4058.01000000,4097.08000000,3977.74000000,4089.37000000,87485.46340000
2021-12-12T00:00:00Z,4089.68000000,4097.27000000,4006.02000000,4055.90000000,70068.83490000
2021-12-12T08:00:00Z,4055.90000000,4060.00000000,3986.25000000,4024.68000000,80411.03810000
2021-12-12T16:00:00Z,4024.67000000,4173.63000000,4015.85000000,4130.00000000,110055.64270000
2021-12-13T00:00:00Z,4130.00000000,4142.75000000,3953.89000000,3987.07000000,134006.06010000
2021-12-13T08:00:00Z,3987.08000000,4032.00000000,3764.12000000,3810.99000000,167846.35290000
2021-12-13T16:00:00Z,3810.99000000,3875.12000000,3671.45000000,3781.93000000,231614.81770000
2021-12-14T00:00:00Z,3781.92000000,3833.00000000,3685.00000000,3783.29000000,126008.41060000
2021-12-14T08:00:00Z,3783.28000000,3865.09000000,3762.41000000,3785.95000000,154580.80320000
2021-12-14T16:00:00Z,3785.95000000,3882.74000000,3723.54000000,3858.99000000,114556.53240000
2021-12-15T00:00:00Z,3858.99000000,3896.00000000,3803.20000000,3863.68000000,98185.06740000
2021-12-15T08:00:00Z,3863.67000000,3900.00000000,3653.41000000,3659.38000000,133533.85810000
2021-12-15T16:00:00Z,3659.38000000,4092.22000000,3643.73000000,4019.08000000,310349.13180000
2021-12-16T00:00:00Z,4019.54000000,4058.47000000,3978.46000000,4021.68000000,97399.85020000
2021-12-16T08:00:00Z,4021.69000000,4113.43000000,4005.95000000,4082.00000000,133146.72350000
2021-12-16T16:00:00Z,4081.30000000,4110.53000000,3942.11000000,3958.11000000,138233.45730000
2021-12-17T00:00:00Z,3959.11000000,3994.10000000,3852.00000000,3881.54000000,122499.35180000
2021-12-17T08:00:00Z,3881.55000000,3896.10000000,3700.00000000,3834.55000000,196675.79190000
2021-12-17T16:00:00Z,3834.55000000,3945.00000000,3822.66000000,3875.42000000,144195.77880000
2021-12-18T00:00:00Z,3875.43000000,3937.00000000,3767.01000000,3890.43000000,159169.58360000
2021-12-18T08:00:00Z,3890.43000000,3994.68000000,3875.74000000,3945.41000000,115194.44720000
2021-12-18T16:00:00Z,3945.41000000,3996.93000000,3907.45000000,3959.93000000,65229.22350000
2021-12-19T00:00:00Z,3959.93000000,4032.43000000,3884.89000000,3977.00000000,104842.74010000
2021-12-19T08:00:00Z,3976.99000000,3998.00000000,3897.60000000,3927.26000000,127322.21620000
2021-12-19T16:00:00Z,3927.25000000,3991.00000000,3884.00000000,3924.14000000,73841.36670000
2021-12-20T00:00:00Z,3924.14000000,3983.37000000,3807.56000000,3823.97000000,106961.35770000
2021-12-20T08:00:00Z,3823.97000000,3848.21000000,3753.00000000,3800.77000000,128014.61130000
2021-12-20T16:00:00Z,3800.77000000,3968.23000000,3792.08000000,3944.73000000,131940.50810000
2021-12-21T00:00:00Z,3944.72000000,4055.00000000,3913.21000000,4003.21000000,153963.98740000
2021-12-21T08:00:00Z,4003.37000000,4063.00000000,3959.66000000,3978.21000000,116956.99630000
2021-12-21T16:00:00Z,3978.60000000,4042.77000000,3972.01000000,4014.15000000,69905.37160000
2021-12-22T00:00:00Z,4014.41000000,4074.87000000,3992.03000000,4047.24000000,93253.97940000
2021-12-22T08:00:00Z,4047.25000000,4063.07000000,3933.40000000,4007.24000000,132467.49720000
2021-12-22T16:00:00Z,4007.18000000,4033.32000000,3955.51000000,3979.51000000,77470.33100000
2021-12-23T00:00:00Z,3979.51000000,4005.00000000,3901.00000000,3911.60000000,101034.57450000
2021-12-23T08:00:00Z,3911.60000000,3965.50000000,3893.23000000,3950.65000000,88682.83940000
2021-12-23T16:00:00Z,3950.64000000,4150.00000000,3945.58000000,4111.41000000,190490.40270000
2021-12-24T00:00:00Z,4111.41000000,4129.00000000,4060.94000000,4088.67000000,71082.92310000
2021-12-24T08:00:00Z,4088.35000000,4118.05000000,4048.22000000,4094.23000000,74168.92430000
2021-12-24T16:00:00Z,4094.23000000,4134.84000000,4017.17000000,4046.36000000,85581.31870000
2021-12-25T00:00:00Z,4046.35000000,4075.86000000,4018.62000000,4052.91000000,60463.99910000
2021-12-25T08:00:00Z,4052.91000000,4104.08000000,4021.94000000,4079.04000000,61918.25250000
2021-12-25T16:00:00Z,4079.04000000,4137.91000000,4037.00000000,4094.83000000,85744.62890000
2021-12-26T00:00:00Z,4094.36000000,4102.44000000,4000.00000000,4037.27000000,73543.49130000
2021-12-26T08:00:00Z,4037.28000000,4068.00000000,4012.00000000,4053.85000000,61344.90010000
2021-12-26T16:00:00Z,4053.84000000,4105.00000000,4042.69000000,4063.56000000,54420.86360000
2021-12-27T00:00:00Z,4063.57000000,4087.56000000,4047.37000000,4051.01000000,60690.34000000
2021-12-27T08:00:00Z,4051.02000000,4115.00000000,4031.80000000,4092.73000000,82400.19620000
2021-12-27T16:00:00Z,4092.74000000,4127.46000000,4031.00000000,4037.23000000,79134.83990000
2021-12-28T00:00:00Z,4037.22000000,4037.23000000,3877.00000000,3917.00000000,130164.39100000
2021-12-28T08:00:00Z,3917.01000000,3933.98000000,3850.14000000,3897.90000000,101756.91940000
2021-12-28T16:00:00Z,3897.91000000,3902.17000000,3759.36000000,3792.75000000,126143.40590000
2021-12-29T00:00:00Z,3792.75000000,3827.78000000,3785.00000000,3796.39000000,65708.93570000
2021-12-29T08:00:00Z,3796.39000000,3825.50000000,3696.65000000,3795.05000000,131896.40280000
2021-12-29T16:00:00Z,3795.05000000,3799.32000000,3604.20000000,3630.19000000,105148.29900000
2021-12-30T00:00:00Z,3630.18000000,3719.71000000,3585.00000000,3709.01000000,101816.50980000
2021-12-30T08:00:00Z,3709.00000000,3750.00000000,3678.79000000,3708.74000000,82076.90400000
2021-12-30T16:00:00Z,3709.13000000,3769.10000000,3681.33000000,3709.27000000,65370.31670000
2021-12-31T00:00:00Z,3709.27000000,3761.50000000,3684.04000000,3721.88000000,67310.28270000
2021-12-31T08:00:00Z,3721.88000000,3815.00000000,3714.00000000,3784.64000000,106602.50950000
2021-12-31T16:00:00Z,3784.64000000,3788.45000000,3622.29000000,3676.23000000,94101.50200000
2022-01-01T00:00:00Z,3676.22000000,3765.27000000,3676.22000000,3715.31000000,53843.90940000
2022-01-01T08:00:00Z,3715.32000000,3745.36000000,3673.46000000,3725.30000000,50784.80130000
2022-01-01T16:00:00Z,3725.29000000,3776.45000000,3718.71000000,3765.54000000,49515.18610000
2022-01-02T00:00:00Z,3765.54000000,3771.00000000,3717.30000000,3747.22000000,37649.39910000
2022-01-02T08:00:00Z,3747.22000000,3790.38000000,3730.33000000,3778.17000000,41704.99180000
2022-01-02T16:00:00Z,3778.17000000,3857.44000000,3771.91000000,3828.27000000,75437.03540000
2022-01-03T00:00:00Z,3828.11000000,3828.79000000,3775.70000000,3808.88000000,56588.83010000
2022-01-03T08:00:00Z,3808.88000000,3853.09000000,3777.00000000,3784.04000000,79760.95870000
2022-01-03T16:00:00Z,3784.04000000,3795.00000000,3680.00000000,3765.89000000,99896.06980000
2022-01-04T00:00:00Z,3765.89000000,3774.36000000,3713.11000000,3763.87000000,55073.21070000
2022-01-04T08:00:00Z,3763.88000000,3900.73000000,3757.58000000,3849.52000000,127029.23860000
2022-01-04T16:00:00Z,3849.51000000,3865.64000000,3758.40000000,3785.11000000,106156.10560000
2022-01-05T00:00:00Z,3785.10000000,3826.05000000,3766.00000000,3815.74000000,49340.47970000
2022-01-05T08:00:00Z,3815.73000000,3848.00000000,3761.44000000,3820.97000000,82616.46930000
2022-01-05T16:00:00Z,3820.97000000,3823.33000000,3415.00000000,3540.63000000,265985.08730000
2022-01-06T00:00:00Z,3539.82000000,3550.43000000,3406.24000000,3453.12000000,179797.26130000
2022-01-06T08:00:00Z,3453.04000000,3456.05000000,3300.00000000,3397.01000000,223444.24770000
2022-01-06T16:00:00Z,3397.01000000,3461.33000000,3382.11000000,3406.81000000,93504.23230000
2022-01-07T00:00:00Z,3406.81000000,3416.76000000,3113.25000000,3202.25000000,280951.21840000
2022-01-07T08:00:00Z,3201.75000000,3289.00000000,3064.42000000,3131.69000000,254127.39570000
2022-01-07T16:00:00Z,3131.69000000,3225.24000000,3091.00000000,3199.24000000,134553.11210000
2022-01-08T00:00:00Z,3198.68000000,3246.70000000,3181.00000000,3216.13000000,76069.04930000
2022-01-08T08:00:00Z,3216.14000000,3250.00000000,3147.09000000,3160.72000000,98642.73550000
2022-01-08T16:00:00Z,3160.33000000,3180.00000000,3000.00000000,3080.95000000,225980.32130000
2022-01-09T00:00:00Z,3080.98000000,3147.53000000,3057.35000000,3127.51000000,86841.07500000
2022-01-09T08:00:00Z,3127.51000000,3140.00000000,3072.71000000,3098.05000000,87032.05850000
2022-01-09T16:00:00Z,3098.06000000,3211.72000000,3092.34000000,3151.97000000,102001.03080000
2022-01-10T00:00:00Z,3151.97000000,3185.00000000,3128.11000000,3163.24000000,71608.56700000
2022-01-10T08:00:00Z,3163.24000000,3169.91000000,2928.83000000,3006.26000000,283177.60390000
2022-01-10T16:00:00Z,3006.27000000,3096.15000000,2970.68000000,3082.68000000,175032.21570000
2022-01-11T00:00:00Z,3082.87000000,3137.01000000,3051.80000000,3129.59000000,77407.77480000
2022-01-11T08:00:00Z,3129.59000000,3158.56000000,3075.48000000,3133.56000000,119421.54150000
2022-01-11T16:00:00Z,3133.55000000,3263.54000000,3130.00000000,3239.72000000,165617.39240000
2022-01-12T00:00:00Z,3239.73000000,3260.89000000,3206.20000000,3217.52000000,82299.50780000
2022-01-12T08:00:00Z,3217.53000000,3388.02000000,3215.78000000,3361.76000000,199440.12850000
2022-01-12T16:00:00Z,3361.75000000,3411.43000000,3336.34000000,3371.26000000,88726.16520000
2022-01-13T00:00:00Z,3371.60000000,3384.56000000,3310.00000000,3339.99000000,74690.17360000
2022-01-13T08:00:00Z,3339.99000000,3410.00000000,3272.59000000,3301.43000000,148708.19880000
2022-01-13T16:00:00Z,3301.42000000,3318.97000000,3233.43000000,3240.61000000,112836.50750000
2022-01-14T00:00:00Z,3240.61000000,3312.39000000,3222.22000000,3268.97000000,76602.30820000
2022-01-14T08:00:00Z,3268.96000000,3299.69000000,3188.00000000,3278.00000000,133375.56990000
2022-01-14T16:00:00Z,3278.16000000,3342.79000000,3258.18000000,3307.42000000,75348.47240000
2022-01-15T00:00:00Z,3307.42000000,3325.68000000,3293.31000000,3313.52000000,49652.41380000
2022-01-15T08:00:00Z,3313.53000000,3369.94000000,3261.00000000,3361.97000000,99916.62480000
2022-01-15T16:00:00Z,3361.97000000,3371.64000000,3323.85000000,3326.04000000,53531.33920000
2022-01-16T00:00:00Z,3326.51000000,3340.04000000,3295.14000000,3331.75000000,50084.84980000
2022-01-16T08:00:00Z,3332.00000000,3362.58000000,3269.62000000,3353.50000000,99128.83720000
2022-01-16T16:00:00Z,3353.49000000,3393.60000000,3310.42000000,3346.88000000,61568.54070000
2022-01-17T00:00:00Z,3346.89000000,3357.57000000,3237.16000000,3270.70000000,102059.54450000
2022-01-17T08:00:00Z,3270.71000000,3281.70000000,3221.00000000,3236.65000000,79511.11210000
2022-01-17T16:00:00Z,3236.65000000,3246.76000000,3141.10000000,3209.67000000,102492.99820000
2022-01-18T00:00:00Z,3209.68000000,3243.87000000,3163.17000000,3187.81000000,71951.04020000
2022-01-18T08:00:00Z,3187.80000000,3191.61000000,3100.18000000,3116.54000000,129684.13010000
2022-01-18T16:00:00Z,3116.54000000,3193.00000000,3082.00000000,3159.85000000,97499.10250000
2022-01-19T00:00:00Z,3159.85000000,3174.87000000,3046.82000000,3062.00000000,104387.17990000
2022-01-19T08:00:00Z,3062.00000000,3161.85000000,3000.00000000,3122.68000000,139584.24510000
2022-01-19T16:00:00Z,3122.69000000,3158.78000000,3081.86000000,3084.02000000,89025.14530000
2022-01-20T00:00:00Z,3084.02000000,3153.80000000,3083.00000000,3138.91000000,57853.93120000
2022-01-20T08:00:00Z,3138.79000000,3270.52000000,3116.68000000,3261.42000000,121740.97770000
2022-01-20T16:00:00Z,3261.41000000,3273.37000000,2987.15000000,3001.48000000,178001.79730000
2022-01-21T00:00:00Z,3001.48000000,3034.12000000,2810.02000000,2882.65000000,303526.21290000
2022-01-21T08:00:00Z,2882.66000000,2900.00000000,2730.39000000,2830.90000000,269562.62870000
2022-01-21T16:00:00Z,2830.46000000,2861.58000000,2403.00000000,2568.15000000,448932.85864000
2022-01-22T00:00:00Z,2567.47000000,2626.00000000,2423.66000000,2464.10000000,322562.91670000
2022-01-22T08:00:00Z,2464.03000000,2521.84000000,2300.00000000,2387.00000000,480040.62033000
2022-01-22T16:00:00Z,2387.00000000,2472.01000000,2320.00000000,2412.18000000,278754.01190000
2022-01-23T00:00:00Z,2412.18000000,2502.32000000,2385.90000000,2487.83000000,176652.06320000
2022-01-23T08:00:00Z,2487.84000000,2556.78000000,2405.01000000,2432.49000000,214547.19370000
2022-01-23T16:00:00Z,2432.49000000,2547.65000000,2370.80000000,2539.01000000,189298.50440000
2022-01-24T00:00:00Z,2539.00000000,2539.75000000,2380.48000000,2386.65000000,141758.17510000
2022-01-24T08:00:00Z,2386.65000000,2446.20000000,2159.00000000,2274.99000000,629408.83319000
2022-01-24T16:00:00Z,2274.55000000,2480.58000000,2212.30000000,2439.29000000,351967.69560000
2022-01-25T00:00:00Z,2439.56000000,2442.90000000,2348.96000000,2383.35000000,117640.08420000
2022-01-25T08:00:00Z,2383.35000000,2469.12000000,2365.23000000,2419.34000000,235615.49450000
2022-01-25T16:00:00Z,2419.03000000,2506.55000000,2404.51000000,2458.83000000,156897.37530000
2022-01-26T00:00:00Z,2459.04000000,2500.00000000,2414.71000000,2461.46000000,112822.44200000
2022-01-26T08:00:00Z,2461.17000000,2668.58000000,2460.37000000,2605.44000000,280005.91899000
2022-01-26T16:00:00Z,2605.44000000,2722.00000000,2402.03000000,2462.99000000,413613.26190000
2022-01-27T00:00:00Z,2463.00000000,2495.25000000,2354.02000000,2403.78000000,199824.56630000
2022-01-27T08:00:00Z,2403.78000000,2521.00000000,2385.19000000,2479.84000000,169344.06600000
2022-01-27T16:00:00Z,2479.60000000,2496.25000000,2316.43000000,2424.25000000,230313.08360000
2022-01-28T00:00:00Z,2424.02000000,2474.09000000,2360.00000000,2390.30000000,150475.02540000
2022-01-28T08:00:00Z,2390.31000000,2448.60000000,2357.88000000,2442.94000000,176486.65480000
2022-01-28T16:00:00Z,2442.94000000,2558.98000000,2425.51000000,2544.99000000,158188.12630000
2022-01-29T00:00:00Z,2544.99000000,2585.89000000,2520.01000000,2567.94000000,122196.90020000
2022-01-29T08:00:00Z,2567.94000000,2607.69000000,2523.65000000,2543.36000000,142632.18330000
2022-01-29T16:00:00Z,2543.68000000,2636.66000000,2527.01000000,2601.43000000,111837.74110000
2022-01-30T00:00:00Z,2601.43000000,2632.40000000,2563.49000000,2618.89000000,97204.24230000
2022-01-30T08:00:00Z,2618.89000000,2640.00000000,2585.58000000,2617.20000000,80027.47260000
2022-01-30T16:00:00Z,2617.19000000,2632.60000000,2542.50000000,2601.68000000,113538.37100000
2022-01-31T00:00:00Z,2601.67000000,2608.48000000,2476.07000000,2529.07000000,138565.77610000
2022-01-31T08:00:00Z,2529.07000000,2635.00000000,2518.45000000,2620.66000000,131979.74230000
2022-01-31T16:00:00Z,2620.66000000,2706.77000000,2613.35000000,2686.94000000,174039.33260000
2022-02-01T00:00:00Z,2686.94000000,2767.31000000,2673.52000000,2736.69000000,113736.51782000
2022-02-01T08:00:00Z,2736.69000000,2811.26000000,2719.00000000,2768.54000000,181544.02530000
2022-02-01T16:00:00Z,2768.14000000,2813.00000000,2750.42000000,2787.23000000,94753.73050000
2022-02-02T00:00:00Z,2787.48000000,2803.53000000,2741.05000000,2749.36000000,87217.45240000
2022-02-02T08:00:00Z,2749.35000000,2810.88000000,2652.92000000,2663.90000000,164190.72680000
2022-02-02T16:00:00Z,2663.90000000,2735.00000000,2612.72000000,2680.67000000,196443.94360000
2022-02-03T00:00:00Z,2680.25000000,2726.64000000,2638.00000000,2671.40000000,118981.15900000
2022-02-03T08:00:00Z,2671.35000000,2685.00000000,2576.05000000,2640.01000000,168623.63050000
2022-02-03T16:00:00Z,2640.00000000,2699.00000000,2576.31000000,2695.46000000,117438.60360000
2022-02-04T00:00:00Z,2695.21000000,2808.54000000,2671.40000000,2804.55000000,168564.43560000
2022-02-04T08:00:00Z,2804.52000000,2928.00000000,2762.45000000,2871.78000000,303466.23150000
2022-02-04T16:00:00Z,2871.79000000,2995.00000000,2867.84000000,2994.99000000,191972.26570000
2022-02-05T00:00:00Z,2994.99000000,3037.90000000,2958.01000000,3001.43000000,138271.45050000
2022-02-05T08:00:00Z,3001.43000000,3060.47000000,2988.07000000,3051.33000000,118455.60170000
2022-02-05T16:00:00Z,3051.33000000,3055.85000000,2961.00000000,3012.65000000,100076.25490000
2022-02-06T00:00:00Z,3012.64000000,3033.84000000,2988.70000000,3010.56000000,53019.48450000
2022-02-06T08:00:00Z,3010.56000000,3047.00000000,2950.21000000,2991.65000000,113126.69460000
2022-02-06T16:00:00Z,2991.66000000,3074.56000000,2975.39000000,3054.99000000,83248.41750000
2022-02-07T00:00:00Z,3055.00000000,3110.44000000,2991.80000000,3079.48000000,152331.13650000
2022-02-07T08:00:00Z,3079.48000000,3127.85000000,3049.01000000,3123.15000000,144340.29580000
2022-02-07T16:00:00Z,3123.16000000,3186.00000000,3107.00000000,3139.77000000,158398.82060000
2022-02-08T00:00:00Z,3139.77000000,3232.87000000,3112.00000000,3174.11000000,168090.89740000
2022-02-08T08:00:00Z,3174.11000000,3178.66000000,3029.20000000,3076.19000000,211225.01800000
2022-02-08T16:00:00Z,3076.18000000,3138.00000000,3025.21000000,3116.69000000,135457.66830000
2022-02-09T00:00:00Z,3116.69000000,3132.00000000,3055.00000000,3105.93000000,91579.85690000
2022-02-09T08:00:00Z,3105.93000000,3216.99000000,3069.00000000,3178.45000000,153850.49710000
2022-02-09T16:00:00Z,3178.44000000,3269.70000000,3163.02000000,3243.94000000,124837.53730000
2022-02-10T00:00:00Z,3243.60000000,3248.98000000,3156.45000000,3189.90000000,97178.36140000
2022-02-10T08:00:00Z,3189.90000000,3283.66000000,3085.50000000,3209.91000000,301640.69930000
2022-02-10T16:00:00Z,3209.90000000,3247.90000000,3056.74000000,3072.49000000,179393.77760000
2022-02-11T00:00:00Z,3072.36000000,3105.39000000,3001.00000000,3098.34000000,134216.20820000
2022-02-11T08:00:00Z,3098.25000000,3138.62000000,3062.56000000,3102.93000000,125399.72260000
2022-02-11T16:00:00Z,3102.92000000,3113.33000000,2879.00000000,2927.54000000,202409.94430000
2022-02-12T00:00:00Z,2927.54000000,2959.65000000,2880.01000000,2918.93000000,92185.95160000
2022-02-12T08:00:00Z,2918.92000000,2943.01000000,2858.30000000,2880.40000000,113634.28270000
2022-02-12T16:00:00Z,2880.09000000,2985.98000000,2864.57000000,2918.88000000,130430.07880000
2022-02-13T00:00:00Z,2918.58000000,2946.66000000,2897.69000000,2923.09000000,57975.14040000
2022-02-13T08:00:00Z,2923.07000000,2954.40000000,2908.08000000,2919.75000000,79729.51460000
2022-02-13T16:00:00Z,2919.75000000,2922.29000000,2836.70000000,2871.13000000,105046.69970000
2022-02-14T00:00:00Z,2871.14000000,2893.70000000,2829.01000000,2883.06000000,82410.28590000
2022-02-14T08:00:00Z,2883.06000000,2964.87000000,2846.03000000,2936.51000000,160811.38280000
2022-02-14T16:00:00Z,2936.50000000,2964.97000000,2857.28000000,2929.75000000,138556.56930000
2022-02-15T00:00:00Z,2929.75000000,3061.76000000,2912.06000000,3049.45000000,145479.59090000
2022-02-15T08:00:00Z,3049.44000000,3149.00000000,3040.90000000,3122.60000000,184744.11460000
2022-02-15T16:00:00Z,3122.61000000,3196.19000000,3085.57000000,3183.52000000,118748.04850000
2022-02-16T00:00:00Z,3183.53000000,3184.55000000,3105.00000000,3149.50000000,80968.10970000
2022-02-16T08:00:00Z,3149.49000000,3162.86000000,3051.28000000,3066.27000000,115155.04540000
2022-02-16T16:00:00Z,3066.28000000,3186.77000000,3044.03000000,3122.30000000,123874.46930000
2022-02-17T00:00:00Z,3122.31000000,3160.00000000,3050.00000000,3109.28000000,101773.52650000
2022-02-17T08:00:00Z,3109.27000000,3137.32000000,2961.31000000,2989.26000000,189826.55190000
2022-02-17T16:00:00Z,2989.26000000,3005.75000000,2851.55000000,2891.87000000,197093.18400000
2022-02-18T00:00:00Z,2891.88000000,2920.20000000,2861.00000000,2905.25000000,102327.67460000
2022-02-18T08:00:00Z,2905.25000000,2943.97000000,2789.00000000,2800.47000000,194218.32040000
2022-02-18T16:00:00Z,2800.46000000,2825.72000000,2750.00000000,2779.48000000,206431.41190000
2022-02-19T00:00:00Z,2779.30000000,2830.96000000,2766.37000000,2812.05000000,72234.26790000
2022-02-19T08:00:00Z,2812.05000000,2819.33000000,2694.45000000,2746.06000000,136477.99290000
2022-02-19T16:00:00Z,2746.06000000,2796.00000000,2727.39000000,2763.63000000,85125.74170000
2022-02-20T00:00:00Z,2763.63000000,2764.64000000,2620.00000000,2654.17000000,141798.63080000
2022-02-20T08:00:00Z,2654.18000000,2665.13000000,2600.00000000,2652.36000000,128886.33430000
2022-02-20T16:00:00Z,2652.37000000,2675.18000000,2576.00000000,2621.99000000,115699.93890000
2022-02-21T00:00:00Z,2621.99000000,2756.60000000,2605.11000000,2747.44000000,150517.29370000
2022-02-21T08:00:00Z,2747.45000000,2759.51000000,2580.30000000,2723.40000000,317006.85350000
2022-02-21T16:00:00Z,2723.41000000,2745.00000000,2558.00000000,2568.02000000,294314.83860000
2022-02-22T00:00:00Z,2568.03000000,2621.70000000,2500.00000000,2515.81000000,250413.56130000
2022-02-22T08:00:00Z,2515.81000000,2665.74000000,2514.40000000,2623.82000000,272382.03460000
2022-02-22T16:00:00Z,2623.83000000,2655.40000000,2580.00000000,2636.29000000,169843.89830000
2022-02-23T00:00:00Z,2636.28000000,2699.33000000,2597.38000000,2695.63000000,139324.58370000
2022-02-23T08:00:00Z,2695.62000000,2753.55000000,2682.37000000,2688.35000000,189108.59990000
2022-02-23T16:00:00Z,2688.35000000,2729.99000000,2575.83000000,2579.71000000,176036.95760000
2022-02-24T00:00:00Z,2579.70000000,2593.24000000,2300.00000000,2370.45000000,541532.94080000
2022-02-24T08:00:00Z,2370.45000000,2476.86000000,2332.11000000,2455.09000000,456822.60110000
2022-02-24T16:00:00Z,2455.32000000,2740.00000000,2429.57000000,2596.20000000,397377.23340000
2022-02-25T00:00:00Z,2596.26000000,2649.96000000,2582.37000000,2612.96000000,187831.56190000
2022-02-25T08:00:00Z,2612.96000000,2743.00000000,2571.72000000,2732.79000000,272935.90970000
2022-02-25T16:00:00Z,2732.79000000,2834.97000000,2666.03000000,2768.49000000,218626.70460000
2022-02-26T00:00:00Z,2768.05000000,2878.00000000,2757.52000000,2792.94000000,163894.95900000
2022-02-26T08:00:00Z,2792.89000000,2816.76000000,2727.50000000,2785.08000000,142594.36750000
2022-02-26T16:00:00Z,2785.15000000,2855.01000000,2764.43000000,2779.47000000,111995.92640000
2022-02-27T00:00:00Z,2779.47000000,2790.76000000,2678.21000000,2736.62000000,123995.78650000
2022-02-27T08:00:00Z,2736.62000000,2836.33000000,2713.23000000,2808.77000000,208543.23610000
2022-02-27T16:00:00Z,2809.14000000,2810.00000000,2557.98000000,2616.79000000,317659.75590000
2022-02-28T00:00:00Z,2616.79000000,2680.00000000,2568.62000000,2635.32000000,196121.99590000
2022-02-28T08:00:00Z,2635.32000000,2829.99000000,2607.38000000,2815.44000000,273736.28180000
2022-02-28T16:00:00Z,2815.44000000,2951.60000000,2789.00000000,2920.95000000,263936.17110000
2022-03-01T00:00:00Z,2920.83000000,2974.30000000,2882.33000000,2922.03000000,187793.15060000
2022-03-01T08:00:00Z,2921.94000000,3037.94000000,2854.09000000,2949.00000000,338518.74710000
2022-03-01T16:00:00Z,2948.99000000,2979.99000000,2897.16000000,2976.33000000,147589.79990000
2022-03-02T00:00:00Z,2976.33000000,3043.91000000,2914.21000000,2968.84000000,203158.76580000
2022-03-02T08:00:00Z,2968.81000000,3035.00000000,2925.64000000,2952.71000000,298315.32740000
2022-03-02T16:00:00Z,2952.70000000,2987.62000000,2914.31000000,2947.30000000,113149.65290000
2022-03-03T00:00:00Z,2947.31000000,2970.97000000,2871.74000000,2908.03000000,129378.93610000
2022-03-03T08:00:00Z,2908.02000000,2934.98000000,2816.35000000,2828.00000000,169971.00250000
2022-03-03T16:00:00Z,2827.99000000,2849.55000000,2785.00000000,2833.99000000,146842.29670000
2022-03-04T00:00:00Z,2834.00000000,2836.17000000,2687.47000000,2733.07000000,177977.60840000
2022-03-04T08:00:00Z,2733.08000000,2759.24000000,2660.00000000,2671.72000000,200542.49100000
2022-03-04T16:00:00Z,2671.73000000,2697.50000000,2573.00000000,2622.10000000,177658.65940000
2022-03-05T00:00:00Z,2622.11000000,2643.50000000,2589.38000000,2638.15000000,100758.91770000
2022-03-05T08:00:00Z,2638.14000000,2672.23000000,2627.34000000,2642.81000000,100515.76950000
2022-03-05T16:00:00Z,2642.81000000,2685.12000000,2640.00000000,2665.15000000,67455.61640000
2022-03-06T00:00:00Z,2665.16000000,2676.29000000,2616.14000000,2644.93000000,65088.40080000
2022-03-06T08:00:00Z,2644.93000000,2648.78000000,2590.00000000,2626.84000000,133186.42540000
2022-03-06T16:00:00Z,2626.83000000,2654.79000000,2535.00000000,2551.29000000,138213.08370000
2022-03-07T00:00:00Z,2551.30000000,2558.28000000,2506.99000000,2520.88000000,155396.17080000
2022-03-07T08:00:00Z,2520.88000000,2649.00000000,2491.00000000,2617.00000000,210935.10820000
2022-03-07T16:00:00Z,2617.01000000,2639.87000000,2445.00000000,2491.12000000,253840.39970000
2022-03-08T00:00:00Z,2491.12000000,2572.29000000,2480.15000000,2535.86000000,165447.45500000
2022-03-08T08:00:00Z,2535.86000000,2609.04000000,2527.29000000,2559.46000000,217370.15700000
2022-03-08T16:00:00Z,2559.45000000,2624.00000000,2525.26000000,2575.97000000,178842.13010000
2022-03-09T00:00:00Z,2575.98000000,2746.66000000,2567.70000000,2745.00000000,244671.47540000
2022-03-09T08:00:00Z,2744.99000000,2775.85000000,2711.39000000,2757.47000000,199070.83030000
2022-03-09T16:00:00Z,2757.47000000,2759.41000000,2679.72000000,2726.98000000,119029.43460000
2022-03-10T00:00:00Z,2726.98000000,2733.25000000,2572.00000000,2593.26000000,230764.14000000
2022-03-10T08:00:00Z,2593.25000000,2648.00000000,2550.27000000,2597.49000000,227964.76940000
2022-03-10T16:00:00Z,2597.49000000,2621.24000000,2583.59000000,2606.70000000,100301.02830000
2022-03-11T00:00:00Z,2606.69000000,2617.53000000,2522.57000000,2608.67000000,155336.68530000
2022-03-11T08:00:00Z,2608.67000000,2676.78000000,2568.16000000,2581.11000000,219455.59840000
2022-03-11T16:00:00Z,2581.11000000,2588.12000000,2526.76000000,2556.86000000,119791.37310000
2022-03-12T00:00:00Z,2556.86000000,2600.32000000,2553.39000000,2589.25000000,63710.16180000
2022-03-12T08:00:00Z,2589.25000000,2596.35000000,2562.00000000,2584.67000000,66998.77270000
2022-03-12T16:00:00Z,2584.67000000,2616.79000000,2563.00000000,2568.80000000,88527.63660000
2022-03-13T00:00:00Z,2568.80000000,2603.32000000,2558.69000000,2580.91000000,53770.92440000
2022-03-13T08:00:00Z,2580.92000000,2595.78000000,2533.54000000,2579.71000000,146883.01010000
2022-03-13T16:00:00Z,2579.71000000,2586.39000000,2493.00000000,2515.65000000,116288.22560000
2022-03-14T00:00:00Z,2515.66000000,2605.20000000,2498.67000000,2586.58000000,131730.55940000
2022-03-14T08:00:00Z,2586.58000000,2609.60000000,2555.54000000,2573.00000000,128792.26250000
2022-03-14T16:00:00Z,2573.00000000,2596.14000000,2515.00000000,2589.41000000,126107.36930000
2022-03-15T00:00:00Z,2589.42000000,2602.72000000,2507.00000000,2532.27000000,127637.37040000
2022-03-15T08:00:00Z,2532.27000000,2592.66000000,2510.37000000,2571.63000000,140490.24670000
2022-03-15T16:00:00Z,2571.63000000,2669.00000000,2567.45000000,2617.73000000,193074.68430000
2022-03-16T00:00:00Z,2617.74000000,2735.00000000,2603.38000000,2646.49000000,198147.87830000
2022-03-16T08:00:00Z,2646.49000000,2724.07000000,2644.63000000,2704.47000000,183473.34370000
2022-03-16T16:00:00Z,2704.48000000,2788.00000000,2632.91000000,2773.81000000,284603.49970000
2022-03-17T00:00:00Z,2773.80000000,2787.40000000,2746.42000000,2755.36000000,107173.38250000
2022-03-17T08:00:00Z,2755.35000000,2836.00000000,2751.29000000,2801.35000000,173837.05030000
2022-03-17T16:00:00Z,2801.36000000,2834.35000000,2774.17000000,2811.92000000,98302.10820000
2022-03-18T00:00:00Z,2811.91000000,2813.54000000,2765.59000000,2794.15000000,132657.95530000
2022-03-18T08:00:00Z,2794.15000000,2901.73000000,2779.75000000,2896.67000000,218785.64970000
2022-03-18T16:00:00Z,2896.66000000,2984.00000000,2882.00000000,2938.92000000,205092.19160000
2022-03-19T00:00:00Z,2938.84000000,2980.00000000,2920.44000000,2924.40000000,99271.34260000
2022-03-19T08:00:00Z,2924.41000000,2977.86000000,2922.40000000,2967.68000000,111245.67320000
2022-03-19T16:00:00Z,2967.69000000,2987.70000000,2890.86000000,2950.84000000,115454.52400000
2022-03-20T00:00:00Z,2950.85000000,2964.17000000,2907.24000000,2925.47000000,77709.36610000
2022-03-20T08:00:00Z,2925.48000000,2931.08000000,2846.80000000,2853.93000000,159703.34270000
2022-03-20T16:00:00Z,2853.94000000,2911.48000000,2817.21000000,2861.38000000,140196.11260000
2022-03-21T00:00:00Z,2861.39000000,2895.37000000,2829.81000000,2889.68000000,123455.25290000
2022-03-21T08:00:00Z,2889.38000000,2956.67000000,2873.34000000,2955.00000000,198150.30880000
2022-03-21T16:00:00Z,2955.00000000,2960.57000000,2882.63000000,2890.03000000,128618.34560000
2022-03-22T00:00:00Z,2890.03000000,3052.85000000,2886.43000000,2993.00000000,283606.69680000
2022-03-22T08:00:00Z,2993.00000000,3030.15000000,2985.00000000,3002.76000000,162617.01750000
2022-03-22T16:00:00Z,3002.75000000,3016.39000000,2960.00000000,2969.64000000,118645.26960000
2022-03-23T00:00:00Z,2969.64000000,2992.66000000,2920.65000000,2948.94000000,139596.94750000
2022-03-23T08:00:00Z,2948.95000000,3039.38000000,2933.65000000,3031.59000000,162290.26780000
2022-03-23T16:00:00Z,3031.59000000,3045.20000000,2952.55000000,3036.00000000,152075.51450000
2022-03-24T00:00:00Z,3035.99000000,3081.07000000,2999.11000000,3037.47000000,196401.09560000
2022-03-24T08:00:00Z,3037.47000000,3129.11000000,3002.34000000,3114.67000000,249957.62160000
2022-03-24T16:00:00Z,3114.68000000,3123.45000000,3085.15000000,3110.76000000,130812.80670000
2022-03-25T00:00:00Z,3110.75000000,3146.80000000,3093.70000000,3128.69000000,122682.88310000
2022-03-25T08:00:00Z,3128.68000000,3193.28000000,3096.69000000,3120.56000000,226829.33700000
2022-03-25T16:00:00Z,3120.55000000,3139.06000000,3076.00000000,3102.14000000,139587.33710000
2022-03-26T00:00:00Z,3102.13000000,3139.00000000,3084.90000000,3134.46000000,69123.44550000
2022-03-26T08:00:00Z,3134.46000000,3138.84000000,3107.41000000,3116.37000000,64554.84080000
2022-03-26T16:00:00Z,3116.38000000,3153.20000000,3109.00000000,3145.00000000,73456.56070000
2022-03-27T00:00:00Z,3145.01000000,3170.00000000,3133.82000000,3155.29000000,70014.60930000
2022-03-27T08:00:00Z,3155.30000000,3176.84000000,3126.02000000,3170.51000000,82140.10950000
2022-03-27T16:00:00Z,3170.50000000,3299.37000000,3165.00000000,3295.65000000,183312.69570000
2022-03-28T00:00:00Z,3295.65000000,3339.39000000,3275.01000000,3319.25000000,162119.26130000
2022-03-28T08:00:00Z,3319.25000000,3400.00000000,3305.75000000,3357.59000000,190226.59560000
2022-03-28T16:00:00Z,3357.60000000,3431.15000000,3315.54000000,3332.92000000,174891.25640000
2022-03-29T00:00:00Z,3332.91000000,3423.90000000,3329.68000000,3386.77000000,111660.18050000
2022-03-29T08:00:00Z,3386.76000000,3481.87000000,3385.00000000,3403.05000000,197701.48230000
2022-03-29T16:00:00Z,3403.06000000,3443.00000000,3342.03000000,3400.51000000,156538.15980000
2022-03-30T00:00:00Z,3400.51000000,3418.43000000,3331.84000000,3408.56000000,120946.41240000
2022-03-30T08:00:00Z,3408.57000000,3419.00000000,3347.67000000,3382.63000000,125571.29930000
2022-03-30T16:00:00Z,3382.62000000,3446.90000000,3371.12000000,3385.79000000,109564.81140000
2022-03-31T00:00:00Z,3385.80000000,3424.83000000,3378.00000000,3403.13000000,83468.07940000
2022-03-31T08:00:00Z,3403.14000000,3444.83000000,3335.60000000,3350.72000000,188002.29000000
2022-03-31T16:00:00Z,3350.72000000,3354.56000000,3261.35000000,3281.51000000,183620.87010000
2022-04-01T00:00:00Z,3281.51000000,3308.67000000,3210.68000000,3279.41000000,158785.26600000
2022-04-01T08:00:00Z,3279.41000000,3454.36000000,3262.22000000,3432.40000000,243574.86150000
2022-04-01T16:00:00Z,3432.39000000,3481.29000000,3404.51000000,3455.21000000,129809.11170000
2022-04-02T00:00:00Z,3455.20000000,3525.13000000,3438.78000000,3484.64000000,170211.25240000
2022-04-02T08:00:00Z,3484.65000000,3532.20000000,3445.00000000,3461.65000000,193454.24200000
2022-04-02T16:00:00Z,3461.65000000,3488.41000000,3433.14000000,3443.77000000,136227.79560000
2022-04-03T00:00:00Z,3443.77000000,3508.37000000,3412.11000000,3490.10000000,110401.25290000
2022-04-03T08:00:00Z,3490.11000000,3519.99000000,3470.20000000,3500.36000000,110877.56690000
2022-04-03T16:00:00Z,3500.36000000,3580.34000000,3479.38000000,3521.91000000,160302.94850000
2022-04-04T00:00:00Z,3521.90000000,3523.33000000,3468.19000000,3502.33000000,107196.54640000
2022-04-04T08:00:00Z,3502.32000000,3505.87000000,3421.27000000,3424.73000000,170180.42700000
2022-04-04T16:00:00Z,3424.74000000,3547.00000000,3405.97000000,3519.50000000,172607.18520000
2022-04-05T00:00:00Z,3519.50000000,3536.00000000,3500.36000000,3526.93000000,70927.19400000
2022-04-05T08:00:00Z,3526.93000000,3555.00000000,3439.95000000,3452.49000000,183550.60110000
2022-04-05T16:00:00Z,3452.50000000,3478.00000000,3400.00000000,3406.99000000,143304.94860000
2022-04-06T00:00:00Z,3407.00000000,3407.50000000,3268.00000000,3345.65000000,206608.45550000
2022-04-06T08:00:00Z,3345.66000000,3360.00000000,3217.33000000,3257.15000000,259337.47990000
2022-04-06T16:00:00Z,3257.16000000,3270.28000000,3162.39000000,3168.51000000,270327.16930000
2022-04-07T00:00:00Z,3168.52000000,3234.94000000,3143.15000000,3225.12000000,150186.77640000
2022-04-07T08:00:00Z,3225.11000000,3268.98000000,3159.60000000,3199.30000000,198181.64230000
2022-04-07T16:00:00Z,3199.29000000,3260.01000000,3195.00000000,3227.19000000,109810.90850000
2022-04-08T00:00:00Z,3227.20000000,3287.50000000,3216.43000000,3286.22000000,121115.50480000
2022-04-08T08:00:00Z,3286.23000000,3314.02000000,3209.99000000,3281.24000000,216765.27580000
2022-04-08T16:00:00Z,3281.24000000,3291.70000000,3173.52000000,3192.39000000,164541.72420000
2022-04-09T00:00:00Z,3192.39000000,3228.23000000,3181.28000000,3209.80000000,74011.06380000
2022-04-09T08:00:00Z,3209.81000000,3234.39000000,3193.00000000,3209.40000000,77667.30600000
2022-04-09T16:00:00Z,3208.45000000,3268.40000000,3201.93000000,3258.57000000,60765.88680000
2022-04-10T00:00:00Z,3258.57000000,3268.00000000,3234.13000000,3243.23000000,42184.95310000
2022-04-10T08:00:00Z,3243.24000000,3262.04000000,3232.73000000,3256.04000000,52598.25600000
2022-04-10T16:00:00Z,3256.04000000,3307.22000000,3193.00000000,3203.04000000,137520.02350000
2022-04-11T00:00:00Z,3203.04000000,3213.63000000,3151.84000000,3178.61000000,135416.60800000
2022-04-11T08:00:00Z,3178.61000000,3180.68000000,3002.36000000,3003.39000000,319319.27030000
2022-04-11T16:00:00Z,3003.39000000,3040.59000000,2950.00000000,2979.74000000,238658.41290000
2022-04-12T00:00:00Z,2979.75000000,3027.72000000,2950.00000000,3025.23000000,154887.58180000
2022-04-12T08:00:00Z,3025.23000000,3085.00000000,3005.84000000,3044.98000000,264691.96420000
2022-04-12T16:00:00Z,3044.98000000,3064.00000000,2967.02000000,3027.66000000,159943.40450000
2022-04-13T00:00:00Z,3027.65000000,3070.00000000,3005.50000000,3051.36000000,102511.72940000
2022-04-13T08:00:00Z,3051.35000000,3116.44000000,2996.86000000,3093.42000000,193693.22810000
2022-04-13T16:00:00Z,3093.43000000,3128.97000000,3069.06000000,3118.28000000,122896.53650000
2022-04-14T00:00:00Z,3118.28000000,3145.00000000,3099.16000000,3113.50000000,94639.75740000
2022-04-14T08:00:00Z,3113.50000000,3122.16000000,3011.97000000,3015.90000000,186500.19770000
2022-04-14T16:00:00Z,3015.90000000,3026.51000000,2976.30000000,3021.98000000,127242.60210000
2022-04-15T00:00:00Z,3021.98000000,3046.90000000,3010.85000000,3034.62000000,85056.74590000
2022-04-15T08:00:00Z,3034.62000000,3060.92000000,2993.13000000,3028.88000000,111051.38510000
2022-04-15T16:00:00Z,3028.88000000,3044.82000000,3009.23000000,3040.56000000,53518.16710000
2022-04-16T00:00:00Z,3040.57000000,3050.12000000,3033.27000000,3034.64000000,40918.70710000
2022-04-16T08:00:00Z,3034.64000000,3058.90000000,3010.03000000,3017.50000000,75595.95610000
2022-04-16T16:00:00Z,3017.51000000,3086.10000000,3013.79000000,3059.30000000,59837.75330000
2022-04-17T00:00:00Z,3059.30000000,3064.50000000,3022.00000000,3037.97000000,43166.24730000
2022-04-17T08:00:00Z,3037.96000000,3083.00000000,3037.48000000,3073.00000000,84365.56620000
2022-04-17T16:00:00Z,3073.01000000,3078.48000000,2981.70000000,2988.06000000,116240.26050000
2022-04-18T00:00:00Z,2988.07000000,3002.39000000,2883.22000000,2892.12000000,175609.55740000
2022-04-18T08:00:00Z,2892.13000000,2952.79000000,2888.15000000,2914.25000000,139716.23720000
2022-04-18T16:00:00Z,2914.25000000,3069.60000000,2895.00000000,3055.56000000,194925.85900000
2022-04-19T00:00:00Z,3055.56000000,3095.18000000,3030.34000000,3039.01000000,96525.96990000
2022-04-19T08:00:00Z,3039.01000000,3131.00000000,3032.64000000,3110.52000000,164559.02070000
2022-04-19T16:00:00Z,3110.53000000,3125.87000000,3079.28000000,3101.77000000,98290.01320000
2022-04-20T00:00:00Z,3101.74000000,3115.00000000,3066.71000000,3089.75000000,89419.76960000
2022-04-20T08:00:00Z,3089.74000000,3166.50000000,3051.16000000,3068.30000000,212838.38770000
2022-04-20T16:00:00Z,3068.30000000,3096.20000000,3036.45000000,3076.04000000,112741.91120000
2022-04-21T00:00:00Z,3076.03000000,3105.17000000,3066.66000000,3100.56000000,83273.26690000
2022-04-21T08:00:00Z,3100.55000000,3180.00000000,3082.77000000,3104.81000000,245778.58050000
2022-04-21T16:00:00Z,3104.81000000,3107.43000000,2942.31000000,2983.58000000,233647.84960000
2022-04-22T00:00:00Z,2983.57000000,3034.32000000,2968.83000000,3019.91000000,130414.52020000
2022-04-22T08:00:00Z,3019.90000000,3029.22000000,2944.01000000,2949.53000000,195830.11330000
2022-04-22T16:00:00Z,2949.53000000,2982.91000000,2930.35000000,2962.39000000,126188.44850000
2022-04-23T00:00:00Z,2962.39000000,2975.39000000,2913.89000000,2959.80000000,72479.22590000
2022-04-23T08:00:00Z,2959.80000000,2971.76000000,2946.62000000,2966.04000000,60652.65230000
2022-04-23T16:00:00Z,2966.18000000,2978.03000000,2921.62000000,2933.03000000,54444.85420000
2022-04-24T00:00:00Z,2933.04000000,2960.00000000,2922.77000000,2949.49000000,52884.88520000
2022-04-24T08:00:00Z,2949.49000000,2957.00000000,2912.09000000,2943.82000000,65633.85180000
2022-04-24T16:00:00Z,2943.83000000,2967.06000000,2916.17000000,2921.00000000,100438.28520000
2022-04-25T00:00:00Z,2920.99000000,2925.75000000,2797.10000000,2811.41000000,203182.55390000
2022-04-25T08:00:00Z,2811.41000000,2895.64000000,2797.01000000,2869.57000000,215383.17290000
2022-04-25T16:00:00Z,2869.58000000,3025.65000000,2865.72000000,3006.62000000,200632.63480000
2022-04-26T00:00:00Z,3006.63000000,3039.54000000,2977.93000000,3003.24000000,94842.35690000
2022-04-26T08:00:00Z,3003.23000000,3020.83000000,2853.76000000,2859.76000000,195505.68290000
2022-04-26T16:00:00Z,2859.76000000,2885.86000000,2767.00000000,2809.67000000,240836.31060000
2022-04-27T00:00:00Z,2809.68000000,2893.00000000,2794.46000000,2892.23000000,118509.79920000
2022-04-27T08:00:00Z,2892.23000000,2919.87000000,2820.93000000,2865.23000000,246240.79050000
2022-04-27T16:00:00Z,2865.24000000,2899.40000000,2838.93000000,2888.96000000,124200.65190000
2022-04-28T00:00:00Z,2888.95000000,2938.04000000,2869.47000000,2900.27000000,100083.69180000
2022-04-28T08:00:00Z,2900.27000000,2947.47000000,2853.83000000,2889.53000000,250681.46310000
2022-04-28T16:00:00Z,2889.53000000,2980.00000000,2875.63000000,2936.93000000,186627.84290000
2022-04-29T00:00:00Z,2936.92000000,2946.46000000,2904.14000000,2925.85000000,121687.68350000
2022-04-29T08:00:00Z,2925.84000000,2927.79000000,2832.07000000,2856.51000000,200572.54230000
2022-04-29T16:00:00Z,2856.51000000,2857.53000000,2776.63000000,2817.13000000,203717.92120000
2022-04-30T00:00:00Z,2817.13000000,2841.63000000,2809.16000000,2829.79000000,83864.42250000
2022-04-30T08:00:00Z,2829.79000000,2840.00000000,2771.01000000,2816.08000000,115911.36800000
2022-04-30T16:00:00Z,2816.07000000,2822.16000000,2709.26000000,2726.66000000,167981.45640000
2022-05-01T00:00:00Z,2726.67000000,2795.15000000,2716.13000000,2766.39000000,159459.83160000
2022-05-01T08:00:00Z,2766.40000000,2819.31000000,2751.74000000,2805.75000000,110210.58960000
2022-05-01T16:00:00Z,2805.76000000,2849.90000000,2755.10000000,2824.81000000,172874.45800000
2022-05-02T00:00:00Z,2824.81000000,2874.59000000,2822.59000000,2845.26000000,119651.44010000
2022-05-02T08:00:00Z,2845.26000000,2855.86000000,2778.78000000,2827.68000000,218594.65080000
2022-05-02T16:00:00Z,2827.68000000,2894.22000000,2780.00000000,2856.54000000,183460.76580000
2022-05-03T00:00:00Z,2856.54000000,2861.47000000,2828.65000000,2844.98000000,105218.96010000
2022-05-03T08:00:00Z,2844.98000000,2854.12000000,2815.31000000,2822.21000000,113338.28440000
2022-05-03T16:00:00Z,2822.21000000,2827.51000000,2755.19000000,2781.70000000,152773.93510000
2022-05-04T00:00:00Z,2781.70000000,2833.70000000,2771.74000000,2829.42000000,89163.61990000
2022-05-04T08:00:00Z,2829.42000000,2888.75000000,2826.13000000,2844.26000000,191196.41810000
2022-05-04T16:00:00Z,2844.27000000,2965.85000000,2826.67000000,2940.64000000,268378.02880000
2022-05-05T00:00:00Z,2940.65000000,2954.65000000,2925.00000000,2934.06000000,77871.09990000
2022-05-05T08:00:00Z,2934.06000000,2938.78000000,2728.41000000,2742.85000000,305051.65410000
2022-05-05T16:00:00Z,2742.85000000,2771.96000000,2683.00000000,2747.97000000,351922.56540000
2022-05-06T00:00:00Z,2747.96000000,2758.18000000,2694.09000000,2730.20000000,127611.13230000
2022-05-06T08:00:00Z,2730.21000000,2744.88000000,2632.95000000,2688.25000000,411004.45950000
2022-05-06T16:00:00Z,2688.15000000,2713.54000000,2669.58000000,2692.85000000,172833.73160000
2022-05-07T00:00:00Z,2692.86000000,2698.27000000,2653.33000000,2672.45000000,82784.19090000
2022-05-07T08:00:00Z,2672.45000000,2704.36000000,2667.58000000,2692.67000000,104819.59410000
2022-05-07T16:00:00Z,2692.67000000,2700.80000000,2584.75000000,2635.34000000,183667.66820000
2022-05-08T00:00:00Z,2635.35000000,2642.00000000,2517.00000000,2556.60000000,326735.96100000
2022-05-08T08:00:00Z,2556.60000000,2579.03000000,2512.85000000,2517.00000000,185697.60690000
2022-05-08T16:00:00Z,2516.99000000,2571.78000000,2484.00000000,2519.71000000,245181.77360000
2022-05-09T00:00:00Z,2519.71000000,2530.78000000,2423.84000000,2447.86000000,288595.13220000
2022-05-09T08:00:00Z,2447.86000000,2469.72000000,2345.00000000,2381.87000000,544804.62470000
2022-05-09T16:00:00Z,2381.87000000,2404.69000000,2225.00000000,2228.55000000,741525.22240000
2022-05-10T00:00:00Z,2229.00000000,2439.99000000,2200.00000000,2373.68000000,726803.55190000
2022-05-10T08:00:00Z,2373.62000000,2457.34000000,2321.11000000,2361.99000000,505350.73470000
2022-05-10T16:00:00Z,2361.99000000,2410.21000000,2260.67000000,2342.05000000,318471.85210000
2022-05-11T00:00:00Z,2342.04000000,2406.64000000,2267.69000000,2315.13000000,469622.03790000
2022-05-11T08:00:00Z,2315.13000000,2451.37000000,2129.00000000,2264.53000000,1002246.33113000
2022-05-11T16:00:00Z,2264.53000000,2283.14000000,2005.00000000,2084.99000000,550996.46903000
2022-05-12T00:00:00Z,2084.99000000,2195.00000000,1800.00000000,1916.30000000,1238537.26076000
2022-05-12T08:00:00Z,1916.30000000,2056.33000000,1870.31000000,1968.23000000,703792.79410000
2022-05-12T16:00:00Z,1968.23000000,2044.18000000,1870.00000000,1960.22000000,362862.85350000
2022-05-13T00:00:00Z,1960.22000000,2145.00000000,1940.23000000,2048.16000000,481498.27670000
2022-05-13T08:00:00Z,2048.17000000,2147.54000000,2048.07000000,2093.61000000,399533.98960000
2022-05-13T16:00:00Z,2093.62000000,2112.91000000,2001.01000000,2009.69000000,253010.07240000
2022-05-14T00:00:00Z,2009.69000000,2070.06000000,2001.45000000,2031.94000000,168286.38950000
2022-05-14T08:00:00Z,2031.94000000,2053.98000000,1951.21000000,1963.68000000,227093.16170000
2022-05-14T16:00:00Z,1963.68000000,2066.66000000,1955.00000000,2056.48000000,168408.75660000
2022-05-15T00:00:00Z,2056.47000000,2079.40000000,2000.68000000,2037.55000000,129417.60640000
2022-05-15T08:00:00Z,2037.55000000,2100.00000000,2018.52000000,2062.57000000,184531.66450000
2022-05-15T16:00:00Z,2062.57000000,2167.00000000,2057.12000000,2145.29000000,200448.98780000
2022-05-16T00:00:00Z,2145.29000000,2145.29000000,1991.73000000,2011.92000000,271586.31600000
2022-05-16T08:00:00Z,2011.92000000,2060.09000000,1980.10000000,2014.29000000,333222.37290000
2022-05-16T16:00:00Z,2014.29000000,2056.13000000,1979.12000000,2023.66000000,217262.16420000
2022-05-17T00:00:00Z,2023.66000000,2094.18000000,2018.80000000,2070.64000000,150997.14210000
2022-05-17T08:00:00Z,2070.64000000,2122.42000000,2043.57000000,2061.08000000,222685.21570000
2022-05-17T16:00:00Z,2061.07000000,2102.30000000,2008.00000000,2090.72000000,194566.68700000
2022-05-18T00:00:00Z,2090.72000000,2110.72000000,2017.84000000,2038.70000000,175642.77880000
2022-05-18T08:00:00Z,2038.69000000,2049.61000000,1943.56000000,1956.07000000,224345.79490000
2022-05-18T16:00:00Z,1956.07000000,1993.90000000,1908.00000000,1915.11000000,231588.66040000
2022-05-19T00:00:00Z,1915.11000000,1973.60000000,1903.18000000,1952.07000000,211756.01760000
2022-05-19T08:00:00Z,1952.07000000,2040.39000000,1912.17000000,2023.83000000,340060.79580000
2022-05-19T16:00:00Z,2023.82000000,2028.90000000,1990.56000000,2019.55000000,189660.16600000
2022-05-20T00:00:00Z,2019.55000000,2052.94000000,2001.10000000,2025.55000000,141572.22930000
2022-05-20T08:00:00Z,2025.59000000,2064.00000000,1952.35000000,1960.99000000,250179.40090000
2022-05-20T16:00:00Z,1961.00000000,1978.68000000,1923.00000000,1959.08000000,185229.90690000
2022-05-21T00:00:00Z,1959.08000000,1986.57000000,1937.36000000,1978.63000000,90788.36250000
2022-05-21T08:00:00Z,1978.63000000,1988.48000000,1956.58000000,1980.38000000,81764.66320000
2022-05-21T16:00:00Z,1980.39000000,1990.86000000,1965.82000000,1975.07000000,66316.73750000
2022-05-22T00:00:00Z,1975.06000000,1983.98000000,1966.33000000,1975.86000000,56708.53380000
2022-05-22T08:00:00Z,1975.86000000,2037.80000000,1973.45000000,2004.58000000,182262.58270000
2022-05-22T16:00:00Z,2004.58000000,2056.41000000,1992.57000000,2043.19000000,116764.07620000
2022-05-23T00:00:00Z,2043.19000000,2081.74000000,2019.50000000,2066.77000000,149767.41920000
2022-05-23T08:00:00Z,2066.76000000,2088.50000000,2035.71000000,2065.00000000,233077.41780000
2022-05-23T16:00:00Z,2065.01000000,2078.83000000,1957.12000000,1973.32000000,253240.18540000
2022-05-24T00:00:00Z,1973.33000000,1993.83000000,1969.05000000,1985.22000000,88594.20380000
2022-05-24T08:00:00Z,1985.22000000,1985.59000000,1913.02000000,1962.72000000,259099.67430000
2022-05-24T16:00:00Z,1962.71000000,1990.00000000,1934.90000000,1979.41000000,186403.09390000
2022-05-25T00:00:00Z,1979.40000000,2022.34000000,1970.23000000,1977.04000000,140175.49330000
2022-05-25T08:00:00Z,1977.04000000,1985.75000000,1934.61000000,1964.53000000,212761.83740000
2022-05-25T16:00:00Z,1964.54000000,1982.84000000,1940.74000000,1942.63000000,171848.97840000
2022-05-26T00:00:00Z,1942.64000000,1966.01000000,1910.00000000,1926.36000000,166995.36430000
2022-05-26T08:00:00Z,1926.35000000,1927.42000000,1735.00000000,1862.02000000,679415.67154000
2022-05-26T16:00:00Z,1862.03000000,1907.58000000,1789.38000000,1792.23000000,322329.53930000
2022-05-27T00:00:00Z,1792.24000000,1808.60000000,1712.67000000,1764.60000000,538950.13471000
2022-05-27T08:00:00Z,1764.60000000,1822.26000000,1750.19000000,1764.33000000,415061.51170000
2022-05-27T16:00:00Z,1764.34000000,1774.56000000,1703.00000000,1727.27000000,342681.63896000
2022-05-28T00:00:00Z,1727.26000000,1783.12000000,1722.26000000,1765.46000000,222867.14990000
2022-05-28T08:00:00Z,1765.46000000,1808.98000000,1748.94000000,1795.11000000,180324.89090000
2022-05-28T16:00:00Z,1795.12000000,1805.44000000,1760.00000000,1792.22000000,155079.14100000
2022-05-29T00:00:00Z,1792.21000000,1795.89000000,1759.96000000,1783.80000000,134885.51190000
2022-05-29T08:00:00Z,1783.80000000,1827.40000000,1774.42000000,1797.23000000,168141.48910000
2022-05-29T16:00:00Z,1797.22000000,1826.24000000,1785.29000000,1813.64000000,129403.61000000
2022-05-30T00:00:00Z,1813.64000000,1917.68000000,1803.18000000,1907.84000000,304497.89040000
2022-05-30T08:00:00Z,1907.83000000,1924.00000000,1872.71000000,1912.44000000,228060.20350000
2022-05-30T16:00:00Z,1912.43000000,2013.00000000,1906.00000000,1998.78000000,282364.74200000
2022-05-31T00:00:00Z,1998.78000000,2016.45000000,1960.20000000,1970.35000000,217319.56790000
2022-05-31T08:00:00Z,1970.36000000,1995.51000000,1930.09000000,1988.62000000,296987.64570000
2022-05-31T16:00:00Z,1988.62000000,1999.87000000,1925.00000000,1941.90000000,236796.20900000
2022-06-01T00:00:00Z,1941.90000000,1958.55000000,1913.76000000,1930.71000000,203131.36460000
2022-06-01T08:00:00Z,1930.72000000,1972.58000000,1879.00000000,1880.59000000,346833.56240000
2022-06-01T16:00:00Z,1880.59000000,1880.74000000,1763.75000000,1817.95000000,487876.34360000
2022-06-02T00:00:00Z,1817.96000000,1837.35000000,1802.00000000,1826.57000000,235598.23410000
2022-06-02T08:00:00Z,1826.58000000,1844.13000000,1782.42000000,1816.52000000,340905.85240000
2022-06-02T16:00:00Z,1816.53000000,1853.05000000,1800.71000000,1834.08000000,212280.31520000
2022-06-03T00:00:00Z,1834.09000000,1843.91000000,1806.70000000,1813.92000000,153171.62880000
2022-06-03T08:00:00Z,1813.91000000,1821.45000000,1737.00000000,1763.32000000,405715.07050000
2022-06-03T16:00:00Z,1763.32000000,1795.00000000,1743.00000000,1775.12000000,182395.83530000
2022-06-04T00:00:00Z,1775.13000000,1779.66000000,1748.43000000,1769.11000000,123083.24350000
2022-06-04T08:00:00Z,1769.10000000,1789.26000000,1757.23000000,1778.85000000,138001.37340000
2022-06-04T16:00:00Z,1778.85000000,1816.00000000,1767.30000000,1804.58000000,127194.84100000
2022-06-05T00:00:00Z,1804.58000000,1810.97000000,1784.46000000,1785.82000000,84644.70800000
2022-06-05T08:00:00Z,1785.82000000,1812.84000000,1773.05000000,1811.41000000,114081.41660000
2022-06-05T16:00:00Z,1811.42000000,1830.17000000,1795.51000000,1806.23000000,173248.38150000
2022-06-06T00:00:00Z,1806.22000000,1896.68000000,1804.35000000,1893.77000000,300763.36610000
2022-06-06T08:00:00Z,1893.76000000,1920.00000000,1866.00000000,1886.79000000,302209.37140000
2022-06-06T16:00:00Z,1886.79000000,1888.82000000,1843.72000000,1859.84000000,201277.61920000
2022-06-07T00:00:00Z,1859.84000000,1862.81000000,1725.13000000,1763.03000000,586075.45950000
2022-06-07T08:00:00Z,1763.04000000,1794.26000000,1736.17000000,1781.55000000,317219.13370000
2022-06-07T16:00:00Z,1781.54000000,1874.98000000,1753.03000000,1813.33000000,494303.63560000
2022-06-08T00:00:00Z,1813.33000000,1836.07000000,1765.28000000,1806.40000000,411500.17460000
2022-06-08T08:00:00Z,1806.40000000,1838.77000000,1783.22000000,1815.27000000,309576.89230000
2022-06-08T16:00:00Z,1815.28000000,1822.00000000,1771.53000000,1791.88000000,220433.07040000
2022-06-09T00:00:00Z,1791.88000000,1812.00000000,1777.33000000,1811.99000000,141339.72080000
2022-06-09T08:00:00Z,1812.00000000,1833.00000000,1779.01000000,1799.35000000,239160.55760000
2022-06-09T16:00:00Z,1799.35000000,1818.42000000,1781.04000000,1788.81000000,154810.68340000
2022-06-10T00:00:00Z,1788.80000000,1804.32000000,1745.01000000,1788.63000000,171031.35260000
2022-06-10T08:00:00Z,1788.63000000,1795.25000000,1708.01000000,1727.10000000,415355.42370000
2022-06-10T16:00:00Z,1727.09000000,1730.80000000,1655.93000000,1662.91000000,368649.01609000
2022-06-11T00:00:00Z,1662.91000000,1682.21000000,1658.50000000,1667.46000000,128283.10340000
2022-06-11T08:00:00Z,1667.46000000,1670.06000000,1501.00000000,1517.60000000,714161.38269000
2022-06-11T16:00:00Z,1517.61000000,1578.00000000,1496.74000000,1532.89000000,377880.76811000
2022-06-12T00:00:00Z,1532.89000000,1542.24000000,1423.00000000,1471.26000000,575960.61328000
2022-06-12T08:00:00Z,1471.26000000,1547.00000000,1429.00000000,1525.92000000,567840.33590000
2022-06-12T16:00:00Z,1525.91000000,1532.48000000,1433.00000000,1434.84000000,419424.42100000
2022-06-13T00:00:00Z,1434.84000000,1455.00000000,1262.76000000,1283.46000000,1315414.27702000
2022-06-13T08:00:00Z,1283.07000000,1288.95000000,1165.45000000,1229.97000000,1725834.40574000
2022-06-13T16:00:00Z,1229.75000000,1284.33000000,1168.50000000,1209.82000000,585102.98260000
2022-06-14T00:00:00Z,1209.35000000,1254.00000000,1075.80000000,1241.16000000,1492593.27211000
2022-06-14T08:00:00Z,1241.15000000,1259.99000000,1154.37000000,1250.67000000,848468.43300000
2022-06-14T16:00:00Z,1250.66000000,1268.45000000,1159.12000000,1208.90000000,375432.09620000
2022-06-15T00:00:00Z,1208.90000000,1231.67000000,1082.37000000,1094.38000000,718350.07920000
2022-06-15T08:00:00Z,1094.38000000,1164.00000000,1014.40000000,1120.15000000,1294813.27841000
2022-06-15T16:00:00Z,1120.17000000,1250.00000000,1045.00000000,1237.52000000,1101659.77860000
2022-06-16T00:00:00Z,1237.53000000,1257.85000000,1155.26000000,1165.41000000,413374.13940000
2022-06-16T08:00:00Z,1165.41000000,1180.40000000,1082.00000000,1114.41000000,613382.26600000
2022-06-16T16:00:00Z,1114.41000000,1134.09000000,1051.55000000,1068.50000000,420630.42500000
2022-06-17T00:00:00Z,1068.50000000,1118.00000000,1051.11000000,1099.31000000,515863.91630000
2022-06-17T08:00:00Z,1099.31000000,1113.00000000,1064.14000000,1084.99000000,452226.52100000
2022-06-17T16:00:00Z,1084.98000000,1099.98000000,1070.93000000,1086.94000000,252587.51180000
2022-06-18T00:00:00Z,1086.93000000,1097.58000000,988.95000000,1003.78000000,539269.86342000
2022-06-18T08:00:00Z,1003.78000000,1017.48000000,975.21000000,989.48000000,608733.00600000
2022-06-18T16:00:00Z,989.49000000,1015.00000000,881.56000000,995.13000000,1160980.64928000
2022-06-19T00:00:00Z,995.12000000,1009.54000000,936.15000000,955.72000000,578599.21600000
2022-06-19T08:00:00Z,955.73000000,1078.40000000,953.30000000,1071.68000000,820374.96060000
2022-06-19T16:00:00Z,1071.68000000,1158.62000000,1043.00000000,1128.53000000,619625.27330000
2022-06-20T00:00:00Z,1128.53000000,1132.75000000,1053.00000000,1079.64000000,536732.07900000
2022-06-20T08:00:00Z,1079.64000000,1170.00000000,1076.79000000,1134.55000000,740121.27510000
2022-06-20T16:00:00Z,1134.55000000,1138.69000000,1083.10000000,1128.24000000,444919.55910000
2022-06-21T00:00:00Z,1128.24000000,1164.78000000,1109.23000000,1148.56000000,460157.81010000
2022-06-21T08:00:00Z,1148.55000000,1194.00000000,1135.24000000,1168.13000000,547063.57320000
2022-06-21T16:00:00Z,1168.14000000,1175.06000000,1113.49000000,1125.85000000,298873.99240000
2022-06-22T00:00:00Z,1125.86000000,1127.33000000,1066.60000000,1075.24000000,395170.55100000
2022-06-22T08:00:00Z,1075.25000000,1125.00000000,1069.24000000,1075.02000000,522128.30360000
2022-06-22T16:00:00Z,1075.02000000,1088.89000000,1043.65000000,1050.19000000,389661.00470000
2022-06-23T00:00:00Z,1050.19000000,1110.00000000,1045.30000000,1091.70000000,387172.38740000
2022-06-23T08:00:00Z,1091.70000000,1131.55000000,1086.95000000,1094.22000000,466968.62110000
2022-06-23T16:00:00Z,1094.21000000,1155.00000000,1082.78000000,1144.72000000,424116.08140000
2022-06-24T00:00:00Z,1144.71000000,1168.40000000,1132.00000000,1148.70000000,362408.05070000
2022-06-24T08:00:00Z,1148.71000000,1226.45000000,1142.97000000,1197.98000000,602364.72900000
2022-06-24T16:00:00Z,1197.98000000,1245.43000000,1183.96000000,1225.02000000,372364.70330000
2022-06-25T00:00:00Z,1225.02000000,1239.63000000,1204.02000000,1234.40000000,260681.56100000
2022-06-25T08:00:00Z,1234.41000000,1242.30000000,1181.83000000,1183.94000000,304734.51600000
2022-06-25T16:00:00Z,1183.94000000,1256.77000000,1180.00000000,1242.36000000,296570.54070000
2022-06-26T00:00:00Z,1242.31000000,1252.00000000,1227.43000000,1238.07000000,182011.31520000
2022-06-26T08:00:00Z,1238.06000000,1280.00000000,1211.86000000,1223.39000000,416584.94450000
2022-06-26T16:00:00Z,1223.39000000,1249.93000000,1194.60000000,1197.79000000,285588.01330000
2022-06-27T00:00:00Z,1197.79000000,1237.00000000,1195.82000000,1227.66000000,261312.41420000
2022-06-27T08:00:00Z,1227.66000000,1238.93000000,1175.00000000,1187.48000000,360832.29840000
2022-06-27T16:00:00Z,1187.49000000,1219.00000000,1172.49000000,1192.51000000,246589.49350000
2022-06-28T00:00:00Z,1192.51000000,1214.63000000,1162.16000000,1207.65000000,305759.43130000
2022-06-28T08:00:00Z,1207.66000000,1237.99000000,1182.00000000,1183.69000000,427291.02420000
2022-06-28T16:00:00Z,1183.70000000,1193.73000000,1136.32000000,1144.05000000,371014.76560000
2022-06-29T00:00:00Z,1144.05000000,1156.80000000,1114.50000000,1130.59000000,337200.42170000
2022-06-29T08:00:00Z,1130.59000000,1142.44000000,1090.20000000,1114.26000000,527493.37540000
2022-06-29T16:00:00Z,1114.27000000,1122.69000000,1087.42000000,1100.21000000,430823.99890000
2022-06-30T00:00:00Z,1100.21000000,1106.62000000,1052.50000000,1057.42000000,360568.65720000
2022-06-30T08:00:00Z,1057.42000000,1057.57000000,998.00000000,1032.22000000,608184.91340000
2022-06-30T16:00:00Z,1032.22000000,1082.30000000,1005.24000000,1071.01000000,451916.79500000
2022-07-01T00:00:00Z,1071.02000000,1117.00000000,1045.41000000,1066.81000000,706204.80480000
2022-07-01T08:00:00Z,1066.81000000,1086.44000000,1033.44000000,1056.86000000,550570.63600000
2022-07-01T16:00:00Z,1056.86000000,1092.00000000,1054.70000000,1059.73000000,305479.70310000
2022-07-02T00:00:00Z,1059.73000000,1069.49000000,1033.77000000,1042.08000000,232665.88640000
2022-07-02T08:00:00Z,1042.08000000,1064.79000000,1028.29000000,1052.89000000,291344.36120000
2022-07-02T16:00:00Z,1052.89000000,1078.88000000,1049.49000000,1067.01000000,190801.83280000
2022-07-03T00:00:00Z,1067.01000000,1088.34000000,1040.78000000,1063.88000000,253375.73440000
2022-07-03T08:00:00Z,1063.88000000,1065.34000000,1040.97000000,1050.61000000,171215.24680000
2022-07-03T16:00:00Z,1050.61000000,1087.33000000,1049.62000000,1074.26000000,220155.35250000
2022-07-04T00:00:00Z,1074.26000000,1076.89000000,1045.37000000,1050.83000000,195149.81800000
2022-07-04T08:00:00Z,1050.84000000,1135.36000000,1050.04000000,1112.21000000,573430.34170000
2022-07-04T16:00:00Z,1112.20000000,1160.90000000,1103.38000000,1151.00000000,381528.82640000
2022-07-05T00:00:00Z,1151.01000000,1174.90000000,1142.17000000,1158.26000000,335026.12160000
2022-07-05T08:00:00Z,1158.26000000,1158.50000000,1076.34000000,1092.95000000,584405.80640000
2022-07-05T16:00:00Z,1092.95000000,1170.00000000,1088.28000000,1132.50000000,479529.52150000
2022-07-06T00:00:00Z,1132.51000000,1155.50000000,1111.44000000,1139.36000000,418304.17330000
2022-07-06T08:00:00Z,1139.36000000,1155.70000000,1123.00000000,1133.59000000,380284.06520000
2022-07-06T16:00:00Z,1133.60000000,1205.00000000,1132.39000000,1186.57000000,413179.83720000
2022-07-07T00:00:00Z,1186.57000000,1189.81000000,1163.18000000,1176.59000000,228468.96120000
2022-07-07T08:00:00Z,1176.58000000,1229.26000000,1173.06000000,1220.37000000,411949.44590000
2022-07-07T16:00:00Z,1220.37000000,1254.29000000,1214.76000000,1237.49000000,360897.67190000
2022-07-08T00:00:00Z,1237.49000000,1276.46000000,1231.15000000,1241.28000000,335551.41540000
2022-07-08T08:00:00Z,1241.29000000,1244.78000000,1193.15000000,1235.96000000,521825.37560000
2022-07-08T16:00:00Z,1235.96000000,1254.69000000,1209.82000000,1214.04000000,332141.57210000
2022-07-09T00:00:00Z,1214.03000000,1227.40000000,1204.67000000,1225.02000000,227453.48300000
2022-07-09T08:00:00Z,1225.01000000,1228.25000000,1205.27000000,1215.24000000,164379.62550000
2022-07-09T16:00:00Z,1215.23000000,1235.40000000,1209.33000000,1217.02000000,184504.07240000
2022-07-10T00:00:00Z,1217.02000000,1219.95000000,1182.00000000,1189.54000000,286428.50190000
2022-07-10T08:00:00Z,1189.54000000,1194.13000000,1156.44000000,1163.58000000,371107.69730000
2022-07-10T16:00:00Z,1163.59000000,1185.01000000,1153.00000000,1168.36000000,360502.45140000
2022-07-11T00:00:00Z,1168.37000000,1171.29000000,1137.57000000,1143.37000000,399428.70850000
2022-07-11T08:00:00Z,1143.37000000,1161.75000000,1128.56000000,1143.68000000,398662.42030000
2022-07-11T16:00:00Z,1143.67000000,1156.77000000,1091.71000000,1096.40000000,403561.17600000
2022-07-12T00:00:00Z,1096.37000000,1098.26000000,1062.71000000,1069.07000000,338581.28650000
2022-07-12T08:00:00Z,1069.07000000,1083.49000000,1053.76000000,1075.89000000,469186.14030000
2022-07-12T16:00:00Z,1075.89000000,1088.83000000,1033.46000000,1038.58000000,453582.20530000
2022-07-13T00:00:00Z,1038.58000000,1072.48000000,1035.58000000,1069.57000000,437522.41930000
2022-07-13T08:00:00Z,1069.57000000,1103.78000000,1006.32000000,1060.21000000,1095040.80360000
2022-07-13T16:00:00Z,1060.20000000,1119.18000000,1049.21000000,1115.00000000,503042.60700000
2022-07-14T00:00:00Z,1115.01000000,1127.19000000,1093.30000000,1097.58000000,362118.73360000
2022-07-14T08:00:00Z,1097.57000000,1147.97000000,1072.11000000,1140.95000000,600109.15940000
2022-07-14T16:00:00Z,1140.96000000,1214.65000000,1133.14000000,1193.42000000,642874.03320000
2022-07-15T00:00:00Z,1193.42000000,1222.92000000,1181.05000000,1211.85000000,438960.45340000
2022-07-15T08:00:00Z,1211.86000000,1237.58000000,1203.28000000,1222.13000000,543697.07720000
2022-07-15T16:00:00Z,1222.13000000,1287.82000000,1203.72000000,1231.25000000,483379.72780000
2022-07-16T00:00:00Z,1231.25000000,1235.24000000,1191.23000000,1197.30000000,263795.01050000
2022-07-16T08:00:00Z,1197.30000000,1277.02000000,1193.22000000,1274.33000000,345922.43270000
2022-07-16T16:00:00Z,1274.34000000,1422.91000000,1272.21000000,1355.85000000,884092.47940000
2022-07-17T00:00:00Z,1355.84000000,1387.00000000,1328.17000000,1361.67000000,358636.89950000
2022-07-17T08:00:00Z,1361.66000000,1376.54000000,1330.83000000,1351.95000000,421054.30510000
2022-07-17T16:00:00Z,1351.96000000,1382.29000000,1319.04000000,1338.65000000,466511.67490000
2022-07-18T00:00:00Z,1338.65000000,1475.66000000,1336.07000000,1467.13000000,696725.55810000
2022-07-18T08:00:00Z,1467.14000000,1529.72000000,1452.52000000,1521.35000000,680662.28171000
2022-07-18T16:00:00Z,1521.34000000,1597.47000000,1450.00000000,1581.04000000,652530.92540000
2022-07-19T00:00:00Z,1581.03000000,1631.00000000,1493.11000000,1510.58000000,815230.76070000
2022-07-19T08:00:00Z,1510.59000000,1577.28000000,1505.75000000,1540.44000000,613639.81350000
2022-07-19T16:00:00Z,1540.52000000,1589.76000000,1526.01000000,1542.32000000,417178.10740000
2022-07-20T00:00:00Z,1542.33000000,1579.80000000,1510.47000000,1531.06000000,338422.42230000
2022-07-20T08:00:00Z,1531.05000000,1620.40000000,1526.67000000,1596.53000000,539014.06730000
2022-07-20T16:00:00Z,1596.52000000,1597.58000000,1484.23000000,1521.58000000,473740.93510000
2022-07-21T00:00:00Z,1521.63000000,1554.70000000,1463.56000000,1488.01000000,386835.50090000
2022-07-21T08:00:00Z,1488.01000000,1520.95000000,1477.01000000,1511.01000000,432240.11600000
2022-07-21T16:00:00Z,1511.01000000,1605.98000000,1508.99000000,1575.45000000,428251.87940000
2022-07-22T00:00:00Z,1575.45000000,1614.02000000,1553.10000000,1601.69000000,281173.70770000
2022-07-22T08:00:00Z,1601.69000000,1650.05000000,1569.05000000,1574.91000000,592762.84740000
2022-07-22T16:00:00Z,1574.90000000,1591.99000000,1516.11000000,1535.27000000,296786.53220000
2022-07-23T00:00:00Z,1535.27000000,1596.51000000,1523.45000000,1578.35000000,237176.06000000
2022-07-23T08:00:00Z,1578.35000000,1588.35000000,1501.65000000,1523.67000000,327208.62310000
2022-07-23T16:00:00Z,1523.67000000,1555.26000000,1488.00000000,1548.67000000,286900.05080000
2022-07-24T00:00:00Z,1548.66000000,1619.99000000,1545.67000000,1604.44000000,317362.81960000
2022-07-24T08:00:00Z,1604.44000000,1628.86000000,1573.00000000,1612.61000000,353687.28980000
2022-07-24T16:00:00Z,1612.61000000,1664.34000000,1583.51000000,1597.70000000,338885.79030000
2022-07-25T00:00:00Z,1597.70000000,1609.55000000,1498.95000000,1522.12000000,473160.31970000
2022-07-25T08:00:00Z,1522.12000000,1553.79000000,1502.21000000,1526.03000000,389899.42490000
2022-07-25T16:00:00Z,1526.02000000,1538.51000000,1435.58000000,1440.79000000,555331.23630000
2022-07-26T00:00:00Z,1440.79000000,1450.00000000,1400.46000000,1409.46000000,455136.21300000
2022-07-26T08:00:00Z,1409.46000000,1423.97000000,1363.87000000,1368.68000000,374534.85020000
2022-07-26T16:00:00Z,1368.67000000,1454.11000000,1356.17000000,1449.12000000,369972.67760000
2022-07-27T00:00:00Z,1449.12000000,1472.00000000,1420.83000000,1464.47000000,306065.33820000
2022-07-27T08:00:00Z,1464.47000000,1496.99000000,1444.91000000,1489.20000000,323918.24090000
2022-07-27T16:00:00Z,1489.20000000,1644.44000000,1477.40000000,1635.74000000,883442.46220000
2022-07-28T00:00:00Z,1635.74000000,1677.00000000,1605.29000000,1618.44000000,415345.36640000
2022-07-28T08:00:00Z,1618.44000000,1755.00000000,1593.27000000,1728.31000000,693826.10515000
2022-07-28T16:00:00Z,1728.32000000,1784.79000000,1712.61000000,1724.52000000,468973.60400000
2022-07-29T00:00:00Z,1724.52000000,1752.03000000,1696.00000000,1715.36000000,291271.00760000
2022-07-29T08:00:00Z,1715.35000000,1744.00000000,1655.02000000,1721.66000000,504700.46590000
2022-07-29T16:00:00Z,1721.66000000,1765.99000000,1663.44000000,1721.68000000,409295.09680000
2022-07-30T00:00:00Z,1721.68000000,1735.31000000,1686.84000000,1715.50000000,213588.77100000
2022-07-30T08:00:00Z,1715.50000000,1744.85000000,1678.25000000,1736.84000000,292618.87940000
2022-07-30T16:00:00Z,1736.84000000,1737.49000000,1673.01000000,1697.00000000,228924.87820000
2022-07-31T00:00:00Z,1697.00000000,1712.77000000,1686.40000000,1697.93000000,137108.29350000
2022-07-31T08:00:00Z,1697.93000000,1724.19000000,1686.06000000,1712.04000000,176758.41720000
2022-07-31T16:00:00Z,1712.05000000,1754.69000000,1666.00000000,1678.12000000,382460.09720000
2022-08-01T00:00:00Z,1678.12000000,1704.68000000,1672.63000000,1692.87000000,155103.52490000
2022-08-01T08:00:00Z,1692.88000000,1695.36000000,1636.47000000,1672.60000000,305563.00580000
2022-08-01T16:00:00Z,1672.59000000,1673.59000000,1606.12000000,1630.28000000,340900.03410000
2022-08-02T00:00:00Z,1630.28000000,1657.11000000,1566.17000000,1593.52000000,321466.24760000
2022-08-02T08:00:00Z,1593.52000000,1637.99000000,1559.28000000,1629.93000000,421143.51100000
2022-08-02T16:00:00Z,1629.92000000,1678.00000000,1622.02000000,1630.91000000,339354.75180000
2022-08-03T00:00:00Z,1630.91000000,1643.99000000,1589.71000000,1629.09000000,260319.89400000
2022-08-03T08:00:00Z,1629.08000000,1685.03000000,1628.66000000,1655.86000000,296522.33410000
2022-08-03T16:00:00Z,1655.87000000,1671.74000000,1607.42000000,1618.16000000,220882.51320000
2022-08-04T00:00:00Z,1618.16000000,1662.79000000,1615.15000000,1625.93000000,228215.61330000
2022-08-04T08:00:00Z,1625.92000000,1644.00000000,1596.84000000,1615.59000000,284534.08290000
2022-08-04T16:00:00Z,1615.60000000,1624.44000000,1580.39000000,1607.96000000,222802.48480000
2022-08-05T00:00:00Z,1607.97000000,1679.60000000,1605.64000000,1662.87000000,287587.95610000
2022-08-05T08:00:00Z,1662.87000000,1725.00000000,1652.13000000,1670.05000000,467282.66730000
2022-08-05T16:00:00Z,1670.06000000,1742.07000000,1656.77000000,1736.81000000,250975.84780000
2022-08-06T00:00:00Z,1736.81000000,1749.93000000,1713.99000000,1720.73000000,192568.89680000
2022-08-06T08:00:00Z,1720.73000000,1724.41000000,1702.62000000,1715.53000000,168039.65460000
2022-08-06T16:00:00Z,1715.53000000,1724.27000000,1685.26000000,1690.60000000,162706.09300000
2022-08-07T00:00:00Z,1690.60000000,1698.49000000,1668.00000000,1686.24000000,154893.00970000
2022-08-07T08:00:00Z,1686.23000000,1715.18000000,1673.02000000,1698.89000000,137385.13350000
2022-08-07T16:00:00Z,1698.89000000,1729.79000000,1690.00000000,1700.19000000,147626.62080000
2022-08-08T00:00:00Z,1700.20000000,1740.00000000,1693.87000000,1732.79000000,178746.82030000
2022-08-08T08:00:00Z,1732.78000000,1818.00000000,1728.28000000,1775.31000000,377976.50350000
2022-08-08T16:00:00Z,1775.31000000,1799.32000000,1755.60000000,1777.05000000,224897.22050000
2022-08-09T00:00:00Z,1777.05000000,1790.83000000,1761.44000000,1782.02000000,136965.70160000
2022-08-09T08:00:00Z,1782.01000000,1783.00000000,1667.93000000,1684.63000000,459071.53070000
2022-08-09T16:00:00Z,1684.64000000,1716.74000000,1674.58000000,1702.76000000,222133.86960000
2022-08-10T00:00:00Z,1702.76000000,1702.76000000,1656.78000000,1686.00000000,261653.64780000
2022-08-10T08:00:00Z,1686.01000000,1853.55000000,1684.22000000,1837.50000000,734957.94270000
2022-08-10T16:00:00Z,1837.49000000,1885.00000000,1804.08000000,1853.57000000,321155.92220000
2022-08-11T00:00:00Z,1853.58000000,1918.19000000,1850.32000000,1878.88000000,451741.81010000
2022-08-11T08:00:00Z,1878.87000000,1942.00000000,1873.72000000,1890.48000000,433754.61410000
2022-08-11T16:00:00Z,1890.48000000,1908.39000000,1867.27000000,1880.19000000,219765.47670000
2022-08-12T00:00:00Z,1880.19000000,1913.90000000,1857.67000000,1888.44000000,190150.55760000
2022-08-12T08:00:00Z,1888.44000000,1904.54000000,1853.06000000,1897.69000000,253225.25780000
2022-08-12T16:00:00Z,1897.68000000,1964.71000000,1891.00000000,1958.28000000,274252.28610000
2022-08-13T00:00:00Z,1958.28000000,2020.00000000,1946.50000000,1995.78000000,315982.15310000
2022-08-13T08:00:00Z,1995.78000000,2007.64000000,1961.99000000,1988.51000000,222804.15630000
2022-08-13T16:00:00Z,1988.51000000,2004.27000000,1967.61000000,1983.55000000,157089.71990000
2022-08-14T00:00:00Z,1983.55000000,2030.00000000,1970.96000000,2016.75000000,155630.55920000
2022-08-14T08:00:00Z,2016.75000000,2017.41000000,1970.13000000,1984.17000000,168772.78870000
2022-08-14T16:00:00Z,1984.18000000,1984.81000000,1906.00000000,1935.31000000,245180.13730000
2022-08-15T00:00:00Z,1935.32000000,2012.47000000,1884.46000000,1899.87000000,415355.95830000
2022-08-15T08:00:00Z,1899.88000000,1922.00000000,1872.31000000,1917.70000000,324421.66990000
2022-08-15T16:00:00Z,1917.71000000,1933.42000000,1875.50000000,1899.06000000,209384.70230000
2022-08-16T00:00:00Z,1899.05000000,1914.95000000,1856.98000000,1886.59000000,221709.08390000
2022-08-16T08:00:00Z,1886.58000000,1915.00000000,1863.34000000,1887.38000000,231961.96450000
2022-08-16T16:00:00Z,1887.38000000,1897.96000000,1853.00000000,1876.67000000,169058.10150000
2022-08-17T00:00:00Z,1876.67000000,1959.43000000,1874.85000000,1890.39000000,322144.07040000
2022-08-17T08:00:00Z,1890.38000000,1902.60000000,1818.74000000,1830.92000000,368008.52750000
2022-08-17T16:00:00Z,1830.92000000,1870.69000000,1824.00000000,1834.25000000,261672.29960000
2022-08-18T00:00:00Z,1834.24000000,1865.63000000,1821.25000000,1845.01000000,150121.62700000
2022-08-18T08:00:00Z,1845.01000000,1882.37000000,1834.62000000,1873.11000000,247901.23330000
2022-08-18T16:00:00Z,1873.12000000,1879.73000000,1838.00000000,1846.39000000,208231.16370000
2022-08-19T00:00:00Z,1846.39000000,1848.00000000,1723.00000000,1744.63000000,472916.02550000
2022-08-19T08:00:00Z,1744.63000000,1745.00000000,1675.30000000,1698.17000000,489370.91880000
2022-08-19T16:00:00Z,1698.17000000,1726.49000000,1602.37000000,1609.01000000,457540.00720000
2022-08-20T00:00:00Z,1609.00000000,1657.08000000,1607.89000000,1647.76000000,303289.56410000
2022-08-20T08:00:00Z,1647.75000000,1649.82000000,1617.99000000,1634.69000000,166255.98790000
2022-08-20T16:00:00Z,1634.70000000,1639.43000000,1523.67000000,1576.04000000,445070.37060000
2022-08-21T00:00:00Z,1576.03000000,1604.23000000,1562.34000000,1585.45000000,220694.57310000
2022-08-21T08:00:00Z,1585.45000000,1640.80000000,1584.87000000,1621.12000000,303911.86240000
2022-08-21T16:00:00Z,1621.11000000,1646.52000000,1580.60000000,1618.13000000,256056.17070000
2022-08-22T00:00:00Z,1618.13000000,1621.97000000,1551.59000000,1556.62000000,257258.00240000
2022-08-22T08:00:00Z,1556.62000000,1595.00000000,1529.92000000,1589.78000000,432331.32540000
2022-08-22T16:00:00Z,1589.77000000,1629.72000000,1549.25000000,1624.66000000,251603.56760000
2022-08-23T00:00:00Z,1624.65000000,1638.87000000,1563.76000000,1602.24000000,260187.82990000
2022-08-23T08:00:00Z,1602.24000000,1655.44000000,1588.08000000,1640.50000000,427862.11460000
2022-08-23T16:00:00Z,1640.50000000,1676.07000000,1623.81000000,1665.41000000,252196.98750000
2022-08-24T00:00:00Z,1665.40000000,1666.47000000,1604.92000000,1627.06000000,283821.68230000
2022-08-24T08:00:00Z,1627.06000000,1688.00000000,1626.14000000,1683.50000000,258480.72440000
2022-08-24T16:00:00Z,1683.49000000,1694.13000000,1651.82000000,1656.56000000,202365.20110000
2022-08-25T00:00:00Z,1656.56000000,1712.74000000,1653.68000000,1708.92000000,221741.01020000
2022-08-25T08:00:00Z,1708.92000000,1722.00000000,1688.44000000,1701.19000000,237045.44850000
2022-08-25T16:00:00Z,1701.20000000,1713.16000000,1682.13000000,1695.11000000,144304.25430000
2022-08-26T00:00:00Z,1695.11000000,1695.23000000,1641.67000000,1660.56000000,195357.47620000
2022-08-26T08:00:00Z,1660.56000000,1706.45000000,1585.21000000,1593.53000000,577618.92960000
2022-08-26T16:00:00Z,1593.53000000,1599.56000000,1486.85000000,1508.18000000,376936.42340000
2022-08-27T00:00:00Z,1508.18000000,1518.42000000,1469.19000000,1508.02000000,279279.96840000
2022-08-27T08:00:00Z,1508.02000000,1511.82000000,1453.85000000,1469.93000000,256697.44130000
2022-08-27T16:00:00Z,1469.92000000,1498.75000000,1447.52000000,1491.06000000,220159.26710000
2022-08-28T00:00:00Z,1491.06000000,1511.00000000,1475.27000000,1496.99000000,125946.45450000
2022-08-28T08:00:00Z,1496.99000000,1504.07000000,1458.99000000,1486.84000000,177730.01070000
2022-08-28T16:00:00Z,1486.84000000,1498.00000000,1424.00000000,1426.76000000,241169.98340000
2022-08-29T00:00:00Z,1426.76000000,1463.03000000,1422.08000000,1454.74000000,247086.66990000
2022-08-29T08:00:00Z,1454.74000000,1531.37000000,1442.00000000,1521.89000000,348587.97890000
2022-08-29T16:00:00Z,1521.88000000,1559.99000000,1519.97000000,1551.80000000,230577.43430000
2022-08-30T00:00:00Z,1551.79000000,1600.84000000,1523.56000000,1586.98000000,263295.14370000
2022-08-30T08:00:00Z,1586.98000000,1606.13000000,1509.61000000,1524.69000000,370298.40030000
2022-08-30T16:00:00Z,1524.68000000,1569.41000000,1473.61000000,1524.59000000,369481.47320000
2022-08-31T00:00:00Z,1524.59000000,1619.78000000,1524.59000000,1584.83000000,333094.61790000
2022-08-31T08:00:00Z,1584.82000000,1610.00000000,1535.38000000,1560.68000000,379269.32030000
2022-08-31T16:00:00Z,1560.68000000,1588.78000000,1528.00000000,1554.10000000,236863.73930000
2022-09-01T00:00:00Z,1554.11000000,1573.98000000,1531.08000000,1544.60000000,218945.75360000
2022-09-01T08:00:00Z,1544.59000000,1586.34000000,1512.77000000,1536.03000000,310695.13330000
2022-09-01T16:00:00Z,1536.02000000,1599.00000000,1523.60000000,1586.16000000,199069.59510000
2022-09-02T00:00:00Z,1586.17000000,1611.90000000,1567.15000000,1594.29000000,193815.78020000
2022-09-02T08:00:00Z,1594.28000000,1650.00000000,1580.00000000,1636.32000000,431970.65240000
2022-09-02T16:00:00Z,1636.33000000,1639.42000000,1546.41000000,1575.35000000,293223.22720000
2022-09-03T00:00:00Z,1575.35000000,1582.71000000,1534.28000000,1544.07000000,127585.22790000
2022-09-03T08:00:00Z,1544.07000000,1565.89000000,1540.00000000,1548.24000000,113517.09990000
2022-09-03T16:00:00Z,1548.24000000,1564.00000000,1535.63000000,1557.46000000,80294.89110000
2022-09-04T00:00:00Z,1557.45000000,1561.55000000,1543.56000000,1545.44000000,65425.71050000
2022-09-04T08:00:00Z,1545.44000000,1583.66000000,1540.66000000,1560.55000000,129846.09370000
2022-09-04T16:00:00Z,1560.55000000,1582.87000000,1555.67000000,1579.28000000,101319.31240000
2022-09-05T00:00:00Z,1579.29000000,1592.87000000,1556.56000000,1562.49000000,141141.94210000
2022-09-05T08:00:00Z,1562.50000000,1606.43000000,1557.93000000,1600.82000000,178853.07520000
2022-09-05T16:00:00Z,1600.82000000,1631.99000000,1576.37000000,1617.80000000,183497.91970000
2022-09-06T00:00:00Z,1617.80000000,1678.70000000,1615.27000000,1658.77000000,345403.86020000
2022-09-06T08:00:00Z,1658.76000000,1687.40000000,1633.31000000,1669.85000000,285730.00750000
2022-09-06T16:00:00Z,1669.85000000,1674.71000000,1555.00000000,1559.01000000,379588.99010000
2022-09-07T00:00:00Z,1559.01000000,1568.32000000,1490.66000000,1518.32000000,279155.40770000
2022-09-07T08:00:00Z,1518.31000000,1551.00000000,1500.00000000,1544.17000000,231676.39520000
2022-09-07T16:00:00Z,1544.18000000,1657.50000000,1536.43000000,1630.00000000,340159.62140000
2022-09-08T00:00:00Z,1630.00000000,1647.66000000,1595.06000000,1613.55000000,188967.52900000
2022-09-08T08:00:00Z,1613.54000000,1654.99000000,1597.88000000,1629.56000000,304081.11590000
2022-09-08T16:00:00Z,1629.57000000,1663.56000000,1609.00000000,1635.37000000,152075.36360000
2022-09-09T00:00:00Z,1635.37000000,1717.98000000,1630.51000000,1704.93000000,334405.86750000
2022-09-09T08:00:00Z,1704.93000000,1746.13000000,1684.40000000,1719.34000000,328089.18940000
2022-09-09T16:00:00Z,1719.34000000,1731.94000000,1696.00000000,1718.23000000,174963.15570000
2022-09-10T00:00:00Z,1718.24000000,1745.46000000,1706.03000000,1711.00000000,142088.81930000
2022-09-10T08:00:00Z,1711.00000000,1734.00000000,1709.50000000,1715.77000000,90780.75600000
2022-09-10T16:00:00Z,1715.76000000,1789.00000000,1709.49000000,1774.12000000,178176.67130000
2022-09-11T00:00:00Z,1774.12000000,1779.46000000,1743.67000000,1761.61000000,116540.64410000
2022-09-11T08:00:00Z,1761.60000000,1780.00000000,1753.37000000,1768.80000000,125585.95550000
2022-09-11T16:00:00Z,1768.80000000,1789.00000000,1720.10000000,1766.11000000,167161.12670000
2022-09-12T00:00:00Z,1766.12000000,1783.00000000,1711.75000000,1758.60000000,201839.61950000
2022-09-12T08:00:00Z,1758.61000000,1765.97000000,1695.37000000,1706.40000000,241867.12740000
2022-09-12T16:00:00Z,1706.38000000,1733.76000000,1693.00000000,1716.37000000,187067.85630000
2022-09-13T00:00:00Z,1716.37000000,1731.66000000,1675.10000000,1715.99000000,221076.56300000
2022-09-13T08:00:00Z,1715.99000000,1760.51000000,1572.91000000,1594.45000000,610552.81420000
2022-09-13T16:00:00Z,1594.44000000,1632.11000000,1560.54000000,1574.40000000,302920.34840000
2022-09-14T00:00:00Z,1574.40000000,1623.84000000,1552.38000000,1612.14000000,212138.70590000
2022-09-14T08:00:00Z,1612.15000000,1613.41000000,1583.20000000,1594.94000000,290947.37240000
2022-09-14T16:00:00Z,1594.94000000,1647.01000000,1560.00000000,1638.39000000,261476.46100000
2022-09-15T00:00:00Z,1638.40000000,1655.20000000,1571.50000000,1636.65000000,592518.74010000
2022-09-15T08:00:00Z,1636.65000000,1636.66000000,1458.00000000,1492.94000000,504927.02810000
2022-09-15T16:00:00Z,1492.95000000,1519.11000000,1459.14000000,1472.75000000,238054.03650000
2022-09-16T00:00:00Z,1472.76000000,1483.35000000,1446.70000000,1471.70000000,173635.89270000
2022-09-16T08:00:00Z,1471.70000000,1482.18000000,1424.28000000,1452.31000000,314772.79670000
2022-09-16T16:00:00Z,1452.31000000,1452.31000000,1405.52000000,1433.90000000,205188.55310000
2022-09-17T00:00:00Z,1433.90000000,1456.60000000,1425.00000000,1432.37000000,146713.85220000
2022-09-17T08:00:00Z,1432.37000000,1450.64000000,1409.12000000,1444.34000000,124710.30830000
2022-09-17T16:00:00Z,1444.34000000,1476.13000000,1442.34000000,1468.83000000,149967.21380000
2022-09-18T00:00:00Z,1468.82000000,1469.63000000,1446.66000000,1453.45000000,91266.25680000
2022-09-18T08:00:00Z,1453.45000000,1459.55000000,1410.10000000,1417.43000000,191223.98470000
2022-09-18T16:00:00Z,1417.44000000,1424.68000000,1325.55000000,1334.51000000,521623.22650000
2022-09-19T00:00:00Z,1334.51000000,1354.00000000,1280.00000000,1302.21000000,383185.61940000
2022-09-19T08:00:00Z,1302.22000000,1372.33000000,1289.41000000,1341.53000000,358382.33360000
2022-09-19T16:00:00Z,1341.52000000,1393.35000000,1321.84000000,1375.98000000,233287.24500000
2022-09-20T00:00:00Z,1375.98000000,1384.78000000,1342.24000000,1358.54000000,179625.61240000
2022-09-20T08:00:00Z,1358.55000000,1381.56000000,1329.01000000,1377.18000000,253558.51460000
2022-09-20T16:00:00Z,1377.17000000,1384.10000000,1312.71000000,1322.93000000,224843.01950000
2022-09-21T00:00:00Z,1322.94000000,1345.96000000,1316.12000000,1331.97000000,148609.05750000
2022-09-21T08:00:00Z,1331.98000000,1360.76000000,1323.14000000,1343.05000000,188463.55400000
2022-09-21T16:00:00Z,1343.06000000,1408.90000000,1220.00000000,1245.78000000,855194.12640000
2022-09-22T00:00:00Z,1245.79000000,1280.73000000,1237.32000000,1278.59000000,225333.73350000
2022-09-22T08:00:00Z,1278.59000000,1313.70000000,1256.69000000,1271.25000000,345003.27190000
2022-09-22T16:00:00Z,1271.24000000,1350.08000000,1252.12000000,1326.46000000,333945.26710000
2022-09-23T00:00:00Z,1326.47000000,1360.00000000,1314.42000000,1331.82000000,220077.33180000
2022-09-23T08:00:00Z,1331.82000000,1335.57000000,1262.15000000,1293.94000000,435075.66580000
2022-09-23T16:00:00Z,1293.95000000,1339.93000000,1274.32000000,1327.25000000,318899.36680000
2022-09-24T00:00:00Z,1327.24000000,1337.80000000,1311.36000000,1322.41000000,163546.64120000
2022-09-24T08:00:00Z,1322.40000000,1349.33000000,1317.03000000,1339.78000000,195130.13830000
2022-09-24T16:00:00Z,1339.77000000,1348.35000000,1306.52000000,1317.13000000,158880.57020000
2022-09-25T00:00:00Z,1317.13000000,1337.00000000,1314.40000000,1332.84000000,116525.63290000
2022-09-25T08:00:00Z,1332.83000000,1334.45000000,1298.15000000,1310.79000000,176239.10860000
2022-09-25T16:00:00Z,1310.78000000,1321.03000000,1269.27000000,1294.63000000,222769.09940000
2022-09-26T00:00:00Z,1294.62000000,1314.55000000,1277.85000000,1295.44000000,257977.88730000
2022-09-26T08:00:00Z,1295.43000000,1338.51000000,1289.32000000,1325.17000000,317086.74980000
2022-09-26T16:00:00Z,1325.18000000,1340.42000000,1311.27000000,1336.17000000,224101.79620000
2022-09-27T00:00:00Z,1336.17000000,1394.56000000,1332.28000000,1382.33000000,292952.45490000
2022-09-27T08:00:00Z,1382.34000000,1400.00000000,1364.62000000,1365.18000000,260756.67870000
2022-09-27T16:00:00Z,1365.19000000,1367.68000000,1303.75000000,1328.02000000,306875.76080000
2022-09-28T00:00:00Z,1328.01000000,1340.44000000,1266.52000000,1285.53000000,315583.23020000
2022-09-28T08:00:00Z,1285.52000000,1332.90000000,1253.20000000,1331.78000000,380350.07410000
2022-09-28T16:00:00Z,1331.78000000,1355.70000000,1310.54000000,1337.20000000,223381.60880000
2022-09-29T00:00:00Z,1337.20000000,1352.02000000,1313.55000000,1322.00000000,211025.23680000
2022-09-29T08:00:00Z,1321.99000000,1345.24000000,1288.52000000,1326.80000000,370547.65220000
2022-09-29T16:00:00Z,1326.81000000,1348.25000000,1314.64000000,1335.70000000,189018.80050000
2022-09-30T00:00:00Z,1335.69000000,1352.30000000,1320.12000000,1339.88000000,178764.80790000
2022-09-30T08:00:00Z,1339.89000000,1373.19000000,1313.35000000,1351.09000000,368584.61430000
2022-09-30T16:00:00Z,1351.09000000,1361.72000000,1316.41000000,1328.72000000,193404.18880000
2022-10-01T00:00:00Z,1328.71000000,1333.69000000,1323.28000000,1328.81000000,73651.78550000
2022-10-01T08:00:00Z,1328.81000000,1333.00000000,1317.24000000,1322.63000000,76506.50420000
2022-10-01T16:00:00Z,1322.62000000,1324.22000000,1302.68000000,1311.79000000,101923.61590000
2022-10-02T00:00:00Z,1311.79000000,1317.93000000,1305.23000000,1311.14000000,83834.46370000
2022-10-02T08:00:00Z,1311.14000000,1312.99000000,1280.63000000,1293.32000000,138821.19080000
2022-10-02T16:00:00Z,1293.33000000,1313.87000000,1270.00000000,1276.72000000,149084.38620000
2022-10-03T00:00:00Z,1276.72000000,1301.94000000,1263.04000000,1291.96000000,154428.74290000
2022-10-03T08:00:00Z,1291.96000000,1327.57000000,1286.25000000,1318.77000000,192157.87090000
2022-10-03T16:00:00Z,1318.76000000,1329.90000000,1309.38000000,1323.09000000,137188.62970000
2022-10-04T00:00:00Z,1323.10000000,1350.20000000,1318.66000000,1350.00000000,139575.96030000
2022-10-04T08:00:00Z,1349.99000000,1364.31000000,1342.01000000,1353.93000000,203148.77130000
2022-10-04T16:00:00Z,1353.93000000,1369.55000000,1338.12000000,1361.49000000,133482.93860000
2022-10-05T00:00:00Z,1361.50000000,1363.53000000,1348.37000000,1353.19000000,93344.64360000
2022-10-05T08:00:00Z,1353.18000000,1353.75000000,1316.29000000,1330.35000000,195023.88860000
2022-10-05T16:00:00Z,1330.35000000,1364.77000000,1327.26000000,1352.20000000,195140.24600000
2022-10-06T00:00:00Z,1352.20000000,1383.99000000,1351.50000000,1368.36000000,205075.56180000
2022-10-06T08:00:00Z,1368.37000000,1380.30000000,1348.69000000,1361.38000000,224902.76940000
2022-10-06T16:00:00Z,1361.37000000,1372.92000000,1345.01000000,1352.06000000,143996.99280000
2022-10-07T00:00:00Z,1352.07000000,1361.75000000,1346.01000000,1356.05000000,104552.55290000
2022-10-07T08:00:00Z,1356.04000000,1360.80000000,1324.50000000,1334.11000000,249270.14430000
2022-10-07T16:00:00Z,1334.12000000,1337.02000000,1317.26000000,1331.10000000,138177.18040000
2022-10-08T00:00:00Z,1331.10000000,1337.35000000,1326.05000000,1330.47000000,60421.03200000
2022-10-08T08:00:00Z,1330.48000000,1330.72000000,1318.00000000,1324.31000000,69947.82940000
2022-10-08T16:00:00Z,1324.30000000,1329.99000000,1303.51000000,1315.48000000,73022.79980000
2022-10-09T00:00:00Z,1315.48000000,1317.89000000,1307.26000000,1314.88000000,48928.92590000
2022-10-09T08:00:00Z,1314.89000000,1329.00000000,1313.44000000,1326.52000000,61322.05570000
2022-10-09T16:00:00Z,1326.52000000,1327.68000000,1310.00000000,1323.13000000,75950.93690000
2022-10-10T00:00:00Z,1323.13000000,1338.00000000,1312.16000000,1316.70000000,85878.24130000
2022-10-10T08:00:00Z,1316.70000000,1319.68000000,1296.36000000,1308.27000000,175439.31070000
2022-10-10T16:00:00Z,1308.26000000,1315.00000000,1288.00000000,1290.03000000,132345.45940000
2022-10-11T00:00:00Z,1290.03000000,1290.03000000,1267.01000000,1284.19000000,166363.20990000
2022-10-11T08:00:00Z,1284.19000000,1297.68000000,1268.85000000,1293.56000000,157103.03730000
2022-10-11T16:00:00Z,1293.56000000,1298.00000000,1273.80000000,1280.11000000,105964.14690000
2022-10-12T00:00:00Z,1280.11000000,1301.74000000,1275.25000000,1293.88000000,98576.96630000
2022-10-12T08:00:00Z,1293.88000000,1306.87000000,1285.51000000,1299.24000000,162691.15080000
2022-10-12T16:00:00Z,1299.23000000,1302.97000000,1287.53000000,1294.44000000,108444.45880000
2022-10-13T00:00:00Z,1294.44000000,1299.15000000,1271.64000000,1277.43000000,122486.52870000
2022-10-13T08:00:00Z,1277.44000000,1280.49000000,1190.00000000,1256.90000000,591893.34550000
2022-10-13T16:00:00Z,1256.90000000,1301.58000000,1251.23000000,1287.08000000,231238.44210000
2022-10-14T00:00:00Z,1287.08000000,1342.00000000,1283.39000000,1321.74000000,238444.09630000
2022-10-14T08:00:00Z,1321.75000000,1343.12000000,1305.89000000,1310.04000000,277479.44580000
2022-10-14T16:00:00Z,1310.04000000,1313.22000000,1290.00000000,1296.27000000,153819.26720000
2022-10-15T00:00:00Z,1296.26000000,1301.69000000,1290.54000000,1294.99000000,69863.80190000
2022-10-15T08:00:00Z,1294.99000000,1295.24000000,1277.01000000,1286.08000000,112246.71710000
2022-10-15T16:00:00Z,1286.09000000,1289.92000000,1263.64000000,1274.92000000,104990.43390000
2022-10-16T00:00:00Z,1274.93000000,1288.99000000,1274.67000000,1283.24000000,60779.36060000
2022-10-16T08:00:00Z,1283.24000000,1290.27000000,1279.30000000,1286.35000000,76595.20560000
2022-10-16T16:00:00Z,1286.36000000,1315.35000000,1281.57000000,1305.95000000,155946.79700000
2022-10-17T00:00:00Z,1305.96000000,1314.60000000,1295.64000000,1312.22000000,104926.41970000
2022-10-17T08:00:00Z,1312.22000000,1337.67000000,1307.52000000,1329.18000000,217176.71790000
2022-10-17T16:00:00Z,1329.18000000,1338.57000000,1315.31000000,1331.40000000,137745.35650000
2022-10-18T00:00:00Z,1331.39000000,1341.73000000,1327.60000000,1336.74000000,150199.00620000
2022-10-18T08:00:00Z,1336.74000000,1337.25000000,1298.08000000,1307.61000000,249108.31050000
2022-10-18T16:00:00Z,1307.62000000,1320.00000000,1286.72000000,1310.71000000,173421.60220000
2022-10-19T00:00:00Z,1310.71000000,1313.50000000,1291.93000000,1299.77000000,116899.24000000
2022-10-19T08:00:00Z,1299.77000000,1308.39000000,1290.00000000,1304.76000000,139930.61490000
2022-10-19T16:00:00Z,1304.76000000,1305.48000000,1280.31000000,1285.09000000,111807.65560000
2022-10-20T00:00:00Z,1285.09000000,1296.07000000,1270.36000000,1292.43000000,138317.30340000
2022-10-20T08:00:00Z,1292.42000000,1310.87000000,1289.47000000,1299.83000000,154390.81160000
2022-10-20T16:00:00Z,1299.84000000,1299.84000000,1271.96000000,1282.57000000,135823.49530000
2022-10-21T00:00:00Z,1282.57000000,1292.50000000,1278.81000000,1284.59000000,82911.06550000
2022-10-21T08:00:00Z,1284.60000000,1297.91000000,1252.65000000,1297.47000000,265809.29210000
2022-10-21T16:00:00Z,1297.46000000,1306.97000000,1294.84000000,1299.75000000,119356.44100000
2022-10-22T00:00:00Z,1299.76000000,1304.68000000,1294.32000000,1299.69000000,50426.73460000
2022-10-22T08:00:00Z,1299.69000000,1318.97000000,1299.57000000,1316.38000000,108242.84450000
2022-10-22T16:00:00Z,1316.38000000,1320.20000000,1306.72000000,1313.61000000,63107.12160000
2022-10-23T00:00:00Z,1313.62000000,1314.81000000,1304.63000000,1309.57000000,53560.20770000
2022-10-23T08:00:00Z,1309.57000000,1316.50000000,1299.44000000,1313.60000000,102677.22080000
2022-10-23T16:00:00Z,1313.60000000,1371.55000000,1311.19000000,1364.20000000,276032.03150000
2022-10-24T00:00:00Z,1364.19000000,1370.60000000,1332.33000000,1336.80000000,229002.83160000
2022-10-24T08:00:00Z,1336.79000000,1354.50000000,1324.17000000,1341.62000000,263573.01080000
2022-10-24T16:00:00Z,1341.63000000,1359.43000000,1330.72000000,1343.61000000,119254.95460000
2022-10-25T00:00:00Z,1343.61000000,1351.81000000,1334.94000000,1347.18000000,94158.45540000
2022-10-25T08:00:00Z,1347.19000000,1418.72000000,1339.22000000,1408.30000000,369917.25060000
2022-10-25T16:00:00Z,1408.29000000,1525.16000000,1405.09000000,1459.74000000,663857.19520000
2022-10-26T00:00:00Z,1459.74000000,1524.50000000,1457.44000000,1515.65000000,327323.05780000
2022-10-26T08:00:00Z,1515.59000000,1594.99000000,1508.56000000,1567.54000000,585208.96660000
2022-10-26T16:00:00Z,1567.54000000,1584.62000000,1541.27000000,1566.10000000,323512.67790000
2022-10-27T00:00:00Z,1566.11000000,1577.62000000,1532.06000000,1556.53000000,204627.23910000
2022-10-27T08:00:00Z,1556.53000000,1578.58000000,1533.96000000,1544.21000000,365628.75560000
2022-10-27T16:00:00Z,1544.22000000,1565.73000000,1503.20000000,1514.05000000,299198.49040000
2022-10-28T00:00:00Z,1514.04000000,1525.32000000,1488.40000000,1493.67000000,298550.72910000
2022-10-28T08:00:00Z,1493.68000000,1549.94000000,1479.82000000,1537.87000000,339972.25400000
2022-10-28T16:00:00Z,1537.87000000,1574.90000000,1533.63000000,1554.41000000,220431.45940000
2022-10-29T00:00:00Z,1554.40000000,1604.90000000,1547.66000000,1594.77000000,216172.65160000
2022-10-29T08:00:00Z,1594.78000000,1652.11000000,1590.66000000,1632.40000000,434001.92920000
2022-10-29T16:00:00Z,1632.41000000,1663.06000000,1604.02000000,1619.55000000,263986.50380000
2022-10-30T00:00:00Z,1619.55000000,1640.06000000,1605.74000000,1629.06000000,128854.01040000
2022-10-30T08:00:00Z,1629.05000000,1630.00000000,1578.45000000,1587.22000000,212458.32420000
2022-10-30T16:00:00Z,1587.21000000,1598.46000000,1576.56000000,1590.44000000,134724.08970000
2022-10-31T00:00:00Z,1590.45000000,1596.69000000,1561.52000000,1591.17000000,193940.02540000
2022-10-31T08:00:00Z,1591.16000000,1635.80000000,1545.43000000,1569.44000000,418556.38970000
2022-10-31T16:00:00Z,1569.43000000,1583.89000000,1550.54000000,1572.69000000,197837.82630000
2022-11-01T00:00:00Z,1572.69000000,1604.73000000,1568.80000000,1591.11000000,160813.40060000
2022-11-01T08:00:00Z,1591.12000000,1612.92000000,1563.69000000,1574.28000000,264020.85440000
2022-11-01T16:00:00Z,1574.29000000,1586.79000000,1568.43000000,1578.48000000,102705.04150000
2022-11-02T00:00:00Z,1578.47000000,1600.20000000,1554.09000000,1564.76000000,220028.13900000
2022-11-02T08:00:00Z,1564.76000000,1578.67000000,1536.25000000,1558.50000000,186757.78750000
2022-11-02T16:00:00Z,1558.51000000,1621.68000000,1502.32000000,1518.34000000,574609.43830000
2022-11-03T00:00:00Z,1518.33000000,1559.01000000,1515.17000000,1544.04000000,183392.22730000
2022-11-03T08:00:00Z,1544.04000000,1556.74000000,1522.05000000,1542.46000000,260728.04680000
2022-11-03T16:00:00Z,1542.47000000,1549.14000000,1524.11000000,1531.01000000,116082.60720000
2022-11-04T00:00:00Z,1531.01000000,1588.19000000,1528.40000000,1587.43000000,190607.41380000
2022-11-04T08:00:00Z,1587.43000000,1680.00000000,1556.20000000,1624.97000000,486363.86940000
2022-11-04T16:00:00Z,1624.97000000,1654.77000000,1607.80000000,1644.78000000,258560.19490000
2022-11-05T00:00:00Z,1644.78000000,1666.97000000,1635.15000000,1651.36000000,138491.62300000
2022-11-05T08:00:00Z,1651.37000000,1651.90000000,1623.53000000,1635.87000000,122135.92470000
2022-11-05T16:00:00Z,1635.87000000,1642.91000000,1621.42000000,1626.98000000,90757.98850000
2022-11-06T00:00:00Z,1626.98000000,1633.51000000,1612.30000000,1622.88000000,92931.80420000
2022-11-06T08:00:00Z,1622.88000000,1639.02000000,1608.84000000,1623.77000000,111654.19070000
2022-11-06T16:00:00Z,1623.77000000,1625.93000000,1564.39000000,1568.29000000,210277.95760000
2022-11-07T00:00:00Z,1568.25000000,1595.30000000,1546.30000000,1550.01000000,221062.02880000
2022-11-07T08:00:00Z,1550.00000000,1592.93000000,1546.29000000,1592.03000000,211909.00360000
2022-11-07T16:00:00Z,1592.02000000,1608.04000000,1545.03000000,1568.10000000,209438.41700000
2022-11-08T00:00:00Z,1568.09000000,1576.79000000,1431.82000000,1492.00000000,617724.79280000
2022-11-08T08:00:00Z,1492.00000000,1494.49000000,1422.94000000,1462.48000000,447432.34010000
2022-11-08T16:00:00Z,1462.48000000,1579.98000000,1233.00000000,1334.77000000,1274759.37600000
2022-11-09T00:00:00Z,1334.78000000,1337.16000000,1266.43000000,1274.35000000,513794.14530000
2022-11-09T08:00:00Z,1274.36000000,1276.59000000,1136.13000000,1163.02000000,1237549.66240000
2022-11-09T16:00:00Z,1163.02000000,1206.00000000,1073.53000000,1102.73000000,743454.12800000
2022-11-10T00:00:00Z,1102.73000000,1206.13000000,1085.93000000,1189.72000000,588230.75380000
2022-11-10T08:00:00Z,1189.54000000,1350.00000000,1175.13000000,1321.61000000,920765.03320000
2022-11-10T16:00:00Z,1321.64000000,1350.00000000,1247.40000000,1299.28000000,466959.88970000
2022-11-11T00:00:00Z,1299.28000000,1309.29000000,1221.08000000,1278.33000000,426294.22310000
2022-11-11T08:00:00Z,1278.34000000,1310.00000000,1201.26000000,1260.18000000,562069.73680000
2022-11-11T16:00:00Z,1260.18000000,1295.00000000,1233.24000000,1289.28000000,319723.18990000
2022-11-12T00:00:00Z,1289.35000000,1292.16000000,1238.70000000,1266.39000000,271717.93840000
2022-11-12T08:00:00Z,1266.39000000,1285.52000000,1250.00000000,1274.80000000,182381.93100000
2022-11-12T16:00:00Z,1274.81000000,1278.88000000,1247.31000000,1257.25000000,93673.04780000
2022-11-13T00:00:00Z,1257.25000000,1274.23000000,1230.33000000,1250.93000000,155595.89410000
2022-11-13T08:00:00Z,1250.94000000,1253.22000000,1212.00000000,1231.36000000,206989.43370000
2022-11-13T16:00:00Z,1231.36000000,1237.34000000,1200.66000000,1221.49000000,184825.20260000
2022-11-14T00:00:00Z,1221.50000000,1262.00000000,1171.13000000,1260.07000000,358785.47820000
2022-11-14T08:00:00Z,1260.06000000,1291.20000000,1235.00000000,1245.32000000,369387.61890000
2022-11-14T16:00:00Z,1245.32000000,1249.97000000,1210.03000000,1243.28000000,206568.90880000
2022-11-15T00:00:00Z,1243.29000000,1273.89000000,1236.15000000,1266.33000000,186808.36250000
2022-11-15T08:00:00Z,1266.33000000,1291.00000000,1255.00000000,1264.36000000,250554.03720000
2022-11-15T16:00:00Z,1264.36000000,1274.25000000,1234.01000000,1253.23000000,195463.16830000
2022-11-16T00:00:00Z,1253.22000000,1268.67000000,1243.00000000,1245.56000000,169830.08530000
2022-11-16T08:00:00Z,1245.55000000,1254.25000000,1187.06000000,1192.29000000,355037.91100000
2022-11-16T16:00:00Z,1192.28000000,1221.73000000,1187.27000000,1216.17000000,148471.72520000
2022-11-17T00:00:00Z,1216.16000000,1228.22000000,1193.07000000,1204.88000000,191173.14680000
2022-11-17T08:00:00Z,1204.88000000,1217.89000000,1181.05000000,1192.80000000,214372.44790000
2022-11-17T16:00:00Z,1192.80000000,1217.33000000,1189.00000000,1200.43000000,124991.75410000
2022-11-18T00:00:00Z,1200.42000000,1234.00000000,1199.18000000,1214.65000000,151451.90990000
2022-11-18T08:00:00Z,1214.65000000,1227.81000000,1205.05000000,1211.13000000,120157.73010000
2022-11-18T16:00:00Z,1211.14000000,1214.97000000,1200.36000000,1212.58000000,88608.89370000
2022-11-19T00:00:00Z,1212.58000000,1213.48000000,1197.67000000,1206.81000000,73802.16230000
2022-11-19T08:00:00Z,1206.81000000,1212.41000000,1204.16000000,1209.58000000,53361.55750000
2022-11-19T16:00:00Z,1209.58000000,1235.00000000,1206.95000000,1217.67000000,82625.86900000
2022-11-20T00:00:00Z,1217.67000000,1227.07000000,1215.33000000,1220.39000000,60456.34980000
2022-11-20T08:00:00Z,1220.38000000,1220.65000000,1153.00000000,1177.13000000,274994.62580000
2022-11-20T16:00:00Z,1177.12000000,1190.00000000,1132.65000000,1142.21000000,195657.78510000
2022-11-21T00:00:00Z,1142.21000000,1144.12000000,1111.11000000,1123.48000000,254958.56790000
2022-11-21T08:00:00Z,1123.49000000,1146.99000000,1105.65000000,1130.33000000,290858.05970000
2022-11-21T16:00:00Z,1130.34000000,1133.10000000,1079.76000000,1107.34000000,376831.31780000
2022-11-22T00:00:00Z,1107.34000000,1117.29000000,1079.54000000,1093.31000000,212223.46110000
2022-11-22T08:00:00Z,1093.31000000,1143.96000000,1075.00000000,1135.37000000,364825.05920000
2022-11-22T16:00:00Z,1135.36000000,1146.13000000,1114.27000000,1139.60000000,171836.05880000
2022-11-23T00:00:00Z,1139.59000000,1171.45000000,1127.75000000,1166.71000000,233562.04410000
2022-11-23T08:00:00Z,1166.71000000,1184.25000000,1153.67000000,1161.28000000,208932.00500000
2022-11-23T16:00:00Z,1161.28000000,1190.00000000,1150.60000000,1184.52000000,194433.11030000
2022-11-24T00:00:00Z,1184.52000000,1217.71000000,1180.60000000,1206.72000000,235325.23710000
2022-11-24T08:00:00Z,1206.72000000,1208.35000000,1185.96000000,1195.24000000,140492.58100000
2022-11-24T16:00:00Z,1195.24000000,1208.22000000,1192.69000000,1203.73000000,110262.79420000
2022-11-25T00:00:00Z,1203.72000000,1204.98000000,1171.20000000,1185.01000000,155259.59090000
2022-11-25T08:00:00Z,1185.01000000,1200.12000000,1175.60000000,1189.80000000,145716.09430000
2022-11-25T16:00:00Z,1189.80000000,1207.77000000,1183.00000000,1199.30000000,90454.48060000
2022-11-26T00:00:00Z,1199.29000000,1228.67000000,1196.81000000,1218.97000000,163675.07570000
2022-11-26T08:00:00Z,1218.96000000,1235.66000000,1206.27000000,1210.90000000,131442.57010000
2022-11-26T16:00:00Z,1210.90000000,1215.48000000,1196.20000000,1205.60000000,84723.16580000
2022-11-27T00:00:00Z,1205.61000000,1223.33000000,1204.31000000,1216.90000000,80602.39500000
2022-11-27T08:00:00Z,1216.90000000,1220.99000000,1207.47000000,1217.92000000,99015.63930000
2022-11-27T16:00:00Z,1217.91000000,1220.80000000,1188.65000000,1193.88000000,106768.76430000
2022-11-28T00:00:00Z,1193.88000000,1199.25000000,1158.12000000,1174.03000000,221641.43730000
2022-11-28T08:00:00Z,1174.02000000,1182.71000000,1155.00000000,1163.49000000,139006.06310000
2022-11-28T16:00:00Z,1163.50000000,1184.98000000,1151.02000000,1167.77000000,118148.10890000
2022-11-29T00:00:00Z,1167.77000000,1215.00000000,1158.27000000,1207.08000000,187337.72850000
2022-11-29T08:00:00Z,1207.08000000,1223.00000000,1202.96000000,1208.72000000,198104.95700000
2022-11-29T16:00:00Z,1208.72000000,1228.37000000,1202.97000000,1216.49000000,126700.90060000
2022-11-30T00:00:00Z,1216.49000000,1283.47000000,1212.50000000,1272.62000000,313081.86620000
2022-11-30T08:00:00Z,1272.62000000,1277.34000000,1255.10000000,1267.40000000,165136.75810000
2022-11-30T16:00:00Z,1267.39000000,1309.77000000,1258.57000000,1294.46000000,337460.64740000
2022-12-01T00:00:00Z,1294.46000000,1295.88000000,1276.13000000,1278.76000000,132110.91370000
2022-12-01T08:00:00Z,1278.76000000,1299.90000000,1262.77000000,1271.54000000,221257.09100000
2022-12-01T16:00:00Z,1271.54000000,1283.94000000,1265.52000000,1276.41000000,76650.73440000
2022-12-02T00:00:00Z,1276.40000000,1284.75000000,1265.24000000,1275.68000000,102662.56320000
2022-12-02T08:00:00Z,1275.68000000,1297.18000000,1268.00000000,1278.96000000,191524.22870000
2022-12-02T16:00:00Z,1278.97000000,1296.97000000,1274.29000000,1295.59000000,77372.79310000
2022-12-03T00:00:00Z,1295.58000000,1309.00000000,1273.36000000,1276.08000000,125676.50920000
2022-12-03T08:00:00Z,1276.08000000,1277.15000000,1260.54000000,1271.04000000,108357.14680000
2022-12-03T16:00:00Z,1271.04000000,1271.48000000,1236.26000000,1240.51000000,113114.60280000
2022-12-04T00:00:00Z,1240.50000000,1267.35000000,1240.10000000,1257.03000000,110090.79390000
2022-12-04T08:00:00Z,1257.02000000,1263.65000000,1249.65000000,1259.83000000,90990.03010000
2022-12-04T16:00:00Z,1259.84000000,1287.19000000,1256.65000000,1279.41000000,123048.72260000
2022-12-05T00:00:00Z,1279.40000000,1304.77000000,1276.68000000,1297.08000000,134010.98090000
2022-12-05T08:00:00Z,1297.09000000,1305.11000000,1259.19000000,1266.59000000,142746.24700000
2022-12-05T16:00:00Z,1266.59000000,1270.24000000,1246.61000000,1259.41000000,114871.28870000
2022-12-06T00:00:00Z,1259.41000000,1270.08000000,1254.40000000,1260.39000000,71197.07630000
2022-12-06T08:00:00Z,1260.39000000,1264.97000000,1242.00000000,1254.40000000,125366.08830000
2022-12-06T16:00:00Z,1254.39000000,1274.76000000,1241.56000000,1271.32000000,105068.67440000
2022-12-07T00:00:00Z,1271.31000000,1278.69000000,1219.00000000,1224.63000000,156668.25320000
2022-12-07T08:00:00Z,1224.63000000,1239.94000000,1218.01000000,1233.85000000,163043.39580000
2022-12-07T16:00:00Z,1233.85000000,1237.48000000,1222.10000000,1231.18000000,78847.86760000
2022-12-08T00:00:00Z,1231.18000000,1238.93000000,1222.01000000,1232.73000000,86740.19750000
2022-12-08T08:00:00Z,1232.73000000,1253.65000000,1228.20000000,1249.91000000,139001.99470000
2022-12-08T16:00:00Z,1249.91000000,1292.58000000,1248.71000000,1280.18000000,180911.35250000
2022-12-09T00:00:00Z,1280.18000000,1290.91000000,1273.13000000,1282.43000000,127045.54070000
2022-12-09T08:00:00Z,1282.44000000,1296.64000000,1250.00000000,1277.60000000,190992.61360000
2022-12-09T16:00:00Z,1277.60000000,1278.00000000,1255.83000000,1263.10000000,87969.84890000
2022-12-10T00:00:00Z,1263.11000000,1268.60000000,1261.52000000,1264.57000000,43217.60300000
2022-12-10T08:00:00Z,1264.58000000,1279.26000000,1259.60000000,1278.26000000,73408.88010000
2022-12-10T16:00:00Z,1278.26000000,1283.61000000,1261.95000000,1266.35000000,65652.15650000
2022-12-11T00:00:00Z,1266.35000000,1278.13000000,1265.40000000,1276.49000000,44656.17920000
2022-12-11T08:00:00Z,1276.49000000,1277.17000000,1269.10000000,1273.38000000,39658.04250000
2022-12-11T16:00:00Z,1273.38000000,1284.75000000,1255.85000000,1263.01000000,96180.68030000
2022-12-12T00:00:00Z,1263.00000000,1263.01000000,1240.03000000,1246.46000000,136370.11910000
2022-12-12T08:00:00Z,1246.45000000,1257.29000000,1242.02000000,1249.35000000,109830.22660000
2022-12-12T16:00:00Z,1249.34000000,1278.90000000,1248.72000000,1275.40000000,117550.20240000
2022-12-13T00:00:00Z,1275.41000000,1278.47000000,1255.10000000,1266.41000000,117365.97520000
2022-12-13T08:00:00Z,1266.42000000,1349.00000000,1264.01000000,1323.78000000,408163.46840000
2022-12-13T16:00:00Z,1323.78000000,1328.93000000,1305.17000000,1320.69000000,133864.43890000
2022-12-14T00:00:00Z,1320.69000000,1327.00000000,1315.72000000,1322.50000000,81175.00620000
2022-12-14T08:00:00Z,1322.51000000,1344.51000000,1319.32000000,1338.32000000,160994.35770000
2022-12-14T16:00:00Z,1338.31000000,1352.72000000,1301.00000000,1307.44000000,312296.20780000
2022-12-15T00:00:00Z,1307.45000000,1311.14000000,1281.12000000,1287.27000000,123129.39940000
2022-12-15T08:00:00Z,1287.26000000,1291.35000000,1263.44000000,1270.32000000,154040.69380000
2022-12-15T16:00:00Z,1270.31000000,1276.07000000,1259.27000000,1266.54000000,112881.15150000
2022-12-16T00:00:00Z,1266.53000000,1280.06000000,1265.65000000,1277.77000000,62708.96210000
2022-12-16T08:00:00Z,1277.77000000,1279.27000000,1195.04000000,1203.63000000,363227.81060000
2022-12-16T16:00:00Z,1203.64000000,1211.99000000,1155.32000000,1166.83000000,325485.50520000
2022-12-17T00:00:00Z,1166.82000000,1185.46000000,1161.92000000,1183.72000000,164039.93000000
2022-12-17T08:00:00Z,1183.71000000,1188.62000000,1173.89000000,1180.09000000,95476.74430000
2022-12-17T16:00:00Z,1180.09000000,1190.03000000,1171.36000000,1187.16000000,69364.95380000
2022-12-18T00:00:00Z,1187.16000000,1199.54000000,1180.32000000,1186.89000000,76107.98340000
2022-12-18T08:00:00Z,1186.89000000,1188.40000000,1170.32000000,1174.39000000,91732.69270000
2022-12-18T16:00:00Z,1174.39000000,1194.50000000,1173.76000000,1183.06000000,84419.46790000
2022-12-19T00:00:00Z,1183.06000000,1195.00000000,1174.00000000,1179.86000000,80130.90260000
2022-12-19T08:00:00Z,1179.86000000,1189.54000000,1177.56000000,1179.79000000,75285.10800000
2022-12-19T16:00:00Z,1179.80000000,1182.21000000,1150.51000000,1167.82000000,141416.71220000
2022-12-20T00:00:00Z,1167.82000000,1215.28000000,1163.12000000,1208.31000000,195444.03310000
2022-12-20T08:00:00Z,1208.31000000,1230.47000000,1204.16000000,1217.04000000,173491.52990000
2022-12-20T16:00:00Z,1217.05000000,1221.00000000,1198.20000000,1216.94000000,96248.63130000
2022-12-21T00:00:00Z,1216.95000000,1218.96000000,1203.02000000,1210.93000000,86721.54190000
2022-12-21T08:00:00Z,1210.93000000,1223.39000000,1205.16000000,1215.60000000,96220.40740000
2022-12-21T16:00:00Z,1215.60000000,1216.11000000,1206.42000000,1213.78000000,62781.88840000
2022-12-22T00:00:00Z,1213.78000000,1218.21000000,1209.52000000,1213.86000000,53131.97820000
2022-12-22T08:00:00Z,1213.86000000,1221.63000000,1184.21000000,1186.59000000,151510.49180000
2022-12-22T16:00:00Z,1186.58000000,1237.99000000,1182.54000000,1217.71000000,132119.18980000
2022-12-23T00:00:00Z,1217.72000000,1229.35000000,1214.74000000,1221.84000000,70735.97720000
2022-12-23T08:00:00Z,1221.84000000,1231.99000000,1210.00000000,1219.15000000,160783.41330000
2022-12-23T16:00:00Z,1219.15000000,1222.49000000,1216.04000000,1219.99000000,47084.89770000
2022-12-24T00:00:00Z,1219.98000000,1221.20000000,1214.69000000,1220.44000000,37822.80720000
2022-12-24T08:00:00Z,1220.45000000,1221.01000000,1216.79000000,1219.15000000,35232.18030000
2022-12-24T16:00:00Z,1219.14000000,1227.99000000,1217.63000000,1220.41000000,50646.54260000
2022-12-25T00:00:00Z,1220.42000000,1224.31000000,1215.69000000,1219.80000000,30176.69710000
2022-12-25T08:00:00Z,1219.81000000,1222.34000000,1193.18000000,1210.91000000,98161.27480000
2022-12-25T16:00:00Z,1210.91000000,1225.00000000,1195.22000000,1218.51000000,103314.08930000
2022-12-26T00:00:00Z,1218.52000000,1224.20000000,1216.81000000,1220.69000000,48283.91580000
2022-12-26T08:00:00Z,1220.68000000,1223.06000000,1211.67000000,1215.37000000,56900.09170000
2022-12-26T16:00:00Z,1215.38000000,1231.09000000,1212.79000000,1228.11000000,57539.07820000
2022-12-27T00:00:00Z,1228.12000000,1233.73000000,1220.66000000,1222.16000000,65751.55260000
2022-12-27T08:00:00Z,1222.16000000,1223.51000000,1205.25000000,1211.22000000,118731.45870000
2022-12-27T16:00:00Z,1211.22000000,1214.41000000,1200.58000000,1211.55000000,77954.62850000
2022-12-28T00:00:00Z,1211.55000000,1215.78000000,1186.69000000,1194.59000000,125241.39790000
2022-12-28T08:00:00Z,1194.58000000,1208.15000000,1186.32000000,1189.24000000,128324.95860000
2022-12-28T16:00:00Z,1189.23000000,1201.01000000,1181.06000000,1190.15000000,114262.53490000
2022-12-29T00:00:00Z,1190.15000000,1199.00000000,1186.77000000,1194.97000000,76301.68590000
2022-12-29T08:00:00Z,1194.96000000,1206.57000000,1190.19000000,1201.17000000,92981.18800000
2022-12-29T16:00:00Z,1201.18000000,1204.18000000,1191.48000000,1200.49000000,79847.61300000
2022-12-30T00:00:00Z,1200.48000000,1202.15000000,1184.59000000,1188.26000000,94103.02580000
2022-12-30T08:00:00Z,1188.26000000,1198.71000000,1181.08000000,1195.07000000,108302.52240000
2022-12-30T16:00:00Z,1195.07000000,1201.63000000,1192.77000000,1199.99000000,63608.66330000
2022-12-31T00:00:00Z,1199.98000000,1200.49000000,1191.66000000,1196.84000000,33686.35530000
2022-12-31T08:00:00Z,1196.84000000,1208.46000000,1195.55000000,1202.86000000,60175.77920000
2022-12-31T16:00:00Z,1202.85000000,1205.61000000,1193.08000000,1196.13000000,45517.14660000
2023-01-01T00:00:00Z,1196.13000000,1196.74000000,1190.57000000,1195.06000000,38946.51960000
2023-01-01T08:00:00Z,1195.07000000,1198.50000000,1193.54000000,1196.81000000,26240.04240000
2023-01-01T16:00:00Z,1196.81000000,1204.67000000,1195.88000000,1200.34000000,52575.50650000
2023-01-02T00:00:00Z,1200.33000000,1220.00000000,1193.00000000,1213.09000000,98162.77000000
2023-01-02T08:00:00Z,1213.08000000,1224.29000000,1212.74000000,1219.00000000,103213.33460000
2023-01-02T16:00:00Z,1219.00000000,1223.85000000,1211.22000000,1214.00000000,51418.03540000
2023-01-03T00:00:00Z,1213.99000000,1219.89000000,1211.50000000,1216.61000000,46277.72880000
2023-01-03T08:00:00Z,1216.61000000,1219.24000000,1206.00000000,1211.76000000,88204.40520000
2023-01-03T16:00:00Z,1211.77000000,1216.39000000,1204.93000000,1214.55000000,71037.36040000
2023-01-04T00:00:00Z,1214.56000000,1254.96000000,1212.71000000,1252.00000000,208274.46200000
2023-01-04T08:00:00Z,1252.00000000,1264.00000000,1241.89000000,1255.88000000,118831.85010000
2023-01-04T16:00:00Z,1255.89000000,1272.60000000,1245.44000000,1256.90000000,130693.35270000
2023-01-05T00:00:00Z,1256.91000000,1259.95000000,1247.48000000,1251.03000000,83822.47960000
2023-01-05T08:00:00Z,1251.03000000,1256.14000000,1242.81000000,1249.11000000,125707.17180000
2023-01-05T16:00:00Z,1249.11000000,1254.98000000,1246.71000000,1251.24000000,63275.67860000
2023-01-06T00:00:00Z,1251.25000000,1257.98000000,1246.00000000,1247.70000000,72652.06000000
2023-01-06T08:00:00Z,1247.69000000,1265.00000000,1236.00000000,1263.01000000,158193.76990000
2023-01-06T16:00:00Z,1263.01000000,1276.70000000,1260.22000000,1269.14000000,111498.37240000
2023-01-07T00:00:00Z,1269.13000000,1271.09000000,1262.24000000,1266.80000000,40200.86900000
2023-01-07T08:00:00Z,1266.80000000,1267.11000000,1261.30000000,1265.07000000,40937.97150000
2023-01-07T16:00:00Z,1265.07000000,1266.61000000,1261.87000000,1264.07000000,48335.44790000
2023-01-08T00:00:00Z,1264.06000000,1264.61000000,1257.77000000,1263.64000000,40408.68800000
2023-01-08T08:00:00Z,1263.65000000,1275.54000000,1261.27000000,1274.25000000,52089.15090000
2023-01-08T16:00:00Z,1274.25000000,1296.00000000,1261.91000000,1290.16000000,121138.94590000
2023-01-09T00:00:00Z,1290.15000000,1314.73000000,1285.44000000,1311.92000000,212963.36920000
2023-01-09T08:00:00Z,1311.93000000,1341.86000000,1308.34000000,1335.68000000,207322.50280000
2023-01-09T16:00:00Z,1335.69000000,1344.91000000,1315.08000000,1320.39000000,161441.82480000
2023-01-10T00:00:00Z,1320.40000000,1329.45000000,1316.80000000,1323.23000000,156887.39030000
2023-01-10T08:00:00Z,1323.22000000,1340.90000000,1321.70000000,1333.97000000,143793.12190000
2023-01-10T16:00:00Z,1333.97000000,1347.69000000,1328.00000000,1335.62000000,158979.71850000
2023-01-11T00:00:00Z,1335.63000000,1341.50000000,1327.19000000,1335.52000000,101829.70530000
2023-01-11T08:00:00Z,1335.53000000,1338.20000000,1321.04000000,1323.04000000,100854.65450000
2023-01-11T16:00:00Z,1323.05000000,1398.00000000,1321.86000000,1389.39000000,269781.59580000
2023-01-12T00:00:00Z,1389.40000000,1418.77000000,1386.00000000,1398.45000000,267695.43920000
2023-01-12T08:00:00Z,1398.44000000,1408.00000000,1361.92000000,1386.07000000,335444.61750000
2023-01-12T16:00:00Z,1386.07000000,1438.00000000,1383.25000000,1415.92000000,274572.39250000
2023-01-13T00:00:00Z,1415.91000000,1418.14000000,1401.03000000,1408.12000000,114012.81930000
2023-01-13T08:00:00Z,1408.11000000,1424.48000000,1401.61000000,1421.98000000,153626.36130000
2023-01-13T16:00:00Z,1421.98000000,1464.00000000,1406.96000000,1451.20000000,231738.68430000
2023-01-14T00:00:00Z,1451.21000000,1599.98000000,1449.14000000,1553.43000000,460906.11530000
2023-01-14T08:00:00Z,1553.43000000,1564.69000000,1503.34000000,1525.18000000,353600.97600000
2023-01-14T16:00:00Z,1525.19000000,1559.91000000,1523.18000000,1549.90000000,126184.68610000
2023-01-15T00:00:00Z,1549.91000000,1552.22000000,1516.03000000,1529.16000000,113688.76950000
2023-01-15T08:00:00Z,1529.16000000,1560.16000000,1518.76000000,1556.35000000,130138.57790000
2023-01-15T16:00:00Z,1556.35000000,1566.66000000,1533.00000000,1552.52000000,144005.36640000
2023-01-16T00:00:00Z,1552.52000000,1584.58000000,1540.54000000,1565.95000000,192123.50630000
2023-01-16T08:00:00Z,1565.96000000,1566.25000000,1521.31000000,1549.97000000,187043.28420000
2023-01-16T16:00:00Z,1549.97000000,1604.50000000,1545.71000000,1576.94000000,195456.10480000
2023-01-17T00:00:00Z,1576.94000000,1582.60000000,1541.15000000,1563.35000000,136595.25420000
2023-01-17T08:00:00Z,1563.35000000,1609.00000000,1558.20000000,1571.40000000,228742.14400000
2023-01-17T16:00:00Z,1571.41000000,1599.14000000,1563.69000000,1565.57000000,141434.32370000
2023-01-18T00:00:00Z,1565.56000000,1592.01000000,1562.93000000,1583.14000000,120889.19150000
2023-01-18T08:00:00Z,1583.14000000,1610.00000000,1533.02000000,1549.75000000,281860.09880000
2023-01-18T16:00:00Z,1549.63000000,1566.88000000,1501.39000000,1511.43000000,349785.59540000
2023-01-19T00:00:00Z,1511.44000000,1532.50000000,1509.15000000,1528.65000000,68357.47420000
2023-01-19T08:00:00Z,1528.65000000,1547.86000000,1513.33000000,1533.09000000,129588.83100000
2023-01-19T16:00:00Z,1533.09000000,1564.43000000,1522.65000000,1551.09000000,110733.15930000
2023-01-20T00:00:00Z,1551.09000000,1563.88000000,1542.02000000,1550.33000000,75309.72240000
2023-01-20T08:00:00Z,1550.32000000,1569.90000000,1545.26000000,1563.69000000,91446.12450000
2023-01-20T16:00:00Z,1563.69000000,1669.90000000,1561.61000000,1658.52000000,273815.15050000
2023-01-21T00:00:00Z,1658.53000000,1676.61000000,1642.60000000,1651.19000000,119468.27780000
2023-01-21T08:00:00Z,1651.20000000,1679.26000000,1616.21000000,1647.26000000,244220.69450000
2023-01-21T16:00:00Z,1647.27000000,1668.88000000,1622.09000000,1626.66000000,130559.62860000
2023-01-22T00:00:00Z,1626.65000000,1636.49000000,1604.00000000,1627.08000000,107813.16940000
2023-01-22T08:00:00Z,1627.07000000,1650.51000000,1617.54000000,1635.51000000,145862.91530000
2023-01-22T16:00:00Z,1635.50000000,1663.89000000,1607.06000000,1627.44000000,178053.60620000
2023-01-23T00:00:00Z,1627.43000000,1642.58000000,1625.68000000,1633.30000000,83864.96860000
2023-01-23T08:00:00Z,1633.31000000,1648.09000000,1585.29000000,1620.85000000,188437.11920000
2023-01-23T16:00:00Z,1620.84000000,1640.49000000,1610.04000000,1626.29000000,134965.02780000
2023-01-24T00:00:00Z,1626.28000000,1641.46000000,1622.80000000,1635.77000000,85056.63070000
2023-01-24T08:00:00Z,1635.77000000,1637.28000000,1604.00000000,1620.58000000,153191.23670000
2023-01-24T16:00:00Z,1620.57000000,1624.45000000,1535.00000000,1555.97000000,224027.45690000
2023-01-25T00:00:00Z,1555.97000000,1558.91000000,1518.00000000,1553.81000000,185843.07470000
2023-01-25T08:00:00Z,1553.82000000,1566.58000000,1525.00000000,1543.95000000,186330.59140000
2023-01-25T16:00:00Z,1543.95000000,1641.00000000,1541.39000000,1611.94000000,274301.25050000
2023-01-26T00:00:00Z,1611.95000000,1632.84000000,1597.30000000,1604.68000000,171184.30250000
2023-01-26T08:00:00Z,1604.69000000,1621.06000000,1584.12000000,1589.79000000,234112.86780000
2023-01-26T16:00:00Z,1589.71000000,1611.26000000,1577.43000000,1601.09000000,127480.67630000
2023-01-27T00:00:00Z,1601.08000000,1606.53000000,1552.54000000,1585.40000000,196172.21700000
2023-01-27T08:00:00Z,1585.40000000,1594.55000000,1561.00000000,1574.86000000,154507.71190000
2023-01-27T16:00:00Z,1574.86000000,1621.00000000,1573.98000000,1597.62000000,161413.45860000
2023-01-28T00:00:00Z,1597.61000000,1606.83000000,1585.81000000,1592.68000000,82282.77470000
2023-01-28T08:00:00Z,1592.68000000,1594.00000000,1561.76000000,1578.43000000,149113.88920000
2023-01-28T16:00:00Z,1578.42000000,1580.55000000,1555.99000000,1572.10000000,82278.99350000
2023-01-29T00:00:00Z,1572.10000000,1618.99000000,1566.33000000,1592.58000000,160425.23670000
2023-01-29T08:00:00Z,1592.59000000,1626.64000000,1588.97000000,1611.44000000,170348.51120000
2023-01-29T16:00:00Z,1611.44000000,1660.00000000,1605.46000000,1644.72000000,220994.16550000
2023-01-30T00:00:00Z,1644.73000000,1647.53000000,1621.80000000,1627.45000000,105972.48670000
2023-01-30T08:00:00Z,1627.44000000,1630.11000000,1567.68000000,1585.18000000,295191.36930000
2023-01-30T16:00:00Z,1585.18000000,1590.46000000,1535.00000000,1566.20000000,193891.47210000
2023-01-31T00:00:00Z,1566.21000000,1581.08000000,1561.63000000,1580.04000000,106449.92490000
2023-01-31T08:00:00Z,1580.03000000,1596.13000000,1565.82000000,1588.99000000,122280.18070000
2023-01-31T16:00:00Z,1589.00000000,1605.18000000,1564.02000000,1585.33000000,120126.56950000
2023-02-01T00:00:00Z,1585.32000000,1592.94000000,1569.67000000,1575.36000000,82153.59890000
2023-02-01T08:00:00Z,1575.37000000,1589.80000000,1566.24000000,1575.53000000,111005.28640000
2023-02-01T16:00:00Z,1575.53000000,1647.77000000,1555.18000000,1641.68000000,281458.28560000
2023-02-02T00:00:00Z,1641.67000000,1696.38000000,1639.32000000,1664.21000000,209277.19610000
2023-02-02T08:00:00Z,1664.21000000,1690.00000000,1650.00000000,1678.14000000,182339.30820000
2023-02-02T16:00:00Z,1678.15000000,1714.68000000,1626.85000000,1643.12000000,237572.38310000
2023-02-03T00:00:00Z,1643.12000000,1650.43000000,1630.67000000,1637.49000000,102159.70250000
2023-02-03T08:00:00Z,1637.50000000,1675.00000000,1625.93000000,1663.93000000,245737.46610000
2023-02-03T16:00:00Z,1663.93000000,1676.00000000,1642.40000000,1663.52000000,116917.86340000
2023-02-04T00:00:00Z,1663.52000000,1665.95000000,1645.43000000,1658.17000000,73265.71070000
2023-02-04T08:00:00Z,1658.17000000,1695.29000000,1651.39000000,1679.97000000,139020.59940000
2023-02-04T16:00:00Z,1679.97000000,1689.00000000,1658.53000000,1666.38000000,95940.81940000
2023-02-05T00:00:00Z,1666.39000000,1671.20000000,1656.68000000,1668.14000000,84668.17870000
2023-02-05T08:00:00Z,1668.15000000,1673.81000000,1635.93000000,1644.18000000,153610.14120000
2023-02-05T16:00:00Z,1644.18000000,1647.45000000,1609.30000000,1629.02000000,175301.35490000
2023-02-06T00:00:00Z,1629.01000000,1642.53000000,1608.53000000,1635.41000000,107757.97730000
2023-02-06T08:00:00Z,1635.41000000,1649.30000000,1619.86000000,1649.01000000,134938.79200000
2023-02-06T16:00:00Z,1649.00000000,1658.56000000,1605.01000000,1614.29000000,141422.65040000
2023-02-07T00:00:00Z,1614.28000000,1638.06000000,1613.14000000,1632.29000000,91407.72590000
2023-02-07T08:00:00Z,1632.30000000,1647.87000000,1626.63000000,1630.59000000,118926.65280000
2023-02-07T16:00:00Z,1630.58000000,1678.37000000,1624.39000000,1671.03000000,241588.02130000
2023-02-08T00:00:00Z,1671.03000000,1697.91000000,1668.08000000,1677.67000000,124287.64220000
2023-02-08T08:00:00Z,1677.67000000,1681.98000000,1649.51000000,1653.08000000,146062.37890000
2023-02-08T16:00:00Z,1653.08000000,1660.00000000,1630.47000000,1650.43000000,147616.23280000
2023-02-09T00:00:00Z,1650.42000000,1656.17000000,1608.80000000,1629.87000000,212507.75730000
2023-02-09T08:00:00Z,1629.88000000,1649.24000000,1625.70000000,1632.08000000,106936.15040000
2023-02-09T16:00:00Z,1632.07000000,1633.67000000,1524.40000000,1545.35000000,338567.78870000
2023-02-10T00:00:00Z,1545.35000000,1555.01000000,1529.36000000,1551.70000000,153976.09380000
2023-02-10T08:00:00Z,1551.70000000,1554.46000000,1506.00000000,1522.36000000,147346.49840000
2023-02-10T16:00:00Z,1522.35000000,1539.19000000,1490.00000000,1513.06000000,183331.62770000
2023-02-11T00:00:00Z,1513.05000000,1523.58000000,1507.53000000,1520.81000000,73481.69210000
2023-02-11T08:00:00Z,1520.80000000,1526.80000000,1515.00000000,1522.83000000,117483.45960000
2023-02-11T16:00:00Z,1522.83000000,1543.00000000,1505.00000000,1538.51000000,98726.41910000
2023-02-12T00:00:00Z,1538.50000000,1539.27000000,1528.97000000,1530.83000000,48731.81000000
2023-02-12T08:00:00Z,1530.84000000,1541.00000000,1521.12000000,1536.09000000,87343.32110000
2023-02-12T16:00:00Z,1536.09000000,1548.02000000,1493.08000000,1514.83000000,150683.24290000
2023-02-13T00:00:00Z,1514.82000000,1526.10000000,1496.67000000,1522.39000000,131338.98520000
2023-02-13T08:00:00Z,1522.39000000,1522.83000000,1466.00000000,1475.71000000,334182.39280000
2023-02-13T16:00:00Z,1475.71000000,1510.43000000,1461.93000000,1505.24000000,177631.01240000
2023-02-14T00:00:00Z,1505.25000000,1508.72000000,1494.09000000,1506.00000000,90586.37700000
2023-02-14T08:00:00Z,1506.01000000,1569.00000000,1482.66000000,1544.83000000,408979.21060000
2023-02-14T16:00:00Z,1544.84000000,1564.69000000,1534.02000000,1555.71000000,169398.78920000
2023-02-15T00:00:00Z,1555.70000000,1557.43000000,1542.55000000,1547.56000000,78750.46760000
2023-02-15T08:00:00Z,1547.56000000,1593.67000000,1544.50000000,1579.50000000,238030.58740000
2023-02-15T16:00:00Z,1579.50000000,1680.00000000,1573.47000000,1674.92000000,264426.80360000
2023-02-16T00:00:00Z,1674.92000000,1712.24000000,1672.53000000,1681.89000000,241406.59600000
2023-02-16T08:00:00Z,1681.90000000,1728.69000000,1665.24000000,1724.14000000,253058.74680000
2023-02-16T16:00:00Z,1724.14000000,1742.97000000,1633.72000000,1637.84000000,338258.33030000
2023-02-17T00:00:00Z,1637.83000000,1670.05000000,1630.51000000,1653.45000000,159491.22490000
2023-02-17T08:00:00Z,1653.46000000,1683.55000000,1646.09000000,1673.11000000,194575.07740000
2023-02-17T16:00:00Z,1673.11000000,1722.00000000,1662.27000000,1693.87000000,225868.36070000
2023-02-18T00:00:00Z,1693.81000000,1704.46000000,1686.11000000,1690.72000000,102893.80760000
2023-02-18T08:00:00Z,1690.71000000,1699.49000000,1685.69000000,1695.50000000,77241.16810000
2023-02-18T16:00:00Z,1695.50000000,1713.13000000,1679.77000000,1691.62000000,87170.80560000
2023-02-19T00:00:00Z,1691.62000000,1709.63000000,1689.50000000,1693.15000000,98600.87900000
2023-02-19T08:00:00Z,1693.15000000,1723.85000000,1690.80000000,1711.30000000,117049.78330000
2023-02-19T16:00:00Z,1711.30000000,1726.59000000,1666.14000000,1679.75000000,185372.38540000
2023-02-20T00:00:00Z,1679.74000000,1698.34000000,1650.56000000,1695.79000000,152687.06540000
2023-02-20T08:00:00Z,1695.79000000,1719.89000000,1688.50000000,1707.23000000,183296.29260000
2023-02-20T16:00:00Z,1707.24000000,1711.99000000,1684.32000000,1703.27000000,115331.47550000
2023-02-21T00:00:00Z,1703.27000000,1716.66000000,1695.01000000,1704.05000000,123718.23270000
2023-02-21T08:00:00Z,1704.05000000,1715.00000000,1658.74000000,1671.97000000,239208.62910000
2023-02-21T16:00:00Z,1671.97000000,1686.69000000,1636.30000000,1659.76000000,157427.60700000
2023-02-22T00:00:00Z,1659.77000000,1666.95000000,1621.59000000,1643.86000000,156890.37340000
2023-02-22T08:00:00Z,1643.85000000,1650.62000000,1604.50000000,1613.73000000,188266.28930000
2023-02-22T16:00:00Z,1613.72000000,1645.00000000,1595.07000000,1643.14000000,183718.81820000
2023-02-23T00:00:00Z,1643.15000000,1679.00000000,1637.19000000,1666.70000000,144970.06940000
2023-02-23T08:00:00Z,1666.70000000,1673.21000000,1628.75000000,1656.00000000,225854.76780000
2023-02-23T16:00:00Z,1655.99000000,1661.70000000,1635.00000000,1650.53000000,130481.13450000
2023-02-24T00:00:00Z,1650.52000000,1664.66000000,1641.08000000,1651.70000000,103935.49350000
2023-02-24T08:00:00Z,1651.69000000,1657.65000000,1599.43000000,1602.94000000,187606.31550000
2023-02-24T16:00:00Z,1602.94000000,1622.87000000,1575.64000000,1607.80000000,220973.68920000
2023-02-25T00:00:00Z,1607.80000000,1608.98000000,1593.95000000,1603.99000000,75225.72860000
2023-02-25T08:00:00Z,1603.99000000,1607.56000000,1592.46000000,1597.06000000,91682.61680000
2023-02-25T16:00:00Z,1597.06000000,1600.92000000,1557.33000000,1594.58000000,123279.69370000
2023-02-26T00:00:00Z,1594.58000000,1606.21000000,1587.76000000,1599.84000000,67994.73490000
2023-02-26T08:00:00Z,1599.85000000,1614.96000000,1595.02000000,1605.09000000,77673.30720000
2023-02-26T16:00:00Z,1605.09000000,1651.26000000,1598.54000000,1641.36000000,162939.95200000
2023-02-27T00:00:00Z,1641.37000000,1650.91000000,1631.15000000,1636.33000000,95868.12820000
2023-02-27T08:00:00Z,1636.32000000,1665.22000000,1632.13000000,1644.26000000,173010.31450000
2023-02-27T16:00:00Z,1644.27000000,1646.65000000,1608.00000000,1633.45000000,162982.97020000
2023-02-28T00:00:00Z,1633.45000000,1636.23000000,1617.87000000,1619.24000000,86580.33520000
2023-02-28T08:00:00Z,1619.23000000,1647.52000000,1616.34000000,1641.30000000,132126.12150000
2023-02-28T16:00:00Z,1641.29000000,1646.38000000,1596.66000000,1605.23000000,174816.70800000
2023-03-01T00:00:00Z,1605.24000000,1661.56000000,1595.00000000,1650.91000000,183945.08600000
2023-03-01T08:00:00Z,1650.91000000,1669.72000000,1646.06000000,1657.47000000,148403.34290000
2023-03-01T16:00:00Z,1657.46000000,1666.19000000,1631.03000000,1665.22000000,142108.39460000
2023-03-02T00:00:00Z,1665.23000000,1677.86000000,1639.08000000,1644.22000000,117890.63100000
2023-03-02T08:00:00Z,1644.21000000,1648.69000000,1619.18000000,1628.31000000,165927.63150000
2023-03-02T16:00:00Z,1628.31000000,1658.00000000,1621.45000000,1647.86000000,139205.54570000
2023-03-03T00:00:00Z,1647.86000000,1649.25000000,1544.39000000,1568.08000000,400843.87790000
2023-03-03T08:00:00Z,1568.09000000,1580.87000000,1560.56000000,1566.50000000,176217.04630000
2023-03-03T16:00:00Z,1566.51000000,1574.66000000,1547.21000000,1569.45000000,165755.67340000
2023-03-04T00:00:00Z,1569.45000000,1577.53000000,1562.71000000,1568.83000000,66818.34570000
2023-03-04T08:00:00Z,1568.83000000,1572.12000000,1561.64000000,1561.87000000,59174.87580000
2023-03-04T16:00:00Z,1561.88000000,1568.67000000,1549.12000000,1566.73000000,111647.03910000
2023-03-05T00:00:00Z,1566.74000000,1588.77000000,1553.05000000,1568.62000000,121225.57290000
2023-03-05T08:00:00Z,1568.61000000,1574.31000000,1564.03000000,1569.22000000,68368.83830000
2023-03-05T16:00:00Z,1569.21000000,1579.45000000,1556.15000000,1564.58000000,109646.33030000
2023-03-06T00:00:00Z,1564.57000000,1572.80000000,1554.44000000,1561.18000000,91777.09500000
2023-03-06T08:00:00Z,1561.19000000,1583.49000000,1557.57000000,1578.00000000,107227.10920000
2023-03-06T16:00:00Z,1578.00000000,1580.83000000,1559.41000000,1565.84000000,108705.09690000
2023-03-07T00:00:00Z,1565.84000000,1584.49000000,1561.48000000,1571.35000000,80609.73710000
2023-03-07T08:00:00Z,1571.34000000,1573.00000000,1536.14000000,1560.79000000,197378.25950000
2023-03-07T16:00:00Z,1560.71000000,1565.61000000,1543.10000000,1561.96000000,159959.90660000
2023-03-08T00:00:00Z,1561.95000000,1570.89000000,1548.00000000,1551.29000000,97315.11530000
2023-03-08T08:00:00Z,1551.29000000,1566.02000000,1541.20000000,1560.39000000,178133.69960000
2023-03-08T16:00:00Z,1560.39000000,1565.25000000,1523.61000000,1532.38000000,184652.95090000
2023-03-09T00:00:00Z,1532.38000000,1545.00000000,1531.03000000,1536.91000000,90259.54120000
2023-03-09T08:00:00Z,1536.92000000,1546.45000000,1522.52000000,1534.04000000,154767.23180000
2023-03-09T16:00:00Z,1534.05000000,1537.81000000,1408.00000000,1437.32000000,473458.36340000
2023-03-10T00:00:00Z,1437.32000000,1437.50000000,1391.56000000,1412.27000000,303103.61130000
2023-03-10T08:00:00Z,1412.27000000,1434.68000000,1368.39000000,1417.03000000,410584.36440000
2023-03-10T16:00:00Z,1417.03000000,1439.43000000,1399.99000000,1426.44000000,246574.47520000
2023-03-11T00:00:00Z,1426.43000000,1476.00000000,1414.15000000,1416.65000000,635408.43630000
2023-03-11T08:00:00Z,1416.66000000,1450.51000000,1408.40000000,1428.01000000,422048.04200000
2023-03-11T16:00:00Z,1428.00000000,1478.07000000,1422.32000000,1471.97000000,317403.14180000
2023-03-12T00:00:00Z,1471.93000000,1475.05000000,1449.90000000,1459.56000000,221271.30090000
2023-03-12T08:00:00Z,1459.57000000,1467.53000000,1448.30000000,1455.88000000,201839.12660000
2023-03-12T16:00:00Z,1455.88000000,1594.19000000,1453.74000000,1580.33000000,579244.66540000
2023-03-13T00:00:00Z,1580.33000000,1622.60000000,1573.07000000,1606.84000000,381616.62850000
2023-03-13T08:00:00Z,1606.84000000,1693.49000000,1565.00000000,1664.68000000,605528.42680000
2023-03-13T16:00:00Z,1664.69000000,1685.00000000,1646.86000000,1673.45000000,240918.55000000
2023-03-14T00:00:00Z,1673.44000000,1695.00000000,1658.54000000,1666.63000000,245879.53900000
2023-03-14T08:00:00Z,1666.63000000,1780.02000000,1655.24000000,1770.03000000,604785.67320000
2023-03-14T16:00:00Z,1770.03000000,1775.21000000,1659.29000000,1699.40000000,432656.02330000
2023-03-15T00:00:00Z,1699.41000000,1716.90000000,1679.95000000,1705.13000000,186570.40300000
2023-03-15T08:00:00Z,1705.12000000,1705.50000000,1625.56000000,1634.04000000,456437.99240000
2023-03-15T16:00:00Z,1634.03000000,1664.64000000,1611.00000000,1649.96000000,320134.08790000
2023-03-16T00:00:00Z,1649.95000000,1659.90000000,1632.18000000,1655.57000000,193568.72800000
2023-03-16T08:00:00Z,1655.56000000,1669.99000000,1635.96000000,1663.06000000,244125.34440000
2023-03-16T16:00:00Z,1663.06000000,1691.42000000,1652.53000000,1673.73000000,190291.53950000
2023-03-17T00:00:00Z,1673.73000000,1730.99000000,1662.65000000,1715.59000000,275633.79840000
2023-03-17T08:00:00Z,1715.59000000,1763.97000000,1703.02000000,1717.41000000,353656.59150000
2023-03-17T16:00:00Z,1717.41000000,1800.00000000,1710.00000000,1789.27000000,278237.89260000
2023-03-18T00:00:00Z,1789.26000000,1831.34000000,1767.13000000,1814.12000000,255839.73050000
2023-03-18T08:00:00Z,1814.12000000,1841.00000000,1773.57000000,1786.00000000,220766.27480000
2023-03-18T16:00:00Z,1786.00000000,1802.28000000,1747.47000000,1758.84000000,235008.72570000
2023-03-19T00:00:00Z,1758.84000000,1786.65000000,1757.92000000,1774.80000000,103529.57490000
2023-03-19T08:00:00Z,1774.80000000,1812.86000000,1765.78000000,1793.61000000,162175.65240000
2023-03-19T16:00:00Z,1793.61000000,1841.36000000,1773.98000000,1780.68000000,275426.66350000
2023-03-20T00:00:00Z,1780.67000000,1793.59000000,1736.57000000,1791.50000000,217031.07180000
2023-03-20T08:00:00Z,1791.50000000,1803.05000000,1752.27000000,1763.14000000,246502.81380000
2023-03-20T16:00:00Z,1763.13000000,1768.88000000,1722.00000000,1732.78000000,219314.23920000
2023-03-21T00:00:00Z,1732.77000000,1757.64000000,1717.01000000,1730.34000000,146711.04550000
2023-03-21T08:00:00Z,1730.34000000,1835.00000000,1725.00000000,1812.55000000,356076.08680000
2023-03-21T16:00:00Z,1812.54000000,1825.98000000,1774.04000000,1801.23000000,239561.36760000
2023-03-22T00:00:00Z,1801.23000000,1807.66000000,1778.02000000,1792.75000000,120395.98820000
2023-03-22T08:00:00Z,1792.74000000,1819.98000000,1781.10000000,1806.26000000,227117.55410000
2023-03-22T16:00:00Z,1806.26000000,1810.93000000,1710.12000000,1734.33000000,543774.05860000
2023-03-23T00:00:00Z,1734.34000000,1753.57000000,1729.35000000,1750.84000000,132632.76020000
2023-03-23T08:00:00Z,1750.84000000,1857.16000000,1741.33000000,1836.99000000,329094.48700000
2023-03-23T16:00:00Z,1836.99000000,1841.15000000,1792.42000000,1813.79000000,270333.85580000
2023-03-24T00:00:00Z,1813.78000000,1818.99000000,1803.12000000,1815.18000000,128363.95110000
2023-03-24T08:00:00Z,1815.18000000,1816.61000000,1753.00000000,1767.01000000,197332.22340000
2023-03-24T16:00:00Z,1767.00000000,1770.01000000,1726.40000000,1749.57000000,239073.96720000
2023-03-25T00:00:00Z,1749.57000000,1762.43000000,1741.66000000,1747.25000000,100730.08230000
2023-03-25T08:00:00Z,1747.26000000,1763.23000000,1736.05000000,1754.93000000,114162.76580000
2023-03-25T16:00:00Z,1754.93000000,1757.76000000,1713.09000000,1741.88000000,140786.52620000
2023-03-26T00:00:00Z,1741.88000000,1756.61000000,1739.31000000,1752.55000000,65147.20650000
2023-03-26T08:00:00Z,1752.55000000,1801.00000000,1749.80000000,1762.81000000,204338.91950000
2023-03-26T16:00:00Z,1762.81000000,1783.70000000,1754.33000000,1773.88000000,85447.11120000
2023-03-27T00:00:00Z,1773.88000000,1780.48000000,1746.57000000,1752.20000000,108074.95890000
2023-03-27T08:00:00Z,1752.20000000,1770.20000000,1686.13000000,1711.74000000,271530.82870000
2023-03-27T16:00:00Z,1711.73000000,1732.00000000,1696.29000000,1715.22000000,190957.71470000
2023-03-28T00:00:00Z,1715.21000000,1735.93000000,1701.13000000,1724.53000000,129044.69840000
2023-03-28T08:00:00Z,1724.54000000,1754.48000000,1709.87000000,1744.08000000,187287.69510000
2023-03-28T16:00:00Z,1744.08000000,1795.73000000,1727.35000000,1772.99000000,220179.00380000
2023-03-29T00:00:00Z,1773.00000000,1818.00000000,1772.48000000,1804.86000000,190031.68240000
2023-03-29T08:00:00Z,1804.85000000,1827.99000000,1792.43000000,1807.68000000,224474.94990000
2023-03-29T16:00:00Z,1807.67000000,1812.00000000,1782.71000000,1793.07000000,122358.96490000
2023-03-30T00:00:00Z,1793.06000000,1829.69000000,1766.50000000,1806.47000000,265416.06070000
2023-03-30T08:00:00Z,1806.46000000,1808.46000000,1784.18000000,1789.42000000,146044.72130000
2023-03-30T16:00:00Z,1789.41000000,1800.00000000,1763.00000000,1793.61000000,168229.25740000
2023-03-31T00:00:00Z,1793.60000000,1817.99000000,1777.91000000,1795.23000000,146423.13460000
2023-03-31T08:00:00Z,1795.23000000,1847.28000000,1786.17000000,1830.60000000,258843.33460000
2023-03-31T16:00:00Z,1830.60000000,1834.64000000,1813.95000000,1821.52000000,149259.00700000
2023-04-01T00:00:00Z,1821.52000000,1842.83000000,1812.12000000,1823.46000000,102439.28000000
2023-04-01T08:00:00Z,1823.47000000,1828.66000000,1814.22000000,1820.38000000,95478.13180000
2023-04-01T16:00:00Z,1820.38000000,1825.72000000,1807.81000000,1820.79000000,74987.55560000
2023-04-02T00:00:00Z,1820.80000000,1824.81000000,1809.73000000,1820.60000000,72314.06320000
2023-04-02T08:00:00Z,1820.59000000,1823.66000000,1789.10000000,1797.54000000,124801.07310000
2023-04-02T16:00:00Z,1797.54000000,1803.92000000,1771.70000000,1794.51000000,125007.80220000
2023-04-03T00:00:00Z,1794.51000000,1795.00000000,1762.77000000,1794.87000000,138519.11680000
2023-04-03T08:00:00Z,1794.86000000,1822.35000000,1788.64000000,1797.11000000,193229.43580000
2023-04-03T16:00:00Z,1797.12000000,1839.99000000,1768.27000000,1810.51000000,296755.10930000
2023-04-04T00:00:00Z,1810.51000000,1823.07000000,1802.01000000,1812.20000000,119270.34850000
2023-04-04T08:00:00Z,1812.21000000,1891.91000000,1811.04000000,1862.96000000,392299.23630000
2023-04-04T16:00:00Z,1862.96000000,1887.00000000,1857.16000000,1870.37000000,110639.05630000
2023-04-05T00:00:00Z,1870.38000000,1925.00000000,1864.58000000,1909.96000000,181836.42940000
2023-04-05T08:00:00Z,1909.96000000,1942.98000000,1882.31000000,1897.20000000,248116.05090000
2023-04-05T16:00:00Z,1897.21000000,1918.00000000,1887.55000000,1908.69000000,118643.03520000
2023-04-06T00:00:00Z,1908.68000000,1909.91000000,1876.54000000,1879.22000000,119806.83710000
2023-04-06T08:00:00Z,1879.22000000,1885.50000000,1853.70000000,1874.55000000,188294.62570000
2023-04-06T16:00:00Z,1874.54000000,1882.99000000,1860.00000000,1872.41000000,88139.97240000
2023-04-07T00:00:00Z,1872.41000000,1882.61000000,1841.46000000,1850.79000000,106561.42570000
2023-04-07T08:00:00Z,1850.78000000,1863.36000000,1842.70000000,1860.36000000,122542.06620000
2023-04-07T16:00:00Z,1860.36000000,1872.00000000,1851.23000000,1863.72000000,55152.99540000
2023-04-08T00:00:00Z,1863.73000000,1879.38000000,1854.62000000,1872.29000000,75435.44170000
2023-04-08T08:00:00Z,1872.30000000,1874.50000000,1862.00000000,1866.89000000,52059.05900000
2023-04-08T16:00:00Z,1866.89000000,1869.47000000,1847.00000000,1848.82000000,70411.04000000
2023-04-09T00:00:00Z,1848.82000000,1859.60000000,1824.01000000,1835.49000000,97273.70710000
2023-04-09T08:00:00Z,1835.49000000,1845.53000000,1826.25000000,1837.04000000,87778.67910000
2023-04-09T16:00:00Z,1837.05000000,1873.99000000,1836.04000000,1858.92000000,102078.92170000
2023-04-10T00:00:00Z,1858.91000000,1866.01000000,1846.40000000,1860.00000000,90427.81810000
2023-04-10T08:00:00Z,1859.99000000,1869.98000000,1847.18000000,1861.30000000,101582.64570000
2023-04-10T16:00:00Z,1861.30000000,1918.79000000,1857.72000000,1910.20000000,242729.33460000
2023-04-11T00:00:00Z,1910.21000000,1937.37000000,1906.25000000,1921.74000000,151423.40430000
2023-04-11T08:00:00Z,1921.73000000,1922.99000000,1904.00000000,1913.64000000,111456.37600000
2023-04-11T16:00:00Z,1913.63000000,1917.00000000,1881.11000000,1889.86000000,142323.70890000
2023-04-12T00:00:00Z,1889.86000000,1897.13000000,1852.65000000,1870.29000000,153759.37170000
2023-04-12T08:00:00Z,1870.30000000,1933.00000000,1864.04000000,1912.19000000,320018.56170000
2023-04-12T16:00:00Z,1912.18000000,1930.37000000,1893.35000000,1917.39000000,157066.48520000
2023-04-13T00:00:00Z,1917.40000000,1925.98000000,1899.55000000,1922.01000000,135423.90280000
2023-04-13T08:00:00Z,1922.01000000,2008.39000000,1919.65000000,1997.15000000,400484.46060000
2023-04-13T16:00:00Z,1997.15000000,2023.00000000,1991.09000000,2012.01000000,140256.15540000
2023-04-14T00:00:00Z,2012.00000000,2128.76000000,2009.22000000,2105.85000000,390853.06900000
2023-04-14T08:00:00Z,2105.84000000,2125.00000000,2049.87000000,2058.34000000,280066.19180000
2023-04-14T16:00:00Z,2058.34000000,2121.47000000,2042.08000000,2099.99000000,225388.13260000
2023-04-15T00:00:00Z,2099.99000000,2106.11000000,2071.13000000,2097.62000000,111604.35230000
2023-04-15T08:00:00Z,2097.63000000,2111.85000000,2092.77000000,2097.98000000,103029.23400000
2023-04-15T16:00:00Z,2097.97000000,2108.98000000,2082.01000000,2090.60000000,107190.19880000
2023-04-16T00:00:00Z,2090.61000000,2102.60000000,2072.72000000,2098.00000000,69746.75600000
2023-04-16T08:00:00Z,2097.99000000,2099.67000000,2076.02000000,2093.80000000,84846.10660000
2023-04-16T16:00:00Z,2093.80000000,2141.54000000,2088.54000000,2118.67000000,165287.57670000
2023-04-17T00:00:00Z,2118.66000000,2120.51000000,2072.00000000,2090.08000000,147778.73540000
2023-04-17T08:00:00Z,2090.07000000,2099.01000000,2056.25000000,2071.45000000,192347.22520000
2023-04-17T16:00:00Z,2071.46000000,2088.73000000,2067.00000000,2074.00000000,86846.74650000
2023-04-18T00:00:00Z,2073.99000000,2110.61000000,2051.00000000,2100.28000000,125716.99730000
2023-04-18T08:00:00Z,2100.28000000,2125.00000000,2088.12000000,2095.50000000,161660.98660000
2023-04-18T16:00:00Z,2095.49000000,2107.96000000,2069.91000000,2103.50000000,126866.62960000
2023-04-19T00:00:00Z,2103.51000000,2104.60000000,2065.15000000,2073.91000000,99386.79730000
2023-04-19T08:00:00Z,2073.91000000,2073.92000000,1962.06000000,1983.41000000,470028.59990000
2023-04-19T16:00:00Z,1983.41000000,1991.42000000,1923.03000000,1933.73000000,205973.66300000
2023-04-20T00:00:00Z,1933.74000000,1964.56000000,1923.69000000,1948.81000000,172985.33320000
2023-04-20T08:00:00Z,1948.81000000,1982.99000000,1936.04000000,1945.91000000,238011.52600000
2023-04-20T16:00:00Z,1945.92000000,1955.50000000,1914.43000000,1942.98000000,214339.39030000
2023-04-21T00:00:00Z,1942.98000000,1957.27000000,1898.00000000,1928.44000000,202632.74610000
2023-04-21T08:00:00Z,1928.44000000,1934.22000000,1890.60000000,1903.91000000,200042.31570000
2023-04-21T16:00:00Z,1903.91000000,1908.60000000,1825.00000000,1848.78000000,286201.55680000
2023-04-22T00:00:00Z,1848.77000000,1865.15000000,1846.00000000,1850.80000000,112621.50400000
2023-04-22T08:00:00Z,1850.80000000,1872.13000000,1841.64000000,1866.81000000,104579.68990000
2023-04-22T16:00:00Z,1866.81000000,1887.31000000,1864.13000000,1874.16000000,113806.39400000
2023-04-23T00:00:00Z,1874.17000000,1876.65000000,1846.45000000,1874.30000000,114288.95460000
2023-04-23T08:00:00Z,1874.29000000,1882.01000000,1852.08000000,1859.31000000,109729.13620000
2023-04-23T16:00:00Z,1859.32000000,1872.69000000,1836.37000000,1862.00000000,120496.25360000
2023-04-24T00:00:00Z,1862.01000000,1890.00000000,1827.23000000,1845.69000000,133475.89930000
2023-04-24T08:00:00Z,1845.70000000,1876.19000000,1830.00000000,1834.17000000,178592.55510000
2023-04-24T16:00:00Z,1834.18000000,1847.62000000,1806.00000000,1841.84000000,135795.59730000
2023-04-25T00:00:00Z,1841.84000000,1851.64000000,1812.28000000,1815.63000000,102355.18030000
2023-04-25T08:00:00Z,1815.63000000,1833.32000000,1801.66000000,1814.99000000,172840.55450000
2023-04-25T16:00:00Z,1815.00000000,1877.86000000,1812.62000000,1866.10000000,182674.86990000
2023-04-26T00:00:00Z,1866.10000000,1884.36000000,1858.25000000,1861.84000000,130640.45900000
2023-04-26T08:00:00Z,1861.83000000,1964.72000000,1861.76000000,1953.91000000,371566.63690000
2023-04-26T16:00:00Z,1953.92000000,1960.31000000,1785.00000000,1866.01000000,395502.63390000
2023-04-27T00:00:00Z,1866.01000000,1940.96000000,1861.19000000,1885.10000000,326900.07050000
2023-04-27T08:00:00Z,1885.10000000,1916.75000000,1861.85000000,1900.19000000,216755.81580000
2023-04-27T16:00:00Z,1900.20000000,1937.77000000,1889.99000000,1908.68000000,183817.06030000
2023-04-28T00:00:00Z,1908.68000000,1923.88000000,1902.16000000,1919.08000000,111577.54240000
2023-04-28T08:00:00Z,1919.07000000,1919.52000000,1873.94000000,1886.80000000,189983.15930000
2023-04-28T16:00:00Z,1886.80000000,1905.15000000,1883.21000000,1890.94000000,86070.07740000
2023-04-29T00:00:00Z,1890.93000000,1904.51000000,1886.11000000,1902.18000000,53783.65110000
2023-04-29T08:00:00Z,1902.19000000,1918.00000000,1893.33000000,1905.54000000,69330.32310000
2023-04-29T16:00:00Z,1905.54000000,1909.37000000,1883.05000000,1907.80000000,58932.16640000
2023-04-30T00:00:00Z,1907.79000000,1907.80000000,1893.00000000,1903.06000000,41665.03290000
2023-04-30T08:00:00Z,1903.06000000,1939.00000000,1897.66000000,1920.01000000,140080.64500000
2023-04-30T16:00:00Z,1920.00000000,1934.20000000,1866.16000000,1870.09000000,173590.81090000
2023-05-01T00:00:00Z,1870.08000000,1886.49000000,1823.00000000,1849.68000000,162902.39760000
2023-05-01T08:00:00Z,1849.69000000,1853.68000000,1826.77000000,1833.66000000,128008.12090000
2023-05-01T16:00:00Z,1833.65000000,1842.22000000,1806.12000000,1830.73000000,154608.65940000
2023-05-02T00:00:00Z,1830.73000000,1841.26000000,1822.94000000,1835.68000000,78454.16840000
2023-05-02T08:00:00Z,1835.68000000,1868.90000000,1824.25000000,1858.80000000,185227.83140000
2023-05-02T16:00:00Z,1858.80000000,1881.87000000,1853.20000000,1870.08000000,110071.20290000
2023-05-03T00:00:00Z,1870.09000000,1870.84000000,1853.78000000,1865.19000000,68314.73570000
2023-05-03T08:00:00Z,1865.20000000,1872.39000000,1842.64000000,1853.31000000,125149.87770000
2023-05-03T16:00:00Z,1853.32000000,1916.52000000,1850.90000000,1905.12000000,271720.63670000
2023-05-04T00:00:00Z,1905.12000000,1908.21000000,1895.68000000,1898.40000000,87144.96010000
2023-05-04T08:00:00Z,1898.40000000,1918.26000000,1876.99000000,1885.66000000,168490.23690000
2023-05-04T16:00:00Z,1885.66000000,1891.33000000,1866.71000000,1877.07000000,98893.41740000
2023-05-05T00:00:00Z,1877.07000000,1909.00000000,1875.65000000,1895.10000000,108376.31930000
2023-05-05T08:00:00Z,1895.10000000,1956.04000000,1888.00000000,1953.34000000,233903.22930000
2023-05-05T16:00:00Z,1953.34000000,1998.36000000,1953.34000000,1993.30000000,204329.32640000
2023-05-06T00:00:00Z,1993.30000000,2019.00000000,1955.66000000,1958.92000000,167382.42740000
2023-05-06T08:00:00Z,1958.91000000,1958.92000000,1860.00000000,1877.32000000,314681.42620000
2023-05-06T16:00:00Z,1877.32000000,1907.00000000,1875.89000000,1896.33000000,126043.13790000
2023-05-07T00:00:00Z,1896.33000000,1918.60000000,1887.45000000,1905.56000000,116286.87910000
2023-05-07T08:00:00Z,1905.55000000,1933.33000000,1895.66000000,1916.93000000,140636.95690000
2023-05-07T16:00:00Z,1916.93000000,1923.38000000,1867.59000000,1870.40000000,156344.99970000
2023-05-08T00:00:00Z,1870.41000000,1883.97000000,1838.34000000,1851.43000000,219290.90130000
2023-05-08T08:00:00Z,1851.43000000,1876.99000000,1835.00000000,1864.69000000,194088.74930000
2023-05-08T16:00:00Z,1864.68000000,1867.03000000,1810.73000000,1847.56000000,211936.96620000
2023-05-09T00:00:00Z,1847.55000000,1856.99000000,1830.99000000,1848.62000000,94464.87160000
2023-05-09T08:00:00Z,1848.61000000,1854.59000000,1834.06000000,1839.49000000,115180.47270000
2023-05-09T16:00:00Z,1839.49000000,1861.88000000,1836.00000000,1846.52000000,94750.84170000
2023-05-10T00:00:00Z,1846.53000000,1858.92000000,1834.23000000,1838.29000000,87322.43330000
2023-05-10T08:00:00Z,1838.29000000,1887.47000000,1834.67000000,1872.84000000,220983.65490000
2023-05-10T16:00:00Z,1872.84000000,1880.00000000,1790.51000000,1840.84000000,331627.29730000
2023-05-11T00:00:00Z,1840.83000000,1842.02000000,1821.35000000,1829.41000000,113762.41180000
2023-05-11T08:00:00Z,1829.41000000,1839.00000000,1785.50000000,1807.70000000,233599.05010000
2023-05-11T16:00:00Z,1807.70000000,1810.48000000,1772.68000000,1794.30000000,174734.61060000
2023-05-12T00:00:00Z,1794.31000000,1801.99000000,1740.00000000,1759.47000000,227146.55070000
2023-05-12T08:00:00Z,1759.48000000,1783.23000000,1755.29000000,1765.55000000,133834.42250000
2023-05-12T16:00:00Z,1765.54000000,1818.63000000,1742.69000000,1807.45000000,204558.85770000
2023-05-13T00:00:00Z,1807.45000000,1817.03000000,1796.80000000,1802.98000000,71610.65210000
2023-05-13T08:00:00Z,1802.98000000,1811.46000000,1785.23000000,1795.90000000,75877.58950000
2023-05-13T16:00:00Z,1795.91000000,1806.45000000,1786.12000000,1795.11000000,65407.19570000
2023-05-14T00:00:00Z,1795.12000000,1809.84000000,1789.82000000,1805.21000000,56741.79810000
2023-05-14T08:00:00Z,1805.21000000,1824.00000000,1797.50000000,1819.05000000,80045.66110000
2023-05-14T16:00:00Z,1819.06000000,1821.87000000,1791.45000000,1799.21000000,81313.63850000
2023-05-15T00:00:00Z,1799.20000000,1835.85000000,1785.05000000,1828.72000000,187934.32720000
2023-05-15T08:00:00Z,1828.73000000,1836.28000000,1812.97000000,1827.84000000,92014.76930000
2023-05-15T16:00:00Z,1827.85000000,1846.70000000,1813.00000000,1816.20000000,108222.82960000
2023-05-16T00:00:00Z,1816.21000000,1823.61000000,1796.20000000,1822.68000000,123787.58980000
2023-05-16T08:00:00Z,1822.68000000,1827.18000000,1810.00000000,1820.20000000,101007.63520000
2023-05-16T16:00:00Z,1820.20000000,1832.64000000,1814.34000000,1824.21000000,86443.45360000
2023-05-17T00:00:00Z,1824.21000000,1837.50000000,1803.33000000,1807.75000000,80401.17750000
2023-05-17T08:00:00Z,1807.74000000,1808.56000000,1783.68000000,1797.24000000,142742.81650000
2023-05-17T16:00:00Z,1797.24000000,1835.37000000,1794.68000000,1822.12000000,128953.99730000
2023-05-18T00:00:00Z,1822.12000000,1831.92000000,1814.92000000,1827.10000000,63794.40690000
2023-05-18T08:00:00Z,1827.10000000,1830.00000000,1805.11000000,1807.99000000,84961.50150000
2023-05-18T16:00:00Z,1807.99000000,1821.36000000,1771.12000000,1800.56000000,144999.40260000
2023-05-19T00:00:00Z,1800.56000000,1810.53000000,1796.81000000,1805.62000000,61924.88110000
2023-05-19T08:00:00Z,1805.61000000,1829.54000000,1800.81000000,1815.45000000,125665.55090000
2023-05-19T16:00:00Z,1815.46000000,1822.87000000,1806.97000000,1812.32000000,55526.03560000
2023-05-20T00:00:00Z,1812.31000000,1813.94000000,1807.06000000,1811.19000000,30957.37030000
2023-05-20T08:00:00Z,1811.18000000,1820.77000000,1811.18000000,1817.50000000,44669.29750000
2023-05-20T16:00:00Z,1817.50000000,1828.87000000,1812.07000000,1819.42000000,52127.76710000
2023-05-21T00:00:00Z,1819.42000000,1828.98000000,1813.51000000,1817.00000000,41763.61770000
2023-05-21T08:00:00Z,1816.99000000,1817.76000000,1802.58000000,1807.33000000,64787.80940000
2023-05-21T16:00:00Z,1807.34000000,1811.72000000,1797.21000000,1804.91000000,54966.37820000
2023-05-22T00:00:00Z,1804.91000000,1815.00000000,1792.01000000,1811.19000000,67139.69730000
2023-05-22T08:00:00Z,1811.19000000,1828.27000000,1808.54000000,1816.64000000,102830.27750000
2023-05-22T16:00:00Z,1816.64000000,1825.17000000,1813.33000000,1817.35000000,67528.96750000
2023-05-23T00:00:00Z,1817.36000000,1872.50000000,1815.24000000,1854.05000000,234225.80170000
2023-05-23T08:00:00Z,1854.06000000,1860.61000000,1842.37000000,1856.92000000,96356.37450000
2023-05-23T16:00:00Z,1856.92000000,1857.55000000,1842.00000000,1854.05000000,66287.43350000
2023-05-24T00:00:00Z,1854.06000000,1854.09000000,1812.13000000,1814.07000000,152395.35570000
2023-05-24T08:00:00Z,1814.07000000,1821.15000000,1777.60000000,1793.35000000,175459.08620000
2023-05-24T16:00:00Z,1793.36000000,1809.29000000,1785.00000000,1799.89000000,92991.70260000
2023-05-25T00:00:00Z,1799.89000000,1807.33000000,1761.41000000,1778.68000000,140837.46310000
2023-05-25T08:00:00Z,1778.68000000,1812.76000000,1778.68000000,1791.56000000,115799.89230000
2023-05-25T16:00:00Z,1791.56000000,1818.81000000,1791.36000000,1805.60000000,93995.65350000
2023-05-26T00:00:00Z,1805.61000000,1817.72000000,1796.99000000,1816.71000000,74426.22840000
2023-05-26T08:00:00Z,1816.70000000,1838.20000000,1809.03000000,1830.84000000,138100.12900000
2023-05-26T16:00:00Z,1830.83000000,1837.79000000,1822.49000000,1827.79000000,63164.32800000
2023-05-27T00:00:00Z,1827.80000000,1836.12000000,1825.01000000,1829.76000000,49619.55260000
2023-05-27T08:00:00Z,1829.77000000,1832.00000000,1812.18000000,1823.60000000,53388.10900000
2023-05-27T16:00:00Z,1823.60000000,1832.06000000,1817.25000000,1829.89000000,35817.27900000
2023-05-28T00:00:00Z,1829.89000000,1859.50000000,1823.60000000,1847.79000000,131896.50560000
2023-05-28T08:00:00Z,1847.80000000,1851.79000000,1836.69000000,1843.74000000,53839.36250000
2023-05-28T16:00:00Z,1843.74000000,1918.65000000,1839.21000000,1908.64000000,192656.56900000
2023-05-29T00:00:00Z,1908.64000000,1927.62000000,1893.00000000,1899.85000000,161466.94680000
2023-05-29T08:00:00Z,1899.85000000,1905.30000000,1885.00000000,1889.41000000,78748.33520000
2023-05-29T16:00:00Z,1889.41000000,1903.00000000,1873.65000000,1892.60000000,73378.21220000
2023-05-30T00:00:00Z,1892.60000000,1912.55000000,1881.19000000,1898.23000000,73756.70480000
2023-05-30T08:00:00Z,1898.22000000,1917.00000000,1894.11000000,1900.56000000,119092.28350000
2023-05-30T16:00:00Z,1900.56000000,1914.78000000,1891.33000000,1900.59000000,79816.85190000
2023-05-31T00:00:00Z,1900.58000000,1907.13000000,1857.67000000,1869.31000000,142190.43150000
2023-05-31T08:00:00Z,1869.30000000,1875.02000000,1846.95000000,1857.94000000,112566.92600000
2023-05-31T16:00:00Z,1857.95000000,1878.14000000,1854.28000000,1873.63000000,64498.21060000
2023-06-01T00:00:00Z,1873.63000000,1889.20000000,1840.00000000,1854.21000000,114935.18640000
2023-06-01T08:00:00Z,1854.22000000,1866.56000000,1852.02000000,1863.36000000,63674.03220000
2023-06-01T16:00:00Z,1863.36000000,1882.86000000,1852.66000000,1861.78000000,91887.39110000
2023-06-02T00:00:00Z,1861.78000000,1897.40000000,1847.51000000,1885.65000000,114917.11790000
2023-06-02T08:00:00Z,1885.64000000,1900.64000000,1876.65000000,1892.00000000,116729.35600000
2023-06-02T16:00:00Z,1892.01000000,1910.00000000,1887.05000000,1906.68000000,81357.59190000
2023-06-03T00:00:00Z,1906.69000000,1907.92000000,1897.42000000,1902.71000000,49530.63500000
2023-06-03T08:00:00Z,1902.72000000,1906.70000000,1891.23000000,1903.18000000,49597.07370000
2023-06-03T16:00:00Z,1903.19000000,1903.71000000,1881.60000000,1892.06000000,49690.53400000
2023-06-04T00:00:00Z,1892.05000000,1901.36000000,1884.22000000,1900.21000000,34397.33370000
2023-06-04T08:00:00Z,1900.21000000,1914.63000000,1898.61000000,1901.76000000,60886.19080000
2023-06-04T16:00:00Z,1901.76000000,1912.89000000,1885.00000000,1890.01000000,77399.48740000
2023-06-05T00:00:00Z,1890.00000000,1890.63000000,1861.76000000,1873.40000000,101942.25910000
2023-06-05T08:00:00Z,1873.40000000,1873.81000000,1820.29000000,1820.60000000,154577.16940000
2023-06-05T16:00:00Z,1820.69000000,1823.90000000,1778.00000000,1810.50000000,298841.83980000
2023-06-06T00:00:00Z,1810.49000000,1819.18000000,1803.15000000,1813.35000000,65790.60910000
2023-06-06T08:00:00Z,1813.35000000,1846.48000000,1797.18000000,1842.22000000,178562.59020000
2023-06-06T16:00:00Z,1842.22000000,1898.29000000,1842.21000000,1884.64000000,247054.01810000
2023-06-07T00:00:00Z,1884.65000000,1897.80000000,1871.59000000,1875.05000000,101591.99520000
2023-06-07T08:00:00Z,1875.05000000,1878.09000000,1835.13000000,1839.00000000,188008.21410000
2023-06-07T16:00:00Z,1839.00000000,1852.50000000,1821.18000000,1832.13000000,139596.49710000
2023-06-08T00:00:00Z,1832.12000000,1846.05000000,1828.31000000,1842.00000000,56723.79010000
2023-06-08T08:00:00Z,1842.00000000,1861.28000000,1837.86000000,1855.66000000,88143.85740000
2023-06-08T16:00:00Z,1855.67000000,1856.24000000,1841.35000000,1845.64000000,44402.83780000
2023-06-09T00:00:00Z,1845.65000000,1849.02000000,1827.00000000,1836.37000000,67531.16970000
2023-06-09T08:00:00Z,1836.37000000,1855.00000000,1834.52000000,1841.71000000,78924.65650000
2023-06-09T16:00:00Z,1841.71000000,1843.45000000,1828.03000000,1840.37000000,51868.49900000
2023-06-10T00:00:00Z,1840.37000000,1844.99000000,1724.43000000,1731.78000000,360872.19760000
2023-06-10T08:00:00Z,1731.79000000,1749.56000000,1715.03000000,1737.39000000,143320.86870000
2023-06-10T16:00:00Z,1737.39000000,1773.03000000,1718.50000000,1751.53000000,148131.60320000
2023-06-11T00:00:00Z,1751.52000000,1759.76000000,1743.64000000,1752.92000000,57138.89680000
2023-06-11T08:00:00Z,1752.92000000,1755.54000000,1738.72000000,1740.80000000,58977.88660000
2023-06-11T16:00:00Z,1740.80000000,1778.25000000,1739.76000000,1752.76000000,103839.46000000
2023-06-12T00:00:00Z,1752.77000000,1755.35000000,1720.11000000,1736.70000000,104388.26590000
2023-06-12T08:00:00Z,1736.70000000,1759.33000000,1728.88000000,1731.87000000,107816.63120000
2023-06-12T16:00:00Z,1731.86000000,1747.16000000,1720.00000000,1742.57000000,89927.58480000
2023-06-13T00:00:00Z,1742.57000000,1756.00000000,1728.43000000,1748.27000000,71140.80360000
2023-06-13T08:00:00Z,1748.28000000,1770.13000000,1724.22000000,1730.18000000,160041.86390000
2023-06-13T16:00:00Z,1730.17000000,1750.85000000,1729.21000000,1740.12000000,53085.33430000
2023-06-14T00:00:00Z,1740.12000000,1748.45000000,1737.00000000,1741.29000000,43861.65880000
2023-06-14T08:00:00Z,1741.28000000,1750.03000000,1737.38000000,1741.05000000,54094.73960000
2023-06-14T16:00:00Z,1741.04000000,1747.31000000,1630.43000000,1650.95000000,317890.92860000
2023-06-15T00:00:00Z,1650.95000000,1656.59000000,1632.04000000,1639.95000000,111537.60600000
2023-06-15T08:00:00Z,1639.96000000,1652.14000000,1626.01000000,1642.42000000,131383.55180000
2023-06-15T16:00:00Z,1642.42000000,1680.91000000,1633.79000000,1666.96000000,127853.61180000
2023-06-16T00:00:00Z,1666.96000000,1675.00000000,1660.00000000,1671.08000000,59832.42430000
2023-06-16T08:00:00Z,1671.08000000,1688.00000000,1649.86000000,1682.31000000,117266.83320000
2023-06-16T16:00:00Z,1682.32000000,1729.50000000,1677.56000000,1717.92000000,134635.33290000
2023-06-17T00:00:00Z,1717.91000000,1770.00000000,1714.26000000,1744.63000000,113262.71930000
2023-06-17T08:00:00Z,1744.62000000,1747.45000000,1717.92000000,1727.88000000,61403.23920000
2023-06-17T16:00:00Z,1727.88000000,1732.67000000,1721.65000000,1727.76000000,36248.96310000
2023-06-18T00:00:00Z,1727.75000000,1738.32000000,1720.47000000,1730.14000000,41205.37030000
2023-06-18T08:00:00Z,1730.14000000,1742.21000000,1725.78000000,1738.11000000,37810.38890000
2023-06-18T16:00:00Z,1738.12000000,1747.84000000,1712.00000000,1720.95000000,77519.25360000
2023-06-19T00:00:00Z,1720.95000000,1728.20000000,1714.32000000,1724.49000000,34556.53720000
2023-06-19T08:00:00Z,1724.48000000,1734.04000000,1715.69000000,1721.45000000,63026.27580000
2023-06-19T16:00:00Z,1721.45000000,1752.19000000,1698.00000000,1737.11000000,147579.94590000
2023-06-20T00:00:00Z,1737.10000000,1749.79000000,1723.66000000,1729.99000000,59776.73440000
2023-06-20T08:00:00Z,1729.98000000,1738.49000000,1714.72000000,1732.48000000,62436.54160000
2023-06-20T16:00:00Z,1732.49000000,1796.99000000,1728.39000000,1791.99000000,206642.40860000
2023-06-21T00:00:00Z,1791.99000000,1828.26000000,1787.38000000,1813.08000000,151087.49660000
2023-06-21T08:00:00Z,1813.07000000,1856.89000000,1807.40000000,1849.81000000,222412.38010000
2023-06-21T16:00:00Z,1849.81000000,1901.00000000,1846.88000000,1889.11000000,240256.01020000
2023-06-22T00:00:00Z,1889.10000000,1933.17000000,1883.80000000,1910.79000000,161446.51920000
2023-06-22T08:00:00Z,1910.79000000,1912.32000000,1865.98000000,1877.25000000,174920.97460000
2023-06-22T16:00:00Z,1877.24000000,1892.46000000,1867.07000000,1872.01000000,80347.07810000
2023-06-23T00:00:00Z,1872.00000000,1886.45000000,1862.56000000,1880.44000000,63447.11920000
2023-06-23T08:00:00Z,1880.44000000,1922.16000000,1861.01000000,1917.61000000,158908.63720000
2023-06-23T16:00:00Z,1917.61000000,1936.42000000,1876.00000000,1892.63000000,178792.17600000
2023-06-24T00:00:00Z,1892.63000000,1897.86000000,1878.15000000,1883.04000000,61796.10500000
2023-06-24T08:00:00Z,1883.04000000,1906.00000000,1868.43000000,1874.30000000,93732.13030000
2023-06-24T16:00:00Z,1874.31000000,1889.22000000,1864.77000000,1874.96000000,71382.05880000
2023-06-25T00:00:00Z,1874.95000000,1930.00000000,1868.83000000,1911.81000000,135810.43720000
2023-06-25T08:00:00Z,1911.81000000,1924.51000000,1881.47000000,1886.51000000,132407.56430000
2023-06-25T16:00:00Z,1886.51000000,1906.30000000,1881.56000000,1898.80000000,70539.61430000
2023-06-26T00:00:00Z,1898.80000000,1904.76000000,1866.00000000,1892.32000000,121368.07700000
2023-06-26T08:00:00Z,1892.32000000,1909.10000000,1871.01000000,1889.32000000,160975.05830000
2023-06-26T16:00:00Z,1889.33000000,1890.69000000,1837.18000000,1858.97000000,176400.72570000
2023-06-27T00:00:00Z,1858.97000000,1879.20000000,1855.19000000,1875.58000000,89098.38800000
2023-06-27T08:00:00Z,1875.59000000,1896.55000000,1863.60000000,1871.60000000,126835.15900000
2023-06-27T16:00:00Z,1871.60000000,1912.53000000,1869.62000000,1889.58000000,150701.02370000
2023-06-28T00:00:00Z,1889.58000000,1890.19000000,1848.58000000,1851.00000000,136066.93440000
2023-06-28T08:00:00Z,1851.00000000,1868.41000000,1845.06000000,1859.60000000,87671.94610000
2023-06-28T16:00:00Z,1859.60000000,1864.86000000,1816.56000000,1828.02000000,114097.69870000
2023-06-29T00:00:00Z,1828.03000000,1850.55000000,1827.84000000,1847.45000000,47633.24060000
2023-06-29T08:00:00Z,1847.45000000,1880.00000000,1846.74000000,1851.79000000,137076.54000000
2023-06-29T16:00:00Z,1851.79000000,1860.00000000,1841.38000000,1851.99000000,57135.04750000
2023-06-30T00:00:00Z,1851.99000000,1907.99000000,1841.50000000,1887.80000000,157646.87170000
2023-06-30T08:00:00Z,1887.81000000,1913.40000000,1825.01000000,1852.32000000,266612.93390000
2023-06-30T16:00:00Z,1852.32000000,1948.60000000,1849.00000000,1933.79000000,292278.29790000
2023-07-01T00:00:00Z,1933.80000000,1944.56000000,1909.44000000,1920.05000000,82522.53260000
2023-07-01T08:00:00Z,1920.04000000,1929.87000000,1911.60000000,1922.63000000,64858.99400000
2023-07-01T16:00:00Z,1922.63000000,1927.32000000,1916.60000000,1924.50000000,30991.84220000
2023-07-02T00:00:00Z,1924.50000000,1926.70000000,1910.06000000,1914.97000000,51879.15220000
2023-07-02T08:00:00Z,1914.96000000,1927.61000000,1885.75000000,1918.61000000,79135.08510000
2023-07-02T16:00:00Z,1918.60000000,1959.20000000,1901.61000000,1937.48000000,124838.54590000
2023-07-03T00:00:00Z,1937.49000000,1973.76000000,1933.55000000,1966.83000000,98572.09600000
2023-07-03T08:00:00Z,1966.83000000,1976.16000000,1954.60000000,1968.17000000,122555.35360000
2023-07-03T16:00:00Z,1968.17000000,1974.71000000,1948.22000000,1955.54000000,100974.97990000
2023-07-04T00:00:00Z,1955.55000000,1967.08000000,1946.39000000,1948.80000000,71188.12230000
2023-07-04T08:00:00Z,1948.81000000,1961.99000000,1946.54000000,1954.19000000,59264.14920000
2023-07-04T16:00:00Z,1954.19000000,1965.57000000,1931.58000000,1936.20000000,75072.82690000
2023-07-05T00:00:00Z,1936.19000000,1942.50000000,1932.15000000,1936.35000000,44213.60620000
2023-07-05T08:00:00Z,1936.36000000,1937.07000000,1894.51000000,1902.96000000,168509.30060000
2023-07-05T16:00:00Z,1902.97000000,1918.00000000,1901.26000000,1910.36000000,54910.57150000
2023-07-06T00:00:00Z,1910.35000000,1930.00000000,1898.80000000,1925.08000000,73015.65940000
2023-07-06T08:00:00Z,1925.09000000,1958.00000000,1865.08000000,1888.67000000,276004.82320000
2023-07-06T16:00:00Z,1888.66000000,1894.24000000,1846.00000000,1846.17000000,107342.25840000
2023-07-07T00:00:00Z,1846.17000000,1863.33000000,1826.00000000,1856.40000000,104434.72570000
2023-07-07T08:00:00Z,1856.41000000,1878.00000000,1851.43000000,1872.03000000,84145.85390000
2023-07-07T16:00:00Z,1872.04000000,1875.27000000,1856.29000000,1870.91000000,44363.76700000
2023-07-08T00:00:00Z,1870.92000000,1876.00000000,1855.00000000,1861.69000000,44365.13800000
2023-07-08T08:00:00Z,1861.69000000,1867.80000000,1855.86000000,1859.44000000,33419.34760000
2023-07-08T16:00:00Z,1859.43000000,1866.50000000,1842.80000000,1865.24000000,48035.34170000
2023-07-09T00:00:00Z,1865.24000000,1874.45000000,1862.71000000,1867.42000000,36892.56370000
2023-07-09T08:00:00Z,1867.42000000,1879.36000000,1856.66000000,1866.12000000,58174.55540000
2023-07-09T16:00:00Z,1866.13000000,1871.66000000,1856.15000000,1862.80000000,39979.25520000
2023-07-10T00:00:00Z,1862.81000000,1867.77000000,1846.63000000,1856.19000000,59710.43820000
2023-07-10T08:00:00Z,1856.20000000,1873.75000000,1849.40000000,1871.09000000,64865.06200000
2023-07-10T16:00:00Z,1871.09000000,1905.50000000,1865.54000000,1880.40000000,123292.64920000
2023-07-11T00:00:00Z,1880.41000000,1891.99000000,1875.50000000,1883.00000000,54732.48330000
2023-07-11T08:00:00Z,1883.01000000,1883.82000000,1862.38000000,1871.69000000,83547.37670000
2023-07-11T16:00:00Z,1871.68000000,1880.00000000,1866.01000000,1878.30000000,39491.75170000
2023-07-12T00:00:00Z,1878.31000000,1895.61000000,1876.51000000,1890.60000000,70208.46940000
2023-07-12T08:00:00Z,1890.59000000,1902.00000000,1878.20000000,1883.78000000,123512.23260000
2023-07-12T16:00:00Z,1883.77000000,1891.50000000,1864.37000000,1871.82000000,70686.16530000
2023-07-13T00:00:00Z,1871.82000000,1876.13000000,1862.59000000,1870.36000000,49889.27170000
2023-07-13T08:00:00Z,1870.37000000,1943.58000000,1869.86000000,1932.80000000,144877.74030000
2023-07-13T16:00:00Z,1932.80000000,2012.63000000,1930.90000000,2004.49000000,354094.40870000
2023-07-14T00:00:00Z,2004.49000000,2029.11000000,1987.11000000,1991.21000000,136224.30840000
2023-07-14T08:00:00Z,1991.21000000,2007.46000000,1983.81000000,1998.51000000,103760.50010000
2023-07-14T16:00:00Z,1998.52000000,2001.18000000,1898.39000000,1937.83000000,258739.22740000
2023-07-15T00:00:00Z,1937.82000000,1943.91000000,1926.23000000,1941.86000000,52891.47450000
2023-07-15T08:00:00Z,1941.86000000,1946.37000000,1929.00000000,1934.81000000,49449.67770000
2023-07-15T16:00:00Z,1934.81000000,1939.05000000,1926.60000000,1931.41000000,32840.61410000
2023-07-16T00:00:00Z,1931.41000000,1937.72000000,1914.00000000,1925.43000000,64375.97760000
2023-07-16T08:00:00Z,1925.43000000,1943.55000000,1925.42000000,1936.81000000,39101.20890000
2023-07-16T16:00:00Z,1936.81000000,1939.43000000,1916.73000000,1922.11000000,45189.91860000
2023-07-17T00:00:00Z,1922.12000000,1936.18000000,1917.23000000,1928.69000000,50328.94050000
2023-07-17T08:00:00Z,1928.70000000,1931.35000000,1889.36000000,1908.81000000,104453.72450000
2023-07-17T16:00:00Z,1908.81000000,1920.20000000,1873.26000000,1911.20000000,122376.36990000
2023-07-18T00:00:00Z,1911.21000000,1917.19000000,1893.36000000,1898.99000000,57753.89550000
2023-07-18T08:00:00Z,1898.99000000,1909.64000000,1885.08000000,1897.20000000,89048.63340000
2023-07-18T16:00:00Z,1897.21000000,1903.58000000,1875.73000000,1897.21000000,68977.97170000
2023-07-19T00:00:00Z,1897.21000000,1917.98000000,1895.09000000,1908.61000000,59062.83000000
2023-07-19T08:00:00Z,1908.60000000,1922.04000000,1894.24000000,1906.31000000,68836.75830000
2023-07-19T16:00:00Z,1906.21000000,1917.74000000,1882.17000000,1888.63000000,90145.41220000
2023-07-20T00:00:00Z,1888.64000000,1914.36000000,1882.70000000,1912.52000000,67255.24110000
2023-07-20T08:00:00Z,1912.51000000,1929.05000000,1884.45000000,1888.61000000,149857.81660000
2023-07-20T16:00:00Z,1888.60000000,1898.74000000,1878.00000000,1891.59000000,75794.45870000
2023-07-21T00:00:00Z,1891.59000000,1901.76000000,1886.64000000,1889.30000000,49806.19200000
2023-07-21T08:00:00Z,1889.30000000,1896.41000000,1884.64000000,1891.07000000,60559.64020000
2023-07-21T16:00:00Z,1891.08000000,1905.74000000,1885.13000000,1891.73000000,55188.21060000
2023-07-22T00:00:00Z,1891.73000000,1897.35000000,1890.42000000,1891.78000000,31336.12600000
2023-07-22T08:00:00Z,1891.78000000,1894.53000000,1883.79000000,1888.65000000,30751.72230000
2023-07-22T16:00:00Z,1888.64000000,1890.59000000,1851.18000000,1866.52000000,69813.80040000
2023-07-23T00:00:00Z,1866.52000000,1879.14000000,1857.82000000,1875.04000000,51071.75070000
2023-07-23T08:00:00Z,1875.04000000,1878.43000000,1872.04000000,1873.96000000,23652.10290000
2023-07-23T16:00:00Z,1873.96000000,1905.25000000,1873.95000000,1888.73000000,78777.16420000
2023-07-24T00:00:00Z,1888.74000000,1890.86000000,1862.60000000,1874.99000000,53141.31580000
2023-07-24T08:00:00Z,1875.00000000,1875.00000000,1833.19000000,1843.09000000,165957.01560000
2023-07-24T16:00:00Z,1843.09000000,1851.82000000,1839.08000000,1850.00000000,57406.22330000
2023-07-25T00:00:00Z,1850.00000000,1856.44000000,1845.45000000,1850.73000000,36452.14460000
2023-07-25T08:00:00Z,1850.73000000,1868.71000000,1849.38000000,1858.04000000,69575.67790000
2023-07-25T16:00:00Z,1858.04000000,1866.38000000,1852.92000000,1857.66000000,46223.38750000
2023-07-26T00:00:00Z,1857.66000000,1866.94000000,1851.73000000,1853.13000000,49936.02570000
2023-07-26T08:00:00Z,1853.14000000,1861.00000000,1848.35000000,1860.71000000,82681.66340000
2023-07-26T16:00:00Z,1860.71000000,1888.00000000,1855.11000000,1872.00000000,139472.84420000
2023-07-27T00:00:00Z,1871.99000000,1882.08000000,1864.70000000,1871.88000000,50871.53430000
2023-07-27T08:00:00Z,1871.88000000,1886.11000000,1863.99000000,1868.66000000,66688.67340000
2023-07-27T16:00:00Z,1868.65000000,1869.22000000,1854.84000000,1861.28000000,46206.21820000
2023-07-28T00:00:00Z,1861.29000000,1864.99000000,1856.52000000,1859.22000000,38868.71520000
2023-07-28T08:00:00Z,1859.23000000,1883.39000000,1858.88000000,1875.22000000,70079.49240000
2023-07-28T16:00:00Z,1875.21000000,1879.56000000,1866.27000000,1874.19000000,29747.50710000
2023-07-29T00:00:00Z,1874.20000000,1877.09000000,1871.19000000,1872.19000000,21368.67380000
2023-07-29T08:00:00Z,1872.20000000,1875.79000000,1869.54000000,1872.72000000,24612.39680000
2023-07-29T16:00:00Z,1872.72000000,1886.58000000,1871.25000000,1880.46000000,26885.95630000
2023-07-30T00:00:00Z,1880.45000000,1881.52000000,1873.44000000,1875.29000000,23655.83590000
2023-07-30T08:00:00Z,1875.29000000,1885.30000000,1871.37000000,1876.43000000,42120.22030000
2023-07-30T16:00:00Z,1876.43000000,1879.21000000,1848.17000000,1861.79000000,92881.53400000
2023-07-31T00:00:00Z,1861.79000000,1877.40000000,1861.12000000,1865.33000000,56398.49040000
2023-07-31T08:00:00Z,1865.34000000,1873.21000000,1856.67000000,1857.37000000,55263.23510000
2023-07-31T16:00:00Z,1857.37000000,1863.12000000,1851.02000000,1856.14000000,56542.72790000
2023-08-01T00:00:00Z,1856.13000000,1864.70000000,1815.98000000,1834.19000000,138071.99390000
2023-08-01T08:00:00Z,1834.18000000,1837.37000000,1813.80000000,1834.58000000,97370.88470000
2023-08-01T16:00:00Z,1834.59000000,1875.62000000,1829.81000000,1873.47000000,123033.21800000
2023-08-02T00:00:00Z,1873.48000000,1879.74000000,1856.16000000,1857.08000000,77852.12240000
2023-08-02T08:00:00Z,1857.08000000,1861.01000000,1834.44000000,1842.42000000,84514.99410000
2023-08-02T16:00:00Z,1842.42000000,1847.53000000,1821.21000000,1839.90000000,91845.93880000
2023-08-03T00:00:00Z,1839.90000000,1846.07000000,1832.00000000,1832.16000000,41448.88900000
2023-08-03T08:00:00Z,1832.16000000,1850.00000000,1826.00000000,1840.50000000,56435.67740000
2023-08-03T16:00:00Z,1840.49000000,1859.12000000,1831.11000000,1835.81000000,73263.48560000
2023-08-04T00:00:00Z,1835.81000000,1839.07000000,1828.35000000,1837.80000000,41233.72770000
2023-08-04T08:00:00Z,1837.81000000,1851.31000000,1831.50000000,1847.26000000,74018.19690000
2023-08-04T16:00:00Z,1847.26000000,1848.57000000,1815.74000000,1830.23000000,72447.53060000
2023-08-05T00:00:00Z,1830.24000000,1834.02000000,1827.50000000,1831.08000000,32819.89790000
2023-08-05T08:00:00Z,1831.07000000,1837.09000000,1830.20000000,1833.79000000,32922.77160000
2023-08-05T16:00:00Z,1833.78000000,1839.00000000,1830.86000000,1836.48000000,27914.65600000
2023-08-06T00:00:00Z,1836.48000000,1838.58000000,1832.36000000,1835.15000000,27195.50620000
2023-08-06T08:00:00Z,1835.15000000,1837.86000000,1825.86000000,1829.29000000,33200.73290000
2023-08-06T16:00:00Z,1829.29000000,1838.05000000,1828.00000000,1830.28000000,30007.75240000
2023-08-07T00:00:00Z,1830.28000000,1847.00000000,1826.41000000,1836.87000000,53069.54480000
2023-08-07T08:00:00Z,1836.87000000,1837.39000000,1813.86000000,1818.18000000,71132.08740000
2023-08-07T16:00:00Z,1818.18000000,1831.33000000,1802.00000000,1829.10000000,99891.27370000
2023-08-08T00:00:00Z,1829.10000000,1839.20000000,1826.33000000,1830.56000000,41767.60130000
2023-08-08T08:00:00Z,1830.56000000,1848.96000000,1830.09000000,1843.58000000,68093.73620000
2023-08-08T16:00:00Z,1843.58000000,1876.51000000,1843.40000000,1856.30000000,126474.69250000
2023-08-09T00:00:00Z,1856.30000000,1863.25000000,1852.18000000,1861.10000000,66842.55340000
2023-08-09T08:00:00Z,1861.11000000,1871.99000000,1851.12000000,1853.20000000,79674.47810000
2023-08-09T16:00:00Z,1853.20000000,1858.75000000,1846.28000000,1855.35000000,45409.80280000
2023-08-10T00:00:00Z,1855.36000000,1858.02000000,1849.75000000,1851.06000000,31788.54240000
2023-08-10T08:00:00Z,1851.05000000,1865.95000000,1848.10000000,1853.76000000,66447.06320000
2023-08-10T16:00:00Z,1853.77000000,1854.27000000,1845.38000000,1852.47000000,29085.84970000
2023-08-11T00:00:00Z,1852.47000000,1854.80000000,1842.81000000,1849.38000000,36064.16030000
2023-08-11T08:00:00Z,1849.38000000,1857.26000000,1843.83000000,1845.80000000,44226.11370000
2023-08-11T16:00:00Z,1845.80000000,1850.99000000,1838.05000000,1848.84000000,32919.03630000
2023-08-12T00:00:00Z,1848.84000000,1854.01000000,1847.06000000,1850.69000000,23366.79310000
2023-08-12T08:00:00Z,1850.69000000,1853.67000000,1848.63000000,1850.83000000,24969.66260000
2023-08-12T16:00:00Z,1850.84000000,1852.68000000,1846.08000000,1849.93000000,14956.19190000
2023-08-13T00:00:00Z,1849.94000000,1851.55000000,1846.68000000,1850.00000000,18076.61390000
2023-08-13T08:00:00Z,1850.00000000,1851.85000000,1847.30000000,1848.01000000,19330.13460000
2023-08-13T16:00:00Z,1848.01000000,1862.00000000,1834.51000000,1840.73000000,83267.38790000
2023-08-14T00:00:00Z,1840.73000000,1852.20000000,1835.00000000,1849.81000000,60437.53200000
2023-08-14T08:00:00Z,1849.80000000,1856.50000000,1844.33000000,1853.41000000,48301.71350000
2023-08-14T16:00:00Z,1853.40000000,1855.68000000,1839.83000000,1845.50000000,41456.87480000
2023-08-15T00:00:00Z,1845.50000000,1847.36000000,1840.39000000,1843.71000000,44146.41240000
2023-08-15T08:00:00Z,1843.70000000,1846.00000000,1838.00000000,1840.40000000,52282.37130000
2023-08-15T16:00:00Z,1840.40000000,1842.28000000,1814.00000000,1828.98000000,89652.91520000
2023-08-16T00:00:00Z,1828.98000000,1831.52000000,1818.97000000,1827.26000000,52950.51340000
2023-08-16T08:00:00Z,1827.25000000,1828.31000000,1818.80000000,1820.60000000,51586.42670000
2023-08-16T16:00:00Z,1820.59000000,1829.22000000,1798.17000000,1807.81000000,100893.79670000
2023-08-17T00:00:00Z,1807.81000000,1809.99000000,1780.04000000,1799.96000000,85750.23810000
2023-08-17T08:00:00Z,1799.95000000,1800.04000000,1726.00000000,1739.61000000,221931.15930000
2023-08-17T16:00:00Z,1739.62000000,1749.00000000,1550.00000000,1681.49000000,504456.81850000
2023-08-18T00:00:00Z,1681.49000000,1699.40000000,1662.06000000,1690.60000000,205521.70780000
2023-08-18T08:00:00Z,1690.60000000,1697.00000000,1653.74000000,1660.71000000,161240.17200000
2023-08-18T16:00:00Z,1660.72000000,1678.57000000,1641.02000000,1661.59000000,171321.22200000
2023-08-19T00:00:00Z,1661.60000000,1671.64000000,1654.31000000,1661.29000000,64748.44590000
2023-08-19T08:00:00Z,1661.29000000,1683.92000000,1658.05000000,1683.38000000,71324.12590000
2023-08-19T16:00:00Z,1683.37000000,1696.72000000,1663.60000000,1669.67000000,95846.47670000
2023-08-20T00:00:00Z,1669.68000000,1675.19000000,1662.03000000,1665.93000000,48630.03190000
2023-08-20T08:00:00Z,1665.92000000,1679.76000000,1663.40000000,1671.14000000,86782.22040000
2023-08-20T16:00:00Z,1671.14000000,1694.75000000,1665.71000000,1685.24000000,60211.27400000
2023-08-21T00:00:00Z,1685.23000000,1688.59000000,1669.61000000,1671.92000000,69986.00940000
2023-08-21T08:00:00Z,1671.92000000,1683.95000000,1649.40000000,1657.69000000,127002.75680000
2023-08-21T16:00:00Z,1657.68000000,1676.94000000,1656.91000000,1667.55000000,53846.38560000
2023-08-22T00:00:00Z,1667.56000000,1669.38000000,1661.05000000,1666.64000000,39744.88240000
2023-08-22T08:00:00Z,1666.63000000,1668.03000000,1645.81000000,1649.88000000,85010.33130000
2023-08-22T16:00:00Z,1649.88000000,1651.29000000,1580.00000000,1634.99000000,277256.83130000
2023-08-23T00:00:00Z,1635.00000000,1658.09000000,1629.05000000,1645.30000000,95087.50770000
2023-08-23T08:00:00Z,1645.30000000,1660.00000000,1634.46000000,1657.37000000,99750.58340000
2023-08-23T16:00:00Z,1657.37000000,1702.11000000,1655.80000000,1679.61000000,179923.01770000
2023-08-24T00:00:00Z,1679.61000000,1683.37000000,1672.36000000,1674.69000000,38758.97190000
2023-08-24T08:00:00Z,1674.69000000,1677.86000000,1642.02000000,1643.40000000,90953.57940000
2023-08-24T16:00:00Z,1643.40000000,1665.28000000,1635.28000000,1661.16000000,101827.22920000
2023-08-25T00:00:00Z,1661.16000000,1664.28000000,1645.66000000,1651.30000000,57156.09530000
2023-08-25T08:00:00Z,1651.30000000,1677.22000000,1636.22000000,1646.26000000,113415.44280000
2023-08-25T16:00:00Z,1646.27000000,1655.65000000,1635.51000000,1653.80000000,65690.15170000
2023-08-26T00:00:00Z,1653.79000000,1655.59000000,1650.83000000,1652.83000000,20702.31670000
2023-08-26T08:00:00Z,1652.82000000,1654.01000000,1646.66000000,1651.50000000,34083.93320000
2023-08-26T16:00:00Z,1651.51000000,1652.00000000,1644.00000000,1647.04000000,24389.17510000
2023-08-27T00:00:00Z,1647.03000000,1655.28000000,1646.32000000,1648.45000000,25561.36130000
2023-08-27T08:00:00Z,1648.45000000,1659.85000000,1647.38000000,1655.44000000,36389.44830000
2023-08-27T16:00:00Z,1655.44000000,1660.24000000,1650.05000000,1658.33000000,25839.11000000
2023-08-28T00:00:00Z,1658.33000000,1658.33000000,1636.09000000,1641.47000000,55684.72770000
2023-08-28T08:00:00Z,1641.47000000,1664.34000000,1621.75000000,1648.91000000,106382.79200000
2023-08-28T16:00:00Z,1648.92000000,1657.26000000,1637.88000000,1653.08000000,52283.49460000
2023-08-29T00:00:00Z,1653.08000000,1662.32000000,1644.98000000,1647.48000000,68664.88950000
2023-08-29T08:00:00Z,1647.48000000,1736.50000000,1640.00000000,1714.99000000,242237.81260000
2023-08-29T16:00:00Z,1715.00000000,1745.84000000,1708.91000000,1729.42000000,183468.38020000
2023-08-30T00:00:00Z,1729.41000000,1730.93000000,1712.76000000,1717.61000000,56382.18570000
2023-08-30T08:00:00Z,1717.60000000,1722.23000000,1694.34000000,1703.61000000,103744.24710000
2023-08-30T16:00:00Z,1703.61000000,1708.34000000,1695.93000000,1705.23000000,42715.00740000
2023-08-31T00:00:00Z,1705.23000000,1707.32000000,1697.29000000,1706.41000000,27112.84120000
2023-08-31T08:00:00Z,1706.42000000,1729.00000000,1677.51000000,1689.00000000,115046.36620000
2023-08-31T16:00:00Z,1689.00000000,1689.01000000,1630.00000000,1645.76000000,188359.05940000
2023-09-01T00:00:00Z,1645.77000000,1654.53000000,1643.45000000,1646.26000000,44787.11620000
2023-09-01T08:00:00Z,1646.27000000,1652.30000000,1622.01000000,1634.86000000,116291.17940000
2023-09-01T16:00:00Z,1634.87000000,1638.09000000,1602.33000000,1629.12000000,141327.87300000
2023-09-02T00:00:00Z,1629.13000000,1636.56000000,1628.03000000,1631.70000000,33466.80850000
2023-09-02T08:00:00Z,1631.70000000,1645.00000000,1630.18000000,1638.79000000,41776.34180000
2023-09-02T16:00:00Z,1638.80000000,1640.81000000,1628.21000000,1637.03000000,26902.79730000
2023-09-03T00:00:00Z,1637.02000000,1639.20000000,1631.72000000,1635.59000000,21223.87070000
2023-09-03T08:00:00Z,1635.58000000,1641.08000000,1628.17000000,1633.15000000,41743.31430000
2023-09-03T16:00:00Z,1633.14000000,1647.50000000,1625.14000000,1635.84000000,53800.10120000
2023-09-04T00:00:00Z,1635.84000000,1644.82000000,1632.30000000,1638.97000000,35606.11350000
2023-09-04T08:00:00Z,1638.97000000,1640.69000000,1618.60000000,1626.21000000,69814.38880000
2023-09-04T16:00:00Z,1626.21000000,1635.91000000,1616.32000000,1630.51000000,62590.40330000
2023-09-05T00:00:00Z,1630.52000000,1631.32000000,1609.69000000,1625.01000000,73551.86670000
2023-09-05T08:00:00Z,1625.02000000,1648.02000000,1620.84000000,1636.62000000,86934.22340000
2023-09-05T16:00:00Z,1636.62000000,1643.45000000,1626.91000000,1634.45000000,43879.40060000
2023-09-06T00:00:00Z,1634.46000000,1640.31000000,1627.92000000,1629.41000000,43178.88560000
2023-09-06T08:00:00Z,1629.41000000,1636.36000000,1619.56000000,1623.44000000,53992.09240000
2023-09-06T16:00:00Z,1623.44000000,1670.00000000,1609.20000000,1633.15000000,122370.04130000
2023-09-07T00:00:00Z,1633.15000000,1642.47000000,1631.80000000,1635.84000000,66682.05330000
2023-09-07T08:00:00Z,1635.83000000,1635.84000000,1623.40000000,1630.52000000,57267.92780000
2023-09-07T16:00:00Z,1630.52000000,1660.00000000,1629.74000000,1648.11000000,104608.29710000
2023-09-08T00:00:00Z,1648.11000000,1658.93000000,1643.16000000,1646.88000000,86065.01910000
2023-09-08T08:00:00Z,1646.88000000,1647.59000000,1616.21000000,1628.62000000,90288.29700000
2023-09-08T16:00:00Z,1628.61000000,1639.00000000,1624.65000000,1636.44000000,45216.72970000
2023-09-09T00:00:00Z,1636.43000000,1636.98000000,1631.97000000,1634.54000000,15198.68920000
2023-09-09T08:00:00Z,1634.54000000,1637.45000000,1629.74000000,1635.17000000,29589.53020000
2023-09-09T16:00:00Z,1635.18000000,1637.52000000,1632.32000000,1635.54000000,13731.40350000
2023-09-10T00:00:00Z,1635.53000000,1635.70000000,1618.23000000,1624.87000000,42130.92250000
2023-09-10T08:00:00Z,1624.87000000,1628.35000000,1611.19000000,1619.80000000,50437.08380000
2023-09-10T16:00:00Z,1619.80000000,1628.23000000,1600.00000000,1617.42000000,115389.83650000
2023-09-11T00:00:00Z,1617.42000000,1619.00000000,1603.22000000,1612.23000000,47418.54110000
2023-09-11T08:00:00Z,1612.22000000,1612.60000000,1550.00000000,1562.65000000,243001.95310000
2023-09-11T16:00:00Z,1562.64000000,1568.06000000,1531.01000000,1551.85000000,127004.32470000
2023-09-12T00:00:00Z,1551.84000000,1594.82000000,1549.67000000,1580.05000000,115333.85970000
2023-09-12T08:00:00Z,1580.04000000,1626.00000000,1576.38000000,1603.85000000,134495.39560000
2023-09-12T16:00:00Z,1603.84000000,1622.00000000,1584.57000000,1592.97000000,79910.71320000
2023-09-13T00:00:00Z,1592.97000000,1603.60000000,1581.88000000,1584.51000000,69120.62140000
2023-09-13T08:00:00Z,1584.51000000,1619.30000000,1583.25000000,1608.17000000,98498.37080000
2023-09-13T16:00:00Z,1608.17000000,1615.76000000,1595.43000000,1607.62000000,55790.29670000
2023-09-14T00:00:00Z,1607.61000000,1638.00000000,1607.05000000,1621.35000000,101826.97170000
2023-09-14T08:00:00Z,1621.35000000,1644.13000000,1617.07000000,1634.62000000,107163.59380000
2023-09-14T16:00:00Z,1634.62000000,1644.29000000,1624.27000000,1626.47000000,66310.58500000
2023-09-15T00:00:00Z,1626.48000000,1635.88000000,1622.36000000,1627.85000000,44352.44520000
2023-09-15T08:00:00Z,1627.85000000,1632.07000000,1611.42000000,1619.47000000,58146.11110000
2023-09-15T16:00:00Z,1619.47000000,1654.08000000,1617.47000000,1641.29000000,78841.46770000
2023-09-16T00:00:00Z,1641.30000000,1653.17000000,1634.29000000,1636.80000000,47418.21320000
2023-09-16T08:00:00Z,1636.80000000,1639.37000000,1631.31000000,1634.46000000,28533.12580000
2023-09-16T16:00:00Z,1634.45000000,1639.42000000,1631.74000000,1634.40000000,23604.12810000
2023-09-17T00:00:00Z,1634.40000000,1634.40000000,1619.54000000,1627.76000000,38265.50880000
2023-09-17T08:00:00Z,1627.76000000,1635.00000000,1627.24000000,1629.48000000,36082.89420000
2023-09-17T16:00:00Z,1629.49000000,1629.49000000,1612.00000000,1622.48000000,45879.00870000
2023-09-18T00:00:00Z,1622.48000000,1638.48000000,1603.88000000,1634.01000000,80108.49820000
2023-09-18T08:00:00Z,1634.01000000,1669.50000000,1630.82000000,1655.36000000,131219.49870000
2023-09-18T16:00:00Z,1655.35000000,1658.67000000,1632.97000000,1636.66000000,67713.70090000
2023-09-19T00:00:00Z,1636.66000000,1639.88000000,1626.32000000,1636.16000000,41330.76960000
2023-09-19T08:00:00Z,1636.16000000,1661.04000000,1634.44000000,1656.81000000,94317.14390000
2023-09-19T16:00:00Z,1656.80000000,1659.52000000,1637.11000000,1643.12000000,48634.51230000
2023-09-20T00:00:00Z,1643.13000000,1649.34000000,1630.42000000,1634.52000000,62842.59900000
2023-09-20T08:00:00Z,1634.53000000,1638.42000000,1618.48000000,1629.29000000,82462.97020000
2023-09-20T16:00:00Z,1629.29000000,1640.79000000,1604.51000000,1622.26000000,87538.66550000
2023-09-21T00:00:00Z,1622.27000000,1625.30000000,1613.68000000,1618.26000000,46469.01230000
2023-09-21T08:00:00Z,1618.25000000,1622.50000000,1567.77000000,1583.63000000,148664.36530000
2023-09-21T16:00:00Z,1583.64000000,1592.98000000,1582.03000000,1583.94000000,45494.16640000
2023-09-22T00:00:00Z,1583.94000000,1597.37000000,1576.58000000,1595.65000000,44390.42410000
2023-09-22T08:00:00Z,1595.64000000,1602.68000000,1593.01000000,1593.43000000,43792.97040000
2023-09-22T16:00:00Z,1593.44000000,1599.20000000,1586.83000000,1593.08000000,36702.69650000
2023-09-23T00:00:00Z,1593.07000000,1598.24000000,1589.91000000,1594.45000000,23129.95110000
2023-09-23T08:00:00Z,1594.45000000,1595.00000000,1587.45000000,1590.47000000,20931.61160000
2023-09-23T16:00:00Z,1590.48000000,1595.46000000,1588.85000000,1593.86000000,20475.57140000
2023-09-24T00:00:00Z,1593.85000000,1594.82000000,1590.90000000,1591.91000000,17320.42470000
2023-09-24T08:00:00Z,1591.90000000,1596.47000000,1588.20000000,1590.64000000,30217.61550000
2023-09-24T16:00:00Z,1590.64000000,1601.12000000,1570.01000000,1580.71000000,89979.81310000
2023-09-25T00:00:00Z,1580.71000000,1588.20000000,1563.01000000,1581.25000000,66687.22430000
2023-09-25T08:00:00Z,1581.26000000,1589.74000000,1564.35000000,1584.64000000,60645.22800000
2023-09-25T16:00:00Z,1584.64000000,1597.50000000,1584.45000000,1588.33000000,49374.47540000
2023-09-26T00:00:00Z,1588.34000000,1595.11000000,1586.17000000,1588.90000000,28354.21050000
2023-09-26T08:00:00Z,1588.90000000,1599.78000000,1580.05000000,1582.99000000,58844.59990000
2023-09-26T16:00:00Z,1582.99000000,1595.67000000,1582.09000000,1594.01000000,38384.20570000
2023-09-27T00:00:00Z,1594.02000000,1597.97000000,1589.65000000,1592.47000000,38831.06920000
2023-09-27T08:00:00Z,1592.47000000,1634.10000000,1590.24000000,1601.63000000,177429.13840000
2023-09-27T16:00:00Z,1601.64000000,1603.12000000,1583.50000000,1598.64000000,58144.22520000
2023-09-28T00:00:00Z,1598.63000000,1621.93000000,1598.14000000,1619.35000000,86233.58680000
2023-09-28T08:00:00Z,1619.35000000,1654.37000000,1614.47000000,1652.58000000,133443.85520000
2023-09-28T16:00:00Z,1652.57000000,1668.21000000,1643.51000000,1652.99000000,111732.25950000
2023-09-29T00:00:00Z,1653.00000000,1688.00000000,1648.37000000,1686.20000000,102065.59900000
2023-09-29T08:00:00Z,1686.19000000,1686.60000000,1655.00000000,1672.25000000,110510.10730000
2023-09-29T16:00:00Z,1672.25000000,1673.21000000,1657.00000000,1667.45000000,39399.96650000
2023-09-30T00:00:00Z,1667.45000000,1675.57000000,1666.19000000,1671.94000000,26533.34200000
2023-09-30T08:00:00Z,1671.95000000,1694.32000000,1671.63000000,1683.33000000,69615.74490000
2023-09-30T16:00:00Z,1683.32000000,1686.22000000,1666.33000000,1670.89000000,40775.82720000
2023-10-01T00:00:00Z,1670.89000000,1680.59000000,1670.42000000,1678.44000000,29817.88990000
2023-10-01T08:00:00Z,1678.45000000,1692.08000000,1676.71000000,1684.03000000,55462.43610000
2023-10-01T16:00:00Z,1684.02000000,1751.00000000,1668.00000000,1733.79000000,140331.26080000
2023-10-02T00:00:00Z,1733.80000000,1735.53000000,1712.27000000,1730.42000000,93907.98180000
2023-10-02T08:00:00Z,1730.43000000,1744.00000000,1687.41000000,1691.60000000,131009.22190000
2023-10-02T16:00:00Z,1691.61000000,1693.95000000,1636.79000000,1662.40000000,153658.48610000
2023-10-03T00:00:00Z,1662.41000000,1670.65000000,1659.91000000,1662.42000000,49379.38220000
2023-10-03T08:00:00Z,1662.42000000,1667.68000000,1643.00000000,1648.46000000,86137.07270000
2023-10-03T16:00:00Z,1648.45000000,1659.84000000,1645.68000000,1656.88000000,62770.66150000
2023-10-04T00:00:00Z,1656.88000000,1657.66000000,1625.00000000,1644.77000000,84214.46760000
2023-10-04T08:00:00Z,1644.77000000,1652.57000000,1627.39000000,1632.63000000,67932.00000000
2023-10-04T16:00:00Z,1632.64000000,1654.81000000,1631.70000000,1646.58000000,70715.24910000
2023-10-05T00:00:00Z,1646.58000000,1655.47000000,1631.88000000,1636.07000000,47256.10560000
2023-10-05T08:00:00Z,1636.07000000,1649.53000000,1606.73000000,1618.30000000,114069.13780000
2023-10-05T16:00:00Z,1618.30000000,1621.50000000,1608.40000000,1611.79000000,76053.50150000
2023-10-06T00:00:00Z,1611.79000000,1632.75000000,1611.79000000,1630.89000000,41809.02120000
2023-10-06T08:00:00Z,1630.88000000,1649.71000000,1611.68000000,1642.86000000,109487.99340000
2023-10-06T16:00:00Z,1642.87000000,1662.00000000,1634.43000000,1645.03000000,69210.91400000
2023-10-07T00:00:00Z,1645.03000000,1647.71000000,1636.12000000,1636.78000000,29617.87990000
2023-10-07T08:00:00Z,1636.78000000,1643.29000000,1635.00000000,1638.55000000,38997.10090000
2023-10-07T16:00:00Z,1638.54000000,1639.37000000,1630.03000000,1633.57000000,32626.59240000
2023-10-08T00:00:00Z,1633.56000000,1641.40000000,1625.00000000,1628.88000000,43172.83300000
2023-10-08T08:00:00Z,1628.88000000,1637.45000000,1616.17000000,1631.20000000,67845.49110000
2023-10-08T16:00:00Z,1631.20000000,1638.95000000,1627.46000000,1632.84000000,38406.33940000
2023-10-09T00:00:00Z,1632.85000000,1636.00000000,1617.11000000,1620.73000000,43570.65350000
2023-10-09T08:00:00Z,1620.73000000,1621.81000000,1583.32000000,1586.29000000,139872.97310000
2023-10-09T16:00:00Z,1586.28000000,1586.88000000,1546.00000000,1580.13000000,156697.47220000
2023-10-10T00:00:00Z,1580.13000000,1594.09000000,1576.03000000,1590.23000000,52521.76140000
2023-10-10T08:00:00Z,1590.22000000,1594.90000000,1563.77000000,1567.84000000,109530.73730000
2023-10-10T16:00:00Z,1567.85000000,1572.89000000,1550.55000000,1567.63000000,78606.83000000
2023-10-11T00:00:00Z,1567.62000000,1575.75000000,1544.26000000,1557.01000000,80868.57940000
2023-10-11T08:00:00Z,1557.02000000,1578.43000000,1553.99000000,1559.44000000,97687.05200000
2023-10-11T16:00:00Z,1559.45000000,1569.37000000,1548.92000000,1566.87000000,81698.33570000
2023-10-12T00:00:00Z,1566.86000000,1568.56000000,1556.27000000,1559.32000000,44024.58330000
2023-10-12T08:00:00Z,1559.32000000,1561.04000000,1534.55000000,1541.67000000,104545.54710000
2023-10-12T16:00:00Z,1541.66000000,1545.19000000,1521.00000000,1539.61000000,88651.36730000
2023-10-13T00:00:00Z,1539.61000000,1554.79000000,1538.12000000,1549.55000000,52535.93210000
2023-10-13T08:00:00Z,1549.55000000,1553.87000000,1537.76000000,1539.64000000,53138.70090000
2023-10-13T16:00:00Z,1539.63000000,1575.36000000,1539.33000000,1552.16000000,86531.24060000
2023-10-14T00:00:00Z,1552.16000000,1556.48000000,1545.12000000,1547.78000000,45638.05020000
2023-10-14T08:00:00Z,1547.78000000,1557.94000000,1544.55000000,1556.23000000,28966.75330000
2023-10-14T16:00:00Z,1556.22000000,1561.72000000,1552.73000000,1554.94000000,25709.87190000
2023-10-15T00:00:00Z,1554.94000000,1557.84000000,1549.60000000,1554.95000000,24608.19020000
2023-10-15T08:00:00Z,1554.95000000,1560.45000000,1547.44000000,1553.89000000,42919.55210000
2023-10-15T16:00:00Z,1553.88000000,1567.62000000,1550.35000000,1557.77000000,52783.53150000
2023-10-16T00:00:00Z,1557.78000000,1588.97000000,1555.06000000,1578.73000000,91333.00640000
2023-10-16T08:00:00Z,1578.73000000,1639.43000000,1566.00000000,1577.60000000,231317.76130000
2023-10-16T16:00:00Z,1577.61000000,1604.85000000,1573.33000000,1599.42000000,95860.09670000
2023-10-17T00:00:00Z,1599.41000000,1600.53000000,1582.66000000,1590.38000000,50959.49810000
2023-10-17T08:00:00Z,1590.37000000,1594.05000000,1565.00000000,1575.51000000,106758.74940000
2023-10-17T16:00:00Z,1575.50000000,1580.26000000,1551.08000000,1565.01000000,77098.82240000
2023-10-18T00:00:00Z,1565.01000000,1582.13000000,1562.40000000,1572.47000000,55401.35760000
2023-10-18T08:00:00Z,1572.47000000,1585.42000000,1568.56000000,1570.10000000,70584.41160000
2023-10-18T16:00:00Z,1570.11000000,1574.86000000,1555.88000000,1563.44000000,51764.45610000
2023-10-19T00:00:00Z,1563.45000000,1567.12000000,1541.61000000,1551.91000000,76216.05330000
2023-10-19T08:00:00Z,1551.91000000,1565.31000000,1541.76000000,1561.20000000,68675.71420000
2023-10-19T16:00:00Z,1561.20000000,1574.45000000,1559.86000000,1566.57000000,71325.90000000
2023-10-20T00:00:00Z,1566.57000000,1594.99000000,1561.19000000,1583.50000000,90170.89110000
2023-10-20T08:00:00Z,1583.49000000,1630.40000000,1583.11000000,1605.46000000,177232.89830000
2023-10-20T16:00:00Z,1605.45000000,1610.00000000,1597.15000000,1603.89000000,48592.00260000
2023-10-21T00:00:00Z,1603.88000000,1607.15000000,1592.36000000,1606.59000000,37307.27940000
2023-10-21T08:00:00Z,1606.58000000,1629.64000000,1602.50000000,1628.70000000,59624.27820000
2023-10-21T16:00:00Z,1628.70000000,1644.53000000,1620.16000000,1628.94000000,79487.85160000
2023-10-22T00:00:00Z,1628.94000000,1648.00000000,1623.26000000,1630.30000000,84561.04990000
2023-10-22T08:00:00Z,1630.31000000,1637.41000000,1621.10000000,1625.75000000,52252.80590000
2023-10-22T16:00:00Z,1625.74000000,1667.80000000,1624.23000000,1663.70000000,91837.06670000
2023-10-23T00:00:00Z,1663.69000000,1705.79000000,1657.07000000,1676.15000000,189712.28130000
2023-10-23T08:00:00Z,1676.14000000,1684.36000000,1662.34000000,1676.49000000,94879.70900000
2023-10-23T16:00:00Z,1676.49000000,1800.00000000,1671.09000000,1765.46000000,326339.97600000
2023-10-24T00:00:00Z,1765.47000000,1850.00000000,1757.64000000,1808.99000000,313096.89690000
2023-10-24T08:00:00Z,1808.98000000,1854.38000000,1762.13000000,1778.19000000,246832.34680000
2023-10-24T16:00:00Z,1778.18000000,1799.97000000,1756.21000000,1784.98000000,114125.89380000
2023-10-25T00:00:00Z,1784.98000000,1807.01000000,1761.17000000,1769.23000000,112468.29500000
2023-10-25T08:00:00Z,1769.24000000,1817.69000000,1760.00000000,1806.24000000,148416.98220000
2023-10-25T16:00:00Z,1806.23000000,1814.99000000,1776.04000000,1787.15000000,93525.55220000
2023-10-26T00:00:00Z,1787.15000000,1857.87000000,1779.42000000,1849.34000000,142309.87010000
2023-10-26T08:00:00Z,1849.35000000,1865.54000000,1767.00000000,1778.24000000,214335.04020000
2023-10-26T16:00:00Z,1778.23000000,1811.55000000,1762.21000000,1803.38000000,74524.13500000
2023-10-27T00:00:00Z,1803.39000000,1803.91000000,1772.83000000,1776.77000000,63871.25120000
2023-10-27T08:00:00Z,1776.78000000,1796.84000000,1770.25000000,1782.80000000,111433.96970000
2023-10-27T16:00:00Z,1782.80000000,1784.76000000,1744.66000000,1779.40000000,99227.47120000
2023-10-28T00:00:00Z,1779.41000000,1795.41000000,1778.87000000,1787.55000000,38333.16070000
2023-10-28T08:00:00Z,1787.55000000,1803.23000000,1775.58000000,1790.78000000,55232.10510000
2023-10-28T16:00:00Z,1790.78000000,1790.96000000,1770.00000000,1776.20000000,29354.47240000
2023-10-29T00:00:00Z,1776.21000000,1784.10000000,1762.66000000,1783.11000000,33089.29270000
2023-10-29T08:00:00Z,1783.11000000,1800.92000000,1783.02000000,1792.19000000,53642.31220000
2023-10-29T16:00:00Z,1792.20000000,1811.30000000,1786.01000000,1795.14000000,57379.04590000
2023-10-30T00:00:00Z,1795.14000000,1798.10000000,1777.77000000,1787.15000000,62804.76810000
2023-10-30T08:00:00Z,1787.16000000,1829.84000000,1784.40000000,1819.54000000,143520.91140000
2023-10-30T16:00:00Z,1819.54000000,1819.54000000,1777.77000000,1809.04000000,71360.51250000
2023-10-31T00:00:00Z,1809.03000000,1819.41000000,1787.00000000,1790.58000000,81268.58310000
2023-10-31T08:00:00Z,1790.58000000,1813.99000000,1780.99000000,1791.46000000,112213.42520000
2023-10-31T16:00:00Z,1791.46000000,1817.67000000,1787.73000000,1814.67000000,64592.57130000
2023-11-01T00:00:00Z,1814.67000000,1829.00000000,1797.57000000,1804.64000000,77224.18900000
2023-11-01T08:00:00Z,1804.65000000,1827.58000000,1783.19000000,1792.30000000,151643.27910000
2023-11-01T16:00:00Z,1792.29000000,1857.66000000,1791.90000000,1846.99000000,243054.15030000
2023-11-02T00:00:00Z,1846.99000000,1875.00000000,1828.01000000,1834.85000000,148718.77290000
2023-11-02T08:00:00Z,1834.86000000,1842.45000000,1800.60000000,1803.20000000,128875.59580000
2023-11-02T16:00:00Z,1803.20000000,1813.44000000,1785.01000000,1800.80000000,91143.85060000
2023-11-03T00:00:00Z,1800.79000000,1802.87000000,1777.11000000,1798.65000000,82969.45870000
2023-11-03T08:00:00Z,1798.66000000,1813.71000000,1780.61000000,1813.01000000,113324.21010000
2023-11-03T16:00:00Z,1813.00000000,1834.58000000,1799.72000000,1832.71000000,118706.59900000
2023-11-04T00:00:00Z,1832.70000000,1839.95000000,1824.03000000,1833.94000000,64244.05730000
2023-11-04T08:00:00Z,1833.94000000,1847.58000000,1828.06000000,1831.77000000,55183.19020000
2023-11-04T16:00:00Z,1831.77000000,1869.90000000,1831.16000000,1855.54000000,52110.78890000
2023-11-05T00:00:00Z,1855.54000000,1894.18000000,1846.11000000,1884.66000000,126558.87310000
2023-11-05T08:00:00Z,1884.66000000,1900.00000000,1864.41000000,1874.35000000,120934.92580000
2023-11-05T16:00:00Z,1874.36000000,1912.67000000,1855.45000000,1891.71000000,135612.96390000
2023-11-06T00:00:00Z,1891.71000000,1899.98000000,1868.48000000,1878.34000000,95281.70600000
2023-11-06T08:00:00Z,1878.35000000,1914.23000000,1873.12000000,1901.26000000,130307.28410000
2023-11-06T16:00:00Z,1901.25000000,1907.23000000,1881.72000000,1900.95000000,103157.24930000
2023-11-07T00:00:00Z,1900.95000000,1903.84000000,1878.00000000,1891.84000000,82228.42880000
2023-11-07T08:00:00Z,1891.85000000,1894.98000000,1858.00000000,1863.10000000,117123.90220000
2023-11-07T16:00:00Z,1863.09000000,1906.99000000,1850.32000000,1885.27000000,133067.10960000
2023-11-08T00:00:00Z,1885.26000000,1893.00000000,1872.51000000,1875.01000000,54111.05750000
2023-11-08T08:00:00Z,1875.02000000,1892.49000000,1873.52000000,1889.12000000,75591.56390000
2023-11-08T16:00:00Z,1889.12000000,1904.69000000,1883.01000000,1888.12000000,118178.47830000
2023-11-09T00:00:00Z,1888.11000000,1929.27000000,1882.07000000,1911.38000000,177646.43880000
2023-11-09T08:00:00Z,1911.38000000,2050.86000000,1904.39000000,2035.02000000,421217.24090000
2023-11-09T16:00:00Z,2035.01000000,2132.00000000,1975.00000000,2121.32000000,501466.64400000
2023-11-10T00:00:00Z,2121.33000000,2136.99000000,2094.35000000,2101.44000000,226107.68040000
2023-11-10T08:00:00Z,2101.43000000,2108.99000000,2064.61000000,2089.93000000,218183.47410000
2023-11-10T16:00:00Z,2089.94000000,2103.57000000,2070.24000000,2077.72000000,111282.49500000
2023-11-11T00:00:00Z,2077.72000000,2084.95000000,2030.30000000,2054.94000000,147879.77120000
2023-11-11T08:00:00Z,2054.94000000,2088.73000000,2046.23000000,2068.00000000,108497.29070000
2023-11-11T16:00:00Z,2068.00000000,2089.60000000,2032.37000000,2053.17000000,114588.97530000
2023-11-12T00:00:00Z,2053.16000000,2060.00000000,2012.10000000,2057.74000000,109981.72600000
2023-11-12T08:00:00Z,2057.73000000,2066.50000000,2035.75000000,2057.12000000,85930.72690000
2023-11-12T16:00:00Z,2057.12000000,2065.87000000,2030.00000000,2044.68000000,85995.10610000
2023-11-13T00:00:00Z,2044.69000000,2074.40000000,2028.49000000,2048.15000000,165298.47830000
2023-11-13T08:00:00Z,2048.15000000,2107.42000000,2038.80000000,2105.24000000,187839.47990000
2023-11-13T16:00:00Z,2105.23000000,2118.00000000,2043.47000000,2053.65000000,176005.62330000
2023-11-14T00:00:00Z,2053.65000000,2064.96000000,2031.55000000,2060.34000000,93350.34050000
2023-11-14T08:00:00Z,2060.34000000,2064.80000000,2020.00000000,2038.09000000,149861.90220000
2023-11-14T16:00:00Z,2038.10000000,2053.80000000,1936.60000000,1979.39000000,238697.49030000
2023-11-15T00:00:00Z,1979.40000000,1991.77000000,1967.01000000,1982.88000000,113292.44110000
2023-11-15T08:00:00Z,1982.87000000,2023.21000000,1980.65000000,2021.26000000,132899.68070000
2023-11-15T16:00:00Z,2021.27000000,2062.40000000,2001.83000000,2058.48000000,175678.68140000
2023-11-16T00:00:00Z,2058.49000000,2080.97000000,2048.02000000,2053.31000000,101654.82020000
2023-11-16T08:00:00Z,2053.31000000,2090.40000000,1980.10000000,1995.67000000,255329.35580000
2023-11-16T16:00:00Z,1995.67000000,2014.40000000,1939.10000000,1961.77000000,188301.95370000
2023-11-17T00:00:00Z,1961.77000000,1991.50000000,1959.40000000,1970.00000000,104412.72010000
2023-11-17T08:00:00Z,1970.00000000,1982.02000000,1912.72000000,1918.35000000,163191.44060000
2023-11-17T16:00:00Z,1918.34000000,1967.92000000,1904.00000000,1960.82000000,133496.34620000
2023-11-18T00:00:00Z,1960.82000000,1961.39000000,1916.00000000,1935.69000000,106177.35580000
2023-11-18T08:00:00Z,1935.69000000,1955.31000000,1930.67000000,1952.80000000,91826.11170000
2023-11-18T16:00:00Z,1952.80000000,1971.22000000,1950.25000000,1962.60000000,81364.75330000
2023-11-19T00:00:00Z,1962.59000000,1966.72000000,1942.89000000,1961.93000000,78166.60890000
2023-11-19T08:00:00Z,1961.93000000,1969.00000000,1945.21000000,1966.80000000,61437.18000000
2023-11-19T16:00:00Z,1966.81000000,2015.75000000,1966.06000000,2011.47000000,111528.83030000
2023-11-20T00:00:00Z,2011.47000000,2024.50000000,1993.55000000,2019.11000000,81747.04490000
2023-11-20T08:00:00Z,2019.10000000,2050.00000000,1990.00000000,2042.22000000,181409.41130000
2023-11-20T16:00:00Z,2042.21000000,2066.40000000,2011.30000000,2021.40000000,158561.22280000
2023-11-21T00:00:00Z,2021.41000000,2034.60000000,2003.06000000,2003.77000000,81107.04360000
2023-11-21T08:00:00Z,2003.78000000,2017.59000000,1952.01000000,1988.33000000,177798.46360000
2023-11-21T16:00:00Z,1988.34000000,2020.63000000,1931.43000000,1933.01000000,231258.47910000
2023-11-22T00:00:00Z,1933.01000000,2001.80000000,1928.41000000,1993.73000000,124077.38020000
2023-11-22T08:00:00Z,1993.73000000,2042.00000000,1992.27000000,2033.58000000,151254.93160000
2023-11-22T16:00:00Z,2033.58000000,2092.46000000,2027.80000000,2063.21000000,190788.19910000
2023-11-23T00:00:00Z,2063.22000000,2071.52000000,2052.07000000,2065.69000000,71876.91230000
2023-11-23T08:00:00Z,2065.70000000,2088.94000000,2040.35000000,2042.27000000,129320.27190000
2023-11-23T16:00:00Z,2042.28000000,2077.31000000,2040.36000000,2062.20000000,49763.51160000
2023-11-24T00:00:00Z,2062.21000000,2082.77000000,2059.37000000,2080.02000000,84992.89650000
2023-11-24T08:00:00Z,2080.02000000,2133.02000000,2075.00000000,2116.43000000,210322.44110000
2023-11-24T16:00:00Z,2116.44000000,2125.60000000,2060.00000000,2080.84000000,131617.20260000
2023-11-25T00:00:00Z,2080.84000000,2089.80000000,2073.22000000,2088.08000000,54124.17530000
2023-11-25T08:00:00Z,2088.09000000,2090.54000000,2065.30000000,2078.03000000,53264.41140000
2023-11-25T16:00:00Z,2078.04000000,2086.43000000,2074.04000000,2083.09000000,31458.80630000
2023-11-26T00:00:00Z,2083.10000000,2092.20000000,2067.38000000,2088.90000000,47117.21280000
2023-11-26T08:00:00Z,2088.89000000,2094.99000000,2060.41000000,2064.66000000,88139.29510000
2023-11-26T16:00:00Z,2064.66000000,2081.92000000,2036.42000000,2062.33000000,106006.40570000
2023-11-27T00:00:00Z,2062.34000000,2071.24000000,2030.00000000,2045.56000000,85420.76560000
2023-11-27T08:00:00Z,2045.57000000,2052.86000000,2000.24000000,2003.09000000,134533.98600000
2023-11-27T16:00:00Z,2003.08000000,2029.99000000,1985.78000000,2027.50000000,106118.47820000
2023-11-28T00:00:00Z,2027.50000000,2040.39000000,1995.15000000,2014.62000000,70035.89180000
2023-11-28T08:00:00Z,2014.62000000,2042.40000000,2005.62000000,2036.39000000,87015.88650000
2023-11-28T16:00:00Z,2036.39000000,2075.00000000,2035.20000000,2048.14000000,126724.14960000
2023-11-29T00:00:00Z,2048.14000000,2063.64000000,2038.79000000,2057.61000000,69906.86380000
2023-11-29T08:00:00Z,2057.62000000,2075.70000000,2019.97000000,2031.72000000,120717.26710000
2023-11-29T16:00:00Z,2031.72000000,2042.56000000,2019.31000000,2028.81000000,64219.60100000
2023-11-30T00:00:00Z,2028.80000000,2044.19000000,2022.50000000,2035.76000000,87020.85730000
2023-11-30T08:00:00Z,2035.76000000,2052.32000000,2020.85000000,2033.05000000,94601.28880000
2023-11-30T16:00:00Z,2033.04000000,2054.75000000,2028.66000000,2051.96000000,62057.94600000
2023-12-01T00:00:00Z,2051.95000000,2107.26000000,2045.04000000,2092.75000000,158405.22850000
2023-12-01T08:00:00Z,2092.74000000,2110.87000000,2071.00000000,2080.16000000,121403.47570000
2023-12-01T16:00:00Z,2080.16000000,2110.00000000,2078.20000000,2087.24000000,92836.88180000
2023-12-02T00:00:00Z,2087.24000000,2106.63000000,2086.25000000,2095.99000000,40070.96300000
2023-12-02T08:00:00Z,2095.98000000,2109.12000000,2093.39000000,2104.17000000,62378.21020000
2023-12-02T16:00:00Z,2104.18000000,2186.60000000,2097.43000000,2164.74000000,218530.80360000
2023-12-03T00:00:00Z,2164.75000000,2177.41000000,2152.92000000,2164.73000000,68249.57120000
2023-12-03T08:00:00Z,2164.72000000,2168.42000000,2149.00000000,2160.48000000,69449.24480000
2023-12-03T16:00:00Z,2160.48000000,2217.27000000,2150.46000000,2192.95000000,120180.29760000
2023-12-04T00:00:00Z,2192.96000000,2265.00000000,2191.00000000,2246.30000000,215845.00790000
2023-12-04T08:00:00Z,2246.31000000,2274.28000000,2201.77000000,2211.75000000,242564.63150000
2023-12-04T16:00:00Z,2211.74000000,2254.00000000,2209.83000000,2243.37000000,106898.07400000
2023-12-05T00:00:00Z,2243.36000000,2253.52000000,2188.33000000,2200.27000000,110699.19740000
2023-12-05T08:00:00Z,2200.26000000,2234.18000000,2190.47000000,2228.45000000,130942.49040000
2023-12-05T16:00:00Z,2228.45000000,2309.72000000,2220.00000000,2293.33000000,288188.03360000
2023-12-06T00:00:00Z,2293.33000000,2312.23000000,2258.38000000,2265.82000000,133036.50210000
2023-12-06T08:00:00Z,2265.82000000,2287.78000000,2233.72000000,2252.25000000,158590.56010000
2023-12-06T16:00:00Z,2252.26000000,2284.60000000,2220.00000000,2232.70000000,116711.84340000
2023-12-07T00:00:00Z,2232.70000000,2269.42000000,2230.63000000,2261.66000000,71336.04830000
2023-12-07T08:00:00Z,2261.67000000,2329.94000000,2222.00000000,2321.39000000,209541.33870000
2023-12-07T16:00:00Z,2321.39000000,2382.80000000,2316.38000000,2355.73000000,204312.67390000
2023-12-08T00:00:00Z,2355.74000000,2392.00000000,2352.31000000,2352.81000000,117209.08820000
2023-12-08T08:00:00Z,2352.81000000,2376.80000000,2336.34000000,2346.08000000,165509.70730000
2023-12-08T16:00:00Z,2346.07000000,2376.41000000,2340.65000000,2358.72000000,95851.01710000
2023-12-09T00:00:00Z,2358.71000000,2386.73000000,2349.38000000,2383.10000000,71642.69610000
2023-12-09T08:00:00Z,2383.11000000,2403.00000000,2337.00000000,2362.72000000,150986.54260000
2023-12-09T16:00:00Z,2362.73000000,2365.76000000,2328.01000000,2340.49000000,65141.82770000
2023-12-10T00:00:00Z,2340.48000000,2358.86000000,2340.00000000,2354.00000000,42533.50250000
2023-12-10T08:00:00Z,2354.00000000,2356.10000000,2320.00000000,2352.00000000,87367.89880000
2023-12-10T16:00:00Z,2351.99000000,2377.47000000,2340.16000000,2352.39000000,70135.80890000
2023-12-11T00:00:00Z,2352.39000000,2355.00000000,2161.00000000,2237.36000000,271238.00020000
2023-12-11T08:00:00Z,2237.35000000,2253.16000000,2201.00000000,2219.34000000,143772.95710000
2023-12-11T16:00:00Z,2219.35000000,2227.00000000,2156.62000000,2225.12000000,225403.95930000
2023-12-12T00:00:00Z,2225.11000000,2244.12000000,2211.91000000,2233.46000000,106611.52010000
2023-12-12T08:00:00Z,2233.45000000,2239.01000000,2185.83000000,2192.99000000,127566.61210000
2023-12-12T16:00:00Z,2193.00000000,2206.42000000,2166.00000000,2203.46000000,127410.77650000
2023-12-13T00:00:00Z,2203.47000000,2206.89000000,2144.32000000,2172.49000000,157661.06970000
2023-12-13T08:00:00Z,2172.48000000,2225.92000000,2168.16000000,2217.70000000,110289.10380000
2023-12-13T16:00:00Z,2217.69000000,2284.02000000,2201.34000000,2260.16000000,150966.44190000
2023-12-14T00:00:00Z,2260.16000000,2283.51000000,2245.97000000,2282.84000000,92279.98670000
2023-12-14T08:00:00Z,2282.84000000,2320.21000000,2228.20000000,2275.00000000,213404.74740000
2023-12-14T16:00:00Z,2275.00000000,2332.11000000,2274.59000000,2315.32000000,103823.35900000
2023-12-15T00:00:00Z,2315.32000000,2317.81000000,2256.80000000,2271.46000000,113566.71200000
2023-12-15T08:00:00Z,2271.47000000,2286.59000000,2224.82000000,2231.77000000,140739.44760000
2023-12-15T16:00:00Z,2231.76000000,2252.18000000,2200.00000000,2220.50000000,79246.47320000
2023-12-16T00:00:00Z,2220.51000000,2259.00000000,2210.00000000,2241.45000000,77884.16230000
2023-12-16T08:00:00Z,2241.44000000,2259.30000000,2239.45000000,2256.74000000,59623.56160000
2023-12-16T16:00:00Z,2256.75000000,2263.40000000,2220.12000000,2228.96000000,61778.19910000
2023-12-17T00:00:00Z,2228.96000000,2233.69000000,2200.77000000,2208.63000000,68863.97810000
2023-12-17T08:00:00Z,2208.64000000,2226.00000000,2200.28000000,2221.71000000,69963.62880000
2023-12-17T16:00:00Z,2221.70000000,2248.68000000,2191.50000000,2196.52000000,87098.16060000
2023-12-18T00:00:00Z,2196.53000000,2204.59000000,2161.78000000,2169.19000000,101358.89680000
2023-12-18T08:00:00Z,2169.19000000,2178.00000000,2116.60000000,2155.20000000,164537.49060000
2023-12-18T16:00:00Z,2155.20000000,2224.00000000,2149.47000000,2219.43000000,98206.73070000
2023-12-19T00:00:00Z,2219.44000000,2253.34000000,2211.75000000,2247.99000000,116064.37970000
2023-12-19T08:00:00Z,2247.98000000,2255.00000000,2179.00000000,2191.38000000,135884.04500000
2023-12-19T16:00:00Z,2191.37000000,2205.30000000,2135.55000000,2177.91000000,131602.98020000
2023-12-20T00:00:00Z,2177.90000000,2222.80000000,2170.44000000,2216.76000000,87582.40560000
2023-12-20T08:00:00Z,2216.76000000,2266.00000000,2202.92000000,2246.96000000,160505.65490000
2023-12-20T16:00:00Z,2246.96000000,2249.71000000,2156.00000000,2202.17000000,168753.56670000
2023-12-21T00:00:00Z,2202.17000000,2219.65000000,2182.98000000,2215.11000000,94544.88420000
2023-12-21T08:00:00Z,2215.11000000,2279.31000000,2201.00000000,2232.51000000,222561.60970000
2023-12-21T16:00:00Z,2232.51000000,2262.83000000,2217.75000000,2239.61000000,135963.23130000
2023-12-22T00:00:00Z,2239.60000000,2297.75000000,2230.59000000,2273.22000000,191443.04380000
2023-12-22T08:00:00Z,2273.22000000,2343.15000000,2268.00000000,2319.74000000,290959.49410000
2023-12-22T16:00:00Z,2319.74000000,2341.47000000,2303.18000000,2324.54000000,108954.95010000
2023-12-23T00:00:00Z,2324.54000000,2330.65000000,2265.00000000,2283.54000000,109678.08610000
2023-12-23T08:00:00Z,2283.55000000,2298.13000000,2281.00000000,2285.51000000,64498.63690000
2023-12-23T16:00:00Z,2285.51000000,2315.63000000,2283.21000000,2308.20000000,81450.21220000
2023-12-24T00:00:00Z,2308.20000000,2326.19000000,2275.00000000,2295.02000000,123114.52570000
2023-12-24T08:00:00Z,2295.03000000,2306.89000000,2273.57000000,2293.03000000,82892.05930000
2023-12-24T16:00:00Z,2293.02000000,2297.40000000,2245.00000000,2264.05000000,101944.49100000
2023-12-25T00:00:00Z,2264.04000000,2290.00000000,2253.10000000,2280.54000000,71321.05380000
2023-12-25T08:00:00Z,2280.55000000,2304.80000000,2264.44000000,2286.48000000,113392.39760000
2023-12-25T16:00:00Z,2286.48000000,2288.60000000,2256.61000000,2271.35000000,101563.71020000
2023-12-26T00:00:00Z,2271.36000000,2274.99000000,2220.00000000,2241.40000000,127124.53840000
2023-12-26T08:00:00Z,2241.41000000,2250.66000000,2218.32000000,2228.99000000,140546.90110000
2023-12-26T16:00:00Z,2228.99000000,2232.93000000,2178.45000000,2230.88000000,142741.71960000
2023-12-27T00:00:00Z,2230.88000000,2233.84000000,2211.88000000,2228.52000000,80415.24990000
2023-12-27T08:00:00Z,2228.52000000,2355.60000000,2226.78000000,2341.96000000,260517.21820000
2023-12-27T16:00:00Z,2341.96000000,2392.44000000,2334.10000000,2378.35000000,200604.88930000
2023-12-28T00:00:00Z,2378.35000000,2445.80000000,2364.77000000,2380.00000000,229655.04430000
2023-12-28T08:00:00Z,2379.99000000,2413.00000000,2345.00000000,2358.85000000,223415.42700000
2023-12-28T16:00:00Z,2358.85000000,2382.45000000,2335.00000000,2344.15000000,127389.51070000
2023-12-29T00:00:00Z,2344.15000000,2363.77000000,2311.16000000,2332.69000000,137369.43620000
2023-12-29T08:00:00Z,2332.68000000,2385.41000000,2317.12000000,2327.18000000,145143.83260000
2023-12-29T16:00:00Z,2327.19000000,2332.94000000,2255.34000000,2299.20000000,167687.93810000
2023-12-30T00:00:00Z,2299.20000000,2309.79000000,2287.24000000,2295.68000000,48099.84880000
2023-12-30T08:00:00Z,2295.69000000,2316.80000000,2268.00000000,2312.97000000,95400.79690000
2023-12-30T16:00:00Z,2312.97000000,2322.84000000,2277.00000000,2291.68000000,67038.48700000
2023-12-31T00:00:00Z,2291.68000000,2304.60000000,2277.63000000,2294.81000000,48962.68820000
2023-12-31T08:00:00Z,2294.80000000,2321.34000000,2290.00000000,2298.99000000,90884.51380000
2023-12-31T16:00:00Z,2299.00000000,2309.42000000,2258.88000000,2281.87000000,82328.67590000
2024-01-01T00:00:00Z,2281.87000000,2306.60000000,2265.24000000,2284.67000000,63846.84690000
2024-01-01T08:00:00Z,2284.68000000,2318.34000000,2280.00000000,2314.70000000,60059.96140000
2024-01-01T16:00:00Z,2314.69000000,2352.37000000,2306.48000000,2352.04000000,92795.88310000
2024-01-02T00:00:00Z,2352.05000000,2397.56000000,2346.95000000,2385.84000000,150208.15900000
2024-01-02T08:00:00Z,2385.84000000,2431.30000000,2352.04000000,2357.48000000,194334.87650000
2024-01-02T16:00:00Z,2357.48000000,2380.00000000,2341.00000000,2355.34000000,113498.62870000
2024-01-03T00:00:00Z,2355.35000000,2384.66000000,2347.40000000,2361.64000000,93264.32890000
2024-01-03T08:00:00Z,2361.65000000,2385.45000000,2100.00000000,2240.40000000,478424.28430000
2024-01-03T16:00:00Z,2240.39000000,2245.33000000,2188.00000000,2209.72000000,227040.87370000
2024-01-04T00:00:00Z,2209.72000000,2244.93000000,2201.91000000,2221.85000000,128352.23770000
2024-01-04T08:00:00Z,2221.85000000,2285.99000000,2205.00000000,2276.87000000,174418.10950000
2024-01-04T16:00:00Z,2276.88000000,2294.69000000,2259.10000000,2267.11000000,146073.70780000
2024-01-05T00:00:00Z,2267.11000000,2274.76000000,2212.00000000,2252.75000000,135370.45240000
2024-01-05T08:00:00Z,2252.75000000,2269.00000000,2218.00000000,2224.99000000,156801.17400000
2024-01-05T16:00:00Z,2225.00000000,2277.21000000,2206.17000000,2268.78000000,113396.37420000
2024-01-06T00:00:00Z,2268.78000000,2270.00000000,2216.40000000,2233.12000000,80064.81480000
2024-01-06T08:00:00Z,2233.13000000,2248.32000000,2228.37000000,2246.40000000,68893.34640000
2024-01-06T16:00:00Z,2246.41000000,2254.77000000,2230.62000000,2240.78000000,45109.70440000
2024-01-07T00:00:00Z,2240.77000000,2254.03000000,2235.58000000,2249.15000000,48992.76950000
2024-01-07T08:00:00Z,2249.15000000,2258.01000000,2222.46000000,2230.83000000,78608.81130000
2024-01-07T16:00:00Z,2230.83000000,2251.27000000,2203.46000000,2221.42000000,79537.11190000
2024-01-08T00:00:00Z,2221.42000000,2230.00000000,2166.38000000,2224.08000000,152723.24240000
2024-01-08T08:00:00Z,2224.07000000,2283.02000000,2204.47000000,2269.59000000,169356.59050000
2024-01-08T16:00:00Z,2269.59000000,2358.20000000,2259.39000000,2330.44000000,217327.72180000
2024-01-09T00:00:00Z,2330.43000000,2336.70000000,2289.98000000,2306.05000000,106371.49090000
2024-01-09T08:00:00Z,2306.05000000,2311.30000000,2226.78000000,2257.18000000,156681.56340000
2024-01-09T16:00:00Z,2257.18000000,2371.72000000,2243.41000000,2344.29000000,288401.93880000
2024-01-10T00:00:00Z,2344.30000000,2400.53000000,2339.59000000,2368.75000000,205368.59650000
2024-01-10T08:00:00Z,2368.75000000,2456.00000000,2342.00000000,2449.30000000,344206.40340000
2024-01-10T16:00:00Z,2449.30000000,2643.10000000,2400.71000000,2584.38000000,488813.66610000
2024-01-11T00:00:00Z,2584.37000000,2630.00000000,2566.01000000,2589.15000000,249483.74130000
2024-01-11T08:00:00Z,2589.15000000,2689.39000000,2586.66000000,2613.19000000,373865.27940000
2024-01-11T16:00:00Z,2613.19000000,2632.28000000,2570.00000000,2618.01000000,215363.23700000
2024-01-12T00:00:00Z,2618.01000000,2626.43000000,2580.00000000,2595.73000000,136788.65510000
2024-01-12T08:00:00Z,2595.72000000,2717.32000000,2584.11000000,2647.02000000,357961.97910000
2024-01-12T16:00:00Z,2647.02000000,2688.83000000,2458.00000000,2522.54000000,392707.12850000
2024-01-13T00:00:00Z,2522.55000000,2561.68000000,2497.50000000,2550.99000000,158989.66750000
2024-01-13T08:00:00Z,2550.99000000,2566.19000000,2521.18000000,2563.83000000,138579.99560000
2024-01-13T16:00:00Z,2563.83000000,2590.00000000,2550.00000000,2578.19000000,124491.56890000
2024-01-14T00:00:00Z,2578.18000000,2578.69000000,2541.80000000,2550.83000000,98104.62930000
2024-01-14T08:00:00Z,2550.84000000,2553.80000000,2524.39000000,2537.68000000,74439.02960000
2024-01-14T16:00:00Z,2537.68000000,2543.97000000,2470.00000000,2472.87000000,133664.08740000
2024-01-15T00:00:00Z,2472.87000000,2521.00000000,2470.92000000,2513.29000000,125764.90740000
2024-01-15T08:00:00Z,2513.29000000,2549.02000000,2505.80000000,2514.49000000,108184.79330000
2024-01-15T16:00:00Z,2514.49000000,2553.82000000,2500.33000000,2511.78000000,81298.18120000
2024-01-16T00:00:00Z,2511.79000000,2542.14000000,2505.00000000,2528.26000000,74160.29060000
2024-01-16T08:00:00Z,2528.25000000,2570.79000000,2500.05000000,2559.44000000,162858.82090000
2024-01-16T16:00:00Z,2559.44000000,2614.43000000,2548.63000000,2587.40000000,144058.51320000
2024-01-17T00:00:00Z,2587.41000000,2592.97000000,2551.81000000,2552.52000000,93602.06360000
2024-01-17T08:00:00Z,2552.53000000,2574.75000000,2532.67000000,2539.46000000,163030.15310000
2024-01-17T16:00:00Z,2539.47000000,2544.81000000,2506.75000000,2530.19000000,109649.13100000
2024-01-18T00:00:00Z,2530.20000000,2540.69000000,2510.03000000,2538.99000000,99456.55710000
2024-01-18T08:00:00Z,2538.99000000,2550.00000000,2503.77000000,2525.64000000,130302.55840000
2024-01-18T16:00:00Z,2525.65000000,2526.15000000,2428.56000000,2470.81000000,222330.99190000
2024-01-19T00:00:00Z,2470.81000000,2474.82000000,2443.13000000,2465.51000000,96573.98760000
2024-01-19T08:00:00Z,2465.50000000,2499.87000000,2460.37000000,2462.98000000,124929.17340000
2024-01-19T16:00:00Z,2462.98000000,2504.20000000,2415.20000000,2492.00000000,202705.84190000
2024-01-20T00:00:00Z,2491.99000000,2492.00000000,2475.00000000,2478.47000000,45149.11490000
2024-01-20T08:00:00Z,2478.48000000,2480.07000000,2458.33000000,2463.83000000,50762.36220000
2024-01-20T16:00:00Z,2463.83000000,2474.88000000,2454.20000000,2472.01000000,40709.48060000
2024-01-21T00:00:00Z,2472.02000000,2481.00000000,2465.00000000,2476.06000000,32726.28280000
2024-01-21T08:00:00Z,2476.06000000,2482.18000000,2464.08000000,2468.01000000,50090.94590000
2024-01-21T16:00:00Z,2468.01000000,2478.49000000,2452.13000000,2457.05000000,39754.94000000
2024-01-22T00:00:00Z,2457.06000000,2466.10000000,2402.50000000,2420.80000000,121624.68930000
2024-01-22T08:00:00Z,2420.80000000,2420.80000000,2353.61000000,2379.61000000,213031.86220000
2024-01-22T16:00:00Z,2379.60000000,2385.08000000,2303.59000000,2314.20000000,191681.09770000
2024-01-23T00:00:00Z,2314.19000000,2352.23000000,2312.67000000,2323.49000000,114735.40480000
2024-01-23T08:00:00Z,2323.49000000,2326.83000000,2168.07000000,2219.39000000,394508.82300000
2024-01-23T16:00:00Z,2219.39000000,2248.21000000,2181.00000000,2242.60000000,190861.10360000
2024-01-24T00:00:00Z,2242.60000000,2255.66000000,2211.64000000,2234.51000000,117000.41580000
2024-01-24T08:00:00Z,2234.50000000,2264.60000000,2218.30000000,2234.88000000,128552.96430000
2024-01-24T16:00:00Z,2234.89000000,2244.52000000,2196.12000000,2235.02000000,114297.76950000
2024-01-25T00:00:00Z,2235.02000000,2239.60000000,2203.37000000,2227.64000000,66999.36920000
2024-01-25T08:00:00Z,2227.64000000,2242.89000000,2181.91000000,2188.00000000,129120.02110000
2024-01-25T16:00:00Z,2188.00000000,2231.65000000,2171.30000000,2218.64000000,134307.21580000
2024-01-26T00:00:00Z,2218.64000000,2237.80000000,2195.84000000,2197.47000000,81980.38700000
2024-01-26T08:00:00Z,2197.46000000,2265.19000000,2195.99000000,2257.90000000,165442.78080000
2024-01-26T16:00:00Z,2257.89000000,2282.36000000,2251.07000000,2267.68000000,116143.25770000
2024-01-27T00:00:00Z,2267.67000000,2282.94000000,2253.41000000,2258.45000000,52585.10500000
2024-01-27T08:00:00Z,2258.45000000,2275.10000000,2251.40000000,2270.18000000,46326.63940000
2024-01-27T16:00:00Z,2270.18000000,2277.49000000,2261.35000000,2267.94000000,46197.63920000
2024-01-28T00:00:00Z,2267.94000000,2308.24000000,2263.00000000,2282.92000000,75573.85820000
2024-01-28T08:00:00Z,2282.91000000,2301.41000000,2261.91000000,2270.17000000,75050.68130000
2024-01-28T16:00:00Z,2270.17000000,2276.00000000,2239.89000000,2256.90000000,58702.36920000
2024-01-29T00:00:00Z,2256.90000000,2278.19000000,2250.57000000,2259.40000000,58499.46600000
2024-01-29T08:00:00Z,2259.39000000,2277.00000000,2233.80000000,2275.80000000,100834.37000000
2024-01-29T16:00:00Z,2275.81000000,2322.34000000,2265.54000000,2317.60000000,146194.24160000
2024-01-30T00:00:00Z,2317.61000000,2327.97000000,2301.00000000,2309.29000000,81205.54170000
2024-01-30T08:00:00Z,2309.30000000,2347.55000000,2297.00000000,2340.91000000,137379.05980000
2024-01-30T16:00:00Z,2340.91000000,2391.98000000,2335.73000000,2343.01000000,154294.97760000
2024-01-31T00:00:00Z,2343.00000000,2351.60000000,2327.27000000,2340.84000000,85991.12640000
2024-01-31T08:00:00Z,2340.84000000,2343.52000000,2280.77000000,2329.42000000,156289.62160000
2024-01-31T16:00:00Z,2329.42000000,2350.30000000,2263.57000000,2283.14000000,154835.43790000
2024-02-01T00:00:00Z,2283.15000000,2289.60000000,2240.00000000,2271.96000000,116777.84680000
2024-02-01T08:00:00Z,2271.95000000,2308.45000000,2263.20000000,2288.88000000,104956.66450000
2024-02-01T16:00:00Z,2288.89000000,2311.72000000,2267.54000000,2304.28000000,89262.94250000
2024-02-02T00:00:00Z,2304.28000000,2320.48000000,2296.87000000,2313.73000000,74371.97320000
2024-02-02T08:00:00Z,2313.73000000,2324.74000000,2281.94000000,2313.99000000,99068.83380000
2024-02-02T16:00:00Z,2314.00000000,2323.88000000,2286.69000000,2309.06000000,64789.70400000
2024-02-03T00:00:00Z,2309.07000000,2329.98000000,2306.75000000,2314.39000000,49100.92710000
2024-02-03T08:00:00Z,2314.38000000,2316.39000000,2292.75000000,2303.64000000,42504.69700000
2024-02-03T16:00:00Z,2303.65000000,2313.88000000,2293.83000000,2296.49000000,41627.22090000
2024-02-04T00:00:00Z,2296.50000000,2306.53000000,2287.00000000,2290.78000000,38032.22610000
2024-02-04T08:00:00Z,2290.79000000,2309.99000000,2286.71000000,2301.68000000,44090.61800000
2024-02-04T16:00:00Z,2301.67000000,2311.00000000,2266.00000000,2289.79000000,89109.20030000
2024-02-05T00:00:00Z,2289.79000000,2312.32000000,2269.11000000,2310.17000000,60243.89140000
2024-02-05T08:00:00Z,2310.18000000,2338.41000000,2294.21000000,2298.71000000,101301.18590000
2024-02-05T16:00:00Z,2298.72000000,2312.56000000,2283.63000000,2301.83000000,75065.33470000
2024-02-06T00:00:00Z,2301.84000000,2329.78000000,2299.00000000,2327.16000000,81519.43670000
2024-02-06T08:00:00Z,2327.16000000,2349.00000000,2311.90000000,2343.74000000,152938.75980000
2024-02-06T16:00:00Z,2343.73000000,2392.40000000,2340.37000000,2372.64000000,134484.55330000
2024-02-07T00:00:00Z,2372.63000000,2390.66000000,2357.06000000,2362.92000000,75084.11750000
2024-02-07T08:00:00Z,2362.91000000,2385.45000000,2354.00000000,2369.66000000,98623.40110000
2024-02-07T16:00:00Z,2369.66000000,2444.44000000,2368.85000000,2425.10000000,169084.18270000
2024-02-08T00:00:00Z,2425.09000000,2444.39000000,2411.01000000,2421.21000000,91198.66590000
2024-02-08T08:00:00Z,2421.20000000,2463.15000000,2416.06000000,2453.88000000,132429.25270000
2024-02-08T16:00:00Z,2453.88000000,2455.69000000,2413.44000000,2419.55000000,114412.13530000
2024-02-09T00:00:00Z,2419.56000000,2466.00000000,2419.16000000,2453.61000000,113176.90830000
2024-02-09T08:00:00Z,2453.60000000,2525.00000000,2453.37000000,2495.33000000,239599.43740000
2024-02-09T16:00:00Z,2495.33000000,2523.66000000,2478.07000000,2486.56000000,139608.03930000
2024-02-10T00:00:00Z,2486.56000000,2516.00000000,2483.09000000,2495.21000000,52452.51960000
2024-02-10T08:00:00Z,2495.21000000,2498.74000000,2471.57000000,2490.45000000,67989.11620000
2024-02-10T16:00:00Z,2490.45000000,2516.45000000,2483.40000000,2500.24000000,64657.95420000
2024-02-11T00:00:00Z,2500.24000000,2537.58000000,2493.80000000,2527.52000000,87289.58890000
2024-02-11T08:00:00Z,2527.53000000,2539.63000000,2505.00000000,2508.94000000,72184.41980000
2024-02-11T16:00:00Z,2508.94000000,2520.58000000,2493.45000000,2507.21000000,60501.13840000
2024-02-12T00:00:00Z,2507.22000000,2525.00000000,2481.05000000,2501.71000000,71338.52600000
2024-02-12T08:00:00Z,2501.70000000,2563.17000000,2472.00000000,2557.87000000,140952.53590000
2024-02-12T16:00:00Z,2557.87000000,2665.58000000,2536.63000000,2659.99000000,237210.71410000
2024-02-13T00:00:00Z,2659.99000000,2686.00000000,2635.96000000,2648.64000000,124609.56160000
2024-02-13T08:00:00Z,2648.64000000,2686.12000000,2590.00000000,2630.99000000,249641.86130000
2024-02-13T16:00:00Z,2631.00000000,2648.60000000,2592.37000000,2639.99000000,128196.32210000
2024-02-14T00:00:00Z,2639.99000000,2654.53000000,2618.40000000,2653.05000000,67145.01320000
2024-02-14T08:00:00Z,2653.04000000,2772.28000000,2647.58000000,2749.40000000,279283.84820000
2024-02-14T16:00:00Z,2749.40000000,2786.00000000,2726.54000000,2774.81000000,115241.83300000
2024-02-15T00:00:00Z,2774.80000000,2825.75000000,2759.25000000,2772.33000000,150413.46820000
2024-02-15T08:00:00Z,2772.32000000,2867.65000000,2768.34000000,2826.27000000,202760.58410000
2024-02-15T16:00:00Z,2826.27000000,2845.59000000,2786.20000000,2822.59000000,128515.13510000
2024-02-16T00:00:00Z,2822.58000000,2857.40000000,2811.75000000,2815.05000000,102653.35330000
2024-02-16T08:00:00Z,2815.05000000,2847.22000000,2740.00000000,2776.01000000,184831.57350000
2024-02-16T16:00:00Z,2776.01000000,2810.00000000,2756.75000000,2801.80000000,90585.87690000
2024-02-17T00:00:00Z,2801.81000000,2804.21000000,2777.64000000,2795.57000000,52603.20330000
2024-02-17T08:00:00Z,2795.56000000,2795.57000000,2719.01000000,2754.33000000,123558.57650000
2024-02-17T16:00:00Z,2754.33000000,2801.16000000,2742.73000000,2785.93000000,67141.09610000
2024-02-18T00:00:00Z,2785.92000000,2806.99000000,2764.25000000,2801.00000000,107565.03550000
2024-02-18T08:00:00Z,2801.00000000,2822.93000000,2785.89000000,2807.49000000,98656.67810000
2024-02-18T16:00:00Z,2807.49000000,2895.00000000,2794.33000000,2881.20000000,161766.16970000
2024-02-19T00:00:00Z,2881.20000000,2931.00000000,2856.93000000,2926.38000000,138172.76280000
2024-02-19T08:00:00Z,2926.38000000,2928.36000000,2886.03000000,2908.93000000,121447.26770000
2024-02-19T16:00:00Z,2908.93000000,2984.52000000,2887.29000000,2944.80000000,186831.00960000
2024-02-20T00:00:00Z,2944.80000000,2955.56000000,2902.38000000,2921.78000000,114254.44800000
2024-02-20T08:00:00Z,2921.78000000,3004.60000000,2874.56000000,2925.09000000,323311.87340000
2024-02-20T16:00:00Z,2925.08000000,3033.09000000,2885.47000000,3014.81000000,197115.42570000
2024-02-21T00:00:00Z,3014.81000000,3017.15000000,2921.90000000,2940.54000000,153952.24780000
2024-02-21T08:00:00Z,2940.54000000,2956.84000000,2868.00000000,2914.81000000,268884.75470000
2024-02-21T16:00:00Z,2914.81000000,2980.00000000,2886.00000000,2967.90000000,173118.00080000
2024-02-22T00:00:00Z,2967.91000000,2998.00000000,2906.51000000,2993.79000000,174381.09570000
2024-02-22T08:00:00Z,2993.79000000,3032.86000000,2929.39000000,2986.95000000,238822.12700000
2024-02-22T16:00:00Z,2986.95000000,3036.02000000,2960.93000000,2971.40000000,150322.77090000
2024-02-23T00:00:00Z,2971.40000000,2993.80000000,2923.26000000,2933.62000000,134265.02020000
2024-02-23T08:00:00Z,2933.61000000,2962.77000000,2913.26000000,2916.07000000,170303.53300000
2024-02-23T16:00:00Z,2916.06000000,2953.98000000,2906.05000000,2922.24000000,124258.02550000
2024-02-24T00:00:00Z,2922.25000000,2965.55000000,2906.40000000,2964.07000000,100453.23190000
2024-02-24T08:00:00Z,2964.07000000,2968.90000000,2948.21000000,2955.47000000,56335.25310000
2024-02-24T16:00:00Z,2955.47000000,3007.48000000,2955.47000000,2992.62000000,87065.59330000
2024-02-25T00:00:00Z,2992.62000000,3049.00000000,2983.61000000,3029.99000000,136406.33290000
2024-02-25T08:00:00Z,3030.00000000,3074.03000000,3010.49000000,3043.62000000,131559.99950000
2024-02-25T16:00:00Z,3043.61000000,3122.00000000,3027.88000000,3112.59000000,144339.89130000
2024-02-26T00:00:00Z,3112.60000000,3135.65000000,3085.81000000,3087.19000000,114340.55780000
2024-02-26T08:00:00Z,3087.19000000,3145.95000000,3036.59000000,3145.60000000,229637.78060000
2024-02-26T16:00:00Z,3145.59000000,3196.00000000,3120.00000000,3175.94000000,202744.43630000
2024-02-27T00:00:00Z,3175.95000000,3270.00000000,3160.02000000,3217.50000000,279955.84430000
2024-02-27T08:00:00Z,3217.51000000,3288.14000000,3216.61000000,3229.78000000,210596.44200000
2024-02-27T16:00:00Z,3229.77000000,3268.34000000,3203.72000000,3242.36000000,135386.83580000
2024-02-28T00:00:00Z,3242.35000000,3306.01000000,3230.12000000,3302.99000000,120306.10690000
2024-02-28T08:00:00Z,3303.00000000,3376.38000000,3277.54000000,3348.39000000,334665.28260000
2024-02-28T16:00:00Z,3348.38000000,3488.00000000,3176.16000000,3383.10000000,492567.37650000
2024-02-29T00:00:00Z,3383.11000000,3494.63000000,3374.18000000,3467.99000000,247472.70800000
2024-02-29T08:00:00Z,3467.99000000,3522.81000000,3442.52000000,3468.42000000,269998.54880000
2024-02-29T16:00:00Z,3468.42000000,3470.60000000,3300.00000000,3340.09000000,242226.85550000
2024-03-01T00:00:00Z,3340.10000000,3399.00000000,3338.54000000,3365.41000000,121625.87510000
2024-03-01T08:00:00Z,3365.41000000,3449.81000000,3353.74000000,3390.76000000,181502.30660000
2024-03-01T16:00:00Z,3390.76000000,3450.00000000,3380.06000000,3433.43000000,109660.39560000
2024-03-02T00:00:00Z,3433.42000000,3460.04000000,3390.01000000,3430.25000000,127564.51930000
2024-03-02T08:00:00Z,3430.26000000,3435.68000000,3391.83000000,3418.05000000,90474.66570000
2024-03-02T16:00:00Z,3418.04000000,3431.31000000,3402.56000000,3421.40000000,65945.75980000
2024-03-03T00:00:00Z,3421.39000000,3446.23000000,3360.00000000,3392.76000000,118250.17370000
2024-03-03T08:00:00Z,3392.76000000,3447.53000000,3375.00000000,3422.50000000,112319.02550000
2024-03-03T16:00:00Z,3422.50000000,3491.80000000,3418.22000000,3487.81000000,111062.33180000
2024-03-04T00:00:00Z,3487.80000000,3528.96000000,3423.78000000,3478.61000000,169172.56930000
2024-03-04T08:00:00Z,3478.61000000,3568.18000000,3459.03000000,3560.42000000,262681.69060000
2024-03-04T16:00:00Z,3560.42000000,3640.94000000,3528.42000000,3627.76000000,283506.37620000
2024-03-05T00:00:00Z,3627.75000000,3740.00000000,3607.24000000,3672.98000000,330265.74520000
2024-03-05T08:00:00Z,3672.99000000,3822.04000000,3651.87000000,3783.01000000,328860.99750000
2024-03-05T16:00:00Z,3783.00000000,3796.07000000,3200.00000000,3553.65000000,733778.12130000
2024-03-06T00:00:00Z,3553.66000000,3789.77000000,3499.40000000,3786.60000000,346558.62850000
2024-03-06T08:00:00Z,3786.61000000,3900.00000000,3724.00000000,3790.94000000,435091.67200000
2024-03-06T16:00:00Z,3790.95000000,3892.58000000,3764.25000000,3818.59000000,187844.40950000
2024-03-07T00:00:00Z,3818.58000000,3852.69000000,3735.00000000,3789.22000000,173474.32560000
2024-03-07T08:00:00Z,3789.23000000,3855.23000000,3765.12000000,3837.16000000,186120.98970000
2024-03-07T16:00:00Z,3837.17000000,3933.81000000,3812.44000000,3868.76000000,181185.35970000
2024-03-08T00:00:00Z,3868.76000000,3946.57000000,3863.56000000,3908.16000000,142470.86480000
2024-03-08T08:00:00Z,3908.16000000,3993.75000000,3886.00000000,3900.75000000,251685.10720000
2024-03-08T16:00:00Z,3900.76000000,3978.49000000,3820.00000000,3883.36000000,252243.28690000
2024-03-09T00:00:00Z,3883.37000000,3942.00000000,3877.50000000,3925.47000000,79313.33440000
2024-03-09T08:00:00Z,3925.46000000,3936.00000000,3887.99000000,3916.66000000,88058.28640000
2024-03-09T16:00:00Z,3916.66000000,3920.22000000,3870.01000000,3905.21000000,87467.51780000
2024-03-10T00:00:00Z,3905.20000000,3950.00000000,3899.51000000,3944.82000000,90622.77500000
2024-03-10T08:00:00Z,3944.81000000,3964.67000000,3860.65000000,3883.69000000,145932.84420000
2024-03-10T16:00:00Z,3883.70000000,3927.05000000,3791.26000000,3878.47000000,120109.06080000
2024-03-11T00:00:00Z,3878.47000000,4011.79000000,3722.95000000,4001.40000000,263402.19020000
2024-03-11T08:00:00Z,4001.40000000,4065.80000000,3986.86000000,4018.00000000,295582.36610000
2024-03-11T16:00:00Z,4018.01000000,4086.23000000,3998.92000000,4064.80000000,162569.95760000
2024-03-12T00:00:00Z,4064.80000000,4093.92000000,4000.02000000,4027.13000000,144374.97960000
2024-03-12T08:00:00Z,4027.13000000,4065.00000000,3950.00000000,3988.46000000,230818.61270000
2024-03-12T16:00:00Z,3988.46000000,3991.62000000,3828.98000000,3979.96000000,257593.80180000
2024-03-13T00:00:00Z,3979.97000000,4078.38000000,3973.53000000,4038.36000000,135093.12950000
2024-03-13T08:00:00Z,4038.36000000,4083.00000000,3932.23000000,3962.80000000,219649.29590000
2024-03-13T16:00:00Z,3962.80000000,4021.00000000,3952.23000000,4004.79000000,127563.35120000
2024-03-14T00:00:00Z,4004.79000000,4010.98000000,3940.64000000,3963.46000000,123598.64240000
2024-03-14T08:00:00Z,3963.45000000,3997.70000000,3820.20000000,3845.81000000,240173.44380000
2024-03-14T16:00:00Z,3845.81000000,3896.02000000,3723.00000000,3881.70000000,284465.43830000
2024-03-15T00:00:00Z,3881.69000000,3934.02000000,3623.00000000,3754.12000000,383905.37500000
2024-03-15T08:00:00Z,3754.12000000,3761.65000000,3570.00000000,3688.90000000,347825.37200000
2024-03-15T16:00:00Z,3688.89000000,3806.62000000,3606.65000000,3742.19000000,215806.66010000
2024-03-16T00:00:00Z,3742.19000000,3781.12000000,3690.18000000,3740.19000000,123582.26380000
2024-03-16T08:00:00Z,3740.20000000,3741.10000000,3637.73000000,3679.55000000,154955.10780000
2024-03-16T16:00:00Z,3679.54000000,3679.88000000,3468.80000000,3523.09000000,269750.78530000
2024-03-17T00:00:00Z,3523.09000000,3582.40000000,3412.00000000,3472.72000000,204505.05200000
2024-03-17T08:00:00Z,3472.72000000,3647.15000000,3460.01000000,3628.42000000,202653.74120000
2024-03-17T16:00:00Z,3628.42000000,3678.68000000,3602.43000000,3644.71000000,110632.20040000
2024-03-18T00:00:00Z,3644.70000000,3645.02000000,3557.31000000,3626.65000000,147479.33090000
2024-03-18T08:00:00Z,3626.65000000,3627.00000000,3486.00000000,3525.18000000,238869.05910000
2024-03-18T16:00:00Z,3525.17000000,3563.86000000,3454.09000000,3520.46000000,184552.89510000
2024-03-19T00:00:00Z,3520.47000000,3548.09000000,3306.10000000,3360.14000000,335919.57790000
2024-03-19T08:00:00Z,3360.14000000,3360.16000000,3202.84000000,3303.16000000,429879.75680000
2024-03-19T16:00:00Z,3303.16000000,3359.80000000,3150.88000000,3158.64000000,283830.35890000
2024-03-20T00:00:00Z,3158.65000000,3266.01000000,3056.56000000,3218.48000000,418182.88600000
2024-03-20T08:00:00Z,3218.47000000,3397.00000000,3205.10000000,3292.55000000,363367.37820000
2024-03-20T16:00:00Z,3292.54000000,3535.24000000,3140.71000000,3516.53000000,425772.55590000
2024-03-21T00:00:00Z,3516.53000000,3558.99000000,3446.47000000,3516.03000000,199768.25910000
2024-03-21T08:00:00Z,3516.04000000,3587.32000000,3478.73000000,3497.60000000,198813.26370000
2024-03-21T16:00:00Z,3497.59000000,3545.99000000,3412.00000000,3492.85000000,204173.68440000
2024-03-22T00:00:00Z,3492.84000000,3542.52000000,3454.01000000,3511.40000000,119290.15510000
2024-03-22T08:00:00Z,3511.39000000,3523.80000000,3281.00000000,3349.31000000,229093.71310000
2024-03-22T16:00:00Z,3349.30000000,3362.19000000,3250.00000000,3336.35000000,210465.01980000
2024-03-23T00:00:00Z,3336.35000000,3383.80000000,3270.08000000,3365.28000000,101074.09560000
2024-03-23T08:00:00Z,3365.28000000,3423.03000000,3328.34000000,3405.50000000,113385.39780000
2024-03-23T16:00:00Z,3405.49000000,3435.48000000,3327.28000000,3329.53000000,109216.45140000
2024-03-24T00:00:00Z,3329.53000000,3368.16000000,3298.76000000,3341.80000000,87574.96650000
2024-03-24T08:00:00Z,3341.81000000,3414.46000000,3335.50000000,3397.51000000,72479.63900000
2024-03-24T16:00:00Z,3397.50000000,3471.22000000,3333.00000000,3454.98000000,100769.53530000
2024-03-25T00:00:00Z,3454.99000000,3506.49000000,3420.12000000,3444.60000000,126937.84490000
2024-03-25T08:00:00Z,3444.59000000,3587.90000000,3430.00000000,3581.49000000,175378.79720000
2024-03-25T16:00:00Z,3581.49000000,3666.00000000,3566.20000000,3590.42000000,246261.05210000
2024-03-26T00:00:00Z,3590.43000000,3678.86000000,3580.95000000,3635.13000000,201781.07370000
2024-03-26T08:00:00Z,3635.14000000,3670.32000000,3545.13000000,3593.35000000,167976.64900000
2024-03-26T16:00:00Z,3593.35000000,3613.50000000,3542.62000000,3587.33000000,129256.11570000
2024-03-27T00:00:00Z,3587.32000000,3627.67000000,3560.20000000,3565.21000000,79488.74490000
2024-03-27T08:00:00Z,3565.21000000,3665.84000000,3496.15000000,3514.30000000,246833.28270000
2024-03-27T16:00:00Z,3514.29000000,3531.76000000,3460.02000000,3501.19000000,116873.30210000
2024-03-28T00:00:00Z,3501.20000000,3579.95000000,3465.00000000,3573.88000000,171532.40840000
2024-03-28T08:00:00Z,3573.88000000,3611.78000000,3552.55000000,3578.70000000,139558.54760000
2024-03-28T16:00:00Z,3578.71000000,3580.75000000,3537.48000000,3560.49000000,93563.07510000
2024-03-29T00:00:00Z,3560.49000000,3584.37000000,3512.85000000,3519.43000000,87206.96960000
2024-03-29T08:00:00Z,3519.42000000,3562.71000000,3481.14000000,3488.53000000,120367.78230000
2024-03-29T16:00:00Z,3488.52000000,3524.55000000,3445.91000000,3509.74000000,115511.42710000
2024-03-30T00:00:00Z,3509.74000000,3532.77000000,3486.58000000,3492.64000000,90271.97610000
2024-03-30T08:00:00Z,3492.65000000,3565.81000000,3492.20000000,3536.61000000,72440.97400000
2024-03-30T16:00:00Z,3536.60000000,3547.71000000,3485.00000000,3505.64000000,53312.31330000
2024-03-31T00:00:00Z,3505.65000000,3631.99000000,3505.09000000,3625.38000000,101043.51670000
2024-03-31T08:00:00Z,3625.38000000,3638.00000000,3600.38000000,3617.68000000,72808.96130000
2024-03-31T16:00:00Z,3617.69000000,3655.32000000,3613.75000000,3645.29000000,69612.50970000
2024-04-01T00:00:00Z,3645.29000000,3645.95000000,3500.00000000,3546.88000000,136019.35020000
2024-04-01T08:00:00Z,3546.88000000,3570.58000000,3437.23000000,3444.04000000,157385.06010000
2024-04-01T16:00:00Z,3444.04000000,3514.88000000,3413.71000000,3503.80000000,115449.71220000
2024-04-02T00:00:00Z,3503.80000000,3505.60000000,3319.20000000,3362.90000000,191530.20720000
2024-04-02T08:00:00Z,3362.89000000,3371.62000000,3232.00000000,3240.13000000,277911.19950000
2024-04-02T16:00:00Z,3240.13000000,3305.00000000,3212.00000000,3278.96000000,153823.24090000
2024-04-03T00:00:00Z,3278.96000000,3324.60000000,3202.79000000,3305.53000000,142636.35720000
2024-04-03T08:00:00Z,3305.52000000,3363.58000000,3289.97000000,3329.20000000,147236.72540000
2024-04-03T16:00:00Z,3329.21000000,3367.40000000,3281.21000000,3310.83000000,120611.11070000
2024-04-04T00:00:00Z,3310.83000000,3334.46000000,3250.92000000,3322.79000000,111862.75580000
2024-04-04T08:00:00Z,3322.80000000,3395.19000000,3319.42000000,3364.12000000,91398.77770000
2024-04-04T16:00:00Z,3364.11000000,3443.93000000,3278.02000000,3327.40000000,153077.03810000
2024-04-05T00:00:00Z,3327.39000000,3336.00000000,3242.01000000,3287.61000000,117810.71410000
2024-04-05T08:00:00Z,3287.60000000,3329.54000000,3210.00000000,3326.43000000,165531.88730000
2024-04-05T16:00:00Z,3326.43000000,3350.00000000,3305.10000000,3317.85000000,61214.19690000
2024-04-06T00:00:00Z,3317.85000000,3352.81000000,3306.68000000,3330.39000000,55379.57160000
2024-04-06T08:00:00Z,3330.40000000,3361.77000000,3313.40000000,3335.37000000,56168.88540000
2024-04-06T16:00:00Z,3335.37000000,3398.42000000,3331.22000000,3351.59000000,71763.75550000
2024-04-07T00:00:00Z,3351.59000000,3413.61000000,3344.08000000,3385.19000000,60925.39850000
2024-04-07T08:00:00Z,3385.19000000,3420.00000000,3376.83000000,3390.13000000,61852.07470000
2024-04-07T16:00:00Z,3390.14000000,3459.94000000,3368.00000000,3454.20000000,87681.60200000
2024-04-08T00:00:00Z,3454.20000000,3478.34000000,3406.36000000,3473.88000000,86371.64780000
2024-04-08T08:00:00Z,3473.88000000,3672.11000000,3469.80000000,3629.20000000,291502.70980000
2024-04-08T16:00:00Z,3629.20000000,3730.71000000,3627.16000000,3694.61000000,118966.99560000
2024-04-09T00:00:00Z,3694.61000000,3727.34000000,3631.00000000,3641.81000000,139580.25130000
2024-04-09T08:00:00Z,3641.81000000,3646.60000000,3478.50000000,3529.92000000,212852.88540000
2024-04-09T16:00:00Z,3529.93000000,3532.96000000,3450.46000000,3506.39000000,105159.11530000
2024-04-10T00:00:00Z,3506.40000000,3554.19000000,3465.64000000,3536.61000000,95768.84340000
2024-04-10T08:00:00Z,3536.61000000,3540.36000000,3411.82000000,3479.41000000,183492.28630000
2024-04-10T16:00:00Z,3479.41000000,3562.95000000,3469.50000000,3545.64000000,110143.77580000
2024-04-11T00:00:00Z,3545.64000000,3605.76000000,3524.27000000,3583.40000000,85192.85870000
2024-04-11T08:00:00Z,3583.40000000,3618.30000000,3486.31000000,3508.32000000,178053.98660000
2024-04-11T16:00:00Z,3508.31000000,3532.25000000,3474.52000000,3502.52000000,74892.70810000
2024-04-12T00:00:00Z,3502.52000000,3552.40000000,3501.34000000,3516.20000000,68324.39880000
2024-04-12T08:00:00Z,3516.20000000,3541.78000000,3439.23000000,3440.71000000,150733.35840000
2024-04-12T16:00:00Z,3440.70000000,3454.56000000,3100.00000000,3237.43000000,478269.36020000
2024-04-13T00:00:00Z,3237.42000000,3272.31000000,3141.60000000,3257.60000000,200725.13250000
2024-04-13T08:00:00Z,3257.61000000,3301.90000000,3247.40000000,3272.39000000,101512.72020000
2024-04-13T16:00:00Z,3272.40000000,3279.79000000,2852.00000000,3007.01000000,692733.38270000
2024-04-14T00:00:00Z,3007.01000000,3102.15000000,2906.73000000,3084.20000000,288913.67470000
2024-04-14T08:00:00Z,3084.19000000,3099.13000000,3006.00000000,3055.74000000,207098.54230000
2024-04-14T16:00:00Z,3055.75000000,3174.23000000,2980.00000000,3155.11000000,241568.24960000
2024-04-15T00:00:00Z,3155.11000000,3255.43000000,3100.00000000,3242.05000000,191004.26540000
2024-04-15T08:00:00Z,3242.04000000,3277.85000000,3102.20000000,3163.21000000,194736.08990000
2024-04-15T16:00:00Z,3163.20000000,3179.40000000,3023.19000000,3101.99000000,219690.53100000
2024-04-16T00:00:00Z,3102.00000000,3128.01000000,2986.00000000,3107.29000000,185934.68070000
2024-04-16T08:00:00Z,3107.30000000,3110.76000000,3003.00000000,3009.04000000,214508.29690000
2024-04-16T16:00:00Z,3009.05000000,3118.24000000,2995.00000000,3084.22000000,125670.87740000
2024-04-17T00:00:00Z,3084.21000000,3123.75000000,3064.05000000,3076.60000000,98226.02470000
2024-04-17T08:00:00Z,3076.60000000,3087.64000000,2925.85000000,2946.80000000,231168.41370000
2024-04-17T16:00:00Z,2946.79000000,3043.73000000,2914.47000000,2985.41000000,162503.12770000
2024-04-18T00:00:00Z,2985.41000000,3035.08000000,2950.98000000,2975.20000000,118114.89710000
2024-04-18T08:00:00Z,2975.19000000,3094.40000000,2954.01000000,3069.17000000,186789.76450000
2024-04-18T16:00:00Z,3069.17000000,3083.54000000,3018.20000000,3064.40000000,84156.05170000
2024-04-19T00:00:00Z,3064.40000000,3128.89000000,2865.18000000,3084.41000000,339287.24470000
2024-04-19T08:00:00Z,3084.41000000,3124.44000000,3054.35000000,3080.74000000,154262.57190000
2024-04-19T16:00:00Z,3080.73000000,3107.94000000,3020.63000000,3056.46000000,114300.58530000
2024-04-20T00:00:00Z,3056.45000000,3071.03000000,3018.75000000,3060.64000000,70002.23160000
2024-04-20T08:00:00Z,3060.64000000,3114.60000000,3029.99000000,3109.86000000,72683.61520000
2024-04-20T16:00:00Z,3109.86000000,3171.88000000,3087.66000000,3155.79000000,99891.79030000
2024-04-21T00:00:00Z,3155.79000000,3197.18000000,3126.87000000,3179.55000000,83839.15930000
2024-04-21T08:00:00Z,3179.54000000,3189.00000000,3137.32000000,3158.82000000,71158.06350000
2024-04-21T16:00:00Z,3158.82000000,3169.57000000,3116.49000000,3147.67000000,64973.28440000
2024-04-22T00:00:00Z,3147.66000000,3235.00000000,3129.15000000,3203.60000000,120784.13530000
2024-04-22T08:00:00Z,3203.59000000,3224.00000000,3166.80000000,3183.32000000,94427.41720000
2024-04-22T16:00:00Z,3183.33000000,3224.20000000,3169.30000000,3200.20000000,75668.40440000
2024-04-23T00:00:00Z,3200.19000000,3223.36000000,3152.00000000,3160.48000000,69875.10040000
2024-04-23T08:00:00Z,3160.49000000,3263.61000000,3152.45000000,3226.13000000,125481.00670000
2024-04-23T16:00:00Z,3226.12000000,3246.22000000,3186.43000000,3219.46000000,58558.11920000
2024-04-24T00:00:00Z,3219.46000000,3275.54000000,3210.40000000,3250.11000000,80851.38110000
2024-04-24T08:00:00Z,3250.10000000,3293.56000000,3167.23000000,3175.80000000,177856.39880000
2024-04-24T16:00:00Z,3175.80000000,3193.83000000,3104.90000000,3140.80000000,134606.56150000
2024-04-25T00:00:00Z,3140.79000000,3171.20000000,3126.17000000,3136.39000000,88362.41810000
2024-04-25T08:00:00Z,3136.39000000,3168.00000000,3072.20000000,3160.40000000,181241.94760000
2024-04-25T16:00:00Z,3160.40000000,3191.64000000,3146.24000000,3155.80000000,82684.18450000
2024-04-26T00:00:00Z,3155.81000000,3164.08000000,3124.25000000,3135.46000000,85259.61070000
2024-04-26T08:00:00Z,3135.45000000,3167.70000000,3102.00000000,3117.60000000,113740.53830000
2024-04-26T16:00:00Z,3117.61000000,3155.00000000,3105.71000000,3131.30000000,53522.50600000
2024-04-27T00:00:00Z,3131.30000000,3138.80000000,3066.74000000,3120.59000000,95092.19220000
2024-04-27T08:00:00Z,3120.59000000,3167.01000000,3107.80000000,3145.05000000,77344.01200000
2024-04-27T16:00:00Z,3145.05000000,3285.00000000,3142.41000000,3255.56000000,151374.98770000
2024-04-28T00:00:00Z,3255.55000000,3339.99000000,3250.45000000,3317.60000000,110543.50730000
2024-04-28T08:00:00Z,3317.59000000,3327.79000000,3275.01000000,3321.01000000,107711.82370000
2024-04-28T16:00:00Z,3321.00000000,3357.40000000,3251.97000000,3263.45000000,86510.67800000
2024-04-29T00:00:00Z,3263.44000000,3286.95000000,3153.44000000,3189.00000000,195640.96870000
2024-04-29T08:00:00Z,3188.99000000,3195.40000000,3115.13000000,3182.45000000,147495.53480000
2024-04-29T16:00:00Z,3182.45000000,3235.43000000,3155.23000000,3216.73000000,78694.78770000
2024-04-30T00:00:00Z,3216.74000000,3250.95000000,3150.00000000,3157.35000000,103257.98520000
2024-04-30T08:00:00Z,3157.35000000,3161.75000000,2966.01000000,2994.12000000,274508.85060000
2024-04-30T16:00:00Z,2994.11000000,3029.40000000,2921.00000000,3014.05000000,183950.65080000
2024-05-01T00:00:00Z,3014.04000000,3023.24000000,2859.00000000,2869.71000000,180048.53490000
2024-05-01T08:00:00Z,2869.70000000,2934.00000000,2817.00000000,2885.45000000,219463.95430000
2024-05-01T16:00:00Z,2885.46000000,3015.73000000,2868.72000000,2972.46000000,225451.28810000
2024-05-02T00:00:00Z,2972.46000000,2982.18000000,2893.26000000,2921.22000000,114221.02130000
2024-05-02T08:00:00Z,2921.22000000,3013.00000000,2916.73000000,2990.17000000,168028.17820000
2024-05-02T16:00:00Z,2990.16000000,3016.72000000,2968.84000000,2986.19000000,83690.51960000
2024-05-03T00:00:00Z,2986.19000000,3036.17000000,2958.71000000,2969.00000000,78435.99900000
2024-05-03T08:00:00Z,2969.00000000,3086.00000000,2958.32000000,3075.52000000,187014.45680000
2024-05-03T16:00:00Z,3075.52000000,3126.99000000,3062.61000000,3102.61000000,90375.38330000
2024-05-04T00:00:00Z,3102.61000000,3130.85000000,3092.85000000,3095.94000000,56861.03960000
2024-05-04T08:00:00Z,3095.94000000,3168.00000000,3095.68000000,3126.81000000,92442.28680000
2024-05-04T16:00:00Z,3126.80000000,3147.00000000,3104.34000000,3117.23000000,46960.62240000
2024-05-05T00:00:00Z,3117.24000000,3126.41000000,3072.99000000,3105.70000000,72123.59100000
2024-05-05T08:00:00Z,3105.70000000,3171.93000000,3103.52000000,3160.19000000,103567.64920000
2024-05-05T16:00:00Z,3160.18000000,3166.34000000,3122.89000000,3136.41000000,43069.02600000
2024-05-06T00:00:00Z,3136.40000000,3191.94000000,3124.38000000,3180.53000000,72308.57470000
2024-05-06T08:00:00Z,3180.54000000,3221.40000000,3056.61000000,3089.25000000,217107.84200000
2024-05-06T16:00:00Z,3089.25000000,3096.36000000,3046.35000000,3062.60000000,65718.88600000
2024-05-07T00:00:00Z,3062.59000000,3096.80000000,3021.34000000,3077.40000000,77581.13610000
2024-05-07T08:00:00Z,3077.40000000,3129.85000000,3045.70000000,3071.41000000,138867.84230000
2024-05-07T16:00:00Z,3071.41000000,3079.41000000,2998.00000000,3005.69000000,82347.70450000
2024-05-08T00:00:00Z,3005.69000000,3038.15000000,2989.56000000,2995.01000000,79349.44220000
2024-05-08T08:00:00Z,2995.01000000,3032.50000000,2978.40000000,3006.98000000,105998.19050000
2024-05-08T16:00:00Z,3006.99000000,3024.11000000,2936.48000000,2974.21000000,81587.17980000
2024-05-09T00:00:00Z,2974.20000000,3014.96000000,2972.20000000,2983.59000000,70130.81060000
2024-05-09T08:00:00Z,2983.59000000,3019.28000000,2950.77000000,3005.99000000,102137.06290000
2024-05-09T16:00:00Z,3005.99000000,3059.00000000,2989.59000000,3036.23000000,66293.87270000
2024-05-10T00:00:00Z,3036.24000000,3053.89000000,3018.23000000,3042.26000000,76593.13550000
2024-05-10T08:00:00Z,3042.27000000,3045.23000000,2907.79000000,2918.54000000,142153.17730000
2024-05-10T16:00:00Z,2918.54000000,2935.00000000,2878.03000000,2909.99000000,109109.56300000
2024-05-11T00:00:00Z,2909.98000000,2936.59000000,2905.20000000,2921.79000000,44759.97490000
2024-05-11T08:00:00Z,2921.80000000,2945.67000000,2886.46000000,2925.72000000,61077.89000000
2024-05-11T16:00:00Z,2925.72000000,2940.37000000,2906.48000000,2912.45000000,32325.24380000
2024-05-12T00:00:00Z,2912.45000000,2932.26000000,2901.17000000,2907.80000000,25182.55570000
2024-05-12T08:00:00Z,2907.80000000,2943.77000000,2902.68000000,2938.00000000,41076.57120000
2024-05-12T16:00:00Z,2937.99000000,2955.20000000,2913.78000000,2929.29000000,41411.50540000
2024-05-13T00:00:00Z,2929.30000000,2958.00000000,2864.76000000,2953.99000000,140149.91060000
2024-05-13T08:00:00Z,2953.99000000,2996.40000000,2948.40000000,2961.22000000,156130.04120000
2024-05-13T16:00:00Z,2961.21000000,2977.89000000,2928.66000000,2950.99000000,72384.81300000
2024-05-14T00:00:00Z,2950.99000000,2960.60000000,2882.29000000,2920.03000000,75248.39540000
2024-05-14T08:00:00Z,2920.02000000,2924.14000000,2870.25000000,2898.93000000,134070.88710000
2024-05-14T16:00:00Z,2898.94000000,2903.00000000,2862.00000000,2881.93000000,60356.02120000
2024-05-15T00:00:00Z,2881.93000000,2922.00000000,2863.75000000,2916.51000000,55593.30850000
2024-05-15T08:00:00Z,2916.50000000,2992.99000000,2886.81000000,2976.81000000,183981.68880000
2024-05-15T16:00:00Z,2976.80000000,3041.36000000,2970.00000000,3032.55000000,110679.32150000
2024-05-16T00:00:00Z,3032.55000000,3041.24000000,2997.00000000,3016.31000000,89492.95920000
2024-05-16T08:00:00Z,3016.31000000,3027.85000000,2931.05000000,2956.57000000,132444.81980000
2024-05-16T16:00:00Z,2956.57000000,2960.64000000,2922.80000000,2944.70000000,71936.37230000
2024-05-17T00:00:00Z,2944.70000000,3033.00000000,2933.06000000,3024.67000000,112083.00550000
2024-05-17T08:00:00Z,3024.66000000,3118.54000000,3017.74000000,3111.54000000,177561.76970000
2024-05-17T16:00:00Z,3111.54000000,3120.00000000,3067.16000000,3092.01000000,68079.99790000
2024-05-18T00:00:00Z,3092.00000000,3126.66000000,3083.61000000,3101.99000000,76429.51930000
2024-05-18T08:00:00Z,3102.00000000,3146.98000000,3095.71000000,3110.89000000,90808.24360000
2024-05-18T16:00:00Z,3110.89000000,3126.89000000,3105.88000000,3122.94000000,32738.78270000
2024-05-19T00:00:00Z,3122.94000000,3136.64000000,3103.33000000,3115.81000000,36912.41130000
2024-05-19T08:00:00Z,3115.80000000,3125.00000000,3063.26000000,3077.25000000,82950.39590000
2024-05-19T16:00:00Z,3077.25000000,3083.90000000,3053.38000000,3071.19000000,46282.20300000
2024-05-20T00:00:00Z,3071.20000000,3140.00000000,3047.67000000,3091.73000000,105488.68880000
2024-05-20T08:00:00Z,3091.72000000,3121.00000000,3076.69000000,3118.53000000,89102.62400000
2024-05-20T16:00:00Z,3118.52000000,3694.00000000,3110.85000000,3661.78000000,652516.57000000
2024-05-21T00:00:00Z,3661.79000000,3721.00000000,3624.28000000,3660.49000000,293810.61020000
2024-05-21T08:00:00Z,3660.50000000,3836.00000000,3649.36000000,3777.68000000,410210.98840000
2024-05-21T16:00:00Z,3777.69000000,3841.54000000,3680.68000000,3789.60000000,248415.67080000
2024-05-22T00:00:00Z,3789.59000000,3813.69000000,3720.01000000,3746.79000000,142359.31360000
2024-05-22T08:00:00Z,3746.80000000,3779.80000000,3653.15000000,3762.66000000,233169.93580000
2024-05-22T16:00:00Z,3762.65000000,3798.00000000,3700.60000000,3737.73000000,199409.06050000
2024-05-23T00:00:00Z,3737.72000000,3833.65000000,3736.67000000,3814.00000000,121570.88600000
2024-05-23T08:00:00Z,3813.99000000,3949.29000000,3723.00000000,3812.95000000,430129.85600000
2024-05-23T16:00:00Z,3812.96000000,3901.00000000,3498.00000000,3783.61000000,576165.33400000
2024-05-24T00:00:00Z,3783.60000000,3829.61000000,3651.00000000,3679.24000000,182162.69730000
2024-05-24T08:00:00Z,3679.24000000,3732.83000000,3626.10000000,3693.67000000,166985.07060000
2024-05-24T16:00:00Z,3693.66000000,3759.00000000,3655.26000000,3728.28000000,130270.66390000
2024-05-25T00:00:00Z,3728.28000000,3779.43000000,3709.03000000,3746.60000000,59160.04850000
2024-05-25T08:00:00Z,3746.60000000,3775.00000000,3719.80000000,3743.79000000,68278.19650000
2024-05-25T16:00:00Z,3743.80000000,3766.02000000,3730.12000000,3749.26000000,31273.65420000
2024-05-26T00:00:00Z,3749.25000000,3795.06000000,3731.17000000,3786.02000000,58998.41530000
2024-05-26T08:00:00Z,3786.01000000,3875.80000000,3777.22000000,3833.05000000,150404.33400000
2024-05-26T16:00:00Z,3833.06000000,3884.20000000,3817.39000000,3826.47000000,82805.54440000
2024-05-27T00:00:00Z,3826.47000000,3939.59000000,3823.37000000,3914.01000000,128685.02290000
2024-05-27T08:00:00Z,3914.01000000,3977.00000000,3884.17000000,3963.39000000,138946.43660000
2024-05-27T16:00:00Z,3963.39000000,3974.30000000,3854.16000000,3894.22000000,96086.18780000
2024-05-28T00:00:00Z,3894.21000000,3910.00000000,3821.63000000,3847.29000000,118453.06550000
2024-05-28T08:00:00Z,3847.30000000,3931.09000000,3831.29000000,3861.10000000,166364.84200000
2024-05-28T16:00:00Z,3861.10000000,3871.76000000,3773.90000000,3844.69000000,131431.92690000
2024-05-29T00:00:00Z,3844.69000000,3888.55000000,3818.48000000,3820.00000000,98557.68820000
2024-05-29T08:00:00Z,3819.99000000,3838.83000000,3750.60000000,3759.85000000,151296.10330000
2024-05-29T16:00:00Z,3759.84000000,3792.99000000,3742.59000000,3767.43000000,84905.84330000
2024-05-30T00:00:00Z,3767.44000000,3801.65000000,3712.73000000,3720.32000000,87125.53080000
2024-05-30T08:00:00Z,3720.32000000,3798.97000000,3702.58000000,3776.12000000,102034.47500000
2024-05-30T16:00:00Z,3776.12000000,3825.35000000,3719.30000000,3747.91000000,87874.28360000
2024-05-31T00:00:00Z,3747.90000000,3770.00000000,3724.41000000,3729.11000000,48177.02340000
2024-05-31T08:00:00Z,3729.11000000,3849.94000000,3726.45000000,3744.77000000,135755.86010000
2024-05-31T16:00:00Z,3744.77000000,3800.94000000,3723.75000000,3762.29000000,89473.88250000
2024-06-01T00:00:00Z,3762.29000000,3794.11000000,3752.67000000,3773.00000000,39005.49640000
2024-06-01T08:00:00Z,3772.99000000,3814.67000000,3772.43000000,3798.60000000,51217.31330000
2024-06-01T16:00:00Z,3798.60000000,3833.30000000,3790.21000000,3815.82000000,42464.39090000
2024-06-02T00:00:00Z,3815.82000000,3838.59000000,3792.25000000,3793.33000000,82629.32340000
2024-06-02T08:00:00Z,3793.33000000,3810.00000000,3770.99000000,3798.78000000,64022.74920000
2024-06-02T16:00:00Z,3798.79000000,3803.67000000,3752.62000000,3780.91000000,63643.36810000
2024-06-03T00:00:00Z,3780.92000000,3842.01000000,3761.05000000,3817.82000000,76290.14340000
2024-06-03T08:00:00Z,3817.81000000,3849.99000000,3758.43000000,3796.82000000,119508.88700000
2024-06-03T16:00:00Z,3796.82000000,3798.63000000,3759.00000000,3767.06000000,53049.67160000
2024-06-04T00:00:00Z,3767.07000000,3785.19000000,3730.00000000,3774.72000000,59411.82700000
2024-06-04T08:00:00Z,3774.72000000,3817.99000000,3741.60000000,3810.63000000,96005.21130000
2024-06-04T16:00:00Z,3810.63000000,3831.65000000,3776.20000000,3810.23000000,76646.70850000
2024-06-05T00:00:00Z,3810.23000000,3839.92000000,3777.33000000,3809.58000000,89939.54310000
2024-06-05T08:00:00Z,3809.57000000,3824.44000000,3782.00000000,3813.58000000,79075.68350000
2024-06-05T16:00:00Z,3813.59000000,3887.47000000,3796.80000000,3865.99000000,104723.37690000
2024-06-06T00:00:00Z,3866.00000000,3878.60000000,3838.53000000,3852.10000000,64714.65360000
2024-06-06T08:00:00Z,3852.10000000,3866.48000000,3820.00000000,3845.01000000,71076.78160000
2024-06-06T16:00:00Z,3845.00000000,3855.60000000,3760.00000000,3813.46000000,101712.75530000
2024-06-07T00:00:00Z,3813.47000000,3825.75000000,3792.34000000,3816.31000000,38752.24050000
2024-06-07T08:00:00Z,3816.31000000,3841.39000000,3771.39000000,3800.73000000,102115.31130000
2024-06-07T16:00:00Z,3800.73000000,3807.67000000,3600.00000000,3678.32000000,221355.80760000
2024-06-08T00:00:00Z,3678.31000000,3709.50000000,3673.82000000,3708.98000000,38467.00110000
2024-06-08T08:00:00Z,3708.98000000,3709.39000000,3660.08000000,3688.13000000,69167.80110000
2024-06-08T16:00:00Z,3688.13000000,3694.50000000,3670.37000000,3681.57000000,32916.03720000
2024-06-09T00:00:00Z,3681.58000000,3692.00000000,3666.36000000,3685.99000000,34424.20680000
2024-06-09T08:00:00Z,3685.98000000,3712.50000000,3680.99000000,3690.59000000,40337.42080000
2024-06-09T16:00:00Z,3690.60000000,3721.52000000,3689.43000000,3706.40000000,28689.47440000
2024-06-10T00:00:00Z,3706.40000000,3706.94000000,3642.74000000,3647.79000000,46527.19010000
2024-06-10T08:00:00Z,3647.80000000,3713.67000000,3646.94000000,3702.54000000,61287.77170000
2024-06-10T16:00:00Z,3702.53000000,3705.68000000,3650.64000000,3667.85000000,48548.22280000
2024-06-11T00:00:00Z,3667.85000000,3673.00000000,3505.00000000,3534.60000000,169945.62350000
2024-06-11T08:00:00Z,3534.60000000,3549.36000000,3432.01000000,3447.75000000,173680.49310000
2024-06-11T16:00:00Z,3447.75000000,3509.65000000,3432.00000000,3497.33000000,95942.48120000
2024-06-12T00:00:00Z,3497.33000000,3532.39000000,3462.07000000,3526.71000000,65147.32870000
2024-06-12T08:00:00Z,3526.70000000,3659.01000000,3516.95000000,3618.32000000,191956.27250000
2024-06-12T16:00:00Z,3618.32000000,3625.70000000,3513.32000000,3560.12000000,129940.17280000
2024-06-13T00:00:00Z,3560.13000000,3561.65000000,3476.21000000,3507.53000000,94967.07820000
2024-06-13T08:00:00Z,3507.53000000,3539.83000000,3433.00000000,3441.73000000,143490.75760000
2024-06-13T16:00:00Z,3441.73000000,3491.55000000,3428.00000000,3469.40000000,61772.99410000
2024-06-14T00:00:00Z,3469.40000000,3532.61000000,3457.37000000,3516.61000000,74527.85300000
2024-06-14T08:00:00Z,3516.61000000,3530.25000000,3460.17000000,3462.41000000,74865.55920000
2024-06-14T16:00:00Z,3462.41000000,3528.93000000,3362.26000000,3481.80000000,172923.00920000
2024-06-15T00:00:00Z,3481.80000000,3557.81000000,3473.10000000,3529.61000000,97502.11820000
2024-06-15T08:00:00Z,3529.61000000,3594.39000000,3519.49000000,3565.80000000,95616.47550000
2024-06-15T16:00:00Z,3565.80000000,3575.73000000,3536.76000000,3568.74000000,53530.99570000
2024-06-16T00:00:00Z,3568.75000000,3574.54000000,3541.05000000,3561.93000000,31208.52320000
2024-06-16T08:00:00Z,3561.93000000,3611.98000000,3546.92000000,3591.88000000,62862.24320000
2024-06-16T16:00:00Z,3591.88000000,3653.79000000,3586.69000000,3624.41000000,55769.21560000
2024-06-17T00:00:00Z,3624.41000000,3638.37000000,3538.70000000,3552.68000000,97404.02810000
2024-06-17T08:00:00Z,3552.68000000,3561.10000000,3485.44000000,3497.26000000,130669.35520000
2024-06-17T16:00:00Z,3497.26000000,3577.77000000,3463.39000000,3511.46000000,109732.25690000
2024-06-18T00:00:00Z,3511.47000000,3517.20000000,3355.00000000,3443.97000000,192849.57950000
2024-06-18T08:00:00Z,3443.97000000,3451.84000000,3370.92000000,3424.01000000,145371.12420000
2024-06-18T16:00:00Z,3424.02000000,3490.00000000,3386.92000000,3483.42000000,111692.59770000
2024-06-19T00:00:00Z,3483.42000000,3585.00000000,3465.65000000,3544.30000000,146568.49820000
2024-06-19T08:00:00Z,3544.31000000,3564.00000000,3512.20000000,3529.29000000,96775.99890000
2024-06-19T16:00:00Z,3529.30000000,3590.01000000,3523.43000000,3560.51000000,78155.50560000
2024-06-20T00:00:00Z,3560.51000000,3616.06000000,3533.49000000,3607.87000000,99246.90990000
2024-06-20T08:00:00Z,3607.87000000,3625.96000000,3491.46000000,3506.61000000,161318.64500000
2024-06-20T16:00:00Z,3506.61000000,3542.40000000,3486.00000000,3513.08000000,68552.29040000
2024-06-21T00:00:00Z,3513.08000000,3536.21000000,3467.00000000,3475.00000000,79035.63350000
2024-06-21T08:00:00Z,3475.00000000,3532.83000000,3446.82000000,3492.78000000,173564.12380000
2024-06-21T16:00:00Z,3492.78000000,3547.55000000,3469.96000000,3518.50000000,89555.34470000
2024-06-22T00:00:00Z,3518.50000000,3521.19000000,3489.73000000,3494.00000000,43825.92260000
2024-06-22T08:00:00Z,3494.00000000,3511.84000000,3475.09000000,3505.43000000,48133.01410000
2024-06-22T16:00:00Z,3505.43000000,3508.37000000,3485.56000000,3495.75000000,23815.67900000
2024-06-23T00:00:00Z,3495.76000000,3521.45000000,3494.67000000,3512.50000000,24052.98300000
2024-06-23T08:00:00Z,3512.49000000,3513.00000000,3471.82000000,3474.54000000,44666.87180000
2024-06-23T16:00:00Z,3474.54000000,3482.40000000,3406.38000000,3420.91000000,64691.57560000
2024-06-24T00:00:00Z,3420.91000000,3435.76000000,3354.22000000,3369.19000000,109021.99090000
2024-06-24T08:00:00Z,3369.20000000,3394.36000000,3240.00000000,3280.30000000,256831.10330000
2024-06-24T16:00:00Z,3280.31000000,3363.18000000,3242.44000000,3352.73000000,177517.32870000
2024-06-25T00:00:00Z,3352.74000000,3394.92000000,3336.76000000,3361.00000000,78112.52450000
2024-06-25T08:00:00Z,3361.00000000,3425.37000000,3345.79000000,3419.60000000,107260.99330000
2024-06-25T16:00:00Z,3419.60000000,3430.88000000,3381.68000000,3394.91000000,54662.70580000
2024-06-26T00:00:00Z,3394.91000000,3426.75000000,3376.81000000,3401.80000000,53488.77030000
2024-06-26T08:00:00Z,3401.80000000,3402.85000000,3346.00000000,3361.69000000,70217.83220000
2024-06-26T16:00:00Z,3361.68000000,3417.43000000,3325.01000000,3371.44000000,83242.73930000
2024-06-27T00:00:00Z,3371.77000000,3393.00000000,3361.74000000,3374.98000000,43403.40720000
2024-06-27T08:00:00Z,3374.98000000,3477.00000000,3368.70000000,3452.75000000,115696.89990000
2024-06-27T16:00:00Z,3452.75000000,3467.50000000,3439.00000000,3450.44000000,41941.35380000
2024-06-28T00:00:00Z,3450.44000000,3487.70000000,3427.01000000,3431.82000000,62682.97360000
2024-06-28T08:00:00Z,3431.82000000,3476.73000000,3403.06000000,3413.61000000,97994.36080000
2024-06-28T16:00:00Z,3413.60000000,3416.60000000,3365.22000000,3380.15000000,60957.00910000
2024-06-29T00:00:00Z,3380.15000000,3408.32000000,3380.01000000,3399.72000000,36698.94030000
2024-06-29T08:00:00Z,3399.72000000,3406.05000000,3383.00000000,3394.62000000,28300.86260000
2024-06-29T16:00:00Z,3394.62000000,3396.53000000,3371.86000000,3378.80000000,23329.96220000
2024-06-30T00:00:00Z,3378.80000000,3400.00000000,3352.66000000,3394.03000000,44182.46140000
2024-06-30T08:00:00Z,3394.03000000,3404.88000000,3379.81000000,3399.80000000,39025.02160000
2024-06-30T16:00:00Z,3399.81000000,3460.00000000,3391.99000000,3438.16000000,58014.13550000
2024-07-01T00:00:00Z,3438.16000000,3524.94000000,3432.55000000,3490.58000000,96648.45830000
2024-07-01T08:00:00Z,3490.59000000,3495.00000000,3453.00000000,3474.35000000,71631.68140000
2024-07-01T16:00:00Z,3474.35000000,3499.00000000,3423.78000000,3442.20000000,55993.07250000
2024-07-02T00:00:00Z,3442.20000000,3464.12000000,3434.02000000,3439.00000000,39896.41080000
2024-07-02T08:00:00Z,3439.01000000,3462.50000000,3402.00000000,3415.65000000,64802.26040000
2024-07-02T16:00:00Z,3415.66000000,3433.65000000,3408.89000000,3421.35000000,33234.03020000
2024-07-03T00:00:00Z,3421.35000000,3432.10000000,3331.23000000,3352.20000000,77003.77650000
2024-07-03T08:00:00Z,3352.21000000,3356.98000000,3275.48000000,3304.26000000,134747.97320000
2024-07-03T16:00:00Z,3304.16000000,3322.09000000,3251.00000000,3295.48000000,98656.70130000
2024-07-04T00:00:00Z,3295.49000000,3313.45000000,3155.00000000,3182.21000000,164307.48960000
2024-07-04T08:00:00Z,3182.21000000,3195.99000000,3088.25000000,3138.79000000,194753.64070000
2024-07-04T16:00:00Z,3138.79000000,3169.79000000,3050.34000000,3059.70000000,91341.43890000
2024-07-05T00:00:00Z,3059.70000000,3110.00000000,2810.00000000,2882.21000000,543984.10270000
2024-07-05T08:00:00Z,2882.21000000,3005.42000000,2820.00000000,2990.99000000,258934.90970000
2024-07-05T16:00:00Z,2990.99000000,3001.63000000,2958.15000000,2981.78000000,84075.36290000
2024-07-06T00:00:00Z,2981.79000000,3026.45000000,2955.06000000,3004.69000000,72933.55350000
2024-07-06T08:00:00Z,3004.69000000,3030.00000000,2985.06000000,3020.00000000,78386.31840000
2024-07-06T16:00:00Z,3020.00000000,3081.78000000,3016.31000000,3066.83000000,63168.09940000
2024-07-07T00:00:00Z,3066.83000000,3073.08000000,2993.51000000,3004.42000000,53884.96850000
2024-07-07T08:00:00Z,3004.42000000,3032.18000000,2955.12000000,2970.99000000,61654.40070000
2024-07-07T16:00:00Z,2970.99000000,3009.58000000,2922.24000000,2931.00000000,64353.39200000
2024-07-08T00:00:00Z,2930.99000000,2951.89000000,2822.80000000,2927.00000000,152117.38640000
2024-07-08T08:00:00Z,2927.02000000,3097.06000000,2890.00000000,2969.21000000,274223.48680000
2024-07-08T16:00:00Z,2969.21000000,3046.00000000,2945.40000000,3019.01000000,74104.13730000
2024-07-09T00:00:00Z,3019.01000000,3090.38000000,3004.00000000,3061.93000000,91081.90100000
2024-07-09T08:00:00Z,3061.94000000,3115.20000000,3031.06000000,3067.83000000,114044.44110000
2024-07-09T16:00:00Z,3067.83000000,3089.34000000,3046.32000000,3066.65000000,75231.80030000
2024-07-10T00:00:00Z,3066.65000000,3129.89000000,3024.00000000,3097.08000000,84474.39660000
2024-07-10T08:00:00Z,3097.07000000,3129.61000000,3077.76000000,3122.76000000,105287.79890000
2024-07-10T16:00:00Z,3122.76000000,3151.51000000,3080.21000000,3101.05000000,81064.88890000
2024-07-11T00:00:00Z,3101.06000000,3130.00000000,3054.76000000,3118.22000000,57582.54560000
2024-07-11T08:00:00Z,3118.22000000,3217.24000000,3104.52000000,3117.95000000,157547.39350000
2024-07-11T16:00:00Z,3117.95000000,3148.58000000,3086.00000000,3099.57000000,74099.38090000
2024-07-12T00:00:00Z,3099.57000000,3117.92000000,3055.11000000,3072.30000000,52614.69920000
2024-07-12T08:00:00Z,3072.30000000,3139.74000000,3045.58000000,3131.34000000,75139.47520000
2024-07-12T16:00:00Z,3131.34000000,3157.89000000,3090.00000000,3133.88000000,57991.00810000
2024-07-13T00:00:00Z,3133.89000000,3142.62000000,3113.37000000,3140.21000000,29634.33610000
2024-07-13T08:00:00Z,3140.20000000,3171.00000000,3128.99000000,3154.87000000,47469.80250000
2024-07-13T16:00:00Z,3154.86000000,3201.80000000,3144.26000000,3175.93000000,42198.33830000
2024-07-14T00:00:00Z,3175.93000000,3206.70000000,3163.67000000,3195.40000000,54693.26330000
2024-07-14T08:00:00Z,3195.40000000,3225.13000000,3173.68000000,3190.48000000,54125.23680000
2024-07-14T16:00:00Z,3190.47000000,3268.72000000,3183.31000000,3245.08000000,56612.27150000
2024-07-15T00:00:00Z,3245.20000000,3369.42000000,3233.22000000,3355.95000000,114213.29640000
2024-07-15T08:00:00Z,3355.96000000,3393.69000000,3328.00000000,3367.83000000,77287.12870000
2024-07-15T16:00:00Z,3367.82000000,3493.63000000,3358.21000000,3483.39000000,122796.42010000
2024-07-16T00:00:00Z,3483.20000000,3498.59000000,3372.20000000,3376.80000000,128575.61360000
2024-07-16T08:00:00Z,3376.80000000,3484.73000000,3346.55000000,3476.25000000,125655.45290000
2024-07-16T16:00:00Z,3476.21000000,3494.38000000,3414.31000000,3444.13000000,121897.72040000
2024-07-17T00:00:00Z,3444.14000000,3517.00000000,3441.86000000,3486.22000000,107524.89530000
2024-07-17T08:00:00Z,3486.23000000,3500.00000000,3432.49000000,3437.17000000,109466.14890000
2024-07-17T16:00:00Z,3437.18000000,3438.92000000,3376.00000000,3387.05000000,80821.47200000
2024-07-18T00:00:00Z,3387.05000000,3454.08000000,3383.43000000,3433.00000000,67605.36470000
2024-07-18T08:00:00Z,3433.00000000,3489.98000000,3385.01000000,3389.28000000,107470.46190000
2024-07-18T16:00:00Z,3389.29000000,3437.30000000,3367.20000000,3426.50000000,66874.51910000
2024-07-19T00:00:00Z,3426.49000000,3450.50000000,3384.04000000,3391.59000000,71089.07190000
2024-07-19T08:00:00Z,3391.59000000,3474.99000000,3377.00000000,3465.00000000,113041.57570000
2024-07-19T16:00:00Z,3465.00000000,3540.27000000,3464.99000000,3503.53000000,115380.99460000
2024-07-20T00:00:00Z,3503.53000000,3508.49000000,3480.00000000,3487.40000000,49676.73100000
2024-07-20T08:00:00Z,3487.39000000,3507.84000000,3480.50000000,3503.72000000,43868.38570000
2024-07-20T16:00:00Z,3503.71000000,3539.65000000,3490.53000000,3517.50000000,53965.69980000
2024-07-21T00:00:00Z,3517.50000000,3528.80000000,3476.60000000,3485.01000000,36015.11210000
2024-07-21T08:00:00Z,3485.00000000,3517.10000000,3482.47000000,3499.95000000,41730.12970000
2024-07-21T16:00:00Z,3499.95000000,3547.00000000,3411.40000000,3535.92000000,141145.72380000
2024-07-22T00:00:00Z,3535.93000000,3562.82000000,3459.60000000,3478.89000000,71419.96590000
2024-07-22T08:00:00Z,3478.90000000,3507.35000000,3435.60000000,3457.15000000,71831.82660000
2024-07-22T16:00:00Z,3457.15000000,3499.53000000,3422.34000000,3439.60000000,64607.71180000
2024-07-23T00:00:00Z,3439.61000000,3490.14000000,3425.00000000,3454.84000000,94747.83490000
2024-07-23T08:00:00Z,3454.85000000,3541.00000000,3429.59000000,3454.38000000,231705.12710000
2024-07-23T16:00:00Z,3454.38000000,3500.00000000,3389.00000000,3482.51000000,174115.81910000
2024-07-24T00:00:00Z,3482.51000000,3487.82000000,3427.40000000,3446.69000000,74234.73300000
2024-07-24T08:00:00Z,3446.69000000,3472.33000000,3409.01000000,3414.87000000,89331.16550000
2024-07-24T16:00:00Z,3414.87000000,3432.40000000,3300.00000000,3335.81000000,111913.15210000
2024-07-25T00:00:00Z,3335.82000000,3342.50000000,3130.00000000,3171.84000000,233449.35530000
2024-07-25T08:00:00Z,3171.84000000,3187.80000000,3105.35000000,3142.28000000,139716.62690000
2024-07-25T16:00:00Z,3142.28000000,3198.50000000,3087.53000000,3175.48000000,121116.65760000
2024-07-26T00:00:00Z,3175.47000000,3276.00000000,3171.00000000,3251.00000000,125403.34670000
2024-07-26T08:00:00Z,3251.00000000,3271.14000000,3221.43000000,3255.02000000,90715.61350000
2024-07-26T16:00:00Z,3255.02000000,3286.36000000,3242.62000000,3274.61000000,44118.50390000
2024-07-27T00:00:00Z,3274.60000000,3277.80000000,3241.31000000,3272.31000000,40099.08790000
2024-07-27T08:00:00Z,3272.31000000,3327.59000000,3262.92000000,3280.97000000,75957.34050000
2024-07-27T16:00:00Z,3280.97000000,3294.50000000,3191.01000000,3249.01000000,115935.47530000
2024-07-28T00:00:00Z,3249.00000000,3256.36000000,3198.11000000,3227.69000000,41051.43830000
2024-07-28T08:00:00Z,3227.69000000,3279.93000000,3215.87000000,3268.61000000,38935.86000000
2024-07-28T16:00:00Z,3268.61000000,3284.30000000,3251.08000000,3270.16000000,23542.53460000
2024-07-29T00:00:00Z,3270.16000000,3389.00000000,3267.17000000,3366.91000000,103879.51680000
2024-07-29T08:00:00Z,3366.90000000,3396.77000000,3290.00000000,3308.67000000,103132.50670000
2024-07-29T16:00:00Z,3308.66000000,3353.38000000,3258.00000000,3317.66000000,111459.48200000
2024-07-30T00:00:00Z,3317.66000000,3353.41000000,3282.30000000,3340.90000000,68131.60630000
2024-07-30T08:00:00Z,3340.90000000,3366.40000000,3291.60000000,3321.00000000,63019.51280000
2024-07-30T16:00:00Z,3321.00000000,3327.42000000,3233.18000000,3279.21000000,66126.04500000
2024-07-31T00:00:00Z,3279.20000000,3332.04000000,3262.04000000,3317.50000000,60833.83460000
2024-07-31T08:00:00Z,3317.49000000,3350.00000000,3297.85000000,3302.36000000,75187.86310000
2024-07-31T16:00:00Z,3302.35000000,3326.79000000,3213.75000000,3232.74000000,97689.63750000
2024-08-01T00:00:00Z,3232.74000000,3242.57000000,3136.47000000,3166.81000000,102762.79840000
2024-08-01T08:00:00Z,3166.82000000,3207.00000000,3102.40000000,3117.18000000,99296.03880000
2024-08-01T16:00:00Z,3117.18000000,3219.34000000,3080.02000000,3203.40000000,121226.77330000
2024-08-02T00:00:00Z,3203.40000000,3218.60000000,3127.00000000,3147.42000000,64798.71910000
2024-08-02T08:00:00Z,3147.41000000,3182.80000000,2985.13000000,3038.99000000,203566.06880000
2024-08-02T16:00:00Z,3039.00000000,3048.59000000,2967.00000000,2989.61000000,117339.25160000
2024-08-03T00:00:00Z,2989.61000000,3003.53000000,2913.56000000,2983.90000000,95141.75510000
2024-08-03T08:00:00Z,2983.81000000,3018.02000000,2938.88000000,2942.40000000,69772.13370000
2024-08-03T16:00:00Z,2942.40000000,2955.39000000,2859.00000000,2903.64000000,179681.42690000
2024-08-04T00:00:00Z,2903.65000000,2935.46000000,2876.22000000,2893.24000000,57492.49740000
2024-08-04T08:00:00Z,2893.24000000,2925.80000000,2819.50000000,2826.98000000,111408.23630000
2024-08-04T16:00:00Z,2827.00000000,2837.96000000,2630.00000000,2688.92000000,343163.52750000
2024-08-05T00:00:00Z,2688.91000000,2697.44000000,2111.00000000,2357.55000000,1538410.66800000
2024-08-05T08:00:00Z,2357.54000000,2462.90000000,2183.51000000,2450.80000000,833543.94520000
2024-08-05T16:00:00Z,2450.80000000,2518.00000000,2364.14000000,2419.59000000,298649.48710000
2024-08-06T00:00:00Z,2419.76000000,2547.43000000,2415.80000000,2523.41000000,215931.14550000
2024-08-06T08:00:00Z,2523.42000000,2556.23000000,2414.19000000,2527.60000000,271348.15950000
2024-08-06T16:00:00Z,2527.59000000,2549.73000000,2446.08000000,2461.33000000,155004.49880000
2024-08-07T00:00:00Z,2461.33000000,2534.60000000,2425.53000000,2510.72000000,161250.60730000
2024-08-07T08:00:00Z,2510.79000000,2551.32000000,2364.76000000,2412.75000000,286509.24400000
2024-08-07T16:00:00Z,2412.76000000,2416.45000000,2309.04000000,2342.80000000,182355.57150000
2024-08-08T00:00:00Z,2342.79000000,2465.25000000,2320.40000000,2414.00000000,141331.84350000
2024-08-08T08:00:00Z,2414.00000000,2525.68000000,2408.60000000,2507.20000000,209075.17060000
2024-08-08T16:00:00Z,2507.21000000,2724.10000000,2504.02000000,2682.50000000,236095.86130000
2024-08-09T00:00:00Z,2682.50000000,2707.98000000,2646.40000000,2670.21000000,129301.39520000
2024-08-09T08:00:00Z,2670.21000000,2681.28000000,2556.40000000,2557.82000000,186129.92610000
2024-08-09T16:00:00Z,2557.82000000,2613.07000000,2552.61000000,2598.78000000,91308.63980000
2024-08-10T00:00:00Z,2598.79000000,2644.70000000,2576.49000000,2634.27000000,66141.53350000
2024-08-10T08:00:00Z,2634.27000000,2642.84000000,2597.00000000,2599.49000000,45332.18040000
2024-08-10T16:00:00Z,2599.50000000,2622.84000000,2589.51000000,2609.92000000,59538.64800000
2024-08-11T00:00:00Z,2609.92000000,2683.15000000,2606.02000000,2677.79000000,61401.70100000
2024-08-11T08:00:00Z,2677.80000000,2720.00000000,2594.46000000,2614.07000000,115836.12090000
2024-08-11T16:00:00Z,2614.07000000,2645.92000000,2540.00000000,2555.38000000,119861.09260000
2024-08-12T00:00:00Z,2555.38000000,2582.75000000,2510.05000000,2567.27000000,101361.69140000
2024-08-12T08:00:00Z,2567.27000000,2723.70000000,2558.54000000,2689.20000000,250085.99380000
2024-08-12T16:00:00Z,2689.20000000,2750.00000000,2627.89000000,2722.30000000,131966.56540000
2024-08-13T00:00:00Z,2722.30000000,2738.40000000,2635.13000000,2648.94000000,112165.26340000
2024-08-13T08:00:00Z,2648.95000000,2674.99000000,2611.37000000,2652.00000000,94980.49190000
2024-08-13T16:00:00Z,2652.00000000,2734.00000000,2650.00000000,2702.44000000,118522.94110000
2024-08-14T00:00:00Z,2702.44000000,2750.00000000,2685.80000000,2727.57000000,75622.02040000
2024-08-14T08:00:00Z,2727.56000000,2780.00000000,2632.20000000,2674.21000000,199681.15450000
2024-08-14T16:00:00Z,2674.22000000,2679.81000000,2641.30000000,2661.45000000,63505.53920000
2024-08-15T00:00:00Z,2661.45000000,2673.57000000,2589.00000000,2615.16000000,83012.09630000
2024-08-15T08:00:00Z,2615.16000000,2675.60000000,2604.30000000,2668.40000000,89108.21710000
2024-08-15T16:00:00Z,2668.40000000,2675.00000000,2515.71000000,2569.89000000,184426.49250000
2024-08-16T00:00:00Z,2569.90000000,2628.83000000,2552.17000000,2617.45000000,71195.30070000
2024-08-16T08:00:00Z,2617.44000000,2626.41000000,2550.04000000,2568.97000000,97909.74010000
2024-08-16T16:00:00Z,2568.96000000,2630.97000000,2564.13000000,2592.73000000,101579.09650000
2024-08-17T00:00:00Z,2592.72000000,2607.92000000,2587.50000000,2600.24000000,28608.02450000
2024-08-17T08:00:00Z,2600.24000000,2618.65000000,2593.00000000,2606.78000000,34103.02460000
2024-08-17T16:00:00Z,2606.79000000,2629.69000000,2600.00000000,2614.51000000,26637.62690000
2024-08-18T00:00:00Z,2614.51000000,2638.22000000,2594.53000000,2608.06000000,42850.45420000
2024-08-18T08:00:00Z,2608.05000000,2689.16000000,2605.59000000,2672.20000000,84157.62310000
2024-08-18T16:00:00Z,2672.20000000,2678.38000000,2610.05000000,2612.15000000,47065.98120000
2024-08-19T00:00:00Z,2612.15000000,2648.08000000,2603.53000000,2614.31000000,64762.68940000
2024-08-19T08:00:00Z,2614.31000000,2622.26000000,2563.58000000,2584.53000000,93221.13880000
2024-08-19T16:00:00Z,2584.54000000,2641.15000000,2574.28000000,2636.36000000,66883.30540000
2024-08-20T00:00:00Z,2636.36000000,2695.00000000,2619.06000000,2674.81000000,89917.00810000
2024-08-20T08:00:00Z,2674.81000000,2676.40000000,2555.00000000,2574.99000000,123595.93130000
2024-08-20T16:00:00Z,2575.00000000,2609.93000000,2565.23000000,2572.82000000,67802.93570000
2024-08-21T00:00:00Z,2572.81000000,2606.60000000,2557.00000000,2600.72000000,50644.41270000
2024-08-21T08:00:00Z,2600.73000000,2618.00000000,2536.22000000,2601.89000000,108440.62810000
2024-08-21T16:00:00Z,2601.88000000,2663.74000000,2592.58000000,2630.71000000,86201.58100000
2024-08-22T00:00:00Z,2630.71000000,2642.33000000,2584.20000000,2636.29000000,58128.08640000
2024-08-22T08:00:00Z,2636.30000000,2644.69000000,2590.50000000,2599.40000000,93100.56720000
2024-08-22T16:00:00Z,2599.41000000,2627.06000000,2597.40000000,2622.88000000,47834.46600000
2024-08-23T00:00:00Z,2622.89000000,2689.00000000,2621.40000000,2669.23000000,92562.31380000
2024-08-23T08:00:00Z,2669.24000000,2699.00000000,2632.83000000,2671.09000000,133372.77900000
2024-08-23T16:00:00Z,2671.09000000,2799.13000000,2663.00000000,2762.48000000,175851.35190000
2024-08-24T00:00:00Z,2762.49000000,2769.60000000,2739.40000000,2758.48000000,75434.96260000
2024-08-24T08:00:00Z,2758.48000000,2786.29000000,2751.36000000,2761.07000000,57516.91340000
2024-08-24T16:00:00Z,2761.06000000,2820.00000000,2731.26000000,2768.00000000,130591.06810000
2024-08-25T00:00:00Z,2768.01000000,2782.73000000,2733.21000000,2743.40000000,57767.83800000
2024-08-25T08:00:00Z,2743.39000000,2772.90000000,2737.23000000,2763.81000000,45152.05170000
2024-08-25T16:00:00Z,2763.81000000,2792.28000000,2739.77000000,2746.13000000,51607.34550000
2024-08-26T00:00:00Z,2746.12000000,2762.00000000,2718.14000000,2733.13000000,50318.93000000
2024-08-26T08:00:00Z,2733.13000000,2749.12000000,2701.43000000,2721.69000000,82541.56990000
2024-08-26T16:00:00Z,2721.69000000,2732.08000000,2666.66000000,2680.49000000,78847.62480000
2024-08-27T00:00:00Z,2680.49000000,2699.98000000,2667.12000000,2687.90000000,59767.96430000
2024-08-27T08:00:00Z,2687.90000000,2692.07000000,2555.00000000,2579.30000000,146154.61260000
2024-08-27T16:00:00Z,2579.30000000,2591.93000000,2392.96000000,2457.33000000,206738.14280000
2024-08-28T00:00:00Z,2457.33000000,2485.99000000,2418.80000000,2437.02000000,144193.40370000
2024-08-28T08:00:00Z,2437.02000000,2550.31000000,2429.14000000,2496.05000000,167475.32570000
2024-08-28T16:00:00Z,2496.05000000,2554.60000000,2456.19000000,2528.33000000,139597.90460000
2024-08-29T00:00:00Z,2528.33000000,2559.39000000,2512.20000000,2547.53000000,56634.87320000
2024-08-29T08:00:00Z,2547.52000000,2595.40000000,2536.63000000,2575.97000000,93161.98380000
2024-08-29T16:00:00Z,2575.97000000,2585.69000000,2505.88000000,2527.61000000,87206.10620000
2024-08-30T00:00:00Z,2527.60000000,2535.40000000,2503.80000000,2517.41000000,63128.24420000
2024-08-30T08:00:00Z,2517.42000000,2552.17000000,2434.96000000,2448.75000000,125281.18270000
2024-08-30T16:00:00Z,2448.76000000,2542.19000000,2431.14000000,2526.00000000,149969.76720000
2024-08-31T00:00:00Z,2525.99000000,2533.95000000,2518.17000000,2521.01000000,29123.11840000
2024-08-31T08:00:00Z,2521.01000000,2529.81000000,2511.47000000,2519.19000000,30141.85000000
2024-08-31T16:00:00Z,2519.18000000,2528.22000000,2491.92000000,2513.01000000,38681.14630000
2024-09-01T00:00:00Z,2513.00000000,2516.28000000,2458.84000000,2486.82000000,48860.83010000
2024-09-01T08:00:00Z,2486.82000000,2492.88000000,2438.00000000,2480.83000000,70346.53650000
2024-09-01T16:00:00Z,2480.83000000,2516.00000000,2400.00000000,2425.72000000,103920.40940000
2024-09-02T00:00:00Z,2425.71000000,2466.20000000,2423.52000000,2441.14000000,73275.52420000
2024-09-02T08:00:00Z,2441.14000000,2539.53000000,2438.39000000,2513.20000000,127537.10420000
2024-09-02T16:00:00Z,2513.20000000,2564.83000000,2505.78000000,2538.01000000,61820.21010000
2024-09-03T00:00:00Z,2538.00000000,2553.60000000,2512.46000000,2519.55000000,47113.33970000
2024-09-03T08:00:00Z,2519.55000000,2520.54000000,2435.79000000,2444.01000000,102222.96830000
2024-09-03T16:00:00Z,2444.01000000,2470.57000000,2411.12000000,2425.29000000,75456.82190000
2024-09-04T00:00:00Z,2425.28000000,2449.22000000,2306.65000000,2401.52000000,190086.27640000
2024-09-04T08:00:00Z,2401.52000000,2458.57000000,2387.15000000,2455.40000000,127860.65190000
2024-09-04T16:00:00Z,2455.39000000,2490.00000000,2439.20000000,2450.71000000,66232.45710000
2024-09-05T00:00:00Z,2450.71000000,2466.00000000,2376.72000000,2412.40000000,93320.61620000
2024-09-05T08:00:00Z,2412.41000000,2416.35000000,2355.80000000,2371.43000000,113894.27530000
2024-09-05T16:00:00Z,2371.43000000,2395.99000000,2348.04000000,2368.81000000,71334.20540000
2024-09-06T00:00:00Z,2368.81000000,2408.40000000,2321.21000000,2344.45000000,90124.27140000
2024-09-06T08:00:00Z,2344.44000000,2408.83000000,2266.00000000,2290.21000000,215256.91920000
2024-09-06T16:00:00Z,2290.21000000,2293.17000000,2150.55000000,2225.23000000,337645.92040000
2024-09-07T00:00:00Z,2225.24000000,2293.76000000,2220.98000000,2288.11000000,88468.24810000
2024-09-07T08:00:00Z,2288.11000000,2311.27000000,2275.20000000,2300.49000000,64215.54330000
2024-09-07T16:00:00Z,2300.49000000,2304.54000000,2257.37000000,2273.58000000,66769.41620000
2024-09-08T00:00:00Z,2273.58000000,2304.80000000,2263.22000000,2294.94000000,41050.47690000
2024-09-08T08:00:00Z,2294.94000000,2309.86000000,2240.94000000,2245.74000000,76307.98120000
2024-09-08T16:00:00Z,2245.74000000,2333.58000000,2243.26000000,2297.30000000,75417.19120000
2024-09-09T00:00:00Z,2297.30000000,2320.74000000,2283.10000000,2314.33000000,67576.61430000
2024-09-09T08:00:00Z,2314.33000000,2339.00000000,2272.80000000,2292.55000000,116614.69290000
2024-09-09T16:00:00Z,2292.56000000,2381.41000000,2291.00000000,2359.50000000,137507.68280000
2024-09-10T00:00:00Z,2359.51000000,2366.47000000,2328.00000000,2363.51000000,54462.19330000
2024-09-10T08:00:00Z,2363.51000000,2372.00000000,2320.41000000,2325.01000000,90362.80570000
2024-09-10T16:00:00Z,2325.01000000,2400.00000000,2324.52000000,2388.52000000,79557.17390000
2024-09-11T00:00:00Z,2388.52000000,2389.32000000,2318.66000000,2341.66000000,72015.26420000
2024-09-11T08:00:00Z,2341.66000000,2355.32000000,2277.68000000,2325.90000000,139856.72520000
2024-09-11T16:00:00Z,2325.89000000,2368.87000000,2324.48000000,2340.55000000,71026.32310000
2024-09-12T00:00:00Z,2340.54000000,2391.93000000,2339.54000000,2359.59000000,70517.42860000
2024-09-12T08:00:00Z,2359.59000000,2366.98000000,2315.39000000,2323.20000000,77648.93980000
2024-09-12T16:00:00Z,2323.20000000,2373.64000000,2322.42000000,2361.76000000,54444.76240000
2024-09-13T00:00:00Z,2361.75000000,2364.56000000,2337.35000000,2348.88000000,31518.99660000
2024-09-13T08:00:00Z,2348.87000000,2412.61000000,2341.66000000,2407.79000000,111348.42310000
2024-09-13T16:00:00Z,2407.79000000,2464.82000000,2396.06000000,2439.19000000,111021.19630000
2024-09-14T00:00:00Z,2439.19000000,2440.60000000,2413.80000000,2420.23000000,39947.40140000
2024-09-14T08:00:00Z,2420.23000000,2424.11000000,2407.98000000,2418.54000000,38792.53950000
2024-09-14T16:00:00Z,2418.55000000,2422.99000000,2376.72000000,2417.79000000,44191.28930000
2024-09-15T00:00:00Z,2417.80000000,2430.32000000,2414.10000000,2422.90000000,23647.27220000
2024-09-15T08:00:00Z,2422.89000000,2423.18000000,2396.28000000,2408.71000000,35154.37330000
2024-09-15T16:00:00Z,2408.72000000,2409.12000000,2283.75000000,2316.10000000,115562.54910000
2024-09-16T00:00:00Z,2316.09000000,2322.60000000,2252.39000000,2310.69000000,129226.65390000
2024-09-16T08:00:00Z,2310.69000000,2335.70000000,2269.52000000,2287.72000000,98840.72220000
2024-09-16T16:00:00Z,2287.73000000,2311.06000000,2267.60000000,2295.68000000,102487.85590000
2024-09-17T00:00:00Z,2295.67000000,2310.75000000,2263.29000000,2309.18000000,51655.55040000
2024-09-17T08:00:00Z,2309.18000000,2393.63000000,2302.46000000,2383.79000000,140845.75380000
2024-09-17T16:00:00Z,2383.79000000,2390.00000000,2327.90000000,2341.80000000,81704.95460000
2024-09-18T00:00:00Z,2341.79000000,2343.28000000,2309.69000000,2330.00000000,57609.07110000
2024-09-18T08:00:00Z,2330.00000000,2330.01000000,2277.34000000,2296.00000000,83253.31490000
2024-09-18T16:00:00Z,2296.00000000,2376.14000000,2288.25000000,2374.75000000,152055.21480000
2024-09-19T00:00:00Z,2374.74000000,2442.60000000,2372.60000000,2438.06000000,125988.28210000
2024-09-19T08:00:00Z,2438.07000000,2453.00000000,2420.48000000,2440.00000000,99670.18500000
2024-09-19T16:00:00Z,2439.99000000,2494.95000000,2433.41000000,2465.21000000,101087.56490000
2024-09-20T00:00:00Z,2465.21000000,2571.93000000,2437.31000000,2561.00000000,152754.08810000
2024-09-20T08:00:00Z,2561.00000000,2570.00000000,2516.20000000,2560.27000000,124589.53860000
2024-09-20T16:00:00Z,2560.27000000,2569.00000000,2525.36000000,2561.40000000,63410.96450000
2024-09-21T00:00:00Z,2561.40000000,2587.40000000,2528.97000000,2555.77000000,67878.25250000
2024-09-21T08:00:00Z,2555.77000000,2576.47000000,2545.04000000,2560.00000000,40446.90130000
2024-09-21T16:00:00Z,2560.00000000,2623.34000000,2556.21000000,2612.40000000,46432.72350000
2024-09-22T00:00:00Z,2612.40000000,2632.57000000,2576.01000000,2587.99000000,68663.97340000
2024-09-22T08:00:00Z,2587.99000000,2595.76000000,2554.82000000,2570.51000000,63126.49110000
2024-09-22T16:00:00Z,2570.51000000,2594.00000000,2524.58000000,2581.00000000,82475.86120000
2024-09-23T00:00:00Z,2580.99000000,2687.24000000,2539.49000000,2646.48000000,142527.08000000
2024-09-23T08:00:00Z,2646.47000000,2685.10000000,2631.45000000,2675.38000000,96109.56400000
2024-09-23T16:00:00Z,2675.37000000,2702.82000000,2639.55000000,2646.97000000,94645.37090000
2024-09-24T00:00:00Z,2646.98000000,2651.39000000,2609.40000000,2647.00000000,77672.45850000
2024-09-24T08:00:00Z,2647.00000000,2667.75000000,2591.56000000,2612.44000000,124777.28280000
2024-09-24T16:00:00Z,2612.44000000,2670.96000000,2611.07000000,2653.20000000,86150.29890000
2024-09-25T00:00:00Z,2653.20000000,2673.50000000,2610.53000000,2621.47000000,81648.50150000
2024-09-25T08:00:00Z,2621.48000000,2630.52000000,2595.61000000,2600.81000000,68751.86460000
2024-09-25T16:00:00Z,2600.81000000,2609.39000000,2554.05000000,2579.95000000,69943.06320000
2024-09-26T00:00:00Z,2580.09000000,2634.95000000,2559.20000000,2629.80000000,71945.31470000
2024-09-26T08:00:00Z,2629.80000000,2663.80000000,2607.92000000,2652.01000000,129630.31640000
2024-09-26T16:00:00Z,2652.01000000,2666.22000000,2617.49000000,2632.26000000,77110.72620000
2024-09-27T00:00:00Z,2632.25000000,2668.37000000,2615.21000000,2657.27000000,83481.96240000
2024-09-27T08:00:00Z,2657.28000000,2699.68000000,2641.30000000,2683.62000000,108833.73790000
2024-09-27T16:00:00Z,2683.63000000,2728.60000000,2678.49000000,2694.43000000,89511.27890000
2024-09-28T00:00:00Z,2694.43000000,2704.35000000,2674.75000000,2677.93000000,45246.79910000
2024-09-28T08:00:00Z,2677.93000000,2678.42000000,2650.00000000,2669.90000000,54353.87280000
2024-09-28T16:00:00Z,2669.89000000,2684.51000000,2655.50000000,2675.21000000,37629.36230000
2024-09-29T00:00:00Z,2675.21000000,2683.70000000,2629.73000000,2640.44000000,68593.41490000
2024-09-29T08:00:00Z,2640.43000000,2669.20000000,2634.20000000,2666.38000000,49212.77290000
2024-09-29T16:00:00Z,2666.38000000,2673.41000000,2648.00000000,2657.62000000,42748.12680000
2024-09-30T00:00:00Z,2657.62000000,2663.50000000,2601.12000000,2637.82000000,95472.04970000
2024-09-30T08:00:00Z,2637.81000000,2643.08000000,2592.42000000,2596.00000000,102553.89080000
2024-09-30T16:00:00Z,2595.99000000,2617.46000000,2575.00000000,2602.23000000,84449.85560000
2024-10-01T00:00:00Z,2602.24000000,2659.00000000,2591.34000000,2645.61000000,88681.93240000
2024-10-01T08:00:00Z,2645.61000000,2647.19000000,2481.40000000,2524.81000000,190457.64330000
2024-10-01T16:00:00Z,2524.81000000,2531.40000000,2414.00000000,2447.79000000,223689.10470000
2024-10-02T00:00:00Z,2447.78000000,2499.00000000,2442.13000000,2482.04000000,78505.23560000
2024-10-02T08:00:00Z,2482.03000000,2486.89000000,2418.80000000,2460.40000000,109369.89030000
2024-10-02T16:00:00Z,2460.40000000,2478.89000000,2352.00000000,2364.10000000,129609.60910000
2024-10-03T00:00:00Z,2364.09000000,2403.38000000,2352.59000000,2364.66000000,84487.88300000
2024-10-03T08:00:00Z,2364.65000000,2370.00000000,2310.00000000,2340.59000000,170473.82630000
2024-10-03T16:00:00Z,2340.60000000,2357.90000000,2312.00000000,2349.80000000,59674.21700000
2024-10-04T00:00:00Z,2349.80000000,2387.58000000,2339.15000000,2381.60000000,67589.15900000
2024-10-04T08:00:00Z,2381.60000000,2418.41000000,2352.60000000,2417.05000000,104208.64790000
2024-10-04T16:00:00Z,2417.10000000,2441.64000000,2409.67000000,2414.41000000,67585.21010000
2024-10-05T00:00:00Z,2414.41000000,2428.23000000,2390.26000000,2415.10000000,34994.72680000
2024-10-05T08:00:00Z,2415.11000000,2428.22000000,2404.70000000,2415.01000000,34596.96800000
2024-10-05T16:00:00Z,2415.01000000,2419.50000000,2390.05000000,2414.66000000,34148.53680000
2024-10-06T00:00:00Z,2414.66000000,2423.00000000,2407.00000000,2417.38000000,22421.02740000
2024-10-06T08:00:00Z,2417.39000000,2457.80000000,2415.40000000,2446.62000000,42105.18880000
2024-10-06T16:00:00Z,2446.62000000,2453.00000000,2415.65000000,2440.03000000,41226.49340000
2024-10-07T00:00:00Z,2440.02000000,2512.92000000,2435.84000000,2480.53000000,89425.79610000
2024-10-07T08:00:00Z,2480.54000000,2521.00000000,2437.90000000,2474.23000000,123052.04960000
2024-10-07T16:00:00Z,2474.24000000,2481.20000000,2403.00000000,2422.71000000,87981.69500000
2024-10-08T00:00:00Z,2422.70000000,2448.10000000,2410.51000000,2428.60000000,54081.70120000
2024-10-08T08:00:00Z,2428.60000000,2453.23000000,2401.18000000,2419.50000000,83828.82470000
2024-10-08T16:00:00Z,2419.49000000,2466.66000000,2411.17000000,2440.89000000,63447.80530000
2024-10-09T00:00:00Z,2440.88000000,2473.61000000,2427.44000000,2436.01000000,57159.08950000
2024-10-09T08:00:00Z,2436.00000000,2472.08000000,2423.13000000,2461.30000000,78563.73300000
2024-10-09T16:00:00Z,2461.30000000,2462.61000000,2351.42000000,2370.47000000,106359.45000000
2024-10-10T00:00:00Z,2370.47000000,2411.38000000,2366.87000000,2395.80000000,58196.44620000
2024-10-10T08:00:00Z,2395.78000000,2408.93000000,2368.55000000,2404.63000000,82809.29210000
2024-10-10T16:00:00Z,2404.62000000,2421.36000000,2330.66000000,2386.49000000,116857.22360000
2024-10-11T00:00:00Z,2386.49000000,2418.55000000,2381.86000000,2407.64000000,55105.56490000
2024-10-11T08:00:00Z,2407.64000000,2453.84000000,2402.65000000,2443.81000000,99865.52440000
2024-10-11T16:00:00Z,2443.80000000,2471.45000000,2433.46000000,2439.50000000,80470.13040000
2024-10-12T00:00:00Z,2439.49000000,2451.77000000,2434.35000000,2446.69000000,44688.85280000
2024-10-12T08:00:00Z,2446.68000000,2484.00000000,2442.61000000,2473.11000000,60519.11070000
2024-10-12T16:00:00Z,2473.10000000,2490.51000000,2466.66000000,2476.40000000,34429.54270000
2024-10-13T00:00:00Z,2476.40000000,2484.92000000,2452.55000000,2465.00000000,34053.74190000
2024-10-13T08:00:00Z,2465.00000000,2471.74000000,2436.40000000,2440.51000000,38589.91510000
2024-10-13T16:00:00Z,2440.51000000,2484.60000000,2437.92000000,2468.91000000,47379.16090000
2024-10-14T00:00:00Z,2468.92000000,2548.43000000,2443.39000000,2535.78000000,156018.13630000
2024-10-14T08:00:00Z,2535.78000000,2642.88000000,2519.65000000,2635.47000000,194073.14950000
2024-10-14T16:00:00Z,2635.47000000,2654.00000000,2615.12000000,2629.79000000,85808.87610000
2024-10-15T00:00:00Z,2629.79000000,2637.38000000,2590.29000000,2615.66000000,72437.08690000
2024-10-15T08:00:00Z,2615.67000000,2688.60000000,2537.36000000,2573.45000000,237350.59510000
2024-10-15T16:00:00Z,2573.42000000,2619.33000000,2563.60000000,2607.41000000,106497.98430000
2024-10-16T00:00:00Z,2607.41000000,2630.60000000,2588.67000000,2607.13000000,86513.90810000
2024-10-16T08:00:00Z,2607.12000000,2647.79000000,2595.00000000,2607.67000000,126547.98260000
2024-10-16T16:00:00Z,2607.68000000,2628.83000000,2591.58000000,2611.10000000,47260.53350000
2024-10-17T00:00:00Z,2611.10000000,2648.37000000,2610.03000000,2628.50000000,75930.38280000
2024-10-17T08:00:00Z,2628.50000000,2632.73000000,2583.50000000,2630.82000000,91331.53350000
2024-10-17T16:00:00Z,2630.81000000,2631.43000000,2575.40000000,2605.80000000,54362.62710000
2024-10-18T00:00:00Z,2605.79000000,2651.66000000,2596.49000000,2644.50000000,95032.96530000
2024-10-18T08:00:00Z,2644.51000000,2663.40000000,2612.20000000,2653.15000000,107321.43160000
2024-10-18T16:00:00Z,2653.15000000,2675.58000000,2629.50000000,2642.17000000,90089.71840000
2024-10-19T00:00:00Z,2642.17000000,2663.49000000,2635.22000000,2641.05000000,41229.04030000
2024-10-19T08:00:00Z,2641.05000000,2654.41000000,2631.02000000,2645.70000000,37248.53430000
2024-10-19T16:00:00Z,2645.69000000,2655.50000000,2637.00000000,2648.20000000,26936.19000000
2024-10-20T00:00:00Z,2648.20000000,2653.56000000,2635.54000000,2646.10000000,33225.29450000
2024-10-20T08:00:00Z,2646.10000000,2721.00000000,2642.00000000,2706.58000000,113281.14500000
2024-10-20T16:00:00Z,2706.58000000,2759.00000000,2686.25000000,2746.91000000,110404.30530000
2024-10-21T00:00:00Z,2746.91000000,2769.48000000,2721.62000000,2722.01000000,101765.44490000
2024-10-21T08:00:00Z,2722.01000000,2729.20000000,2659.12000000,2679.43000000,137293.71910000
2024-10-21T16:00:00Z,2679.43000000,2685.02000000,2655.01000000,2666.70000000,71615.55920000
2024-10-22T00:00:00Z,2666.71000000,2671.92000000,2613.49000000,2646.79000000,103345.21390000
2024-10-22T08:00:00Z,2646.80000000,2649.19000000,2606.56000000,2624.33000000,111105.49520000
2024-10-22T16:00:00Z,2624.33000000,2644.10000000,2607.00000000,2622.81000000,51297.00390000
2024-10-23T00:00:00Z,2622.81000000,2628.20000000,2601.18000000,2602.81000000,53530.85320000
2024-10-23T08:00:00Z,2602.81000000,2611.52000000,2529.66000000,2540.22000000,139982.92200000
2024-10-23T16:00:00Z,2540.21000000,2542.56000000,2450.00000000,2524.61000000,159133.93340000
2024-10-24T00:00:00Z,2524.60000000,2562.65000000,2508.98000000,2544.76000000,101531.60420000
2024-10-24T08:00:00Z,2544.76000000,2551.40000000,2508.80000000,2525.84000000,114765.34800000
2024-10-24T16:00:00Z,2525.80000000,2560.00000000,2507.31000000,2535.82000000,74554.83200000
2024-10-25T00:00:00Z,2535.82000000,2538.53000000,2462.06000000,2484.07000000,91334.51030000
2024-10-25T08:00:00Z,2484.07000000,2566.33000000,2478.37000000,2524.86000000,162785.08170000
2024-10-25T16:00:00Z,2524.86000000,2536.70000000,2382.59000000,2440.62000000,260680.29020000
2024-10-26T00:00:00Z,2440.63000000,2479.70000000,2430.12000000,2465.61000000,98682.05790000
2024-10-26T08:00:00Z,2465.62000000,2478.99000000,2442.20000000,2457.59000000,89721.08900000
2024-10-26T16:00:00Z,2457.60000000,2508.00000000,2455.77000000,2482.51000000,60321.68440000
2024-10-27T00:00:00Z,2482.51000000,2486.84000000,2469.52000000,2481.26000000,28705.06440000
2024-10-27T08:00:00Z,2481.25000000,2505.82000000,2464.13000000,2501.97000000,57532.34130000
2024-10-27T16:00:00Z,2501.98000000,2527.99000000,2486.00000000,2507.80000000,51343.47790000
2024-10-28T00:00:00Z,2507.80000000,2527.00000000,2471.67000000,2511.77000000,68436.79030000
2024-10-28T08:00:00Z,2511.77000000,2544.74000000,2498.46000000,2501.02000000,124445.87630000
2024-10-28T16:00:00Z,2501.01000000,2589.67000000,2488.00000000,2567.48000000,167722.66040000
2024-10-29T00:00:00Z,2567.49000000,2631.66000000,2561.20000000,2613.30000000,160832.72040000
2024-10-29T08:00:00Z,2613.29000000,2650.99000000,2611.33000000,2648.52000000,124240.00540000
2024-10-29T16:00:00Z,2648.51000000,2681.86000000,2606.82000000,2638.80000000,166842.97670000
2024-10-30T00:00:00Z,2638.80000000,2684.21000000,2599.66000000,2668.60000000,114744.09730000
2024-10-30T08:00:00Z,2668.60000000,2722.30000000,2653.03000000,2683.08000000,222907.31540000
2024-10-30T16:00:00Z,2683.07000000,2696.22000000,2635.52000000,2659.19000000,122975.71330000
2024-10-31T00:00:00Z,2659.19000000,2669.00000000,2631.63000000,2646.80000000,75239.87980000
2024-10-31T08:00:00Z,2646.79000000,2648.50000000,2541.23000000,2562.86000000,188676.25540000
2024-10-31T16:00:00Z,2562.86000000,2564.09000000,2503.00000000,2518.61000000,139511.06650000
2024-11-01T00:00:00Z,2518.61000000,2533.25000000,2467.67000000,2504.12000000,130419.66690000
2024-11-01T08:00:00Z,2504.12000000,2586.80000000,2481.68000000,2500.03000000,198435.32700000
2024-11-01T16:00:00Z,2500.02000000,2538.58000000,2485.05000000,2511.49000000,101394.11340000
2024-11-02T00:00:00Z,2511.49000000,2523.45000000,2499.59000000,2507.35000000,39703.85570000
2024-11-02T08:00:00Z,2507.34000000,2510.30000000,2470.00000000,2488.79000000,76124.84700000
2024-11-02T16:00:00Z,2488.78000000,2497.89000000,2479.30000000,2494.23000000,30132.42730000
2024-11-03T00:00:00Z,2494.23000000,2496.39000000,2421.29000000,2450.03000000,91101.22720000
2024-11-03T08:00:00Z,2450.03000000,2462.64000000,2413.38000000,2442.63000000,97744.75300000
2024-11-03T16:00:00Z,2442.63000000,2475.52000000,2411.00000000,2457.73000000,87163.13950000
2024-11-04T00:00:00Z,2457.73000000,2491.39000000,2434.99000000,2459.67000000,59762.53480000
2024-11-04T08:00:00Z,2459.68000000,2486.00000000,2431.51000000,2442.60000000,84782.02870000
2024-11-04T16:00:00Z,2442.60000000,2446.32000000,2357.59000000,2398.21000000,161772.40100000
2024-11-05T00:00:00Z,2398.21000000,2445.70000000,2380.74000000,2443.40000000,86887.88940000
2024-11-05T08:00:00Z,2443.41000000,2480.00000000,2427.40000000,2441.19000000,125334.96660000
2024-11-05T16:00:00Z,2441.20000000,2475.00000000,2401.30000000,2422.55000000,119396.39850000
2024-11-06T00:00:00Z,2422.60000000,2643.20000000,2420.30000000,2594.00000000,536603.16900000
2024-11-06T08:00:00Z,2593.99000000,2666.66000000,2571.00000000,2634.19000000,272680.91840000
2024-11-06T16:00:00Z,2634.20000000,2744.70000000,2633.43000000,2721.87000000,192857.27440000
2024-11-07T00:00:00Z,2721.88000000,2880.00000000,2699.49000000,2820.29000000,343232.64450000
2024-11-07T08:00:00Z,2820.30000000,2849.00000000,2776.00000000,2847.49000000,166338.83820000
2024-11-07T16:00:00Z,2847.50000000,2916.11000000,2823.75000000,2895.47000000,221274.46970000
2024-11-08T00:00:00Z,2895.47000000,2954.94000000,2886.40000000,2911.96000000,197268.66710000
2024-11-08T08:00:00Z,2911.88000000,2956.56000000,2893.33000000,2937.04000000,172300.94270000
2024-11-08T16:00:00Z,2937.03000000,2981.69000000,2890.04000000,2961.75000000,199294.82520000
2024-11-09T00:00:00Z,2961.75000000,3058.77000000,2953.71000000,3030.38000000,205989.13460000
2024-11-09T08:00:00Z,3030.37000000,3055.88000000,3021.46000000,3040.88000000,123419.17940000
2024-11-09T16:00:00Z,3040.85000000,3157.40000000,2990.58000000,3126.21000000,197311.10720000
2024-11-10T00:00:00Z,3126.20000000,3216.47000000,3103.70000000,3185.89000000,280714.90150000
2024-11-10T08:00:00Z,3185.89000000,3236.64000000,3167.56000000,3209.53000000,222984.28370000
2024-11-10T16:00:00Z,3209.52000000,3248.52000000,3069.00000000,3183.21000000,361837.54700000
2024-11-11T00:00:00Z,3183.20000000,3221.80000000,3105.00000000,3140.16000000,197845.03030000
2024-11-11T08:00:00Z,3140.16000000,3256.40000000,3132.10000000,3236.98000000,294186.40770000
2024-11-11T16:00:00Z,3236.97000000,3387.61000000,3233.63000000,3371.59000000,508062.52840000
2024-11-12T00:00:00Z,3371.59000000,3394.09000000,3248.42000000,3368.72000000,305947.06210000
2024-11-12T08:00:00Z,3368.72000000,3442.50000000,3207.67000000,3261.65000000,468847.12880000
2024-11-12T16:00:00Z,3261.72000000,3304.78000000,3209.50000000,3243.80000000,198421.53760000
2024-11-13T00:00:00Z,3243.79000000,3285.52000000,3116.69000000,3160.89000000,283943.15490000
2024-11-13T08:00:00Z,3160.89000000,3328.53000000,3140.75000000,3309.28000000,336817.60620000
2024-11-13T16:00:00Z,3309.28000000,3331.00000000,3118.39000000,3187.16000000,298925.61360000
2024-11-14T00:00:00Z,3187.16000000,3240.40000000,3163.64000000,3217.62000000,153089.86470000
2024-11-14T08:00:00Z,3217.62000000,3230.73000000,3060.00000000,3077.68000000,259092.74350000
2024-11-14T16:00:00Z,3077.68000000,3181.00000000,3028.56000000,3058.82000000,193598.05800000
2024-11-15T00:00:00Z,3058.81000000,3092.54000000,3014.79000000,3039.48000000,137287.58040000
2024-11-15T08:00:00Z,3039.49000000,3131.06000000,3014.50000000,3023.73000000,192419.31900000
2024-11-15T16:00:00Z,3023.73000000,3120.00000000,3015.60000000,3090.01000000,189916.73230000
2024-11-16T00:00:00Z,3090.01000000,3165.00000000,3072.00000000,3106.66000000,123342.87190000
2024-11-16T08:00:00Z,3106.67000000,3219.97000000,3103.17000000,3141.11000000,202106.30270000
2024-11-16T16:00:00Z,3141.11000000,3184.60000000,3121.91000000,3132.87000000,98189.98270000
2024-11-17T00:00:00Z,3132.88000000,3154.00000000,3034.99000000,3136.79000000,184638.90040000
2024-11-17T08:00:00Z,3136.79000000,3162.11000000,3067.33000000,3086.21000000,140155.22820000
2024-11-17T16:00:00Z,3086.20000000,3115.72000000,3042.93000000,3076.00000000,125024.82890000
2024-11-18T00:00:00Z,3075.99000000,3149.71000000,3069.00000000,3130.55000000,112721.32280000
2024-11-18T08:00:00Z,3130.56000000,3157.50000000,3050.01000000,3143.41000000,224876.19850000
2024-11-18T16:00:00Z,3143.41000000,3224.94000000,3090.30000000,3207.80000000,303060.91440000
2024-11-19T00:00:00Z,3207.81000000,3221.20000000,3107.37000000,3118.08000000,151682.99590000
2024-11-19T08:00:00Z,3118.09000000,3150.00000000,3076.00000000,3104.36000000,174152.06510000
2024-11-19T16:00:00Z,3104.35000000,3145.00000000,3065.40000000,3107.44000000,174276.95840000
2024-11-20T00:00:00Z,3107.45000000,3127.64000000,3071.60000000,3109.54000000,103120.60880000
2024-11-20T08:00:00Z,3109.54000000,3159.20000000,3081.56000000,3130.00000000,217716.94320000
2024-11-20T16:00:00Z,3130.00000000,3135.00000000,3029.41000000,3069.97000000,182770.28160000
2024-11-21T00:00:00Z,3069.97000000,3143.64000000,3032.59000000,3137.02000000,220116.91260000
2024-11-21T08:00:00Z,3137.02000000,3372.60000000,3118.37000000,3277.03000000,538693.08770000
2024-11-21T16:00:00Z,3277.03000000,3386.73000000,3277.03000000,3355.81000000,216113.30320000
2024-11-22T00:00:00Z,3355.88000000,3425.92000000,3304.39000000,3362.66000000,200244.51180000
2024-11-22T08:00:00Z,3362.65000000,3383.84000000,3257.54000000,3314.15000000,265812.20290000
2024-11-22T16:00:00Z,3314.15000000,3330.00000000,3264.84000000,3327.78000000,137216.99460000
2024-11-23T00:00:00Z,3327.78000000,3364.98000000,3312.72000000,3341.34000000,172711.08650000
2024-11-23T08:00:00Z,3341.34000000,3497.51000000,3335.16000000,3460.33000000,334804.42450000
2024-11-23T16:00:00Z,3460.34000000,3470.22000000,3377.00000000,3393.91000000,213508.48990000
2024-11-24T00:00:00Z,3393.91000000,3450.00000000,3389.03000000,3422.51000000,113090.60830000
2024-11-24T08:00:00Z,3422.51000000,3428.35000000,3281.40000000,3294.39000000,247307.47550000
2024-11-24T16:00:00Z,3294.39000000,3372.22000000,3287.19000000,3361.20000000,118700.00830000
2024-11-25T00:00:00Z,3361.21000000,3419.81000000,3300.01000000,3399.41000000,129381.71180000
2024-11-25T08:00:00Z,3399.40000000,3537.98000000,3348.72000000,3518.41000000,459415.85400000
2024-11-25T16:00:00Z,3518.41000000,3546.66000000,3363.62000000,3414.49000000,360532.80420000
2024-11-26T00:00:00Z,3414.49000000,3462.49000000,3382.35000000,3394.80000000,171674.96100000
2024-11-26T08:00:00Z,3394.80000000,3397.33000000,3280.10000000,3296.32000000,291283.06810000
2024-11-26T16:00:00Z,3296.33000000,3344.31000000,3252.00000000,3324.73000000,209409.12120000
2024-11-27T00:00:00Z,3324.74000000,3445.73000000,3302.40000000,3424.11000000,210214.91290000
2024-11-27T08:00:00Z,3424.12000000,3573.17000000,3402.43000000,3552.79000000,289727.18480000
2024-11-27T16:00:00Z,3552.79000000,3684.92000000,3533.83000000,3653.28000000,254631.55080000
2024-11-28T00:00:00Z,3653.27000000,3661.92000000,3564.75000000,3592.40000000,184331.71020000
2024-11-28T08:00:00Z,3592.40000000,3642.19000000,3536.95000000,3541.78000000,240172.70570000
2024-11-28T16:00:00Z,3541.78000000,3599.20000000,3529.76000000,3578.79000000,136472.00910000
2024-11-29T00:00:00Z,3578.80000000,3602.85000000,3534.28000000,3544.49000000,141057.63430000
2024-11-29T08:00:00Z,3544.50000000,3647.98000000,3544.49000000,3613.95000000,169608.69030000
2024-11-29T16:00:00Z,3613.95000000,3620.08000000,3559.24000000,3592.21000000,114826.92030000
2024-11-30T00:00:00Z,3592.22000000,3726.71000000,3568.40000000,3703.07000000,221006.18960000
2024-11-30T08:00:00Z,3703.06000000,3718.00000000,3631.23000000,3674.00000000,154173.86790000
2024-11-30T16:00:00Z,3674.00000000,3738.98000000,3656.23000000,3703.60000000,128504.69100000
2024-12-01T00:00:00Z,3703.59000000,3732.34000000,3659.20000000,3702.31000000,133331.11550000
2024-12-01T08:00:00Z,3702.32000000,3746.80000000,3675.47000000,3728.59000000,161175.52460000
2024-12-01T16:00:00Z,3728.59000000,3744.11000000,3679.00000000,3707.61000000,134582.62320000
2024-12-02T00:00:00Z,3707.61000000,3760.00000000,3650.00000000,3666.88000000,236396.08660000
2024-12-02T08:00:00Z,3666.88000000,3680.37000000,3569.58000000,3672.13000000,312217.76660000
2024-12-02T16:00:00Z,3672.13000000,3682.01000000,3554.32000000,3643.42000000,188516.71580000
2024-12-03T00:00:00Z,3643.43000000,3670.00000000,3600.00000000,3616.85000000,159782.15630000
2024-12-03T08:00:00Z,3616.85000000,3635.14000000,3500.00000000,3571.79000000,350087.05910000
2024-12-03T16:00:00Z,3571.80000000,3634.81000000,3538.55000000,3614.51000000,168530.98780000
2024-12-04T00:00:00Z,3614.51000000,3721.73000000,3614.51000000,3714.99000000,251835.31950000
2024-12-04T08:00:00Z,3715.00000000,3853.38000000,3690.00000000,3821.00000000,381908.76930000
2024-12-04T16:00:00Z,3820.99000000,3887.24000000,3732.98000000,3837.80000000,334999.95110000
2024-12-05T00:00:00Z,3837.80000000,3905.00000000,3765.71000000,3850.98000000,329214.54690000
2024-12-05T08:00:00Z,3850.98000000,3956.00000000,3850.75000000,3888.00000000,291312.76610000
2024-12-05T16:00:00Z,3888.00000000,3926.33000000,3677.00000000,3785.20000000,325965.96300000
2024-12-06T00:00:00Z,3785.21000000,3929.00000000,3777.26000000,3893.75000000,193925.79350000
2024-12-06T08:00:00Z,3893.74000000,4041.00000000,3831.90000000,3993.02000000,379039.42250000
2024-12-06T16:00:00Z,3993.01000000,4087.73000000,3980.11000000,3998.87000000,230889.89860000
2024-12-07T00:00:00Z,3998.87000000,4024.46000000,3968.00000000,3985.87000000,109746.52180000
2024-12-07T08:00:00Z,3985.87000000,4009.00000000,3973.51000000,4004.71000000,93042.30940000
2024-12-07T16:00:00Z,4004.72000000,4024.01000000,3986.00000000,3996.22000000,81131.18880000
2024-12-08T00:00:00Z,3996.22000000,4008.99000000,3958.87000000,3980.60000000,64564.66430000
2024-12-08T08:00:00Z,3980.60000000,4003.40000000,3923.50000000,3990.79000000,115983.50210000
2024-12-08T16:00:00Z,3990.79000000,4015.58000000,3964.40000000,4004.15000000,70814.00210000
2024-12-09T00:00:00Z,4004.15000000,4006.17000000,3880.44000000,3918.44000000,150097.41980000
2024-12-09T08:00:00Z,3918.44000000,3946.00000000,3804.32000000,3824.00000000,259348.31150000
2024-12-09T16:00:00Z,3824.00000000,3866.35000000,3509.00000000,3712.00000000,530196.46880000
2024-12-10T00:00:00Z,3712.00000000,3780.76000000,3615.11000000,3734.55000000,296788.37740000
2024-12-10T08:00:00Z,3734.54000000,3773.39000000,3555.41000000,3567.75000000,326501.61290000
2024-12-10T16:00:00Z,3567.76000000,3673.20000000,3515.89000000,3628.25000000,318916.04340000
2024-12-11T00:00:00Z,3628.24000000,3681.81000000,3562.34000000,3652.58000000,130767.15980000
2024-12-11T08:00:00Z,3652.58000000,3821.00000000,3651.23000000,3787.34000000,193950.61310000
2024-12-11T16:00:00Z,3787.34000000,3848.64000000,3753.50000000,3831.81000000,137101.00720000
2024-12-12T00:00:00Z,3831.82000000,3947.81000000,3796.80000000,3905.40000000,172634.51510000
2024-12-12T08:00:00Z,3905.40000000,3987.41000000,3891.32000000,3957.67000000,221550.67350000
2024-12-12T16:00:00Z,3957.77000000,3985.56000000,3836.07000000,3881.61000000,177913.44570000
2024-12-13T00:00:00Z,3881.60000000,3941.19000000,3852.94000000,3885.64000000,116518.23600000
2024-12-13T08:00:00Z,3885.64000000,3968.47000000,3872.20000000,3886.21000000,161497.06640000
2024-12-13T16:00:00Z,3886.20000000,3946.37000000,3880.07000000,3906.80000000,109750.38490000
2024-12-14T00:00:00Z,3906.80000000,3945.00000000,3895.67000000,3920.76000000,71368.03200000
2024-12-14T08:00:00Z,3920.75000000,3931.38000000,3846.30000000,3889.01000000,91699.22020000
2024-12-14T16:00:00Z,3889.00000000,3898.23000000,3825.03000000,3870.29000000,102471.69570000
2024-12-15T00:00:00Z,3870.30000000,3911.50000000,3831.50000000,3845.20000000,62839.89660000
2024-12-15T08:00:00Z,3845.19000000,3910.33000000,3837.21000000,3894.76000000,70204.83440000
2024-12-15T16:00:00Z,3894.76000000,3974.61000000,3844.40000000,3959.09000000,120788.48310000
2024-12-16T00:00:00Z,3959.09000000,4025.18000000,3928.88000000,3974.01000000,188439.13010000
2024-12-16T08:00:00Z,3974.00000000,3975.91000000,3884.00000000,3941.21000000,186194.51140000
2024-12-16T16:00:00Z,3941.21000000,4107.80000000,3939.40000000,3986.24000000,298717.43080000
2024-12-17T00:00:00Z,3986.24000000,4041.82000000,3943.00000000,3994.24000000,122996.13710000
2024-12-17T08:00:00Z,3994.23000000,4031.38000000,3916.57000000,3939.18000000,170833.37360000
2024-12-17T16:00:00Z,3939.19000000,3984.46000000,3847.96000000,3893.01000000,156996.47540000
2024-12-18T00:00:00Z,3893.01000000,3903.20000000,3803.63000000,3847.33000000,164469.66780000
2024-12-18T08:00:00Z,3847.33000000,3891.09000000,3825.00000000,3867.98000000,130105.72150000
2024-12-18T16:00:00Z,3867.99000000,3907.19000000,3617.42000000,3626.80000000,427929.67250000
2024-12-19T00:00:00Z,3626.80000000,3699.58000000,3542.22000000,3693.79000000,262017.25060000
2024-12-19T08:00:00Z,3693.79000000,3720.00000000,3572.73000000,3613.92000000,196518.87720000
2024-12-19T16:00:00Z,3613.92000000,3637.10000000,3326.80000000,3417.01000000,619617.35730000
2024-12-20T00:00:00Z,3417.01000000,3465.60000000,3328.44000000,3390.48000000,292855.04390000
2024-12-20T08:00:00Z,3390.48000000,3396.40000000,3101.90000000,3374.61000000,793996.83710000
2024-12-20T16:00:00Z,3374.62000000,3497.84000000,3366.68000000,3472.21000000,245931.85000000
2024-12-21T00:00:00Z,3472.20000000,3555.18000000,3445.35000000,3523.46000000,140091.10760000
2024-12-21T08:00:00Z,3523.45000000,3527.49000000,3347.00000000,3390.40000000,193701.71160000
2024-12-21T16:00:00Z,3390.40000000,3401.33000000,3293.11000000,3338.92000000,141483.00080000
2024-12-22T00:00:00Z,3338.92000000,3374.48000000,3295.07000000,3332.40000000,87194.65700000
2024-12-22T08:00:00Z,3332.50000000,3403.00000000,3275.00000000,3302.38000000,130700.38940000
2024-12-22T16:00:00Z,3302.38000000,3338.65000000,3221.10000000,3281.83000000,144025.20310000
2024-12-23T00:00:00Z,3281.83000000,3363.12000000,3216.97000000,3305.20000000,151561.96770000
2024-12-23T08:00:00Z,3305.20000000,3361.78000000,3269.35000000,3277.20000000,153667.74680000
2024-12-23T16:00:00Z,3277.19000000,3466.99000000,3270.91000000,3422.53000000,183023.69550000
2024-12-24T00:00:00Z,3422.53000000,3434.97000000,3358.19000000,3401.22000000,89749.75420000
2024-12-24T08:00:00Z,3401.22000000,3510.00000000,3385.98000000,3493.07000000,119437.12130000
2024-12-24T16:00:00Z,3493.07000000,3539.65000000,3431.99000000,3493.18000000,106536.80080000
2024-12-25T00:00:00Z,3493.17000000,3509.68000000,3458.00000000,3489.22000000,60922.54640000
2024-12-25T08:00:00Z,3489.21000000,3547.95000000,3457.70000000,3472.99000000,99952.88230000
2024-12-25T16:00:00Z,3473.00000000,3500.00000000,3440.93000000,3497.00000000,58970.61650000
2024-12-26T00:00:00Z,3497.00000000,3514.94000000,3417.95000000,3422.00000000,76500.93340000
2024-12-26T08:00:00Z,3422.00000000,3426.00000000,3328.21000000,3344.13000000,128551.78840000
2024-12-26T16:00:00Z,3344.14000000,3365.01000000,3304.63000000,3335.05000000,105117.45010000
2024-12-27T00:00:00Z,3335.04000000,3398.79000000,3317.25000000,3326.02000000,97219.98950000
2024-12-27T08:00:00Z,3326.01000000,3444.16000000,3307.83000000,3326.32000000,161225.91800000
2024-12-27T16:00:00Z,3326.32000000,3366.62000000,3306.60000000,3333.51000000,84083.69630000
2024-12-28T00:00:00Z,3333.51000000,3361.14000000,3322.23000000,3335.53000000,50206.39830000
2024-12-28T08:00:00Z,3335.53000000,3396.00000000,3333.00000000,3368.38000000,68222.95380000
2024-12-28T16:00:00Z,3368.39000000,3428.68000000,3365.61000000,3404.00000000,57534.26090000
2024-12-29T00:00:00Z,3404.01000000,3407.99000000,3375.62000000,3407.61000000,36388.91570000
2024-12-29T08:00:00Z,3407.60000000,3413.78000000,3354.68000000,3373.82000000,57259.05880000
2024-12-29T16:00:00Z,3373.82000000,3376.21000000,3326.17000000,3356.48000000,62608.90740000
2024-12-30T00:00:00Z,3356.48000000,3437.59000000,3347.77000000,3427.00000000,113056.81960000
2024-12-30T08:00:00Z,3427.01000000,3434.35000000,3305.00000000,3324.16000000,145777.95190000
2024-12-30T16:00:00Z,3324.16000000,3419.00000000,3308.87000000,3361.84000000,161959.87610000
2024-12-31T00:00:00Z,3361.83000000,3365.04000000,3315.59000000,3353.64000000,66217.10990000
2024-12-31T08:00:00Z,3353.64000000,3451.00000000,3352.79000000,3412.85000000,139861.34080000
2024-12-31T16:00:00Z,3412.86000000,3416.35000000,3328.47000000,3337.78000000,96974.71780000
2025-01-01T00:00:00Z,3337.78000000,3368.42000000,3335.84000000,3347.12000000,47902.13950000
2025-01-01T08:00:00Z,3347.11000000,3359.37000000,3313.88000000,3352.93000000,70519.94060000
2025-01-01T16:00:00Z,3352.93000000,3374.85000000,3323.03000000,3360.38000000,71816.50600000
2025-01-02T00:00:00Z,3360.39000000,3427.54000000,3354.50000000,3420.05000000,97577.69270000
2025-01-02T08:00:00Z,3420.06000000,3509.99000000,3414.21000000,3463.51000000,151575.59010000
2025-01-02T16:00:00Z,3463.52000000,3491.19000000,3421.79000000,3455.67000000,89479.60460000
2025-01-03T00:00:00Z,3455.68000000,3477.03000000,3432.44000000,3433.27000000,56812.01740000
2025-01-03T08:00:00Z,3433.27000000,3576.00000000,3423.44000000,3565.13000000,146834.75380000
2025-01-03T16:00:00Z,3565.14000000,3630.00000000,3565.14000000,3609.01000000,130394.28920000
2025-01-04T00:00:00Z,3609.00000000,3620.86000000,3579.92000000,3594.04000000,61447.01700000
2025-01-04T08:00:00Z,3594.05000000,3663.25000000,3572.42000000,3607.81000000,101618.56750000
2025-01-04T16:00:00Z,3607.81000000,3671.60000000,3601.62000000,3656.88000000,66200.72880000
2025-01-05T00:00:00Z,3656.88000000,3675.25000000,3629.00000000,3631.56000000,37704.64450000
2025-01-05T08:00:00Z,3631.55000000,3638.77000000,3593.70000000,3629.60000000,67156.49300000
2025-01-05T16:00:00Z,3629.60000000,3656.88000000,3613.04000000,3635.99000000,50583.03660000
2025-01-06T00:00:00Z,3636.00000000,3698.04000000,3610.63000000,3650.75000000,94320.93400000
2025-01-06T08:00:00Z,3650.75000000,3714.49000000,3622.10000000,3714.45000000,133562.13310000
2025-01-06T16:00:00Z,3714.45000000,3744.83000000,3655.55000000,3687.45000000,101759.29770000
2025-01-07T00:00:00Z,3687.44000000,3700.86000000,3659.00000000,3667.77000000,48465.90010000
2025-01-07T08:00:00Z,3667.78000000,3679.27000000,3413.81000000,3462.64000000,275874.21460000
2025-01-07T16:00:00Z,3462.65000000,3491.70000000,3356.31000000,3381.31000000,217203.17270000
2025-01-08T00:00:00Z,3381.31000000,3415.10000000,3306.41000000,3354.59000000,168903.75840000
2025-01-08T08:00:00Z,3354.59000000,3386.36000000,3323.00000000,3346.73000000,166572.90920000
2025-01-08T16:00:00Z,3346.72000000,3347.68000000,3208.20000000,3327.29000000,249273.29510000
2025-01-09T00:00:00Z,3327.29000000,3357.27000000,3281.96000000,3288.71000000,101107.08140000
2025-01-09T08:00:00Z,3288.71000000,3337.00000000,3210.28000000,3320.58000000,197905.84760000
2025-01-09T16:00:00Z,3320.57000000,3327.91000000,3158.00000000,3219.20000000,202805.49570000
2025-01-10T00:00:00Z,3219.20000000,3313.65000000,3213.74000000,3296.29000000,92992.97680000
2025-01-10T08:00:00Z,3296.29000000,3321.25000000,3193.97000000,3245.14000000,247111.53870000
2025-01-10T16:00:00Z,3245.15000000,3322.49000000,3232.20000000,3267.04000000,114037.61780000
2025-01-11T00:00:00Z,3267.05000000,3270.00000000,3222.73000000,3235.72000000,45628.98350000
2025-01-11T08:00:00Z,3235.72000000,3282.94000000,3217.56000000,3271.33000000,56504.33240000
2025-01-11T16:00:00Z,3271.33000000,3320.18000000,3259.06000000,3282.83000000,49546.43280000
2025-01-12T00:00:00Z,3282.83000000,3290.91000000,3263.49000000,3266.87000000,33439.77740000
2025-01-12T08:00:00Z,3266.87000000,3296.14000000,3224.49000000,3285.68000000,76031.38580000
2025-01-12T16:00:00Z,3285.68000000,3300.00000000,3234.38000000,3267.30000000,55408.80770000
2025-01-13T00:00:00Z,3267.30000000,3339.00000000,3181.30000000,3201.66000000,134959.96070000
2025-01-13T08:00:00Z,3201.66000000,3205.90000000,2920.00000000,3049.00000000,475801.44150000
2025-01-13T16:00:00Z,3049.01000000,3143.20000000,2986.40000000,3137.51000000,235146.16470000
2025-01-14T00:00:00Z,3137.51000000,3190.07000000,3125.65000000,3171.53000000,84265.90370000
2025-01-14T08:00:00Z,3171.53000000,3256.67000000,3169.41000000,3199.45000000,202827.02400000
2025-01-14T16:00:00Z,3199.45000000,3240.69000000,3172.12000000,3225.63000000,87215.52400000
2025-01-15T00:00:00Z,3225.63000000,3252.35000000,3205.17000000,3233.30000000,89869.02140000
2025-01-15T08:00:00Z,3233.30000000,3353.82000000,3186.36000000,3334.47000000,208225.56250000
2025-01-15T16:00:00Z,3334.47000000,3473.75000000,3323.91000000,3451.52000000,166093.45010000
2025-01-16T00:00:00Z,3451.51000000,3460.79000000,3346.00000000,3384.30000000,115628.13500000
2025-01-16T08:00:00Z,3384.30000000,3385.84000000,3265.44000000,3333.04000000,225388.37540000
2025-01-16T16:00:00Z,3333.02000000,3365.95000000,3269.00000000,3308.05000000,130266.16830000
2025-01-17T00:00:00Z,3308.04000000,3397.66000000,3307.50000000,3373.14000000,149157.38030000
2025-01-17T08:00:00Z,3373.14000000,3450.53000000,3372.52000000,3421.80000000,189763.02400000
2025-01-17T16:00:00Z,3421.80000000,3525.72000000,3407.63000000,3473.63000000,179629.77700000
2025-01-18T00:00:00Z,3473.64000000,3494.39000000,3281.09000000,3287.63000000,208403.04070000
2025-01-18T08:00:00Z,3287.64000000,3347.34000000,3227.00000000,3307.07000000,274628.89470000
2025-01-18T16:00:00Z,3307.07000000,3321.11000000,3250.00000000,3307.71000000,151165.19270000
2025-01-19T00:00:00Z,3307.71000000,3378.11000000,3259.90000000,3276.06000000,201571.30190000
2025-01-19T08:00:00Z,3276.06000000,3426.05000000,3130.48000000,3383.68000000,622325.77520000
2025-01-19T16:00:00Z,3383.68000000,3448.99000000,3156.70000000,3215.12000000,518404.44460000
2025-01-20T00:00:00Z,3215.20000000,3453.69000000,3142.78000000,3382.59000000,506596.85770000
2025-01-20T08:00:00Z,3382.58000000,3413.30000000,3257.20000000,3335.90000000,298563.81490000
2025-01-20T16:00:00Z,3335.91000000,3390.68000000,3205.42000000,3284.00000000,353194.10880000
2025-01-21T00:00:00Z,3283.99000000,3289.85000000,3204.60000000,3254.70000000,204835.51900000
2025-01-21T08:00:00Z,3254.70000000,3335.44000000,3234.48000000,3295.10000000,203746.64480000
2025-01-21T16:00:00Z,3295.10000000,3368.00000000,3290.50000000,3327.54000000,140123.88750000
2025-01-22T00:00:00Z,3327.55000000,3365.99000000,3287.00000000,3288.07000000,110836.92830000
2025-01-22T08:00:00Z,3288.08000000,3332.70000000,3267.17000000,3278.39000000,130393.01940000
2025-01-22T16:00:00Z,3278.39000000,3291.30000000,3222.85000000,3242.60000000,108010.80210000
2025-01-23T00:00:00Z,3242.61000000,3261.34000000,3185.00000000,3233.48000000,122513.34690000
2025-01-23T08:00:00Z,3233.48000000,3286.72000000,3188.89000000,3259.33000000,216614.46570000
2025-01-23T16:00:00Z,3259.33000000,3347.97000000,3195.00000000,3338.21000000,266464.90990000
2025-01-24T00:00:00Z,3338.22000000,3421.00000000,3275.90000000,3380.80000000,190855.59520000
2025-01-24T08:00:00Z,3380.79000000,3428.00000000,3355.67000000,3383.69000000,139362.76390000
2025-01-24T16:00:00Z,3383.64000000,3409.40000000,3304.11000000,3310.09000000,121305.91610000
2025-01-25T00:00:00Z,3310.10000000,3325.00000000,3268.66000000,3291.53000000,89108.58080000
2025-01-25T08:00:00Z,3291.52000000,3345.00000000,3272.09000000,3334.62000000,63659.45940000
2025-01-25T16:00:00Z,3334.62000000,3350.68000000,3314.87000000,3318.77000000,55791.00130000
2025-01-26T00:00:00Z,3318.76000000,3362.00000000,3313.90000000,3338.56000000,62596.54570000
2025-01-26T08:00:00Z,3338.57000000,3343.45000000,3292.82000000,3315.31000000,73134.97700000
2025-01-26T16:00:00Z,3315.31000000,3344.88000000,3230.00000000,3232.61000000,136433.94630000
2025-01-27T00:00:00Z,3232.61000000,3253.91000000,3020.01000000,3070.80000000,334740.80350000
2025-01-27T08:00:00Z,3070.80000000,3152.00000000,3034.48000000,3133.40000000,244062.39340000
2025-01-27T16:00:00Z,3133.39000000,3239.00000000,3046.68000000,3182.44000000,174201.55600000
2025-01-28T00:00:00Z,3182.44000000,3223.01000000,3151.62000000,3196.22000000,96606.86570000
2025-01-28T08:00:00Z,3196.22000000,3214.38000000,3156.86000000,3181.36000000,86036.35110000
2025-01-28T16:00:00Z,3181.37000000,3182.98000000,3040.03000000,3077.72000000,168316.50050000
2025-01-29T00:00:00Z,3077.72000000,3160.00000000,3076.31000000,3156.89000000,70282.74700000
2025-01-29T08:00:00Z,3156.88000000,3164.11000000,3080.57000000,3101.12000000,94555.40260000
2025-01-29T16:00:00Z,3101.11000000,3182.52000000,3054.06000000,3113.90000000,244899.10800000
2025-01-30T00:00:00Z,3113.90000000,3215.73000000,3091.06000000,3191.04000000,101039.15510000
2025-01-30T08:00:00Z,3191.04000000,3281.00000000,3181.10000000,3255.30000000,158689.63700000
2025-01-30T16:00:00Z,3255.30000000,3283.43000000,3228.68000000,3247.39000000,90910.69020000
2025-01-31T00:00:00Z,3247.38000000,3279.50000000,3213.80000000,3241.63000000,95363.69230000
2025-01-31T08:00:00Z,3241.63000000,3436.34000000,3234.05000000,3427.66000000,280648.45340000
2025-01-31T16:00:00Z,3427.65000000,3437.31000000,3278.50000000,3300.99000000,272669.51040000
2025-02-01T00:00:00Z,3300.99000000,3331.98000000,3273.44000000,3280.10000000,83586.91890000
2025-02-01T08:00:00Z,3280.11000000,3286.31000000,3224.01000000,3250.99000000,103520.06860000
2025-02-01T16:00:00Z,3251.00000000,3267.24000000,3101.70000000,3117.54000000,166958.26500000
2025-02-02T00:00:00Z,3117.54000000,3163.20000000,3069.36000000,3101.51000000,169182.72660000
2025-02-02T08:00:00Z,3101.50000000,3124.13000000,3050.64000000,3081.19000000,184611.90610000
2025-02-02T16:00:00Z,3081.18000000,3082.02000000,2750.71000000,2869.68000000,697011.29730000
2025-02-03T00:00:00Z,2869.68000000,2872.75000000,2125.01000000,2622.35000000,1474472.48060000
2025-02-03T08:00:00Z,2622.35000000,2728.00000000,2526.16000000,2700.72000000,794206.39680000
2025-02-03T16:00:00Z,2700.73000000,2921.00000000,2668.06000000,2879.90000000,539300.14360000
2025-02-04T00:00:00Z,2879.89000000,2888.50000000,2663.21000000,2703.53000000,401962.32890000
2025-02-04T08:00:00Z,2703.54000000,2846.30000000,2677.00000000,2777.18000000,384833.23890000
2025-02-04T16:00:00Z,2777.18000000,2869.39000000,2632.60000000,2731.19000000,472798.82410000
2025-02-05T00:00:00Z,2731.19000000,2788.00000000,2699.13000000,2759.31000000,199134.28860000
2025-02-05T08:00:00Z,2759.30000000,2826.95000000,2746.85000000,2773.46000000,243051.26080000
2025-02-05T16:00:00Z,2773.45000000,2803.00000000,2715.27000000,2788.25000000,244407.49350000
2025-02-06T00:00:00Z,2788.25000000,2856.21000000,2755.69000000,2831.32000000,163314.81000000
2025-02-06T08:00:00Z,2831.33000000,2857.64000000,2683.71000000,2705.57000000,280767.95720000
2025-02-06T16:00:00Z,2705.57000000,2726.75000000,2655.28000000,2686.64000000,275377.18990000
2025-02-07T00:00:00Z,2686.63000000,2739.61000000,2668.03000000,2713.07000000,157828.38480000
2025-02-07T08:00:00Z,2713.06000000,2797.50000000,2705.56000000,2721.73000000,241138.47260000
2025-02-07T16:00:00Z,2721.74000000,2727.78000000,2562.51000000,2622.10000000,296500.50380000
2025-02-08T00:00:00Z,2622.11000000,2667.30000000,2594.63000000,2629.61000000,175511.75790000
2025-02-08T08:00:00Z,2629.61000000,2636.90000000,2588.80000000,2605.24000000,111074.43230000
2025-02-08T16:00:00Z,2605.24000000,2649.90000000,2589.97000000,2632.46000000,93098.96070000
2025-02-09T00:00:00Z,2632.46000000,2698.90000000,2626.63000000,2662.59000000,89919.77270000
2025-02-09T08:00:00Z,2662.59000000,2673.38000000,2611.78000000,2653.21000000,99535.96100000
2025-02-09T16:00:00Z,2653.22000000,2666.38000000,2520.02000000,2627.18000000,197711.05740000
2025-02-10T00:00:00Z,2627.18000000,2660.00000000,2559.85000000,2637.03000000,174744.31830000
2025-02-10T08:00:00Z,2637.02000000,2684.55000000,2631.24000000,2658.22000000,124144.35190000
2025-02-10T16:00:00Z,2658.21000000,2693.79000000,2650.00000000,2661.19000000,99284.60140000
2025-02-11T00:00:00Z,2661.19000000,2725.04000000,2660.72000000,2712.15000000,131183.61000000
2025-02-11T08:00:00Z,2712.12000000,2720.90000000,2626.13000000,2662.36000000,147486.86120000
2025-02-11T16:00:00Z,2662.35000000,2670.80000000,2558.24000000,2602.59000000,205525.67230000
2025-02-12T00:00:00Z,2602.59000000,2624.36000000,2569.31000000,2618.63000000,99143.20910000
2025-02-12T08:00:00Z,2618.62000000,2665.16000000,2546.92000000,2606.90000000,290095.49070000
2025-02-12T16:00:00Z,2606.90000000,2795.45000000,2583.18000000,2738.27000000,257057.19610000
2025-02-13T00:00:00Z,2738.27000000,2757.28000000,2672.03000000,2681.50000000,125415.71530000
2025-02-13T08:00:00Z,2681.51000000,2688.43000000,2616.04000000,2647.95000000,196908.96790000
2025-02-13T16:00:00Z,2647.96000000,2679.99000000,2612.76000000,2675.87000000,121444.60210000
2025-02-14T00:00:00Z,2675.87000000,2721.40000000,2664.46000000,2699.42000000,92281.81670000
2025-02-14T08:00:00Z,2699.41000000,2747.39000000,2677.43000000,2734.33000000,159222.94680000
2025-02-14T16:00:00Z,2734.33000000,2791.78000000,2706.00000000,2725.95000000,168391.02270000
2025-02-15T00:00:00Z,2725.95000000,2739.00000000,2694.00000000,2697.66000000,66772.04760000
2025-02-15T08:00:00Z,2697.65000000,2715.10000000,2662.28000000,2691.05000000,82713.49340000
2025-02-15T16:00:00Z,2691.05000000,2707.93000000,2679.00000000,2693.04000000,53485.88850000
2025-02-16T00:00:00Z,2693.04000000,2727.31000000,2687.71000000,2695.59000000,48211.80030000
2025-02-16T08:00:00Z,2695.59000000,2713.00000000,2676.73000000,2694.20000000,68246.20650000
2025-02-16T16:00:00Z,2694.21000000,2703.46000000,2651.26000000,2661.41000000,74773.52460000
2025-02-17T00:00:00Z,2661.41000000,2695.27000000,2637.71000000,2681.59000000,130615.23970000
2025-02-17T08:00:00Z,2681.59000000,2849.70000000,2676.29000000,2755.72000000,334418.56980000
2025-02-17T16:00:00Z,2755.71000000,2778.15000000,2686.91000000,2744.05000000,174706.01020000
2025-02-18T00:00:00Z,2744.05000000,2756.93000000,2652.17000000,2672.51000000,198764.51430000
2025-02-18T08:00:00Z,2672.51000000,2732.80000000,2653.40000000,2673.70000000,203023.12170000
2025-02-18T16:00:00Z,2673.70000000,2684.63000000,2605.44000000,2671.99000000,203076.23770000
2025-02-19T00:00:00Z,2672.00000000,2717.34000000,2656.03000000,2708.38000000,104447.76710000
2025-02-19T08:00:00Z,2708.39000000,2736.70000000,2677.51000000,2696.99000000,133537.74760000
2025-02-19T16:00:00Z,2696.99000000,2734.37000000,2694.78000000,2715.50000000,88168.50550000
2025-02-20T00:00:00Z,2715.51000000,2758.68000000,2709.69000000,2730.22000000,101464.46240000
2025-02-20T08:00:00Z,2730.23000000,2770.59000000,2707.33000000,2712.60000000,129587.13530000
2025-02-20T16:00:00Z,2712.60000000,2767.93000000,2707.18000000,2738.04000000,105683.65670000
2025-02-21T00:00:00Z,2738.04000000,2769.56000000,2726.00000000,2756.32000000,76340.63390000
2025-02-21T08:00:00Z,2756.31000000,2845.32000000,2675.02000000,2723.31000000,375573.13300000
2025-02-21T16:00:00Z,2723.30000000,2769.88000000,2616.72000000,2663.00000000,438526.29350000
2025-02-22T00:00:00Z,2663.00000000,2697.10000000,2653.33000000,2684.56000000,123884.35280000
2025-02-22T08:00:00Z,2684.55000000,2785.91000000,2676.80000000,2775.68000000,201881.51420000
2025-02-22T16:00:00Z,2775.67000000,2798.07000000,2756.37000000,2763.22000000,119223.79990000
2025-02-23T00:00:00Z,2763.23000000,2829.98000000,2745.41000000,2825.20000000,148411.86780000
2025-02-23T08:00:00Z,2825.20000000,2831.58000000,2773.48000000,2783.00000000,254619.94430000
2025-02-23T16:00:00Z,2783.00000000,2857.34000000,2782.38000000,2819.69000000,207970.31010000
2025-02-24T00:00:00Z,2819.70000000,2839.95000000,2691.49000000,2722.01000000,254351.58680000
2025-02-24T08:00:00Z,2722.02000000,2722.40000000,2636.33000000,2658.77000000,251228.30590000
2025-02-24T16:00:00Z,2658.77000000,2682.42000000,2470.33000000,2513.52000000,371296.47800000
2025-02-25T00:00:00Z,2513.52000000,2530.60000000,2313.49000000,2368.11000000,587256.99030000
2025-02-25T08:00:00Z,2368.12000000,2448.95000000,2357.05000000,2409.80000000,505395.17900000
2025-02-25T16:00:00Z,2409.80000000,2533.49000000,2383.40000000,2495.70000000,229364.70250000
2025-02-26T00:00:00Z,2495.69000000,2507.50000000,2471.80000000,2483.81000000,127121.44690000
2025-02-26T08:00:00Z,2483.81000000,2496.25000000,2370.00000000,2428.47000000,260123.27290000
2025-02-26T16:00:00Z,2428.50000000,2434.20000000,2253.77000000,2336.37000000,475842.49350000
2025-02-27T00:00:00Z,2336.38000000,2373.20000000,2303.22000000,2356.13000000,202815.00360000
2025-02-27T08:00:00Z,2356.13000000,2381.60000000,2290.78000000,2323.31000000,207812.80660000
2025-02-27T16:00:00Z,2323.31000000,2337.50000000,2230.57000000,2307.72000000,226956.10040000
2025-02-28T00:00:00Z,2307.72000000,2314.18000000,2076.26000000,2106.20000000,715301.80290000
2025-02-28T08:00:00Z,2106.21000000,2228.64000000,2076.26000000,2223.01000000,398544.31630000
2025-02-28T16:00:00Z,2223.00000000,2255.13000000,2193.40000000,2237.59000000,177692.93650000
2025-03-01T00:00:00Z,2237.59000000,2281.14000000,2213.33000000,2229.24000000,155139.91040000
2025-03-01T08:00:00Z,2229.25000000,2239.77000000,2142.73000000,2173.29000000,164437.68880000
2025-03-01T16:00:00Z,2173.30000000,2235.99000000,2169.40000000,2217.39000000,126853.12790000
2025-03-02T00:00:00Z,2217.40000000,2235.60000000,2201.10000000,2221.40000000,108113.29410000
2025-03-02T08:00:00Z,2221.40000000,2291.76000000,2172.04000000,2229.51000000,330346.47280000
2025-03-02T16:00:00Z,2229.51000000,2550.58000000,2212.35000000,2518.11000000,828225.00790000
2025-03-03T00:00:00Z,2518.12000000,2523.56000000,2352.79000000,2387.01000000,242727.60930000
2025-03-03T08:00:00Z,2387.01000000,2389.00000000,2266.97000000,2287.24000000,340323.43170000
2025-03-03T16:00:00Z,2287.30000000,2297.00000000,2097.91000000,2149.01000000,526514.15930000
2025-03-04T00:00:00Z,2149.02000000,2167.18000000,2002.81000000,2080.41000000,481485.21810000
2025-03-04T08:00:00Z,2080.42000000,2158.32000000,2025.62000000,2074.49000000,366046.17520000
2025-03-04T16:00:00Z,2074.49000000,2221.88000000,1993.20000000,2171.51000000,410290.94390000
2025-03-05T00:00:00Z,2171.50000000,2213.13000000,2155.03000000,2207.00000000,149844.74880000
2025-03-05T08:00:00Z,2207.00000000,2273.51000000,2166.48000000,2186.82000000,355479.67950000
2025-03-05T16:00:00Z,2186.81000000,2252.86000000,2161.78000000,2241.59000000,181806.36140000
2025-03-06T00:00:00Z,2241.59000000,2319.99000000,2234.07000000,2286.00000000,175382.58360000
2025-03-06T08:00:00Z,2285.99000000,2305.68000000,2208.60000000,2257.49000000,243303.38390000
2025-03-06T16:00:00Z,2257.50000000,2265.70000000,2176.90000000,2202.20000000,178222.42600000
2025-03-07T00:00:00Z,2202.21000000,2227.39000000,2101.82000000,2192.41000000,288573.61430000
2025-03-07T08:00:00Z,2192.41000000,2258.47000000,2165.79000000,2209.68000000,232748.18920000
2025-03-07T16:00:00Z,2209.67000000,2215.49000000,2115.00000000,2141.60000000,261065.45710000
2025-03-08T00:00:00Z,2141.60000000,2156.00000000,2105.06000000,2137.88000000,75940.62150000
2025-03-08T08:00:00Z,2137.89000000,2198.86000000,2126.66000000,2181.40000000,121721.89380000
2025-03-08T16:00:00Z,2181.40000000,2234.93000000,2161.14000000,2203.58000000,131130.58260000
2025-03-09T00:00:00Z,2203.57000000,2212.00000000,2171.84000000,2185.07000000,60184.50260000
2025-03-09T08:00:00Z,2185.07000000,2187.68000000,2084.67000000,2097.03000000,177303.02440000
2025-03-09T16:00:00Z,2097.01000000,2109.32000000,1989.66000000,2020.41000000,364184.06120000
2025-03-10T00:00:00Z,2020.43000000,2079.33000000,1995.08000000,2075.29000000,144430.44120000
2025-03-10T08:00:00Z,2075.30000000,2152.40000000,1997.00000000,2017.83000000,399845.37240000
2025-03-10T16:00:00Z,2017.83000000,2025.30000000,1810.01000000,1865.10000000,704469.53780000
2025-03-11T00:00:00Z,1865.11000000,1914.25000000,1754.28000000,1904.10000000,488828.06260000
2025-03-11T08:00:00Z,1904.10000000,1962.98000000,1840.53000000,1914.49000000,485424.94250000
2025-03-11T16:00:00Z,1914.49000000,1963.20000000,1886.55000000,1923.43000000,197174.99440000
2025-03-12T00:00:00Z,1923.42000000,1932.86000000,1852.30000000,1911.26000000,199752.80690000
2025-03-12T08:00:00Z,1911.26000000,1960.00000000,1829.72000000,1869.85000000,464074.27510000
2025-03-12T16:00:00Z,1869.86000000,1915.95000000,1862.45000000,1908.20000000,124912.59430000
2025-03-13T00:00:00Z,1908.20000000,1917.12000000,1858.32000000,1872.23000000,123278.72870000
2025-03-13T08:00:00Z,1872.23000000,1923.09000000,1853.90000000,1875.41000000,298233.43850000
2025-03-13T16:00:00Z,1875.41000000,1883.56000000,1821.81000000,1864.59000000,148025.09500000
2025-03-14T00:00:00Z,1864.59000000,1905.42000000,1861.31000000,1893.07000000,81039.26680000
2025-03-14T08:00:00Z,1893.08000000,1942.48000000,1877.69000000,1922.20000000,189809.47320000
2025-03-14T16:00:00Z,1922.20000000,1945.64000000,1908.38000000,1911.65000000,104956.99550000
2025-03-15T00:00:00Z,1911.64000000,1935.21000000,1903.75000000,1917.66000000,64326.76450000
2025-03-15T08:00:00Z,1917.68000000,1939.60000000,1912.70000000,1937.83000000,65021.23420000
2025-03-15T16:00:00Z,1937.84000000,1957.19000000,1928.76000000,1937.17000000,80197.86880000
2025-03-16T00:00:00Z,1937.18000000,1940.87000000,1916.56000000,1925.89000000,53874.02770000
2025-03-16T08:00:00Z,1925.89000000,1926.92000000,1866.90000000,1895.01000000,143564.34460000
2025-03-16T16:00:00Z,1895.01000000,1924.11000000,1860.38000000,1887.00000000,127328.28410000
2025-03-17T00:00:00Z,1887.01000000,1915.44000000,1879.98000000,1900.74000000,80204.31630000
2025-03-17T08:00:00Z,1900.75000000,1939.03000000,1888.01000000,1919.47000000,145247.80580000
2025-03-17T16:00:00Z,1919.47000000,1952.40000000,1907.74000000,1926.31000000,109388.36560000
2025-03-18T00:00:00Z,1926.30000000,1930.25000000,1893.86000000,1905.06000000,89786.76730000
2025-03-18T08:00:00Z,1905.05000000,1913.09000000,1872.31000000,1881.02000000,142880.13990000
2025-03-18T16:00:00Z,1881.03000000,1936.20000000,1873.60000000,1931.54000000,100229.10830000
2025-03-19T00:00:00Z,1931.54000000,1949.03000000,1927.58000000,1932.00000000,130062.34020000
2025-03-19T08:00:00Z,1932.00000000,2056.99000000,1931.70000000,2048.99000000,330742.75170000
2025-03-19T16:00:00Z,2049.00000000,2069.90000000,1997.33000000,2056.06000000,231004.41150000
2025-03-20T00:00:00Z,2056.05000000,2067.90000000,2005.20000000,2007.54000000,111822.21320000
2025-03-20T08:00:00Z,2007.55000000,2021.27000000,1965.85000000,1972.17000000,169235.50080000
2025-03-20T16:00:00Z,1972.01000000,1984.88000000,1952.17000000,1983.79000000,120461.21420000
2025-03-21T00:00:00Z,1983.79000000,1996.73000000,1966.52000000,1976.78000000,69034.95980000
2025-03-21T08:00:00Z,1976.79000000,1982.33000000,1937.10000000,1950.69000000,114216.72490000
2025-03-21T16:00:00Z,1950.69000000,1983.40000000,1946.07000000,1965.75000000,79389.97430000
2025-03-22T00:00:00Z,1965.74000000,1993.10000000,1964.34000000,1984.23000000,52275.01450000
2025-03-22T08:00:00Z,1984.22000000,2006.61000000,1981.12000000,1986.29000000,72493.89590000
2025-03-22T16:00:00Z,1986.29000000,2004.30000000,1974.78000000,1980.69000000,46014.04700000
2025-03-23T00:00:00Z,1980.68000000,2019.80000000,1976.81000000,2008.04000000,115375.43860000
2025-03-23T08:00:00Z,2008.04000000,2020.74000000,2002.52000000,2007.06000000,82210.29990000
2025-03-23T16:00:00Z,2007.06000000,2008.23000000,1980.77000000,2005.99000000,71121.78480000
2025-03-24T00:00:00Z,2005.99000000,2079.58000000,1977.67000000,2069.16000000,202818.46150000
2025-03-24T08:00:00Z,2069.18000000,2104.11000000,2068.77000000,2089.77000000,167854.51060000
2025-03-24T16:00:00Z,2089.76000000,2101.30000000,2067.67000000,2081.20000000,107239.84330000
2025-03-25T00:00:00Z,2081.20000000,2097.70000000,2037.08000000,2055.55000000,109491.80790000
2025-03-25T08:00:00Z,2055.56000000,2080.40000000,2051.88000000,2067.67000000,134078.29260000
2025-03-25T16:00:00Z,2067.67000000,2083.52000000,2053.85000000,2066.15000000,85195.22870000
2025-03-26T00:00:00Z,2066.16000000,2079.21000000,2042.60000000,2069.25000000,97298.84900000
2025-03-26T08:00:00Z,2069.26000000,2075.76000000,2006.66000000,2012.27000000,194101.45650000
2025-03-26T16:00:00Z,2012.27000000,2022.13000000,1981.60000000,2009.52000000,137575.02310000
2025-03-27T00:00:00Z,2009.52000000,2037.38000000,2006.78000000,2026.43000000,69016.45020000
2025-03-27T08:00:00Z,2026.42000000,2035.92000000,1987.06000000,2005.49000000,178762.16640000
2025-03-27T16:00:00Z,2005.48000000,2020.00000000,1993.65000000,2003.66000000,112856.22170000
2025-03-28T00:00:00Z,2003.67000000,2015.93000000,1900.00000000,1910.21000000,250520.31670000
2025-03-28T08:00:00Z,1910.21000000,1925.00000000,1860.00000000,1872.13000000,267020.35810000
2025-03-28T16:00:00Z,1872.13000000,1902.00000000,1862.14000000,1896.90000000,108626.90840000
2025-03-29T00:00:00Z,1896.90000000,1913.60000000,1875.41000000,1880.14000000,99094.69140000
2025-03-29T08:00:00Z,1880.14000000,1887.28000000,1833.50000000,1840.24000000,153801.46680000
2025-03-29T16:00:00Z,1840.24000000,1848.12000000,1797.20000000,1828.08000000,156873.59730000
2025-03-30T00:00:00Z,1828.09000000,1846.85000000,1812.69000000,1837.74000000,71110.19860000
2025-03-30T08:00:00Z,1837.74000000,1849.01000000,1790.06000000,1813.75000000,114493.38330000
2025-03-30T16:00:00Z,1813.76000000,1834.33000000,1767.69000000,1807.74000000,142239.86570000
2025-03-31T00:00:00Z,1807.74000000,1823.50000000,1776.75000000,1798.92000000,136909.66420000
2025-03-31T08:00:00Z,1798.91000000,1854.22000000,1777.79000000,1842.23000000,249395.32590000
2025-03-31T16:00:00Z,1842.22000000,1847.34000000,1816.40000000,1822.43000000,111549.91510000
2025-04-01T00:00:00Z,1822.43000000,1867.91000000,1817.88000000,1854.26000000,105691.10970000
2025-04-01T08:00:00Z,1854.26000000,1927.90000000,1842.42000000,1918.58000000,252918.64920000
2025-04-01T16:00:00Z,1918.59000000,1924.17000000,1897.13000000,1904.98000000,94379.33850000
2025-04-02T00:00:00Z,1904.98000000,1908.41000000,1852.00000000,1865.06000000,116668.43540000
2025-04-02T08:00:00Z,1865.07000000,1919.00000000,1854.27000000,1901.21000000,252208.69170000
2025-04-02T16:00:00Z,1901.21000000,1957.00000000,1781.53000000,1795.22000000,381963.65520000
2025-04-03T00:00:00Z,1795.21000000,1845.26000000,1788.97000000,1815.31000000,149483.14980000
2025-04-03T08:00:00Z,1815.31000000,1824.18000000,1750.00000000,1782.27000000,251694.84360000
2025-04-03T16:00:00Z,1782.26000000,1821.84000000,1767.23000000,1817.23000000,106897.02460000
2025-04-04T00:00:00Z,1817.23000000,1823.12000000,1771.11000000,1817.93000000,115884.07010000
2025-04-04T08:00:00Z,1817.94000000,1835.68000000,1758.72000000,1795.24000000,316373.51600000
2025-04-04T16:00:00Z,1795.24000000,1828.90000000,1783.25000000,1816.87000000,140476.88410000
2025-04-05T00:00:00Z,1816.88000000,1827.29000000,1803.99000000,1813.22000000,44482.23580000
2025-04-05T08:00:00Z,1813.22000000,1822.04000000,1777.93000000,1782.01000000,85033.05120000
2025-04-05T16:00:00Z,1782.01000000,1810.04000000,1764.39000000,1806.01000000,72200.98260000
2025-04-06T00:00:00Z,1806.02000000,1817.00000000,1791.49000000,1797.69000000,52950.49590000
2025-04-06T08:00:00Z,1797.70000000,1798.20000000,1735.00000000,1759.55000000,163140.79010000
2025-04-06T16:00:00Z,1759.56000000,1760.06000000,1537.50000000,1580.76000000,763755.80980000
2025-04-07T00:00:00Z,1580.77000000,1614.20000000,1411.01000000,1460.15000000,838182.19780000
2025-04-07T08:00:00Z,1460.15000000,1639.00000000,1455.63000000,1556.56000000,1035068.89880000
2025-04-07T16:00:00Z,1556.56000000,1585.50000000,1526.00000000,1553.04000000,295544.91010000
2025-04-08T00:00:00Z,1553.04000000,1618.67000000,1541.04000000,1570.83000000,198312.15190000
2025-04-08T08:00:00Z,1570.83000000,1593.47000000,1518.29000000,1531.77000000,274973.48730000
2025-04-08T16:00:00Z,1531.76000000,1533.08000000,1441.30000000,1473.41000000,418560.49350000
2025-04-09T00:00:00Z,1473.41000000,1492.02000000,1385.05000000,1483.43000000,580383.35670000
2025-04-09T08:00:00Z,1483.45000000,1501.27000000,1440.20000000,1485.26000000,499402.54430000
2025-04-09T16:00:00Z,1485.26000000,1689.00000000,1481.97000000,1669.51000000,888745.01280000
2025-04-10T00:00:00Z,1669.51000000,1669.85000000,1583.31000000,1595.81000000,230994.42580000
2025-04-10T08:00:00Z,1595.81000000,1640.00000000,1483.60000000,1495.98000000,412958.02850000
2025-04-10T16:00:00Z,1495.97000000,1533.70000000,1471.02000000,1522.25000000,267902.93910000
2025-04-11T00:00:00Z,1522.24000000,1562.80000000,1504.63000000,1553.04000000,163242.40880000
2025-04-11T08:00:00Z,1553.05000000,1585.00000000,1538.14000000,1565.44000000,287937.88400000
2025-04-11T16:00:00Z,1565.44000000,1591.47000000,1555.87000000,1566.85000000,127304.02550000
2025-04-12T00:00:00Z,1566.85000000,1585.23000000,1546.06000000,1582.05000000,97275.04380000
2025-04-12T08:00:00Z,1582.04000000,1669.59000000,1581.00000000,1655.87000000,253088.14140000
2025-04-12T16:00:00Z,1655.88000000,1662.33000000,1628.24000000,1644.18000000,151504.71810000
2025-04-13T00:00:00Z,1644.19000000,1649.75000000,1597.47000000,1613.50000000,132617.57080000
2025-04-13T08:00:00Z,1613.51000000,1628.20000000,1566.11000000,1586.62000000,179845.60620000
2025-04-13T16:00:00Z,1586.61000000,1649.04000000,1562.01000000,1597.76000000,267673.43750000
2025-04-14T00:00:00Z,1597.76000000,1660.32000000,1595.56000000,1635.57000000,195725.83370000
2025-04-14T08:00:00Z,1635.58000000,1691.50000000,1619.34000000,1627.93000000,297779.32790000
2025-04-14T16:00:00Z,1627.94000000,1651.51000000,1606.01000000,1623.77000000,152424.98030000
2025-04-15T00:00:00Z,1623.78000000,1648.47000000,1614.80000000,1644.84000000,116366.24400000
2025-04-15T08:00:00Z,1644.83000000,1661.21000000,1601.36000000,1621.02000000,239777.97420000
2025-04-15T16:00:00Z,1621.01000000,1627.99000000,1583.12000000,1588.78000000,120034.67330000
2025-04-16T00:00:00Z,1588.77000000,1604.40000000,1551.18000000,1564.28000000,151738.08430000
2025-04-16T08:00:00Z,1564.28000000,1613.66000000,1556.70000000,1590.69000000,189074.39400000
2025-04-16T16:00:00Z,1590.70000000,1612.83000000,1538.07000000,1577.14000000,270575.39030000
2025-04-17T00:00:00Z,1577.15000000,1610.53000000,1574.69000000,1601.60000000,125555.29910000
2025-04-17T08:00:00Z,1601.60000000,1604.23000000,1563.20000000,1583.17000000,137451.98240000
2025-04-17T16:00:00Z,1583.17000000,1616.96000000,1577.02000000,1583.62000000,186863.08130000
2025-04-18T00:00:00Z,1583.63000000,1589.19000000,1573.54000000,1584.09000000,79878.95810000
2025-04-18T08:00:00Z,1584.10000000,1597.20000000,1579.09000000,1583.17000000,71185.63550000
2025-04-18T16:00:00Z,1583.17000000,1600.64000000,1581.80000000,1588.60000000,49344.44230000
2025-04-19T00:00:00Z,1588.60000000,1613.48000000,1585.01000000,1600.94000000,74157.08120000
2025-04-19T08:00:00Z,1600.94000000,1612.29000000,1594.07000000,1607.28000000,69211.88550000
2025-04-19T16:00:00Z,1607.28000000,1631.81000000,1598.50000000,1613.27000000,79727.42320000
2025-04-20T00:00:00Z,1613.26000000,1619.19000000,1586.60000000,1597.46000000,74755.64910000
2025-04-20T08:00:00Z,1597.46000000,1597.61000000,1565.59000000,1573.50000000,128784.06820000
2025-04-20T16:00:00Z,1573.51000000,1600.75000000,1571.49000000,1587.36000000,72512.51330000
2025-04-21T00:00:00Z,1587.36000000,1658.75000000,1586.18000000,1645.92000000,275284.75890000
2025-04-21T08:00:00Z,1645.92000000,1655.00000000,1608.60000000,1623.30000000,188015.06650000
2025-04-21T16:00:00Z,1623.30000000,1626.09000000,1564.07000000,1579.57000000,228186.84130000
2025-04-22T00:00:00Z,1579.57000000,1624.00000000,1537.26000000,1619.21000000,263781.04760000
2025-04-22T08:00:00Z,1619.20000000,1725.81000000,1613.01000000,1703.01000000,508341.79540000
2025-04-22T16:00:00Z,1703.00000000,1778.00000000,1683.08000000,1756.26000000,330914.11560000
2025-04-23T00:00:00Z,1756.25000000,1818.18000000,1744.95000000,1792.11000000,373748.02080000
2025-04-23T08:00:00Z,1792.10000000,1834.86000000,1761.62000000,1794.60000000,391682.31470000
2025-04-23T16:00:00Z,1794.60000000,1810.00000000,1774.47000000,1795.07000000,122115.29610000
2025-04-24T00:00:00Z,1795.08000000,1802.82000000,1751.27000000,1756.25000000,145005.49030000
2025-04-24T08:00:00Z,1756.25000000,1777.77000000,1722.90000000,1764.62000000,218819.92300000
2025-04-24T16:00:00Z,1764.62000000,1777.50000000,1746.04000000,1769.65000000,119639.62520000
2025-04-25T00:00:00Z,1769.64000000,1790.50000000,1738.60000000,1777.18000000,148102.35290000
2025-04-25T08:00:00Z,1777.17000000,1827.32000000,1757.25000000,1806.48000000,319574.39440000
2025-04-25T16:00:00Z,1806.48000000,1810.89000000,1782.40000000,1784.60000000,127934.14210000
2025-04-26T00:00:00Z,1784.60000000,1815.81000000,1784.60000000,1800.49000000,114968.76010000
2025-04-26T08:00:00Z,1800.49000000,1841.16000000,1778.94000000,1800.20000000,169101.33170000
2025-04-26T16:00:00Z,1800.20000000,1831.09000000,1795.86000000,1820.88000000,70997.95240000
2025-04-27T00:00:00Z,1820.87000000,1857.47000000,1790.27000000,1803.76000000,171712.50050000
2025-04-27T08:00:00Z,1803.75000000,1815.52000000,1781.90000000,1793.86000000,98038.96800000
2025-04-27T16:00:00Z,1793.85000000,1808.47000000,1784.59000000,1791.29000000,70581.17500000
2025-04-28T00:00:00Z,1791.29000000,1812.08000000,1752.18000000,1804.79000000,173413.61890000
2025-04-28T08:00:00Z,1804.80000000,1827.98000000,1753.00000000,1763.28000000,239281.29110000
2025-04-28T16:00:00Z,1763.27000000,1807.00000000,1744.71000000,1799.88000000,174574.83300000
2025-04-29T00:00:00Z,1799.88000000,1824.94000000,1787.89000000,1821.71000000,137881.61690000
2025-04-29T08:00:00Z,1821.71000000,1842.99000000,1802.02000000,1814.99000000,204826.22800000
2025-04-29T16:00:00Z,1814.99000000,1832.49000000,1780.47000000,1797.81000000,137748.54350000
2025-04-30T00:00:00Z,1797.81000000,1813.09000000,1788.90000000,1796.37000000,86331.09680000
2025-04-30T08:00:00Z,1796.37000000,1816.80000000,1731.70000000,1764.74000000,258384.67080000
2025-04-30T16:00:00Z,1764.73000000,1809.72000000,1756.07000000,1793.61000000,128808.22010000
2025-05-01T00:00:00Z,1793.62000000,1819.00000000,1792.52000000,1810.60000000,89132.43010000
2025-05-01T08:00:00Z,1810.59000000,1873.17000000,1808.80000000,1852.99000000,343361.05230000
2025-05-01T16:00:00Z,1853.00000000,1870.25000000,1833.50000000,1838.11000000,104705.24670000
2025-05-02T00:00:00Z,1838.10000000,1851.79000000,1816.22000000,1816.32000000,113638.60830000
2025-05-02T08:00:00Z,1816.33000000,1854.50000000,1813.00000000,1841.12000000,179926.75120000
2025-05-02T16:00:00Z,1841.11000000,1871.00000000,1831.70000000,1842.20000000,117102.51550000
2025-05-03T00:00:00Z,1842.20000000,1843.05000000,1824.60000000,1826.41000000,54805.96230000
2025-05-03T08:00:00Z,1826.41000000,1840.12000000,1817.63000000,1834.53000000,74287.19910000
2025-05-03T16:00:00Z,1834.53000000,1848.60000000,1810.00000000,1833.52000000,84658.43650000
2025-05-04T00:00:00Z,1833.52000000,1849.95000000,1826.44000000,1840.98000000,76702.67980000
2025-05-04T08:00:00Z,1840.98000000,1841.34000000,1818.57000000,1830.80000000,75793.26220000
2025-05-04T16:00:00Z,1830.81000000,1842.15000000,1803.00000000,1808.86000000,85758.41440000
2025-05-05T00:00:00Z,1808.86000000,1829.84000000,1781.85000000,1826.59000000,135456.64050000
2025-05-05T08:00:00Z,1826.58000000,1831.55000000,1794.47000000,1800.99000000,121150.20610000
2025-05-05T16:00:00Z,1801.00000000,1833.55000000,1799.52000000,1820.19000000,85734.16120000
2025-05-06T00:00:00Z,1820.19000000,1820.90000000,1792.49000000,1806.03000000,72867.75990000
2025-05-06T08:00:00Z,1806.03000000,1806.10000000,1752.00000000,1770.09000000,165577.47060000
2025-05-06T16:00:00Z,1770.09000000,1819.41000000,1762.16000000,1817.00000000,146139.01460000
2025-05-07T00:00:00Z,1817.00000000,1850.00000000,1814.59000000,1838.24000000,163988.39310000
2025-05-07T08:00:00Z,1838.23000000,1847.05000000,1814.29000000,1817.31000000,135222.91290000
2025-05-07T16:00:00Z,1817.32000000,1825.44000000,1787.01000000,1811.11000000,156958.76450000
2025-05-08T00:00:00Z,1811.11000000,1943.83000000,1808.71000000,1928.40000000,356382.50890000
2025-05-08T08:00:00Z,1928.40000000,2075.65000000,1925.90000000,2051.30000000,525189.34790000
2025-05-08T16:00:00Z,2051.30000000,2226.00000000,2036.64000000,2207.39000000,591580.82920000
2025-05-09T00:00:00Z,2207.39000000,2393.00000000,2184.33000000,2364.09000000,519846.28140000
2025-05-09T08:00:00Z,2364.09000000,2490.77000000,2271.50000000,2301.30000000,960067.98170000
2025-05-09T16:00:00Z,2301.28000000,2355.20000000,2274.33000000,2345.04000000,187126.77510000
2025-05-10T00:00:00Z,2345.04000000,2417.13000000,2317.00000000,2400.00000000,193637.72180000
2025-05-10T08:00:00Z,2400.01000000,2448.88000000,2360.00000000,2433.46000000,359439.61080000
2025-05-10T16:00:00Z,2433.46000000,2600.00000000,2428.93000000,2583.23000000,426272.82800000
2025-05-11T00:00:00Z,2583.22000000,2608.13000000,2453.92000000,2473.22000000,379056.73560000
2025-05-11T08:00:00Z,2473.22000000,2535.46000000,2435.51000000,2462.51000000,261346.50210000
2025-05-11T16:00:00Z,2462.55000000,2528.52000000,2440.25000000,2514.57000000,191181.15110000
2025-05-12T00:00:00Z,2514.58000000,2624.00000000,2486.80000000,2554.77000000,352191.25870000
2025-05-12T08:00:00Z,2554.78000000,2585.83000000,2478.00000000,2486.92000000,432014.21240000
2025-05-12T16:00:00Z,2486.91000000,2512.36000000,2406.63000000,2495.47000000,284475.47220000
2025-05-13T00:00:00Z,2495.48000000,2495.79000000,2415.30000000,2460.72000000,192557.28610000
2025-05-13T08:00:00Z,2460.73000000,2573.87000000,2451.25000000,2566.21000000,331452.69200000
2025-05-13T16:00:00Z,2566.21000000,2738.50000000,2560.01000000,2679.71000000,507345.66840000
2025-05-14T00:00:00Z,2679.71000000,2725.99000000,2622.99000000,2640.76000000,364379.95080000
2025-05-14T08:00:00Z,2640.75000000,2645.95000000,2559.19000000,2597.49000000,329175.55250000
2025-05-14T16:00:00Z,2597.49000000,2617.50000000,2547.26000000,2609.74000000,136491.60890000
2025-05-15T00:00:00Z,2609.75000000,2647.03000000,2515.69000000,2531.00000000,236149.07290000
2025-05-15T08:00:00Z,2530.99000000,2579.61000000,2476.03000000,2563.76000000,314114.18170000
2025-05-15T16:00:00Z,2563.77000000,2603.59000000,2511.77000000,2548.69000000,218690.77860000
2025-05-16T00:00:00Z,2548.70000000,2619.99000000,2534.20000000,2601.50000000,181463.61610000
2025-05-16T08:00:00Z,2601.50000000,2649.31000000,2558.12000000,2594.93000000,293752.73470000
2025-05-16T16:00:00Z,2594.93000000,2602.01000000,2529.40000000,2537.12000000,130737.34110000
2025-05-17T00:00:00Z,2537.13000000,2538.16000000,2452.60000000,2492.89000000,249643.85410000
2025-05-17T08:00:00Z,2492.90000000,2496.20000000,2446.42000000,2474.48000000,127237.41770000
2025-05-17T16:00:00Z,2474.48000000,2495.45000000,2448.27000000,2475.08000000,117452.00640000
2025-05-18T00:00:00Z,2475.09000000,2515.44000000,2467.75000000,2509.30000000,80340.36210000
2025-05-18T08:00:00Z,2509.29000000,2587.61000000,2488.02000000,2578.99000000,180460.74260000
2025-05-18T16:00:00Z,2579.00000000,2584.00000000,2323.21000000,2497.78000000,549302.08040000
2025-05-19T00:00:00Z,2497.78000000,2513.67000000,2348.38000000,2403.74000000,312755.16130000
2025-05-19T08:00:00Z,2403.74000000,2473.70000000,2383.80000000,2466.63000000,240222.01240000
2025-05-19T16:00:00Z,2466.63000000,2547.36000000,2450.86000000,2528.14000000,308770.34930000
2025-05-20T00:00:00Z,2528.14000000,2588.63000000,2510.72000000,2532.30000000,252568.59140000
2025-05-20T08:00:00Z,2532.30000000,2540.00000000,2464.56000000,2482.79000000,191955.05730000
2025-05-20T16:00:00Z,2482.78000000,2541.03000000,2442.40000000,2524.19000000,232465.52600000
2025-05-21T00:00:00Z,2524.19000000,2615.95000000,2509.00000000,2551.87000000,278709.26940000
2025-05-21T08:00:00Z,2551.87000000,2582.18000000,2515.38000000,2567.01000000,298352.75830000
2025-05-21T16:00:00Z,2567.02000000,2615.34000000,2452.20000000,2550.99000000,518828.26250000
2025-05-22T00:00:00Z,2551.00000000,2647.80000000,2544.83000000,2635.19000000,379790.27580000
2025-05-22T08:00:00Z,2635.19000000,2692.99000000,2623.14000000,2664.48000000,330925.51200000
2025-05-22T16:00:00Z,2664.48000000,2676.30000000,2626.37000000,2664.82000000,141839.87910000
2025-05-23T00:00:00Z,2664.83000000,2734.23000000,2645.16000000,2655.20000000,323483.67820000
2025-05-23T08:00:00Z,2655.20000000,2689.21000000,2498.30000000,2568.53000000,462190.19870000
2025-05-23T16:00:00Z,2568.53000000,2587.18000000,2503.66000000,2526.50000000,185768.57630000
2025-05-24T00:00:00Z,2526.49000000,2563.50000000,2515.08000000,2546.99000000,93467.73560000
2025-05-24T08:00:00Z,2546.99000000,2575.85000000,2543.51000000,2555.64000000,87392.97210000
2025-05-24T16:00:00Z,2555.64000000,2567.38000000,2517.65000000,2530.40000000,76683.52670000
2025-05-25T00:00:00Z,2530.41000000,2539.50000000,2476.00000000,2494.39000000,129199.40540000
2025-05-25T08:00:00Z,2494.40000000,2524.90000000,2463.00000000,2511.70000000,136366.04960000
2025-05-25T16:00:00Z,2511.69000000,2554.26000000,2496.10000000,2551.22000000,94324.57490000
2025-05-26T00:00:00Z,2551.22000000,2599.00000000,2536.84000000,2580.80000000,141084.17930000
2025-05-26T08:00:00Z,2580.79000000,2582.70000000,2539.23000000,2565.99000000,125188.79280000
2025-05-26T16:00:00Z,2566.00000000,2584.65000000,2525.86000000,2563.70000000,96698.14610000
2025-05-27T00:00:00Z,2563.70000000,2619.48000000,2509.46000000,2607.59000000,267394.49060000
2025-05-27T08:00:00Z,2607.60000000,2683.87000000,2607.59000000,2668.20000000,329665.62970000
2025-05-27T16:00:00Z,2668.20000000,2712.36000000,2652.26000000,2660.81000000,201370.76590000
2025-05-28T00:00:00Z,2660.81000000,2661.79000000,2618.34000000,2636.39000000,143559.66920000
2025-05-28T08:00:00Z,2636.39000000,2689.14000000,2608.50000000,2626.90000000,243840.88150000
2025-05-28T16:00:00Z,2626.90000000,2686.40000000,2612.04000000,2681.60000000,172695.13260000
2025-05-29T00:00:00Z,2681.61000000,2788.00000000,2669.01000000,2731.28000000,355922.02630000
2025-05-29T08:00:00Z,2731.29000000,2744.42000000,2621.92000000,2643.68000000,287750.48440000
2025-05-29T16:00:00Z,2643.68000000,2673.48000000,2619.05000000,2631.39000000,167894.74380000
2025-05-30T00:00:00Z,2631.39000000,2649.23000000,2557.07000000,2618.26000000,253627.71950000
2025-05-30T08:00:00Z,2618.27000000,2628.10000000,2572.56000000,2598.21000000,252437.01360000
2025-05-30T16:00:00Z,2598.21000000,2604.28000000,2507.35000000,2531.34000000,256980.52330000
2025-05-31T00:00:00Z,2531.35000000,2539.98000000,2475.33000000,2521.11000000,212655.31460000
2025-05-31T08:00:00Z,2521.11000000,2550.14000000,2508.04000000,2536.30000000,116599.97890000
2025-05-31T16:00:00Z,2536.29000000,2550.34000000,2523.36000000,2528.06000000,65281.95860000
2025-06-01T00:00:00Z,2528.06000000,2530.38000000,2492.00000000,2509.00000000,98412.10360000
2025-06-01T08:00:00Z,2509.00000000,2524.99000000,2468.56000000,2523.23000000,114282.82540000
2025-06-01T16:00:00Z,2523.23000000,2547.79000000,2493.49000000,2539.21000000,119326.77980000
2025-06-02T00:00:00Z,2539.20000000,2541.71000000,2483.37000000,2506.94000000,108820.51310000
2025-06-02T08:00:00Z,2506.94000000,2556.74000000,2475.00000000,2544.39000000,190004.51000000
2025-06-02T16:00:00Z,2544.39000000,2615.00000000,2524.80000000,2607.41000000,170064.95060000
2025-06-03T00:00:00Z,2607.42000000,2649.91000000,2589.30000000,2609.99000000,182198.59740000
2025-06-03T08:00:00Z,2610.00000000,2655.38000000,2594.79000000,2623.58000000,155061.47550000
2025-06-03T16:00:00Z,2623.58000000,2628.57000000,2575.00000000,2593.36000000,117122.97100000
2025-06-04T00:00:00Z,2593.35000000,2644.77000000,2583.50000000,2627.74000000,124737.07160000
2025-06-04T08:00:00Z,2627.75000000,2679.88000000,2594.49000000,2667.93000000,236170.20570000
2025-06-04T16:00:00Z,2667.92000000,2669.59000000,2599.11000000,2607.68000000,141587.54410000
2025-06-05T00:00:00Z,2607.68000000,2634.46000000,2601.08000000,2604.08000000,102200.94500000
2025-06-05T08:00:00Z,2604.09000000,2640.86000000,2562.85000000,2589.43000000,241951.27830000
2025-06-05T16:00:00Z,2589.44000000,2591.59000000,2391.66000000,2414.01000000,464785.81110000
2025-06-06T00:00:00Z,2414.02000000,2468.55000000,2381.49000000,2455.64000000,242808.05340000
2025-06-06T08:00:00Z,2455.64000000,2531.36000000,2454.01000000,2509.63000000,222555.35090000
2025-06-06T16:00:00Z,2509.62000000,2518.38000000,2472.71000000,2476.10000000,113480.09310000
2025-06-07T00:00:00Z,2476.10000000,2502.00000000,2457.00000000,2491.28000000,99365.01340000
2025-06-07T08:00:00Z,2491.27000000,2523.61000000,2482.11000000,2519.75000000,85531.65760000
2025-06-07T16:00:00Z,2519.75000000,2544.36000000,2506.69000000,2524.63000000,79891.00330000
2025-06-08T00:00:00Z,2524.64000000,2525.92000000,2508.08000000,2514.45000000,57977.51580000
2025-06-08T08:00:00Z,2514.45000000,2527.35000000,2490.58000000,2514.44000000,97375.39790000
2025-06-08T16:00:00Z,2514.44000000,2548.63000000,2500.00000000,2509.83000000,111121.80020000
2025-06-09T00:00:00Z,2509.84000000,2511.79000000,2477.73000000,2491.77000000,102634.72410000
2025-06-09T08:00:00Z,2491.77000000,2548.90000000,2484.47000000,2534.11000000,190947.68770000
2025-06-09T16:00:00Z,2534.11000000,2693.99000000,2534.10000000,2680.13000000,275143.89070000
2025-06-10T00:00:00Z,2680.13000000,2726.78000000,2655.61000000,2677.35000000,300661.40000000
2025-06-10T08:00:00Z,2677.36000000,2798.76000000,2670.00000000,2732.95000000,494227.81150000
2025-06-10T16:00:00Z,2732.96000000,2827.00000000,2728.75000000,2816.40000000,343516.26600000
2025-06-11T00:00:00Z,2816.41000000,2834.86000000,2771.80000000,2791.59000000,165398.57800000
2025-06-11T08:00:00Z,2791.60000000,2879.22000000,2754.00000000,2865.21000000,380792.10680000
2025-06-11T16:00:00Z,2865.20000000,2875.72000000,2743.75000000,2771.61000000,304020.24760000
2025-06-12T00:00:00Z,2771.60000000,2784.83000000,2733.68000000,2741.00000000,173770.90420000
2025-06-12T08:00:00Z,2740.99000000,2773.21000000,2711.94000000,2719.79000000,235672.92660000
2025-06-12T16:00:00Z,2719.79000000,2771.00000000,2616.24000000,2642.65000000,290149.54490000
2025-06-13T00:00:00Z,2642.66000000,2645.45000000,2436.98000000,2526.45000000,744668.12070000
2025-06-13T08:00:00Z,2526.46000000,2563.24000000,2502.90000000,2551.27000000,282813.15240000
2025-06-13T16:00:00Z,2551.28000000,2585.20000000,2510.00000000,2579.19000000,174695.02410000
2025-06-14T00:00:00Z,2579.19000000,2579.43000000,2525.72000000,2537.50000000,101095.67580000
2025-06-14T08:00:00Z,2537.50000000,2546.19000000,2504.95000000,2519.42000000,97584.54510000
2025-06-14T16:00:00Z,2519.41000000,2540.19000000,2488.72000000,2530.76000000,132758.70690000
2025-06-15T00:00:00Z,2530.77000000,2553.08000000,2522.54000000,2528.61000000,72214.92830000
2025-06-15T08:00:00Z,2528.61000000,2554.96000000,2508.45000000,2541.81000000,104221.91110000
2025-06-15T16:00:00Z,2541.81000000,2559.51000000,2492.00000000,2547.61000000,123264.82300000
2025-06-16T00:00:00Z,2547.62000000,2638.50000000,2514.85000000,2628.68000000,213655.69560000
2025-06-16T08:00:00Z,2628.69000000,2657.90000000,2592.60000000,2632.25000000,198235.56710000
2025-06-16T16:00:00Z,2632.24000000,2680.34000000,2535.00000000,2544.17000000,268538.72530000
2025-06-17T00:00:00Z,2544.17000000,2618.60000000,2524.54000000,2582.26000000,206247.28250000
2025-06-17T08:00:00Z,2582.25000000,2585.47000000,2482.53000000,2499.00000000,257767.43100000
2025-06-17T16:00:00Z,2499.01000000,2543.75000000,2453.80000000,2509.95000000,251915.69460000
2025-06-18T00:00:00Z,2509.95000000,2546.91000000,2504.55000000,2533.55000000,96648.95250000
2025-06-18T08:00:00Z,2533.54000000,2548.42000000,2465.78000000,2508.96000000,217548.75880000
2025-06-18T16:00:00Z,2508.96000000,2537.48000000,2467.12000000,2525.00000000,190334.47050000
2025-06-19T00:00:00Z,2525.00000000,2546.91000000,2506.20000000,2518.99000000,75992.63790000
2025-06-19T08:00:00Z,2518.99000000,2544.81000000,2490.00000000,2492.97000000,97787.70760000
2025-06-19T16:00:00Z,2492.97000000,2532.00000000,2485.03000000,2521.12000000,78865.71350000
2025-06-20T00:00:00Z,2521.13000000,2550.44000000,2503.64000000,2549.64000000,82981.50630000
2025-06-20T08:00:00Z,2549.64000000,2569.00000000,2487.56000000,2493.78000000,188905.41300000
2025-06-20T16:00:00Z,2493.78000000,2496.20000000,2367.36000000,2406.49000000,360140.90420000
2025-06-21T00:00:00Z,2406.49000000,2432.11000000,2395.99000000,2426.85000000,61159.71410000
2025-06-21T08:00:00Z,2426.85000000,2448.80000000,2412.29000000,2423.59000000,101475.78000000
2025-06-21T16:00:00Z,2423.59000000,2428.23000000,2216.00000000,2295.73000000,334148.36990000
2025-06-22T00:00:00Z,2295.72000000,2314.48000000,2246.25000000,2270.68000000,223587.15580000
2025-06-22T08:00:00Z,2270.69000000,2287.00000000,2156.21000000,2174.91000000,364641.36330000
2025-06-22T16:00:00Z,2174.90000000,2237.23000000,2111.89000000,2227.70000000,251927.31040000
2025-06-23T00:00:00Z,2227.70000000,2275.67000000,2222.30000000,2258.88000000,139790.05280000
2025-06-23T08:00:00Z,2258.87000000,2313.53000000,2232.45000000,2248.54000000,185977.05240000
2025-06-23T16:00:00Z,2248.53000000,2438.68000000,2188.00000000,2411.66000000,418816.69510000
2025-06-24T00:00:00Z,2411.66000000,2434.82000000,2389.31000000,2393.31000000,159809.44030000
2025-06-24T08:00:00Z,2393.31000000,2454.73000000,2376.11000000,2438.10000000,216494.35010000
2025-06-24T16:00:00Z,2438.11000000,2482.04000000,2417.22000000,2448.45000000,140456.87170000
2025-06-25T00:00:00Z,2448.46000000,2468.69000000,2424.21000000,2444.54000000,87174.57550000
2025-06-25T08:00:00Z,2444.55000000,2448.47000000,2389.69000000,2405.68000000,224968.31640000
2025-06-25T16:00:00Z,2405.69000000,2454.98000000,2401.37000000,2418.49000000,102751.84680000
2025-06-26T00:00:00Z,2418.50000000,2520.92000000,2416.99000000,2489.89000000,188331.97820000
2025-06-26T08:00:00Z,2489.88000000,2500.40000000,2409.51000000,2433.03000000,176289.39130000
2025-06-26T16:00:00Z,2433.04000000,2457.32000000,2394.32000000,2415.96000000,99082.65660000
2025-06-27T00:00:00Z,2415.96000000,2459.53000000,2382.53000000,2442.31000000,150884.17070000
2025-06-27T08:00:00Z,2442.30000000,2463.54000000,2414.15000000,2438.25000000,133211.78460000
2025-06-27T16:00:00Z,2438.26000000,2449.44000000,2388.29000000,2423.17000000,97378.81070000
2025-06-28T00:00:00Z,2423.17000000,2433.86000000,2405.81000000,2431.76000000,48436.12460000
2025-06-28T08:00:00Z,2431.77000000,2443.00000000,2419.65000000,2436.09000000,59681.56630000
2025-06-28T16:00:00Z,2436.10000000,2447.80000000,2427.44000000,2435.62000000,47697.29500000
2025-06-29T00:00:00Z,2435.62000000,2442.77000000,2424.65000000,2440.50000000,35837.71140000
2025-06-29T08:00:00Z,2440.51000000,2463.88000000,2432.88000000,2436.68000000,93135.69560000
2025-06-29T16:00:00Z,2436.69000000,2525.00000000,2412.00000000,2500.09000000,155318.39870000
2025-06-30T00:00:00Z,2500.09000000,2524.30000000,2456.37000000,2480.59000000,145925.80400000
2025-06-30T08:00:00Z,2480.60000000,2488.00000000,2431.00000000,2474.78000000,154864.62520000
2025-06-30T16:00:00Z,2474.77000000,2522.17000000,2461.88000000,2485.47000000,139665.28480000
2025-07-01T00:00:00Z,2485.47000000,2500.80000000,2445.45000000,2465.03000000,92315.67680000
2025-07-01T08:00:00Z,2465.03000000,2465.04000000,2406.70000000,2423.54000000,155875.73160000
2025-07-01T16:00:00Z,2423.54000000,2434.00000000,2386.52000000,2405.01000000,103759.67840000
2025-07-02T00:00:00Z,2405.01000000,2454.70000000,2373.00000000,2447.03000000,105332.78160000
2025-07-02T08:00:00Z,2447.03000000,2502.85000000,2431.56000000,2498.81000000,151869.25370000
2025-07-02T16:00:00Z,2498.82000000,2619.28000000,2495.03000000,2570.41000000,377764.99840000
2025-07-03T00:00:00Z,2570.41000000,2605.74000000,2556.12000000,2600.18000000,132536.56750000
2025-07-03T08:00:00Z,2600.19000000,2635.50000000,2565.46000000,2570.52000000,274595.33380000
2025-07-03T16:00:00Z,2570.52000000,2603.60000000,2565.31000000,2591.25000000,97811.75790000
2025-07-04T00:00:00Z,2591.26000000,2603.17000000,2530.30000000,2534.90000000,117746.91950000
2025-07-04T08:00:00Z,2534.90000000,2558.66000000,2498.36000000,2500.52000000,164865.36080000
2025-07-04T16:00:00Z,2500.52000000,2520.85000000,2474.24000000,2508.04000000,169980.73970000
2025-07-05T00:00:00Z,2508.04000000,2529.81000000,2498.63000000,2521.31000000,44193.90070000
2025-07-05T08:00:00Z,2521.32000000,2526.45000000,2505.35000000,2507.67000000,53590.93900000
2025-07-05T16:00:00Z,2507.67000000,2522.52000000,2487.95000000,2516.41000000,59413.25610000
2025-07-06T00:00:00Z,2516.42000000,2526.66000000,2508.66000000,2517.85000000,39597.25590000
2025-07-06T08:00:00Z,2517.85000000,2570.00000000,2503.50000000,2558.72000000,105673.84430000
2025-07-06T16:00:00Z,2558.71000000,2605.00000000,2523.33000000,2570.35000000,132322.53170000
2025-07-07T00:00:00Z,2570.35000000,2590.57000000,2550.46000000,2578.34000000,75390.41750000
2025-07-07T08:00:00Z,2578.33000000,2588.42000000,2527.50000000,2533.81000000,130796.09040000
2025-07-07T16:00:00Z,2533.81000000,2557.49000000,2512.00000000,2542.29000000,109521.01930000
2025-07-08T00:00:00Z,2542.30000000,2563.80000000,2523.59000000,2553.42000000,86798.49720000
2025-07-08T08:00:00Z,2553.42000000,2600.62000000,2543.33000000,2564.68000000,124926.77360000
2025-07-08T16:00:00Z,2564.68000000,2628.21000000,2559.68000000,2615.25000000,159190.46130000
2025-07-09T00:00:00Z,2615.25000000,2647.00000000,2589.78000000,2624.86000000,101786.24860000
2025-07-09T08:00:00Z,2624.86000000,2674.81000000,2604.37000000,2656.83000000,222961.91240000
2025-07-09T16:00:00Z,2656.84000000,2795.74000000,2652.41000000,2768.74000000,361371.21620000
2025-07-10T00:00:00Z,2768.74000000,2823.18000000,2755.50000000,2791.09000000,237082.50300000
2025-07-10T08:00:00Z,2791.08000000,2797.00000000,2758.78000000,2769.32000000,185117.98660000
2025-07-10T16:00:00Z,2769.32000000,3000.00000000,2769.03000000,2951.29000000,529695.58040000
2025-07-11T00:00:00Z,2951.29000000,3029.55000000,2913.75000000,2968.49000000,335415.27850000
2025-07-11T08:00:00Z,2968.81000000,3040.15000000,2939.36000000,2951.09000000,359548.23300000
2025-07-11T16:00:00Z,2951.09000000,3010.39000000,2923.32000000,2958.22000000,211875.65740000
2025-07-12T00:00:00Z,2958.21000000,2977.94000000,2932.00000000,2962.85000000,102508.64950000
2025-07-12T08:00:00Z,2962.84000000,2979.78000000,2903.85000000,2916.05000000,162081.01660000
2025-07-12T16:00:00Z,2916.05000000,2948.00000000,2910.49000000,2943.28000000,84295.22160000
2025-07-13T00:00:00Z,2943.29000000,2967.97000000,2936.49000000,2962.94000000,61732.97030000
2025-07-13T08:00:00Z,2962.95000000,3020.31000000,2944.49000000,2992.43000000,163392.15730000
2025-07-13T16:00:00Z,2992.43000000,3010.65000000,2940.24000000,2972.03000000,132208.37400000
2025-07-14T00:00:00Z,2972.03000000,3065.57000000,2962.81000000,3045.02000000,301398.58750000
2025-07-14T08:00:00Z,3045.02000000,3083.00000000,2993.20000000,3012.49000000,326938.97880000
2025-07-14T16:00:00Z,3012.48000000,3029.96000000,2980.97000000,3013.62000000,187215.08330000
2025-07-15T00:00:00Z,3013.61000000,3023.20000000,2932.46000000,2977.49000000,235259.28480000
2025-07-15T08:00:00Z,2977.50000000,3067.43000000,2958.84000000,3039.93000000,304205.99660000
2025-07-15T16:00:00Z,3039.94000000,3144.14000000,3029.63000000,3137.89000000,324118.45630000
2025-07-16T00:00:00Z,3137.90000000,3175.00000000,3101.00000000,3162.45000000,217114.71320000
2025-07-16T08:00:00Z,3162.44000000,3265.44000000,3143.81000000,3244.49000000,375963.74200000
2025-07-16T16:00:00Z,3244.48000000,3425.00000000,3235.00000000,3371.35000000,542872.12790000
2025-07-17T00:00:00Z,3371.35000000,3468.00000000,3310.77000000,3447.90000000,296363.25850000
2025-07-17T08:00:00Z,3447.90000000,3480.19000000,3361.20000000,3420.49000000,344242.05170000
2025-07-17T16:00:00Z,3420.49000000,3523.44000000,3364.43000000,3476.87000000,333460.51620000
2025-07-18T00:00:00Z,3476.88000000,3673.84000000,3458.68000000,3604.10000000,489878.10640000
2025-07-18T08:00:00Z,3604.10000000,3671.50000000,3530.00000000,3563.68000000,428701.67990000
2025-07-18T16:00:00Z,3563.68000000,3624.80000000,3477.58000000,3546.92000000,245243.61140000
2025-07-19T00:00:00Z,3546.92000000,3608.30000000,3506.79000000,3571.47000000,132379.01410000
2025-07-19T08:00:00Z,3571.46000000,3578.38000000,3526.44000000,3552.00000000,134317.40250000
2025-07-19T16:00:00Z,3552.00000000,3598.31000000,3532.78000000,3592.01000000,115095.50470000
2025-07-20T00:00:00Z,3592.00000000,3694.99000000,3579.13000000,3668.49000000,203823.49430000
2025-07-20T08:00:00Z,3668.50000000,3790.00000000,3668.50000000,3786.05000000,329595.36700000
2025-07-20T16:00:00Z,3786.06000000,3824.56000000,3681.60000000,3756.69000000,318937.69200000
2025-07-21T00:00:00Z,3756.69000000,3812.49000000,3701.01000000,3787.69000000,214667.93050000
2025-07-21T08:00:00Z,3787.70000000,3860.00000000,3755.32000000,3810.37000000,317812.24860000
2025-07-21T16:00:00Z,3810.37000000,3817.28000000,3719.00000000,3762.33000000,279593.87430000
2025-07-22T00:00:00Z,3762.32000000,3798.65000000,3646.00000000,3676.91000000,312118.78100000
2025-07-22T08:00:00Z,3676.91000000,3728.53000000,3616.54000000,3718.11000000,365907.65470000
2025-07-22T16:00:00Z,3718.11000000,3751.00000000,3655.19000000,3746.21000000,192100.95070000
2025-07-23T00:00:00Z,3746.21000000,3764.20000000,3663.91000000,3673.33000000,169831.06440000
2025-07-23T08:00:00Z,3673.33000000,3698.00000000,3573.47000000,3644.22000000,353277.52770000
2025-07-23T16:00:00Z,3644.21000000,3644.21000000,3527.00000000,3628.29000000,277150.81040000
2025-07-24T00:00:00Z,3628.29000000,3665.31000000,3502.85000000,3591.90000000,215704.38280000
2025-07-24T08:00:00Z,3591.90000000,3771.00000000,3580.79000000,3730.76000000,327519.77480000
2025-07-24T16:00:00Z,3730.77000000,3754.17000000,3666.74000000,3706.94000000,206235.33740000
2025-07-25T00:00:00Z,3706.95000000,3708.21000000,3573.76000000,3631.67000000,313425.95930000
2025-07-25T08:00:00Z,3631.67000000,3747.00000000,3601.56000000,3634.20000000,305675.75880000
2025-07-25T16:00:00Z,3634.21000000,3730.00000000,3615.00000000,3724.96000000,145505.00800000
2025-07-26T00:00:00Z,3724.97000000,3767.13000000,3697.66000000,3742.21000000,118476.49000000
2025-07-26T08:00:00Z,3742.20000000,3782.83000000,3715.58000000,3735.72000000,175135.25670000
2025-07-26T16:00:00Z,3735.72000000,3793.00000000,3709.39000000,3741.10000000,113647.95570000
2025-07-27T00:00:00Z,3741.11000000,3811.00000000,3731.00000000,3768.01000000,101474.26320000
2025-07-27T08:00:00Z,3768.00000000,3842.95000000,3751.00000000,3818.53000000,181207.30240000
2025-07-27T16:00:00Z,3818.53000000,3879.82000000,3809.01000000,3872.10000000,174670.89490000
2025-07-28T00:00:00Z,3872.11000000,3941.00000000,3843.00000000,3893.00000000,217816.55430000
2025-07-28T08:00:00Z,3893.01000000,3901.94000000,3773.33000000,3808.11000000,237292.86820000
2025-07-28T16:00:00Z,3808.11000000,3822.80000000,3754.00000000,3799.00000000,165885.32380000
2025-07-29T00:00:00Z,3799.00000000,3880.00000000,3731.21000000,3877.36000000,183795.67060000
2025-07-29T08:00:00Z,3877.36000000,3886.44000000,3747.00000000,3761.57000000,223871.29060000
2025-07-29T16:00:00Z,3761.56000000,3801.77000000,3716.04000000,3793.79000000,176543.47810000
2025-07-30T00:00:00Z,3793.79000000,3834.03000000,3756.00000000,3811.44000000,117524.86160000
2025-07-30T08:00:00Z,3811.44000000,3832.00000000,3744.16000000,3797.25000000,164745.32330000
2025-07-30T16:00:00Z,3797.25000000,3822.00000000,3677.65000000,3810.00000000,243154.71540000
2025-07-31T00:00:00Z,3810.00000000,3878.67000000,3801.53000000,3863.81000000,157471.23030000
2025-07-31T08:00:00Z,3863.81000000,3873.28000000,3762.27000000,3788.38000000,164930.07710000
2025-07-31T16:00:00Z,3788.39000000,3819.00000000,3684.33000000,3698.39000000,193687.14290000
2025-08-01T00:00:00Z,3698.39000000,3724.02000000,3616.66000000,3650.74000000,249475.96970000
2025-08-01T08:00:00Z,3650.73000000,3675.85000000,3565.00000000,3616.10000000,259465.94340000
2025-08-01T16:00:00Z,3616.10000000,3634.00000000,3431.75000000,3488.20000000,274927.23860000
2025-08-02T00:00:00Z,3488.21000000,3537.69000000,3455.00000000,3519.16000000,155278.45660000
2025-08-02T08:00:00Z,3519.17000000,3524.25000000,3451.43000000,3459.33000000,114000.50160000
2025-08-02T16:00:00Z,3459.33000000,3481.64000000,3368.29000000,3393.94000000,224916.75120000
2025-08-03T00:00:00Z,3393.94000000,3459.62000000,3354.28000000,3456.25000000,103340.56880000
2025-08-03T08:00:00Z,3456.24000000,3516.31000000,3454.11000000,3476.49000000,109285.17540000
2025-08-03T16:00:00Z,3476.49000000,3521.79000000,3467.85000000,3496.74000000,83721.93160000
2025-08-04T00:00:00Z,3496.75000000,3576.07000000,3490.73000000,3551.99000000,123239.53570000
2025-08-04T08:00:00Z,3552.00000000,3665.60000000,3542.25000000,3648.89000000,181029.85560000
2025-08-04T16:00:00Z,3648.89000000,3736.73000000,3648.85000000,3720.99000000,159080.59480000
2025-08-05T00:00:00Z,3720.99000000,3722.24000000,3601.53000000,3613.49000000,145973.17850000
2025-08-05T08:00:00Z,3613.49000000,3694.06000000,3555.00000000,3570.43000000,233073.85620000
2025-08-05T16:00:00Z,3570.43000000,3624.56000000,3546.00000000,3612.00000000,110023.92420000
2025-08-06T00:00:00Z,3612.01000000,3662.00000000,3564.19000000,3639.82000000,112392.88430000
2025-08-06T08:00:00Z,3639.81000000,3669.38000000,3574.05000000,3664.69000000,150775.50030000
2025-08-06T16:00:00Z,3664.70000000,3698.60000000,3638.56000000,3683.31000000,102141.53590000
2025-08-07T00:00:00Z,3683.31000000,3716.61000000,3647.63000000,3702.40000000,102479.01160000
2025-08-07T08:00:00Z,3702.41000000,3865.64000000,3702.41000000,3837.01000000,334923.30460000
2025-08-07T16:00:00Z,3837.01000000,3927.77000000,3780.54000000,3910.31000000,194276.67100000
2025-08-08T00:00:00Z,3910.30000000,3969.06000000,3880.00000000,3915.97000000,197440.41800000
2025-08-08T08:00:00Z,3915.98000000,4012.00000000,3884.44000000,3954.56000000,305649.25180000
2025-08-08T16:00:00Z,3954.56000000,4071.00000000,3950.00000000,4009.50000000,220210.34110000
2025-08-09T00:00:00Z,4009.51000000,4200.00000000,4006.63000000,4170.64000000,264323.07710000
2025-08-09T08:00:00Z,4170.64000000,4246.65000000,4153.17000000,4209.57000000,231919.48820000
2025-08-09T16:00:00Z,4209.57000000,4326.20000000,4192.80000000,4260.62000000,195689.53950000
2025-08-10T00:00:00Z,4260.63000000,4332.60000000,4176.00000000,4185.12000000,226287.66350000
2025-08-10T08:00:00Z,4185.12000000,4237.43000000,4153.07000000,4217.94000000,164558.02500000
2025-08-10T16:00:00Z,4217.94000000,4259.36000000,4186.16000000,4250.57000000,103998.12200000
2025-08-11T00:00:00Z,4250.58000000,4349.81000000,4238.52000000,4273.69000000,227121.25500000
2025-08-11T08:00:00Z,4273.69000000,4332.17000000,4166.77000000,4329.74000000,286064.70020000
2025-08-11T16:00:00Z,4329.74000000,4366.46000000,4190.00000000,4223.22000000,209478.08480000
2025-08-12T00:00:00Z,4223.22000000,4321.67000000,4219.04000000,4315.57000000,149697.06650000
2025-08-12T08:00:00Z,4315.57000000,4480.66000000,4256.92000000,4472.62000000,394131.93410000
2025-08-12T16:00:00Z,4472.62000000,4639.70000000,4440.38000000,4590.52000000,341459.06460000
2025-08-13T00:00:00Z,4590.52000000,4683.00000000,4564.33000000,4625.59000000,240237.03320000
2025-08-13T08:00:00Z,4625.60000000,4736.82000000,4609.04000000,4664.38000000,366853.16620000
2025-08-13T16:00:00Z,4664.38000000,4783.85000000,4661.09000000,4749.30000000,318841.29940000
2025-08-14T00:00:00Z,4749.31000000,4788.00000000,4708.35000000,4748.37000000,237087.57710000
2025-08-14T08:00:00Z,4748.37000000,4766.66000000,4451.33000000,4618.87000000,706739.03580000
2025-08-14T16:00:00Z,4618.87000000,4623.62000000,4453.13000000,4546.84000000,321622.43240000
2025-08-15T00:00:00Z,4546.84000000,4662.60000000,4537.32000000,4640.16000000,198745.45770000
2025-08-15T08:00:00Z,4640.15000000,4672.67000000,4395.47000000,4430.86000000,371089.32420000
2025-08-15T16:00:00Z,4430.87000000,4490.73000000,4368.00000000,4439.47000000,310574.47720000
2025-08-16T00:00:00Z,4439.47000000,4490.42000000,4407.69000000,4451.83000000,138667.27120000
2025-08-16T08:00:00Z,4451.84000000,4459.12000000,4372.54000000,4400.42000000,151929.57730000
2025-08-16T16:00:00Z,4400.41000000,4440.51000000,4390.58000000,4421.99000000,68079.73990000
2025-08-17T00:00:00Z,4422.00000000,4491.00000000,4393.98000000,4467.12000000,128518.70200000
2025-08-17T08:00:00Z,4467.12000000,4576.00000000,4458.64000000,4561.99000000,154901.57590000
2025-08-17T16:00:00Z,4561.99000000,4566.17000000,4427.44000000,4472.33000000,159041.10500000
2025-08-18T00:00:00Z,4472.34000000,4481.88000000,4230.74000000,4257.47000000,381091.47860000
2025-08-18T08:00:00Z,4257.47000000,4370.26000000,4225.86000000,4345.52000000,278359.47440000
2025-08-18T16:00:00Z,4345.52000000,4388.65000000,4299.44000000,4312.99000000,163737.17390000
2025-08-19T00:00:00Z,4312.99000000,4355.00000000,4193.77000000,4234.36000000,222727.71780000
2025-08-19T08:00:00Z,4234.35000000,4340.15000000,4169.42000000,4192.14000000,309930.73700000
2025-08-19T16:00:00Z,4192.14000000,4206.33000000,4067.34000000,4075.59000000,298564.34030000
2025-08-20T00:00:00Z,4075.58000000,4211.74000000,4060.00000000,4185.22000000,190204.60000000
2025-08-20T08:00:00Z,4185.22000000,4308.49000000,4106.37000000,4255.90000000,310933.34800000
2025-08-20T16:00:00Z,4255.68000000,4378.00000000,4254.72000000,4336.16000000,227186.94530000
2025-08-21T00:00:00Z,4336.16000000,4340.26000000,4270.89000000,4310.76000000,128725.95400000
2025-08-21T08:00:00Z,4310.79000000,4328.37000000,4226.98000000,4242.66000000,190904.15700000
2025-08-21T16:00:00Z,4242.66000000,4274.38000000,4204.20000000,4225.30000000,114206.28820000
2025-08-22T00:00:00Z,4225.30000000,4345.38000000,4222.25000000,4328.14000000,162004.21040000
2025-08-22T08:00:00Z,4328.13000000,4668.18000000,4207.39000000,4616.08000000,607464.67430000
2025-08-22T16:00:00Z,4616.09000000,4887.59000000,4616.09000000,4832.07000000,508507.75056000
2025-08-23T00:00:00Z,4832.07000000,4832.07000000,4659.70000000,4713.88000000,286042.54650000
2025-08-23T08:00:00Z,4713.89000000,4768.90000000,4690.72000000,4751.00000000,149131.09590000
2025-08-23T16:00:00Z,4750.99000000,4797.34000000,4727.80000000,4778.40000000,77268.44640000
2025-08-24T00:00:00Z,4778.40000000,4817.40000000,4753.42000000,4758.70000000,118961.48820000
2025-08-24T08:00:00Z,4758.70000000,4829.74000000,4720.00000000,4798.32000000,182256.87430000
2025-08-24T16:00:00Z,4798.31000000,4956.78000000,4711.00000000,4780.15000000,479450.41592000
2025-08-25T00:00:00Z,4780.15000000,4797.97000000,4581.55000000,4591.36000000,273600.93060000
2025-08-25T08:00:00Z,4591.37000000,4690.02000000,4519.96000000,4612.57000000,373853.08610000
2025-08-25T16:00:00Z,4612.58000000,4645.54000000,4334.13000000,4376.18000000,396463.14920000
2025-08-26T00:00:00Z,4376.17000000,4454.00000000,4311.04000000,4429.70000000,266027.50140000
2025-08-26T08:00:00Z,4429.70000000,4579.00000000,4405.09000000,4519.02000000,308859.83130000
2025-08-26T16:00:00Z,4519.03000000,4633.46000000,4498.58000000,4600.63000000,259862.94400000
2025-08-27T00:00:00Z,4600.63000000,4645.93000000,4538.69000000,4580.45000000,204609.49950000
2025-08-27T08:00:00Z,4580.46000000,4663.93000000,4550.01000000,4657.57000000,204527.56350000
2025-08-27T16:00:00Z,4657.58000000,4658.00000000,4481.53000000,4506.71000000,197532.29810000
2025-08-28T00:00:00Z,4506.71000000,4600.85000000,4467.63000000,4596.82000000,127238.74250000
2025-08-28T08:00:00Z,4596.82000000,4633.97000000,4485.00000000,4504.01000000,212859.99540000
2025-08-28T16:00:00Z,4504.01000000,4530.50000000,4430.00000000,4511.21000000,145144.66480000
2025-08-29T00:00:00Z,4511.20000000,4516.75000000,4367.50000000,4381.03000000,188426.03870000
2025-08-29T08:00:00Z,4381.03000000,4454.40000000,4265.00000000,4316.09000000,351247.58960000
2025-08-29T16:00:00Z,4316.10000000,4379.55000000,4296.13000000,4360.18000000,139390.24940000
2025-08-30T00:00:00Z,4360.18000000,4415.61000000,4257.20000000,4402.39000000,199732.85330000
2025-08-30T08:00:00Z,4402.39000000,4408.07000000,4332.15000000,4376.35000000,94230.63810000
2025-08-30T16:00:00Z,4376.24000000,4378.66000000,4334.40000000,4373.70000000,46355.69120000
2025-08-31T00:00:00Z,4373.70000000,4491.46000000,4372.63000000,4450.84000000,132976.19530000
2025-08-31T08:00:00Z,4450.84000000,4498.47000000,4440.47000000,4485.27000000,138912.30440000
2025-08-31T16:00:00Z,4485.28000000,4490.87000000,4378.43000000,4391.83000000,84697.68640000
2025-09-01T00:00:00Z,4391.83000000,4464.00000000,4358.67000000,4463.29000000,180152.50750000
2025-09-01T08:00:00Z,4463.29000000,4491.84000000,4346.19000000,4362.01000000,146638.39410000
2025-09-01T16:00:00Z,4362.01000000,4371.54000000,4210.61000000,4314.50000000,187039.13790000
2025-09-02T00:00:00Z,4314.50000000,4416.78000000,4290.98000000,4377.53000000,144261.67550000
2025-09-02T08:00:00Z,4377.53000000,4408.00000000,4271.31000000,4295.66000000,241351.80530000
2025-09-02T16:00:00Z,4295.65000000,4337.40000000,4257.85000000,4326.50000000,138991.57040000
2025-09-03T00:00:00Z,4326.49000000,4355.37000000,4283.23000000,4310.21000000,105167.66960000
2025-09-03T08:00:00Z,4310.20000000,4486.98000000,4300.01000000,4480.03000000,233609.11410000
2025-09-03T16:00:00Z,4480.02000000,4490.64000000,4436.60000000,4450.46000000,148314.90240000
2025-09-04T00:00:00Z,4450.46000000,4482.05000000,4355.29000000,4371.04000000,170307.65710000
2025-09-04T08:00:00Z,4371.05000000,4433.85000000,4293.06000000,4305.33000000,195969.84740000
2025-09-04T16:00:00Z,4305.32000000,4353.33000000,4265.33000000,4297.55000000,105518.20510000
2025-09-05T00:00:00Z,4297.56000000,4428.67000000,4291.02000000,4417.29000000,118677.51090000
2025-09-05T08:00:00Z,4417.29000000,4490.00000000,4256.03000000,4283.39000000,400539.25240000
2025-09-05T16:00:00Z,4283.40000000,4343.03000000,4272.35000000,4307.45000000,104953.11210000
2025-09-06T00:00:00Z,4307.46000000,4329.30000000,4290.71000000,4312.26000000,39246.92400000
2025-09-06T08:00:00Z,4312.27000000,4315.05000000,4263.19000000,4270.24000000,62559.15480000
2025-09-06T16:00:00Z,4270.23000000,4304.25000000,4236.00000000,4273.14000000,89359.98980000
2025-09-07T00:00:00Z,4273.15000000,4307.20000000,4270.81000000,4294.56000000,41927.12680000
2025-09-07T08:00:00Z,4294.57000000,4315.35000000,4288.95000000,4299.38000000,68604.52360000
2025-09-07T16:00:00Z,4299.39000000,4336.02000000,4270.81000000,4306.19000000,59089.18680000
2025-09-08T00:00:00Z,4306.19000000,4330.97000000,4279.00000000,4291.78000000,83529.12740000
2025-09-08T08:00:00Z,4291.78000000,4384.06000000,4288.30000000,4371.64000000,187099.58260000
2025-09-08T16:00:00Z,4371.64000000,4373.43000000,4281.80000000,4306.37000000,102253.72550000
2025-09-09T00:00:00Z,4306.36000000,4381.87000000,4276.76000000,4361.53000000,136027.23550000
2025-09-09T08:00:00Z,4361.53000000,4367.44000000,4277.06000000,4284.94000000,198538.42680000
2025-09-09T16:00:00Z,4284.94000000,4319.67000000,4278.13000000,4310.09000000,70920.11980000
2025-09-10T00:00:00Z,4310.08000000,4333.28000000,4285.10000000,4329.82000000,94897.44400000
2025-09-10T08:00:00Z,4329.83000000,4453.57000000,4309.50000000,4404.90000000,264656.46710000
2025-09-10T16:00:00Z,4404.90000000,4409.31000000,4300.59000000,4349.32000000,147079.99870000
2025-09-11T00:00:00Z,4349.33000000,4450.00000000,4338.82000000,4440.41000000,129293.21510000
2025-09-11T08:00:00Z,4440.40000000,4481.09000000,4350.01000000,4412.52000000,230426.17130000
2025-09-11T16:00:00Z,4412.52000000,4469.00000000,4407.40000000,4458.82000000,81540.27850000
2025-09-12T00:00:00Z,4458.83000000,4563.00000000,4450.71000000,4525.81000000,174467.54170000
2025-09-12T08:00:00Z,4525.81000000,4571.24000000,4504.11000000,4541.98000000,119198.51320000
2025-09-12T16:00:00Z,4541.99000000,4748.40000000,4533.69000000,4712.16000000,217111.48530000
2025-09-13T00:00:00Z,4712.16000000,4769.36000000,4691.85000000,4711.70000000,153778.45990000
2025-09-13T08:00:00Z,4711.70000000,4738.58000000,4645.00000000,4653.92000000,135772.89500000
2025-09-13T16:00:00Z,4653.92000000,4672.94000000,4605.00000000,4666.53000000,104842.33200000
2025-09-14T00:00:00Z,4666.54000000,4692.36000000,4634.00000000,4650.58000000,63659.12180000
2025-09-14T08:00:00Z,4650.58000000,4674.38000000,4576.89000000,4582.22000000,152223.22880000
2025-09-14T16:00:00Z,4582.23000000,4636.51000000,4579.36000000,4604.49000000,62361.96990000
2025-09-15T00:00:00Z,4604.48000000,4670.28000000,4580.10000000,4597.37000000,114436.26700000
2025-09-15T08:00:00Z,4597.37000000,4597.37000000,4466.00000000,4500.01000000,225037.04660000
2025-09-15T16:00:00Z,4500.01000000,4529.99000000,4474.04000000,4523.74000000,72818.65510000
2025-09-16T00:00:00Z,4523.74000000,4538.25000000,4487.53000000,4512.86000000,59982.31590000
2025-09-16T08:00:00Z,4512.87000000,4531.35000000,4424.00000000,4468.20000000,139416.35280000
2025-09-16T16:00:00Z,4468.19000000,4525.40000000,4447.03000000,4501.29000000,93908.44120000
2025-09-17T00:00:00Z,4501.30000000,4557.67000000,4464.00000000,4544.07000000,113953.26890000
2025-09-17T08:00:00Z,4544.07000000,4545.81000000,4467.36000000,4489.54000000,79128.50920000
2025-09-17T16:00:00Z,4489.53000000,4616.77000000,4412.00000000,4590.53000000,283899.67800000
2025-09-18T00:00:00Z,4590.54000000,4644.47000000,4553.70000000,4574.75000000,112389.20060000
2025-09-18T08:00:00Z,4574.75000000,4625.00000000,4558.15000000,4599.34000000,98599.44970000
2025-09-18T16:00:00Z,4599.35000000,4636.22000000,4570.61000000,4587.66000000,79671.72670000
2025-09-19T00:00:00Z,4587.66000000,4620.72000000,4518.33000000,4539.06000000,95432.35000000
2025-09-19T08:00:00Z,4539.06000000,4549.00000000,4445.64000000,4474.93000000,156224.08800000
2025-09-19T16:00:00Z,4474.93000000,4489.21000000,4435.70000000,4468.59000000,79954.71020000
2025-09-20T00:00:00Z,4468.59000000,4484.81000000,4454.45000000,4483.22000000,34039.19840000
2025-09-20T08:00:00Z,4483.21000000,4507.19000000,4456.43000000,4498.20000000,46749.39500000
2025-09-20T16:00:00Z,4498.21000000,4508.71000000,4470.00000000,4480.42000000,49993.31960000
2025-09-21T00:00:00Z,4480.41000000,4492.24000000,4458.00000000,4477.78000000,40685.34650000
2025-09-21T08:00:00Z,4477.78000000,4486.40000000,4444.34000000,4482.80000000,45760.32440000
2025-09-21T16:00:00Z,4482.80000000,4498.16000000,4443.00000000,4444.97000000,62904.15530000
2025-09-22T00:00:00Z,4444.98000000,4455.76000000,4077.00000000,4193.38000000,413918.36480000
2025-09-22T08:00:00Z,4193.38000000,4219.34000000,4136.47000000,4167.88000000,194138.36250000
2025-09-22T16:00:00Z,4167.88000000,4207.91000000,4122.00000000,4199.08000000,100186.50750000
2025-09-23T00:00:00Z,4199.09000000,4215.78000000,4114.39000000,4205.24000000,112627.76030000
2025-09-23T08:00:00Z,4205.23000000,4229.03000000,4161.87000000,4181.01000000,116992.62530000
2025-09-23T16:00:00Z,4181.01000000,4207.00000000,4137.70000000,4164.26000000,85607.52010000
2025-09-24T00:00:00Z,4164.25000000,4194.37000000,4073.74000000,4175.08000000,152439.50480000
2025-09-24T08:00:00Z,4175.08000000,4206.90000000,4145.96000000,4166.18000000,116777.64260000
2025-09-24T16:00:00Z,4166.17000000,4194.42000000,4131.20000000,4152.81000000,84448.41970000
2025-09-25T00:00:00Z,4152.81000000,4161.04000000,3966.00000000,4009.18000000,308736.39310000
2025-09-25T08:00:00Z,4009.17000000,4052.81000000,3924.12000000,4003.26000000,306500.68970000
2025-09-25T16:00:00Z,4003.27000000,4006.77000000,3815.00000000,3874.36000000,315090.61230000
2025-09-26T00:00:00Z,3874.35000000,3976.98000000,3867.65000000,3938.11000000,213349.50940000
2025-09-26T08:00:00Z,3938.11000000,3985.41000000,3873.00000000,3946.00000000,204328.06230000
2025-09-26T16:00:00Z,3945.98000000,4068.30000000,3942.94000000,4032.24000000,158033.51420000
2025-09-27T00:00:00Z,4032.24000000,4032.44000000,4005.74000000,4007.93000000,44461.83220000
2025-09-27T08:00:00Z,4007.92000000,4039.01000000,3972.98000000,4018.92000000,74190.11240000
2025-09-27T16:00:00Z,4018.92000000,4033.23000000,3980.98000000,4018.38000000,54041.31920000
2025-09-28T00:00:00Z,4018.39000000,4031.75000000,3994.27000000,4014.32000000,38514.00500000
2025-09-28T08:00:00Z,4014.32000000,4029.48000000,3966.00000000,4021.69000000,71706.22200000
2025-09-28T16:00:00Z,4021.68000000,4144.88000000,4021.68000000,4142.16000000,130111.63190000
2025-09-29T00:00:00Z,4142.16000000,4146.38000000,4088.15000000,4108.25000000,78535.50710000
2025-09-29T08:00:00Z,4108.26000000,4205.59000000,4082.25000000,4164.80000000,183207.06430000
2025-09-29T16:00:00Z,4164.81000000,4235.86000000,4128.53000000,4215.07000000,118986.10700000
2025-09-30T00:00:00Z,4215.07000000,4245.00000000,4169.38000000,4182.13000000,110592.07490000
2025-09-30T08:00:00Z,4182.12000000,4183.21000000,4094.59000000,4119.87000000,130645.18450000
2025-09-30T16:00:00Z,4119.88000000,4201.52000000,4092.10000000,4145.15000000,149889.35780000
2025-10-01T00:00:00Z,4145.15000000,4174.63000000,4123.08000000,4145.80000000,89153.73160000
2025-10-01T08:00:00Z,4145.80000000,4344.00000000,4142.92000000,4327.23000000,272833.21450000
2025-10-01T16:00:00Z,4327.24000000,4355.46000000,4287.50000000,4348.03000000,145039.43610000
2025-10-02T00:00:00Z,4348.03000000,4423.35000000,4332.73000000,4375.78000000,200573.11510000
2025-10-02T08:00:00Z,4375.77000000,4443.00000000,4335.74000000,4437.09000000,167533.60330000
2025-10-02T16:00:00Z,4437.10000000,4516.74000000,4426.12000000,4484.35000000,158304.43870000
2025-10-03T00:00:00Z,4484.35000000,4560.00000000,4454.00000000,4462.33000000,131723.48360000
2025-10-03T08:00:00Z,4462.32000000,4541.66000000,4428.00000000,4534.75000000,154466.01940000
2025-10-03T16:00:00Z,4534.75000000,4591.59000000,4450.62000000,4512.87000000,199494.52370000
2025-10-04T00:00:00Z,4512.88000000,4517.93000000,4463.17000000,4498.29000000,71249.25330000
2025-10-04T08:00:00Z,4498.28000000,4511.71000000,4441.34000000,4455.05000000,76023.79190000
2025-10-04T16:00:00Z,4455.08000000,4494.50000000,4440.00000000,4487.15000000,52459.66360000
2025-10-05T00:00:00Z,4487.16000000,4615.00000000,4467.05000000,4605.97000000,232499.39730000
2025-10-05T08:00:00Z,4605.98000000,4618.17000000,4523.45000000,4532.00000000,191635.91880000
2025-10-05T16:00:00Z,4532.00000000,4540.71000000,4474.00000000,4514.32000000,82452.64530000
2025-10-06T00:00:00Z,4514.32000000,4577.80000000,4488.25000000,4533.19000000,119606.17730000
2025-10-06T08:00:00Z,4533.20000000,4693.80000000,4533.20000000,4673.39000000,198555.34640000
2025-10-06T16:00:00Z,4673.39000000,4735.93000000,4659.99000000,4684.01000000,138039.12910000
2025-10-07T00:00:00Z,4684.02000000,4730.94000000,4663.71000000,4678.19000000,113741.46570000
2025-10-07T08:00:00Z,4678.20000000,4755.00000000,4477.43000000,4511.99000000,341753.18820000
2025-10-07T16:00:00Z,4511.99000000,4524.00000000,4430.43000000,4447.70000000,185191.27800000
2025-10-08T00:00:00Z,4447.70000000,4498.22000000,4410.08000000,4463.48000000,132068.47900000
2025-10-08T08:00:00Z,4463.48000000,4522.60000000,4437.08000000,4447.14000000,148305.05450000
2025-10-08T16:00:00Z,4447.15000000,4558.00000000,4439.00000000,4525.72000000,119530.79520000
2025-10-09T00:00:00Z,4525.72000000,4531.52000000,4398.17000000,4426.60000000,148472.50840000
2025-10-09T08:00:00Z,4426.60000000,4426.69000000,4291.82000000,4314.79000000,255245.35880000
2025-10-09T16:00:00Z,4314.78000000,4383.00000000,4265.06000000,4368.09000000,112260.31570000
2025-10-10T00:00:00Z,4368.09000000,4393.63000000,4315.23000000,4323.39000000,104833.20070000
2025-10-10T08:00:00Z,4323.40000000,4390.46000000,4073.55000000,4103.11000000,323944.94320000
2025-10-10T16:00:00Z,4103.10000000,4380.00000000,3435.00000000,3829.72000000,1065192.88050000
2025-10-11T00:00:00Z,3829.72000000,3878.30000000,3726.16000000,3758.81000000,395670.92490000
2025-10-11T08:00:00Z,3758.82000000,3857.24000000,3749.13000000,3825.13000000,216684.85890000
2025-10-11T16:00:00Z,3825.14000000,3848.00000000,3643.33000000,3746.79000000,177529.87440000
2025-10-12T00:00:00Z,3746.80000000,3844.50000000,3694.74000000,3827.99000000,187577.69810000
2025-10-12T08:00:00Z,3827.98000000,4080.00000000,3793.56000000,4034.59000000,331351.05720000
2025-10-12T16:00:00Z,4034.59000000,4197.70000000,4034.58000000,4152.29000000,292379.39670000
2025-10-13T00:00:00Z,4152.29000000,4220.89000000,4116.07000000,4178.30000000,184913.47250000
2025-10-13T08:00:00Z,4178.29000000,4195.52000000,4042.29000000,4135.00000000,268769.69160000
2025-10-13T16:00:00Z,4135.01000000,4292.00000000,4129.14000000,4240.85000000,169130.76060000
2025-10-14T00:00:00Z,4240.86000000,4263.38000000,3965.56000000,3981.19000000,267334.68830000
2025-10-14T08:00:00Z,3981.19000000,4088.79000000,3888.74000000,4085.40000000,415276.76540000
2025-10-14T16:00:00Z,4085.41000000,4164.62000000,4048.49000000,4125.02000000,280385.31210000
2025-10-15T00:00:00Z,4125.01000000,4145.73000000,4060.11000000,4122.04000000,181836.75620000
2025-10-15T08:00:00Z,4122.03000000,4217.60000000,3959.33000000,3980.97000000,275451.01760000
2025-10-15T16:00:00Z,3980.98000000,4013.17000000,3926.74000000,3985.61000000,168793.92280000
2025-10-16T00:00:00Z,3985.61000000,4049.88000000,3976.07000000,4004.30000000,138286.72680000
2025-10-16T08:00:00Z,4004.31000000,4086.49000000,3892.00000000,3907.18000000,263497.78680000
2025-10-16T16:00:00Z,3907.17000000,3967.60000000,3826.04000000,3894.51000000,242020.10270000
2025-10-17T00:00:00Z,3894.50000000,3950.45000000,3752.89000000,3756.49000000,222372.21430000
2025-10-17T08:00:00Z,3756.49000000,3817.70000000,3674.50000000,3797.75000000,455533.66390000
2025-10-17T16:00:00Z,3797.76000000,3883.17000000,3779.01000000,3831.57000000,152221.21030000
2025-10-18T00:00:00Z,3831.58000000,3927.73000000,3819.07000000,3892.43000000,103899.30650000
2025-10-18T08:00:00Z,3892.44000000,3906.00000000,3848.81000000,3877.89000000,91115.12100000
2025-10-18T16:00:00Z,3877.90000000,3908.94000000,3853.16000000,3889.21000000,55696.18460000
2025-10-19T00:00:00Z,3889.20000000,3921.61000000,3855.70000000,3888.01000000,89443.88180000
2025-10-19T08:00:00Z,3888.01000000,4002.08000000,3827.04000000,3978.65000000,207665.40470000
2025-10-19T16:00:00Z,3978.65000000,4030.94000000,3958.71000000,3982.58000000,111428.96800000
2025-10-20T00:00:00Z,3982.58000000,4085.30000000,3908.73000000,4055.03000000,181829.01630000
2025-10-20T08:00:00Z,4055.03000000,4070.92000000,4002.07000000,4003.98000000,190325.72230000
2025-10-20T16:00:00Z,4003.99000000,4003.99000000,3922.00000000,3979.22000000,139227.59150000
2025-10-21T00:00:00Z,3979.22000000,3985.76000000,3840.24000000,3892.95000000,141743.97850000
2025-10-21T08:00:00Z,3892.95000000,4084.91000000,3851.00000000,4081.66000000,222211.49540000
2025-10-21T16:00:00Z,4081.66000000,4110.00000000,3858.00000000,3873.05000000,226638.66430000
2025-10-22T00:00:00Z,3873.04000000,3889.27000000,3821.64000000,3868.72000000,125632.34860000
2025-10-22T08:00:00Z,3868.72000000,3876.92000000,3770.02000000,3841.76000000,264614.24510000
2025-10-22T16:00:00Z,3841.76000000,3861.90000000,3710.00000000,3805.53000000,202883.49680000
2025-10-23T00:00:00Z,3805.53000000,3897.00000000,3796.54000000,3881.01000000,93807.23360000
2025-10-23T08:00:00Z,3881.02000000,3905.22000000,3808.01000000,3876.94000000,243915.13980000
2025-10-23T16:00:00Z,3876.95000000,3934.86000000,3818.72000000,3856.80000000,139508.64470000
2025-10-24T00:00:00Z,3856.80000000,3989.20000000,3845.86000000,3949.22000000,122545.12710000
2025-10-24T08:00:00Z,3949.22000000,4026.39000000,3871.32000000,3888.92000000,222945.45700000
2025-10-24T16:00:00Z,3888.92000000,3945.23000000,3866.43000000,3934.88000000,80436.35420000
2025-10-25T00:00:00Z,3934.88000000,3960.57000000,3912.40000000,3928.92000000,52013.97600000
2025-10-25T08:00:00Z,3928.93000000,3956.59000000,3924.20000000,3932.71000000,45125.22320000
2025-10-25T16:00:00Z,3932.72000000,3969.22000000,3927.74000000,3953.82000000,41387.13460000
2025-10-26T00:00:00Z,3953.81000000,3961.87000000,3919.03000000,3951.57000000,45311.53110000
2025-10-26T08:00:00Z,3951.57000000,4099.02000000,3951.08000000,4075.29000000,170797.43680000
2025-10-26T16:00:00Z,4075.29000000,4178.78000000,4046.29000000,4158.46000000,128589.12390000
2025-10-27T00:00:00Z,4158.46000000,4253.72000000,4148.48000000,4201.36000000,172643.60330000
2025-10-27T08:00:00Z,4201.36000000,4201.51000000,4124.52000000,4172.96000000,185698.30370000
2025-10-27T16:00:00Z,4172.95000000,4233.48000000,4095.00000000,4120.15000000,128789.32210000
2025-10-28T00:00:00Z,4120.16000000,4143.13000000,4066.58000000,4117.24000000,115071.21180000
2025-10-28T08:00:00Z,4117.25000000,4175.55000000,4071.28000000,4096.85000000,132676.51100000
2025-10-28T16:00:00Z,4096.86000000,4151.28000000,3931.33000000,3979.20000000,225218.11490000
2025-10-29T00:00:00Z,3979.19000000,4036.66000000,3964.56000000,4025.06000000,78624.56770000
2025-10-29T08:00:00Z,4025.07000000,4029.41000000,3941.61000000,3951.71000000,117622.66140000
2025-10-29T16:00:00Z,3951.72000000,4018.46000000,3840.37000000,3902.99000000,290205.08360000
2025-10-30T00:00:00Z,3903.00000000,3948.74000000,3839.50000000,3940.42000000,149321.83590000
2025-10-30T08:00:00Z,3940.43000000,3940.43000000,3758.37000000,3773.69000000,196445.12140000
2025-10-30T16:00:00Z,3773.69000000,3807.21000000,3680.00000000,3805.09000000,185689.03500000
2025-10-31T00:00:00Z,3804.95000000,3873.68000000,3796.36000000,3831.49000000,113443.62710000
2025-10-31T08:00:00Z,3831.49000000,3888.00000000,3818.48000000,3860.99000000,225586.97090000
2025-10-31T16:00:00Z,3860.99000000,3906.09000000,3804.74000000,3847.99000000,139605.70150000
2025-11-01T00:00:00Z,3848.00000000,3869.55000000,3831.00000000,3860.84000000,43111.42820000
2025-11-01T08:00:00Z,3860.84000000,3902.00000000,3858.11000000,3895.15000000,64860.16740000
2025-11-01T16:00:00Z,3895.15000000,3909.39000000,3862.92000000,3873.77000000,45026.56700000
2025-11-02T00:00:00Z,3873.78000000,3918.23000000,3861.71000000,3906.73000000,48578.47320000
2025-11-02T08:00:00Z,3906.73000000,3910.97000000,3839.12000000,3853.33000000,107010.45010000
2025-11-02T16:00:00Z,3853.32000000,3916.27000000,3840.64000000,3906.58000000,60494.23090000
2025-11-03T00:00:00Z,3906.58000000,3914.29000000,3684.00000000,3714.58000000,282538.42520000
2025-11-03T08:00:00Z,3714.54000000,3748.64000000,3582.29000000,3588.89000000,364285.14680000
2025-11-03T16:00:00Z,3588.89000000,3682.35000000,3558.82000000,3603.83000000,230363.81320000
2025-11-04T00:00:00Z,3603.84000000,3654.54000000,3474.10000000,3494.56000000,372329.86340000
2025-11-04T08:00:00Z,3494.56000000,3587.66000000,3460.30000000,3507.58000000,346727.60750000
2025-11-04T16:00:00Z,3507.59000000,3520.58000000,3057.00000000,3287.05000000,848946.76700000
2025-11-05T00:00:00Z,3287.05000000,3354.60000000,3166.66000000,3331.08000000,345333.41680000
2025-11-05T08:00:00Z,3331.09000000,3399.19000000,3274.54000000,3398.36000000,236307.41940000
2025-11-05T16:00:00Z,3398.37000000,3480.46000000,3370.82000000,3424.29000000,227950.67700000
2025-11-06T00:00:00Z,3424.29000000,3456.46000000,3361.00000000,3380.42000000,149444.69480000
2025-11-06T08:00:00Z,3380.40000000,3415.00000000,3276.54000000,3300.00000000,209806.01630000
2025-11-06T16:00:00Z,3300.00000000,3352.37000000,3245.45000000,3315.14000000,207112.98920000
2025-11-07T00:00:00Z,3315.14000000,3369.99000000,3276.19000000,3358.42000000,153391.45580000
2025-11-07T08:00:00Z,3358.41000000,3360.67000000,3194.20000000,3297.52000000,307848.12070000
2025-11-07T16:00:00Z,3297.52000000,3473.00000000,3273.99000000,3436.05000000,222177.80890000
2025-11-08T00:00:00Z,3436.04000000,3488.00000000,3405.87000000,3447.90000000,115393.34200000
2025-11-08T08:00:00Z,3447.89000000,3473.42000000,3370.36000000,3376.79000000,105694.61060000
2025-11-08T16:00:00Z,3376.80000000,3415.62000000,3355.58000000,3401.51000000,70444.33550000
2025-11-09T00:00:00Z,3401.51000000,3427.37000000,3358.66000000,3422.78000000,93653.40810000
2025-11-09T08:00:00Z,3422.79000000,3563.65000000,3382.35000000,3515.51000000,227465.50410000
2025-11-09T16:00:00Z,3515.52000000,3623.25000000,3501.63000000,3583.46000000,142979.13980000
2025-11-10T00:00:00Z,3583.46000000,3658.98000000,3553.52000000,3609.09000000,185838.91350000
2025-11-10T08:00:00Z,3609.09000000,3631.32000000,3508.00000000,3519.46000000,217834.34490000
2025-11-10T16:00:00Z,3519.45000000,3584.04000000,3507.30000000,3567.85000000,191599.77140000
2025-11-11T00:00:00Z,3567.85000000,3648.27000000,3532.20000000,3544.67000000,257826.69370000
2025-11-11T08:00:00Z,3544.67000000,3594.33000000,3467.21000000,3481.10000000,239874.01370000
2025-11-11T16:00:00Z,3481.11000000,3500.59000000,3405.24000000,3417.76000000,162582.56730000
2025-11-12T00:00:00Z,3417.76000000,3458.07000000,3410.00000000,3428.23000000,140678.52940000
2025-11-12T08:00:00Z,3428.24000000,3588.19000000,3418.60000000,3427.85000000,222137.74520000
2025-11-12T16:00:00Z,3427.85000000,3454.65000000,3371.65000000,3414.92000000,190285.66220000
2025-11-13T00:00:00Z,3414.91000000,3565.84000000,3377.68000000,3538.74000000,233307.46360000
2025-11-13T08:00:00Z,3538.74000000,3550.00000000,3367.03000000,3386.85000000,265678.61510000
2025-11-13T16:00:00Z,3386.84000000,3398.24000000,3154.22000000,3231.54000000,453003.05600000
2025-11-14T00:00:00Z,3231.55000000,3251.88000000,3104.66000000,3215.59000000,335552.17620000
2025-11-14T08:00:00Z,3215.60000000,3234.49000000,3070.00000000,3196.70000000,380376.02450000
2025-11-14T16:00:00Z,3196.70000000,3256.71000000,3090.00000000,3112.40000000,174517.94840000
2025-11-15T00:00:00Z,3112.40000000,3194.00000000,3110.68000000,3176.55000000,95762.46380000
2025-11-15T08:00:00Z,3176.56000000,3197.37000000,3134.23000000,3186.05000000,87140.11790000
2025-11-15T16:00:00Z,3186.05000000,3230.00000000,3152.75000000,3167.88000000,155560.89650000
2025-11-16T00:00:00Z,3167.87000000,3220.62000000,3131.78000000,3219.55000000,80105.20920000
2025-11-16T08:00:00Z,3219.54000000,3249.00000000,3099.23000000,3105.44000000,171734.29230000
2025-11-16T16:00:00Z,3105.45000000,3128.00000000,3004.00000000,3095.29000000,318794.07940000
2025-11-17T00:00:00Z,3095.29000000,3208.52000000,3069.00000000,3198.44000000,143967.38030000
2025-11-17T08:00:00Z,3198.44000000,3223.38000000,3095.09000000,3121.04000000,255563.47350000
2025-11-17T16:00:00Z,3121.04000000,3142.56000000,2959.46000000,3031.44000000,362969.57510000
2025-11-18T00:00:00Z,3031.44000000,3050.05000000,2946.56000000,3024.44000000,330026.79750000
2025-11-18T08:00:00Z,3024.44000000,3123.69000000,3022.09000000,3106.87000000,274736.78910000
2025-11-18T16:00:00Z,3106.87000000,3169.95000000,3097.21000000,3123.66000000,161876.51920000
2025-11-19T00:00:00Z,3123.65000000,3125.54000000,2992.23000000,3084.96000000,171114.88840000
2025-11-19T08:00:00Z,3084.97000000,3112.55000000,2967.00000000,2973.16000000,233420.36500000
2025-11-19T16:00:00Z,2973.15000000,3027.88000000,2873.64000000,3025.48000000,333391.46120000
2025-11-20T00:00:00Z,3025.48000000,3063.61000000,3004.41000000,3039.43000000,157338.97390000
2025-11-20T08:00:00Z,3039.44000000,3049.58000000,2952.39000000,2955.68000000,206905.83370000
2025-11-20T16:00:00Z,2955.65000000,2961.28000000,2790.01000000,2834.22000000,548279.56420000
2025-11-21T00:00:00Z,2834.21000000,2886.73000000,2669.00000000,2720.17000000,399325.69240000
2025-11-21T08:00:00Z,2720.17000000,2781.83000000,2623.57000000,2705.32000000,513186.83860000
2025-11-21T16:00:00Z,2705.31000000,2806.84000000,2675.00000000,2765.85000000,267962.87750000
2025-11-22T00:00:00Z,2765.86000000,2784.12000000,2726.66000000,2756.21000000,82853.73090000
2025-11-22T08:00:00Z,2756.21000000,2756.36000000,2704.33000000,2738.92000000,100084.64120000
2025-11-22T16:00:00Z,2738.92000000,2799.01000000,2733.72000000,2770.12000000,81752.93680000
2025-11-23T00:00:00Z,2770.12000000,2852.17000000,2768.29000000,2793.70000000,163911.23760000
2025-11-23T08:00:00Z,2793.70000000,2858.16000000,2793.69000000,2836.50000000,133354.44500000
2025-11-23T16:00:00Z,2836.49000000,2846.80000000,2786.63000000,2802.16000000,112542.89080000
2025-11-24T00:00:00Z,2802.16000000,2885.75000000,2763.00000000,2830.27000000,209603.15460000
2025-11-24T08:00:00Z,2830.26000000,2860.37000000,2785.04000000,2846.47000000,214449.26570000
2025-11-24T16:00:00Z,2846.47000000,2987.00000000,2842.82000000,2953.38000000,291227.33480000
2025-11-25T00:00:00Z,2953.38000000,2953.38000000,2901.75000000,2902.77000000,100655.90660000
2025-11-25T08:00:00Z,2902.77000000,2934.00000000,2857.32000000,2895.45000000,179460.88990000
2025-11-25T16:00:00Z,2895.46000000,2980.82000000,2872.09000000,2959.36000000,147569.65630000
2025-11-26T00:00:00Z,2959.36000000,2984.00000000,2921.11000000,2944.52000000,104661.94720000
2025-11-26T08:00:00Z,2944.52000000,2949.27000000,2888.69000000,2927.41000000,108464.99280000
2025-11-26T16:00:00Z,2927.40000000,3045.00000000,2926.37000000,3026.56000000,151408.38600000
2025-11-27T00:00:00Z,3026.56000000,3071.37000000,3004.61000000,3033.90000000,107556.41410000
2025-11-27T08:00:00Z,3033.89000000,3044.73000000,2985.78000000,3010.97000000,96977.92240000
2025-11-27T16:00:00Z,3010.97000000,3044.44000000,3003.88000000,3015.23000000,70446.05900000
2025-11-28T00:00:00Z,3015.23000000,3028.94000000,2994.36000000,3001.91000000,81870.81270000
2025-11-28T08:00:00Z,3001.90000000,3099.00000000,3001.59000000,3073.77000000,157434.55190000
2025-11-28T16:00:00Z,3073.78000000,3074.40000000,3011.22000000,3031.15000000,107310.66290000
2025-11-29T00:00:00Z,3031.14000000,3052.64000000,2992.50000000,3004.90000000,67107.34270000
2025-11-29T08:00:00Z,3004.90000000,3014.09000000,2986.09000000,3007.41000000,82333.52700000
2025-11-29T16:00:00Z,3007.41000000,3011.31000000,2961.91000000,2989.16000000,68463.26060000
2025-11-30T00:00:00Z,2989.17000000,3012.29000000,2975.30000000,3005.22000000,37174.78920000
2025-11-30T08:00:00Z,3005.22000000,3053.02000000,2999.94000000,3028.69000000,84089.11470000
2025-11-30T16:00:00Z,3028.69000000,3049.34000000,2989.06000000,2991.26000000,61458.52140000
2025-12-01T00:00:00Z,2991.25000000,2999.47000000,2806.71000000,2840.21000000,266094.99620000
2025-12-01T08:00:00Z,2840.21000000,2854.35000000,2716.04000000,2745.72000000,382590.02160000
2025-12-01T16:00:00Z,2745.73000000,2819.35000000,2719.73000000,2799.07000000,200317.97310000
2025-12-02T00:00:00Z,2799.07000000,2825.11000000,2782.81000000,2805.65000000,71115.31120000
2025-12-02T08:00:00Z,2805.66000000,3024.98000000,2782.19000000,3006.61000000,285629.62180000
2025-12-02T16:00:00Z,3006.61000000,3033.76000000,2972.35000000,2996.07000000,166962.42560000
2025-12-03T00:00:00Z,2996.07000000,3085.56000000,2985.58000000,3057.44000000,134887.92260000
2025-12-03T08:00:00Z,3057.44000000,3145.68000000,3030.42000000,3086.12000000,218081.02060000
2025-12-03T16:00:00Z,3086.13000000,3214.99000000,3064.36000000,3188.36000000,200700.87140000
2025-12-04T00:00:00Z,3188.39000000,3240.35000000,3170.47000000,3190.10000000,161380.52450000
2025-12-04T08:00:00Z,3190.10000000,3224.38000000,3139.72000000,3208.15000000,150727.96970000
2025-12-04T16:00:00Z,3208.15000000,3225.00000000,3066.37000000,3133.26000000,174589.90450000
2025-12-05T00:00:00Z,3133.26000000,3193.33000000,3132.45000000,3173.94000000,80247.09330000
2025-12-05T08:00:00Z,3173.95000000,3173.95000000,3082.75000000,3106.34000000,218976.06730000
2025-12-05T16:00:00Z,3106.35000000,3108.73000000,2983.08000000,3021.78000000,231159.73800000
2025-12-06T00:00:00Z,3021.77000000,3046.30000000,3012.58000000,3026.25000000,43859.28280000
2025-12-06T08:00:00Z,3026.25000000,3069.00000000,3013.25000000,3041.69000000,64053.75810000
2025-12-06T16:00:00Z,3041.69000000,3066.62000000,3025.00000000,3038.06000000,51808.20790000
2025-12-07T00:00:00Z,3038.06000000,3058.01000000,3031.21000000,3037.29000000,29207.29090000
2025-12-07T08:00:00Z,3037.28000000,3053.49000000,2907.52000000,3027.01000000,169299.33200000
2025-12-07T16:00:00Z,3027.00000000,3150.00000000,2999.63000000,3059.85000000,192623.05210000
2025-12-08T00:00:00Z,3059.86000000,3140.50000000,3040.87000000,3134.31000000,127621.80560000
2025-12-08T08:00:00Z,3134.31000000,3180.51000000,3088.83000000,3101.54000000,192402.83830000
2025-12-08T16:00:00Z,3101.54000000,3153.00000000,3075.38000000,3124.16000000,132795.57680000
2025-12-09T00:00:00Z,3124.16000000,3143.50000000,3090.80000000,3123.00000000,88255.74360000
2025-12-09T08:00:00Z,3123.00000000,3256.88000000,3093.00000000,3245.88000000,183210.54880000
2025-12-09T16:00:00Z,3245.88000000,3397.85000000,3245.63000000,3318.04000000,332393.65340000
2025-12-10T00:00:00Z,3318.04000000,3334.66000000,3288.10000000,3327.21000000,87222.57900000
2025-12-10T08:00:00Z,3327.21000000,3376.00000000,3296.99000000,3328.25000000,137763.60420000
2025-12-10T16:00:00Z,3328.25000000,3447.44000000,3317.37000000,3324.14000000,314599.27030000
2025-12-11T00:00:00Z,3324.14000000,3327.37000000,3167.07000000,3201.51000000,188169.33420000
2025-12-11T08:00:00Z,3201.52000000,3213.00000000,3145.28000000,3179.25000000,131195.68110000
2025-12-11T16:00:00Z,3179.24000000,3273.40000000,3155.00000000,3237.39000000,184749.22380000
2025-12-12T00:00:00Z,3237.38000000,3265.50000000,3185.20000000,3246.55000000,85949.94940000
2025-12-12T08:00:00Z,3246.55000000,3255.70000000,3058.12000000,3071.41000000,181457.78400000
2025-12-12T16:00:00Z,3071.40000000,3099.88000000,3045.31000000,3084.86000000,168278.71010000
2025-12-13T00:00:00Z,3084.86000000,3095.85000000,3078.60000000,3094.72000000,29708.24000000
2025-12-13T08:00:00Z,3094.72000000,3135.68000000,3092.59000000,3109.63000000,60801.60730000
2025-12-13T16:00:00Z,3109.63000000,3119.79000000,3079.00000000,3114.64000000,45955.90940000
2025-12-14T00:00:00Z,3114.64000000,3129.54000000,3103.49000000,3115.30000000,30078.74170000
2025-12-14T08:00:00Z,3115.30000000,3119.90000000,3050.01000000,3084.51000000,102087.81890000
2025-12-14T16:00:00Z,3084.51000000,3107.89000000,3024.44000000,3063.50000000,146891.79390000
2025-12-15T00:00:00Z,3063.49000000,3150.92000000,3056.70000000,3128.90000000,102607.99390000
2025-12-15T08:00:00Z,3128.91000000,3177.50000000,2986.05000000,3010.96000000,211179.79000000
2025-12-15T16:00:00Z,3010.97000000,3017.77000000,2894.57000000,2964.85000000,206722.17160000
2025-12-16T00:00:00Z,2964.85000000,2978.26000000,2876.00000000,2924.11000000,115846.68820000
2025-12-16T08:00:00Z,2924.10000000,2981.87000000,2886.75000000,2963.31000000,168573.23230000
2025-12-16T16:00:00Z,2963.31000000,2968.00000000,2912.15000000,2962.30000000,93873.19540000
2025-12-17T00:00:00Z,2962.30000000,2974.27000000,2913.95000000,2947.92000000,61369.83650000
2025-12-17T08:00:00Z,2947.92000000,3030.92000000,2886.80000000,2904.66000000,230877.32120000
2025-12-17T16:00:00Z,2904.65000000,2925.59000000,2791.02000000,2833.49000000,205383.25850000
2025-12-18T00:00:00Z,2833.50000000,2847.65000000,2821.34000000,2836.45000000,55423.99350000
2025-12-18T08:00:00Z,2836.45000000,2997.40000000,2831.99000000,2965.19000000,246165.45320000
2025-12-18T16:00:00Z,2965.19000000,2967.48000000,2775.19000000,2828.57000000,293664.35300000
2025-12-19T00:00:00Z,2828.56000000,2984.33000000,2808.63000000,2951.73000000,220859.01310000
2025-12-19T08:00:00Z,2951.72000000,3020.00000000,2938.01000000,2964.99000000,192137.26280000
2025-12-19T16:00:00Z,2964.99000000,3007.06000000,2936.30000000,2979.50000000,118706.26800000
2025-12-20T00:00:00Z,2979.49000000,2994.41000000,2964.17000000,2981.24000000,30649.36950000
2025-12-20T08:00:00Z,2981.24000000,2993.80000000,2967.44000000,2977.27000000,40132.01410000
2025-12-20T16:00:00Z,2977.26000000,2985.94000000,2972.85000000,2977.93000000,21002.38980000
2025-12-21T00:00:00Z,2977.93000000,2982.54000000,2961.42000000,2981.09000000,27682.52770000
2025-12-21T08:00:00Z,2981.09000000,3013.40000000,2944.00000000,2974.68000000,85315.63280000
2025-12-21T16:00:00Z,2974.69000000,3012.27000000,2967.74000000,3002.02000000,49246.64620000
2025-12-22T00:00:00Z,3002.03000000,3060.55000000,2972.48000000,3029.67000000,91271.21360000
2025-12-22T08:00:00Z,3029.66000000,3077.39000000,3022.35000000,3052.59000000,106096.50340000
2025-12-22T16:00:00Z,3052.59000000,3059.42000000,2963.43000000,3009.49000000,101075.84630000
2025-12-23T00:00:00Z,3009.48000000,3035.79000000,2944.79000000,2964.89000000,123295.95590000
2025-12-23T08:00:00Z,2964.88000000,2975.35000000,2900.93000000,2928.59000000,118664.23300000
2025-12-23T16:00:00Z,2928.59000000,2988.44000000,2908.95000000,2965.02000000,144505.55810000
2025-12-24T00:00:00Z,2965.03000000,2978.15000000,2917.12000000,2932.68000000,72821.81070000
2025-12-24T08:00:00Z,2932.69000000,2939.84000000,2888.70000000,2925.55000000,74321.28940000
2025-12-24T16:00:00Z,2925.54000000,2962.96000000,2921.37000000,2947.47000000,49892.45970000
2025-12-25T00:00:00Z,2947.48000000,2956.89000000,2936.89000000,2941.56000000,31608.90400000
2025-12-25T08:00:00Z,2941.57000000,2971.46000000,2912.00000000,2961.14000000,77354.22300000
2025-12-25T16:00:00Z,2961.14000000,2967.65000000,2891.20000000,2903.95000000,79758.17110000
2025-12-26T00:00:00Z,2903.90000000,2994.38000000,2894.26000000,2956.83000000,142008.81830000
2025-12-26T08:00:00Z,2956.83000000,2985.89000000,2894.49000000,2923.19000000,130076.88680000
2025-12-26T16:00:00Z,2923.20000000,2938.83000000,2906.98000000,2927.99000000,42745.29380000
2025-12-27T00:00:00Z,2928.00000000,2938.00000000,2921.33000000,2933.27000000,22084.02840000
2025-12-27T08:00:00Z,2933.27000000,2940.79000000,2917.25000000,2926.50000000,34651.65920000
2025-12-27T16:00:00Z,2926.50000000,2960.89000000,2917.13000000,2949.05000000,38304.70800000
2025-12-28T00:00:00Z,2949.05000000,2951.86000000,2929.50000000,2939.00000000,26174.38100000
2025-12-28T08:00:00Z,2938.99000000,2961.23000000,2931.56000000,2949.46000000,52372.25070000
2025-12-28T16:00:00Z,2949.47000000,2955.50000000,2924.54000000,2950.91000000,50287.50730000
2025-12-29T00:00:00Z,2950.91000000,3057.78000000,2944.54000000,3019.51000000,205026.31040000
2025-12-29T08:00:00Z,3019.51000000,3026.51000000,2910.25000000,2935.75000000,204691.75620000
2025-12-29T16:00:00Z,2935.75000000,2946.00000000,2914.03000000,2937.90000000,76241.11580000
2025-12-30T00:00:00Z,2937.91000000,2959.00000000,2919.44000000,2950.79000000,56590.86970000
2025-12-30T08:00:00Z,2950.79000000,3009.80000000,2950.20000000,2989.77000000,152796.12960000
2025-12-30T16:00:00Z,2989.78000000,2995.28000000,2944.76000000,2973.69000000,77196.28860000
2025-12-31T00:00:00Z,2973.69000000,2984.86000000,2961.89000000,2976.98000000,37991.05170000
2025-12-31T08:00:00Z,2976.97000000,3028.08000000,2963.91000000,2985.76000000,131526.42420000
2025-12-31T16:00:00Z,2985.76000000,2997.40000000,2958.91000000,2971.64000000,64212.11280000
2026-01-01T00:00:00Z,2971.65000000,2988.96000000,2971.15000000,2978.53000000,38397.07820000
2026-01-01T08:00:00Z,2978.52000000,2994.87000000,2977.74000000,2989.87000000,42879.48710000
2026-01-01T16:00:00Z,2989.87000000,3010.00000000,2980.75000000,3004.19000000,54811.95540000
2026-01-02T00:00:00Z,3004.19000000,3039.54000000,2992.49000000,3018.33000000,65827.19480000
2026-01-02T08:00:00Z,3018.32000000,3109.00000000,3015.95000000,3086.64000000,170926.53850000
2026-01-02T16:00:00Z,3086.64000000,3150.01000000,3079.23000000,3125.45000000,133137.51160000
2026-01-03T00:00:00Z,3125.46000000,3136.71000000,3076.00000000,3090.50000000,59488.51190000
2026-01-03T08:00:00Z,3090.49000000,3114.61000000,3083.86000000,3101.31000000,45783.97190000
2026-01-03T16:00:00Z,3101.32000000,3131.00000000,3098.33000000,3127.11000000,29132.74200000
2026-01-04T00:00:00Z,3127.11000000,3167.22000000,3126.35000000,3141.29000000,87479.34060000
2026-01-04T08:00:00Z,3141.29000000,3148.30000000,3118.75000000,3135.55000000,50896.49510000
2026-01-04T16:00:00Z,3135.55000000,3155.85000000,3118.98000000,3144.70000000,43200.23290000
2026-01-05T00:00:00Z,3144.71000000,3220.82000000,3135.31000000,3157.33000000,125141.49350000
2026-01-05T08:00:00Z,3157.24000000,3205.00000000,3135.02000000,3195.57000000,110475.04290000
2026-01-05T16:00:00Z,3195.58000000,3265.66000000,3159.48000000,3224.99000000,146830.12540000
2026-01-06T00:00:00Z,3224.99000000,3253.76000000,3203.34000000,3219.24000000,85084.77030000
2026-01-06T08:00:00Z,3219.24000000,3308.86000000,3214.52000000,3272.32000000,160091.30720000
2026-01-06T16:00:00Z,3272.31000000,3301.60000000,3183.27000000,3296.84000000,167327.42910000
2026-01-07T00:00:00Z,3296.83000000,3296.84000000,3239.44000000,3255.31000000,64443.38590000
2026-01-07T08:00:00Z,3255.31000000,3263.37000000,3144.37000000,3164.70000000,156613.02140000
2026-01-07T16:00:00Z,3164.71000000,3181.78000000,3125.42000000,3168.72000000,100293.71520000
2026-01-08T00:00:00Z,3168.72000000,3184.39000000,3090.04000000,3128.28000000,99477.14870000
2026-01-08T08:00:00Z,3128.29000000,3136.56000000,3054.65000000,3104.20000000,161785.83910000
2026-01-08T16:00:00Z,3104.19000000,3140.00000000,3089.39000000,3106.65000000,82353.11270000
2026-01-09T00:00:00Z,3106.66000000,3148.41000000,3081.34000000,3111.20000000,67252.55580000
2026-01-09T08:00:00Z,3111.21000000,3143.00000000,3058.69000000,3112.08000000,127101.57050000
2026-01-09T16:00:00Z,3112.08000000,3145.45000000,3065.23000000,3088.40000000,80233.32700000
2026-01-10T00:00:00Z,3088.40000000,3094.61000000,3077.99000000,3092.77000000,31083.68110000
2026-01-10T08:00:00Z,3092.77000000,3104.12000000,3087.37000000,3095.64000000,31620.68870000
2026-01-10T16:00:00Z,3095.63000000,3099.37000000,3078.71000000,3086.72000000,19636.68480000
2026-01-11T00:00:00Z,3086.72000000,3102.42000000,3084.46000000,3095.32000000,17153.08580000
2026-01-11T08:00:00Z,3095.32000000,3131.00000000,3092.70000000,3118.22000000,52119.48940000
2026-01-11T16:00:00Z,3118.22000000,3147.27000000,3092.59000000,3123.45000000,80108.72130000
2026-01-12T00:00:00Z,3123.46000000,3171.49000000,3097.24000000,3135.34000000,97770.70180000
2026-01-12T08:00:00Z,3135.33000000,3147.62000000,3065.55000000,3130.17000000,113928.82260000
2026-01-12T16:00:00Z,3130.17000000,3146.66000000,3083.50000000,3095.75000000,85673.94370000
2026-01-13T00:00:00Z,3095.75000000,3146.55000000,3091.96000000,3122.01000000,60805.39480000
2026-01-13T08:00:00Z,3122.00000000,3188.47000000,3122.00000000,3184.41000000,130455.63600000
2026-01-13T16:00:00Z,3184.41000000,3367.79000000,3172.00000000,3325.82000000,266521.25080000
2026-01-14T00:00:00Z,3325.83000000,3364.64000000,3315.15000000,3335.78000000,148679.66090000
2026-01-14T08:00:00Z,3335.78000000,3362.17000000,3280.48000000,3345.81000000,166330.44720000
2026-01-14T16:00:00Z,3345.81000000,3402.89000000,3315.51000000,3354.92000000,188429.96780000
2026-01-15T00:00:00Z,3354.92000000,3355.80000000,3278.00000000,3330.00000000,94502.16160000
2026-01-15T08:00:00Z,3329.99000000,3384.19000000,3285.79000000,3330.65000000,165816.51620000
2026-01-15T16:00:00Z,3330.66000000,3337.56000000,3273.72000000,3318.69000000,129675.15820000
2026-01-16T00:00:00Z,3318.70000000,3326.79000000,3277.04000000,3309.41000000,65388.48290000
2026-01-16T08:00:00Z,3309.42000000,3319.97000000,3253.01000000,3264.18000000,90793.97100000
2026-01-16T16:00:00Z,3264.17000000,3299.89000000,3259.83000000,3296.28000000,67739.33370000
2026-01-17T00:00:00Z,3296.28000000,3297.34000000,3283.96000000,3291.57000000,19328.00730000
2026-01-17T08:00:00Z,3291.56000000,3330.07000000,3289.01000000,3329.95000000,61987.69190000
2026-01-17T16:00:00Z,3329.95000000,3330.26000000,3297.44000000,3310.56000000,43009.33110000
2026-01-18T00:00:00Z,3310.56000000,3319.50000000,3296.34000000,3307.30000000,34396.77410000
2026-01-18T08:00:00Z,3307.30000000,3347.75000000,3303.52000000,3333.99000000,58920.67990000
2026-01-18T16:00:00Z,3334.00000000,3368.82000000,3278.86000000,3284.03000000,80036.84860000
2026-01-19T00:00:00Z,3284.04000000,3284.58000000,3177.68000000,3207.47000000,275938.49070000
2026-01-19T08:00:00Z,3207.47000000,3236.26000000,3197.30000000,3216.21000000,101983.94950000
2026-01-19T16:00:00Z,3216.20000000,3227.17000000,3165.38000000,3189.55000000,64618.11940000
2026-01-20T00:00:00Z,3189.56000000,3200.50000000,3109.37000000,3123.37000000,124136.11160000
2026-01-20T08:00:00Z,3123.37000000,3123.84000000,2995.33000000,3032.99000000,231945.41830000
2026-01-20T16:00:00Z,3033.00000000,3042.92000000,2920.00000000,2939.88000000,162084.94880000
2026-01-21T00:00:00Z,2939.88000000,3002.00000000,2921.89000000,2970.60000000,96697.73260000
2026-01-21T08:00:00Z,2970.60000000,3026.83000000,2902.00000000,3002.69000000,200601.87640000
2026-01-21T16:00:00Z,3002.69000000,3069.07000000,2866.11000000,2982.27000000,280500.63910000
2026-01-22T00:00:00Z,2982.28000000,3038.33000000,2980.73000000,3000.94000000,71511.63400000
2026-01-22T08:00:00Z,3000.94000000,3016.40000000,2906.02000000,2942.01000000,143089.94410000
2026-01-22T16:00:00Z,2942.02000000,2972.76000000,2923.99000000,2952.69000000,77059.15680000
2026-01-23T00:00:00Z,2952.70000000,2984.71000000,2935.31000000,2948.49000000,68615.04070000
2026-01-23T08:00:00Z,2948.58000000,2965.06000000,2892.40000000,2952.75000000,131010.82490000
2026-01-23T16:00:00Z,2952.66000000,3019.26000000,2930.42000000,2956.41000000,118789.46610000
2026-01-24T00:00:00Z,2956.41000000,2970.41000000,2949.27000000,2957.34000000,35732.65260000
2026-01-24T08:00:00Z,2957.34000000,2968.08000000,2943.84000000,2957.25000000,28731.62240000
2026-01-24T16:00:00Z,2957.25000000,2968.49000000,2949.23000000,2953.22000000,27618.62890000
2026-01-25T00:00:00Z,2953.23000000,2960.29000000,2935.01000000,2939.57000000,29761.48130000
2026-01-25T08:00:00Z,2939.58000000,2948.11000000,2921.00000000,2926.81000000,51577.49210000
2026-01-25T16:00:00Z,2926.82000000,2927.78000000,2787.00000000,2816.89000000,298847.55920000
2026-01-26T00:00:00Z,2816.90000000,2911.61000000,2812.37000000,2904.32000000,173906.23240000
2026-01-26T08:00:00Z,2904.32000000,2951.21000000,2875.77000000,2899.32000000,173902.50880000
2026-01-26T16:00:00Z,2899.32000000,2945.32000000,2885.97000000,2930.35000000,137360.59600000
2026-01-27T00:00:00Z,2930.35000000,2957.04000000,2912.44000000,2929.11000000,111635.37680000
2026-01-27T08:00:00Z,2929.11000000,2943.63000000,2899.77000000,2937.45000000,122740.75530000
2026-01-27T16:00:00Z,2937.46000000,3035.08000000,2918.09000000,3026.77000000,244416.26670000
2026-01-28T00:00:00Z,3026.77000000,3029.79000000,2992.89000000,3005.07000000,61886.74380000
2026-01-28T08:00:00Z,3005.07000000,3045.78000000,2983.67000000,3008.25000000,137226.17330000
2026-01-28T16:00:00Z,3008.25000000,3038.45000000,2989.41000000,3010.78000000,97494.73780000
2026-01-29T00:00:00Z,3010.78000000,3013.50000000,2937.55000000,2961.54000000,85185.53160000
2026-01-29T08:00:00Z,2961.54000000,2969.79000000,2797.01000000,2824.32000000,186846.01250000
2026-01-29T16:00:00Z,2824.31000000,2860.05000000,2754.53000000,2822.59000000,289257.05380000
2026-01-30T00:00:00Z,2822.60000000,2828.65000000,2689.00000000,2740.16000000,285448.02510000
2026-01-30T08:00:00Z,2740.17000000,2768.78000000,2693.42000000,2729.47000000,188517.62090000
2026-01-30T16:00:00Z,2729.46000000,2761.46000000,2636.01000000,2707.38000000,319313.97920000
2026-01-31T00:00:00Z,2707.37000000,2714.64000000,2668.20000000,2680.06000000,68084.76110000
2026-01-31T08:00:00Z,2680.06000000,2683.49000000,2510.01000000,2534.20000000,328161.25250000
2026-01-31T16:00:00Z,2534.20000000,2551.26000000,2250.00000000,2451.95000000,716851.69960000
2026-02-01T00:00:00Z,2451.96000000,2475.98000000,2393.46000000,2411.22000000,215620.45360000
2026-02-01T08:00:00Z,2411.22000000,2438.98000000,2285.40000000,2315.39000000,315199.64810000
2026-02-01T16:00:00Z,2315.47000000,2377.99000000,2222.00000000,2270.15000000,495753.84490000
2026-02-02T00:00:00Z,2270.16000000,2324.17000000,2157.14000000,2228.93000000,600154.85380000
2026-02-02T08:00:00Z,2228.93000000,2396.62000000,2228.93000000,2372.71000000,463261.05530000
2026-02-02T16:00:00Z,2372.71000000,2387.31000000,2313.33000000,2347.02000000,185119.30230000
2026-02-03T00:00:00Z,2347.01000000,2359.88000000,2284.48000000,2323.12000000,235417.92570000
2026-02-03T08:00:00Z,2323.13000000,2332.57000000,2251.94000000,2303.20000000,291481.68140000
2026-02-03T16:00:00Z,2303.21000000,2343.82000000,2110.00000000,2233.72000000,794199.77960000
2026-02-04T00:00:00Z,2233.72000000,2295.74000000,2223.88000000,2283.85000000,172312.33810000
2026-02-04T08:00:00Z,2283.84000000,2285.90000000,2136.60000000,2151.83000000,454930.89250000
2026-02-04T16:00:00Z,2151.84000000,2194.71000000,2076.68000000,2148.26000000,637500.19940000
2026-02-05T00:00:00Z,2148.25000000,2173.77000000,2068.20000000,2091.40000000,405809.50280000
2026-02-05T08:00:00Z,2091.50000000,2149.75000000,1927.33000000,1961.12000000,659428.53900000
2026-02-05T16:00:00Z,1961.12000000,2018.33000000,1818.18000000,1826.83000000,887048.65330000
2026-02-06T00:00:00Z,1826.83000000,1975.75000000,1747.80000000,1899.42000000,735723.91170000
2026-02-06T08:00:00Z,1899.41000000,2002.18000000,1866.13000000,1980.81000000,720480.56070000
2026-02-06T16:00:00Z,1980.80000000,2093.94000000,1970.17000000,2063.38000000,646107.08490000
2026-02-07T00:00:00Z,2063.37000000,2119.46000000,1994.57000000,2027.10000000,304595.86810000
2026-02-07T08:00:00Z,2027.10000000,2075.21000000,1999.57000000,2052.54000000,261914.84670000
2026-02-07T16:00:00Z,2052.55000000,2121.70000000,2009.54000000,2087.08000000,576105.73390000
2026-02-08T00:00:00Z,2087.08000000,2107.44000000,2064.10000000,2084.41000000,137748.12710000
2026-02-08T08:00:00Z,2084.41000000,2145.26000000,2078.04000000,2108.64000000,184958.10000000
2026-02-08T16:00:00Z,2108.63000000,2152.03000000,2071.60000000,2089.74000000,160131.02440000
2026-02-09T00:00:00Z,2089.73000000,2103.02000000,2055.01000000,2065.74000000,154189.28370000
2026-02-09T08:00:00Z,2065.74000000,2073.47000000,2008.62000000,2061.61000000,233422.08720000
2026-02-09T16:00:00Z,2061.61000000,2147.73000000,2047.78000000,2105.02000000,237767.18600000
2026-02-10T00:00:00Z,2105.02000000,2124.71000000,1997.59000000,2007.47000000,259376.18210000
2026-02-10T08:00:00Z,2007.47000000,2040.01000000,1989.38000000,2022.66000000,221407.89800000
2026-02-10T16:00:00Z,2022.67000000,2046.94000000,1996.18000000,2022.67000000,93537.61070000
2026-02-11T00:00:00Z,2022.67000000,2032.31000000,1939.21000000,1950.89000000,133722.78830000
2026-02-11T08:00:00Z,1950.90000000,2015.81000000,1903.19000000,1929.46000000,240631.54150000
2026-02-11T16:00:00Z,1929.46000000,1988.07000000,1908.80000000,1941.18000000,155301.48790000
2026-02-12T00:00:00Z,1941.19000000,1983.00000000,1941.19000000,1968.07000000,94681.30440000
2026-02-12T08:00:00Z,1968.07000000,2001.42000000,1945.01000000,1948.47000000,137245.17370000
2026-02-12T16:00:00Z,1948.48000000,1952.61000000,1897.24000000,1947.85000000,195640.66880000
2026-02-13T00:00:00Z,1947.85000000,1958.21000000,1924.72000000,1935.75000000,80768.93670000
2026-02-13T08:00:00Z,1935.75000000,2050.58000000,1933.65000000,2034.93000000,217512.99920000
2026-02-13T16:00:00Z,2034.92000000,2073.68000000,2031.42000000,2048.72000000,127367.83390000
2026-02-14T00:00:00Z,2048.72000000,2060.49000000,2042.37000000,2057.21000000,41368.38460000
2026-02-14T08:00:00Z,2057.20000000,2107.67000000,2057.04000000,2087.43000000,114036.59210000
2026-02-14T16:00:00Z,2087.42000000,2098.89000000,2067.27000000,2086.59000000,65272.25880000
2026-02-15T00:00:00Z,2086.59000000,2103.32000000,2030.90000000,2091.41000000,322025.08000000
2026-02-15T08:00:00Z,2091.41000000,2096.82000000,1993.30000000,2011.29000000,167799.09400000
2026-02-15T16:00:00Z,2011.29000000,2011.30000000,1928.88000000,1966.58000000,344953.92120000
2026-02-16T00:00:00Z,1966.59000000,1981.20000000,1948.76000000,1971.13000000,85897.84290000
2026-02-16T08:00:00Z,1971.14000000,2023.51000000,1937.24000000,1956.65000000,162476.62120000
2026-02-16T16:00:00Z,1956.65000000,2004.02000000,1956.31000000,1998.33000000,102973.47920000
2026-02-17T00:00:00Z,1998.34000000,2008.58000000,1964.72000000,1985.91000000,84970.47350000
2026-02-17T08:00:00Z,1985.91000000,2002.70000000,1941.66000000,1968.58000000,164861.63440000
2026-02-17T16:00:00Z,1968.59000000,2015.33000000,1954.03000000,1991.66000000,156414.83480000
2026-02-18T00:00:00Z,1991.67000000,2023.52000000,1968.68000000,2018.07000000,86340.18350000
2026-02-18T08:00:00Z,2018.06000000,2039.05000000,1954.30000000,1985.48000000,168894.97040000
2026-02-18T16:00:00Z,1985.48000000,1987.89000000,1923.78000000,1955.91000000,138403.85470000
2026-02-19T00:00:00Z,1955.90000000,1987.55000000,1950.50000000,1981.76000000,60198.26770000
2026-02-19T08:00:00Z,1981.76000000,1982.54000000,1911.49000000,1926.30000000,146104.11210000
2026-02-19T16:00:00Z,1926.29000000,1952.57000000,1907.00000000,1949.08000000,93954.69350000
2026-02-20T00:00:00Z,1949.08000000,1968.55000000,1931.01000000,1960.97000000,84652.49530000
2026-02-20T08:00:00Z,1960.93000000,1980.49000000,1922.97000000,1963.95000000,180689.67650000
2026-02-20T16:00:00Z,1963.96000000,1981.18000000,1939.21000000,1968.88000000,120911.38390000
2026-02-21T00:00:00Z,1968.88000000,1970.70000000,1955.62000000,1962.71000000,30902.78050000
2026-02-21T08:00:00Z,1962.70000000,1995.56000000,1962.00000000,1988.13000000,89634.77860000
2026-02-21T16:00:00Z,1988.13000000,1995.31000000,1970.00000000,1973.35000000,58636.28650000
2026-02-22T00:00:00Z,1973.35000000,1982.99000000,1967.40000000,1975.88000000,37119.53440000
2026-02-22T08:00:00Z,1975.87000000,1983.13000000,1943.53000000,1953.98000000,68203.70910000
2026-02-22T16:00:00Z,1953.99000000,1960.95000000,1935.00000000,1957.82000000,50002.40470000
2026-02-23T00:00:00Z,1957.82000000,1958.33000000,1847.46000000,1885.50000000,233676.96720000
2026-02-23T08:00:00Z,1885.50000000,1935.52000000,1877.23000000,1895.65000000,157763.66200000
2026-02-23T16:00:00Z,1895.65000000,1900.18000000,1837.13000000,1856.30000000,155918.85770000
2026-02-24T00:00:00Z,1856.30000000,1869.58000000,1811.81000000,1825.70000000,153424.33640000
2026-02-24T08:00:00Z,1825.70000000,1850.29000000,1800.00000000,1847.59000000,174743.57410000
2026-02-24T16:00:00Z,1847.59000000,1865.38000000,1838.36000000,1851.94000000,109896.11790000
2026-02-25T00:00:00Z,1851.95000000,1944.86000000,1846.74000000,1893.31000000,160022.24640000
2026-02-25T08:00:00Z,1893.32000000,2028.70000000,1890.27000000,2013.73000000,208571.83340000
2026-02-25T16:00:00Z,2013.69000000,2148.39000000,2013.36000000,2057.48000000,314385.35800000
2026-02-26T00:00:00Z,2057.48000000,2082.81000000,2039.37000000,2053.37000000,120325.92390000
2026-02-26T08:00:00Z,2053.36000000,2083.33000000,2011.56000000,2033.34000000,168913.08590000
2026-02-26T16:00:00Z,2033.34000000,2042.75000000,1975.35000000,2027.68000000,150544.34680000
2026-02-27T00:00:00Z,2027.68000000,2063.52000000,2000.02000000,2032.69000000,117547.49020000
2026-02-27T08:00:00Z,2032.69000000,2045.93000000,1938.82000000,1948.59000000,197664.83500000
2026-02-27T16:00:00Z,1948.59000000,1948.86000000,1887.00000000,1929.84000000,113474.90880000
2026-02-28T00:00:00Z,1929.84000000,1937.17000000,1835.36000000,1866.73000000,156360.16290000
2026-02-28T08:00:00Z,1866.73000000,1915.95000000,1845.05000000,1898.88000000,158159.76750000
2026-02-28T16:00:00Z,1898.87000000,1984.99000000,1886.02000000,1964.51000000,147161.05310000
2026-03-01T00:00:00Z,1964.51000000,2054.80000000,1943.58000000,2007.24000000,198706.76880000
2026-03-01T08:00:00Z,2007.23000000,2028.00000000,1968.60000000,1993.38000000,131623.14720000
2026-03-01T16:00:00Z,1993.38000000,2009.38000000,1907.41000000,1939.71000000,198866.93040000
2026-03-02T00:00:00Z,1939.71000000,1989.23000000,1925.53000000,1941.66000000,127724.01160000
2026-03-02T08:00:00Z,1941.65000000,2065.48000000,1920.00000000,2047.33000000,243712.40310000
2026-03-02T16:00:00Z,2047.33000000,2090.00000000,2017.15000000,2027.35000000,205969.96020000
2026-03-03T00:00:00Z,2027.34000000,2041.48000000,1987.50000000,1996.33000000,127135.78100000
2026-03-03T08:00:00Z,1996.32000000,2000.53000000,1929.56000000,1969.22000000,233553.12940000
2026-03-03T16:00:00Z,1969.21000000,2014.12000000,1958.76000000,1982.80000000,148640.94300000
2026-03-04T00:00:00Z,1982.81000000,2010.00000000,1945.08000000,2006.55000000,114827.31440000
2026-03-04T08:00:00Z,2006.55000000,2157.67000000,2000.47000000,2150.23000000,390325.65310000
2026-03-04T16:00:00Z,2150.23000000,2199.00000000,2116.67000000,2127.28000000,232491.84770000
2026-03-05T00:00:00Z,2127.28000000,2144.20000000,2095.71000000,2104.96000000,108095.61580000
2026-03-05T08:00:00Z,2104.96000000,2163.66000000,2067.54000000,2086.96000000,195041.49280000
2026-03-05T16:00:00Z,2086.95000000,2099.36000000,2054.75000000,2072.86000000,129020.70400000
2026-03-06T00:00:00Z,2072.86000000,2093.33000000,2058.84000000,2082.83000000,84446.96910000
2026-03-06T08:00:00Z,2082.83000000,2082.83000000,1966.24000000,1978.01000000,222689.84490000
2026-03-06T16:00:00Z,1978.00000000,1993.30000000,1955.95000000,1978.68000000,104460.94290000
2026-03-07T00:00:00Z,1978.68000000,1996.04000000,1964.34000000,1982.94000000,68747.50550000
2026-03-07T08:00:00Z,1982.94000000,1994.98000000,1970.47000000,1981.04000000,58970.48970000
2026-03-07T16:00:00Z,1981.03000000,1983.47000000,1948.09000000,1969.59000000,56741.82480000
2026-03-08T00:00:00Z,1969.60000000,1977.35000000,1930.00000000,1955.23000000,105621.04580000
2026-03-08T08:00:00Z,1955.22000000,1979.80000000,1925.06000000,1943.32000000,154613.88990000
2026-03-08T16:00:00Z,1943.32000000,1971.95000000,1916.14000000,1937.10000000,130954.79600000
2026-03-09T00:00:00Z,1937.11000000,2014.26000000,1929.65000000,1983.90000000,188233.05210000
2026-03-09T08:00:00Z,1983.91000000,2032.84000000,1978.92000000,2022.63000000,183625.35630000
2026-03-09T16:00:00Z,2022.64000000,2053.52000000,1989.12000000,1992.98000000,178967.07990000
2026-03-10T00:00:00Z,1992.97000000,2059.69000000,1991.00000000,2051.00000000,143412.08770000
2026-03-10T08:00:00Z,2051.00000000,2085.73000000,2008.65000000,2079.35000000,200419.26500000
2026-03-10T16:00:00Z,2079.34000000,2088.19000000,2018.00000000,2036.51000000,119580.52120000
2026-03-11T00:00:00Z,2036.50000000,2041.71000000,2007.17000000,2012.54000000,72591.27300000
2026-03-11T08:00:00Z,2012.54000000,2082.66000000,2009.48000000,2049.73000000,168399.96090000
2026-03-11T16:00:00Z,2049.75000000,2085.58000000,2045.20000000,2051.97000000,109070.02210000
2026-03-12T00:00:00Z,2051.97000000,2058.16000000,2017.59000000,2040.70000000,80588.19140000
2026-03-12T08:00:00Z,2040.69000000,2095.00000000,2037.79000000,2072.33000000,168490.52560000
2026-03-12T16:00:00Z,2072.33000000,2093.45000000,2045.42000000,2073.52000000,151429.09620000
2026-03-13T00:00:00Z,2073.51000000,2148.80000000,2070.12000000,2099.38000000,171975.60050000
2026-03-13T08:00:00Z,2099.38000000,2209.03000000,2091.45000000,2128.01000000,301355.14220000
2026-03-13T16:00:00Z,2128.01000000,2143.33000000,2078.50000000,2092.22000000,126326.29720000
2026-03-14T00:00:00Z,2092.21000000,2106.09000000,2068.28000000,2077.46000000,69513.62580000
2026-03-14T08:00:00Z,2077.46000000,2081.64000000,2061.60000000,2074.72000000,49289.25780000
2026-03-14T16:00:00Z,2074.72000000,2099.69000000,2069.19000000,2096.16000000,33697.69860000
2026-03-15T00:00:00Z,2096.16000000,2115.95000000,2083.35000000,2105.64000000,50766.60350000
2026-03-15T08:00:00Z,2105.64000000,2123.44000000,2086.34000000,2093.79000000,66895.12510000
2026-03-15T16:00:00Z,2093.79000000,2202.87000000,2088.84000000,2178.30000000,163164.20910000
2026-03-16T00:00:00Z,2178.29000000,2288.63000000,2164.73000000,2248.95000000,320929.89680000
2026-03-16T08:00:00Z,2248.95000000,2308.54000000,2234.92000000,2273.88000000,267359.31670000
2026-03-16T16:00:00Z,2273.88000000,2386.02000000,2270.00000000,2352.97000000,257603.56210000
2026-03-17T00:00:00Z,2352.97000000,2376.66000000,2294.15000000,2327.70000000,245824.89600000
2026-03-17T08:00:00Z,2327.71000000,2357.73000000,2304.00000000,2315.98000000,164884.36990000
2026-03-17T16:00:00Z,2315.98000000,2344.69000000,2312.44000000,2317.39000000,83121.83570000
2026-03-18T00:00:00Z,2317.38000000,2350.00000000,2307.00000000,2317.74000000,72512.85390000
2026-03-18T08:00:00Z,2317.73000000,2333.62000000,2168.97000000,2187.66000000,241178.26310000
2026-03-18T16:00:00Z,2187.67000000,2220.00000000,2153.21000000,2203.39000000,174349.77170000
2026-03-19T00:00:00Z,2203.39000000,2233.72000000,2143.14000000,2166.68000000,131790.91330000
2026-03-19T08:00:00Z,2166.68000000,2192.07000000,2099.38000000,2118.81000000,231100.36700000
2026-03-19T16:00:00Z,2118.81000000,2156.92000000,2104.87000000,2137.81000000,127900.39870000
2026-03-20T00:00:00Z,2137.82000000,2160.78000000,2121.25000000,2150.54000000,87774.70980000
2026-03-20T08:00:00Z,2150.53000000,2176.84000000,2116.88000000,2134.01000000,130173.69990000
2026-03-20T16:00:00Z,2134.00000000,2168.00000000,2117.41000000,2146.22000000,82207.76810000
2026-03-21T00:00:00Z,2146.21000000,2161.34000000,2144.24000000,2155.67000000,32210.92160000
2026-03-21T08:00:00Z,2155.67000000,2168.27000000,2146.45000000,2155.12000000,31991.28730000
2026-03-21T16:00:00Z,2155.13000000,2157.00000000,2070.78000000,2084.87000000,68357.25570000
2026-03-22T00:00:00Z,2084.86000000,2127.21000000,2050.12000000,2093.38000000,142165.28110000
2026-03-22T08:00:00Z,2093.40000000,2096.82000000,2066.97000000,2083.10000000,77376.82360000
2026-03-22T16:00:00Z,2083.10000000,2084.45000000,2026.00000000,2053.89000000,93528.45250000
2026-03-23T00:00:00Z,2053.90000000,2072.33000000,2023.04000000,2044.72000000,103609.51830000
2026-03-23T08:00:00Z,2044.73000000,2198.57000000,2028.20000000,2128.45000000,391391.13890000
2026-03-23T16:00:00Z,2128.46000000,2178.74000000,2117.77000000,2152.03000000,119507.77970000
2026-03-24T00:00:00Z,2152.03000000,2170.65000000,2124.26000000,2165.61000000,89142.70450000
2026-03-24T08:00:00Z,2165.61000000,2175.16000000,2120.00000000,2135.15000000,120473.75700000
2026-03-24T16:00:00Z,2135.15000000,2163.70000000,2103.02000000,2156.23000000,107087.01130000
2026-03-25T00:00:00Z,2156.22000000,2179.73000000,2146.35000000,2164.57000000,74165.97970000
2026-03-25T08:00:00Z,2164.57000000,2199.02000000,2147.67000000,2162.56000000,133376.86400000
2026-03-25T16:00:00Z,2162.56000000,2186.85000000,2155.93000000,2169.02000000,68098.68180000
2026-03-26T00:00:00Z,2169.02000000,2172.19000000,2112.17000000,2123.64000000,78741.42900000
2026-03-26T08:00:00Z,2123.64000000,2126.89000000,2052.01000000,2070.40000000,150735.72520000
2026-03-26T16:00:00Z,2070.40000000,2080.42000000,2034.54000000,2060.43000000,108533.46960000
2026-03-27T00:00:00Z,2060.43000000,2077.19000000,2043.49000000,2066.23000000,74861.52300000
2026-03-27T08:00:00Z,2066.24000000,2069.60000000,1970.93000000,1991.32000000,228148.24860000
2026-03-27T16:00:00Z,1991.32000000,1997.73000000,1974.48000000,1992.75000000,91863.75320000
2026-03-28T00:00:00Z,1992.76000000,2008.35000000,1983.17000000,2007.07000000,36314.28680000
2026-03-28T08:00:00Z,2007.07000000,2047.45000000,1992.25000000,2026.84000000,83447.71520000
2026-03-28T16:00:00Z,2026.84000000,2030.23000000,1989.64000000,1994.74000000,35069.80350000
2026-03-29T00:00:00Z,1994.74000000,2019.65000000,1991.52000000,2006.14000000,29441.72050000
2026-03-29T08:00:00Z,2006.14000000,2008.16000000,1983.56000000,1992.97000000,40300.49170000
2026-03-29T16:00:00Z,1992.98000000,2009.48000000,1938.82000000,1984.64000000,96984.52600000
2026-03-30T00:00:00Z,1984.65000000,2068.28000000,1980.28000000,2059.58000000,122290.49960000
2026-03-30T08:00:00Z,2059.58000000,2085.00000000,2044.25000000,2074.53000000,120822.65090000
2026-03-30T16:00:00Z,2074.53000000,2074.99000000,2013.33000000,2026.48000000,95191.28390000
2026-03-31T00:00:00Z,2026.48000000,2092.34000000,2016.29000000,2055.97000000,101351.72200000
2026-03-31T08:00:00Z,2055.98000000,2092.00000000,2012.64000000,2054.85000000,158728.98590000
2026-03-31T16:00:00Z,2054.85000000,2124.03000000,2054.29000000,2105.43000000,161817.19440000
2026-04-01T00:00:00Z,2105.43000000,2158.00000000,2082.08000000,2131.00000000,116155.02010000
2026-04-01T08:00:00Z,2131.00000000,2152.00000000,2108.72000000,2135.04000000,123495.26540000
2026-04-01T16:00:00Z,2135.04000000,2167.85000000,2123.58000000,2140.35000000,159577.09240000
2026-04-02T00:00:00Z,2140.35000000,2159.37000000,2038.63000000,2056.09000000,154658.66510000
2026-04-02T08:00:00Z,2056.09000000,2072.22000000,2017.04000000,2059.60000000,123598.51980000
2026-04-02T16:00:00Z,2059.59000000,2077.64000000,2043.65000000,2057.17000000,68615.64740000
2026-04-03T00:00:00Z,2057.18000000,2075.17000000,2040.66000000,2065.85000000,52333.83840000
2026-04-03T08:00:00Z,2065.84000000,2081.76000000,2041.65000000,2051.26000000,56129.60320000
2026-04-03T16:00:00Z,2051.26000000,2060.92000000,2043.78000000,2053.83000000,27803.19770000
2026-04-04T00:00:00Z,2053.83000000,2058.00000000,2047.92000000,2053.82000000,16208.17740000
2026-04-04T08:00:00Z,2053.82000000,2062.02000000,2044.63000000,2056.29000000,33066.90770000
2026-04-04T16:00:00Z,2056.29000000,2084.00000000,2053.07000000,2065.52000000,37229.35550000
2026-04-05T00:00:00Z,2065.51000000,2065.63000000,2027.75000000,2037.29000000,28563.63440000
2026-04-05T08:00:00Z,2037.29000000,2069.89000000,2021.50000000,2053.85000000,46270.70540000
2026-04-05T16:00:00Z,2053.85000000,2123.49000000,2048.69000000,2110.17000000,82518.98010000
2026-04-06T00:00:00Z,2110.17000000,2147.24000000,2110.17000000,2134.90000000,105994.57270000
2026-04-06T08:00:00Z,2134.91000000,2174.79000000,2133.42000000,2164.65000000,140886.40200000
2026-04-06T16:00:00Z,2164.65000000,2168.72000000,2087.50000000,2107.16000000,109173.31470000
2026-04-07T00:00:00Z,2107.16000000,2120.14000000,2093.64000000,2104.04000000,58881.61390000
2026-04-07T08:00:00Z,2104.03000000,2133.83000000,2060.24000000,2080.06000000,129230.43960000
2026-04-07T16:00:00Z,2080.07000000,2273.87000000,2077.52000000,2240.01000000,271982.75580000
2026-04-08T00:00:00Z,2240.01000000,2260.76000000,2228.24000000,2253.76000000,131039.33670000
2026-04-08T08:00:00Z,2253.76000000,2270.55000000,2186.61000000,2215.45000000,181809.64160000
2026-04-08T16:00:00Z,2215.44000000,2239.50000000,2179.78000000,2190.00000000,91868.65380000
2026-04-09T00:00:00Z,2190.00000000,2193.79000000,2162.00000000,2181.14000000,59165.06300000
2026-04-09T08:00:00Z,2181.14000000,2225.00000000,2157.31000000,2217.99000000,109367.94350000
2026-04-09T16:00:00Z,2218.00000000,2246.00000000,2183.33000000,2190.20000000,106784.94380000
2026-04-10T00:00:00Z,2190.17000000,2204.10000000,2176.10000000,2179.28000000,64787.29220000
2026-04-10T08:00:00Z,2179.27000000,2257.99000000,2177.13000000,2224.27000000,143421.98110000
2026-04-10T16:00:00Z,2224.28000000,2257.14000000,2221.46000000,2245.05000000,64689.81250000
2026-04-11T00:00:00Z,2245.06000000,2252.15000000,2229.00000000,2232.60000000,41832.44600000
2026-04-11T08:00:00Z,2232.60000000,2256.11000000,2232.14000000,2249.54000000,41658.66640000
2026-04-11T16:00:00Z,2249.54000000,2329.93000000,2246.53000000,2284.99000000,131294.29150000
2026-04-12T00:00:00Z,2285.00000000,2288.57000000,2207.06000000,2218.02000000,118981.50690000
2026-04-12T08:00:00Z,2218.02000000,2219.04000000,2175.00000000,2186.47000000,80318.44440000
2026-04-12T16:00:00Z,2186.47000000,2218.13000000,2183.09000000,2191.65000000,58856.93080000
2026-04-13T00:00:00Z,2191.64000000,2209.05000000,2182.22000000,2186.56000000,59647.24140000
2026-04-13T08:00:00Z,2186.57000000,2236.43000000,2175.68000000,2209.28000000,124876.91790000
2026-04-13T16:00:00Z,2209.28000000,2394.71000000,2200.00000000,2369.46000000,269346.66990000
2026-04-14T00:00:00Z,2369.46000000,2389.99000000,2354.60000000,2377.91000000,138288.97350000
2026-04-14T08:00:00Z,2377.92000000,2415.50000000,2332.72000000,2364.63000000,221178.72470000
2026-04-14T16:00:00Z,2364.62000000,2371.48000000,2302.90000000,2322.44000000,100639.68590000
2026-04-15T00:00:00Z,2322.44000000,2342.76000000,2308.50000000,2316.62000000,60407.09050000
2026-04-15T08:00:00Z,2316.62000000,2349.46000000,2312.15000000,2332.04000000,95131.62110000
2026-04-15T16:00:00Z,2332.03000000,2385.61000000,2329.10000000,2359.95000000,112651.92610000
2026-04-16T00:00:00Z,2359.94000000,2369.59000000,2335.72000000,2341.52000000,57402.82600000
2026-04-16T08:00:00Z,2341.52000000,2351.80000000,2285.10000000,2339.01000000,160833.63700000
2026-04-16T16:00:00Z,2339.01000000,2364.68000000,2309.96000000,2348.17000000,110724.47470000
2026-04-17T00:00:00Z,2348.16000000,2350.90000000,2317.43000000,2334.16000000,53480.74520000
2026-04-17T08:00:00Z,2334.15000000,2456.93000000,2332.98000000,2441.96000000,286710.33390000
2026-04-17T16:00:00Z,2441.96000000,2464.91000000,2415.41000000,2419.00000000,151540.28240000
2026-04-18T00:00:00Z,2419.00000000,2427.64000000,2399.52000000,2403.71000000,44014.75560000
2026-04-18T08:00:00Z,2403.71000000,2404.85000000,2343.44000000,2363.64000000,125335.37060000
2026-04-18T16:00:00Z,2363.64000000,2375.14000000,2339.92000000,2350.32000000,52391.26260000
2026-04-19T00:00:00Z,2350.33000000,2355.30000000,2300.00000000,2316.03000000,74696.13140000
2026-04-19T08:00:00Z,2316.03000000,2350.24000000,2306.42000000,2330.80000000,60942.24320000
2026-04-19T16:00:00Z,2330.80000000,2331.34000000,2252.72000000,2263.27000000,120448.45300000
2026-04-20T00:00:00Z,2263.28000000,2332.88000000,2259.67000000,2298.80000000,89509.41150000
2026-04-20T08:00:00Z,2298.81000000,2326.36000000,2278.38000000,2313.91000000,123048.09940000
2026-04-20T16:00:00Z,2313.92000000,2346.78000000,2297.97000000,2313.85000000,88442.55500000
2026-04-21T00:00:00Z,2313.84000000,2327.05000000,2300.01000000,2318.48000000,45726.56420000
2026-04-21T08:00:00Z,2318.48000000,2338.75000000,2290.35000000,2310.24000000,82758.41350000
2026-04-21T16:00:00Z,2310.25000000,2332.00000000,2284.19000000,2327.14000000,98160.99930000
2026-04-22T00:00:00Z,2327.15000000,2413.83000000,2312.95000000,2389.97000000,156124.32980000
2026-04-22T08:00:00Z,2389.98000000,2423.75000000,2383.00000000,2403.83000000,140140.19820000
2026-04-22T16:00:00Z,2403.84000000,2413.75000000,2373.95000000,2374.07000000,83442.59790000
2026-04-23T00:00:00Z,2374.08000000,2382.00000000,2331.50000000,2344.43000000,115549.77160000
2026-04-23T08:00:00Z,2344.43000000,2345.00000000,2305.61000000,2333.26000000,130958.93780000
2026-04-23T16:00:00Z,2333.26000000,2338.79000000,2285.42000000,2330.26000000,110136.98290000
2026-04-24T00:00:00Z,2330.27000000,2337.50000000,2300.22000000,2311.63000000,55653.83340000
2026-04-24T08:00:00Z,2311.63000000,2332.26000000,2301.61000000,2323.81000000,82680.65050000
2026-04-24T16:00:00Z,2323.81000000,2328.16000000,2307.20000000,2314.99000000,45553.13420000
2026-04-25T00:00:00Z,2314.98000000,2321.36000000,2311.27000000,2316.48000000,13967.21340000
2026-04-25T08:00:00Z,2316.48000000,2323.21000000,2303.00000000,2308.09000000,27112.27500000
2026-04-25T16:00:00Z,2308.08000000,2320.42000000,2300.55000000,2319.50000000,27059.73070000
2026-04-26T00:00:00Z,2319.49000000,2336.48000000,2306.72000000,2331.24000000,34994.05860000
2026-04-26T08:00:00Z,2331.25000000,2352.44000000,2324.19000000,2348.05000000,36619.11710000
2026-04-26T16:00:00Z,2348.06000000,2380.00000000,2340.56000000,2369.44000000,82978.44620000
2026-04-27T00:00:00Z,2369.45000000,2404.37000000,2312.71000000,2316.01000000,120320.37270000
2026-04-27T08:00:00Z,2316.00000000,2329.82000000,2266.09000000,2275.07000000,115476.91720000
2026-04-27T16:00:00Z,2275.07000000,2308.61000000,2270.04000000,2303.67000000,64566.56870000
2026-04-28T00:00:00Z,2303.66000000,2310.88000000,2270.53000000,2287.99000000,58185.75230000
2026-04-28T08:00:00Z,2288.00000000,2291.64000000,2258.24000000,2279.76000000,82497.03740000
2026-04-28T16:00:00Z,2279.76000000,2305.95000000,2274.38000000,2289.42000000,47249.43040000
2026-04-29T00:00:00Z,2289.42000000,2342.50000000,2278.84000000,2323.73000000,95073.94150000
2026-04-29T08:00:00Z,2323.74000000,2346.95000000,2263.10000000,2272.51000000,115743.48170000
2026-04-29T16:00:00Z,2272.50000000,2285.92000000,2220.36000000,2252.90000000,144260.67830000
2026-04-30T00:00:00Z,2252.90000000,2279.00000000,2231.64000000,2260.31000000,69439.08990000
2026-04-30T08:00:00Z,2260.31000000,2275.13000000,2245.82000000,2265.70000000,68607.90630000
2026-04-30T16:00:00Z,2265.70000000,2267.32000000,2251.62000000,2257.51000000,29147.28140000
2026-05-01T00:00:00Z,2257.51000000,2295.00000000,2257.21000000,2279.48000000,49836.56040000
2026-05-01T08:00:00Z,2279.50000000,2325.28000000,2277.06000000,2307.64000000,93509.04340000
2026-05-01T16:00:00Z,2307.64000000,2314.21000000,2278.98000000,2295.63000000,47736.95120000
2026-05-02T00:00:00Z,2295.63000000,2308.34000000,2292.91000000,2301.02000000,21057.72600000
2026-05-02T08:00:00Z,2301.01000000,2311.83000000,2299.05000000,2309.19000000,20070.32080000
2026-05-02T16:00:00Z,2309.18000000,2343.60000000,2304.08000000,2316.97000000,44460.42560000
2026-05-03T00:00:00Z,2316.97000000,2317.69000000,2297.59000000,2309.28000000,30690.41200000
2026-05-03T08:00:00Z,2309.28000000,2333.91000000,2307.49000000,2328.44000000,39029.21890000
2026-05-03T16:00:00Z,2328.45000000,2356.92000000,2315.00000000,2322.65000000,81354.80330000
2026-05-04T00:00:00Z,2322.65000000,2398.93000000,2309.24000000,2362.80000000,183748.51540000
2026-05-04T08:00:00Z,2362.79000000,2381.80000000,2314.25000000,2350.10000000,188946.22520000
2026-05-04T16:00:00Z,2350.11000000,2379.52000000,2336.63000000,2347.16000000,80326.05790000
2026-05-05T00:00:00Z,2347.17000000,2390.74000000,2344.93000000,2380.59000000,92408.59420000
2026-05-05T08:00:00Z,2380.59000000,2399.50000000,2366.76000000,2381.31000000,108189.46350000
2026-05-05T16:00:00Z,2381.30000000,2388.54000000,2354.34000000,2360.77000000,86038.67350000
2026-05-06T00:00:00Z,2360.76000000,2380.87000000,2355.00000000,2371.74000000,66569.47570000
2026-05-06T08:00:00Z,2371.74000000,2423.74000000,2346.68000000,2359.10000000,251263.58810000
2026-05-06T16:00:00Z,2359.10000000,2367.47000000,2338.00000000,2350.84000000,102834.25230000
2026-05-07T00:00:00Z,2350.84000000,2352.30000000,2313.89000000,2344.59000000,115022.32720000
2026-05-07T08:00:00Z,2344.59000000,2346.60000000,2285.95000000,2294.82000000,183646.73400000
2026-05-07T16:00:00Z,2294.82000000,2304.00000000,2280.10000000,2291.06000000,170852.87660000
2026-05-08T00:00:00Z,2291.06000000,2294.28000000,2265.61000000,2281.35000000,128262.49100000
2026-05-08T08:00:00Z,2281.37000000,2302.00000000,2269.96000000,2293.20000000,150920.47940000
2026-05-08T16:00:00Z,2293.20000000,2321.22000000,2286.42000000,2307.06000000,141852.18780000
2026-05-09T00:00:00Z,2307.07000000,2325.33000000,2304.19000000,2314.69000000,90929.80980000
2026-05-09T08:00:00Z,2314.69000000,2320.53000000,2300.00000000,2317.63000000,56765.50780000
2026-05-09T16:00:00Z,2317.64000000,2338.37000000,2315.29000000,2326.44000000,82735.83940000
2026-05-10T00:00:00Z,2326.43000000,2332.91000000,2318.33000000,2327.36000000,60242.48820000
2026-05-10T08:00:00Z,2327.36000000,2351.66000000,2319.00000000,2347.56000000,80806.97670000
2026-05-10T16:00:00Z,2347.56000000,2382.53000000,2311.83000000,2371.27000000,257073.39740000
2026-05-11T00:00:00Z,2371.26000000,2374.92000000,2320.01000000,2330.54000000,95633.54760000
2026-05-11T08:00:00Z,2330.55000000,2339.90000000,2304.00000000,2333.48000000,75627.31180000
2026-05-11T16:00:00Z,2333.48000000,2345.68000000,2323.68000000,2339.87000000,65701.19580000
2026-05-12T00:00:00Z,2339.88000000,2340.85000000,2291.63000000,2295.20000000,82174.20230000
2026-05-12T08:00:00Z,2295.20000000,2296.27000000,2256.67000000,2261.85000000,124058.07640000
2026-05-12T16:00:00Z,2261.86000000,2291.37000000,2256.27000000,2274.96000000,46748.82950000
2026-05-13T00:00:00Z,2274.97000000,2309.00000000,2273.34000000,2301.07000000,45872.32010000
2026-05-13T08:00:00Z,2301.07000000,2323.36000000,2234.13000000,2236.49000000,141074.45650000
2026-05-13T16:00:00Z,2236.48000000,2268.49000000,2235.48000000,2258.65000000,71508.95330000
2026-05-14T00:00:00Z,2258.66000000,2275.20000000,2238.64000000,2265.48000000,56999.29500000
2026-05-14T08:00:00Z,2265.49000000,2299.70000000,2246.13000000,2298.48000000,99776.89480000
2026-05-14T16:00:00Z,2298.48000000,2319.33000000,2280.18000000,2283.25000000,99904.64610000
2026-05-15T00:00:00Z,2283.26000000,2300.29000000,2237.95000000,2265.11000000,107254.04260000
2026-05-15T08:00:00Z,2265.11000000,2265.42000000,2205.11000000,2222.85000000,129101.51410000
2026-05-15T16:00:00Z,2222.86000000,2232.88000000,2215.00000000,2224.66000000,52180.99400000
2026-05-16T00:00:00Z,2224.65000000,2231.51000000,2182.00000000,2194.81000000,64037.41340000
2026-05-16T08:00:00Z,2194.81000000,2196.87000000,2162.55000000,2180.00000000,104353.88330000
2026-05-16T16:00:00Z,2180.00000000,2185.22000000,2170.50000000,2180.77000000,30897.27940000
2026-05-17T00:00:00Z,2180.77000000,2195.00000000,2167.98000000,2186.64000000,39618.43310000
2026-05-17T08:00:00Z,2186.63000000,2198.14000000,2178.39000000,2186.51000000,34472.06450000
2026-05-17T16:00:00Z,2186.51000000,2194.82000000,2091.48000000,2131.00000000,101026.31730000
2026-05-18T00:00:00Z,2131.00000000,2132.00000000,2104.99000000,2120.82000000,99070.92940000
2026-05-18T08:00:00Z,2120.82000000,2157.24000000,2093.77000000,2107.48000000,146563.93290000
2026-05-18T16:00:00Z,2107.49000000,2142.67000000,2077.23000000,2130.08000000,136243.53090000
2026-05-19T00:00:00Z,2130.08000000,2146.95000000,2118.60000000,2140.97000000,53338.16680000
2026-05-19T08:00:00Z,2140.97000000,2141.40000000,2094.47000000,2110.19000000,90974.97280000
2026-05-19T16:00:00Z,2110.20000000,2125.07000000,2102.09000000,2111.93000000,42631.93540000
2026-05-20T00:00:00Z,2111.93000000,2136.50000000,2103.29000000,2129.74000000,54428.76890000
2026-05-20T08:00:00Z,2129.75000000,2149.00000000,2113.87000000,2136.75000000,81100.40840000
2026-05-20T16:00:00Z,2136.76000000,2148.77000000,2118.45000000,2129.44000000,53559.11670000
2026-05-21T00:00:00Z,2129.44000000,2157.50000000,2124.25000000,2135.06000000,54933.52740000
2026-05-21T08:00:00Z,2135.07000000,2148.33000000,2105.15000000,2132.65000000,107538.29660000
2026-05-21T16:00:00Z,2132.64000000,2153.75000000,2121.79000000,2133.76000000,70417.28770000
2026-05-22T00:00:00Z,2133.77000000,2141.39000000,2122.22000000,2128.70000000,37473.96520000
2026-05-22T08:00:00Z,2128.70000000,2138.00000000,2112.47000000,2119.48000000,73219.17510000
2026-05-22T16:00:00Z,2119.49000000,2130.00000000,2057.79000000,2065.85000000,111090.11450000
2026-05-23T00:00:00Z,2065.86000000,2072.00000000,2009.30000000,2028.59000000,111472.76020000
2026-05-23T08:00:00Z,2028.58000000,2068.68000000,2021.07000000,2060.27000000,88915.63970000
2026-05-23T16:00:00Z,2060.27000000,2149.95000000,2057.25000000,2117.68000000,150157.82900000
2026-05-24T00:00:00Z,2117.69000000,2129.93000000,2113.10000000,2121.01000000,57566.39890000
2026-05-24T08:00:00Z,2121.02000000,2132.14000000,2079.52000000,2095.84000000,74159.68540000
2026-05-24T16:00:00Z,2095.83000000,2109.00000000,2063.00000000,2099.85000000,66022.67620000
2026-05-25T00:00:00Z,2099.86000000,2117.55000000,2092.26000000,2116.28000000,66131.43850000
2026-05-25T08:00:00Z,2116.29000000,2138.28000000,2111.70000000,2127.12000000,51355.01710000
2026-05-25T16:00:00Z,2127.13000000,2141.98000000,2102.35000000,2113.01000000,48942.14230000
2026-05-26T00:00:00Z,2113.01000000,2113.89000000,2084.52000000,2095.61000000,57633.05830000
2026-05-26T08:00:00Z,2095.61000000,2140.49000000,2078.75000000,2087.36000000,138273.49250000
2026-05-26T16:00:00Z,2087.36000000,2089.97000000,2055.06000000,2073.77000000,86646.75880000
2026-05-27T00:00:00Z,2073.77000000,2084.23000000,2056.31000000,2083.78000000,49182.69810000
2026-05-27T08:00:00Z,2083.77000000,2097.40000000,2051.96000000,2071.38000000,107768.67250000
2026-05-27T16:00:00Z,2071.39000000,2074.50000000,2016.00000000,2024.84000000,111011.78670000
2026-05-28T00:00:00Z,2024.83000000,2029.20000000,1967.00000000,1995.56000000,165368.00720000
2026-05-28T08:00:00Z,1995.56000000,2002.50000000,1967.38000000,1990.65000000,108942.12930000
2026-05-28T16:00:00Z,1990.65000000,2030.00000000,1985.22000000,2009.90000000,89524.78460000
2026-05-29T00:00:00Z,2009.89000000,2021.51000000,1997.24000000,2007.62000000,58720.49290000
2026-05-29T08:00:00Z,2007.61000000,2046.59000000,1976.48000000,2031.62000000,129791.82850000
2026-05-29T16:00:00Z,2031.62000000,2044.29000000,2005.00000000,2014.54000000,94633.37360000
2026-05-30T00:00:00Z,2014.54000000,2023.55000000,2002.00000000,2016.32000000,37395.93780000
2026-05-30T08:00:00Z,2016.32000000,2032.00000000,2013.92000000,2026.61000000,32075.27780000
2026-05-30T16:00:00Z,2026.63000000,2031.41000000,2019.50000000,2022.44000000,28506.31930000
2026-05-31T00:00:00Z,2022.44000000,2038.00000000,2020.83000000,2024.01000000,28868.48260000
2026-05-31T08:00:00Z,2024.02000000,2029.11000000,2005.83000000,2010.52000000,50133.06780000
2026-05-31T16:00:00Z,2010.52000000,2023.00000000,1993.75000000,2007.01000000,84733.94540000
2026-06-01T00:00:00Z,2007.02000000,2021.50000000,1971.70000000,1976.43000000,116749.22080000
2026-06-01T08:00:00Z,1976.42000000,1994.39000000,1956.04000000,1968.45000000,140076.65430000
2026-06-01T16:00:00Z,1968.45000000,2009.20000000,1958.79000000,2006.73000000,117602.40880000
2026-06-02T00:00:00Z,2006.73000000,2006.78000000,1962.76000000,1981.88000000,94225.19270000
2026-06-02T08:00:00Z,1981.89000000,1989.00000000,1890.00000000,1914.81000000,212836.75940000
2026-06-02T16:00:00Z,1914.81000000,1943.87000000,1839.02000000,1859.84000000,249823.58970000
2026-06-03T00:00:00Z,1859.84000000,1884.41000000,1816.92000000,1878.39000000,213227.07420000
2026-06-03T08:00:00Z,1878.39000000,1893.07000000,1836.21000000,1837.21000000,131736.29290000
2026-06-03T16:00:00Z,1837.22000000,1852.20000000,1769.62000000,1813.05000000,239797.11470000
2026-06-04T00:00:00Z,1813.05000000,1820.50000000,1717.28000000,1777.45000000,283031.61030000
2026-06-04T08:00:00Z,1777.44000000,1794.43000000,1730.13000000,1777.02000000,252891.25750000
2026-06-04T16:00:00Z,1777.03000000,1787.11000000,1752.46000000,1770.77000000,112383.23730000
2026-06-05T00:00:00Z,1770.76000000,1774.99000000,1625.78000000,1679.21000000,401846.42470000
2026-06-05T08:00:00Z,1679.22000000,1690.07000000,1572.22000000,1583.29000000,423751.69130000
2026-06-05T16:00:00Z,1583.29000000,1619.30000000,1540.19000000,1583.40000000,431415.04480000
2026-06-06T00:00:00Z,1583.40000000,1601.22000000,1505.68000000,1575.14000000,250640.19160000
2026-06-06T08:00:00Z,1575.14000000,1593.04000000,1535.68000000,1560.45000000,204682.41900000
2026-06-06T16:00:00Z,1560.45000000,1570.06000000,1547.05000000,1569.69000000,103135.75660000
2026-06-07T00:00:00Z,1569.68000000,1623.52000000,1564.10000000,1615.18000000,145255.32330000
2026-06-07T08:00:00Z,1615.18000000,1648.70000000,1607.00000000,1630.07000000,152841.08220000
2026-06-07T16:00:00Z,1630.07000000,1721.93000000,1604.00000000,1690.51000000,160184.18540000
2026-06-08T00:00:00Z,1690.50000000,1711.58000000,1645.00000000,1673.47000000,148152.05780000
2026-06-08T08:00:00Z,1673.46000000,1706.22000000,1657.21000000,1691.59000000,202950.70030000
2026-06-08T16:00:00Z,1691.59000000,1714.50000000,1675.80000000,1690.49000000,128924.55400000
2026-06-09T00:00:00Z,1690.48000000,1696.88000000,1654.63000000,1679.86000000,121311.53940000
2026-06-09T08:00:00Z,1679.86000000,1683.32000000,1633.84000000,1636.40000000,148790.46370000
2026-06-09T16:00:00Z,1636.40000000,1663.77000000,1614.02000000,1639.52000000,114045.23180000
2026-06-10T00:00:00Z,1639.52000000,1646.91000000,1616.33000000,1640.09000000,56698.31880000
2026-06-10T08:00:00Z,1640.10000000,1667.96000000,1606.01000000,1657.97000000,129670.66070000
2026-06-10T16:00:00Z,1657.98000000,1658.73000000,1603.44000000,1621.59000000,104422.30240000
2026-06-11T00:00:00Z,1621.60000000,1663.14000000,1621.60000000,1654.41000000,72851.00020000
2026-06-11T08:00:00Z,1654.40000000,1673.50000000,1636.19000000,1645.55000000,86211.80460000
2026-06-11T16:00:00Z,1645.56000000,1693.59000000,1632.71000000,1673.46000000,119444.91560000
2026-06-12T00:00:00Z,1673.46000000,1682.00000000,1652.09000000,1662.12000000,50883.02490000
2026-06-12T08:00:00Z,1662.12000000,1691.07000000,1653.74000000,1660.08000000,96547.54810000
2026-06-12T16:00:00Z,1660.08000000,1678.10000000,1657.38000000,1666.41000000,54457.43720000
2026-06-13T00:00:00Z,1666.42000000,1677.74000000,1662.20000000,1676.38000000,32443.32080000
2026-06-13T08:00:00Z,1676.38000000,1686.56000000,1672.80000000,1682.15000000,38422.45350000
2026-06-13T16:00:00Z,1682.14000000,1697.28000000,1671.44000000,1681.18000000,35885.83340000
2026-06-14T00:00:00Z,1681.19000000,1690.36000000,1673.72000000,1675.91000000,25999.10470000
2026-06-14T08:00:00Z,1675.91000000,1679.00000000,1654.90000000,1662.95000000,38748.83740000
2026-06-14T16:00:00Z,1662.95000000,1732.28000000,1658.95000000,1725.62000000,113262.01200000
2026-06-15T00:00:00Z,1725.63000000,1733.04000000,1709.66000000,1716.59000000,79964.46770000
2026-06-15T08:00:00Z,1716.60000000,1849.54000000,1712.17000000,1845.53000000,257097.05750000
2026-06-15T16:00:00Z,1845.53000000,1847.13000000,1782.82000000,1796.13000000,127073.73010000
2026-06-16T00:00:00Z,1796.14000000,1802.09000000,1758.00000000,1774.24000000,100934.56310000
2026-06-16T08:00:00Z,1774.25000000,1839.77000000,1763.36000000,1782.44000000,181212.11240000
2026-06-16T16:00:00Z,1782.43000000,1808.44000000,1773.03000000,1792.99000000,71430.87350000
2026-06-17T00:00:00Z,1793.00000000,1810.21000000,1778.71000000,1785.08000000,54784.80260000
2026-06-17T08:00:00Z,1785.09000000,1786.15000000,1741.05000000,1773.41000000,117247.07760000
2026-06-17T16:00:00Z,1773.42000000,1796.08000000,1725.34000000,1750.60000000,162466.17730000
2026-06-18T00:00:00Z,1750.61000000,1762.99000000,1722.24000000,1749.79000000,74985.01010000
2026-06-18T08:00:00Z,1749.80000000,1753.61000000,1680.00000000,1682.23000000,141605.57070000
2026-06-18T16:00:00Z,1682.23000000,1717.23000000,1671.79000000,1711.11000000,95890.38480000
2026-06-19T00:00:00Z,1711.11000000,1719.51000000,1682.35000000,1695.82000000,70273.54380000
2026-06-19T08:00:00Z,1695.82000000,1712.06000000,1679.11000000,1707.86000000,58284.68840000
2026-06-19T16:00:00Z,1707.87000000,1715.00000000,1693.70000000,1711.19000000,36519.96620000
2026-06-20T00:00:00Z,1711.18000000,1733.89000000,1704.06000000,1725.82000000,43125.74940000
2026-06-20T08:00:00Z,1725.81000000,1749.55000000,1708.11000000,1740.63000000,58873.81240000
2026-06-20T16:00:00Z,1740.63000000,1746.17000000,1721.03000000,1741.08000000,57792.25930000
2026-06-21T00:00:00Z,1741.08000000,1741.45000000,1729.80000000,1732.36000000,30634.58430000
2026-06-21T08:00:00Z,1732.36000000,1737.02000000,1717.14000000,1730.72000000,38609.96740000
2026-06-21T16:00:00Z,1730.71000000,1739.32000000,1702.00000000,1706.94000000,54517.91720000
2026-06-22T00:00:00Z,1706.94000000,1759.84000000,1706.94000000,1746.34000000,79802.42640000
2026-06-22T08:00:00Z,1746.34000000,1779.90000000,1742.41000000,1744.74000000,104349.55640000
2026-06-22T16:00:00Z,1744.75000000,1747.70000000,1717.02000000,1728.19000000,78505.19920000
2026-06-23T00:00:00Z,1728.19000000,1736.25000000,1680.52000000,1683.01000000,70646.32590000
2026-06-23T08:00:00Z,1683.02000000,1684.80000000,1635.65000000,1659.78000000,120097.11450000
2026-06-23T16:00:00Z,1659.78000000,1673.89000000,1650.00000000,1667.13000000,57518.57160000
2026-06-24T00:00:00Z,1667.13000000,1680.46000000,1658.18000000,1673.12000000,46795.00380000
2026-06-24T08:00:00Z,1673.13000000,1693.67000000,1616.80000000,1618.08000000,122096.75050000
2026-06-24T16:00:00Z,1618.08000000,1636.08000000,1552.95000000,1622.17000000,186836.58600000
2026-06-25T00:00:00Z,1622.18000000,1660.54000000,1614.69000000,1657.19000000,87525.89870000
2026-06-25T08:00:00Z,1657.20000000,1658.98000000,1532.90000000,1570.01000000,242519.32970000
2026-06-25T16:00:00Z,1570.01000000,1587.70000000,1554.60000000,1567.84000000,110625.77660000
2026-06-26T00:00:00Z,1567.86000000,1586.50000000,1512.00000000,1581.12000000,152302.48700000
2026-06-26T08:00:00Z,1581.12000000,1588.23000000,1521.54000000,1580.14000000,190944.55990000
2026-06-26T16:00:00Z,1580.13000000,1594.70000000,1568.00000000,1578.68000000,80444.39240000
2026-06-27T00:00:00Z,1578.68000000,1587.17000000,1571.55000000,1585.71000000,34348.82810000
2026-06-27T08:00:00Z,1585.72000000,1611.02000000,1579.00000000,1605.68000000,47643.95380000
2026-06-27T16:00:00Z,1605.68000000,1607.92000000,1562.86000000,1573.99000000,49599.57790000
2026-06-28T00:00:00Z,1574.00000000,1580.05000000,1562.41000000,1575.96000000,33196.52590000
2026-06-28T08:00:00Z,1575.96000000,1588.82000000,1572.23000000,1580.89000000,47542.48560000
2026-06-28T16:00:00Z,1580.90000000,1582.29000000,1548.37000000,1571.96000000,59442.13020000
2026-06-29T00:00:00Z,1571.96000000,1589.75000000,1550.43000000,1580.16000000,61501.36480000
2026-06-29T08:00:00Z,1580.17000000,1597.28000000,1557.35000000,1580.26000000,133834.45260000
2026-06-29T16:00:00Z,1580.26000000,1637.58000000,1574.06000000,1613.07000000,114633.15740000
2026-06-30T00:00:00Z,1613.07000000,1614.41000000,1579.79000000,1592.51000000,59985.79780000
2026-06-30T08:00:00Z,1592.51000000,1594.28000000,1550.20000000,1565.18000000,107837.67750000
2026-06-30T16:00:00Z,1565.19000000,1582.98000000,1561.84000000,1572.01000000,54233.72890000
2026-07-01T00:00:00Z,1572.00000000,1604.02000000,1552.92000000,1578.36000000,89663.03430000
2026-07-01T08:00:00Z,1578.36000000,1631.00000000,1565.26000000,1620.09000000,120672.28900000
2026-07-01T16:00:00Z,1620.10000000,1646.26000000,1607.17000000,1609.58000000,96200.98770000
2026-07-02T00:00:00Z,1609.59000000,1642.32000000,1597.22000000,1615.97000000,84992.48500000
2026-07-02T08:00:00Z,1615.97000000,1725.00000000,1615.08000000,1697.05000000,228101.33750000
2026-07-02T16:00:00Z,1697.06000000,1707.14000000,1686.49000000,1700.57000000,60359.68570000
2026-07-03T00:00:00Z,1700.57000000,1722.21000000,1694.72000000,1717.77000000,64947.12430000
2026-07-03T08:00:00Z,1717.77000000,1753.29000000,1715.68000000,1731.24000000,107615.94660000
2026-07-03T16:00:00Z,1731.24000000,1775.78000000,1727.87000000,1758.21000000,71853.79710000
2026-07-04T00:00:00Z,1758.22000000,1764.61000000,1744.09000000,1758.19000000,46171.08870000
2026-07-04T08:00:00Z,1758.18000000,1799.92000000,1755.00000000,1791.09000000,69209.90590000
2026-07-04T16:00:00Z,1791.08000000,1807.65000000,1772.10000000,1780.64000000,75499.15510000
2026-07-05T00:00:00Z,1780.64000000,1780.75000000,1757.00000000,1770.10000000,133697.62230000
2026-07-05T08:00:00Z,1770.09000000,1781.28000000,1748.79000000,1774.67000000,195996.44810000
2026-07-05T16:00:00Z,1774.66000000,1808.00000000,1769.29000000,1785.65000000,59979.34870000
2026-07-06T00:00:00Z,1785.65000000,1799.02000000,1764.42000000,1772.32000000,55751.21540000
2026-07-06T08:00:00Z,1772.32000000,1788.96000000,1728.95000000,1788.57000000,135521.01870000
2026-07-06T16:00:00Z,1788.57000000,1833.40000000,1782.42000000,1799.56000000,114607.09630000
2026-07-07T00:00:00Z,1799.56000000,1810.16000000,1757.57000000,1771.24000000,74378.34140000
2026-07-07T08:00:00Z,1771.23000000,1803.03000000,1761.19000000,1797.45000000,92851.65240000
2026-07-07T16:00:00Z,1797.45000000,1813.16000000,1765.35000000,1771.45000000,74306.73150000
2026-07-08T00:00:00Z,1771.45000000,1785.00000000,1741.21000000,1756.70000000,71042.60770000
2026-07-08T08:00:00Z,1756.70000000,1758.70000000,1713.44000000,1722.96000000,109029.97150000
2026-07-08T16:00:00Z,1722.96000000,1746.52000000,1722.78000000,1743.54000000,45158.64620000
2026-07-09T00:00:00Z,1743.55000000,1762.36000000,1721.93000000,1753.31000000,65417.75230000
2026-07-09T08:00:00Z,1753.30000000,1758.68000000,1733.36000000,1739.51000000,70978.70840000
2026-07-09T16:00:00Z,1739.51000000,1759.82000000,1731.99000000,1745.16000000,37308.79650000
2026-07-10T00:00:00Z,1745.17000000,1780.33000000,1737.68000000,1773.20000000,69203.83060000
2026-07-10T08:00:00Z,1773.20000000,1812.00000000,1772.63000000,1791.11000000,103427.67200000
2026-07-10T16:00:00Z,1791.11000000,1799.53000000,1781.20000000,1796.85000000,42974.30190000
2026-07-11T00:00:00Z,1796.85000000,1803.29000000,1786.77000000,1800.00000000,39454.17320000
2026-07-11T08:00:00Z,1799.99000000,1828.00000000,1795.15000000,1814.83000000,62126.20600000
2026-07-11T16:00:00Z,1814.82000000,1830.00000000,1786.58000000,1787.76000000,77123.03910000
2026-07-12T00:00:00Z,1787.76000000,1813.67000000,1779.46000000,1798.78000000,44972.51470000
2026-07-12T08:00:00Z,1798.78000000,1826.92000000,1796.48000000,1820.93000000,46338.21000000
2026-07-12T16:00:00Z,1820.94000000,1824.39000000,1797.63000000,1806.80000000,49762.25880000
2026-07-13T00:00:00Z,1806.80000000,1846.00000000,1773.99000000,1787.57000000,133663.04860000
2026-07-13T08:00:00Z,1787.58000000,1793.56000000,1762.44000000,1777.01000000,82577.19800000
2026-07-13T16:00:00Z,1777.00000000,1780.73000000,1750.20000000,1776.72000000,78791.37320000
2026-07-14T00:00:00Z,1776.71000000,1794.47000000,1773.41000000,1781.21000000,48968.73990000
2026-07-14T08:00:00Z,1781.21000000,1888.80000000,1779.00000000,1875.22000000,240528.85140000
2026-07-14T16:00:00Z,1875.22000000,1896.14000000,1860.56000000,1891.87000000,79416.18070000
2026-07-15T00:00:00Z,1891.87000000,1893.32000000,1864.38000000,1870.04000000,71488.15030000
2026-07-15T08:00:00Z,1870.04000000,1946.52000000,1870.03000000,1931.95000000,172370.70880000
2026-07-15T16:00:00Z,1931.96000000,1937.00000000,1904.36000000,1917.86000000,75942.11020000
2026-07-16T00:00:00Z,1917.86000000,1929.48000000,1905.00000000,1910.63000000,57325.61530000
2026-07-16T08:00:00Z,1910.64000000,1912.85000000,1867.68000000,1881.88000000,149444.29150000
2026-07-16T16:00:00Z,1881.89000000,1883.00000000,1857.54000000,1864.71000000,64919.17950000
2026-07-17T00:00:00Z,1864.71000000,1871.08000000,1820.74000000,1828.52000000,90020.53940000
2026-07-17T08:00:00Z,1828.52000000,1843.26000000,1803.05000000,1830.88000000,109840.82240000
2026-07-17T16:00:00Z,1830.89000000,1856.17000000,1825.32000000,1841.93000000,53166.39380000
2026-07-18T00:00:00Z,1841.94000000,1849.68000000,1839.38000000,1844.20000000,23821.00900000
2026-07-18T08:00:00Z,1844.20000000,1850.64000000,1837.58000000,1844.15000000,27788.83850000
2026-07-18T16:00:00Z,1844.15000000,1867.58000000,1841.51000000,1862.61000000,40988.07570000
2026-07-19T00:00:00Z,1862.61000000,1877.33000000,1858.17000000,1870.25000000,44528.23750000
2026-07-19T08:00:00Z,1870.26000000,1879.38000000,1863.46000000,1870.91000000,45566.53930000
2026-07-19T16:00:00Z,1870.91000000,1877.03000000,1851.71000000,1872.23000000,53827.88940000
2026-07-20T00:00:00Z,1872.24000000,1891.71000000,1843.14000000,1863.95000000,81694.18680000
2026-07-20T08:00:00Z,1863.95000000,1904.92000000,1853.65000000,1902.34000000,109231.04350000
2026-07-20T16:00:00Z,1902.34000000,1918.16000000,1890.07000000,1904.77000000,80270.40270000
2026-07-21T00:00:00Z,1904.77000000,1940.25000000,1900.74000000,1934.08000000,79946.47050000
2026-07-21T08:00:00Z,1934.07000000,1953.00000000,1923.36000000,1931.81000000,176376.87330000
2026-07-21T16:00:00Z,1931.81000000,1935.36000000,1915.00000000,1930.09000000,70642.33410000
2026-07-22T00:00:00Z,1930.09000000,1944.68000000,1910.68000000,1914.44000000,86161.70210000
2026-07-22T08:00:00Z,1914.43000000,1955.92000000,1913.26000000,1943.03000000,98297.47050000
2026-07-22T16:00:00Z,1943.04000000,1956.45000000,1921.00000000,1934.25000000,66681.65270000
2026-07-23T00:00:00Z,1934.26000000,1941.50000000,1912.60000000,1915.65000000,53344.84100000
2026-07-23T08:00:00Z,1915.65000000,1931.66000000,1882.98000000,1895.23000000,105238.65900000
2026-07-23T16:00:00Z,1895.23000000,1895.41000000,1869.44000000,1878.38000000,61205.57330000
2026-07-24T00:00:00Z,1878.38000000,1909.80000000,1859.67000000,1895.98000000,68047.84760000
2026-07-24T08:00:00Z,1895.98000000,1896.04000000,1848.09000000,1861.81000000,91123.07710000
2026-07-24T16:00:00Z,1861.82000000,1866.76000000,1853.50000000,1861.44000000,41624.51140000
2026-07-25T00:00:00Z,1861.44000000,1864.69000000,1854.61000000,1856.02000000,26979.34470000
2026-07-25T08:00:00Z,1856.03000000,1872.35000000,1851.22000000,1867.88000000,36872.81060000
2026-07-25T16:00:00Z,1867.88000000,1877.07000000,1864.65000000,1874.89000000,24582.33270000
2026-07-26T00:00:00Z,1874.88000000,1889.36000000,1873.85000000,1881.56000000,21600.75230000
2026-07-26T08:00:00Z,1881.57000000,1917.82000000,1878.74000000,1914.63000000,43919.92920000
2026-07-26T16:00:00Z,1914.63000000,1967.36000000,1908.75000000,1954.72000000,87713.01340000
2026-07-27T00:00:00Z,1954.72000000,1981.24000000,1936.51000000,1964.36000000,103983.28260000
2026-07-27T08:00:00Z,1964.37000000,1977.99000000,1919.09000000,1927.75000000,131810.35540000
2026-07-27T16:00:00Z,1927.74000000,1955.41000000,1882.49000000,1892.53000000,106657.84200000
2026-07-28T00:00:00Z,1892.53000000,1894.45000000,1866.31000000,1883.83000000,83253.75630000
2026-07-28T08:00:00Z,1883.84000000,1924.41000000,1856.88000000,1920.02000000,125091.54770000
2026-07-28T16:00:00Z,1920.02000000,1929.67000000,1892.71000000,1922.23000000,80879.85890000
2026-07-29T00:00:00Z,1922.22000000,1928.51000000,1884.51000000,1924.71000000,72700.69570000
2026-07-29T08:00:00Z,1924.71000000,1925.35000000,1887.31000000,1892.11000000,92730.06010000
2026-07-29T16:00:00Z,1892.11000000,1935.68000000,1872.00000000,1910.72000000,133131.58820000
2026-07-30T00:00:00Z,1910.72000000,1921.92000000,1893.99000000,1903.25000000,61922.67030000
2026-07-30T08:00:00Z,1903.26000000,1936.99000000,1900.51000000,1918.90000000,70668.97170000
2026-07-30T16:00:00Z,1918.90000000,1936.79000000,1914.81000000,1918.31000000,43940.03980000
2026-07-31T00:00:00Z,1918.32000000,1936.15000000,1884.53000000,1890.20000000,67526.03710000
2026-07-31T08:00:00Z,1890.20000000,1893.33000000,1848.70000000,1862.94000000,125987.66560000
2026-07-31T16:00:00Z,1862.93000000,1878.14000000,1858.80000000,1862.60000000,49391.08380000
2026-08-01T00:00:00Z,1862.60000000,1871.98000000,1862.38000000,1869.80000000,19683.18150000
2026-08-01T08:00:00Z,1869.81000000,1875.45000000,1863.10000000,1870.09000000,27720.94800000
2026-08-01T16:00:00Z,1870.10000000,1873.60000000,1822.06000000,1844.94000000,61482.85830000
2026-08-02T00:00:00Z,1844.95000000,1884.69000000,1843.67000000,1876.10000000,48833.16870000
2026-08-02T08:00:00Z,1876.10000000,1879.00000000,1849.50000000,1858.82000000,29587.22660000
2026-08-02T16:00:00Z,1858.82000000,1898.50000000,1856.03000000,1885.36000000,45234.66790000
2026-08-03T00:00:00Z,1885.36000000,1885.95000000,1840.00000000,1843.97000000,45638.16910000
2026-08-03T08:00:00Z,1843.96000000,1874.35000000,1828.62000000,1863.34000000,86063.26690000
2026-08-03T16:00:00Z,1863.34000000,1876.50000000,1852.45000000,1860.50000000,43905.57390000
2026-08-04T00:00:00Z,1860.50000000,1882.44000000,1848.38000000,1863.87000000,61677.21050000
2026-08-04T08:00:00Z,1863.88000000,1882.00000000,1853.48000000,1873.07000000,70693.09920000
2026-08-04T16:00:00Z,1873.08000000,1881.81000000,1865.65000000,1869.75000000,52884.23550000
2026-08-05T00:00:00Z,1869.74000000,1878.00000000,1861.34000000,1872.20000000,55544.59110000
2026-08-05T08:00:00Z,1872.20000000,1885.29000000,1855.50000000,1873.91000000,85316.20670000
2026-08-05T16:00:00Z,1873.91000000,1928.00000000,1873.40000000,1908.90000000,97469.52910000
2026-08-06T00:00:00Z,1908.91000000,1918.70000000,1895.10000000,1909.33000000,49919.01060000
2026-08-06T08:00:00Z,1909.33000000,1920.51000000,1892.04000000,1910.69000000,82956.38930000
2026-08-06T16:00:00Z,1910.70000000,1918.47000000,1898.94000000,1904.10000000,44654.31360000
2026-08-07T00:00:00Z,1904.10000000,1908.61000000,1894.35000000,1902.36000000,39120.58490000
2026-08-07T08:00:00Z,1902.35000000,1943.02000000,1901.91000000,1917.88000000,124266.92610000
2026-08-07T16:00:00Z,1917.87000000,1925.00000000,1905.40000000,1914.18000000,46889.01800000
2026-08-08T00:00:00Z,1914.19000000,1919.58000000,1912.27000000,1915.11000000,15663.46140000
2026-08-08T08:00:00Z,1915.11000000,1926.72000000,1914.58000000,1922.62000000,22081.28710000
2026-08-08T16:00:00Z,1922.63000000,1926.45000000,1914.69000000,1916.74000000,19127.64460000
2026-08-09T00:00:00Z,1916.75000000,1920.21000000,1912.36000000,1918.97000000,20460.96560000
2026-08-09T08:00:00Z,1918.97000000,1927.36000000,1913.39000000,1926.56000000,29277.29680000
2026-08-09T16:00:00Z,1926.57000000,1938.22000000,1907.56000000,1910.65000000,38117.06290000
2026-08-10T00:00:00Z,1910.65000000,1931.57000000,1906.17000000,1925.26000000,57535.62060000
2026-08-10T08:00:00Z,1925.26000000,1929.74000000,1871.37000000,1877.00000000,93301.25580000
2026-08-10T16:00:00Z,1876.99000000,1881.31000000,1867.96000000,1873.16000000,58972.14570000
2026-08-11T00:00:00Z,1873.16000000,1882.18000000,1870.29000000,1877.95000000,47767.58180000
2026-08-11T08:00:00Z,1877.95000000,1897.80000000,1853.62000000,1862.74000000,89280.40980000
2026-08-11T16:00:00Z,1862.75000000,1887.64000000,1859.78000000,1882.59000000,56252.52500000
2026-08-12T00:00:00Z,1882.58000000,1893.37000000,1880.65000000,1891.69000000,33075.84800000
2026-08-12T08:00:00Z,1891.70000000,1925.00000000,1884.54000000,1892.75000000,95360.38510000
2026-08-12T16:00:00Z,1892.75000000,1895.77000000,1873.29000000,1879.81000000,42819.76440000
2026-08-13T00:00:00Z,1879.80000000,1900.00000000,1873.17000000,1895.57000000,44811.72180000
2026-08-13T08:00:00Z,1895.57000000,1897.36000000,1875.49000000,1880.01000000,62340.47310000
2026-08-13T16:00:00Z,1880.01000000,1893.03000000,1863.67000000,1886.15000000,46988.43590000
2026-08-14T00:00:00Z,1886.16000000,1891.30000000,1872.28000000,1873.40000000,29088.71890000
2026-08-14T08:00:00Z,1873.40000000,1884.71000000,1864.28000000,1881.56000000,51528.68260000
2026-08-14T16:00:00Z,1881.56000000,1888.42000000,1873.70000000,1882.20000000,27506.37190000
2026-08-15T00:00:00Z,1882.20000000,1886.59000000,1880.00000000,1880.40000000,14189.06610000
2026-08-15T08:00:00Z,1880.40000000,1885.83000000,1876.01000000,1884.91000000,18482.89610000
2026-08-15T16:00:00Z,1884.92000000,1886.58000000,1881.98000000,1882.64000000,15525.12870000
2026-08-16T00:00:00Z,1882.64000000,1885.00000000,1877.01000000,1881.54000000,15225.21620000
2026-08-16T08:00:00Z,1881.54000000,1885.00000000,1879.27000000,1884.06000000,16849.81330000
2026-08-16T16:00:00Z,1884.06000000,1892.31000000,1869.17000000,1876.00000000,36499.39360000
2026-08-17T00:00:00Z,1876.01000000,1912.60000000,1872.46000000,1900.93000000,72354.55350000
2026-08-17T08:00:00Z,1900.93000000,1915.50000000,1891.57000000,1913.22000000,62960.11730000
2026-08-17T16:00:00Z,1913.22000000,1918.71000000,1903.59000000,1913.60000000,40412.61630000
2026-08-18T00:00:00Z,1913.59000000,1914.38000000,1885.78000000,1898.84000000,47323.23800000
2026-08-18T08:00:00Z,1898.83000000,1923.27000000,1893.80000000,1917.70000000,61522.34440000
2026-08-18T16:00:00Z,1917.71000000,1922.30000000,1910.81000000,1917.85000000,35591.32600000
2026-08-19T00:00:00Z,1917.85000000,1921.32000000,1906.00000000,1916.01000000,46966.44250000
2026-08-19T08:00:00Z,1916.01000000,2115.00000000,1915.32000000,2085.83000000,324653.06050000
2026-08-19T16:00:00Z,2085.83000000,2333.65000000,2067.43000000,2252.80000000,427933.84170000
2026-08-20T00:00:00Z,2252.81000000,2274.25000000,2221.54000000,2251.81000000,182316.23080000
2026-08-20T08:00:00Z,2251.81000000,2337.89000000,2249.19000000,2326.41000000,287724.09010000
2026-08-20T16:00:00Z,2326.40000000,2360.00000000,2306.67000000,2326.82000000,178580.40190000
2026-08-21T00:00:00Z,2326.83000000,2398.71000000,2324.99000000,2371.66000000,187097.69600000
2026-08-21T08:00:00Z,2371.67000000,2447.98000000,2357.18000000,2393.65000000,292305.14590000
2026-08-21T16:00:00Z,2393.64000000,2546.78000000,2384.00000000,2516.30000000,261260.07270000
2026-08-22T00:00:00Z,2516.31000000,2529.99000000,2385.00000000,2433.31000000,267974.07890000
2026-08-22T08:00:00Z,2433.32000000,2441.10000000,2389.45000000,2410.90000000,133692.32910000
2026-08-22T16:00:00Z,2410.89000000,2444.71000000,2403.47000000,2422.60000000,83498.48210000
2026-08-23T00:00:00Z,2422.60000000,2435.53000000,2355.71000000,2389.02000000,111119.77680000
2026-08-23T08:00:00Z,2389.01000000,2484.06000000,2386.96000000,2438.62000000,160017.58440000
2026-08-23T16:00:00Z,2438.61000000,2484.62000000,2432.81000000,2463.41000000,107709.84100000
2026-08-24T00:00:00Z,2463.42000000,2474.09000000,2424.73000000,2454.64000000,114049.19500000
2026-08-24T08:00:00Z,2454.67000000,2532.95000000,2436.41000000,2487.99000000,238425.44040000
2026-08-24T16:00:00Z,2487.99000000,2506.00000000,2455.00000000,2482.31000000,114960.55140000
2026-08-25T00:00:00Z,2482.31000000,2532.50000000,2464.41000000,2478.94000000,127927.13370000
2026-08-25T08:00:00Z,2478.94000000,2498.00000000,2440.00000000,2482.88000000,121200.99150000
2026-08-25T16:00:00Z,2482.89000000,2485.60000000,2414.64000000,2442.64000000,92260.83580000
2026-08-26T00:00:00Z,2442.65000000,2472.86000000,2435.81000000,2461.78000000,53151.86830000
2026-08-26T08:00:00Z,2461.78000000,2475.61000000,2432.32000000,2449.85000000,98497.44040000
2026-08-26T16:00:00Z,2449.85000000,2515.38000000,2438.10000000,2506.78000000,98933.96200000
2026-08-27T00:00:00Z,2506.78000000,2510.64000000,2481.74000000,2497.16000000,56520.99750000
2026-08-27T08:00:00Z,2497.17000000,2566.53000000,2482.54000000,2521.68000000,186792.55560000
2026-08-27T16:00:00Z,2521.68000000,2533.78000000,2488.74000000,2510.94000000,93600.50690000
2026-08-28T00:00:00Z,2510.94000000,2535.05000000,2477.49000000,2496.48000000,72510.37230000
2026-08-28T08:00:00Z,2496.47000000,2526.64000000,2468.00000000,2471.89000000,140392.82210000
2026-08-28T16:00:00Z,2471.89000000,2473.95000000,2405.97000000,2442.80000000,148179.27280000
2026-08-29T00:00:00Z,2442.79000000,2448.05000000,2430.45000000,2436.41000000,31018.32680000
2026-08-29T08:00:00Z,2436.40000000,2452.64000000,2431.20000000,2444.76000000,32601.23820000
2026-08-29T16:00:00Z,2444.75000000,2459.76000000,2444.52000000,2457.67000000,39904.36050000
2026-08-30T00:00:00Z,2457.67000000,2467.93000000,2451.55000000,2455.28000000,33405.23740000
2026-08-30T08:00:00Z,2455.28000000,2484.00000000,2451.79000000,2481.11000000,58772.77870000
2026-08-30T16:00:00Z,2481.11000000,2534.98000000,2387.28000000,2416.88000000,176119.93420000
2026-08-31T00:00:00Z,2416.89000000,2446.60000000,2401.35000000,2440.38000000,92338.25150000
2026-08-31T08:00:00Z,2440.38000000,2478.09000000,2433.56000000,2467.68000000,106343.78940000
2026-08-31T16:00:00Z,2467.68000000,2489.95000000,2461.26000000,2467.65000000,66539.81360000
2026-09-01T00:00:00Z,2467.64000000,2485.50000000,2454.66000000,2472.72000000,56742.28810000
2026-09-01T08:00:00Z,2472.72000000,2473.62000000,2426.58000000,2448.97000000,106021.67290000
2026-09-01T16:00:00Z,2448.97000000,2449.60000000,2383.34000000,2418.57000000,113823.72140000
2026-09-02T00:00:00Z,2418.58000000,2429.00000000,2386.74000000,2417.90000000,72710.70020000
2026-09-02T08:00:00Z,2417.90000000,2420.64000000,2356.41000000,2390.98000000,150330.34100000
2026-09-02T16:00:00Z,2390.98000000,2404.80000000,2372.55000000,2391.92000000,62568.60510000
2026-09-03T00:00:00Z,2391.91000000,2419.33000000,2370.14000000,2398.68000000,76219.80500000
2026-09-03T08:00:00Z,2398.68000000,2517.17000000,2390.00000000,2516.58000000,166634.37320000
2026-09-03T16:00:00Z,2516.58000000,2529.84000000,2488.38000000,2507.51000000,108293.12270000
2026-09-04T00:00:00Z,2507.50000000,2525.00000000,2497.05000000,2504.39000000,87247.08460000
2026-09-04T08:00:00Z,2504.39000000,2546.66000000,2431.61000000,2451.98000000,257312.71810000
2026-09-04T16:00:00Z,2451.98000000,2464.49000000,2443.04000000,2455.85000000,67707.95600000
2026-09-05T00:00:00Z,2455.86000000,2459.33000000,2444.47000000,2457.53000000,31723.84280000
2026-09-05T08:00:00Z,2457.53000000,2462.00000000,2450.00000000,2460.00000000,42097.63570000
2026-09-05T16:00:00Z,2459.99000000,2493.57000000,2458.89000000,2480.34000000,56275.08360000
2026-09-06T00:00:00Z,2480.33000000,2523.97000000,2479.27000000,2496.79000000,82536.44900000
2026-09-06T08:00:00Z,2496.80000000,2504.99000000,2460.92000000,2479.79000000,64025.22540000
2026-09-06T16:00:00Z,2479.78000000,2526.20000000,2475.26000000,2514.48000000,71128.40990000
2026-09-07T00:00:00Z,2514.48000000,2536.64000000,2475.12000000,2489.35000000,100480.20590000
2026-09-07T08:00:00Z,2489.34000000,2511.40000000,2466.00000000,2470.43000000,93367.03670000
2026-09-07T16:00:00Z,2470.44000000,2499.40000000,2470.30000000,2490.16000000,62600.94040000
2026-09-08T00:00:00Z,2490.16000000,2507.99000000,2463.00000000,2479.63000000,75582.22820000
2026-09-08T08:00:00Z,2479.63000000,2501.74000000,2441.68000000,2498.62000000,106415.91010000
2026-09-08T16:00:00Z,2498.62000000,2507.54000000,2476.57000000,2485.06000000,62423.98890000
2026-09-09T00:00:00Z,2485.07000000,2517.00000000,2485.07000000,2510.53000000,73528.99060000
2026-09-09T08:00:00Z,2510.53000000,2523.30000000,2470.57000000,2490.26000000,139177.72560000
2026-09-09T16:00:00Z,2490.26000000,2499.74000000,2442.44000000,2468.13000000,89039.15390000
2026-09-10T00:00:00Z,2468.14000000,2484.76000000,2455.17000000,2472.97000000,54126.63460000
2026-09-10T08:00:00Z,2472.96000000,2478.00000000,2405.85000000,2441.54000000,198896.74950000
2026-09-10T16:00:00Z,2441.54000000,2475.03000000,2432.91000000,2438.27000000,94410.82820000
2026-09-11T00:00:00Z,2438.27000000,2473.52000000,2437.73000000,2467.52000000,82569.03720000
2026-09-11T08:00:00Z,2467.53000000,2665.99000000,2433.77000000,2559.42000000,416596.91280000
2026-09-11T16:00:00Z,2559.43000000,2583.86000000,2506.30000000,2516.43000000,140435.98280000
2026-09-12T00:00:00Z,2516.44000000,2525.39000000,2508.64000000,2524.19000000,48219.11160000
2026-09-12T08:00:00Z,2524.19000000,2546.01000000,2523.24000000,2535.08000000,61222.65900000
2026-09-12T16:00:00Z,2535.09000000,2536.45000000,2515.16000000,2525.93000000,50476.55520000
2026-09-13T00:00:00Z,2525.92000000,2527.56000000,2509.63000000,2517.94000000,31582.30440000
2026-09-13T08:00:00Z,2517.94000000,2519.68000000,2462.02000000,2491.10000000,107099.82780000
2026-09-13T16:00:00Z,2491.10000000,2516.58000000,2470.68000000,2477.10000000,77788.53610000
2026-09-14T00:00:00Z,2477.10000000,2527.12000000,2464.71000000,2523.47000000,79398.56190000
2026-09-14T08:00:00Z,2523.48000000,2535.00000000,2487.84000000,2508.48000000,119610.08440000
2026-09-14T16:00:00Z,2508.49000000,2615.00000000,2504.48000000,2515.75000000,156403.74900000
2026-09-15T00:00:00Z,2515.72000000,2520.00000000,2471.00000000,2474.30000000,100041.14930000
2026-09-15T08:00:00Z,2474.29000000,2488.18000000,2389.72000000,2424.46000000,162164.84240000
2026-09-15T16:00:00Z,2424.47000000,2449.00000000,2358.88000000,2398.26000000,180414.76740000
2026-09-16T00:00:00Z,2398.26000000,2411.53000000,2388.21000000,2396.96000000,57021.14640000
2026-09-16T08:00:00Z,2396.96000000,2430.00000000,2378.78000000,2392.76000000,99964.89650000
2026-09-16T16:00:00Z,2392.76000000,2430.64000000,2369.11000000,2418.26000000,164910.09510000
2026-09-17T00:00:00Z,2418.26000000,2454.40000000,2413.56000000,2444.37000000,71163.77330000
2026-09-17T08:00:00Z,2444.37000000,2483.74000000,2428.12000000,2470.27000000,113490.79030000
2026-09-17T16:00:00Z,2470.27000000,2477.00000000,2436.41000000,2447.28000000,53225.42830000
2026-09-18T00:00:00Z,2447.28000000,2498.68000000,2436.89000000,2490.00000000,99580.94400000
2026-09-18T08:00:00Z,2489.99000000,2597.66000000,2485.54000000,2584.06000000,230160.14980000
2026-09-18T16:00:00Z,2584.07000000,2646.00000000,2578.93000000,2612.14000000,177571.99550000
2026-09-19T00:00:00Z,2612.14000000,2636.00000000,2602.94000000,2626.95000000,59565.76380000
2026-09-19T08:00:00Z,2626.96000000,2662.85000000,2623.95000000,2641.16000000,69735.16450000
2026-09-19T16:00:00Z,2641.17000000,2668.00000000,2617.75000000,2632.69000000,52154.37820000
2026-09-20T00:00:00Z,2632.70000000,2632.97000000,2564.33000000,2576.76000000,83382.29920000
2026-09-20T08:00:00Z,2576.76000000,2616.00000000,2567.52000000,2613.11000000,58281.28960000
2026-09-20T16:00:00Z,2613.11000000,2649.89000000,2606.69000000,2645.21000000,79737.43350000
2026-09-21T00:00:00Z,2645.21000000,2707.70000000,2643.71000000,2661.66000000,138307.40400000
2026-09-21T08:00:00Z,2661.66000000,2765.43000000,2660.91000000,2755.27000000,283197.40860000
2026-09-21T16:00:00Z,2755.28000000,2807.34000000,2735.17000000,2776.19000000,151585.12460000
2026-09-22T00:00:00Z,2776.20000000,2777.55000000,2715.91000000,2726.34000000,93038.63210000
2026-09-22T08:00:00Z,2726.35000000,2764.00000000,2716.02000000,2743.91000000,111793.80720000
2026-09-22T16:00:00Z,2743.90000000,2774.41000000,2729.56000000,2753.63000000,98183.23630000
2026-09-23T00:00:00Z,2753.63000000,2789.00000000,2735.20000000,2742.92000000,87911.95590000
2026-09-23T08:00:00Z,2742.92000000,2750.71000000,2647.66000000,2656.21000000,169543.02540000
2026-09-23T16:00:00Z,2656.20000000,2698.99000000,2635.39000000,2684.71000000,74256.14210000
2026-09-24T00:00:00Z,2684.70000000,2704.08000000,2664.32000000,2693.50000000,48644.26200000
2026-09-24T08:00:00Z,2693.50000000,2699.76000000,2600.15000000,2683.58000000,126871.17080000
2026-09-24T16:00:00Z,2683.59000000,2706.00000000,2660.38000000,2688.05000000,91292.82890000
2026-09-25T00:00:00Z,2688.06000000,2700.21000000,2667.33000000,2672.04000000,52060.36250000
2026-09-25T08:00:00Z,2672.05000000,2743.00000000,2668.84000000,2686.90000000,136497.59020000
2026-09-25T16:00:00Z,2686.91000000,2699.50000000,2677.16000000,2691.61000000,46139.70160000
2026-09-26T00:00:00Z,2691.62000000,2696.44000000,2681.00000000,2691.16000000,25056.08750000
2026-09-26T08:00:00Z,2691.15000000,2697.79000000,2679.30000000,2692.97000000,33488.23740000
2026-09-26T16:00:00Z,2692.97000000,2697.07000000,2664.79000000,2696.33000000,27939.68520000
2026-09-27T00:00:00Z,2696.33000000,2718.89000000,2689.99000000,2718.27000000,41005.45820000
2026-09-27T08:00:00Z,2718.27000000,2724.12000000,2682.05000000,2689.76000000,70499.14630000
2026-09-27T16:00:00Z,2689.76000000,2699.67000000,2669.78000000,2688.65000000,41861.24930000
2026-09-28T00:00:00Z,2688.65000000,2703.51000000,2635.69000000,2644.31000000,97327.69110000
2026-09-28T08:00:00Z,2644.31000000,2698.68000000,2637.38000000,2677.95000000,118999.98250000
2026-09-28T16:00:00Z,2677.94000000,2721.42000000,2665.00000000,2688.71000000,75496.10830000
2026-09-29T00:00:00Z,2688.71000000,2719.96000000,2652.20000000,2712.36000000,88900.06910000
2026-09-29T08:00:00Z,2712.35000000,2748.60000000,2668.50000000,2674.17000000,167376.72380000
2026-09-29T16:00:00Z,2674.16000000,2700.00000000,2668.40000000,2677.98000000,59659.64480000
2026-09-30T00:00:00Z,2677.98000000,2680.62000000,2656.92000000,2674.87000000,57114.41110000
2026-09-30T08:00:00Z,2674.87000000,2738.51000000,2665.00000000,2683.72000000,166385.60680000
2026-09-30T16:00:00Z,2683.73000000,2698.00000000,2667.94000000,2686.01000000,48434.93290000
