timestamp,open,high,low,close,volume
2020-08-11T00:00:00Z,13.47220000,13.54030000,12.87930000,13.07640000,3105228.46000000
2020-08-11T08:00:00Z,13.07040000,13.18790000,12.09050000,12.61360000,6593342.88000000
2020-08-11T16:00:00Z,12.62030000,13.40250000,12.32660000,12.99710000,7816051.08000000
2020-08-12T00:00:00Z,12.99990000,13.86150000,12.59360000,13.65580000,4290679.23000000
2020-08-12T08:00:00Z,13.65030000,15.75000000,13.44440000,15.44380000,9765905.51000000
2020-08-12T16:00:00Z,15.44630000,16.80000000,14.88690000,16.46350000,9060163.39000000
2020-08-13T00:00:00Z,16.46340000,17.73990000,16.05020000,17.37070000,8747324.55000000
2020-08-13T08:00:00Z,17.39510000,17.56430000,15.91750000,16.81230000,10233283.56000000
2020-08-13T16:00:00Z,16.80700000,18.34880000,16.34390000,17.18830000,11961085.85000000
2020-08-14T00:00:00Z,17.17280000,17.59980000,16.81110000,16.89780000,3446057.04000000
2020-08-14T08:00:00Z,16.89610000,17.28570000,16.30000000,16.92990000,4442879.32000000
2020-08-14T16:00:00Z,16.93570000,17.12270000,16.51070000,16.95740000,3463184.69000000
2020-08-15T00:00:00Z,16.94470000,17.40000000,16.55540000,16.84070000,2455152.90000000
2020-08-15T08:00:00Z,16.83740000,19.44000000,16.70110000,18.94000000,9165474.40000000
2020-08-15T16:00:00Z,18.94030000,19.83030000,18.29000000,19.22850000,6320484.71000000
2020-08-16T00:00:00Z,19.21080000,20.11110000,18.73430000,19.87900000,3482178.51000000
2020-08-16T08:00:00Z,19.88480000,19.90160000,18.76210000,19.12720000,4354447.68000000
2020-08-16T16:00:00Z,19.12720000,19.31270000,18.51440000,18.80610000,2921218.20000000
2020-08-17T00:00:00Z,18.80960000,19.38000000,18.54860000,18.93760000,2448700.81000000
2020-08-17T08:00:00Z,18.93760000,19.71110000,18.45240000,18.63180000,4851778.56000000
2020-08-17T16:00:00Z,18.63580000,19.13200000,15.50000000,16.81960000,6241890.42000000
2020-08-18T00:00:00Z,16.80640000,17.67380000,16.38360000,17.19770000,7157455.76000000
2020-08-18T08:00:00Z,17.19940000,17.28760000,14.69000000,16.30040000,14206022.06000000
2020-08-18T16:00:00Z,16.30030000,16.88990000,15.70000000,16.19270000,5724579.94000000
2020-08-19T00:00:00Z,16.18460000,16.62000000,14.86530000,15.89850000,7065204.81000000
2020-08-19T08:00:00Z,15.89830000,17.25540000,15.68990000,16.60860000,6932057.86000000
2020-08-19T16:00:00Z,16.60580000,17.00000000,15.62630000,16.18630000,4404684.38000000
2020-08-20T00:00:00Z,16.18840000,16.71080000,15.85000000,16.27810000,3199513.27000000
2020-08-20T08:00:00Z,16.27710000,16.78620000,16.21280000,16.52330000,2968584.36000000
2020-08-20T16:00:00Z,16.52740000,16.57510000,15.72320000,16.04830000,4909064.06000000
2020-08-21T00:00:00Z,16.04760000,16.14210000,14.84330000,15.26180000,5317966.36000000
2020-08-21T08:00:00Z,15.25860000,15.45000000,13.80700000,14.08390000,8642273.43000000
2020-08-21T16:00:00Z,14.08390000,14.75130000,12.89000000,13.83250000,12221131.81000000
2020-08-22T00:00:00Z,13.83420000,14.98140000,13.66000000,14.81370000,5672947.90000000
2020-08-22T08:00:00Z,14.81600000,15.75620000,14.46660000,15.35240000,5189633.73000000
2020-08-22T16:00:00Z,15.34070000,16.33000000,15.11780000,15.80780000,5851261.54000000
2020-08-23T00:00:00Z,15.80850000,16.00420000,15.00000000,15.57530000,4207485.34000000
2020-08-23T08:00:00Z,15.57800000,15.70000000,14.65360000,15.07440000,4367274.81000000
2020-08-23T16:00:00Z,15.08200000,15.34000000,14.72070000,15.14280000,2191248.86000000
2020-08-24T00:00:00Z,15.15720000,15.87970000,14.70000000,15.76680000,3171729.08000000
2020-08-24T08:00:00Z,15.76680000,15.79510000,14.91160000,15.17860000,3076614.41000000
2020-08-24T16:00:00Z,15.17910000,15.29000000,14.84180000,15.14190000,2212478.51000000
2020-08-25T00:00:00Z,15.13630000,15.37430000,14.75620000,14.99220000,2913212.29000000
2020-08-25T08:00:00Z,14.98460000,15.20430000,14.05750000,14.36720000,4649511.70000000
2020-08-25T16:00:00Z,14.35450000,14.58370000,13.45780000,14.11640000,5250528.01000000
2020-08-26T00:00:00Z,14.11710000,14.87070000,14.06130000,14.41680000,3024141.42000000
2020-08-26T08:00:00Z,14.41660000,15.24600000,14.05370000,15.13250000,4159003.08000000
2020-08-26T16:00:00Z,15.13000000,15.66640000,14.90520000,15.20000000,4234040.07000000
2020-08-27T00:00:00Z,15.20880000,15.52150000,14.94320000,15.40760000,3133056.59000000
2020-08-27T08:00:00Z,15.40290000,15.44500000,14.40440000,14.65000000,4949210.70000000
2020-08-27T16:00:00Z,14.65000000,14.80060000,13.96790000,14.52340000,3613153.81000000
2020-08-28T00:00:00Z,14.52340000,14.95680000,14.23600000,14.73060000,2135603.07000000
2020-08-28T08:00:00Z,14.73480000,15.32270000,14.63200000,15.31510000,2815174.43000000
2020-08-28T16:00:00Z,15.31510000,15.49890000,14.91430000,15.12070000,2313080.51000000
2020-08-29T00:00:00Z,15.11360000,15.95960000,14.95650000,15.76160000,2780114.74000000
2020-08-29T08:00:00Z,15.76010000,16.77690000,15.43960000,16.67210000,4957050.49000000
2020-08-29T16:00:00Z,16.68060000,17.03050000,16.34300000,16.36120000,4739812.55000000
2020-08-30T00:00:00Z,16.36120000,17.51420000,16.35470000,16.98570000,4425796.47000000
2020-08-30T08:00:00Z,16.98460000,17.77770000,16.91040000,17.20490000,3710246.40000000
2020-08-30T16:00:00Z,17.20500000,17.33830000,16.40940000,16.47880000,3931650.59000000
2020-08-31T00:00:00Z,16.47820000,16.94950000,16.08840000,16.18090000,3118520.74000000
2020-08-31T08:00:00Z,16.18250000,16.66000000,16.07410000,16.44240000,3640032.65000000
2020-08-31T16:00:00Z,16.44160000,16.52770000,15.44510000,15.57720000,2857409.88000000
2020-09-01T00:00:00Z,15.57460000,16.49000000,15.06290000,16.46900000,4187120.07000000
2020-09-01T08:00:00Z,16.47170000,16.50530000,15.67250000,15.67640000,2726345.08000000
2020-09-01T16:00:00Z,15.68720000,16.43000000,15.61910000,16.03330000,2333236.44000000
2020-09-02T00:00:00Z,16.02840000,16.35870000,15.60010000,15.69280000,1942432.47000000
2020-09-02T08:00:00Z,15.68390000,15.83680000,14.00000000,14.80010000,5362540.77000000
2020-09-02T16:00:00Z,14.79450000,14.97120000,14.06000000,14.79820000,3127198.34000000
2020-09-03T00:00:00Z,14.79220000,14.99890000,13.56110000,14.56790000,3923835.29000000
2020-09-03T08:00:00Z,14.57400000,14.71100000,12.75420000,13.34620000,7686285.44000000
2020-09-03T16:00:00Z,13.34240000,13.68710000,10.82610000,11.88950000,5851803.20000000
2020-09-04T00:00:00Z,11.88020000,12.16370000,11.00000000,11.64080000,6517512.04000000
2020-09-04T08:00:00Z,11.64910000,12.90000000,11.15000000,12.34870000,8163413.53000000
2020-09-04T16:00:00Z,12.35330000,12.90400000,11.98200000,12.37080000,3968554.14000000
2020-09-05T00:00:00Z,12.38040000,12.76550000,12.20080000,12.67060000,2494919.84000000
2020-09-05T08:00:00Z,12.66920000,12.66920000,10.63000000,11.50480000,7336718.80000000
2020-09-05T16:00:00Z,11.50000000,11.58440000,9.10000000,10.60170000,15698509.24000000
2020-09-06T00:00:00Z,10.60870000,10.96790000,9.71550000,10.91020000,5665987.83000000
2020-09-06T08:00:00Z,10.91050000,12.40540000,10.91030000,11.94430000,9754127.33000000
2020-09-06T16:00:00Z,11.94680000,13.24000000,11.71730000,12.80440000,6480313.43000000
2020-09-07T00:00:00Z,12.80600000,13.17470000,12.02040000,12.61600000,4699200.99000000
2020-09-07T08:00:00Z,12.62180000,12.94560000,11.17000000,12.14370000,11677909.80000000
2020-09-07T16:00:00Z,12.14640000,12.63460000,11.87330000,12.47000000,4857934.46000000
2020-09-08T00:00:00Z,12.47440000,12.73620000,12.03500000,12.34190000,4241987.84000000
2020-09-08T08:00:00Z,12.33390000,12.50950000,11.33460000,11.82080000,6343734.69000000
2020-09-08T16:00:00Z,11.82090000,12.06500000,11.02840000,11.74600000,4246407.28000000
2020-09-09T00:00:00Z,11.73590000,12.17470000,11.43560000,12.12770000,3149074.54000000
2020-09-09T08:00:00Z,12.11490000,12.54380000,11.91730000,12.46760000,4431680.39000000
2020-09-09T16:00:00Z,12.46760000,12.65660000,12.25630000,12.34440000,3069036.50000000
2020-09-10T00:00:00Z,12.34520000,13.28000000,12.30360000,12.66000000,6807059.77000000
2020-09-10T08:00:00Z,12.66010000,13.18630000,12.51970000,12.90230000,4611418.20000000
2020-09-10T16:00:00Z,12.89870000,12.97150000,12.18000000,12.49570000,3654817.06000000
2020-09-11T00:00:00Z,12.49480000,12.68480000,12.01900000,12.31180000,2430036.69000000
2020-09-11T08:00:00Z,12.31050000,12.69600000,12.20000000,12.56080000,3099170.73000000
2020-09-11T16:00:00Z,12.56620000,12.66400000,12.30090000,12.44060000,1969657.74000000
2020-09-12T00:00:00Z,12.44060000,12.47000000,12.09340000,12.38000000,2041705.47000000
2020-09-12T08:00:00Z,12.37240000,12.58000000,12.20690000,12.39380000,2110902.14000000
2020-09-12T16:00:00Z,12.40590000,12.74700000,12.34630000,12.71870000,2118175.84000000
2020-09-13T00:00:00Z,12.71940000,13.11480000,12.65290000,13.06370000,2362318.36000000
2020-09-13T08:00:00Z,13.06480000,13.23000000,12.01010000,12.03520000,5700323.48000000
2020-09-13T16:00:00Z,12.03180000,12.19660000,11.76580000,12.06700000,3044457.64000000
2020-09-14T00:00:00Z,12.07570000,12.10000000,11.63490000,11.92020000,2734118.22000000
2020-09-14T08:00:00Z,11.91700000,12.38630000,11.70000000,12.27550000,3485435.94000000
2020-09-14T16:00:00Z,12.27440000,12.34490000,11.93670000,12.13740000,2611386.00000000
2020-09-15T00:00:00Z,12.13000000,12.24000000,11.83600000,12.00770000,2647380.02000000
2020-09-15T08:00:00Z,12.00930000,12.16480000,11.30000000,11.51130000,4653818.27000000
2020-09-15T16:00:00Z,11.51490000,11.57800000,10.75000000,10.93140000,4112435.34000000
2020-09-16T00:00:00Z,10.93010000,11.21760000,10.47710000,11.20000000,3440375.87000000
2020-09-16T08:00:00Z,11.19990000,11.30020000,10.85390000,11.04260000,3625981.52000000
2020-09-16T16:00:00Z,11.04130000,11.10190000,10.57710000,10.73670000,3296087.69000000
2020-09-17T00:00:00Z,10.73670000,11.67590000,10.55350000,10.88970000,4166017.39000000
2020-09-17T08:00:00Z,10.89530000,10.93200000,10.47200000,10.71980000,2875804.60000000
2020-09-17T16:00:00Z,10.72200000,11.20000000,10.54030000,11.01390000,3121224.47000000
2020-09-18T00:00:00Z,11.01390000,11.13150000,10.76400000,10.81060000,2236419.07000000
2020-09-18T08:00:00Z,10.81270000,10.96870000,10.28610000,10.39010000,2701608.67000000
2020-09-18T16:00:00Z,10.38800000,10.47010000,9.78630000,10.09400000,3952178.33000000
2020-09-19T00:00:00Z,10.09380000,10.30300000,9.87560000,10.07910000,2021036.56000000
2020-09-19T08:00:00Z,10.08340000,10.49690000,10.07970000,10.19600000,2093356.14000000
2020-09-19T16:00:00Z,10.19580000,10.33980000,10.04080000,10.12090000,1482410.38000000
2020-09-20T00:00:00Z,10.11920000,10.61990000,10.02820000,10.38520000,2278538.54000000
2020-09-20T08:00:00Z,10.38170000,10.59000000,9.90370000,10.01570000,2308204.11000000
2020-09-20T16:00:00Z,10.01280000,10.03980000,9.50000000,9.73570000,2913402.96000000
2020-09-21T00:00:00Z,9.73940000,9.92350000,9.56930000,9.61910000,2014039.22000000
2020-09-21T08:00:00Z,9.61910000,9.65040000,8.50120000,8.71720000,9632774.90000000
2020-09-21T16:00:00Z,8.71720000,9.05580000,8.53450000,8.71140000,4114601.73000000
2020-09-22T00:00:00Z,8.71620000,9.08000000,8.61950000,8.73000000,3103362.92000000
2020-09-22T08:00:00Z,8.73520000,8.96080000,8.69640000,8.81700000,2945612.38000000
2020-09-22T16:00:00Z,8.81790000,8.92980000,8.54000000,8.74010000,2335137.07000000
2020-09-23T00:00:00Z,8.74400000,8.80160000,7.93680000,8.10160000,4184051.89000000
2020-09-23T08:00:00Z,8.10130000,8.52980000,8.01270000,8.22260000,4655889.15000000
2020-09-23T16:00:00Z,8.22160000,8.40000000,7.28690000,7.63640000,9381894.48000000
2020-09-24T00:00:00Z,7.64040000,8.45390000,7.47610000,8.34810000,6009422.47000000
2020-09-24T08:00:00Z,8.34800000,9.30000000,8.17900000,9.22410000,7246478.25000000
2020-09-24T16:00:00Z,9.22620000,10.53000000,9.16110000,9.87000000,13692245.59000000
2020-09-25T00:00:00Z,9.87010000,10.10920000,9.55620000,9.81680000,5304817.66000000
2020-09-25T08:00:00Z,9.80820000,10.48670000,9.37710000,10.37200000,6922686.72000000
2020-09-25T16:00:00Z,10.37490000,11.19900000,10.13790000,10.72790000,7992637.69000000
2020-09-26T00:00:00Z,10.72180000,11.10000000,10.56930000,10.82280000,3295225.49000000
2020-09-26T08:00:00Z,10.82000000,10.86000000,10.02840000,10.36860000,5558313.81000000
2020-09-26T16:00:00Z,10.36870000,10.43320000,9.97570000,10.31690000,3166742.62000000
2020-09-27T00:00:00Z,10.30790000,10.49150000,10.03570000,10.13380000,3143675.48000000
2020-09-27T08:00:00Z,10.13310000,10.64560000,9.91220000,10.56440000,3240238.87000000
2020-09-27T16:00:00Z,10.55940000,10.99100000,10.54790000,10.79390000,3669194.36000000
2020-09-28T00:00:00Z,10.80000000,11.07000000,10.46260000,10.57550000,2907943.58000000
2020-09-28T08:00:00Z,10.58350000,10.79710000,10.32000000,10.62760000,3357233.42000000
2020-09-28T16:00:00Z,10.62440000,10.74710000,10.15000000,10.28300000,2466315.42000000
2020-09-29T00:00:00Z,10.28090000,10.38820000,10.10070000,10.22950000,2147589.15000000
2020-09-29T08:00:00Z,10.23180000,10.25000000,9.68440000,9.73020000,7081837.78000000
2020-09-29T16:00:00Z,9.72960000,10.14900000,9.45020000,10.13500000,4148753.86000000
2020-09-30T00:00:00Z,10.13560000,10.23140000,9.57680000,9.71640000,3007905.05000000
2020-09-30T08:00:00Z,9.71540000,10.04120000,9.65310000,9.94370000,2072892.59000000
2020-09-30T16:00:00Z,9.94460000,10.00710000,9.67130000,9.86940000,1584872.14000000
2020-10-01T00:00:00Z,9.87270000,10.31340000,9.86860000,10.25430000,2452463.88000000
2020-10-01T08:00:00Z,10.25430000,10.41190000,9.85000000,9.89500000,2513045.13000000
2020-10-01T16:00:00Z,9.89470000,9.89470000,9.24570000,9.63940000,4738514.91000000
2020-10-02T00:00:00Z,9.63940000,9.84490000,9.17500000,9.28720000,3407442.94000000
2020-10-02T08:00:00Z,9.28660000,9.32720000,8.79750000,9.11710000,5516796.36000000
2020-10-02T16:00:00Z,9.12220000,9.34750000,8.94000000,9.21670000,2256385.38000000
2020-10-03T00:00:00Z,9.21320000,9.31850000,9.10400000,9.17770000,1376536.20000000
2020-10-03T08:00:00Z,9.17440000,9.33560000,9.11560000,9.19570000,1207186.44000000
2020-10-03T16:00:00Z,9.19290000,9.55550000,9.15200000,9.26900000,2221468.88000000
2020-10-04T00:00:00Z,9.26860000,9.33470000,9.11410000,9.28540000,1625386.68000000
2020-10-04T08:00:00Z,9.28590000,9.33370000,9.15000000,9.17700000,1238645.91000000
2020-10-04T16:00:00Z,9.17340000,9.46600000,9.14000000,9.39220000,1801594.10000000
2020-10-05T00:00:00Z,9.39060000,9.60380000,9.26290000,9.36340000,2217873.52000000
2020-10-05T08:00:00Z,9.36030000,9.53170000,9.29270000,9.51330000,1739811.11000000
2020-10-05T16:00:00Z,9.51330000,9.72000000,9.44500000,9.61760000,2259682.04000000
2020-10-06T00:00:00Z,9.61340000,9.65800000,9.30000000,9.34100000,1473831.70000000
2020-10-06T08:00:00Z,9.33780000,9.40880000,8.85130000,9.25560000,3091192.63000000
2020-10-06T16:00:00Z,9.25830000,9.27000000,8.56300000,8.76890000,2859698.29000000
2020-10-07T00:00:00Z,8.76900000,8.90090000,8.38170000,8.80980000,3014512.63000000
2020-10-07T08:00:00Z,8.80540000,9.00920000,8.58390000,8.90940000,2710468.09000000
2020-10-07T16:00:00Z,8.90950000,9.01000000,8.77170000,8.97990000,1818326.26000000
2020-10-08T00:00:00Z,8.98010000,9.00430000,8.40160000,8.56640000,2647300.82000000
2020-10-08T08:00:00Z,8.56630000,9.39720000,8.48870000,9.24190000,4245718.31000000
2020-10-08T16:00:00Z,9.24290000,9.69090000,9.24290000,9.55940000,4020090.20000000
2020-10-09T00:00:00Z,9.55190000,9.61780000,9.37010000,9.45690000,2077010.09000000
2020-10-09T08:00:00Z,9.45080000,10.50000000,9.43020000,10.42180000,6469496.20000000
2020-10-09T16:00:00Z,10.42250000,10.52540000,10.13430000,10.39590000,2729641.16000000
2020-10-10T00:00:00Z,10.39230000,10.92000000,10.38950000,10.69400000,4149520.76000000
2020-10-10T08:00:00Z,10.69300000,10.79530000,10.37000000,10.55130000,2868862.75000000
2020-10-10T16:00:00Z,10.54250000,10.76580000,10.40770000,10.51980000,2485663.46000000
2020-10-11T00:00:00Z,10.51680000,10.56220000,10.15000000,10.40250000,2208422.92000000
2020-10-11T08:00:00Z,10.40270000,10.70070000,10.38280000,10.60320000,2344451.89000000
2020-10-11T16:00:00Z,10.60520000,11.02580000,10.53530000,10.85150000,3622002.05000000
2020-10-12T00:00:00Z,10.85150000,11.40000000,10.68070000,11.30200000,2671019.69000000
2020-10-12T08:00:00Z,11.30200000,11.41350000,10.75280000,11.34880000,4613608.77000000
2020-10-12T16:00:00Z,11.34990000,11.80280000,11.27790000,11.42590000,4597613.01000000
2020-10-13T00:00:00Z,11.42590000,11.48430000,11.22060000,11.34240000,2623593.84000000
2020-10-13T08:00:00Z,11.34100000,11.58330000,11.02230000,11.15560000,3307535.84000000
2020-10-13T16:00:00Z,11.15330000,11.24040000,10.52210000,11.00160000,3764095.97000000
2020-10-14T00:00:00Z,11.00160000,11.32000000,10.95090000,11.11440000,1747244.93000000
2020-10-14T08:00:00Z,11.11010000,11.35360000,10.77150000,10.88030000,3669113.04000000
2020-10-14T16:00:00Z,10.88500000,11.01990000,10.62010000,10.88960000,2342088.64000000
2020-10-15T00:00:00Z,10.88960000,10.91000000,10.60530000,10.82370000,1799974.95000000
2020-10-15T08:00:00Z,10.82350000,10.84250000,10.45500000,10.70810000,3282458.18000000
2020-10-15T16:00:00Z,10.70750000,10.93170000,10.62220000,10.74830000,1900922.63000000
2020-10-16T00:00:00Z,10.74720000,10.85700000,10.30000000,10.46130000,2684853.57000000
2020-10-16T08:00:00Z,10.46470000,10.75220000,10.26940000,10.65810000,2461328.09000000
2020-10-16T16:00:00Z,10.65800000,10.89350000,10.52130000,10.58770000,1516485.20000000
2020-10-17T00:00:00Z,10.58670000,10.71490000,10.40820000,10.61870000,1082143.92000000
2020-10-17T08:00:00Z,10.60830000,10.69230000,10.41700000,10.51090000,1424284.54000000
2020-10-17T16:00:00Z,10.50980000,10.70100000,10.45230000,10.62670000,815745.59000000
2020-10-18T00:00:00Z,10.62540000,10.90000000,10.60000000,10.87610000,1027722.81000000
2020-10-18T08:00:00Z,10.87750000,10.91500000,10.71760000,10.80980000,1448503.58000000
2020-10-18T16:00:00Z,10.80610000,11.00000000,10.78000000,10.94090000,1203397.55000000
2020-10-19T00:00:00Z,10.94350000,10.98340000,10.65100000,10.76700000,1096942.84000000
2020-10-19T08:00:00Z,10.76930000,11.03500000,10.70000000,11.01000000,1709214.87000000
2020-10-19T16:00:00Z,11.00980000,11.22260000,10.81010000,10.91470000,1668691.60000000
2020-10-20T00:00:00Z,10.91160000,10.93490000,10.62080000,10.68770000,1176566.35000000
2020-10-20T08:00:00Z,10.68830000,10.74500000,10.17010000,10.34370000,2688431.90000000
2020-10-20T16:00:00Z,10.34230000,10.34700000,9.76650000,9.85890000,3230708.34000000
2020-10-21T00:00:00Z,9.85890000,10.58160000,9.78640000,10.41550000,2442984.08000000
2020-10-21T08:00:00Z,10.41700000,10.86500000,10.31560000,10.80350000,2534740.35000000
2020-10-21T16:00:00Z,10.80350000,11.13720000,10.76740000,10.78630000,3298912.99000000
2020-10-22T00:00:00Z,10.78050000,11.18950000,10.71420000,11.17000000,1615330.96000000
2020-10-22T08:00:00Z,11.17200000,11.77450000,11.15110000,11.71740000,3731592.36000000
2020-10-22T16:00:00Z,11.71900000,12.41730000,11.71890000,11.95390000,4961253.11000000
2020-10-23T00:00:00Z,11.95510000,12.24820000,11.72110000,11.80240000,2442976.28000000
2020-10-23T08:00:00Z,11.80110000,12.26400000,11.71340000,11.94680000,2887062.88000000
2020-10-23T16:00:00Z,11.94820000,12.23090000,11.57840000,12.15860000,3459929.05000000
2020-10-24T00:00:00Z,12.15920000,12.56190000,11.98390000,12.28530000,2238957.46000000
2020-10-24T08:00:00Z,12.29220000,12.85000000,12.24100000,12.65330000,2851719.36000000
2020-10-24T16:00:00Z,12.65280000,12.95000000,12.59770000,12.70010000,2447516.66000000
2020-10-25T00:00:00Z,12.70020000,12.85740000,12.23400000,12.52110000,2488410.03000000
2020-10-25T08:00:00Z,12.52000000,12.52000000,12.06180000,12.10940000,2569292.66000000
2020-10-25T16:00:00Z,12.10490000,12.39400000,11.90800000,12.14810000,1943239.27000000
2020-10-26T00:00:00Z,12.14800000,12.44720000,11.92830000,12.08720000,1759836.88000000
2020-10-26T08:00:00Z,12.08940000,12.25090000,11.52510000,11.63580000,3233967.34000000
2020-10-26T16:00:00Z,11.63510000,11.88500000,11.25940000,11.70960000,3864363.60000000
2020-10-27T00:00:00Z,11.70860000,11.95520000,11.60000000,11.71810000,1389297.69000000
2020-10-27T08:00:00Z,11.71810000,12.28800000,11.49000000,12.18960000,3211815.35000000
2020-10-27T16:00:00Z,12.19490000,12.47740000,11.82780000,11.92240000,3020388.65000000
2020-10-28T00:00:00Z,11.92100000,12.16000000,11.58620000,11.77910000,2218374.77000000
2020-10-28T08:00:00Z,11.78000000,11.79630000,11.15000000,11.51360000,3832365.62000000
2020-10-28T16:00:00Z,11.50720000,11.65790000,11.20000000,11.44030000,1969559.86000000
2020-10-29T00:00:00Z,11.44480000,11.81000000,11.41350000,11.54060000,2109113.75000000
2020-10-29T08:00:00Z,11.54350000,11.70000000,11.08160000,11.59190000,3235475.45000000
2020-10-29T16:00:00Z,11.59510000,11.65380000,11.11000000,11.27720000,3197195.98000000
2020-10-30T00:00:00Z,11.27430000,11.48110000,10.81790000,11.03460000,2781182.08000000
2020-10-30T08:00:00Z,11.04990000,11.18000000,10.72000000,11.10000000,2922108.64000000
2020-10-30T16:00:00Z,11.09510000,11.35770000,10.93000000,11.09000000,2256959.23000000
2020-10-31T00:00:00Z,11.09470000,11.27990000,10.90530000,11.10740000,1370644.67000000
2020-10-31T08:00:00Z,11.10810000,11.39810000,11.07430000,11.29240000,2258830.08000000
2020-10-31T16:00:00Z,11.29110000,11.34610000,11.06120000,11.22770000,1342072.47000000
2020-11-01T00:00:00Z,11.22590000,11.38010000,11.12620000,11.24880000,1114792.05000000
2020-11-01T08:00:00Z,11.25370000,11.26600000,11.01810000,11.17400000,1162382.71000000
2020-11-01T16:00:00Z,11.17850000,11.58850000,11.12670000,11.57220000,1595505.23000000
2020-11-02T00:00:00Z,11.56810000,11.68500000,11.41220000,11.63930000,1621904.04000000
2020-11-02T08:00:00Z,11.63990000,11.64500000,10.70490000,10.93100000,3587140.48000000
2020-11-02T16:00:00Z,10.93090000,10.99260000,10.76320000,10.78140000,1715866.17000000
2020-11-03T00:00:00Z,10.78140000,10.78140000,9.94540000,10.27750000,4471486.24000000
2020-11-03T08:00:00Z,10.27590000,10.65490000,10.22600000,10.33340000,3228379.91000000
2020-11-03T16:00:00Z,10.33340000,10.56430000,10.07310000,10.39110000,2264433.71000000
2020-11-04T00:00:00Z,10.39820000,10.41510000,10.07240000,10.13290000,1662246.13000000
2020-11-04T08:00:00Z,10.13560000,10.33630000,9.75000000,9.88490000,3048897.95000000
2020-11-04T16:00:00Z,9.88550000,10.67500000,9.78000000,10.47130000,3876028.95000000
2020-11-05T00:00:00Z,10.47300000,10.63910000,10.38060000,10.44780000,1568435.77000000
2020-11-05T08:00:00Z,10.44010000,10.89790000,10.07640000,10.78610000,4504991.26000000
2020-11-05T16:00:00Z,10.78610000,11.27490000,10.73140000,10.97940000,4561295.25000000
2020-11-06T00:00:00Z,10.98220000,11.52950000,10.92860000,11.40390000,3362633.08000000
2020-11-06T08:00:00Z,11.40120000,11.85000000,11.13430000,11.50380000,3960719.87000000
2020-11-06T16:00:00Z,11.50350000,12.28130000,11.48990000,12.16870000,3647935.78000000
2020-11-07T00:00:00Z,12.16860000,13.59560000,12.16670000,12.96320000,7387807.73000000
2020-11-07T08:00:00Z,12.96810000,13.45850000,12.04760000,12.68530000,7904476.35000000
2020-11-07T16:00:00Z,12.68330000,13.03150000,11.31230000,11.76380000,9635896.88000000
2020-11-08T00:00:00Z,11.76680000,12.19190000,11.47700000,11.86330000,3799861.30000000
2020-11-08T08:00:00Z,11.86900000,12.99000000,11.83410000,12.80810000,4791748.37000000
2020-11-08T16:00:00Z,12.80710000,13.10000000,12.30310000,12.71000000,4357914.80000000
2020-11-09T00:00:00Z,12.70830000,12.83080000,12.17900000,12.19360000,2920606.14000000
2020-11-09T08:00:00Z,12.19250000,13.00260000,12.04000000,12.26710000,5624904.39000000
2020-11-09T16:00:00Z,12.26520000,12.80560000,12.05240000,12.51070000,4114848.70000000
2020-11-10T00:00:00Z,12.51820000,13.09360000,12.31560000,12.78360000,3828059.92000000
2020-11-10T08:00:00Z,12.78120000,13.20000000,12.48500000,12.62390000,4873994.57000000
2020-11-10T16:00:00Z,12.62160000,13.27800000,12.61940000,13.00170000,3653896.16000000
2020-11-11T00:00:00Z,13.00170000,13.37840000,12.98670000,13.17550000,2741650.91000000
2020-11-11T08:00:00Z,13.17290000,13.21180000,12.81850000,12.97770000,2728502.34000000
2020-11-11T16:00:00Z,12.97780000,13.42930000,12.75000000,12.75300000,3946395.67000000
2020-11-12T00:00:00Z,12.75300000,12.94200000,12.36250000,12.88250000,2921584.89000000
2020-11-12T08:00:00Z,12.88190000,13.09560000,12.36540000,12.60830000,3582415.61000000
2020-11-12T16:00:00Z,12.60830000,12.61120000,12.27000000,12.40380000,2416340.03000000
2020-11-13T00:00:00Z,12.40380000,12.88840000,12.30790000,12.48270000,2512234.26000000
2020-11-13T08:00:00Z,12.48480000,12.97000000,12.43230000,12.75840000,2880000.85000000
2020-11-13T16:00:00Z,12.75900000,13.00000000,12.51050000,12.86870000,2500414.51000000
2020-11-14T00:00:00Z,12.86790000,12.93350000,12.56000000,12.61810000,1570479.00000000
2020-11-14T08:00:00Z,12.61700000,12.66000000,12.30000000,12.54330000,1821781.34000000
2020-11-14T16:00:00Z,12.54300000,12.65890000,12.35000000,12.55740000,1618133.77000000
2020-11-15T00:00:00Z,12.55700000,12.64040000,12.39500000,12.58790000,1169234.98000000
2020-11-15T08:00:00Z,12.58950000,12.64840000,12.35210000,12.46150000,1380409.18000000
2020-11-15T16:00:00Z,12.46150000,12.55740000,11.81560000,12.11920000,3166703.08000000
2020-11-16T00:00:00Z,12.11990000,12.33570000,11.99710000,12.30230000,1756063.53000000
2020-11-16T08:00:00Z,12.30220000,12.80000000,12.22490000,12.70830000,2162791.66000000
2020-11-16T16:00:00Z,12.70830000,12.81320000,12.49090000,12.62230000,2063948.19000000
2020-11-17T00:00:00Z,12.62040000,12.99980000,12.60000000,12.93130000,2544823.43000000
2020-11-17T08:00:00Z,12.93210000,12.99000000,12.54140000,12.72060000,3410928.67000000
2020-11-17T16:00:00Z,12.71630000,13.42280000,12.62970000,13.39440000,5195011.45000000
2020-11-18T00:00:00Z,13.39430000,14.26690000,12.58500000,13.57950000,10046870.24000000
2020-11-18T08:00:00Z,13.57600000,13.77680000,12.85000000,13.25890000,5027416.06000000
2020-11-18T16:00:00Z,13.25850000,13.67500000,12.91480000,13.55980000,3443241.37000000
2020-11-19T00:00:00Z,13.56020000,13.61500000,13.09230000,13.18490000,2306763.47000000
2020-11-19T08:00:00Z,13.18450000,13.89440000,13.01110000,13.83470000,3998902.58000000
2020-11-19T16:00:00Z,13.83470000,14.00000000,13.40180000,13.61870000,3500017.22000000
2020-11-20T00:00:00Z,13.61170000,13.95000000,13.46180000,13.81380000,3016864.87000000
2020-11-20T08:00:00Z,13.81500000,14.47700000,13.74460000,14.24400000,5356707.41000000
2020-11-20T16:00:00Z,14.24390000,14.37190000,14.00160000,14.09330000,2829524.49000000
2020-11-21T00:00:00Z,14.09130000,14.35000000,13.68760000,14.24520000,3609231.33000000
2020-11-21T08:00:00Z,14.24540000,15.18900000,13.96800000,15.10130000,5657751.45000000
2020-11-21T16:00:00Z,15.10520000,15.50000000,14.82650000,15.45110000,4736289.79000000
2020-11-22T00:00:00Z,15.44080000,15.71790000,14.40000000,14.76030000,5251202.11000000
2020-11-22T08:00:00Z,14.75650000,14.91880000,13.84020000,14.39100000,4538810.11000000
2020-11-22T16:00:00Z,14.38300000,15.16840000,14.18200000,14.50980000,4453990.10000000
2020-11-23T00:00:00Z,14.50980000,15.07750000,14.25200000,14.96910000,3625264.70000000
2020-11-23T08:00:00Z,14.96830000,15.24430000,14.55000000,14.76930000,4758251.04000000
2020-11-23T16:00:00Z,14.76740000,15.42500000,14.60010000,15.27460000,4088817.71000000
2020-11-24T00:00:00Z,15.26480000,16.39000000,15.05200000,15.62840000,6999206.85000000
2020-11-24T08:00:00Z,15.63570000,16.34980000,14.94300000,15.60830000,5477309.59000000
2020-11-24T16:00:00Z,15.60130000,15.89990000,15.29620000,15.67030000,3159954.73000000
2020-11-25T00:00:00Z,15.66370000,15.86000000,14.97480000,15.37070000,2632234.50000000
2020-11-25T08:00:00Z,15.37320000,15.59850000,15.09000000,15.28180000,2452422.40000000
2020-11-25T16:00:00Z,15.28320000,15.39090000,13.79000000,14.20160000,4436907.20000000
2020-11-26T00:00:00Z,14.21800000,14.47430000,11.50000000,12.50650000,9856885.44000000
2020-11-26T08:00:00Z,12.50650000,12.85000000,11.52000000,12.10890000,8409767.68000000
2020-11-26T16:00:00Z,12.11090000,12.92000000,11.29390000,12.60300000,6329882.69000000
2020-11-27T00:00:00Z,12.60360000,12.95300000,12.32820000,12.50540000,3378372.71000000
2020-11-27T08:00:00Z,12.50710000,12.52070000,11.97350000,12.01880000,3450833.64000000
2020-11-27T16:00:00Z,12.02480000,12.65780000,11.94540000,12.49890000,2299898.09000000
2020-11-28T00:00:00Z,12.50380000,12.68720000,12.34890000,12.54560000,1424023.40000000
2020-11-28T08:00:00Z,12.54560000,13.26950000,12.38000000,13.25000000,2695170.72000000
2020-11-28T16:00:00Z,13.25000000,13.43000000,13.00000000,13.08530000,3167070.36000000
2020-11-29T00:00:00Z,13.08480000,13.16730000,12.84080000,13.05610000,1738941.59000000
2020-11-29T08:00:00Z,13.05560000,13.47650000,13.01440000,13.17940000,2408125.07000000
2020-11-29T16:00:00Z,13.17940000,13.41500000,12.91200000,13.38000000,2404021.88000000
2020-11-30T00:00:00Z,13.38550000,14.18660000,13.38550000,14.01680000,3107138.11000000
2020-11-30T08:00:00Z,14.01620000,14.37430000,13.58450000,13.94870000,4397319.57000000
2020-11-30T16:00:00Z,13.94430000,14.43700000,13.94430000,14.26770000,2798243.54000000
2020-12-01T00:00:00Z,14.26260000,14.61000000,14.06680000,14.54490000,2319794.26000000
2020-12-01T08:00:00Z,14.54590000,14.83280000,13.04560000,13.96220000,6410913.21000000
2020-12-01T16:00:00Z,13.96220000,14.02630000,13.30020000,13.34610000,2455643.42000000
2020-12-02T00:00:00Z,13.35440000,13.66000000,13.05000000,13.65190000,2013832.31000000
2020-12-02T08:00:00Z,13.65050000,13.92930000,13.50000000,13.64880000,2106058.13000000
2020-12-02T16:00:00Z,13.65370000,14.14820000,13.45010000,13.97990000,2053337.64000000
2020-12-03T00:00:00Z,13.97850000,14.09600000,13.64460000,13.93370000,1367617.85000000
2020-12-03T08:00:00Z,13.93230000,14.09980000,13.77160000,14.09480000,1714709.61000000
2020-12-03T16:00:00Z,14.09990000,14.22000000,13.84440000,13.97490000,1192990.42000000
2020-12-04T00:00:00Z,13.97490000,14.03320000,13.50210000,13.64520000,1269087.80000000
2020-12-04T08:00:00Z,13.64520000,13.85400000,13.18580000,13.28320000,2376975.44000000
2020-12-04T16:00:00Z,13.28390000,13.34950000,12.51010000,12.68000000,2149099.77000000
2020-12-05T00:00:00Z,12.68000000,13.24000000,12.52650000,13.06320000,1358062.42000000
2020-12-05T08:00:00Z,13.06250000,13.34780000,13.06250000,13.26600000,1198043.22000000
2020-12-05T16:00:00Z,13.26600000,13.28720000,13.06300000,13.17480000,891363.61000000
2020-12-06T00:00:00Z,13.17430000,13.37000000,13.10280000,13.18570000,1149879.43000000
2020-12-06T08:00:00Z,13.18850000,13.22000000,12.76710000,13.12810000,1330301.24000000
2020-12-06T16:00:00Z,13.13180000,13.52820000,13.04680000,13.50570000,1391100.92000000
2020-12-07T00:00:00Z,13.50900000,13.55360000,13.11450000,13.29900000,931362.50000000
2020-12-07T08:00:00Z,13.29790000,13.31520000,13.00010000,13.19410000,1326454.69000000
2020-12-07T16:00:00Z,13.19470000,13.25000000,12.86710000,13.07040000,966580.85000000
2020-12-08T00:00:00Z,13.07370000,13.19290000,13.00570000,13.07770000,810284.60000000
2020-12-08T08:00:00Z,13.07640000,13.10300000,12.38080000,12.58650000,2229532.25000000
2020-12-08T16:00:00Z,12.59120000,12.68300000,12.00000000,12.13560000,2136360.60000000
2020-12-09T00:00:00Z,12.12800000,12.17040000,11.61110000,11.71850000,2457520.50000000
2020-12-09T08:00:00Z,11.71710000,12.43940000,11.57260000,12.31070000,2615528.54000000
2020-12-09T16:00:00Z,12.31450000,12.82900000,12.16780000,12.62120000,1707750.20000000
2020-12-10T00:00:00Z,12.62000000,12.67300000,12.15920000,12.26150000,1097144.76000000
2020-12-10T08:00:00Z,12.26150000,12.38680000,11.85490000,12.07080000,1381129.32000000
2020-12-10T16:00:00Z,12.07240000,12.18980000,11.88330000,11.91720000,1091284.34000000
2020-12-11T00:00:00Z,11.91720000,11.98990000,11.52000000,11.66870000,1865950.52000000
2020-12-11T08:00:00Z,11.67220000,11.83230000,11.43000000,11.74840000,1710395.91000000
2020-12-11T16:00:00Z,11.75170000,11.84250000,11.50050000,11.63350000,1436912.12000000
2020-12-12T00:00:00Z,11.63930000,12.24240000,11.60100000,12.22520000,1818895.69000000
2020-12-12T08:00:00Z,12.22830000,12.26890000,11.85560000,11.91790000,1218828.17000000
2020-12-12T16:00:00Z,11.91550000,12.35290000,11.87780000,12.22590000,1356768.36000000
2020-12-13T00:00:00Z,12.22800000,12.43090000,12.02100000,12.39280000,1285907.77000000
2020-12-13T08:00:00Z,12.39460000,12.69400000,12.38720000,12.59320000,1951659.39000000
2020-12-13T16:00:00Z,12.59500000,13.26970000,12.59500000,12.93920000,2799281.81000000
2020-12-14T00:00:00Z,12.93890000,12.96740000,12.61600000,12.67590000,1385625.72000000
2020-12-14T08:00:00Z,12.67180000,12.77990000,12.32380000,12.60120000,1788631.06000000
2020-12-14T16:00:00Z,12.60440000,12.98000000,12.47030000,12.85020000,1355010.34000000
2020-12-15T00:00:00Z,12.85130000,13.02200000,12.52590000,12.64110000,1187880.17000000
2020-12-15T08:00:00Z,12.63700000,12.79330000,12.46590000,12.62640000,1149035.70000000
2020-12-15T16:00:00Z,12.62730000,12.84320000,12.56360000,12.68180000,865294.75000000
2020-12-16T00:00:00Z,12.67860000,12.69030000,12.31190000,12.48810000,1190931.95000000
2020-12-16T08:00:00Z,12.48820000,13.30000000,12.43200000,13.19600000,3061185.85000000
2020-12-16T16:00:00Z,13.19590000,13.50000000,13.09550000,13.48520000,2448144.00000000
2020-12-17T00:00:00Z,13.48400000,13.80630000,13.33460000,13.58710000,2306870.30000000
2020-12-17T08:00:00Z,13.58170000,14.27510000,13.05750000,14.15370000,4701570.12000000
2020-12-17T16:00:00Z,14.15230000,14.50380000,13.22700000,13.44400000,4577150.84000000
2020-12-18T00:00:00Z,13.44400000,14.02350000,13.17250000,13.69060000,2080453.28000000
2020-12-18T08:00:00Z,13.69030000,14.01340000,13.28890000,13.36110000,2145645.48000000
2020-12-18T16:00:00Z,13.36090000,13.56600000,13.19590000,13.50010000,1294618.28000000
2020-12-19T00:00:00Z,13.50000000,13.75160000,13.29810000,13.56500000,1199383.43000000
2020-12-19T08:00:00Z,13.56470000,13.96970000,13.53690000,13.78210000,1695170.75000000
2020-12-19T16:00:00Z,13.78210000,13.92840000,13.35220000,13.47470000,1712049.15000000
2020-12-20T00:00:00Z,13.47480000,13.50570000,13.13250000,13.48060000,1318122.11000000
2020-12-20T08:00:00Z,13.47820000,13.80000000,13.20000000,13.59960000,1754628.47000000
2020-12-20T16:00:00Z,13.59960000,13.69810000,12.67520000,13.06040000,2154746.44000000
2020-12-21T00:00:00Z,13.06030000,13.27000000,12.86370000,13.16760000,1739352.35000000
2020-12-21T08:00:00Z,13.16760000,13.21340000,12.13540000,12.46360000,2988309.47000000
2020-12-21T16:00:00Z,12.44760000,12.58540000,12.27500000,12.30490000,991678.06000000
2020-12-22T00:00:00Z,12.30280000,12.53090000,12.00650000,12.06710000,1817945.65000000
2020-12-22T08:00:00Z,12.06490000,12.73490000,11.81170000,12.63470000,2514978.98000000
2020-12-22T16:00:00Z,12.63730000,12.84000000,12.42370000,12.78420000,1842315.61000000
2020-12-23T00:00:00Z,12.78110000,12.86340000,12.12620000,12.30000000,2130775.55000000
2020-12-23T08:00:00Z,12.30070000,12.36730000,11.62800000,11.74120000,3276930.19000000
2020-12-23T16:00:00Z,11.73820000,11.99090000,8.05000000,10.97360000,9848204.52000000
2020-12-24T00:00:00Z,10.97300000,11.02850000,9.85640000,10.29560000,6970129.62000000
2020-12-24T08:00:00Z,10.29440000,11.20230000,10.14900000,10.85400000,4330863.11000000
2020-12-24T16:00:00Z,10.85150000,11.68770000,10.65060000,11.57240000,3470445.67000000
2020-12-25T00:00:00Z,11.57050000,11.69800000,11.06010000,11.25970000,1554344.84000000
2020-12-25T08:00:00Z,11.25700000,11.88840000,11.25380000,11.40600000,2986957.20000000
2020-12-25T16:00:00Z,11.40610000,11.92340000,11.22820000,11.55430000,2845132.07000000
2020-12-26T00:00:00Z,11.56400000,11.81510000,11.40000000,11.49530000,1618102.61000000
2020-12-26T08:00:00Z,11.49010000,11.58680000,10.64480000,10.86550000,3371950.16000000
2020-12-26T16:00:00Z,10.86400000,11.39560000,10.62380000,10.98090000,4107461.75000000
2020-12-27T00:00:00Z,10.98400000,11.35000000,10.85260000,11.12580000,2746994.74000000
2020-12-27T08:00:00Z,11.13000000,12.90010000,10.47630000,12.90000000,7589181.66000000
2020-12-27T16:00:00Z,12.89210000,13.24480000,11.84250000,12.15410000,8628964.37000000
2020-12-28T00:00:00Z,12.15420000,12.67700000,11.97100000,12.50900000,3729148.86000000
2020-12-28T08:00:00Z,12.51140000,12.66500000,12.16010000,12.27950000,3708365.83000000
2020-12-28T16:00:00Z,12.27500000,12.97810000,12.22430000,12.60810000,3851441.16000000
2020-12-29T00:00:00Z,12.60800000,13.03510000,11.67780000,11.99230000,4108688.36000000
2020-12-29T08:00:00Z,11.99320000,12.24490000,11.30370000,11.31210000,3883595.13000000
2020-12-29T16:00:00Z,11.30370000,11.81470000,10.81610000,11.77860000,4903447.88000000
2020-12-30T00:00:00Z,11.77860000,11.99000000,11.48030000,11.63840000,2731483.33000000
2020-12-30T08:00:00Z,11.63740000,11.73390000,11.24500000,11.28360000,2261150.92000000
2020-12-30T16:00:00Z,11.28300000,11.44250000,11.06710000,11.24350000,2728224.83000000
2020-12-31T00:00:00Z,11.24370000,11.61980000,10.90390000,11.51640000,2323019.08000000
2020-12-31T08:00:00Z,11.51550000,11.75300000,11.13740000,11.19680000,2739650.10000000
2020-12-31T16:00:00Z,11.19570000,11.46920000,11.01940000,11.23640000,1577465.01000000
2021-01-01T00:00:00Z,11.23640000,11.62000000,11.06380000,11.37840000,1686645.63000000
2021-01-01T08:00:00Z,11.37790000,12.46000000,11.22820000,12.11830000,3933662.03000000
2021-01-01T16:00:00Z,12.12120000,12.35000000,11.53400000,11.84770000,2676518.51000000
2021-01-02T00:00:00Z,11.84530000,11.94200000,11.43030000,11.61990000,1589134.17000000
2021-01-02T08:00:00Z,11.61990000,12.12000000,11.48640000,11.94190000,2867425.48000000
2021-01-02T16:00:00Z,11.94190000,12.41880000,11.66610000,12.22150000,5161661.66000000
2021-01-03T00:00:00Z,12.22060000,12.46010000,11.89120000,11.99900000,2268020.41000000
2021-01-03T08:00:00Z,12.00570000,13.45000000,11.83550000,13.22100000,7058475.47000000
2021-01-03T16:00:00Z,13.21070000,13.99990000,12.66320000,13.68140000,6611584.54000000
2021-01-04T00:00:00Z,13.68150000,15.64400000,13.58550000,14.29920000,9121864.47000000
2021-01-04T08:00:00Z,14.30130000,14.68540000,12.37130000,13.80800000,9320559.52000000
2021-01-04T16:00:00Z,13.79270000,13.87480000,13.02690000,13.59350000,4846439.82000000
2021-01-05T00:00:00Z,13.59620000,14.39450000,13.09280000,13.50620000,5188758.19000000
2021-01-05T08:00:00Z,13.50190000,14.60720000,13.50100000,14.51760000,4951006.75000000
2021-01-05T16:00:00Z,14.52420000,14.89000000,14.07940000,14.51620000,4702572.89000000
2021-01-06T00:00:00Z,14.51410000,14.75050000,14.14270000,14.33260000,3368533.86000000
2021-01-06T08:00:00Z,14.33410000,16.97770000,14.31850000,16.25560000,9319254.76000000
2021-01-06T16:00:00Z,16.24950000,17.29970000,15.76500000,17.23220000,8693378.59000000
2021-01-07T00:00:00Z,17.23420000,17.39470000,16.26870000,16.48610000,3823848.65000000
2021-01-07T08:00:00Z,16.48610000,16.96860000,16.03070000,16.95160000,4849602.02000000
2021-01-07T16:00:00Z,16.96080000,17.41000000,15.06570000,15.96280000,8208237.75000000
2021-01-08T00:00:00Z,15.96590000,16.13270000,14.12000000,15.70200000,5756224.60000000
2021-01-08T08:00:00Z,15.70000000,16.19170000,15.05500000,15.45690000,5264262.01000000
2021-01-08T16:00:00Z,15.45690000,15.85690000,14.54750000,15.23810000,3965906.14000000
2021-01-09T00:00:00Z,15.23950000,15.86830000,15.00290000,15.37360000,3070486.31000000
2021-01-09T08:00:00Z,15.38100000,16.34850000,15.24610000,16.24690000,3287612.55000000
2021-01-09T16:00:00Z,16.25080000,17.88880000,15.44100000,17.55010000,6460865.36000000
2021-01-10T00:00:00Z,17.55010000,18.43860000,17.41180000,18.04430000,4307290.16000000
2021-01-10T08:00:00Z,18.04490000,18.10800000,16.45080000,17.01300000,5434851.37000000
2021-01-10T16:00:00Z,17.01400000,17.34520000,15.44180000,16.20600000,6754411.78000000
2021-01-11T00:00:00Z,16.19980000,16.25960000,13.80950000,14.46930000,8027279.70000000
2021-01-11T08:00:00Z,14.46960000,15.24890000,13.10620000,13.41780000,6522685.38000000
2021-01-11T16:00:00Z,13.42520000,14.68420000,12.50000000,14.63930000,7446279.71000000
2021-01-12T00:00:00Z,14.63120000,15.47600000,13.91110000,15.21860000,4146608.76000000
2021-01-12T08:00:00Z,15.21340000,15.30810000,13.73570000,14.27160000,4522856.37000000
2021-01-12T16:00:00Z,14.27150000,14.79660000,13.67010000,13.96550000,3252079.36000000
2021-01-13T00:00:00Z,13.96090000,14.48850000,13.37010000,14.44240000,3275880.87000000
2021-01-13T08:00:00Z,14.44540000,15.42870000,14.21890000,15.20160000,3461105.70000000
2021-01-13T16:00:00Z,15.18830000,16.23560000,15.17760000,15.93560000,4730844.84000000
2021-01-14T00:00:00Z,15.93960000,16.37000000,15.33000000,15.82150000,3160128.75000000
2021-01-14T08:00:00Z,15.81390000,16.49830000,15.50730000,16.29960000,3473684.20000000
2021-01-14T16:00:00Z,16.29790000,17.99000000,16.29710000,17.98040000,6850904.18000000
2021-01-15T00:00:00Z,17.98880000,18.80000000,17.53550000,18.47140000,7203611.11000000
2021-01-15T08:00:00Z,18.47180000,21.45330000,17.67790000,18.71490000,17146951.66000000
2021-01-15T16:00:00Z,18.71070000,21.42210000,17.59800000,20.73750000,14298612.83000000
2021-01-16T00:00:00Z,20.74050000,22.68000000,20.73430000,22.29120000,11340477.66000000
2021-01-16T08:00:00Z,22.29500000,22.86660000,21.36210000,22.16060000,7765497.23000000
2021-01-16T16:00:00Z,22.16660000,22.96000000,19.62800000,20.10540000,8778198.50000000
2021-01-17T00:00:00Z,20.10030000,21.30000000,19.37290000,20.05270000,6047622.06000000
2021-01-17T08:00:00Z,20.06160000,21.13480000,19.63850000,21.05480000,5586714.95000000
2021-01-17T16:00:00Z,21.05480000,23.76700000,20.91050000,23.28190000,10160275.17000000
2021-01-18T00:00:00Z,23.26760000,23.68620000,21.67780000,22.51660000,5793277.72000000
2021-01-18T08:00:00Z,22.52350000,22.86000000,21.33040000,21.65920000,4935288.09000000
2021-01-18T16:00:00Z,21.64950000,22.17460000,21.06000000,22.03360000,3053377.22000000
2021-01-19T00:00:00Z,22.03250000,22.17760000,21.25650000,21.95520000,3437228.39000000
2021-01-19T08:00:00Z,21.95550000,22.85640000,21.27620000,21.66890000,4246036.22000000
2021-01-19T16:00:00Z,21.66490000,21.93950000,20.37740000,20.55570000,3285626.09000000
2021-01-20T00:00:00Z,20.54370000,21.14060000,19.95880000,20.77950000,3199322.15000000
2021-01-20T08:00:00Z,20.77430000,20.88750000,19.06450000,19.63330000,5043591.68000000
2021-01-20T16:00:00Z,19.62220000,21.97880000,19.21530000,21.84820000,4211318.06000000
2021-01-21T00:00:00Z,21.84210000,22.03070000,20.42000000,20.73040000,3391424.59000000
2021-01-21T08:00:00Z,20.73040000,20.77180000,19.30010000,19.51590000,6484113.42000000
2021-01-21T16:00:00Z,19.50950000,20.19230000,18.06110000,18.41190000,4981548.12000000
2021-01-22T00:00:00Z,18.41090000,19.88650000,17.12690000,19.38710000,7100954.92000000
2021-01-22T08:00:00Z,19.37540000,21.85000000,19.13800000,21.70550000,4674143.58000000
2021-01-22T16:00:00Z,21.70190000,22.49970000,21.39320000,21.55190000,5285679.60000000
2021-01-23T00:00:00Z,21.54670000,24.63890000,21.14000000,23.87010000,6626226.81000000
2021-01-23T08:00:00Z,23.85800000,25.47960000,22.73930000,24.98570000,7775481.91000000
2021-01-23T16:00:00Z,24.98600000,25.50000000,24.37400000,24.80460000,4623172.95000000
2021-01-24T00:00:00Z,24.81680000,24.90880000,23.76540000,24.21650000,3905587.77000000
2021-01-24T08:00:00Z,24.22200000,24.86630000,23.57470000,23.99660000,3497568.53000000
2021-01-24T16:00:00Z,23.99640000,24.95300000,23.16120000,24.79350000,4507526.41000000
2021-01-25T00:00:00Z,24.79120000,25.78240000,24.55000000,24.87570000,4782916.56000000
2021-01-25T08:00:00Z,24.88120000,24.92740000,23.81000000,24.24750000,3401190.11000000
2021-01-25T16:00:00Z,24.24450000,24.45000000,22.60000000,23.34180000,4397361.66000000
2021-01-26T00:00:00Z,23.34180000,23.97610000,22.46350000,22.88510000,2989060.08000000
2021-01-26T08:00:00Z,22.88400000,23.22720000,21.65000000,22.26970000,3190267.04000000
2021-01-26T16:00:00Z,22.26950000,23.30000000,21.81500000,23.09810000,2805117.45000000
2021-01-27T00:00:00Z,23.09140000,23.22950000,21.68000000,22.07940000,2334195.08000000
2021-01-27T08:00:00Z,22.08410000,22.08680000,20.27670000,21.56100000,4538774.63000000
2021-01-27T16:00:00Z,21.54850000,21.88960000,20.42920000,20.95860000,3964707.49000000
2021-01-28T00:00:00Z,20.95860000,23.78660000,20.50100000,23.36520000,4109211.72000000
2021-01-28T08:00:00Z,23.36160000,24.47160000,23.10770000,23.95580000,4173141.43000000
2021-01-28T16:00:00Z,23.95580000,24.09350000,22.94100000,23.01450000,2923016.28000000
2021-01-29T00:00:00Z,22.98690000,23.66660000,22.04500000,22.60720000,3152967.63000000
2021-01-29T08:00:00Z,22.60720000,24.24000000,22.42020000,23.50410000,5522926.31000000
2021-01-29T16:00:00Z,23.50410000,23.65370000,22.52620000,22.74800000,2962657.05000000
2021-01-30T00:00:00Z,22.74800000,22.95550000,22.15340000,22.64950000,1991659.81000000
2021-01-30T08:00:00Z,22.64960000,23.46440000,22.29750000,23.13000000,2164032.73000000
2021-01-30T16:00:00Z,23.13380000,23.98000000,22.80170000,23.63990000,3237631.94000000
2021-01-31T00:00:00Z,23.64910000,24.67800000,22.84080000,23.02510000,3186174.52000000
2021-01-31T08:00:00Z,23.02300000,23.29970000,22.18270000,22.43260000,2481793.23000000
2021-01-31T16:00:00Z,22.43290000,22.72530000,22.06030000,22.56130000,1977243.14000000
2021-02-01T00:00:00Z,22.56430000,22.56730000,21.72550000,22.32860000,2324332.83000000
2021-02-01T08:00:00Z,22.33000000,22.62520000,21.65260000,22.03550000,2321331.08000000
2021-02-01T16:00:00Z,22.03630000,23.20000000,21.94020000,22.87570000,1801306.50000000
2021-02-02T00:00:00Z,22.87520000,23.61640000,22.81180000,23.42130000,2193718.44000000
2021-02-02T08:00:00Z,23.43030000,23.68950000,22.73540000,22.77120000,2122372.76000000
2021-02-02T16:00:00Z,22.77130000,24.16930000,22.77130000,23.65820000,2168780.07000000
2021-02-03T00:00:00Z,23.65780000,24.36000000,23.53180000,24.00950000,1917700.39000000
2021-02-03T08:00:00Z,24.01860000,25.51000000,23.63550000,25.33080000,3942624.56000000
2021-02-03T16:00:00Z,25.33970000,25.56740000,24.54690000,25.08700000,2606046.77000000
2021-02-04T00:00:00Z,25.08140000,26.15000000,24.21420000,24.57190000,2930499.40000000
2021-02-04T08:00:00Z,24.56470000,24.82380000,22.61740000,23.59380000,3100923.65000000
2021-02-04T16:00:00Z,23.59380000,25.21320000,23.21370000,24.49200000,2614964.05000000
2021-02-05T00:00:00Z,24.48410000,26.95000000,24.40810000,26.68120000,3560533.93000000
2021-02-05T08:00:00Z,26.68130000,27.00000000,25.69730000,26.44530000,3526176.48000000
2021-02-05T16:00:00Z,26.45180000,26.80380000,25.48520000,26.30340000,2913616.17000000
2021-02-06T00:00:00Z,26.30230000,26.80000000,24.20810000,25.53060000,3312489.06000000
2021-02-06T08:00:00Z,25.54280000,26.05230000,24.94160000,25.08800000,1893508.93000000
2021-02-06T16:00:00Z,25.10090000,25.99540000,24.63820000,25.02310000,1857686.92000000
2021-02-07T00:00:00Z,25.03360000,25.28360000,23.61630000,24.52810000,2362968.45000000
2021-02-07T08:00:00Z,24.51850000,25.02310000,23.42920000,23.83680000,2028912.03000000
2021-02-07T16:00:00Z,23.84650000,24.89000000,22.81000000,24.72540000,2122396.82000000
2021-02-08T00:00:00Z,24.73350000,24.95000000,23.95870000,24.87970000,1227956.91000000
2021-02-08T08:00:00Z,24.88120000,25.86720000,24.54930000,25.33430000,3272464.84000000
2021-02-08T16:00:00Z,25.35310000,25.98000000,24.95080000,25.41150000,2526481.79000000
2021-02-09T00:00:00Z,25.40700000,25.78710000,25.00000000,25.53620000,1989332.34000000
2021-02-09T08:00:00Z,25.54190000,26.53310000,25.01090000,25.37760000,3048229.63000000
2021-02-09T16:00:00Z,25.37070000,28.00000000,25.20000000,27.60340000,4435308.35000000
2021-02-10T00:00:00Z,27.61500000,28.19650000,26.69900000,27.79530000,3134704.80000000
2021-02-10T08:00:00Z,27.80770000,28.64120000,25.12270000,26.31610000,6161172.93000000
2021-02-10T16:00:00Z,26.34170000,27.10000000,25.79620000,26.81210000,2425219.41000000
2021-02-11T00:00:00Z,26.80000000,27.64990000,26.21720000,27.37920000,1522682.15000000
2021-02-11T08:00:00Z,27.36200000,28.31570000,27.32680000,28.08300000,2836153.93000000
2021-02-11T16:00:00Z,28.09210000,28.57050000,27.09230000,27.84750000,2301783.02000000
2021-02-12T00:00:00Z,27.86450000,27.99510000,26.67460000,27.45430000,1758971.92000000
2021-02-12T08:00:00Z,27.44820000,28.46000000,27.32430000,28.42460000,2215910.56000000
2021-02-12T16:00:00Z,28.44190000,31.44850000,28.42470000,30.62650000,5787413.29000000
2021-02-13T00:00:00Z,30.64040000,32.11440000,30.10050000,30.10540000,2703646.72000000
2021-02-13T08:00:00Z,30.12040000,31.13720000,29.07000000,30.50320000,3386341.48000000
2021-02-13T16:00:00Z,30.51530000,34.75730000,30.22320000,34.19410000,4938502.58000000
2021-02-14T00:00:00Z,34.19690000,35.69450000,33.27540000,34.85560000,4349450.97000000
2021-02-14T08:00:00Z,34.85560000,35.28470000,32.30880000,32.77870000,3017547.07000000
2021-02-14T16:00:00Z,32.76130000,34.27610000,32.50240000,33.15650000,2073096.34000000
2021-02-15T00:00:00Z,33.15550000,33.65430000,27.50000000,31.88870000,5374193.74000000
2021-02-15T08:00:00Z,31.88550000,34.40800000,31.56460000,34.40000000,2752697.78000000
2021-02-15T16:00:00Z,34.40120000,34.92520000,32.18270000,32.58990000,2717745.24000000
2021-02-16T00:00:00Z,32.58530000,33.19200000,31.12830000,32.39990000,2443864.72000000
2021-02-16T08:00:00Z,32.39180000,33.42690000,31.50270000,31.72320000,2268081.22000000
2021-02-16T16:00:00Z,31.70870000,32.38880000,30.78400000,31.96320000,2351043.77000000
2021-02-17T00:00:00Z,31.96300000,32.20690000,30.00000000,31.33880000,1926197.23000000
2021-02-17T08:00:00Z,31.33720000,32.65440000,31.10820000,31.77220000,1934529.98000000
2021-02-17T16:00:00Z,31.77480000,32.67050000,31.58840000,32.23240000,1819794.97000000
2021-02-18T00:00:00Z,32.22560000,33.59610000,32.17650000,32.62190000,1966933.17000000
2021-02-18T08:00:00Z,32.61770000,32.97000000,31.77850000,32.26350000,1799202.54000000
2021-02-18T16:00:00Z,32.26350000,33.12000000,31.95810000,32.48010000,1686854.89000000
2021-02-19T00:00:00Z,32.47270000,32.85500000,31.37990000,32.64120000,2186498.03000000
2021-02-19T08:00:00Z,32.63810000,34.44310000,32.44650000,34.31040000,3327470.28000000
2021-02-19T16:00:00Z,34.31040000,35.50720000,33.61970000,34.68460000,2898182.33000000
2021-02-20T00:00:00Z,34.68460000,35.42080000,33.79210000,34.21760000,2709868.69000000
2021-02-20T08:00:00Z,34.23290000,36.93070000,34.06150000,34.95000000,4082651.03000000
2021-02-20T16:00:00Z,34.95230000,36.46330000,32.00000000,33.93870000,3285829.18000000
2021-02-21T00:00:00Z,33.92930000,34.74080000,33.29980000,33.41600000,1827022.82000000
2021-02-21T08:00:00Z,33.43000000,34.72200000,33.27120000,34.44250000,1506259.37000000
2021-02-21T16:00:00Z,34.44220000,35.29180000,33.38910000,34.09150000,1846001.05000000
2021-02-22T00:00:00Z,34.09160000,34.21850000,31.50210000,32.77170000,2366142.92000000
2021-02-22T08:00:00Z,32.77400000,32.78890000,25.23120000,30.09730000,7576721.99000000
2021-02-22T16:00:00Z,30.09230000,31.75230000,28.32890000,31.45420000,3399841.45000000
2021-02-23T00:00:00Z,31.44820000,31.68220000,26.22230000,27.03160000,5792883.95000000
2021-02-23T08:00:00Z,27.02480000,27.46540000,20.80880000,26.52130000,13959856.11000000
2021-02-23T16:00:00Z,26.52130000,27.05000000,23.08500000,25.92490000,4580966.57000000
2021-02-24T00:00:00Z,25.95730000,28.60000000,24.50500000,27.97580000,4170393.23000000
2021-02-24T08:00:00Z,27.98190000,28.82920000,26.32380000,28.30310000,3895488.53000000
2021-02-24T16:00:00Z,28.31570000,29.33700000,26.60000000,28.08510000,3375155.95000000
2021-02-25T00:00:00Z,28.07370000,28.57420000,26.77150000,27.38880000,1872927.87000000
2021-02-25T08:00:00Z,27.37890000,28.68020000,26.40000000,28.08860000,2744695.63000000
2021-02-25T16:00:00Z,28.09000000,28.40000000,24.25090000,24.71440000,3307766.57000000
2021-02-26T00:00:00Z,24.71440000,25.49920000,23.65740000,24.34480000,3821290.98000000
2021-02-26T08:00:00Z,24.35530000,26.38850000,24.34730000,26.16500000,2876723.75000000
2021-02-26T16:00:00Z,26.16380000,26.99060000,24.50000000,25.18620000,2443881.64000000
2021-02-27T00:00:00Z,25.16500000,26.03150000,24.90670000,25.39560000,2255773.99000000
2021-02-27T08:00:00Z,25.40590000,26.50550000,24.85450000,25.44480000,2622375.97000000
2021-02-27T16:00:00Z,25.44000000,27.44720000,25.23130000,26.18960000,2750940.70000000
2021-02-28T00:00:00Z,26.19410000,26.76240000,23.68430000,23.89150000,3029975.83000000
2021-02-28T08:00:00Z,23.90260000,24.71530000,23.05290000,23.31360000,2706044.29000000
2021-02-28T16:00:00Z,23.31510000,25.12700000,22.85780000,24.70160000,2177063.92000000
2021-03-01T00:00:00Z,24.69540000,25.50150000,24.57580000,25.28430000,1445369.54000000
2021-03-01T08:00:00Z,25.28270000,27.24670000,25.27530000,27.17000000,6287443.14000000
2021-03-01T16:00:00Z,27.16480000,27.73260000,25.92540000,27.71160000,4568093.05000000
2021-03-02T00:00:00Z,27.71870000,29.73630000,27.17570000,28.70140000,3643244.15000000
2021-03-02T08:00:00Z,28.68010000,29.98000000,28.68010000,29.28390000,2467988.99000000
2021-03-02T16:00:00Z,29.29030000,30.52510000,27.27650000,28.47690000,3605261.39000000
2021-03-03T00:00:00Z,28.46400000,30.76000000,28.12720000,30.43740000,2234655.49000000
2021-03-03T08:00:00Z,30.43590000,31.23430000,29.81910000,30.62320000,2690867.88000000
2021-03-03T16:00:00Z,30.62440000,31.43000000,29.81940000,29.85000000,1938325.48000000
2021-03-04T00:00:00Z,29.83340000,30.57310000,28.86740000,29.60000000,2206804.54000000
2021-03-04T08:00:00Z,29.59870000,29.93000000,28.60260000,29.06160000,2220244.30000000
2021-03-04T16:00:00Z,29.08410000,29.42480000,27.18910000,27.69430000,2382163.45000000
2021-03-05T00:00:00Z,27.68560000,27.70150000,25.64830000,26.58250000,2770904.74000000
2021-03-05T08:00:00Z,26.56000000,27.56000000,25.80850000,26.80490000,1667971.69000000
2021-03-05T16:00:00Z,26.78500000,28.23380000,26.24410000,27.83430000,1396894.22000000
2021-03-06T00:00:00Z,27.81950000,28.31440000,26.55380000,27.91780000,1084163.17000000
2021-03-06T08:00:00Z,27.92820000,27.95860000,26.28890000,26.85820000,1355663.37000000
2021-03-06T16:00:00Z,26.86060000,28.39850000,26.73230000,28.14790000,1369276.83000000
2021-03-07T00:00:00Z,28.16080000,29.12580000,28.15260000,28.71120000,1487103.70000000
2021-03-07T08:00:00Z,28.70130000,28.94660000,27.54210000,27.97320000,1521617.20000000
2021-03-07T16:00:00Z,27.97130000,28.66580000,27.38590000,28.59320000,1590537.12000000
2021-03-08T00:00:00Z,28.59180000,29.45900000,28.26520000,28.56690000,1865942.75000000
2021-03-08T08:00:00Z,28.56950000,30.80000000,28.27810000,30.59920000,2728569.75000000
2021-03-08T16:00:00Z,30.61180000,31.84690000,30.47330000,31.84690000,2586984.20000000
2021-03-09T00:00:00Z,31.82270000,32.00000000,30.73800000,30.98630000,1716346.51000000
2021-03-09T08:00:00Z,30.98790000,31.56950000,30.38960000,30.76770000,2015370.39000000
2021-03-09T16:00:00Z,30.77220000,31.58000000,30.36390000,31.49140000,1478128.38000000
2021-03-10T00:00:00Z,31.49140000,31.79340000,29.47100000,30.56790000,1768950.69000000
2021-03-10T08:00:00Z,30.56200000,30.98000000,30.20000000,30.63950000,1559473.66000000
2021-03-10T16:00:00Z,30.63500000,30.78860000,29.25450000,29.90360000,1588247.35000000
2021-03-11T00:00:00Z,29.87430000,29.95010000,28.75940000,29.25000000,1408453.98000000
2021-03-11T08:00:00Z,29.25460000,30.04490000,28.55160000,29.28210000,1801823.59000000
2021-03-11T16:00:00Z,29.28200000,30.52850000,29.10510000,30.11660000,1869434.28000000
2021-03-12T00:00:00Z,30.12270000,30.41100000,29.29060000,29.43490000,1205479.56000000
2021-03-12T08:00:00Z,29.43140000,29.61430000,27.37170000,28.62340000,2182794.57000000
2021-03-12T16:00:00Z,28.60160000,28.68730000,27.70610000,28.35530000,1426726.93000000
2021-03-13T00:00:00Z,28.35230000,28.60060000,26.93260000,28.52240000,1974718.76000000
2021-03-13T08:00:00Z,28.51850000,30.48440000,28.35490000,30.08060000,2333242.46000000
2021-03-13T16:00:00Z,30.08900000,30.57000000,29.50210000,29.73840000,1382207.88000000
2021-03-14T00:00:00Z,29.75060000,30.20000000,28.88130000,29.22480000,1028577.11000000
2021-03-14T08:00:00Z,29.22140000,29.80000000,28.67750000,28.86160000,1146365.71000000
2021-03-14T16:00:00Z,28.85470000,29.49360000,28.51080000,28.54690000,973279.01000000
2021-03-15T00:00:00Z,28.53100000,29.42170000,27.35000000,27.77090000,1687066.01000000
2021-03-15T08:00:00Z,27.76940000,28.04640000,26.93300000,27.18410000,2196331.03000000
2021-03-15T16:00:00Z,27.17090000,27.88150000,26.80000000,27.50910000,1384426.25000000
2021-03-16T00:00:00Z,27.50060000,28.10660000,26.39750000,28.06770000,1409231.87000000
2021-03-16T08:00:00Z,28.07820000,28.18830000,27.31520000,27.91280000,1002262.29000000
2021-03-16T16:00:00Z,27.91190000,28.05700000,27.09110000,27.90990000,1363592.79000000
2021-03-17T00:00:00Z,27.91000000,28.37540000,27.46950000,28.10140000,896098.96000000
2021-03-17T08:00:00Z,28.10090000,30.43570000,27.30270000,30.24610000,4403172.18000000
2021-03-17T16:00:00Z,30.24620000,31.20000000,30.24620000,31.05790000,2871432.18000000
2021-03-18T00:00:00Z,31.05790000,31.35880000,29.78360000,29.85790000,1741430.51000000
2021-03-18T08:00:00Z,29.85730000,30.50330000,29.46240000,30.19240000,1906007.58000000
2021-03-18T16:00:00Z,30.19240000,30.35400000,29.00000000,29.39490000,1345691.41000000
2021-03-19T00:00:00Z,29.39290000,30.01020000,28.68020000,29.69920000,1157760.43000000
2021-03-19T08:00:00Z,29.69980000,30.50000000,29.66660000,30.08630000,1366419.65000000
2021-03-19T16:00:00Z,30.08620000,30.55100000,29.77700000,29.77700000,1051907.91000000
2021-03-20T00:00:00Z,29.78660000,30.97460000,29.57010000,30.76290000,1145832.94000000
2021-03-20T08:00:00Z,30.75700000,31.43250000,30.61220000,30.89240000,1200243.13000000
2021-03-20T16:00:00Z,30.89320000,31.06110000,29.58000000,29.64650000,1024771.26000000
2021-03-21T00:00:00Z,29.65640000,30.08000000,28.81190000,29.22930000,969179.47000000
2021-03-21T08:00:00Z,29.21930000,29.56470000,28.58170000,29.25640000,915595.96000000
2021-03-21T16:00:00Z,29.25510000,29.87790000,29.03480000,29.20970000,704229.78000000
2021-03-22T00:00:00Z,29.21170000,29.27060000,28.66000000,29.09240000,748253.83000000
2021-03-22T08:00:00Z,29.08860000,29.44440000,28.74300000,29.13610000,972818.30000000
2021-03-22T16:00:00Z,29.13610000,29.19060000,27.13620000,27.24310000,1848635.52000000
2021-03-23T00:00:00Z,27.25510000,27.93510000,26.62830000,27.22540000,1365900.42000000
2021-03-23T08:00:00Z,27.23260000,27.52090000,26.90000000,27.23510000,1043187.66000000
2021-03-23T16:00:00Z,27.23510000,27.78340000,26.71970000,26.78130000,1288903.26000000
2021-03-24T00:00:00Z,26.78310000,27.39000000,26.27450000,27.36400000,935802.90000000
2021-03-24T08:00:00Z,27.36400000,27.88140000,27.30000000,27.55500000,954979.24000000
2021-03-24T16:00:00Z,27.56200000,27.73230000,23.61000000,24.86840000,3239401.98000000
2021-03-25T00:00:00Z,24.86790000,25.45080000,24.47520000,24.91200000,1692712.54000000
2021-03-25T08:00:00Z,24.92480000,25.86260000,24.36650000,25.51920000,1784442.31000000
2021-03-25T16:00:00Z,25.51920000,26.64010000,25.18780000,25.53500000,1688414.41000000
2021-03-26T00:00:00Z,25.53000000,26.02580000,25.35910000,25.77680000,1271682.90000000
2021-03-26T08:00:00Z,25.78850000,26.54750000,25.62930000,26.34030000,1564235.01000000
2021-03-26T16:00:00Z,26.33070000,27.40000000,26.24450000,27.39270000,1378832.60000000
2021-03-27T00:00:00Z,27.39880000,27.49820000,26.59710000,26.69470000,706420.86000000
2021-03-27T08:00:00Z,26.69470000,26.90240000,26.00300000,26.55330000,703459.38000000
2021-03-27T16:00:00Z,26.54600000,27.16530000,26.47950000,26.87660000,623950.36000000
2021-03-28T00:00:00Z,26.87650000,27.58000000,26.66780000,27.54990000,604846.35000000
2021-03-28T08:00:00Z,27.54510000,27.66240000,26.63140000,27.19000000,679951.27000000
2021-03-28T16:00:00Z,27.19510000,27.33470000,26.08890000,26.65880000,925026.73000000
2021-03-29T00:00:00Z,26.65760000,27.27670000,26.38860000,27.26170000,586839.04000000
2021-03-29T08:00:00Z,27.25910000,28.04300000,27.22640000,27.78370000,1575383.51000000
2021-03-29T16:00:00Z,27.77330000,28.62030000,27.75030000,28.03570000,1469179.08000000
2021-03-30T00:00:00Z,28.03560000,28.36000000,27.62810000,28.04210000,684642.64000000
2021-03-30T08:00:00Z,28.04410000,28.57350000,27.97190000,28.09100000,1090553.33000000
2021-03-30T16:00:00Z,28.09330000,28.29720000,27.44600000,27.83010000,747302.98000000
2021-03-31T00:00:00Z,27.83000000,28.07540000,27.03270000,27.23830000,810817.60000000
2021-03-31T08:00:00Z,27.24110000,27.67250000,26.18000000,27.56490000,1389364.89000000
2021-03-31T16:00:00Z,27.56520000,29.44010000,27.20290000,29.41670000,2154356.67000000
2021-04-01T00:00:00Z,29.41680000,30.48380000,29.31430000,30.38400000,2019076.67000000
2021-04-01T08:00:00Z,30.37630000,31.00000000,29.49420000,30.83050000,1955369.07000000
2021-04-01T16:00:00Z,30.82440000,31.12500000,29.47590000,30.06840000,1467245.63000000
2021-04-02T00:00:00Z,30.08080000,30.53020000,29.36100000,30.28950000,1139545.81000000
2021-04-02T08:00:00Z,30.29650000,31.37870000,29.94440000,31.04060000,1445951.67000000
2021-04-02T16:00:00Z,31.04150000,32.55550000,30.72960000,32.48640000,1955800.64000000
2021-04-03T00:00:00Z,32.48670000,33.05040000,31.81950000,32.81960000,1603481.10000000
2021-04-03T08:00:00Z,32.82480000,33.17070000,31.00000000,31.05800000,1621046.23000000
2021-04-03T16:00:00Z,31.05830000,31.50400000,29.12560000,29.29300000,2128005.75000000
2021-04-04T00:00:00Z,29.29300000,30.42290000,28.68010000,30.38600000,1190051.83000000
2021-04-04T08:00:00Z,30.38590000,31.34750000,30.18010000,31.10990000,1089179.10000000
2021-04-04T16:00:00Z,31.11640000,31.46430000,30.38820000,30.74710000,757499.27000000
2021-04-05T00:00:00Z,30.74730000,30.91770000,29.61790000,30.10770000,1189536.18000000
2021-04-05T08:00:00Z,30.10640000,31.75910000,29.73070000,31.57620000,1686627.82000000
2021-04-05T16:00:00Z,31.58140000,32.63990000,31.14020000,32.37910000,2240099.33000000
2021-04-06T00:00:00Z,32.37910000,32.66660000,31.30740000,31.47900000,1479126.62000000
2021-04-06T08:00:00Z,31.48800000,34.66660000,31.30740000,32.81520000,4825882.46000000
2021-04-06T16:00:00Z,32.80540000,34.90000000,32.74190000,34.72500000,2588483.86000000
2021-04-07T00:00:00Z,34.72950000,35.12000000,33.05880000,33.44310000,2410338.23000000
2021-04-07T08:00:00Z,33.44150000,33.46700000,30.29210000,31.22700000,3325012.52000000
2021-04-07T16:00:00Z,31.19510000,31.91460000,30.22860000,31.10900000,1619124.97000000
2021-04-08T00:00:00Z,31.10080000,32.55800000,30.94660000,32.44160000,1011974.35000000
2021-04-08T08:00:00Z,32.43460000,32.57480000,31.13540000,32.54340000,1498330.06000000
2021-04-08T16:00:00Z,32.54340000,32.89990000,31.86980000,32.78840000,1038326.87000000
2021-04-09T00:00:00Z,32.78700000,33.28760000,32.22260000,32.53650000,891512.68000000
2021-04-09T08:00:00Z,32.53110000,32.72190000,31.52810000,31.86430000,1213646.24000000
2021-04-09T16:00:00Z,31.86980000,31.97550000,31.23480000,31.58930000,1040934.87000000
2021-04-10T00:00:00Z,31.59610000,32.97670000,31.32000000,32.49500000,1350780.25000000
2021-04-10T08:00:00Z,32.49500000,33.00000000,31.83960000,32.10700000,1032855.19000000
2021-04-10T16:00:00Z,32.10780000,32.49000000,31.00000000,31.89440000,1164383.14000000
2021-04-11T00:00:00Z,31.89800000,32.58470000,31.72830000,32.24220000,1071761.17000000
2021-04-11T08:00:00Z,32.23810000,33.75000000,32.21860000,33.70000000,1655200.68000000
2021-04-11T16:00:00Z,33.68200000,34.43970000,33.27400000,33.88110000,2223228.03000000
2021-04-12T00:00:00Z,33.88110000,34.14680000,33.13000000,33.50140000,1088194.96000000
2021-04-12T08:00:00Z,33.49060000,33.65100000,32.00720000,32.21530000,1710425.35000000
2021-04-12T16:00:00Z,32.21470000,33.52420000,31.86010000,33.10800000,1315408.42000000
2021-04-13T00:00:00Z,33.10230000,33.39800000,32.38420000,32.83080000,904490.08000000
2021-04-13T08:00:00Z,32.82610000,34.50000000,32.60110000,34.31300000,2134862.98000000
2021-04-13T16:00:00Z,34.31840000,35.86450000,34.30200000,35.52170000,3061653.66000000
2021-04-14T00:00:00Z,35.54160000,37.98490000,35.33290000,37.04550000,3220027.91000000
2021-04-14T08:00:00Z,37.03840000,38.05870000,35.00000000,36.54430000,4526508.03000000
2021-04-14T16:00:00Z,36.53010000,41.99010000,36.50150000,41.36410000,6295611.78000000
2021-04-15T00:00:00Z,41.33710000,42.98760000,39.66380000,42.38250000,4176459.00000000
2021-04-15T08:00:00Z,42.38250000,44.33000000,40.00000000,44.00260000,5317539.04000000
2021-04-15T16:00:00Z,44.00270000,44.32610000,42.11520000,42.56010000,3096879.70000000
2021-04-16T00:00:00Z,42.56540000,43.29020000,40.20020000,41.82600000,3039855.50000000
2021-04-16T08:00:00Z,41.83690000,42.42810000,38.52730000,41.30090000,3822647.33000000
2021-04-16T16:00:00Z,41.32740000,42.55550000,40.55410000,41.98610000,2797542.52000000
2021-04-17T00:00:00Z,41.97970000,44.11160000,41.91720000,43.26390000,2654280.52000000
2021-04-17T08:00:00Z,43.27180000,43.46730000,40.33830000,40.45960000,2437299.02000000
2021-04-17T16:00:00Z,40.45950000,42.11630000,39.83040000,39.91370000,1676060.69000000
2021-04-18T00:00:00Z,39.91350000,40.34360000,28.80000000,36.63790000,7165970.87000000
2021-04-18T08:00:00Z,36.63800000,37.69370000,32.56080000,37.57020000,5395873.31000000
2021-04-18T16:00:00Z,37.57020000,39.73680000,36.69940000,39.07990000,3639804.40000000
2021-04-19T00:00:00Z,39.08580000,41.99000000,38.06410000,40.70370000,3865088.76000000
2021-04-19T08:00:00Z,40.69830000,40.96580000,34.99990000,35.23240000,5415711.37000000
2021-04-19T16:00:00Z,35.23240000,37.90000000,34.81440000,35.73590000,3800358.20000000
2021-04-20T00:00:00Z,35.75040000,36.73460000,33.19330000,34.89880000,4205822.10000000
2021-04-20T08:00:00Z,34.90570000,38.17000000,34.81700000,36.61550000,4519742.60000000
2021-04-20T16:00:00Z,36.62240000,39.39010000,36.39140000,38.99540000,3430084.88000000
2021-04-21T00:00:00Z,38.99830000,39.48720000,37.18210000,37.51820000,2498657.16000000
2021-04-21T08:00:00Z,37.52330000,38.66640000,35.89330000,38.65230000,3167697.45000000
2021-04-21T16:00:00Z,38.62640000,39.19570000,35.95080000,36.22740000,2318531.18000000
2021-04-22T00:00:00Z,36.23640000,37.60210000,35.59120000,36.81690000,3356259.59000000
2021-04-22T08:00:00Z,36.80620000,40.74360000,35.84910000,40.51390000,4562673.67000000
2021-04-22T16:00:00Z,40.51790000,40.82000000,33.78590000,35.13060000,6100200.64000000
2021-04-23T00:00:00Z,35.12560000,35.96430000,30.02000000,30.78610000,8722756.26000000
2021-04-23T08:00:00Z,30.81550000,34.08420000,30.40240000,33.97200000,4658534.68000000
2021-04-23T16:00:00Z,33.97250000,35.30000000,33.22160000,35.21210000,2040841.30000000
2021-04-24T00:00:00Z,35.21210000,35.30330000,32.62640000,33.59950000,2248773.13000000
2021-04-24T08:00:00Z,33.60120000,34.15730000,31.38960000,32.41090000,2553808.37000000
2021-04-24T16:00:00Z,32.41920000,32.71550000,31.00000000,31.24430000,1852870.51000000
2021-04-25T00:00:00Z,31.23700000,32.01790000,30.91000000,31.16910000,892525.80000000
2021-04-25T08:00:00Z,31.19680000,33.43200000,31.03000000,33.17200000,1442691.26200000
2021-04-25T16:00:00Z,33.15600000,33.42900000,29.80100000,31.69200000,2255259.68100000
2021-04-26T00:00:00Z,31.69000000,34.79200000,31.36300000,34.24300000,2842647.68900000
2021-04-26T08:00:00Z,34.24600000,35.27500000,33.80000000,34.66900000,1896647.40300000
2021-04-26T16:00:00Z,34.68800000,35.17000000,33.40600000,35.13000000,1921014.14700000
2021-04-27T00:00:00Z,35.11200000,36.45200000,34.48300000,35.97700000,1542962.75900000
2021-04-27T08:00:00Z,35.97300000,37.14900000,35.28200000,36.75000000,2162574.01200000
2021-04-27T16:00:00Z,36.75000000,37.66500000,36.15900000,36.78800000,1757605.70600000
2021-04-28T00:00:00Z,36.78600000,37.80800000,34.90100000,35.70300000,2143785.27000000
2021-04-28T08:00:00Z,35.70800000,36.65300000,34.96700000,35.60500000,1702844.88700000
2021-04-28T16:00:00Z,35.60300000,36.56600000,35.15000000,36.23300000,1372446.39600000
2021-04-29T00:00:00Z,36.25300000,36.40000000,35.00000000,36.03800000,1284633.69000000
2021-04-29T08:00:00Z,36.03900000,37.45000000,35.59100000,36.64200000,2153333.54800000
2021-04-29T16:00:00Z,36.63800000,36.82700000,35.00000000,36.46700000,1710532.60800000
2021-04-30T00:00:00Z,36.46500000,37.84800000,35.82700000,37.46300000,1702046.11700000
2021-04-30T08:00:00Z,37.46200000,38.79000000,37.20000000,38.15000000,2223169.77100000
2021-04-30T16:00:00Z,38.15600000,38.73500000,37.60000000,38.10000000,1370097.82000000
2021-05-01T00:00:00Z,38.10100000,38.88800000,37.64200000,38.29300000,1329869.88800000
2021-05-01T08:00:00Z,38.30800000,39.32000000,37.42800000,39.13800000,1591222.53600000
2021-05-01T16:00:00Z,39.14600000,41.27000000,39.13700000,41.25700000,2306693.79700000
2021-05-02T00:00:00Z,41.24900000,41.46000000,39.01300000,39.37700000,2157668.40800000
2021-05-02T08:00:00Z,39.38200000,39.91900000,38.69000000,39.31500000,1756474.50900000
2021-05-02T16:00:00Z,39.31700000,40.35500000,39.08600000,39.46100000,1293908.40800000
2021-05-03T00:00:00Z,39.46100000,40.95100000,39.23700000,40.80000000,1270680.94800000
2021-05-03T08:00:00Z,40.80900000,41.15300000,39.16600000,40.34300000,1724228.10600000
2021-05-03T16:00:00Z,40.36100000,42.72800000,40.00400000,42.05200000,3034788.51700000
2021-05-04T00:00:00Z,42.06000000,42.43200000,38.63400000,39.87600000,2787290.86200000
2021-05-04T08:00:00Z,39.88100000,44.90000000,39.31200000,42.45400000,7079339.73100000
2021-05-04T16:00:00Z,42.44100000,48.54000000,41.45800000,45.52700000,9771054.11700000
2021-05-05T00:00:00Z,45.50800000,51.20000000,44.86500000,49.93500000,7995128.85100000
2021-05-05T08:00:00Z,49.93400000,50.30800000,46.85900000,47.04500000,4974417.07600000
2021-05-05T16:00:00Z,47.08000000,49.93500000,47.00500000,49.57500000,3904244.97400000
2021-05-06T00:00:00Z,49.57600000,49.90000000,45.67300000,47.18300000,3059553.87500000
2021-05-06T08:00:00Z,47.18400000,48.87100000,46.92200000,47.71800000,2543363.87200000
2021-05-06T16:00:00Z,47.69700000,49.81600000,45.34300000,47.15400000,4292086.44200000
2021-05-07T00:00:00Z,47.14800000,48.84700000,45.66600000,46.79400000,3244681.36600000
2021-05-07T08:00:00Z,46.80200000,49.68000000,46.53800000,48.92200000,2614232.49200000
2021-05-07T16:00:00Z,48.93500000,51.96900000,47.51000000,49.12900000,4740405.25300000
2021-05-08T00:00:00Z,49.13400000,50.26500000,47.91200000,48.66200000,2087593.34200000
2021-05-08T08:00:00Z,48.65900000,48.95600000,46.84400000,46.94000000,2040692.58200000
2021-05-08T16:00:00Z,46.92200000,48.71000000,46.50000000,48.59700000,1774096.74000000
2021-05-09T00:00:00Z,48.60700000,48.67000000,45.83000000,47.50000000,1697071.18500000
2021-05-09T08:00:00Z,47.50000000,51.89000000,47.37700000,51.80400000,3783966.13300000
2021-05-09T16:00:00Z,51.81600000,52.42600000,49.86400000,52.26900000,3120338.16700000
2021-05-10T00:00:00Z,52.27700000,53.00000000,51.26000000,51.56100000,2747614.06200000
2021-05-10T08:00:00Z,51.55900000,51.80300000,49.00000000,50.54000000,2746557.08800000
2021-05-10T16:00:00Z,50.53700000,50.93800000,40.70000000,46.33400000,5964992.47000000
2021-05-11T00:00:00Z,46.32600000,47.36900000,44.57600000,46.38200000,3131986.45900000
2021-05-11T08:00:00Z,46.38100000,47.67500000,45.00900000,47.21000000,2742994.06900000
2021-05-11T16:00:00Z,47.19700000,49.00000000,46.76500000,48.82600000,1657500.27000000
2021-05-12T00:00:00Z,48.80500000,49.83600000,48.10300000,48.36000000,1717869.57700000
2021-05-12T08:00:00Z,48.35900000,48.70600000,46.45700000,46.50700000,2153282.69800000
2021-05-12T16:00:00Z,46.51200000,46.94200000,40.91400000,41.62200000,4433418.23500000
2021-05-13T00:00:00Z,41.54100000,44.95800000,39.22700000,43.97000000,3556815.83700000
2021-05-13T08:00:00Z,43.96700000,44.59900000,40.30400000,43.29900000,3677613.76800000
2021-05-13T16:00:00Z,43.28200000,44.50000000,40.06600000,43.28700000,3744288.98400000
2021-05-14T00:00:00Z,43.27300000,45.00000000,42.93500000,44.97700000,1858502.66400000
2021-05-14T08:00:00Z,44.97300000,47.43600000,44.65200000,47.12200000,2358506.57600000
2021-05-14T16:00:00Z,47.11100000,47.87500000,45.03100000,46.56700000,2093259.76100000
2021-05-15T00:00:00Z,46.55800000,47.80000000,44.71300000,44.85700000,2335749.07400000
2021-05-15T08:00:00Z,44.87300000,45.38900000,43.27200000,43.89900000,3615648.87200000
2021-05-15T16:00:00Z,43.90600000,43.90600000,40.97500000,41.49200000,3906942.41800000
2021-05-16T00:00:00Z,41.51200000,44.90100000,41.10000000,44.07700000,2047206.92200000
2021-05-16T08:00:00Z,44.07600000,44.63400000,41.41500000,41.43900000,2140972.54500000
2021-05-16T16:00:00Z,41.44700000,41.93500000,37.94400000,40.67000000,5632196.23200000
2021-05-17T00:00:00Z,40.66200000,40.67400000,35.06800000,39.37600000,4622651.20000000
2021-05-17T08:00:00Z,39.38600000,39.97200000,36.60000000,36.73600000,2358278.95400000
2021-05-17T16:00:00Z,36.72700000,38.55800000,35.20000000,37.17700000,3691110.63100000
2021-05-18T00:00:00Z,37.17600000,40.57200000,36.65500000,40.13700000,2459118.80700000
2021-05-18T08:00:00Z,40.16600000,41.69400000,38.20400000,39.71000000,3425776.60900000
2021-05-18T16:00:00Z,39.70900000,44.69000000,39.48200000,42.56600000,5353036.37500000
2021-05-19T00:00:00Z,42.55500000,43.50000000,35.50000000,38.05700000,6978919.51900000
2021-05-19T08:00:00Z,38.05200000,38.05300000,21.00000000,30.10500000,14478978.82500000
2021-05-19T16:00:00Z,30.06400000,32.52600000,26.19400000,26.22700000,8629671.62000000
2021-05-20T00:00:00Z,26.22700000,30.65000000,22.35000000,29.98700000,9918719.70900000
2021-05-20T08:00:00Z,29.96500000,33.05000000,28.34200000,31.71000000,5596995.71800000
2021-05-20T16:00:00Z,31.71400000,31.83100000,28.44300000,30.60600000,4958738.54300000
2021-05-21T00:00:00Z,30.63300000,31.94500000,28.60800000,28.79200000,3260352.89800000
2021-05-21T08:00:00Z,28.77600000,29.91500000,25.02800000,25.30200000,5739526.46600000
2021-05-21T16:00:00Z,25.27000000,26.68900000,22.01900000,25.54600000,7394558.24900000
2021-05-22T00:00:00Z,25.54800000,26.20000000,22.22500000,23.22100000,5792851.58800000
2021-05-22T08:00:00Z,23.21500000,25.78800000,23.20900000,24.81000000,4199753.85800000
2021-05-22T16:00:00Z,24.82000000,25.05000000,22.95800000,23.29600000,3183769.90200000
2021-05-23T00:00:00Z,23.29300000,24.36800000,20.97000000,21.41600000,3283708.64300000
2021-05-23T08:00:00Z,21.41200000,21.41800000,16.36200000,17.50800000,12959832.60200000
2021-05-23T16:00:00Z,17.51800000,21.31100000,15.00000000,19.84400000,12594945.00200000
2021-05-24T00:00:00Z,19.84900000,23.50000000,19.67700000,23.42400000,6200272.20800000
2021-05-24T08:00:00Z,23.41900000,24.99900000,22.73500000,24.72600000,7012536.15600000
2021-05-24T16:00:00Z,24.73000000,26.43100000,23.59200000,26.41200000,5568439.12000000
2021-05-25T00:00:00Z,26.40000000,27.43400000,24.76100000,26.54500000,4985989.13500000
2021-05-25T08:00:00Z,26.54900000,26.69000000,23.67300000,26.13200000,5080440.60600000
2021-05-25T16:00:00Z,26.14100000,27.64400000,24.91100000,27.50300000,3527854.07700000
2021-05-26T00:00:00Z,27.50500000,32.61600000,26.84700000,32.07500000,5580954.69000000
2021-05-26T08:00:00Z,32.06200000,33.04100000,29.23300000,29.99100000,5952525.31100000
2021-05-26T16:00:00Z,29.96600000,34.28500000,29.36600000,34.01800000,4092611.01200000
2021-05-27T00:00:00Z,34.03000000,34.38100000,30.03300000,32.70100000,5877841.63300000
2021-05-27T08:00:00Z,32.69600000,35.33400000,31.89200000,33.76200000,5202866.85200000
2021-05-27T16:00:00Z,33.77000000,34.00000000,30.84200000,31.73200000,3848173.02600000
2021-05-28T00:00:00Z,31.72300000,32.18500000,27.96700000,29.34500000,5482745.02500000
2021-05-28T08:00:00Z,29.35400000,30.70600000,26.82100000,29.98200000,7868827.05600000
2021-05-28T16:00:00Z,29.99100000,30.18300000,27.05500000,27.87800000,4977582.93400000
2021-05-29T00:00:00Z,27.87200000,29.73400000,27.69000000,28.08600000,3016234.94300000
2021-05-29T08:00:00Z,28.07400000,28.28400000,25.03800000,25.39800000,4555917.59600000
2021-05-29T16:00:00Z,25.39400000,26.48800000,24.12000000,25.36500000,4280725.02700000
2021-05-30T00:00:00Z,25.37700000,28.26900000,23.70000000,28.25200000,4635263.84700000
2021-05-30T08:00:00Z,28.24900000,29.16800000,26.85200000,27.42800000,4529310.14100000
2021-05-30T16:00:00Z,27.42700000,28.44100000,26.67000000,26.81800000,2417415.14800000
2021-05-31T00:00:00Z,26.81300000,28.00000000,25.55500000,27.65300000,3345352.78000000
2021-05-31T08:00:00Z,27.64400000,30.24300000,27.20800000,30.18000000,4393129.83100000
2021-05-31T16:00:00Z,30.18000000,32.15900000,29.84000000,32.09800000,3791690.92500000
2021-06-01T00:00:00Z,32.09800000,32.65000000,30.19200000,30.63100000,3255051.07500000
2021-06-01T08:00:00Z,30.63000000,30.96200000,29.03500000,29.87200000,3497511.82400000
2021-06-01T16:00:00Z,29.88100000,30.99900000,29.21000000,30.71900000,1788785.05900000
2021-06-02T00:00:00Z,30.72900000,31.18200000,29.66900000,30.99700000,1797422.02300000
2021-06-02T08:00:00Z,30.99800000,31.95000000,30.08400000,31.89900000,3010710.69500000
2021-06-02T16:00:00Z,31.89800000,32.21800000,30.34700000,30.67000000,1882239.13700000
2021-06-03T00:00:00Z,30.66900000,32.04500000,30.00000000,31.49700000,2182408.37300000
2021-06-03T08:00:00Z,31.50200000,32.85600000,31.30000000,31.80500000,3210224.63800000
2021-06-03T16:00:00Z,31.80300000,32.49900000,31.60100000,32.19800000,1761026.05800000
2021-06-04T00:00:00Z,32.19900000,32.26700000,27.41300000,28.23300000,5335665.44000000
2021-06-04T08:00:00Z,28.24500000,29.00000000,27.17200000,28.74200000,4381640.54600000
2021-06-04T16:00:00Z,28.74800000,29.56200000,28.32200000,28.82600000,2097053.68600000
2021-06-05T00:00:00Z,28.82900000,30.18600000,28.62400000,29.55800000,1777010.29000000
2021-06-05T08:00:00Z,29.55700000,29.78300000,27.00000000,27.56200000,3711310.62900000
2021-06-05T16:00:00Z,27.55400000,27.59300000,26.04400000,27.12900000,2573450.06600000
2021-06-06T00:00:00Z,27.12700000,27.94000000,26.81800000,27.78500000,1436211.91000000
2021-06-06T08:00:00Z,27.79000000,28.19000000,26.92100000,27.57800000,1480443.68600000
2021-06-06T16:00:00Z,27.57800000,27.71400000,26.82600000,27.53200000,1186465.09600000
2021-06-07T00:00:00Z,27.53000000,28.40600000,27.17700000,27.88100000,1675552.88300000
2021-06-07T08:00:00Z,27.87800000,28.69300000,27.58900000,27.80500000,1698824.15900000
2021-06-07T16:00:00Z,27.81000000,27.87600000,24.23400000,24.58400000,4222579.73800000
2021-06-08T00:00:00Z,24.57400000,25.09800000,23.02000000,24.08800000,4393414.01700000
2021-06-08T08:00:00Z,24.06400000,24.60200000,21.33400000,22.38600000,4630158.60100000
2021-06-08T16:00:00Z,22.39300000,24.73500000,22.20700000,24.07600000,3517805.37700000
2021-06-09T00:00:00Z,24.07900000,24.29100000,22.44100000,23.66700000,3594295.36800000
2021-06-09T08:00:00Z,23.67100000,25.42700000,23.33800000,25.18400000,4270939.34800000
2021-06-09T16:00:00Z,25.18400000,25.62600000,24.54100000,25.58500000,2909191.83000000
2021-06-10T00:00:00Z,25.58900000,25.78000000,24.28000000,24.55300000,2259624.00400000
2021-06-10T08:00:00Z,24.55100000,24.94000000,23.56700000,23.71100000,3306477.20200000
2021-06-10T16:00:00Z,23.71100000,23.80000000,22.72100000,23.11400000,2962478.98300000
2021-06-11T00:00:00Z,23.11700000,23.37400000,22.26800000,22.77600000,2771876.10800000
2021-06-11T08:00:00Z,22.77500000,23.35000000,22.41800000,22.53500000,2021866.39900000
2021-06-11T16:00:00Z,22.54500000,22.61100000,21.00000000,21.47800000,2914698.60400000
2021-06-12T00:00:00Z,21.47500000,21.49700000,20.03000000,20.52200000,3172713.11400000
2021-06-12T08:00:00Z,20.51500000,22.10900000,20.00000000,21.58300000,3468064.41800000
2021-06-12T16:00:00Z,21.57600000,22.28700000,21.51200000,21.67000000,2225816.69800000
2021-06-13T00:00:00Z,21.67100000,22.11700000,20.61400000,20.75500000,2401372.17500000
2021-06-13T08:00:00Z,20.75600000,21.20000000,20.39600000,20.70800000,2191915.08400000
2021-06-13T16:00:00Z,20.71100000,23.88600000,20.61400000,23.31200000,3925490.49900000
2021-06-14T00:00:00Z,23.31400000,23.65200000,23.05600000,23.42500000,1941108.85400000
2021-06-14T08:00:00Z,23.42500000,24.79500000,22.83700000,24.79300000,3552479.50000000
2021-06-14T16:00:00Z,24.79100000,25.28000000,23.76000000,24.97300000,3107851.55700000
2021-06-15T00:00:00Z,24.96700000,26.45800000,24.70000000,26.14700000,2382066.44700000
2021-06-15T08:00:00Z,26.14500000,26.17100000,24.74200000,24.96300000,2926282.21200000
2021-06-15T16:00:00Z,24.96000000,25.84400000,24.37600000,24.48200000,2282791.45100000
2021-06-16T00:00:00Z,24.48000000,24.62600000,23.74900000,24.41400000,2292944.69200000
2021-06-16T08:00:00Z,24.41700000,24.64000000,23.17700000,23.33300000,2568007.61800000
2021-06-16T16:00:00Z,23.33200000,23.86200000,22.91800000,23.04400000,2643957.72200000
2021-06-17T00:00:00Z,23.04200000,24.31600000,22.96500000,24.12800000,1427571.22100000
2021-06-17T08:00:00Z,24.13300000,24.44500000,23.44100000,24.02100000,1845679.66500000
2021-06-17T16:00:00Z,24.01700000,24.10400000,22.81000000,23.39600000,1979126.20900000
2021-06-18T00:00:00Z,23.40100000,23.42500000,22.29100000,22.75300000,1557778.80900000
2021-06-18T08:00:00Z,22.75200000,22.95000000,21.14200000,21.17500000,2748037.48800000
2021-06-18T16:00:00Z,21.18200000,21.65200000,20.52600000,21.23300000,2686169.71800000
2021-06-19T00:00:00Z,21.23600000,21.71500000,20.54000000,21.39800000,1897482.88300000
2021-06-19T08:00:00Z,21.39700000,21.95000000,21.14600000,21.61000000,1353955.26100000
2021-06-19T16:00:00Z,21.60900000,21.67400000,20.00000000,20.24600000,1800446.72800000
2021-06-20T00:00:00Z,20.26300000,20.79400000,20.02300000,20.58300000,1225656.41600000
2021-06-20T08:00:00Z,20.58500000,20.67500000,19.07700000,20.11500000,3041044.61500000
2021-06-20T16:00:00Z,20.11200000,22.07100000,20.01300000,21.64600000,2480755.70500000
2021-06-21T00:00:00Z,21.64100000,21.88100000,18.88800000,19.27200000,4847744.92000000
2021-06-21T08:00:00Z,19.27100000,19.57600000,17.65700000,18.77800000,6399067.34300000
2021-06-21T16:00:00Z,18.78500000,19.02300000,16.98100000,17.36500000,5087475.64300000
2021-06-22T00:00:00Z,17.35700000,18.79700000,16.71700000,17.89700000,3800098.73000000
2021-06-22T08:00:00Z,17.89800000,17.93000000,15.00000000,17.02400000,11084160.53900000
2021-06-22T16:00:00Z,17.02200000,17.94400000,16.49100000,16.85000000,4931893.29800000
2021-06-23T00:00:00Z,16.84000000,19.18000000,16.14900000,18.77200000,5289848.69900000
2021-06-23T08:00:00Z,18.77600000,19.19900000,18.03300000,18.16700000,2925057.58500000
2021-06-23T16:00:00Z,18.17000000,18.55700000,17.37200000,18.39500000,2740669.08800000
2021-06-24T00:00:00Z,18.39300000,18.50000000,17.35200000,18.15500000,2351281.49700000
2021-06-24T08:00:00Z,18.15200000,19.26800000,18.12300000,18.96500000,2444765.79800000
2021-06-24T16:00:00Z,18.96500000,19.52500000,18.69300000,19.06000000,2117881.99400000
2021-06-25T00:00:00Z,19.06000000,19.50000000,18.23000000,18.42700000,2559565.72000000
2021-06-25T08:00:00Z,18.42500000,18.55000000,17.38900000,17.61200000,3566963.74800000
2021-06-25T16:00:00Z,17.60800000,17.75600000,16.81300000,16.87000000,3938193.05300000
2021-06-26T00:00:00Z,16.87200000,17.49500000,16.29700000,16.34900000,3237202.57200000
2021-06-26T08:00:00Z,16.34900000,16.95000000,16.02200000,16.38000000,3217554.43000000
2021-06-26T16:00:00Z,16.38000000,16.96200000,15.92000000,16.95200000,1942798.89800000
2021-06-27T00:00:00Z,16.95100000,17.50000000,16.78400000,17.28600000,2171863.88900000
2021-06-27T08:00:00Z,17.28400000,17.35600000,16.76100000,17.08300000,2132774.57600000
2021-06-27T16:00:00Z,17.07600000,18.41200000,16.59100000,18.40600000,2367590.56400000
2021-06-28T00:00:00Z,18.40700000,18.68400000,18.04300000,18.63700000,1966933.70200000
2021-06-28T08:00:00Z,18.64000000,19.28600000,17.90200000,19.26200000,3323236.75300000
2021-06-28T16:00:00Z,19.27300000,19.43400000,18.55900000,18.83000000,2440798.92300000
2021-06-29T00:00:00Z,18.83000000,19.60000000,18.75200000,19.27900000,1922287.95800000
2021-06-29T08:00:00Z,19.27800000,20.51300000,19.07600000,20.28500000,3801295.23900000
2021-06-29T16:00:00Z,20.27800000,20.54600000,19.38500000,19.53500000,2196689.30500000
2021-06-30T00:00:00Z,19.53100000,19.77600000,18.72500000,19.20500000,2845130.31800000
2021-06-30T08:00:00Z,19.21200000,19.22000000,18.19100000,18.27300000,2487107.26900000
2021-06-30T16:00:00Z,18.26700000,19.57400000,18.14900000,19.51600000,2074823.97900000
2021-07-01T00:00:00Z,19.51700000,19.53300000,17.91100000,17.91800000,1960720.74800000
2021-07-01T08:00:00Z,17.92400000,18.27500000,17.60300000,18.02900000,2444626.33900000
2021-07-01T16:00:00Z,18.02900000,18.44900000,17.65300000,18.18600000,1675800.27200000
2021-07-02T00:00:00Z,18.18400000,18.52300000,17.39200000,17.78600000,1936810.36900000
2021-07-02T08:00:00Z,17.78000000,18.08700000,17.25600000,18.00400000,2187863.65600000
2021-07-02T16:00:00Z,18.00400000,18.36100000,17.50700000,18.27400000,1329696.69500000
2021-07-03T00:00:00Z,18.27700000,18.65700000,17.86400000,18.53200000,1036942.68600000
2021-07-03T08:00:00Z,18.53200000,18.78600000,18.44600000,18.68900000,1327865.03100000
2021-07-03T16:00:00Z,18.69100000,18.89400000,18.25500000,18.54300000,1093139.46900000
2021-07-04T00:00:00Z,18.54300000,19.08000000,18.00200000,18.98300000,1636469.63900000
2021-07-04T08:00:00Z,18.98200000,19.21000000,18.71700000,19.15700000,1236904.65800000
2021-07-04T16:00:00Z,19.16000000,19.92500000,19.01500000,19.24200000,1846170.90600000
2021-07-05T00:00:00Z,19.23800000,19.24200000,18.47500000,18.74000000,1550683.30100000
2021-07-05T08:00:00Z,18.73700000,18.93500000,17.78900000,18.07300000,2095122.87500000
2021-07-05T16:00:00Z,18.06900000,18.70100000,17.76700000,18.36200000,1647480.47400000
2021-07-06T00:00:00Z,18.36400000,19.82900000,18.31700000,19.73600000,1883727.54300000
2021-07-06T08:00:00Z,19.73800000,20.01700000,19.04100000,19.72500000,3382042.48100000
2021-07-06T16:00:00Z,19.73400000,20.27100000,19.44800000,20.07300000,3100201.31800000
2021-07-07T00:00:00Z,20.07300000,21.27400000,19.62000000,20.86700000,2738586.68700000
2021-07-07T08:00:00Z,20.86700000,21.07700000,20.26000000,20.44200000,2450892.80500000
2021-07-07T16:00:00Z,20.44200000,20.64600000,19.71400000,19.78800000,2192831.05700000
2021-07-08T00:00:00Z,19.78600000,19.87300000,18.38800000,18.60100000,3085141.49400000
2021-07-08T08:00:00Z,18.60000000,19.06900000,18.35300000,18.97500000,2983080.54000000
2021-07-08T16:00:00Z,18.97500000,19.12100000,18.13800000,18.35300000,1742429.16400000
2021-07-09T00:00:00Z,18.36500000,18.50400000,17.61700000,18.27100000,1999401.12700000
2021-07-09T08:00:00Z,18.26500000,18.78700000,17.69200000,18.62900000,2137404.78600000
2021-07-09T16:00:00Z,18.63100000,18.87700000,18.27500000,18.65600000,1137909.67100000
2021-07-10T00:00:00Z,18.65600000,18.98800000,18.05400000,18.21900000,1210402.27900000
2021-07-10T08:00:00Z,18.22600000,18.30900000,17.88500000,18.14700000,1349762.48600000
2021-07-10T16:00:00Z,18.14600000,18.67500000,17.73400000,18.20400000,1520528.41900000
2021-07-11T00:00:00Z,18.20900000,18.41500000,17.86100000,18.04700000,736641.90000000
2021-07-11T08:00:00Z,18.05000000,18.48400000,17.97000000,18.44600000,1059870.81400000
2021-07-11T16:00:00Z,18.44500000,18.58100000,18.06300000,18.38300000,954485.76300000
2021-07-12T00:00:00Z,18.38200000,18.60900000,18.20000000,18.40000000,661742.97600000
2021-07-12T08:00:00Z,18.40100000,18.55400000,17.82200000,17.85000000,1097575.21900000
2021-07-12T16:00:00Z,17.84800000,17.98000000,17.00000000,17.51800000,2028395.23700000
2021-07-13T00:00:00Z,17.51400000,17.75600000,17.19100000,17.69300000,994514.56900000
2021-07-13T08:00:00Z,17.69300000,17.76600000,17.05100000,17.35000000,1281337.30700000
2021-07-13T16:00:00Z,17.34900000,17.43000000,16.66300000,16.87000000,1378855.24200000
2021-07-14T00:00:00Z,16.87300000,16.92800000,16.01400000,16.30200000,1884999.20500000
2021-07-14T08:00:00Z,16.30400000,17.41900000,16.02000000,17.11400000,2313871.84700000
2021-07-14T16:00:00Z,17.11100000,17.30400000,16.84300000,16.93600000,1252448.38600000
2021-07-15T00:00:00Z,16.93600000,17.23800000,16.29900000,16.40300000,1356603.79500000
2021-07-15T08:00:00Z,16.40400000,16.67100000,15.85200000,15.92500000,2363169.28100000
2021-07-15T16:00:00Z,15.92400000,16.03700000,15.51700000,15.76400000,2525031.40900000
2021-07-16T00:00:00Z,15.76400000,16.33000000,15.57200000,15.75900000,1495107.80700000
2021-07-16T08:00:00Z,15.76000000,15.91000000,15.12500000,15.91000000,2207401.61600000
2021-07-16T16:00:00Z,15.90400000,15.93600000,15.17700000,15.23400000,1511187.03000000
2021-07-17T00:00:00Z,15.23400000,15.67800000,15.05500000,15.21300000,1545752.27500000
2021-07-17T08:00:00Z,15.21700000,15.62500000,15.02000000,15.35600000,2325311.65000000
2021-07-17T16:00:00Z,15.34900000,15.63700000,15.26900000,15.35200000,1306497.79700000
2021-07-18T00:00:00Z,15.35200000,16.07800000,15.32200000,15.72100000,1363856.64900000
2021-07-18T08:00:00Z,15.72100000,15.92600000,15.16000000,15.21700000,1320139.69400000
2021-07-18T16:00:00Z,15.22000000,15.80700000,15.15500000,15.47000000,1262698.77800000
2021-07-19T00:00:00Z,15.47500000,15.64100000,15.15000000,15.43600000,1103747.06200000
2021-07-19T08:00:00Z,15.43600000,15.54100000,14.40400000,14.59600000,3626141.62400000
2021-07-19T16:00:00Z,14.59900000,14.73300000,14.47500000,14.52800000,1099805.61800000
2021-07-20T00:00:00Z,14.52900000,14.78300000,13.38400000,13.74400000,3564102.66500000
2021-07-20T08:00:00Z,13.74900000,14.13200000,13.40900000,14.08800000,2790056.67300000
2021-07-20T16:00:00Z,14.08900000,14.18100000,13.66200000,13.74200000,1346352.98700000
2021-07-21T00:00:00Z,13.74400000,14.69600000,13.46000000,14.57500000,2750114.60100000
2021-07-21T08:00:00Z,14.57700000,15.38600000,14.44700000,15.35300000,2631271.80100000
2021-07-21T16:00:00Z,15.35000000,15.79700000,14.85800000,15.29700000,3112062.96700000
2021-07-22T00:00:00Z,15.30000000,15.49900000,15.03400000,15.31500000,2168939.78400000
2021-07-22T08:00:00Z,15.31500000,15.95600000,14.96100000,15.91100000,2035842.33300000
2021-07-22T16:00:00Z,15.91100000,16.17600000,15.75400000,16.07100000,1659984.05400000
2021-07-23T00:00:00Z,16.07300000,16.48600000,15.91300000,16.18700000,1537877.33700000
2021-07-23T08:00:00Z,16.19200000,16.20300000,15.60700000,15.61300000,1616992.79800000
2021-07-23T16:00:00Z,15.61500000,16.57200000,15.23000000,16.50200000,2053203.32500000
2021-07-24T00:00:00Z,16.50700000,17.13200000,16.38600000,16.99300000,1819026.19600000
2021-07-24T08:00:00Z,16.99100000,17.02500000,16.50800000,16.58100000,1744876.68500000
2021-07-24T16:00:00Z,16.57300000,17.02600000,16.30700000,16.68300000,1847028.96600000
2021-07-25T00:00:00Z,16.68700000,16.94200000,16.19700000,16.87600000,1385332.23600000
2021-07-25T08:00:00Z,16.88100000,17.06200000,16.23700000,16.42700000,2041599.47100000
2021-07-25T16:00:00Z,16.42400000,16.77900000,16.15600000,16.74600000,1282048.71100000
2021-07-26T00:00:00Z,16.74500000,19.53800000,16.66200000,18.81800000,6387198.83200000
2021-07-26T08:00:00Z,18.81700000,19.54900000,18.57200000,19.46400000,3046424.10300000
2021-07-26T16:00:00Z,19.46000000,19.95800000,17.96100000,18.02800000,4777214.73800000
2021-07-27T00:00:00Z,18.03000000,18.44400000,17.60200000,18.34100000,3017360.51300000
2021-07-27T08:00:00Z,18.34300000,19.58000000,18.19400000,19.16300000,2932257.12200000
2021-07-27T16:00:00Z,19.16300000,19.55500000,18.44500000,19.48900000,2377895.98200000
2021-07-28T00:00:00Z,19.48300000,19.98700000,18.90100000,19.55700000,3277252.74100000
2021-07-28T08:00:00Z,19.55200000,19.74500000,18.93200000,19.12600000,2042099.52600000
2021-07-28T16:00:00Z,19.13500000,19.64800000,18.61100000,19.10900000,2277438.04800000
2021-07-29T00:00:00Z,19.10600000,19.12700000,18.60800000,18.86100000,1312970.50400000
2021-07-29T08:00:00Z,18.86100000,19.17700000,18.61200000,19.04000000,1443017.94000000
2021-07-29T16:00:00Z,19.03500000,19.47200000,18.71100000,19.37000000,1405852.33200000
2021-07-30T00:00:00Z,19.37200000,20.28400000,19.14500000,20.03700000,1888693.83300000
2021-07-30T08:00:00Z,20.04100000,20.50200000,18.82300000,20.49800000,3322638.93100000
2021-07-30T16:00:00Z,20.47600000,22.66600000,20.38600000,22.26900000,7685231.01800000
2021-07-31T00:00:00Z,22.26900000,22.38300000,21.49000000,22.02000000,2290288.59100000
2021-07-31T08:00:00Z,22.01800000,22.33300000,21.43500000,21.93200000,2292782.75500000
2021-07-31T16:00:00Z,21.92700000,23.37500000,21.26600000,22.71300000,3053984.56800000
2021-08-01T00:00:00Z,22.72200000,23.68600000,22.39700000,23.20100000,3297649.57100000
2021-08-01T08:00:00Z,23.19700000,23.41300000,22.50300000,22.86000000,1949181.69700000
2021-08-01T16:00:00Z,22.86200000,23.94000000,21.78900000,22.06200000,3481813.06900000
2021-08-02T00:00:00Z,22.06500000,23.18100000,21.40100000,22.81200000,2093298.62500000
2021-08-02T08:00:00Z,22.81000000,23.27300000,22.13300000,23.04100000,2280082.67400000
2021-08-02T16:00:00Z,23.04300000,23.97500000,22.95700000,23.47200000,2851743.44100000
2021-08-03T00:00:00Z,23.47400000,24.43100000,22.31400000,22.90900000,3594848.36500000
2021-08-03T08:00:00Z,22.90800000,23.51600000,22.03900000,23.33900000,2994711.00000000
2021-08-03T16:00:00Z,23.33900000,24.25000000,23.02200000,23.94200000,2875913.02700000
2021-08-04T00:00:00Z,23.94200000,24.17200000,22.98100000,23.13600000,2259465.26700000
2021-08-04T08:00:00Z,23.14600000,24.85000000,22.86900000,24.66400000,3285070.17100000
2021-08-04T16:00:00Z,24.65800000,25.00000000,23.88700000,24.19300000,2681125.37000000
2021-08-05T00:00:00Z,24.18800000,24.33500000,23.45500000,23.68500000,1574329.53500000
2021-08-05T08:00:00Z,23.68700000,24.09400000,22.46800000,23.60300000,3689027.16300000
2021-08-05T16:00:00Z,23.60400000,24.24000000,23.53400000,24.05700000,1881424.76900000
2021-08-06T00:00:00Z,24.05100000,24.14900000,22.99600000,23.37300000,1684277.28500000
2021-08-06T08:00:00Z,23.37000000,23.66200000,23.07000000,23.61200000,3281013.02300000
2021-08-06T16:00:00Z,23.61500000,24.39100000,23.60800000,23.89000000,2468414.11700000
2021-08-07T00:00:00Z,23.88900000,24.62600000,23.62600000,24.17300000,1831449.27900000
2021-08-07T08:00:00Z,24.17300000,25.15700000,24.03700000,24.43900000,2758678.75600000
2021-08-07T16:00:00Z,24.43400000,24.69900000,23.69200000,24.69400000,1628089.12300000
2021-08-08T00:00:00Z,24.68800000,24.94600000,23.87500000,24.57300000,1612786.43300000
2021-08-08T08:00:00Z,24.58200000,24.79200000,23.73000000,23.80000000,1519121.57800000
2021-08-08T16:00:00Z,23.79300000,23.98200000,22.56500000,23.02900000,2047491.15400000
2021-08-09T00:00:00Z,23.02600000,23.19200000,22.07200000,22.87900000,1960518.42700000
2021-08-09T08:00:00Z,22.86400000,24.63300000,22.79500000,24.61600000,2381618.50500000
2021-08-09T16:00:00Z,24.61100000,24.69100000,23.49100000,24.19700000,1652740.01400000
2021-08-10T00:00:00Z,24.19800000,24.47200000,23.73600000,24.31300000,1475387.17000000
2021-08-10T08:00:00Z,24.31300000,25.51800000,24.02100000,24.53100000,3270364.15600000
2021-08-10T16:00:00Z,24.53200000,24.92600000,23.75600000,24.53700000,1846351.00700000
2021-08-11T00:00:00Z,24.53600000,26.00000000,24.45900000,25.79500000,2498713.67300000
2021-08-11T08:00:00Z,25.79600000,26.89900000,25.45500000,26.51600000,2557346.26200000
2021-08-11T16:00:00Z,26.51700000,27.31300000,25.58100000,25.90600000,2787532.94200000
2021-08-12T00:00:00Z,25.90200000,26.90200000,24.92600000,25.59400000,2385887.17100000
2021-08-12T08:00:00Z,25.59800000,25.88000000,24.28900000,24.46100000,2150500.42100000
2021-08-12T16:00:00Z,24.47600000,25.12200000,24.08500000,24.94400000,1848901.22600000
2021-08-13T00:00:00Z,24.94100000,26.36000000,24.71500000,26.28500000,1024429.14400000
2021-08-13T08:00:00Z,26.28600000,26.88500000,25.90400000,26.21100000,2102941.35900000
2021-08-13T16:00:00Z,26.19700000,27.77100000,26.06000000,27.74800000,1768459.07800000
2021-08-14T00:00:00Z,27.74800000,27.88800000,26.99000000,27.70600000,1766557.83400000
2021-08-14T08:00:00Z,27.70900000,27.95500000,26.37100000,27.38500000,2511916.89800000
2021-08-14T16:00:00Z,27.37600000,27.42600000,26.42600000,27.14400000,1591503.45200000
2021-08-15T00:00:00Z,27.13900000,27.56200000,26.16300000,26.37700000,1533337.52700000
2021-08-15T08:00:00Z,26.37600000,26.79400000,25.94000000,26.26600000,1267198.42500000
2021-08-15T16:00:00Z,26.27300000,27.98300000,25.90100000,27.90100000,1691987.88400000
2021-08-16T00:00:00Z,27.90100000,29.77700000,27.63800000,29.34000000,3132380.58000000
2021-08-16T08:00:00Z,29.34300000,30.51000000,28.91200000,29.48000000,3436653.27600000
2021-08-16T16:00:00Z,29.46800000,29.76400000,27.70100000,27.94400000,2795152.94300000
2021-08-17T00:00:00Z,27.95000000,29.42800000,27.00000000,28.55800000,3021070.49200000
2021-08-17T08:00:00Z,28.55100000,30.29900000,28.20000000,28.23900000,3051359.61200000
2021-08-17T16:00:00Z,28.25200000,28.73600000,25.88100000,26.14600000,3797733.53000000
2021-08-18T00:00:00Z,26.14500000,26.81000000,24.84700000,25.94800000,3118259.25200000
2021-08-18T08:00:00Z,25.94500000,26.88900000,25.02600000,26.85100000,2978649.07600000
2021-08-18T16:00:00Z,26.85300000,26.92200000,25.02000000,25.34100000,2340979.31400000
2021-08-19T00:00:00Z,25.34100000,25.92400000,24.66100000,25.21300000,2525146.32200000
2021-08-19T08:00:00Z,25.21400000,26.31000000,24.47900000,26.27800000,2883291.18200000
2021-08-19T16:00:00Z,26.28400000,27.13200000,25.82400000,27.09600000,2570350.06600000
2021-08-20T00:00:00Z,27.10100000,27.45600000,26.64700000,26.95000000,1997607.98800000
2021-08-20T08:00:00Z,26.94700000,28.65400000,26.72000000,28.42000000,2666377.31500000
2021-08-20T16:00:00Z,28.42000000,29.04800000,27.95900000,28.67800000,2101111.40200000
2021-08-21T00:00:00Z,28.68100000,29.13100000,27.97300000,29.05700000,1849179.65400000
2021-08-21T08:00:00Z,29.05400000,29.15600000,27.98000000,28.47400000,1876274.39600000
2021-08-21T16:00:00Z,28.46800000,28.79600000,27.64800000,27.84400000,1440275.41400000
2021-08-22T00:00:00Z,27.85000000,28.50000000,27.79700000,28.42500000,1120192.21400000
2021-08-22T08:00:00Z,28.42300000,28.66300000,27.08200000,27.37600000,1568654.14500000
2021-08-22T16:00:00Z,27.39000000,28.17000000,26.78500000,27.98200000,1578097.99700000
2021-08-23T00:00:00Z,27.98100000,29.02800000,27.78000000,28.70700000,1892768.49400000
2021-08-23T08:00:00Z,28.71400000,29.30000000,28.17200000,28.71900000,2557773.33800000
2021-08-23T16:00:00Z,28.71800000,29.00000000,28.26600000,28.55200000,1655810.67900000
2021-08-24T00:00:00Z,28.55600000,28.92300000,28.00400000,28.76900000,1478288.90200000
2021-08-24T08:00:00Z,28.76500000,28.85000000,26.50000000,26.63700000,2018989.58200000
2021-08-24T16:00:00Z,26.63400000,26.69500000,25.71200000,25.72800000,2896809.12100000
2021-08-25T00:00:00Z,25.72800000,26.87900000,25.67700000,26.41300000,1950894.57500000
2021-08-25T08:00:00Z,26.41300000,26.74100000,25.27900000,26.73000000,2412318.48900000
2021-08-25T16:00:00Z,26.72700000,26.84300000,26.13600000,26.61200000,1447065.09100000
2021-08-26T00:00:00Z,26.61200000,26.94000000,24.74000000,25.06000000,1897824.81600000
2021-08-26T08:00:00Z,25.06000000,25.36000000,24.39000000,24.50000000,1827145.73600000
2021-08-26T16:00:00Z,24.49000000,25.00000000,23.88000000,24.39000000,2084640.20500000
2021-08-27T00:00:00Z,24.38000000,24.99000000,24.00000000,24.91000000,1696107.69000000
2021-08-27T08:00:00Z,24.89000000,25.87000000,24.50000000,25.78000000,1784609.96300000
2021-08-27T16:00:00Z,25.77000000,26.14000000,25.34000000,26.04000000,1636074.41500000
2021-08-28T00:00:00Z,26.05000000,26.20000000,25.43000000,25.70000000,1000090.88000000
2021-08-28T08:00:00Z,25.70000000,26.05000000,25.36000000,25.66000000,888697.68000000
2021-08-28T16:00:00Z,25.66000000,26.04000000,25.37000000,25.73000000,1050889.88000000
2021-08-29T00:00:00Z,25.74000000,26.57000000,25.25000000,25.78000000,1493942.63900000
2021-08-29T08:00:00Z,25.77000000,25.92000000,25.14000000,25.38000000,870123.83000000
2021-08-29T16:00:00Z,25.39000000,26.02000000,25.27000000,25.76000000,1020916.13000000
2021-08-30T00:00:00Z,25.77000000,25.92000000,24.81000000,25.04000000,969488.93000000
2021-08-30T08:00:00Z,25.03000000,25.17000000,24.30000000,24.97000000,1128597.16000000
2021-08-30T16:00:00Z,24.98000000,26.49000000,24.88000000,25.04000000,2416519.68000000
2021-08-31T00:00:00Z,25.03000000,26.10000000,24.69000000,26.03000000,1827480.83000000
2021-08-31T08:00:00Z,26.03000000,27.32000000,25.64000000,27.21000000,3566721.16900000
2021-08-31T16:00:00Z,27.22000000,27.53700000,26.08000000,26.70000000,2279399.31000000
2021-09-01T00:00:00Z,26.70000000,27.40000000,26.09000000,26.94000000,1820977.07000000
2021-09-01T08:00:00Z,26.94000000,29.18200000,26.87000000,29.11000000,3260118.62000000
2021-09-01T16:00:00Z,29.11000000,29.81000000,28.88000000,29.72000000,3185598.18000000
2021-09-02T00:00:00Z,29.72000000,29.75000000,28.75000000,29.07000000,1780558.80000000
2021-09-02T08:00:00Z,29.06000000,30.88000000,29.00000000,29.69000000,3468510.65500000
2021-09-02T16:00:00Z,29.71000000,30.83000000,29.53000000,29.95000000,1835117.61000000
2021-09-03T00:00:00Z,29.95000000,30.27000000,29.05000000,29.76000000,1779609.11000000
2021-09-03T08:00:00Z,29.76000000,31.75000000,29.70000000,31.04000000,3456784.68600000
2021-09-03T16:00:00Z,31.05000000,31.32000000,30.26000000,30.75000000,1630493.00000000
2021-09-04T00:00:00Z,30.75000000,31.00000000,30.12000000,30.53000000,1214350.68000000
2021-09-04T08:00:00Z,30.53000000,31.17000000,30.23000000,30.56000000,1531167.78000000
2021-09-04T16:00:00Z,30.55000000,30.74000000,29.39000000,29.88000000,1496813.83000000
2021-09-05T00:00:00Z,29.89000000,30.36000000,29.54000000,30.15000000,971465.85000000
2021-09-05T08:00:00Z,30.15000000,31.46000000,30.11000000,31.45000000,1476525.57000000
2021-09-05T16:00:00Z,31.45000000,33.61000000,31.43000000,33.55000000,3443996.76700000
2021-09-06T00:00:00Z,33.54000000,34.86000000,32.87000000,34.51000000,2486731.77200000
2021-09-06T08:00:00Z,34.51000000,36.33000000,32.44000000,35.58000000,5456097.17500000
2021-09-06T16:00:00Z,35.58000000,35.85000000,34.67000000,34.81000000,2412444.32000000
2021-09-07T00:00:00Z,34.80000000,35.34000000,33.98000000,34.34000000,2331980.82000000
2021-09-07T08:00:00Z,34.34000000,34.40000000,23.79000000,28.26000000,12393564.68700000
2021-09-07T16:00:00Z,28.26000000,30.01000000,26.48000000,28.26000000,7990882.80000000
2021-09-08T00:00:00Z,28.25000000,29.19000000,25.51000000,25.61000000,5067986.98000000
2021-09-08T08:00:00Z,25.60000000,27.68000000,25.18000000,27.05000000,4975762.43000000
2021-09-08T16:00:00Z,27.07000000,27.95000000,26.75000000,27.16000000,3626965.75000000
2021-09-09T00:00:00Z,27.17000000,28.38000000,26.46000000,27.95000000,2997684.24000000
2021-09-09T08:00:00Z,27.95000000,29.19000000,27.00000000,29.19000000,4078717.62000000
2021-09-09T16:00:00Z,29.18000000,30.18000000,27.75000000,28.01000000,3302966.54000000
2021-09-10T00:00:00Z,28.01000000,29.56000000,27.88000000,28.07000000,2584553.21000000
2021-09-10T08:00:00Z,28.06000000,28.29000000,25.63000000,26.76000000,4920057.27000000
2021-09-10T16:00:00Z,26.75000000,27.33000000,25.62000000,26.39000000,2329943.53000000
2021-09-11T00:00:00Z,26.39000000,27.28000000,26.25000000,26.89000000,1854271.03000000
2021-09-11T08:00:00Z,26.89000000,27.71000000,26.39000000,27.26000000,1744913.86000000
2021-09-11T16:00:00Z,27.25000000,27.65000000,26.67000000,26.99000000,1394595.10000000
2021-09-12T00:00:00Z,27.00000000,27.46000000,26.36000000,27.24000000,1166654.70000000
2021-09-12T08:00:00Z,27.23000000,29.77000000,27.13000000,29.37000000,2885142.68000000
2021-09-12T16:00:00Z,29.38000000,29.71000000,27.83000000,29.42000000,2938920.00000000
2021-09-13T00:00:00Z,29.42000000,29.95000000,26.18000000,26.63000000,4242902.45000000
2021-09-13T08:00:00Z,26.64000000,27.92000000,25.17000000,26.34000000,6948050.59000000
2021-09-13T16:00:00Z,26.35000000,27.96000000,26.28000000,26.96000000,2347179.82000000
2021-09-14T00:00:00Z,26.96000000,27.40000000,26.73000000,27.03000000,1994691.74000000
2021-09-14T08:00:00Z,27.04000000,29.43000000,26.73000000,29.07000000,4112726.71000000
2021-09-14T16:00:00Z,29.06000000,30.85000000,28.60000000,30.80000000,4126146.94000000
2021-09-15T00:00:00Z,30.78000000,30.98000000,29.57000000,30.31000000,3080506.18000000
2021-09-15T08:00:00Z,30.31000000,31.46000000,30.11000000,31.19000000,4599939.81000000
2021-09-15T16:00:00Z,31.19000000,31.31000000,30.12000000,30.67000000,2091840.30000000
2021-09-16T00:00:00Z,30.68000000,32.11000000,30.29000000,31.49000000,3574817.34000000
2021-09-16T08:00:00Z,31.49000000,31.54000000,29.77000000,30.53000000,3385544.17000000
2021-09-16T16:00:00Z,30.52000000,30.70000000,29.04000000,29.80000000,2699390.59000000
2021-09-17T00:00:00Z,29.81000000,30.12000000,29.29000000,29.51000000,2168326.30000000
2021-09-17T08:00:00Z,29.51000000,29.96000000,27.76000000,28.36000000,3164252.18000000
2021-09-17T16:00:00Z,28.37000000,28.70000000,27.38000000,27.72000000,1777812.11000000
2021-09-18T00:00:00Z,27.73000000,29.21000000,27.39000000,28.97000000,1764674.42000000
2021-09-18T08:00:00Z,28.98000000,29.46000000,28.61000000,28.69000000,1327800.30000000
2021-09-18T16:00:00Z,28.70000000,28.82000000,27.83000000,28.39000000,1475341.95000000
2021-09-19T00:00:00Z,28.39000000,28.64000000,27.69000000,28.63000000,1119766.21000000
2021-09-19T08:00:00Z,28.63000000,28.80000000,27.51000000,28.02000000,1334149.09000000
2021-09-19T16:00:00Z,28.01000000,28.26000000,26.93000000,27.36000000,1438827.09000000
2021-09-20T00:00:00Z,27.37000000,27.43000000,24.71000000,25.07000000,3453007.87000000
2021-09-20T08:00:00Z,25.06000000,25.55000000,23.00000000,24.50000000,5781545.13400000
2021-09-20T16:00:00Z,24.49000000,24.86000000,23.24000000,23.57000000,3030961.89000000
2021-09-21T00:00:00Z,23.57000000,23.88000000,22.15000000,23.86000000,3575565.13700000
2021-09-21T08:00:00Z,23.86000000,24.39000000,23.09000000,23.76000000,2588242.92000000
2021-09-21T16:00:00Z,23.76000000,23.83000000,20.82000000,21.42000000,5099766.18300000
2021-09-22T00:00:00Z,21.42000000,22.94000000,21.03000000,22.82000000,2857874.01000000
2021-09-22T08:00:00Z,22.82000000,23.82000000,22.50000000,23.79000000,2191966.00000000
2021-09-22T16:00:00Z,23.78000000,24.50000000,23.56000000,24.45000000,2722256.45000000
2021-09-23T00:00:00Z,24.45000000,24.68000000,23.84000000,24.53000000,2102254.87000000
2021-09-23T08:00:00Z,24.54000000,24.74000000,23.39000000,24.16000000,2548817.78000000
2021-09-23T16:00:00Z,24.17000000,25.48000000,24.09000000,25.41000000,2162402.33900000
2021-09-24T00:00:00Z,25.42000000,25.50000000,24.12000000,24.65000000,1965570.61000000
2021-09-24T08:00:00Z,24.66000000,25.02000000,21.35000000,22.49000000,6837881.44000000
2021-09-24T16:00:00Z,22.49000000,23.62000000,22.32000000,23.26000000,1727108.25000000
2021-09-25T00:00:00Z,23.26000000,23.76000000,22.67000000,22.71000000,1580463.73000000
2021-09-25T08:00:00Z,22.72000000,23.19000000,22.03000000,22.88000000,2459672.42000000
2021-09-25T16:00:00Z,22.87000000,24.70000000,22.53000000,24.51000000,2938702.74000000
2021-09-26T00:00:00Z,24.50000000,24.63000000,22.47000000,22.78000000,3950043.09000000
2021-09-26T08:00:00Z,22.77000000,25.38000000,22.36000000,25.12000000,5680977.53000000
2021-09-26T16:00:00Z,25.12000000,25.35000000,24.15000000,24.60000000,2365393.82000000
2021-09-27T00:00:00Z,24.59000000,25.47000000,24.08000000,24.58000000,1685062.89000000
2021-09-27T08:00:00Z,24.58000000,24.79000000,23.52000000,23.91000000,2331050.14000000
2021-09-27T16:00:00Z,23.91000000,24.00000000,22.96000000,23.01000000,1657897.81000000
2021-09-28T00:00:00Z,23.02000000,23.56000000,22.72000000,22.82000000,1700471.18000000
2021-09-28T08:00:00Z,22.82000000,23.75000000,22.62000000,22.67000000,2727531.61000000
2021-09-28T16:00:00Z,22.67000000,22.86000000,22.00000000,22.10000000,1849175.36000000
2021-09-29T00:00:00Z,22.09000000,23.53000000,22.01000000,23.48000000,1894399.49000000
2021-09-29T08:00:00Z,23.49000000,23.93000000,23.10000000,23.19000000,1669613.93000000
2021-09-29T16:00:00Z,23.20000000,23.32000000,22.18000000,22.85000000,1788479.22000000
2021-09-30T00:00:00Z,22.85000000,24.40000000,22.72000000,23.93000000,2170001.88000000
2021-09-30T08:00:00Z,23.92000000,24.24000000,23.54000000,23.70000000,1755699.29000000
2021-09-30T16:00:00Z,23.69000000,24.04000000,23.36000000,24.00000000,1658898.01000000
2021-10-01T00:00:00Z,24.00000000,24.49000000,23.59000000,24.46000000,1575397.51000000
2021-10-01T08:00:00Z,24.47000000,26.18000000,24.46000000,26.05000000,3928587.80000000
2021-10-01T16:00:00Z,26.06000000,26.70000000,25.95000000,26.31000000,1921323.77000000
2021-10-02T00:00:00Z,26.32000000,26.65000000,25.82000000,26.08000000,1364956.76000000
2021-10-02T08:00:00Z,26.07000000,27.42000000,25.85000000,27.26000000,2165825.73000000
2021-10-02T16:00:00Z,27.26000000,27.81000000,26.73000000,26.89000000,1704797.36000000
2021-10-03T00:00:00Z,26.88000000,27.43000000,26.50000000,26.99000000,1324151.13000000
2021-10-03T08:00:00Z,26.99000000,27.57000000,26.64000000,26.96000000,1268742.92000000
2021-10-03T16:00:00Z,26.96000000,28.16000000,26.85000000,27.57000000,1913925.72000000
2021-10-04T00:00:00Z,27.56000000,27.67000000,26.11000000,26.68000000,1642579.84000000
2021-10-04T08:00:00Z,26.67000000,27.20000000,25.59000000,26.21000000,2032382.01000000
2021-10-04T16:00:00Z,26.20000000,27.14000000,26.11000000,26.60000000,1864734.11000000
2021-10-05T00:00:00Z,26.62000000,27.04000000,26.28000000,26.49000000,1247585.55000000
2021-10-05T08:00:00Z,26.49000000,27.24000000,26.32000000,26.49000000,2291750.93000000
2021-10-05T16:00:00Z,26.49000000,27.49000000,26.19000000,27.23000000,1580661.91000000
2021-10-06T00:00:00Z,27.23000000,27.30000000,26.04000000,26.18000000,1433930.47000000
2021-10-06T08:00:00Z,26.18000000,27.87000000,25.20000000,27.72000000,3280558.94000000
2021-10-06T16:00:00Z,27.72000000,28.19000000,26.69000000,26.80000000,2261774.72000000
2021-10-07T00:00:00Z,26.80000000,27.11000000,25.90000000,27.08000000,1916548.97000000
2021-10-07T08:00:00Z,27.07000000,27.71000000,26.60000000,27.14000000,2743399.89000000
2021-10-07T16:00:00Z,27.14000000,27.44000000,26.65000000,26.83000000,1365878.21000000
2021-10-08T00:00:00Z,26.84000000,27.15000000,26.33000000,27.02000000,1388845.35000000
2021-10-08T08:00:00Z,27.03000000,27.46000000,26.57000000,26.99000000,2125914.43000000
2021-10-08T16:00:00Z,27.00000000,27.23000000,26.12000000,26.39000000,1457978.45000000
2021-10-09T00:00:00Z,26.40000000,26.57000000,26.05000000,26.47000000,1254559.74000000
2021-10-09T08:00:00Z,26.47000000,27.43000000,26.16000000,27.19000000,1863753.50000000
2021-10-09T16:00:00Z,27.19000000,27.89000000,26.92000000,27.45000000,1612862.14000000
2021-10-10T00:00:00Z,27.45000000,27.49000000,26.71000000,27.20000000,1483880.92000000
2021-10-10T08:00:00Z,27.19000000,27.33000000,26.50000000,26.83000000,1095363.53000000
2021-10-10T16:00:00Z,26.82000000,26.84000000,25.44000000,25.56000000,1335158.12000000
2021-10-11T00:00:00Z,25.55000000,26.52000000,25.25000000,26.47000000,1355646.45000000
2021-10-11T08:00:00Z,26.47000000,26.76000000,25.84000000,26.04000000,1199506.49000000
2021-10-11T16:00:00Z,26.04000000,26.14000000,24.63000000,25.22000000,1738090.89000000
2021-10-12T00:00:00Z,25.22000000,25.27000000,24.11000000,24.34000000,1588007.93000000
2021-10-12T08:00:00Z,24.34000000,24.94000000,23.53000000,24.73000000,2484082.38000000
2021-10-12T16:00:00Z,24.73000000,24.90000000,24.12000000,24.65000000,1298842.41000000
2021-10-13T00:00:00Z,24.63000000,25.14000000,24.17000000,24.21000000,1696673.70000000
2021-10-13T08:00:00Z,24.21000000,24.98000000,24.16000000,24.70000000,1953538.96000000
2021-10-13T16:00:00Z,24.70000000,25.67000000,24.45000000,25.66000000,2557073.47000000
2021-10-14T00:00:00Z,25.67000000,27.18000000,25.38000000,26.95000000,2382586.43000000
2021-10-14T08:00:00Z,26.96000000,27.75000000,26.73000000,27.57000000,2925913.26000000
2021-10-14T16:00:00Z,27.57000000,27.88000000,26.42000000,26.72000000,2445468.68000000
2021-10-15T00:00:00Z,26.71000000,27.17000000,26.01000000,26.92000000,3153881.42000000
2021-10-15T08:00:00Z,26.93000000,26.98000000,26.04000000,26.31000000,2277535.81000000
2021-10-15T16:00:00Z,26.31000000,27.38000000,26.24000000,27.01000000,2203610.44000000
2021-10-16T00:00:00Z,27.01000000,27.47000000,26.92000000,27.06000000,1140849.05000000
2021-10-16T08:00:00Z,27.06000000,28.70000000,27.00000000,28.30000000,3825138.68000000
2021-10-16T16:00:00Z,28.31000000,28.37000000,27.14000000,27.23000000,1257174.23000000
2021-10-17T00:00:00Z,27.22000000,27.60000000,26.86000000,27.20000000,1353759.05000000
2021-10-17T08:00:00Z,27.20000000,27.63000000,26.38000000,26.59000000,1456897.12000000
2021-10-17T16:00:00Z,26.58000000,26.82000000,25.58000000,26.54000000,1779403.97000000
2021-10-18T00:00:00Z,26.54000000,26.74000000,26.13000000,26.16000000,1231077.20000000
2021-10-18T08:00:00Z,26.16000000,26.43000000,25.32000000,25.79000000,2037784.64000000
2021-10-18T16:00:00Z,25.79000000,25.84000000,25.26000000,25.71000000,1150806.79000000
2021-10-19T00:00:00Z,25.71000000,26.22000000,25.56000000,25.93000000,856912.10000000
2021-10-19T08:00:00Z,25.93000000,26.29000000,25.36000000,25.40000000,1525388.07000000
2021-10-19T16:00:00Z,25.41000000,25.98000000,25.37000000,25.91000000,1186471.75000000
2021-10-20T00:00:00Z,25.90000000,26.30000000,25.85000000,26.03000000,822378.43000000
2021-10-20T08:00:00Z,26.04000000,27.18000000,25.90000000,27.16000000,2058260.82000000
2021-10-20T16:00:00Z,27.16000000,27.66000000,27.03000000,27.49000000,1596410.96000000
2021-10-21T00:00:00Z,27.48000000,28.05000000,27.19000000,27.68000000,1814203.77000000
2021-10-21T08:00:00Z,27.67000000,29.34000000,27.55000000,28.73000000,5614153.97000000
2021-10-21T16:00:00Z,28.72000000,28.92000000,28.01000000,28.26000000,2290853.74000000
2021-10-22T00:00:00Z,28.27000000,29.77000000,28.25000000,29.25000000,2588490.02000000
2021-10-22T08:00:00Z,29.26000000,30.04000000,28.60000000,28.63000000,3342711.29000000
2021-10-22T16:00:00Z,28.63000000,28.82000000,28.02000000,28.67000000,1768079.22000000
2021-10-23T00:00:00Z,28.68000000,30.19000000,28.30000000,30.05000000,2047346.89000000
2021-10-23T08:00:00Z,30.05000000,31.29000000,29.54000000,31.28000000,4077781.68000000
2021-10-23T16:00:00Z,31.29000000,31.46000000,30.42000000,31.36000000,2017230.62000000
2021-10-24T00:00:00Z,31.37000000,31.53000000,30.04000000,30.33000000,1932957.32000000
2021-10-24T08:00:00Z,30.34000000,30.60000000,29.21000000,29.36000000,2046500.03000000
2021-10-24T16:00:00Z,29.36000000,29.88000000,28.72000000,29.70000000,1763981.80000000
2021-10-25T00:00:00Z,29.71000000,30.91000000,29.53000000,30.67000000,1529586.52000000
2021-10-25T08:00:00Z,30.67000000,32.77000000,30.65000000,32.59000000,3816163.66000000
2021-10-25T16:00:00Z,32.60000000,32.90000000,31.79000000,32.38000000,2094678.40000000
2021-10-26T00:00:00Z,32.38000000,32.55000000,31.68000000,31.85000000,1285717.64000000
2021-10-26T08:00:00Z,31.84000000,32.40000000,31.31000000,32.01000000,1909889.88000000
2021-10-26T16:00:00Z,32.02000000,33.82000000,31.55000000,32.52000000,3358181.70000000
2021-10-27T00:00:00Z,32.52000000,33.91000000,31.56000000,31.59000000,3043398.93000000
2021-10-27T08:00:00Z,31.58000000,31.59000000,27.91000000,29.40000000,6165238.15000000
2021-10-27T16:00:00Z,29.40000000,29.75000000,28.31000000,28.88000000,2812850.69000000
2021-10-28T00:00:00Z,28.89000000,30.64000000,28.61000000,29.72000000,2748353.21000000
2021-10-28T08:00:00Z,29.73000000,30.82000000,29.70000000,30.16000000,2139572.65000000
2021-10-28T16:00:00Z,30.15000000,30.85000000,29.36000000,30.19000000,2298643.71000000
2021-10-29T00:00:00Z,30.19000000,31.96000000,29.94000000,31.09000000,2180183.69000000
2021-10-29T08:00:00Z,31.09000000,31.59000000,30.54000000,31.50000000,2049378.22000000
2021-10-29T16:00:00Z,31.50000000,31.81000000,30.79000000,30.96000000,1173092.67000000
2021-10-30T00:00:00Z,30.96000000,31.12000000,30.22000000,30.39000000,1122448.00000000
2021-10-30T08:00:00Z,30.39000000,30.43000000,29.47000000,30.02000000,1503591.20000000
2021-10-30T16:00:00Z,30.03000000,30.17000000,29.16000000,29.79000000,1142857.45000000
2021-10-31T00:00:00Z,29.78000000,30.68000000,29.61000000,29.95000000,1700184.90000000
2021-10-31T08:00:00Z,29.95000000,29.95000000,28.65000000,29.27000000,1653403.03000000
2021-10-31T16:00:00Z,29.27000000,30.12000000,29.03000000,30.00000000,1026873.34000000
2021-11-01T00:00:00Z,30.00000000,30.50000000,29.14000000,30.36000000,1353637.68000000
2021-11-01T08:00:00Z,30.36000000,31.57000000,30.07000000,31.48000000,2166472.59000000
2021-11-01T16:00:00Z,31.48000000,31.87000000,30.75000000,31.66000000,1441598.28000000
2021-11-02T00:00:00Z,31.67000000,31.78000000,31.00000000,31.10000000,1074164.69000000
2021-11-02T08:00:00Z,31.11000000,32.48000000,31.01000000,32.34000000,2005212.71000000
2021-11-02T16:00:00Z,32.35000000,32.48000000,31.85000000,32.26000000,1555043.86000000
2021-11-03T00:00:00Z,32.27000000,32.78000000,31.81000000,32.28000000,1469431.31000000
2021-11-03T08:00:00Z,32.27000000,32.30000000,30.54000000,31.34000000,1913397.24000000
2021-11-03T16:00:00Z,31.34000000,32.02000000,30.86000000,31.96000000,1526165.01000000
2021-11-04T00:00:00Z,31.97000000,32.11000000,30.84000000,30.86000000,1007977.93000000
2021-11-04T08:00:00Z,30.86000000,31.34000000,30.20000000,30.39000000,1610003.46000000
2021-11-04T16:00:00Z,30.39000000,31.19000000,30.23000000,31.00000000,1164741.29000000
2021-11-05T00:00:00Z,30.99000000,31.90000000,30.66000000,31.63000000,1049275.11000000
2021-11-05T08:00:00Z,31.62000000,33.71000000,31.34000000,32.78000000,3836983.94000000
2021-11-05T16:00:00Z,32.79000000,33.59000000,32.56000000,32.86000000,1809329.20000000
2021-11-06T00:00:00Z,32.86000000,33.20000000,31.70000000,32.12000000,1447293.01000000
2021-11-06T08:00:00Z,32.12000000,32.26000000,30.72000000,31.35000000,2072617.19000000
2021-11-06T16:00:00Z,31.35000000,32.06000000,31.22000000,32.05000000,959408.52000000
2021-11-07T00:00:00Z,32.05000000,32.44000000,31.71000000,32.10000000,895659.04000000
2021-11-07T08:00:00Z,32.10000000,32.59000000,31.82000000,32.15000000,1009294.84000000
2021-11-07T16:00:00Z,32.15000000,32.43000000,31.90000000,32.34000000,949727.58000000
2021-11-08T00:00:00Z,32.34000000,33.68000000,32.18000000,33.36000000,2059208.20000000
2021-11-08T08:00:00Z,33.36000000,34.53000000,32.96000000,34.36000000,2604471.76000000
2021-11-08T16:00:00Z,34.35000000,34.82000000,33.97000000,34.46000000,1601464.94000000
2021-11-09T00:00:00Z,34.46000000,35.62000000,34.03000000,35.15000000,1970042.87000000
2021-11-09T08:00:00Z,35.15000000,35.40000000,33.59000000,34.04000000,2114827.91000000
2021-11-09T16:00:00Z,34.03000000,34.27000000,33.38000000,33.82000000,1369483.90000000
2021-11-10T00:00:00Z,33.82000000,34.57000000,33.51000000,34.41000000,1139850.57000000
2021-11-10T08:00:00Z,34.41000000,38.31000000,34.40000000,38.10000000,5732779.65500000
2021-11-10T16:00:00Z,38.09000000,38.25000000,31.90000000,34.21000000,6712282.40000000
2021-11-11T00:00:00Z,34.21000000,36.47000000,33.34000000,36.18000000,3020432.32000000
2021-11-11T08:00:00Z,36.18000000,36.95000000,35.02000000,35.46000000,3145873.90000000
2021-11-11T16:00:00Z,35.46000000,35.89000000,34.67000000,34.69000000,1442682.68000000
2021-11-12T00:00:00Z,34.68000000,35.46000000,33.51000000,33.78000000,2184524.19000000
2021-11-12T08:00:00Z,33.77000000,34.25000000,33.00000000,33.40000000,2281487.59000000
2021-11-12T16:00:00Z,33.40000000,34.75000000,32.67000000,34.26000000,1531050.41000000
2021-11-13T00:00:00Z,34.26000000,34.58000000,33.50000000,33.94000000,828950.36000000
2021-11-13T08:00:00Z,33.94000000,34.27000000,33.19000000,33.92000000,1423570.03000000
2021-11-13T16:00:00Z,33.93000000,34.43000000,33.69000000,34.00000000,1121740.31000000
2021-11-14T00:00:00Z,34.00000000,34.43000000,33.60000000,33.65000000,816453.79000000
2021-11-14T08:00:00Z,33.66000000,33.88000000,33.12000000,33.19000000,871829.90000000
2021-11-14T16:00:00Z,33.18000000,33.80000000,32.53000000,33.75000000,1210441.15000000
2021-11-15T00:00:00Z,33.75000000,34.50000000,33.75000000,34.22000000,1041375.87000000
2021-11-15T08:00:00Z,34.23000000,34.48000000,33.02000000,33.14000000,1361959.98000000
2021-11-15T16:00:00Z,33.15000000,33.28000000,31.98000000,32.04000000,1809369.94000000
2021-11-16T00:00:00Z,32.05000000,32.06000000,29.25000000,30.34000000,4446555.91000000
2021-11-16T08:00:00Z,30.33000000,30.65000000,28.00000000,29.73000000,3949485.57000000
2021-11-16T16:00:00Z,29.73000000,30.03000000,28.64000000,29.16000000,1890960.64000000
2021-11-17T00:00:00Z,29.16000000,29.41000000,28.03000000,28.87000000,1957344.86000000
2021-11-17T08:00:00Z,28.86000000,29.74000000,28.12000000,28.99000000,1817219.78000000
2021-11-17T16:00:00Z,28.99000000,29.43000000,28.76000000,29.18000000,1302124.43000000
2021-11-18T00:00:00Z,29.19000000,29.72000000,28.31000000,28.58000000,1514665.60000000
2021-11-18T08:00:00Z,28.57000000,28.73000000,26.81000000,27.13000000,2771548.20000000
2021-11-18T16:00:00Z,27.14000000,27.38000000,25.82000000,26.55000000,2775680.73000000
2021-11-19T00:00:00Z,26.55000000,27.37000000,26.08000000,26.94000000,1759763.31000000
2021-11-19T08:00:00Z,26.94000000,28.74000000,26.93000000,28.49000000,2064524.35000000
2021-11-19T16:00:00Z,28.49000000,28.85000000,28.09000000,28.27000000,1181372.53000000
2021-11-20T00:00:00Z,28.27000000,28.72000000,27.96000000,28.24000000,1222705.48000000
2021-11-20T08:00:00Z,28.25000000,28.64000000,27.62000000,27.62000000,1147949.94000000
2021-11-20T16:00:00Z,27.61000000,28.37000000,27.26000000,28.36000000,2165258.83000000
2021-11-21T00:00:00Z,28.37000000,28.50000000,27.80000000,28.29000000,947811.40000000
2021-11-21T08:00:00Z,28.29000000,28.44000000,27.69000000,28.01000000,1076699.32000000
2021-11-21T16:00:00Z,28.01000000,29.26000000,27.90000000,28.98000000,1813166.19000000
2021-11-22T00:00:00Z,29.00000000,29.09000000,26.92000000,27.13000000,1792055.76000000
2021-11-22T08:00:00Z,27.12000000,28.01000000,26.82000000,27.53000000,1404632.32000000
2021-11-22T16:00:00Z,27.54000000,27.56000000,26.31000000,26.77000000,1577138.91000000
2021-11-23T00:00:00Z,26.77000000,27.15000000,26.45000000,26.62000000,1110208.50000000
2021-11-23T08:00:00Z,26.60000000,27.49000000,26.17000000,27.21000000,2099184.67000000
2021-11-23T16:00:00Z,27.21000000,27.57000000,26.83000000,26.94000000,1441161.15000000
2021-11-24T00:00:00Z,26.94000000,27.15000000,26.16000000,26.55000000,1270759.26000000
2021-11-24T08:00:00Z,26.56000000,26.84000000,25.52000000,25.77000000,1876715.87000000
2021-11-24T16:00:00Z,25.77000000,25.83000000,25.15000000,25.58000000,1821496.12000000
2021-11-25T00:00:00Z,25.58000000,26.58000000,25.37000000,26.20000000,1314643.02000000
2021-11-25T08:00:00Z,26.20000000,27.61000000,25.90000000,27.31000000,2624573.93000000
2021-11-25T16:00:00Z,27.31000000,27.50000000,26.13000000,26.41000000,1711162.21000000
2021-11-26T00:00:00Z,26.41000000,26.59000000,25.39000000,25.67000000,2201433.92000000
2021-11-26T08:00:00Z,25.67000000,25.67000000,22.90000000,23.69000000,6543689.13000000
2021-11-26T16:00:00Z,23.70000000,24.59000000,23.50000000,23.96000000,1948067.33000000
2021-11-27T00:00:00Z,23.96000000,24.76000000,23.86000000,24.41000000,1550611.90000000
2021-11-27T08:00:00Z,24.41000000,24.99000000,24.23000000,24.43000000,1352824.12000000
2021-11-27T16:00:00Z,24.43000000,24.76000000,23.78000000,24.10000000,1072882.57000000
2021-11-28T00:00:00Z,24.09000000,24.31000000,23.11000000,23.65000000,1464623.07000000
2021-11-28T08:00:00Z,23.65000000,23.87000000,23.20000000,23.60000000,919864.92000000
2021-11-28T16:00:00Z,23.59000000,25.01000000,22.63000000,24.76000000,2179202.40000000
2021-11-29T00:00:00Z,24.76000000,25.22000000,24.72000000,25.10000000,1105707.06000000
2021-11-29T08:00:00Z,25.10000000,25.32000000,24.54000000,24.87000000,1313726.07000000
2021-11-29T16:00:00Z,24.87000000,25.61000000,24.65000000,24.99000000,2313965.59000000
2021-11-30T00:00:00Z,24.99000000,25.24000000,24.15000000,24.53000000,1450841.11000000
2021-11-30T08:00:00Z,24.53000000,26.52000000,24.11000000,25.91000000,2569566.70000000
2021-11-30T16:00:00Z,25.90000000,26.30000000,25.24000000,25.31000000,1785893.41000000
2021-12-01T00:00:00Z,25.31000000,26.16000000,25.09000000,26.13000000,1272611.14000000
2021-12-01T08:00:00Z,26.14000000,26.90000000,25.82000000,26.50000000,1860268.91000000
2021-12-01T16:00:00Z,26.50000000,26.76000000,24.96000000,25.32000000,1509257.96000000
2021-12-02T00:00:00Z,25.32000000,25.33000000,24.16000000,24.83000000,1590461.78000000
2021-12-02T08:00:00Z,24.83000000,25.18000000,24.46000000,24.75000000,1379054.01000000
2021-12-02T16:00:00Z,24.75000000,24.94000000,24.50000000,24.55000000,941266.77000000
2021-12-03T00:00:00Z,24.54000000,25.21000000,24.30000000,25.06000000,869120.94000000
2021-12-03T08:00:00Z,25.06000000,25.85000000,24.82000000,24.87000000,1848433.92000000
2021-12-03T16:00:00Z,24.87000000,24.87000000,22.44000000,23.31000000,3007925.74000000
2021-12-04T00:00:00Z,23.31000000,23.36000000,15.32000000,19.06000000,13368312.96600000
2021-12-04T08:00:00Z,19.05000000,20.35000000,18.55000000,20.00000000,5479653.05000000
2021-12-04T16:00:00Z,20.00000000,20.85000000,19.52000000,20.64000000,1934047.81000000
2021-12-05T00:00:00Z,20.65000000,20.93000000,19.85000000,20.06000000,2375260.54000000
2021-12-05T08:00:00Z,20.06000000,20.14000000,18.46000000,18.81000000,2945241.49000000
2021-12-05T16:00:00Z,18.81000000,19.56000000,18.74000000,19.48000000,2134247.58000000
2021-12-06T00:00:00Z,19.49000000,19.53000000,17.86000000,18.20000000,1927585.28000000
2021-12-06T08:00:00Z,18.20000000,18.71000000,17.21000000,18.52000000,4035186.91000000
2021-12-06T16:00:00Z,18.53000000,20.01000000,18.34000000,19.80000000,2550667.90000000
2021-12-07T00:00:00Z,19.79000000,20.20000000,19.70000000,19.94000000,1531487.78000000
2021-12-07T08:00:00Z,19.95000000,20.81000000,19.72000000,20.57000000,2774054.73000000
2021-12-07T16:00:00Z,20.56000000,21.18000000,20.11000000,21.09000000,3177473.30000000
2021-12-08T00:00:00Z,21.08000000,22.32000000,20.75000000,22.19000000,3239286.75000000
2021-12-08T08:00:00Z,22.18000000,23.20000000,21.12000000,22.85000000,5346811.75000000
2021-12-08T16:00:00Z,22.84000000,22.94000000,21.99000000,22.91000000,2528739.21000000
2021-12-09T00:00:00Z,22.91000000,23.05000000,21.44000000,22.02000000,2508495.87000000
2021-12-09T08:00:00Z,22.01000000,22.02000000,20.58000000,21.03000000,2977391.89000000
2021-12-09T16:00:00Z,21.04000000,21.36000000,20.25000000,20.25000000,2723246.48000000
2021-12-10T00:00:00Z,20.25000000,20.88000000,19.28000000,19.47000000,2449954.04000000
2021-12-10T08:00:00Z,19.47000000,20.75000000,19.36000000,19.53000000,2821671.97000000
2021-12-10T16:00:00Z,19.53000000,19.55000000,18.46000000,18.56000000,2496013.77000000
2021-12-11T00:00:00Z,18.55000000,19.38000000,18.16000000,19.15000000,2497773.49000000
2021-12-11T08:00:00Z,19.15000000,20.06000000,19.01000000,20.05000000,1702317.00000000
2021-12-11T16:00:00Z,20.05000000,20.22000000,19.38000000,19.97000000,1369468.60000000
2021-12-12T00:00:00Z,19.97000000,20.01000000,19.44000000,19.88000000,920902.03000000
2021-12-12T08:00:00Z,19.87000000,19.89000000,19.20000000,19.55000000,974532.21000000
2021-12-12T16:00:00Z,19.55000000,20.80000000,19.48000000,20.41000000,1316103.84000000
2021-12-13T00:00:00Z,20.41000000,20.56000000,18.97000000,19.05000000,1761316.54000000
2021-12-13T08:00:00Z,19.05000000,19.35000000,17.83000000,18.03000000,2081729.25000000
2021-12-13T16:00:00Z,18.03000000,18.43000000,17.30000000,17.78000000,3179365.86000000
2021-12-14T00:00:00Z,17.78000000,18.17000000,17.53000000,18.05000000,1828846.55000000
2021-12-14T08:00:00Z,18.05000000,18.61000000,17.86000000,17.97000000,1869683.60000000
2021-12-14T16:00:00Z,17.97000000,18.58000000,17.44000000,18.44000000,1980773.05000000
2021-12-15T00:00:00Z,18.43000000,18.57000000,18.07000000,18.49000000,1312208.13000000
2021-12-15T08:00:00Z,18.49000000,18.79000000,17.27000000,17.28000000,1842638.37000000
2021-12-15T16:00:00Z,17.27000000,20.00000000,17.26000000,19.69000000,3871312.54000000
2021-12-16T00:00:00Z,19.70000000,20.08000000,19.47000000,19.81000000,1444105.89000000
2021-12-16T08:00:00Z,19.82000000,20.34000000,19.61000000,19.82000000,1622082.04000000
2021-12-16T16:00:00Z,19.82000000,19.87000000,18.69000000,18.76000000,1877731.52000000
2021-12-17T00:00:00Z,18.77000000,19.19000000,18.69000000,18.97000000,1342330.05000000
2021-12-17T08:00:00Z,18.97000000,19.23000000,17.74000000,18.42000000,2248943.50000000
2021-12-17T16:00:00Z,18.43000000,18.92000000,17.91000000,18.25000000,1867430.83000000
2021-12-18T00:00:00Z,18.26000000,19.62000000,17.81000000,19.43000000,2663020.72000000
2021-12-18T08:00:00Z,19.44000000,20.00000000,19.43000000,19.59000000,1631576.41000000
2021-12-18T16:00:00Z,19.59000000,19.64000000,19.17000000,19.54000000,1067912.47000000
2021-12-19T00:00:00Z,19.53000000,20.38000000,19.19000000,19.84000000,1822006.30000000
2021-12-19T08:00:00Z,19.83000000,20.20000000,19.47000000,19.64000000,1517688.27000000
2021-12-19T16:00:00Z,19.63000000,19.84000000,18.80000000,18.86000000,1579081.39000000
2021-12-20T00:00:00Z,18.86000000,19.20000000,18.37000000,18.56000000,1613275.92000000
2021-12-20T08:00:00Z,18.56000000,18.65000000,18.04000000,18.45000000,1913118.60000000
2021-12-20T16:00:00Z,18.44000000,19.13000000,18.35000000,18.78000000,1525945.08000000
2021-12-21T00:00:00Z,18.79000000,19.18000000,18.37000000,19.02000000,1398029.77000000
2021-12-21T08:00:00Z,19.01000000,19.41000000,18.87000000,18.97000000,1130754.82000000
2021-12-21T16:00:00Z,18.97000000,19.67000000,18.91000000,19.42000000,1138562.63000000
2021-12-22T00:00:00Z,19.41000000,20.08000000,19.20000000,20.02000000,1200400.94000000
2021-12-22T08:00:00Z,20.03000000,20.50000000,19.70000000,20.49000000,2091827.89000000
2021-12-22T16:00:00Z,20.49000000,20.83000000,19.86000000,19.93000000,1740264.56000000
2021-12-23T00:00:00Z,19.92000000,20.91000000,19.57000000,20.41000000,2108169.39000000
2021-12-23T08:00:00Z,20.42000000,21.49000000,20.31000000,21.07000000,2891946.95000000
2021-12-23T16:00:00Z,21.06000000,22.22000000,20.85000000,22.17000000,2579773.18000000
2021-12-24T00:00:00Z,22.18000000,22.62000000,21.83000000,22.18000000,1594036.60000000
2021-12-24T08:00:00Z,22.17000000,22.40000000,21.38000000,21.85000000,1618271.09000000
2021-12-24T16:00:00Z,21.85000000,22.66000000,21.20000000,21.48000000,2380736.50000000
2021-12-25T00:00:00Z,21.48000000,21.85000000,21.29000000,21.71000000,1069784.46000000
2021-12-25T08:00:00Z,21.72000000,22.03000000,21.46000000,21.85000000,938073.43000000
2021-12-25T16:00:00Z,21.86000000,22.39000000,21.45000000,22.10000000,1215581.35000000
2021-12-26T00:00:00Z,22.11000000,22.13000000,21.12000000,21.42000000,1633029.51000000
2021-12-26T08:00:00Z,21.42000000,22.54000000,21.36000000,22.38000000,2249054.73000000
2021-12-26T16:00:00Z,22.39000000,23.58000000,22.31000000,22.98000000,2684084.23000000
2021-12-27T00:00:00Z,22.99000000,23.45000000,22.95000000,23.13000000,1306766.59000000
2021-12-27T08:00:00Z,23.14000000,24.40000000,22.75000000,24.21000000,2698286.48000000
2021-12-27T16:00:00Z,24.21000000,24.49000000,22.95000000,23.02000000,2517970.27000000
2021-12-28T00:00:00Z,23.02000000,23.02000000,21.60000000,21.95000000,3087407.80000000
2021-12-28T08:00:00Z,21.96000000,22.61000000,21.50000000,22.06000000,2423365.58000000
2021-12-28T16:00:00Z,22.07000000,22.11000000,20.32000000,20.37000000,3512195.12000000
2021-12-29T00:00:00Z,20.38000000,20.97000000,20.25000000,20.57000000,1680114.14000000
2021-12-29T08:00:00Z,20.56000000,20.86000000,19.63000000,20.71000000,2871133.74000000
2021-12-29T16:00:00Z,20.72000000,20.73000000,19.53000000,19.74000000,2400594.02000000
2021-12-30T00:00:00Z,19.74000000,20.01000000,19.17000000,19.86000000,2573343.35000000
2021-12-30T08:00:00Z,19.87000000,20.44000000,19.66000000,19.99000000,1817863.64000000
2021-12-30T16:00:00Z,20.00000000,20.31000000,19.67000000,19.93000000,1618118.14000000
2021-12-31T00:00:00Z,19.94000000,20.23000000,19.68000000,19.93000000,1569607.08000000
2021-12-31T08:00:00Z,19.93000000,20.63000000,19.86000000,20.39000000,1796711.94000000
2021-12-31T16:00:00Z,20.39000000,20.48000000,19.04000000,19.51000000,2212697.17000000
2022-01-01T00:00:00Z,19.52000000,20.21000000,19.50000000,19.80000000,1272209.34000000
2022-01-01T08:00:00Z,19.79000000,20.11000000,19.54000000,20.04000000,963563.58000000
2022-01-01T16:00:00Z,20.04000000,20.79000000,19.98000000,20.76000000,1223701.46000000
2022-01-02T00:00:00Z,20.75000000,21.30000000,20.57000000,20.75000000,1459699.11000000
2022-01-02T08:00:00Z,20.74000000,21.45000000,20.70000000,21.41000000,1289637.57000000
2022-01-02T16:00:00Z,21.42000000,22.20000000,21.41000000,21.87000000,2359450.16000000
2022-01-03T00:00:00Z,21.86000000,21.93000000,21.25000000,21.67000000,1181892.98000000
2022-01-03T08:00:00Z,21.66000000,23.24000000,21.66000000,22.65000000,2878724.62000000
2022-01-03T16:00:00Z,22.66000000,23.75000000,22.08000000,23.72000000,3922259.42000000
2022-01-04T00:00:00Z,23.72000000,23.89000000,22.71000000,23.56000000,2837867.67000000
2022-01-04T08:00:00Z,23.55000000,24.19000000,23.37000000,23.73000000,3219688.01000000
2022-01-04T16:00:00Z,23.72000000,24.49000000,23.25000000,23.42000000,4727199.54000000
2022-01-05T00:00:00Z,23.43000000,26.05000000,23.30000000,25.53000000,5108627.30000000
2022-01-05T08:00:00Z,25.53000000,27.42000000,25.24000000,27.10000000,5548753.42000000
2022-01-05T16:00:00Z,27.11000000,27.48000000,22.29000000,25.24000000,13631977.08000000
2022-01-06T00:00:00Z,25.24000000,25.64000000,23.34000000,24.77000000,7961158.61000000
2022-01-06T08:00:00Z,24.77000000,24.82000000,23.57000000,24.07000000,5181665.58000000
2022-01-06T16:00:00Z,24.07000000,25.98000000,23.86000000,25.38000000,3944122.50000000
2022-01-07T00:00:00Z,25.39000000,25.49000000,22.65000000,23.50000000,6327007.83000000
2022-01-07T08:00:00Z,23.51000000,25.85000000,23.40000000,25.17000000,8306426.50000000
2022-01-07T16:00:00Z,25.16000000,27.33000000,24.46000000,25.98000000,7399891.31000000
2022-01-08T00:00:00Z,25.98000000,27.33000000,25.74000000,26.65000000,4070184.66000000
2022-01-08T08:00:00Z,26.66000000,26.91000000,24.80000000,25.08000000,4154876.68000000
2022-01-08T16:00:00Z,25.08000000,26.37000000,23.51000000,25.32000000,7410091.73000000
2022-01-09T00:00:00Z,25.31000000,27.67000000,25.08000000,26.91000000,6090368.97000000
2022-01-09T08:00:00Z,26.92000000,27.54000000,26.04000000,27.16000000,5743767.24000000
2022-01-09T16:00:00Z,27.16000000,28.68000000,27.00000000,27.54000000,6796310.42000000
2022-01-10T00:00:00Z,27.54000000,28.51000000,27.34000000,28.27000000,4223555.09000000
2022-01-10T08:00:00Z,28.27000000,28.33000000,25.07000000,26.50000000,8523731.47000000
2022-01-10T16:00:00Z,26.51000000,28.04000000,26.30000000,27.98000000,5769221.02000000
2022-01-11T00:00:00Z,27.98000000,28.71000000,27.42000000,27.62000000,3890637.48000000
2022-01-11T08:00:00Z,27.62000000,27.79000000,25.84000000,26.22000000,5136629.72000000
2022-01-11T16:00:00Z,26.22000000,27.28000000,26.22000000,26.59000000,4470979.77000000
2022-01-12T00:00:00Z,26.60000000,26.91000000,25.61000000,25.92000000,2942769.99000000
2022-01-12T08:00:00Z,25.91000000,27.25000000,25.81000000,26.48000000,4671128.20000000
2022-01-12T16:00:00Z,26.48000000,27.00000000,26.12000000,26.75000000,2705864.24000000
2022-01-13T00:00:00Z,26.76000000,26.76000000,26.01000000,26.34000000,1794290.74000000
2022-01-13T08:00:00Z,26.34000000,26.53000000,25.16000000,25.49000000,3053533.67000000
2022-01-13T16:00:00Z,25.49000000,25.57000000,24.43000000,24.86000000,3042561.28000000
2022-01-14T00:00:00Z,24.86000000,25.32000000,24.67000000,24.96000000,1605108.81000000
2022-01-14T08:00:00Z,24.96000000,25.10000000,23.91000000,24.79000000,3295096.46000000
2022-01-14T16:00:00Z,24.79000000,25.89000000,24.56000000,25.72000000,1588390.68000000
2022-01-15T00:00:00Z,25.72000000,26.22000000,25.26000000,25.62000000,1612600.79000000
2022-01-15T08:00:00Z,25.62000000,26.00000000,25.28000000,25.73000000,1408838.32000000
2022-01-15T16:00:00Z,25.73000000,26.07000000,25.11000000,25.17000000,1120043.10000000
2022-01-16T00:00:00Z,25.17000000,25.55000000,24.65000000,25.46000000,1038474.63000000
2022-01-16T08:00:00Z,25.45000000,26.15000000,25.32000000,25.92000000,2133640.58000000
2022-01-16T16:00:00Z,25.93000000,26.34000000,25.46000000,25.50000000,1243836.17000000
2022-01-17T00:00:00Z,25.51000000,25.62000000,24.66000000,25.01000000,1250046.97000000
2022-01-17T08:00:00Z,25.01000000,25.09000000,24.15000000,24.21000000,1216078.60000000
2022-01-17T16:00:00Z,24.22000000,24.33000000,23.27000000,23.79000000,2005751.75000000
2022-01-18T00:00:00Z,23.79000000,24.34000000,23.35000000,23.60000000,1235684.66000000
2022-01-18T08:00:00Z,23.60000000,23.60000000,22.35000000,22.50000000,1942543.58000000
2022-01-18T16:00:00Z,22.50000000,23.34000000,22.04000000,22.96000000,1732635.34000000
2022-01-19T00:00:00Z,22.96000000,23.15000000,21.35000000,21.51000000,2104561.97000000
2022-01-19T08:00:00Z,21.51000000,22.57000000,21.22000000,21.97000000,2099382.90000000
2022-01-19T16:00:00Z,21.96000000,22.28000000,21.47000000,21.55000000,1484731.60000000
2022-01-20T00:00:00Z,21.54000000,22.43000000,21.32000000,22.34000000,1038267.68000000
2022-01-20T08:00:00Z,22.34000000,22.98000000,21.99000000,22.70000000,1657996.95000000
2022-01-20T16:00:00Z,22.71000000,22.84000000,20.04000000,20.17000000,2907007.54000000
2022-01-21T00:00:00Z,20.18000000,20.51000000,19.01000000,19.56000000,4139211.56000000
2022-01-21T08:00:00Z,19.55000000,19.77000000,18.36000000,19.54000000,3850180.03000000
2022-01-21T16:00:00Z,19.53000000,19.76000000,17.10000000,17.42000000,6631798.68000000
2022-01-22T00:00:00Z,17.41000000,17.82000000,15.16000000,15.40000000,5540641.46000000
2022-01-22T08:00:00Z,15.41000000,16.45000000,14.24000000,15.30000000,8129836.87300000
2022-01-22T16:00:00Z,15.30000000,16.35000000,15.07000000,15.85000000,5263656.62000000
2022-01-23T00:00:00Z,15.86000000,16.40000000,15.37000000,16.27000000,2956357.04000000
2022-01-23T08:00:00Z,16.26000000,16.88000000,15.42000000,15.71000000,3604097.79000000
2022-01-23T16:00:00Z,15.71000000,16.66000000,15.15000000,16.64000000,2973184.35000000
2022-01-24T00:00:00Z,16.63000000,16.65000000,15.20000000,15.25000000,2071177.80000000
2022-01-24T08:00:00Z,15.25000000,15.54000000,13.48000000,14.55000000,7967364.06900000
2022-01-24T16:00:00Z,14.54000000,15.95000000,14.12000000,15.58000000,4705039.13000000
2022-01-25T00:00:00Z,15.58000000,15.59000000,14.59000000,14.97000000,2191240.87000000
2022-01-25T08:00:00Z,14.96000000,15.69000000,14.87000000,15.29000000,3153550.81000000
2022-01-25T16:00:00Z,15.29000000,16.03000000,15.17000000,15.49000000,2349220.85000000
2022-01-26T00:00:00Z,15.50000000,16.02000000,15.20000000,15.74000000,1643844.86000000
2022-01-26T08:00:00Z,15.74000000,16.62000000,15.74000000,16.11000000,2353535.47000000
2022-01-26T16:00:00Z,16.10000000,16.80000000,14.68000000,15.23000000,5797366.67000000
2022-01-27T00:00:00Z,15.23000000,15.38000000,14.29000000,14.90000000,2447796.65000000
2022-01-27T08:00:00Z,14.90000000,15.71000000,14.64000000,15.34000000,2961943.84000000
2022-01-27T16:00:00Z,15.35000000,15.62000000,14.43000000,15.22000000,3126560.98000000
2022-01-28T00:00:00Z,15.22000000,15.53000000,14.81000000,15.07000000,1692856.34000000
2022-01-28T08:00:00Z,15.07000000,15.62000000,14.74000000,15.54000000,2334174.31000000
2022-01-28T16:00:00Z,15.55000000,16.28000000,15.53000000,16.15000000,2219130.37000000
2022-01-29T00:00:00Z,16.14000000,16.47000000,15.96000000,16.37000000,990755.95000000
2022-01-29T08:00:00Z,16.37000000,16.67000000,16.05000000,16.20000000,1408343.84000000
2022-01-29T16:00:00Z,16.20000000,16.75000000,16.07000000,16.23000000,1521358.85000000
2022-01-30T00:00:00Z,16.23000000,17.70000000,16.01000000,17.62000000,2516785.10000000
2022-01-30T08:00:00Z,17.62000000,17.82000000,17.15000000,17.26000000,2348591.81000000
2022-01-30T16:00:00Z,17.27000000,18.10000000,16.83000000,17.77000000,2728069.50000000
2022-01-31T00:00:00Z,17.76000000,17.88000000,16.45000000,16.96000000,2649294.04000000
2022-01-31T08:00:00Z,16.97000000,17.65000000,16.61000000,17.51000000,2339759.54000000
2022-01-31T16:00:00Z,17.51000000,17.70000000,16.92000000,17.15000000,2706390.00000000
2022-02-01T00:00:00Z,17.15000000,17.61000000,17.05000000,17.43000000,1735997.43000000
2022-02-01T08:00:00Z,17.44000000,17.91000000,16.93000000,17.17000000,2649227.58000000
2022-02-01T16:00:00Z,17.18000000,17.46000000,16.80000000,16.98000000,1538339.59000000
2022-02-02T00:00:00Z,16.98000000,17.35000000,16.75000000,16.98000000,1068974.44000000
2022-02-02T08:00:00Z,16.98000000,17.38000000,16.18000000,16.34000000,1731284.01000000
2022-02-02T16:00:00Z,16.34000000,16.50000000,15.56000000,15.78000000,1940780.81000000
2022-02-03T00:00:00Z,15.78000000,15.95000000,15.51000000,15.81000000,1240557.52000000
2022-02-03T08:00:00Z,15.82000000,15.99000000,15.26000000,15.96000000,2250065.01000000
2022-02-03T16:00:00Z,15.95000000,16.33000000,15.63000000,16.30000000,1836590.81000000
2022-02-04T00:00:00Z,16.31000000,16.53000000,16.00000000,16.31000000,1367424.31000000
2022-02-04T08:00:00Z,16.31000000,16.95000000,16.05000000,16.72000000,2365267.91000000
2022-02-04T16:00:00Z,16.72000000,17.55000000,16.71000000,17.50000000,2096457.14000000
2022-02-05T00:00:00Z,17.50000000,18.32000000,17.42000000,17.91000000,2097253.37000000
2022-02-05T08:00:00Z,17.91000000,18.15000000,17.79000000,18.03000000,1582017.26000000
2022-02-05T16:00:00Z,18.03000000,18.26000000,17.45000000,17.76000000,1327756.96000000
2022-02-06T00:00:00Z,17.75000000,18.17000000,17.68000000,17.87000000,874297.26000000
2022-02-06T08:00:00Z,17.86000000,18.01000000,17.17000000,17.46000000,1266185.05000000
2022-02-06T16:00:00Z,17.46000000,18.09000000,17.36000000,18.07000000,973985.26000000
2022-02-07T00:00:00Z,18.06000000,19.00000000,17.65000000,18.66000000,1877820.72000000
2022-02-07T08:00:00Z,18.66000000,19.09000000,18.33000000,19.05000000,1897086.43000000
2022-02-07T16:00:00Z,19.05000000,19.40000000,18.76000000,18.88000000,2468030.13000000
2022-02-08T00:00:00Z,18.89000000,19.54000000,18.53000000,18.91000000,2223570.38000000
2022-02-08T08:00:00Z,18.92000000,18.96000000,17.72000000,17.98000000,2981749.10000000
2022-02-08T16:00:00Z,17.99000000,18.55000000,17.76000000,18.38000000,1398268.51000000
2022-02-09T00:00:00Z,18.38000000,18.51000000,17.75000000,18.14000000,1438796.97000000
2022-02-09T08:00:00Z,18.15000000,18.64000000,17.93000000,18.47000000,1370981.54000000
2022-02-09T16:00:00Z,18.48000000,18.75000000,18.36000000,18.67000000,932704.19000000
2022-02-10T00:00:00Z,18.67000000,18.70000000,17.98000000,18.26000000,1128608.18000000
2022-02-10T08:00:00Z,18.26000000,18.75000000,17.36000000,18.16000000,2892046.05000000
2022-02-10T16:00:00Z,18.17000000,18.46000000,17.35000000,17.50000000,1775984.61000000
2022-02-11T00:00:00Z,17.51000000,17.53000000,17.13000000,17.49000000,1492941.60000000
2022-02-11T08:00:00Z,17.50000000,17.81000000,17.23000000,17.70000000,953208.90000000
2022-02-11T16:00:00Z,17.70000000,17.73000000,15.89000000,16.21000000,2022356.85000000
2022-02-12T00:00:00Z,16.20000000,16.32000000,15.60000000,15.90000000,1163260.55000000
2022-02-12T08:00:00Z,15.91000000,16.20000000,15.56000000,15.85000000,1547617.85000000
2022-02-12T16:00:00Z,15.86000000,16.38000000,15.67000000,15.95000000,1450991.04000000
2022-02-13T00:00:00Z,15.96000000,16.20000000,15.84000000,16.18000000,648800.19000000
2022-02-13T08:00:00Z,16.18000000,16.33000000,15.96000000,16.07000000,913075.09000000
2022-02-13T16:00:00Z,16.07000000,16.08000000,15.52000000,15.60000000,1109421.00000000
2022-02-14T00:00:00Z,15.61000000,15.71000000,15.21000000,15.66000000,1076495.36000000
2022-02-14T08:00:00Z,15.66000000,16.12000000,15.44000000,15.79000000,1313549.01000000
2022-02-14T16:00:00Z,15.80000000,16.03000000,15.20000000,15.90000000,1248581.75000000
2022-02-15T00:00:00Z,15.91000000,16.53000000,15.81000000,16.42000000,1504025.60000000
2022-02-15T08:00:00Z,16.42000000,17.04000000,16.41000000,16.96000000,1462687.01000000
2022-02-15T16:00:00Z,16.96000000,17.45000000,16.72000000,17.34000000,1166036.89000000
2022-02-16T00:00:00Z,17.34000000,17.41000000,16.78000000,17.19000000,815322.00000000
2022-02-16T08:00:00Z,17.19000000,17.33000000,16.52000000,16.66000000,1356164.02000000
2022-02-16T16:00:00Z,16.67000000,17.38000000,16.49000000,17.12000000,1437442.90000000
2022-02-17T00:00:00Z,17.13000000,17.45000000,16.72000000,17.00000000,1047791.61000000
2022-02-17T08:00:00Z,17.00000000,17.06000000,16.02000000,16.14000000,1801855.57000000
2022-02-17T16:00:00Z,16.15000000,16.25000000,15.45000000,15.59000000,2077844.65000000
2022-02-18T00:00:00Z,15.60000000,16.03000000,15.46000000,15.87000000,948542.81000000
2022-02-18T08:00:00Z,15.88000000,16.06000000,15.08000000,15.21000000,1501383.06000000
2022-02-18T16:00:00Z,15.21000000,15.50000000,15.03000000,15.19000000,1406021.95000000
2022-02-19T00:00:00Z,15.18000000,15.56000000,15.13000000,15.49000000,577461.74000000
2022-02-19T08:00:00Z,15.49000000,15.51000000,14.84000000,15.36000000,1263964.02000000
2022-02-19T16:00:00Z,15.36000000,15.68000000,15.23000000,15.51000000,1378367.53000000
2022-02-20T00:00:00Z,15.52000000,15.53000000,14.41000000,14.74000000,1437932.18000000
2022-02-20T08:00:00Z,14.74000000,14.97000000,14.39000000,14.68000000,1328169.12000000
2022-02-20T16:00:00Z,14.67000000,14.92000000,14.47000000,14.60000000,1071582.24000000
2022-02-21T00:00:00Z,14.61000000,15.31000000,14.51000000,15.19000000,1180359.99000000
2022-02-21T08:00:00Z,15.18000000,15.28000000,13.94000000,14.74000000,3152317.23000000
2022-02-21T16:00:00Z,14.74000000,14.86000000,13.38000000,13.51000000,3040299.29000000
2022-02-22T00:00:00Z,13.50000000,13.80000000,13.02000000,13.29000000,2387020.35000000
2022-02-22T08:00:00Z,13.30000000,14.20000000,13.29000000,13.97000000,2127100.53000000
2022-02-22T16:00:00Z,13.96000000,14.14000000,13.77000000,13.99000000,1342219.74000000
2022-02-23T00:00:00Z,13.98000000,14.22000000,13.72000000,14.18000000,1398049.55000000
2022-02-23T08:00:00Z,14.18000000,14.61000000,14.14000000,14.18000000,1832052.82000000
2022-02-23T16:00:00Z,14.17000000,14.66000000,13.30000000,13.35000000,1884186.49000000
2022-02-24T00:00:00Z,13.34000000,13.46000000,11.40000000,11.79000000,6384876.35000000
2022-02-24T08:00:00Z,11.79000000,12.37000000,11.52000000,12.32000000,4846364.15000000
2022-02-24T16:00:00Z,12.31000000,13.95000000,12.16000000,13.27000000,4528064.50000000
2022-02-25T00:00:00Z,13.27000000,13.50000000,13.08000000,13.37000000,1782017.55000000
2022-02-25T08:00:00Z,13.37000000,14.12000000,13.16000000,14.07000000,2536209.93000000
2022-02-25T16:00:00Z,14.07000000,14.49000000,13.72000000,14.36000000,1712706.66000000
2022-02-26T00:00:00Z,14.36000000,15.05000000,14.22000000,14.49000000,2049181.42000000
2022-02-26T08:00:00Z,14.49000000,14.84000000,14.09000000,14.65000000,1791483.82000000
2022-02-26T16:00:00Z,14.64000000,14.94000000,14.31000000,14.72000000,1328654.08000000
2022-02-27T00:00:00Z,14.71000000,14.80000000,13.94000000,14.26000000,1658321.83000000
2022-02-27T08:00:00Z,14.26000000,14.86000000,14.16000000,14.58000000,2249611.28000000
2022-02-27T16:00:00Z,14.58000000,14.58000000,13.47000000,13.64000000,2728868.59000000
2022-02-28T00:00:00Z,13.64000000,13.83000000,13.31000000,13.75000000,1668877.23000000
2022-02-28T08:00:00Z,13.75000000,14.76000000,13.61000000,14.66000000,2165787.68000000
2022-02-28T16:00:00Z,14.67000000,15.15000000,14.52000000,15.13000000,2730611.51000000
2022-03-01T00:00:00Z,15.12000000,15.32000000,14.86000000,15.11000000,1741409.15000000
2022-03-01T08:00:00Z,15.10000000,15.73000000,14.72000000,15.38000000,3207004.44000000
2022-03-01T16:00:00Z,15.37000000,15.51000000,15.04000000,15.35000000,1468889.42000000
2022-03-02T00:00:00Z,15.34000000,15.67000000,14.91000000,15.27000000,1992914.30000000
2022-03-02T08:00:00Z,15.28000000,15.87000000,15.11000000,15.44000000,3031967.16000000
2022-03-02T16:00:00Z,15.44000000,15.65000000,15.15000000,15.28000000,1264164.41000000
2022-03-03T00:00:00Z,15.29000000,15.38000000,14.93000000,15.17000000,1323652.85000000
2022-03-03T08:00:00Z,15.17000000,15.31000000,14.58000000,14.69000000,1814199.83000000
2022-03-03T16:00:00Z,14.70000000,15.02000000,14.46000000,14.89000000,1482076.71000000
2022-03-04T00:00:00Z,14.89000000,14.98000000,14.14000000,14.34000000,1563425.92000000
2022-03-04T08:00:00Z,14.34000000,14.60000000,14.10000000,14.13000000,2542607.89000000
2022-03-04T16:00:00Z,14.13000000,14.28000000,13.54000000,13.73000000,1904149.83000000
2022-03-05T00:00:00Z,13.74000000,13.98000000,13.41000000,13.90000000,1135454.43000000
2022-03-05T08:00:00Z,13.91000000,14.15000000,13.87000000,14.03000000,904616.77000000
2022-03-05T16:00:00Z,14.03000000,14.27000000,13.91000000,14.03000000,734913.65000000
2022-03-06T00:00:00Z,14.02000000,14.12000000,13.60000000,13.83000000,869185.54000000
2022-03-06T08:00:00Z,13.84000000,13.86000000,13.42000000,13.67000000,1309179.29000000
2022-03-06T16:00:00Z,13.66000000,13.88000000,13.25000000,13.32000000,1357261.70000000
2022-03-07T00:00:00Z,13.31000000,13.32000000,12.72000000,12.90000000,2498738.99000000
2022-03-07T08:00:00Z,12.91000000,13.64000000,12.79000000,13.57000000,1913642.12000000
2022-03-07T16:00:00Z,13.56000000,13.67000000,12.42000000,12.68000000,2890584.80000000
2022-03-08T00:00:00Z,12.67000000,13.20000000,12.58000000,13.10000000,2506504.83000000
2022-03-08T08:00:00Z,13.10000000,13.56000000,13.02000000,13.17000000,2415387.50000000
2022-03-08T16:00:00Z,13.17000000,13.53000000,12.87000000,13.08000000,1955530.23000000
2022-03-09T00:00:00Z,13.08000000,14.02000000,13.05000000,13.89000000,2227032.52000000
2022-03-09T08:00:00Z,13.88000000,14.36000000,13.79000000,14.32000000,2501733.52000000
2022-03-09T16:00:00Z,14.32000000,14.46000000,13.80000000,14.01000000,1733914.39000000
2022-03-10T00:00:00Z,14.00000000,14.11000000,13.01000000,13.12000000,2350469.71000000
2022-03-10T08:00:00Z,13.12000000,13.46000000,12.96000000,13.28000000,2092228.22000000
2022-03-10T16:00:00Z,13.27000000,13.35000000,13.09000000,13.17000000,1026584.11000000
2022-03-11T00:00:00Z,13.18000000,13.38000000,12.80000000,13.32000000,1512288.44000000
2022-03-11T08:00:00Z,13.32000000,13.65000000,13.13000000,13.20000000,1998614.38000000
2022-03-11T16:00:00Z,13.20000000,13.23000000,12.91000000,13.05000000,1146677.19000000
2022-03-12T00:00:00Z,13.04000000,13.45000000,13.02000000,13.25000000,908480.80000000
2022-03-12T08:00:00Z,13.25000000,13.32000000,13.08000000,13.20000000,831472.08000000
2022-03-12T16:00:00Z,13.19000000,13.46000000,13.12000000,13.15000000,759507.86000000
2022-03-13T00:00:00Z,13.15000000,13.43000000,13.08000000,13.33000000,668660.97000000
2022-03-13T08:00:00Z,13.32000000,13.35000000,12.98000000,13.17000000,865268.92000000
2022-03-13T16:00:00Z,13.17000000,13.30000000,12.59000000,12.70000000,1198573.91000000
2022-03-14T00:00:00Z,12.71000000,13.31000000,12.60000000,13.25000000,1990934.24000000
2022-03-14T08:00:00Z,13.25000000,13.35000000,13.05000000,13.12000000,1203580.25000000
2022-03-14T16:00:00Z,13.12000000,13.44000000,12.74000000,13.41000000,1449205.21000000
2022-03-15T00:00:00Z,13.41000000,13.60000000,12.87000000,12.98000000,1395956.01000000
2022-03-15T08:00:00Z,12.98000000,13.34000000,12.89000000,13.26000000,833820.61000000
2022-03-15T16:00:00Z,13.26000000,13.80000000,13.22000000,13.69000000,1224322.93000000
2022-03-16T00:00:00Z,13.69000000,14.26000000,13.66000000,13.98000000,2253046.61000000
2022-03-16T08:00:00Z,13.98000000,14.23000000,13.91000000,14.14000000,1648437.32000000
2022-03-16T16:00:00Z,14.15000000,14.78000000,13.76000000,14.66000000,2645307.21000000
2022-03-17T00:00:00Z,14.66000000,14.79000000,14.23000000,14.35000000,1469003.63000000
2022-03-17T08:00:00Z,14.36000000,14.93000000,14.34000000,14.54000000,1926664.39000000
2022-03-17T16:00:00Z,14.55000000,14.62000000,14.36000000,14.40000000,756506.06000000
2022-03-18T00:00:00Z,14.41000000,14.54000000,14.12000000,14.42000000,1067444.00000000
2022-03-18T08:00:00Z,14.42000000,15.09000000,14.35000000,15.07000000,1890028.49000000
2022-03-18T16:00:00Z,15.08000000,15.27000000,14.88000000,15.01000000,1463637.94000000
2022-03-19T00:00:00Z,15.00000000,15.20000000,14.83000000,14.98000000,882196.04000000
2022-03-19T08:00:00Z,14.98000000,15.37000000,14.91000000,15.34000000,1140931.37000000
2022-03-19T16:00:00Z,15.35000000,15.40000000,14.83000000,15.01000000,1262128.85000000
2022-03-20T00:00:00Z,15.01000000,15.13000000,14.86000000,14.99000000,869272.12000000
2022-03-20T08:00:00Z,15.00000000,15.00000000,14.57000000,14.67000000,1113039.61000000
2022-03-20T16:00:00Z,14.67000000,14.78000000,14.42000000,14.54000000,901611.69000000
2022-03-21T00:00:00Z,14.54000000,14.98000000,14.30000000,14.95000000,999011.48000000
2022-03-21T08:00:00Z,14.96000000,15.28000000,14.89000000,15.07000000,1694988.99000000
2022-03-21T16:00:00Z,15.07000000,15.07000000,14.71000000,15.00000000,1025572.49000000
2022-03-22T00:00:00Z,14.99000000,15.77000000,14.98000000,15.51000000,2213294.00000000
2022-03-22T08:00:00Z,15.51000000,15.86000000,15.44000000,15.51000000,1426356.55000000
2022-03-22T16:00:00Z,15.52000000,15.70000000,15.39000000,15.43000000,860629.99000000
2022-03-23T00:00:00Z,15.43000000,15.51000000,15.13000000,15.41000000,1103033.96000000
2022-03-23T08:00:00Z,15.41000000,15.89000000,15.23000000,15.80000000,1435824.99000000
2022-03-23T16:00:00Z,15.81000000,15.98000000,15.53000000,15.83000000,1288219.09000000
2022-03-24T00:00:00Z,15.84000000,16.00000000,15.60000000,15.91000000,1375916.33000000
2022-03-24T08:00:00Z,15.92000000,16.39000000,15.80000000,16.36000000,2626998.35000000
2022-03-24T16:00:00Z,16.36000000,16.44000000,16.09000000,16.17000000,1202074.30000000
2022-03-25T00:00:00Z,16.16000000,16.28000000,15.93000000,16.02000000,1204563.71000000
2022-03-25T08:00:00Z,16.02000000,16.46000000,15.80000000,15.90000000,1952321.83000000
2022-03-25T16:00:00Z,15.91000000,16.00000000,15.47000000,15.59000000,1497368.53000000
2022-03-26T00:00:00Z,15.60000000,15.92000000,15.49000000,15.87000000,723190.58000000
2022-03-26T08:00:00Z,15.86000000,15.96000000,15.54000000,15.59000000,1013791.54000000
2022-03-26T16:00:00Z,15.59000000,15.89000000,15.54000000,15.83000000,688048.90000000
2022-03-27T00:00:00Z,15.83000000,16.17000000,15.79000000,16.14000000,893752.79000000
2022-03-27T08:00:00Z,16.15000000,16.15000000,15.63000000,16.06000000,1040992.52000000
2022-03-27T16:00:00Z,16.06000000,16.91000000,16.03000000,16.87000000,2002733.52000000
2022-03-28T00:00:00Z,16.86000000,17.12000000,16.63000000,17.04000000,1930316.84000000
2022-03-28T08:00:00Z,17.04000000,17.37000000,16.89000000,16.98000000,2207581.61000000
2022-03-28T16:00:00Z,16.98000000,17.25000000,16.34000000,16.50000000,1780700.15000000
2022-03-29T00:00:00Z,16.50000000,17.17000000,16.47000000,16.88000000,1201633.61000000
2022-03-29T08:00:00Z,16.88000000,17.52000000,16.87000000,17.00000000,1768986.52000000
2022-03-29T16:00:00Z,17.00000000,17.08000000,16.57000000,16.98000000,1525957.52000000
2022-03-30T00:00:00Z,16.98000000,17.46000000,16.53000000,17.32000000,1535868.50000000
2022-03-30T08:00:00Z,17.31000000,17.45000000,16.87000000,17.28000000,1700708.30000000
2022-03-30T16:00:00Z,17.27000000,17.58000000,17.04000000,17.22000000,1630099.60000000
2022-03-31T00:00:00Z,17.21000000,17.56000000,17.16000000,17.52000000,1041412.08000000
2022-03-31T08:00:00Z,17.52000000,18.05000000,17.06000000,17.18000000,2873232.32000000
2022-03-31T16:00:00Z,17.17000000,17.21000000,16.64000000,16.91000000,1856042.74000000
2022-04-01T00:00:00Z,16.91000000,17.08000000,16.16000000,16.83000000,1716947.71000000
2022-04-01T08:00:00Z,16.83000000,17.37000000,16.47000000,17.29000000,1875398.97000000
2022-04-01T16:00:00Z,17.29000000,17.37000000,17.05000000,17.34000000,929569.16000000
2022-04-02T00:00:00Z,17.34000000,17.60000000,17.19000000,17.43000000,993200.99000000
2022-04-02T08:00:00Z,17.43000000,17.87000000,17.22000000,17.32000000,1524568.77000000
2022-04-02T16:00:00Z,17.32000000,17.68000000,17.10000000,17.40000000,1116314.49000000
2022-04-03T00:00:00Z,17.40000000,17.96000000,17.15000000,17.80000000,1272171.22000000
2022-04-03T08:00:00Z,17.80000000,17.93000000,17.60000000,17.89000000,805982.67000000
2022-04-03T16:00:00Z,17.89000000,18.32000000,17.81000000,18.08000000,1352743.60000000
2022-04-04T00:00:00Z,18.07000000,18.08000000,17.56000000,17.85000000,1185006.87000000
2022-04-04T08:00:00Z,17.85000000,17.89000000,16.96000000,17.01000000,1556094.27000000
2022-04-04T16:00:00Z,17.01000000,17.57000000,16.82000000,17.50000000,1070038.19000000
2022-04-05T00:00:00Z,17.51000000,17.66000000,17.31000000,17.39000000,553206.39000000
2022-04-05T08:00:00Z,17.39000000,17.57000000,16.97000000,17.12000000,974273.27000000
2022-04-05T16:00:00Z,17.12000000,17.25000000,16.66000000,16.74000000,809614.18000000
2022-04-06T00:00:00Z,16.75000000,16.79000000,16.05000000,16.54000000,1303023.93000000
2022-04-06T08:00:00Z,16.55000000,16.59000000,15.54000000,15.74000000,1928241.23000000
2022-04-06T16:00:00Z,15.74000000,15.80000000,15.27000000,15.41000000,1398483.42000000
2022-04-07T00:00:00Z,15.41000000,15.68000000,15.10000000,15.61000000,1108249.02000000
2022-04-07T08:00:00Z,15.62000000,15.88000000,15.29000000,15.49000000,1221727.31000000
2022-04-07T16:00:00Z,15.48000000,15.88000000,15.35000000,15.75000000,537885.43000000
2022-04-08T00:00:00Z,15.74000000,15.91000000,15.64000000,15.78000000,541776.00000000
2022-04-08T08:00:00Z,15.77000000,15.85000000,15.20000000,15.66000000,999184.30000000
2022-04-08T16:00:00Z,15.67000000,15.75000000,15.01000000,15.13000000,780192.76000000
2022-04-09T00:00:00Z,15.12000000,15.47000000,15.12000000,15.36000000,563064.67000000
2022-04-09T08:00:00Z,15.35000000,15.46000000,15.15000000,15.19000000,453320.99000000
2022-04-09T16:00:00Z,15.19000000,15.46000000,15.17000000,15.43000000,350342.24000000
2022-04-10T00:00:00Z,15.43000000,15.64000000,15.35000000,15.45000000,303657.93000000
2022-04-10T08:00:00Z,15.45000000,15.49000000,15.24000000,15.47000000,453912.59000000
2022-04-10T16:00:00Z,15.47000000,15.93000000,15.17000000,15.24000000,853756.33000000
2022-04-11T00:00:00Z,15.23000000,15.28000000,14.77000000,14.94000000,772469.58000000
2022-04-11T08:00:00Z,14.94000000,14.97000000,13.93000000,13.96000000,1766126.36000000
2022-04-11T16:00:00Z,13.96000000,14.16000000,13.51000000,13.76000000,1443526.78000000
2022-04-12T00:00:00Z,13.76000000,14.09000000,13.69000000,14.04000000,779708.71000000
2022-04-12T08:00:00Z,14.04000000,14.33000000,13.90000000,14.02000000,1041970.24000000
2022-04-12T16:00:00Z,14.03000000,14.10000000,13.63000000,13.98000000,827849.68000000
2022-04-13T00:00:00Z,13.98000000,14.11000000,13.85000000,14.03000000,516030.80000000
2022-04-13T08:00:00Z,14.03000000,14.18000000,13.68000000,14.09000000,1059152.91000000
2022-04-13T16:00:00Z,14.09000000,14.22000000,14.00000000,14.19000000,653425.38000000
2022-04-14T00:00:00Z,14.20000000,14.33000000,14.07000000,14.18000000,572000.51000000
2022-04-14T08:00:00Z,14.18000000,14.23000000,13.48000000,13.50000000,1177704.29000000
2022-04-14T16:00:00Z,13.50000000,13.72000000,13.33000000,13.65000000,1155590.16000000
2022-04-15T00:00:00Z,13.64000000,14.05000000,13.63000000,13.91000000,656446.13000000
2022-04-15T08:00:00Z,13.91000000,14.05000000,13.70000000,13.90000000,524634.01000000
2022-04-15T16:00:00Z,13.90000000,14.19000000,13.81000000,14.11000000,638369.64000000
2022-04-16T00:00:00Z,14.11000000,14.28000000,13.99000000,13.99000000,448050.49000000
2022-04-16T08:00:00Z,13.99000000,14.22000000,13.83000000,13.88000000,606326.54000000
2022-04-16T16:00:00Z,13.88000000,14.20000000,13.84000000,14.14000000,463079.01000000
2022-04-17T00:00:00Z,14.14000000,14.58000000,14.00000000,14.50000000,860597.51000000
2022-04-17T08:00:00Z,14.50000000,14.62000000,14.40000000,14.48000000,812732.47000000
2022-04-17T16:00:00Z,14.47000000,14.53000000,13.65000000,13.73000000,962355.72000000
2022-04-18T00:00:00Z,13.72000000,13.85000000,13.14000000,13.20000000,1521327.84000000
2022-04-18T08:00:00Z,13.20000000,13.57000000,13.18000000,13.31000000,1194984.84000000
2022-04-18T16:00:00Z,13.31000000,14.06000000,13.21000000,14.06000000,1223753.90000000
2022-04-19T00:00:00Z,14.06000000,14.21000000,13.84000000,13.90000000,551520.19000000
2022-04-19T08:00:00Z,13.89000000,14.42000000,13.83000000,14.29000000,1002853.61000000
2022-04-19T16:00:00Z,14.30000000,14.37000000,14.02000000,14.24000000,715202.11000000
2022-04-20T00:00:00Z,14.24000000,14.42000000,14.02000000,14.29000000,664570.73000000
2022-04-20T08:00:00Z,14.28000000,14.50000000,13.83000000,13.91000000,1721649.12000000
2022-04-20T16:00:00Z,13.92000000,14.12000000,13.70000000,14.02000000,873105.07000000
2022-04-21T00:00:00Z,14.02000000,14.26000000,13.91000000,14.07000000,655629.94000000
2022-04-21T08:00:00Z,14.06000000,14.37000000,13.90000000,14.10000000,1032337.42000000
2022-04-21T16:00:00Z,14.09000000,14.13000000,13.34000000,13.57000000,1294944.23000000
2022-04-22T00:00:00Z,13.57000000,13.88000000,13.50000000,13.82000000,775865.18000000
2022-04-22T08:00:00Z,13.82000000,13.85000000,13.47000000,13.52000000,972624.69000000
2022-04-22T16:00:00Z,13.52000000,13.85000000,13.47000000,13.58000000,710094.38000000
2022-04-23T00:00:00Z,13.58000000,13.68000000,13.27000000,13.49000000,595714.56000000
2022-04-23T08:00:00Z,13.49000000,13.63000000,13.44000000,13.55000000,408009.13000000
2022-04-23T16:00:00Z,13.56000000,13.62000000,13.18000000,13.31000000,562577.67000000
2022-04-24T00:00:00Z,13.32000000,13.63000000,13.30000000,13.52000000,402111.99000000
2022-04-24T08:00:00Z,13.52000000,13.55000000,13.27000000,13.45000000,498949.79000000
2022-04-24T16:00:00Z,13.46000000,13.49000000,13.21000000,13.26000000,908905.00000000
2022-04-25T00:00:00Z,13.27000000,13.30000000,12.54000000,12.59000000,1790204.37000000
2022-04-25T08:00:00Z,12.58000000,13.20000000,12.53000000,12.99000000,1405407.18000000
2022-04-25T16:00:00Z,12.98000000,13.51000000,12.96000000,13.44000000,962791.85000000
2022-04-26T00:00:00Z,13.44000000,13.51000000,13.25000000,13.35000000,678218.99000000
2022-04-26T08:00:00Z,13.35000000,13.48000000,12.63000000,12.66000000,1120179.81000000
2022-04-26T16:00:00Z,12.65000000,12.79000000,12.14000000,12.37000000,1485316.42000000
2022-04-27T00:00:00Z,12.36000000,12.70000000,12.30000000,12.70000000,813359.96000000
2022-04-27T08:00:00Z,12.71000000,12.76000000,12.36000000,12.61000000,1507006.09000000
2022-04-27T16:00:00Z,12.62000000,12.80000000,12.51000000,12.74000000,882421.46000000
2022-04-28T00:00:00Z,12.74000000,12.84000000,12.56000000,12.77000000,777699.72000000
2022-04-28T08:00:00Z,12.77000000,12.99000000,12.40000000,12.51000000,1768949.93000000
2022-04-28T16:00:00Z,12.51000000,12.80000000,12.41000000,12.66000000,1121696.69000000
2022-04-29T00:00:00Z,12.66000000,12.73000000,12.44000000,12.63000000,651249.49000000
2022-04-29T08:00:00Z,12.62000000,12.64000000,12.09000000,12.31000000,1247847.01000000
2022-04-29T16:00:00Z,12.31000000,12.31000000,11.83000000,11.97000000,1151369.27000000
2022-04-30T00:00:00Z,11.98000000,12.25000000,11.94000000,12.11000000,552014.28000000
2022-04-30T08:00:00Z,12.11000000,12.14000000,11.64000000,11.80000000,870395.95000000
2022-04-30T16:00:00Z,11.80000000,11.85000000,10.65000000,10.95000000,2913915.36000000
2022-05-01T00:00:00Z,10.96000000,11.24000000,10.81000000,11.10000000,1737954.73000000
2022-05-01T08:00:00Z,11.10000000,11.38000000,10.97000000,11.32000000,978043.07000000
2022-05-01T16:00:00Z,11.32000000,11.50000000,10.90000000,11.31000000,1304106.17000000
2022-05-02T00:00:00Z,11.30000000,11.45000000,11.18000000,11.25000000,904663.32000000
2022-05-02T08:00:00Z,11.25000000,11.29000000,10.87000000,11.19000000,1658438.57000000
2022-05-02T16:00:00Z,11.18000000,11.39000000,10.77000000,11.17000000,1374645.06000000
2022-05-03T00:00:00Z,11.17000000,11.36000000,11.05000000,11.33000000,869203.23000000
2022-05-03T08:00:00Z,11.34000000,11.50000000,11.14000000,11.25000000,1484333.30000000
2022-05-03T16:00:00Z,11.24000000,11.29000000,10.80000000,11.12000000,1506744.25000000
2022-05-04T00:00:00Z,11.13000000,11.35000000,11.08000000,11.33000000,869899.91000000
2022-05-04T08:00:00Z,11.34000000,11.53000000,11.11000000,11.23000000,1388576.76000000
2022-05-04T16:00:00Z,11.22000000,12.23000000,11.16000000,12.20000000,2503590.42000000
2022-05-05T00:00:00Z,12.20000000,12.29000000,11.91000000,12.00000000,982805.33000000
2022-05-05T08:00:00Z,11.99000000,12.08000000,10.81000000,10.91000000,2684039.28000000
2022-05-05T16:00:00Z,10.90000000,11.05000000,10.63000000,10.91000000,2679497.19000000
2022-05-06T00:00:00Z,10.91000000,11.03000000,10.63000000,10.83000000,1375722.11000000
2022-05-06T08:00:00Z,10.83000000,10.93000000,10.40000000,10.70000000,2633211.00100000
2022-05-06T16:00:00Z,10.70000000,10.88000000,10.58000000,10.79000000,1318808.46000000
2022-05-07T00:00:00Z,10.78000000,10.84000000,10.53000000,10.74000000,656671.56000000
2022-05-07T08:00:00Z,10.74000000,10.84000000,10.65000000,10.72000000,610098.43000000
2022-05-07T16:00:00Z,10.73000000,10.75000000,10.00000000,10.21000000,1374260.00400000
2022-05-08T00:00:00Z,10.21000000,10.31000000,9.88000000,10.16000000,1427711.41000000
2022-05-08T08:00:00Z,10.16000000,10.38000000,9.98000000,10.09000000,1178652.81000000
2022-05-08T16:00:00Z,10.08000000,10.27000000,9.84000000,10.00000000,1415087.84200000
2022-05-09T00:00:00Z,10.00000000,10.16000000,9.59000000,9.68000000,1792626.35000000
2022-05-09T08:00:00Z,9.68000000,9.75000000,9.00000000,9.11000000,3683684.74100000
2022-05-09T16:00:00Z,9.12000000,9.19000000,8.01000000,8.10000000,5622438.39900000
2022-05-10T00:00:00Z,8.10000000,9.16000000,7.89000000,8.82000000,7310841.18800000
2022-05-10T08:00:00Z,8.81000000,9.33000000,8.67000000,8.91000000,3640634.79000000
2022-05-10T16:00:00Z,8.91000000,9.12000000,8.21000000,8.59000000,3034249.07000000
2022-05-11T00:00:00Z,8.58000000,8.85000000,7.89000000,8.15000000,4567050.34000000
2022-05-11T08:00:00Z,8.14000000,8.73000000,6.92000000,7.67000000,9092914.95100000
2022-05-11T16:00:00Z,7.67000000,7.76000000,6.54000000,6.95000000,5034700.60000000
2022-05-12T00:00:00Z,6.95000000,7.43000000,5.53000000,6.17000000,11460028.06500000
2022-05-12T08:00:00Z,6.17000000,6.89000000,5.98000000,6.54000000,5836115.73000000
2022-05-12T16:00:00Z,6.55000000,6.99000000,6.29000000,6.56000000,3353486.17000000
2022-05-13T00:00:00Z,6.57000000,7.50000000,6.48000000,7.11000000,4033482.29000000
2022-05-13T08:00:00Z,7.12000000,7.71000000,7.12000000,7.30000000,3301622.91000000
2022-05-13T16:00:00Z,7.31000000,7.80000000,7.02000000,7.15000000,2417413.10000000
2022-05-14T00:00:00Z,7.14000000,7.44000000,6.98000000,7.01000000,1918705.17000000
2022-05-14T08:00:00Z,7.02000000,7.14000000,6.64000000,6.68000000,1980543.59000000
2022-05-14T16:00:00Z,6.67000000,7.32000000,6.65000000,7.26000000,1762582.77000000
2022-05-15T00:00:00Z,7.26000000,7.38000000,7.01000000,7.25000000,1261073.80000000
2022-05-15T08:00:00Z,7.25000000,7.68000000,7.11000000,7.53000000,2005006.16000000
2022-05-15T16:00:00Z,7.53000000,7.99000000,7.50000000,7.96000000,1788517.39000000
2022-05-16T00:00:00Z,7.97000000,7.97000000,7.16000000,7.29000000,2577882.81000000
2022-05-16T08:00:00Z,7.29000000,7.55000000,7.16000000,7.34000000,3196716.59000000
2022-05-16T16:00:00Z,7.35000000,7.62000000,7.22000000,7.42000000,1907911.54000000
2022-05-17T00:00:00Z,7.42000000,7.85000000,7.39000000,7.70000000,1487482.71000000
2022-05-17T08:00:00Z,7.71000000,7.98000000,7.53000000,7.61000000,2049518.22000000
2022-05-17T16:00:00Z,7.60000000,7.77000000,7.30000000,7.72000000,1750315.96000000
2022-05-18T00:00:00Z,7.72000000,7.81000000,7.41000000,7.50000000,1060514.66000000
2022-05-18T08:00:00Z,7.50000000,7.55000000,6.92000000,6.96000000,2415559.53000000
2022-05-18T16:00:00Z,6.96000000,7.12000000,6.78000000,6.81000000,1974393.94000000
2022-05-19T00:00:00Z,6.81000000,6.98000000,6.64000000,6.84000000,1970268.27000000
2022-05-19T08:00:00Z,6.83000000,7.26000000,6.68000000,7.21000000,2576420.48000000
2022-05-19T16:00:00Z,7.22000000,7.26000000,7.02000000,7.22000000,1345106.38000000
2022-05-20T00:00:00Z,7.23000000,7.37000000,6.95000000,7.06000000,1692636.36000000
2022-05-20T08:00:00Z,7.05000000,7.32000000,6.84000000,6.85000000,2284850.27000000
2022-05-20T16:00:00Z,6.86000000,7.01000000,6.75000000,6.87000000,1348929.07000000
2022-05-21T00:00:00Z,6.86000000,7.05000000,6.77000000,7.01000000,858478.99000000
2022-05-21T08:00:00Z,7.01000000,7.08000000,6.93000000,7.07000000,760696.09000000
2022-05-21T16:00:00Z,7.06000000,7.12000000,6.99000000,7.06000000,546302.53000000
2022-05-22T00:00:00Z,7.05000000,7.11000000,6.92000000,7.04000000,668025.61000000
2022-05-22T08:00:00Z,7.04000000,7.41000000,7.03000000,7.24000000,3957376.07000000
2022-05-22T16:00:00Z,7.25000000,7.41000000,7.17000000,7.33000000,900420.76000000
2022-05-23T00:00:00Z,7.32000000,7.54000000,7.20000000,7.52000000,1062019.80000000
2022-05-23T08:00:00Z,7.51000000,7.63000000,7.42000000,7.57000000,1991531.73000000
2022-05-23T16:00:00Z,7.58000000,7.68000000,6.98000000,7.02000000,2082584.68000000
2022-05-24T00:00:00Z,7.03000000,7.13000000,6.98000000,7.11000000,946779.53000000
2022-05-24T08:00:00Z,7.11000000,7.81000000,6.72000000,7.08000000,3458408.31000000
2022-05-24T16:00:00Z,7.07000000,7.31000000,6.92000000,7.23000000,1592585.20000000
2022-05-25T00:00:00Z,7.23000000,7.40000000,7.11000000,7.13000000,1361947.13000000
2022-05-25T08:00:00Z,7.13000000,7.21000000,6.96000000,7.06000000,2087801.49000000
2022-05-25T16:00:00Z,7.07000000,7.11000000,6.94000000,6.96000000,1289168.53000000
2022-05-26T00:00:00Z,6.96000000,7.09000000,6.71000000,6.84000000,1303245.60000000
2022-05-26T08:00:00Z,6.83000000,6.86000000,6.22000000,6.71000000,3255515.01000000
2022-05-26T16:00:00Z,6.72000000,6.89000000,6.56000000,6.57000000,1452800.45000000
2022-05-27T00:00:00Z,6.57000000,6.65000000,6.23000000,6.45000000,2453259.61000000
2022-05-27T08:00:00Z,6.46000000,6.71000000,6.39000000,6.48000000,2242698.12000000
2022-05-27T16:00:00Z,6.48000000,6.50000000,6.20000000,6.29000000,1707744.06000000
2022-05-28T00:00:00Z,6.29000000,6.48000000,6.21000000,6.40000000,1242765.35000000
2022-05-28T08:00:00Z,6.41000000,6.58000000,6.34000000,6.55000000,1176395.92000000
2022-05-28T16:00:00Z,6.55000000,6.66000000,6.41000000,6.58000000,1178252.73000000
2022-05-29T00:00:00Z,6.58000000,6.58000000,6.34000000,6.45000000,780624.03000000
2022-05-29T08:00:00Z,6.45000000,6.75000000,6.44000000,6.65000000,955798.64000000
2022-05-29T16:00:00Z,6.66000000,6.73000000,6.62000000,6.71000000,758753.38000000
2022-05-30T00:00:00Z,6.72000000,7.29000000,6.65000000,7.27000000,2229831.69000000
2022-05-30T08:00:00Z,7.26000000,7.32000000,7.05000000,7.19000000,1732256.86000000
2022-05-30T16:00:00Z,7.18000000,7.52000000,7.14000000,7.46000000,2001998.24000000
2022-05-31T00:00:00Z,7.45000000,7.64000000,7.37000000,7.47000000,1629276.78000000
2022-05-31T08:00:00Z,7.46000000,7.63000000,7.18000000,7.60000000,1868586.39000000
2022-05-31T16:00:00Z,7.59000000,7.73000000,7.35000000,7.59000000,1758346.74000000
2022-06-01T00:00:00Z,7.59000000,7.77000000,7.41000000,7.46000000,1562073.20000000
2022-06-01T08:00:00Z,7.47000000,7.66000000,7.19000000,7.20000000,2339872.01000000
2022-06-01T16:00:00Z,7.20000000,7.22000000,6.75000000,6.93000000,2534569.82000000
2022-06-02T00:00:00Z,6.93000000,7.02000000,6.81000000,6.95000000,1093203.24000000
2022-06-02T08:00:00Z,6.96000000,7.09000000,6.82000000,7.02000000,1661344.21000000
2022-06-02T16:00:00Z,7.02000000,7.25000000,6.99000000,7.19000000,1092002.49000000
2022-06-03T00:00:00Z,7.19000000,7.22000000,7.00000000,7.02000000,923301.25000000
2022-06-03T08:00:00Z,7.02000000,7.04000000,6.69000000,6.84000000,2175740.05000000
2022-06-03T16:00:00Z,6.83000000,6.94000000,6.76000000,6.85000000,639865.90000000
2022-06-04T00:00:00Z,6.86000000,6.90000000,6.68000000,6.89000000,705862.83000000
2022-06-04T08:00:00Z,6.89000000,7.01000000,6.74000000,6.99000000,731347.49000000
2022-06-04T16:00:00Z,6.98000000,7.44000000,6.92000000,7.40000000,1569825.67000000
2022-06-05T00:00:00Z,7.41000000,7.48000000,7.28000000,7.28000000,1316996.69000000
2022-06-05T08:00:00Z,7.28000000,7.58000000,7.25000000,7.56000000,1483731.02000000
2022-06-05T16:00:00Z,7.56000000,7.89000000,7.47000000,7.64000000,2404154.45000000
2022-06-06T00:00:00Z,7.64000000,8.09000000,7.62000000,7.92000000,2787809.44000000
2022-06-06T08:00:00Z,7.93000000,8.20000000,7.77000000,7.90000000,2619307.15000000
2022-06-06T16:00:00Z,7.91000000,8.00000000,7.71000000,7.97000000,1398572.35000000
2022-06-07T00:00:00Z,7.98000000,7.98000000,7.31000000,7.69000000,2474846.56000000
2022-06-07T08:00:00Z,7.69000000,7.85000000,7.42000000,7.78000000,1628808.36000000
2022-06-07T16:00:00Z,7.78000000,9.00000000,7.71000000,8.71000000,7346260.11000000
2022-06-08T00:00:00Z,8.72000000,8.85000000,8.23000000,8.41000000,5628435.66000000
2022-06-08T08:00:00Z,8.41000000,8.71000000,8.25000000,8.56000000,3524871.46000000
2022-06-08T16:00:00Z,8.56000000,9.00000000,8.43000000,8.70000000,3597922.77000000
2022-06-09T00:00:00Z,8.71000000,8.86000000,8.49000000,8.81000000,2274680.76000000
2022-06-09T08:00:00Z,8.80000000,9.56000000,8.69000000,9.45000000,6396838.41000000
2022-06-09T16:00:00Z,9.44000000,9.64000000,9.11000000,9.27000000,3479899.96000000
2022-06-10T00:00:00Z,9.27000000,9.54000000,9.02000000,9.06000000,2963912.22000000
2022-06-10T08:00:00Z,9.06000000,9.12000000,8.41000000,8.62000000,5918607.27000000
2022-06-10T16:00:00Z,8.62000000,8.63000000,8.00000000,8.04000000,3670734.49000000
2022-06-11T00:00:00Z,8.04000000,8.42000000,8.02000000,8.25000000,1945391.42000000
2022-06-11T08:00:00Z,8.26000000,8.28000000,7.04000000,7.15000000,7306881.93000000
2022-06-11T16:00:00Z,7.15000000,7.33000000,6.94000000,7.04000000,2827279.24000000
2022-06-12T00:00:00Z,7.04000000,7.14000000,6.45000000,6.76000000,3645594.53000000
2022-06-12T08:00:00Z,6.77000000,7.14000000,6.49000000,7.02000000,3719658.36000000
2022-06-12T16:00:00Z,7.02000000,7.05000000,6.25000000,6.27000000,3393133.94000000
2022-06-13T00:00:00Z,6.26000000,6.35000000,5.56000000,5.67000000,8695964.17000000
2022-06-13T08:00:00Z,5.67000000,5.83000000,5.30000000,5.73000000,9360253.80000000
2022-06-13T16:00:00Z,5.73000000,6.26000000,5.61000000,5.93000000,5647735.70000000
2022-06-14T00:00:00Z,5.92000000,6.47000000,5.39000000,6.39000000,9928643.71000000
2022-06-14T08:00:00Z,6.40000000,6.47000000,5.98000000,6.41000000,5669285.07000000
2022-06-14T16:00:00Z,6.40000000,6.88000000,6.25000000,6.74000000,6597214.94000000
2022-06-15T00:00:00Z,6.73000000,6.91000000,6.12000000,6.22000000,7027601.74000000
2022-06-15T08:00:00Z,6.21000000,6.59000000,5.83000000,6.46000000,9440388.96000000
2022-06-15T16:00:00Z,6.45000000,7.38000000,6.05000000,7.33000000,12336910.44000000
2022-06-16T00:00:00Z,7.33000000,7.51000000,6.63000000,6.69000000,4315568.06000000
2022-06-16T08:00:00Z,6.70000000,6.79000000,6.20000000,6.58000000,7937576.12000000
2022-06-16T16:00:00Z,6.58000000,6.83000000,6.24000000,6.36000000,4532623.94000000
2022-06-17T00:00:00Z,6.36000000,6.74000000,6.26000000,6.58000000,3324784.79000000
2022-06-17T08:00:00Z,6.59000000,6.64000000,6.29000000,6.43000000,3039171.27000000
2022-06-17T16:00:00Z,6.42000000,6.49000000,6.31000000,6.36000000,1680189.21000000
2022-06-18T00:00:00Z,6.36000000,6.47000000,5.71000000,5.79000000,5033913.58000000
2022-06-18T08:00:00Z,5.80000000,5.97000000,5.65000000,5.75000000,4785084.33000000
2022-06-18T16:00:00Z,5.74000000,6.04000000,5.41000000,5.92000000,6129949.74000000
2022-06-19T00:00:00Z,5.92000000,6.23000000,5.83000000,6.07000000,3517330.69000000
2022-06-19T08:00:00Z,6.07000000,6.46000000,6.02000000,6.43000000,3482919.71000000
2022-06-19T16:00:00Z,6.43000000,6.82000000,6.31000000,6.60000000,2867528.88000000
2022-06-20T00:00:00Z,6.60000000,6.66000000,6.31000000,6.40000000,2156256.49000000
2022-06-20T08:00:00Z,6.40000000,7.29000000,6.39000000,7.12000000,5285649.58000000
2022-06-20T16:00:00Z,7.12000000,7.16000000,6.76000000,6.98000000,2724025.94000000
2022-06-21T00:00:00Z,6.98000000,7.45000000,6.83000000,7.30000000,2915439.66000000
2022-06-21T08:00:00Z,7.30000000,7.57000000,7.19000000,7.33000000,3387494.56000000
2022-06-21T16:00:00Z,7.33000000,7.45000000,6.75000000,6.86000000,3160728.31000000
2022-06-22T00:00:00Z,6.86000000,6.95000000,6.56000000,6.64000000,2825202.02000000
2022-06-22T08:00:00Z,6.64000000,7.03000000,6.58000000,6.71000000,2811068.47000000
2022-06-22T16:00:00Z,6.72000000,6.80000000,6.44000000,6.63000000,2877330.67000000
2022-06-23T00:00:00Z,6.62000000,7.06000000,6.61000000,6.91000000,2457588.61000000
2022-06-23T08:00:00Z,6.90000000,7.09000000,6.69000000,6.76000000,2442266.80000000
2022-06-23T16:00:00Z,6.77000000,7.05000000,6.66000000,6.99000000,1772604.79000000
2022-06-24T00:00:00Z,6.99000000,7.26000000,6.95000000,7.07000000,1886746.55000000
2022-06-24T08:00:00Z,7.07000000,7.32000000,6.99000000,7.07000000,2683135.28000000
2022-06-24T16:00:00Z,7.06000000,7.44000000,6.96000000,7.26000000,1896895.66000000
2022-06-25T00:00:00Z,7.27000000,7.38000000,7.11000000,7.34000000,1413695.89000000
2022-06-25T08:00:00Z,7.34000000,7.37000000,6.79000000,6.84000000,2206536.88000000
2022-06-25T16:00:00Z,6.83000000,7.31000000,6.82000000,7.26000000,2030886.34000000
2022-06-26T00:00:00Z,7.27000000,7.34000000,7.11000000,7.22000000,949183.86000000
2022-06-26T08:00:00Z,7.23000000,7.49000000,6.97000000,7.06000000,2448049.56000000
2022-06-26T16:00:00Z,7.06000000,7.19000000,6.68000000,6.70000000,2203548.73000000
2022-06-27T00:00:00Z,6.70000000,6.96000000,6.66000000,6.92000000,1571330.95000000
2022-06-27T08:00:00Z,6.93000000,6.99000000,6.55000000,6.60000000,2374914.70000000
2022-06-27T16:00:00Z,6.59000000,6.69000000,6.41000000,6.55000000,2555090.46000000
2022-06-28T00:00:00Z,6.56000000,6.66000000,6.30000000,6.58000000,1466147.48000000
2022-06-28T08:00:00Z,6.58000000,7.26000000,6.52000000,6.54000000,6869084.03000000
2022-06-28T16:00:00Z,6.54000000,6.62000000,6.27000000,6.32000000,2322393.19000000
2022-06-29T00:00:00Z,6.32000000,6.49000000,6.18000000,6.35000000,2051999.23000000
2022-06-29T08:00:00Z,6.35000000,6.48000000,6.19000000,6.35000000,2596665.41000000
2022-06-29T16:00:00Z,6.34000000,6.45000000,6.13000000,6.23000000,2309969.21000000
2022-06-30T00:00:00Z,6.23000000,6.30000000,5.99000000,6.05000000,2058541.30000000
2022-06-30T08:00:00Z,6.05000000,6.18000000,5.88000000,6.09000000,2687290.03000000
2022-06-30T16:00:00Z,6.09000000,6.32000000,5.92000000,6.27000000,1958939.80000000
2022-07-01T00:00:00Z,6.27000000,6.43000000,5.99000000,6.11000000,3157153.81000000
2022-07-01T08:00:00Z,6.12000000,6.17000000,5.93000000,6.01000000,2086143.19000000
2022-07-01T16:00:00Z,6.01000000,6.24000000,5.99000000,6.08000000,1301204.16000000
2022-07-02T00:00:00Z,6.07000000,6.17000000,5.98000000,6.11000000,1029386.54000000
2022-07-02T08:00:00Z,6.11000000,6.22000000,6.03000000,6.11000000,1021458.02000000
2022-07-02T16:00:00Z,6.11000000,6.29000000,6.10000000,6.22000000,718983.88000000
2022-07-03T00:00:00Z,6.23000000,6.23000000,6.01000000,6.10000000,1151702.32000000
2022-07-03T08:00:00Z,6.11000000,6.14000000,6.02000000,6.07000000,713511.22000000
2022-07-03T16:00:00Z,6.07000000,6.25000000,6.05000000,6.22000000,911853.46000000
2022-07-04T00:00:00Z,6.22000000,6.25000000,6.02000000,6.10000000,950805.91000000
2022-07-04T08:00:00Z,6.10000000,6.40000000,6.07000000,6.26000000,2116673.35000000
2022-07-04T16:00:00Z,6.27000000,6.46000000,6.24000000,6.43000000,1453126.79000000
2022-07-05T00:00:00Z,6.43000000,6.56000000,6.31000000,6.45000000,1705230.84000000
2022-07-05T08:00:00Z,6.46000000,6.46000000,6.06000000,6.14000000,2214525.47000000
2022-07-05T16:00:00Z,6.15000000,6.45000000,6.11000000,6.31000000,1894911.79000000
2022-07-06T00:00:00Z,6.31000000,6.41000000,6.17000000,6.31000000,1518683.47000000
2022-07-06T08:00:00Z,6.31000000,6.38000000,6.20000000,6.24000000,1355430.30000000
2022-07-06T16:00:00Z,6.24000000,6.42000000,6.22000000,6.34000000,1082578.05000000
2022-07-07T00:00:00Z,6.34000000,6.44000000,6.31000000,6.40000000,907850.94000000
2022-07-07T08:00:00Z,6.41000000,6.69000000,6.39000000,6.60000000,1916863.23000000
2022-07-07T16:00:00Z,6.61000000,6.76000000,6.55000000,6.64000000,1650800.64000000
2022-07-08T00:00:00Z,6.64000000,6.84000000,6.53000000,6.57000000,1804902.70000000
2022-07-08T08:00:00Z,6.57000000,6.60000000,6.33000000,6.42000000,2753879.99000000
2022-07-08T16:00:00Z,6.42000000,6.51000000,6.34000000,6.36000000,1556255.10000000
2022-07-09T00:00:00Z,6.35000000,6.51000000,6.34000000,6.48000000,895955.75000000
2022-07-09T08:00:00Z,6.48000000,6.53000000,6.38000000,6.43000000,887121.15000000
2022-07-09T16:00:00Z,6.44000000,6.59000000,6.43000000,6.48000000,904526.48000000
2022-07-10T00:00:00Z,6.49000000,6.49000000,6.32000000,6.36000000,1197676.89000000
2022-07-10T08:00:00Z,6.35000000,6.38000000,6.12000000,6.16000000,1253590.72000000
2022-07-10T16:00:00Z,6.16000000,6.22000000,6.10000000,6.20000000,921804.32000000
2022-07-11T00:00:00Z,6.20000000,6.29000000,6.05000000,6.28000000,1497138.77000000
2022-07-11T08:00:00Z,6.27000000,6.34000000,6.15000000,6.30000000,1406978.65000000
2022-07-11T16:00:00Z,6.31000000,6.43000000,5.98000000,6.04000000,1972340.50000000
2022-07-12T00:00:00Z,6.05000000,6.23000000,6.00000000,6.17000000,1347023.33000000
2022-07-12T08:00:00Z,6.16000000,6.22000000,6.04000000,6.17000000,1061600.62000000
2022-07-12T16:00:00Z,6.18000000,6.24000000,5.92000000,5.94000000,1378850.68000000
2022-07-13T00:00:00Z,5.95000000,6.12500000,5.92000000,6.10700000,991185.80000000
2022-07-13T08:00:00Z,6.10600000,6.17100000,5.70000000,5.93500000,4140787.21000000
2022-07-13T16:00:00Z,5.93500000,6.19000000,5.89000000,6.17500000,1649577.55000000
2022-07-14T00:00:00Z,6.17600000,6.29000000,6.11200000,6.13700000,2452303.69000000
2022-07-14T08:00:00Z,6.13700000,6.25000000,5.99300000,6.22000000,1869784.77000000
2022-07-14T16:00:00Z,6.22000000,6.38700000,6.17900000,6.27500000,2737264.53000000
2022-07-15T00:00:00Z,6.27500000,6.36800000,6.20700000,6.28800000,2927615.01000000
2022-07-15T08:00:00Z,6.28800000,6.39000000,6.20500000,6.22700000,3562539.15000000
2022-07-15T16:00:00Z,6.22600000,6.45700000,6.12100000,6.32500000,3499396.99000000
2022-07-16T00:00:00Z,6.32500000,6.36900000,6.14200000,6.16700000,2201044.05000000
2022-07-16T08:00:00Z,6.16600000,6.32500000,6.15900000,6.32200000,1367395.70000000
2022-07-16T16:00:00Z,6.32200000,6.61800000,6.31900000,6.59500000,3295603.74000000
2022-07-17T00:00:00Z,6.59600000,6.71500000,6.45200000,6.59800000,1860763.60000000
2022-07-17T08:00:00Z,6.59600000,6.64700000,6.41200000,6.44900000,1756823.16000000
2022-07-17T16:00:00Z,6.45000000,6.53400000,6.32000000,6.34700000,1728264.85000000
2022-07-18T00:00:00Z,6.34700000,6.81500000,6.32900000,6.78200000,2942107.51000000
2022-07-18T08:00:00Z,6.78200000,7.14900000,6.76200000,7.12500000,4276116.21000000
2022-07-18T16:00:00Z,7.12200000,7.13100000,6.71200000,7.03700000,3187657.12000000
2022-07-19T00:00:00Z,7.03700000,7.22800000,6.73400000,6.83000000,4413615.30000000
2022-07-19T08:00:00Z,6.83100000,7.20600000,6.81000000,7.15000000,3695598.58000000
2022-07-19T16:00:00Z,7.15100000,7.37000000,7.12000000,7.25400000,3548186.35000000
2022-07-20T00:00:00Z,7.25500000,7.58100000,7.15000000,7.35500000,3489617.37000000
2022-07-20T08:00:00Z,7.35500000,7.49600000,7.21300000,7.32800000,2849282.51000000
2022-07-20T16:00:00Z,7.32800000,7.34300000,6.83000000,6.86700000,3278654.33000000
2022-07-21T00:00:00Z,6.86700000,6.95200000,6.64500000,6.80500000,2106135.94000000
2022-07-21T08:00:00Z,6.80700000,6.92700000,6.69100000,6.84100000,2076369.48000000
2022-07-21T16:00:00Z,6.84000000,7.05500000,6.83200000,6.99400000,2186318.63000000
2022-07-22T00:00:00Z,6.99400000,7.14000000,6.90900000,7.03500000,2090570.62000000
2022-07-22T08:00:00Z,7.03600000,7.28500000,6.94100000,6.96200000,3042178.75000000
2022-07-22T16:00:00Z,6.96200000,7.04100000,6.74400000,6.78200000,1861474.25000000
2022-07-23T00:00:00Z,6.78300000,7.00200000,6.70800000,6.96700000,1140513.15000000
2022-07-23T08:00:00Z,6.96700000,7.03000000,6.63200000,6.74400000,1668037.73000000
2022-07-23T16:00:00Z,6.74300000,6.89700000,6.60800000,6.84400000,1424163.94000000
2022-07-24T00:00:00Z,6.84400000,7.08600000,6.84100000,7.02400000,1494191.01000000
2022-07-24T08:00:00Z,7.02300000,7.16600000,6.94400000,7.10600000,1821628.92000000
2022-07-24T16:00:00Z,7.10400000,7.24700000,7.00500000,7.09400000,1678798.69000000
2022-07-25T00:00:00Z,7.09300000,7.14500000,6.67100000,6.80900000,2061023.74000000
2022-07-25T08:00:00Z,6.80900000,6.84400000,6.65300000,6.76800000,1451391.49000000
2022-07-25T16:00:00Z,6.76900000,6.82700000,6.41100000,6.43100000,2632047.80000000
2022-07-26T00:00:00Z,6.43100000,6.44800000,6.26800000,6.28600000,2127960.88000000
2022-07-26T08:00:00Z,6.28700000,6.36000000,6.13700000,6.15000000,1654126.10000000
2022-07-26T16:00:00Z,6.15100000,6.35500000,6.07700000,6.34100000,1718876.89000000
2022-07-27T00:00:00Z,6.34100000,6.37400000,6.18700000,6.33200000,1194426.03000000
2022-07-27T08:00:00Z,6.33200000,6.37700000,6.21000000,6.34500000,1199050.22000000
2022-07-27T16:00:00Z,6.34500000,6.86900000,6.26400000,6.86000000,3032665.43000000
2022-07-28T00:00:00Z,6.86000000,6.96500000,6.78400000,6.81100000,1694291.93000000
2022-07-28T08:00:00Z,6.81100000,7.13000000,6.67700000,7.06800000,2795640.57000000
2022-07-28T16:00:00Z,7.06900000,7.29500000,7.04700000,7.21700000,2369396.68000000
2022-07-29T00:00:00Z,7.21800000,7.79700000,7.11000000,7.59400000,4097954.23000000
2022-07-29T08:00:00Z,7.59500000,8.08900000,7.38500000,7.91100000,5083345.34000000
2022-07-29T16:00:00Z,7.91300000,8.11800000,7.71600000,7.88300000,3588539.08000000
2022-07-30T00:00:00Z,7.88300000,8.11000000,7.66800000,7.84100000,2661764.70000000
2022-07-30T08:00:00Z,7.84200000,8.21000000,7.70100000,8.19500000,3020168.27000000
2022-07-30T16:00:00Z,8.19500000,8.19600000,7.70300000,7.82000000,2692905.86000000
2022-07-31T00:00:00Z,7.82000000,8.09200000,7.75100000,7.79700000,1748148.26000000
2022-07-31T08:00:00Z,7.79600000,7.92900000,7.70100000,7.83600000,1841821.33000000
2022-07-31T16:00:00Z,7.83700000,8.06000000,7.57800000,7.65100000,2595517.70000000
2022-08-01T00:00:00Z,7.65200000,7.88000000,7.58300000,7.70200000,1272049.75000000
2022-08-01T08:00:00Z,7.70300000,7.78100000,7.46400000,7.67300000,2069574.35000000
2022-08-01T16:00:00Z,7.67200000,7.69900000,7.40700000,7.57000000,1791609.70000000
2022-08-02T00:00:00Z,7.57200000,7.66500000,7.02000000,7.16300000,2865610.88000000
2022-08-02T08:00:00Z,7.16300000,7.34500000,7.04500000,7.29600000,2319825.20000000
2022-08-02T16:00:00Z,7.29600000,7.47500000,7.15600000,7.17700000,2004541.02000000
2022-08-03T00:00:00Z,7.17900000,7.44100000,7.05000000,7.42600000,1765850.43000000
2022-08-03T08:00:00Z,7.42500000,7.63800000,7.42500000,7.51800000,1726251.66000000
2022-08-03T16:00:00Z,7.51700000,7.59200000,7.23000000,7.28400000,1045829.11000000
2022-08-04T00:00:00Z,7.28400000,7.54000000,7.26700000,7.38700000,1240663.53000000
2022-08-04T08:00:00Z,7.38800000,7.46900000,7.25600000,7.35400000,1578914.13000000
2022-08-04T16:00:00Z,7.35600000,7.40100000,7.17600000,7.36400000,1085195.67000000
2022-08-05T00:00:00Z,7.36400000,7.80100000,7.34800000,7.70800000,1575665.79000000
2022-08-05T08:00:00Z,7.70900000,7.90000000,7.63800000,7.71700000,2362933.20000000
2022-08-05T16:00:00Z,7.71700000,7.89000000,7.58500000,7.87800000,1305301.94000000
2022-08-06T00:00:00Z,7.88000000,7.98100000,7.76200000,7.95000000,1191175.45000000
2022-08-06T08:00:00Z,7.95000000,8.11000000,7.86700000,7.88100000,1231451.45000000
2022-08-06T16:00:00Z,7.88000000,7.89700000,7.73500000,7.79200000,788174.50000000
2022-08-07T00:00:00Z,7.79200000,7.85600000,7.65800000,7.74100000,1058581.94000000
2022-08-07T08:00:00Z,7.74600000,7.89100000,7.68500000,7.84400000,773365.72000000
2022-08-07T16:00:00Z,7.84500000,8.37500000,7.83200000,8.34300000,2374837.93000000
2022-08-08T00:00:00Z,8.34300000,8.52800000,8.22400000,8.45500000,2469433.55000000
2022-08-08T08:00:00Z,8.45600000,8.75400000,8.44300000,8.67000000,2715970.00000000
2022-08-08T16:00:00Z,8.67300000,8.78000000,8.38500000,8.60800000,2921092.54000000
2022-08-09T00:00:00Z,8.60500000,8.95300000,8.48500000,8.62200000,2655936.58000000
2022-08-09T08:00:00Z,8.62400000,8.68500000,8.27000000,8.59000000,4095070.76000000
2022-08-09T16:00:00Z,8.58900000,8.90000000,8.51300000,8.74200000,3100005.13000000
2022-08-10T00:00:00Z,8.74000000,8.74100000,8.29700000,8.39400000,2204083.81000000
2022-08-10T08:00:00Z,8.39200000,9.27700000,8.34000000,9.20900000,4190908.25000000
2022-08-10T16:00:00Z,9.21000000,9.30000000,8.97300000,9.05500000,2619483.06000000
2022-08-11T00:00:00Z,9.05600000,9.22700000,8.90400000,8.97000000,2340846.37000000
2022-08-11T08:00:00Z,8.97300000,9.21100000,8.82300000,8.86400000,2179391.29000000
2022-08-11T16:00:00Z,8.86300000,9.15800000,8.85300000,8.95800000,1516432.96000000
2022-08-12T00:00:00Z,8.96000000,9.08700000,8.80000000,9.04900000,1337485.66000000
2022-08-12T08:00:00Z,9.04800000,9.50000000,8.94200000,9.28400000,4856093.08000000
2022-08-12T16:00:00Z,9.28600000,9.36900000,9.12100000,9.32400000,1627710.15000000
2022-08-13T00:00:00Z,9.32600000,9.48200000,9.20000000,9.23500000,1667260.89000000
2022-08-13T08:00:00Z,9.23800000,9.30000000,9.06000000,9.17700000,1488253.07000000
2022-08-13T16:00:00Z,9.17600000,9.21700000,9.08100000,9.14400000,625087.55000000
2022-08-14T00:00:00Z,9.14700000,9.35300000,8.97400000,9.35000000,1286033.18000000
2022-08-14T08:00:00Z,9.35000000,9.36900000,8.86000000,8.99400000,1658177.01000000
2022-08-14T16:00:00Z,8.99400000,9.00300000,8.67700000,8.76500000,1475270.46000000
2022-08-15T00:00:00Z,8.76800000,9.05700000,8.51600000,8.57200000,2410417.70000000
2022-08-15T08:00:00Z,8.57200000,8.85100000,8.50200000,8.78700000,1532732.95000000
2022-08-15T16:00:00Z,8.78700000,8.85500000,8.49300000,8.64600000,1231088.59000000
2022-08-16T00:00:00Z,8.64400000,8.82600000,8.49100000,8.63100000,1374080.53000000
2022-08-16T08:00:00Z,8.63200000,8.71700000,8.37000000,8.52800000,1374080.12000000
2022-08-16T16:00:00Z,8.52800000,8.57700000,8.37800000,8.45200000,709910.42000000
2022-08-17T00:00:00Z,8.45000000,8.74900000,8.43000000,8.44200000,1426614.95000000
2022-08-17T08:00:00Z,8.44200000,8.54900000,8.04400000,8.09100000,2189556.79000000
2022-08-17T16:00:00Z,8.09200000,8.23300000,7.99000000,8.06100000,1432445.13000000
2022-08-18T00:00:00Z,8.06100000,8.20800000,7.94000000,8.19200000,992006.19000000
2022-08-18T08:00:00Z,8.19100000,8.24100000,8.06200000,8.13100000,1038069.63000000
2022-08-18T16:00:00Z,8.12700000,8.13500000,7.61500000,7.64900000,1912471.99000000
2022-08-19T00:00:00Z,7.64700000,7.70100000,7.05000000,7.13000000,4007828.04000000
2022-08-19T08:00:00Z,7.13100000,7.16100000,6.92400000,7.11900000,2476704.99000000
2022-08-19T16:00:00Z,7.11800000,7.21900000,6.81600000,6.89900000,2019151.14000000
2022-08-20T00:00:00Z,6.89800000,7.20700000,6.89000000,7.15400000,1942753.20000000
2022-08-20T08:00:00Z,7.15200000,7.15600000,6.94200000,7.02300000,1277824.06000000
2022-08-20T16:00:00Z,7.02000000,7.03300000,6.66000000,6.90000000,1962947.73000000
2022-08-21T00:00:00Z,6.89900000,7.05300000,6.88000000,7.04300000,866005.00000000
2022-08-21T08:00:00Z,7.04200000,7.17700000,7.00400000,7.04200000,1494116.60000000
2022-08-21T16:00:00Z,7.04300000,7.16900000,6.93700000,7.08200000,1134210.18000000
2022-08-22T00:00:00Z,7.08300000,7.08800000,6.75500000,6.76900000,1144662.27000000
2022-08-22T08:00:00Z,6.76800000,6.89300000,6.68000000,6.88300000,1671029.05000000
2022-08-22T16:00:00Z,6.88200000,7.05100000,6.77700000,7.04400000,901385.96000000
2022-08-23T00:00:00Z,7.04300000,7.13000000,6.77200000,6.94000000,1338085.13000000
2022-08-23T08:00:00Z,6.94000000,7.26200000,6.93800000,7.23700000,1845753.53000000
2022-08-23T16:00:00Z,7.23800000,7.35500000,7.13400000,7.24100000,987599.75000000
2022-08-24T00:00:00Z,7.24300000,7.25000000,7.01600000,7.07200000,1016753.07000000
2022-08-24T08:00:00Z,7.07400000,7.30000000,7.06900000,7.29200000,893306.57000000
2022-08-24T16:00:00Z,7.29300000,7.37600000,7.11100000,7.12400000,767049.78000000
2022-08-25T00:00:00Z,7.12300000,7.37200000,7.11500000,7.35300000,762666.51000000
2022-08-25T08:00:00Z,7.35300000,7.37200000,7.02600000,7.08700000,1607099.37000000
2022-08-25T16:00:00Z,7.08600000,7.17500000,6.99800000,7.12400000,1484603.86000000
2022-08-26T00:00:00Z,7.12500000,7.14600000,6.90100000,6.97800000,959726.09000000
2022-08-26T08:00:00Z,6.97700000,7.18700000,6.71300000,6.76400000,2759281.16000000
2022-08-26T16:00:00Z,6.76600000,6.77800000,6.40400000,6.50400000,2163858.75000000
2022-08-27T00:00:00Z,6.50100000,6.60800000,6.41500000,6.60100000,1425845.18000000
2022-08-27T08:00:00Z,6.60500000,6.61400000,6.43900000,6.50300000,920426.98000000
2022-08-27T16:00:00Z,6.50400000,6.56900000,6.41400000,6.52900000,915563.47000000
2022-08-28T00:00:00Z,6.53100000,6.57200000,6.43100000,6.54200000,757114.74000000
2022-08-28T08:00:00Z,6.54100000,6.58400000,6.41100000,6.57800000,1066424.47000000
2022-08-28T16:00:00Z,6.57900000,6.63400000,6.22600000,6.25500000,1587043.33000000
2022-08-29T00:00:00Z,6.25500000,6.40900000,6.20000000,6.34900000,1109381.07000000
2022-08-29T08:00:00Z,6.35300000,6.64800000,6.31200000,6.56400000,1352162.94000000
2022-08-29T16:00:00Z,6.56500000,6.73400000,6.52300000,6.70000000,1035505.42000000
2022-08-30T00:00:00Z,6.69900000,6.82700000,6.60700000,6.78600000,952234.89000000
2022-08-30T08:00:00Z,6.78600000,6.81600000,6.45000000,6.51500000,1371850.34000000
2022-08-30T16:00:00Z,6.51400000,6.66600000,6.36600000,6.55600000,1202033.48000000
2022-08-31T00:00:00Z,6.55800000,6.90000000,6.55700000,6.75100000,1130740.19000000
2022-08-31T08:00:00Z,6.75200000,6.86000000,6.59100000,6.68800000,1321149.60000000
2022-08-31T16:00:00Z,6.68700000,6.76300000,6.54500000,6.62700000,1293402.94000000
2022-09-01T00:00:00Z,6.62700000,6.69000000,6.47000000,6.51800000,744742.20000000
2022-09-01T08:00:00Z,6.51700000,6.77100000,6.44500000,6.54500000,1428800.03000000
2022-09-01T16:00:00Z,6.54500000,6.96100000,6.50400000,6.92500000,1184532.46000000
2022-09-02T00:00:00Z,6.92400000,6.99100000,6.82700000,6.88400000,793166.72000000
2022-09-02T08:00:00Z,6.88300000,7.21300000,6.84000000,7.18300000,1790849.92000000
2022-09-02T16:00:00Z,7.18300000,7.24000000,6.78700000,6.92600000,1411687.14000000
2022-09-03T00:00:00Z,6.92600000,6.96600000,6.75800000,6.82200000,700915.03000000
2022-09-03T08:00:00Z,6.82400000,6.88700000,6.79400000,6.81300000,460298.54000000
2022-09-03T16:00:00Z,6.81300000,6.86000000,6.72100000,6.85900000,471514.35000000
2022-09-04T00:00:00Z,6.85900000,6.93000000,6.81700000,6.82300000,929613.43000000
2022-09-04T08:00:00Z,6.82200000,7.23300000,6.79000000,7.19500000,2041352.21000000
2022-09-04T16:00:00Z,7.19300000,7.27800000,7.07400000,7.15600000,1093027.94000000
2022-09-05T00:00:00Z,7.15300000,7.28500000,7.12000000,7.22400000,1179765.18000000
2022-09-05T08:00:00Z,7.22300000,7.39000000,7.09400000,7.28800000,1869680.53000000
2022-09-05T16:00:00Z,7.28700000,7.42400000,7.18700000,7.37500000,988590.34000000
2022-09-06T00:00:00Z,7.37500000,7.56800000,7.20700000,7.33700000,1663882.66000000
2022-09-06T08:00:00Z,7.33400000,7.36100000,7.10000000,7.18900000,1092302.52000000
2022-09-06T16:00:00Z,7.18900000,7.20500000,6.57600000,6.65900000,2858075.05000000
2022-09-07T00:00:00Z,6.65600000,6.76800000,6.57000000,6.71100000,1962339.76000000
2022-09-07T08:00:00Z,6.71000000,6.82900000,6.67400000,6.78500000,1158764.55000000
2022-09-07T16:00:00Z,6.78400000,7.15000000,6.77300000,7.08500000,1734832.19000000
2022-09-08T00:00:00Z,7.08600000,7.16200000,7.00600000,7.05700000,1138422.70000000
2022-09-08T08:00:00Z,7.05700000,7.44300000,7.03700000,7.36000000,2697086.27000000
2022-09-08T16:00:00Z,7.36000000,7.50000000,7.28600000,7.40600000,2050709.77000000
2022-09-09T00:00:00Z,7.40600000,7.90400000,7.39200000,7.86000000,2608858.79000000
2022-09-09T08:00:00Z,7.86200000,8.09900000,7.82700000,7.83000000,2958297.96000000
2022-09-09T16:00:00Z,7.83100000,7.83900000,7.63100000,7.74200000,1913796.06000000
2022-09-10T00:00:00Z,7.74600000,7.83800000,7.61600000,7.64600000,1514657.96000000
2022-09-10T08:00:00Z,7.64600000,7.82100000,7.64400000,7.73800000,1422031.91000000
2022-09-10T16:00:00Z,7.73800000,8.03400000,7.72900000,7.90400000,3105148.01000000
2022-09-11T00:00:00Z,7.90600000,7.98700000,7.73200000,7.93900000,1181046.19000000
2022-09-11T08:00:00Z,7.93800000,8.17300000,7.83900000,7.86000000,1928963.47000000
2022-09-11T16:00:00Z,7.86000000,8.07400000,7.78200000,8.02800000,1936837.36000000
2022-09-12T00:00:00Z,8.02900000,8.30000000,7.85600000,8.04400000,2784409.29000000
2022-09-12T08:00:00Z,8.04200000,8.14300000,7.67900000,7.72400000,2192051.12000000
2022-09-12T16:00:00Z,7.72300000,7.84300000,7.60900000,7.76200000,1515359.96000000
2022-09-13T00:00:00Z,7.75900000,7.83000000,7.55500000,7.79900000,1448458.59000000
2022-09-13T08:00:00Z,7.80000000,7.96300000,7.16500000,7.19100000,3780077.81000000
2022-09-13T16:00:00Z,7.19200000,7.30100000,7.02000000,7.02500000,1979948.99000000
2022-09-14T00:00:00Z,7.02400000,7.28500000,6.98200000,7.19300000,1603708.30000000
2022-09-14T08:00:00Z,7.19400000,7.45600000,7.14000000,7.42600000,2010783.45000000
2022-09-14T16:00:00Z,7.42800000,7.54000000,7.25100000,7.45600000,2299108.24000000
2022-09-15T00:00:00Z,7.45400000,7.49200000,7.11700000,7.40500000,2692287.16000000
2022-09-15T08:00:00Z,7.40400000,7.40500000,7.01100000,7.17900000,2200775.79000000
2022-09-15T16:00:00Z,7.17900000,7.60500000,7.11600000,7.56600000,2199486.52000000
2022-09-16T00:00:00Z,7.56800000,7.66000000,7.41900000,7.59400000,1684117.81000000
2022-09-16T08:00:00Z,7.59500000,7.80300000,7.46900000,7.73200000,3280121.75000000
2022-09-16T16:00:00Z,7.73300000,7.75500000,7.52700000,7.65600000,1662232.24000000
2022-09-17T00:00:00Z,7.65700000,8.07300000,7.64100000,8.00000000,2189097.00000000
2022-09-17T08:00:00Z,7.99900000,8.04100000,7.82700000,7.90700000,1561959.26000000
2022-09-17T16:00:00Z,7.90800000,8.14300000,7.90400000,8.09200000,1311367.73000000
2022-09-18T00:00:00Z,8.09200000,8.14000000,7.91200000,8.00700000,1425457.41000000
2022-09-18T08:00:00Z,8.00700000,8.02900000,7.81500000,7.87700000,1556226.63000000
2022-09-18T16:00:00Z,7.87700000,7.90100000,7.40200000,7.52300000,2484658.61000000
2022-09-19T00:00:00Z,7.52400000,7.67700000,7.03800000,7.17000000,3394764.55000000
2022-09-19T08:00:00Z,7.16900000,7.39200000,7.00500000,7.27000000,2550315.31000000
2022-09-19T16:00:00Z,7.27000000,7.38100000,7.14000000,7.30100000,1871043.31000000
2022-09-20T00:00:00Z,7.30000000,7.33700000,7.13400000,7.20700000,1341561.82000000
2022-09-20T08:00:00Z,7.20700000,7.25200000,7.00600000,7.20800000,1817869.82000000
2022-09-20T16:00:00Z,7.20900000,7.23500000,6.81000000,6.88300000,2149591.42000000
2022-09-21T00:00:00Z,6.88400000,7.00300000,6.76700000,6.86200000,1306924.54000000
2022-09-21T08:00:00Z,6.85900000,7.07000000,6.82400000,6.95200000,1506032.15000000
2022-09-21T16:00:00Z,6.95300000,7.31800000,6.51900000,6.68000000,5471484.08000000
2022-09-22T00:00:00Z,6.67900000,6.88700000,6.63800000,6.88000000,1253445.69000000
2022-09-22T08:00:00Z,6.87900000,7.08600000,6.86800000,6.94700000,1906856.66000000
2022-09-22T16:00:00Z,6.94400000,7.17600000,6.86300000,7.12300000,1409799.04000000
2022-09-23T00:00:00Z,7.12300000,7.28100000,7.01200000,7.11400000,1397409.27000000
2022-09-23T08:00:00Z,7.11400000,7.31600000,6.97500000,7.09600000,4173416.25000000
2022-09-23T16:00:00Z,7.09300000,7.49200000,6.96300000,7.44900000,2065492.53000000
2022-09-24T00:00:00Z,7.45000000,7.62500000,7.37100000,7.54800000,2369616.96000000
2022-09-24T08:00:00Z,7.54900000,7.74100000,7.51800000,7.67700000,2248973.42000000
2022-09-24T16:00:00Z,7.68100000,7.87400000,7.57800000,7.62900000,2316998.43000000
2022-09-25T00:00:00Z,7.62900000,8.07400000,7.62600000,8.02100000,2580266.89000000
2022-09-25T08:00:00Z,8.02200000,8.07800000,7.74900000,7.90600000,3309175.80000000
2022-09-25T16:00:00Z,7.90500000,7.97100000,7.56300000,7.86500000,2656506.58000000
2022-09-26T00:00:00Z,7.86600000,7.95700000,7.46500000,7.62200000,2627248.02000000
2022-09-26T08:00:00Z,7.62300000,7.89400000,7.51600000,7.86800000,2577024.25000000
2022-09-26T16:00:00Z,7.86900000,7.94900000,7.73800000,7.94500000,1335672.82000000
2022-09-27T00:00:00Z,7.94200000,8.39900000,7.90600000,8.22500000,4588209.88000000
2022-09-27T08:00:00Z,8.22500000,8.38800000,8.11000000,8.12600000,2525079.99000000
2022-09-27T16:00:00Z,8.12700000,8.16800000,7.65100000,8.05600000,4805476.19000000
2022-09-28T00:00:00Z,8.05600000,8.42700000,7.80700000,7.97400000,5287303.07000000
2022-09-28T08:00:00Z,7.97400000,8.54000000,7.80600000,8.20400000,6635467.96000000
2022-09-28T16:00:00Z,8.20500000,8.21400000,7.72200000,7.79500000,4094176.79000000
2022-09-29T00:00:00Z,7.79500000,7.83600000,7.63700000,7.69000000,2762130.40000000
2022-09-29T08:00:00Z,7.68900000,7.88600000,7.57000000,7.76700000,2991964.25000000
2022-09-29T16:00:00Z,7.76700000,7.94900000,7.73600000,7.89900000,1932757.77000000
2022-09-30T00:00:00Z,7.90400000,7.91900000,7.77500000,7.86900000,1094501.09000000
2022-09-30T08:00:00Z,7.86900000,7.88500000,7.62800000,7.68500000,2271257.83000000
2022-09-30T16:00:00Z,7.68500000,7.73700000,7.50500000,7.58500000,2223322.18000000
2022-10-01T00:00:00Z,7.58400000,7.64600000,7.53700000,7.60500000,957665.58000000
2022-10-01T08:00:00Z,7.60600000,7.63700000,7.51000000,7.55800000,755130.91000000
2022-10-01T16:00:00Z,7.55700000,7.55900000,7.31300000,7.39400000,1719684.06000000
2022-10-02T00:00:00Z,7.39300000,7.54500000,7.37000000,7.46400000,849652.12000000
2022-10-02T08:00:00Z,7.46400000,7.53400000,7.21100000,7.29600000,1622091.01000000
2022-10-02T16:00:00Z,7.29500000,7.37000000,7.09000000,7.11000000,1632542.68000000
2022-10-03T00:00:00Z,7.11100000,7.22500000,7.01000000,7.12900000,1967804.02000000
2022-10-03T08:00:00Z,7.12900000,7.30300000,7.09400000,7.23600000,1661027.96000000
2022-10-03T16:00:00Z,7.23700000,7.35400000,7.16100000,7.33000000,1507024.76000000
2022-10-04T00:00:00Z,7.32800000,7.69900000,7.32300000,7.65700000,2298241.98000000
2022-10-04T08:00:00Z,7.65700000,7.83000000,7.59100000,7.73300000,2420452.88000000
2022-10-04T16:00:00Z,7.73300000,7.79700000,7.63900000,7.72300000,1601173.19000000
2022-10-05T00:00:00Z,7.72400000,7.84800000,7.67700000,7.73800000,1445392.87000000
2022-10-05T08:00:00Z,7.74100000,7.87900000,7.58500000,7.81600000,2844405.44000000
2022-10-05T16:00:00Z,7.81700000,7.94300000,7.76400000,7.87500000,1861767.72000000
2022-10-06T00:00:00Z,7.87600000,7.93900000,7.76800000,7.81700000,1267414.21000000
2022-10-06T08:00:00Z,7.81700000,7.90000000,7.68000000,7.75300000,1626193.78000000
2022-10-06T16:00:00Z,7.75200000,7.77800000,7.59500000,7.63200000,1166558.95000000
2022-10-07T00:00:00Z,7.63000000,7.80200000,7.62100000,7.71100000,880683.70000000
2022-10-07T08:00:00Z,7.71100000,7.74500000,7.47300000,7.54800000,2216086.63000000
2022-10-07T16:00:00Z,7.54700000,7.65600000,7.48200000,7.60600000,991067.40000000
2022-10-08T00:00:00Z,7.60600000,7.65600000,7.54700000,7.61900000,386682.69000000
2022-10-08T08:00:00Z,7.61800000,7.62100000,7.48700000,7.49100000,821981.24000000
2022-10-08T16:00:00Z,7.49100000,7.51800000,7.33900000,7.45500000,851456.89000000
2022-10-09T00:00:00Z,7.45500000,7.55000000,7.41700000,7.52600000,420251.84000000
2022-10-09T08:00:00Z,7.52600000,7.59800000,7.48400000,7.53500000,581475.48000000
2022-10-09T16:00:00Z,7.53600000,7.65700000,7.51400000,7.63000000,647380.66000000
2022-10-10T00:00:00Z,7.62800000,7.70500000,7.55800000,7.57000000,662960.42000000
2022-10-10T08:00:00Z,7.56700000,7.57700000,7.38600000,7.50200000,1244904.16000000
2022-10-10T16:00:00Z,7.50100000,7.73300000,7.32100000,7.33500000,1684623.35000000
2022-10-11T00:00:00Z,7.33400000,7.38400000,7.14000000,7.22800000,1486589.00000000
2022-10-11T08:00:00Z,7.22400000,7.31400000,7.14000000,7.29500000,1073764.37000000
2022-10-11T16:00:00Z,7.29400000,7.33800000,7.06800000,7.13500000,1571714.09000000
2022-10-12T00:00:00Z,7.13500000,7.27800000,7.10600000,7.23000000,799696.28000000
2022-10-12T08:00:00Z,7.22900000,7.26500000,7.10600000,7.17600000,930569.47000000
2022-10-12T16:00:00Z,7.17800000,7.19700000,7.08700000,7.14500000,474779.38000000
2022-10-13T00:00:00Z,7.14500000,7.15700000,6.61100000,6.72100000,2043962.19000000
2022-10-13T08:00:00Z,6.71700000,6.87300000,6.30600000,6.83300000,3701702.44000000
2022-10-13T16:00:00Z,6.83500000,7.10500000,6.81500000,7.02700000,1657791.87000000
2022-10-14T00:00:00Z,7.02600000,7.25000000,6.98300000,7.12600000,1158701.48000000
2022-10-14T08:00:00Z,7.12600000,7.25000000,7.01100000,7.03600000,1742815.99000000
2022-10-14T16:00:00Z,7.03600000,7.05600000,6.79600000,6.88700000,1516470.16000000
2022-10-15T00:00:00Z,6.88600000,6.93000000,6.83600000,6.91200000,642273.05000000
2022-10-15T08:00:00Z,6.91200000,6.99100000,6.81800000,6.93500000,824545.09000000
2022-10-15T16:00:00Z,6.93500000,6.97800000,6.83500000,6.88600000,530997.26000000
2022-10-16T00:00:00Z,6.88600000,7.14500000,6.87600000,7.05000000,919379.60000000
2022-10-16T08:00:00Z,7.05100000,7.11900000,7.00400000,7.09200000,516551.39000000
2022-10-16T16:00:00Z,7.09400000,7.23700000,7.02900000,7.17300000,815303.70000000
2022-10-17T00:00:00Z,7.16700000,7.21700000,7.06700000,7.21200000,498335.86000000
2022-10-17T08:00:00Z,7.21300000,7.33900000,7.16300000,7.25900000,1400333.08000000
2022-10-17T16:00:00Z,7.26000000,7.37400000,7.20000000,7.32800000,1324556.01000000
2022-10-18T00:00:00Z,7.33000000,7.37200000,7.23200000,7.26000000,988581.76000000
2022-10-18T08:00:00Z,7.25900000,7.26500000,7.06400000,7.11300000,1208615.51000000
2022-10-18T16:00:00Z,7.11000000,7.14800000,6.96300000,7.12700000,1614975.09000000
2022-10-19T00:00:00Z,7.12600000,7.13500000,6.94400000,7.01800000,630170.83000000
2022-10-19T08:00:00Z,7.01700000,7.06200000,6.90800000,6.99900000,1011796.55000000
2022-10-19T16:00:00Z,7.00000000,7.00300000,6.69800000,6.77200000,1256844.20000000
2022-10-20T00:00:00Z,6.77300000,6.85900000,6.68400000,6.83800000,911336.11000000
2022-10-20T08:00:00Z,6.83800000,6.91200000,6.77600000,6.86400000,1020814.33000000
2022-10-20T16:00:00Z,6.86500000,6.86500000,6.60100000,6.65700000,1121587.76000000
2022-10-21T00:00:00Z,6.65800000,6.69100000,6.54500000,6.59500000,833423.88000000
2022-10-21T08:00:00Z,6.59400000,6.73600000,6.44400000,6.73500000,1899273.77000000
2022-10-21T16:00:00Z,6.73600000,6.84700000,6.70000000,6.80900000,1151659.08000000
2022-10-22T00:00:00Z,6.81000000,6.83400000,6.72500000,6.81600000,359484.01000000
2022-10-22T08:00:00Z,6.81600000,6.93100000,6.80400000,6.87700000,542003.22000000
2022-10-22T16:00:00Z,6.87500000,6.91800000,6.80800000,6.86800000,341013.85000000
2022-10-23T00:00:00Z,6.87000000,6.99000000,6.82000000,6.92000000,456626.01000000
2022-10-23T08:00:00Z,6.92000000,6.96900000,6.79900000,6.82400000,907610.41000000
2022-10-23T16:00:00Z,6.82300000,7.09200000,6.81200000,7.06600000,1239161.11000000
2022-10-24T00:00:00Z,7.06700000,7.08600000,6.87800000,6.91500000,960300.83000000
2022-10-24T08:00:00Z,6.91300000,6.98100000,6.79100000,6.89100000,1462515.86000000
2022-10-24T16:00:00Z,6.89000000,6.96300000,6.85400000,6.90600000,1094734.18000000
2022-10-25T00:00:00Z,6.90800000,6.96800000,6.83600000,6.88500000,778282.44000000
2022-10-25T08:00:00Z,6.88800000,7.05500000,6.81400000,7.01200000,1281953.26000000
2022-10-25T16:00:00Z,7.01200000,7.28000000,6.99100000,7.06300000,3347898.81000000
2022-10-26T00:00:00Z,7.06300000,7.22700000,7.02700000,7.17300000,849914.33000000
2022-10-26T08:00:00Z,7.17300000,7.29000000,7.04200000,7.21400000,2068447.36000000
2022-10-26T16:00:00Z,7.21400000,7.23900000,7.08500000,7.15700000,1277145.26000000
2022-10-27T00:00:00Z,7.15800000,7.36500000,7.11500000,7.23700000,1222000.95000000
2022-10-27T08:00:00Z,7.23800000,7.25700000,7.04200000,7.07000000,1427588.04000000
2022-10-27T16:00:00Z,7.06900000,7.14000000,6.85800000,6.89200000,1669306.50000000
2022-10-28T00:00:00Z,6.89300000,6.95200000,6.83000000,6.93300000,1140006.32000000
2022-10-28T08:00:00Z,6.93300000,7.05800000,6.86400000,7.04600000,971941.70000000
2022-10-28T16:00:00Z,7.04800000,7.20000000,7.03400000,7.10900000,1083900.00000000
2022-10-29T00:00:00Z,7.10800000,7.22400000,7.10300000,7.18500000,948458.91000000
2022-10-29T08:00:00Z,7.18600000,7.29000000,7.07600000,7.18200000,1258714.86000000
2022-10-29T16:00:00Z,7.18100000,7.66100000,7.16900000,7.63600000,3715711.81000000
2022-10-30T00:00:00Z,7.63700000,7.85600000,7.55300000,7.80400000,1958816.54000000
2022-10-30T08:00:00Z,7.80300000,7.81500000,7.48000000,7.54200000,1899806.21000000
2022-10-30T16:00:00Z,7.54100000,7.93200000,7.51800000,7.78200000,2418760.54000000
2022-10-31T00:00:00Z,7.78300000,8.03500000,7.66400000,7.96800000,2545169.69000000
2022-10-31T08:00:00Z,7.97000000,8.33300000,7.83800000,8.01000000,4107399.69000000
2022-10-31T16:00:00Z,8.01100000,8.06500000,7.71900000,7.85700000,1824019.59000000
2022-11-01T00:00:00Z,7.85400000,7.92300000,7.72900000,7.82500000,1300669.76000000
2022-11-01T08:00:00Z,7.82700000,7.89000000,7.63700000,7.73800000,1641678.87000000
2022-11-01T16:00:00Z,7.73800000,7.76200000,7.63000000,7.68400000,848121.10000000
2022-11-02T00:00:00Z,7.68300000,7.87200000,7.56200000,7.69000000,1181794.57000000
2022-11-02T08:00:00Z,7.68900000,7.88700000,7.61500000,7.68900000,2282931.58000000
2022-11-02T16:00:00Z,7.68800000,8.00000000,7.33800000,7.43700000,4872947.93000000
2022-11-03T00:00:00Z,7.43600000,7.96100000,7.38800000,7.80700000,3021275.58000000
2022-11-03T08:00:00Z,7.80800000,8.02000000,7.65400000,7.83900000,3336942.81000000
2022-11-03T16:00:00Z,7.84000000,8.00500000,7.65000000,7.72000000,1656164.92000000
2022-11-04T00:00:00Z,7.72000000,8.38000000,7.66000000,8.21300000,3917816.61000000
2022-11-04T08:00:00Z,8.21400000,8.47500000,7.99500000,8.23100000,4399444.72000000
2022-11-04T16:00:00Z,8.23000000,8.89800000,8.17800000,8.71500000,3569242.39000000
2022-11-05T00:00:00Z,8.71500000,8.95000000,8.63100000,8.77800000,2077374.66000000
2022-11-05T08:00:00Z,8.77700000,8.92800000,8.56200000,8.84500000,2117817.34000000
2022-11-05T16:00:00Z,8.84300000,9.00800000,8.60000000,8.66300000,2179974.70000000
2022-11-06T00:00:00Z,8.66400000,8.77200000,8.54200000,8.68000000,1267951.91000000
2022-11-06T08:00:00Z,8.68000000,8.75100000,8.35900000,8.54400000,2172980.11000000
2022-11-06T16:00:00Z,8.54400000,8.59700000,8.09400000,8.10100000,1961175.00000000
2022-11-07T00:00:00Z,8.10100000,8.35500000,7.90000000,7.90900000,2800366.77000000
2022-11-07T08:00:00Z,7.90800000,8.54200000,7.89500000,8.54000000,2875696.48000000
2022-11-07T16:00:00Z,8.54000000,9.26100000,8.39600000,8.95600000,5700013.64000000
2022-11-08T00:00:00Z,8.95600000,9.20400000,8.03900000,8.55900000,12080053.46000000
2022-11-08T08:00:00Z,8.55900000,8.88700000,8.33300000,8.56200000,6617795.26000000
2022-11-08T16:00:00Z,8.56200000,9.47000000,6.57800000,7.70800000,17417264.67000000
2022-11-09T00:00:00Z,7.70800000,7.90000000,7.03100000,7.07200000,6160358.98000000
2022-11-09T08:00:00Z,7.07400000,7.08800000,6.32200000,6.45500000,10139070.04000000
2022-11-09T16:00:00Z,6.45200000,6.62000000,5.77500000,6.23100000,7348050.29000000
2022-11-10T00:00:00Z,6.23200000,6.89900000,6.08700000,6.73500000,6267881.03000000
2022-11-10T08:00:00Z,6.73500000,7.42000000,6.46500000,7.30400000,8076226.12000000
2022-11-10T16:00:00Z,7.30200000,7.51000000,6.97600000,7.21000000,4288150.83000000
2022-11-11T00:00:00Z,7.20900000,7.33900000,6.75200000,7.05700000,3648559.84000000
2022-11-11T08:00:00Z,7.05500000,7.22400000,6.51300000,6.78500000,4977872.39000000
2022-11-11T16:00:00Z,6.78600000,7.06200000,6.65700000,7.04400000,2583821.94000000
2022-11-12T00:00:00Z,7.04500000,7.07400000,6.20200000,6.48700000,9619132.90000000
2022-11-12T08:00:00Z,6.48700000,6.50600000,6.28900000,6.41800000,3469321.80000000
2022-11-12T16:00:00Z,6.41900000,6.45100000,6.15800000,6.28100000,2093098.33000000
2022-11-13T00:00:00Z,6.28000000,6.54500000,6.21400000,6.34600000,2576696.52000000
2022-11-13T08:00:00Z,6.34700000,6.35900000,6.11100000,6.19300000,2373436.57000000
2022-11-13T16:00:00Z,6.19600000,6.22000000,5.94000000,6.07800000,2337894.94000000
2022-11-14T00:00:00Z,6.07700000,6.23800000,5.69000000,6.23500000,5431462.01000000
2022-11-14T08:00:00Z,6.23700000,6.43800000,6.13300000,6.19900000,4499218.95000000
2022-11-14T16:00:00Z,6.20400000,6.30700000,6.02000000,6.29100000,2283349.20000000
2022-11-15T00:00:00Z,6.29100000,6.48400000,6.20700000,6.45400000,2369015.83000000
2022-11-15T08:00:00Z,6.45400000,6.67200000,6.38200000,6.58600000,3424582.26000000
2022-11-15T16:00:00Z,6.58600000,6.63800000,6.29400000,6.42100000,3234891.25000000
2022-11-16T00:00:00Z,6.42100000,6.56400000,6.37000000,6.45300000,1539162.95000000
2022-11-16T08:00:00Z,6.45600000,6.47100000,6.10000000,6.13800000,2910691.75000000
2022-11-16T16:00:00Z,6.13700000,6.23600000,6.07700000,6.17900000,1842122.37000000
2022-11-17T00:00:00Z,6.18000000,6.26200000,6.02900000,6.21500000,1462240.05000000
2022-11-17T08:00:00Z,6.21700000,6.25900000,6.06300000,6.13600000,2025392.82000000
2022-11-17T16:00:00Z,6.13500000,6.34200000,6.11500000,6.22500000,1400779.38000000
2022-11-18T00:00:00Z,6.22400000,6.44000000,6.21700000,6.25500000,2581987.72000000
2022-11-18T08:00:00Z,6.25500000,6.27300000,6.12200000,6.16000000,1631899.69000000
2022-11-18T16:00:00Z,6.16000000,6.20000000,6.06900000,6.18300000,1002708.72000000
2022-11-19T00:00:00Z,6.18400000,6.19900000,5.99000000,6.07600000,1210684.49000000
2022-11-19T08:00:00Z,6.07600000,6.16300000,6.05700000,6.15200000,917738.45000000
2022-11-19T16:00:00Z,6.15200000,6.22000000,6.13000000,6.14600000,785179.11000000
2022-11-20T00:00:00Z,6.14600000,6.25200000,6.14300000,6.23100000,1132162.88000000
2022-11-20T08:00:00Z,6.23200000,6.23900000,5.91300000,6.01600000,2035825.03000000
2022-11-20T16:00:00Z,6.01500000,6.02800000,5.70900000,5.76800000,1784753.69000000
2022-11-21T00:00:00Z,5.76700000,5.81200000,5.60500000,5.75300000,2841851.66000000
2022-11-21T08:00:00Z,5.75500000,5.85700000,5.68000000,5.80500000,1790575.44000000
2022-11-21T16:00:00Z,5.80400000,5.89600000,5.52800000,5.87600000,3225669.91000000
2022-11-22T00:00:00Z,5.87400000,6.14200000,5.83900000,5.95600000,3726363.04000000
2022-11-22T08:00:00Z,5.95600000,6.44200000,5.83700000,6.40100000,5431418.32000000
2022-11-22T16:00:00Z,6.40200000,6.48500000,6.27700000,6.42200000,2734005.97000000
2022-11-23T00:00:00Z,6.42300000,6.61900000,6.34300000,6.55400000,3631426.69000000
2022-11-23T08:00:00Z,6.55400000,6.58100000,6.34400000,6.43800000,2488497.31000000
2022-11-23T16:00:00Z,6.43700000,6.80900000,6.36000000,6.70700000,3757479.25000000
2022-11-24T00:00:00Z,6.70800000,6.88000000,6.63500000,6.70100000,2337273.09000000
2022-11-24T08:00:00Z,6.70100000,6.90000000,6.58600000,6.86300000,2760745.43000000
2022-11-24T16:00:00Z,6.86400000,6.97800000,6.76800000,6.83100000,1615085.72000000
2022-11-25T00:00:00Z,6.83000000,6.84900000,6.66100000,6.81500000,2133407.29000000
2022-11-25T08:00:00Z,6.81500000,6.99300000,6.69600000,6.76300000,2359093.51000000
2022-11-25T16:00:00Z,6.76200000,6.91700000,6.71500000,6.84800000,1268521.53000000
2022-11-26T00:00:00Z,6.84800000,6.99900000,6.82400000,6.86400000,1576663.00000000
2022-11-26T08:00:00Z,6.86300000,7.26400000,6.84400000,7.17800000,3974468.59000000
2022-11-26T16:00:00Z,7.17800000,7.29900000,7.05400000,7.15600000,2516213.55000000
2022-11-27T00:00:00Z,7.15700000,7.27800000,7.07300000,7.10800000,1494174.76000000
2022-11-27T08:00:00Z,7.10800000,7.18600000,7.01700000,7.10200000,1819688.79000000
2022-11-27T16:00:00Z,7.10200000,7.13900000,6.85800000,6.90200000,1672687.14000000
2022-11-28T00:00:00Z,6.90400000,6.94700000,6.53000000,6.73100000,5727488.24000000
2022-11-28T08:00:00Z,6.73000000,6.89300000,6.68800000,6.71200000,2560854.56000000
2022-11-28T16:00:00Z,6.71200000,7.34700000,6.63100000,7.19400000,5303887.74000000
2022-11-29T00:00:00Z,7.19400000,7.51300000,7.12300000,7.39400000,3878227.63000000
2022-11-29T08:00:00Z,7.39300000,7.47500000,7.27800000,7.32100000,2390498.75000000
2022-11-29T16:00:00Z,7.32200000,7.39900000,7.23900000,7.31800000,2774597.44000000
2022-11-30T00:00:00Z,7.31700000,7.68100000,7.31300000,7.48300000,3150545.37000000
2022-11-30T08:00:00Z,7.48200000,7.51200000,7.34400000,7.45600000,1479307.72000000
2022-11-30T16:00:00Z,7.45700000,7.75000000,7.27200000,7.67200000,3702427.95000000
2022-12-01T00:00:00Z,7.67300000,7.71900000,7.47700000,7.51400000,2570547.80000000
2022-12-01T08:00:00Z,7.51400000,7.77000000,7.44100000,7.70000000,2709154.54000000
2022-12-01T16:00:00Z,7.70100000,7.81200000,7.54200000,7.68100000,2337739.96000000
2022-12-02T00:00:00Z,7.68100000,7.72600000,7.51100000,7.58100000,2037753.25000000
2022-12-02T08:00:00Z,7.58000000,7.68500000,7.47900000,7.56500000,1933072.95000000
2022-12-02T16:00:00Z,7.56500000,7.64600000,7.52300000,7.61000000,1091609.36000000
2022-12-03T00:00:00Z,7.61100000,7.63300000,7.36600000,7.45100000,1592384.56000000
2022-12-03T08:00:00Z,7.45000000,7.46600000,7.37100000,7.41500000,903222.67000000
2022-12-03T16:00:00Z,7.41500000,7.42400000,7.20700000,7.23500000,1213127.17000000
2022-12-04T00:00:00Z,7.23800000,7.39100000,7.18500000,7.34700000,1156278.85000000
2022-12-04T08:00:00Z,7.34600000,7.38600000,7.25600000,7.35100000,1005137.14000000
2022-12-04T16:00:00Z,7.35200000,7.47000000,7.28200000,7.44400000,1239735.79000000
2022-12-05T00:00:00Z,7.44200000,7.58700000,7.41600000,7.52200000,2245804.23000000
2022-12-05T08:00:00Z,7.52300000,7.59400000,7.31200000,7.35200000,1812151.46000000
2022-12-05T16:00:00Z,7.35100000,7.36700000,7.16000000,7.27500000,1552593.76000000
2022-12-06T00:00:00Z,7.27500000,7.33600000,7.20400000,7.27700000,1242261.06000000
2022-12-06T08:00:00Z,7.27700000,7.30400000,7.16900000,7.25300000,1514833.04000000
2022-12-06T16:00:00Z,7.25400000,7.31600000,6.95700000,7.13200000,2659925.59000000
2022-12-07T00:00:00Z,7.13200000,7.15800000,6.77000000,6.80400000,1953064.75000000
2022-12-07T08:00:00Z,6.80400000,6.90000000,6.77100000,6.84700000,1526470.93000000
2022-12-07T16:00:00Z,6.85000000,6.93000000,6.79000000,6.88100000,1107275.10000000
2022-12-08T00:00:00Z,6.88100000,6.91400000,6.77500000,6.88500000,1057126.84000000
2022-12-08T08:00:00Z,6.88500000,6.95400000,6.80100000,6.92500000,1143939.10000000
2022-12-08T16:00:00Z,6.92500000,7.06900000,6.89600000,7.00000000,1536419.38000000
2022-12-09T00:00:00Z,7.00100000,7.04700000,6.93900000,7.02000000,847736.20000000
2022-12-09T08:00:00Z,7.02200000,7.05400000,6.88300000,6.94600000,1183299.55000000
2022-12-09T16:00:00Z,6.94600000,6.94800000,6.79600000,6.86300000,1022452.48000000
2022-12-10T00:00:00Z,6.86300000,6.87300000,6.80100000,6.83900000,727809.47000000
2022-12-10T08:00:00Z,6.83800000,6.92100000,6.69400000,6.90200000,1145791.75000000
2022-12-10T16:00:00Z,6.90200000,6.92000000,6.82500000,6.85800000,556670.22000000
2022-12-11T00:00:00Z,6.85700000,6.96000000,6.84500000,6.93800000,429877.96000000
2022-12-11T08:00:00Z,6.93900000,6.94500000,6.85200000,6.87300000,395798.39000000
2022-12-11T16:00:00Z,6.87100000,6.91900000,6.64600000,6.70000000,1189051.92000000
2022-12-12T00:00:00Z,6.69800000,6.71600000,6.45700000,6.59100000,1751337.75000000
2022-12-12T08:00:00Z,6.59100000,6.67900000,6.55800000,6.59000000,1083244.68000000
2022-12-12T16:00:00Z,6.59100000,6.72800000,6.56800000,6.70100000,1081655.21000000
2022-12-13T00:00:00Z,6.70200000,6.71400000,6.46600000,6.54100000,1321865.24000000
2022-12-13T08:00:00Z,6.54100000,7.10100000,6.52400000,6.92100000,3839623.84000000
2022-12-13T16:00:00Z,6.92300000,6.97300000,6.77900000,6.92600000,1751456.35000000
2022-12-14T00:00:00Z,6.92600000,6.96500000,6.83400000,6.88200000,733231.68000000
2022-12-14T08:00:00Z,6.88100000,6.90600000,6.81600000,6.88000000,811223.19000000
2022-12-14T16:00:00Z,6.88100000,6.93000000,6.68700000,6.71800000,1925351.14000000
2022-12-15T00:00:00Z,6.71900000,6.73200000,6.56200000,6.60900000,1169723.55000000
2022-12-15T08:00:00Z,6.60900000,6.64400000,6.50300000,6.57200000,1348246.70000000
2022-12-15T16:00:00Z,6.57400000,6.57700000,6.38600000,6.45600000,1517770.13000000
2022-12-16T00:00:00Z,6.45600000,6.54300000,6.42600000,6.52400000,580965.72000000
2022-12-16T08:00:00Z,6.52400000,6.53000000,6.12100000,6.16000000,2605965.78000000
2022-12-16T16:00:00Z,6.15700000,6.21000000,5.77800000,5.89300000,3798678.50000000
2022-12-17T00:00:00Z,5.89200000,6.03200000,5.78900000,6.02300000,2136547.30000000
2022-12-17T08:00:00Z,6.02400000,6.06700000,5.95900000,6.02200000,983349.78000000
2022-12-17T16:00:00Z,6.02000000,6.04200000,5.90500000,6.03000000,1005354.18000000
2022-12-18T00:00:00Z,6.03000000,6.06400000,5.97000000,6.00000000,699657.12000000
2022-12-18T08:00:00Z,6.00100000,6.00900000,5.91400000,5.94200000,520456.14000000
2022-12-18T16:00:00Z,5.94200000,6.04000000,5.93000000,5.94900000,985948.99000000
2022-12-19T00:00:00Z,5.95000000,6.02300000,5.83100000,5.93900000,1029741.23000000
2022-12-19T08:00:00Z,5.93600000,6.06600000,5.93400000,5.97100000,1147480.85000000
2022-12-19T16:00:00Z,5.97000000,5.99000000,5.67100000,5.79000000,1845581.76000000
2022-12-20T00:00:00Z,5.78900000,6.08200000,5.75200000,6.03700000,1447298.83000000
2022-12-20T08:00:00Z,6.03900000,6.12000000,6.02300000,6.04500000,1026724.54000000
2022-12-20T16:00:00Z,6.04500000,6.05500000,5.94500000,6.01300000,1076474.32000000
2022-12-21T00:00:00Z,6.01400000,6.04400000,5.89000000,5.94500000,658779.64000000
2022-12-21T08:00:00Z,5.94400000,6.01400000,5.90800000,5.94800000,776724.35000000
2022-12-21T16:00:00Z,5.94800000,5.99200000,5.88500000,5.98900000,665816.79000000
2022-12-22T00:00:00Z,5.98800000,6.00200000,5.95000000,5.97100000,407717.05000000
2022-12-22T08:00:00Z,5.97100000,6.04000000,5.88200000,5.89500000,1085302.03000000
2022-12-22T16:00:00Z,5.89400000,6.01700000,5.85600000,6.00500000,1428883.65000000
2022-12-23T00:00:00Z,6.00500000,6.05300000,5.97500000,6.02200000,668645.20000000
2022-12-23T08:00:00Z,6.02300000,6.04700000,5.96200000,5.99100000,1016179.11000000
2022-12-23T16:00:00Z,5.99000000,5.99900000,5.92400000,5.94100000,542380.60000000
2022-12-24T00:00:00Z,5.94000000,5.96200000,5.89700000,5.93200000,403646.47000000
2022-12-24T08:00:00Z,5.93200000,5.93200000,5.88000000,5.91200000,364721.65000000
2022-12-24T16:00:00Z,5.91100000,5.94000000,5.89500000,5.91600000,282765.54000000
2022-12-25T00:00:00Z,5.91500000,5.96100000,5.89900000,5.94900000,514304.54000000
2022-12-25T08:00:00Z,5.94900000,5.97200000,5.88700000,5.93300000,572116.82000000
2022-12-25T16:00:00Z,5.93300000,5.99600000,5.89700000,5.99000000,641669.12000000
2022-12-26T00:00:00Z,5.98900000,6.03200000,5.95600000,5.96400000,554764.54000000
2022-12-26T08:00:00Z,5.96600000,6.01100000,5.94000000,5.97200000,396486.81000000
2022-12-26T16:00:00Z,5.97000000,6.04800000,5.95700000,6.04800000,827777.84000000
2022-12-27T00:00:00Z,6.04800000,6.06800000,5.97700000,5.99300000,830586.80000000
2022-12-27T08:00:00Z,5.99200000,6.03200000,5.90100000,5.92300000,874006.29000000
2022-12-27T16:00:00Z,5.92300000,5.93400000,5.84600000,5.90300000,779024.11000000
2022-12-28T00:00:00Z,5.90500000,5.91300000,5.68300000,5.76300000,1175053.71000000
2022-12-28T08:00:00Z,5.76200000,5.81800000,5.71500000,5.72400000,1020658.37000000
2022-12-28T16:00:00Z,5.72400000,5.76100000,5.62500000,5.67500000,1117306.33000000
2022-12-29T00:00:00Z,5.67600000,5.71100000,5.54800000,5.70800000,1140719.33000000
2022-12-29T08:00:00Z,5.70900000,5.73100000,5.67300000,5.68700000,752999.35000000
2022-12-29T16:00:00Z,5.68600000,5.69700000,5.50000000,5.60100000,1675031.69000000
2022-12-30T00:00:00Z,5.60000000,5.64200000,5.41800000,5.45000000,1235107.37000000
2022-12-30T08:00:00Z,5.44900000,5.51600000,5.41300000,5.49400000,1359886.45000000
2022-12-30T16:00:00Z,5.49400000,5.51200000,5.42400000,5.47500000,821852.59000000
2022-12-31T00:00:00Z,5.47500000,5.47900000,5.38700000,5.45900000,842221.42000000
2022-12-31T08:00:00Z,5.45900000,5.62700000,5.45200000,5.58700000,935266.81000000
2022-12-31T16:00:00Z,5.59000000,5.60100000,5.53800000,5.57500000,534849.59000000
2023-01-01T00:00:00Z,5.57500000,5.58000000,5.50500000,5.53000000,631322.23000000
2023-01-01T08:00:00Z,5.52900000,5.60100000,5.51200000,5.59500000,452101.30000000
2023-01-01T16:00:00Z,5.59500000,5.64000000,5.58300000,5.62800000,384647.14000000
2023-01-02T00:00:00Z,5.63000000,5.73900000,5.54800000,5.68300000,961331.90000000
2023-01-02T08:00:00Z,5.68400000,5.72500000,5.65500000,5.70200000,971012.98000000
2023-01-02T16:00:00Z,5.70400000,5.76000000,5.67400000,5.69100000,701955.88000000
2023-01-03T00:00:00Z,5.69100000,5.72400000,5.64100000,5.68700000,564926.90000000
2023-01-03T08:00:00Z,5.68700000,5.71300000,5.59000000,5.63400000,963883.93000000
2023-01-03T16:00:00Z,5.63300000,5.64900000,5.56700000,5.62100000,615285.56000000
2023-01-04T00:00:00Z,5.62100000,5.83800000,5.61000000,5.80200000,1363882.49000000
2023-01-04T08:00:00Z,5.80100000,5.89500000,5.72400000,5.81400000,1277313.99000000
2023-01-04T16:00:00Z,5.81300000,5.85800000,5.71000000,5.80900000,1190450.89000000
2023-01-05T00:00:00Z,5.80900000,5.81800000,5.72800000,5.76200000,766173.25000000
2023-01-05T08:00:00Z,5.76300000,5.76400000,5.66200000,5.71800000,1053357.94000000
2023-01-05T16:00:00Z,5.71600000,5.76200000,5.60600000,5.66000000,1022114.45000000
2023-01-06T00:00:00Z,5.66100000,5.68200000,5.57500000,5.61800000,822443.92000000
2023-01-06T08:00:00Z,5.61800000,5.66200000,5.52300000,5.65300000,1027829.92000000
2023-01-06T16:00:00Z,5.65500000,5.73000000,5.63400000,5.71200000,847266.17000000
2023-01-07T00:00:00Z,5.71300000,5.80500000,5.69100000,5.77500000,986300.80000000
2023-01-07T08:00:00Z,5.77600000,5.82600000,5.74300000,5.81700000,564832.12000000
2023-01-07T16:00:00Z,5.81700000,5.84600000,5.77500000,5.83000000,439965.23000000
2023-01-08T00:00:00Z,5.83200000,5.88300000,5.75500000,5.83100000,591157.52000000
2023-01-08T08:00:00Z,5.83100000,5.87800000,5.77700000,5.85200000,853344.96000000
2023-01-08T16:00:00Z,5.85300000,5.97700000,5.78500000,5.96300000,889401.68000000
2023-01-09T00:00:00Z,5.96500000,6.14100000,5.93100000,6.12900000,2154520.27000000
2023-01-09T08:00:00Z,6.12800000,6.23000000,6.07800000,6.20300000,1816880.27000000
2023-01-09T16:00:00Z,6.20300000,6.25500000,6.01000000,6.06500000,1710730.13000000
2023-01-10T00:00:00Z,6.06400000,6.13300000,5.96800000,6.07300000,955279.54000000
2023-01-10T08:00:00Z,6.07300000,6.17100000,6.05200000,6.14100000,1155822.03000000
2023-01-10T16:00:00Z,6.14100000,6.30000000,6.11000000,6.16600000,1342163.32000000
2023-01-11T00:00:00Z,6.16700000,6.20700000,6.05500000,6.13800000,812791.22000000
2023-01-11T08:00:00Z,6.13800000,6.14000000,6.01600000,6.04100000,1048901.84000000
2023-01-11T16:00:00Z,6.04000000,6.30500000,6.01000000,6.28400000,1737887.04000000
2023-01-12T00:00:00Z,6.28400000,6.39700000,6.25800000,6.31500000,1752035.39000000
2023-01-12T08:00:00Z,6.31600000,6.34700000,6.05000000,6.19900000,2119177.85000000
2023-01-12T16:00:00Z,6.19800000,6.41200000,6.17700000,6.38700000,1991492.73000000
2023-01-13T00:00:00Z,6.38600000,6.41300000,6.28800000,6.34400000,818979.11000000
2023-01-13T08:00:00Z,6.34400000,6.41600000,6.26000000,6.35100000,1185752.98000000
2023-01-13T16:00:00Z,6.35100000,6.61800000,6.28300000,6.60500000,2436467.13000000
2023-01-14T00:00:00Z,6.60400000,7.06100000,6.58600000,6.99400000,4548563.44000000
2023-01-14T08:00:00Z,6.99300000,7.10700000,6.45000000,6.80100000,4353169.85000000
2023-01-14T16:00:00Z,6.79900000,6.88300000,6.71800000,6.85600000,1523606.35000000
2023-01-15T00:00:00Z,6.85700000,6.88900000,6.66900000,6.74300000,1666998.96000000
2023-01-15T08:00:00Z,6.74200000,6.89000000,6.60000000,6.88700000,1486615.93000000
2023-01-15T16:00:00Z,6.88700000,6.92600000,6.63600000,6.69400000,2498926.40000000
2023-01-16T00:00:00Z,6.69400000,6.94800000,6.63100000,6.84300000,2278503.56000000
2023-01-16T08:00:00Z,6.84400000,6.84600000,6.41300000,6.56600000,2764852.11000000
2023-01-16T16:00:00Z,6.56400000,6.83600000,6.52500000,6.66900000,2099732.65000000
2023-01-17T00:00:00Z,6.67000000,6.77600000,6.54300000,6.72000000,1343644.73000000
2023-01-17T08:00:00Z,6.71900000,6.84300000,6.65000000,6.71800000,1915539.38000000
2023-01-17T16:00:00Z,6.71800000,6.99500000,6.62800000,6.80400000,2779695.38000000
2023-01-18T00:00:00Z,6.80700000,6.98500000,6.77300000,6.86000000,1594238.28000000
2023-01-18T08:00:00Z,6.85900000,6.93800000,6.36000000,6.54400000,2903844.44000000
2023-01-18T16:00:00Z,6.54500000,6.63100000,6.25600000,6.33400000,3927133.55000000
2023-01-19T00:00:00Z,6.33300000,6.46200000,6.32500000,6.43800000,832791.26000000
2023-01-19T08:00:00Z,6.43900000,6.46000000,6.31400000,6.40700000,1189213.22000000
2023-01-19T16:00:00Z,6.40500000,6.54500000,6.35800000,6.50600000,1268236.65000000
2023-01-20T00:00:00Z,6.50600000,6.54800000,6.41400000,6.45500000,790976.80000000
2023-01-20T08:00:00Z,6.45700000,6.56000000,6.42700000,6.53200000,830755.40000000
2023-01-20T16:00:00Z,6.53100000,6.97100000,6.52000000,6.94100000,2557253.13000000
2023-01-21T00:00:00Z,6.94200000,7.10000000,6.87200000,6.99900000,2176400.94000000
2023-01-21T08:00:00Z,6.99800000,7.11000000,6.80200000,6.91000000,2623221.84000000
2023-01-21T16:00:00Z,6.90800000,7.10100000,6.82300000,6.85300000,1697924.46000000
2023-01-22T00:00:00Z,6.85300000,6.93600000,6.77700000,6.89000000,1020532.81000000
2023-01-22T08:00:00Z,6.88900000,7.23500000,6.82600000,7.03700000,2494514.26000000
2023-01-22T16:00:00Z,7.04000000,7.27100000,6.82200000,6.98400000,3302719.29000000
2023-01-23T00:00:00Z,6.98300000,7.23400000,6.97100000,7.03600000,2164280.80000000
2023-01-23T08:00:00Z,7.03700000,7.16800000,6.84800000,7.01500000,2599297.42000000
2023-01-23T16:00:00Z,7.01800000,7.12100000,6.92200000,7.01500000,1711568.73000000
2023-01-24T00:00:00Z,7.01500000,7.18200000,6.96000000,7.16700000,1391370.33000000
2023-01-24T08:00:00Z,7.16900000,7.20000000,6.97500000,7.04500000,1597844.76000000
2023-01-24T16:00:00Z,7.04500000,7.05600000,6.52500000,6.66100000,2403002.53000000
2023-01-25T00:00:00Z,6.66100000,6.80200000,6.51000000,6.79100000,2183568.28000000
2023-01-25T08:00:00Z,6.79100000,6.81600000,6.61000000,6.69000000,1849276.27000000
2023-01-25T16:00:00Z,6.69000000,7.09900000,6.65700000,6.95400000,2711573.89000000
2023-01-26T00:00:00Z,6.95500000,7.03300000,6.87500000,6.90200000,1708594.07000000
2023-01-26T08:00:00Z,6.90100000,7.13000000,6.82400000,6.96200000,2270772.62000000
2023-01-26T16:00:00Z,6.95900000,7.31600000,6.89300000,7.16900000,3028638.43000000
2023-01-27T00:00:00Z,7.17000000,7.30700000,6.92200000,7.27000000,2176243.85000000
2023-01-27T08:00:00Z,7.27200000,7.37800000,7.09600000,7.19100000,2685734.32000000
2023-01-27T16:00:00Z,7.19100000,7.49600000,7.18000000,7.38400000,1941685.28000000
2023-01-28T00:00:00Z,7.38400000,7.50900000,7.27600000,7.32800000,1279533.30000000
2023-01-28T08:00:00Z,7.32900000,7.39200000,7.15200000,7.24500000,1631892.38000000
2023-01-28T16:00:00Z,7.24500000,7.27500000,7.12000000,7.21100000,1110338.05000000
2023-01-29T00:00:00Z,7.21000000,7.41000000,7.14400000,7.32000000,1274845.59000000
2023-01-29T08:00:00Z,7.32100000,7.43700000,7.31700000,7.35300000,1395650.51000000
2023-01-29T16:00:00Z,7.35200000,7.51800000,7.26300000,7.37200000,2357538.90000000
2023-01-30T00:00:00Z,7.37300000,7.43900000,7.20500000,7.21800000,950525.27000000
2023-01-30T08:00:00Z,7.21700000,7.24400000,6.94800000,7.02600000,2231704.29000000
2023-01-30T16:00:00Z,7.02400000,7.10000000,6.74800000,6.91400000,1832624.49000000
2023-01-31T00:00:00Z,6.91500000,7.04400000,6.89300000,7.03300000,1070156.26000000
2023-01-31T08:00:00Z,7.03600000,7.04400000,6.88700000,6.99300000,1002473.81000000
2023-01-31T16:00:00Z,6.99300000,7.07400000,6.85500000,6.95200000,1263726.47000000
2023-02-01T00:00:00Z,6.95200000,6.98400000,6.79500000,6.85700000,891426.32000000
2023-02-01T08:00:00Z,6.85900000,6.90700000,6.71300000,6.75600000,1192490.10000000
2023-02-01T16:00:00Z,6.75800000,7.27700000,6.67000000,7.21400000,3409631.74000000
2023-02-02T00:00:00Z,7.21400000,7.35000000,7.19800000,7.23400000,1496370.46000000
2023-02-02T08:00:00Z,7.23400000,7.32300000,7.16000000,7.29100000,1648196.32000000
2023-02-02T16:00:00Z,7.29100000,7.48400000,7.03500000,7.09900000,2623420.68000000
2023-02-03T00:00:00Z,7.10000000,7.16600000,7.01200000,7.11000000,1290823.53000000
2023-02-03T08:00:00Z,7.11100000,7.33800000,7.07200000,7.28900000,1876434.51000000
2023-02-03T16:00:00Z,7.29000000,7.32800000,7.17400000,7.29400000,1227833.77000000
2023-02-04T00:00:00Z,7.29300000,7.32000000,7.12600000,7.20300000,1053552.84000000
2023-02-04T08:00:00Z,7.20400000,7.30900000,7.18500000,7.26400000,788802.19000000
2023-02-04T16:00:00Z,7.26400000,7.36400000,7.17900000,7.23700000,1368837.93000000
2023-02-05T00:00:00Z,7.24000000,7.25200000,7.14700000,7.21100000,531427.64000000
2023-02-05T08:00:00Z,7.20900000,7.24300000,6.90100000,7.00100000,1460762.14000000
2023-02-05T16:00:00Z,7.00000000,7.01900000,6.86100000,6.98500000,1424507.43000000
2023-02-06T00:00:00Z,6.98500000,7.04200000,6.85400000,7.01400000,968908.82000000
2023-02-06T08:00:00Z,7.01400000,7.03900000,6.90600000,7.03700000,846330.32000000
2023-02-06T16:00:00Z,7.03700000,7.06300000,6.76500000,6.83200000,1689215.21000000
2023-02-07T00:00:00Z,6.83100000,6.97400000,6.81400000,6.93200000,778216.35000000
2023-02-07T08:00:00Z,6.93000000,7.05900000,6.90600000,6.97400000,1353518.49000000
2023-02-07T16:00:00Z,6.97300000,7.21400000,6.90800000,7.19700000,2412036.75000000
2023-02-08T00:00:00Z,7.19900000,7.29000000,7.17300000,7.25000000,1577790.65000000
2023-02-08T08:00:00Z,7.25000000,7.30000000,7.08200000,7.09000000,1876433.14000000
2023-02-08T16:00:00Z,7.08900000,7.17500000,6.95200000,7.13600000,1456471.10000000
2023-02-09T00:00:00Z,7.13700000,7.46500000,6.86000000,7.44800000,3693620.71000000
2023-02-09T08:00:00Z,7.44700000,7.81700000,7.41000000,7.60200000,8390180.46000000
2023-02-09T16:00:00Z,7.60200000,7.71300000,6.81800000,6.98400000,6668154.86000000
2023-02-10T00:00:00Z,6.98300000,7.12000000,6.77700000,6.96700000,3030986.14000000
2023-02-10T08:00:00Z,6.96700000,7.03400000,6.82200000,6.89200000,2110124.82000000
2023-02-10T16:00:00Z,6.89000000,7.03300000,6.82000000,6.89000000,1477946.35000000
2023-02-11T00:00:00Z,6.88900000,6.95500000,6.85300000,6.91400000,682056.67000000
2023-02-11T08:00:00Z,6.91300000,7.00500000,6.87700000,6.98000000,831099.45000000
2023-02-11T16:00:00Z,6.98100000,7.03600000,6.88100000,7.00300000,780418.17000000
2023-02-12T00:00:00Z,7.00300000,7.01700000,6.91700000,6.94100000,671304.99000000
2023-02-12T08:00:00Z,6.94200000,7.02300000,6.90500000,6.98100000,970986.98000000
2023-02-12T16:00:00Z,6.98000000,7.09000000,6.68500000,6.80800000,1678517.36000000
2023-02-13T00:00:00Z,6.81000000,6.84700000,6.60000000,6.76900000,1379515.19000000
2023-02-13T08:00:00Z,6.77100000,6.77400000,6.40000000,6.56400000,2565820.32000000
2023-02-13T16:00:00Z,6.56400000,6.68500000,6.42800000,6.66900000,1479514.36000000
2023-02-14T00:00:00Z,6.66900000,6.68000000,6.60600000,6.64800000,532140.39000000
2023-02-14T08:00:00Z,6.64900000,6.82200000,6.52700000,6.74800000,2595438.29000000
2023-02-14T16:00:00Z,6.74800000,6.83200000,6.65800000,6.80800000,1268220.35000000
2023-02-15T00:00:00Z,6.80800000,6.82300000,6.72600000,6.77300000,660798.38000000
2023-02-15T08:00:00Z,6.77100000,6.93800000,6.74100000,6.91500000,1687778.48000000
2023-02-15T16:00:00Z,6.91600000,7.31000000,6.88500000,7.28100000,2826037.43000000
2023-02-16T00:00:00Z,7.28000000,7.39200000,7.23400000,7.28000000,3313130.86000000
2023-02-16T08:00:00Z,7.27900000,7.39000000,7.13500000,7.38400000,1767025.10000000
2023-02-16T16:00:00Z,7.38500000,7.49500000,6.99700000,7.01100000,3118925.72000000
2023-02-17T00:00:00Z,7.01100000,7.27200000,6.97200000,7.20100000,1437145.55000000
2023-02-17T08:00:00Z,7.20000000,7.37700000,7.18000000,7.33300000,2108689.94000000
2023-02-17T16:00:00Z,7.33100000,7.71100000,7.28200000,7.65000000,4552132.82000000
2023-02-18T00:00:00Z,7.64900000,7.73800000,7.55800000,7.59600000,1898406.33000000
2023-02-18T08:00:00Z,7.59500000,8.25600000,7.49500000,8.18200000,6865106.36000000
2023-02-18T16:00:00Z,8.18300000,8.24800000,7.94400000,7.98900000,2625534.10000000
2023-02-19T00:00:00Z,7.98600000,8.28200000,7.93900000,8.11800000,3191655.63000000
2023-02-19T08:00:00Z,8.11800000,8.28900000,8.03800000,8.14300000,3149911.63000000
2023-02-19T16:00:00Z,8.14400000,8.22200000,7.82000000,8.01400000,3074459.32000000
2023-02-20T00:00:00Z,8.01000000,8.38000000,7.72100000,8.37000000,2898704.24000000
2023-02-20T08:00:00Z,8.36900000,8.40000000,8.06000000,8.12800000,3372178.28000000
2023-02-20T16:00:00Z,8.12700000,8.13200000,7.91400000,8.01700000,1794494.95000000
2023-02-21T00:00:00Z,8.01900000,8.07700000,7.90200000,7.97400000,1161748.76000000
2023-02-21T08:00:00Z,7.97400000,8.01300000,7.66300000,7.74400000,2514110.65000000
2023-02-21T16:00:00Z,7.74300000,7.77400000,7.50500000,7.64000000,2218115.45000000
2023-02-22T00:00:00Z,7.64100000,7.75200000,7.37400000,7.48300000,2897761.32000000
2023-02-22T08:00:00Z,7.48300000,7.56200000,7.31500000,7.36300000,1922463.62000000
2023-02-22T16:00:00Z,7.36200000,7.72000000,7.29400000,7.71700000,1676717.65000000
2023-02-23T00:00:00Z,7.71700000,7.97400000,7.67000000,7.91800000,1960550.15000000
2023-02-23T08:00:00Z,7.91700000,8.21000000,7.75900000,7.97100000,6122564.69000000
2023-02-23T16:00:00Z,7.97000000,8.02900000,7.70400000,7.93500000,2066991.98000000
2023-02-24T00:00:00Z,7.93700000,8.14900000,7.87600000,8.10300000,2490858.24000000
2023-02-24T08:00:00Z,8.10300000,8.13200000,7.54200000,7.59200000,2903065.14000000
2023-02-24T16:00:00Z,7.59100000,7.72400000,7.22000000,7.46600000,4319095.70000000
2023-02-25T00:00:00Z,7.46600000,7.49100000,7.31400000,7.40700000,1270834.93000000
2023-02-25T08:00:00Z,7.40700000,7.43800000,7.25000000,7.34900000,1214149.57000000
2023-02-25T16:00:00Z,7.34800000,7.40100000,7.16800000,7.37300000,1792909.48000000
2023-02-26T00:00:00Z,7.37100000,7.43000000,7.29300000,7.40400000,718641.85000000
2023-02-26T08:00:00Z,7.40400000,7.44600000,7.36200000,7.38300000,618195.65000000
2023-02-26T16:00:00Z,7.38400000,7.54800000,7.31000000,7.49700000,1205131.55000000
2023-02-27T00:00:00Z,7.49400000,7.50800000,7.32500000,7.33600000,863333.53000000
2023-02-27T08:00:00Z,7.33500000,7.47000000,7.22000000,7.36800000,1640073.11000000
2023-02-27T16:00:00Z,7.36900000,7.39000000,7.12100000,7.27400000,1501179.09000000
2023-02-28T00:00:00Z,7.27400000,7.35800000,7.21800000,7.26100000,1143071.05000000
2023-02-28T08:00:00Z,7.26200000,7.42200000,7.22500000,7.40800000,1295569.95000000
2023-02-28T16:00:00Z,7.40800000,7.42200000,7.09600000,7.19500000,1595764.79000000
2023-03-01T00:00:00Z,7.19600000,7.42900000,7.14600000,7.39800000,1022855.20000000
2023-03-01T08:00:00Z,7.39700000,7.51500000,7.38400000,7.43300000,1501597.86000000
2023-03-01T16:00:00Z,7.43100000,7.54700000,7.33500000,7.53600000,1226324.68000000
2023-03-02T00:00:00Z,7.53600000,7.58500000,7.31200000,7.35600000,962985.76000000
2023-03-02T08:00:00Z,7.35600000,7.36700000,7.16300000,7.23100000,1047964.71000000
2023-03-02T16:00:00Z,7.23000000,7.30200000,7.16800000,7.27500000,859736.41000000
2023-03-03T00:00:00Z,7.27500000,7.27600000,6.65500000,6.86700000,3434945.44000000
2023-03-03T08:00:00Z,6.86700000,6.95200000,6.84700000,6.89800000,1066402.76000000
2023-03-03T16:00:00Z,6.89800000,6.96300000,6.85700000,6.95800000,808186.31000000
2023-03-04T00:00:00Z,6.95800000,7.01100000,6.85800000,6.91300000,732680.53000000
2023-03-04T08:00:00Z,6.91300000,6.97000000,6.89600000,6.92400000,593665.61000000
2023-03-04T16:00:00Z,6.92300000,6.94500000,6.70800000,6.85700000,1412118.37000000
2023-03-05T00:00:00Z,6.85700000,6.99800000,6.80700000,6.91900000,929272.46000000
2023-03-05T08:00:00Z,6.91700000,6.97800000,6.89000000,6.95000000,490223.49000000
2023-03-05T16:00:00Z,6.94900000,7.01700000,6.90400000,6.94500000,548998.21000000
2023-03-06T00:00:00Z,6.94600000,6.97300000,6.81900000,6.88600000,807515.75000000
2023-03-06T08:00:00Z,6.88500000,6.96800000,6.84700000,6.96400000,499335.38000000
2023-03-06T16:00:00Z,6.96300000,6.98100000,6.84900000,6.85400000,1301629.68000000
2023-03-07T00:00:00Z,6.85700000,6.97400000,6.83400000,6.90100000,571997.93000000
2023-03-07T08:00:00Z,6.90300000,6.90400000,6.68300000,6.80800000,1336098.19000000
2023-03-07T16:00:00Z,6.80900000,6.89400000,6.66700000,6.88100000,1107691.53000000
2023-03-08T00:00:00Z,6.88400000,6.94800000,6.77200000,6.79300000,977262.68000000
2023-03-08T08:00:00Z,6.79200000,6.84800000,6.59000000,6.71900000,1493217.70000000
2023-03-08T16:00:00Z,6.71700000,6.73500000,6.49400000,6.57700000,1628335.01000000
2023-03-09T00:00:00Z,6.57800000,6.65000000,6.51200000,6.59900000,992387.06000000
2023-03-09T08:00:00Z,6.60000000,6.69000000,6.53400000,6.60300000,1082731.03000000
2023-03-09T16:00:00Z,6.60300000,6.63000000,6.00700000,6.16000000,3913691.45000000
2023-03-10T00:00:00Z,6.16100000,6.20200000,6.04600000,6.17000000,1529337.99000000
2023-03-10T08:00:00Z,6.17200000,6.25600000,5.89000000,6.21300000,3676683.47000000
2023-03-10T16:00:00Z,6.21100000,6.26400000,6.14000000,6.21500000,1416016.26000000
2023-03-11T00:00:00Z,6.21400000,6.39200000,5.95300000,5.99500000,2641894.62000000
2023-03-11T08:00:00Z,5.99400000,6.12200000,5.92000000,5.95500000,1868958.25000000
2023-03-11T16:00:00Z,5.95600000,6.17100000,5.92000000,6.16200000,1147339.51000000
2023-03-12T00:00:00Z,6.16100000,6.18000000,6.11000000,6.14600000,879396.22000000
2023-03-12T08:00:00Z,6.14700000,6.15700000,6.07000000,6.09700000,869579.65000000
2023-03-12T16:00:00Z,6.09700000,6.57400000,6.09000000,6.55100000,3062100.38000000
2023-03-13T00:00:00Z,6.55200000,6.72000000,6.52900000,6.63600000,2395713.72000000
2023-03-13T08:00:00Z,6.63700000,6.88500000,6.39500000,6.75900000,3742912.90000000
2023-03-13T16:00:00Z,6.76000000,6.80400000,6.67900000,6.76100000,1678647.41000000
2023-03-14T00:00:00Z,6.76000000,6.79900000,6.65300000,6.68400000,1405550.97000000
2023-03-14T08:00:00Z,6.68700000,7.20000000,6.60800000,7.14700000,3972056.17000000
2023-03-14T16:00:00Z,7.14600000,7.16000000,6.75100000,6.96000000,3528546.32000000
2023-03-15T00:00:00Z,6.95900000,7.11000000,6.88000000,7.08100000,1253874.75000000
2023-03-15T08:00:00Z,7.07700000,7.07800000,6.55000000,6.58400000,2730093.92000000
2023-03-15T16:00:00Z,6.58400000,6.62600000,6.37900000,6.54600000,2816360.17000000
2023-03-16T00:00:00Z,6.54600000,6.63800000,6.44300000,6.61500000,1008600.76000000
2023-03-16T08:00:00Z,6.61500000,6.66100000,6.46400000,6.62100000,1442459.71000000
2023-03-16T16:00:00Z,6.62100000,6.67800000,6.52100000,6.65600000,1166162.83000000
2023-03-17T00:00:00Z,6.65600000,6.95500000,6.59700000,6.91600000,2098290.66000000
2023-03-17T08:00:00Z,6.91500000,7.20000000,6.88200000,6.99900000,2793451.18000000
2023-03-17T16:00:00Z,6.99700000,7.25800000,6.97500000,7.20700000,1993869.35000000
2023-03-18T00:00:00Z,7.20600000,7.29900000,7.08400000,7.24700000,2019465.52000000
2023-03-18T08:00:00Z,7.24600000,7.26700000,6.95900000,7.02600000,2061931.99000000
2023-03-18T16:00:00Z,7.02600000,7.10000000,6.85000000,6.92200000,1567890.88000000
2023-03-19T00:00:00Z,6.92200000,7.10500000,6.91600000,7.04700000,800259.64000000
2023-03-19T08:00:00Z,7.04600000,7.19500000,7.00200000,7.14800000,1277828.33000000
2023-03-19T16:00:00Z,7.14700000,7.28100000,7.04100000,7.08100000,1524918.97000000
2023-03-20T00:00:00Z,7.08100000,7.20000000,6.91000000,7.17000000,1855154.27000000
2023-03-20T08:00:00Z,7.17100000,7.42900000,7.11500000,7.34600000,4205494.05000000
2023-03-20T16:00:00Z,7.34700000,7.48000000,7.00000000,7.05000000,2932399.00000000
2023-03-21T00:00:00Z,7.05000000,7.19400000,6.86000000,6.88400000,1836575.25000000
2023-03-21T08:00:00Z,6.88500000,7.36500000,6.83800000,7.26300000,2355938.80000000
2023-03-21T16:00:00Z,7.26300000,7.47000000,7.16900000,7.37500000,2353770.57000000
2023-03-22T00:00:00Z,7.37500000,7.57200000,7.27400000,7.48000000,2608449.32000000
2023-03-22T08:00:00Z,7.47900000,7.72300000,7.38500000,7.60200000,4041551.65000000
2023-03-22T16:00:00Z,7.60200000,7.61600000,7.00100000,7.17300000,5412578.76000000
2023-03-23T00:00:00Z,7.17300000,7.28600000,7.08600000,7.27600000,1192315.96000000
2023-03-23T08:00:00Z,7.27700000,7.63000000,7.27700000,7.57700000,2518142.98000000
2023-03-23T16:00:00Z,7.57800000,7.63700000,7.41200000,7.61000000,2239671.87000000
2023-03-24T00:00:00Z,7.60800000,7.65900000,7.44900000,7.47500000,1579672.37000000
2023-03-24T08:00:00Z,7.47500000,7.47500000,7.25800000,7.32900000,1651646.35000000
2023-03-24T16:00:00Z,7.32700000,7.34900000,7.11100000,7.19100000,1610916.74000000
2023-03-25T00:00:00Z,7.19100000,7.25400000,7.13900000,7.14600000,819254.13000000
2023-03-25T08:00:00Z,7.14500000,7.15100000,7.04300000,7.13000000,1147480.67000000
2023-03-25T16:00:00Z,7.13100000,7.14600000,6.97000000,7.07500000,1055830.53000000
2023-03-26T00:00:00Z,7.07400000,7.18900000,7.04900000,7.13700000,487311.47000000
2023-03-26T08:00:00Z,7.13900000,7.29000000,7.13100000,7.18300000,928927.12000000
2023-03-26T16:00:00Z,7.18400000,7.28700000,7.13400000,7.26100000,548749.62000000
2023-03-27T00:00:00Z,7.26000000,7.27400000,7.10500000,7.13100000,772954.54000000
2023-03-27T08:00:00Z,7.13000000,7.20600000,6.74700000,6.88200000,2416071.51000000
2023-03-27T16:00:00Z,6.88300000,6.93300000,6.78000000,6.87000000,1362695.94000000
2023-03-28T00:00:00Z,6.87100000,6.91500000,6.76300000,6.85900000,974197.70000000
2023-03-28T08:00:00Z,6.85900000,6.89300000,6.75000000,6.86100000,1382586.56000000
2023-03-28T16:00:00Z,6.86300000,7.04600000,6.77200000,6.94700000,1728204.77000000
2023-03-29T00:00:00Z,6.94700000,7.18000000,6.92700000,7.17200000,1278353.08000000
2023-03-29T08:00:00Z,7.17200000,7.38000000,7.16100000,7.35700000,2783139.17000000
2023-03-29T16:00:00Z,7.35700000,7.49900000,7.28000000,7.38200000,1763435.47000000
2023-03-30T00:00:00Z,7.38200000,7.55800000,7.25200000,7.38000000,2495735.82000000
2023-03-30T08:00:00Z,7.38000000,7.41300000,7.24100000,7.26600000,1397953.30000000
2023-03-30T16:00:00Z,7.26500000,7.27800000,7.13200000,7.23300000,1380067.76000000
2023-03-31T00:00:00Z,7.23000000,7.53300000,7.22500000,7.50900000,1643446.46000000
2023-03-31T08:00:00Z,7.51100000,7.69000000,7.39700000,7.58200000,2638547.57000000
2023-03-31T16:00:00Z,7.58300000,7.66700000,7.51500000,7.58800000,2036302.26000000
2023-04-01T00:00:00Z,7.58800000,7.63600000,7.48100000,7.56400000,1119619.62000000
2023-04-01T08:00:00Z,7.56300000,7.59900000,7.45200000,7.49100000,889139.86000000
2023-04-01T16:00:00Z,7.49100000,7.55900000,7.42700000,7.54800000,697891.86000000
2023-04-02T00:00:00Z,7.54500000,7.54600000,7.44300000,7.50700000,364394.36000000
2023-04-02T08:00:00Z,7.50700000,7.51700000,7.26700000,7.32500000,1075166.24000000
2023-04-02T16:00:00Z,7.32200000,7.37200000,7.19100000,7.25500000,1191085.56000000
2023-04-03T00:00:00Z,7.25500000,7.26900000,7.07100000,7.25200000,876045.20000000
2023-04-03T08:00:00Z,7.25200000,7.38300000,7.21500000,7.27800000,1372031.48000000
2023-04-03T16:00:00Z,7.27900000,7.44100000,7.02200000,7.24500000,2971301.46000000
2023-04-04T00:00:00Z,7.24400000,7.32000000,7.20200000,7.25600000,1226409.90000000
2023-04-04T08:00:00Z,7.25700000,7.43100000,7.23900000,7.36300000,2021175.19000000
2023-04-04T16:00:00Z,7.36200000,7.47700000,7.33400000,7.37000000,1116506.33000000
2023-04-05T00:00:00Z,7.37000000,7.60600000,7.33400000,7.54800000,1569956.66000000
2023-04-05T08:00:00Z,7.54800000,7.56500000,7.21700000,7.29600000,2456152.42000000
2023-04-05T16:00:00Z,7.29600000,7.35800000,7.25000000,7.32100000,1143758.95000000
2023-04-06T00:00:00Z,7.32200000,7.33300000,7.20500000,7.24600000,817846.11000000
2023-04-06T08:00:00Z,7.24700000,7.29400000,7.16100000,7.27200000,1172763.24000000
2023-04-06T16:00:00Z,7.27200000,7.28500000,7.11300000,7.20100000,992453.72000000
2023-04-07T00:00:00Z,7.20000000,7.23000000,7.10600000,7.13000000,640489.20000000
2023-04-07T08:00:00Z,7.12800000,7.23500000,7.10600000,7.23100000,639726.82000000
2023-04-07T16:00:00Z,7.23200000,7.30800000,7.20100000,7.26700000,613612.81000000
2023-04-08T00:00:00Z,7.26700000,7.29700000,7.21200000,7.24900000,451637.85000000
2023-04-08T08:00:00Z,7.24800000,7.26200000,7.18300000,7.21800000,371672.85000000
2023-04-08T16:00:00Z,7.21900000,7.22400000,7.07600000,7.13000000,617023.63000000
2023-04-09T00:00:00Z,7.12900000,7.18600000,7.06700000,7.12400000,363342.97000000
2023-04-09T08:00:00Z,7.12500000,7.13000000,7.05000000,7.10700000,422101.11000000
2023-04-09T16:00:00Z,7.10600000,7.25500000,7.09200000,7.20300000,496348.92000000
2023-04-10T00:00:00Z,7.20300000,7.23200000,7.13100000,7.23000000,362365.81000000
2023-04-10T08:00:00Z,7.22900000,7.24700000,7.15400000,7.20900000,678693.06000000
2023-04-10T16:00:00Z,7.21200000,7.36700000,7.17900000,7.34300000,1597588.26000000
2023-04-11T00:00:00Z,7.34400000,7.42900000,7.31700000,7.42000000,1219687.87000000
2023-04-11T08:00:00Z,7.42000000,7.45300000,7.34300000,7.38400000,974110.93000000
2023-04-11T16:00:00Z,7.38400000,7.39700000,7.28000000,7.30100000,815757.63000000
2023-04-12T00:00:00Z,7.30000000,7.32600000,7.10000000,7.18600000,1263404.60000000
2023-04-12T08:00:00Z,7.18600000,7.37200000,7.14300000,7.28900000,1622155.21000000
2023-04-12T16:00:00Z,7.28900000,7.30400000,7.14100000,7.23000000,937620.89000000
2023-04-13T00:00:00Z,7.23000000,7.25900000,7.16700000,7.25600000,635839.39000000
2023-04-13T08:00:00Z,7.25600000,7.47000000,7.25500000,7.40700000,2045992.89000000
2023-04-13T16:00:00Z,7.40700000,7.54600000,7.40700000,7.45800000,1172150.68000000
2023-04-14T00:00:00Z,7.45800000,7.89900000,7.45700000,7.76300000,3112289.40000000
2023-04-14T08:00:00Z,7.76300000,7.84300000,7.54000000,7.55100000,3004153.11000000
2023-04-14T16:00:00Z,7.55000000,7.81300000,7.52900000,7.74300000,1690946.79000000
2023-04-15T00:00:00Z,7.74300000,7.75100000,7.61300000,7.70200000,902125.02000000
2023-04-15T08:00:00Z,7.70100000,7.99800000,7.68300000,7.96500000,1901574.80000000
2023-04-15T16:00:00Z,7.96600000,8.08900000,7.92000000,8.00500000,2027020.23000000
2023-04-16T00:00:00Z,8.00500000,8.16500000,7.95800000,8.08200000,1820924.67000000
2023-04-16T08:00:00Z,8.08100000,8.10200000,7.90200000,7.95700000,1087969.85000000
2023-04-16T16:00:00Z,7.95700000,8.19000000,7.93400000,8.14000000,1394352.13000000
2023-04-17T00:00:00Z,8.13600000,8.29900000,7.86100000,8.10300000,2876231.00000000
2023-04-17T08:00:00Z,8.10400000,8.18600000,7.92700000,8.05600000,2945044.60000000
2023-04-17T16:00:00Z,8.05600000,8.27700000,8.04600000,8.16000000,1880793.45000000
2023-04-18T00:00:00Z,8.16100000,8.45600000,8.03000000,8.42600000,2257140.43000000
2023-04-18T08:00:00Z,8.42700000,8.79800000,8.40800000,8.72500000,4789176.65000000
2023-04-18T16:00:00Z,8.72500000,8.73200000,8.51900000,8.57800000,2309758.38000000
2023-04-19T00:00:00Z,8.57800000,8.60000000,8.38300000,8.39800000,1948132.51000000
2023-04-19T08:00:00Z,8.39700000,8.40000000,7.90000000,8.02700000,4949582.04000000
2023-04-19T16:00:00Z,8.02900000,8.09100000,7.63000000,7.75200000,3242730.72000000
2023-04-20T00:00:00Z,7.75200000,7.89200000,7.67400000,7.77700000,1863821.55000000
2023-04-20T08:00:00Z,7.77700000,7.96700000,7.70400000,7.73300000,2120976.08000000
2023-04-20T16:00:00Z,7.73000000,7.73500000,7.45300000,7.51200000,3443918.57000000
2023-04-21T00:00:00Z,7.51200000,7.60900000,7.38000000,7.54000000,1706670.92000000
2023-04-21T08:00:00Z,7.54000000,7.57500000,7.33200000,7.38000000,2046838.43000000
2023-04-21T16:00:00Z,7.38000000,7.39400000,7.00600000,7.11300000,3131087.33000000
2023-04-22T00:00:00Z,7.11300000,7.18300000,7.08000000,7.08800000,944523.26000000
2023-04-22T08:00:00Z,7.08900000,7.22000000,7.08500000,7.17300000,861710.00000000
2023-04-22T16:00:00Z,7.17300000,7.24200000,7.10000000,7.17500000,1209383.98000000
2023-04-23T00:00:00Z,7.17400000,7.17400000,7.00000000,7.12800000,1151538.80000000
2023-04-23T08:00:00Z,7.13000000,7.14100000,6.92500000,6.99000000,1276356.62000000
2023-04-23T16:00:00Z,6.98900000,7.09300000,6.86600000,7.08200000,1722521.10000000
2023-04-24T00:00:00Z,7.08200000,7.22300000,7.02200000,7.10200000,1158607.36000000
2023-04-24T08:00:00Z,7.10100000,7.26900000,7.04700000,7.09100000,1621924.03000000
2023-04-24T16:00:00Z,7.09100000,7.16300000,6.99600000,7.06800000,1242886.91000000
2023-04-25T00:00:00Z,7.06900000,7.09800000,6.97000000,6.99000000,957483.28000000
2023-04-25T08:00:00Z,6.98900000,7.11000000,6.94800000,7.01300000,1133317.32000000
2023-04-25T16:00:00Z,7.01200000,7.30000000,6.99600000,7.27400000,1568291.35000000
2023-04-26T00:00:00Z,7.27500000,7.33600000,7.19600000,7.24900000,962037.61000000
2023-04-26T08:00:00Z,7.25000000,7.50300000,7.24200000,7.43800000,2047930.69000000
2023-04-26T16:00:00Z,7.44100000,7.45300000,6.70300000,7.00400000,4262900.32000000
2023-04-27T00:00:00Z,7.00400000,7.22500000,6.98400000,7.05400000,2193902.14000000
2023-04-27T08:00:00Z,7.05400000,7.16900000,6.98200000,7.12400000,1513675.36000000
2023-04-27T16:00:00Z,7.12400000,7.23200000,7.08900000,7.17000000,1616736.43000000
2023-04-28T00:00:00Z,7.17000000,7.18700000,7.09400000,7.18300000,967824.49000000
2023-04-28T08:00:00Z,7.18300000,7.18700000,6.94900000,7.02600000,1591849.05000000
2023-04-28T16:00:00Z,7.02500000,7.06900000,6.99600000,7.04000000,950988.51000000
2023-04-29T00:00:00Z,7.04000000,7.09700000,6.99200000,7.09200000,665253.95000000
2023-04-29T08:00:00Z,7.09200000,7.22000000,7.05400000,7.18800000,970745.49000000
2023-04-29T16:00:00Z,7.18900000,7.21200000,7.07100000,7.18500000,754311.11000000
2023-04-30T00:00:00Z,7.18500000,7.21300000,7.11600000,7.17600000,534535.43000000
2023-04-30T08:00:00Z,7.17500000,7.30500000,7.15500000,7.24300000,1039704.54000000
2023-04-30T16:00:00Z,7.24300000,7.29400000,7.01400000,7.02500000,1200790.62000000
2023-05-01T00:00:00Z,7.02500000,7.08200000,6.85700000,6.99400000,1479744.83000000
2023-05-01T08:00:00Z,6.99400000,7.01700000,6.87300000,6.91200000,738399.41000000
2023-05-01T16:00:00Z,6.91300000,6.95200000,6.79700000,6.89800000,1067200.50000000
2023-05-02T00:00:00Z,6.89600000,6.93600000,6.85000000,6.92400000,400661.05000000
2023-05-02T08:00:00Z,6.92500000,6.96200000,6.80000000,6.90900000,1015764.11000000
2023-05-02T16:00:00Z,6.90800000,7.01300000,6.87800000,6.98700000,660775.23000000
2023-05-03T00:00:00Z,6.98700000,7.00300000,6.89100000,6.97600000,608486.01000000
2023-05-03T08:00:00Z,6.97500000,6.98900000,6.81900000,6.86800000,846626.40000000
2023-05-03T16:00:00Z,6.86700000,7.15100000,6.85000000,7.12900000,1807254.16000000
2023-05-04T00:00:00Z,7.12900000,7.16200000,7.06500000,7.06600000,534261.87000000
2023-05-04T08:00:00Z,7.06600000,7.12200000,6.98600000,7.03000000,679517.27000000
2023-05-04T16:00:00Z,7.02900000,7.04100000,6.95900000,6.99800000,526791.85000000
2023-05-05T00:00:00Z,6.99700000,7.11200000,6.98700000,7.04500000,515020.62000000
2023-05-05T08:00:00Z,7.04600000,7.15300000,6.88800000,7.14200000,1171444.81000000
2023-05-05T16:00:00Z,7.14200000,7.28000000,7.14200000,7.22600000,1202500.48000000
2023-05-06T00:00:00Z,7.22600000,7.27900000,7.10000000,7.10800000,660270.56000000
2023-05-06T08:00:00Z,7.10700000,7.10700000,6.86600000,6.90800000,1329628.80000000
2023-05-06T16:00:00Z,6.90600000,6.99700000,6.89300000,6.92000000,613314.56000000
2023-05-07T00:00:00Z,6.92000000,6.97800000,6.87500000,6.91900000,522130.74000000
2023-05-07T08:00:00Z,6.91900000,6.98900000,6.90300000,6.93800000,466995.88000000
2023-05-07T16:00:00Z,6.93900000,6.97500000,6.85800000,6.91100000,687888.27000000
2023-05-08T00:00:00Z,6.91100000,6.91300000,6.58200000,6.62900000,2262523.94000000
2023-05-08T08:00:00Z,6.62800000,6.76300000,6.61400000,6.72000000,875025.50000000
2023-05-08T16:00:00Z,6.72100000,6.72800000,6.39400000,6.58200000,2161367.91000000
2023-05-09T00:00:00Z,6.58200000,6.63300000,6.52300000,6.59800000,671098.81000000
2023-05-09T08:00:00Z,6.59800000,6.60000000,6.45700000,6.47700000,878204.08000000
2023-05-09T16:00:00Z,6.47700000,6.56000000,6.45200000,6.52200000,650409.89000000
2023-05-10T00:00:00Z,6.52100000,6.55900000,6.48700000,6.50000000,454386.50000000
2023-05-10T08:00:00Z,6.50000000,6.69600000,6.46200000,6.61100000,1534738.16000000
2023-05-10T16:00:00Z,6.61200000,6.64500000,6.30000000,6.58800000,2307888.40000000
2023-05-11T00:00:00Z,6.58800000,6.59200000,6.48300000,6.50300000,752053.75000000
2023-05-11T08:00:00Z,6.50200000,6.52100000,6.28000000,6.37500000,1821190.77000000
2023-05-11T16:00:00Z,6.37400000,6.38600000,6.21200000,6.36000000,1395962.13000000
2023-05-12T00:00:00Z,6.36000000,6.39700000,6.22400000,6.37800000,891573.14000000
2023-05-12T08:00:00Z,6.37900000,6.48000000,6.36800000,6.40100000,829785.75000000
2023-05-12T16:00:00Z,6.40100000,6.64000000,6.31700000,6.62300000,1601607.95000000
2023-05-13T00:00:00Z,6.62300000,6.63600000,6.56000000,6.60100000,495206.00000000
2023-05-13T08:00:00Z,6.60200000,6.61200000,6.49900000,6.53400000,536928.02000000
2023-05-13T16:00:00Z,6.53500000,6.55000000,6.47500000,6.49100000,710352.49000000
2023-05-14T00:00:00Z,6.49000000,6.54800000,6.41000000,6.52900000,373870.04000000
2023-05-14T08:00:00Z,6.52900000,6.61000000,6.51000000,6.59200000,429242.16000000
2023-05-14T16:00:00Z,6.59100000,6.60400000,6.48600000,6.54700000,390657.25000000
2023-05-15T00:00:00Z,6.54700000,6.71100000,6.45300000,6.67400000,1193079.24000000
2023-05-15T08:00:00Z,6.67900000,6.70300000,6.59200000,6.65800000,544166.93000000
2023-05-15T16:00:00Z,6.65900000,6.70200000,6.61100000,6.63500000,591473.96000000
2023-05-16T00:00:00Z,6.63500000,6.70900000,6.55200000,6.69100000,969886.41000000
2023-05-16T08:00:00Z,6.69200000,6.72800000,6.56600000,6.65000000,830633.61000000
2023-05-16T16:00:00Z,6.65100000,6.69000000,6.59900000,6.65900000,496902.99000000
2023-05-17T00:00:00Z,6.65800000,6.73600000,6.57800000,6.59000000,858430.47000000
2023-05-17T08:00:00Z,6.58900000,6.64000000,6.55200000,6.59900000,872887.65000000
2023-05-17T16:00:00Z,6.60000000,6.81200000,6.57800000,6.75800000,1568317.89000000
2023-05-18T00:00:00Z,6.75800000,6.76700000,6.68200000,6.73000000,360037.54000000
2023-05-18T08:00:00Z,6.72900000,6.73600000,6.61000000,6.64100000,569337.64000000
2023-05-18T16:00:00Z,6.64000000,6.65500000,6.42800000,6.53100000,1345169.68000000
2023-05-19T00:00:00Z,6.53100000,6.53300000,6.47500000,6.53000000,391508.98000000
2023-05-19T08:00:00Z,6.53000000,6.55500000,6.45800000,6.51400000,538343.33000000
2023-05-19T16:00:00Z,6.51400000,6.52900000,6.45900000,6.51000000,491485.47000000
2023-05-20T00:00:00Z,6.51000000,6.51900000,6.47100000,6.48400000,280282.51000000
2023-05-20T08:00:00Z,6.48600000,6.51000000,6.48500000,6.50000000,200064.85000000
2023-05-20T16:00:00Z,6.50000000,6.54300000,6.47800000,6.50300000,276972.65000000
2023-05-21T00:00:00Z,6.50500000,6.54500000,6.49800000,6.50700000,218281.82000000
2023-05-21T08:00:00Z,6.50700000,6.50700000,6.35600000,6.42000000,582172.60000000
2023-05-21T16:00:00Z,6.41800000,6.44000000,6.36100000,6.43000000,478923.27000000
2023-05-22T00:00:00Z,6.43000000,6.48100000,6.33400000,6.47100000,818697.11000000
2023-05-22T08:00:00Z,6.47200000,6.60800000,6.46900000,6.51000000,1298534.12000000
2023-05-22T16:00:00Z,6.50800000,6.54200000,6.48900000,6.53300000,485092.76000000
2023-05-23T00:00:00Z,6.53400000,6.63500000,6.50500000,6.54800000,742638.53000000
2023-05-23T08:00:00Z,6.54800000,6.56300000,6.51500000,6.54800000,538278.00000000
2023-05-23T16:00:00Z,6.54800000,6.55000000,6.47400000,6.50400000,470355.15000000
2023-05-24T00:00:00Z,6.50500000,6.50900000,6.31800000,6.33500000,1024029.91000000
2023-05-24T08:00:00Z,6.33500000,6.37600000,6.20600000,6.27000000,1342782.64000000
2023-05-24T16:00:00Z,6.26900000,6.36100000,6.24500000,6.32000000,723295.49000000
2023-05-25T00:00:00Z,6.32100000,6.33800000,6.16400000,6.29400000,744229.08000000
2023-05-25T08:00:00Z,6.29400000,6.34500000,6.24300000,6.24800000,611592.14000000
2023-05-25T16:00:00Z,6.24700000,6.33100000,6.23900000,6.27800000,500473.25000000
2023-05-26T00:00:00Z,6.27900000,6.31800000,6.23500000,6.31200000,498287.03000000
2023-05-26T08:00:00Z,6.31100000,6.45800000,6.27300000,6.35200000,819382.95000000
2023-05-26T16:00:00Z,6.35100000,6.38300000,6.31600000,6.34400000,386974.19000000
2023-05-27T00:00:00Z,6.34400000,6.38100000,6.33700000,6.35600000,274550.23000000
2023-05-27T08:00:00Z,6.35400000,6.39900000,6.32700000,6.39800000,338365.84000000
2023-05-27T16:00:00Z,6.39800000,6.44100000,6.37700000,6.43800000,487935.16000000
2023-05-28T00:00:00Z,6.43700000,6.59800000,6.41900000,6.49500000,796394.84000000
2023-05-28T08:00:00Z,6.49500000,6.52000000,6.46200000,6.50900000,367633.51000000
2023-05-28T16:00:00Z,6.50700000,6.65900000,6.49200000,6.63100000,864797.63000000
2023-05-29T00:00:00Z,6.63600000,6.67400000,6.56500000,6.60300000,764344.27000000
2023-05-29T08:00:00Z,6.60400000,6.62900000,6.54700000,6.55900000,710770.58000000
2023-05-29T16:00:00Z,6.56000000,6.67800000,6.52700000,6.63700000,761717.30000000
2023-05-30T00:00:00Z,6.63700000,6.67200000,6.53800000,6.54000000,624191.77000000
2023-05-30T08:00:00Z,6.54000000,6.63900000,6.53600000,6.57700000,958821.04000000
2023-05-30T16:00:00Z,6.57700000,6.65600000,6.54000000,6.61300000,812551.97000000
2023-05-31T00:00:00Z,6.61100000,6.63600000,6.42900000,6.48500000,1364686.27000000
2023-05-31T08:00:00Z,6.48500000,6.51200000,6.39600000,6.44400000,807759.35000000
2023-05-31T16:00:00Z,6.44600000,6.48800000,6.43200000,6.47800000,431575.94000000
2023-06-01T00:00:00Z,6.47800000,6.51300000,6.37200000,6.41200000,803578.43000000
2023-06-01T08:00:00Z,6.41100000,6.44100000,6.38400000,6.40800000,574466.61000000
2023-06-01T16:00:00Z,6.41000000,6.45500000,6.31700000,6.34400000,785535.21000000
2023-06-02T00:00:00Z,6.34400000,6.48100000,6.30600000,6.41900000,532491.75000000
2023-06-02T08:00:00Z,6.41900000,6.44300000,6.34600000,6.39100000,1106134.63000000
2023-06-02T16:00:00Z,6.39100000,6.46700000,6.36800000,6.45000000,508447.66000000
2023-06-03T00:00:00Z,6.45100000,6.45900000,6.39800000,6.43400000,242536.66000000
2023-06-03T08:00:00Z,6.43500000,6.45000000,6.40900000,6.43800000,274003.49000000
2023-06-03T16:00:00Z,6.43900000,6.44600000,6.36100000,6.42100000,352059.54000000
2023-06-04T00:00:00Z,6.42100000,6.49600000,6.39300000,6.48500000,319884.30000000
2023-06-04T08:00:00Z,6.48400000,6.52600000,6.46900000,6.49900000,419874.97000000
2023-06-04T16:00:00Z,6.49900000,6.53200000,6.44400000,6.45200000,470176.40000000
2023-06-05T00:00:00Z,6.45000000,6.49200000,6.34800000,6.40000000,782307.56000000
2023-06-05T08:00:00Z,6.39900000,6.40900000,6.08100000,6.09900000,1253355.70000000
2023-06-05T16:00:00Z,6.09800000,6.17600000,5.96100000,6.05400000,2459642.52000000
2023-06-06T00:00:00Z,6.05400000,6.09500000,6.00300000,6.08500000,550990.80000000
2023-06-06T08:00:00Z,6.08600000,6.23300000,6.02200000,6.22900000,2031548.13000000
2023-06-06T16:00:00Z,6.23000000,6.31200000,6.20600000,6.26100000,1127369.39000000
2023-06-07T00:00:00Z,6.26100000,6.26900000,6.16700000,6.17600000,578091.11000000
2023-06-07T08:00:00Z,6.17600000,6.18700000,5.94100000,5.98600000,1448467.24000000
2023-06-07T16:00:00Z,5.98500000,5.99500000,5.82900000,5.91700000,972243.20000000
2023-06-08T00:00:00Z,5.91900000,5.98300000,5.88300000,5.97100000,521705.99000000
2023-06-08T08:00:00Z,5.97100000,6.03200000,5.95800000,6.01900000,569701.73000000
2023-06-08T16:00:00Z,6.01900000,6.03600000,5.94500000,5.99500000,335048.37000000
2023-06-09T00:00:00Z,5.99400000,6.00400000,5.92000000,5.94100000,393885.62000000
2023-06-09T08:00:00Z,5.94000000,6.08100000,5.92900000,5.99100000,431881.89000000
2023-06-09T16:00:00Z,5.99100000,6.02400000,5.92500000,5.99300000,441769.56000000
2023-06-10T00:00:00Z,5.99200000,6.00700000,4.76100000,5.10700000,6846733.73000000
2023-06-10T08:00:00Z,5.10700000,5.14800000,4.95700000,5.01600000,4089451.60000000
2023-06-10T16:00:00Z,5.01600000,5.28700000,4.91700000,5.23300000,3092470.26000000
2023-06-11T00:00:00Z,5.23300000,5.23900000,5.14600000,5.16000000,701863.44000000
2023-06-11T08:00:00Z,5.16000000,5.20600000,5.08900000,5.10100000,901216.60000000
2023-06-11T16:00:00Z,5.10100000,5.25400000,5.09700000,5.17500000,851615.29000000
2023-06-12T00:00:00Z,5.17500000,5.19000000,5.00300000,5.07500000,959296.63000000
2023-06-12T08:00:00Z,5.07500000,5.18900000,5.06200000,5.10700000,825123.58000000
2023-06-12T16:00:00Z,5.10800000,5.19800000,5.07700000,5.16000000,962388.59000000
2023-06-13T00:00:00Z,5.16000000,5.26200000,5.11000000,5.24100000,641977.49000000
2023-06-13T08:00:00Z,5.24200000,5.41200000,5.18000000,5.18800000,1416683.26000000
2023-06-13T16:00:00Z,5.18800000,5.30600000,5.18200000,5.30000000,436833.77000000
2023-06-14T00:00:00Z,5.29900000,5.41000000,5.28700000,5.37200000,858934.19000000
2023-06-14T08:00:00Z,5.37100000,5.41900000,5.34800000,5.39100000,589542.14000000
2023-06-14T16:00:00Z,5.39100000,5.50700000,5.14200000,5.25000000,2338304.32000000
2023-06-15T00:00:00Z,5.25000000,5.34100000,5.23100000,5.26000000,820238.28000000
2023-06-15T08:00:00Z,5.25900000,5.31400000,5.18200000,5.22800000,1115074.83000000
2023-06-15T16:00:00Z,5.23000000,5.41900000,5.16300000,5.31200000,960609.10000000
2023-06-16T00:00:00Z,5.31200000,5.31200000,5.25200000,5.26400000,409454.58000000
2023-06-16T08:00:00Z,5.26200000,5.29500000,5.12800000,5.27100000,924658.82000000
2023-06-16T16:00:00Z,5.27000000,5.39800000,5.22900000,5.32400000,842246.01000000
2023-06-17T00:00:00Z,5.32500000,5.39600000,5.22100000,5.35000000,871306.31000000
2023-06-17T08:00:00Z,5.35000000,5.39000000,5.30300000,5.31300000,611002.58000000
2023-06-17T16:00:00Z,5.31300000,5.33100000,5.25800000,5.27900000,396537.84000000
2023-06-18T00:00:00Z,5.28200000,5.28500000,5.21600000,5.24600000,655994.22000000
2023-06-18T08:00:00Z,5.24500000,5.28200000,5.22100000,5.25900000,448062.74000000
2023-06-18T16:00:00Z,5.25900000,5.30200000,5.04000000,5.15600000,862861.63000000
2023-06-19T00:00:00Z,5.15700000,5.18100000,5.09700000,5.14600000,486043.97000000
2023-06-19T08:00:00Z,5.14600000,5.14700000,5.02700000,5.07000000,1281961.81000000
2023-06-19T16:00:00Z,5.06900000,5.19400000,4.99300000,5.13300000,1466940.10000000
2023-06-20T00:00:00Z,5.13400000,5.17800000,5.06000000,5.09900000,776166.11000000
2023-06-20T08:00:00Z,5.09900000,5.09900000,5.00000000,5.07900000,1155378.01000000
2023-06-20T16:00:00Z,5.08000000,5.28100000,5.06600000,5.26700000,2315536.54000000
2023-06-21T00:00:00Z,5.26700000,5.41100000,5.24200000,5.36000000,1737079.05000000
2023-06-21T08:00:00Z,5.36000000,5.47400000,5.32800000,5.43800000,1638640.58000000
2023-06-21T16:00:00Z,5.44100000,5.58800000,5.42900000,5.55600000,1920071.63000000
2023-06-22T00:00:00Z,5.55500000,5.82300000,5.53400000,5.75900000,1692362.62000000
2023-06-22T08:00:00Z,5.75800000,5.78000000,5.50700000,5.55800000,1908531.28000000
2023-06-22T16:00:00Z,5.55800000,5.64100000,5.53400000,5.55800000,1046652.19000000
2023-06-23T00:00:00Z,5.55700000,5.83500000,5.55100000,5.83400000,1206483.02000000
2023-06-23T08:00:00Z,5.83400000,6.05500000,5.76800000,6.00800000,2754176.12000000
2023-06-23T16:00:00Z,6.00600000,6.15400000,5.93600000,6.07000000,2759614.46000000
2023-06-24T00:00:00Z,6.07100000,6.10900000,5.98400000,6.02100000,908887.39000000
2023-06-24T08:00:00Z,6.02100000,6.19600000,5.91200000,6.02000000,1309652.81000000
2023-06-24T16:00:00Z,6.02000000,6.15300000,5.95500000,6.13300000,985903.97000000
2023-06-25T00:00:00Z,6.13300000,6.33800000,6.10600000,6.29100000,1133241.78000000
2023-06-25T08:00:00Z,6.29100000,6.37800000,6.16700000,6.19500000,1242050.81000000
2023-06-25T16:00:00Z,6.19400000,6.22800000,6.05900000,6.15700000,824857.13000000
2023-06-26T00:00:00Z,6.15700000,6.25600000,6.02600000,6.18100000,1155123.35000000
2023-06-26T08:00:00Z,6.18100000,6.25900000,6.13000000,6.23000000,1246875.12000000
2023-06-26T16:00:00Z,6.22900000,6.23500000,6.00500000,6.05700000,1473114.19000000
2023-06-27T00:00:00Z,6.05800000,6.25000000,6.04600000,6.24400000,1310827.24000000
2023-06-27T08:00:00Z,6.24500000,6.25500000,6.08800000,6.12200000,1127649.31000000
2023-06-27T16:00:00Z,6.12400000,6.25000000,6.11000000,6.19800000,811656.64000000
2023-06-28T00:00:00Z,6.20000000,6.20500000,5.93000000,5.97200000,1228670.17000000
2023-06-28T08:00:00Z,5.97200000,6.06200000,5.94100000,6.01900000,1270134.41000000
2023-06-28T16:00:00Z,6.01800000,6.03100000,5.70300000,5.81500000,1636232.57000000
2023-06-29T00:00:00Z,5.81400000,5.89200000,5.78700000,5.87900000,633796.90000000
2023-06-29T08:00:00Z,5.87900000,6.18300000,5.85900000,5.96300000,2363801.16000000
2023-06-29T16:00:00Z,5.96200000,6.00700000,5.86500000,5.89100000,1224256.79000000
2023-06-30T00:00:00Z,5.89100000,6.21400000,5.84000000,6.15100000,2065625.23000000
2023-06-30T08:00:00Z,6.15100000,6.29600000,5.72100000,6.08100000,4000206.14000000
2023-06-30T16:00:00Z,6.08200000,6.45200000,6.03800000,6.31300000,2657540.39000000
2023-07-01T00:00:00Z,6.31300000,6.35800000,6.12200000,6.24700000,1627216.72000000
2023-07-01T08:00:00Z,6.24700000,6.34700000,6.17100000,6.33900000,2217817.72000000
2023-07-01T16:00:00Z,6.33900000,6.52400000,6.28200000,6.50300000,1296380.31000000
2023-07-02T00:00:00Z,6.50300000,6.50700000,6.36100000,6.40900000,1347092.96000000
2023-07-02T08:00:00Z,6.41000000,6.55000000,6.37200000,6.46800000,1446334.55000000
2023-07-02T16:00:00Z,6.46800000,6.56500000,6.33300000,6.54000000,1293558.06000000
2023-07-03T00:00:00Z,6.54100000,6.63400000,6.46800000,6.63300000,1123754.49000000
2023-07-03T08:00:00Z,6.63300000,6.66500000,6.57100000,6.63100000,1102961.58000000
2023-07-03T16:00:00Z,6.63100000,6.69200000,6.56200000,6.62800000,1010926.57000000
2023-07-04T00:00:00Z,6.62800000,6.63000000,6.46800000,6.46900000,1084578.49000000
2023-07-04T08:00:00Z,6.46800000,6.54000000,6.43600000,6.50100000,648135.03000000
2023-07-04T16:00:00Z,6.50200000,6.58100000,6.39200000,6.52100000,873765.67000000
2023-07-05T00:00:00Z,6.52300000,6.57100000,6.48200000,6.54200000,422960.40000000
2023-07-05T08:00:00Z,6.54200000,6.54300000,6.21400000,6.27500000,1901179.21000000
2023-07-05T16:00:00Z,6.27500000,6.34200000,6.24100000,6.29900000,699540.99000000
2023-07-06T00:00:00Z,6.29900000,6.40100000,6.20700000,6.36500000,660814.31000000
2023-07-06T08:00:00Z,6.36500000,6.50700000,6.08200000,6.20300000,2083596.69000000
2023-07-06T16:00:00Z,6.20300000,6.23000000,6.08000000,6.08000000,989422.93000000
2023-07-07T00:00:00Z,6.08000000,6.16600000,6.01200000,6.10800000,991706.99000000
2023-07-07T08:00:00Z,6.10500000,6.22300000,6.08700000,6.21300000,662045.10000000
2023-07-07T16:00:00Z,6.21200000,6.22100000,6.11400000,6.15600000,409613.05000000
2023-07-08T00:00:00Z,6.15700000,6.19000000,6.10800000,6.15800000,389343.89000000
2023-07-08T08:00:00Z,6.15700000,6.22200000,6.14300000,6.18000000,455208.26000000
2023-07-08T16:00:00Z,6.17800000,6.20700000,6.09400000,6.19600000,441699.71000000
2023-07-09T00:00:00Z,6.19800000,6.24000000,6.17500000,6.20200000,360395.50000000
2023-07-09T08:00:00Z,6.20200000,6.22900000,6.15900000,6.16300000,486376.32000000
2023-07-09T16:00:00Z,6.16500000,6.17100000,6.12300000,6.15000000,350453.52000000
2023-07-10T00:00:00Z,6.14900000,6.15400000,6.02000000,6.09500000,801350.33000000
2023-07-10T08:00:00Z,6.09500000,6.16200000,6.02200000,6.15500000,523479.52000000
2023-07-10T16:00:00Z,6.15500000,6.30300000,6.12700000,6.16700000,837637.40000000
2023-07-11T00:00:00Z,6.16900000,6.23800000,6.12100000,6.19900000,382298.74000000
2023-07-11T08:00:00Z,6.20000000,6.22300000,6.13400000,6.19200000,359022.23000000
2023-07-11T16:00:00Z,6.19400000,6.21900000,6.14400000,6.20600000,323758.13000000
2023-07-12T00:00:00Z,6.20500000,6.27900000,6.20100000,6.25600000,373013.56000000
2023-07-12T08:00:00Z,6.25900000,6.31100000,6.21700000,6.24700000,711056.12000000
2023-07-12T16:00:00Z,6.24400000,6.35000000,6.19600000,6.25200000,985487.46000000
2023-07-13T00:00:00Z,6.25200000,6.35000000,6.21100000,6.30400000,524190.74000000
2023-07-13T08:00:00Z,6.30500000,6.68000000,6.30500000,6.61300000,1806711.88000000
2023-07-13T16:00:00Z,6.61400000,7.19800000,6.58700000,7.12400000,4354940.57000000
2023-07-14T00:00:00Z,7.12500000,7.34300000,7.07500000,7.11000000,2850211.33000000
2023-07-14T08:00:00Z,7.11000000,7.17500000,7.00500000,7.14200000,1165353.78000000
2023-07-14T16:00:00Z,7.14300000,7.17800000,6.68700000,6.95800000,3144203.66000000
2023-07-15T00:00:00Z,6.95700000,6.98300000,6.83200000,6.98200000,654620.49000000
2023-07-15T08:00:00Z,6.98300000,7.02000000,6.90900000,6.97300000,777236.03000000
2023-07-15T16:00:00Z,6.97300000,7.00800000,6.88200000,6.91800000,468517.85000000
2023-07-16T00:00:00Z,6.91800000,6.92100000,6.73800000,6.82600000,676387.92000000
2023-07-16T08:00:00Z,6.82600000,6.88600000,6.79300000,6.81200000,794316.02000000
2023-07-16T16:00:00Z,6.81400000,6.81400000,6.56700000,6.60700000,1187830.13000000
2023-07-17T00:00:00Z,6.60800000,6.73300000,6.56000000,6.67800000,865069.50000000
2023-07-17T08:00:00Z,6.67700000,6.69400000,6.45000000,6.67000000,2057620.46000000
2023-07-17T16:00:00Z,6.67000000,7.26500000,6.63200000,7.18600000,5367560.09000000
2023-07-18T00:00:00Z,7.18600000,7.30000000,7.00900000,7.05600000,3480048.36000000
2023-07-18T08:00:00Z,7.05600000,7.15300000,6.85100000,6.95200000,3078355.82000000
2023-07-18T16:00:00Z,6.95200000,7.02200000,6.75700000,6.91100000,1949477.70000000
2023-07-19T00:00:00Z,6.91300000,7.03100000,6.87300000,6.88100000,1094338.81000000
2023-07-19T08:00:00Z,6.88100000,6.93200000,6.77300000,6.90300000,1732999.03000000
2023-07-19T16:00:00Z,6.90400000,7.04800000,6.85700000,6.91500000,1307038.90000000
2023-07-20T00:00:00Z,6.91600000,7.45000000,6.88400000,7.43100000,1949042.04000000
2023-07-20T08:00:00Z,7.43200000,8.39800000,7.41700000,8.06400000,16185716.71000000
2023-07-20T16:00:00Z,8.06400000,8.46400000,8.00200000,8.36100000,6335421.06000000
2023-07-21T00:00:00Z,8.36100000,8.44900000,8.04200000,8.07300000,4829193.34000000
2023-07-21T08:00:00Z,8.07300000,8.23900000,8.04700000,8.13500000,2756306.82000000
2023-07-21T16:00:00Z,8.13500000,8.23000000,8.07600000,8.13300000,1401813.55000000
2023-07-22T00:00:00Z,8.12800000,8.19900000,8.06300000,8.16600000,1333523.84000000
2023-07-22T08:00:00Z,8.16500000,8.38300000,7.85800000,8.05800000,3695221.72000000
2023-07-22T16:00:00Z,8.05800000,8.07000000,7.76000000,7.88100000,1268020.72000000
2023-07-23T00:00:00Z,7.88000000,8.05000000,7.81700000,8.00300000,1082551.56000000
2023-07-23T08:00:00Z,8.00400000,8.06000000,7.96200000,7.98900000,675288.31000000
2023-07-23T16:00:00Z,7.99000000,8.09900000,7.85100000,7.89000000,1334357.13000000
2023-07-24T00:00:00Z,7.89000000,7.89000000,7.65700000,7.73400000,2241932.52000000
2023-07-24T08:00:00Z,7.73300000,7.73700000,7.43500000,7.61100000,2405206.87000000
2023-07-24T16:00:00Z,7.60900000,7.62400000,7.50700000,7.58600000,1064829.25000000
2023-07-25T00:00:00Z,7.58400000,7.64300000,7.37400000,7.43200000,992767.71000000
2023-07-25T08:00:00Z,7.43500000,7.53500000,7.39000000,7.42700000,1290393.82000000
2023-07-25T16:00:00Z,7.42700000,7.49900000,7.34000000,7.39200000,1229929.15000000
2023-07-26T00:00:00Z,7.39100000,7.54600000,7.27500000,7.46500000,1118551.24000000
2023-07-26T08:00:00Z,7.46600000,7.63400000,7.46600000,7.59700000,1762685.61000000
2023-07-26T16:00:00Z,7.59600000,7.83500000,7.45900000,7.74200000,3102021.94000000
2023-07-27T00:00:00Z,7.74100000,8.06300000,7.68000000,7.94400000,2175367.32000000
2023-07-27T08:00:00Z,7.94400000,8.14500000,7.91900000,7.97500000,1934440.23000000
2023-07-27T16:00:00Z,7.97300000,8.05000000,7.87400000,7.98900000,1367575.52000000
2023-07-28T00:00:00Z,7.98700000,8.09200000,7.80900000,7.84100000,1218837.52000000
2023-07-28T08:00:00Z,7.84200000,7.98000000,7.80800000,7.89600000,1061759.56000000
2023-07-28T16:00:00Z,7.89600000,7.89900000,7.76300000,7.77000000,838509.85000000
2023-07-29T00:00:00Z,7.77000000,7.84300000,7.74100000,7.77500000,678384.95000000
2023-07-29T08:00:00Z,7.77400000,7.78800000,7.72400000,7.74100000,441766.45000000
2023-07-29T16:00:00Z,7.74200000,7.89700000,7.72800000,7.84200000,786583.28000000
2023-07-30T00:00:00Z,7.84300000,7.86300000,7.74300000,7.76700000,530105.11000000
2023-07-30T08:00:00Z,7.76700000,7.80000000,7.69600000,7.72100000,741345.90000000
2023-07-30T16:00:00Z,7.72100000,7.73700000,7.34300000,7.55500000,1708900.06000000
2023-07-31T00:00:00Z,7.55500000,7.71600000,7.53900000,7.60200000,781206.81000000
2023-07-31T08:00:00Z,7.60300000,7.67100000,7.51500000,7.52800000,1094147.33000000
2023-07-31T16:00:00Z,7.52700000,7.67100000,7.43300000,7.54700000,1581686.09000000
2023-08-01T00:00:00Z,7.55000000,7.59500000,7.13900000,7.44300000,1602892.04000000
2023-08-01T08:00:00Z,7.44200000,7.50900000,7.34800000,7.46000000,1228059.22000000
2023-08-01T16:00:00Z,7.46400000,7.64800000,7.43500000,7.64100000,1008876.59000000
2023-08-02T00:00:00Z,7.64300000,7.71500000,7.58100000,7.58800000,844549.76000000
2023-08-02T08:00:00Z,7.58700000,7.71300000,7.42200000,7.49200000,2057578.63000000
2023-08-02T16:00:00Z,7.49100000,7.52000000,7.33400000,7.35100000,1298589.90000000
2023-08-03T00:00:00Z,7.35000000,7.40900000,7.28600000,7.29900000,968735.80000000
2023-08-03T08:00:00Z,7.30000000,7.33300000,7.20600000,7.21700000,1048029.38000000
2023-08-03T16:00:00Z,7.21500000,7.29600000,7.07000000,7.12500000,1381504.81000000
2023-08-04T00:00:00Z,7.12500000,7.20300000,7.10900000,7.14600000,607507.56000000
2023-08-04T08:00:00Z,7.14600000,7.24300000,7.05800000,7.16600000,1162101.78000000
2023-08-04T16:00:00Z,7.16900000,7.26500000,7.00700000,7.14300000,1312161.29000000
2023-08-05T00:00:00Z,7.14300000,7.22200000,7.10300000,7.18100000,494070.75000000
2023-08-05T08:00:00Z,7.18000000,7.24600000,7.15500000,7.16700000,788002.00000000
2023-08-05T16:00:00Z,7.16600000,7.23700000,7.12900000,7.23100000,339097.40000000
2023-08-06T00:00:00Z,7.23100000,7.27500000,7.16400000,7.17700000,501237.10000000
2023-08-06T08:00:00Z,7.17700000,7.20300000,7.07600000,7.11100000,698789.22000000
2023-08-06T16:00:00Z,7.11000000,7.17700000,7.08100000,7.10200000,500550.16000000
2023-08-07T00:00:00Z,7.10100000,7.21100000,7.08500000,7.18700000,459300.20000000
2023-08-07T08:00:00Z,7.18800000,7.23700000,7.06500000,7.06900000,994415.35000000
2023-08-07T16:00:00Z,7.07100000,7.39700000,6.94000000,7.32400000,1870369.75000000
2023-08-08T00:00:00Z,7.32800000,7.44000000,7.29000000,7.34400000,1267176.62000000
2023-08-08T08:00:00Z,7.34500000,7.46600000,7.32300000,7.36500000,1030604.07000000
2023-08-08T16:00:00Z,7.36200000,7.53400000,7.33700000,7.46100000,1686734.71000000
2023-08-09T00:00:00Z,7.45800000,7.56800000,7.37800000,7.52200000,735567.40000000
2023-08-09T08:00:00Z,7.52200000,7.91900000,7.49000000,7.71500000,2977050.08000000
2023-08-09T16:00:00Z,7.71400000,7.75900000,7.60700000,7.67800000,1643585.12000000
2023-08-10T00:00:00Z,7.67800000,7.71300000,7.57600000,7.60300000,1227938.03000000
2023-08-10T08:00:00Z,7.60200000,7.73500000,7.55900000,7.67400000,1217537.03000000
2023-08-10T16:00:00Z,7.67300000,7.68600000,7.56400000,7.61900000,788306.15000000
2023-08-11T00:00:00Z,7.61900000,7.64200000,7.53000000,7.56100000,447843.05000000
2023-08-11T08:00:00Z,7.56200000,7.59100000,7.47200000,7.49500000,677325.62000000
2023-08-11T16:00:00Z,7.49400000,7.50700000,7.40500000,7.49200000,723702.92000000
2023-08-12T00:00:00Z,7.49200000,7.53900000,7.40700000,7.46300000,515573.88000000
2023-08-12T08:00:00Z,7.46400000,7.47700000,7.42400000,7.43400000,369428.78000000
2023-08-12T16:00:00Z,7.43400000,7.47200000,7.38500000,7.44200000,429999.02000000
2023-08-13T00:00:00Z,7.44300000,7.52600000,7.43200000,7.51100000,431144.72000000
2023-08-13T08:00:00Z,7.51200000,7.52700000,7.40700000,7.41700000,538537.63000000
2023-08-13T16:00:00Z,7.41600000,7.56000000,7.31300000,7.36900000,1090573.21000000
2023-08-14T00:00:00Z,7.36800000,7.50600000,7.30700000,7.46800000,850133.24000000
2023-08-14T08:00:00Z,7.46800000,7.63600000,7.46400000,7.58800000,1722253.43000000
2023-08-14T16:00:00Z,7.58800000,7.60400000,7.38900000,7.41200000,1221400.35000000
2023-08-15T00:00:00Z,7.41200000,7.43400000,7.32400000,7.38600000,873386.33000000
2023-08-15T08:00:00Z,7.38600000,7.38900000,7.25700000,7.28600000,2014312.63000000
2023-08-15T16:00:00Z,7.28600000,7.30000000,6.80000000,7.04300000,3190772.13000000
2023-08-16T00:00:00Z,7.04100000,7.07200000,6.94400000,6.99900000,1974120.61000000
2023-08-16T08:00:00Z,6.99900000,7.01600000,6.78900000,6.80600000,1832717.55000000
2023-08-16T16:00:00Z,6.80500000,6.92500000,6.60000000,6.76200000,2256162.22000000
2023-08-17T00:00:00Z,6.76300000,6.87100000,6.62800000,6.81300000,1083367.38000000
2023-08-17T08:00:00Z,6.81300000,6.84800000,6.56100000,6.60900000,1669789.08000000
2023-08-17T16:00:00Z,6.60800000,6.68400000,5.60000000,6.18900000,5613882.73000000
2023-08-18T00:00:00Z,6.18700000,6.28700000,6.08900000,6.25600000,1968178.31000000
2023-08-18T08:00:00Z,6.25700000,6.27700000,6.15400000,6.16300000,1283279.18000000
2023-08-18T16:00:00Z,6.16400000,6.24500000,6.06500000,6.17600000,1588044.88000000
2023-08-19T00:00:00Z,6.17500000,6.24000000,6.13500000,6.18100000,900994.41000000
2023-08-19T08:00:00Z,6.18100000,6.23000000,6.14500000,6.21800000,634637.26000000
2023-08-19T16:00:00Z,6.21700000,6.26400000,6.11400000,6.18100000,788753.42000000
2023-08-20T00:00:00Z,6.18000000,6.19500000,6.11800000,6.14300000,406615.53000000
2023-08-20T08:00:00Z,6.14400000,6.22500000,6.12400000,6.17200000,566880.70000000
2023-08-20T16:00:00Z,6.17300000,6.23600000,6.15500000,6.22000000,299324.76000000
2023-08-21T00:00:00Z,6.22000000,6.25600000,6.17100000,6.19100000,597403.95000000
2023-08-21T08:00:00Z,6.18600000,6.23500000,6.00200000,6.10400000,1751183.82000000
2023-08-21T16:00:00Z,6.10400000,6.21200000,6.08300000,6.17400000,715058.14000000
2023-08-22T00:00:00Z,6.17500000,6.19900000,6.12200000,6.19800000,459351.46000000
2023-08-22T08:00:00Z,6.19800000,6.25500000,6.11200000,6.12200000,952211.75000000
2023-08-22T16:00:00Z,6.12200000,6.14800000,5.86500000,6.11200000,2526016.79000000
2023-08-23T00:00:00Z,6.11600000,6.22800000,6.10300000,6.21500000,690076.57000000
2023-08-23T08:00:00Z,6.21300000,6.37400000,6.19900000,6.35600000,1523050.51000000
2023-08-23T16:00:00Z,6.35600000,6.43500000,6.26900000,6.35200000,1398093.49000000
2023-08-24T00:00:00Z,6.35100000,6.36800000,6.28600000,6.31200000,429158.12000000
2023-08-24T08:00:00Z,6.31300000,6.32200000,6.11800000,6.11900000,1103592.22000000
2023-08-24T16:00:00Z,6.11900000,6.13800000,5.98400000,6.08400000,1475490.62000000
2023-08-25T00:00:00Z,6.08400000,6.08500000,5.93100000,5.97000000,1074437.09000000
2023-08-25T08:00:00Z,5.97100000,6.05500000,5.91300000,5.95700000,1358730.23000000
2023-08-25T16:00:00Z,5.95500000,6.02200000,5.92800000,6.01400000,674284.98000000
2023-08-26T00:00:00Z,6.01400000,6.04300000,5.98200000,6.01700000,686317.96000000
2023-08-26T08:00:00Z,6.01600000,6.03400000,5.98300000,6.00200000,575435.75000000
2023-08-26T16:00:00Z,6.00200000,6.01400000,5.95500000,6.00600000,374979.78000000
2023-08-27T00:00:00Z,6.00500000,6.02300000,5.95300000,5.98400000,363374.93000000
2023-08-27T08:00:00Z,5.98900000,6.03700000,5.95700000,6.01500000,561505.67000000
2023-08-27T16:00:00Z,6.01500000,6.04500000,5.97300000,6.03000000,403102.69000000
2023-08-28T00:00:00Z,6.02900000,6.02900000,5.86100000,5.91200000,1357451.57000000
2023-08-28T08:00:00Z,5.91300000,6.05100000,5.85000000,6.00300000,1174552.58000000
2023-08-28T16:00:00Z,6.00300000,6.02300000,5.91700000,5.98100000,842410.39000000
2023-08-29T00:00:00Z,5.98100000,6.00800000,5.88800000,5.89100000,880847.08000000
2023-08-29T08:00:00Z,5.89100000,6.31800000,5.84200000,6.18400000,3232076.64000000
2023-08-29T16:00:00Z,6.18200000,6.28900000,6.16800000,6.19400000,1474001.68000000
2023-08-30T00:00:00Z,6.19300000,6.19800000,6.05600000,6.07100000,981520.20000000
2023-08-30T08:00:00Z,6.07000000,6.07900000,5.88100000,5.94200000,1686422.31000000
2023-08-30T16:00:00Z,5.94200000,5.96500000,5.91000000,5.92500000,538198.98000000
2023-08-31T00:00:00Z,5.92500000,6.00400000,5.89900000,5.98200000,917998.45000000
2023-08-31T08:00:00Z,5.98100000,6.06400000,5.90100000,5.94500000,1148262.14000000
2023-08-31T16:00:00Z,5.94500000,5.95500000,5.73000000,5.87900000,2120707.42000000
2023-09-01T00:00:00Z,5.87800000,6.03200000,5.87100000,5.96000000,1263779.27000000
2023-09-01T08:00:00Z,5.96200000,6.03400000,5.92100000,5.93700000,1331374.62000000
2023-09-01T16:00:00Z,5.93700000,5.95600000,5.81700000,5.94100000,1072898.31000000
2023-09-02T00:00:00Z,5.94100000,5.98900000,5.92900000,5.94700000,377523.84000000
2023-09-02T08:00:00Z,5.94700000,5.99900000,5.89900000,5.96600000,513515.53000000
2023-09-02T16:00:00Z,5.96600000,5.97500000,5.89000000,5.97200000,381740.19000000
2023-09-03T00:00:00Z,5.97200000,6.04800000,5.94800000,6.01200000,704971.40000000
2023-09-03T08:00:00Z,6.01200000,6.06400000,5.97200000,5.99300000,566820.15000000
2023-09-03T16:00:00Z,5.99300000,6.05800000,5.96400000,6.02700000,511880.21000000
2023-09-04T00:00:00Z,6.03000000,6.13800000,6.02300000,6.10000000,1034078.88000000
2023-09-04T08:00:00Z,6.10100000,6.16400000,5.97000000,6.01700000,1100892.41000000
2023-09-04T16:00:00Z,6.01700000,6.05700000,5.94400000,6.01200000,650908.18000000
2023-09-05T00:00:00Z,6.01300000,6.01800000,5.90600000,5.98900000,1061852.92000000
2023-09-05T08:00:00Z,5.98700000,6.13500000,5.96300000,6.10000000,1188469.98000000
2023-09-05T16:00:00Z,6.10100000,6.15400000,6.08000000,6.13700000,711100.52000000
2023-09-06T00:00:00Z,6.13800000,6.27700000,6.11500000,6.14100000,2113252.27000000
2023-09-06T08:00:00Z,6.14100000,6.20800000,6.10300000,6.17500000,1043007.91000000
2023-09-06T16:00:00Z,6.17400000,6.35000000,6.09400000,6.30200000,1598427.81000000
2023-09-07T00:00:00Z,6.30100000,6.39600000,6.27600000,6.27700000,1266074.88000000
2023-09-07T08:00:00Z,6.27800000,6.31500000,6.19500000,6.25800000,853785.87000000
2023-09-07T16:00:00Z,6.25700000,6.47000000,6.25400000,6.38700000,977484.45000000
2023-09-08T00:00:00Z,6.38800000,6.40400000,6.29700000,6.30500000,601024.02000000
2023-09-08T08:00:00Z,6.30600000,6.30900000,6.14400000,6.22300000,874066.13000000
2023-09-08T16:00:00Z,6.22200000,6.28800000,6.19900000,6.28000000,527953.49000000
2023-09-09T00:00:00Z,6.28000000,6.29300000,6.23400000,6.24900000,301373.63000000
2023-09-09T08:00:00Z,6.24900000,6.25300000,6.18000000,6.19500000,409258.33000000
2023-09-09T16:00:00Z,6.19400000,6.21700000,6.15700000,6.16500000,326646.46000000
2023-09-10T00:00:00Z,6.16500000,6.16500000,5.94900000,6.11400000,1120912.49000000
2023-09-10T08:00:00Z,6.11500000,6.12100000,5.97900000,6.04600000,956534.45000000
2023-09-10T16:00:00Z,6.04600000,6.07600000,5.95500000,6.01500000,862563.95000000
2023-09-11T00:00:00Z,6.01600000,6.03500000,5.94300000,5.99000000,1006298.80000000
2023-09-11T08:00:00Z,5.98900000,5.99700000,5.79000000,5.86200000,2203198.19000000
2023-09-11T16:00:00Z,5.86100000,5.88300000,5.73700000,5.82900000,1075723.97000000
2023-09-12T00:00:00Z,5.82700000,5.99400000,5.80800000,5.92000000,1347329.84000000
2023-09-12T08:00:00Z,5.92100000,6.07700000,5.89000000,5.99200000,978783.15000000
2023-09-12T16:00:00Z,5.99200000,6.06400000,5.90200000,5.95700000,781236.36000000
2023-09-13T00:00:00Z,5.95800000,6.09400000,5.92700000,5.95900000,1356447.57000000
2023-09-13T08:00:00Z,5.95900000,6.04500000,5.93000000,6.01700000,1125070.84000000
2023-09-13T16:00:00Z,6.01800000,6.03800000,5.95400000,6.02000000,517406.85000000
2023-09-14T00:00:00Z,6.02100000,6.12400000,6.00600000,6.02900000,1314608.21000000
2023-09-14T08:00:00Z,6.03000000,6.12700000,6.01600000,6.09500000,759732.70000000
2023-09-14T16:00:00Z,6.09500000,6.21300000,6.07300000,6.15100000,1347500.12000000
2023-09-15T00:00:00Z,6.15200000,6.23900000,6.13600000,6.14800000,722730.79000000
2023-09-15T08:00:00Z,6.14800000,6.20800000,6.09900000,6.20800000,841206.17000000
2023-09-15T16:00:00Z,6.20600000,6.38100000,6.19300000,6.36700000,953988.95000000
2023-09-16T00:00:00Z,6.36700000,6.42100000,6.26900000,6.29800000,913770.35000000
2023-09-16T08:00:00Z,6.29900000,6.29900000,6.18900000,6.22400000,604057.97000000
2023-09-16T16:00:00Z,6.22400000,6.29400000,6.18400000,6.28100000,384505.81000000
2023-09-17T00:00:00Z,6.27900000,6.28200000,6.17100000,6.19000000,434283.45000000
2023-09-17T08:00:00Z,6.19100000,6.22700000,6.15300000,6.18600000,368514.35000000
2023-09-17T16:00:00Z,6.18600000,6.19200000,6.05100000,6.14600000,700769.98000000
2023-09-18T00:00:00Z,6.14600000,6.66700000,6.09900000,6.55000000,3129088.26000000
2023-09-18T08:00:00Z,6.54800000,6.84000000,6.50900000,6.72300000,3359037.31000000
2023-09-18T16:00:00Z,6.72500000,6.72900000,6.53800000,6.56700000,1433796.22000000
2023-09-19T00:00:00Z,6.56600000,6.93000000,6.51500000,6.69400000,2366858.03000000
2023-09-19T08:00:00Z,6.69400000,6.88700000,6.68600000,6.87200000,2090280.34000000
2023-09-19T16:00:00Z,6.87300000,6.96900000,6.78400000,6.84600000,1079622.83000000
2023-09-20T00:00:00Z,6.84600000,6.99500000,6.77700000,6.80300000,1654627.83000000
2023-09-20T08:00:00Z,6.80300000,6.93500000,6.74100000,6.91700000,1631667.72000000
2023-09-20T16:00:00Z,6.91700000,7.04500000,6.79300000,6.90500000,1262756.14000000
2023-09-21T00:00:00Z,6.90700000,6.94600000,6.78400000,6.79800000,837223.94000000
2023-09-21T08:00:00Z,6.79800000,6.82800000,6.60500000,6.74700000,2626657.16000000
2023-09-21T16:00:00Z,6.74700000,6.76600000,6.66000000,6.66400000,806352.71000000
2023-09-22T00:00:00Z,6.66500000,6.72200000,6.59300000,6.69500000,986231.92000000
2023-09-22T08:00:00Z,6.69400000,6.79800000,6.69100000,6.76900000,748739.56000000
2023-09-22T16:00:00Z,6.76700000,6.97200000,6.73100000,6.95800000,1348373.17000000
2023-09-23T00:00:00Z,6.95900000,7.19500000,6.94400000,7.04000000,1949567.87000000
2023-09-23T08:00:00Z,7.04000000,7.05700000,6.92300000,6.93700000,1160550.56000000
2023-09-23T16:00:00Z,6.93600000,7.23200000,6.91700000,7.18900000,3204591.24000000
2023-09-24T00:00:00Z,7.18900000,7.25000000,7.10700000,7.16500000,1197674.58000000
2023-09-24T08:00:00Z,7.16500000,7.19100000,7.07600000,7.09900000,1027766.56000000
2023-09-24T16:00:00Z,7.09900000,7.18000000,6.95000000,6.97200000,923643.56000000
2023-09-25T00:00:00Z,6.97200000,7.30100000,6.90800000,7.27700000,1590224.44000000
2023-09-25T08:00:00Z,7.27600000,7.40000000,7.20600000,7.39100000,1687425.62000000
2023-09-25T16:00:00Z,7.39200000,7.50900000,7.37700000,7.49400000,1678536.55000000
2023-09-26T00:00:00Z,7.49400000,7.57600000,7.41100000,7.43600000,1190361.91000000
2023-09-26T08:00:00Z,7.43600000,7.48400000,7.30000000,7.32900000,1295889.49000000
2023-09-26T16:00:00Z,7.32900000,7.47700000,7.24800000,7.35600000,1391002.69000000
2023-09-27T00:00:00Z,7.35500000,7.41400000,7.27100000,7.37000000,725127.57000000
2023-09-27T08:00:00Z,7.37000000,7.90100000,7.35000000,7.59000000,4460654.72000000
2023-09-27T16:00:00Z,7.58900000,7.69700000,7.48800000,7.64500000,1994850.60000000
2023-09-28T00:00:00Z,7.64100000,7.83000000,7.57200000,7.74900000,1787468.08000000
2023-09-28T08:00:00Z,7.74900000,7.92100000,7.67900000,7.88500000,2964418.14000000
2023-09-28T16:00:00Z,7.88400000,8.07000000,7.77300000,7.80700000,2466556.08000000
2023-09-29T00:00:00Z,7.81000000,7.84600000,7.68000000,7.78300000,1009662.31000000
2023-09-29T08:00:00Z,7.78300000,7.91000000,7.67400000,7.81800000,1747273.42000000
2023-09-29T16:00:00Z,7.81900000,8.08200000,7.75600000,7.94600000,1875486.53000000
2023-09-30T00:00:00Z,7.94700000,8.15600000,7.93900000,8.08200000,1250597.40000000
2023-09-30T08:00:00Z,8.08200000,8.27600000,8.01100000,8.22400000,2845107.08000000
2023-09-30T16:00:00Z,8.22200000,8.24000000,8.08800000,8.19100000,1221076.17000000
2023-10-01T00:00:00Z,8.19000000,8.26000000,8.04000000,8.06300000,1099591.48000000
2023-10-01T08:00:00Z,8.06400000,8.22500000,7.96000000,8.01300000,2035987.19000000
2023-10-01T16:00:00Z,8.01300000,8.15000000,7.77800000,8.05400000,2605951.53000000
2023-10-02T00:00:00Z,8.05300000,8.10300000,7.84400000,8.04000000,1866365.84000000
2023-10-02T08:00:00Z,8.04000000,8.08000000,7.61500000,7.66900000,2525471.36000000
2023-10-02T16:00:00Z,7.66900000,7.73200000,7.35200000,7.47000000,2996796.38000000
2023-10-03T00:00:00Z,7.47200000,7.74400000,7.41200000,7.62700000,1546583.69000000
2023-10-03T08:00:00Z,7.62900000,7.73500000,7.39600000,7.42800000,2034310.21000000
2023-10-03T16:00:00Z,7.43100000,7.54400000,7.36600000,7.40900000,1173020.86000000
2023-10-04T00:00:00Z,7.40800000,7.63900000,7.20000000,7.59300000,2161640.37000000
2023-10-04T08:00:00Z,7.59300000,7.67000000,7.46600000,7.63700000,1347761.49000000
2023-10-04T16:00:00Z,7.63600000,7.78000000,7.56500000,7.67400000,1957257.53000000
2023-10-05T00:00:00Z,7.67300000,7.76300000,7.59000000,7.71400000,1137982.83000000
2023-10-05T08:00:00Z,7.71500000,7.79300000,7.48200000,7.53100000,2011125.33000000
2023-10-05T16:00:00Z,7.53100000,7.57100000,7.45100000,7.46500000,697417.03000000
2023-10-06T00:00:00Z,7.46900000,7.58400000,7.45900000,7.57500000,665799.21000000
2023-10-06T08:00:00Z,7.57600000,7.70000000,7.43200000,7.65600000,1378816.80000000
2023-10-06T16:00:00Z,7.65700000,7.76400000,7.62100000,7.63900000,1131419.63000000
2023-10-07T00:00:00Z,7.64000000,7.68000000,7.56000000,7.60200000,789646.47000000
2023-10-07T08:00:00Z,7.60200000,7.64400000,7.55400000,7.56300000,618842.96000000
2023-10-07T16:00:00Z,7.56300000,7.56800000,7.47000000,7.52400000,826953.52000000
2023-10-08T00:00:00Z,7.52100000,7.67300000,7.50000000,7.65000000,1058729.48000000
2023-10-08T08:00:00Z,7.65000000,7.70900000,7.53800000,7.66600000,1391291.11000000
2023-10-08T16:00:00Z,7.66600000,7.94800000,7.63800000,7.67300000,2770364.80000000
2023-10-09T00:00:00Z,7.67100000,7.69600000,7.55000000,7.55600000,1233499.01000000
2023-10-09T08:00:00Z,7.55700000,7.57900000,7.28000000,7.33400000,2375999.60000000
2023-10-09T16:00:00Z,7.33400000,7.36600000,7.13400000,7.27600000,1790893.56000000
2023-10-10T00:00:00Z,7.27600000,7.37600000,7.25200000,7.34300000,1046913.34000000
2023-10-10T08:00:00Z,7.34300000,7.39200000,7.21400000,7.22300000,1405414.48000000
2023-10-10T16:00:00Z,7.22200000,7.30400000,7.17400000,7.25900000,862921.71000000
2023-10-11T00:00:00Z,7.25900000,7.33100000,7.10000000,7.20300000,1070855.56000000
2023-10-11T08:00:00Z,7.20200000,7.39600000,7.18600000,7.30600000,1231474.65000000
2023-10-11T16:00:00Z,7.30500000,7.43000000,7.23100000,7.39100000,1399581.66000000
2023-10-12T00:00:00Z,7.39000000,7.41600000,7.28200000,7.34000000,790951.79000000
2023-10-12T08:00:00Z,7.34000000,7.34700000,7.17300000,7.21400000,1341699.87000000
2023-10-12T16:00:00Z,7.21500000,7.24900000,7.11500000,7.19700000,1292425.70000000
2023-10-13T00:00:00Z,7.19800000,7.26100000,7.10700000,7.20900000,1905824.42000000
2023-10-13T08:00:00Z,7.20700000,7.28900000,7.16100000,7.16200000,846403.83000000
2023-10-13T16:00:00Z,7.16200000,7.40300000,7.14600000,7.25600000,1492249.35000000
2023-10-14T00:00:00Z,7.25700000,7.32000000,7.20500000,7.22400000,563854.00000000
2023-10-14T08:00:00Z,7.22300000,7.31800000,7.21600000,7.31200000,397154.72000000
2023-10-14T16:00:00Z,7.31300000,7.37300000,7.28600000,7.33100000,561377.74000000
2023-10-15T00:00:00Z,7.33100000,7.38200000,7.29800000,7.34900000,384256.11000000
2023-10-15T08:00:00Z,7.35000000,7.40300000,7.28500000,7.31200000,681342.97000000
2023-10-15T16:00:00Z,7.31300000,7.56800000,7.29900000,7.42300000,1234373.65000000
2023-10-16T00:00:00Z,7.42200000,7.64700000,7.41100000,7.56000000,1067956.98000000
2023-10-16T08:00:00Z,7.56200000,7.83200000,7.42200000,7.43900000,2448896.24000000
2023-10-16T16:00:00Z,7.43900000,7.58600000,7.43000000,7.52500000,974964.97000000
2023-10-17T00:00:00Z,7.52500000,7.55900000,7.42900000,7.48100000,667419.38000000
2023-10-17T08:00:00Z,7.48300000,7.51000000,7.26200000,7.39900000,1297639.90000000
2023-10-17T16:00:00Z,7.39900000,7.42200000,7.27100000,7.32000000,904526.37000000
2023-10-18T00:00:00Z,7.32000000,7.42200000,7.28000000,7.35800000,800630.63000000
2023-10-18T08:00:00Z,7.35800000,7.48300000,7.34600000,7.38700000,808269.27000000
2023-10-18T16:00:00Z,7.38700000,7.44100000,7.31400000,7.35600000,693028.33000000
2023-10-19T00:00:00Z,7.35600000,7.36300000,7.21500000,7.35100000,828619.01000000
2023-10-19T08:00:00Z,7.34900000,7.43500000,7.29000000,7.36300000,775298.45000000
2023-10-19T16:00:00Z,7.36200000,7.41600000,7.28500000,7.30400000,817789.65000000
2023-10-20T00:00:00Z,7.30400000,7.51400000,7.26100000,7.46600000,1371817.41000000
2023-10-20T08:00:00Z,7.46400000,7.71000000,7.46100000,7.63100000,2103535.99000000
2023-10-20T16:00:00Z,7.63100000,7.68700000,7.56500000,7.57000000,854454.15000000
2023-10-21T00:00:00Z,7.57000000,7.84900000,7.52000000,7.84000000,1281326.96000000
2023-10-21T08:00:00Z,7.84000000,8.97600000,7.80500000,8.95300000,8453121.19000000
2023-10-21T16:00:00Z,8.95200000,9.17100000,8.77800000,8.91400000,5859404.04000000
2023-10-22T00:00:00Z,8.91400000,9.75300000,8.83900000,9.30700000,8100091.39000000
2023-10-22T08:00:00Z,9.30600000,9.42700000,9.02900000,9.22700000,3970166.22000000
2023-10-22T16:00:00Z,9.22800000,10.28800000,9.22300000,10.19000000,6569328.04000000
2023-10-23T00:00:00Z,10.18900000,11.05800000,10.02000000,10.44800000,10254517.21000000
2023-10-23T08:00:00Z,10.44800000,10.60500000,9.78900000,10.00600000,8065252.24000000
2023-10-23T16:00:00Z,10.00600000,10.97800000,9.98000000,10.57700000,6337552.56000000
2023-10-24T00:00:00Z,10.57800000,11.15000000,9.99900000,10.10200000,7987921.88000000
2023-10-24T08:00:00Z,10.10300000,10.54900000,9.66100000,9.90200000,5903171.03000000
2023-10-24T16:00:00Z,9.90100000,10.48300000,9.76900000,10.37200000,3202957.91000000
2023-10-25T00:00:00Z,10.37100000,11.64000000,10.33700000,10.92400000,8616028.17000000
2023-10-25T08:00:00Z,10.92300000,11.78800000,10.73500000,11.35200000,5300184.36000000
2023-10-25T16:00:00Z,11.35100000,11.40000000,10.76100000,11.05800000,3237492.93000000
2023-10-26T00:00:00Z,11.05900000,11.39200000,10.87300000,11.21600000,2548397.11000000
2023-10-26T08:00:00Z,11.21700000,11.33200000,10.34800000,10.50600000,5755256.73000000
2023-10-26T16:00:00Z,10.50800000,11.14400000,10.39800000,10.92800000,2679873.36000000
2023-10-27T00:00:00Z,10.92700000,11.38500000,10.60500000,10.72600000,3692978.22000000
2023-10-27T08:00:00Z,10.72600000,11.43400000,10.71600000,11.05700000,3808248.99000000
2023-10-27T16:00:00Z,11.05700000,11.40000000,10.69400000,11.18500000,4219022.62000000
2023-10-28T00:00:00Z,11.18400000,11.66600000,11.02800000,11.30000000,3000833.88000000
2023-10-28T08:00:00Z,11.29800000,11.59600000,11.07800000,11.16700000,3069388.86000000
2023-10-28T16:00:00Z,11.16700000,11.16800000,10.81900000,10.92300000,1615843.33000000
2023-10-29T00:00:00Z,10.92300000,11.02400000,10.75000000,11.01700000,1333181.30000000
2023-10-29T08:00:00Z,11.01500000,11.22000000,10.88500000,11.05600000,2335709.52000000
2023-10-29T16:00:00Z,11.05700000,11.29700000,10.99800000,11.08100000,1606566.87000000
2023-10-30T00:00:00Z,11.08500000,11.30900000,10.89000000,10.95300000,1991610.78000000
2023-10-30T08:00:00Z,10.95300000,11.85400000,10.91100000,11.38900000,5200079.89000000
2023-10-30T16:00:00Z,11.39000000,11.44300000,11.05000000,11.22000000,2263115.26000000
2023-10-31T00:00:00Z,11.22000000,12.02600000,11.20200000,11.43100000,6132144.30000000
2023-10-31T08:00:00Z,11.43100000,11.63000000,10.92000000,11.12200000,4187828.11000000
2023-10-31T16:00:00Z,11.12100000,11.43600000,11.05400000,11.35300000,2156716.10000000
2023-11-01T00:00:00Z,11.35200000,11.48500000,10.93600000,11.10600000,1772022.73000000
2023-11-01T08:00:00Z,11.10800000,11.19000000,10.64700000,10.83000000,4008749.08000000
2023-11-01T16:00:00Z,10.82700000,11.78600000,10.81200000,11.63800000,4808120.23000000
2023-11-02T00:00:00Z,11.63900000,11.74900000,11.16400000,11.18000000,2963418.62000000
2023-11-02T08:00:00Z,11.18100000,11.46300000,10.88000000,10.89500000,3343972.75000000
2023-11-02T16:00:00Z,10.89400000,11.12100000,10.80600000,11.00700000,1696499.14000000
2023-11-03T00:00:00Z,11.00700000,11.20800000,10.50000000,11.16600000,2931963.18000000
2023-11-03T08:00:00Z,11.16500000,11.32900000,10.91600000,11.27000000,3279437.93000000
2023-11-03T16:00:00Z,11.27000000,11.59600000,11.08100000,11.46000000,2675993.64000000
2023-11-04T00:00:00Z,11.45700000,11.50000000,11.22000000,11.23700000,2495632.46000000
2023-11-04T08:00:00Z,11.23500000,11.39200000,11.14700000,11.23200000,1485658.93000000
2023-11-04T16:00:00Z,11.23100000,11.62600000,11.21800000,11.49600000,1253596.91000000
2023-11-05T00:00:00Z,11.49600000,12.55900000,11.35600000,12.21900000,5880952.67000000
2023-11-05T08:00:00Z,12.21900000,12.32800000,11.68000000,11.75600000,3577507.05000000
2023-11-05T16:00:00Z,11.75700000,12.26100000,11.75000000,12.23100000,2448608.82000000
2023-11-06T00:00:00Z,12.23100000,12.77200000,12.11800000,12.45400000,3964634.89000000
2023-11-06T08:00:00Z,12.44900000,12.87100000,12.32500000,12.64700000,2985730.07000000
2023-11-06T16:00:00Z,12.64800000,13.25500000,12.43300000,12.98400000,3076817.46000000
2023-11-07T00:00:00Z,12.98400000,13.34000000,12.71200000,13.07800000,4115236.71000000
2023-11-07T08:00:00Z,13.07800000,13.14300000,12.52800000,12.70500000,3968262.54000000
2023-11-07T16:00:00Z,12.70800000,13.25000000,12.53300000,13.04000000,3851973.29000000
2023-11-08T00:00:00Z,13.04000000,13.62600000,12.81000000,13.43800000,3702735.58000000
2023-11-08T08:00:00Z,13.44200000,13.98000000,13.40600000,13.72700000,3183188.70000000
2023-11-08T16:00:00Z,13.72600000,14.98000000,13.71500000,14.91900000,5715180.56000000
2023-11-09T00:00:00Z,14.91800000,14.99900000,14.29900000,14.49500000,4796811.61000000
2023-11-09T08:00:00Z,14.49200000,15.99000000,14.39900000,15.09000000,7882813.30000000
2023-11-09T16:00:00Z,15.09400000,15.17900000,13.58900000,14.60300000,6221540.01000000
2023-11-10T00:00:00Z,14.60300000,14.95200000,14.16900000,14.46900000,3491368.77000000
2023-11-10T08:00:00Z,14.46900000,15.32100000,14.12200000,15.05900000,5572758.57000000
2023-11-10T16:00:00Z,15.06000000,15.64400000,14.90300000,15.49300000,3767976.55000000
2023-11-11T00:00:00Z,15.50200000,15.75000000,14.70800000,15.00600000,2914719.25000000
2023-11-11T08:00:00Z,15.00900000,16.60000000,14.77200000,16.27300000,4678616.01000000
2023-11-11T16:00:00Z,16.27800000,16.60000000,15.80700000,16.47700000,4328849.29000000
2023-11-12T00:00:00Z,16.47700000,16.54300000,15.37100000,16.24100000,4053326.89000000
2023-11-12T08:00:00Z,16.24300000,16.30000000,15.60500000,15.93800000,2679054.43000000
2023-11-12T16:00:00Z,15.94000000,16.37400000,15.67600000,16.02500000,2748160.38000000
2023-11-13T00:00:00Z,16.02500000,16.30000000,15.09500000,15.28900000,3151990.67000000
2023-11-13T08:00:00Z,15.28800000,15.57300000,14.50000000,15.14600000,3910753.17000000
2023-11-13T16:00:00Z,15.14300000,15.39000000,14.30400000,14.35800000,3054345.78000000
2023-11-14T00:00:00Z,14.35400000,14.87000000,14.05500000,14.80200000,2957047.72000000
2023-11-14T08:00:00Z,14.80100000,14.91000000,13.80500000,14.06900000,5331647.34000000
2023-11-14T16:00:00Z,14.07000000,14.52900000,13.36100000,13.94500000,4519563.47000000
2023-11-15T00:00:00Z,13.94700000,14.72800000,13.93000000,14.59700000,2482272.32000000
2023-11-15T08:00:00Z,14.59900000,15.20100000,14.57000000,14.88600000,3010670.37000000
2023-11-15T16:00:00Z,14.88500000,15.38900000,14.71200000,15.02700000,4068157.34000000
2023-11-16T00:00:00Z,15.02700000,15.22000000,14.64200000,14.98200000,3175730.18000000
2023-11-16T08:00:00Z,14.98400000,15.06700000,13.91000000,14.13100000,4390351.22000000
2023-11-16T16:00:00Z,14.13200000,14.24600000,13.55000000,13.86600000,3949602.22000000
2023-11-17T00:00:00Z,13.86600000,14.26900000,13.73400000,13.79000000,2569614.56000000
2023-11-17T08:00:00Z,13.79200000,13.88100000,12.85300000,12.95400000,4293071.31000000
2023-11-17T16:00:00Z,12.95500000,13.83500000,12.86100000,13.70200000,3514182.28000000
2023-11-18T00:00:00Z,13.70700000,13.70800000,12.92100000,13.34600000,1838308.93000000
2023-11-18T08:00:00Z,13.34400000,13.57400000,13.09700000,13.54400000,2036490.40000000
2023-11-18T16:00:00Z,13.54200000,13.81000000,13.52400000,13.75000000,2114856.65000000
2023-11-19T00:00:00Z,13.75100000,14.36700000,13.36900000,14.28100000,2814500.49000000
2023-11-19T08:00:00Z,14.28500000,14.36100000,13.96900000,14.19900000,2217927.59000000
2023-11-19T16:00:00Z,14.20000000,15.05400000,14.14900000,14.90800000,2991678.99000000
2023-11-20T00:00:00Z,14.91100000,15.27600000,14.74800000,15.20300000,2161729.16000000
2023-11-20T08:00:00Z,15.20600000,15.39300000,14.65000000,15.12700000,2954771.61000000
2023-11-20T16:00:00Z,15.12700000,15.25000000,14.36500000,14.47700000,2736046.95000000
2023-11-21T00:00:00Z,14.47500000,14.66300000,14.05400000,14.11400000,1865067.07000000
2023-11-21T08:00:00Z,14.11400000,14.40000000,13.75000000,14.24800000,2934401.48000000
2023-11-21T16:00:00Z,14.24700000,14.32300000,13.30000000,13.35900000,4508132.39000000
2023-11-22T00:00:00Z,13.36200000,14.31800000,13.24000000,14.13100000,2672230.93000000
2023-11-22T08:00:00Z,14.13100000,14.40000000,14.04400000,14.22500000,2085612.23000000
2023-11-22T16:00:00Z,14.22700000,14.62100000,14.15200000,14.21200000,2583475.73000000
2023-11-23T00:00:00Z,14.21300000,14.65600000,14.15400000,14.53200000,1876833.55000000
2023-11-23T08:00:00Z,14.53200000,14.65000000,14.12800000,14.13900000,1471493.97000000
2023-11-23T16:00:00Z,14.14000000,14.88700000,14.12200000,14.39800000,2431777.86000000
2023-11-24T00:00:00Z,14.39800000,14.51100000,14.20800000,14.37400000,1146944.51000000
2023-11-24T08:00:00Z,14.37600000,14.65500000,14.31100000,14.58000000,1828289.39000000
2023-11-24T16:00:00Z,14.58000000,14.84300000,14.25900000,14.48200000,1385303.73000000
2023-11-25T00:00:00Z,14.48100000,14.77600000,14.37600000,14.74100000,1252507.15000000
2023-11-25T08:00:00Z,14.74000000,14.97500000,14.63900000,14.79000000,1449318.92000000
2023-11-25T16:00:00Z,14.78900000,14.86900000,14.66900000,14.76200000,616212.58000000
2023-11-26T00:00:00Z,14.76300000,15.17900000,14.62400000,15.10900000,1290176.21000000
2023-11-26T08:00:00Z,15.10900000,15.33300000,14.70900000,14.80800000,2090329.84000000
2023-11-26T16:00:00Z,14.80600000,14.89500000,14.36400000,14.76600000,1860201.80000000
2023-11-27T00:00:00Z,14.76800000,15.30000000,14.33700000,14.51400000,2358697.71000000
2023-11-27T08:00:00Z,14.51000000,14.56000000,14.05200000,14.08800000,2211313.21000000
2023-11-27T16:00:00Z,14.09000000,14.30500000,13.88000000,14.18600000,1576060.12000000
2023-11-28T00:00:00Z,14.18600000,14.31500000,13.76500000,13.98500000,1690154.93000000
2023-11-28T08:00:00Z,13.98400000,14.44900000,13.90900000,14.38700000,1583824.92000000
2023-11-28T16:00:00Z,14.38900000,14.71200000,14.32800000,14.52100000,2120887.14000000
2023-11-29T00:00:00Z,14.52400000,14.79400000,14.43400000,14.69600000,1352702.62000000
2023-11-29T08:00:00Z,14.69800000,14.99300000,14.37600000,14.58500000,2202713.49000000
2023-11-29T16:00:00Z,14.58400000,14.68400000,14.41100000,14.51100000,1290112.69000000
2023-11-30T00:00:00Z,14.51400000,14.70200000,14.33700000,14.43600000,1440101.33000000
2023-11-30T08:00:00Z,14.43700000,14.83200000,14.28200000,14.39300000,2033699.20000000
2023-11-30T16:00:00Z,14.39300000,14.45000000,14.26800000,14.41200000,924664.15000000
2023-12-01T00:00:00Z,14.41100000,14.77800000,14.27100000,14.73100000,1459743.80000000
2023-12-01T08:00:00Z,14.73000000,14.99400000,14.69000000,14.93700000,1675094.56000000
2023-12-01T16:00:00Z,14.93700000,15.04800000,14.86000000,14.98800000,1499674.25000000
2023-12-02T00:00:00Z,14.98700000,15.89000000,14.91900000,15.74000000,2574158.72000000
2023-12-02T08:00:00Z,15.73900000,15.88900000,15.60300000,15.84100000,1707902.54000000
2023-12-02T16:00:00Z,15.83900000,16.19900000,15.68600000,15.99200000,2286831.66000000
2023-12-03T00:00:00Z,15.99200000,16.29000000,15.81200000,16.27400000,1512633.27000000
2023-12-03T08:00:00Z,16.27400000,16.28800000,15.75800000,15.83300000,1636904.26000000
2023-12-03T16:00:00Z,15.83300000,16.14600000,15.66600000,15.70500000,1229556.36000000
2023-12-04T00:00:00Z,15.70600000,16.39600000,15.62800000,16.07500000,2820575.21000000
2023-12-04T08:00:00Z,16.07800000,16.23800000,15.11000000,15.45800000,4388301.58000000
2023-12-04T16:00:00Z,15.45600000,15.81700000,15.43100000,15.81300000,1618048.53000000
2023-12-05T00:00:00Z,15.81200000,16.03000000,15.20800000,15.32200000,2362155.87000000
2023-12-05T08:00:00Z,15.32100000,15.61200000,15.17800000,15.53400000,1910277.33000000
2023-12-05T16:00:00Z,15.53500000,16.08800000,15.40400000,15.72900000,2921312.63000000
2023-12-06T00:00:00Z,15.72000000,16.16400000,15.35000000,15.62900000,3214692.54000000
2023-12-06T08:00:00Z,15.62900000,16.09900000,15.33500000,15.54100000,3101755.09000000
2023-12-06T16:00:00Z,15.54300000,15.80400000,15.23200000,15.26800000,1740653.56000000
2023-12-07T00:00:00Z,15.26600000,15.72600000,15.25000000,15.56900000,1368532.72000000
2023-12-07T08:00:00Z,15.56800000,15.62100000,14.65800000,15.23100000,4915702.42000000
2023-12-07T16:00:00Z,15.23800000,15.80200000,15.15400000,15.69100000,2795871.68000000
2023-12-08T00:00:00Z,15.68800000,16.09700000,15.55000000,15.90800000,2858866.92000000
2023-12-08T08:00:00Z,15.90800000,17.32400000,15.88700000,16.69300000,5709546.22000000
2023-12-08T16:00:00Z,16.69600000,17.00000000,16.53800000,16.92500000,2259373.21000000
2023-12-09T00:00:00Z,16.92600000,17.27500000,16.65300000,17.18800000,2692179.39000000
2023-12-09T08:00:00Z,17.18800000,17.29900000,16.26100000,16.62700000,4055041.00000000
2023-12-09T16:00:00Z,16.62700000,16.67400000,16.02300000,16.19600000,1683173.45000000
2023-12-10T00:00:00Z,16.19500000,16.45400000,16.17600000,16.31500000,1172963.61000000
2023-12-10T08:00:00Z,16.31300000,16.35700000,15.79100000,16.13200000,2036485.05000000
2023-12-10T16:00:00Z,16.13300000,16.44900000,15.95100000,16.36700000,1557126.00000000
2023-12-11T00:00:00Z,16.36800000,16.46200000,13.78000000,14.86200000,7470488.17000000
2023-12-11T08:00:00Z,14.86200000,15.18200000,14.60000000,14.78300000,3502650.22000000
2023-12-11T16:00:00Z,14.78200000,14.88900000,14.21000000,14.76800000,3134356.70000000
2023-12-12T00:00:00Z,14.76700000,15.13800000,14.69300000,15.04000000,2171991.95000000
2023-12-12T08:00:00Z,15.04000000,15.08200000,14.56400000,14.64300000,2618232.55000000
2023-12-12T16:00:00Z,14.64200000,14.64500000,14.17000000,14.52300000,2660665.75000000
2023-12-13T00:00:00Z,14.52700000,14.58500000,13.85700000,14.21000000,3210545.19000000
2023-12-13T08:00:00Z,14.21000000,14.65500000,14.07700000,14.56500000,2478939.34000000
2023-12-13T16:00:00Z,14.56500000,14.95900000,14.35800000,14.77000000,2516428.00000000
2023-12-14T00:00:00Z,14.77300000,14.96600000,14.62300000,14.85000000,1625561.52000000
2023-12-14T08:00:00Z,14.84800000,15.35900000,14.21000000,14.87100000,4054453.23000000
2023-12-14T16:00:00Z,14.86900000,15.58600000,14.84600000,15.37000000,2718638.59000000
2023-12-15T00:00:00Z,15.37200000,15.39400000,14.85500000,14.88300000,1771142.14000000
2023-12-15T08:00:00Z,14.88400000,15.20600000,14.64200000,14.77400000,2126083.77000000
2023-12-15T16:00:00Z,14.77600000,14.87600000,14.25700000,14.28100000,1690798.09000000
2023-12-16T00:00:00Z,14.28100000,14.58700000,14.08600000,14.44000000,1236895.87000000
2023-12-16T08:00:00Z,14.44000000,14.66500000,14.40000000,14.64900000,1290078.06000000
2023-12-16T16:00:00Z,14.65000000,14.80100000,14.27800000,14.32000000,1448495.13000000
2023-12-17T00:00:00Z,14.32000000,14.35400000,14.01000000,14.03300000,1373767.83000000
2023-12-17T08:00:00Z,14.03300000,14.28900000,14.01000000,14.23800000,1141880.31000000
2023-12-17T16:00:00Z,14.24100000,14.37200000,13.91000000,14.01300000,1044570.17000000
2023-12-18T00:00:00Z,14.01600000,14.15600000,13.63300000,13.88000000,1691526.72000000
2023-12-18T08:00:00Z,13.88000000,14.43000000,13.76800000,13.98900000,4240992.03000000
2023-12-18T16:00:00Z,13.99100000,14.68100000,13.86000000,14.67400000,2287725.98000000
2023-12-19T00:00:00Z,14.66900000,14.80800000,14.52400000,14.59600000,1400177.75000000
2023-12-19T08:00:00Z,14.59600000,14.66200000,14.11300000,14.23700000,1739561.88000000
2023-12-19T16:00:00Z,14.23700000,14.32200000,13.92300000,14.10000000,1575862.87000000
2023-12-20T00:00:00Z,14.10000000,14.43900000,13.97500000,14.42400000,1031291.74000000
2023-12-20T08:00:00Z,14.42400000,14.80500000,14.31700000,14.70700000,1871409.63000000
2023-12-20T16:00:00Z,14.70700000,14.73400000,14.03300000,14.25300000,2190538.61000000
2023-12-21T00:00:00Z,14.25200000,14.47100000,14.17900000,14.43700000,1409296.49000000
2023-12-21T08:00:00Z,14.43700000,15.16800000,14.43700000,14.96600000,3170390.78000000
2023-12-21T16:00:00Z,14.96700000,15.31100000,14.89300000,15.30500000,2398507.83000000
2023-12-22T00:00:00Z,15.30600000,15.72900000,14.96900000,15.16500000,2933325.75000000
2023-12-22T08:00:00Z,15.16600000,15.67600000,15.06200000,15.47800000,2164932.20000000
2023-12-22T16:00:00Z,15.47700000,15.69000000,15.29700000,15.47900000,1279908.52000000
2023-12-23T00:00:00Z,15.47800000,15.52800000,14.89400000,15.02500000,1407685.90000000
2023-12-23T08:00:00Z,15.02400000,15.86700000,14.97300000,15.82100000,2547447.61000000
2023-12-23T16:00:00Z,15.82200000,15.90000000,15.43000000,15.68200000,2286093.69000000
2023-12-24T00:00:00Z,15.68200000,15.91300000,15.30000000,15.53400000,1860729.83000000
2023-12-24T08:00:00Z,15.53500000,15.91200000,15.43600000,15.78500000,1942046.81000000
2023-12-24T16:00:00Z,15.79000000,15.95000000,15.11000000,15.26200000,2134230.31000000
2023-12-25T00:00:00Z,15.26300000,15.56200000,15.12000000,15.39400000,1093385.25000000
2023-12-25T08:00:00Z,15.39300000,15.65400000,15.13600000,15.54100000,1743719.59000000
2023-12-25T16:00:00Z,15.53800000,15.80200000,15.18900000,15.58500000,2345487.29000000
2023-12-26T00:00:00Z,15.58600000,15.90000000,15.06500000,15.30000000,2186506.58000000
2023-12-26T08:00:00Z,15.29900000,15.49800000,15.04800000,15.07100000,1836725.02000000
2023-12-26T16:00:00Z,15.07200000,15.19200000,14.30000000,15.09200000,2420380.54000000
2023-12-27T00:00:00Z,15.09200000,15.10100000,14.64600000,14.88900000,1026946.14000000
2023-12-27T08:00:00Z,14.88900000,16.35500000,14.87500000,16.14200000,4159000.87000000
2023-12-27T16:00:00Z,16.14200000,16.75000000,16.11800000,16.70900000,3419012.80000000
2023-12-28T00:00:00Z,16.71100000,17.67200000,16.64100000,16.94100000,5615697.20000000
2023-12-28T08:00:00Z,16.94100000,17.32700000,16.08500000,16.16000000,4397086.47000000
2023-12-28T16:00:00Z,16.15700000,16.51800000,15.97500000,16.00500000,2386800.96000000
2023-12-29T00:00:00Z,16.00600000,16.11400000,15.53000000,15.71800000,2554972.53000000
2023-12-29T08:00:00Z,15.72600000,16.22400000,15.47400000,15.59500000,2411221.35000000
2023-12-29T16:00:00Z,15.59800000,15.66500000,15.11600000,15.54000000,2054342.10000000
2023-12-30T00:00:00Z,15.53900000,15.62300000,15.20900000,15.30400000,989776.78000000
2023-12-30T08:00:00Z,15.30500000,15.40800000,15.01700000,15.37900000,1089170.86000000
2023-12-30T16:00:00Z,15.38000000,15.49100000,15.06500000,15.16700000,872640.84000000
2023-12-31T00:00:00Z,15.17000000,15.33200000,14.92100000,15.20500000,1022420.60000000
2023-12-31T08:00:00Z,15.20500000,15.52800000,15.18000000,15.29500000,1216874.64000000
2023-12-31T16:00:00Z,15.29300000,15.42900000,14.77000000,14.94100000,1256595.03000000
2024-01-01T00:00:00Z,14.94200000,15.22600000,14.81000000,15.21900000,898480.89000000
2024-01-01T08:00:00Z,15.21900000,15.34500000,15.12500000,15.30700000,784682.03000000
2024-01-01T16:00:00Z,15.31100000,15.58000000,15.15100000,15.54800000,1490774.97000000
2024-01-02T00:00:00Z,15.54700000,15.94000000,15.49400000,15.89000000,1922527.82000000
2024-01-02T08:00:00Z,15.89000000,16.06300000,15.24800000,15.36400000,2075138.93000000
2024-01-02T16:00:00Z,15.36400000,15.42600000,15.01700000,15.16600000,1677354.18000000
2024-01-03T00:00:00Z,15.16500000,15.57800000,15.11100000,15.31000000,1129397.71000000
2024-01-03T08:00:00Z,15.31000000,15.55500000,12.20000000,14.19100000,6710222.62000000
2024-01-03T16:00:00Z,14.19100000,14.30500000,13.72700000,14.14800000,2308014.84000000
2024-01-04T00:00:00Z,14.14800000,14.49600000,13.97500000,14.28800000,1536205.33000000
2024-01-04T08:00:00Z,14.29100000,14.68800000,14.10700000,14.67300000,1587390.16000000
2024-01-04T16:00:00Z,14.67300000,14.77700000,14.43200000,14.52600000,1242231.67000000
2024-01-05T00:00:00Z,14.53000000,14.65500000,13.84200000,14.44600000,2017009.43000000
2024-01-05T08:00:00Z,14.45000000,14.65000000,13.80000000,14.03300000,2565104.31000000
2024-01-05T16:00:00Z,14.03000000,14.11300000,13.70500000,14.09100000,1494305.85000000
2024-01-06T00:00:00Z,14.09200000,14.09800000,13.18000000,13.34100000,1691052.84000000
2024-01-06T08:00:00Z,13.34100000,13.64900000,13.22700000,13.62300000,1170616.83000000
2024-01-06T16:00:00Z,13.62300000,13.68900000,13.26000000,13.43600000,703792.20000000
2024-01-07T00:00:00Z,13.43500000,13.74100000,13.39400000,13.64400000,975721.19000000
2024-01-07T08:00:00Z,13.64400000,13.70700000,13.39500000,13.47600000,970337.73000000
2024-01-07T16:00:00Z,13.47500000,13.60900000,13.00000000,13.15100000,1099040.95000000
2024-01-08T00:00:00Z,13.15500000,13.56800000,12.52700000,13.49100000,2518688.59000000
2024-01-08T08:00:00Z,13.49100000,13.85100000,13.21100000,13.58200000,1900748.76000000
2024-01-08T16:00:00Z,13.58600000,14.40200000,13.51500000,14.13900000,1924193.21000000
2024-01-09T00:00:00Z,14.14300000,14.25000000,13.85200000,14.05200000,1219190.23000000
2024-01-09T08:00:00Z,14.05200000,14.15400000,13.24200000,13.56400000,2572477.73000000
2024-01-09T16:00:00Z,13.56500000,13.86800000,13.36000000,13.71600000,2297734.97000000
2024-01-10T00:00:00Z,13.71600000,13.97000000,13.56300000,13.67400000,1012208.41000000
2024-01-10T08:00:00Z,13.67600000,14.45900000,13.56900000,14.25700000,2523251.18000000
2024-01-10T16:00:00Z,14.25400000,15.36300000,13.97500000,15.07200000,2573203.31000000
2024-01-11T00:00:00Z,15.07300000,15.10600000,14.59700000,14.83600000,1488709.17000000
2024-01-11T08:00:00Z,14.83400000,15.69500000,14.78200000,15.03300000,2926211.58000000
2024-01-11T16:00:00Z,15.03300000,15.18200000,14.69000000,15.02200000,1556100.77000000
2024-01-12T00:00:00Z,15.02100000,15.06900000,14.69300000,14.76300000,880840.76000000
2024-01-12T08:00:00Z,14.76500000,15.30400000,14.64300000,14.78200000,1844511.38000000
2024-01-12T16:00:00Z,14.77800000,14.93700000,13.59000000,14.15100000,2474451.44000000
2024-01-13T00:00:00Z,14.15500000,14.24500000,13.78800000,14.17600000,889282.38000000
2024-01-13T08:00:00Z,14.17500000,14.35600000,14.00000000,14.24600000,744301.47000000
2024-01-13T16:00:00Z,14.24700000,14.43000000,14.12300000,14.34500000,769639.24000000
2024-01-14T00:00:00Z,14.34500000,15.24100000,14.26700000,14.88400000,2574799.26000000
2024-01-14T08:00:00Z,14.88500000,15.33200000,14.84000000,15.21700000,2302938.39000000
2024-01-14T16:00:00Z,15.21900000,15.43400000,14.73500000,14.75500000,2103552.06000000
2024-01-15T00:00:00Z,14.75500000,15.86600000,14.75000000,15.44300000,2556484.51000000
2024-01-15T08:00:00Z,15.44500000,16.01800000,15.21000000,15.31900000,3096332.10000000
2024-01-15T16:00:00Z,15.31600000,15.69600000,14.99000000,15.18500000,1467789.31000000
2024-01-16T00:00:00Z,15.18500000,15.36500000,15.01100000,15.10500000,1165514.90000000
2024-01-16T08:00:00Z,15.10800000,15.24900000,14.73900000,15.06500000,1486350.66000000
2024-01-16T16:00:00Z,15.06500000,15.35000000,14.96100000,15.27100000,1343224.09000000
2024-01-17T00:00:00Z,15.26700000,16.00000000,15.26700000,15.77300000,3419497.94000000
2024-01-17T08:00:00Z,15.77000000,16.39500000,15.60900000,16.11100000,3313013.35000000
2024-01-17T16:00:00Z,16.11400000,16.16600000,15.50000000,15.76100000,2173715.83000000
2024-01-18T00:00:00Z,15.76100000,15.77300000,15.21800000,15.45700000,1290737.00000000
2024-01-18T08:00:00Z,15.45700000,15.53200000,15.07600000,15.17200000,2047392.37000000
2024-01-18T16:00:00Z,15.17200000,15.17300000,14.18900000,14.65800000,3392283.11000000
2024-01-19T00:00:00Z,14.65800000,15.05300000,14.46100000,15.04800000,1736111.00000000
2024-01-19T08:00:00Z,15.04600000,15.66500000,14.88800000,15.15700000,3917441.45000000
2024-01-19T16:00:00Z,15.15800000,16.41500000,14.63600000,16.11800000,4304567.92000000
2024-01-20T00:00:00Z,16.11800000,16.52600000,15.76400000,16.41000000,3994763.94000000
2024-01-20T08:00:00Z,16.40600000,16.61000000,15.72900000,15.74200000,2890615.21000000
2024-01-20T16:00:00Z,15.74200000,15.92300000,15.62400000,15.78100000,1458269.32000000
2024-01-21T00:00:00Z,15.78100000,15.78100000,15.47800000,15.63300000,1113487.47000000
2024-01-21T08:00:00Z,15.63300000,15.91200000,15.44400000,15.49100000,1519213.43000000
2024-01-21T16:00:00Z,15.49200000,15.60900000,15.36500000,15.39600000,834055.08000000
2024-01-22T00:00:00Z,15.39300000,15.97400000,15.22000000,15.67800000,2883619.17000000
2024-01-22T08:00:00Z,15.67700000,15.73500000,14.80000000,15.09000000,3603244.13000000
2024-01-22T16:00:00Z,15.09300000,15.16600000,14.50700000,14.59800000,2513128.09000000
2024-01-23T00:00:00Z,14.59700000,14.88600000,14.50000000,14.56500000,1344775.10000000
2024-01-23T08:00:00Z,14.56500000,14.61900000,13.56100000,14.12600000,4223921.83000000
2024-01-23T16:00:00Z,14.12600000,14.32900000,13.79300000,14.30000000,2066027.27000000
2024-01-24T00:00:00Z,14.29800000,14.37000000,14.03500000,14.15200000,1301254.79000000
2024-01-24T08:00:00Z,14.15500000,14.44200000,13.98800000,14.14800000,1842086.40000000
2024-01-24T16:00:00Z,14.14800000,14.33000000,13.91100000,14.24300000,1759330.71000000
2024-01-25T00:00:00Z,14.24200000,14.26100000,13.84900000,14.02600000,847585.67000000
2024-01-25T08:00:00Z,14.02700000,14.06600000,13.51600000,13.59200000,1686318.94000000
2024-01-25T16:00:00Z,13.59600000,13.88400000,13.50600000,13.74400000,1449959.15000000
2024-01-26T00:00:00Z,13.74400000,13.92000000,13.63700000,13.72400000,843166.20000000
2024-01-26T08:00:00Z,13.72400000,14.22000000,13.72300000,14.20700000,1906929.09000000
2024-01-26T16:00:00Z,14.20800000,14.30000000,14.04700000,14.18700000,1373983.01000000
2024-01-27T00:00:00Z,14.18800000,14.35000000,14.10000000,14.13200000,803506.18000000
2024-01-27T08:00:00Z,14.13400000,14.34400000,14.09100000,14.29100000,612115.48000000
2024-01-27T16:00:00Z,14.29200000,14.40000000,14.23400000,14.34500000,686034.86000000
2024-01-28T00:00:00Z,14.34100000,14.64500000,14.26600000,14.47800000,1300692.13000000
2024-01-28T08:00:00Z,14.47900000,14.70000000,14.30800000,14.40800000,1517547.29000000
2024-01-28T16:00:00Z,14.40900000,14.53900000,14.20100000,14.48000000,1106218.48000000
2024-01-29T00:00:00Z,14.47900000,14.86800000,14.40500000,14.59300000,1859622.28000000
2024-01-29T08:00:00Z,14.59200000,14.72000000,14.26500000,14.70800000,1413628.17000000
2024-01-29T16:00:00Z,14.70500000,15.08100000,14.58300000,15.00400000,2317756.06000000
2024-01-30T00:00:00Z,15.00400000,15.13600000,14.89500000,15.00200000,1127269.46000000
2024-01-30T08:00:00Z,15.00200000,15.59900000,14.94900000,15.59500000,2576412.34000000
2024-01-30T16:00:00Z,15.59500000,15.80500000,15.37100000,15.47500000,2909981.61000000
2024-01-31T00:00:00Z,15.47400000,16.06000000,15.36700000,15.82800000,3834276.60000000
2024-01-31T08:00:00Z,15.82800000,15.95900000,15.28000000,15.70800000,3025796.19000000
2024-01-31T16:00:00Z,15.70800000,15.86400000,15.08300000,15.42900000,2815775.67000000
2024-02-01T00:00:00Z,15.42700000,15.83900000,15.14700000,15.77800000,3604633.03000000
2024-02-01T08:00:00Z,15.77500000,16.95000000,15.47300000,16.69700000,6120549.50000000
2024-02-01T16:00:00Z,16.69700000,17.38200000,16.48000000,17.19000000,6257234.26000000
2024-02-02T00:00:00Z,17.19200000,18.25000000,17.13200000,18.12100000,7161237.86000000
2024-02-02T08:00:00Z,18.12200000,18.87500000,17.68900000,18.73500000,6216819.97000000
2024-02-02T16:00:00Z,18.73500000,18.88000000,17.55500000,17.82800000,5215827.64000000
2024-02-03T00:00:00Z,17.82700000,17.96400000,17.50200000,17.71800000,2654872.75000000
2024-02-03T08:00:00Z,17.71400000,18.14800000,17.70900000,18.09200000,2791874.75000000
2024-02-03T16:00:00Z,18.09100000,18.09100000,17.54300000,17.65800000,2171305.89000000
2024-02-04T00:00:00Z,17.66100000,17.99000000,17.53200000,17.63200000,1913353.21000000
2024-02-04T08:00:00Z,17.63200000,18.38400000,17.59100000,18.21400000,2517509.16000000
2024-02-04T16:00:00Z,18.21500000,18.71100000,18.10800000,18.15300000,3111730.54000000
2024-02-05T00:00:00Z,18.15400000,18.89500000,17.80600000,18.71300000,3679627.86000000
2024-02-05T08:00:00Z,18.71200000,19.79400000,18.54900000,19.27800000,5475999.51000000
2024-02-05T16:00:00Z,19.27800000,19.37300000,18.74500000,19.16400000,2546110.18000000
2024-02-06T00:00:00Z,19.16300000,19.33300000,18.80100000,19.07300000,2026959.08000000
2024-02-06T08:00:00Z,19.07300000,19.31600000,18.40400000,18.64100000,2964312.90000000
2024-02-06T16:00:00Z,18.64200000,18.78400000,18.21000000,18.28700000,2726748.80000000
2024-02-07T00:00:00Z,18.28700000,18.54900000,18.02100000,18.38900000,2146335.14000000
2024-02-07T08:00:00Z,18.39000000,18.63600000,18.16600000,18.42300000,1870367.00000000
2024-02-07T16:00:00Z,18.42300000,19.07700000,18.35600000,18.81700000,2272051.30000000
2024-02-08T00:00:00Z,18.81800000,19.27100000,18.66500000,19.15800000,1764155.36000000
2024-02-08T08:00:00Z,19.15800000,19.15800000,18.32800000,18.66100000,2673048.46000000
2024-02-08T16:00:00Z,18.66100000,18.70100000,17.96900000,18.21200000,1949762.22000000
2024-02-09T00:00:00Z,18.20900000,18.50300000,17.97300000,18.34300000,1632842.59000000
2024-02-09T08:00:00Z,18.34200000,18.62500000,18.15000000,18.37200000,2492164.41000000
2024-02-09T16:00:00Z,18.37300000,18.61300000,18.19500000,18.47000000,1567880.07000000
2024-02-10T00:00:00Z,18.47000000,18.77000000,18.22500000,18.34000000,1328098.33000000
2024-02-10T08:00:00Z,18.33900000,18.44800000,17.98600000,18.36200000,1315514.81000000
2024-02-10T16:00:00Z,18.36700000,19.17000000,18.30700000,19.08400000,1593495.73000000
2024-02-11T00:00:00Z,19.08300000,20.48500000,18.82900000,20.34300000,4372291.36000000
2024-02-11T08:00:00Z,20.34200000,20.67600000,19.93000000,20.28600000,3025911.34000000
2024-02-11T16:00:00Z,20.28500000,20.38500000,20.02400000,20.14600000,1331170.71000000
2024-02-12T00:00:00Z,20.14700000,20.63100000,19.75100000,20.22500000,2124582.42000000
2024-02-12T08:00:00Z,20.22600000,20.84500000,19.83800000,20.26500000,3475188.40000000
2024-02-12T16:00:00Z,20.26500000,20.85600000,20.13100000,20.46500000,3461929.05000000
2024-02-13T00:00:00Z,20.46700000,20.59200000,20.06000000,20.11400000,1692089.21000000
2024-02-13T08:00:00Z,20.11300000,20.26700000,19.45000000,19.87400000,2824169.74000000
2024-02-13T16:00:00Z,19.87600000,19.91500000,19.60100000,19.87000000,1712135.65000000
2024-02-14T00:00:00Z,19.86900000,20.18400000,19.70200000,20.08800000,1141736.16000000
2024-02-14T08:00:00Z,20.08800000,20.43000000,19.83200000,20.09900000,2369103.91000000
2024-02-14T16:00:00Z,20.10000000,20.38500000,19.95600000,20.24000000,1564820.91000000
2024-02-15T00:00:00Z,20.24000000,20.52400000,19.79100000,19.95400000,1621165.11000000
2024-02-15T08:00:00Z,19.95600000,20.23500000,19.77000000,19.87300000,1653560.19000000
2024-02-15T16:00:00Z,19.87500000,20.30600000,19.65000000,19.93200000,1594307.62000000
2024-02-16T00:00:00Z,19.93100000,20.31000000,19.79200000,19.85200000,1342605.14000000
2024-02-16T08:00:00Z,19.85100000,20.19300000,19.11600000,19.49700000,1919750.16000000
2024-02-16T16:00:00Z,19.49800000,19.68300000,19.22100000,19.55100000,1337847.09000000
2024-02-17T00:00:00Z,19.55500000,19.59000000,19.26100000,19.57300000,538041.67000000
2024-02-17T08:00:00Z,19.57300000,19.86400000,19.21800000,19.60700000,1817388.79000000
2024-02-17T16:00:00Z,19.60800000,20.27300000,19.56200000,20.03200000,1360567.95000000
2024-02-18T00:00:00Z,20.03100000,20.13700000,19.75200000,19.98700000,858420.86000000
2024-02-18T08:00:00Z,19.97800000,20.11900000,19.86000000,19.91300000,738460.45000000
2024-02-18T16:00:00Z,19.91400000,20.37300000,19.83100000,20.11900000,1296235.82000000
2024-02-19T00:00:00Z,20.12000000,20.24500000,19.89900000,20.21200000,960507.10000000
2024-02-19T08:00:00Z,20.21100000,20.21800000,19.64700000,19.78700000,1312955.88000000
2024-02-19T16:00:00Z,19.78600000,20.18700000,19.77400000,19.83200000,1857671.95000000
2024-02-20T00:00:00Z,19.83200000,19.88300000,19.49100000,19.59400000,1128039.63000000
2024-02-20T08:00:00Z,19.59400000,19.70800000,18.37800000,18.96900000,2959208.54000000
2024-02-20T16:00:00Z,18.97200000,19.49100000,18.59500000,19.28100000,1611766.46000000
2024-02-21T00:00:00Z,19.28100000,19.28700000,18.65200000,18.74300000,1156492.35000000
2024-02-21T08:00:00Z,18.74300000,18.85400000,18.12300000,18.39100000,1994182.34000000
2024-02-21T16:00:00Z,18.39300000,18.62200000,18.00000000,18.59400000,1802385.89000000
2024-02-22T00:00:00Z,18.59400000,18.81000000,18.12800000,18.80500000,1139687.34000000
2024-02-22T08:00:00Z,18.81000000,19.01400000,18.17200000,18.50100000,1555347.08000000
2024-02-22T16:00:00Z,18.50100000,18.62200000,18.07800000,18.12100000,1514928.09000000
2024-02-23T00:00:00Z,18.12000000,18.28600000,17.82100000,17.93900000,1256480.14000000
2024-02-23T08:00:00Z,17.94000000,18.06300000,17.67900000,17.86200000,1990689.45000000
2024-02-23T16:00:00Z,17.86400000,18.24200000,17.56000000,17.93500000,1673777.17000000
2024-02-24T00:00:00Z,17.93600000,18.46500000,17.75600000,18.44600000,975000.49000000
2024-02-24T08:00:00Z,18.44600000,18.48500000,18.20900000,18.23100000,645961.28000000
2024-02-24T16:00:00Z,18.23100000,18.56400000,18.22500000,18.53300000,684839.90000000
2024-02-25T00:00:00Z,18.53300000,18.68200000,18.40100000,18.55800000,614965.03000000
2024-02-25T08:00:00Z,18.55800000,18.82100000,18.37000000,18.61600000,750244.88000000
2024-02-25T16:00:00Z,18.61600000,18.85900000,18.50200000,18.72200000,637701.17000000
2024-02-26T00:00:00Z,18.72100000,18.85000000,18.43600000,18.46200000,595952.72000000
2024-02-26T08:00:00Z,18.45900000,18.89800000,18.12800000,18.86700000,1984625.39000000
2024-02-26T16:00:00Z,18.86500000,19.26400000,18.79100000,19.08300000,1873627.64000000
2024-02-27T00:00:00Z,19.08300000,19.31600000,18.93000000,18.99500000,1526556.64000000
2024-02-27T08:00:00Z,18.99300000,19.36200000,18.77100000,18.84300000,1792784.97000000
2024-02-27T16:00:00Z,18.84400000,19.24000000,18.66200000,19.02300000,1504394.21000000
2024-02-28T00:00:00Z,19.02200000,19.15000000,18.80500000,19.13500000,791313.82000000
2024-02-28T08:00:00Z,19.13500000,20.87000000,19.03100000,19.75700000,6902243.11000000
2024-02-28T16:00:00Z,19.75700000,20.28700000,18.00600000,19.43000000,5824564.95000000
2024-02-29T00:00:00Z,19.43000000,20.14200000,19.24200000,20.06700000,2633427.34000000
2024-02-29T08:00:00Z,20.06700000,20.45500000,19.86400000,20.13500000,2824080.99000000
2024-02-29T16:00:00Z,20.13500000,20.16300000,18.80100000,19.27400000,2625255.00000000
2024-03-01T00:00:00Z,19.27400000,19.84000000,19.26600000,19.71100000,1159765.70000000
2024-03-01T08:00:00Z,19.71200000,20.04900000,19.58100000,19.68500000,1537230.45000000
2024-03-01T16:00:00Z,19.68500000,20.10000000,19.64100000,20.05100000,1357694.82000000
2024-03-02T00:00:00Z,20.05200000,21.44400000,19.95600000,21.21500000,3425566.05000000
2024-03-02T08:00:00Z,21.21600000,21.31000000,20.63700000,21.12100000,2531249.07000000
2024-03-02T16:00:00Z,21.12100000,21.69000000,21.11100000,21.39800000,1807597.85000000
2024-03-03T00:00:00Z,21.39700000,21.53600000,19.38000000,20.23800000,2036241.46000000
2024-03-03T08:00:00Z,20.23900000,20.71000000,20.00800000,20.55300000,2328790.78000000
2024-03-03T16:00:00Z,20.55400000,20.70000000,20.41400000,20.50700000,1305281.81000000
2024-03-04T00:00:00Z,20.50700000,20.89500000,20.14100000,20.36800000,1758701.66000000
2024-03-04T08:00:00Z,20.36800000,20.80200000,20.11300000,20.49700000,2231893.04000000
2024-03-04T16:00:00Z,20.49600000,20.60600000,19.82000000,20.41600000,2497044.37000000
2024-03-05T00:00:00Z,20.41500000,21.05500000,19.92800000,20.41200000,3308677.09000000
2024-03-05T08:00:00Z,20.41200000,20.88900000,20.22200000,20.48600000,2543134.21000000
2024-03-05T16:00:00Z,20.48600000,20.60600000,16.55300000,18.97300000,7693482.69000000
2024-03-06T00:00:00Z,18.97300000,19.54300000,18.38900000,19.51400000,2309580.90000000
2024-03-06T08:00:00Z,19.51400000,19.79600000,18.99200000,19.37900000,2655891.98000000
2024-03-06T16:00:00Z,19.37900000,20.15200000,19.34900000,20.08500000,1898525.73000000
2024-03-07T00:00:00Z,20.08400000,20.40000000,19.59100000,19.94200000,1878363.24000000
2024-03-07T08:00:00Z,19.94100000,20.19800000,19.68400000,20.08100000,1547535.08000000
2024-03-07T16:00:00Z,20.08200000,20.20300000,19.96200000,20.09100000,1277410.44000000
2024-03-08T00:00:00Z,20.09200000,20.39100000,19.70900000,19.80400000,1179092.47000000
2024-03-08T08:00:00Z,19.80400000,20.17900000,19.18000000,19.68300000,2395108.39000000
2024-03-08T16:00:00Z,19.68700000,19.97400000,19.14000000,19.69900000,2050395.27000000
2024-03-09T00:00:00Z,19.69800000,20.17500000,19.65900000,19.96600000,1170164.00000000
2024-03-09T08:00:00Z,19.96600000,20.28200000,19.66100000,20.20000000,1395892.13000000
2024-03-09T16:00:00Z,20.20000000,20.33000000,19.80800000,19.97200000,1147859.62000000
2024-03-10T00:00:00Z,19.97300000,20.06700000,19.83400000,20.03700000,774739.82000000
2024-03-10T08:00:00Z,20.03700000,20.09800000,19.37900000,19.57900000,1800673.64000000
2024-03-10T16:00:00Z,19.57900000,21.96000000,19.53400000,21.68000000,3961087.35000000
2024-03-11T00:00:00Z,21.68200000,22.86800000,20.66100000,21.33100000,7473355.68000000
2024-03-11T08:00:00Z,21.33200000,21.61200000,21.00000000,21.17600000,3222244.64000000
2024-03-11T16:00:00Z,21.17700000,21.46100000,20.75200000,21.27700000,2552685.95000000
2024-03-12T00:00:00Z,21.27700000,21.34100000,20.41100000,20.58000000,2516263.51000000
2024-03-12T08:00:00Z,20.57900000,20.81200000,20.07100000,20.52900000,3328044.97000000
2024-03-12T16:00:00Z,20.52900000,20.73500000,19.51600000,20.70400000,3199716.84000000
2024-03-13T00:00:00Z,20.70500000,20.95100000,20.48800000,20.78900000,1570277.17000000
2024-03-13T08:00:00Z,20.78900000,20.96000000,20.20100000,20.39200000,1835641.23000000
2024-03-13T16:00:00Z,20.39300000,20.82000000,20.25100000,20.75100000,1799611.24000000
2024-03-14T00:00:00Z,20.75200000,20.81600000,20.31300000,20.44500000,1466745.09000000
2024-03-14T08:00:00Z,20.44400000,21.94900000,20.43700000,20.56700000,6850555.38000000
2024-03-14T16:00:00Z,20.56600000,21.46500000,19.87000000,20.88000000,4664771.50000000
2024-03-15T00:00:00Z,20.88000000,20.99800000,18.73900000,19.58300000,4822123.43000000
2024-03-15T08:00:00Z,19.58300000,19.60700000,18.45200000,19.39900000,3167679.69000000
2024-03-15T16:00:00Z,19.39900000,19.85800000,18.98000000,19.63000000,2121571.45000000
2024-03-16T00:00:00Z,19.63300000,19.82900000,19.12100000,19.61800000,1690633.53000000
2024-03-16T08:00:00Z,19.61900000,19.65200000,18.65400000,19.01500000,1986065.63000000
2024-03-16T16:00:00Z,19.01500000,19.01500000,17.80600000,18.11500000,2978672.25000000
2024-03-17T00:00:00Z,18.11400000,18.41800000,17.38300000,17.67500000,1836671.72000000
2024-03-17T08:00:00Z,17.67500000,18.60800000,17.55300000,18.52900000,2202542.12000000
2024-03-17T16:00:00Z,18.52800000,18.83200000,18.44300000,18.66600000,1268874.35000000
2024-03-18T00:00:00Z,18.66600000,19.49400000,18.20600000,19.46700000,2655150.60000000
2024-03-18T08:00:00Z,19.46800000,19.49100000,18.25300000,18.60000000,2773083.29000000
2024-03-18T16:00:00Z,18.60000000,18.85500000,18.04300000,18.30100000,1909749.91000000
2024-03-19T00:00:00Z,18.30000000,18.46200000,16.70100000,17.33600000,3913588.01000000
2024-03-19T08:00:00Z,17.33700000,17.94800000,16.50000000,17.77300000,4470630.07000000
2024-03-19T16:00:00Z,17.77600000,17.96900000,16.51000000,16.80500000,2756715.06000000
2024-03-20T00:00:00Z,16.80400000,17.42800000,16.24400000,17.32800000,3081654.85000000
2024-03-20T08:00:00Z,17.32800000,17.69200000,17.07100000,17.31600000,2261443.52000000
2024-03-20T16:00:00Z,17.31600000,18.50000000,16.59700000,18.41200000,3338578.43000000
2024-03-21T00:00:00Z,18.41300000,18.54300000,17.87400000,18.14000000,1438064.15000000
2024-03-21T08:00:00Z,18.13900000,18.77600000,18.09100000,18.48700000,1620625.36000000
2024-03-21T16:00:00Z,18.48800000,18.91900000,18.07200000,18.45800000,2016037.66000000
2024-03-22T00:00:00Z,18.45800000,18.58400000,17.96400000,18.38500000,1029194.90000000
2024-03-22T08:00:00Z,18.38500000,18.46400000,17.32500000,17.73200000,1878710.45000000
2024-03-22T16:00:00Z,17.73300000,18.36900000,17.53800000,18.36700000,1499554.77000000
2024-03-23T00:00:00Z,18.36700000,18.47000000,17.89000000,18.37100000,988633.94000000
2024-03-23T08:00:00Z,18.37200000,18.46600000,18.21300000,18.32800000,916087.97000000
2024-03-23T16:00:00Z,18.32800000,18.46600000,18.02900000,18.06300000,604942.79000000
2024-03-24T00:00:00Z,18.06300000,18.34400000,17.97000000,18.14500000,522961.80000000
2024-03-24T08:00:00Z,18.14500000,18.44600000,18.12100000,18.28300000,601404.59000000
2024-03-24T16:00:00Z,18.28300000,18.62800000,18.01200000,18.51800000,814477.59000000
2024-03-25T00:00:00Z,18.51900000,19.01700000,18.37200000,18.61600000,1082429.41000000
2024-03-25T08:00:00Z,18.61600000,19.37600000,18.61100000,19.30400000,1370900.85000000
2024-03-25T16:00:00Z,19.30600000,19.49700000,19.18400000,19.37500000,961957.73000000
2024-03-26T00:00:00Z,19.37500000,20.09600000,19.33100000,19.87000000,1086368.08000000
2024-03-26T08:00:00Z,19.86800000,20.73700000,19.79500000,20.18200000,2657593.91000000
2024-03-26T16:00:00Z,20.18200000,20.27600000,19.63700000,20.00700000,1310870.07000000
2024-03-27T00:00:00Z,20.00700000,20.18600000,19.50600000,19.58200000,911355.16000000
2024-03-27T08:00:00Z,19.58300000,19.95900000,19.04500000,19.14300000,2165315.91000000
2024-03-27T16:00:00Z,19.14400000,19.63200000,19.00200000,19.28900000,1283318.99000000
2024-03-28T00:00:00Z,19.29000000,19.54400000,19.04300000,19.53100000,855123.79000000
2024-03-28T08:00:00Z,19.53100000,19.80800000,19.16500000,19.33900000,1559209.54000000
2024-03-28T16:00:00Z,19.34000000,19.38300000,19.05500000,19.14800000,637650.40000000
2024-03-29T00:00:00Z,19.14800000,19.21200000,18.71000000,18.78900000,829529.28000000
2024-03-29T08:00:00Z,18.78900000,19.29400000,18.75900000,18.97400000,1137416.06000000
2024-03-29T16:00:00Z,18.97400000,19.06000000,18.75200000,18.96700000,606581.36000000
2024-03-30T00:00:00Z,18.96700000,19.16100000,18.78300000,19.05500000,801879.37000000
2024-03-30T08:00:00Z,19.05400000,19.29100000,18.88500000,19.12100000,646670.76000000
2024-03-30T16:00:00Z,19.12100000,19.27800000,18.84000000,18.93300000,647190.03000000
2024-03-31T00:00:00Z,18.93200000,19.35000000,18.87200000,19.24900000,632546.32000000
2024-03-31T08:00:00Z,19.24900000,19.27700000,19.00000000,19.07200000,461554.95000000
2024-03-31T16:00:00Z,19.07200000,19.17200000,18.96800000,19.17100000,496043.15000000
2024-04-01T00:00:00Z,19.17000000,19.27500000,18.22000000,18.64100000,1525838.91000000
2024-04-01T08:00:00Z,18.64100000,18.64100000,17.91500000,17.94600000,1425807.22000000
2024-04-01T16:00:00Z,17.94400000,18.43300000,17.85600000,18.35800000,798855.01000000
2024-04-02T00:00:00Z,18.35800000,18.48600000,17.36600000,18.29600000,2822314.17000000
2024-04-02T08:00:00Z,18.29500000,18.36800000,17.58500000,17.61700000,2557544.06000000
2024-04-02T16:00:00Z,17.62400000,18.15100000,17.53200000,17.95200000,1254479.69000000
2024-04-03T00:00:00Z,17.95300000,18.33700000,17.45000000,18.02100000,1388470.77000000
2024-04-03T08:00:00Z,18.02000000,18.25600000,17.76800000,17.89200000,1139902.86000000
2024-04-03T16:00:00Z,17.89300000,18.02200000,17.38000000,17.68700000,857886.33000000
2024-04-04T00:00:00Z,17.68300000,18.01600000,17.39500000,17.89900000,1081653.71000000
2024-04-04T08:00:00Z,17.89700000,18.14300000,17.82300000,18.02000000,807885.19000000
2024-04-04T16:00:00Z,18.02000000,18.26000000,17.51000000,17.79100000,1014090.06000000
2024-04-05T00:00:00Z,17.79000000,17.79100000,17.08900000,17.26700000,957406.53000000
2024-04-05T08:00:00Z,17.26700000,17.49700000,16.86200000,17.49400000,1225669.25000000
2024-04-05T16:00:00Z,17.49300000,17.55400000,17.26000000,17.32500000,654198.30000000
2024-04-06T00:00:00Z,17.32600000,17.49700000,17.26200000,17.46800000,577044.33000000
2024-04-06T08:00:00Z,17.46800000,17.66600000,17.39800000,17.51600000,509753.40000000
2024-04-06T16:00:00Z,17.51600000,17.67600000,17.40100000,17.55900000,401089.33000000
2024-04-07T00:00:00Z,17.56000000,17.80200000,17.50100000,17.60400000,489679.15000000
2024-04-07T08:00:00Z,17.60400000,17.83900000,17.60000000,17.67300000,510311.95000000
2024-04-07T16:00:00Z,17.67400000,17.97300000,17.55400000,17.91300000,694104.68000000
2024-04-08T00:00:00Z,17.91300000,17.99000000,17.54500000,17.96400000,535855.98000000
2024-04-08T08:00:00Z,17.96500000,18.67700000,17.95000000,18.28800000,2003654.86000000
2024-04-08T16:00:00Z,18.28400000,18.35500000,17.97300000,18.10100000,1308755.72000000
2024-04-09T00:00:00Z,18.10000000,18.18100000,17.66500000,17.70800000,880550.07000000
2024-04-09T08:00:00Z,17.70800000,17.87700000,17.24100000,17.51700000,1430690.87000000
2024-04-09T16:00:00Z,17.51700000,17.67900000,17.27000000,17.36200000,719154.81000000
2024-04-10T00:00:00Z,17.36200000,17.57900000,17.07800000,17.44500000,788630.98000000
2024-04-10T08:00:00Z,17.44400000,17.54100000,16.80100000,17.15400000,1855426.22000000
2024-04-10T16:00:00Z,17.15300000,17.55500000,17.04800000,17.41700000,826706.02000000
2024-04-11T00:00:00Z,17.41700000,17.58700000,17.31900000,17.50600000,447023.46000000
2024-04-11T08:00:00Z,17.50700000,17.60800000,17.00600000,17.24000000,882354.51000000
2024-04-11T16:00:00Z,17.24000000,17.62000000,17.04300000,17.55500000,594205.50000000
2024-04-12T00:00:00Z,17.55400000,17.86900000,17.53600000,17.69300000,667022.34000000
2024-04-12T08:00:00Z,17.69300000,17.83100000,17.07200000,17.09900000,840113.63000000
2024-04-12T16:00:00Z,17.09800000,17.17500000,13.36800000,15.15600000,10678306.16000000
2024-04-13T00:00:00Z,15.15500000,15.39800000,14.67500000,15.15600000,1901496.84000000
2024-04-13T08:00:00Z,15.15500000,15.29200000,14.88000000,14.89100000,1216303.55000000
2024-04-13T16:00:00Z,14.89100000,14.94300000,11.78800000,13.28800000,11388998.34000000
2024-04-14T00:00:00Z,13.28800000,13.92200000,12.71700000,13.91600000,3063608.65000000
2024-04-14T08:00:00Z,13.91600000,14.00300000,13.32400000,13.57000000,2965367.88000000
2024-04-14T16:00:00Z,13.56900000,14.25600000,13.13300000,14.09800000,4040706.99000000
2024-04-15T00:00:00Z,14.09900000,14.60200000,13.70000000,14.41500000,2150268.91000000
2024-04-15T08:00:00Z,14.41500000,14.66800000,13.81600000,14.11900000,2346591.21000000
2024-04-15T16:00:00Z,14.11800000,14.19300000,13.22200000,13.58000000,2828823.90000000
2024-04-16T00:00:00Z,13.58200000,13.81400000,12.97400000,13.69400000,1805611.90000000
2024-04-16T08:00:00Z,13.69200000,13.70300000,12.90100000,12.93700000,1738676.87000000
2024-04-16T16:00:00Z,12.93800000,13.61000000,12.81600000,13.46000000,1309566.54000000
2024-04-17T00:00:00Z,13.45900000,13.57700000,13.30400000,13.46300000,819219.17000000
2024-04-17T08:00:00Z,13.46400000,13.60800000,12.81200000,12.88000000,2388842.18000000
2024-04-17T16:00:00Z,12.88000000,13.47000000,12.71800000,13.13300000,1620498.81000000
2024-04-18T00:00:00Z,13.13200000,13.37500000,12.86700000,12.96600000,1467910.33000000
2024-04-18T08:00:00Z,12.96600000,13.64700000,12.81500000,13.59400000,1633678.49000000
2024-04-18T16:00:00Z,13.59400000,13.98400000,13.40200000,13.88700000,864729.44000000
2024-04-19T00:00:00Z,13.88800000,13.99600000,12.74200000,13.64100000,3074760.36000000
2024-04-19T08:00:00Z,13.64100000,14.11900000,13.62200000,13.99900000,1893544.01000000
2024-04-19T16:00:00Z,13.99800000,14.10800000,13.70000000,13.94600000,1052963.78000000
2024-04-20T00:00:00Z,13.94500000,14.15800000,13.74600000,14.04800000,1043752.11000000
2024-04-20T08:00:00Z,14.04800000,14.60300000,13.93400000,14.60200000,946023.08000000
2024-04-20T16:00:00Z,14.60200000,15.03700000,14.49800000,14.95900000,1128077.90000000
2024-04-21T00:00:00Z,14.95800000,15.07500000,14.70400000,14.90000000,580996.10000000
2024-04-21T08:00:00Z,14.90000000,14.96200000,14.69700000,14.82000000,526954.97000000
2024-04-21T16:00:00Z,14.81900000,15.17800000,14.52700000,15.10500000,1007628.12000000
2024-04-22T00:00:00Z,15.10500000,16.03900000,15.01200000,15.59700000,2181773.07000000
2024-04-22T08:00:00Z,15.59700000,15.63000000,15.14800000,15.34300000,1263823.78000000
2024-04-22T16:00:00Z,15.34300000,15.64300000,15.19000000,15.44500000,878200.34000000
2024-04-23T00:00:00Z,15.44500000,15.57200000,15.23000000,15.35900000,895153.51000000
2024-04-23T08:00:00Z,15.36000000,15.47000000,15.21300000,15.24900000,813734.47000000
2024-04-23T16:00:00Z,15.24900000,15.37600000,15.09800000,15.17800000,870623.47000000
2024-04-24T00:00:00Z,15.17800000,15.51200000,15.09600000,15.39200000,632733.52000000
2024-04-24T08:00:00Z,15.39200000,15.63800000,14.68900000,14.72000000,1583112.92000000
2024-04-24T16:00:00Z,14.72000000,15.02900000,14.36100000,14.53600000,1919990.44000000
2024-04-25T00:00:00Z,14.53600000,14.90200000,14.36600000,14.77600000,1183300.09000000
2024-04-25T08:00:00Z,14.77500000,14.87100000,14.35200000,14.73300000,1574604.02000000
2024-04-25T16:00:00Z,14.73200000,14.85800000,14.54400000,14.59300000,673428.21000000
2024-04-26T00:00:00Z,14.59400000,14.92900000,14.34800000,14.81800000,961815.29000000
2024-04-26T08:00:00Z,14.81600000,14.93400000,14.37700000,14.67600000,1120146.43000000
2024-04-26T16:00:00Z,14.67700000,14.80300000,14.43200000,14.49000000,657881.32000000
2024-04-27T00:00:00Z,14.49100000,14.52500000,13.95400000,14.12100000,1314986.10000000
2024-04-27T08:00:00Z,14.12200000,14.22200000,13.92400000,13.95600000,626260.01000000
2024-04-27T16:00:00Z,13.95700000,14.40300000,13.87000000,14.26700000,971782.71000000
2024-04-28T00:00:00Z,14.26700000,14.44300000,14.21700000,14.33200000,565312.37000000
2024-04-28T08:00:00Z,14.33200000,14.35500000,14.00500000,14.10900000,516364.01000000
2024-04-28T16:00:00Z,14.10900000,14.22600000,13.72900000,13.80900000,544339.37000000
2024-04-29T00:00:00Z,13.80900000,14.08300000,13.75000000,13.87200000,722284.20000000
2024-04-29T08:00:00Z,13.87100000,14.02600000,13.71400000,13.97600000,895388.43000000
2024-04-29T16:00:00Z,13.97700000,14.18600000,13.82800000,14.07400000,626535.11000000
2024-04-30T00:00:00Z,14.07500000,14.20700000,13.77900000,13.90500000,608194.18000000
2024-04-30T08:00:00Z,13.90400000,13.94100000,12.99300000,13.09000000,1628046.10000000
2024-04-30T16:00:00Z,13.08900000,13.27300000,12.76800000,13.12900000,1431644.04000000
2024-05-01T00:00:00Z,13.12800000,13.26200000,12.61000000,12.71500000,1327714.09000000
2024-05-01T08:00:00Z,12.71500000,13.06000000,12.35000000,12.78000000,2028074.85000000
2024-05-01T16:00:00Z,12.78000000,13.50600000,12.66900000,13.34700000,1582629.70000000
2024-05-02T00:00:00Z,13.34800000,13.37800000,12.92600000,13.27700000,580823.89000000
2024-05-02T08:00:00Z,13.27600000,13.70300000,13.25300000,13.62400000,1018541.27000000
2024-05-02T16:00:00Z,13.62300000,13.77600000,13.46700000,13.59000000,808805.14000000
2024-05-03T00:00:00Z,13.59000000,13.79400000,13.47800000,13.50000000,547239.59000000
2024-05-03T08:00:00Z,13.50100000,13.98200000,13.45900000,13.94200000,1038250.77000000
2024-05-03T16:00:00Z,13.94300000,14.20000000,13.86800000,14.09300000,599875.93000000
2024-05-04T00:00:00Z,14.09300000,14.19100000,13.97300000,14.14100000,737095.81000000
2024-05-04T08:00:00Z,14.14100000,14.44000000,14.11300000,14.26500000,825803.49000000
2024-05-04T16:00:00Z,14.26500000,14.48000000,14.24900000,14.31600000,588035.26000000
2024-05-05T00:00:00Z,14.31700000,14.37000000,14.11000000,14.23500000,591813.30000000
2024-05-05T08:00:00Z,14.23400000,14.53900000,14.21500000,14.51700000,410569.84000000
2024-05-05T16:00:00Z,14.51600000,14.66200000,14.30100000,14.37100000,492341.27000000
2024-05-06T00:00:00Z,14.37100000,14.74800000,14.27700000,14.74100000,456444.57000000
2024-05-06T08:00:00Z,14.74100000,15.16500000,14.46600000,14.68500000,2125050.07000000
2024-05-06T16:00:00Z,14.68400000,14.76400000,14.48100000,14.48400000,663152.37000000
2024-05-07T00:00:00Z,14.48400000,14.66200000,14.18000000,14.27500000,751884.07000000
2024-05-07T08:00:00Z,14.27500000,14.72500000,14.25100000,14.49400000,987894.55000000
2024-05-07T16:00:00Z,14.49400000,14.54700000,13.96300000,13.99700000,819156.94000000
2024-05-08T00:00:00Z,13.99700000,14.10100000,13.77000000,13.80500000,692111.35000000
2024-05-08T08:00:00Z,13.80500000,14.10600000,13.68900000,14.00300000,971732.78000000
2024-05-08T16:00:00Z,14.00400000,14.12100000,13.68900000,13.90000000,1024902.33000000
2024-05-09T00:00:00Z,13.89900000,14.14100000,13.88700000,14.06300000,648992.40000000
2024-05-09T08:00:00Z,14.06300000,14.21000000,13.84200000,14.05500000,1005291.47000000
2024-05-09T16:00:00Z,14.05500000,14.36900000,14.01100000,14.23700000,638746.23000000
2024-05-10T00:00:00Z,14.23700000,14.37000000,14.16800000,14.33600000,458271.04000000
2024-05-10T08:00:00Z,14.33600000,14.36300000,13.72600000,13.83000000,1118791.17000000
2024-05-10T16:00:00Z,13.82900000,13.84000000,13.50000000,13.56400000,1247746.63000000
2024-05-11T00:00:00Z,13.56500000,13.81200000,13.55200000,13.63200000,427794.24000000
2024-05-11T08:00:00Z,13.63400000,13.63800000,13.41500000,13.49500000,409136.47000000
2024-05-11T16:00:00Z,13.49600000,13.55700000,13.28000000,13.30600000,485993.05000000
2024-05-12T00:00:00Z,13.30600000,13.44900000,13.28400000,13.31000000,244440.16000000
2024-05-12T08:00:00Z,13.31000000,13.56400000,13.28800000,13.52800000,336895.60000000
2024-05-12T16:00:00Z,13.52900000,13.59500000,13.43100000,13.55900000,350668.94000000
2024-05-13T00:00:00Z,13.55900000,13.63500000,13.07600000,13.48800000,1037480.51000000
2024-05-13T08:00:00Z,13.48700000,13.67800000,13.35600000,13.49900000,892051.36000000
2024-05-13T16:00:00Z,13.49900000,13.67200000,13.27900000,13.39300000,585315.85000000
2024-05-14T00:00:00Z,13.39200000,13.56600000,13.09800000,13.53400000,911622.73000000
2024-05-14T08:00:00Z,13.53200000,13.60000000,13.05400000,13.26500000,956247.27000000
2024-05-14T16:00:00Z,13.26700000,13.26700000,12.93300000,12.98000000,744564.88000000
2024-05-15T00:00:00Z,12.98500000,13.11800000,12.84000000,13.10000000,760236.39000000
2024-05-15T08:00:00Z,13.10000000,13.69300000,12.97100000,13.61900000,1439897.32000000
2024-05-15T16:00:00Z,13.62000000,13.93800000,13.57500000,13.86500000,726756.16000000
2024-05-16T00:00:00Z,13.86700000,14.06300000,13.79700000,13.96800000,657045.13000000
2024-05-16T08:00:00Z,13.96900000,14.02300000,13.53700000,13.77000000,915178.46000000
2024-05-16T16:00:00Z,13.77000000,15.86600000,13.71900000,15.51600000,5840205.76000000
2024-05-17T00:00:00Z,15.51600000,16.36300000,15.47800000,16.31500000,3806244.48000000
2024-05-17T08:00:00Z,16.31600000,16.76500000,15.94000000,16.09800000,3889177.40000000
2024-05-17T16:00:00Z,16.09700000,16.50600000,15.97600000,16.23100000,1705186.43000000
2024-05-18T00:00:00Z,16.23100000,16.40000000,16.05000000,16.28700000,1057340.69000000
2024-05-18T08:00:00Z,16.28600000,16.56700000,16.06700000,16.46000000,1553283.24000000
2024-05-18T16:00:00Z,16.46000000,16.46800000,16.15400000,16.32900000,717940.02000000
2024-05-19T00:00:00Z,16.33000000,16.75000000,16.30500000,16.67800000,1123595.31000000
2024-05-19T08:00:00Z,16.67400000,16.99900000,16.30000000,16.97300000,2063503.30000000
2024-05-19T16:00:00Z,16.97200000,17.13600000,16.32700000,16.56000000,1780536.85000000
2024-05-20T00:00:00Z,16.56000000,17.21800000,16.36200000,16.69800000,1919044.47000000
2024-05-20T08:00:00Z,16.69900000,16.83100000,16.37000000,16.48900000,1401132.90000000
2024-05-20T16:00:00Z,16.48800000,17.46000000,16.36500000,17.26200000,3257520.55000000
2024-05-21T00:00:00Z,17.26300000,17.43900000,16.80900000,16.96100000,1801737.47000000
2024-05-21T08:00:00Z,16.95800000,17.11100000,16.55100000,16.60900000,1957617.99000000
2024-05-21T16:00:00Z,16.60900000,16.86800000,16.51000000,16.73900000,1697580.76000000
2024-05-22T00:00:00Z,16.74100000,16.92900000,16.47000000,16.69800000,1074323.23000000
2024-05-22T08:00:00Z,16.69800000,16.92400000,16.17400000,16.55500000,1579759.45000000
2024-05-22T16:00:00Z,16.55500000,16.73600000,16.14800000,16.35400000,1369985.50000000
2024-05-23T00:00:00Z,16.35200000,16.68800000,16.28200000,16.67000000,1083579.15000000
2024-05-23T08:00:00Z,16.67100000,16.80800000,15.65000000,16.11900000,2403718.56000000
2024-05-23T16:00:00Z,16.11900000,16.68400000,15.44200000,16.59600000,2278965.52000000
2024-05-24T00:00:00Z,16.59600000,17.61800000,16.56000000,16.89000000,2994275.94000000
2024-05-24T08:00:00Z,16.89100000,17.79800000,16.74200000,17.20400000,3126658.72000000
2024-05-24T16:00:00Z,17.20600000,17.53800000,17.00000000,17.25000000,1177257.39000000
2024-05-25T00:00:00Z,17.25000000,17.25800000,17.02000000,17.10000000,815595.04000000
2024-05-25T08:00:00Z,17.09900000,17.25000000,16.91200000,17.18100000,953432.02000000
2024-05-25T16:00:00Z,17.18200000,17.47200000,17.18200000,17.44300000,657238.61000000
2024-05-26T00:00:00Z,17.44200000,17.91500000,17.34800000,17.61700000,1313603.56000000
2024-05-26T08:00:00Z,17.61800000,17.63800000,17.06900000,17.13200000,1162520.89000000
2024-05-26T16:00:00Z,17.13200000,17.21300000,16.99100000,17.04200000,738596.20000000
2024-05-27T00:00:00Z,17.04200000,17.23900000,16.87800000,17.08700000,805979.38000000
2024-05-27T08:00:00Z,17.08800000,18.03800000,17.04800000,18.01800000,1504673.74000000
2024-05-27T16:00:00Z,18.01800000,18.86700000,18.01300000,18.78600000,3327884.69000000
2024-05-28T00:00:00Z,18.79100000,18.83800000,17.97500000,18.04400000,2556719.64000000
2024-05-28T08:00:00Z,18.04400000,18.33200000,17.84700000,18.17500000,1791917.81000000
2024-05-28T16:00:00Z,18.17700000,18.59600000,17.97900000,18.52800000,1255244.34000000
2024-05-29T00:00:00Z,18.53900000,18.59000000,18.25500000,18.28800000,874221.37000000
2024-05-29T08:00:00Z,18.28900000,19.22000000,18.03600000,18.88000000,2612122.03000000
2024-05-29T16:00:00Z,18.88300000,19.01200000,18.45300000,18.45300000,890877.80000000
2024-05-30T00:00:00Z,18.45300000,19.20700000,18.19300000,18.34300000,1572882.34000000
2024-05-30T08:00:00Z,18.34200000,18.49300000,18.05700000,18.29300000,1231236.27000000
2024-05-30T16:00:00Z,18.29500000,18.42500000,17.78100000,17.94400000,947981.38000000
2024-05-31T00:00:00Z,17.94300000,18.08300000,17.70900000,17.87600000,617063.22000000
2024-05-31T08:00:00Z,17.87500000,18.23200000,17.53500000,17.56500000,1182995.68000000
2024-05-31T16:00:00Z,17.56500000,18.74000000,17.46100000,18.41400000,1263203.16000000
2024-06-01T00:00:00Z,18.41100000,18.63700000,18.26600000,18.51600000,568400.19000000
2024-06-01T08:00:00Z,18.51600000,18.68600000,18.38000000,18.60500000,496733.75000000
2024-06-01T16:00:00Z,18.60500000,18.66900000,18.37300000,18.44300000,345776.73000000
2024-06-02T00:00:00Z,18.44200000,18.56600000,18.35200000,18.40900000,374005.19000000
2024-06-02T08:00:00Z,18.40900000,18.53400000,18.17200000,18.34900000,741217.33000000
2024-06-02T16:00:00Z,18.34800000,18.36800000,18.07200000,18.14300000,408612.54000000
2024-06-03T00:00:00Z,18.14200000,18.35900000,17.91800000,18.13100000,633691.59000000
2024-06-03T08:00:00Z,18.13500000,18.27100000,17.80200000,17.95100000,980277.26000000
2024-06-03T16:00:00Z,17.94800000,17.96000000,17.53900000,17.62900000,832314.15000000
2024-06-04T00:00:00Z,17.62900000,17.67900000,17.51000000,17.65800000,497907.79000000
2024-06-04T08:00:00Z,17.65600000,17.85200000,17.47400000,17.78500000,679748.50000000
2024-06-04T16:00:00Z,17.78700000,17.84800000,17.55200000,17.71600000,694892.80000000
2024-06-05T00:00:00Z,17.71600000,18.08200000,17.65800000,17.96000000,1008110.33000000
2024-06-05T08:00:00Z,17.95800000,17.96000000,17.60000000,17.74100000,693013.87000000
2024-06-05T16:00:00Z,17.73700000,17.95500000,17.65500000,17.74100000,528380.83000000
2024-06-06T00:00:00Z,17.74300000,17.77600000,17.30900000,17.47600000,1212504.10000000
2024-06-06T08:00:00Z,17.47400000,17.55000000,17.26500000,17.46200000,1041838.06000000
2024-06-06T16:00:00Z,17.46300000,17.50700000,17.10200000,17.24800000,679518.88000000
2024-06-07T00:00:00Z,17.24800000,17.57400000,17.20000000,17.49800000,629689.82000000
2024-06-07T08:00:00Z,17.49900000,17.72200000,17.26900000,17.59000000,865604.82000000
2024-06-07T16:00:00Z,17.59200000,17.61900000,15.30000000,16.31800000,2697411.98000000
2024-06-08T00:00:00Z,16.31900000,16.42100000,16.20000000,16.32300000,505182.19000000
2024-06-08T08:00:00Z,16.32400000,16.32400000,15.68800000,15.92600000,936917.08000000
2024-06-08T16:00:00Z,15.92700000,15.97600000,15.68200000,15.92800000,473827.23000000
2024-06-09T00:00:00Z,15.92900000,16.08100000,15.90100000,16.02000000,378614.32000000
2024-06-09T08:00:00Z,16.02000000,16.10800000,15.94700000,16.00000000,344583.16000000
2024-06-09T16:00:00Z,16.00000000,16.38300000,15.99100000,16.37200000,376430.66000000
2024-06-10T00:00:00Z,16.37100000,16.39000000,15.79200000,15.82200000,560206.40000000
2024-06-10T08:00:00Z,15.81700000,16.25000000,15.76000000,16.17200000,702702.69000000
2024-06-10T16:00:00Z,16.17600000,16.20400000,15.77800000,15.90500000,512856.34000000
2024-06-11T00:00:00Z,15.90600000,15.91300000,15.33000000,15.50400000,1212869.90000000
2024-06-11T08:00:00Z,15.50300000,15.61700000,14.78400000,14.88100000,1480901.98000000
2024-06-11T16:00:00Z,14.87700000,15.09400000,14.66200000,14.98800000,792444.00000000
2024-06-12T00:00:00Z,14.98700000,15.30000000,14.73000000,15.27400000,595004.58000000
2024-06-12T08:00:00Z,15.27900000,16.14300000,15.17700000,16.07400000,1576289.39000000
2024-06-12T16:00:00Z,16.07500000,16.23600000,15.60700000,16.00600000,1363155.77000000
2024-06-13T00:00:00Z,16.00700000,16.05000000,15.35200000,15.52400000,731436.08000000
2024-06-13T08:00:00Z,15.52400000,15.61200000,15.08100000,15.10400000,996368.90000000
2024-06-13T16:00:00Z,15.10200000,15.47700000,15.05200000,15.14100000,580305.13000000
2024-06-14T00:00:00Z,15.13900000,15.45000000,15.10200000,15.34500000,623758.18000000
2024-06-14T08:00:00Z,15.34100000,15.46200000,15.15100000,15.19800000,631098.42000000
2024-06-14T16:00:00Z,15.19600000,15.21300000,14.46900000,14.74400000,1707600.70000000
2024-06-15T00:00:00Z,14.74500000,15.11300000,14.70200000,15.01800000,693579.17000000
2024-06-15T08:00:00Z,15.01700000,15.07000000,14.85900000,14.99100000,435935.50000000
2024-06-15T16:00:00Z,14.99000000,15.02800000,14.78800000,14.85700000,433785.09000000
2024-06-16T00:00:00Z,14.85900000,14.87900000,14.57000000,14.84500000,482950.54000000
2024-06-16T08:00:00Z,14.84800000,15.19900000,14.77900000,15.15600000,702752.96000000
2024-06-16T16:00:00Z,15.15600000,15.23000000,15.03900000,15.14400000,328546.50000000
2024-06-17T00:00:00Z,15.14100000,15.22000000,14.59600000,14.77800000,662557.76000000
2024-06-17T08:00:00Z,14.77900000,14.82000000,14.13400000,14.29100000,1321149.28000000
2024-06-17T16:00:00Z,14.29200000,14.83900000,14.01700000,14.52300000,1010958.06000000
2024-06-18T00:00:00Z,14.52200000,14.62000000,12.93100000,13.72600000,2620061.99000000
2024-06-18T08:00:00Z,13.72700000,13.82500000,13.15200000,13.57800000,1670883.12000000
2024-06-18T16:00:00Z,13.57600000,13.99800000,13.27000000,13.98600000,1284873.28000000
2024-06-19T00:00:00Z,13.98600000,14.40300000,13.91300000,14.40200000,908387.86000000
2024-06-19T08:00:00Z,14.40300000,14.42500000,14.07700000,14.19300000,643884.05000000
2024-06-19T16:00:00Z,14.19400000,14.50300000,14.15800000,14.34500000,523417.72000000
2024-06-20T00:00:00Z,14.34600000,14.75400000,14.28100000,14.73400000,685825.91000000
2024-06-20T08:00:00Z,14.73700000,14.86000000,14.28000000,14.33700000,725688.68000000
2024-06-20T16:00:00Z,14.33500000,14.54600000,14.19200000,14.25500000,497016.00000000
2024-06-21T00:00:00Z,14.26000000,14.45500000,14.10900000,14.30800000,734971.62000000
2024-06-21T08:00:00Z,14.30700000,14.59500000,14.05100000,14.30800000,1290620.94000000
2024-06-21T16:00:00Z,14.31400000,14.36300000,13.84400000,13.84800000,1084294.50000000
2024-06-22T00:00:00Z,13.84900000,13.91200000,13.73500000,13.75800000,421965.49000000
2024-06-22T08:00:00Z,13.75700000,13.85800000,13.57700000,13.74500000,581234.83000000
2024-06-22T16:00:00Z,13.74500000,13.77200000,13.46800000,13.48200000,386356.67000000
2024-06-23T00:00:00Z,13.48300000,13.68500000,13.48100000,13.65200000,393933.48000000
2024-06-23T08:00:00Z,13.65100000,13.67000000,13.38600000,13.45400000,414757.20000000
2024-06-23T16:00:00Z,13.45800000,13.46400000,13.12300000,13.19400000,651849.60000000
2024-06-24T00:00:00Z,13.19400000,13.28000000,12.93600000,13.03000000,780899.00000000
2024-06-24T08:00:00Z,13.03100000,13.68900000,12.63000000,13.17900000,1978176.20000000
2024-06-24T16:00:00Z,13.17800000,13.64300000,13.00000000,13.61700000,1017170.04000000
2024-06-25T00:00:00Z,13.61700000,14.14100000,13.57100000,13.88100000,1053234.00000000
2024-06-25T08:00:00Z,13.88600000,14.15800000,13.82700000,14.09800000,666482.34000000
2024-06-25T16:00:00Z,14.09600000,14.29100000,14.02800000,14.19800000,444069.42000000
2024-06-26T00:00:00Z,14.19700000,14.29300000,14.09200000,14.23400000,422440.66000000
2024-06-26T08:00:00Z,14.23100000,14.25900000,13.86100000,13.95100000,646877.41000000
2024-06-26T16:00:00Z,13.94900000,14.11500000,13.85700000,13.91500000,403860.31000000
2024-06-27T00:00:00Z,13.91700000,13.93000000,13.58500000,13.66800000,579488.13000000
2024-06-27T08:00:00Z,13.67000000,14.24700000,13.66900000,14.09100000,1074358.53000000
2024-06-27T16:00:00Z,14.08800000,14.63000000,14.02900000,14.43300000,962559.48000000
2024-06-28T00:00:00Z,14.43200000,14.52000000,14.11800000,14.20800000,562274.76000000
2024-06-28T08:00:00Z,14.20700000,14.60000000,14.14500000,14.36900000,755633.71000000
2024-06-28T16:00:00Z,14.36900000,14.42600000,13.75700000,13.77800000,893171.35000000
2024-06-29T00:00:00Z,13.77700000,14.16700000,13.75100000,13.96500000,538606.54000000
2024-06-29T08:00:00Z,13.96600000,13.97500000,13.50000000,13.68100000,591382.84000000
2024-06-29T16:00:00Z,13.68100000,13.71400000,13.48100000,13.54300000,355242.29000000
2024-06-30T00:00:00Z,13.54400000,13.71600000,13.45100000,13.67300000,457077.81000000
2024-06-30T08:00:00Z,13.68300000,13.75100000,13.52100000,13.69800000,559692.35000000
2024-06-30T16:00:00Z,13.70000000,14.35000000,13.62900000,14.28100000,628470.32000000
2024-07-01T00:00:00Z,14.27900000,14.43700000,14.24000000,14.38600000,552193.42000000
2024-07-01T08:00:00Z,14.38600000,14.48400000,14.22000000,14.38700000,716909.24000000
2024-07-01T16:00:00Z,14.38900000,14.57900000,14.30200000,14.33800000,485988.59000000
2024-07-02T00:00:00Z,14.33800000,14.70100000,14.24500000,14.55600000,897332.69000000
2024-07-02T08:00:00Z,14.55500000,14.75400000,14.35000000,14.49400000,740222.00000000
2024-07-02T16:00:00Z,14.49300000,14.59800000,14.37900000,14.41500000,514188.59000000
2024-07-03T00:00:00Z,14.41300000,14.59600000,14.09700000,14.40100000,912379.23000000
2024-07-03T08:00:00Z,14.39400000,14.58300000,14.06300000,14.38900000,1179706.48000000
2024-07-03T16:00:00Z,14.38700000,14.48500000,13.50000000,13.58900000,1451693.83000000
2024-07-04T00:00:00Z,13.59000000,13.73900000,13.00000000,13.14700000,1813114.22000000
2024-07-04T08:00:00Z,13.14800000,13.28900000,12.61100000,13.08000000,1645735.78000000
2024-07-04T16:00:00Z,13.08100000,13.14900000,12.51200000,12.53800000,1149143.13000000
2024-07-05T00:00:00Z,12.53900000,12.54900000,11.05300000,11.50600000,4766841.21000000
2024-07-05T08:00:00Z,11.50700000,12.41100000,11.13500000,12.31700000,2259392.76000000
2024-07-05T16:00:00Z,12.32000000,12.45900000,12.16300000,12.31100000,1047749.32000000
2024-07-06T00:00:00Z,12.31200000,12.61000000,12.18700000,12.49500000,626835.09000000
2024-07-06T08:00:00Z,12.49400000,12.76300000,12.33100000,12.69100000,519114.19000000
2024-07-06T16:00:00Z,12.69300000,13.28300000,12.66600000,13.18000000,741244.46000000
2024-07-07T00:00:00Z,13.18000000,13.19500000,12.65400000,12.77700000,551904.39000000
2024-07-07T08:00:00Z,12.77700000,12.96700000,12.42100000,12.52800000,615218.92000000
2024-07-07T16:00:00Z,12.52300000,12.77100000,12.28900000,12.35200000,492321.81000000
2024-07-08T00:00:00Z,12.35500000,12.74700000,11.77200000,12.59400000,1056390.07000000
2024-07-08T08:00:00Z,12.59600000,13.52600000,12.57100000,12.81500000,2003932.39000000
2024-07-08T16:00:00Z,12.82300000,13.24600000,12.71600000,13.12100000,842648.24000000
2024-07-09T00:00:00Z,13.11900000,13.31600000,12.92100000,12.94600000,1067352.21000000
2024-07-09T08:00:00Z,12.94700000,13.25400000,12.74200000,12.88000000,1079299.07000000
2024-07-09T16:00:00Z,12.87300000,12.98600000,12.73000000,12.84100000,878849.01000000
2024-07-10T00:00:00Z,12.84100000,13.16800000,12.69000000,12.97800000,1028486.22000000
2024-07-10T08:00:00Z,12.97900000,12.98700000,12.73400000,12.90200000,740040.95000000
2024-07-10T16:00:00Z,12.90100000,13.02400000,12.71000000,12.79000000,547817.36000000
2024-07-11T00:00:00Z,12.79100000,12.93100000,12.54500000,12.82700000,695322.77000000
2024-07-11T08:00:00Z,12.82700000,13.19100000,12.64900000,12.71600000,1278488.42000000
2024-07-11T16:00:00Z,12.71400000,12.85600000,12.29100000,12.34700000,939586.92000000
2024-07-12T00:00:00Z,12.34300000,12.57000000,12.22800000,12.44700000,717698.99000000
2024-07-12T08:00:00Z,12.44600000,12.72900000,12.28000000,12.67500000,1648356.19000000
2024-07-12T16:00:00Z,12.67400000,12.82900000,12.55300000,12.74000000,781225.46000000
2024-07-13T00:00:00Z,12.74300000,13.02500000,12.70000000,13.02300000,655850.29000000
2024-07-13T08:00:00Z,13.02500000,13.09600000,12.90700000,13.04300000,463653.54000000
2024-07-13T16:00:00Z,13.04500000,13.13600000,12.87800000,13.02100000,723525.30000000
2024-07-14T00:00:00Z,13.01900000,13.15700000,12.88900000,13.09800000,1167955.79000000
2024-07-14T08:00:00Z,13.10100000,13.28000000,12.98700000,13.27100000,1042890.16000000
2024-07-14T16:00:00Z,13.26600000,13.52700000,13.20100000,13.44800000,538999.45000000
2024-07-15T00:00:00Z,13.44800000,13.88700000,13.40500000,13.82800000,1015099.50000000
2024-07-15T08:00:00Z,13.83000000,13.97500000,13.72800000,13.87600000,803474.78000000
2024-07-15T16:00:00Z,13.87600000,14.51100000,13.83000000,14.39400000,1355566.58000000
2024-07-16T00:00:00Z,14.39900000,14.50500000,13.91400000,13.95600000,1153476.05000000
2024-07-16T08:00:00Z,13.95500000,14.49600000,13.81400000,14.43800000,1082637.14000000
2024-07-16T16:00:00Z,14.43700000,14.62200000,14.09200000,14.20600000,1135806.35000000
2024-07-17T00:00:00Z,14.20800000,14.50400000,14.18900000,14.37100000,688258.38000000
2024-07-17T08:00:00Z,14.37400000,14.48500000,14.12300000,14.12900000,999158.49000000
2024-07-17T16:00:00Z,14.12800000,14.15600000,13.73000000,13.73700000,945068.39000000
2024-07-18T00:00:00Z,13.73700000,14.00300000,13.71300000,13.83700000,621701.73000000
2024-07-18T08:00:00Z,13.83800000,13.96500000,13.52400000,13.53400000,1053953.82000000
2024-07-18T16:00:00Z,13.53300000,13.69000000,13.41400000,13.59300000,772331.71000000
2024-07-19T00:00:00Z,13.59200000,13.74600000,13.33500000,13.56800000,682040.69000000
2024-07-19T08:00:00Z,13.56600000,13.89700000,13.37000000,13.87900000,994479.05000000
2024-07-19T16:00:00Z,13.87900000,14.13900000,13.87400000,14.07600000,932176.47000000
2024-07-20T00:00:00Z,14.07600000,14.22500000,13.85900000,14.10500000,555587.33000000
2024-07-20T08:00:00Z,14.10500000,14.14600000,13.84900000,14.09400000,406864.92000000
2024-07-20T16:00:00Z,14.09100000,14.33300000,14.03400000,14.24700000,584542.80000000
2024-07-21T00:00:00Z,14.24600000,14.33700000,13.94400000,13.97200000,360640.61000000
2024-07-21T08:00:00Z,13.97200000,14.71700000,13.96900000,14.44700000,1111401.85000000
2024-07-21T16:00:00Z,14.44700000,15.19600000,13.98000000,14.81600000,1955476.65000000
2024-07-22T00:00:00Z,14.81700000,14.88100000,14.21000000,14.28000000,580875.38000000
2024-07-22T08:00:00Z,14.29000000,14.40000000,14.03000000,14.15000000,520482.90000000
2024-07-22T16:00:00Z,14.15000000,14.23000000,13.78000000,13.93000000,546061.61000000
2024-07-23T00:00:00Z,13.93000000,14.17000000,13.67000000,13.87000000,369142.57000000
2024-07-23T08:00:00Z,13.87000000,14.13000000,13.64000000,13.81000000,599645.88000000
2024-07-23T16:00:00Z,13.81000000,14.01000000,13.49400000,13.91000000,453154.52000000
2024-07-24T00:00:00Z,13.90000000,13.93000000,13.69000000,13.86000000,341775.97000000
2024-07-24T08:00:00Z,13.85000000,13.96000000,13.72000000,13.74000000,367219.58000000
2024-07-24T16:00:00Z,13.73000000,13.88000000,13.25000000,13.40000000,547034.91000000
2024-07-25T00:00:00Z,13.41000000,13.45000000,12.80000000,13.02000000,757258.01000000
2024-07-25T08:00:00Z,13.02000000,13.07000000,12.71000000,12.83000000,506666.03000000
2024-07-25T16:00:00Z,12.84000000,12.98000000,12.47000000,12.94000000,621472.04000000
2024-07-26T00:00:00Z,12.93000000,13.51000000,12.91000000,13.40000000,486667.55000000
2024-07-26T08:00:00Z,13.39000000,13.57000000,13.27000000,13.52000000,478645.73000000
2024-07-26T16:00:00Z,13.52000000,13.64000000,13.48000000,13.53000000,209273.75000000
2024-07-27T00:00:00Z,13.53000000,13.69000000,13.39000000,13.64000000,302877.04000000
2024-07-27T08:00:00Z,13.65000000,13.88000000,13.52000000,13.62000000,649564.41000000
2024-07-27T16:00:00Z,13.63000000,13.74000000,13.26000000,13.54000000,507992.11000000
2024-07-28T00:00:00Z,13.55000000,13.59000000,13.30000000,13.44000000,244035.85000000
2024-07-28T08:00:00Z,13.44000000,13.65000000,13.39000000,13.42000000,194115.42000000
2024-07-28T16:00:00Z,13.42000000,13.50000000,13.19000000,13.30000000,267288.75000000
2024-07-29T00:00:00Z,13.30000000,13.90000000,13.30000000,13.89000000,537137.08000000
2024-07-29T08:00:00Z,13.89000000,13.91000000,13.47000000,13.56000000,572537.28000000
2024-07-29T16:00:00Z,13.56000000,13.68000000,13.37000000,13.53000000,414942.39000000
2024-07-30T00:00:00Z,13.53000000,13.80000000,13.41000000,13.69000000,347500.01000000
2024-07-30T08:00:00Z,13.70000000,13.73000000,13.43000000,13.55000000,417129.05000000
2024-07-30T16:00:00Z,13.55000000,13.57000000,12.98000000,13.14000000,597867.79000000
2024-07-31T00:00:00Z,13.13000000,13.42000000,13.07000000,13.31000000,455115.49000000
2024-07-31T08:00:00Z,13.31000000,13.32000000,13.05000000,13.07000000,437219.00000000
2024-07-31T16:00:00Z,13.08000000,13.15000000,12.76800000,12.83000000,605465.67000000
2024-08-01T00:00:00Z,12.82000000,12.94000000,12.63000000,12.83000000,518695.06000000
2024-08-01T08:00:00Z,12.82000000,13.10000000,12.50000000,12.51000000,526513.28000000
2024-08-01T16:00:00Z,12.52000000,12.97000000,12.12000000,12.88000000,825377.37000000
2024-08-02T00:00:00Z,12.88000000,12.96000000,12.38000000,12.49000000,784336.01000000
2024-08-02T08:00:00Z,12.49000000,12.67000000,11.79000000,12.10000000,1073631.38000000
2024-08-02T16:00:00Z,12.10000000,12.11000000,11.76000000,11.93000000,800303.52000000
2024-08-03T00:00:00Z,11.92000000,12.10000000,11.60500000,12.06000000,483355.20000000
2024-08-03T08:00:00Z,12.05000000,12.14000000,11.78000000,11.82000000,346624.39000000
2024-08-03T16:00:00Z,11.81000000,11.85000000,11.34000000,11.68000000,918021.10000000
2024-08-04T00:00:00Z,11.69000000,11.79000000,11.56000000,11.58000000,247983.36000000
2024-08-04T08:00:00Z,11.58000000,11.66000000,11.00000000,11.02000000,633557.40000000
2024-08-04T16:00:00Z,11.02000000,11.21000000,10.48000000,10.88000000,1576199.50000000
2024-08-05T00:00:00Z,10.88000000,10.97000000,8.08000000,9.05000000,9259479.02000000
2024-08-05T08:00:00Z,9.05000000,9.54000000,8.11000000,9.44000000,5740730.84000000
2024-08-05T16:00:00Z,9.44000000,9.78000000,9.17000000,9.49000000,2206570.86000000
2024-08-06T00:00:00Z,9.49000000,10.19000000,9.47000000,10.11000000,1397351.55000000
2024-08-06T08:00:00Z,10.11000000,10.70000000,9.76000000,10.38000000,1515454.70000000
2024-08-06T16:00:00Z,10.38000000,10.46000000,10.01000000,10.07000000,885022.46000000
2024-08-07T00:00:00Z,10.06000000,10.49000000,9.96000000,10.34000000,646949.73000000
2024-08-07T08:00:00Z,10.34000000,10.45000000,9.64000000,9.82000000,1003301.98000000
2024-08-07T16:00:00Z,9.81000000,9.83000000,9.39000000,9.48000000,1266365.34000000
2024-08-08T00:00:00Z,9.49000000,10.06000000,9.34000000,9.91000000,896709.33000000
2024-08-08T08:00:00Z,9.92000000,10.32000000,9.89000000,10.20000000,925050.70000000
2024-08-08T16:00:00Z,10.20000000,10.84000000,10.18000000,10.75000000,942567.52000000
2024-08-09T00:00:00Z,10.74000000,10.75000000,10.42000000,10.56000000,524834.32000000
2024-08-09T08:00:00Z,10.56000000,10.61000000,10.16000000,10.18000000,765523.14000000
2024-08-09T16:00:00Z,10.18000000,10.56000000,10.16000000,10.53000000,453884.12000000
2024-08-10T00:00:00Z,10.53000000,10.68000000,10.47000000,10.64000000,401507.26000000
2024-08-10T08:00:00Z,10.63000000,10.71000000,10.54000000,10.58000000,362616.86000000
2024-08-10T16:00:00Z,10.58000000,10.62000000,10.51000000,10.55000000,207191.98000000
2024-08-11T00:00:00Z,10.56000000,10.75000000,10.53000000,10.73000000,292434.96000000
2024-08-11T08:00:00Z,10.73000000,10.84000000,10.32000000,10.40000000,604799.29000000
2024-08-11T16:00:00Z,10.39000000,10.47000000,9.94000000,10.00000000,650127.44000000
2024-08-12T00:00:00Z,10.00000000,10.27000000,9.94000000,10.24000000,643709.59000000
2024-08-12T08:00:00Z,10.24000000,10.75000000,10.14000000,10.59000000,1329063.44000000
2024-08-12T16:00:00Z,10.59000000,10.65000000,10.26000000,10.56000000,599630.08000000
2024-08-13T00:00:00Z,10.55000000,10.59000000,10.26000000,10.27000000,468003.92000000
2024-08-13T08:00:00Z,10.27000000,10.48000000,10.09000000,10.31000000,729351.31000000
2024-08-13T16:00:00Z,10.30000000,10.69000000,10.29000000,10.58000000,755796.55000000
2024-08-14T00:00:00Z,10.58000000,10.70000000,10.51000000,10.61000000,359216.81000000
2024-08-14T08:00:00Z,10.62000000,10.74000000,10.21000000,10.47000000,891307.26000000
2024-08-14T16:00:00Z,10.47000000,10.48000000,10.27000000,10.39000000,355563.71000000
2024-08-15T00:00:00Z,10.39000000,10.50000000,10.26000000,10.34000000,505255.69000000
2024-08-15T08:00:00Z,10.35000000,10.69000000,10.31000000,10.64000000,631690.69000000
2024-08-15T16:00:00Z,10.64000000,10.69000000,9.98000000,10.17000000,929028.64000000
2024-08-16T00:00:00Z,10.17000000,10.40000000,10.08000000,10.32000000,290416.81000000
2024-08-16T08:00:00Z,10.32000000,10.35000000,9.91000000,10.02000000,636407.62000000
2024-08-16T16:00:00Z,10.03000000,10.26000000,9.97000000,10.12000000,486042.55000000
2024-08-17T00:00:00Z,10.13000000,10.16000000,10.04000000,10.09000000,199268.82000000
2024-08-17T08:00:00Z,10.08000000,10.18000000,10.03000000,10.10000000,265280.09000000
2024-08-17T16:00:00Z,10.09000000,10.18000000,10.07000000,10.16000000,195756.13000000
2024-08-18T00:00:00Z,10.16000000,10.23000000,10.06000000,10.07000000,234108.67000000
2024-08-18T08:00:00Z,10.08000000,10.45000000,10.06000000,10.38000000,635319.03000000
2024-08-18T16:00:00Z,10.39000000,10.48000000,10.07000000,10.09000000,425470.65000000
2024-08-19T00:00:00Z,10.09000000,10.20000000,10.01000000,10.10000000,379725.48000000
2024-08-19T08:00:00Z,10.10000000,10.16000000,9.94000000,10.03000000,674574.86000000
2024-08-19T16:00:00Z,10.03000000,10.20000000,9.95000000,10.19000000,391897.95000000
2024-08-20T00:00:00Z,10.19000000,10.55000000,10.16000000,10.51000000,645322.88000000
2024-08-20T08:00:00Z,10.51000000,10.52000000,10.04000000,10.11000000,594547.98000000
2024-08-20T16:00:00Z,10.12000000,10.32000000,10.08000000,10.23000000,344524.16000000
2024-08-21T00:00:00Z,10.24000000,10.46000000,10.21000000,10.42000000,287740.42000000
2024-08-21T08:00:00Z,10.41000000,10.46000000,10.14000000,10.41000000,602052.24000000
2024-08-21T16:00:00Z,10.41000000,11.40000000,10.37000000,11.22000000,1714118.56000000
2024-08-22T00:00:00Z,11.21000000,11.43000000,11.14000000,11.34000000,1016546.23000000
2024-08-22T08:00:00Z,11.34000000,11.57000000,11.26000000,11.46000000,787309.27000000
2024-08-22T16:00:00Z,11.46000000,11.62000000,11.31000000,11.48000000,568836.52000000
2024-08-23T00:00:00Z,11.48000000,11.69000000,11.45000000,11.64000000,649851.22000000
2024-08-23T08:00:00Z,11.65000000,11.82000000,11.45000000,11.67000000,966664.64000000
2024-08-23T16:00:00Z,11.67000000,12.21000000,11.63000000,12.05000000,895325.78000000
2024-08-24T00:00:00Z,12.06000000,12.09000000,11.90000000,11.97000000,437330.00000000
2024-08-24T08:00:00Z,11.96000000,12.25000000,11.93000000,12.23000000,575176.31000000
2024-08-24T16:00:00Z,12.23000000,12.56000000,12.17000000,12.35000000,878411.66000000
2024-08-25T00:00:00Z,12.34000000,12.39000000,11.94000000,12.06000000,718292.14000000
2024-08-25T08:00:00Z,12.06000000,12.32000000,11.99000000,12.20000000,545894.99000000
2024-08-25T16:00:00Z,12.20000000,12.31000000,12.08000000,12.10000000,416070.99000000
2024-08-26T00:00:00Z,12.10000000,12.45000000,11.94000000,12.37000000,759557.18000000
2024-08-26T08:00:00Z,12.37000000,12.70000000,12.08000000,12.19000000,1280599.49000000
2024-08-26T16:00:00Z,12.19000000,12.25000000,11.83000000,11.83000000,686092.59000000
2024-08-27T00:00:00Z,11.83000000,12.06000000,11.75000000,11.82000000,682207.95000000
2024-08-27T08:00:00Z,11.83000000,11.86000000,11.49000000,11.52000000,768070.88000000
2024-08-27T16:00:00Z,11.52000000,11.70000000,10.90000000,11.16000000,1062580.97000000
2024-08-28T00:00:00Z,11.15000000,11.22000000,10.97000000,10.99000000,667633.35000000
2024-08-28T08:00:00Z,10.99000000,11.71000000,10.93000000,11.30000000,983064.42000000
2024-08-28T16:00:00Z,11.30000000,11.49000000,11.03000000,11.17000000,740753.29000000
2024-08-29T00:00:00Z,11.17000000,11.31000000,11.12000000,11.24000000,368899.29000000
2024-08-29T08:00:00Z,11.23000000,11.47000000,11.15000000,11.35000000,456975.99000000
2024-08-29T16:00:00Z,11.34000000,11.38000000,10.81000000,10.94000000,662262.07000000
2024-08-30T00:00:00Z,10.94000000,11.14000000,10.90000000,11.11000000,364575.09000000
2024-08-30T08:00:00Z,11.11000000,11.20000000,10.51000000,10.54000000,710147.56000000
2024-08-30T16:00:00Z,10.54000000,11.14000000,10.50000000,11.11000000,531185.62000000
2024-08-31T00:00:00Z,11.12000000,11.18000000,11.07000000,11.12000000,212821.75000000
2024-08-31T08:00:00Z,11.13000000,11.21000000,11.03000000,11.09000000,290790.63000000
2024-08-31T16:00:00Z,11.09000000,11.11000000,10.93000000,11.02000000,259225.63000000
2024-09-01T00:00:00Z,11.02000000,11.02000000,10.78000000,10.88000000,351882.37000000
2024-09-01T08:00:00Z,10.88000000,10.90000000,10.52000000,10.70000000,513680.30000000
2024-09-01T16:00:00Z,10.70000000,10.77000000,10.23000000,10.37000000,643453.73000000
2024-09-02T00:00:00Z,10.37000000,10.52000000,10.32000000,10.38000000,362153.02000000
2024-09-02T08:00:00Z,10.38000000,10.79000000,10.37000000,10.66000000,603590.34000000
2024-09-02T16:00:00Z,10.66000000,10.84000000,10.55000000,10.77000000,349336.21000000
2024-09-03T00:00:00Z,10.77000000,10.88000000,10.61000000,10.69000000,332876.66000000
2024-09-03T08:00:00Z,10.70000000,10.74000000,10.27000000,10.30000000,625952.37000000
2024-09-03T16:00:00Z,10.29000000,10.52000000,10.21000000,10.31000000,637905.21000000
2024-09-04T00:00:00Z,10.32000000,10.41000000,9.82000000,10.26000000,1009942.65000000
2024-09-04T08:00:00Z,10.27000000,10.41000000,10.06000000,10.40000000,802824.62000000
2024-09-04T16:00:00Z,10.39000000,10.50000000,10.27000000,10.34000000,461776.09000000
2024-09-05T00:00:00Z,10.33000000,10.40000000,10.11000000,10.27000000,336328.75000000
2024-09-05T08:00:00Z,10.28000000,10.29000000,9.94000000,10.01000000,576902.35000000
2024-09-05T16:00:00Z,10.00000000,10.11000000,9.91000000,10.03000000,321169.71000000
2024-09-06T00:00:00Z,10.03000000,10.18000000,9.81000000,9.92000000,480773.62000000
2024-09-06T08:00:00Z,9.92000000,10.10000000,9.57000000,9.69000000,1072054.28000000
2024-09-06T16:00:00Z,9.69000000,9.69000000,9.28000000,9.57000000,1173992.98000000
2024-09-07T00:00:00Z,9.58000000,10.03000000,9.56000000,9.95000000,533547.38000000
2024-09-07T08:00:00Z,9.95000000,10.16000000,9.87000000,10.12000000,424265.84000000
2024-09-07T16:00:00Z,10.13000000,10.14000000,9.93000000,10.03000000,385336.83000000
2024-09-08T00:00:00Z,10.03000000,10.31000000,9.97000000,10.29000000,414280.17000000
2024-09-08T08:00:00Z,10.29000000,10.38000000,10.16000000,10.17000000,561951.84000000
2024-09-08T16:00:00Z,10.17000000,10.46000000,10.12000000,10.35000000,374121.57000000
2024-09-09T00:00:00Z,10.35000000,10.69000000,10.27000000,10.62000000,641820.61000000
2024-09-09T08:00:00Z,10.62000000,10.83000000,10.29000000,10.38000000,1020012.26000000
2024-09-09T16:00:00Z,10.38000000,10.74000000,10.38000000,10.53000000,874656.87000000
2024-09-10T00:00:00Z,10.54000000,10.56000000,10.33000000,10.53000000,488219.11000000
2024-09-10T08:00:00Z,10.53000000,10.59000000,10.40000000,10.47000000,484937.90000000
2024-09-10T16:00:00Z,10.46000000,10.74000000,10.45000000,10.58000000,501347.70000000
2024-09-11T00:00:00Z,10.58000000,10.60000000,10.31000000,10.48000000,394440.06000000
2024-09-11T08:00:00Z,10.49000000,10.51000000,10.17000000,10.35000000,750500.12000000
2024-09-11T16:00:00Z,10.34000000,10.50000000,10.33000000,10.40000000,382738.59000000
2024-09-12T00:00:00Z,10.39000000,10.62000000,10.39000000,10.57000000,422281.84000000
2024-09-12T08:00:00Z,10.58000000,10.72000000,10.53000000,10.55000000,551757.68000000
2024-09-12T16:00:00Z,10.54000000,10.81000000,10.54000000,10.78000000,472759.32000000
2024-09-13T00:00:00Z,10.79000000,10.87000000,10.64000000,10.71000000,369245.37000000
2024-09-13T08:00:00Z,10.71000000,11.36000000,10.69000000,11.31000000,1647152.31000000
2024-09-13T16:00:00Z,11.31000000,11.56000000,11.25000000,11.45000000,940545.97000000
2024-09-14T00:00:00Z,11.45000000,11.48000000,11.32000000,11.40000000,373355.09000000
2024-09-14T08:00:00Z,11.40000000,11.43000000,11.23000000,11.38000000,385484.14000000
2024-09-14T16:00:00Z,11.37000000,11.42000000,11.21000000,11.29000000,387052.09000000
2024-09-15T00:00:00Z,11.30000000,11.36000000,11.25000000,11.27000000,242463.63000000
2024-09-15T08:00:00Z,11.27000000,11.28000000,11.13000000,11.23000000,397616.98000000
2024-09-15T16:00:00Z,11.23000000,11.23000000,10.79000000,10.81000000,588852.96000000
2024-09-16T00:00:00Z,10.81000000,10.81000000,10.48000000,10.72000000,642264.47000000
2024-09-16T08:00:00Z,10.72000000,10.83000000,10.45000000,10.55000000,671564.49000000
2024-09-16T16:00:00Z,10.55000000,10.59000000,10.41000000,10.54000000,578106.18000000
2024-09-17T00:00:00Z,10.54000000,10.65000000,10.43000000,10.62000000,357601.93000000
2024-09-17T08:00:00Z,10.62000000,10.92000000,10.51000000,10.86000000,863010.47000000
2024-09-17T16:00:00Z,10.86000000,10.88000000,10.56000000,10.63000000,592163.95000000
2024-09-18T00:00:00Z,10.63000000,10.68000000,10.51000000,10.60000000,413375.16000000
2024-09-18T08:00:00Z,10.59000000,10.60000000,10.29000000,10.32000000,667616.86000000
2024-09-18T16:00:00Z,10.33000000,10.90000000,10.29000000,10.89000000,899327.03000000
2024-09-19T00:00:00Z,10.90000000,11.16000000,10.90000000,11.15000000,1121185.26000000
2024-09-19T08:00:00Z,11.16000000,11.35000000,11.11000000,11.22000000,946503.85000000
2024-09-19T16:00:00Z,11.21000000,11.40000000,11.17000000,11.21000000,770583.90000000
2024-09-20T00:00:00Z,11.21000000,11.73000000,11.12000000,11.70000000,1177094.37000000
2024-09-20T08:00:00Z,11.70000000,11.74000000,11.44000000,11.53000000,965366.25000000
2024-09-20T16:00:00Z,11.54000000,11.56000000,11.36000000,11.44000000,569091.53000000
2024-09-21T00:00:00Z,11.44000000,11.49000000,11.21000000,11.36000000,548499.11000000
2024-09-21T08:00:00Z,11.35000000,11.49000000,11.30000000,11.39000000,368356.25000000
2024-09-21T16:00:00Z,11.39000000,11.55000000,11.32000000,11.50000000,404805.38000000
2024-09-22T00:00:00Z,11.50000000,11.55000000,11.27000000,11.31000000,447037.48000000
2024-09-22T08:00:00Z,11.30000000,11.33000000,11.02000000,11.03000000,470721.75000000
2024-09-22T16:00:00Z,11.03000000,11.21000000,10.84000000,11.13000000,676790.86000000
2024-09-23T00:00:00Z,11.12000000,11.49000000,10.92000000,11.32000000,766957.34000000
2024-09-23T08:00:00Z,11.31000000,11.59000000,11.28000000,11.50000000,776456.60000000
2024-09-23T16:00:00Z,11.51000000,11.61000000,11.36000000,11.39000000,706856.77000000
2024-09-24T00:00:00Z,11.40000000,11.49000000,11.20000000,11.48000000,688501.25000000
2024-09-24T08:00:00Z,11.47000000,11.63000000,11.32000000,11.52000000,940106.39000000
2024-09-24T16:00:00Z,11.52000000,12.23000000,11.47000000,12.15000000,1225551.57000000
2024-09-25T00:00:00Z,12.15000000,12.29000000,12.07000000,12.19000000,774373.40000000
2024-09-25T08:00:00Z,12.19000000,12.50000000,12.18000000,12.36000000,887857.40000000
2024-09-25T16:00:00Z,12.37000000,12.56000000,12.06000000,12.11000000,943048.71000000
2024-09-26T00:00:00Z,12.11000000,12.28000000,11.87000000,12.26000000,860456.81000000
2024-09-26T08:00:00Z,12.26000000,12.65000000,12.12000000,12.59000000,1316413.77000000
2024-09-26T16:00:00Z,12.60000000,12.75000000,12.42000000,12.56000000,934625.75000000
2024-09-27T00:00:00Z,12.56000000,12.88000000,12.44000000,12.75000000,1015972.69000000
2024-09-27T08:00:00Z,12.74000000,12.84000000,12.57000000,12.71000000,1043729.85000000
2024-09-27T16:00:00Z,12.71000000,12.88000000,12.60000000,12.67000000,745043.06000000
2024-09-28T00:00:00Z,12.66000000,12.87000000,12.56000000,12.57000000,808483.62000000
2024-09-28T08:00:00Z,12.57000000,12.94000000,12.36000000,12.84000000,888893.36000000
2024-09-28T16:00:00Z,12.83000000,12.98000000,12.72000000,12.95000000,490081.13000000
2024-09-29T00:00:00Z,12.95000000,12.98000000,12.51000000,12.53000000,584580.71000000
2024-09-29T08:00:00Z,12.53000000,12.64000000,12.47000000,12.60000000,384216.19000000
2024-09-29T16:00:00Z,12.59000000,12.73000000,12.43000000,12.46000000,515234.22000000
2024-09-30T00:00:00Z,12.47000000,12.48000000,12.13000000,12.27000000,672876.96000000
2024-09-30T08:00:00Z,12.27000000,12.28000000,11.92000000,11.93000000,808076.66000000
2024-09-30T16:00:00Z,11.92000000,12.05000000,11.75000000,11.85000000,574053.51000000
2024-10-01T00:00:00Z,11.85000000,12.26000000,11.78000000,12.21000000,565724.91000000
2024-10-01T08:00:00Z,12.22000000,12.24000000,11.17000000,11.43000000,1600014.64000000
2024-10-01T16:00:00Z,11.43000000,11.48000000,10.84000000,11.01000000,1983648.15000000
2024-10-02T00:00:00Z,11.01000000,11.31000000,10.97000000,11.25000000,559948.96000000
2024-10-02T08:00:00Z,11.24000000,11.27000000,10.78000000,10.93000000,1066608.08000000
2024-10-02T16:00:00Z,10.93000000,11.05000000,10.45000000,10.66000000,1509046.39000000
2024-10-03T00:00:00Z,10.65000000,10.87000000,10.59000000,10.63000000,672976.91000000
2024-10-03T08:00:00Z,10.63000000,10.69000000,10.34000000,10.54000000,1337067.55000000
2024-10-03T16:00:00Z,10.53000000,10.69000000,10.38000000,10.66000000,599501.36000000
2024-10-04T00:00:00Z,10.66000000,11.00000000,10.59000000,10.97000000,574615.37000000
2024-10-04T08:00:00Z,10.98000000,11.17000000,10.89000000,11.17000000,985802.33000000
2024-10-04T16:00:00Z,11.17000000,11.25000000,11.03000000,11.08000000,620202.81000000
2024-10-05T00:00:00Z,11.08000000,11.25000000,10.98000000,11.21000000,483525.42000000
2024-10-05T08:00:00Z,11.22000000,11.38000000,11.22000000,11.35000000,321174.13000000
2024-10-05T16:00:00Z,11.35000000,11.36000000,11.07000000,11.27000000,401800.77000000
2024-10-06T00:00:00Z,11.27000000,11.40000000,11.19000000,11.32000000,346014.33000000
2024-10-06T08:00:00Z,11.33000000,11.38000000,11.19000000,11.31000000,508619.32000000
2024-10-06T16:00:00Z,11.31000000,11.37000000,11.16000000,11.27000000,584021.24000000
2024-10-07T00:00:00Z,11.28000000,11.67000000,11.21000000,11.55000000,865557.61000000
2024-10-07T08:00:00Z,11.55000000,11.76000000,11.24000000,11.52000000,1039240.69000000
2024-10-07T16:00:00Z,11.52000000,11.60000000,11.12000000,11.16000000,998877.33000000
2024-10-08T00:00:00Z,11.16000000,11.29000000,10.96000000,11.02000000,784708.46000000
2024-10-08T08:00:00Z,11.02000000,11.20000000,10.86000000,10.94000000,939716.47000000
2024-10-08T16:00:00Z,10.93000000,11.05000000,10.78000000,10.82000000,787350.17000000
2024-10-09T00:00:00Z,10.83000000,10.97000000,10.75000000,10.79000000,822925.54000000
2024-10-09T08:00:00Z,10.79000000,10.81000000,10.55000000,10.72000000,910018.54000000
2024-10-09T16:00:00Z,10.72000000,10.73000000,10.41000000,10.53000000,839210.23000000
2024-10-10T00:00:00Z,10.54000000,10.75000000,10.50000000,10.63000000,609563.30000000
2024-10-10T08:00:00Z,10.63000000,10.68000000,10.39000000,10.63000000,815747.97000000
2024-10-10T16:00:00Z,10.63000000,10.67000000,10.25000000,10.56000000,886666.49000000
2024-10-11T00:00:00Z,10.55000000,10.69000000,10.50000000,10.66000000,391193.27000000
2024-10-11T08:00:00Z,10.65000000,10.89000000,10.62000000,10.86000000,840229.33000000
2024-10-11T16:00:00Z,10.86000000,11.03000000,10.84000000,10.91000000,498108.23000000
2024-10-12T00:00:00Z,10.90000000,11.02000000,10.83000000,10.98000000,347633.99000000
2024-10-12T08:00:00Z,10.98000000,11.15000000,10.96000000,11.09000000,622861.48000000
2024-10-12T16:00:00Z,11.08000000,11.15000000,10.99000000,11.01000000,438690.81000000
2024-10-13T00:00:00Z,11.00000000,11.08000000,10.93000000,10.98000000,382494.63000000
2024-10-13T08:00:00Z,10.97000000,11.04000000,10.63000000,10.68000000,560108.10000000
2024-10-13T16:00:00Z,10.68000000,10.84000000,10.62000000,10.75000000,522741.79000000
2024-10-14T00:00:00Z,10.75000000,11.05000000,10.60000000,11.03000000,1055775.10000000
2024-10-14T08:00:00Z,11.03000000,11.29000000,10.89000000,11.26000000,1115648.39000000
2024-10-14T16:00:00Z,11.26000000,11.35000000,11.17000000,11.28000000,598755.80000000
2024-10-15T00:00:00Z,11.29000000,11.59000000,11.25000000,11.50000000,1216504.58000000
2024-10-15T08:00:00Z,11.49000000,11.70000000,10.93000000,11.14000000,2698296.85000000
2024-10-15T16:00:00Z,11.14000000,11.46000000,11.11000000,11.45000000,891400.22000000
2024-10-16T00:00:00Z,11.45000000,11.47000000,11.15000000,11.18000000,552151.82000000
2024-10-16T08:00:00Z,11.18000000,11.54000000,11.10000000,11.16000000,1105619.55000000
2024-10-16T16:00:00Z,11.17000000,11.36000000,11.06000000,11.24000000,519717.05000000
2024-10-17T00:00:00Z,11.25000000,11.35000000,11.08000000,11.16000000,479101.23000000
2024-10-17T08:00:00Z,11.15000000,11.18000000,10.91000000,11.12000000,801808.98000000
2024-10-17T16:00:00Z,11.11000000,11.12000000,10.85000000,11.03000000,562327.44000000
2024-10-18T00:00:00Z,11.03000000,11.43000000,10.98000000,11.43000000,718155.04000000
2024-10-18T08:00:00Z,11.42000000,11.49000000,11.31000000,11.46000000,963388.35000000
2024-10-18T16:00:00Z,11.46000000,11.51000000,11.33000000,11.48000000,496253.71000000
2024-10-19T00:00:00Z,11.48000000,11.60000000,11.38000000,11.40000000,467789.48000000
2024-10-19T08:00:00Z,11.40000000,11.42000000,11.29000000,11.38000000,324980.67000000
2024-10-19T16:00:00Z,11.38000000,11.46000000,11.30000000,11.42000000,248065.90000000
2024-10-20T00:00:00Z,11.42000000,11.46000000,11.27000000,11.38000000,291303.05000000
2024-10-20T08:00:00Z,11.38000000,11.93000000,11.37000000,11.89000000,1057071.29000000
2024-10-20T16:00:00Z,11.89000000,12.04000000,11.81000000,11.98000000,721993.73000000
2024-10-21T00:00:00Z,11.98000000,12.03000000,11.78000000,11.91000000,556721.15000000
2024-10-21T08:00:00Z,11.91000000,11.97000000,11.54000000,11.67000000,1041399.47000000
2024-10-21T16:00:00Z,11.67000000,11.83000000,11.56000000,11.71000000,544775.32000000
2024-10-22T00:00:00Z,11.70000000,12.20000000,11.59000000,12.11000000,932878.08000000
2024-10-22T08:00:00Z,12.11000000,12.35000000,11.87000000,12.14000000,2157211.67000000
2024-10-22T16:00:00Z,12.14000000,12.15000000,11.93000000,11.97000000,656772.76000000
2024-10-23T00:00:00Z,11.98000000,12.01000000,11.60000000,11.60000000,686749.71000000
2024-10-23T08:00:00Z,11.61000000,11.66000000,11.24000000,11.32000000,1063578.06000000
2024-10-23T16:00:00Z,11.33000000,11.35000000,11.00000000,11.32000000,1095899.77000000
2024-10-24T00:00:00Z,11.32000000,11.54000000,11.27000000,11.29000000,818903.22000000
2024-10-24T08:00:00Z,11.30000000,11.52000000,11.22000000,11.43000000,712482.44000000
2024-10-24T16:00:00Z,11.43000000,11.65000000,11.36000000,11.62000000,524799.21000000
2024-10-25T00:00:00Z,11.62000000,12.10000000,11.61000000,11.69000000,1255606.19000000
2024-10-25T08:00:00Z,11.69000000,12.01000000,11.57000000,11.82000000,982911.19000000
2024-10-25T16:00:00Z,11.82000000,11.93000000,10.80000000,11.13000000,1911798.18000000
2024-10-26T00:00:00Z,11.14000000,11.40000000,10.96000000,11.10000000,1131791.30000000
2024-10-26T08:00:00Z,11.10000000,11.23000000,10.82000000,10.86000000,849677.66000000
2024-10-26T16:00:00Z,10.85000000,11.11000000,10.82000000,11.01000000,450274.21000000
2024-10-27T00:00:00Z,11.01000000,11.06000000,10.90000000,10.94000000,316756.08000000
2024-10-27T08:00:00Z,10.94000000,11.13000000,10.84000000,11.10000000,481990.79000000
2024-10-27T16:00:00Z,11.11000000,11.18000000,10.89000000,10.99000000,493679.64000000
2024-10-28T00:00:00Z,10.99000000,11.03000000,10.71000000,10.97000000,593967.11000000
2024-10-28T08:00:00Z,10.98000000,11.20000000,10.81000000,10.82000000,814066.82000000
2024-10-28T16:00:00Z,10.81000000,11.27000000,10.74000000,11.18000000,824611.88000000
2024-10-29T00:00:00Z,11.19000000,11.54000000,11.15000000,11.49000000,736179.65000000
2024-10-29T08:00:00Z,11.49000000,11.58000000,11.40000000,11.55000000,725978.96000000
2024-10-29T16:00:00Z,11.55000000,11.81000000,11.46000000,11.80000000,951254.80000000
2024-10-30T00:00:00Z,11.80000000,12.15000000,11.65000000,11.96000000,885061.38000000
2024-10-30T08:00:00Z,11.96000000,12.38000000,11.86000000,12.21000000,1397295.84000000
2024-10-30T16:00:00Z,12.21000000,12.45000000,12.09000000,12.39000000,832689.82000000
2024-10-31T00:00:00Z,12.40000000,12.47000000,12.06000000,12.20000000,792984.03000000
2024-10-31T08:00:00Z,12.20000000,12.20000000,11.71000000,11.79000000,1112203.96000000
2024-10-31T16:00:00Z,11.78000000,11.79000000,11.31000000,11.41000000,767216.78000000
2024-11-01T00:00:00Z,11.41000000,11.51000000,11.21000000,11.32000000,612946.48000000
2024-11-01T08:00:00Z,11.32000000,11.73000000,11.19000000,11.33000000,1696887.09000000
2024-11-01T16:00:00Z,11.33000000,11.58000000,11.13000000,11.25000000,785551.90000000
2024-11-02T00:00:00Z,11.24000000,11.40000000,11.18000000,11.25000000,417535.87000000
2024-11-02T08:00:00Z,11.26000000,11.28000000,11.07000000,11.18000000,1104619.15000000
2024-11-02T16:00:00Z,11.18000000,11.28000000,11.07000000,11.19000000,622826.90000000
2024-11-03T00:00:00Z,11.19000000,11.24000000,10.82000000,10.99000000,970566.42000000
2024-11-03T08:00:00Z,10.99000000,11.05000000,10.53000000,10.71000000,1352108.57000000
2024-11-03T16:00:00Z,10.70000000,10.85000000,10.51000000,10.76000000,721273.93000000
2024-11-04T00:00:00Z,10.75000000,10.92000000,10.60000000,10.62000000,649305.02000000
2024-11-04T08:00:00Z,10.62000000,10.73000000,10.36000000,10.40000000,1190607.67000000
2024-11-04T16:00:00Z,10.39000000,10.45000000,10.07000000,10.26000000,1445482.55000000
2024-11-05T00:00:00Z,10.25000000,10.53000000,10.18000000,10.52000000,660626.61000000
2024-11-05T08:00:00Z,10.51000000,10.90000000,10.49000000,10.78000000,970889.44000000
2024-11-05T16:00:00Z,10.79000000,10.94000000,10.61000000,10.83000000,820131.96000000
2024-11-06T00:00:00Z,10.84000000,11.96000000,10.80000000,11.75000000,3037841.70000000
2024-11-06T08:00:00Z,11.75000000,11.90000000,11.54000000,11.81000000,1737119.63000000
2024-11-06T16:00:00Z,11.80000000,12.32000000,11.79000000,12.17000000,1246322.81000000
2024-11-07T00:00:00Z,12.17000000,12.71000000,12.06000000,12.29000000,1935079.79000000
2024-11-07T08:00:00Z,12.29000000,12.46000000,12.12000000,12.45000000,897394.49000000
2024-11-07T16:00:00Z,12.45000000,12.68000000,12.31000000,12.59000000,1269683.67000000
2024-11-08T00:00:00Z,12.59000000,12.87000000,12.52000000,12.81000000,1124363.98000000
2024-11-08T08:00:00Z,12.82000000,13.41000000,12.67000000,13.27000000,2545749.56000000
2024-11-08T16:00:00Z,13.27000000,13.75000000,12.98000000,13.69000000,2192710.82000000
2024-11-09T00:00:00Z,13.69000000,13.74000000,13.28000000,13.50000000,1214748.70000000
2024-11-09T08:00:00Z,13.51000000,13.65000000,13.31000000,13.53000000,978097.03000000
2024-11-09T16:00:00Z,13.53000000,13.84000000,13.29000000,13.78000000,1035022.85000000
2024-11-10T00:00:00Z,13.78000000,14.60000000,13.68000000,14.49000000,3002467.69000000
2024-11-10T08:00:00Z,14.49000000,14.76000000,14.38000000,14.58000000,1752010.62000000
2024-11-10T16:00:00Z,14.58000000,14.85000000,13.65000000,14.25000000,2459417.87000000
2024-11-11T00:00:00Z,14.26000000,14.56000000,13.61000000,13.81000000,2138009.83000000
2024-11-11T08:00:00Z,13.80000000,14.47000000,13.79000000,14.31000000,1952585.03000000
2024-11-11T16:00:00Z,14.31000000,14.94000000,14.29000000,14.91000000,2941580.90000000
2024-11-12T00:00:00Z,14.91000000,14.92000000,14.30000000,14.84000000,2299253.78000000
2024-11-12T08:00:00Z,14.84000000,15.34000000,13.66000000,13.94000000,5744345.53000000
2024-11-12T16:00:00Z,13.95000000,14.29000000,13.68000000,13.95000000,1665587.29000000
2024-11-13T00:00:00Z,13.95000000,14.11000000,13.06000000,13.38000000,2389471.19000000
2024-11-13T08:00:00Z,13.39000000,14.38000000,13.23000000,14.22000000,2921704.97000000
2024-11-13T16:00:00Z,14.22000000,14.35000000,13.05000000,13.48000000,2672554.86000000
2024-11-14T00:00:00Z,13.49000000,13.83000000,13.18000000,13.61000000,1354781.08000000
2024-11-14T08:00:00Z,13.61000000,13.65000000,12.88000000,12.97000000,2566384.71000000
2024-11-14T16:00:00Z,12.96000000,13.38000000,12.80000000,13.00000000,1632091.70000000
2024-11-15T00:00:00Z,13.00000000,13.30000000,12.71000000,13.12000000,1413881.64000000
2024-11-15T08:00:00Z,13.13000000,13.66000000,13.03000000,13.19000000,1713260.63000000
2024-11-15T16:00:00Z,13.18000000,13.90000000,13.15000000,13.84000000,1329166.26000000
2024-11-16T00:00:00Z,13.84000000,14.31000000,13.73000000,14.03000000,1403796.50000000
2024-11-16T08:00:00Z,14.03000000,14.54000000,14.02000000,14.15000000,2215848.45000000
2024-11-16T16:00:00Z,14.15000000,14.80000000,14.06000000,14.52000000,2236946.05000000
2024-11-17T00:00:00Z,14.53000000,14.90000000,13.78000000,14.42000000,2673618.17000000
2024-11-17T08:00:00Z,14.43000000,14.55000000,13.88000000,13.93000000,1133517.53000000
2024-11-17T16:00:00Z,13.93000000,14.11000000,13.56000000,13.78000000,1118398.05000000
2024-11-18T00:00:00Z,13.79000000,14.88000000,13.75000000,14.86000000,1567975.04000000
2024-11-18T08:00:00Z,14.86000000,15.20000000,14.23000000,15.15000000,2578480.03000000
2024-11-18T16:00:00Z,15.16000000,16.00000000,14.78000000,15.26000000,4360762.45000000
2024-11-19T00:00:00Z,15.27000000,15.43000000,14.82000000,14.84000000,1090119.50000000
2024-11-19T08:00:00Z,14.85000000,15.15000000,14.58000000,14.76000000,1803824.80000000
2024-11-19T16:00:00Z,14.75000000,15.04000000,14.33000000,14.62000000,1657879.52000000
2024-11-20T00:00:00Z,14.62000000,14.70000000,14.17000000,14.46000000,1337730.11000000
2024-11-20T08:00:00Z,14.47000000,15.32000000,14.41000000,15.00000000,2314934.20000000
2024-11-20T16:00:00Z,15.00000000,15.00000000,14.03000000,14.24000000,2057183.08000000
2024-11-21T00:00:00Z,14.24000000,14.68000000,13.83000000,14.67000000,1888162.82000000
2024-11-21T08:00:00Z,14.67000000,15.38000000,14.34000000,14.81000000,2564308.16000000
2024-11-21T16:00:00Z,14.82000000,15.17000000,14.68000000,14.89000000,1604430.98000000
2024-11-22T00:00:00Z,14.89000000,15.44000000,14.72000000,15.22000000,3063823.35000000
2024-11-22T08:00:00Z,15.21000000,15.56000000,14.85000000,15.41000000,3014743.59000000
2024-11-22T16:00:00Z,15.41000000,16.59000000,15.15000000,16.57000000,4181751.40000000
2024-11-23T00:00:00Z,16.57000000,17.08700000,16.30000000,16.99000000,3969519.49000000
2024-11-23T08:00:00Z,16.99000000,17.92000000,16.65000000,17.92000000,3613670.56000000
2024-11-23T16:00:00Z,17.91000000,18.39000000,17.03000000,17.38000000,3950710.66000000
2024-11-24T00:00:00Z,17.39000000,18.34000000,17.31000000,17.79000000,2789617.70000000
2024-11-24T08:00:00Z,17.79000000,17.87000000,16.10000000,16.33000000,3483517.61000000
2024-11-24T16:00:00Z,16.33000000,18.10000000,16.25000000,17.91000000,2085682.54000000
2024-11-25T00:00:00Z,17.91000000,18.41000000,17.32000000,18.30000000,2780900.69000000
2024-11-25T08:00:00Z,18.31000000,19.06000000,17.52000000,18.50000000,4604620.60000000
2024-11-25T16:00:00Z,18.51000000,18.76000000,17.14000000,17.34000000,2914052.81000000
2024-11-26T00:00:00Z,17.34000000,17.84000000,17.11000000,17.23000000,1557750.78000000
2024-11-26T08:00:00Z,17.22000000,17.50000000,16.18000000,16.92000000,3576482.31000000
2024-11-26T16:00:00Z,16.92000000,17.50000000,16.68000000,17.34000000,1677684.26000000
2024-11-27T00:00:00Z,17.34000000,18.26000000,16.96000000,18.15000000,2213714.82000000
2024-11-27T08:00:00Z,18.15000000,18.52000000,17.72000000,18.06000000,2505108.42000000
2024-11-27T16:00:00Z,18.06000000,19.00000000,17.72000000,18.66000000,2555000.84000000
2024-11-28T00:00:00Z,18.66000000,18.69000000,17.82000000,17.89000000,1661597.55000000
2024-11-28T08:00:00Z,17.89000000,18.09000000,17.48000000,17.50000000,1833691.82000000
2024-11-28T16:00:00Z,17.50000000,18.07000000,17.49000000,17.93000000,1118563.23000000
2024-11-29T00:00:00Z,17.94000000,18.11000000,17.52000000,17.53000000,1064850.28000000
2024-11-29T08:00:00Z,17.53000000,18.40000000,17.53000000,18.04000000,1510898.00000000
2024-11-29T16:00:00Z,18.05000000,18.41000000,17.82000000,18.24000000,1279819.01000000
2024-11-30T00:00:00Z,18.25000000,18.71000000,17.93000000,18.63000000,1588435.46000000
2024-11-30T08:00:00Z,18.63000000,18.97000000,18.08000000,18.88000000,1668839.64000000
2024-11-30T16:00:00Z,18.88000000,19.44100000,18.62000000,19.00000000,1795497.20000000
2024-12-01T00:00:00Z,19.00000000,19.11000000,18.44000000,18.66000000,1366425.44000000
2024-12-01T08:00:00Z,18.67000000,19.01000000,18.50000000,18.81000000,1199190.23000000
2024-12-01T16:00:00Z,18.81000000,19.05000000,18.43000000,18.92000000,1583829.71000000
2024-12-02T00:00:00Z,18.91000000,20.03000000,18.57000000,19.81000000,5080192.54000000
2024-12-02T08:00:00Z,19.80000000,21.84000000,18.84000000,21.80000000,14419849.37000000
2024-12-02T16:00:00Z,21.80000000,26.90000000,21.08000000,25.23000000,16722705.86000000
2024-12-03T00:00:00Z,25.22000000,25.49000000,23.78000000,25.11000000,7670311.06000000
2024-12-03T08:00:00Z,25.11000000,26.32000000,22.54000000,23.98000000,10077095.29000000
2024-12-03T16:00:00Z,23.98000000,25.22000000,23.41000000,24.09000000,4280924.01000000
2024-12-04T00:00:00Z,24.10000000,24.61000000,23.60000000,24.45000000,3168356.56000000
2024-12-04T08:00:00Z,24.46000000,26.59000000,24.00000000,25.35000000,6858829.06000000
2024-12-04T16:00:00Z,25.35000000,25.47000000,23.72000000,24.07000000,4086156.04000000
2024-12-05T00:00:00Z,24.07000000,24.37000000,22.98000000,23.91000000,3261604.50000000
2024-12-05T08:00:00Z,23.91000000,24.82000000,23.70000000,24.26000000,3198000.63000000
2024-12-05T16:00:00Z,24.27000000,24.59000000,22.41000000,23.15000000,3249558.73000000
2024-12-06T00:00:00Z,23.15000000,24.26000000,23.04000000,23.78000000,2246365.32000000
2024-12-06T08:00:00Z,23.78000000,24.16000000,22.75000000,23.77000000,2913385.35000000
2024-12-06T16:00:00Z,23.78000000,25.94000000,23.73000000,25.87000000,3381836.20000000
2024-12-07T00:00:00Z,25.88000000,26.89000000,25.13000000,25.37000000,4061218.15000000
2024-12-07T08:00:00Z,25.37000000,25.43000000,24.71000000,24.98000000,1713412.70000000
2024-12-07T16:00:00Z,24.98000000,25.00000000,24.44000000,24.79000000,1099173.57000000
2024-12-08T00:00:00Z,24.79000000,25.58000000,24.68000000,25.34000000,1856164.89000000
2024-12-08T08:00:00Z,25.35000000,27.41000000,25.06000000,26.23000000,5586521.23000000
2024-12-08T16:00:00Z,26.24000000,26.63000000,25.52000000,26.09000000,1979352.79000000
2024-12-09T00:00:00Z,26.09000000,27.36000000,25.59000000,26.20000000,5468239.70000000
2024-12-09T08:00:00Z,26.21000000,26.23000000,24.28000000,24.38000000,4168629.84000000
2024-12-09T16:00:00Z,24.39000000,24.64000000,19.56000000,22.25000000,9546375.84000000
2024-12-10T00:00:00Z,22.24000000,23.42000000,20.69000000,23.08000000,5198397.25000000
2024-12-10T08:00:00Z,23.07000000,23.78000000,21.31000000,21.31000000,4900146.38000000
2024-12-10T16:00:00Z,21.32000000,22.47000000,20.27000000,22.12000000,5450003.02000000
2024-12-11T00:00:00Z,22.11000000,22.68000000,21.14000000,22.22000000,2364053.85000000
2024-12-11T08:00:00Z,22.23000000,24.23000000,22.22000000,23.91000000,3644860.20000000
2024-12-11T16:00:00Z,23.91000000,24.33000000,23.38000000,24.07000000,1792115.66000000
2024-12-12T00:00:00Z,24.06000000,29.45000000,23.87000000,28.83000000,9618327.21000000
2024-12-12T08:00:00Z,28.83000000,29.20000000,27.33000000,28.21000000,5873313.13000000
2024-12-12T16:00:00Z,28.21000000,29.36000000,26.75000000,29.13000000,5509712.48000000
2024-12-13T00:00:00Z,29.14000000,30.94000000,28.26000000,28.90000000,8127986.99000000
2024-12-13T08:00:00Z,28.90000000,29.03000000,27.53000000,27.61000000,3770496.22000000
2024-12-13T16:00:00Z,27.61000000,29.12000000,27.58000000,28.99000000,2483337.43000000
2024-12-14T00:00:00Z,28.99000000,30.69000000,28.75000000,29.51000000,3503526.06000000
2024-12-14T08:00:00Z,29.51000000,30.77000000,28.71000000,30.36000000,4238413.37000000
2024-12-14T16:00:00Z,30.35000000,30.47000000,28.84000000,29.12000000,2963129.70000000
2024-12-15T00:00:00Z,29.13000000,29.88000000,28.55000000,28.76000000,2653030.30000000
2024-12-15T08:00:00Z,28.76000000,29.34000000,28.29000000,29.13000000,2197044.44000000
2024-12-15T16:00:00Z,29.14000000,29.62000000,28.02000000,29.26000000,2300826.02000000
2024-12-16T00:00:00Z,29.25000000,29.77000000,28.41000000,29.28000000,2448057.58000000
2024-12-16T08:00:00Z,29.28000000,30.85000000,28.89000000,30.28000000,5495883.19000000
2024-12-16T16:00:00Z,30.28000000,30.43000000,28.70000000,28.73000000,3309303.50000000
2024-12-17T00:00:00Z,28.74000000,29.07000000,28.03000000,28.12000000,2367162.21000000
2024-12-17T08:00:00Z,28.13000000,28.87000000,27.48000000,27.61000000,3496637.52000000
2024-12-17T16:00:00Z,27.62000000,28.29000000,27.30000000,27.86000000,2298377.28000000
2024-12-18T00:00:00Z,27.86000000,28.40000000,26.80000000,27.18000000,2794828.76000000
2024-12-18T08:00:00Z,27.18000000,27.94000000,26.53000000,27.08000000,2725509.06000000
2024-12-18T16:00:00Z,27.09000000,27.96000000,24.72000000,24.86000000,5370861.06000000
2024-12-19T00:00:00Z,24.85000000,25.32000000,23.35000000,24.91000000,5040715.92000000
2024-12-19T08:00:00Z,24.90000000,25.61000000,23.74000000,24.18000000,3234364.08000000
2024-12-19T16:00:00Z,24.17000000,24.38000000,21.72000000,22.81000000,6641047.01000000
2024-12-20T00:00:00Z,22.81000000,23.72000000,22.15000000,22.64000000,2885012.16000000
2024-12-20T08:00:00Z,22.63000000,22.95000000,20.02000000,22.70000000,7937775.60000000
2024-12-20T16:00:00Z,22.70000000,23.69000000,22.43000000,23.39000000,2610355.39000000
2024-12-21T00:00:00Z,23.40000000,24.94000000,23.02000000,24.54000000,2929516.44000000
2024-12-21T08:00:00Z,24.55000000,24.76000000,22.26000000,22.88000000,3569619.28000000
2024-12-21T16:00:00Z,22.88000000,22.93000000,21.78000000,22.13000000,2249567.20000000
2024-12-22T00:00:00Z,22.14000000,22.45000000,21.53000000,21.96000000,1395238.61000000
2024-12-22T08:00:00Z,21.96000000,22.79000000,21.57000000,21.80000000,1558479.54000000
2024-12-22T16:00:00Z,21.80000000,22.53000000,21.31000000,22.08000000,1529784.39000000
2024-12-23T00:00:00Z,22.08000000,23.45000000,21.49000000,22.65000000,2817155.71000000
2024-12-23T08:00:00Z,22.64000000,23.39000000,22.11000000,22.15000000,2564929.67000000
2024-12-23T16:00:00Z,22.14000000,24.97000000,22.07000000,24.55000000,3833111.38000000
2024-12-24T00:00:00Z,24.55000000,24.68000000,23.54000000,23.87000000,2185432.25000000
2024-12-24T08:00:00Z,23.88000000,24.93000000,23.80000000,24.64000000,2816681.56000000
2024-12-24T16:00:00Z,24.65000000,25.99000000,24.38000000,25.42000000,3369805.25000000
2024-12-25T00:00:00Z,25.43000000,25.51000000,24.56000000,24.76000000,1768456.78000000
2024-12-25T08:00:00Z,24.76000000,25.59000000,24.42000000,24.68000000,2002688.30000000
2024-12-25T16:00:00Z,24.69000000,24.78000000,24.15000000,24.44000000,945828.41000000
2024-12-26T00:00:00Z,24.44000000,24.70000000,23.37000000,23.42000000,1396654.68000000
2024-12-26T08:00:00Z,23.42000000,23.46000000,22.68000000,22.75000000,1629845.34000000
2024-12-26T16:00:00Z,22.75000000,23.14000000,22.42000000,22.68000000,1218368.42000000
2024-12-27T00:00:00Z,22.68000000,23.27000000,22.37000000,22.60000000,1308007.32000000
2024-12-27T08:00:00Z,22.61000000,23.67000000,22.22000000,22.31000000,1908625.21000000
2024-12-27T16:00:00Z,22.30000000,22.77000000,21.37000000,21.57000000,1928193.63000000
2024-12-28T00:00:00Z,21.56000000,21.65000000,21.06000000,21.07000000,1185939.61000000
2024-12-28T08:00:00Z,21.08000000,21.87000000,21.06000000,21.48000000,1958349.33000000
2024-12-28T16:00:00Z,21.48000000,22.38000000,21.35000000,21.99000000,1499889.45000000
2024-12-29T00:00:00Z,21.99000000,22.02000000,21.53000000,21.93000000,821567.47000000
2024-12-29T08:00:00Z,21.93000000,21.96000000,21.27000000,21.44000000,757632.00000000
2024-12-29T16:00:00Z,21.44000000,21.47000000,20.77000000,20.96000000,958774.46000000
2024-12-30T00:00:00Z,20.96000000,21.83000000,20.85000000,21.19000000,991540.44000000
2024-12-30T08:00:00Z,21.19000000,21.45000000,20.09000000,20.31000000,1719490.09000000
2024-12-30T16:00:00Z,20.32000000,21.35000000,20.12000000,20.58000000,1813080.21000000
2024-12-31T00:00:00Z,20.57000000,20.66000000,20.18000000,20.32000000,1017915.28000000
2024-12-31T08:00:00Z,20.32000000,21.20000000,20.31000000,20.82000000,1911846.97000000
2024-12-31T16:00:00Z,20.82000000,20.85000000,19.82000000,20.01000000,1568301.75000000
2025-01-01T00:00:00Z,20.02000000,20.25000000,19.90000000,19.99000000,960782.76000000
2025-01-01T08:00:00Z,19.99000000,20.59000000,19.67000000,20.57000000,1421981.27000000
2025-01-01T16:00:00Z,20.56000000,21.86000000,20.35000000,21.73000000,2401742.47000000
2025-01-02T00:00:00Z,21.73000000,22.38000000,21.72000000,22.35000000,1979109.64000000
2025-01-02T08:00:00Z,22.35000000,22.91000000,22.06000000,22.21000000,2798631.11000000
2025-01-02T16:00:00Z,22.21000000,22.58000000,21.81000000,22.07000000,1165148.73000000
2025-01-03T00:00:00Z,22.07000000,22.43000000,21.78000000,21.79000000,1841378.22000000
2025-01-03T08:00:00Z,21.80000000,23.49000000,21.63000000,23.47000000,2574420.70000000
2025-01-03T16:00:00Z,23.47000000,23.90000000,23.34000000,23.48000000,1866112.74000000
2025-01-04T00:00:00Z,23.48000000,23.53000000,23.02000000,23.30000000,1103133.00000000
2025-01-04T08:00:00Z,23.29000000,23.93000000,22.87000000,23.17000000,1481886.86000000
2025-01-04T16:00:00Z,23.16000000,24.05000000,23.16000000,23.60000000,864434.13000000
2025-01-05T00:00:00Z,23.60000000,23.83000000,23.22000000,23.50000000,722957.44000000
2025-01-05T08:00:00Z,23.51000000,23.56000000,22.85000000,23.30000000,1082326.32000000
2025-01-05T16:00:00Z,23.29000000,23.73000000,23.10000000,23.58000000,711326.91000000
2025-01-06T00:00:00Z,23.58000000,24.19000000,23.01000000,23.52000000,1876608.33000000
2025-01-06T08:00:00Z,23.53000000,24.46000000,23.33000000,24.38000000,2342629.32000000
2025-01-06T16:00:00Z,24.38000000,24.78000000,23.65000000,23.83000000,1652616.25000000
2025-01-07T00:00:00Z,23.83000000,23.84000000,23.34000000,23.40000000,1263732.05000000
2025-01-07T08:00:00Z,23.40000000,23.66000000,21.70000000,22.06000000,3785093.47000000
2025-01-07T16:00:00Z,22.05000000,22.21000000,21.18000000,21.38000000,2554759.16000000
2025-01-08T00:00:00Z,21.39000000,21.73000000,20.53000000,20.88000000,1898981.57000000
2025-01-08T08:00:00Z,20.89000000,21.13000000,20.49000000,20.67000000,1754108.45000000
2025-01-08T16:00:00Z,20.68000000,20.74000000,19.59000000,20.44000000,3138015.27000000
2025-01-09T00:00:00Z,20.44000000,20.73000000,19.75000000,19.80000000,1471951.65000000
2025-01-09T08:00:00Z,19.81000000,20.33000000,19.31000000,20.20000000,2250818.08000000
2025-01-09T16:00:00Z,20.21000000,20.31000000,19.14000000,19.65000000,1747332.99000000
2025-01-10T00:00:00Z,19.64000000,20.54000000,19.64000000,20.35000000,1279444.17000000
2025-01-10T08:00:00Z,20.35000000,20.50000000,19.53000000,19.98000000,2567256.52000000
2025-01-10T16:00:00Z,19.99000000,20.50000000,19.78000000,20.24000000,1232324.79000000
2025-01-11T00:00:00Z,20.25000000,20.31000000,19.84000000,19.94000000,659304.39000000
2025-01-11T08:00:00Z,19.94000000,20.26000000,19.81000000,19.99000000,768560.03000000
2025-01-11T16:00:00Z,19.99000000,20.69000000,19.84000000,20.21000000,1148028.33000000
2025-01-12T00:00:00Z,20.21000000,20.34000000,19.97000000,20.08000000,686985.16000000
2025-01-12T08:00:00Z,20.09000000,20.26000000,19.79000000,20.15000000,907816.72000000
2025-01-12T16:00:00Z,20.16000000,20.21000000,19.59000000,19.84000000,759398.76000000
2025-01-13T00:00:00Z,19.85000000,20.44000000,19.00000000,19.11000000,1921841.26000000
2025-01-13T08:00:00Z,19.10000000,19.13000000,17.83000000,18.94000000,4659349.07000000
2025-01-13T16:00:00Z,18.94000000,19.56000000,18.22000000,19.35000000,2348382.39000000
2025-01-14T00:00:00Z,19.36000000,19.76000000,19.25000000,19.44000000,1064603.27000000
2025-01-14T08:00:00Z,19.45000000,20.39000000,19.44000000,20.15000000,2100307.20000000
2025-01-14T16:00:00Z,20.15000000,20.51000000,19.97000000,20.32000000,1070069.24000000
2025-01-15T00:00:00Z,20.33000000,20.83000000,20.21000000,20.72000000,1213950.78000000
2025-01-15T08:00:00Z,20.73000000,21.76000000,20.10000000,21.60000000,3746213.59000000
2025-01-15T16:00:00Z,21.60000000,22.15000000,21.24000000,22.10000000,2233218.56000000
2025-01-16T00:00:00Z,22.10000000,22.16000000,21.46000000,21.75000000,1306207.85000000
2025-01-16T08:00:00Z,21.75000000,23.35000000,21.30000000,23.31000000,4621845.25000000
2025-01-16T16:00:00Z,23.30000000,23.78000000,22.79000000,23.03000000,2172288.64000000
2025-01-17T00:00:00Z,23.03000000,24.29000000,23.02000000,24.13000000,1860369.11000000
2025-01-17T08:00:00Z,24.13000000,24.51000000,23.82000000,24.44000000,2013772.87000000
2025-01-17T16:00:00Z,24.44000000,25.23000000,24.20000000,25.09000000,1459802.48000000
2025-01-18T00:00:00Z,25.10000000,25.67000000,23.42000000,23.84000000,2984853.40000000
2025-01-18T08:00:00Z,23.83000000,24.84000000,23.51000000,24.08000000,2586319.52000000
2025-01-18T16:00:00Z,24.08000000,24.22000000,23.37000000,24.12000000,1609712.32000000
2025-01-19T00:00:00Z,24.12000000,24.60000000,23.13000000,23.37000000,1994971.91000000
2025-01-19T08:00:00Z,23.37000000,25.95000000,22.19000000,25.42000000,7161574.47000000
2025-01-19T16:00:00Z,25.41000000,26.71000000,23.57000000,24.34000000,9353625.16000000
2025-01-20T00:00:00Z,24.34000000,26.45000000,23.40000000,26.30000000,8519498.05000000
2025-01-20T08:00:00Z,26.30000000,26.94000000,24.53000000,25.86000000,7591834.08000000
2025-01-20T16:00:00Z,25.87000000,26.40000000,23.96000000,25.09000000,5577589.16000000
2025-01-21T00:00:00Z,25.08000000,25.19000000,23.68000000,24.08000000,2829011.09000000
2025-01-21T08:00:00Z,24.09000000,26.49000000,23.89000000,25.84000000,4522143.86000000
2025-01-21T16:00:00Z,25.84000000,27.09000000,25.79000000,26.67000000,3158572.22000000
2025-01-22T00:00:00Z,26.67000000,27.21000000,25.70000000,25.80000000,1719574.14000000
2025-01-22T08:00:00Z,25.79000000,26.01000000,25.32000000,25.41000000,1430922.36000000
2025-01-22T16:00:00Z,25.42000000,25.67000000,25.13000000,25.30000000,1148136.35000000
2025-01-23T00:00:00Z,25.29000000,25.33000000,24.31000000,24.58000000,1206563.43000000
2025-01-23T08:00:00Z,24.58000000,25.93000000,23.98000000,25.47000000,2708696.18000000
2025-01-23T16:00:00Z,25.48000000,26.25000000,24.58000000,25.65000000,2743001.56000000
2025-01-24T00:00:00Z,25.66000000,26.33000000,24.86000000,25.94000000,1906948.87000000
2025-01-24T08:00:00Z,25.94000000,26.44000000,25.68000000,26.14000000,1646593.55000000
2025-01-24T16:00:00Z,26.14000000,26.26000000,25.09000000,25.18000000,1018428.29000000
2025-01-25T00:00:00Z,25.17000000,25.34000000,24.81000000,24.99000000,872103.73000000
2025-01-25T08:00:00Z,24.99000000,25.28000000,24.68000000,25.14000000,1059424.86000000
2025-01-25T16:00:00Z,25.14000000,25.44000000,24.80000000,24.93000000,836408.29000000
2025-01-26T00:00:00Z,24.93000000,25.89000000,24.86000000,25.67000000,869954.39000000
2025-01-26T08:00:00Z,25.67000000,25.83000000,25.11000000,25.45000000,785184.47000000
2025-01-26T16:00:00Z,25.45000000,26.39000000,24.86000000,24.88000000,1875363.82000000
2025-01-27T00:00:00Z,24.88000000,25.14000000,22.25000000,22.86000000,3876543.47000000
2025-01-27T08:00:00Z,22.85000000,24.10000000,22.18000000,23.68000000,3820669.13000000
2025-01-27T16:00:00Z,23.69000000,24.43000000,22.78000000,24.21000000,1754478.14000000
2025-01-28T00:00:00Z,24.22000000,24.66000000,23.77000000,24.12000000,1439391.01000000
2025-01-28T08:00:00Z,24.12000000,24.24000000,23.51000000,23.93000000,1515694.15000000
2025-01-28T16:00:00Z,23.94000000,23.97000000,22.36000000,22.61000000,1383836.60000000
2025-01-29T00:00:00Z,22.62000000,23.57000000,22.57000000,23.54000000,1032467.91000000
2025-01-29T08:00:00Z,23.53000000,23.61000000,22.47000000,22.76000000,1479310.68000000
2025-01-29T16:00:00Z,22.76000000,24.45000000,22.32000000,23.66000000,2917416.43000000
2025-01-30T00:00:00Z,23.66000000,24.59000000,23.41000000,24.30000000,1258929.85000000
2025-01-30T08:00:00Z,24.30000000,25.21000000,24.17000000,24.85000000,1804266.46000000
2025-01-30T16:00:00Z,24.85000000,25.09000000,24.40000000,24.46000000,1075582.70000000
2025-01-31T00:00:00Z,24.46000000,25.39000000,24.12000000,24.89000000,1135614.34000000
2025-01-31T08:00:00Z,24.90000000,26.09000000,24.70000000,25.90000000,2184463.13000000
2025-01-31T16:00:00Z,25.91000000,26.40000000,24.49000000,25.17000000,2304120.99000000
2025-02-01T00:00:00Z,25.16000000,25.99000000,25.07000000,25.24000000,1689824.97000000
2025-02-01T08:00:00Z,25.24000000,25.34000000,24.25000000,24.47000000,1264000.49000000
2025-02-01T16:00:00Z,24.47000000,24.64000000,22.76000000,22.98000000,1642015.58000000
2025-02-02T00:00:00Z,22.98000000,23.33000000,22.10000000,22.66000000,2304423.62000000
2025-02-02T08:00:00Z,22.66000000,23.19000000,21.86000000,22.19000000,2305795.69000000
2025-02-02T16:00:00Z,22.19000000,22.20000000,19.29000000,20.46000000,7947129.25000000
2025-02-03T00:00:00Z,20.47000000,20.47000000,15.40000000,19.43000000,15972197.13000000
2025-02-03T08:00:00Z,19.43000000,20.67000000,18.12000000,20.42000000,8799551.62000000
2025-02-03T16:00:00Z,20.41000000,22.05000000,20.11000000,21.64000000,6519383.08000000
2025-02-04T00:00:00Z,21.64000000,21.71000000,19.54000000,19.64000000,3072109.64000000
2025-02-04T08:00:00Z,19.63000000,20.98000000,19.45000000,20.53000000,3478299.28000000
2025-02-04T16:00:00Z,20.54000000,21.27000000,19.32000000,19.97000000,3750796.10000000
2025-02-05T00:00:00Z,19.98000000,20.27000000,19.43000000,19.63000000,2362539.57000000
2025-02-05T08:00:00Z,19.63000000,20.10000000,19.39000000,19.64000000,2034583.19000000
2025-02-05T16:00:00Z,19.64000000,19.71000000,18.96000000,19.19000000,1567536.91000000
2025-02-06T00:00:00Z,19.19000000,19.94000000,19.04000000,19.69000000,1015470.97000000
2025-02-06T08:00:00Z,19.70000000,19.92000000,18.56000000,18.71000000,1874626.05000000
2025-02-06T16:00:00Z,18.71000000,18.95000000,18.41000000,18.58000000,1692430.27000000
2025-02-07T00:00:00Z,18.59000000,19.06000000,18.43000000,18.78000000,1158949.81000000
2025-02-07T08:00:00Z,18.78000000,19.86000000,18.70000000,19.37000000,2930624.71000000
2025-02-07T16:00:00Z,19.38000000,19.39000000,17.79000000,18.39000000,1818620.41000000
2025-02-08T00:00:00Z,18.39000000,18.63000000,17.92000000,18.18000000,859435.55000000
2025-02-08T08:00:00Z,18.18000000,18.25000000,17.87000000,18.05000000,941530.59000000
2025-02-08T16:00:00Z,18.06000000,18.55000000,17.89000000,18.45000000,686449.93000000
2025-02-09T00:00:00Z,18.44000000,19.00000000,18.25000000,18.76000000,952309.55000000
2025-02-09T08:00:00Z,18.77000000,18.90000000,18.10000000,18.72000000,886318.52000000
2025-02-09T16:00:00Z,18.72000000,18.94000000,17.44000000,18.26000000,1515213.84000000
2025-02-10T00:00:00Z,18.26000000,18.80000000,17.67000000,18.65000000,1706150.74000000
2025-02-10T08:00:00Z,18.64000000,19.13000000,18.47000000,18.59000000,1297210.93000000
2025-02-10T16:00:00Z,18.59000000,18.95000000,18.49000000,18.81000000,709726.12000000
2025-02-11T00:00:00Z,18.80000000,19.79000000,18.76000000,19.63000000,1542546.81000000
2025-02-11T08:00:00Z,19.63000000,19.74000000,18.83000000,19.10000000,1239790.68000000
2025-02-11T16:00:00Z,19.10000000,19.18000000,18.22000000,18.66000000,1481186.54000000
2025-02-12T00:00:00Z,18.65000000,18.90000000,18.34000000,18.59000000,724642.84000000
2025-02-12T08:00:00Z,18.59000000,18.83000000,17.64000000,18.13000000,3244214.31000000
2025-02-12T16:00:00Z,18.12000000,19.51000000,17.95000000,19.20000000,1664703.37000000
2025-02-13T00:00:00Z,19.20000000,19.34000000,18.72000000,18.82000000,839177.60000000
2025-02-13T08:00:00Z,18.83000000,18.89000000,18.18000000,18.50000000,1083686.33000000
2025-02-13T16:00:00Z,18.50000000,18.63000000,18.20000000,18.56000000,626550.95000000
2025-02-14T00:00:00Z,18.56000000,19.00000000,18.45000000,18.76000000,446299.76000000
2025-02-14T08:00:00Z,18.77000000,19.62000000,18.67000000,19.49000000,1508250.47000000
2025-02-14T16:00:00Z,19.50000000,19.84000000,19.12000000,19.38000000,1319077.71000000
2025-02-15T00:00:00Z,19.39000000,19.67000000,19.18000000,19.28000000,565831.98000000
2025-02-15T08:00:00Z,19.29000000,19.40000000,18.84000000,18.95000000,695475.97000000
2025-02-15T16:00:00Z,18.95000000,19.05000000,18.73000000,18.99000000,417752.11000000
2025-02-16T00:00:00Z,19.00000000,19.26000000,18.70000000,18.89000000,701922.30000000
2025-02-16T08:00:00Z,18.90000000,19.20000000,18.71000000,18.90000000,511279.58000000
2025-02-16T16:00:00Z,18.89000000,19.12000000,18.56000000,18.69000000,615733.18000000
2025-02-17T00:00:00Z,18.70000000,19.16000000,18.36000000,18.81000000,945166.27000000
2025-02-17T08:00:00Z,18.80000000,19.80000000,18.72000000,19.24000000,1373251.72000000
2025-02-17T16:00:00Z,19.24000000,19.51000000,18.71000000,19.12000000,1324663.51000000
2025-02-18T00:00:00Z,19.12000000,19.20000000,18.08000000,18.09000000,1321126.75000000
2025-02-18T08:00:00Z,18.08000000,18.40000000,17.57000000,17.68000000,1494223.71000000
2025-02-18T16:00:00Z,17.68000000,17.92000000,17.28000000,17.88000000,1689990.68000000
2025-02-19T00:00:00Z,17.88000000,18.14000000,17.44000000,18.04000000,913420.79000000
2025-02-19T08:00:00Z,18.05000000,18.21000000,17.74000000,17.80000000,1146128.32000000
2025-02-19T16:00:00Z,17.80000000,18.09000000,17.72000000,17.98000000,615602.08000000
2025-02-20T00:00:00Z,17.98000000,18.48000000,17.89000000,18.11000000,800623.31000000
2025-02-20T08:00:00Z,18.10000000,18.37000000,17.81000000,17.89000000,1300244.01000000
2025-02-20T16:00:00Z,17.89000000,18.43000000,17.87000000,18.28000000,631129.58000000
2025-02-21T00:00:00Z,18.28000000,18.40000000,18.04000000,18.25000000,436021.49000000
2025-02-21T08:00:00Z,18.25000000,19.06000000,18.07000000,18.39000000,2015637.63000000
2025-02-21T16:00:00Z,18.39000000,18.55000000,17.12000000,17.43000000,2136236.25000000
2025-02-22T00:00:00Z,17.43000000,17.68000000,17.30000000,17.49000000,768056.03000000
2025-02-22T08:00:00Z,17.48000000,17.84000000,17.42000000,17.78000000,694107.33000000
2025-02-22T16:00:00Z,17.78000000,18.03000000,17.71000000,17.76000000,593476.87000000
2025-02-23T00:00:00Z,17.76000000,18.13000000,17.64000000,18.12000000,557563.39000000
2025-02-23T08:00:00Z,18.12000000,18.13000000,17.44000000,17.47000000,758670.06000000
2025-02-23T16:00:00Z,17.47000000,17.74000000,17.42000000,17.62000000,403784.99000000
2025-02-24T00:00:00Z,17.62000000,17.75000000,16.48000000,16.86000000,1095217.20000000
2025-02-24T08:00:00Z,16.86000000,16.87000000,16.04000000,16.22000000,1722523.24000000
2025-02-24T16:00:00Z,16.22000000,16.51000000,14.97000000,15.26000000,2475283.44000000
2025-02-25T00:00:00Z,15.26000000,15.42000000,14.02000000,14.53000000,4192883.77000000
2025-02-25T08:00:00Z,14.54000000,15.00000000,14.25000000,14.75000000,3969533.44000000
2025-02-25T16:00:00Z,14.75000000,15.59000000,14.51000000,15.31000000,2065675.06000000
2025-02-26T00:00:00Z,15.31000000,15.55000000,15.10000000,15.30000000,917840.06000000
2025-02-26T08:00:00Z,15.30000000,15.78000000,14.97000000,15.54000000,2400759.11000000
2025-02-26T16:00:00Z,15.54000000,15.72000000,14.67000000,15.26000000,2825817.97000000
2025-02-27T00:00:00Z,15.26000000,15.70000000,15.05000000,15.62000000,1026175.99000000
2025-02-27T08:00:00Z,15.61000000,15.78000000,15.19000000,15.38000000,1398971.22000000
2025-02-27T16:00:00Z,15.38000000,15.50000000,14.78000000,15.10000000,941395.18000000
2025-02-28T00:00:00Z,15.11000000,15.20000000,13.48000000,13.67000000,3901254.28000000
2025-02-28T08:00:00Z,13.67000000,14.73000000,13.45000000,14.61000000,2095412.17000000
2025-02-28T16:00:00Z,14.62000000,14.87000000,14.48000000,14.81000000,725930.56000000
2025-03-01T00:00:00Z,14.81000000,15.01000000,14.51000000,14.55000000,965577.63000000
2025-03-01T08:00:00Z,14.55000000,14.86000000,14.22000000,14.48000000,1051502.34000000
2025-03-01T16:00:00Z,14.48000000,15.14000000,14.42000000,14.75000000,751799.77000000
2025-03-02T00:00:00Z,14.75000000,14.93000000,14.65000000,14.76000000,536408.24000000
2025-03-02T08:00:00Z,14.75000000,15.53000000,14.40000000,15.27000000,1716479.96000000
2025-03-02T16:00:00Z,15.27000000,17.55000000,15.25000000,17.42000000,5662218.22000000
2025-03-03T00:00:00Z,17.42000000,17.49000000,16.08000000,16.49000000,1718578.87000000
2025-03-03T08:00:00Z,16.49000000,16.88000000,15.95000000,16.25000000,2466630.59000000
2025-03-03T16:00:00Z,16.26000000,16.44000000,14.36000000,14.46000000,4072198.87000000
2025-03-04T00:00:00Z,14.46000000,14.60000000,13.41000000,13.80000000,3238112.70000000
2025-03-04T08:00:00Z,13.80000000,14.24000000,13.33000000,13.83000000,3320496.29000000
2025-03-04T16:00:00Z,13.84000000,15.36000000,13.08000000,14.86000000,3767818.50000000
2025-03-05T00:00:00Z,14.87000000,15.47000000,14.63000000,15.45000000,1618161.83000000
2025-03-05T08:00:00Z,15.45000000,16.52000000,15.37000000,15.68000000,4707610.79000000
2025-03-05T16:00:00Z,15.68000000,16.59000000,15.57000000,16.43000000,1790961.22000000
2025-03-06T00:00:00Z,16.43000000,17.39000000,16.37000000,16.91000000,2614229.83000000
2025-03-06T08:00:00Z,16.91000000,17.67000000,16.61000000,17.25000000,3821034.79000000
2025-03-06T16:00:00Z,17.25000000,17.35000000,16.53000000,17.06000000,2261812.42000000
2025-03-07T00:00:00Z,17.06000000,17.23000000,15.86000000,17.19000000,3940748.89000000
2025-03-07T08:00:00Z,17.19000000,17.54000000,16.78000000,16.93000000,3379826.99000000
2025-03-07T16:00:00Z,16.92000000,17.00000000,15.73000000,15.94000000,2978514.59000000
2025-03-08T00:00:00Z,15.95000000,16.04000000,15.44000000,15.55000000,1104284.54000000
2025-03-08T08:00:00Z,15.55000000,15.59000000,15.19000000,15.31000000,1357532.11000000
2025-03-08T16:00:00Z,15.31000000,15.58000000,15.13000000,15.26000000,672497.17000000
2025-03-09T00:00:00Z,15.27000000,15.37000000,15.02000000,15.14000000,606259.17000000
2025-03-09T08:00:00Z,15.13000000,15.14000000,14.26000000,14.30000000,1586429.58000000
2025-03-09T16:00:00Z,14.30000000,14.38000000,13.60000000,13.81000000,2056150.94000000
2025-03-10T00:00:00Z,13.81000000,14.34000000,13.65000000,14.10000000,1576641.30000000
2025-03-10T08:00:00Z,14.10000000,14.57000000,13.25000000,13.48000000,3051381.99000000
2025-03-10T16:00:00Z,13.49000000,13.55000000,12.41000000,12.65000000,3048996.68000000
2025-03-11T00:00:00Z,12.66000000,12.95000000,11.85000000,12.73000000,3399964.65000000
2025-03-11T08:00:00Z,12.72000000,13.20000000,12.36000000,12.99000000,4390209.39000000
2025-03-11T16:00:00Z,12.99000000,13.66000000,12.79000000,13.13000000,2226452.35000000
2025-03-12T00:00:00Z,13.14000000,13.50000000,12.64000000,13.09000000,1767405.99000000
2025-03-12T08:00:00Z,13.08000000,13.81000000,12.77000000,13.07000000,3152695.20000000
2025-03-12T16:00:00Z,13.08000000,13.52000000,13.03000000,13.49000000,1407858.87000000
2025-03-13T00:00:00Z,13.49000000,13.54000000,13.05000000,13.13000000,1318642.99000000
2025-03-13T08:00:00Z,13.13000000,13.60000000,12.97000000,13.02000000,1760366.09000000
2025-03-13T16:00:00Z,13.03000000,13.22000000,12.71000000,13.04000000,1062743.94000000
2025-03-14T00:00:00Z,13.04000000,13.45000000,12.99000000,13.34000000,698820.93000000
2025-03-14T08:00:00Z,13.35000000,14.71000000,13.31000000,14.37000000,8644224.16000000
2025-03-14T16:00:00Z,14.37000000,14.69000000,13.60000000,13.66000000,3412244.23000000
2025-03-15T00:00:00Z,13.66000000,14.25000000,13.63000000,13.79000000,1341062.90000000
2025-03-15T08:00:00Z,13.80000000,14.15000000,13.75000000,14.04000000,1280235.08000000
2025-03-15T16:00:00Z,14.04000000,14.16000000,13.95000000,14.01000000,786979.81000000
2025-03-16T00:00:00Z,14.02000000,14.18000000,13.77000000,14.16000000,654630.70000000
2025-03-16T08:00:00Z,14.16000000,14.19000000,13.33000000,13.48000000,1263303.58000000
2025-03-16T16:00:00Z,13.48000000,13.80000000,13.21000000,13.37000000,862176.26000000
2025-03-17T00:00:00Z,13.38000000,13.84000000,13.34000000,13.77000000,878370.85000000
2025-03-17T08:00:00Z,13.78000000,13.95000000,13.54000000,13.76000000,1398283.03000000
2025-03-17T16:00:00Z,13.76000000,14.24000000,13.65000000,14.03000000,1042829.23000000
2025-03-18T00:00:00Z,14.03000000,14.22000000,13.74000000,14.14000000,901156.65000000
2025-03-18T08:00:00Z,14.14000000,14.28000000,13.54000000,13.60000000,1264209.37000000
2025-03-18T16:00:00Z,13.59000000,13.96000000,13.46000000,13.91000000,756668.35000000
2025-03-19T00:00:00Z,13.92000000,14.08000000,13.77000000,13.86000000,726448.62000000
2025-03-19T08:00:00Z,13.85000000,14.68000000,13.85000000,14.62000000,2224492.81000000
2025-03-19T16:00:00Z,14.62000000,15.05000000,14.19000000,15.03000000,2131829.17000000
2025-03-20T00:00:00Z,15.03000000,15.17000000,14.58000000,14.63000000,1075272.33000000
2025-03-20T08:00:00Z,14.63000000,14.81000000,14.32000000,14.35000000,1217174.51000000
2025-03-20T16:00:00Z,14.34000000,14.43000000,14.08000000,14.22000000,800467.67000000
2025-03-21T00:00:00Z,14.22000000,14.39000000,14.06000000,14.19000000,531080.25000000
2025-03-21T08:00:00Z,14.19000000,14.28000000,13.84000000,13.89000000,754105.27000000
2025-03-21T16:00:00Z,13.88000000,14.18000000,13.82000000,13.97000000,466502.56000000
2025-03-22T00:00:00Z,13.96000000,14.16000000,13.93000000,14.07000000,376213.55000000
2025-03-22T08:00:00Z,14.08000000,14.35000000,14.05000000,14.23000000,582802.70000000
2025-03-22T16:00:00Z,14.22000000,14.50000000,14.15000000,14.25000000,515743.16000000
2025-03-23T00:00:00Z,14.25000000,14.47000000,14.21000000,14.29000000,377768.29000000
2025-03-23T08:00:00Z,14.29000000,14.50000000,14.24000000,14.43000000,619710.33000000
2025-03-23T16:00:00Z,14.43000000,14.47000000,14.23000000,14.47000000,403637.88000000
2025-03-24T00:00:00Z,14.46000000,15.16000000,14.16000000,15.03000000,1372285.24000000
2025-03-24T08:00:00Z,15.02000000,15.41000000,15.02000000,15.21000000,1520739.74000000
2025-03-24T16:00:00Z,15.21000000,15.26000000,14.99000000,15.13000000,616431.60000000
2025-03-25T00:00:00Z,15.13000000,15.25000000,14.87000000,15.20000000,759503.51000000
2025-03-25T08:00:00Z,15.20000000,15.59000000,15.20000000,15.33000000,906180.56000000
2025-03-25T16:00:00Z,15.33000000,15.61000000,15.28000000,15.44000000,554043.63000000
2025-03-26T00:00:00Z,15.43000000,15.95000000,15.24000000,15.92000000,751299.11000000
2025-03-26T08:00:00Z,15.92000000,16.00000000,15.22000000,15.30000000,1488663.57000000
2025-03-26T16:00:00Z,15.30000000,15.47000000,14.94000000,15.24000000,910940.80000000
2025-03-27T00:00:00Z,15.25000000,15.79000000,15.17000000,15.63000000,724291.27000000
2025-03-27T08:00:00Z,15.63000000,15.80000000,15.26000000,15.56000000,1276526.46000000
2025-03-27T16:00:00Z,15.56000000,15.69000000,15.30000000,15.52000000,498915.30000000
2025-03-28T00:00:00Z,15.53000000,15.59000000,14.39000000,14.47000000,1376779.55000000
2025-03-28T08:00:00Z,14.47000000,14.53000000,14.14000000,14.16000000,1516114.53000000
2025-03-28T16:00:00Z,14.16000000,14.33000000,14.00000000,14.25000000,639279.97000000
2025-03-29T00:00:00Z,14.25000000,14.42000000,13.84000000,13.91000000,629981.05000000
2025-03-29T08:00:00Z,13.91000000,14.04000000,13.54000000,13.64000000,1009285.25000000
2025-03-29T16:00:00Z,13.64000000,13.70000000,13.37000000,13.55000000,774630.28000000
2025-03-30T00:00:00Z,13.56000000,13.80000000,13.39000000,13.67000000,645638.82000000
2025-03-30T08:00:00Z,13.68000000,13.87000000,13.46000000,13.61000000,679135.89000000
2025-03-30T16:00:00Z,13.60000000,13.73000000,13.19000000,13.41000000,736620.77000000
2025-03-31T00:00:00Z,13.42000000,13.54000000,13.12000000,13.21000000,850231.70000000
2025-03-31T08:00:00Z,13.21000000,13.69000000,12.96000000,13.56000000,1353952.98000000
2025-03-31T16:00:00Z,13.56000000,13.72000000,13.41000000,13.51000000,460421.10000000
2025-04-01T00:00:00Z,13.50000000,13.80000000,13.49000000,13.74000000,487747.55000000
2025-04-01T08:00:00Z,13.74000000,14.39000000,13.69000000,14.30000000,1202634.37000000
2025-04-01T16:00:00Z,14.31000000,14.40000000,14.02000000,14.04000000,979328.98000000
2025-04-02T00:00:00Z,14.04000000,14.05000000,13.34000000,13.38000000,1542329.24000000
2025-04-02T08:00:00Z,13.38000000,14.20000000,13.32000000,14.05000000,2156932.48000000
2025-04-02T16:00:00Z,14.06000000,14.40000000,12.81000000,12.90000000,3115127.77000000
2025-04-03T00:00:00Z,12.90000000,13.31000000,12.84000000,12.95000000,1115671.90000000
2025-04-03T08:00:00Z,12.96000000,13.08000000,12.30000000,12.56000000,2802877.11000000
2025-04-03T16:00:00Z,12.56000000,12.91000000,12.41000000,12.90000000,1221175.56000000
2025-04-04T00:00:00Z,12.90000000,13.11000000,12.60000000,13.07000000,848455.60000000
2025-04-04T08:00:00Z,13.08000000,13.20000000,12.35000000,12.74000000,2686901.75000000
2025-04-04T16:00:00Z,12.74000000,13.09000000,12.67000000,12.94000000,1023789.34000000
2025-04-05T00:00:00Z,12.94000000,13.04000000,12.78000000,12.88000000,497591.16000000
2025-04-05T08:00:00Z,12.88000000,13.06000000,12.57000000,12.64000000,608213.51000000
2025-04-05T16:00:00Z,12.64000000,12.88000000,12.58000000,12.85000000,308971.09000000
2025-04-06T00:00:00Z,12.84000000,12.96000000,12.63000000,12.65000000,293511.44000000
2025-04-06T08:00:00Z,12.66000000,12.71000000,12.07000000,12.33000000,1073600.68000000
2025-04-06T16:00:00Z,12.32000000,12.35000000,11.00000000,11.28000000,3003528.61000000
2025-04-07T00:00:00Z,11.29000000,11.52000000,10.10000000,10.35000000,4551211.88000000
2025-04-07T08:00:00Z,10.35000000,11.89000000,10.30000000,11.29000000,7061943.66000000
2025-04-07T16:00:00Z,11.28000000,11.67000000,11.08000000,11.45000000,1796185.75000000
2025-04-08T00:00:00Z,11.46000000,11.88000000,11.36000000,11.61000000,962427.58000000
2025-04-08T08:00:00Z,11.60000000,11.89000000,11.37000000,11.42000000,1499418.12000000
2025-04-08T16:00:00Z,11.42000000,11.45000000,10.78000000,10.93000000,1922271.13000000
2025-04-09T00:00:00Z,10.93000000,11.51000000,10.44000000,11.39000000,3042277.22000000
2025-04-09T08:00:00Z,11.38000000,11.50000000,11.05000000,11.37000000,1985229.24000000
2025-04-09T16:00:00Z,11.37000000,12.82000000,11.35000000,12.65000000,3953385.23000000
2025-04-10T00:00:00Z,12.65000000,12.67000000,12.16000000,12.32000000,952173.88000000
2025-04-10T08:00:00Z,12.33000000,12.62000000,11.77000000,11.83000000,1973006.31000000
2025-04-10T16:00:00Z,11.82000000,12.13000000,11.68000000,12.08000000,1213065.51000000
2025-04-11T00:00:00Z,12.07000000,12.54000000,12.02000000,12.40000000,981827.98000000
2025-04-11T08:00:00Z,12.40000000,12.71000000,12.32000000,12.55000000,1551992.61000000
2025-04-11T16:00:00Z,12.56000000,12.90000000,12.46000000,12.64000000,789767.64000000
2025-04-12T00:00:00Z,12.64000000,12.80000000,12.47000000,12.78000000,459554.00000000
2025-04-12T08:00:00Z,12.78000000,13.27000000,12.67000000,13.12000000,1294834.84000000
2025-04-12T16:00:00Z,13.12000000,13.29000000,12.96000000,13.15000000,713953.95000000
2025-04-13T00:00:00Z,13.15000000,13.23000000,12.87000000,12.93000000,588362.37000000
2025-04-13T08:00:00Z,12.93000000,13.17000000,12.59000000,12.67000000,1170199.81000000
2025-04-13T16:00:00Z,12.67000000,13.23000000,12.43000000,12.62000000,1395733.90000000
2025-04-14T00:00:00Z,12.63000000,13.16000000,12.57000000,12.74000000,930237.71000000
2025-04-14T08:00:00Z,12.74000000,13.25000000,12.66000000,12.71000000,1175509.55000000
2025-04-14T16:00:00Z,12.72000000,13.02000000,12.57000000,12.63000000,695350.91000000
2025-04-15T00:00:00Z,12.64000000,12.81000000,12.52000000,12.73000000,757938.42000000
2025-04-15T08:00:00Z,12.73000000,12.84000000,12.29000000,12.37000000,1467735.89000000
2025-04-15T16:00:00Z,12.37000000,12.45000000,12.21000000,12.24000000,862872.16000000
2025-04-16T00:00:00Z,12.24000000,12.44000000,12.13000000,12.15000000,664550.07000000
2025-04-16T08:00:00Z,12.15000000,12.53000000,12.04000000,12.32000000,877003.24000000
2025-04-16T16:00:00Z,12.32000000,12.51000000,11.89000000,12.35000000,1355298.52000000
2025-04-17T00:00:00Z,12.35000000,12.70000000,12.30000000,12.61000000,538772.89000000
2025-04-17T08:00:00Z,12.61000000,12.63000000,12.20000000,12.44000000,842397.25000000
2025-04-17T16:00:00Z,12.45000000,12.71000000,12.38000000,12.54000000,874448.63000000
2025-04-18T00:00:00Z,12.54000000,12.69000000,12.40000000,12.64000000,406850.24000000
2025-04-18T08:00:00Z,12.64000000,12.72000000,12.46000000,12.51000000,502314.00000000
2025-04-18T16:00:00Z,12.51000000,12.66000000,12.50000000,12.56000000,246066.24000000
2025-04-19T00:00:00Z,12.57000000,12.89000000,12.53000000,12.86000000,441124.29000000
2025-04-19T08:00:00Z,12.87000000,12.93000000,12.71000000,12.75000000,347281.96000000
2025-04-19T16:00:00Z,12.75000000,13.06000000,12.70000000,12.94000000,399997.82000000
2025-04-20T00:00:00Z,12.93000000,13.10000000,12.88000000,12.97000000,427612.48000000
2025-04-20T08:00:00Z,12.98000000,13.21000000,12.87000000,13.10000000,911016.46000000
2025-04-20T16:00:00Z,13.10000000,13.60000000,13.05000000,13.28000000,938937.20000000
2025-04-21T00:00:00Z,13.29000000,13.66000000,13.25000000,13.64000000,1012389.51000000
2025-04-21T08:00:00Z,13.65000000,13.70000000,13.32000000,13.36000000,925916.14000000
2025-04-21T16:00:00Z,13.37000000,13.39000000,12.96000000,13.11000000,685093.09000000
2025-04-22T00:00:00Z,13.10000000,13.34000000,12.88000000,13.29000000,797825.90000000
2025-04-22T08:00:00Z,13.29000000,14.09000000,13.24000000,13.86000000,1887217.72000000
2025-04-22T16:00:00Z,13.86000000,14.18000000,13.72000000,14.13000000,1187438.94000000
2025-04-23T00:00:00Z,14.13000000,14.77000000,14.01000000,14.74000000,1399416.22000000
2025-04-23T08:00:00Z,14.75000000,15.28000000,14.58000000,14.85000000,2336567.66000000
2025-04-23T16:00:00Z,14.85000000,15.15000000,14.71000000,15.02000000,743497.52000000
2025-04-24T00:00:00Z,15.02000000,15.12000000,14.27000000,14.32000000,1116938.06000000
2025-04-24T08:00:00Z,14.33000000,15.15000000,14.15000000,14.88000000,1342999.87000000
2025-04-24T16:00:00Z,14.87000000,15.11000000,14.71000000,15.06000000,803388.67000000
2025-04-25T00:00:00Z,15.06000000,15.29000000,14.71000000,15.12000000,1115254.16000000
2025-04-25T08:00:00Z,15.11000000,15.36000000,14.81000000,15.19000000,1964254.32000000
2025-04-25T16:00:00Z,15.20000000,15.25000000,14.88000000,14.92000000,711269.43000000
2025-04-26T00:00:00Z,14.92000000,15.28000000,14.91000000,15.09000000,707648.41000000
2025-04-26T08:00:00Z,15.09000000,15.26000000,14.67000000,14.92000000,1005815.24000000
2025-04-26T16:00:00Z,14.92000000,14.97000000,14.79000000,14.86000000,414260.63000000
2025-04-27T00:00:00Z,14.87000000,15.10000000,14.42000000,14.56000000,1065580.80000000
2025-04-27T08:00:00Z,14.56000000,14.67000000,14.37000000,14.47000000,743171.93000000
2025-04-27T16:00:00Z,14.47000000,14.82000000,14.39000000,14.56000000,647870.00000000
2025-04-28T00:00:00Z,14.56000000,15.04000000,14.24000000,15.01000000,1182856.30000000
2025-04-28T08:00:00Z,15.02000000,15.11000000,14.45000000,14.55000000,1087454.30000000
2025-04-28T16:00:00Z,14.55000000,15.11000000,14.41000000,15.03000000,779030.30000000
2025-04-29T00:00:00Z,15.03000000,15.24000000,14.84000000,15.17000000,818630.48000000
2025-04-29T08:00:00Z,15.16000000,15.23000000,14.84000000,14.91000000,833482.13000000
2025-04-29T16:00:00Z,14.90000000,15.02000000,14.47000000,14.60000000,521083.56000000
2025-04-30T00:00:00Z,14.61000000,14.76000000,14.46000000,14.54000000,439156.85000000
2025-04-30T08:00:00Z,14.53000000,14.67000000,13.83000000,14.13000000,1154211.57000000
2025-04-30T16:00:00Z,14.13000000,14.43000000,13.99000000,14.30000000,534220.22000000
2025-05-01T00:00:00Z,14.30000000,14.75000000,14.30000000,14.72000000,526654.92000000
2025-05-01T08:00:00Z,14.72000000,15.04000000,14.70000000,14.86000000,1475685.76000000
2025-05-01T16:00:00Z,14.86000000,15.02000000,14.73000000,14.74000000,950363.80000000
2025-05-02T00:00:00Z,14.74000000,15.03000000,14.55000000,14.56000000,889610.04000000
2025-05-02T08:00:00Z,14.56000000,14.88000000,14.49000000,14.79000000,1197382.32000000
2025-05-02T16:00:00Z,14.79000000,15.02000000,14.57000000,14.65000000,714956.21000000
2025-05-03T00:00:00Z,14.65000000,14.67000000,14.36000000,14.39000000,539320.12000000
2025-05-03T08:00:00Z,14.39000000,14.53000000,14.28000000,14.42000000,600405.20000000
2025-05-03T16:00:00Z,14.42000000,14.45000000,14.16000000,14.24000000,649125.42000000
2025-05-04T00:00:00Z,14.24000000,14.37000000,14.07000000,14.12000000,521858.81000000
2025-05-04T08:00:00Z,14.13000000,14.18000000,13.97000000,14.10000000,514226.38000000
2025-05-04T16:00:00Z,14.10000000,14.19000000,13.81000000,13.86000000,543344.71000000
2025-05-05T00:00:00Z,13.86000000,14.20000000,13.77000000,14.12000000,643455.74000000
2025-05-05T08:00:00Z,14.12000000,14.15000000,13.52000000,13.56000000,1268313.35000000
2025-05-05T16:00:00Z,13.57000000,13.82000000,13.48000000,13.65000000,536630.26000000
2025-05-06T00:00:00Z,13.65000000,13.68000000,13.40000000,13.52000000,475499.59000000
2025-05-06T08:00:00Z,13.52000000,13.53000000,13.20000000,13.39000000,815936.09000000
2025-05-06T16:00:00Z,13.39000000,13.89000000,13.32000000,13.82000000,875476.38000000
2025-05-07T00:00:00Z,13.82000000,14.09000000,13.71000000,13.93000000,748261.73000000
2025-05-07T08:00:00Z,13.93000000,13.99000000,13.57000000,13.59000000,529812.40000000
2025-05-07T16:00:00Z,13.60000000,13.92000000,13.46000000,13.82000000,595263.19000000
2025-05-08T00:00:00Z,13.81000000,14.74000000,13.81000000,14.69000000,1367427.53000000
2025-05-08T08:00:00Z,14.69000000,15.43000000,14.67000000,15.23000000,1909417.49000000
2025-05-08T16:00:00Z,15.23000000,15.99000000,15.17000000,15.88000000,2399193.19000000
2025-05-09T00:00:00Z,15.89000000,16.29000000,15.58000000,16.11000000,2150225.47000000
2025-05-09T08:00:00Z,16.11000000,16.73000000,15.76000000,15.96000000,3578796.67000000
2025-05-09T16:00:00Z,15.97000000,16.20000000,15.74000000,16.01000000,1173667.58000000
2025-05-10T00:00:00Z,16.01000000,16.42000000,15.86000000,16.36000000,1440219.52000000
2025-05-10T08:00:00Z,16.35000000,16.51000000,16.03000000,16.42000000,1615507.39000000
2025-05-10T16:00:00Z,16.43000000,17.47000000,16.40000000,17.34000000,2174609.22000000
2025-05-11T00:00:00Z,17.34000000,17.42000000,16.30000000,16.45000000,1989835.67000000
2025-05-11T08:00:00Z,16.46000000,16.84000000,16.38000000,16.61000000,1519566.61000000
2025-05-11T16:00:00Z,16.62000000,17.16000000,16.43000000,17.10000000,1315250.50000000
2025-05-12T00:00:00Z,17.10000000,17.98000000,16.79000000,17.51000000,1868672.82000000
2025-05-12T08:00:00Z,17.51000000,17.64000000,16.69000000,16.84000000,2489183.22000000
2025-05-12T16:00:00Z,16.83000000,17.03000000,16.03000000,16.74000000,2127980.94000000
2025-05-13T00:00:00Z,16.74000000,16.74000000,16.03000000,16.41000000,1282526.65000000
2025-05-13T08:00:00Z,16.42000000,16.90000000,16.36000000,16.87000000,1705445.02000000
2025-05-13T16:00:00Z,16.87000000,17.81000000,16.83000000,17.39000000,2152793.75000000
2025-05-14T00:00:00Z,17.40000000,17.53000000,17.06000000,17.19000000,1284066.54000000
2025-05-14T08:00:00Z,17.19000000,17.27000000,16.77000000,17.01000000,1569620.73000000
2025-05-14T16:00:00Z,17.00000000,17.12000000,16.67000000,17.01000000,885469.60000000
2025-05-15T00:00:00Z,17.02000000,17.21000000,16.18000000,16.20000000,1050395.24000000
2025-05-15T08:00:00Z,16.21000000,16.56000000,15.85000000,16.45000000,1789839.58000000
2025-05-15T16:00:00Z,16.44000000,16.72000000,15.69000000,16.04000000,1759405.50000000
2025-05-16T00:00:00Z,16.04000000,16.50000000,15.92000000,16.35000000,1130428.34000000
2025-05-16T08:00:00Z,16.35000000,16.54000000,16.03000000,16.25000000,1064145.23000000
2025-05-16T16:00:00Z,16.26000000,16.34000000,15.61000000,15.76000000,842754.12000000
2025-05-17T00:00:00Z,15.76000000,15.79000000,15.24000000,15.40000000,954821.82000000
2025-05-17T08:00:00Z,15.41000000,15.48000000,15.12000000,15.30000000,759022.13000000
2025-05-17T16:00:00Z,15.30000000,15.49000000,15.07000000,15.32000000,920724.88000000
2025-05-18T00:00:00Z,15.33000000,15.75000000,15.26000000,15.73000000,777375.09000000
2025-05-18T08:00:00Z,15.73000000,16.36000000,15.55000000,16.35000000,1060621.49000000
2025-05-18T16:00:00Z,16.35000000,16.40000000,14.88000000,15.88000000,2448882.29000000
2025-05-19T00:00:00Z,15.88000000,16.01000000,14.84000000,15.18000000,1362539.35000000
2025-05-19T08:00:00Z,15.19000000,15.51000000,15.01000000,15.47000000,1173406.65000000
2025-05-19T16:00:00Z,15.47000000,15.92000000,15.35000000,15.78000000,1794873.39000000
2025-05-20T00:00:00Z,15.79000000,16.42000000,15.66000000,15.95000000,1830239.82000000
2025-05-20T08:00:00Z,15.94000000,16.04000000,15.42000000,15.54000000,1416254.90000000
2025-05-20T16:00:00Z,15.53000000,15.82000000,15.24000000,15.71000000,1142774.38000000
2025-05-21T00:00:00Z,15.71000000,16.09000000,15.52000000,15.84000000,1415709.64000000
2025-05-21T08:00:00Z,15.85000000,16.25000000,15.57000000,16.11000000,2118709.68000000
2025-05-21T16:00:00Z,16.12000000,16.49000000,15.54000000,16.10000000,2559042.75000000
2025-05-22T00:00:00Z,16.10000000,16.52000000,16.04000000,16.42000000,1375743.51000000
2025-05-22T08:00:00Z,16.41000000,16.90000000,16.38000000,16.80000000,2134217.28000000
2025-05-22T16:00:00Z,16.81000000,16.91000000,16.53000000,16.74000000,1032923.57000000
2025-05-23T00:00:00Z,16.74000000,17.16000000,16.56000000,16.67000000,1803572.68000000
2025-05-23T08:00:00Z,16.68000000,17.12000000,15.78000000,16.20000000,3079198.44000000
2025-05-23T16:00:00Z,16.20000000,16.38000000,15.42000000,15.53000000,1307861.67000000
2025-05-24T00:00:00Z,15.53000000,15.88000000,15.44000000,15.68000000,1019463.30000000
2025-05-24T08:00:00Z,15.69000000,15.91000000,15.58000000,15.65000000,820377.67000000
2025-05-24T16:00:00Z,15.65000000,15.69000000,15.24000000,15.34000000,761898.57000000
2025-05-25T00:00:00Z,15.34000000,15.51000000,15.11000000,15.29000000,712141.61000000
2025-05-25T08:00:00Z,15.30000000,15.31000000,14.86000000,15.03000000,878532.79000000
2025-05-25T16:00:00Z,15.02000000,15.56000000,14.88000000,15.54000000,645443.28000000
2025-05-26T00:00:00Z,15.54000000,15.94000000,15.49000000,15.93000000,693614.95000000
2025-05-26T08:00:00Z,15.93000000,15.96000000,15.42000000,15.77000000,827667.79000000
2025-05-26T16:00:00Z,15.77000000,15.83000000,15.40000000,15.54000000,622354.50000000
2025-05-27T00:00:00Z,15.54000000,15.90000000,15.15000000,15.84000000,953291.42000000
2025-05-27T08:00:00Z,15.85000000,16.11000000,15.72000000,16.00000000,1017977.68000000
2025-05-27T16:00:00Z,16.00000000,16.13000000,15.78000000,15.91000000,542181.12000000
2025-05-28T00:00:00Z,15.91000000,16.16000000,15.71000000,15.87000000,527479.94000000
2025-05-28T08:00:00Z,15.88000000,16.10000000,15.43000000,15.45000000,1026826.91000000
2025-05-28T16:00:00Z,15.45000000,15.77000000,15.31000000,15.69000000,732978.57000000
2025-05-29T00:00:00Z,15.69000000,16.19000000,15.58000000,15.79000000,1406005.61000000
2025-05-29T08:00:00Z,15.80000000,15.93000000,15.31000000,15.36000000,1077686.95000000
2025-05-29T16:00:00Z,15.35000000,15.49000000,15.00000000,15.05000000,986736.13000000
2025-05-30T00:00:00Z,15.05000000,15.12000000,14.19000000,14.49000000,2899824.05000000
2025-05-30T08:00:00Z,14.50000000,14.60000000,14.23000000,14.25000000,1591702.41000000
2025-05-30T16:00:00Z,14.25000000,14.35000000,13.76000000,13.90000000,1614570.29000000
2025-05-31T00:00:00Z,13.89000000,13.94000000,13.39000000,13.71000000,1726270.78000000
2025-05-31T08:00:00Z,13.71000000,14.02000000,13.62000000,13.87000000,816358.62000000
2025-05-31T16:00:00Z,13.88000000,14.19000000,13.83000000,13.97000000,699248.17000000
2025-06-01T00:00:00Z,13.97000000,14.00000000,13.75000000,13.87000000,461981.90000000
2025-06-01T08:00:00Z,13.87000000,13.97000000,13.58000000,13.95000000,631511.17000000
2025-06-01T16:00:00Z,13.94000000,14.13000000,13.78000000,14.06000000,579944.35000000
2025-06-02T00:00:00Z,14.06000000,14.09000000,13.78000000,13.89000000,352159.17000000
2025-06-02T08:00:00Z,13.89000000,13.97000000,13.63000000,13.71000000,702744.77000000
2025-06-02T16:00:00Z,13.71000000,14.12000000,13.59000000,14.07000000,748766.54000000
2025-06-03T00:00:00Z,14.08000000,14.45000000,14.03000000,14.13000000,925746.57000000
2025-06-03T08:00:00Z,14.13000000,14.45000000,14.00000000,14.33000000,978219.55000000
2025-06-03T16:00:00Z,14.33000000,14.41000000,13.98000000,14.11000000,493404.55000000
2025-06-04T00:00:00Z,14.12000000,14.41000000,14.05000000,14.28000000,447370.33000000
2025-06-04T08:00:00Z,14.29000000,14.48000000,13.96000000,14.18000000,712618.89000000
2025-06-04T16:00:00Z,14.17000000,14.18000000,13.70000000,13.83000000,538221.15000000
2025-06-05T00:00:00Z,13.84000000,13.96000000,13.71000000,13.74000000,654613.18000000
2025-06-05T08:00:00Z,13.75000000,14.04000000,13.52000000,13.72000000,973596.35000000
2025-06-05T16:00:00Z,13.71000000,13.73000000,12.64000000,12.89000000,2696982.26000000
2025-06-06T00:00:00Z,12.89000000,13.27000000,12.82000000,13.18000000,699885.29000000
2025-06-06T08:00:00Z,13.18000000,13.69000000,13.15000000,13.54000000,1575651.77000000
2025-06-06T16:00:00Z,13.53000000,13.62000000,13.41000000,13.56000000,616717.74000000
2025-06-07T00:00:00Z,13.57000000,14.07000000,13.48000000,14.02000000,642071.39000000
2025-06-07T08:00:00Z,14.02000000,14.08000000,13.89000000,13.94000000,743612.96000000
2025-06-07T16:00:00Z,13.93000000,13.96000000,13.76000000,13.83000000,411222.74000000
2025-06-08T00:00:00Z,13.82000000,13.86000000,13.72000000,13.74000000,304783.13000000
2025-06-08T08:00:00Z,13.74000000,13.88000000,13.55000000,13.76000000,508226.95000000
2025-06-08T16:00:00Z,13.76000000,13.98000000,13.66000000,13.73000000,488621.25000000
2025-06-09T00:00:00Z,13.73000000,13.80000000,13.54000000,13.67000000,381018.72000000
2025-06-09T08:00:00Z,13.66000000,14.01000000,13.56000000,13.93000000,896310.31000000
2025-06-09T16:00:00Z,13.93000000,14.40000000,13.93000000,14.36000000,862262.14000000
2025-06-10T00:00:00Z,14.36000000,14.63000000,14.32000000,14.48000000,778016.24000000
2025-06-10T08:00:00Z,14.48000000,15.35000000,14.42000000,15.09000000,2123865.20000000
2025-06-10T16:00:00Z,15.09000000,15.53000000,15.04000000,15.45000000,1708365.36000000
2025-06-11T00:00:00Z,15.45000000,15.52000000,15.13000000,15.39000000,761562.47000000
2025-06-11T08:00:00Z,15.39000000,15.66000000,15.07000000,15.61000000,2263082.54000000
2025-06-11T16:00:00Z,15.62000000,15.64000000,14.77000000,14.89000000,1318051.56000000
2025-06-12T00:00:00Z,14.89000000,14.93000000,14.42000000,14.42000000,862558.82000000
2025-06-12T08:00:00Z,14.43000000,14.51000000,14.05000000,14.26000000,1884438.36000000
2025-06-12T16:00:00Z,14.25000000,14.58000000,13.83000000,13.97000000,1210937.60000000
2025-06-13T00:00:00Z,13.98000000,13.99000000,12.75000000,13.24000000,3964864.69000000
2025-06-13T08:00:00Z,13.24000000,13.49000000,13.11000000,13.41000000,1396143.72000000
2025-06-13T16:00:00Z,13.41000000,13.60000000,13.03000000,13.44000000,1168670.91000000
2025-06-14T00:00:00Z,13.45000000,13.46000000,13.13000000,13.21000000,518598.40000000
2025-06-14T08:00:00Z,13.21000000,13.22000000,12.90000000,13.00000000,745375.34000000
2025-06-14T16:00:00Z,13.00000000,13.21000000,12.83000000,13.15000000,585103.55000000
2025-06-15T00:00:00Z,13.16000000,13.33000000,13.11000000,13.16000000,345419.43000000
2025-06-15T08:00:00Z,13.16000000,13.31000000,13.02000000,13.17000000,543276.83000000
2025-06-15T16:00:00Z,13.18000000,13.32000000,13.00000000,13.30000000,569258.09000000
2025-06-16T00:00:00Z,13.30000000,13.74000000,13.17000000,13.68000000,714493.95000000
2025-06-16T08:00:00Z,13.68000000,13.90000000,13.55000000,13.80000000,719820.90000000
2025-06-16T16:00:00Z,13.80000000,14.17000000,13.52000000,13.56000000,1324233.91000000
2025-06-17T00:00:00Z,13.57000000,13.79000000,13.31000000,13.50000000,1708719.03000000
2025-06-17T08:00:00Z,13.50000000,13.52000000,12.93000000,13.06000000,985646.84000000
2025-06-17T16:00:00Z,13.06000000,13.25000000,12.80000000,12.99000000,1032244.32000000
2025-06-18T00:00:00Z,13.00000000,13.23000000,12.97000000,13.09000000,479980.91000000
2025-06-18T08:00:00Z,13.09000000,13.14000000,12.63000000,12.89000000,1112691.67000000
2025-06-18T16:00:00Z,12.90000000,13.15000000,12.69000000,13.11000000,981239.64000000
2025-06-19T00:00:00Z,13.12000000,13.28000000,13.02000000,13.13000000,560102.21000000
2025-06-19T08:00:00Z,13.12000000,13.38000000,12.94000000,12.95000000,722445.35000000
2025-06-19T16:00:00Z,12.95000000,13.17000000,12.91000000,13.07000000,568738.27000000
2025-06-20T00:00:00Z,13.07000000,13.19000000,12.89000000,13.18000000,462007.01000000
2025-06-20T08:00:00Z,13.18000000,13.29000000,12.83000000,12.90000000,828380.58000000
2025-06-20T16:00:00Z,12.90000000,12.92000000,12.30000000,12.51000000,1448208.46000000
2025-06-21T00:00:00Z,12.51000000,12.73000000,12.49000000,12.63000000,315796.69000000
2025-06-21T08:00:00Z,12.64000000,12.75000000,12.39000000,12.50000000,409643.00000000
2025-06-21T16:00:00Z,12.49000000,12.56000000,11.69000000,12.03000000,1880340.46000000
2025-06-22T00:00:00Z,12.03000000,12.20000000,11.83000000,11.97000000,963316.40000000
2025-06-22T08:00:00Z,11.96000000,12.01000000,11.29000000,11.45000000,2977077.44000000
2025-06-22T16:00:00Z,11.44000000,11.67000000,10.94000000,11.65000000,1978395.76000000
2025-06-23T00:00:00Z,11.65000000,11.92000000,11.55000000,11.85000000,779892.99000000
2025-06-23T08:00:00Z,11.85000000,12.10000000,11.68000000,11.76000000,1207085.61000000
2025-06-23T16:00:00Z,11.76000000,12.97000000,11.39000000,12.82000000,2424355.91000000
2025-06-24T00:00:00Z,12.83000000,13.33000000,12.78000000,13.03000000,1186264.64000000
2025-06-24T08:00:00Z,13.03000000,13.43000000,12.93000000,13.35000000,2019393.91000000
2025-06-24T16:00:00Z,13.36000000,13.73000000,13.27000000,13.42000000,982707.91000000
2025-06-25T00:00:00Z,13.42000000,13.51000000,13.25000000,13.46000000,708802.67000000
2025-06-25T08:00:00Z,13.46000000,13.48000000,13.02000000,13.05000000,1226073.57000000
2025-06-25T16:00:00Z,13.06000000,13.31000000,12.99000000,13.13000000,536894.79000000
2025-06-26T00:00:00Z,13.14000000,13.57000000,13.06000000,13.38000000,626380.65000000
2025-06-26T08:00:00Z,13.38000000,13.46000000,12.94000000,13.12000000,776980.40000000
2025-06-26T16:00:00Z,13.11000000,13.28000000,12.88000000,12.94000000,489985.75000000
2025-06-27T00:00:00Z,12.94000000,13.23000000,12.77000000,13.03000000,420891.24000000
2025-06-27T08:00:00Z,13.02000000,13.21000000,12.86000000,13.05000000,589966.63000000
2025-06-27T16:00:00Z,13.05000000,13.19000000,12.73000000,13.05000000,547347.44000000
2025-06-28T00:00:00Z,13.05000000,13.18000000,13.00000000,13.16000000,359758.20000000
2025-06-28T08:00:00Z,13.17000000,13.29000000,13.04000000,13.27000000,332268.89000000
2025-06-28T16:00:00Z,13.28000000,13.45000000,13.22000000,13.39000000,508086.81000000
2025-06-29T00:00:00Z,13.40000000,13.44000000,13.26000000,13.44000000,250755.42000000
2025-06-29T08:00:00Z,13.44000000,13.48000000,13.26000000,13.28000000,384917.73000000
2025-06-29T16:00:00Z,13.29000000,13.88000000,13.24000000,13.70000000,863005.08000000
2025-06-30T00:00:00Z,13.71000000,13.78000000,13.19000000,13.34000000,743231.43000000
2025-06-30T08:00:00Z,13.34000000,13.45000000,13.12000000,13.38000000,1021429.20000000
2025-06-30T16:00:00Z,13.37000000,13.67000000,13.26000000,13.38000000,749345.14000000
2025-07-01T00:00:00Z,13.37000000,13.44000000,13.09000000,13.23000000,443983.97000000
2025-07-01T08:00:00Z,13.22000000,13.27000000,12.94000000,13.00000000,703610.81000000
2025-07-01T16:00:00Z,13.01000000,13.07000000,12.78000000,12.90000000,586468.03000000
2025-07-02T00:00:00Z,12.90000000,13.09000000,12.73000000,13.04000000,642482.05000000
2025-07-02T08:00:00Z,13.04000000,13.38000000,12.99000000,13.36000000,751913.50000000
2025-07-02T16:00:00Z,13.36000000,13.85000000,13.36000000,13.56000000,1869554.91000000
2025-07-03T00:00:00Z,13.55000000,13.91000000,13.43000000,13.88000000,883453.60000000
2025-07-03T08:00:00Z,13.89000000,14.08000000,13.58000000,13.62000000,1638854.46000000
2025-07-03T16:00:00Z,13.61000000,13.80000000,13.60000000,13.67000000,538745.20000000
2025-07-04T00:00:00Z,13.66000000,13.78000000,13.36000000,13.37000000,624149.82000000
2025-07-04T08:00:00Z,13.37000000,13.47000000,13.05000000,13.08000000,1006518.56000000
2025-07-04T16:00:00Z,13.08000000,13.25000000,12.93000000,13.16000000,515296.39000000
2025-07-05T00:00:00Z,13.16000000,13.27000000,13.07000000,13.19000000,303261.24000000
2025-07-05T08:00:00Z,13.19000000,13.26000000,13.10000000,13.12000000,243163.76000000
2025-07-05T16:00:00Z,13.13000000,13.27000000,12.99000000,13.23000000,354101.54000000
2025-07-06T00:00:00Z,13.23000000,13.26000000,13.14000000,13.15000000,230592.60000000
2025-07-06T08:00:00Z,13.15000000,13.50000000,13.10000000,13.43000000,506683.28000000
2025-07-06T16:00:00Z,13.44000000,13.70000000,13.28000000,13.48000000,612279.86000000
2025-07-07T00:00:00Z,13.49000000,13.73000000,13.41000000,13.62000000,663430.32000000
2025-07-07T08:00:00Z,13.62000000,13.69000000,13.45000000,13.53000000,612096.76000000
2025-07-07T16:00:00Z,13.53000000,13.59000000,13.25000000,13.44000000,555181.74000000
2025-07-08T00:00:00Z,13.43000000,13.47000000,13.20000000,13.36000000,425748.60000000
2025-07-08T08:00:00Z,13.35000000,13.69000000,13.25000000,13.50000000,797204.89000000
2025-07-08T16:00:00Z,13.50000000,14.00000000,13.45000000,13.96000000,842008.73000000
2025-07-09T00:00:00Z,13.97000000,14.22000000,13.81000000,14.15000000,886241.51000000
2025-07-09T08:00:00Z,14.14000000,14.19000000,13.90000000,14.01000000,1103580.51000000
2025-07-09T16:00:00Z,14.02000000,14.38000000,13.92000000,14.25000000,1397565.38000000
2025-07-10T00:00:00Z,14.25000000,14.49000000,14.15000000,14.40000000,1147023.81000000
2025-07-10T08:00:00Z,14.40000000,14.48000000,14.22000000,14.34000000,624106.65000000
2025-07-10T16:00:00Z,14.34000000,15.34000000,14.32000000,15.23000000,2018116.22000000
2025-07-11T00:00:00Z,15.24000000,15.61000000,15.01000000,15.27000000,1496730.81000000
2025-07-11T08:00:00Z,15.27000000,15.88000000,15.23000000,15.48000000,2230330.24000000
2025-07-11T16:00:00Z,15.48000000,15.84000000,15.02000000,15.28000000,1353589.81000000
2025-07-12T00:00:00Z,15.29000000,15.48000000,15.04000000,15.24000000,768962.49000000
2025-07-12T08:00:00Z,15.24000000,15.42000000,14.70000000,14.83000000,939434.51000000
2025-07-12T16:00:00Z,14.84000000,15.14000000,14.76000000,15.11000000,352522.92000000
2025-07-13T00:00:00Z,15.11000000,15.37000000,15.04000000,15.36000000,475258.27000000
2025-07-13T08:00:00Z,15.37000000,15.95000000,15.25000000,15.69000000,1349243.42000000
2025-07-13T16:00:00Z,15.70000000,15.92000000,15.47000000,15.66000000,939772.08000000
2025-07-14T00:00:00Z,15.66000000,16.30000000,15.61000000,16.16000000,1511050.06000000
2025-07-14T08:00:00Z,16.16000000,16.47000000,15.82000000,15.98000000,1684527.18000000
2025-07-14T16:00:00Z,15.97000000,16.16000000,15.57000000,15.75000000,1312010.68000000
2025-07-15T00:00:00Z,15.76000000,15.89000000,15.14000000,15.40000000,1493186.22000000
2025-07-15T08:00:00Z,15.41000000,15.73000000,15.18000000,15.57000000,1313360.02000000
2025-07-15T16:00:00Z,15.57000000,16.20000000,15.56000000,16.11000000,1837434.70000000
2025-07-16T00:00:00Z,16.11000000,16.40000000,15.82000000,16.31000000,1057636.53000000
2025-07-16T08:00:00Z,16.31000000,16.84000000,16.31000000,16.61000000,2484263.76000000
2025-07-16T16:00:00Z,16.61000000,17.04000000,16.58000000,16.67000000,1745187.13000000
2025-07-17T00:00:00Z,16.68000000,17.01000000,16.32000000,16.99000000,1264519.97000000
2025-07-17T08:00:00Z,16.98000000,17.32000000,16.79000000,17.15000000,1808775.72000000
2025-07-17T16:00:00Z,17.14000000,18.10000000,16.77000000,18.00000000,2831368.10000000
2025-07-18T00:00:00Z,18.00000000,19.17000000,17.85000000,18.50000000,4202944.28000000
2025-07-18T08:00:00Z,18.51000000,18.80000000,17.73000000,17.92000000,3027741.64000000
2025-07-18T16:00:00Z,17.92000000,18.15000000,17.32000000,17.83000000,1943432.22000000
2025-07-19T00:00:00Z,17.83000000,18.34000000,17.53000000,17.95000000,1136190.32000000
2025-07-19T08:00:00Z,17.96000000,18.01000000,17.59000000,17.93000000,901007.65000000
2025-07-19T16:00:00Z,17.93000000,18.55000000,17.85000000,18.39000000,1613437.58000000
2025-07-20T00:00:00Z,18.40000000,18.97000000,18.32000000,18.81000000,1282529.07000000
2025-07-20T08:00:00Z,18.82000000,20.01000000,18.81000000,19.71000000,3356232.83000000
2025-07-20T16:00:00Z,19.72000000,19.80000000,18.88000000,19.27000000,2272832.54000000
2025-07-21T00:00:00Z,19.28000000,19.94000000,18.98000000,19.74000000,1409650.00000000
2025-07-21T08:00:00Z,19.74000000,20.28000000,19.58000000,19.79000000,2534174.30000000
2025-07-21T16:00:00Z,19.79000000,19.85000000,19.17000000,19.50000000,1675625.88000000
2025-07-22T00:00:00Z,19.49000000,19.99000000,18.84000000,19.06000000,2383449.43000000
2025-07-22T08:00:00Z,19.06000000,19.48000000,18.63000000,19.35000000,2340401.66000000
2025-07-22T16:00:00Z,19.35000000,19.69000000,18.97000000,19.66000000,1131429.67000000
2025-07-23T00:00:00Z,19.66000000,19.76000000,19.00000000,19.14000000,973058.12000000
2025-07-23T08:00:00Z,19.15000000,19.26000000,17.84000000,18.50000000,2266478.46000000
2025-07-23T16:00:00Z,18.50000000,18.50000000,17.55000000,18.18000000,1770541.60000000
2025-07-24T00:00:00Z,18.18000000,18.50000000,17.15000000,17.73000000,1830313.64000000
2025-07-24T08:00:00Z,17.73000000,18.69000000,17.57000000,18.47000000,1806942.47000000
2025-07-24T16:00:00Z,18.47000000,18.59000000,17.85000000,17.91000000,845909.58000000
2025-07-25T00:00:00Z,17.92000000,17.92000000,17.23000000,17.50000000,1472356.04000000
2025-07-25T08:00:00Z,17.50000000,18.49000000,17.41000000,17.61000000,1508701.71000000
2025-07-25T16:00:00Z,17.61000000,18.43000000,17.45000000,18.28000000,1051371.86000000
2025-07-26T00:00:00Z,18.29000000,18.46000000,18.18000000,18.22000000,543072.99000000
2025-07-26T08:00:00Z,18.23000000,18.49000000,18.16000000,18.40000000,696167.49000000
2025-07-26T16:00:00Z,18.39000000,18.64000000,18.22000000,18.41000000,810114.42000000
2025-07-27T00:00:00Z,18.41000000,19.07000000,18.35000000,18.78000000,846801.02000000
2025-07-27T08:00:00Z,18.79000000,19.01000000,18.55000000,18.85000000,926268.68000000
2025-07-27T16:00:00Z,18.85000000,19.30000000,18.85000000,19.24000000,1165290.01000000
2025-07-28T00:00:00Z,19.24000000,19.56000000,18.92000000,19.29000000,1098390.72000000
2025-07-28T08:00:00Z,19.29000000,19.35000000,18.28000000,18.39000000,1474295.22000000
2025-07-28T16:00:00Z,18.40000000,18.51000000,17.97000000,18.12000000,1164031.09000000
2025-07-29T00:00:00Z,18.11000000,18.60000000,17.87000000,18.58000000,1206893.83000000
2025-07-29T08:00:00Z,18.58000000,18.64000000,17.60000000,17.68000000,1336763.99000000
2025-07-29T16:00:00Z,17.69000000,17.92000000,17.47000000,17.83000000,1258874.75000000
2025-07-30T00:00:00Z,17.84000000,17.95000000,17.61000000,17.70000000,723412.55000000
2025-07-30T08:00:00Z,17.70000000,17.82000000,17.20000000,17.59000000,1134046.56000000
2025-07-30T16:00:00Z,17.60000000,17.79000000,16.77000000,17.71000000,1802394.78000000
2025-07-31T00:00:00Z,17.72000000,18.12000000,17.64000000,18.03000000,743465.15000000
2025-07-31T08:00:00Z,18.03000000,18.24000000,17.30000000,17.53000000,1124251.46000000
2025-07-31T16:00:00Z,17.52000000,17.86000000,16.84000000,16.92000000,1648986.81000000
2025-08-01T00:00:00Z,16.93000000,17.03000000,16.44000000,16.64000000,1983111.37000000
2025-08-01T08:00:00Z,16.63000000,16.80000000,16.16000000,16.64000000,2050067.46000000
2025-08-01T16:00:00Z,16.63000000,16.75000000,15.67000000,16.07000000,2577367.47000000
2025-08-02T00:00:00Z,16.07000000,16.27000000,15.78000000,16.14000000,1135502.77000000
2025-08-02T08:00:00Z,16.14000000,16.18000000,15.73000000,15.79000000,760854.15000000
2025-08-02T16:00:00Z,15.79000000,15.93000000,15.43000000,15.65000000,1127037.37000000
2025-08-03T00:00:00Z,15.64000000,16.03000000,15.44000000,16.02000000,566995.62000000
2025-08-03T08:00:00Z,16.02000000,16.24000000,16.00000000,16.23000000,565819.59000000
2025-08-03T16:00:00Z,16.23000000,16.40000000,16.18000000,16.30000000,447025.06000000
2025-08-04T00:00:00Z,16.30000000,16.67000000,16.27000000,16.63000000,600611.47000000
2025-08-04T08:00:00Z,16.63000000,16.96000000,16.54000000,16.93000000,1208017.08000000
2025-08-04T16:00:00Z,16.92000000,17.20000000,16.81000000,17.11000000,893308.27000000
2025-08-05T00:00:00Z,17.12000000,17.12000000,16.44000000,16.51000000,791964.80000000
2025-08-05T08:00:00Z,16.50000000,16.98000000,16.20000000,16.27000000,1787230.61000000
2025-08-05T16:00:00Z,16.26000000,16.45000000,16.08000000,16.38000000,466970.07000000
2025-08-06T00:00:00Z,16.39000000,16.53000000,16.03000000,16.52000000,508912.49000000
2025-08-06T08:00:00Z,16.51000000,16.81000000,16.24000000,16.77000000,757556.02000000
2025-08-06T16:00:00Z,16.78000000,16.91000000,16.61000000,16.67000000,577561.16000000
2025-08-07T00:00:00Z,16.67000000,16.85000000,16.57000000,16.83000000,774292.38000000
2025-08-07T08:00:00Z,16.83000000,18.11000000,16.81000000,17.84000000,2903205.27000000
2025-08-07T16:00:00Z,17.84000000,18.50000000,17.62000000,18.48000000,1894252.95000000
2025-08-08T00:00:00Z,18.47000000,19.43000000,18.08000000,19.33000000,3675146.00000000
2025-08-08T08:00:00Z,19.33000000,19.92000000,19.06000000,19.21000000,2394439.92000000
2025-08-08T16:00:00Z,19.21000000,19.98000000,19.07000000,19.89000000,1593974.71000000
2025-08-09T00:00:00Z,19.89000000,21.47000000,19.78000000,20.80000000,3706442.50000000
2025-08-09T08:00:00Z,20.80000000,21.42000000,20.70000000,21.07000000,2079918.88000000
2025-08-09T16:00:00Z,21.07000000,21.99000000,21.06000000,21.94000000,1777053.59000000
2025-08-10T00:00:00Z,21.95000000,22.70000000,21.24000000,21.89000000,3617071.69000000
2025-08-10T08:00:00Z,21.89000000,22.54000000,21.15000000,22.49000000,3182305.87000000
2025-08-10T16:00:00Z,22.50000000,22.67000000,21.78000000,22.06000000,1856195.00000000
2025-08-11T00:00:00Z,22.07000000,22.61000000,21.81000000,21.95000000,2469511.75000000
2025-08-11T08:00:00Z,21.96000000,22.08000000,21.19000000,21.97000000,2919556.38000000
2025-08-11T16:00:00Z,21.96000000,22.26000000,20.84000000,21.07000000,1706656.16000000
2025-08-12T00:00:00Z,21.07000000,21.74000000,21.04000000,21.49000000,1593314.65000000
2025-08-12T08:00:00Z,21.48000000,24.11000000,21.00000000,24.02000000,6487467.12000000
2025-08-12T16:00:00Z,24.03000000,24.20000000,23.11000000,23.60000000,3293800.52000000
2025-08-13T00:00:00Z,23.60000000,24.74000000,23.23000000,23.41000000,5183273.61000000
2025-08-13T08:00:00Z,23.41000000,24.37000000,23.31000000,23.61000000,4286724.95000000
2025-08-13T16:00:00Z,23.62000000,24.17000000,23.49000000,23.98000000,1765491.49000000
2025-08-14T00:00:00Z,23.98000000,24.31000000,23.41000000,23.53000000,2687633.48000000
2025-08-14T08:00:00Z,23.53000000,23.81000000,21.51000000,22.76000000,6149313.71000000
2025-08-14T16:00:00Z,22.77000000,22.80000000,21.84000000,22.46000000,2001313.56000000
2025-08-15T00:00:00Z,22.45000000,23.04000000,22.17000000,22.58000000,1484223.32000000
2025-08-15T08:00:00Z,22.58000000,22.67000000,21.42000000,21.58000000,2688781.46000000
2025-08-15T16:00:00Z,21.58000000,22.04000000,21.36000000,21.76000000,1329253.78000000
2025-08-16T00:00:00Z,21.75000000,22.15000000,21.51000000,22.05000000,1008458.87000000
2025-08-16T08:00:00Z,22.05000000,22.17000000,21.39000000,22.01000000,1972672.62000000
2025-08-16T16:00:00Z,22.00000000,22.97000000,21.94000000,22.64000000,1866771.72000000
2025-08-17T00:00:00Z,22.64000000,24.55000000,22.36000000,24.29000000,3207648.52000000
2025-08-17T08:00:00Z,24.29000000,26.31000000,24.16000000,26.29000000,4533444.52000000
2025-08-17T16:00:00Z,26.29000000,26.33000000,25.31000000,25.64000000,3866149.32000000
2025-08-18T00:00:00Z,25.64000000,26.50000000,24.29000000,24.71000000,6302019.16000000
2025-08-18T08:00:00Z,24.70000000,25.95000000,24.37000000,25.38000000,5377456.10000000
2025-08-18T16:00:00Z,25.37000000,26.76000000,24.80000000,25.78000000,4326017.14000000
2025-08-19T00:00:00Z,25.79000000,25.81000000,23.89000000,24.30000000,4394574.60000000
2025-08-19T08:00:00Z,24.30000000,24.95000000,23.87000000,24.27000000,4611393.80000000
2025-08-19T16:00:00Z,24.28000000,24.52000000,23.42000000,23.56000000,3451053.81000000
2025-08-20T00:00:00Z,23.56000000,24.85000000,23.36000000,24.43000000,3385032.40000000
2025-08-20T08:00:00Z,24.43000000,26.47000000,24.35000000,25.95000000,6780618.60000000
2025-08-20T16:00:00Z,25.95000000,26.89000000,25.44000000,26.45000000,4414652.40000000
2025-08-21T00:00:00Z,26.45000000,26.60000000,25.49000000,25.71000000,2649106.78000000
2025-08-21T08:00:00Z,25.71000000,26.39000000,24.98000000,25.09000000,3914564.65000000
2025-08-21T16:00:00Z,25.09000000,25.26000000,24.63000000,24.82000000,2016055.00000000
2025-08-22T00:00:00Z,24.82000000,25.24000000,24.52000000,25.04000000,2050950.53000000
2025-08-22T08:00:00Z,25.04000000,26.75000000,24.09000000,26.47000000,9511550.50000000
2025-08-22T16:00:00Z,26.46000000,27.87000000,26.46000000,26.79000000,5828619.79000000
2025-08-23T00:00:00Z,26.80000000,26.83000000,25.73000000,25.88000000,2775435.79000000
2025-08-23T08:00:00Z,25.87000000,26.22000000,25.52000000,26.00000000,2539677.06000000
2025-08-23T16:00:00Z,26.01000000,26.38000000,25.83000000,26.28000000,1027632.21000000
2025-08-24T00:00:00Z,26.28000000,26.33000000,25.55000000,25.60000000,1499360.72000000
2025-08-24T08:00:00Z,25.60000000,25.88000000,25.27000000,25.56000000,1551026.46000000
2025-08-24T16:00:00Z,25.56000000,26.62000000,25.21000000,25.82000000,4386986.49000000
2025-08-25T00:00:00Z,25.82000000,26.46000000,24.82000000,24.97000000,3205614.84000000
2025-08-25T08:00:00Z,24.98000000,25.17000000,24.24000000,24.41000000,3251467.36000000
2025-08-25T16:00:00Z,24.42000000,24.81000000,23.08000000,23.38000000,3624967.16000000
2025-08-26T00:00:00Z,23.38000000,23.63000000,22.88000000,23.15000000,2081529.02000000
2025-08-26T08:00:00Z,23.15000000,24.53000000,22.90000000,24.17000000,4196648.27000000
2025-08-26T16:00:00Z,24.17000000,24.76000000,23.94000000,24.38000000,1741273.53000000
2025-08-27T00:00:00Z,24.37000000,24.69000000,24.00000000,24.17000000,2098521.25000000
2025-08-27T08:00:00Z,24.17000000,24.67000000,23.97000000,24.29000000,2116178.85000000
2025-08-27T16:00:00Z,24.29000000,24.58000000,23.58000000,23.78000000,3014959.56000000
2025-08-28T00:00:00Z,23.78000000,24.37000000,23.56000000,24.21000000,1613513.53000000
2025-08-28T08:00:00Z,24.22000000,26.03000000,23.59000000,24.80000000,8555333.85000000
2025-08-28T16:00:00Z,24.79000000,25.41000000,24.42000000,25.18000000,2703571.51000000
2025-08-29T00:00:00Z,25.18000000,25.23000000,23.17000000,23.55000000,3970301.30000000
2025-08-29T08:00:00Z,23.55000000,24.13000000,23.11000000,23.44000000,4357185.59000000
2025-08-29T16:00:00Z,23.45000000,23.61000000,23.12000000,23.43000000,1312884.03000000
2025-08-30T00:00:00Z,23.43000000,23.52000000,22.83000000,23.36000000,1536151.95000000
2025-08-30T08:00:00Z,23.37000000,23.50000000,22.96000000,23.41000000,807184.33000000
2025-08-30T16:00:00Z,23.41000000,23.51000000,23.27000000,23.51000000,416553.26000000
2025-08-31T00:00:00Z,23.51000000,23.96000000,23.41000000,23.73000000,1365697.62000000
2025-08-31T08:00:00Z,23.73000000,24.06000000,23.55000000,23.77000000,1168426.34000000
2025-08-31T16:00:00Z,23.78000000,23.88000000,23.18000000,23.20000000,1687425.10000000
2025-09-01T00:00:00Z,23.20000000,23.64000000,22.71000000,23.59000000,3166243.95000000
2025-09-01T08:00:00Z,23.60000000,23.87000000,22.73000000,22.79000000,1929400.62000000
2025-09-01T16:00:00Z,22.80000000,22.85000000,22.09000000,22.51000000,1826953.80000000
2025-09-02T00:00:00Z,22.52000000,23.53000000,22.34000000,23.24000000,1593834.42000000
2025-09-02T08:00:00Z,23.23000000,23.54000000,22.65000000,22.85000000,2663117.47000000
2025-09-02T16:00:00Z,22.85000000,23.60000000,22.79000000,23.49000000,1314046.76000000
2025-09-03T00:00:00Z,23.49000000,23.61000000,23.21000000,23.28000000,1248495.62000000
2025-09-03T08:00:00Z,23.28000000,23.83000000,23.22000000,23.82000000,1461655.31000000
2025-09-03T16:00:00Z,23.82000000,23.91000000,23.61000000,23.69000000,984144.44000000
2025-09-04T00:00:00Z,23.69000000,23.97000000,23.14000000,23.27000000,930223.94000000
2025-09-04T08:00:00Z,23.27000000,23.44000000,22.46000000,22.47000000,1591319.11000000
2025-09-04T16:00:00Z,22.47000000,22.63000000,22.18000000,22.32000000,1426310.31000000
2025-09-05T00:00:00Z,22.32000000,23.11000000,22.26000000,23.08000000,1390292.45000000
2025-09-05T08:00:00Z,23.07000000,23.24000000,22.09000000,22.23000000,3865528.36000000
2025-09-05T16:00:00Z,22.23000000,22.55000000,22.04000000,22.28000000,1471567.89000000
2025-09-06T00:00:00Z,22.28000000,22.52000000,22.13000000,22.22000000,748823.06000000
2025-09-06T08:00:00Z,22.21000000,22.33000000,22.03000000,22.07000000,953558.88000000
2025-09-06T16:00:00Z,22.06000000,22.29000000,21.87000000,22.19000000,785072.77000000
2025-09-07T00:00:00Z,22.20000000,22.47000000,22.18000000,22.30000000,496494.85000000
2025-09-07T08:00:00Z,22.30000000,22.47000000,22.13000000,22.40000000,924579.07000000
2025-09-07T16:00:00Z,22.41000000,22.61000000,22.12000000,22.47000000,470272.15000000
2025-09-08T00:00:00Z,22.47000000,22.80000000,22.23000000,22.40000000,857731.86000000
2025-09-08T08:00:00Z,22.40000000,23.30000000,22.36000000,23.22000000,2035340.11000000
2025-09-08T16:00:00Z,23.21000000,23.31000000,22.84000000,23.04000000,874473.98000000
2025-09-09T00:00:00Z,23.04000000,23.78000000,22.86000000,23.67000000,1808729.71000000
2025-09-09T08:00:00Z,23.68000000,23.82000000,22.83000000,22.94000000,2057393.97000000
2025-09-09T16:00:00Z,22.93000000,23.20000000,22.84000000,23.05000000,766917.94000000
2025-09-10T00:00:00Z,23.05000000,23.67000000,22.89000000,23.44000000,999296.25000000
2025-09-10T08:00:00Z,23.45000000,23.93000000,23.28000000,23.68000000,1549109.99000000
2025-09-10T16:00:00Z,23.67000000,23.70000000,23.20000000,23.57000000,754346.93000000
2025-09-11T00:00:00Z,23.57000000,23.90000000,23.43000000,23.83000000,694808.67000000
2025-09-11T08:00:00Z,23.82000000,24.27000000,23.31000000,23.52000000,2058059.85000000
2025-09-11T16:00:00Z,23.52000000,24.50000000,23.51000000,24.47000000,1272995.04000000
2025-09-12T00:00:00Z,24.47000000,24.83000000,24.36000000,24.53000000,1444750.92000000
2025-09-12T08:00:00Z,24.54000000,24.67000000,24.16000000,24.49000000,1540223.43000000
2025-09-12T16:00:00Z,24.49000000,25.33000000,24.42000000,25.13000000,1660744.35000000
2025-09-13T00:00:00Z,25.12000000,25.30000000,24.93000000,25.16000000,1140623.92000000
2025-09-13T08:00:00Z,25.17000000,25.64000000,24.69000000,24.83000000,1965552.40000000
2025-09-13T16:00:00Z,24.84000000,24.98000000,24.44000000,24.88000000,1048079.46000000
2025-09-14T00:00:00Z,24.88000000,25.02000000,24.47000000,24.60000000,805195.21000000
2025-09-14T08:00:00Z,24.60000000,24.77000000,23.84000000,24.04000000,1087901.03000000
2025-09-14T16:00:00Z,24.04000000,24.40000000,24.00000000,24.09000000,708046.92000000
2025-09-15T00:00:00Z,24.10000000,24.44000000,23.76000000,23.85000000,949669.05000000
2025-09-15T08:00:00Z,23.85000000,23.86000000,22.99000000,23.17000000,2046952.51000000
2025-09-15T16:00:00Z,23.16000000,23.87000000,22.97000000,23.56000000,701874.38000000
2025-09-16T00:00:00Z,23.56000000,23.63000000,23.16000000,23.49000000,641935.54000000
2025-09-16T08:00:00Z,23.50000000,23.76000000,23.10000000,23.45000000,968255.20000000
2025-09-16T16:00:00Z,23.45000000,23.75000000,23.24000000,23.48000000,955819.71000000
2025-09-17T00:00:00Z,23.49000000,23.63000000,23.19000000,23.56000000,594671.04000000
2025-09-17T08:00:00Z,23.56000000,23.57000000,22.75000000,22.97000000,1838961.80000000
2025-09-17T16:00:00Z,22.96000000,24.24000000,22.77000000,23.99000000,2881946.84000000
2025-09-18T00:00:00Z,24.00000000,24.19000000,23.68000000,23.96000000,1026856.99000000
2025-09-18T08:00:00Z,23.97000000,24.50000000,23.91000000,24.47000000,1401970.93000000
2025-09-18T16:00:00Z,24.47000000,24.75000000,24.34000000,24.62000000,1075604.11000000
2025-09-19T00:00:00Z,24.63000000,24.89000000,24.23000000,24.73000000,1704039.02000000
2025-09-19T08:00:00Z,24.73000000,24.86000000,23.33000000,23.61000000,1873463.89000000
2025-09-19T16:00:00Z,23.60000000,23.72000000,23.27000000,23.47000000,680555.99000000
2025-09-20T00:00:00Z,23.48000000,23.66000000,23.34000000,23.51000000,524787.53000000
2025-09-20T08:00:00Z,23.51000000,23.58000000,23.09000000,23.42000000,824680.29000000
2025-09-20T16:00:00Z,23.43000000,23.50000000,23.23000000,23.34000000,342541.71000000
2025-09-21T00:00:00Z,23.33000000,23.49000000,23.24000000,23.36000000,346073.08000000
2025-09-21T08:00:00Z,23.35000000,23.40000000,23.02000000,23.09000000,574746.23000000
2025-09-21T16:00:00Z,23.09000000,23.20000000,22.90000000,22.96000000,401074.44000000
2025-09-22T00:00:00Z,22.95000000,23.05000000,20.24000000,21.28000000,5285713.90000000
2025-09-22T08:00:00Z,21.28000000,21.61000000,21.06000000,21.19000000,1681911.72000000
2025-09-22T16:00:00Z,21.20000000,21.68000000,21.11000000,21.65000000,1257032.21000000
2025-09-23T00:00:00Z,21.66000000,21.89000000,21.17000000,21.80000000,1291787.42000000
2025-09-23T08:00:00Z,21.80000000,22.05000000,21.69000000,21.86000000,1126222.33000000
2025-09-23T16:00:00Z,21.86000000,21.99000000,21.48000000,21.52000000,920793.75000000
2025-09-24T00:00:00Z,21.52000000,21.81000000,20.98000000,21.71000000,2842617.79000000
2025-09-24T08:00:00Z,21.72000000,21.96000000,21.55000000,21.76000000,776998.27000000
2025-09-24T16:00:00Z,21.77000000,21.97000000,21.55000000,21.60000000,551140.23000000
2025-09-25T00:00:00Z,21.61000000,21.66000000,20.90000000,20.96000000,1553480.73000000
2025-09-25T08:00:00Z,20.97000000,21.16000000,20.37000000,20.88000000,2134200.75000000
2025-09-25T16:00:00Z,20.88000000,20.90000000,19.82000000,20.14000000,2533871.83000000
2025-09-26T00:00:00Z,20.15000000,20.65000000,20.09000000,20.37000000,1047776.46000000
2025-09-26T08:00:00Z,20.36000000,20.66000000,19.93000000,20.60000000,1876296.31000000
2025-09-26T16:00:00Z,20.59000000,21.24000000,20.57000000,21.07000000,917609.19000000
2025-09-27T00:00:00Z,21.07000000,21.15000000,20.90000000,20.95000000,375191.51000000
2025-09-27T08:00:00Z,20.95000000,21.11000000,20.82000000,20.96000000,404553.91000000
2025-09-27T16:00:00Z,20.96000000,21.10000000,20.73000000,20.91000000,206264.73000000
2025-09-28T00:00:00Z,20.92000000,20.95000000,20.64000000,20.73000000,261848.63000000
2025-09-28T08:00:00Z,20.74000000,21.00000000,20.43000000,20.99000000,543989.54000000
2025-09-28T16:00:00Z,20.99000000,21.71000000,20.99000000,21.68000000,793802.43000000
2025-09-29T00:00:00Z,21.68000000,21.69000000,21.15000000,21.25000000,546042.85000000
2025-09-29T08:00:00Z,21.26000000,21.70000000,20.90000000,21.39000000,1259417.50000000
2025-09-29T16:00:00Z,21.40000000,21.90000000,21.20000000,21.74000000,691875.32000000
2025-09-30T00:00:00Z,21.73000000,21.87000000,21.35000000,21.41000000,918099.78000000
2025-09-30T08:00:00Z,21.41000000,21.51000000,20.96000000,21.10000000,1009643.17000000
2025-09-30T16:00:00Z,21.10000000,21.69000000,20.99000000,21.30000000,955494.58000000
2025-10-01T00:00:00Z,21.31000000,21.58000000,21.05000000,21.34000000,679511.98000000
2025-10-01T08:00:00Z,21.33000000,22.49000000,21.31000000,22.40000000,1615081.77000000
2025-10-01T16:00:00Z,22.41000000,22.63000000,22.25000000,22.58000000,912791.32000000
2025-10-02T00:00:00Z,22.57000000,22.86000000,22.41000000,22.57000000,1012677.32000000
2025-10-02T08:00:00Z,22.57000000,22.63000000,21.93000000,22.43000000,1538838.22000000
2025-10-02T16:00:00Z,22.43000000,23.13000000,22.38000000,22.77000000,1214713.33000000
2025-10-03T00:00:00Z,22.78000000,22.87000000,22.30000000,22.39000000,789317.04000000
2025-10-03T08:00:00Z,22.39000000,22.75000000,22.09000000,22.72000000,1343036.20000000
2025-10-03T16:00:00Z,22.73000000,23.09000000,22.10000000,22.50000000,1972245.79000000
2025-10-04T00:00:00Z,22.50000000,22.62000000,22.04000000,22.08000000,753209.85000000
2025-10-04T08:00:00Z,22.08000000,22.17000000,21.76000000,21.84000000,998915.84000000
2025-10-04T16:00:00Z,21.83000000,22.14000000,21.81000000,22.01000000,329704.08000000
2025-10-05T00:00:00Z,22.02000000,22.85000000,21.93000000,22.81000000,931480.09000000
2025-10-05T08:00:00Z,22.81000000,22.94000000,22.40000000,22.47000000,896383.09000000
2025-10-05T16:00:00Z,22.46000000,22.64000000,21.88000000,22.00000000,790414.09000000
2025-10-06T00:00:00Z,22.00000000,22.20000000,21.47000000,21.93000000,2382188.41000000
2025-10-06T08:00:00Z,21.93000000,22.98000000,21.93000000,22.82000000,1301669.36000000
2025-10-06T16:00:00Z,22.83000000,23.60000000,22.78000000,23.37000000,1925741.88000000
2025-10-07T00:00:00Z,23.37000000,23.73000000,22.82000000,22.85000000,1810969.62000000
2025-10-07T08:00:00Z,22.86000000,23.09000000,21.84000000,22.00000000,2756704.16000000
2025-10-07T16:00:00Z,21.99000000,22.21000000,21.75000000,21.79000000,1277228.78000000
2025-10-08T00:00:00Z,21.80000000,22.15000000,21.62000000,21.91000000,987245.86000000
2025-10-08T08:00:00Z,21.91000000,22.35000000,21.84000000,22.00000000,1010205.33000000
2025-10-08T16:00:00Z,22.00000000,22.67000000,21.95000000,22.63000000,793075.04000000
2025-10-09T00:00:00Z,22.63000000,22.67000000,21.94000000,21.97000000,867961.45000000
2025-10-09T08:00:00Z,21.98000000,22.04000000,21.32000000,21.49000000,1518553.84000000
2025-10-09T16:00:00Z,21.50000000,22.13000000,21.33000000,21.99000000,934530.43000000
2025-10-10T00:00:00Z,22.00000000,22.62000000,21.97000000,22.29000000,1316318.75000000
2025-10-10T08:00:00Z,22.30000000,22.78000000,21.20000000,21.37000000,2652393.83000000
2025-10-10T16:00:00Z,21.37000000,21.55000000,7.90000000,17.31000000,19951011.28000000
2025-10-11T00:00:00Z,17.31000000,18.16000000,16.88000000,17.73000000,6245879.77000000
2025-10-11T08:00:00Z,17.74000000,18.52000000,17.42000000,17.98000000,2470931.59000000
2025-10-11T16:00:00Z,17.98000000,19.00000000,16.60000000,17.20000000,2741416.51000000
2025-10-12T00:00:00Z,17.20000000,17.52000000,16.68000000,17.41000000,1627138.20000000
2025-10-12T08:00:00Z,17.41000000,18.81000000,17.18000000,18.77000000,2954991.97000000
2025-10-12T16:00:00Z,18.78000000,19.42000000,18.78000000,19.00000000,2738191.49000000
2025-10-13T00:00:00Z,19.00000000,19.68000000,18.73000000,19.54000000,1975700.72000000
2025-10-13T08:00:00Z,19.54000000,19.84000000,18.94000000,19.74000000,4238940.20000000
2025-10-13T16:00:00Z,19.74000000,20.19000000,19.47000000,19.84000000,1834772.97000000
2025-10-14T00:00:00Z,19.84000000,20.07000000,18.28000000,18.56000000,2636338.42000000
2025-10-14T08:00:00Z,18.55000000,19.05000000,18.07000000,19.04000000,2980337.75000000
2025-10-14T16:00:00Z,19.04000000,19.37000000,18.64000000,19.10000000,1845772.66000000
2025-10-15T00:00:00Z,19.10000000,19.26000000,18.83000000,18.87000000,1197688.85000000
2025-10-15T08:00:00Z,18.87000000,19.25000000,17.95000000,18.12000000,2008515.30000000
2025-10-15T16:00:00Z,18.12000000,18.26000000,17.73000000,18.06000000,1303778.94000000
2025-10-16T00:00:00Z,18.05000000,18.21000000,17.91000000,18.06000000,974966.70000000
2025-10-16T08:00:00Z,18.05000000,18.63000000,17.55000000,17.65000000,2174177.09000000
2025-10-16T16:00:00Z,17.65000000,18.08000000,17.10000000,17.43000000,1854204.72000000
2025-10-17T00:00:00Z,17.42000000,17.69000000,16.17000000,16.20000000,2533143.67000000
2025-10-17T08:00:00Z,16.21000000,16.70000000,15.69000000,16.63000000,4030437.47000000
2025-10-17T16:00:00Z,16.63000000,16.86000000,16.25000000,16.61000000,1272265.09000000
2025-10-18T00:00:00Z,16.61000000,17.01000000,16.57000000,16.71000000,900806.96000000
2025-10-18T08:00:00Z,16.71000000,16.97000000,16.62000000,16.79000000,669753.64000000
2025-10-18T16:00:00Z,16.79000000,16.96000000,16.63000000,16.82000000,336877.63000000
2025-10-19T00:00:00Z,16.81000000,16.92000000,16.64000000,16.80000000,854698.49000000
2025-10-19T08:00:00Z,16.80000000,17.54000000,16.53000000,17.41000000,2335939.96000000
2025-10-19T16:00:00Z,17.41000000,17.66000000,17.24000000,17.29000000,708644.91000000
2025-10-20T00:00:00Z,17.29000000,18.96000000,16.93000000,18.61000000,3379475.06000000
2025-10-20T08:00:00Z,18.62000000,19.19000000,18.56000000,18.76000000,2337421.82000000
2025-10-20T16:00:00Z,18.77000000,18.95000000,18.43000000,18.66000000,1633872.77000000
2025-10-21T00:00:00Z,18.66000000,18.96000000,17.66000000,18.07000000,2012181.27000000
2025-10-21T08:00:00Z,18.06000000,18.97000000,17.80000000,18.80000000,3048513.06000000
2025-10-21T16:00:00Z,18.80000000,18.90000000,17.53000000,17.61000000,2335224.99000000
2025-10-22T00:00:00Z,17.60000000,17.84000000,17.42000000,17.62000000,1139700.13000000
2025-10-22T08:00:00Z,17.62000000,17.62000000,17.13000000,17.47000000,1822593.31000000
2025-10-22T16:00:00Z,17.47000000,17.51000000,16.71000000,17.20000000,1786328.66000000
2025-10-23T00:00:00Z,17.20000000,17.68000000,17.17000000,17.57000000,810129.08000000
2025-10-23T08:00:00Z,17.58000000,17.71000000,17.09000000,17.40000000,1695079.65000000
2025-10-23T16:00:00Z,17.40000000,17.79000000,17.18000000,17.44000000,842453.63000000
2025-10-24T00:00:00Z,17.44000000,17.74000000,17.29000000,17.65000000,790497.30000000
2025-10-24T08:00:00Z,17.65000000,18.10000000,17.45000000,17.56000000,1520135.27000000
2025-10-24T16:00:00Z,17.56000000,17.99000000,17.47000000,17.89000000,797473.81000000
2025-10-25T00:00:00Z,17.89000000,18.02000000,17.79000000,17.88000000,412605.26000000
2025-10-25T08:00:00Z,17.87000000,18.09000000,17.87000000,17.98000000,504068.68000000
2025-10-25T16:00:00Z,17.98000000,18.25000000,17.95000000,18.02000000,418414.76000000
2025-10-26T00:00:00Z,18.02000000,18.02000000,17.69000000,17.86000000,859298.43000000
2025-10-26T08:00:00Z,17.85000000,18.49000000,17.85000000,18.33000000,1119494.71000000
2025-10-26T16:00:00Z,18.34000000,18.69000000,18.06000000,18.55000000,1386458.55000000
2025-10-27T00:00:00Z,18.54000000,19.06000000,18.49000000,18.83000000,1448680.83000000
2025-10-27T08:00:00Z,18.83000000,18.92000000,18.17000000,18.41000000,1185497.98000000
2025-10-27T16:00:00Z,18.41000000,18.90000000,18.08000000,18.22000000,1309783.08000000
2025-10-28T00:00:00Z,18.21000000,18.51000000,18.02000000,18.33000000,788263.44000000
2025-10-28T08:00:00Z,18.33000000,18.83000000,18.07000000,18.38000000,1425808.23000000
2025-10-28T16:00:00Z,18.38000000,18.66000000,17.43000000,17.83000000,1882861.90000000
2025-10-29T00:00:00Z,17.83000000,18.01000000,17.74000000,17.93000000,637482.71000000
2025-10-29T08:00:00Z,17.92000000,18.32000000,17.73000000,18.02000000,1371822.13000000
2025-10-29T16:00:00Z,18.02000000,18.67000000,17.54000000,18.13000000,3407370.88000000
2025-10-30T00:00:00Z,18.14000000,18.43000000,17.47000000,18.37000000,1838708.68000000
2025-10-30T08:00:00Z,18.37000000,18.39000000,16.85000000,16.91000000,2822290.10000000
2025-10-30T16:00:00Z,16.91000000,17.02000000,16.32000000,16.80000000,1738162.71000000
2025-10-31T00:00:00Z,16.80000000,17.31000000,16.73000000,17.22000000,1700741.32000000
2025-10-31T08:00:00Z,17.22000000,17.46000000,17.09000000,17.28000000,1078949.47000000
2025-10-31T16:00:00Z,17.29000000,17.37000000,16.77000000,17.24000000,951753.29000000
2025-11-01T00:00:00Z,17.24000000,17.34000000,17.06000000,17.33000000,530911.50000000
2025-11-01T08:00:00Z,17.32000000,17.44000000,17.13000000,17.25000000,621378.08000000
2025-11-01T16:00:00Z,17.25000000,17.34000000,17.04000000,17.14000000,602002.73000000
2025-11-02T00:00:00Z,17.15000000,17.60000000,17.04000000,17.54000000,735236.66000000
2025-11-02T08:00:00Z,17.54000000,17.64000000,17.06000000,17.13000000,750538.28000000
2025-11-02T16:00:00Z,17.13000000,17.63000000,16.99000000,17.58000000,696333.01000000
2025-11-03T00:00:00Z,17.59000000,17.66000000,15.87000000,16.13000000,2194511.46000000
2025-11-03T08:00:00Z,16.13000000,16.34000000,14.51000000,15.29000000,4092860.57000000
2025-11-03T16:00:00Z,15.30000000,15.86000000,15.05000000,15.25000000,2265390.36000000
2025-11-04T00:00:00Z,15.25000000,15.51000000,14.56000000,14.63000000,2415127.37000000
2025-11-04T08:00:00Z,14.64000000,15.43000000,14.52000000,15.12000000,3064766.86000000
2025-11-04T16:00:00Z,15.11000000,15.24000000,13.69000000,14.68000000,5370861.49000000
2025-11-05T00:00:00Z,14.69000000,15.02000000,13.98000000,14.91000000,2243611.23000000
2025-11-05T08:00:00Z,14.90000000,15.11000000,14.54000000,15.10000000,1406023.26000000
2025-11-05T16:00:00Z,15.10000000,15.40000000,14.91000000,15.09000000,2244397.64000000
2025-11-06T00:00:00Z,15.08000000,15.24000000,14.82000000,14.91000000,1239421.58000000
2025-11-06T08:00:00Z,14.90000000,15.10000000,14.38000000,14.46000000,1232538.79000000
2025-11-06T16:00:00Z,14.47000000,14.80000000,14.24000000,14.74000000,1367973.81000000
2025-11-07T00:00:00Z,14.74000000,15.17000000,14.58000000,15.16000000,1418600.88000000
2025-11-07T08:00:00Z,15.17000000,15.19000000,14.31000000,15.03000000,2014388.57000000
2025-11-07T16:00:00Z,15.03000000,16.23000000,14.95000000,15.79000000,2560243.39000000
2025-11-08T00:00:00Z,15.79000000,16.03000000,15.53000000,15.72000000,1843448.69000000
2025-11-08T08:00:00Z,15.72000000,15.93000000,15.17000000,15.22000000,1619806.53000000
2025-11-08T16:00:00Z,15.22000000,15.55000000,15.12000000,15.51000000,651200.77000000
2025-11-09T00:00:00Z,15.52000000,15.53000000,15.02000000,15.37000000,994157.17000000
2025-11-09T08:00:00Z,15.37000000,15.94000000,15.08000000,15.82000000,1240893.49000000
2025-11-09T16:00:00Z,15.83000000,16.13000000,15.72000000,15.93000000,835349.35000000
2025-11-10T00:00:00Z,15.92000000,16.43000000,15.79000000,16.36000000,1150659.91000000
2025-11-10T08:00:00Z,16.37000000,16.67000000,15.98000000,16.08000000,2542458.10000000
2025-11-10T16:00:00Z,16.08000000,16.46000000,15.93000000,16.36000000,1054297.89000000
2025-11-11T00:00:00Z,16.36000000,16.80000000,15.99000000,16.00000000,1605639.44000000
2025-11-11T08:00:00Z,15.99000000,16.30000000,15.70000000,15.79000000,1425638.21000000
2025-11-11T16:00:00Z,15.80000000,15.89000000,15.25000000,15.28000000,1112188.78000000
2025-11-12T00:00:00Z,15.28000000,15.55000000,15.18000000,15.33000000,772194.04000000
2025-11-12T08:00:00Z,15.34000000,16.25000000,15.34000000,15.38000000,2100284.59000000
2025-11-12T16:00:00Z,15.37000000,15.42000000,14.92000000,15.15000000,1552094.68000000
2025-11-13T00:00:00Z,15.15000000,16.02000000,15.07000000,15.88000000,1528513.13000000
2025-11-13T08:00:00Z,15.87000000,15.96000000,15.24000000,15.33000000,1417517.74000000
2025-11-13T16:00:00Z,15.32000000,15.37000000,14.14000000,14.54000000,3003221.27000000
2025-11-14T00:00:00Z,14.55000000,14.61000000,13.90000000,14.45000000,2407261.87000000
2025-11-14T08:00:00Z,14.45000000,14.46000000,13.82000000,14.29000000,2838104.01000000
2025-11-14T16:00:00Z,14.30000000,14.50000000,13.58000000,13.81000000,1353888.38000000
2025-11-15T00:00:00Z,13.81000000,14.29000000,13.79000000,14.08000000,928491.98000000
2025-11-15T08:00:00Z,14.08000000,14.30000000,13.83000000,14.17000000,908859.42000000
2025-11-15T16:00:00Z,14.17000000,14.34000000,13.99000000,14.14000000,714923.38000000
2025-11-16T00:00:00Z,14.14000000,14.34000000,13.85000000,14.34000000,651601.24000000
2025-11-16T08:00:00Z,14.34000000,14.54000000,13.76000000,13.78000000,2292416.68000000
2025-11-16T16:00:00Z,13.79000000,13.89000000,13.40000000,13.73000000,2457861.93000000
2025-11-17T00:00:00Z,13.73000000,14.17000000,13.58000000,14.12000000,944900.98000000
2025-11-17T08:00:00Z,14.13000000,14.29000000,13.59000000,13.71000000,2065163.14000000
2025-11-17T16:00:00Z,13.71000000,13.80000000,13.08000000,13.33000000,2371139.08000000
2025-11-18T00:00:00Z,13.34000000,13.59000000,13.06000000,13.39000000,2038085.35000000
2025-11-18T08:00:00Z,13.39000000,13.83000000,13.29000000,13.71000000,1788889.73000000
2025-11-18T16:00:00Z,13.71000000,14.00000000,13.68000000,13.79000000,1076265.62000000
2025-11-19T00:00:00Z,13.80000000,13.83000000,13.12000000,13.49000000,1519414.65000000
2025-11-19T08:00:00Z,13.48000000,13.56000000,12.98000000,13.02000000,1568656.78000000
2025-11-19T16:00:00Z,13.02000000,13.58000000,12.77000000,13.53000000,2187777.82000000
2025-11-20T00:00:00Z,13.53000000,13.95000000,13.46000000,13.94000000,1263252.92000000
2025-11-20T08:00:00Z,13.94000000,14.00000000,13.40000000,13.42000000,2516865.88000000
2025-11-20T16:00:00Z,13.41000000,13.44000000,12.77000000,12.93000000,3471948.60000000
2025-11-21T00:00:00Z,12.94000000,13.22000000,11.81000000,12.28000000,3564342.71000000
2025-11-21T08:00:00Z,12.27000000,12.43000000,11.61000000,11.91000000,4332414.92000000
2025-11-21T16:00:00Z,11.91000000,12.37000000,11.72000000,12.11000000,2461672.77000000
2025-11-22T00:00:00Z,12.12000000,12.25000000,11.84000000,12.00000000,1275703.79000000
2025-11-22T08:00:00Z,12.00000000,12.03000000,11.74000000,11.92000000,1201120.71000000
2025-11-22T16:00:00Z,11.92000000,12.31000000,11.91000000,12.17000000,980079.13000000
2025-11-23T00:00:00Z,12.17000000,12.60000000,12.11000000,12.37000000,1202458.21000000
2025-11-23T08:00:00Z,12.37000000,12.73000000,12.36000000,12.68000000,2172697.24000000
2025-11-23T16:00:00Z,12.68000000,12.75000000,12.45000000,12.53000000,958980.11000000
2025-11-24T00:00:00Z,12.52000000,12.85000000,12.35000000,12.59000000,1448123.37000000
2025-11-24T08:00:00Z,12.58000000,12.69000000,12.30000000,12.62000000,1181355.08000000
2025-11-24T16:00:00Z,12.63000000,13.21000000,12.61000000,12.97000000,1867520.82000000
2025-11-25T00:00:00Z,12.97000000,13.05000000,12.80000000,12.81000000,941146.93000000
2025-11-25T08:00:00Z,12.81000000,12.95000000,12.55000000,12.74000000,1380890.91000000
2025-11-25T16:00:00Z,12.73000000,13.22000000,12.73000000,13.09000000,2233148.66000000
2025-11-26T00:00:00Z,13.08000000,13.17000000,12.92000000,13.08000000,658934.24000000
2025-11-26T08:00:00Z,13.07000000,13.09000000,12.75000000,12.87000000,1061314.59000000
2025-11-26T16:00:00Z,12.88000000,13.51000000,12.88000000,13.46000000,1308739.58000000
2025-11-27T00:00:00Z,13.45000000,13.57000000,13.28000000,13.35000000,691118.22000000
2025-11-27T08:00:00Z,13.36000000,13.48000000,13.23000000,13.46000000,564426.53000000
2025-11-27T16:00:00Z,13.46000000,13.54000000,13.30000000,13.34000000,445915.07000000
2025-11-28T00:00:00Z,13.33000000,13.39000000,13.14000000,13.22000000,491872.58000000
2025-11-28T08:00:00Z,13.23000000,13.55000000,13.22000000,13.42000000,864380.18000000
2025-11-28T16:00:00Z,13.43000000,13.43000000,13.04000000,13.13000000,766957.01000000
2025-11-29T00:00:00Z,13.12000000,13.21000000,12.98000000,13.10000000,649144.59000000
2025-11-29T08:00:00Z,13.09000000,13.22000000,13.02000000,13.17000000,367621.10000000
2025-11-29T16:00:00Z,13.17000000,13.18000000,12.91000000,12.99000000,399332.30000000
2025-11-30T00:00:00Z,12.99000000,13.12000000,12.94000000,13.05000000,319910.08000000
2025-11-30T08:00:00Z,13.05000000,13.33000000,12.97000000,13.24000000,649374.86000000
2025-11-30T16:00:00Z,13.24000000,13.42000000,12.93000000,12.95000000,531083.42000000
2025-12-01T00:00:00Z,12.95000000,12.99000000,12.04000000,12.20000000,2517245.99000000
2025-12-01T08:00:00Z,12.20000000,12.22000000,11.81000000,12.00000000,1607016.17000000
2025-12-01T16:00:00Z,12.00000000,12.17000000,11.74000000,12.07000000,1398188.87000000
2025-12-02T00:00:00Z,12.07000000,12.22000000,11.98000000,12.13000000,763350.87000000
2025-12-02T08:00:00Z,12.13000000,13.42000000,11.99000000,13.30000000,2203567.84000000
2025-12-02T16:00:00Z,13.29000000,13.59000000,13.23000000,13.47000000,2002737.28000000
2025-12-03T00:00:00Z,13.47000000,14.43000000,13.43000000,14.38000000,2745916.21000000
2025-12-03T08:00:00Z,14.39000000,14.70000000,14.20000000,14.40000000,3402126.74000000
2025-12-03T16:00:00Z,14.40000000,14.75000000,14.28000000,14.64000000,1720483.78000000
2025-12-04T00:00:00Z,14.64000000,14.93000000,14.35000000,14.54000000,1465442.93000000
2025-12-04T08:00:00Z,14.54000000,14.79000000,14.22000000,14.48000000,1218862.10000000
2025-12-04T16:00:00Z,14.48000000,14.55000000,13.97000000,14.25000000,1074465.05000000
2025-12-05T00:00:00Z,14.25000000,14.40000000,14.14000000,14.25000000,561640.20000000
2025-12-05T08:00:00Z,14.25000000,14.33000000,13.74000000,13.94000000,1577344.65000000
2025-12-05T16:00:00Z,13.95000000,13.95000000,13.36000000,13.59000000,1341601.95000000
2025-12-06T00:00:00Z,13.59000000,13.78000000,13.49000000,13.60000000,457901.30000000
2025-12-06T08:00:00Z,13.60000000,13.94000000,13.50000000,13.81000000,794070.11000000
2025-12-06T16:00:00Z,13.81000000,14.08000000,13.80000000,13.92000000,601517.82000000
2025-12-07T00:00:00Z,13.91000000,14.04000000,13.86000000,13.92000000,311954.51000000
2025-12-07T08:00:00Z,13.93000000,13.95000000,13.17000000,13.61000000,1541138.81000000
2025-12-07T16:00:00Z,13.60000000,14.18000000,13.42000000,13.65000000,1439082.38000000
2025-12-08T00:00:00Z,13.65000000,14.07000000,13.58000000,14.01000000,757421.61000000
2025-12-08T08:00:00Z,14.01000000,14.29000000,13.67000000,13.74000000,1201286.57000000
2025-12-08T16:00:00Z,13.75000000,13.92000000,13.56000000,13.76000000,712124.46000000
2025-12-09T00:00:00Z,13.76000000,13.86000000,13.53000000,13.83000000,640436.10000000
2025-12-09T08:00:00Z,13.84000000,14.44000000,13.61000000,14.41000000,1195958.94000000
2025-12-09T16:00:00Z,14.41000000,15.01000000,14.23000000,14.41000000,1885929.30000000
2025-12-10T00:00:00Z,14.41000000,14.46000000,14.11000000,14.18000000,543565.58000000
2025-12-10T08:00:00Z,14.18000000,14.44000000,13.94000000,14.03000000,1046420.51000000
2025-12-10T16:00:00Z,14.03000000,14.89000000,13.98000000,14.10000000,2673164.51000000
2025-12-11T00:00:00Z,14.09000000,14.14000000,13.44000000,13.54000000,1099592.33000000
2025-12-11T08:00:00Z,13.53000000,13.72000000,13.42000000,13.52000000,856006.95000000
2025-12-11T16:00:00Z,13.52000000,14.21000000,13.40000000,14.07000000,1383063.61000000
2025-12-12T00:00:00Z,14.06000000,14.21000000,13.83000000,14.06000000,664366.67000000
2025-12-12T08:00:00Z,14.06000000,14.35000000,13.44000000,13.53000000,1137769.46000000
2025-12-12T16:00:00Z,13.53000000,13.70000000,13.27000000,13.63000000,970317.10000000
2025-12-13T00:00:00Z,13.64000000,13.80000000,13.60000000,13.79000000,307574.60000000
2025-12-13T08:00:00Z,13.79000000,13.97000000,13.65000000,13.81000000,570214.53000000
2025-12-13T16:00:00Z,13.81000000,13.87000000,13.62000000,13.74000000,261154.41000000
2025-12-14T00:00:00Z,13.74000000,13.80000000,13.62000000,13.71000000,222029.15000000
2025-12-14T08:00:00Z,13.72000000,13.76000000,13.42000000,13.47000000,548013.63000000
2025-12-14T16:00:00Z,13.47000000,13.57000000,13.09000000,13.28000000,674587.81000000
2025-12-15T00:00:00Z,13.28000000,13.72000000,13.26000000,13.58000000,578729.81000000
2025-12-15T08:00:00Z,13.57000000,13.74000000,12.73000000,12.78000000,1723312.88000000
2025-12-15T16:00:00Z,12.79000000,12.90000000,12.47000000,12.85000000,1381688.00000000
2025-12-16T00:00:00Z,12.86000000,12.89000000,12.55000000,12.69000000,814919.20000000
2025-12-16T08:00:00Z,12.70000000,13.13000000,12.69000000,13.05000000,1717145.67000000
2025-12-16T16:00:00Z,13.05000000,13.06000000,12.78000000,12.93000000,547157.36000000
2025-12-17T00:00:00Z,12.93000000,13.00000000,12.64000000,12.77000000,536362.54000000
2025-12-17T08:00:00Z,12.78000000,13.18000000,12.49000000,12.57000000,1609576.65000000
2025-12-17T16:00:00Z,12.57000000,12.66000000,12.12000000,12.27000000,2336827.67000000
2025-12-18T00:00:00Z,12.26000000,12.30000000,12.06000000,12.18000000,622430.44000000
2025-12-18T08:00:00Z,12.18000000,12.88000000,12.16000000,12.63000000,1730638.44000000
2025-12-18T16:00:00Z,12.64000000,12.66000000,11.74000000,11.93000000,2005029.24000000
2025-12-19T00:00:00Z,11.93000000,12.51000000,11.84000000,12.37000000,1219163.59000000
2025-12-19T08:00:00Z,12.38000000,12.76000000,12.34000000,12.47000000,1353752.02000000
2025-12-19T16:00:00Z,12.46000000,12.70000000,12.37000000,12.54000000,674197.90000000
2025-12-20T00:00:00Z,12.54000000,12.63000000,12.48000000,12.61000000,239123.48000000
2025-12-20T08:00:00Z,12.62000000,12.72000000,12.55000000,12.61000000,418679.79000000
2025-12-20T16:00:00Z,12.62000000,12.65000000,12.54000000,12.56000000,274021.01000000
2025-12-21T00:00:00Z,12.55000000,12.60000000,12.38000000,12.52000000,352450.29000000
2025-12-21T08:00:00Z,12.52000000,12.71000000,12.22000000,12.34000000,743599.28000000
2025-12-21T16:00:00Z,12.33000000,12.49000000,12.27000000,12.44000000,369417.96000000
2025-12-22T00:00:00Z,12.44000000,12.71000000,12.33000000,12.58000000,722244.10000000
2025-12-22T08:00:00Z,12.59000000,12.95000000,12.56000000,12.80000000,889964.42000000
2025-12-22T16:00:00Z,12.80000000,12.86000000,12.36000000,12.58000000,681584.61000000
2025-12-23T00:00:00Z,12.58000000,12.70000000,12.23000000,12.34000000,832554.67000000
2025-12-23T08:00:00Z,12.33000000,12.41000000,12.07000000,12.29000000,1035516.04000000
2025-12-23T16:00:00Z,12.28000000,12.52000000,12.24000000,12.39000000,928502.86000000
2025-12-24T00:00:00Z,12.39000000,12.44000000,12.12000000,12.19000000,486256.45000000
2025-12-24T08:00:00Z,12.18000000,12.28000000,12.01000000,12.18000000,602249.06000000
2025-12-24T16:00:00Z,12.18000000,12.38000000,12.12000000,12.28000000,527411.97000000
2025-12-25T00:00:00Z,12.27000000,12.37000000,12.23000000,12.31000000,264916.50000000
2025-12-25T08:00:00Z,12.30000000,12.43000000,12.11000000,12.37000000,516398.11000000
2025-12-25T16:00:00Z,12.37000000,12.43000000,11.99000000,12.07000000,552305.54000000
2025-12-26T00:00:00Z,12.06000000,12.54000000,12.02000000,12.35000000,769010.46000000
2025-12-26T08:00:00Z,12.35000000,12.51000000,12.05000000,12.17000000,802549.60000000
2025-12-26T16:00:00Z,12.18000000,12.26000000,12.12000000,12.19000000,352677.62000000
2025-12-27T00:00:00Z,12.18000000,12.28000000,12.16000000,12.25000000,294023.35000000
2025-12-27T08:00:00Z,12.26000000,12.35000000,12.17000000,12.32000000,310899.45000000
2025-12-27T16:00:00Z,12.32000000,12.55000000,12.26000000,12.52000000,464744.17000000
2025-12-28T00:00:00Z,12.52000000,12.55000000,12.41000000,12.43000000,433859.62000000
2025-12-28T08:00:00Z,12.42000000,12.57000000,12.37000000,12.53000000,391068.07000000
2025-12-28T16:00:00Z,12.53000000,12.60000000,12.32000000,12.50000000,452359.69000000
2025-12-29T00:00:00Z,12.50000000,13.03000000,12.46000000,12.80000000,1401550.06000000
2025-12-29T08:00:00Z,12.79000000,12.84000000,12.25000000,12.40000000,1188357.22000000
2025-12-29T16:00:00Z,12.40000000,12.45000000,12.26000000,12.30000000,364946.81000000
2025-12-30T00:00:00Z,12.31000000,12.42000000,12.26000000,12.37000000,373199.04000000
2025-12-30T08:00:00Z,12.37000000,12.61000000,12.37000000,12.53000000,801636.37000000
2025-12-30T16:00:00Z,12.53000000,12.59000000,12.34000000,12.42000000,471273.67000000
2025-12-31T00:00:00Z,12.42000000,12.47000000,12.34000000,12.42000000,351062.23000000
2025-12-31T08:00:00Z,12.42000000,12.55000000,12.33000000,12.39000000,494744.21000000
2025-12-31T16:00:00Z,12.40000000,12.42000000,12.19000000,12.21000000,777197.91000000
2026-01-01T00:00:00Z,12.20000000,12.29000000,12.15000000,12.19000000,286542.27000000
2026-01-01T08:00:00Z,12.19000000,12.44000000,12.18000000,12.39000000,320530.71000000
2026-01-01T16:00:00Z,12.39000000,12.64000000,12.33000000,12.60000000,691244.37000000
2026-01-02T00:00:00Z,12.61000000,12.99000000,12.58000000,12.84000000,1377430.19000000
2026-01-02T08:00:00Z,12.83000000,13.19000000,12.82000000,13.08000000,1277887.48000000
2026-01-02T16:00:00Z,13.07000000,13.43000000,13.06000000,13.27000000,1256766.45000000
2026-01-03T00:00:00Z,13.27000000,13.37000000,12.97000000,13.01000000,833143.27000000
2026-01-03T08:00:00Z,13.01000000,13.18000000,12.99000000,13.07000000,652464.30000000
2026-01-03T16:00:00Z,13.08000000,13.27000000,13.07000000,13.23000000,329947.76000000
2026-01-04T00:00:00Z,13.24000000,13.46000000,13.21000000,13.34000000,619281.40000000
2026-01-04T08:00:00Z,13.35000000,13.57000000,13.27000000,13.50000000,808776.75000000
2026-01-04T16:00:00Z,13.50000000,13.58000000,13.31000000,13.43000000,468474.47000000
2026-01-05T00:00:00Z,13.42000000,13.88000000,13.40000000,13.58000000,1224419.99000000
2026-01-05T08:00:00Z,13.58000000,13.75000000,13.40000000,13.72000000,1086289.64000000
2026-01-05T16:00:00Z,13.72000000,14.13000000,13.54000000,13.90000000,1798765.09000000
2026-01-06T00:00:00Z,13.91000000,13.98000000,13.58000000,13.73000000,1524309.17000000
2026-01-06T08:00:00Z,13.72000000,14.24000000,13.70000000,13.99000000,1486142.33000000
2026-01-06T16:00:00Z,13.99000000,14.07000000,13.47000000,14.04000000,1755155.89000000
2026-01-07T00:00:00Z,14.03000000,14.04000000,13.68000000,13.88000000,979334.36000000
2026-01-07T08:00:00Z,13.87000000,13.94000000,13.29000000,13.37000000,1418696.05000000
2026-01-07T16:00:00Z,13.37000000,13.50000000,13.30000000,13.44000000,739932.21000000
2026-01-08T00:00:00Z,13.45000000,13.56000000,13.07000000,13.32000000,794942.48000000
2026-01-08T08:00:00Z,13.32000000,13.37000000,13.03000000,13.30000000,1384612.01000000
2026-01-08T16:00:00Z,13.30000000,13.35000000,13.10000000,13.21000000,522961.18000000
2026-01-09T00:00:00Z,13.22000000,13.38000000,13.17000000,13.27000000,619536.42000000
2026-01-09T08:00:00Z,13.27000000,13.44000000,13.03000000,13.29000000,981803.59000000
2026-01-09T16:00:00Z,13.29000000,13.45000000,13.06000000,13.14000000,658812.40000000
2026-01-10T00:00:00Z,13.14000000,13.18000000,13.07000000,13.17000000,271664.37000000
2026-01-10T08:00:00Z,13.16000000,13.26000000,13.10000000,13.17000000,356449.80000000
2026-01-10T16:00:00Z,13.16000000,13.24000000,13.08000000,13.13000000,403073.99000000
2026-01-11T00:00:00Z,13.14000000,13.28000000,13.11000000,13.24000000,196771.75000000
2026-01-11T08:00:00Z,13.24000000,13.30000000,13.14000000,13.21000000,361603.29000000
2026-01-11T16:00:00Z,13.20000000,13.37000000,13.05000000,13.21000000,618949.10000000
2026-01-12T00:00:00Z,13.21000000,13.52000000,13.12000000,13.28000000,857189.83000000
2026-01-12T08:00:00Z,13.28000000,13.33000000,12.93000000,13.25000000,831443.37000000
2026-01-12T16:00:00Z,13.24000000,13.33000000,13.00000000,13.08000000,489050.53000000
2026-01-13T00:00:00Z,13.08000000,13.30000000,13.05000000,13.19000000,444751.30000000
2026-01-13T08:00:00Z,13.20000000,13.58000000,13.18000000,13.58000000,982702.50000000
2026-01-13T16:00:00Z,13.58000000,14.18000000,13.53000000,14.06000000,1864625.10000000
2026-01-14T00:00:00Z,14.06000000,14.20000000,13.94000000,14.05000000,963595.78000000
2026-01-14T08:00:00Z,14.06000000,14.28000000,13.85000000,14.24000000,1025705.66000000
2026-01-14T16:00:00Z,14.24000000,14.40000000,14.04000000,14.11000000,1404365.68000000
2026-01-15T00:00:00Z,14.11000000,14.12000000,13.73000000,13.94000000,805288.09000000
2026-01-15T08:00:00Z,13.93000000,14.22000000,13.72000000,13.96000000,1263607.19000000
2026-01-15T16:00:00Z,13.96000000,14.00000000,13.56000000,13.80000000,1005338.24000000
2026-01-16T00:00:00Z,13.80000000,13.87000000,13.59000000,13.79000000,472507.18000000
2026-01-16T08:00:00Z,13.80000000,13.86000000,13.43000000,13.49000000,733228.72000000
2026-01-16T16:00:00Z,13.48000000,13.75000000,13.46000000,13.73000000,638026.96000000
2026-01-17T00:00:00Z,13.73000000,13.75000000,13.63000000,13.70000000,241880.28000000
2026-01-17T08:00:00Z,13.71000000,13.89000000,13.68000000,13.89000000,403029.65000000
2026-01-17T16:00:00Z,13.89000000,13.90000000,13.66000000,13.75000000,286291.20000000
2026-01-18T00:00:00Z,13.74000000,13.78000000,13.62000000,13.74000000,314082.04000000
2026-01-18T08:00:00Z,13.73000000,13.83000000,13.70000000,13.78000000,552889.36000000
2026-01-18T16:00:00Z,13.77000000,13.88000000,13.30000000,13.32000000,874418.43000000
2026-01-19T00:00:00Z,13.31000000,13.32000000,12.37000000,12.77000000,3432887.54000000
2026-01-19T08:00:00Z,12.77000000,12.87000000,12.73000000,12.76000000,705749.43000000
2026-01-19T16:00:00Z,12.77000000,13.01000000,12.75000000,12.88000000,481404.96000000
2026-01-20T00:00:00Z,12.88000000,12.91000000,12.61000000,12.61000000,503364.59000000
2026-01-20T08:00:00Z,12.61000000,12.63000000,12.34000000,12.44000000,1135920.99000000
2026-01-20T16:00:00Z,12.44000000,12.47000000,12.03000000,12.12000000,924031.83000000
2026-01-21T00:00:00Z,12.13000000,12.47000000,12.10000000,12.32000000,510316.07000000
2026-01-21T08:00:00Z,12.32000000,12.55000000,12.06000000,12.44000000,1030578.21000000
2026-01-21T16:00:00Z,12.44000000,12.66000000,11.89000000,12.40000000,1404769.44000000
2026-01-22T00:00:00Z,12.40000000,12.58000000,12.40000000,12.43000000,815789.87000000
2026-01-22T08:00:00Z,12.43000000,12.49000000,12.12000000,12.23000000,613272.56000000
2026-01-22T16:00:00Z,12.23000000,12.33000000,12.19000000,12.27000000,385004.62000000
2026-01-23T00:00:00Z,12.26000000,12.41000000,12.22000000,12.28000000,300560.82000000
2026-01-23T08:00:00Z,12.27000000,12.30000000,12.04000000,12.25000000,499533.14000000
2026-01-23T16:00:00Z,12.26000000,12.50000000,12.12000000,12.22000000,571295.53000000
2026-01-24T00:00:00Z,12.22000000,12.28000000,12.18000000,12.21000000,417531.09000000
2026-01-24T08:00:00Z,12.22000000,12.25000000,12.15000000,12.15000000,229894.08000000
2026-01-24T16:00:00Z,12.15000000,12.26000000,12.13000000,12.20000000,226502.66000000
2026-01-25T00:00:00Z,12.21000000,12.22000000,12.05000000,12.08000000,290404.76000000
2026-01-25T08:00:00Z,12.09000000,12.14000000,11.94000000,11.97000000,604617.98000000
2026-01-25T16:00:00Z,11.97000000,11.97000000,11.36000000,11.52000000,2046931.50000000
2026-01-26T00:00:00Z,11.53000000,11.88000000,11.51000000,11.86000000,692299.20000000
2026-01-26T08:00:00Z,11.86000000,12.13000000,11.76000000,11.92000000,742484.49000000
2026-01-26T16:00:00Z,11.91000000,12.04000000,11.82000000,11.95000000,598091.09000000
2026-01-27T00:00:00Z,11.94000000,12.06000000,11.93000000,11.99000000,260982.82000000
2026-01-27T08:00:00Z,11.98000000,12.01000000,11.84000000,12.00000000,305303.47000000
2026-01-27T16:00:00Z,12.00000000,12.19000000,11.86000000,12.03000000,1606291.52000000
2026-01-28T00:00:00Z,12.03000000,12.07000000,11.88000000,11.94000000,348502.68000000
2026-01-28T08:00:00Z,11.94000000,12.06000000,11.71000000,11.77000000,753564.47000000
2026-01-28T16:00:00Z,11.77000000,11.95000000,11.69000000,11.84000000,542416.37000000
2026-01-29T00:00:00Z,11.85000000,11.87000000,11.54000000,11.63000000,430298.94000000
2026-01-29T08:00:00Z,11.62000000,11.67000000,10.86000000,11.04000000,1500575.97000000
2026-01-29T16:00:00Z,11.03000000,11.20000000,10.83000000,11.13000000,1695182.97000000
2026-01-30T00:00:00Z,11.13000000,11.17000000,10.62000000,10.84000000,1947865.13000000
2026-01-30T08:00:00Z,10.83000000,10.91000000,10.60000000,10.76000000,1338542.80000000
2026-01-30T16:00:00Z,10.76000000,11.00000000,10.51000000,10.79000000,1499779.39000000
2026-01-31T00:00:00Z,10.79000000,10.84000000,10.55000000,10.61000000,425494.47000000
2026-01-31T08:00:00Z,10.62000000,10.64000000,9.92000000,10.05000000,2433695.28000000
2026-01-31T16:00:00Z,10.05000000,10.18000000,8.97000000,9.99000000,6864319.22000000
2026-02-01T00:00:00Z,9.99000000,10.08000000,9.86000000,9.94000000,1103844.27000000
2026-02-01T08:00:00Z,9.94000000,10.03000000,9.41000000,9.54000000,1696963.14000000
2026-02-01T16:00:00Z,9.53000000,9.72000000,9.22000000,9.41000000,2634592.51000000
2026-02-02T00:00:00Z,9.40000000,9.64000000,9.02000000,9.40000000,3712360.66000000
2026-02-02T08:00:00Z,9.39000000,10.04000000,9.38000000,9.93000000,2319642.15000000
2026-02-02T16:00:00Z,9.93000000,10.00000000,9.70000000,9.81000000,1102762.98000000
2026-02-03T00:00:00Z,9.80000000,9.86000000,9.58000000,9.73000000,981331.48000000
2026-02-03T08:00:00Z,9.73000000,9.77000000,9.49000000,9.75000000,1497401.77000000
2026-02-03T16:00:00Z,9.75000000,9.90000000,9.08000000,9.49000000,3361552.78000000
2026-02-04T00:00:00Z,9.49000000,9.78000000,9.45000000,9.67000000,918154.42000000
2026-02-04T08:00:00Z,9.68000000,9.74000000,9.13000000,9.22000000,1857357.47000000
2026-02-04T16:00:00Z,9.22000000,9.47000000,9.02000000,9.25000000,2607191.33000000
2026-02-05T00:00:00Z,9.26000000,9.36000000,8.97000000,9.05000000,2017718.49000000
2026-02-05T08:00:00Z,9.06000000,9.27000000,8.30000000,8.46000000,4132920.53000000
2026-02-05T16:00:00Z,8.47000000,8.67000000,7.85000000,7.92000000,6397545.41000000
2026-02-06T00:00:00Z,7.92000000,8.37000000,7.15000000,8.08000000,5992720.23000000
2026-02-06T08:00:00Z,8.09000000,8.64000000,7.98000000,8.58000000,2872621.50000000
2026-02-06T16:00:00Z,8.58000000,9.01000000,8.55000000,8.88000000,2863616.57000000
2026-02-07T00:00:00Z,8.88000000,9.05000000,8.59000000,8.69000000,1756714.49000000
2026-02-07T08:00:00Z,8.69000000,8.94000000,8.58000000,8.83000000,1114917.98000000
2026-02-07T16:00:00Z,8.83000000,9.04000000,8.78000000,8.91000000,3767476.03000000
2026-02-08T00:00:00Z,8.91000000,8.97000000,8.78000000,8.84000000,503173.02000000
2026-02-08T08:00:00Z,8.83000000,9.05000000,8.80000000,8.88000000,1186369.46000000
2026-02-08T16:00:00Z,8.88000000,9.02000000,8.72000000,8.83000000,846852.74000000
2026-02-09T00:00:00Z,8.83000000,8.90000000,8.72000000,8.74000000,741181.20000000
2026-02-09T08:00:00Z,8.73000000,8.76000000,8.44000000,8.76000000,1161751.38000000
2026-02-09T16:00:00Z,8.76000000,9.02000000,8.66000000,8.83000000,908047.84000000
2026-02-10T00:00:00Z,8.84000000,8.89000000,8.48000000,8.55000000,843999.38000000
2026-02-10T08:00:00Z,8.55000000,8.67000000,8.47000000,8.57000000,987745.27000000
2026-02-10T16:00:00Z,8.57000000,8.65000000,8.47000000,8.57000000,591333.79000000
2026-02-11T00:00:00Z,8.57000000,8.62000000,8.27000000,8.32000000,925019.81000000
2026-02-11T08:00:00Z,8.32000000,8.57000000,8.13000000,8.24000000,1930969.10000000
2026-02-11T16:00:00Z,8.24000000,8.46000000,8.14000000,8.33000000,1157453.39000000
2026-02-12T00:00:00Z,8.32000000,8.52000000,8.32000000,8.45000000,530229.74000000
2026-02-12T08:00:00Z,8.46000000,8.60000000,8.35000000,8.36000000,721285.79000000
2026-02-12T16:00:00Z,8.36000000,8.43000000,8.17000000,8.41000000,1061380.34000000
2026-02-13T00:00:00Z,8.41000000,8.45000000,8.30000000,8.38000000,693426.46000000
2026-02-13T08:00:00Z,8.38000000,8.83000000,8.36000000,8.71000000,834566.11000000
2026-02-13T16:00:00Z,8.71000000,8.91000000,8.69000000,8.77000000,784798.80000000
2026-02-14T00:00:00Z,8.76000000,8.91000000,8.75000000,8.89000000,1089310.41000000
2026-02-14T08:00:00Z,8.89000000,9.05000000,8.88000000,9.03000000,862706.46000000
2026-02-14T16:00:00Z,9.04000000,9.21000000,8.97000000,9.09000000,879691.01000000
2026-02-15T00:00:00Z,9.10000000,9.25000000,8.93000000,9.20000000,972813.01000000
2026-02-15T08:00:00Z,9.21000000,9.25000000,8.77000000,8.87000000,1011935.51000000
2026-02-15T16:00:00Z,8.86000000,8.89000000,8.60000000,8.79000000,1088075.98000000
2026-02-16T00:00:00Z,8.79000000,8.86000000,8.66000000,8.76000000,623860.09000000
2026-02-16T08:00:00Z,8.77000000,8.99000000,8.65000000,8.71000000,766206.95000000
2026-02-16T16:00:00Z,8.71000000,8.97000000,8.71000000,8.94000000,507419.96000000
2026-02-17T00:00:00Z,8.93000000,9.00000000,8.79000000,8.87000000,454059.95000000
2026-02-17T08:00:00Z,8.86000000,8.91000000,8.66000000,8.78000000,697285.61000000
2026-02-17T16:00:00Z,8.78000000,8.95000000,8.69000000,8.82000000,670700.30000000
2026-02-18T00:00:00Z,8.83000000,8.94000000,8.74000000,8.92000000,336630.00000000
2026-02-18T08:00:00Z,8.92000000,9.00000000,8.66000000,8.81000000,754209.63000000
2026-02-18T16:00:00Z,8.81000000,8.81000000,8.52000000,8.60000000,709859.45000000
2026-02-19T00:00:00Z,8.60000000,8.76000000,8.57000000,8.70000000,324150.45000000
2026-02-19T08:00:00Z,8.70000000,8.70000000,8.37000000,8.44000000,900146.24000000
2026-02-19T16:00:00Z,8.44000000,8.58000000,8.35000000,8.58000000,486439.11000000
2026-02-20T00:00:00Z,8.58000000,8.68000000,8.52000000,8.66000000,383160.04000000
2026-02-20T08:00:00Z,8.65000000,8.84000000,8.45000000,8.83000000,1450133.83000000
2026-02-20T16:00:00Z,8.83000000,9.02000000,8.69000000,8.95000000,1291150.16000000
2026-02-21T00:00:00Z,8.95000000,8.99000000,8.85000000,8.87000000,547939.90000000
2026-02-21T08:00:00Z,8.86000000,9.05000000,8.86000000,8.94000000,846052.41000000
2026-02-21T16:00:00Z,8.94000000,9.00000000,8.85000000,8.87000000,510572.77000000
2026-02-22T00:00:00Z,8.87000000,8.90000000,8.79000000,8.85000000,403363.98000000
2026-02-22T08:00:00Z,8.86000000,8.87000000,8.68000000,8.72000000,558743.22000000
2026-02-22T16:00:00Z,8.72000000,8.72000000,8.60000000,8.69000000,348192.13000000
2026-02-23T00:00:00Z,8.69000000,8.70000000,8.17000000,8.35000000,2319918.48000000
2026-02-23T08:00:00Z,8.35000000,8.58000000,8.31000000,8.41000000,885028.96000000
2026-02-23T16:00:00Z,8.42000000,8.46000000,8.18000000,8.26000000,1102655.41000000
2026-02-24T00:00:00Z,8.27000000,8.34000000,8.11000000,8.16000000,1153131.53000000
2026-02-24T08:00:00Z,8.16000000,8.23000000,8.05000000,8.22000000,702324.60000000
2026-02-24T16:00:00Z,8.22000000,8.28000000,8.16000000,8.19000000,734561.30000000
2026-02-25T00:00:00Z,8.20000000,8.63000000,8.18000000,8.47000000,1297160.38000000
2026-02-25T08:00:00Z,8.48000000,9.33000000,8.43000000,9.27000000,2360412.87000000
2026-02-25T16:00:00Z,9.28000000,9.59000000,9.18000000,9.27000000,2025092.86000000
2026-02-26T00:00:00Z,9.27000000,9.34000000,9.15000000,9.20000000,1035139.69000000
2026-02-26T08:00:00Z,9.21000000,9.33000000,9.02000000,9.12000000,1257603.90000000
2026-02-26T16:00:00Z,9.12000000,9.15000000,8.86000000,9.09000000,1075943.43000000
2026-02-27T00:00:00Z,9.10000000,9.30000000,9.00000000,9.17000000,559261.77000000
2026-02-27T08:00:00Z,9.17000000,9.24000000,8.73000000,8.82000000,976316.56000000
2026-02-27T16:00:00Z,8.81000000,8.82000000,8.55000000,8.71000000,651154.48000000
2026-02-28T00:00:00Z,8.71000000,8.76000000,8.22000000,8.34000000,1271061.37000000
2026-02-28T08:00:00Z,8.35000000,8.54000000,8.21000000,8.44000000,1694608.11000000
2026-02-28T16:00:00Z,8.43000000,8.95000000,8.40000000,8.85000000,1607205.97000000
2026-03-01T00:00:00Z,8.85000000,9.21000000,8.74000000,8.97000000,1360866.12000000
2026-03-01T08:00:00Z,8.98000000,9.06000000,8.78000000,8.91000000,924162.10000000
2026-03-01T16:00:00Z,8.92000000,8.98000000,8.54000000,8.67000000,1272420.02000000
2026-03-02T00:00:00Z,8.67000000,8.89000000,8.61000000,8.67000000,737269.62000000
2026-03-02T08:00:00Z,8.68000000,9.18000000,8.59000000,9.11000000,1544859.49000000
2026-03-02T16:00:00Z,9.11000000,9.27000000,8.92000000,8.96000000,1333117.35000000
2026-03-03T00:00:00Z,8.95000000,9.02000000,8.77000000,8.80000000,760636.15000000
2026-03-03T08:00:00Z,8.79000000,8.81000000,8.56000000,8.75000000,938256.86000000
2026-03-03T16:00:00Z,8.75000000,8.93000000,8.68000000,8.80000000,745637.22000000
2026-03-04T00:00:00Z,8.81000000,8.93000000,8.68000000,8.91000000,943512.29000000
2026-03-04T08:00:00Z,8.91000000,9.51000000,8.89000000,9.50000000,2055066.89000000
2026-03-04T16:00:00Z,9.50000000,9.64000000,9.30000000,9.35000000,1235646.82000000
2026-03-05T00:00:00Z,9.35000000,9.40000000,9.18000000,9.22000000,1056740.34000000
2026-03-05T08:00:00Z,9.22000000,9.49000000,9.17000000,9.24000000,1421384.75000000
2026-03-05T16:00:00Z,9.23000000,9.33000000,9.07000000,9.21000000,932965.87000000
2026-03-06T00:00:00Z,9.20000000,9.30000000,9.15000000,9.28000000,509023.64000000
2026-03-06T08:00:00Z,9.28000000,9.28000000,8.74000000,8.79000000,996448.51000000
2026-03-06T16:00:00Z,8.79000000,8.83000000,8.67000000,8.80000000,714829.79000000
2026-03-07T00:00:00Z,8.80000000,8.86000000,8.73000000,8.81000000,317556.09000000
2026-03-07T08:00:00Z,8.80000000,8.83000000,8.73000000,8.76000000,455968.08000000
2026-03-07T16:00:00Z,8.76000000,8.81000000,8.64000000,8.70000000,409791.00000000
2026-03-08T00:00:00Z,8.70000000,8.72000000,8.53000000,8.64000000,562204.39000000
2026-03-08T08:00:00Z,8.63000000,8.78000000,8.54000000,8.56000000,744513.25000000
2026-03-08T16:00:00Z,8.56000000,8.70000000,8.40000000,8.52000000,923945.32000000
2026-03-09T00:00:00Z,8.51000000,8.87000000,8.51000000,8.74000000,1100498.65000000
2026-03-09T08:00:00Z,8.75000000,8.97000000,8.71000000,8.93000000,1240241.80000000
2026-03-09T16:00:00Z,8.93000000,9.10000000,8.85000000,8.87000000,887239.15000000
2026-03-10T00:00:00Z,8.87000000,9.09000000,8.85000000,9.08000000,799943.41000000
2026-03-10T08:00:00Z,9.08000000,9.19000000,8.85000000,9.14000000,1319624.15000000
2026-03-10T16:00:00Z,9.13000000,9.18000000,8.90000000,8.99000000,1039070.57000000
2026-03-11T00:00:00Z,8.98000000,9.04000000,8.86000000,8.88000000,785246.75000000
2026-03-11T08:00:00Z,8.89000000,9.18000000,8.87000000,9.00000000,1152963.98000000
2026-03-11T16:00:00Z,9.00000000,9.16000000,8.97000000,8.99000000,932772.25000000
2026-03-12T00:00:00Z,8.99000000,9.02000000,8.83000000,8.95000000,646952.85000000
2026-03-12T08:00:00Z,8.95000000,9.11000000,8.89000000,9.04000000,1209299.12000000
2026-03-12T16:00:00Z,9.03000000,9.09000000,8.96000000,9.05000000,762252.73000000
2026-03-13T00:00:00Z,9.06000000,9.40000000,9.03000000,9.19000000,1581516.51000000
2026-03-13T08:00:00Z,9.19000000,9.60000000,9.16000000,9.26000000,1951041.10000000
2026-03-13T16:00:00Z,9.26000000,9.33000000,9.02000000,9.08000000,1127685.27000000
2026-03-14T00:00:00Z,9.08000000,9.14000000,8.96000000,8.98000000,802142.45000000
2026-03-14T08:00:00Z,8.97000000,9.02000000,8.92000000,9.01000000,601254.61000000
2026-03-14T16:00:00Z,9.01000000,9.18000000,8.98000000,9.17000000,473385.26000000
2026-03-15T00:00:00Z,9.17000000,9.27000000,9.11000000,9.22000000,817671.34000000
2026-03-15T08:00:00Z,9.22000000,9.32000000,9.13000000,9.15000000,722745.90000000
2026-03-15T16:00:00Z,9.15000000,9.56000000,9.12000000,9.50000000,1488292.68000000
2026-03-16T00:00:00Z,9.50000000,9.83000000,9.41000000,9.69000000,3055120.56000000
2026-03-16T08:00:00Z,9.69000000,9.83000000,9.56000000,9.72000000,1890205.78000000
2026-03-16T16:00:00Z,9.72000000,10.08000000,9.71000000,9.92000000,1728720.13000000
2026-03-17T00:00:00Z,9.92000000,10.03000000,9.68000000,9.79000000,1530067.17000000
2026-03-17T08:00:00Z,9.79000000,9.95000000,9.71000000,9.81000000,1374713.36000000
2026-03-17T16:00:00Z,9.81000000,9.92000000,9.76000000,9.79000000,916917.21000000
2026-03-18T00:00:00Z,9.79000000,9.93000000,9.75000000,9.82000000,585230.87000000
2026-03-18T08:00:00Z,9.82000000,9.90000000,9.12000000,9.21000000,1783013.42000000
2026-03-18T16:00:00Z,9.20000000,9.31000000,9.08000000,9.22000000,1133223.87000000
2026-03-19T00:00:00Z,9.23000000,9.34000000,9.03000000,9.10000000,1054650.93000000
2026-03-19T08:00:00Z,9.10000000,9.17000000,8.89000000,8.97000000,1547548.99000000
2026-03-19T16:00:00Z,8.97000000,9.10000000,8.89000000,9.04000000,1160369.87000000
2026-03-20T00:00:00Z,9.05000000,9.16000000,9.02000000,9.12000000,883556.93000000
2026-03-20T08:00:00Z,9.12000000,9.21000000,8.97000000,9.03000000,1129003.81000000
2026-03-20T16:00:00Z,9.03000000,9.17000000,8.96000000,9.12000000,813139.14000000
2026-03-21T00:00:00Z,9.11000000,9.17000000,9.10000000,9.13000000,523617.88000000
2026-03-21T08:00:00Z,9.12000000,9.17000000,9.05000000,9.11000000,264269.69000000
2026-03-21T16:00:00Z,9.11000000,9.11000000,8.76000000,8.82000000,753133.41000000
2026-03-22T00:00:00Z,8.82000000,8.97000000,8.67000000,8.84000000,1255904.30000000
2026-03-22T08:00:00Z,8.84000000,8.86000000,8.74000000,8.79000000,856112.89000000
2026-03-22T16:00:00Z,8.79000000,8.81000000,8.57000000,8.68000000,1000394.26000000
2026-03-23T00:00:00Z,8.69000000,8.79000000,8.58000000,8.65000000,1065911.18000000
2026-03-23T08:00:00Z,8.65000000,9.29000000,8.58000000,9.05000000,3601929.74000000
2026-03-23T16:00:00Z,9.05000000,9.22000000,8.99000000,9.11000000,1467855.28000000
2026-03-24T00:00:00Z,9.10000000,9.26000000,9.01000000,9.24000000,1304401.30000000
2026-03-24T08:00:00Z,9.24000000,9.26000000,9.04000000,9.11000000,1243273.86000000
2026-03-24T16:00:00Z,9.12000000,9.27000000,9.01000000,9.25000000,1011133.31000000
2026-03-25T00:00:00Z,9.25000000,9.36000000,9.17000000,9.28000000,929988.71000000
2026-03-25T08:00:00Z,9.29000000,9.50000000,9.29000000,9.37000000,1192630.09000000
2026-03-25T16:00:00Z,9.36000000,9.47000000,9.27000000,9.37000000,823099.94000000
2026-03-26T00:00:00Z,9.37000000,9.39000000,9.06000000,9.10000000,753925.07000000
2026-03-26T08:00:00Z,9.11000000,9.11000000,8.85000000,8.94000000,1152662.97000000
2026-03-26T16:00:00Z,8.94000000,8.98000000,8.81000000,8.91000000,1143552.17000000
2026-03-27T00:00:00Z,8.92000000,8.98000000,8.84000000,8.90000000,779445.72000000
2026-03-27T08:00:00Z,8.90000000,8.93000000,8.52000000,8.61000000,1425962.63000000
2026-03-27T16:00:00Z,8.61000000,8.64000000,8.48000000,8.57000000,859795.29000000
2026-03-28T00:00:00Z,8.57000000,8.61000000,8.50000000,8.60000000,427518.25000000
2026-03-28T08:00:00Z,8.61000000,8.70000000,8.48000000,8.64000000,760438.53000000
2026-03-28T16:00:00Z,8.64000000,8.66000000,8.37000000,8.44000000,912745.98000000
2026-03-29T00:00:00Z,8.43000000,8.59000000,8.41000000,8.52000000,425915.23000000
2026-03-29T08:00:00Z,8.52000000,8.54000000,8.39000000,8.43000000,417656.80000000
2026-03-29T16:00:00Z,8.43000000,8.49000000,8.20000000,8.42000000,661474.91000000
2026-03-30T00:00:00Z,8.42000000,8.76000000,8.40000000,8.75000000,953209.86000000
2026-03-30T08:00:00Z,8.75000000,8.93000000,8.72000000,8.83000000,1162022.03000000
2026-03-30T16:00:00Z,8.83000000,8.85000000,8.57000000,8.62000000,864077.22000000
2026-03-31T00:00:00Z,8.63000000,8.86000000,8.59000000,8.71000000,596378.80000000
2026-03-31T08:00:00Z,8.71000000,8.81000000,8.50000000,8.63000000,1011529.57000000
2026-03-31T16:00:00Z,8.63000000,8.89000000,8.63000000,8.78000000,911193.13000000
2026-04-01T00:00:00Z,8.78000000,9.20000000,8.74000000,9.06000000,1014815.22000000
2026-04-01T08:00:00Z,9.06000000,9.11000000,8.92000000,9.01000000,1153932.38000000
2026-04-01T16:00:00Z,9.00000000,9.14000000,8.92000000,8.94000000,952588.35000000
2026-04-02T00:00:00Z,8.94000000,9.01000000,8.50000000,8.56000000,1492272.40000000
2026-04-02T08:00:00Z,8.56000000,8.64000000,8.42000000,8.56000000,1144843.08000000
2026-04-02T16:00:00Z,8.57000000,8.66000000,8.52000000,8.63000000,683976.19000000
2026-04-03T00:00:00Z,8.63000000,8.77000000,8.59000000,8.72000000,464054.35000000
2026-04-03T08:00:00Z,8.72000000,8.81000000,8.65000000,8.69000000,420070.14000000
2026-04-03T16:00:00Z,8.70000000,8.73000000,8.64000000,8.65000000,350588.76000000
2026-04-04T00:00:00Z,8.65000000,8.69000000,8.62000000,8.66000000,220971.46000000
2026-04-04T08:00:00Z,8.66000000,8.71000000,8.61000000,8.69000000,256710.95000000
2026-04-04T16:00:00Z,8.69000000,8.78000000,8.66000000,8.69000000,288601.62000000
2026-04-05T00:00:00Z,8.70000000,8.70000000,8.51000000,8.54000000,347251.28000000
2026-04-05T08:00:00Z,8.53000000,8.68000000,8.47000000,8.60000000,401911.70000000
2026-04-05T16:00:00Z,8.60000000,8.87000000,8.56000000,8.82000000,595329.43000000
2026-04-06T00:00:00Z,8.83000000,9.03000000,8.82000000,8.96000000,931401.79000000
2026-04-06T08:00:00Z,8.96000000,9.15000000,8.95000000,9.08000000,1009428.49000000
2026-04-06T16:00:00Z,9.08000000,9.11000000,8.72000000,8.81000000,741629.08000000
2026-04-07T00:00:00Z,8.80000000,8.85000000,8.72000000,8.77000000,546196.37000000
2026-04-07T08:00:00Z,8.77000000,8.90000000,8.57000000,8.62000000,1455978.17000000
2026-04-07T16:00:00Z,8.61000000,9.42000000,8.59000000,9.29000000,3124422.21000000
2026-04-08T00:00:00Z,9.29000000,9.34000000,9.17000000,9.26000000,1678496.37000000
2026-04-08T08:00:00Z,9.26000000,9.27000000,8.97000000,9.03000000,1139209.09000000
2026-04-08T16:00:00Z,9.03000000,9.12000000,8.84000000,8.85000000,872524.87000000
2026-04-09T00:00:00Z,8.85000000,8.86000000,8.68000000,8.75000000,1267934.93000000
2026-04-09T08:00:00Z,8.75000000,8.98000000,8.69000000,8.95000000,1251566.37000000
2026-04-09T16:00:00Z,8.95000000,9.19000000,8.86000000,8.95000000,1315779.40000000
2026-04-10T00:00:00Z,8.95000000,9.01000000,8.88000000,8.90000000,660298.79000000
2026-04-10T08:00:00Z,8.90000000,9.17000000,8.88000000,9.05000000,1073675.81000000
2026-04-10T16:00:00Z,9.06000000,9.18000000,9.04000000,9.09000000,599711.96000000
2026-04-11T00:00:00Z,9.09000000,9.12000000,8.97000000,9.01000000,379642.25000000
2026-04-11T08:00:00Z,9.01000000,9.06000000,8.95000000,9.03000000,382420.88000000
2026-04-11T16:00:00Z,9.03000000,9.28000000,9.02000000,9.06000000,984062.55000000
2026-04-12T00:00:00Z,9.06000000,9.09000000,8.75000000,8.79000000,1356931.99000000
2026-04-12T08:00:00Z,8.80000000,8.83000000,8.68000000,8.72000000,797738.44000000
2026-04-12T16:00:00Z,8.72000000,8.84000000,8.70000000,8.73000000,711847.25000000
2026-04-13T00:00:00Z,8.73000000,8.84000000,8.71000000,8.72000000,871462.62000000
2026-04-13T08:00:00Z,8.72000000,8.92000000,8.69000000,8.82000000,738975.95000000
2026-04-13T16:00:00Z,8.82000000,9.44000000,8.78000000,9.36000000,2171182.62000000
2026-04-14T00:00:00Z,9.36000000,9.39000000,9.14000000,9.21000000,1469078.36000000
2026-04-14T08:00:00Z,9.21000000,9.30000000,9.06000000,9.13000000,1253951.69000000
2026-04-14T16:00:00Z,9.13000000,9.18000000,8.93000000,9.02000000,886401.96000000
2026-04-15T00:00:00Z,9.02000000,9.12000000,8.99000000,9.01000000,609747.53000000
2026-04-15T08:00:00Z,9.01000000,9.25000000,9.00000000,9.17000000,850150.09000000
2026-04-15T16:00:00Z,9.16000000,9.37000000,9.15000000,9.26000000,874892.21000000
2026-04-16T00:00:00Z,9.26000000,9.37000000,9.21000000,9.29000000,844505.85000000
2026-04-16T08:00:00Z,9.30000000,9.47000000,9.11000000,9.46000000,1588526.12000000
2026-04-16T16:00:00Z,9.46000000,9.68000000,9.31000000,9.59000000,1649324.20000000
2026-04-17T00:00:00Z,9.60000000,9.62000000,9.34000000,9.47000000,731454.20000000
2026-04-17T08:00:00Z,9.47000000,9.87000000,9.46000000,9.76000000,1593629.90000000
2026-04-17T16:00:00Z,9.76000000,9.84000000,9.58000000,9.62000000,810247.59000000
2026-04-18T00:00:00Z,9.61000000,9.65000000,9.54000000,9.60000000,571112.85000000
2026-04-18T08:00:00Z,9.61000000,9.61000000,9.32000000,9.38000000,1500095.73000000
2026-04-18T16:00:00Z,9.39000000,9.42000000,9.26000000,9.28000000,518490.51000000
2026-04-19T00:00:00Z,9.29000000,9.30000000,9.10000000,9.17000000,1194045.98000000
2026-04-19T08:00:00Z,9.17000000,9.38000000,9.11000000,9.29000000,743400.21000000
2026-04-19T16:00:00Z,9.29000000,9.30000000,9.00000000,9.06000000,1025029.25000000
2026-04-20T00:00:00Z,9.06000000,9.36000000,9.05000000,9.24000000,706813.78000000
2026-04-20T08:00:00Z,9.25000000,9.32000000,9.14000000,9.27000000,1082176.80000000
2026-04-20T16:00:00Z,9.27000000,9.41000000,9.20000000,9.29000000,689142.62000000
2026-04-21T00:00:00Z,9.29000000,9.40000000,9.24000000,9.36000000,507325.95000000
2026-04-21T08:00:00Z,9.37000000,9.49000000,9.34000000,9.42000000,997834.54000000
2026-04-21T16:00:00Z,9.42000000,9.44000000,9.24000000,9.40000000,972136.17000000
2026-04-22T00:00:00Z,9.40000000,9.56000000,9.37000000,9.51000000,944406.35000000
2026-04-22T08:00:00Z,9.50000000,9.56000000,9.46000000,9.49000000,776812.64000000
2026-04-22T16:00:00Z,9.49000000,9.51000000,9.28000000,9.29000000,568090.76000000
2026-04-23T00:00:00Z,9.29000000,9.32000000,9.14000000,9.23000000,738715.51000000
2026-04-23T08:00:00Z,9.23000000,9.39000000,9.16000000,9.35000000,701974.56000000
2026-04-23T16:00:00Z,9.35000000,9.36000000,9.15000000,9.35000000,863431.97000000
2026-04-24T00:00:00Z,9.35000000,9.39000000,9.24000000,9.28000000,443912.87000000
2026-04-24T08:00:00Z,9.28000000,9.40000000,9.25000000,9.37000000,429764.75000000
2026-04-24T16:00:00Z,9.37000000,9.45000000,9.32000000,9.38000000,356630.55000000
2026-04-25T00:00:00Z,9.38000000,9.45000000,9.35000000,9.41000000,258561.49000000
2026-04-25T08:00:00Z,9.40000000,9.44000000,9.33000000,9.35000000,269478.79000000
2026-04-25T16:00:00Z,9.35000000,9.37000000,9.28000000,9.34000000,305122.32000000
2026-04-26T00:00:00Z,9.35000000,9.43000000,9.30000000,9.43000000,307982.94000000
2026-04-26T08:00:00Z,9.43000000,9.50000000,9.40000000,9.50000000,404565.75000000
2026-04-26T16:00:00Z,9.50000000,9.54000000,9.42000000,9.48000000,533900.11000000
2026-04-27T00:00:00Z,9.48000000,9.60000000,9.30000000,9.31000000,849323.16000000
2026-04-27T08:00:00Z,9.31000000,9.38000000,9.15000000,9.18000000,658887.88000000
2026-04-27T16:00:00Z,9.18000000,9.34000000,9.16000000,9.33000000,417887.39000000
2026-04-28T00:00:00Z,9.32000000,9.34000000,9.20000000,9.26000000,416850.10000000
2026-04-28T08:00:00Z,9.26000000,9.28000000,9.15000000,9.23000000,348276.30000000
2026-04-28T16:00:00Z,9.22000000,9.29000000,9.19000000,9.24000000,357795.00000000
2026-04-29T00:00:00Z,9.24000000,9.40000000,9.21000000,9.32000000,379071.15000000
2026-04-29T08:00:00Z,9.32000000,9.42000000,9.08000000,9.09000000,634251.62000000
2026-04-29T16:00:00Z,9.10000000,9.16000000,8.91000000,9.11000000,871743.99000000
2026-04-30T00:00:00Z,9.12000000,9.19000000,9.02000000,9.12000000,535158.77000000
2026-04-30T08:00:00Z,9.13000000,9.18000000,9.08000000,9.14000000,424132.35000000
2026-04-30T16:00:00Z,9.14000000,9.16000000,9.08000000,9.11000000,245492.11000000
2026-05-01T00:00:00Z,9.11000000,9.21000000,9.10000000,9.16000000,243971.18000000
2026-05-01T08:00:00Z,9.15000000,9.28000000,9.11000000,9.22000000,529836.49000000
2026-05-01T16:00:00Z,9.22000000,9.25000000,9.06000000,9.10000000,532350.36000000
2026-05-02T00:00:00Z,9.09000000,9.13000000,9.06000000,9.08000000,350641.91000000
2026-05-02T08:00:00Z,9.08000000,9.21000000,9.07000000,9.16000000,550659.20000000
2026-05-02T16:00:00Z,9.17000000,9.25000000,9.11000000,9.17000000,363133.92000000
2026-05-03T00:00:00Z,9.18000000,9.19000000,9.07000000,9.11000000,255965.50000000
2026-05-03T08:00:00Z,9.11000000,9.21000000,9.10000000,9.16000000,577811.62000000
2026-05-03T16:00:00Z,9.16000000,9.22000000,9.11000000,9.13000000,504371.57000000
2026-05-04T00:00:00Z,9.13000000,9.40000000,9.09000000,9.32000000,1107250.61000000
2026-05-04T08:00:00Z,9.32000000,9.66000000,9.29000000,9.42000000,3984439.49000000
2026-05-04T16:00:00Z,9.42000000,9.51000000,9.32000000,9.36000000,1041307.63000000
2026-05-05T00:00:00Z,9.35000000,9.64000000,9.35000000,9.60000000,963300.78000000
2026-05-05T08:00:00Z,9.61000000,9.82000000,9.51000000,9.73000000,1894336.23000000
2026-05-05T16:00:00Z,9.73000000,9.85000000,9.66000000,9.76000000,857997.05000000
2026-05-06T00:00:00Z,9.76000000,9.92000000,9.75000000,9.88000000,1118706.37000000
2026-05-06T08:00:00Z,9.87000000,10.26000000,9.86000000,10.04000000,2978470.09000000
2026-05-06T16:00:00Z,10.03000000,10.09000000,9.94000000,9.99000000,713640.48000000
2026-05-07T00:00:00Z,9.99000000,10.13000000,9.85000000,10.12000000,1058308.24000000
2026-05-07T08:00:00Z,10.11000000,10.12000000,9.80000000,9.86000000,1006778.45000000
2026-05-07T16:00:00Z,9.86000000,9.96000000,9.81000000,9.85000000,584218.70000000
2026-05-08T00:00:00Z,9.85000000,9.90000000,9.77000000,9.90000000,514840.94000000
2026-05-08T08:00:00Z,9.90000000,10.10000000,9.84000000,10.10000000,1320480.51000000
2026-05-08T16:00:00Z,10.10000000,10.50000000,10.03000000,10.34000000,2729460.46000000
2026-05-09T00:00:00Z,10.34000000,10.61000000,10.32000000,10.47000000,1421033.91000000
2026-05-09T08:00:00Z,10.46000000,10.51000000,10.28000000,10.34000000,554228.40000000
2026-05-09T16:00:00Z,10.33000000,10.46000000,10.30000000,10.37000000,432048.01000000
2026-05-10T00:00:00Z,10.38000000,10.46000000,10.28000000,10.42000000,427922.76000000
2026-05-10T08:00:00Z,10.42000000,10.63000000,10.41000000,10.63000000,716689.82000000
2026-05-10T16:00:00Z,10.63000000,10.87000000,10.43000000,10.72000000,1944427.77000000
2026-05-11T00:00:00Z,10.71000000,10.76000000,10.43000000,10.53000000,1151267.17000000
2026-05-11T08:00:00Z,10.53000000,10.65000000,10.40000000,10.58000000,1087828.04000000
2026-05-11T16:00:00Z,10.58000000,10.71000000,10.53000000,10.60000000,816885.89000000
2026-05-12T00:00:00Z,10.59000000,10.60000000,10.39000000,10.44000000,683892.17000000
2026-05-12T08:00:00Z,10.44000000,10.45000000,10.09000000,10.16000000,1928842.61000000
2026-05-12T16:00:00Z,10.16000000,10.36000000,10.12000000,10.28000000,628375.53000000
2026-05-13T00:00:00Z,10.29000000,10.59000000,10.27000000,10.58000000,1040580.91000000
2026-05-13T08:00:00Z,10.58000000,10.81000000,10.03000000,10.06000000,2720051.58000000
2026-05-13T16:00:00Z,10.07000000,10.25000000,10.06000000,10.21000000,759187.16000000
2026-05-14T00:00:00Z,10.21000000,10.33000000,10.09000000,10.23000000,937402.43000000
2026-05-14T08:00:00Z,10.23000000,10.67000000,10.18000000,10.63000000,2080146.58000000
2026-05-14T16:00:00Z,10.64000000,10.77000000,10.46000000,10.48000000,1547198.63000000
2026-05-15T00:00:00Z,10.48000000,10.57000000,10.21000000,10.38000000,1008609.83000000
2026-05-15T08:00:00Z,10.38000000,10.38000000,9.96000000,10.03000000,1323956.14000000
2026-05-15T16:00:00Z,10.03000000,10.14000000,10.00000000,10.07000000,388517.65000000
2026-05-16T00:00:00Z,10.07000000,10.10000000,9.73000000,9.83000000,679847.59000000
2026-05-16T08:00:00Z,9.83000000,9.84000000,9.61000000,9.71000000,1462339.10000000
2026-05-16T16:00:00Z,9.70000000,9.78000000,9.70000000,9.72000000,453346.23000000
2026-05-17T00:00:00Z,9.71000000,9.83000000,9.63000000,9.78000000,507380.67000000
2026-05-17T08:00:00Z,9.77000000,9.85000000,9.65000000,9.71000000,949928.81000000
2026-05-17T16:00:00Z,9.72000000,9.78000000,9.34000000,9.57000000,1108505.97000000
2026-05-18T00:00:00Z,9.57000000,9.59000000,9.42000000,9.48000000,909907.96000000
2026-05-18T08:00:00Z,9.48000000,9.61000000,9.34000000,9.42000000,1073800.46000000
2026-05-18T16:00:00Z,9.43000000,9.62000000,9.31000000,9.60000000,907634.77000000
2026-05-19T00:00:00Z,9.61000000,9.83000000,9.58000000,9.80000000,843515.42000000
2026-05-19T08:00:00Z,9.80000000,9.80000000,9.43000000,9.49000000,818243.31000000
2026-05-19T16:00:00Z,9.49000000,9.57000000,9.43000000,9.45000000,409499.24000000
2026-05-20T00:00:00Z,9.45000000,9.63200000,9.38000000,9.58000000,722139.77000000
2026-05-20T08:00:00Z,9.58000000,9.65500000,9.48300000,9.62900000,829164.10000000
2026-05-20T16:00:00Z,9.63000000,9.70200000,9.56100000,9.63600000,825325.64000000
2026-05-21T00:00:00Z,9.63500000,9.77700000,9.62400000,9.69400000,1081938.98000000
2026-05-21T08:00:00Z,9.69400000,9.76200000,9.52000000,9.64800000,723290.49000000
2026-05-21T16:00:00Z,9.64900000,9.85800000,9.61200000,9.75700000,722423.51000000
2026-05-22T00:00:00Z,9.75500000,9.86600000,9.71200000,9.82400000,568415.03000000
2026-05-22T08:00:00Z,9.82400000,10.03400000,9.73900000,9.81100000,1288533.14000000
2026-05-22T16:00:00Z,9.81000000,9.85900000,9.36300000,9.42000000,1363477.85000000
2026-05-23T00:00:00Z,9.42000000,9.44000000,9.05900000,9.13000000,999541.36000000
2026-05-23T08:00:00Z,9.12800000,9.36800000,9.09700000,9.31900000,922151.97000000
2026-05-23T16:00:00Z,9.31800000,9.78400000,9.28400000,9.56500000,1004517.93000000
2026-05-24T00:00:00Z,9.56600000,9.63100000,9.49500000,9.55900000,879645.54000000
2026-05-24T08:00:00Z,9.56000000,9.65100000,9.34400000,9.43100000,541690.45000000
2026-05-24T16:00:00Z,9.43100000,9.48700000,9.25000000,9.43100000,371464.34000000
2026-05-25T00:00:00Z,9.43100000,9.54700000,9.36800000,9.52100000,552852.30000000
2026-05-25T08:00:00Z,9.52200000,9.66400000,9.49600000,9.60200000,567737.20000000
2026-05-25T16:00:00Z,9.60300000,9.67200000,9.44700000,9.50600000,326020.34000000
2026-05-26T00:00:00Z,9.50600000,9.56400000,9.36000000,9.48200000,454722.91000000
2026-05-26T08:00:00Z,9.48300000,9.68600000,9.40500000,9.47500000,1087617.60000000
2026-05-26T16:00:00Z,9.47500000,9.47900000,9.34100000,9.38600000,631116.59000000
2026-05-27T00:00:00Z,9.38600000,9.47500000,9.28500000,9.44100000,426198.68000000
2026-05-27T08:00:00Z,9.44100000,9.48400000,9.27100000,9.43400000,1001423.76000000
2026-05-27T16:00:00Z,9.43500000,9.45600000,9.09900000,9.13600000,743111.19000000
2026-05-28T00:00:00Z,9.13500000,9.15300000,8.76200000,8.90400000,1329862.75000000
2026-05-28T08:00:00Z,8.90400000,8.96600000,8.79200000,8.89900000,1148281.07000000
2026-05-28T16:00:00Z,8.89800000,9.09100000,8.86400000,9.00400000,555053.87000000
2026-05-29T00:00:00Z,9.00400000,9.05000000,8.91000000,9.00200000,310817.09000000
2026-05-29T08:00:00Z,9.00200000,9.14600000,8.79500000,9.06800000,797981.95000000
2026-05-29T16:00:00Z,9.06900000,9.13300000,8.92300000,9.02200000,695563.11000000
2026-05-30T00:00:00Z,9.02200000,9.31500000,9.01900000,9.16300000,1080817.07000000
2026-05-30T08:00:00Z,9.16400000,9.24100000,9.11500000,9.20200000,343862.16000000
2026-05-30T16:00:00Z,9.20300000,9.28900000,9.16100000,9.19100000,385545.98000000
2026-05-31T00:00:00Z,9.19200000,9.30100000,9.17500000,9.20300000,481582.66000000
2026-05-31T08:00:00Z,9.20300000,9.27600000,9.06300000,9.09500000,542055.78000000
2026-05-31T16:00:00Z,9.09500000,9.22300000,8.99300000,9.14800000,465717.99000000
2026-06-01T00:00:00Z,9.15000000,9.21400000,8.95600000,8.96700000,711804.57000000
2026-06-01T08:00:00Z,8.96700000,9.05000000,8.84700000,8.91400000,901724.62000000
2026-06-01T16:00:00Z,8.91300000,9.11300000,8.86200000,9.05700000,728366.15000000
2026-06-02T00:00:00Z,9.05800000,9.07300000,8.79100000,8.84700000,918866.23000000
2026-06-02T08:00:00Z,8.84800000,8.87600000,8.48300000,8.56900000,1262670.28000000
2026-06-02T16:00:00Z,8.56900000,8.74200000,8.24600000,8.37400000,1363743.92000000
2026-06-03T00:00:00Z,8.37400000,8.56900000,8.17000000,8.54700000,1368037.50000000
2026-06-03T08:00:00Z,8.54700000,8.61600000,8.37500000,8.38000000,1042193.13000000
2026-06-03T16:00:00Z,8.38100000,8.46900000,8.10500000,8.33400000,1423407.52000000
2026-06-04T00:00:00Z,8.33400000,8.39900000,7.79900000,8.06900000,2791404.81000000
2026-06-04T08:00:00Z,8.06900000,8.13200000,7.80700000,8.04700000,2454523.10000000
2026-06-04T16:00:00Z,8.04800000,8.13600000,7.88700000,8.01800000,1380967.80000000
2026-06-05T00:00:00Z,8.01700000,8.04100000,7.33800000,7.62900000,2549481.30000000
2026-06-05T08:00:00Z,7.62900000,7.68000000,7.24200000,7.29300000,2590108.82000000
2026-06-05T16:00:00Z,7.29300000,7.54600000,7.11900000,7.36600000,3030160.73000000
2026-06-06T00:00:00Z,7.36700000,7.45500000,6.99600000,7.39600000,1897286.02000000
2026-06-06T08:00:00Z,7.39700000,7.46900000,7.19600000,7.38200000,1445929.40000000
2026-06-06T16:00:00Z,7.38100000,7.41800000,7.28600000,7.39400000,817006.45000000
2026-06-07T00:00:00Z,7.39500000,7.72700000,7.37300000,7.71700000,1151521.51000000
2026-06-07T08:00:00Z,7.71600000,7.84900000,7.61400000,7.72800000,919141.54000000
2026-06-07T16:00:00Z,7.72900000,8.03500000,7.55500000,7.91800000,1171522.37000000
2026-06-08T00:00:00Z,7.91800000,8.02000000,7.72200000,7.90800000,978320.67000000
2026-06-08T08:00:00Z,7.90800000,8.11200000,7.84200000,8.02600000,1025037.21000000
2026-06-08T16:00:00Z,8.02700000,8.12800000,7.96500000,7.99800000,744462.02000000
2026-06-09T00:00:00Z,7.99700000,8.02800000,7.79700000,7.93300000,861492.61000000
2026-06-09T08:00:00Z,7.93300000,7.95400000,7.71300000,7.72400000,955898.44000000
2026-06-09T16:00:00Z,7.72200000,7.93000000,7.65000000,7.83800000,699015.33000000
2026-06-10T00:00:00Z,7.83800000,7.87600000,7.65700000,7.78000000,396058.32000000
2026-06-10T08:00:00Z,7.78100000,7.90100000,7.61200000,7.80800000,962962.04000000
2026-06-10T16:00:00Z,7.80800000,7.82500000,7.48100000,7.56100000,762118.48000000
2026-06-11T00:00:00Z,7.56000000,7.83300000,7.56000000,7.77200000,637087.97000000
2026-06-11T08:00:00Z,7.77200000,7.88100000,7.71300000,7.75800000,670976.88000000
2026-06-11T16:00:00Z,7.75900000,7.98800000,7.68800000,7.88700000,681317.86000000
2026-06-12T00:00:00Z,7.88800000,7.93500000,7.75300000,7.81300000,288946.27000000
2026-06-12T08:00:00Z,7.81300000,8.01100000,7.78400000,7.81700000,638467.53000000
2026-06-12T16:00:00Z,7.81700000,7.92200000,7.79800000,7.86700000,349866.49000000
2026-06-13T00:00:00Z,7.86700000,7.97100000,7.85800000,7.96400000,314889.37000000
2026-06-13T08:00:00Z,7.96400000,8.04400000,7.94500000,8.02600000,336385.81000000
2026-06-13T16:00:00Z,8.02700000,8.05000000,7.93800000,7.98700000,449732.45000000
2026-06-14T00:00:00Z,7.98700000,8.00900000,7.88600000,7.90700000,330073.58000000
2026-06-14T08:00:00Z,7.90700000,7.95100000,7.79400000,7.84100000,286864.44000000
2026-06-14T16:00:00Z,7.84100000,8.18400000,7.78300000,8.18100000,664711.80000000
2026-06-15T00:00:00Z,8.18100000,8.23100000,8.10500000,8.18300000,555377.89000000
2026-06-15T08:00:00Z,8.18400000,8.60000000,8.16300000,8.56100000,1418503.59000000
2026-06-15T16:00:00Z,8.56100000,8.58600000,8.24900000,8.30000000,705399.45000000
2026-06-16T00:00:00Z,8.29900000,8.33800000,8.15100000,8.28500000,519622.63000000
2026-06-16T08:00:00Z,8.28500000,8.48400000,8.09400000,8.19700000,763150.73000000
2026-06-16T16:00:00Z,8.19800000,8.35100000,8.16400000,8.27700000,400942.88000000
2026-06-17T00:00:00Z,8.27700000,8.41800000,8.25500000,8.29300000,324119.02000000
2026-06-17T08:00:00Z,8.29300000,8.30000000,8.08400000,8.29300000,701670.69000000
2026-06-17T16:00:00Z,8.29200000,8.37100000,7.93700000,8.09200000,978043.41000000
2026-06-18T00:00:00Z,8.09300000,8.13700000,7.89000000,8.03100000,546926.35000000
2026-06-18T08:00:00Z,8.03200000,8.12800000,7.77200000,7.78800000,736502.68000000
2026-06-18T16:00:00Z,7.78700000,8.01900000,7.78000000,8.01600000,660853.06000000
2026-06-19T00:00:00Z,8.01500000,8.04400000,7.81100000,7.84700000,547555.43000000
2026-06-19T08:00:00Z,7.84800000,7.95300000,7.76400000,7.90600000,560883.87000000
2026-06-19T16:00:00Z,7.90700000,7.96600000,7.85000000,7.95000000,287226.43000000
2026-06-20T00:00:00Z,7.94900000,8.01700000,7.86400000,7.96300000,394464.38000000
2026-06-20T08:00:00Z,7.96400000,8.01000000,7.82400000,7.96800000,447345.36000000
2026-06-20T16:00:00Z,7.96900000,8.01500000,7.86600000,7.98700000,259143.64000000
2026-06-21T00:00:00Z,7.98900000,7.99400000,7.91800000,7.95000000,118275.33000000
2026-06-21T08:00:00Z,7.95000000,8.01100000,7.89800000,7.98800000,314425.95000000
2026-06-21T16:00:00Z,7.98700000,7.99400000,7.76900000,7.78300000,377999.43000000
2026-06-22T00:00:00Z,7.78400000,8.02300000,7.78200000,7.96500000,464417.13000000
2026-06-22T08:00:00Z,7.96600000,8.15500000,7.94800000,7.98700000,808169.35000000
2026-06-22T16:00:00Z,7.98800000,8.00000000,7.82100000,7.87400000,539380.78000000
2026-06-23T00:00:00Z,7.87300000,7.91600000,7.63300000,7.66100000,570542.72000000
2026-06-23T08:00:00Z,7.66200000,7.69400000,7.47900000,7.62300000,1192425.82000000
2026-06-23T16:00:00Z,7.62300000,7.66800000,7.54700000,7.63500000,374806.74000000
2026-06-24T00:00:00Z,7.63600000,7.67200000,7.53300000,7.60700000,655916.10000000
2026-06-24T08:00:00Z,7.60800000,7.70000000,7.36500000,7.36800000,1084411.20000000
2026-06-24T16:00:00Z,7.36700000,7.48300000,7.12300000,7.42600000,1327739.79000000
2026-06-25T00:00:00Z,7.42700000,7.55300000,7.38200000,7.53700000,455526.91000000
2026-06-25T08:00:00Z,7.53700000,7.53700000,7.01000000,7.21600000,1409761.95000000
2026-06-25T16:00:00Z,7.21700000,7.30100000,7.13700000,7.24800000,581987.59000000
2026-06-26T00:00:00Z,7.24800000,7.34200000,7.01600000,7.32800000,766594.01000000
2026-06-26T08:00:00Z,7.32800000,7.36000000,7.05600000,7.33700000,909532.41000000
2026-06-26T16:00:00Z,7.33800000,7.40200000,7.28800000,7.35400000,561743.96000000
2026-06-27T00:00:00Z,7.35500000,7.41700000,7.32400000,7.38600000,299354.10000000
2026-06-27T08:00:00Z,7.38500000,7.47800000,7.33200000,7.45400000,302862.15000000
2026-06-27T16:00:00Z,7.45600000,7.46900000,7.24800000,7.29700000,291561.25000000
2026-06-28T00:00:00Z,7.29600000,7.31800000,7.22000000,7.30500000,249193.91000000
2026-06-28T08:00:00Z,7.30500000,7.35800000,7.23200000,7.31700000,562909.97000000
2026-06-28T16:00:00Z,7.31800000,7.32200000,7.16000000,7.26800000,390753.55000000
2026-06-29T00:00:00Z,7.26900000,7.36700000,7.17900000,7.32500000,601407.91000000
2026-06-29T08:00:00Z,7.32500000,7.41300000,7.20200000,7.32700000,962275.00000000
2026-06-29T16:00:00Z,7.32900000,7.50100000,7.28100000,7.38000000,763861.02000000
2026-06-30T00:00:00Z,7.37900000,7.39700000,7.26800000,7.30100000,914242.85000000
2026-06-30T08:00:00Z,7.30000000,7.30500000,7.12100000,7.15700000,794535.35000000
2026-06-30T16:00:00Z,7.15800000,7.23600000,7.12400000,7.20100000,341806.58000000
2026-07-01T00:00:00Z,7.20200000,7.33800000,7.07600000,7.20600000,642121.08000000
2026-07-01T08:00:00Z,7.20600000,7.46200000,7.17600000,7.41500000,942252.48000000
2026-07-01T16:00:00Z,7.41600000,7.53900000,7.34800000,7.35800000,598535.23000000
2026-07-02T00:00:00Z,7.35900000,7.54900000,7.30600000,7.45300000,835932.55000000
2026-07-02T08:00:00Z,7.45400000,7.94400000,7.44900000,7.78700000,1296455.04000000
2026-07-02T16:00:00Z,7.78700000,7.82100000,7.69400000,7.74700000,688435.88000000
2026-07-03T00:00:00Z,7.74700000,7.83500000,7.72100000,7.76700000,862198.10000000
2026-07-03T08:00:00Z,7.76800000,7.89600000,7.76400000,7.84700000,653332.04000000
2026-07-03T16:00:00Z,7.84800000,8.04000000,7.81500000,7.97500000,506820.34000000
2026-07-04T00:00:00Z,7.97500000,7.99200000,7.89300000,7.92400000,373796.47000000
2026-07-04T08:00:00Z,7.92300000,8.10200000,7.88300000,8.08800000,333484.56000000
2026-07-04T16:00:00Z,8.08800000,8.17600000,7.97400000,8.00600000,408706.25000000
2026-07-05T00:00:00Z,8.00600000,8.00900000,7.85000000,7.92500000,304226.25000000
2026-07-05T08:00:00Z,7.92600000,8.01000000,7.83300000,7.96600000,364542.24000000
2026-07-05T16:00:00Z,7.96500000,8.15100000,7.94100000,8.06300000,315288.17000000
2026-07-06T00:00:00Z,8.06300000,8.13300000,7.90600000,7.95300000,379864.24000000
2026-07-06T08:00:00Z,7.95200000,8.02600000,7.76000000,8.02100000,855645.73000000
2026-07-06T16:00:00Z,8.02200000,8.17200000,7.97400000,8.02100000,673687.67000000
2026-07-07T00:00:00Z,8.02200000,8.06800000,7.81400000,7.90800000,275581.02000000
2026-07-07T08:00:00Z,7.91000000,8.02400000,7.79600000,7.99900000,522520.14000000
2026-07-07T16:00:00Z,8.00000000,8.04900000,7.80300000,7.86100000,317370.65000000
2026-07-08T00:00:00Z,7.86100000,7.89700000,7.65000000,7.70300000,476331.81000000
2026-07-08T08:00:00Z,7.70300000,7.72300000,7.52200000,7.55300000,622583.51000000
2026-07-08T16:00:00Z,7.55300000,7.66300000,7.54500000,7.64100000,254861.88000000
2026-07-09T00:00:00Z,7.64100000,7.78500000,7.57000000,7.72900000,385971.83000000
2026-07-09T08:00:00Z,7.72900000,7.77500000,7.67700000,7.70300000,417238.17000000
2026-07-09T16:00:00Z,7.70300000,7.81100000,7.67400000,7.73500000,212648.81000000
2026-07-10T00:00:00Z,7.73300000,7.93700000,7.70900000,7.89900000,364263.16000000
2026-07-10T08:00:00Z,7.89900000,8.02000000,7.85400000,7.92400000,491198.08000000
2026-07-10T16:00:00Z,7.92500000,7.97300000,7.88800000,7.97000000,308429.27000000
2026-07-11T00:00:00Z,7.97000000,8.02100000,7.94000000,7.99300000,208742.45000000
2026-07-11T08:00:00Z,7.99200000,8.09200000,7.97300000,8.06300000,336414.79000000
2026-07-11T16:00:00Z,8.06300000,8.12000000,7.90800000,7.91500000,368333.81000000
2026-07-12T00:00:00Z,7.91400000,8.04900000,7.86100000,7.97600000,284583.22000000
2026-07-12T08:00:00Z,7.97500000,8.09800000,7.97200000,8.07000000,197410.35000000
2026-07-12T16:00:00Z,8.07100000,8.10300000,7.94700000,7.99700000,400724.00000000
2026-07-13T00:00:00Z,7.99600000,8.13600000,7.86900000,7.97800000,507547.33000000
2026-07-13T08:00:00Z,7.97900000,8.01500000,7.85300000,7.93800000,381392.53000000
2026-07-13T16:00:00Z,7.93700000,7.95500000,7.79500000,7.88900000,421971.33000000
2026-07-14T00:00:00Z,7.89000000,7.99300000,7.86600000,7.92400000,207455.11000000
2026-07-14T08:00:00Z,7.92400000,8.40600000,7.89800000,8.29900000,1094691.37000000
2026-07-14T16:00:00Z,8.30000000,8.35300000,8.20100000,8.34500000,530449.86000000
2026-07-15T00:00:00Z,8.34600000,8.41200000,8.26800000,8.33400000,391355.88000000
2026-07-15T08:00:00Z,8.33500000,8.63300000,8.32800000,8.55200000,1235118.00000000
2026-07-15T16:00:00Z,8.55400000,8.58000000,8.42400000,8.53900000,431215.36000000
2026-07-16T00:00:00Z,8.53800000,8.57000000,8.45100000,8.51700000,463058.69000000
2026-07-16T08:00:00Z,8.51700000,8.52200000,8.37300000,8.44400000,653071.88000000
2026-07-16T16:00:00Z,8.44400000,8.46100000,8.30400000,8.34100000,621560.53000000
2026-07-17T00:00:00Z,8.34200000,8.37000000,8.15400000,8.17200000,537739.55000000
2026-07-17T08:00:00Z,8.17200000,8.22500000,8.00600000,8.16800000,913807.97000000
2026-07-17T16:00:00Z,8.16800000,8.28600000,8.14400000,8.25400000,450683.67000000
2026-07-18T00:00:00Z,8.25600000,8.30000000,8.23700000,8.25200000,219597.02000000
2026-07-18T08:00:00Z,8.25100000,8.34000000,8.21100000,8.27400000,454214.80000000
2026-07-18T16:00:00Z,8.27500000,8.37800000,8.26100000,8.35000000,267082.50000000
2026-07-19T00:00:00Z,8.34900000,8.39300000,8.33000000,8.36900000,118705.47000000
2026-07-19T08:00:00Z,8.37000000,8.39200000,8.31900000,8.35800000,189797.96000000
2026-07-19T16:00:00Z,8.35800000,8.41200000,8.28700000,8.38500000,208374.71000000
2026-07-20T00:00:00Z,8.38500000,8.53600000,8.28900000,8.36000000,416607.89000000
2026-07-20T08:00:00Z,8.36000000,8.57100000,8.30300000,8.55500000,531341.33000000
2026-07-20T16:00:00Z,8.55500000,8.64600000,8.50600000,8.59300000,437828.80000000
2026-07-21T00:00:00Z,8.59200000,8.76000000,8.56700000,8.74000000,661557.75000000
2026-07-21T08:00:00Z,8.74000000,8.76100000,8.65000000,8.69200000,506312.79000000
2026-07-21T16:00:00Z,8.69200000,8.70300000,8.59500000,8.65900000,306312.20000000
2026-07-22T00:00:00Z,8.66000000,8.74700000,8.57500000,8.58300000,338508.13000000
2026-07-22T08:00:00Z,8.58400000,8.75700000,8.57500000,8.68900000,395670.37000000
2026-07-22T16:00:00Z,8.68900000,8.73600000,8.58500000,8.63000000,391810.98000000
2026-07-23T00:00:00Z,8.63100000,8.68300000,8.52600000,8.53600000,242306.49000000
2026-07-23T08:00:00Z,8.53500000,8.66100000,8.41400000,8.49700000,418909.36000000
2026-07-23T16:00:00Z,8.49700000,8.52700000,8.43300000,8.47100000,264577.44000000
2026-07-24T00:00:00Z,8.47100000,8.58000000,8.40000000,8.56300000,332494.47000000
2026-07-24T08:00:00Z,8.56300000,8.56400000,8.29200000,8.36900000,374224.72000000
2026-07-24T16:00:00Z,8.36900000,8.37300000,8.29800000,8.34100000,172790.83000000
2026-07-25T00:00:00Z,8.34200000,8.36400000,8.29200000,8.29900000,162209.39000000
2026-07-25T08:00:00Z,8.29800000,8.43200000,8.26700000,8.38800000,345866.64000000
2026-07-25T16:00:00Z,8.38800000,8.43800000,8.36100000,8.38400000,120811.94000000
2026-07-26T00:00:00Z,8.38500000,8.47900000,8.37900000,8.42300000,138837.50000000
2026-07-26T08:00:00Z,8.42400000,8.60000000,8.40400000,8.59600000,236825.14000000
2026-07-26T16:00:00Z,8.59800000,8.84300000,8.56100000,8.82500000,769839.05000000
2026-07-27T00:00:00Z,8.82600000,8.91600000,8.72300000,8.81100000,501057.03000000
2026-07-27T08:00:00Z,8.81200000,8.82500000,8.51100000,8.57700000,644246.72000000
2026-07-27T16:00:00Z,8.57600000,8.66100000,8.34800000,8.38200000,693446.63000000
2026-07-28T00:00:00Z,8.38200000,8.38500000,8.28000000,8.32000000,320225.65000000
2026-07-28T08:00:00Z,8.31900000,8.40200000,8.19200000,8.38200000,562775.28000000
2026-07-28T16:00:00Z,8.38200000,8.45400000,8.31000000,8.44600000,372198.57000000
2026-07-29T00:00:00Z,8.44700000,8.51200000,8.29200000,8.44000000,433703.03000000
2026-07-29T08:00:00Z,8.44100000,8.48100000,8.24800000,8.27600000,361598.80000000
2026-07-29T16:00:00Z,8.27700000,8.44400000,8.16200000,8.33500000,532590.50000000
2026-07-30T00:00:00Z,8.33400000,8.39900000,8.26300000,8.29100000,206198.17000000
2026-07-30T08:00:00Z,8.29200000,8.53400000,8.27800000,8.48500000,588171.17000000
2026-07-30T16:00:00Z,8.48500000,8.53000000,8.45100000,8.45100000,356545.11000000
2026-07-31T00:00:00Z,8.45200000,8.51700000,8.24300000,8.30000000,330503.33000000
2026-07-31T08:00:00Z,8.30000000,8.33200000,8.02100000,8.11300000,759645.89000000
2026-07-31T16:00:00Z,8.11300000,8.20500000,8.10000000,8.17100000,324808.07000000
2026-08-01T00:00:00Z,8.17300000,8.24700000,8.13200000,8.13800000,370750.65000000
2026-08-01T08:00:00Z,8.13900000,8.14400000,8.08300000,8.10200000,178108.83000000
2026-08-01T16:00:00Z,8.10200000,8.11300000,7.88800000,8.06800000,366152.32000000
2026-08-02T00:00:00Z,8.06900000,8.42100000,8.05700000,8.38000000,606441.85000000
2026-08-02T08:00:00Z,8.38000000,8.39300000,8.26600000,8.27700000,398484.10000000
2026-08-02T16:00:00Z,8.27600000,8.45500000,8.25100000,8.38400000,349401.11000000
2026-08-03T00:00:00Z,8.38400000,8.39400000,8.21500000,8.22000000,291723.30000000
2026-08-03T08:00:00Z,8.21900000,8.31900000,8.16200000,8.24800000,431551.26000000
2026-08-03T16:00:00Z,8.24900000,8.28800000,8.16700000,8.18800000,333224.76000000
2026-08-04T00:00:00Z,8.18800000,8.26400000,8.11800000,8.17500000,375150.89000000
2026-08-04T08:00:00Z,8.17400000,8.26800000,8.12600000,8.19600000,782263.00000000
2026-08-04T16:00:00Z,8.19800000,8.25200000,8.14300000,8.14900000,234765.58000000
2026-08-05T00:00:00Z,8.14900000,8.20300000,8.09400000,8.18700000,236711.48000000
2026-08-05T08:00:00Z,8.18800000,8.22800000,8.06900000,8.11400000,354689.32000000
2026-08-05T16:00:00Z,8.11200000,8.25800000,8.10900000,8.16200000,295536.45000000
2026-08-06T00:00:00Z,8.16200000,8.22900000,8.10000000,8.19100000,203605.36000000
2026-08-06T08:00:00Z,8.19000000,8.27300000,8.06800000,8.22400000,503244.87000000
2026-08-06T16:00:00Z,8.22400000,8.34300000,8.16300000,8.19600000,500218.00000000
2026-08-07T00:00:00Z,8.19600000,8.24700000,8.10600000,8.18800000,243765.52000000
2026-08-07T08:00:00Z,8.18800000,8.31200000,8.18800000,8.27900000,462433.25000000
2026-08-07T16:00:00Z,8.28000000,8.31800000,8.15400000,8.18900000,285006.99000000
2026-08-08T00:00:00Z,8.18900000,8.31500000,8.16600000,8.26200000,338231.64000000
2026-08-08T08:00:00Z,8.26400000,8.39900000,8.25500000,8.34300000,338404.96000000
2026-08-08T16:00:00Z,8.34300000,8.36600000,8.29400000,8.30600000,148136.73000000
2026-08-09T00:00:00Z,8.30600000,8.35300000,8.26200000,8.34200000,215462.19000000
2026-08-09T08:00:00Z,8.34100000,8.36700000,8.27900000,8.35400000,415854.18000000
2026-08-09T16:00:00Z,8.35500000,8.39200000,8.17300000,8.18700000,421272.45000000
2026-08-10T00:00:00Z,8.18600000,8.26200000,8.16500000,8.22300000,345794.99000000
2026-08-10T08:00:00Z,8.22300000,8.37200000,8.20100000,8.30300000,605610.26000000
2026-08-10T16:00:00Z,8.30300000,8.32200000,8.20800000,8.30000000,277885.50000000
2026-08-11T00:00:00Z,8.30100000,8.47700000,8.29100000,8.47600000,864376.47000000
2026-08-11T08:00:00Z,8.47800000,8.71500000,8.44500000,8.56400000,2004416.92000000
2026-08-11T16:00:00Z,8.56400000,8.81000000,8.53200000,8.77900000,827231.22000000
2026-08-12T00:00:00Z,8.77900000,8.82300000,8.68100000,8.75400000,609930.38000000
2026-08-12T08:00:00Z,8.75300000,8.89600000,8.69000000,8.78100000,1037061.71000000
2026-08-12T16:00:00Z,8.78100000,8.79200000,8.62400000,8.67400000,517367.48000000
2026-08-13T00:00:00Z,8.67300000,8.81600000,8.62100000,8.75500000,347356.84000000
2026-08-13T08:00:00Z,8.75500000,8.86600000,8.67700000,8.74600000,588611.65000000
2026-08-13T16:00:00Z,8.74500000,8.90400000,8.68000000,8.88700000,538397.03000000
2026-08-14T00:00:00Z,8.88700000,8.89100000,8.74800000,8.77100000,264768.26000000
2026-08-14T08:00:00Z,8.77100000,8.88700000,8.72600000,8.85800000,710364.15000000
2026-08-14T16:00:00Z,8.85800000,9.01700000,8.82900000,8.97000000,812428.77000000
2026-08-15T00:00:00Z,8.97100000,9.74600000,8.96800000,9.33800000,2346913.44000000
2026-08-15T08:00:00Z,9.33800000,9.53300000,9.22600000,9.51200000,1015471.69000000
2026-08-15T16:00:00Z,9.51200000,9.63300000,9.46200000,9.47000000,612646.03000000
2026-08-16T00:00:00Z,9.47000000,9.51200000,9.32000000,9.37900000,486397.11000000
2026-08-16T08:00:00Z,9.37800000,9.45900000,9.29600000,9.39300000,472683.57000000
2026-08-16T16:00:00Z,9.39300000,9.49300000,9.34800000,9.39000000,453141.69000000
2026-08-17T00:00:00Z,9.39000000,9.56800000,9.36100000,9.40900000,461464.04000000
2026-08-17T08:00:00Z,9.40900000,9.57400000,9.37000000,9.52100000,643683.54000000
2026-08-17T16:00:00Z,9.52200000,9.58500000,9.46400000,9.54300000,382174.52000000
2026-08-18T00:00:00Z,9.54300000,9.55300000,9.33000000,9.43400000,445888.87000000
2026-08-18T08:00:00Z,9.43400000,9.55900000,9.38300000,9.48000000,583286.42000000
2026-08-18T16:00:00Z,9.48000000,9.55900000,9.45200000,9.53800000,308031.02000000
2026-08-19T00:00:00Z,9.53900000,9.73200000,9.48700000,9.69900000,689356.46000000
2026-08-19T08:00:00Z,9.69800000,10.07700000,9.65800000,9.92200000,1765811.40000000
2026-08-19T16:00:00Z,9.92300000,10.89200000,9.84900000,10.55700000,3133086.87000000
2026-08-20T00:00:00Z,10.55700000,10.62900000,10.36500000,10.54800000,844450.75000000
2026-08-20T08:00:00Z,10.54800000,10.76800000,10.51900000,10.71400000,1331270.86000000
2026-08-20T16:00:00Z,10.71500000,10.87600000,10.50000000,10.69200000,1019880.54000000
2026-08-21T00:00:00Z,10.69300000,11.85700000,10.68700000,11.54100000,2610860.43000000
2026-08-21T08:00:00Z,11.54200000,11.75200000,11.22300000,11.52700000,2859507.44000000
2026-08-21T16:00:00Z,11.52700000,12.40000000,11.40500000,11.99000000,2409865.68000000
2026-08-22T00:00:00Z,11.99000000,12.62000000,10.93600000,11.74800000,3750375.95000000
2026-08-22T08:00:00Z,11.74900000,11.89700000,11.35000000,11.61000000,2332200.35000000
2026-08-22T16:00:00Z,11.61000000,11.81500000,11.45900000,11.64800000,1020783.80000000
2026-08-23T00:00:00Z,11.64800000,11.74500000,11.00000000,11.30100000,1928164.16000000
2026-08-23T08:00:00Z,11.30200000,11.65000000,11.24800000,11.46000000,1700291.43000000
2026-08-23T16:00:00Z,11.46100000,11.73400000,11.43600000,11.54300000,869876.47000000
2026-08-24T00:00:00Z,11.54300000,11.68000000,11.29100000,11.51600000,1042153.13000000
2026-08-24T08:00:00Z,11.51700000,11.80800000,11.36100000,11.57400000,1706675.81000000
2026-08-24T16:00:00Z,11.57400000,11.70300000,11.41900000,11.62900000,799863.34000000
2026-08-25T00:00:00Z,11.62900000,11.96400000,11.50000000,11.59000000,1396864.74000000
2026-08-25T08:00:00Z,11.59100000,11.69600000,11.36300000,11.58300000,1229788.09000000
2026-08-25T16:00:00Z,11.58300000,11.60500000,11.14100000,11.29100000,672088.91000000
2026-08-26T00:00:00Z,11.29200000,11.45700000,11.23500000,11.33500000,531039.33000000
2026-08-26T08:00:00Z,11.33500000,11.48900000,11.06600000,11.24000000,849173.03000000
2026-08-26T16:00:00Z,11.24000000,11.63200000,11.14000000,11.62400000,623917.96000000
2026-08-27T00:00:00Z,11.62300000,11.68300000,11.45000000,11.67400000,615624.41000000
2026-08-27T08:00:00Z,11.67400000,11.98000000,11.64800000,11.93200000,1560800.90000000
2026-08-27T16:00:00Z,11.93300000,11.98100000,11.75900000,11.91900000,729491.23000000
2026-08-28T00:00:00Z,11.91900000,12.05900000,11.66200000,11.70000000,856482.12000000
2026-08-28T08:00:00Z,11.70000000,11.88900000,11.54700000,11.56700000,928594.88000000
2026-08-28T16:00:00Z,11.56800000,11.58400000,11.25000000,11.43300000,789820.62000000
2026-08-29T00:00:00Z,11.43400000,11.47700000,11.29400000,11.32400000,266778.45000000
2026-08-29T08:00:00Z,11.32400000,11.49200000,11.28000000,11.38900000,473598.02000000
2026-08-29T16:00:00Z,11.38900000,11.52000000,11.36400000,11.45800000,502127.50000000
2026-08-30T00:00:00Z,11.45800000,11.46400000,11.33600000,11.39000000,265135.29000000
2026-08-30T08:00:00Z,11.38900000,11.63100000,11.33500000,11.56500000,513876.91000000
2026-08-30T16:00:00Z,11.56600000,11.80000000,10.99200000,11.14400000,889262.06000000
2026-08-31T00:00:00Z,11.14400000,11.32200000,11.01400000,11.27000000,692022.05000000
2026-08-31T08:00:00Z,11.27100000,11.41100000,11.15500000,11.38500000,1021559.71000000
2026-08-31T16:00:00Z,11.38600000,11.50200000,11.24200000,11.32500000,1219859.74000000
2026-09-01T00:00:00Z,11.32500000,11.52100000,11.29600000,11.47400000,1022476.54000000
2026-09-01T08:00:00Z,11.47500000,11.52400000,11.29700000,11.42900000,699931.97000000
2026-09-01T16:00:00Z,11.43000000,11.45000000,11.06200000,11.23400000,921716.57000000
2026-09-02T00:00:00Z,11.23500000,11.31300000,11.07500000,11.20700000,871821.51000000
2026-09-02T08:00:00Z,11.20800000,11.23100000,10.90800000,11.08700000,997985.67000000
2026-09-02T16:00:00Z,11.08800000,11.18400000,11.02300000,11.11900000,435616.82000000
2026-09-03T00:00:00Z,11.11900000,11.28000000,11.00100000,11.17900000,903661.36000000
2026-09-03T08:00:00Z,11.18000000,11.86400000,11.11500000,11.78200000,1169778.03000000
2026-09-03T16:00:00Z,11.78200000,11.96000000,11.62900000,11.83300000,920904.64000000
2026-09-04T00:00:00Z,11.83200000,12.00500000,11.75900000,11.92900000,623415.95000000
2026-09-04T08:00:00Z,11.93000000,12.16400000,11.46400000,11.65700000,1752101.20000000
2026-09-04T16:00:00Z,11.65600000,11.79000000,11.57900000,11.63200000,382053.78000000
2026-09-05T00:00:00Z,11.63300000,11.77700000,11.59200000,11.74200000,468888.29000000
2026-09-05T08:00:00Z,11.74100000,11.96200000,11.71500000,11.94700000,637909.96000000
2026-09-05T16:00:00Z,11.94800000,12.23700000,11.89500000,12.04900000,778921.40000000
2026-09-06T00:00:00Z,12.04800000,12.46200000,12.04100000,12.21100000,840141.70000000
2026-09-06T08:00:00Z,12.21000000,12.40200000,12.07300000,12.22000000,736805.23000000
2026-09-06T16:00:00Z,12.22000000,13.35600000,12.20000000,13.23300000,2555991.33000000
2026-09-07T00:00:00Z,13.23400000,13.68500000,12.94700000,13.19200000,1883842.49000000
2026-09-07T08:00:00Z,13.19300000,13.52800000,12.79900000,12.87200000,1410934.25000000
2026-09-07T16:00:00Z,12.87300000,12.96900000,12.60600000,12.74800000,935119.79000000
2026-09-08T00:00:00Z,12.74900000,12.80700000,12.56300000,12.68200000,717331.42000000
2026-09-08T08:00:00Z,12.68200000,12.79400000,12.29100000,12.69200000,950136.02000000
2026-09-08T16:00:00Z,12.69100000,12.79500000,12.44200000,12.51800000,533635.40000000
2026-09-09T00:00:00Z,12.51700000,12.69100000,12.37600000,12.48900000,626102.53000000
2026-09-09T08:00:00Z,12.48900000,12.51600000,11.82000000,12.00300000,2277592.15000000
2026-09-09T16:00:00Z,12.00200000,12.05800000,11.58400000,11.80400000,769424.58000000
2026-09-10T00:00:00Z,11.80500000,11.89500000,11.64600000,11.78300000,554185.47000000
2026-09-10T08:00:00Z,11.78300000,11.89300000,11.50000000,11.63600000,800631.03000000
2026-09-10T16:00:00Z,11.63700000,11.73400000,11.43300000,11.45400000,487953.57000000
2026-09-11T00:00:00Z,11.45300000,11.59800000,11.40000000,11.47800000,542199.91000000
2026-09-11T08:00:00Z,11.47800000,12.21700000,11.25300000,11.70900000,2154160.68000000
2026-09-11T16:00:00Z,11.70900000,11.83100000,11.46400000,11.55100000,896686.03000000
2026-09-12T00:00:00Z,11.55200000,11.57900000,11.45700000,11.56800000,289067.24000000
2026-09-12T08:00:00Z,11.56900000,11.62600000,11.51500000,11.59000000,303410.72000000
2026-09-12T16:00:00Z,11.59000000,11.60600000,11.45300000,11.50800000,202650.76000000
2026-09-13T00:00:00Z,11.50800000,11.57000000,11.42200000,11.43200000,189642.38000000
2026-09-13T08:00:00Z,11.43200000,11.44900000,11.19500000,11.26100000,421445.21000000
2026-09-13T16:00:00Z,11.26100000,11.50200000,11.15900000,11.20300000,541655.32000000
2026-09-14T00:00:00Z,11.20300000,11.47200000,11.12100000,11.41200000,414360.31000000
2026-09-14T08:00:00Z,11.41200000,11.48600000,11.25000000,11.46300000,629253.78000000
2026-09-14T16:00:00Z,11.46300000,11.96700000,11.44100000,11.51800000,818792.70000000
2026-09-15T00:00:00Z,11.51800000,11.63000000,11.32800000,11.34300000,420371.23000000
2026-09-15T08:00:00Z,11.34200000,11.50800000,11.04900000,11.27400000,619883.72000000
2026-09-15T16:00:00Z,11.27500000,11.40800000,10.80000000,10.88700000,1258239.93000000
2026-09-16T00:00:00Z,10.88800000,10.94000000,10.74200000,10.76000000,571711.32000000
2026-09-16T08:00:00Z,10.76000000,10.91200000,10.62700000,10.68000000,654414.60000000
2026-09-16T16:00:00Z,10.68100000,11.08000000,10.61700000,11.05700000,830391.91000000
2026-09-17T00:00:00Z,11.05800000,11.23900000,10.98400000,11.17900000,608980.87000000
2026-09-17T08:00:00Z,11.17900000,11.43200000,11.09900000,11.37800000,663290.52000000
2026-09-17T16:00:00Z,11.37800000,11.43200000,11.25600000,11.38700000,471838.85000000
2026-09-18T00:00:00Z,11.38600000,11.85900000,11.34200000,11.82800000,1144707.29000000
2026-09-18T08:00:00Z,11.82800000,12.24500000,11.72900000,12.15100000,1473166.07000000
2026-09-18T16:00:00Z,12.15200000,12.42300000,12.08700000,12.22600000,997970.48000000
2026-09-19T00:00:00Z,12.22600000,12.49000000,12.21300000,12.30000000,647470.08000000
2026-09-19T08:00:00Z,12.30100000,12.64200000,12.29100000,12.56900000,960708.27000000
2026-09-19T16:00:00Z,12.57000000,12.69500000,12.29300000,12.41800000,943540.70000000
2026-09-20T00:00:00Z,12.41800000,12.45300000,11.93300000,11.97400000,858685.74000000
2026-09-20T08:00:00Z,11.97500000,12.38500000,11.90100000,12.37700000,647378.29000000
2026-09-20T16:00:00Z,12.37700000,12.61000000,12.31300000,12.52100000,1022715.87000000
2026-09-21T00:00:00Z,12.52000000,12.80900000,12.45500000,12.56000000,1133866.78000000
2026-09-21T08:00:00Z,12.55800000,13.17200000,12.55500000,13.02400000,2226158.61000000
2026-09-21T16:00:00Z,13.02300000,13.28400000,12.75200000,13.18300000,1323384.84000000
2026-09-22T00:00:00Z,13.18200000,13.24000000,12.80500000,12.89900000,928881.83000000
2026-09-22T08:00:00Z,12.90000000,13.29000000,12.75400000,13.04000000,1488211.53000000
2026-09-22T16:00:00Z,13.04000000,13.13000000,12.83100000,13.04600000,849053.79000000
2026-09-23T00:00:00Z,13.04700000,13.22000000,12.90400000,12.93200000,934331.54000000
2026-09-23T08:00:00Z,12.93300000,13.02300000,12.10900000,12.18700000,2662348.11000000
2026-09-23T16:00:00Z,12.18600000,12.38400000,12.05500000,12.35500000,699317.02000000
2026-09-24T00:00:00Z,12.35600000,12.49800000,12.17400000,12.48200000,436132.79000000
2026-09-24T08:00:00Z,12.48100000,12.79100000,12.09400000,12.78800000,1201813.89000000
2026-09-24T16:00:00Z,12.78900000,13.53400000,12.69000000,13.22100000,2019623.87000000
2026-09-25T00:00:00Z,13.22000000,13.55900000,13.19500000,13.49900000,1270607.89000000
2026-09-25T08:00:00Z,13.50000000,14.21900000,13.48400000,13.83400000,3708318.08000000
2026-09-25T16:00:00Z,13.83400000,13.95900000,13.66500000,13.93000000,980603.10000000
2026-09-26T00:00:00Z,13.92900000,14.19700000,13.86700000,14.08500000,907742.72000000
2026-09-26T08:00:00Z,14.08400000,14.50000000,13.93700000,14.24600000,1466105.34000000
2026-09-26T16:00:00Z,14.24700000,14.43400000,13.88100000,14.14600000,774170.32000000
2026-09-27T00:00:00Z,14.14600000,14.48800000,13.99600000,14.44300000,684056.37000000
2026-09-27T08:00:00Z,14.44300000,14.44700000,13.96600000,14.11500000,748690.99000000
2026-09-27T16:00:00Z,14.11600000,14.18600000,13.90500000,14.02400000,607079.99000000
2026-09-28T00:00:00Z,14.02400000,14.17500000,13.64200000,13.67400000,1362979.81000000
2026-09-28T08:00:00Z,13.67300000,15.01500000,13.47600000,14.43200000,3743170.12000000
2026-09-28T16:00:00Z,14.43100000,15.53400000,14.38900000,15.45200000,3525504.78000000
2026-09-29T00:00:00Z,15.45100000,15.77700000,14.63100000,15.20500000,2732080.77000000
2026-09-29T08:00:00Z,15.20600000,15.61400000,14.71400000,14.79800000,1714588.93000000
2026-09-29T16:00:00Z,14.79800000,14.88900000,14.48400000,14.60700000,1048542.22000000
2026-09-30T00:00:00Z,14.60700000,14.61500000,14.26000000,14.30300000,927823.13000000
2026-09-30T08:00:00Z,14.30300000,14.81400000,14.05100000,14.24800000,2329906.09000000
2026-09-30T16:00:00Z,14.24900000,14.49200000,14.20900000,14.36600000,792636.90000000
